Num_Acc,date,time_of_day,lat,long,dep,com,lum,atm,col,severity_index,catr,catr_label,vma,surf
202400000001,2024-03-25,matin,,,70,70285,2,5,1,3,3,Départementale,90.0,1
202400000002,2024-03-20,après-midi,,,21,21054,1,7,6,3,4,Voie communale,30.0,9
202400000003,2024-03-22,soirée,,,15,15012,2,1,6,4,4,Voie communale,50.0,1
202400000004,2024-03-24,après-midi,,,14,14118,1,7,3,4,4,Voie communale,50.0,1
202400000005,2024-03-25,soirée,,,13,13106,5,2,5,4,1,Autoroute,50.0,2
202400000006,2024-03-25,nuit,,,13,13215,5,1,3,4,4,Voie communale,50.0,1
202400000007,2024-03-24,nuit,,,13,13201,5,1,3,3,6,Autre,50.0,1
202400000008,2024-03-24,après-midi,,,07,07281,1,1,2,4,4,Voie communale,50.0,1
202400000009,2024-03-24,nuit,,,07,07281,3,1,6,4,4,Voie communale,50.0,1
202400000010,2024-03-25,soirée,,,06,06088,5,1,7,3,4,Voie communale,50.0,1
202400000011,2024-03-24,soirée,,,75,75112,2,1,2,4,4,Voie communale,70.0,1
202400000012,2024-03-24,nuit,,,75,75117,3,1,7,4,4,Voie communale,70.0,8
202400000013,2024-03-25,après-midi,,,75,75119,1,1,6,4,4,Voie communale,30.0,1
202400000014,2024-03-25,après-midi,,,75,75119,1,1,3,4,4,Voie communale,30.0,1
202400000015,2024-03-25,matin,,,75,75119,1,1,1,4,4,Voie communale,20.0,1
202400000016,2024-03-25,après-midi,,,75,75118,1,1,3,4,4,Voie communale,30.0,1
202400000017,2024-03-25,matin,,,75,75117,1,1,6,4,4,Voie communale,30.0,1
202400000018,2024-03-25,matin,,,75,75115,1,1,3,4,4,Voie communale,50.0,1
202400000019,2024-03-24,après-midi,,,75,75102,1,1,6,4,4,Voie communale,30.0,2
202400000020,2024-03-25,soirée,,,94,94003,5,1,1,4,3,Départementale,50.0,1
202400000021,2024-03-25,après-midi,,,94,94022,1,1,6,4,3,Départementale,,1
202400000022,2024-09-19,après-midi,,,51,51525,1,1,6,4,3,Départementale,80.0,1
202400000023,2024-09-18,soirée,,,51,51108,1,1,3,4,4,Voie communale,50.0,1
202400000024,2024-09-19,nuit,,,47,47001,3,1,6,3,4,Voie communale,50.0,1
202400000025,2024-09-19,soirée,,,45,45285,1,1,4,4,3,Départementale,70.0,1
202400000026,2024-09-19,après-midi,,,45,45234,1,1,6,4,4,Voie communale,25.0,1
202400000027,2024-09-19,après-midi,,,44,44109,1,1,6,4,4,Voie communale,50.0,1
202400000028,2024-09-19,matin,,,44,44162,1,7,6,4,4,Voie communale,30.0,1
202400000029,2024-09-19,après-midi,,,42,42330,1,1,6,3,4,Voie communale,50.0,1
202400000030,2024-09-18,matin,,,37,37261,1,1,3,4,4,Voie communale,50.0,1
202400000031,2024-09-19,soirée,,,35,35238,5,1,3,4,4,Voie communale,30.0,1
202400000032,2024-09-19,matin,,,34,34301,1,1,2,4,4,Voie communale,50.0,1
202400000033,2024-09-19,matin,,,34,34172,1,1,6,4,4,Voie communale,50.0,1
202400000034,2024-09-19,soirée,,,33,33063,5,1,6,4,4,Voie communale,50.0,1
202400000035,2024-09-19,après-midi,,,33,33039,1,1,3,4,4,Voie communale,50.0,1
202400000036,2024-09-18,après-midi,,,33,33529,1,1,1,4,4,Voie communale,50.0,1
202400000037,2024-09-19,après-midi,,,29,29051,1,1,7,4,3,Départementale,30.0,1
202400000038,2024-09-19,matin,,,29,29232,1,1,5,4,2,Nationale,80.0,1
202400000039,2024-09-18,après-midi,,,28,28218,1,1,3,4,4,Voie communale,50.0,1
202400000040,2024-09-19,après-midi,,,27,27681,1,1,5,4,3,Départementale,50.0,1
202400000041,2024-05-03,nuit,,,76,76116,3,1,6,4,4,Voie communale,50.0,1
202400000042,2024-05-03,après-midi,,,59,59258,1,1,3,4,3,Départementale,70.0,1
202400000043,2024-03-25,matin,,,94,94022,1,1,6,4,4,Voie communale,50.0,1
202400000044,2024-05-02,matin,,,13,13215,1,2,3,3,1,Autoroute,70.0,2
202400000045,2024-03-25,soirée,,,92,92050,1,1,1,4,4,Voie communale,50.0,1
202400000046,2024-05-01,soirée,,,83,83027,1,1,6,4,1,Autoroute,70.0,2
202400000047,2024-03-25,matin,,,92,92023,1,1,6,4,4,Voie communale,30.0,1
202400000048,2024-05-02,après-midi,,,33,33249,1,1,4,4,1,Autoroute,90.0,1
202400000049,2024-03-25,nuit,,,35,35276,3,1,6,3,3,Départementale,70.0,1
202400000050,2024-05-02,soirée,,,91,91521,2,2,6,4,2,Nationale,70.0,2
202400000051,2024-03-22,après-midi,,,972,97206,2,1,7,4,3,Départementale,70.0,1
202400000052,2024-05-02,après-midi,,,94,94038,1,1,3,4,1,Autoroute,90.0,1
202400000053,2024-03-24,matin,,,22,22034,1,1,6,4,3,Départementale,110.0,2
202400000054,2024-05-02,matin,,,94,94003,1,1,5,4,1,Autoroute,70.0,1
202400000055,2024-05-02,après-midi,,,92,92026,1,2,5,4,2,Nationale,70.0,2
202400000056,2024-05-02,matin,,,78,78640,1,8,3,4,2,Nationale,50.0,1
202400000057,2024-03-26,soirée,,,62,62424,1,1,3,4,3,Départementale,50.0,1
202400000058,2024-05-02,soirée,,,95,95527,1,2,2,4,1,Autoroute,110.0,2
202400000059,2024-03-22,après-midi,,,83,83096,1,1,3,4,3,Départementale,90.0,1
202400000060,2024-05-01,soirée,,,95,95306,1,1,1,4,1,Autoroute,110.0,1
202400000061,2024-03-25,matin,,,35,35173,2,1,2,4,3,Départementale,110.0,1
202400000062,2024-03-25,soirée,,,51,51210,5,1,6,3,3,Départementale,50.0,1
202400000063,2024-05-02,après-midi,,,94,94033,1,1,2,4,1,Autoroute,90.0,1
202400000064,2024-03-25,après-midi,,,67,67281,1,1,3,4,3,Départementale,50.0,1
202400000065,2024-05-01,nuit,,,77,77468,3,1,7,4,1,Autoroute,70.0,2
202400000066,2024-03-24,nuit,,,61,61460,4,1,6,4,3,Départementale,50.0,2
202400000067,2024-03-25,nuit,,,47,47228,3,2,6,3,2,Nationale,110.0,2
202400000068,2024-02-17,soirée,,,54,54382,5,1,3,4,4,Voie communale,50.0,1
202400000069,2024-03-26,après-midi,,,34,34013,1,3,6,4,3,Départementale,,2
202400000070,2024-03-25,soirée,,,22,22181,1,2,6,4,3,Départementale,80.0,2
202400000071,2024-05-01,soirée,,,988,98818,5,1,3,4,4,Voie communale,30.0,1
202400000072,2024-03-25,soirée,,,54,54129,2,1,3,4,3,Départementale,50.0,1
202400000073,2024-04-30,après-midi,,,987,98735,1,1,3,4,4,Voie communale,20.0,1
202400000074,2024-05-01,soirée,,,974,97416,3,1,6,4,4,Voie communale,50.0,1
202400000075,2024-03-04,après-midi,,,72,72310,1,1,3,3,4,Voie communale,50.0,1
202400000076,2024-05-01,soirée,,,974,97411,2,1,3,4,2,Nationale,50.0,1
202400000077,2024-03-25,après-midi,,,40,40269,1,1,5,3,3,Départementale,80.0,1
202400000078,2024-05-01,soirée,,,69,69142,2,3,3,4,7,Autre,50.0,2
202400000079,2024-03-26,après-midi,,,85,85146,1,1,6,3,3,Départementale,30.0,2
202400000080,2024-03-23,après-midi,,,85,85192,1,1,3,4,3,Départementale,50.0,1
202400000081,2024-05-01,soirée,,,69,69382,1,1,6,4,4,Voie communale,30.0,1
202400000082,2024-03-22,après-midi,,,37,37050,1,1,6,3,3,Départementale,50.0,1
202400000083,2024-05-01,nuit,,,2B,2B037,3,1,6,4,2,Nationale,90.0,1
202400000084,2024-03-24,matin,,,10,10142,2,1,7,4,1,Autoroute,130.0,1
202400000085,2024-03-26,matin,,,31,31246,1,2,1,4,3,Départementale,80.0,2
202400000086,2024-03-24,nuit,,,43,43188,3,1,6,4,2,Nationale,,1
202400000087,2024-03-19,matin,,,987,98738,1,7,2,3,4,Voie communale,50.0,1
202400000088,2024-03-25,soirée,,,988,98805,2,1,6,3,4,Voie communale,50.0,1
202400000089,2024-03-26,matin,,,42,42169,1,1,7,2,3,Départementale,80.0,1
202400000090,2024-03-25,matin,,,28,28026,1,1,2,3,1,Autoroute,130.0,1
202400000091,2024-03-25,après-midi,,,2B,2B087,1,1,6,3,3,Départementale,50.0,1
202400000092,2024-03-26,nuit,,,34,34199,3,3,7,4,3,Départementale,80.0,2
202400000093,2024-03-26,matin,,,57,57222,1,1,2,4,3,Départementale,90.0,1
202400000094,2024-03-14,après-midi,,,01,01262,1,1,6,3,4,Voie communale,50.0,1
202400000095,2024-03-26,après-midi,,,60,60138,1,2,3,4,3,Départementale,50.0,2
202400000096,2024-03-25,après-midi,,,91,91617,1,1,2,4,2,Nationale,90.0,1
202400000097,2024-03-25,après-midi,,,91,91553,1,1,3,4,2,Nationale,90.0,1
202400000098,2024-03-25,matin,,,91,91689,1,1,2,4,1,Autoroute,90.0,1
202400000099,2024-03-25,matin,,,91,91432,1,1,2,4,1,Autoroute,110.0,1
202400000100,2024-03-25,matin,,,78,78297,3,1,6,4,2,Nationale,70.0,1
202400000101,2024-03-24,après-midi,,,92,92064,1,1,4,4,1,Autoroute,110.0,1
202400000102,2024-03-24,nuit,,,78,78297,3,1,2,4,2,Nationale,90.0,2
202400000103,2024-03-25,matin,,,94,94042,1,1,3,4,1,Autoroute,90.0,1
202400000104,2024-03-25,matin,,,93,93070,2,1,3,4,3,Départementale,50.0,1
202400000105,2024-03-25,après-midi,,,93,93066,1,1,2,4,3,Départementale,50.0,1
202400000106,2024-03-25,après-midi,,,93,93047,1,1,3,4,4,Voie communale,50.0,1
202400000107,2024-03-25,matin,,,93,93005,1,1,3,4,3,Départementale,50.0,1
202400000108,2024-01-20,après-midi,,,74,74012,1,1,3,4,4,Voie communale,50.0,1
202400000109,2024-03-23,après-midi,,,974,97407,1,9,6,3,4,Voie communale,70.0,2
202400000110,2024-03-24,soirée,,,69,69387,5,1,3,4,4,Voie communale,30.0,1
202400000111,2024-03-24,après-midi,,,69,69383,1,1,3,4,4,Voie communale,30.0,1
202400000112,2024-03-24,après-midi,,,972,97213,1,1,2,4,1,Autoroute,90.0,1
202400000113,2024-03-24,nuit,,,972,97213,3,1,6,4,3,Départementale,70.0,1
202400000114,2024-03-24,soirée,,,69,69382,1,1,3,4,4,Voie communale,50.0,1
202400000115,2024-03-20,nuit,,,95,95176,5,1,7,2,4,Voie communale,50.0,1
202400000116,2024-03-23,après-midi,,,84,84031,1,1,6,3,4,Voie communale,30.0,1
202400000117,2024-03-23,après-midi,,,83,83069,1,7,3,3,3,Départementale,70.0,1
202400000118,2024-03-24,matin,,,83,83061,1,1,6,2,3,Départementale,80.0,1
202400000119,2024-03-24,après-midi,,,77,77369,1,8,3,4,4,Voie communale,50.0,1
202400000120,2024-03-23,après-midi,,,64,64483,1,1,2,4,3,Départementale,50.0,1
202400000121,2024-03-24,soirée,,,64,64284,1,1,3,4,4,Voie communale,50.0,1
202400000122,2024-03-22,après-midi,,,62,62178,1,1,1,4,3,Départementale,50.0,1
202400000123,2024-03-24,après-midi,,,59,59599,1,1,2,4,4,Voie communale,30.0,1
202400000124,2024-03-24,après-midi,,,59,59350,1,1,3,4,7,Autre,50.0,1
202400000125,2024-03-23,matin,,,59,59017,1,7,3,3,4,Voie communale,30.0,1
202400000126,2024-03-22,matin,,,54,54431,1,1,6,3,4,Voie communale,50.0,1
202400000127,2024-03-24,après-midi,,,51,51454,1,1,3,4,4,Voie communale,50.0,1
202400000128,2024-03-24,nuit,,,45,45004,5,1,6,3,4,Voie communale,50.0,2
202400000129,2024-03-24,soirée,,,38,38563,1,1,6,3,3,Départementale,90.0,1
202400000130,2024-03-25,nuit,,,38,38185,5,1,3,4,4,Voie communale,50.0,1
202400000131,2024-03-23,après-midi,,,38,38053,1,1,3,4,4,Voie communale,30.0,1
202400000132,2024-03-24,soirée,,,37,37122,1,7,6,4,4,Voie communale,50.0,1
202400000133,2024-03-24,soirée,,,35,35238,1,1,6,3,4,Voie communale,30.0,1
202400000134,2024-03-23,après-midi,,,33,33063,1,1,3,4,4,Voie communale,30.0,1
202400000135,2024-03-22,matin,,,13,13005,1,1,1,4,4,Voie communale,50.0,1
202400000136,2024-03-23,après-midi,,,06,06088,1,1,1,4,4,Voie communale,50.0,1
202400000137,2024-03-24,soirée,,,06,06029,5,1,3,4,4,Voie communale,30.0,1
202400000138,2024-03-24,matin,,,06,06030,1,1,3,4,3,Départementale,50.0,1
202400000139,2024-03-24,matin,,,05,05061,1,1,2,4,2,Nationale,50.0,1
202400000140,2024-03-24,nuit,,,05,05023,5,1,6,4,4,Voie communale,50.0,1
202400000141,2024-03-19,après-midi,,,04,04070,1,1,3,4,4,Voie communale,50.0,1
202400000142,2024-03-23,soirée,,,01,01283,2,1,4,4,3,Départementale,50.0,1
202400000143,2024-03-24,après-midi,,,75,75112,1,1,4,4,4,Voie communale,70.0,1
202400000144,2024-03-24,après-midi,,,75,75106,1,1,3,4,4,Voie communale,30.0,1
202400000145,2024-03-23,soirée,,,75,75116,5,2,2,4,4,Voie communale,50.0,2
202400000146,2024-03-24,après-midi,,,75,75114,1,1,3,4,4,Voie communale,50.0,1
202400000147,2024-03-24,après-midi,,,75,75113,1,1,6,4,4,Voie communale,50.0,1
202400000148,2024-03-24,après-midi,,,75,75112,1,1,6,4,4,Voie communale,30.0,1
202400000149,2024-03-24,après-midi,,,75,75110,1,1,7,4,4,Voie communale,30.0,1
202400000150,2024-03-24,nuit,,,75,75117,5,1,3,4,4,Voie communale,30.0,1
202400000151,2024-03-24,nuit,,,94,94078,5,1,3,4,2,Nationale,50.0,1
202400000152,2024-03-23,soirée,,,94,94038,1,1,4,4,3,Départementale,50.0,1
202400000153,2024-03-24,après-midi,,,94,94017,1,1,3,4,3,Départementale,50.0,1
202400000154,2024-03-24,soirée,,,93,93078,5,1,2,4,3,Départementale,50.0,1
202400000155,2024-03-24,matin,,,93,93078,1,1,2,4,4,Voie communale,50.0,1
202400000156,2024-03-24,matin,,,92,92025,1,1,6,4,3,Départementale,50.0,1
202400000157,2024-03-24,après-midi,,,92,92009,1,1,6,4,4,Voie communale,50.0,1
202400000158,2024-03-21,après-midi,,,72,72243,1,1,1,3,3,Départementale,80.0,1
202400000159,2024-03-24,après-midi,,,35,35167,1,1,6,4,3,Départementale,80.0,1
202400000160,2024-03-25,matin,,,974,97415,1,1,6,3,2,Nationale,90.0,1
202400000161,2024-08-08,nuit,,,69,69255,3,1,6,3,3,Départementale,80.0,1
202400000162,2024-03-24,matin,,,35,35160,1,1,6,3,3,Départementale,80.0,1
202400000163,2024-07-17,soirée,,,69,69132,1,1,1,4,3,Départementale,80.0,1
202400000164,2024-03-24,nuit,,,26,26121,3,1,2,3,1,Autoroute,,1
202400000165,2024-08-15,après-midi,,,87,87167,2,1,6,4,3,Départementale,90.0,1
202400000166,2024-03-24,nuit,,,86,86254,3,1,6,2,3,Départementale,80.0,1
202400000167,2024-03-24,nuit,,,60,60430,3,1,6,3,4,Voie communale,30.0,2
202400000168,2024-08-14,matin,,,17,17219,1,1,3,4,3,Départementale,80.0,1
202400000169,2024-03-24,après-midi,,,85,85153,1,1,3,4,3,Départementale,80.0,1
202400000170,2024-08-15,soirée,,,02,02684,1,1,1,4,4,Voie communale,50.0,1
202400000171,2024-03-24,après-midi,,,41,41290,1,1,3,4,3,Départementale,110.0,1
202400000172,2024-08-13,matin,,,57,57683,1,1,2,3,1,Autoroute,110.0,1
202400000173,2024-08-11,nuit,,,62,62186,3,1,7,3,1,Autoroute,110.0,1
202400000174,2024-03-24,après-midi,,,83,83116,1,1,1,4,3,Départementale,50.0,1
202400000175,2024-08-10,soirée,,,62,62771,1,1,2,4,1,Autoroute,90.0,1
202400000176,2024-03-25,matin,,,57,57552,1,1,1,4,7,Autre,80.0,1
202400000177,2024-08-14,matin,,,93,93006,1,1,2,4,1,Autoroute,90.0,1
202400000178,2024-03-10,soirée,,,56,56017,2,2,3,4,3,Départementale,80.0,2
202400000179,2024-07-21,nuit,,,95,95252,3,2,6,3,1,Autoroute,110.0,2
202400000180,2024-08-09,nuit,,,987,98735,2,1,7,3,4,Voie communale,50.0,1
202400000181,2024-03-23,après-midi,,,56,56243,1,1,3,4,4,Voie communale,,1
202400000182,2024-08-13,matin,,,976,97611,1,1,3,4,2,Nationale,50.0,1
202400000183,2024-03-24,après-midi,,,76,76146,1,7,1,3,1,Autoroute,80.0,1
202400000184,2024-08-13,soirée,,,974,97411,5,1,4,3,2,Nationale,70.0,1
202400000185,2024-03-24,soirée,,,80,80586,3,1,7,3,3,Départementale,80.0,1
202400000186,2024-03-23,soirée,,,65,65244,5,1,6,3,3,Départementale,50.0,1
202400000187,2024-08-13,matin,,,973,97302,1,1,5,4,3,Départementale,50.0,1
202400000188,2024-03-23,après-midi,,,69,69267,1,1,3,3,3,Départementale,80.0,1
202400000189,2024-08-12,matin,,,972,97213,1,3,2,4,1,Autoroute,90.0,2
202400000190,2024-03-24,matin,,,49,49218,2,1,6,3,3,Départementale,50.0,1
202400000191,2024-08-13,nuit,,,69,69382,5,1,6,4,4,Voie communale,50.0,1
202400000192,2024-03-23,après-midi,,,12,12052,1,1,1,3,3,Départementale,90.0,1
202400000193,2024-08-07,après-midi,,,2B,2B037,1,1,2,4,2,Nationale,90.0,1
202400000194,2024-03-22,nuit,,,47,47117,3,1,3,4,4,Voie communale,50.0,1
202400000195,2024-08-12,après-midi,,,971,97101,1,1,7,3,2,Nationale,50.0,1
202400000196,2024-03-23,après-midi,,,47,47159,1,1,3,4,3,Départementale,80.0,1
202400000197,2024-08-06,matin,,,971,97107,1,1,3,3,3,Départementale,50.0,1
202400000198,2024-03-22,soirée,,,47,47274,3,1,6,3,3,Départementale,80.0,1
202400000199,2024-08-07,soirée,,,2A,2A004,1,1,3,4,4,Voie communale,50.0,1
202400000200,2024-03-21,après-midi,,,34,34142,1,1,7,3,4,Voie communale,50.0,1
202400000201,2024-03-24,après-midi,,,29,29220,1,1,7,2,3,Départementale,50.0,1
202400000202,2024-08-13,après-midi,,,95,95127,1,1,6,4,4,Voie communale,15.0,1
202400000203,2024-03-25,nuit,,,01,01225,3,1,7,4,3,Départementale,80.0,1
202400000204,2024-08-13,après-midi,,,95,95500,1,1,3,4,1,Autoroute,50.0,1
202400000205,2024-03-22,matin,,,14,14302,1,1,1,3,3,Départementale,90.0,1
202400000206,2024-03-25,matin,,,64,64549,2,1,7,4,3,Départementale,80.0,1
202400000207,2024-03-25,matin,,,18,18063,1,1,1,2,3,Départementale,90.0,1
202400000208,2024-03-24,après-midi,,,10,10249,1,1,2,4,3,Départementale,70.0,1
202400000209,2024-03-24,après-midi,,,07,07291,1,1,7,4,3,Départementale,90.0,1
202400000210,2024-03-25,après-midi,,,21,21582,1,1,6,2,3,Départementale,80.0,1
202400000211,2024-03-24,après-midi,,,85,85156,1,1,7,3,3,Départementale,80.0,1
202400000212,2024-03-23,après-midi,,,85,85031,1,1,6,4,3,Départementale,80.0,1
202400000213,2024-03-23,soirée,,,27,27379,2,1,1,4,3,Départementale,80.0,2
202400000214,2024-03-24,après-midi,,,28,28325,1,1,1,2,3,Départementale,90.0,1
202400000215,2024-03-21,nuit,,,68,68297,5,1,3,3,1,Autoroute,10.0,1
202400000216,2024-03-22,après-midi,,,71,71556,1,1,6,3,3,Départementale,80.0,1
202400000217,2024-03-25,matin,,,38,38087,1,1,1,4,3,Départementale,50.0,1
202400000218,2024-03-23,après-midi,,,81,81271,1,1,3,4,4,Voie communale,50.0,1
202400000219,2024-03-24,nuit,,,49,49301,3,1,7,3,3,Départementale,50.0,1
202400000220,2024-03-23,après-midi,,,27,27119,1,3,3,4,3,Départementale,50.0,2
202400000221,2024-03-24,matin,,,27,27161,1,1,3,3,4,Voie communale,80.0,1
202400000222,2024-03-25,matin,,,60,60321,1,1,1,3,3,Départementale,80.0,1
202400000223,2024-03-23,nuit,,,13,13202,5,1,7,4,7,Autre,70.0,1
202400000224,2024-03-23,soirée,,,13,13033,3,1,2,4,1,Autoroute,90.0,1
202400000225,2024-03-24,soirée,,,33,33063,1,1,2,4,1,Autoroute,70.0,1
202400000226,2024-03-24,nuit,,,93,93005,3,8,2,4,1,Autoroute,110.0,2
202400000227,2024-03-24,matin,,,95,95424,1,1,2,4,1,Autoroute,110.0,2
202400000228,2024-03-23,après-midi,,,95,95527,1,2,2,3,1,Autoroute,110.0,2
202400000229,2024-03-23,nuit,,,94,94017,3,3,6,4,1,Autoroute,90.0,3
202400000230,2024-03-16,après-midi,,,44,44109,1,1,6,4,4,Voie communale,50.0,1
202400000231,2024-03-15,après-midi,,,44,44109,1,8,3,4,4,Voie communale,30.0,1
202400000232,2024-03-14,matin,,,44,44109,5,8,6,4,4,Voie communale,50.0,1
202400000233,2024-03-14,matin,,,44,44143,5,8,3,4,4,Voie communale,50.0,1
202400000234,2024-03-13,soirée,,,44,44109,1,8,3,4,4,Voie communale,50.0,1
202400000235,2024-03-12,nuit,,,44,44109,5,8,3,4,4,Voie communale,50.0,1
202400000236,2024-03-11,matin,,,44,44114,1,8,6,4,4,Voie communale,30.0,1
202400000237,2024-03-22,soirée,,,75,75116,5,1,2,4,4,Voie communale,70.0,1
202400000238,2024-03-23,matin,,,974,97416,1,1,1,3,2,Nationale,50.0,1
202400000239,2024-03-23,après-midi,,,974,97409,1,3,3,4,2,Nationale,90.0,2
202400000240,2024-03-22,après-midi,,,973,97302,1,1,3,4,3,Départementale,50.0,1
202400000241,2024-03-23,après-midi,,,972,97213,1,1,6,3,1,Autoroute,90.0,1
202400000242,2024-03-23,après-midi,,,972,97209,1,1,5,4,2,Nationale,50.0,1
202400000243,2024-03-23,après-midi,,,971,97101,1,1,1,4,3,Départementale,50.0,1
202400000244,2024-03-23,soirée,,,95,95280,5,2,6,4,4,Voie communale,30.0,2
202400000245,2024-03-23,après-midi,,,95,95582,1,2,7,4,3,Départementale,50.0,2
202400000246,2024-03-23,après-midi,,,95,95563,1,1,6,4,4,Voie communale,50.0,1
202400000247,2024-03-24,nuit,,,95,95218,5,1,2,4,3,Départementale,30.0,2
202400000248,2024-03-23,après-midi,,,91,91692,1,1,2,4,3,Départementale,45.0,1
202400000249,2024-03-23,matin,,,91,91421,1,1,3,4,3,Départementale,50.0,1
202400000250,2024-03-23,nuit,,,91,91687,5,1,6,4,3,Départementale,50.0,1
202400000251,2024-03-23,soirée,,,84,84007,2,1,3,4,4,Voie communale,30.0,1
202400000252,2024-03-23,soirée,,,83,83137,5,1,3,4,4,Voie communale,50.0,1
202400000253,2024-03-23,après-midi,,,82,82033,1,1,7,4,4,Voie communale,80.0,1
202400000254,2024-03-23,nuit,,,79,79191,3,1,7,4,3,Départementale,80.0,1
202400000255,2024-03-23,soirée,,,77,77284,5,2,6,3,4,Voie communale,50.0,2
202400000256,2024-03-22,après-midi,,,77,77186,1,1,7,3,3,Départementale,80.0,1
202400000257,2024-03-22,soirée,,,74,74012,2,1,3,4,4,Voie communale,50.0,1
202400000258,2024-03-22,après-midi,,,74,74012,1,1,2,4,4,Voie communale,50.0,1
202400000259,2024-03-23,après-midi,,,69,69275,1,1,3,4,7,Autre,50.0,1
202400000260,2024-03-23,soirée,,,69,69029,5,2,6,4,4,Voie communale,50.0,2
202400000261,2024-03-23,après-midi,,,67,67447,1,8,6,4,7,Autre,30.0,1
202400000262,2024-03-24,nuit,,,64,64125,3,1,6,4,4,Voie communale,50.0,1
202400000263,2024-03-23,soirée,,,64,64122,5,1,3,4,3,Départementale,50.0,1
202400000264,2024-03-23,soirée,,,64,64102,1,1,2,4,4,Voie communale,50.0,1
202400000265,2024-03-23,après-midi,,,64,64024,1,1,6,3,4,Voie communale,30.0,1
202400000266,2024-03-23,matin,,,59,59508,1,1,6,4,4,Voie communale,30.0,1
202400000267,2024-03-23,nuit,,,59,59650,5,1,6,4,4,Voie communale,50.0,1
202400000268,2024-03-23,nuit,,,59,59378,5,1,6,4,7,Autre,70.0,2
202400000269,2024-03-23,après-midi,,,56,56121,1,1,2,4,3,Départementale,30.0,1
202400000270,2024-03-23,matin,,,56,56083,1,1,3,4,3,Départementale,30.0,1
202400000271,2024-03-23,soirée,,,49,49007,1,1,6,3,4,Voie communale,30.0,1
202400000272,2024-03-22,après-midi,,,45,45234,1,1,3,4,7,Autre,50.0,1
202400000273,2024-03-23,après-midi,,,45,45004,1,8,3,3,3,Départementale,50.0,1
202400000274,2024-03-23,après-midi,,,43,43041,1,1,2,4,4,Voie communale,50.0,1
202400000275,2024-09-19,matin,,,27,27229,1,1,6,4,4,Voie communale,50.0,1
202400000276,2024-09-18,nuit,,,26,26362,5,1,1,4,4,Voie communale,30.0,1
202400000277,2024-09-19,matin,,,25,25204,1,1,3,4,3,Départementale,70.0,1
202400000278,2024-09-19,après-midi,,,25,25056,1,1,4,4,4,Voie communale,50.0,1
202400000279,2024-09-19,après-midi,,,25,25056,1,1,6,4,4,Voie communale,50.0,1
202400000280,2024-09-19,matin,,,25,25056,1,1,6,3,4,Voie communale,50.0,1
202400000281,2024-09-19,soirée,,,13,13039,2,1,3,4,4,Voie communale,30.0,1
202400000282,2024-09-19,soirée,,,13,13213,2,1,3,3,1,Autoroute,50.0,1
202400000283,2024-09-18,nuit,,,13,13216,5,1,2,3,4,Voie communale,50.0,1
202400000284,2024-09-18,matin,,,11,11262,1,1,3,4,4,Voie communale,50.0,1
202400000285,2024-09-18,après-midi,,,10,10387,1,1,1,4,4,Voie communale,50.0,1
202400000286,2024-09-18,après-midi,,,10,10357,1,1,6,4,4,Voie communale,50.0,1
202400000287,2024-09-18,après-midi,,,10,10387,1,1,6,4,4,Voie communale,50.0,1
202400000288,2024-09-18,matin,,,10,10387,1,1,6,4,4,Voie communale,50.0,1
202400000289,2024-09-18,après-midi,,,06,06029,1,1,1,4,4,Voie communale,50.0,1
202400000290,2024-09-19,matin,,,01,01053,1,1,3,3,4,Voie communale,50.0,1
202400000291,2024-09-19,matin,,,01,01053,1,1,5,4,3,Départementale,50.0,1
202400000292,2024-09-18,soirée,,,01,01053,2,1,3,4,4,Voie communale,50.0,1
202400000293,2024-09-19,après-midi,,,75,75112,1,1,2,4,4,Voie communale,70.0,1
202400000294,2024-09-18,soirée,,,75,75115,1,1,3,4,4,Voie communale,70.0,1
202400000295,2024-09-18,après-midi,,,75,75112,1,1,5,4,4,Voie communale,50.0,1
202400000296,2024-09-18,après-midi,,,75,75114,1,1,2,4,4,Voie communale,70.0,1
202400000297,2024-09-19,soirée,,,75,75105,2,1,7,4,4,Voie communale,30.0,1
202400000298,2024-02-13,matin,,,33,33003,2,5,4,4,1,Autoroute,110.0,1
202400000299,2024-09-19,après-midi,,,75,75120,1,1,3,4,4,Voie communale,50.0,1
202400000300,2024-02-12,matin,,,33,33192,1,2,3,4,1,Autoroute,90.0,2
202400000301,2024-09-18,après-midi,,,75,75120,1,1,6,4,4,Voie communale,50.0,1
202400000302,2024-09-19,après-midi,,,75,75119,1,1,3,4,4,Voie communale,30.0,1
202400000303,2024-02-13,matin,,,91,91661,1,1,5,2,1,Autoroute,90.0,1
202400000304,2024-09-19,matin,,,75,75119,5,1,2,4,4,Voie communale,50.0,1
202400000305,2024-02-13,matin,,,92,92048,1,1,2,4,2,Nationale,90.0,1
202400000306,2024-02-11,nuit,,,95,95241,3,1,3,3,2,Nationale,110.0,1
202400000307,2024-09-18,nuit,,,75,75119,5,1,3,4,4,Voie communale,30.0,1
202400000308,2024-02-10,matin,,,95,95018,3,1,2,4,1,Autoroute,90.0,1
202400000309,2024-09-19,soirée,,,75,75118,5,1,3,4,4,Voie communale,30.0,1
202400000310,2024-02-13,soirée,,,94,94018,3,2,4,4,1,Autoroute,70.0,2
202400000311,2024-09-19,soirée,,,75,75117,1,1,1,4,4,Voie communale,30.0,1
202400000312,2024-02-13,après-midi,,,94,94028,1,1,6,4,1,Autoroute,90.0,1