Num_Acc,date,time_of_day,lat,long,dep,com,lum,atm,col,severity_index,catr,catr_label,vma,surf
202400000313,2024-09-19,matin,,,75,75116,1,1,2,4,4,Voie communale,30.0,1
202400000314,2024-09-19,soirée,,,75,75113,1,1,6,4,4,Voie communale,30.0,1
202400000315,2024-02-12,nuit,,,974,97407,3,1,3,2,2,Nationale,110.0,1
202400000316,2024-09-19,matin,,,75,75113,1,1,3,4,4,Voie communale,30.0,1
202400000317,2024-02-11,soirée,,,974,97407,3,1,6,4,4,Voie communale,70.0,1
202400000318,2024-09-19,après-midi,,,75,75110,1,1,7,4,4,Voie communale,30.0,1
202400000319,2024-02-11,soirée,,,973,97302,3,1,6,4,4,Voie communale,50.0,1
202400000320,2024-09-19,matin,,,75,75107,1,7,3,3,4,Voie communale,30.0,1
202400000321,2024-09-19,soirée,,,75,75103,2,1,3,4,4,Voie communale,30.0,1
202400000322,2024-02-12,soirée,,,69,69383,3,1,3,4,4,Voie communale,30.0,1
202400000323,2024-02-12,soirée,,,69,69388,1,1,6,4,4,Voie communale,30.0,1
202400000324,2024-09-19,matin,,,75,75102,1,1,6,4,4,Voie communale,30.0,1
202400000325,2024-02-12,matin,,,972,97209,1,1,6,4,2,Nationale,20.0,1
202400000326,2024-09-17,après-midi,,,94,94081,1,1,3,4,3,Départementale,50.0,1
202400000327,2024-02-12,matin,,,69,69382,1,1,7,3,9,Autre,30.0,2
202400000328,2024-09-19,après-midi,,,94,94076,1,1,3,4,4,Voie communale,50.0,1
202400000329,2024-02-12,matin,,,69,69384,1,1,6,4,4,Voie communale,50.0,1
202400000330,2024-09-19,soirée,,,94,94041,1,1,6,4,4,Voie communale,50.0,1
202400000331,2024-02-12,après-midi,,,95,95585,1,1,6,4,6,Autre,30.0,1
202400000332,2024-09-19,après-midi,,,94,94034,1,1,3,4,3,Départementale,30.0,1
202400000333,2024-02-12,matin,,,95,95280,1,1,3,4,4,Voie communale,50.0,1
202400000334,2024-09-19,matin,,,94,94021,1,1,3,4,5,Autre,30.0,1
202400000335,2024-02-12,matin,,,95,95219,1,1,3,4,3,Départementale,50.0,1
202400000336,2024-09-18,après-midi,,,94,94034,1,1,4,4,3,Départementale,50.0,1
202400000337,2024-02-12,matin,,,91,91103,1,2,1,4,2,Nationale,50.0,2
202400000338,2024-09-18,après-midi,,,94,94054,1,7,3,4,4,Voie communale,50.0,1
202400000339,2024-02-12,après-midi,,,91,91689,5,2,4,4,3,Départementale,50.0,2
202400000340,2024-09-18,soirée,,,94,94079,2,1,3,3,4,Voie communale,50.0,1
202400000341,2024-09-18,matin,,,94,94017,1,1,1,4,3,Départementale,50.0,1
202400000342,2024-09-19,après-midi,,,93,93066,1,1,2,4,4,Voie communale,50.0,1
202400000343,2024-09-19,nuit,,,93,93050,5,1,3,4,3,Départementale,50.0,1
202400000344,2024-09-19,après-midi,,,93,93046,1,1,3,4,4,Voie communale,50.0,1
202400000345,2024-09-19,après-midi,,,93,93046,1,1,3,4,4,Voie communale,50.0,1
202400000346,2024-09-19,matin,,,93,93010,1,1,6,4,4,Voie communale,50.0,1
202400000347,2024-09-19,matin,,,93,93057,1,1,3,4,3,Départementale,5.0,1
202400000348,2024-09-19,après-midi,,,93,93008,1,1,6,3,3,Départementale,50.0,1
202400000349,2024-09-19,après-midi,,,93,93007,1,1,4,4,3,Départementale,50.0,1
202400000350,2024-09-19,après-midi,,,93,93007,1,1,6,4,4,Voie communale,30.0,1
202400000351,2024-09-19,matin,,,93,93005,1,1,3,4,4,Voie communale,50.0,1
202400000352,2024-09-19,après-midi,,,92,92050,1,1,6,4,4,Voie communale,50.0,1
202400000353,2024-09-18,après-midi,,,92,92020,1,1,6,4,3,Départementale,50.0,1
202400000354,2024-09-19,nuit,,,92,92023,5,1,6,4,3,Départementale,50.0,1
202400000355,2024-09-19,matin,,,92,92012,1,1,3,4,3,Départementale,30.0,1
202400000356,2024-09-19,matin,,,39,39120,1,1,6,4,3,Départementale,80.0,1
202400000357,2024-09-20,matin,,,01,01322,1,1,1,3,3,Départementale,80.0,1
202400000358,2024-09-20,après-midi,,,06,06114,1,1,7,3,4,Voie communale,30.0,1
202400000359,2024-09-19,matin,,,18,18233,1,1,5,3,3,Départementale,50.0,1
202400000360,2024-09-19,matin,,,71,71383,1,1,5,3,1,Autoroute,130.0,1
202400000361,2024-09-19,après-midi,,,68,68175,1,1,1,3,3,Départementale,70.0,1
202400000362,2024-09-19,nuit,,,972,97210,3,1,7,2,2,Nationale,50.0,1
202400000363,2024-09-19,nuit,,,63,63206,3,1,6,3,3,Départementale,90.0,1
202400000364,2024-09-18,nuit,,,30,30209,5,1,7,4,3,Départementale,80.0,1
202400000365,2024-09-18,après-midi,,,2A,2A130,1,2,1,4,2,Nationale,90.0,2
202400000366,2024-09-20,matin,,,63,63374,1,1,3,4,3,Départementale,90.0,1
202400000367,2024-09-19,matin,,,12,12243,1,7,6,4,3,Départementale,50.0,1
202400000368,2024-09-17,après-midi,,,47,47058,1,1,6,3,3,Départementale,50.0,1
202400000369,2024-09-19,après-midi,,,25,25464,1,1,7,4,3,Départementale,90.0,1
202400000370,2024-09-20,matin,,,44,44213,1,1,1,3,3,Départementale,70.0,1
202400000371,2024-09-20,matin,,,31,31592,1,2,1,4,3,Départementale,80.0,2
202400000372,2024-09-18,après-midi,,,38,38043,1,1,3,3,3,Départementale,50.0,1
202400000373,2024-09-20,après-midi,,,15,15181,1,1,3,4,3,Départementale,90.0,1
202400000374,2024-09-20,nuit,,,01,01179,3,1,1,3,3,Départementale,50.0,1
202400000375,2024-09-14,soirée,,,14,14062,1,1,6,4,3,Départementale,80.0,1
202400000376,2024-09-20,matin,,,10,10426,1,1,1,4,4,Voie communale,80.0,1
202400000377,2024-09-19,soirée,,,36,36088,3,1,3,4,4,Voie communale,50.0,1
202400000378,2024-09-19,matin,,,07,07302,2,5,1,3,3,Départementale,70.0,1
202400000379,2024-09-20,après-midi,,,53,53097,1,1,3,3,3,Départementale,80.0,1
202400000380,2024-09-20,après-midi,,,27,27467,1,1,3,4,4,Voie communale,30.0,1
202400000381,2024-09-09,matin,,,27,27198,1,1,6,3,3,Départementale,80.0,1
202400000382,2024-09-19,après-midi,,,28,28032,1,1,1,4,3,Départementale,80.0,1
202400000383,2024-09-20,matin,,,30,30006,4,1,7,4,3,Départementale,80.0,1
202400000384,2024-09-19,après-midi,,,08,08230,1,1,7,4,3,Départementale,80.0,1
202400000385,2024-09-18,soirée,,,06,06085,5,1,1,3,3,Départementale,50.0,1
202400000386,2024-09-19,après-midi,,,89,89441,1,1,7,4,1,Autoroute,130.0,1
202400000387,2024-09-19,matin,,,38,38064,1,1,6,4,1,Autoroute,130.0,1
202400000388,2024-09-18,après-midi,,,77,77095,1,1,3,4,3,Départementale,50.0,1
202400000389,2024-09-20,matin,,,77,77100,1,1,1,3,3,Départementale,50.0,1
202400000390,2024-09-19,soirée,,,95,95002,1,1,6,3,3,Départementale,110.0,1
202400000391,2024-09-18,soirée,,,34,34058,1,7,2,3,7,Autre,70.0,1
202400000392,2024-09-20,après-midi,,,83,83016,1,1,3,3,3,Départementale,80.0,1
202400000393,2024-09-19,nuit,,,13,13034,3,1,6,3,3,Départementale,80.0,1
202400000394,2024-09-19,soirée,,,70,70022,3,1,6,2,3,Départementale,80.0,1
202400000395,2024-06-08,après-midi,,,38,38369,1,1,3,3,4,Voie communale,70.0,1
202400000396,2024-09-18,soirée,,,70,70120,1,1,1,4,4,Voie communale,50.0,1
202400000397,2024-09-20,après-midi,,,21,21217,1,7,7,3,3,Départementale,,1
202400000398,2024-06-08,nuit,,,07,07264,3,1,6,3,3,Départementale,90.0,1
202400000399,2024-09-19,après-midi,,,08,08122,1,1,7,4,3,Départementale,50.0,9
202400000400,2024-09-20,matin,,,38,38110,2,1,3,2,2,Nationale,70.0,1
202400000401,2024-06-08,après-midi,,,01,01027,1,1,3,3,4,Voie communale,80.0,1
202400000402,2024-06-09,nuit,,,69,69272,3,1,6,2,3,Départementale,70.0,1
202400000403,2024-09-19,soirée,,,85,85088,3,1,1,2,3,Départementale,80.0,1
202400000404,2024-09-18,après-midi,,,44,44047,1,1,1,3,4,Voie communale,50.0,1
202400000405,2024-06-08,nuit,,,81,81105,3,1,3,3,3,Départementale,90.0,1
202400000406,2024-06-09,nuit,,,17,17093,3,1,7,4,4,Voie communale,50.0,1
202400000407,2024-09-19,matin,,,27,27602,1,1,2,4,4,Voie communale,50.0,1
202400000408,2024-06-07,après-midi,,,22,22176,1,1,7,2,4,Voie communale,50.0,1
202400000409,2024-09-19,après-midi,,,62,62604,1,1,3,3,4,Voie communale,30.0,1
202400000410,2024-06-09,après-midi,,,76,76399,1,1,7,4,3,Départementale,80.0,1
202400000411,2024-09-19,matin,,,13,13210,1,1,2,4,1,Autoroute,70.0,1
202400000412,2024-06-08,nuit,,,33,33003,5,1,6,4,1,Autoroute,110.0,1
202400000413,2024-09-18,nuit,,,13,13005,3,1,1,4,1,Autoroute,90.0,1
202400000414,2024-06-08,nuit,,,91,91479,1,1,6,4,2,Nationale,70.0,1
202400000415,2024-09-18,après-midi,,,83,83137,1,1,4,4,1,Autoroute,70.0,1
202400000416,2024-06-08,après-midi,,,92,92063,1,1,4,4,1,Autoroute,50.0,1
202400000417,2024-09-19,soirée,,,33,33318,1,1,4,4,1,Autoroute,90.0,1
202400000418,2024-06-08,soirée,,,78,78640,1,1,2,4,1,Autoroute,70.0,1
202400000419,2024-06-08,matin,,,78,78043,1,1,6,4,1,Autoroute,90.0,1
202400000420,2024-09-19,après-midi,,,33,33143,1,7,5,4,1,Autoroute,130.0,1
202400000421,2024-06-07,après-midi,,,78,78362,1,1,4,4,1,Autoroute,90.0,1
202400000422,2024-09-19,matin,,,91,91179,1,1,4,4,1,Autoroute,110.0,1
202400000423,2024-06-07,nuit,,,92,92051,5,1,1,4,2,Nationale,50.0,1
202400000424,2024-09-19,matin,,,91,91689,1,1,2,4,1,Autoroute,90.0,1
202400000425,2024-06-07,soirée,,,78,78646,2,1,6,4,2,Nationale,110.0,1
202400000426,2024-09-19,matin,,,91,91661,1,1,3,4,1,Autoroute,90.0,1
202400000427,2024-06-07,après-midi,,,78,78117,1,1,4,4,2,Nationale,110.0,1
202400000428,2024-09-19,matin,,,91,91534,1,1,6,4,2,Nationale,90.0,1
202400000429,2024-06-08,après-midi,,,95,95060,1,1,6,4,1,Autoroute,90.0,1
202400000430,2024-09-19,matin,,,78,78322,1,1,2,4,1,Autoroute,50.0,1
202400000431,2024-06-08,nuit,,,93,93066,3,1,4,4,1,Autoroute,90.0,1
202400000432,2024-09-18,après-midi,,,92,92063,1,1,7,3,1,Autoroute,70.0,3
202400000433,2024-06-07,matin,,,77,77249,1,1,3,4,2,Nationale,110.0,1
202400000434,2024-09-18,matin,,,92,92048,1,1,2,4,2,Nationale,90.0,1
202400000435,2024-06-07,après-midi,,,974,97416,1,1,6,4,4,Voie communale,80.0,1
202400000436,2024-09-18,après-midi,,,93,93008,1,1,3,4,1,Autoroute,90.0,1
202400000437,2024-06-06,après-midi,,,974,97411,1,1,4,3,4,Voie communale,30.0,1
202400000438,2024-09-18,matin,,,93,93010,1,1,3,4,1,Autoroute,110.0,1
202400000439,2024-09-18,nuit,,,92,92036,3,1,4,4,1,Autoroute,90.0,1
202400000440,2024-09-16,nuit,,,95,95582,3,1,2,3,1,Autoroute,110.0,1
202400000441,2024-09-19,après-midi,,,75,75112,1,1,4,4,1,Autoroute,90.0,1
202400000442,2024-09-19,matin,,,94,94042,2,1,3,4,1,Autoroute,90.0,1
202400000443,2024-09-18,après-midi,,,77,77517,1,1,3,4,1,Autoroute,90.0,1
202400000444,2024-09-18,après-midi,,,94,94018,1,1,2,4,1,Autoroute,90.0,1
202400000445,2024-09-16,nuit,,,94,94069,3,1,4,4,1,Autoroute,90.0,1
202400000446,2024-07-18,matin,,,74,74012,1,1,3,4,4,Voie communale,50.0,1
202400000447,2024-05-30,après-midi,,,14,14117,1,1,3,3,3,Départementale,50.0,1
202400000448,2024-07-18,matin,,,14,14734,1,1,3,3,3,Départementale,80.0,1
202400000449,2024-05-01,matin,,,971,97113,1,2,1,4,3,Départementale,70.0,2
202400000450,2024-06-25,matin,,,38,38421,1,1,2,4,4,Voie communale,50.0,1
202400000451,2024-02-01,nuit,,,971,97113,5,1,6,4,3,Départementale,50.0,1
202400000452,2024-06-16,nuit,,,38,38317,3,1,2,3,1,Autoroute,110.0,1
202400000453,2024-02-18,après-midi,,,13,13056,1,1,1,3,4,Voie communale,50.0,1
202400000454,2024-05-01,nuit,,,2A,2A004,5,1,3,4,2,Nationale,50.0,1
202400000455,2024-06-06,après-midi,,,13,13056,1,1,3,3,3,Départementale,50.0,1
202400000456,2024-05-30,matin,,,13,13056,1,1,2,3,4,Voie communale,50.0,1
202400000457,2024-05-01,soirée,,,95,95277,1,1,1,4,4,Voie communale,50.0,1
202400000458,2024-05-26,après-midi,,,13,13056,1,1,3,4,4,Voie communale,50.0,1
202400000459,2024-05-01,soirée,,,95,95582,1,1,3,4,3,Départementale,30.0,1
202400000460,2024-07-09,soirée,,,75,75107,1,1,6,4,4,Voie communale,30.0,1
202400000461,2024-05-01,matin,,,91,91457,1,1,7,4,3,Départementale,90.0,1
202400000462,2024-07-20,soirée,,,57,57289,1,1,7,3,3,Départementale,110.0,1
202400000463,2024-05-02,nuit,,,84,84007,3,2,7,4,3,Départementale,90.0,3
202400000464,2024-09-18,après-midi,,,974,97411,1,1,3,4,4,Voie communale,50.0,1
202400000465,2024-09-18,après-midi,,,974,97411,1,1,3,3,4,Voie communale,50.0,1
202400000466,2024-04-30,soirée,,,79,79191,1,8,3,4,4,Voie communale,30.0,1
202400000467,2024-09-17,matin,,,973,97302,2,1,7,4,4,Voie communale,,1
202400000468,2024-05-01,matin,,,77,77350,1,1,2,4,3,Départementale,80.0,1
202400000469,2024-05-01,matin,,,77,77215,1,1,2,4,3,Départementale,110.0,1
202400000470,2024-05-01,après-midi,,,76,76131,1,2,7,3,4,Voie communale,80.0,2
202400000471,2024-05-01,soirée,,,73,73065,5,1,7,3,4,Voie communale,30.0,1
202400000472,2024-09-18,après-midi,,,95,95219,1,1,6,4,3,Départementale,50.0,1
202400000473,2024-05-01,après-midi,,,69,69266,1,1,6,4,4,Voie communale,30.0,1
202400000474,2024-09-17,après-midi,,,95,95252,1,1,6,4,3,Départementale,50.0,1
202400000475,2024-05-01,après-midi,,,69,69264,1,1,3,4,4,Voie communale,50.0,1
202400000476,2024-09-18,nuit,,,95,95288,4,1,6,2,3,Départementale,70.0,1
202400000477,2024-05-01,soirée,,,62,62262,1,1,6,4,3,Départementale,50.0,1
202400000478,2024-09-18,soirée,,,91,91027,5,1,1,4,4,Voie communale,50.0,1
202400000479,2024-09-18,matin,,,84,84007,1,1,6,4,4,Voie communale,50.0,1
202400000480,2024-05-01,soirée,,,59,59350,2,1,1,4,4,Voie communale,50.0,1
202400000481,2024-09-16,matin,,,84,84007,1,1,6,4,4,Voie communale,10.0,1
202400000482,2024-04-28,soirée,,,59,59143,1,1,1,3,4,Voie communale,50.0,1
202400000483,2024-09-18,matin,,,82,82033,1,1,3,4,4,Voie communale,50.0,1
202400000484,2024-05-01,après-midi,,,54,54395,1,1,6,4,4,Voie communale,30.0,1
202400000485,2024-09-18,soirée,,,81,81060,3,1,6,4,3,Départementale,50.0,1
202400000486,2024-05-01,matin,,,51,51454,1,1,7,4,4,Voie communale,50.0,1
202400000487,2024-05-01,après-midi,,,49,49007,1,3,3,3,4,Voie communale,50.0,2
202400000488,2024-09-17,après-midi,,,72,72181,1,1,3,4,4,Voie communale,,1
202400000489,2024-05-01,nuit,,,45,45232,5,8,6,3,3,Départementale,50.0,2
202400000490,2024-09-16,après-midi,,,72,72181,1,1,3,4,4,Voie communale,50.0,1
202400000491,2024-04-25,soirée,,,42,42189,1,1,2,4,7,Autre,50.0,1
202400000492,2024-09-18,après-midi,,,67,67482,1,1,3,4,4,Voie communale,30.0,1
202400000493,2024-09-18,matin,,,64,64122,1,1,5,4,4,Voie communale,30.0,1
202400000494,2024-09-17,soirée,,,64,64102,1,1,2,4,4,Voie communale,30.0,1
202400000495,2024-05-01,après-midi,,,35,35238,1,1,3,3,4,Voie communale,30.0,1
202400000496,2024-09-17,matin,,,64,64024,1,1,6,4,4,Voie communale,50.0,1
202400000497,2024-04-26,matin,,,34,34301,1,1,3,4,4,Voie communale,50.0,1
202400000498,2024-09-18,matin,,,61,61001,1,1,6,4,4,Voie communale,30.0,1
202400000499,2024-05-01,nuit,,,34,34172,5,1,1,4,4,Voie communale,50.0,1
202400000500,2024-09-18,après-midi,,,59,59650,1,1,6,4,4,Voie communale,50.0,1
202400000501,2024-09-18,matin,,,59,59183,1,1,3,2,3,Départementale,50.0,1
202400000502,2024-05-02,nuit,,,33,33063,5,2,3,3,4,Voie communale,30.0,2
202400000503,2024-09-18,matin,,,57,57221,1,1,6,4,3,Départementale,50.0,1
202400000504,2024-05-01,soirée,,,33,33529,3,2,7,4,2,Nationale,80.0,2
202400000505,2024-09-17,après-midi,,,56,56260,1,1,6,4,4,Voie communale,20.0,1
202400000506,2024-05-01,matin,,,31,31555,1,2,5,4,1,Autoroute,70.0,2
202400000507,2024-09-17,matin,,,56,56121,1,1,7,4,4,Voie communale,6.0,1
202400000508,2024-05-01,nuit,,,27,27375,3,2,6,4,3,Départementale,80.0,2
202400000509,2024-09-17,après-midi,,,56,56098,1,1,3,4,4,Voie communale,30.0,1
202400000510,2024-09-17,matin,,,56,56121,1,1,6,4,4,Voie communale,30.0,1
202400000511,2024-05-01,soirée,,,25,25056,1,1,1,4,4,Voie communale,50.0,1
202400000512,2024-09-17,matin,,,54,54498,1,1,6,4,4,Voie communale,50.0,1
202400000513,2024-09-12,après-midi,,,54,54265,1,1,3,4,7,Autre,50.0,1
202400000514,2024-09-18,matin,,,51,51454,1,1,3,4,4,Voie communale,30.0,1
202400000515,2024-05-01,après-midi,,,19,19031,1,3,3,4,4,Voie communale,50.0,2
202400000516,2024-09-17,après-midi,,,51,51454,1,1,6,3,4,Voie communale,50.0,1
202400000517,2024-04-17,nuit,,,17,17380,5,1,3,4,4,Voie communale,50.0,1
202400000518,2024-05-01,nuit,,,13,13208,5,1,3,4,4,Voie communale,50.0,1
202400000519,2024-09-18,matin,,,47,47001,1,1,3,4,3,Départementale,30.0,1
202400000520,2024-05-02,nuit,,,06,06088,5,3,6,3,4,Voie communale,50.0,2
202400000521,2024-05-01,nuit,,,75,75118,5,2,3,4,4,Voie communale,30.0,2
202400000522,2024-09-18,soirée,,,41,41018,5,1,7,3,4,Voie communale,30.0,1
202400000523,2024-05-01,matin,,,75,75116,2,1,6,4,4,Voie communale,30.0,1
202400000524,2024-09-18,soirée,,,33,33063,1,1,3,4,4,Voie communale,30.0,1
202400000525,2024-09-18,matin,,,33,33281,1,1,2,4,4,Voie communale,50.0,1
202400000526,2024-05-01,après-midi,,,75,75111,1,1,3,4,4,Voie communale,30.0,1
202400000527,2024-09-17,après-midi,,,29,29019,1,1,3,4,4,Voie communale,50.0,1
202400000528,2024-05-01,nuit,,,75,75107,3,3,3,4,4,Voie communale,30.0,2
202400000529,2024-04-30,soirée,,,75,75115,5,2,6,4,4,Voie communale,30.0,2
202400000530,2024-04-30,soirée,,,94,94028,1,1,3,4,4,Voie communale,30.0,1
202400000531,2024-09-18,nuit,,,25,25462,5,1,3,4,4,Voie communale,50.0,1
202400000532,2024-04-22,nuit,,,93,93008,4,1,2,4,3,Départementale,30.0,1
202400000533,2024-09-18,après-midi,,,22,22187,1,1,2,4,2,Nationale,90.0,1
202400000534,2024-04-30,nuit,,,92,92024,5,2,7,4,4,Voie communale,30.0,2
202400000535,2024-09-18,après-midi,,,16,16089,1,1,3,3,3,Départementale,70.0,1
202400000536,2024-09-18,après-midi,,,13,13211,1,8,1,3,4,Voie communale,50.0,1
202400000537,2024-05-02,matin,,,37,37067,1,1,3,3,3,Départementale,50.0,1
202400000538,2024-09-18,matin,,,13,13213,2,1,2,4,4,Voie communale,50.0,1
202400000539,2024-05-01,soirée,,,54,54020,1,1,3,3,3,Départementale,80.0,1
202400000540,2024-09-18,matin,,,13,13001,1,1,3,3,4,Voie communale,50.0,1
202400000541,2024-10-13,matin,,,83,83131,1,1,2,3,3,Départementale,50.0,1
202400000542,2024-05-01,soirée,,,59,59238,1,1,1,4,3,Départementale,,1
202400000543,2024-10-24,après-midi,,,95,95660,1,1,2,3,3,Départementale,,1
202400000544,2024-09-12,après-midi,,,12,12089,1,1,6,4,4,Voie communale,50.0,1
202400000545,2024-05-02,matin,,,80,80016,2,1,6,3,4,Voie communale,50.0,1
202400000546,2024-10-24,matin,,,56,56188,1,8,6,4,3,Départementale,80.0,1
202400000547,2024-09-18,matin,,,11,11069,1,1,1,4,3,Départementale,50.0,9
202400000548,2024-10-24,soirée,,,56,56185,3,3,6,3,3,Départementale,70.0,2
202400000549,2024-04-30,soirée,,,64,64057,1,1,6,3,3,Départementale,50.0,1
202400000550,2024-10-22,après-midi,,,56,56094,1,1,3,3,3,Départementale,80.0,1
202400000551,2024-09-17,soirée,,,11,11069,1,1,5,4,4,Voie communale,50.0,1
202400000552,2024-05-02,après-midi,,,68,68315,1,2,3,4,3,Départementale,50.0,2
202400000553,2024-05-01,après-midi,,,68,68315,1,1,6,4,3,Départementale,,1
202400000554,2024-10-24,après-midi,,,56,56090,1,1,1,4,3,Départementale,80.0,1
202400000555,2024-09-18,matin,,,06,06012,1,2,3,3,3,Départementale,50.0,2
202400000556,2024-04-30,matin,,,03,03073,1,1,3,4,1,Autoroute,130.0,1
202400000557,2024-10-22,matin,,,56,56101,1,5,2,4,2,Nationale,110.0,1
202400000558,2024-09-18,après-midi,,,06,06069,1,2,3,4,3,Départementale,,2
202400000559,2024-05-02,nuit,,,56,56026,3,1,7,3,4,Voie communale,80.0,1
202400000560,2024-09-13,après-midi,,,05,05061,1,1,6,4,3,Départementale,80.0,1
202400000561,2024-10-24,après-midi,,,59,59094,2,1,1,3,3,Départementale,80.0,1
202400000562,2024-10-25,soirée,,,78,78020,1,1,7,4,3,Départementale,80.0,1
202400000563,2024-09-18,après-midi,,,75,75119,1,1,6,4,4,Voie communale,30.0,1
202400000564,2024-05-02,après-midi,,,2B,2B318,1,3,6,4,2,Nationale,70.0,2
202400000565,2024-10-22,matin,,,11,11254,2,3,5,3,3,Départementale,80.0,2
202400000566,2024-09-18,après-midi,,,75,75119,1,1,6,3,4,Voie communale,30.0,1
202400000567,2024-05-02,matin,,,80,80116,1,1,3,3,3,Départementale,80.0,1
202400000568,2024-10-24,soirée,,,63,63160,1,1,7,3,3,Départementale,90.0,1
202400000569,2024-09-17,nuit,,,75,75118,5,1,2,4,4,Voie communale,30.0,1
202400000570,2024-04-30,nuit,,,49,49223,5,1,3,4,4,Voie communale,30.0,1
202400000571,2024-10-25,après-midi,,,76,76711,1,1,7,4,4,Voie communale,30.0,1
202400000572,2024-09-18,soirée,,,75,75116,1,1,2,4,4,Voie communale,50.0,1
202400000573,2024-05-02,après-midi,,,22,22207,1,1,7,3,3,Départementale,80.0,1
202400000574,2024-10-24,après-midi,,,61,61414,1,1,2,4,3,Départementale,50.0,1
202400000575,2024-08-10,nuit,,,89,89024,5,1,3,3,4,Voie communale,50.0,1
202400000576,2024-10-24,matin,,,61,61283,1,1,6,4,3,Départementale,90.0,2
202400000577,2024-04-29,après-midi,,,22,22183,1,1,2,3,2,Nationale,110.0,1
202400000578,2024-09-18,après-midi,,,75,75116,1,1,1,4,4,Voie communale,50.0,1
202400000579,2024-08-07,matin,,,86,86194,1,1,3,2,4,Voie communale,30.0,1
202400000580,2024-05-02,matin,,,29,29185,3,1,6,2,3,Départementale,80.0,1
202400000581,2024-10-25,après-midi,,,55,55502,1,1,1,4,3,Départementale,50.0,1
202400000582,2024-09-18,matin,,,75,75116,1,1,3,4,4,Voie communale,50.0,1
202400000583,2024-08-13,nuit,,,85,85191,5,1,6,2,4,Voie communale,50.0,1
202400000584,2024-05-02,soirée,,,31,31033,2,1,6,4,3,Départementale,50.0,1
202400000585,2024-10-25,après-midi,,,12,12044,1,1,1,3,3,Départementale,90.0,1
202400000586,2024-09-18,matin,,,75,75115,1,1,6,4,4,Voie communale,30.0,1
202400000587,2024-05-01,matin,,,54,54447,1,1,6,2,3,Départementale,80.0,1
202400000588,2024-10-24,après-midi,,,42,42059,1,1,5,4,3,Départementale,80.0,1
202400000589,2024-10-24,soirée,,,46,46234,3,1,7,2,3,Départementale,80.0,1
202400000590,2024-08-13,soirée,,,84,84007,2,1,1,4,3,Départementale,50.0,1
202400000591,2024-09-17,après-midi,,,75,75114,1,1,6,4,4,Voie communale,50.0,1
202400000592,2024-08-13,matin,,,83,83062,1,9,6,3,4,Voie communale,30.0,1
202400000593,2024-10-24,après-midi,,,46,46231,1,1,6,4,3,Départementale,50.0,1
202400000594,2024-08-13,soirée,,,82,82033,1,1,6,4,4,Voie communale,50.0,1
202400000595,2024-10-25,après-midi,,,25,25228,1,1,1,2,3,Départementale,50.0,1
202400000596,2024-08-13,soirée,,,82,82033,1,1,2,4,4,Voie communale,50.0,1
202400000597,2024-05-01,matin,,,45,45193,1,2,1,4,3,Départementale,80.0,2
202400000598,2024-10-22,soirée,,,44,44067,2,1,3,4,3,Départementale,80.0,1
202400000599,2024-08-13,après-midi,,,78,78621,1,1,2,4,2,Nationale,70.0,1
202400000600,2024-05-01,après-midi,,,73,73241,1,1,7,4,3,Départementale,80.0,1
202400000601,2024-04-28,après-midi,,,43,43203,1,2,7,3,3,Départementale,80.0,2
202400000602,2024-08-13,nuit,,,78,78172,5,1,2,4,3,Départementale,,1
202400000603,2024-05-02,après-midi,,,21,21640,1,2,1,4,3,Départementale,90.0,8
202400000604,2024-08-13,matin,,,77,77373,1,1,1,4,4,Voie communale,50.0,1
202400000605,2024-08-12,nuit,,,77,77131,3,1,7,3,3,Départementale,80.0,1
202400000606,2024-05-01,soirée,,,21,21562,1,1,1,4,3,Départementale,80.0,1
202400000607,2024-05-02,soirée,,,21,21534,2,1,7,4,3,Départementale,80.0,1
202400000608,2024-08-12,après-midi,,,76,76351,1,1,3,4,4,Voie communale,50.0,1
202400000609,2024-05-01,nuit,,,40,40175,3,1,6,3,3,Départementale,80.0,1
202400000610,2024-05-01,soirée,,,27,27685,1,1,6,2,3,Départementale,,2
202400000611,2024-08-13,après-midi,,,69,69290,1,1,4,4,4,Voie communale,50.0,1
202400000612,2024-05-02,après-midi,,,37,37045,1,1,6,2,3,Départementale,80.0,1
202400000613,2024-08-13,nuit,,,67,67482,5,1,1,4,7,Autre,50.0,1
202400000614,2024-08-12,après-midi,,,67,67462,1,1,6,2,4,Voie communale,40.0,1
202400000615,2024-02-26,matin,,,60,60030,1,1,6,3,1,Autoroute,130.0,1
202400000616,2024-08-13,après-midi,,,64,64445,1,2,2,4,4,Voie communale,50.0,2
202400000617,2024-05-01,matin,,,987,98715,1,1,3,3,2,Nationale,50.0,1
202400000618,2024-08-12,après-midi,,,64,64445,1,1,3,4,4,Voie communale,50.0,1
202400000619,2024-05-02,nuit,,,67,67117,2,1,7,4,1,Autoroute,90.0,1
202400000620,2024-05-02,après-midi,,,90,90034,1,3,2,4,1,Autoroute,110.0,2
202400000621,2024-08-13,après-midi,,,59,59512,1,8,3,4,4,Voie communale,50.0,2
202400000622,2024-08-12,après-midi,,,59,59569,1,1,3,3,3,Départementale,50.0,1
202400000623,2024-05-01,nuit,,,976,97617,3,1,5,4,3,Départementale,70.0,1
202400000624,2024-05-02,nuit,,,77,77065,3,9,6,3,1,Autoroute,50.0,1
202400000625,2024-08-10,matin,,,59,59334,1,1,3,4,3,Départementale,90.0,1