Num_Acc,date,time_of_day,lat,long,dep,com,lum,atm,col,severity_index,catr,catr_label,vma,surf
202400000626,2024-04-30,soirée,,,973,97305,3,1,6,3,2,Nationale,80.0,1
202400000627,2024-08-13,matin,,,54,54395,1,1,1,3,4,Voie communale,30.0,1
202400000628,2024-05-01,nuit,,,971,97117,3,1,6,3,4,Voie communale,90.0,1
202400000629,2024-05-01,après-midi,,,2B,2B134,1,1,6,3,4,Voie communale,50.0,1
202400000630,2024-08-10,après-midi,,,50,50129,1,1,7,4,4,Voie communale,50.0,1
202400000631,2024-04-30,matin,,,83,83138,1,1,1,3,3,Départementale,80.0,1
202400000632,2024-08-13,soirée,,,49,49007,1,1,5,4,4,Voie communale,50.0,1
202400000633,2024-03-20,matin,,,89,89257,1,1,2,3,3,Départementale,50.0,1
202400000634,2024-08-13,après-midi,,,49,49007,1,1,4,4,3,Départementale,90.0,1
202400000635,2024-05-02,après-midi,,,71,71588,1,3,2,4,2,Nationale,110.0,2
202400000636,2024-05-01,matin,,,71,71176,2,1,6,3,3,Départementale,80.0,2
202400000637,2024-08-13,après-midi,,,45,45302,1,1,1,4,7,Autre,50.0,1
202400000638,2024-04-29,soirée,,,01,01397,1,1,3,3,3,Départementale,50.0,1
202400000639,2024-08-13,matin,,,45,45234,1,2,3,4,4,Voie communale,50.0,2
202400000640,2024-05-01,soirée,,,69,69191,1,2,3,3,7,Autre,50.0,2
202400000641,2024-08-12,soirée,,,45,45234,1,1,6,3,4,Voie communale,50.0,1
202400000642,2024-04-30,matin,,,86,86274,1,1,6,4,3,Départementale,50.0,1
202400000643,2024-08-13,soirée,,,45,45004,1,1,2,4,3,Départementale,50.0,1
202400000644,2024-05-01,après-midi,,,86,86100,1,2,3,3,3,Départementale,80.0,2
202400000645,2024-08-13,matin,,,42,42187,1,1,6,3,3,Départementale,30.0,1
202400000646,2024-05-01,après-midi,,,86,86019,1,3,7,2,3,Départementale,90.0,2
202400000647,2024-08-05,après-midi,,,40,40088,1,1,6,3,4,Voie communale,50.0,1
202400000648,2024-04-08,matin,,,29,29124,1,1,3,3,4,Voie communale,50.0,1
202400000649,2024-07-31,après-midi,,,40,40279,1,1,7,4,3,Départementale,50.0,1
202400000650,2024-08-13,après-midi,,,37,37214,1,1,6,4,4,Voie communale,50.0,1
202400000651,2024-05-01,nuit,,,69,69382,5,1,5,4,7,Autre,50.0,1
202400000652,2024-05-01,matin,,,91,91161,1,1,7,4,1,Autoroute,110.0,1
202400000653,2024-08-13,après-midi,,,35,35238,1,1,5,4,2,Nationale,90.0,1
202400000654,2024-05-01,nuit,,,77,77384,3,1,3,4,1,Autoroute,110.0,1
202400000655,2024-08-13,après-midi,,,35,35238,1,1,3,4,4,Voie communale,30.0,1
202400000656,2024-05-01,après-midi,,,93,93066,1,1,2,4,1,Autoroute,90.0,1
202400000657,2024-02-26,après-midi,,,74,74010,1,1,6,4,4,Voie communale,30.0,1
202400000658,2024-08-13,après-midi,,,35,35238,1,1,3,4,4,Voie communale,50.0,1
202400000659,2024-02-13,matin,,,74,74010,5,1,3,4,4,Voie communale,30.0,1
202400000660,2024-02-19,matin,,,37,37261,5,2,7,4,4,Voie communale,50.0,2
202400000661,2024-08-13,matin,,,35,35051,1,2,2,4,4,Voie communale,50.0,2
202400000662,2024-04-19,soirée,,,987,98735,3,1,3,3,2,Nationale,30.0,1
202400000663,2024-04-30,matin,,,976,97611,1,1,7,4,2,Nationale,50.0,1
202400000664,2024-08-13,matin,,,35,35238,1,2,3,4,4,Voie communale,30.0,2
202400000665,2024-05-01,nuit,,,974,97411,3,1,6,4,2,Nationale,70.0,1
202400000666,2024-08-13,soirée,,,34,34129,5,1,6,4,4,Voie communale,50.0,1
202400000667,2024-04-30,nuit,,,974,97411,5,1,3,4,4,Voie communale,50.0,1
202400000668,2024-04-29,soirée,,,973,97302,5,1,3,3,4,Voie communale,50.0,1
202400000669,2024-08-10,soirée,,,34,34336,1,1,3,4,4,Voie communale,70.0,1
202400000670,2024-04-30,soirée,,,69,69387,1,1,6,4,4,Voie communale,30.0,1
202400000671,2024-08-13,après-midi,,,33,33009,1,1,3,4,4,Voie communale,50.0,1
202400000672,2024-04-30,après-midi,,,69,69383,1,1,6,4,4,Voie communale,30.0,1
202400000673,2024-04-30,après-midi,,,972,97213,1,1,7,3,2,Nationale,70.0,1
202400000674,2024-08-13,soirée,,,31,31555,1,1,3,4,4,Voie communale,50.0,1
202400000675,2024-04-30,matin,,,972,97209,1,1,1,4,4,Voie communale,50.0,1
202400000676,2024-08-12,soirée,,,31,31555,2,1,3,4,4,Voie communale,50.0,1
202400000677,2024-04-30,après-midi,,,971,97113,1,1,6,4,3,Départementale,80.0,1
202400000678,2024-08-12,matin,,,29,29019,1,1,6,3,4,Voie communale,50.0,1
202400000679,2024-04-29,après-midi,,,971,97113,2,1,2,4,2,Nationale,70.0,1
202400000680,2024-04-30,après-midi,,,2A,2A004,1,1,2,4,2,Nationale,70.0,1
202400000681,2024-08-12,soirée,,,22,22113,1,1,3,4,4,Voie communale,80.0,1
202400000682,2024-04-29,après-midi,,,95,95218,1,1,6,3,4,Voie communale,50.0,1
202400000683,2024-02-26,après-midi,,,95,95018,1,1,6,2,3,Départementale,30.0,1
202400000684,2024-08-13,matin,,,13,13206,1,1,1,4,4,Voie communale,50.0,1
202400000685,2024-08-13,matin,,,13,13209,1,1,1,4,4,Voie communale,50.0,1
202400000686,2024-04-29,après-midi,,,91,91570,1,1,3,4,4,Voie communale,50.0,1
202400000687,2024-04-26,nuit,,,88,88209,5,1,1,4,3,Départementale,50.0,1
202400000688,2024-04-29,matin,,,87,87085,1,1,7,4,4,Voie communale,30.0,1
202400000689,2024-08-13,matin,,,13,13216,1,1,3,4,4,Voie communale,50.0,1
202400000690,2024-04-28,nuit,,,87,87085,5,2,7,4,4,Voie communale,50.0,2
202400000691,2024-08-13,matin,,,13,13047,1,1,6,4,4,Voie communale,30.0,1
202400000692,2024-04-26,nuit,,,87,87085,5,2,5,4,2,Nationale,50.0,2
202400000693,2024-08-12,après-midi,,,13,13098,1,1,2,4,3,Départementale,50.0,1
202400000694,2024-04-30,après-midi,,,85,85191,1,1,3,4,4,Voie communale,50.0,1
202400000695,2024-08-12,après-midi,,,12,12084,1,1,1,3,4,Voie communale,80.0,1
202400000696,2024-04-30,matin,,,83,83062,1,1,6,2,6,Autre,30.0,1
202400000697,2024-08-12,soirée,,,10,10362,1,1,7,4,4,Voie communale,50.0,1
202400000698,2024-04-30,matin,,,83,83137,1,1,3,4,3,Départementale,50.0,1
202400000699,2024-04-30,nuit,,,80,80131,3,1,1,2,3,Départementale,80.0,1
202400000700,2024-08-13,matin,,,75,75115,1,1,2,4,4,Voie communale,70.0,1
202400000701,2024-04-25,après-midi,,,77,77326,1,1,1,2,3,Départementale,70.0,1
202400000702,2024-08-12,matin,,,75,75118,1,1,4,4,4,Voie communale,70.0,1
202400000703,2024-04-29,après-midi,,,77,77251,1,1,6,3,4,Voie communale,50.0,1
202400000704,2024-08-12,nuit,,,75,75118,5,1,6,4,4,Voie communale,30.0,1
202400000705,2024-04-29,après-midi,,,77,77445,1,8,6,3,4,Voie communale,50.0,1
202400000706,2024-04-30,matin,,,76,76351,1,1,3,4,4,Voie communale,50.0,1
202400000707,2024-08-12,après-midi,,,75,75120,1,1,3,4,4,Voie communale,50.0,1
202400000708,2024-04-30,après-midi,,,74,74012,1,1,6,4,4,Voie communale,50.0,1
202400000709,2024-04-30,après-midi,,,71,71153,1,8,6,4,4,Voie communale,30.0,1
202400000710,2024-08-13,soirée,,,75,75118,1,1,3,4,4,Voie communale,30.0,1
202400000711,2024-04-30,soirée,,,67,67482,1,1,1,4,4,Voie communale,50.0,1
202400000712,2024-08-13,après-midi,,,75,75117,1,1,3,4,4,Voie communale,30.0,1
202400000713,2024-04-30,après-midi,,,67,67482,1,1,3,4,4,Voie communale,50.0,1
202400000714,2024-08-13,matin,,,75,75117,1,8,3,4,4,Voie communale,30.0,1
202400000715,2024-04-29,soirée,,,67,67447,1,1,3,4,7,Autre,30.0,1
202400000716,2024-08-13,après-midi,,,75,75113,1,1,6,4,4,Voie communale,50.0,1
202400000717,2024-04-30,matin,,,66,66136,1,2,6,3,4,Voie communale,50.0,2
202400000718,2024-08-13,après-midi,,,75,75112,1,1,6,4,4,Voie communale,50.0,1
202400000719,2024-08-13,soirée,,,94,94073,1,1,7,4,2,Nationale,50.0,1
202400000720,2024-04-24,matin,,,59,59515,1,1,3,4,3,Départementale,50.0,1
202400000721,2024-04-05,après-midi,,,59,59606,1,1,6,2,4,Voie communale,30.0,1
202400000722,2024-08-13,après-midi,,,94,94054,1,1,3,4,4,Voie communale,10.0,1
202400000723,2024-08-12,après-midi,,,94,94077,1,1,6,3,4,Voie communale,1.0,1
202400000724,2024-04-30,soirée,,,59,59299,1,2,2,4,7,Autre,50.0,2
202400000725,2024-08-12,nuit,,,94,94079,5,1,6,4,3,Départementale,30.0,1
202400000726,2024-04-30,matin,,,59,59350,1,1,6,4,4,Voie communale,30.0,1
202400000727,2024-04-30,nuit,,,56,56260,4,1,6,4,4,Voie communale,50.0,2
202400000728,2024-08-12,après-midi,,,94,94071,1,1,3,3,3,Départementale,50.0,1
202400000729,2024-04-30,après-midi,,,56,56121,1,3,6,4,4,Voie communale,30.0,2
202400000730,2024-08-13,après-midi,,,93,93066,1,1,3,4,4,Voie communale,50.0,1
202400000731,2024-04-29,après-midi,,,56,56098,1,7,2,4,3,Départementale,30.0,1
202400000732,2024-08-13,après-midi,,,93,93066,1,8,6,4,3,Départementale,50.0,1
202400000733,2024-04-30,après-midi,,,51,51454,1,1,3,4,4,Voie communale,30.0,1
202400000734,2024-08-13,soirée,,,93,93053,1,1,3,4,3,Départementale,30.0,1
202400000735,2024-04-28,après-midi,,,51,51108,1,1,6,4,4,Voie communale,30.0,1
202400000736,2024-08-13,après-midi,,,93,93053,1,1,3,3,3,Départementale,50.0,1
202400000737,2024-04-29,soirée,,,50,50129,1,1,3,4,4,Voie communale,50.0,1
202400000738,2024-08-13,après-midi,,,93,93048,1,8,1,4,9,Autre,30.0,1
202400000739,2024-04-29,après-midi,,,49,49007,1,1,2,4,4,Voie communale,50.0,1
202400000740,2024-08-13,nuit,,,93,93046,5,1,3,4,4,Voie communale,50.0,1
202400000741,2024-04-30,soirée,,,47,47001,1,1,2,4,3,Départementale,30.0,1
202400000742,2024-08-13,soirée,,,93,93029,1,1,3,4,4,Voie communale,50.0,1
202400000743,2024-08-13,soirée,,,93,93029,1,1,6,4,4,Voie communale,50.0,1
202400000744,2024-04-30,soirée,,,44,44109,1,1,3,4,4,Voie communale,30.0,1
202400000745,2024-04-30,soirée,,,37,37214,1,1,6,4,4,Voie communale,30.0,1
202400000746,2024-08-13,soirée,,,93,93027,1,1,3,4,3,Départementale,50.0,1
202400000747,2024-04-30,matin,,,37,37122,1,1,1,4,4,Voie communale,50.0,1
202400000748,2024-07-28,matin,,,93,93008,1,7,6,3,4,Voie communale,50.0,1
202400000749,2024-04-30,soirée,,,36,36044,5,1,3,4,4,Voie communale,50.0,1
202400000750,2024-08-13,après-midi,,,92,92078,1,1,3,4,3,Départementale,,1
202400000751,2024-04-30,matin,,,35,35238,1,1,6,4,2,Nationale,90.0,1
202400000752,2024-07-02,soirée,,,92,92062,1,1,3,4,4,Voie communale,30.0,1
202400000753,2024-04-30,soirée,,,33,33065,1,1,5,4,4,Voie communale,50.0,1
202400000754,2024-08-13,soirée,,,92,92026,1,1,6,4,3,Départementale,50.0,1
202400000755,2024-04-30,matin,,,33,33063,1,1,3,4,4,Voie communale,50.0,1
202400000756,2024-08-13,matin,,,92,92025,2,1,3,4,3,Départementale,30.0,1
202400000757,2024-04-30,matin,,,33,33529,1,1,2,4,4,Voie communale,50.0,1
202400000758,2024-08-12,après-midi,,,92,92025,1,1,3,4,3,Départementale,50.0,1
202400000759,2024-04-30,après-midi,,,31,31555,1,1,6,3,4,Voie communale,50.0,1
202400000760,2024-08-12,après-midi,,,60,60533,1,7,3,4,3,Départementale,50.0,1
202400000761,2024-04-29,nuit,,,31,31555,5,2,2,4,4,Voie communale,50.0,2
202400000762,2024-08-14,matin,,,34,34276,1,1,2,3,3,Départementale,90.0,1
202400000763,2024-08-13,après-midi,,,02,02615,1,1,6,4,1,Autoroute,130.0,1
202400000764,2024-04-30,matin,,,27,27229,1,1,6,4,4,Voie communale,50.0,1
202400000765,2024-04-30,après-midi,,,25,25204,1,1,2,4,3,Départementale,70.0,1
202400000766,2024-08-13,nuit,,,06,06161,3,1,3,4,3,Départementale,50.0,1
202400000767,2024-04-29,après-midi,,,25,25462,1,1,6,4,4,Voie communale,50.0,1
202400000768,2024-08-10,après-midi,,,974,97410,1,1,1,3,2,Nationale,80.0,1
202400000769,2024-04-30,après-midi,,,25,25056,1,1,6,4,4,Voie communale,20.0,1
202400000770,2024-08-12,après-midi,,,62,62405,1,1,1,3,3,Départementale,50.0,1
202400000771,2024-08-13,matin,,,19,19269,1,1,6,3,4,Voie communale,50.0,1
202400000772,2024-04-30,après-midi,,,25,25056,1,1,7,4,3,Départementale,50.0,1
202400000773,2024-08-14,matin,,,76,76377,1,1,6,3,7,Autre,50.0,1
202400000774,2024-04-30,matin,,,22,22278,1,1,2,4,4,Voie communale,30.0,1
202400000775,2024-08-13,matin,,,82,82030,2,1,6,3,3,Départementale,70.0,1
202400000776,2024-02-27,nuit,,,21,21231,5,1,3,3,4,Voie communale,50.0,1
202400000777,2024-08-13,après-midi,,,82,82195,1,1,1,4,3,Départementale,80.0,1
202400000778,2024-07-09,après-midi,,,69,69084,1,1,3,3,3,Départementale,80.0,1
202400000779,2024-04-29,après-midi,,,19,19031,1,1,3,4,4,Voie communale,50.0,1
202400000780,2024-08-13,matin,,,32,32384,1,1,6,3,3,Départementale,90.0,1
202400000781,2024-04-30,après-midi,,,17,17306,1,1,3,4,3,Départementale,50.0,1
202400000782,2024-08-14,après-midi,,,12,12133,1,2,6,3,3,Départementale,50.0,2
202400000783,2024-04-30,matin,,,17,17306,1,1,6,4,4,Voie communale,30.0,1
202400000784,2024-04-30,après-midi,,,14,14366,1,1,7,3,4,Voie communale,30.0,1
202400000785,2024-08-13,après-midi,,,46,46073,1,1,1,4,3,Départementale,80.0,1
202400000786,2024-04-30,soirée,,,13,13211,1,1,3,4,4,Voie communale,50.0,1
202400000787,2024-08-14,après-midi,,,47,47185,1,2,7,3,3,Départementale,80.0,2
202400000788,2024-04-30,soirée,,,13,13216,1,1,2,4,4,Voie communale,50.0,1
202400000789,2024-08-12,après-midi,,,47,47106,1,1,3,3,3,Départementale,50.0,1
202400000790,2024-04-30,après-midi,,,13,13213,1,1,3,3,4,Voie communale,50.0,1
202400000791,2024-04-30,matin,,,13,13211,1,1,5,4,4,Voie communale,50.0,1
202400000792,2024-08-13,matin,,,86,86064,2,2,3,3,3,Départementale,50.0,2
202400000793,2024-08-13,après-midi,,,34,34293,1,1,6,3,3,Départementale,90.0,1
202400000794,2024-04-30,après-midi,,,13,13047,1,1,3,4,4,Voie communale,50.0,1
202400000795,2024-04-30,après-midi,,,13,13001,1,1,1,4,4,Voie communale,50.0,1
202400000796,2024-08-10,soirée,,,39,39128,1,1,3,3,3,Départementale,50.0,1
202400000797,2024-04-30,après-midi,,,11,11069,1,1,7,4,4,Voie communale,50.0,2
202400000798,2024-08-14,après-midi,,,38,38444,1,1,1,3,4,Voie communale,50.0,1
202400000799,2024-04-29,après-midi,,,11,11069,1,2,3,4,4,Voie communale,50.0,2
202400000800,2024-08-13,matin,,,05,05046,1,1,6,4,4,Voie communale,50.0,1
202400000801,2024-04-29,après-midi,,,11,11069,1,3,3,4,3,Départementale,50.0,2
202400000802,2024-08-14,après-midi,,,64,64436,1,2,3,4,3,Départementale,50.0,2
202400000803,2024-04-19,soirée,,,10,10333,1,1,7,4,4,Voie communale,50.0,1
202400000804,2024-08-13,après-midi,,,10,10423,1,7,1,3,4,Voie communale,50.0,1
202400000805,2024-04-29,matin,,,06,06069,1,1,3,4,4,Voie communale,30.0,1
202400000806,2024-08-13,soirée,,,07,07009,3,6,6,4,3,Départementale,90.0,1
202400000807,2024-04-27,soirée,,,02,02722,1,2,3,4,4,Voie communale,30.0,2
202400000808,2024-08-13,soirée,,,24,24520,2,1,6,3,3,Départementale,80.0,1
202400000809,2024-04-30,après-midi,,,01,01053,1,8,3,4,3,Départementale,50.0,1
202400000810,2024-08-10,nuit,,,04,04001,3,1,2,4,2,Nationale,80.0,1
202400000811,2024-04-30,après-midi,,,75,75112,1,1,3,4,4,Voie communale,70.0,1
202400000812,2024-04-30,après-midi,,,75,75116,1,1,3,4,4,Voie communale,70.0,1
202400000813,2024-08-14,nuit,,,17,17101,3,1,7,3,3,Départementale,80.0,1
202400000814,2024-04-30,nuit,,,75,75112,5,1,3,3,4,Voie communale,50.0,1
202400000815,2024-04-30,nuit,,,75,75105,5,1,3,4,4,Voie communale,30.0,1
202400000816,2024-08-13,après-midi,,,48,48051,1,1,3,3,2,Nationale,80.0,1
202400000817,2024-04-30,après-midi,,,75,75120,1,1,6,3,4,Voie communale,30.0,1
202400000818,2024-08-14,matin,,,06,06152,1,1,6,4,3,Départementale,70.0,1
202400000819,2024-04-30,matin,,,75,75120,1,2,3,4,4,Voie communale,50.0,2
202400000820,2024-08-14,nuit,,,60,60533,3,1,2,4,1,Autoroute,130.0,1
202400000821,2024-04-30,matin,,,75,75120,1,8,3,3,4,Voie communale,30.0,2
202400000822,2024-08-13,après-midi,,,974,97408,1,1,2,3,4,Voie communale,50.0,1
202400000823,2024-04-30,soirée,,,75,75115,1,1,1,4,4,Voie communale,30.0,2
202400000824,2024-07-30,soirée,,,971,97114,5,1,3,4,4,Voie communale,50.0,1
202400000825,2024-04-29,matin,,,75,75114,1,1,6,4,4,Voie communale,50.0,1
202400000826,2024-08-11,soirée,,,34,34145,1,1,1,4,3,Départementale,80.0,1
202400000827,2024-06-27,après-midi,,,34,34145,1,1,3,3,2,Nationale,,1
202400000828,2024-04-29,soirée,,,75,75112,1,1,3,4,4,Voie communale,30.0,1
202400000829,2024-08-14,après-midi,,,83,83047,1,1,3,4,4,Voie communale,50.0,1
202400000830,2024-08-14,nuit,,,54,54186,3,1,7,3,3,Départementale,80.0,1
202400000831,2024-04-29,nuit,,,75,75108,5,1,3,4,4,Voie communale,30.0,1
202400000832,2024-08-14,après-midi,,,03,03200,1,1,6,3,3,Départementale,90.0,1
202400000833,2024-04-29,après-midi,,,75,75103,1,1,6,4,4,Voie communale,30.0,1
202400000834,2024-08-13,soirée,,,63,63417,1,1,1,3,3,Départementale,90.0,2
202400000835,2024-04-27,soirée,,,94,94015,2,2,3,4,3,Départementale,50.0,2
202400000836,2024-08-12,matin,,,38,38545,1,1,2,3,7,Autre,50.0,1
202400000837,2024-04-30,soirée,,,94,94038,1,1,1,4,4,Voie communale,50.0,1
202400000838,2024-08-14,après-midi,,,07,07324,1,1,6,4,3,Départementale,30.0,1
202400000839,2024-04-30,soirée,,,94,94022,1,1,3,3,3,Départementale,50.0,1
202400000840,2024-08-12,matin,,,69,69028,1,1,1,4,4,Voie communale,30.0,1
202400000841,2024-04-30,après-midi,,,94,94069,1,1,3,4,3,Départementale,50.0,1
202400000842,2024-08-14,soirée,,,81,81251,1,2,6,4,4,Voie communale,80.0,2
202400000843,2024-07-30,matin,,,79,79020,1,1,3,4,3,Départementale,80.0,1
202400000844,2024-04-24,matin,,,94,94017,1,1,3,4,3,Départementale,50.0,1
202400000845,2024-08-13,nuit,,,40,40184,3,1,6,3,4,Voie communale,80.0,1
202400000846,2024-08-11,matin,,,33,33238,1,1,7,3,3,Départementale,80.0,1
202400000847,2024-04-26,soirée,,,94,94002,1,1,6,4,3,Départementale,50.0,1
202400000848,2024-08-13,après-midi,,,33,33159,1,1,7,2,9,Autre,,1
202400000849,2024-08-01,soirée,,,33,33449,1,1,3,3,4,Voie communale,50.0,1
202400000850,2024-07-22,après-midi,,,49,49298,1,1,3,4,3,Départementale,,1
202400000851,2024-08-14,matin,,,14,14488,1,1,2,3,3,Départementale,50.0,1
202400000852,2024-08-14,nuit,,,56,56241,3,1,6,3,3,Départementale,80.0,1
202400000853,2024-08-09,après-midi,,,22,22178,1,1,1,4,3,Départementale,80.0,1
202400000854,2024-08-12,après-midi,,,13,13214,1,1,2,4,1,Autoroute,70.0,1
202400000855,2024-08-12,matin,,,69,69290,1,1,4,3,1,Autoroute,90.0,1
202400000856,2024-08-12,après-midi,,,33,33318,1,1,6,4,1,Autoroute,70.0,1
202400000857,2024-08-08,matin,,,33,33013,1,1,3,4,2,Nationale,90.0,1
202400000858,2024-08-13,après-midi,,,75,75113,1,1,6,4,1,Autoroute,50.0,1
202400000859,2024-08-12,soirée,,,91,91136,1,1,6,4,1,Autoroute,50.0,1
202400000860,2024-08-13,après-midi,,,93,93051,1,1,2,4,1,Autoroute,90.0,1
202400000861,2024-08-13,matin,,,77,77450,1,1,7,4,2,Nationale,90.0,1
202400000862,2024-08-12,soirée,,,94,94069,1,1,4,4,1,Autoroute,90.0,1
202400000863,2024-08-12,après-midi,,,94,94074,1,1,6,4,2,Nationale,90.0,1
202400000864,2024-08-12,matin,,,94,94081,1,1,6,3,1,Autoroute,90.0,1
202400000865,2024-08-12,matin,,,77,77146,1,1,6,4,1,Autoroute,110.0,1
202400000866,2024-04-03,après-midi,,,35,35288,1,1,3,3,4,Voie communale,50.0,1
202400000867,2024-08-17,après-midi,,,988,98818,1,1,3,4,4,Voie communale,50.0,1
202400000868,2024-08-12,matin,,,974,97416,1,1,6,4,4,Voie communale,50.0,1
202400000869,2024-08-11,nuit,,,974,97416,5,1,3,4,4,Voie communale,30.0,1
202400000870,2024-08-12,après-midi,,,973,97302,1,1,6,4,4,Voie communale,50.0,1
202400000871,2024-08-12,matin,,,973,97302,1,1,3,4,3,Départementale,50.0,1
202400000872,2024-08-12,matin,,,973,97302,1,1,3,4,3,Départementale,50.0,1
202400000873,2024-08-06,soirée,,,972,97213,5,1,5,3,1,Autoroute,90.0,1
202400000874,2024-08-11,matin,,,972,97209,1,1,2,4,2,Nationale,50.0,1
202400000875,2024-08-12,nuit,,,69,69381,5,1,6,4,4,Voie communale,50.0,1
202400000876,2024-08-12,après-midi,,,2A,2A004,1,1,4,4,2,Nationale,70.0,1
202400000877,2024-08-12,après-midi,,,91,91434,1,1,6,4,4,Voie communale,50.0,1
202400000878,2024-08-09,soirée,,,89,89024,1,1,1,2,4,Voie communale,90.0,1
202400000879,2024-08-07,après-midi,,,30,30351,1,1,6,4,3,Départementale,50.0,1
202400000880,2024-08-07,après-midi,,,84,84007,1,1,3,4,4,Voie communale,50.0,1
202400000881,2024-08-07,matin,,,30,30351,1,1,3,4,3,Départementale,50.0,1
202400000882,2024-08-11,soirée,,,83,83061,1,1,1,3,3,Départementale,80.0,1
202400000883,2024-08-11,soirée,,,80,80021,1,1,6,4,4,Voie communale,30.0,1
202400000884,2024-08-12,après-midi,,,78,78551,1,1,3,4,4,Voie communale,30.0,1
202400000885,2024-08-04,soirée,,,77,77083,1,1,6,3,4,Voie communale,30.0,1
202400000886,2024-08-12,après-midi,,,76,76322,1,7,6,2,6,Autre,10.0,1
202400000887,2024-07-26,matin,,,76,76351,1,1,6,3,4,Voie communale,50.0,1
202400000888,2024-08-12,soirée,,,69,69290,1,1,2,4,4,Voie communale,50.0,1
202400000889,2024-08-12,matin,,,69,69290,1,1,3,4,7,Autre,50.0,1
202400000890,2024-08-12,soirée,,,67,67482,1,1,3,4,4,Voie communale,50.0,1
202400000891,2024-08-11,nuit,,,67,67462,5,1,6,4,4,Voie communale,40.0,1
202400000892,2024-08-12,soirée,,,64,64483,1,1,6,4,3,Départementale,50.0,1
202400000893,2024-08-12,nuit,,,64,64102,5,2,7,4,3,Départementale,50.0,2
202400000894,2024-08-12,matin,,,64,64102,1,1,7,4,4,Voie communale,50.0,1
202400000895,2024-08-12,matin,,,61,61001,1,1,6,2,3,Départementale,30.0,1
202400000896,2024-08-12,après-midi,,,59,59599,1,1,3,4,4,Voie communale,30.0,1
202400000897,2024-08-12,nuit,,,59,59512,5,1,3,4,4,Voie communale,50.0,1
202400000898,2024-08-11,nuit,,,56,56036,4,1,6,4,2,Nationale,90.0,1
202400000899,2024-08-11,après-midi,,,56,56162,1,7,3,4,3,Départementale,50.0,1
202400000900,2024-08-11,après-midi,,,54,54395,1,1,3,4,4,Voie communale,30.0,1
202400000901,2024-08-11,soirée,,,51,51454,1,1,6,4,4,Voie communale,50.0,1
202400000902,2024-08-11,après-midi,,,51,51454,1,1,3,4,4,Voie communale,30.0,1
202400000903,2024-08-10,après-midi,,,51,51454,1,1,3,4,4,Voie communale,50.0,1
202400000904,2024-08-12,après-midi,,,35,35238,1,1,6,4,4,Voie communale,30.0,1
202400000905,2024-08-07,matin,,,33,33550,1,1,3,4,4,Voie communale,50.0,1
202400000906,2024-08-12,soirée,,,33,33529,1,1,3,4,4,Voie communale,50.0,1
202400000907,2024-08-11,nuit,,,29,29039,4,1,3,4,4,Voie communale,50.0,1
202400000908,2024-08-12,après-midi,,,29,29019,1,1,4,4,4,Voie communale,50.0,1
202400000909,2024-08-12,nuit,,,27,27375,5,1,6,4,4,Voie communale,50.0,1
202400000910,2024-08-12,matin,,,26,26198,1,1,1,4,4,Voie communale,70.0,1
202400000911,2024-08-12,soirée,,,22,22187,1,1,6,4,4,Voie communale,30.0,1
202400000912,2024-08-12,soirée,,,14,14220,1,1,3,4,4,Voie communale,50.0,1
202400000913,2024-08-11,nuit,,,14,14715,4,1,6,4,4,Voie communale,50.0,1
202400000914,2024-08-12,nuit,,,13,13208,5,1,3,4,4,Voie communale,50.0,1
202400000915,2024-08-11,après-midi,,,13,13213,1,1,1,4,4,Voie communale,50.0,1
202400000916,2024-08-11,nuit,,,13,13207,5,1,1,4,4,Voie communale,50.0,1
202400000917,2024-08-07,après-midi,,,13,13001,1,1,3,4,4,Voie communale,50.0,1
202400000918,2024-08-10,soirée,,,07,07316,1,1,7,4,4,Voie communale,30.0,1
202400000919,2024-07-08,après-midi,,,94,94028,1,1,2,4,4,Voie communale,50.0,1
202400000920,2024-07-10,matin,,,93,93066,1,8,3,4,4,Voie communale,50.0,1
202400000921,2024-07-10,nuit,,,93,93051,5,1,2,4,3,Départementale,50.0,1
202400000922,2024-07-10,après-midi,,,93,93029,1,1,3,4,3,Départementale,30.0,1
202400000923,2024-07-09,soirée,,,93,93008,1,1,2,4,3,Départementale,50.0,1
202400000924,2024-07-09,matin,,,93,93005,1,1,6,4,4,Voie communale,50.0,1
202400000925,2024-07-09,après-midi,,,92,92076,1,2,6,4,4,Voie communale,30.0,2
202400000926,2024-07-09,nuit,,,92,92050,5,1,7,4,4,Voie communale,50.0,1
202400000927,2024-07-08,nuit,,,92,92024,5,1,1,4,3,Départementale,50.0,1
202400000928,2024-07-10,soirée,,,92,92012,1,1,3,4,3,Départementale,50.0,1
202400000929,2024-07-10,après-midi,,,92,92012,1,1,3,4,4,Voie communale,50.0,1
202400000930,2024-07-09,matin,,,92,92007,1,1,6,4,4,Voie communale,50.0,1
202400000931,2024-07-10,soirée,,,92,92002,1,1,3,4,3,Départementale,50.0,1
202400000932,2024-07-11,après-midi,,,60,60232,1,1,3,4,3,Départementale,80.0,1
202400000933,2024-07-11,nuit,,,60,60102,3,1,6,3,4,Voie communale,50.0,1
202400000934,2024-07-09,soirée,,,63,63026,1,1,7,3,3,Départementale,90.0,1
202400000935,2024-07-10,après-midi,,,51,51433,1,1,7,3,3,Départementale,80.0,1
202400000936,2024-07-10,nuit,,,85,85290,2,1,7,3,3,Départementale,,1