Num_Acc,date,time_of_day,lat,long,dep,com,lum,atm,col,severity_index,catr,catr_label,vma,surf
202400000937,2024-07-10,après-midi,,,12,12098,1,7,6,3,3,Départementale,30.0,1
202400000938,2024-07-11,nuit,,,71,71170,2,1,6,3,1,Autoroute,130.0,1
202400000939,2024-02-11,après-midi,,,87,87085,1,2,7,4,4,Voie communale,50.0,9
202400000940,2024-02-07,après-midi,,,87,87085,1,5,7,3,4,Voie communale,30.0,1
202400000941,2024-02-10,après-midi,,,85,85194,2,2,2,4,4,Voie communale,30.0,2
202400000942,2024-02-11,après-midi,,,84,84007,1,1,6,4,4,Voie communale,20.0,1
202400000943,2024-02-10,soirée,,,84,84007,3,2,4,4,3,Départementale,90.0,2
202400000944,2024-02-11,nuit,,,82,82033,3,6,6,4,3,Départementale,80.0,2
202400000945,2024-02-10,matin,,,76,76351,1,1,7,4,4,Voie communale,50.0,2
202400000946,2024-02-11,soirée,,,76,76351,5,1,2,4,4,Voie communale,50.0,1
202400000947,2024-02-11,après-midi,,,76,76351,1,1,2,4,3,Départementale,70.0,1
202400000948,2024-02-10,matin,,,76,76351,1,2,3,3,4,Voie communale,50.0,2
202400000949,2024-02-12,soirée,,,70,70513,5,2,3,3,4,Voie communale,50.0,2
202400000950,2024-02-12,après-midi,,,69,69266,1,1,3,4,4,Voie communale,50.0,1
202400000951,2024-02-12,après-midi,,,64,64122,1,1,2,4,4,Voie communale,50.0,1
202400000952,2024-02-11,soirée,,,64,64102,5,1,2,4,4,Voie communale,50.0,2
202400000953,2024-02-08,soirée,,,61,61169,5,3,6,3,3,Départementale,50.0,2
202400000954,2024-02-11,soirée,,,59,59163,5,1,-1,3,4,Voie communale,30.0,1
202400000955,2024-02-10,soirée,,,59,59574,5,2,6,3,4,Voie communale,50.0,2
202400000956,2024-02-07,matin,,,55,55029,1,1,6,3,4,Voie communale,30.0,1
202400000957,2024-02-12,après-midi,,,51,51454,1,1,4,4,4,Voie communale,50.0,2
202400000958,2024-02-12,matin,,,49,49007,5,2,3,4,4,Voie communale,30.0,2
202400000959,2024-02-12,matin,,,45,45147,5,1,6,4,4,Voie communale,50.0,1
202400000960,2024-02-12,soirée,,,37,37261,5,1,2,4,4,Voie communale,50.0,1
202400000961,2024-02-12,soirée,,,34,34172,5,2,6,4,4,Voie communale,50.0,2
202400000962,2024-02-12,matin,,,33,33281,1,8,1,4,4,Voie communale,50.0,2
202400000963,2024-02-11,soirée,,,33,33318,2,1,6,4,4,Voie communale,30.0,1
202400000964,2024-02-12,soirée,,,25,25056,5,1,3,4,4,Voie communale,50.0,1
202400000965,2024-02-11,nuit,,,15,15014,3,3,6,4,3,Départementale,90.0,2
202400000966,2024-02-11,matin,,,14,14243,3,2,6,4,4,Voie communale,50.0,2
202400000967,2024-02-11,après-midi,,,14,14118,1,2,7,4,4,Voie communale,50.0,2
202400000968,2024-02-12,soirée,,,13,13212,5,1,3,4,4,Voie communale,50.0,1
202400000969,2024-02-12,soirée,,,13,13001,2,1,3,4,4,Voie communale,50.0,1
202400000970,2024-02-11,soirée,,,12,12145,3,2,1,4,3,Départementale,90.0,2
202400000971,2024-02-08,après-midi,,,06,06083,1,1,2,4,3,Départementale,30.0,1
202400000972,2024-02-12,soirée,,,06,06069,5,1,3,4,3,Départementale,50.0,1
202400000973,2024-02-10,soirée,,,75,75117,5,1,1,4,4,Voie communale,70.0,1
202400000974,2024-02-12,soirée,,,75,75117,5,1,6,4,4,Voie communale,30.0,2
202400000975,2024-02-12,après-midi,,,75,75117,1,1,7,4,4,Voie communale,30.0,1
202400000976,2024-02-12,soirée,,,75,75115,5,1,7,4,4,Voie communale,30.0,1
202400000977,2024-02-12,matin,,,75,75110,1,1,6,4,4,Voie communale,30.0,1
202400000978,2024-02-12,matin,,,75,75104,1,1,3,4,4,Voie communale,30.0,1
202400000979,2024-02-12,matin,,,93,93046,1,1,1,4,4,Voie communale,50.0,1
202400000980,2024-02-11,nuit,,,93,93063,5,2,1,4,4,Voie communale,30.0,2
202400000981,2024-02-12,soirée,,,93,93079,5,1,6,4,3,Départementale,,1
202400000982,2024-02-12,soirée,,,93,93014,5,1,3,4,3,Départementale,50.0,1
202400000983,2024-02-11,nuit,,,93,93001,5,1,3,4,3,Départementale,50.0,1
202400000984,2024-02-12,matin,,,92,92051,1,1,3,4,3,Départementale,20.0,1
202400000985,2024-02-12,matin,,,92,92040,1,1,2,4,3,Départementale,50.0,1
202400000986,2024-02-12,matin,,,92,92040,1,1,6,4,3,Départementale,30.0,1
202400000987,2024-02-12,soirée,,,92,92035,5,1,2,4,3,Départementale,50.0,1
202400000988,2024-06-06,matin,,,974,97411,1,1,3,4,4,Voie communale,50.0,1
202400000989,2024-02-12,après-midi,,,92,92012,1,1,2,4,4,Voie communale,30.0,1
202400000990,2024-02-12,après-midi,,,972,97227,1,1,3,4,2,Nationale,90.0,1
202400000991,2024-06-07,matin,,,971,97101,1,1,5,4,3,Départementale,70.0,2
202400000992,2024-01-17,nuit,,,22,22030,3,2,6,4,3,Départementale,110.0,2
202400000993,2024-06-06,matin,,,971,97113,1,1,3,4,2,Nationale,50.0,1
202400000994,2024-02-13,après-midi,,,974,97410,1,1,3,4,2,Nationale,50.0,1
202400000995,2024-06-06,matin,,,971,97101,1,1,3,4,2,Nationale,70.0,1
202400000996,2024-02-08,soirée,,,62,62260,3,3,6,3,3,Départementale,90.0,2
202400000997,2024-06-07,après-midi,,,2A,2A004,1,1,1,4,4,Voie communale,50.0,1
202400000998,2024-06-07,après-midi,,,91,91103,1,1,2,4,2,Nationale,,-1
202400000999,2024-02-09,après-midi,,,83,83087,1,2,5,4,3,Départementale,,2
202400001000,2024-02-13,nuit,,,19,19241,3,2,6,2,3,Départementale,90.0,2
202400001001,2024-05-28,soirée,,,91,91425,1,1,3,4,3,Départementale,30.0,1
202400001002,2024-06-07,soirée,,,91,91201,1,1,3,4,3,Départementale,50.0,1
202400001003,2024-02-13,matin,,,79,79195,3,5,7,3,3,Départementale,50.0,1
202400001004,2024-06-06,après-midi,,,87,87085,1,1,6,4,4,Voie communale,50.0,1
202400001005,2024-02-13,matin,,,60,60299,2,1,1,4,3,Départementale,80.0,1
202400001006,2024-06-06,après-midi,,,87,87085,1,1,3,4,4,Voie communale,50.0,1
202400001007,2024-02-11,nuit,,,64,64419,3,1,6,4,3,Départementale,70.0,1
202400001008,2024-02-12,matin,,,07,07092,1,1,7,3,4,Voie communale,90.0,7
202400001009,2024-02-12,matin,,,53,53147,2,1,2,3,4,Voie communale,50.0,1
202400001010,2024-06-07,nuit,,,84,84007,5,1,1,4,4,Voie communale,50.0,1
202400001011,2024-02-13,après-midi,,,04,04209,1,1,6,3,3,Départementale,50.0,1
202400001012,2024-02-13,matin,,,85,85140,2,5,3,2,4,Voie communale,50.0,1
202400001013,2024-06-07,matin,,,81,81065,1,1,6,4,4,Voie communale,50.0,1
202400001014,2024-02-07,après-midi,,,17,17008,1,2,3,3,3,Départementale,90.0,2
202400001015,2024-06-07,matin,,,81,81004,1,1,6,4,4,Voie communale,50.0,1
202400001016,2024-02-13,matin,,,973,97309,1,1,3,4,3,Départementale,,1
202400001017,2024-02-12,soirée,,,44,44094,3,1,2,3,1,Autoroute,130.0,1
202400001018,2024-06-07,matin,,,80,80021,1,1,3,4,3,Départementale,50.0,1
202400001019,2024-02-09,nuit,,,974,97421,3,5,7,4,4,Voie communale,,2
202400001020,2024-06-07,soirée,,,78,78311,3,1,7,3,4,Voie communale,50.0,1
202400001021,2024-02-12,matin,,,13,13040,1,1,2,3,3,Départementale,80.0,1
202400001022,2024-02-12,après-midi,,,11,11190,1,1,6,3,4,Voie communale,,1
202400001023,2024-02-13,matin,,,84,84036,1,1,1,4,3,Départementale,,1
202400001024,2024-06-07,après-midi,,,78,78401,1,1,2,4,3,Départementale,50.0,1
202400001025,2024-02-12,nuit,,,06,06011,5,1,6,4,7,Autre,50.0,1
202400001026,2024-06-07,après-midi,,,78,78401,1,1,6,4,3,Départementale,50.0,1
202400001027,2024-02-12,après-midi,,,68,68154,1,1,2,4,4,Voie communale,50.0,1
202400001028,2024-06-07,après-midi,,,77,77169,1,1,7,3,4,Voie communale,50.0,1
202400001029,2024-02-12,nuit,,,57,57413,3,1,6,4,4,Voie communale,80.0,1
202400001030,2024-06-05,après-midi,,,77,77288,1,1,6,4,4,Voie communale,50.0,1
202400001031,2024-02-13,après-midi,,,07,07324,1,1,3,4,4,Voie communale,50.0,1
202400001032,2024-02-13,après-midi,,,65,65059,1,1,6,3,4,Voie communale,50.0,1
202400001033,2024-02-12,soirée,,,86,86229,2,1,7,3,4,Voie communale,50.0,1
202400001034,2024-06-05,après-midi,,,77,77487,1,1,3,4,4,Voie communale,50.0,1
202400001035,2024-02-11,après-midi,,,29,29046,1,1,3,4,4,Voie communale,50.0,1
202400001036,2024-06-07,après-midi,,,77,77243,1,1,6,4,3,Départementale,50.0,1
202400001037,2024-02-01,soirée,,,59,59611,5,1,2,3,7,Autre,70.0,1
202400001038,2024-02-12,nuit,,,69,69288,3,1,6,4,1,Autoroute,70.0,2
202400001039,2024-06-07,soirée,,,76,76540,1,1,7,3,4,Voie communale,50.0,1
202400001040,2024-02-11,matin,,,59,59581,1,1,4,3,1,Autoroute,110.0,1
202400001041,2024-06-07,après-midi,,,76,76540,1,1,6,4,7,Autre,50.0,1
202400001042,2024-02-09,soirée,,,92,92050,2,2,3,4,1,Autoroute,90.0,2
202400001043,2024-06-06,après-midi,,,76,76540,1,1,7,4,4,Voie communale,50.0,1
202400001044,2024-02-11,soirée,,,78,78640,3,1,2,4,2,Nationale,90.0,1
202400001045,2024-06-07,après-midi,,,72,72181,1,1,2,4,4,Voie communale,50.0,1
202400001046,2024-02-10,soirée,,,92,92036,3,2,6,4,1,Autoroute,50.0,2
202400001047,2024-02-11,nuit,,,95,95500,3,1,1,4,1,Autoroute,90.0,1
202400001048,2024-06-07,matin,,,72,72181,1,1,3,4,4,Voie communale,50.0,1
202400001049,2024-02-11,matin,,,93,93005,2,1,2,4,1,Autoroute,90.0,1
202400001050,2024-06-07,matin,,,71,71270,1,1,6,4,4,Voie communale,30.0,1
202400001051,2024-02-10,nuit,,,95,95500,3,1,2,4,1,Autoroute,90.0,2
202400001052,2024-06-07,après-midi,,,69,69266,1,1,1,4,4,Voie communale,30.0,1
202400001053,2024-02-10,nuit,,,93,93027,3,1,6,4,1,Autoroute,50.0,2
202400001054,2024-02-10,soirée,,,92,92036,3,1,3,4,1,Autoroute,90.0,2
202400001055,2024-06-07,nuit,,,67,67482,5,1,3,4,4,Voie communale,30.0,1
202400001056,2024-06-07,après-midi,,,66,66136,1,1,3,4,4,Voie communale,50.0,1
202400001057,2024-02-10,après-midi,,,95,95241,1,2,1,4,2,Nationale,110.0,2
202400001058,2024-06-07,après-midi,,,66,66136,1,1,2,4,4,Voie communale,50.0,1
202400001059,2024-02-12,après-midi,,,94,94081,1,1,5,4,1,Autoroute,90.0,1
202400001060,2024-06-07,après-midi,,,66,66136,1,1,3,4,4,Voie communale,50.0,1
202400001061,2024-02-12,nuit,,,94,94069,3,1,6,4,1,Autoroute,50.0,1
202400001062,2024-06-07,après-midi,,,66,66136,1,1,6,4,4,Voie communale,50.0,1
202400001063,2024-06-07,matin,,,66,66136,1,1,7,4,4,Voie communale,50.0,1
202400001064,2024-02-11,matin,,,973,97302,1,1,5,4,3,Départementale,50.0,1
202400001065,2024-06-06,après-midi,,,65,65226,1,1,7,3,3,Départementale,90.0,1
202400001066,2024-02-09,matin,,,973,97302,1,1,3,4,4,Voie communale,50.0,1
202400001067,2024-06-07,soirée,,,64,64445,1,1,2,4,3,Départementale,50.0,1
202400001068,2024-02-11,soirée,,,69,69386,5,1,3,3,4,Voie communale,30.0,1
202400001069,2024-06-06,après-midi,,,64,64445,1,1,3,4,4,Voie communale,50.0,1
202400001070,2024-02-12,nuit,,,2A,2A004,5,1,6,4,4,Voie communale,50.0,1
202400001071,2024-02-11,après-midi,,,95,95219,1,2,6,4,4,Voie communale,30.0,2
202400001072,2024-06-06,soirée,,,63,63113,1,1,3,3,7,Autre,80.0,1
202400001073,2024-02-12,nuit,,,91,91685,3,1,6,4,3,Départementale,50.0,2
202400001074,2024-06-06,après-midi,,,63,63113,1,2,3,4,4,Voie communale,50.0,2
202400001075,2024-02-11,nuit,,,91,91161,5,1,3,4,3,Départementale,50.0,2
202400001076,2024-02-11,soirée,,,81,81065,1,1,3,4,3,Départementale,50.0,1
202400001077,2024-06-06,nuit,,,62,62270,5,1,3,4,3,Départementale,50.0,1
202400001078,2024-02-11,nuit,,,77,77350,3,1,7,4,3,Départementale,90.0,2
202400001079,2024-06-07,soirée,,,59,59009,1,1,6,3,4,Voie communale,30.0,9
202400001080,2024-02-11,après-midi,,,69,69266,1,2,2,4,4,Voie communale,50.0,2
202400001081,2024-06-07,après-midi,,,59,59350,1,1,3,4,4,Voie communale,50.0,1
202400001082,2024-02-11,après-midi,,,64,64249,1,1,3,4,3,Départementale,50.0,1
202400001083,2024-06-05,matin,,,59,59328,1,1,3,3,4,Voie communale,50.0,1
202400001084,2024-02-11,après-midi,,,63,63113,1,1,6,4,4,Voie communale,30.0,1
202400001085,2024-06-07,soirée,,,54,54184,1,1,3,4,4,Voie communale,30.0,1
202400001086,2024-02-10,soirée,,,60,60057,1,2,6,4,4,Voie communale,50.0,2
202400001087,2024-06-05,soirée,,,54,54300,1,1,3,4,4,Voie communale,30.0,1
202400001088,2024-02-10,nuit,,,59,59350,5,2,1,2,7,Autre,50.0,2
202400001089,2024-02-11,soirée,,,54,54521,5,3,6,4,3,Départementale,50.0,2
202400001090,2024-06-07,après-midi,,,54,54261,1,1,6,4,4,Voie communale,50.0,1
202400001091,2024-02-11,après-midi,,,54,54382,1,1,6,4,3,Départementale,50.0,1
202400001092,2024-06-07,matin,,,51,51454,1,1,3,4,4,Voie communale,50.0,1
202400001093,2024-02-11,après-midi,,,54,54036,1,2,7,4,3,Départementale,80.0,2
202400001094,2024-02-11,après-midi,,,54,54099,1,2,7,4,3,Départementale,80.0,2
202400001095,2024-06-06,nuit,,,51,51474,3,1,3,4,4,Voie communale,50.0,1
202400001096,2024-02-11,matin,,,45,45338,5,2,6,3,4,Voie communale,50.0,2
202400001097,2024-06-06,après-midi,,,51,51454,1,1,3,4,4,Voie communale,50.0,1
202400001098,2024-06-07,matin,,,50,50218,1,1,4,4,3,Départementale,80.0,1
202400001099,2024-02-11,soirée,,,37,37261,5,8,3,4,4,Voie communale,50.0,2
202400001100,2024-06-06,soirée,,,50,50532,1,1,3,4,3,Départementale,30.0,1
202400001101,2024-02-11,après-midi,,,37,37233,1,1,3,4,4,Voie communale,50.0,1
202400001102,2024-06-06,soirée,,,50,50129,1,1,6,4,3,Départementale,50.0,1
202400001103,2024-02-11,soirée,,,34,34172,1,1,1,4,4,Voie communale,30.0,1
202400001104,2024-06-07,soirée,,,45,45234,1,1,6,3,3,Départementale,50.0,1
202400001105,2024-02-11,soirée,,,34,34172,2,1,6,4,4,Voie communale,30.0,1
202400001106,2024-06-07,soirée,,,45,45286,1,7,3,4,3,Départementale,50.0,1
202400001107,2024-02-10,soirée,,,25,25580,5,2,3,4,4,Voie communale,50.0,2
202400001108,2024-06-07,matin,,,45,45147,1,1,6,4,4,Voie communale,50.0,1
202400001109,2024-05-15,matin,,,42,42218,1,3,6,3,4,Voie communale,50.0,2
202400001110,2024-02-11,matin,,,25,25056,5,1,5,4,4,Voie communale,50.0,2
202400001111,2024-02-11,matin,,,22,22113,2,1,7,3,3,Départementale,80.0,2
202400001112,2024-06-05,après-midi,,,40,40192,1,1,3,4,4,Voie communale,50.0,1
202400001113,2024-02-10,soirée,,,22,22113,2,1,7,4,3,Départementale,80.0,1
202400001114,2024-06-07,soirée,,,38,38179,1,2,1,4,4,Voie communale,50.0,2
202400001115,2024-02-09,après-midi,,,13,13209,5,3,7,3,4,Voie communale,50.0,2
202400001116,2024-06-06,nuit,,,37,37261,5,1,6,4,4,Voie communale,50.0,1
202400001117,2024-01-31,matin,,,05,05061,1,1,6,3,2,Nationale,50.0,1
202400001118,2024-06-07,matin,,,35,35278,1,1,6,4,4,Voie communale,50.0,1
202400001119,2024-02-09,matin,,,75,75117,1,8,2,4,4,Voie communale,70.0,1
202400001120,2024-10-24,après-midi,,,31,31582,1,1,6,3,3,Départementale,80.0,1
202400001121,2024-06-07,matin,,,35,35238,1,1,3,4,4,Voie communale,30.0,1
202400001122,2024-02-11,après-midi,,,75,75119,1,1,6,4,4,Voie communale,30.0,1
202400001123,2024-02-10,matin,,,75,75117,1,2,6,4,4,Voie communale,30.0,2
202400001124,2024-06-07,nuit,,,34,34172,5,1,2,4,7,Autre,50.0,1
202400001125,2024-10-25,après-midi,,,03,03176,1,1,5,4,3,Départementale,90.0,1
202400001126,2024-06-07,matin,,,34,34172,1,1,2,4,2,Nationale,70.0,1
202400001127,2024-02-11,nuit,,,75,75115,5,1,6,4,4,Voie communale,30.0,1
202400001128,2024-02-10,matin,,,75,75115,1,2,6,3,4,Voie communale,30.0,2
202400001129,2024-06-06,soirée,,,34,34172,1,1,3,3,4,Voie communale,30.0,1
202400001130,2024-10-24,après-midi,,,58,58047,1,1,7,3,3,Départementale,80.0,1
202400001131,2024-02-11,après-midi,,,75,75115,1,2,6,4,4,Voie communale,30.0,2
202400001132,2024-06-07,soirée,,,34,34003,2,1,2,4,3,Départementale,30.0,1
202400001133,2024-10-24,matin,,,66,66016,1,1,6,3,3,Départementale,50.0,1
202400001134,2024-02-09,après-midi,,,75,75112,1,1,3,4,4,Voie communale,30.0,1
202400001135,2024-06-07,nuit,,,33,33063,5,1,1,4,4,Voie communale,50.0,1
202400001136,2024-10-24,après-midi,,,72,72328,1,1,6,3,4,Voie communale,50.0,1
202400001137,2024-06-07,après-midi,,,33,33069,1,2,6,4,4,Voie communale,50.0,2
202400001138,2024-02-11,matin,,,75,75110,5,2,7,4,4,Voie communale,30.0,2
202400001139,2024-06-06,nuit,,,33,33063,5,1,6,3,4,Voie communale,30.0,1
202400001140,2024-02-11,nuit,,,75,75108,4,1,3,4,4,Voie communale,50.0,1
202400001141,2024-10-24,nuit,,,06,06108,5,1,6,4,3,Départementale,50.0,1
202400001142,2024-06-07,soirée,,,29,29232,1,1,2,4,4,Voie communale,50.0,1
202400001143,2024-10-25,nuit,,,50,50182,3,2,6,3,3,Départementale,80.0,2
202400001144,2024-02-10,après-midi,,,75,75107,1,2,6,4,4,Voie communale,30.0,2
202400001145,2024-06-06,matin,,,29,29019,1,1,2,4,4,Voie communale,50.0,1
202400001146,2024-10-24,matin,,,09,09057,1,1,6,4,3,Départementale,80.0,1
202400001147,2024-02-11,matin,,,94,94022,1,2,1,4,1,Autoroute,50.0,2
202400001148,2024-02-10,nuit,,,94,94069,5,2,7,4,3,Départementale,30.0,2
202400001149,2024-10-21,matin,,,16,16044,1,1,3,4,3,Départementale,90.0,1
202400001150,2024-02-11,après-midi,,,93,93030,1,2,2,4,3,Départementale,30.0,2
202400001151,2024-06-06,matin,,,27,27229,1,1,3,4,4,Voie communale,50.0,1
202400001152,2024-10-24,soirée,,,16,16303,2,1,1,3,3,Départementale,80.0,9
202400001153,2024-02-11,nuit,,,93,93005,5,1,7,4,4,Voie communale,50.0,1
202400001154,2024-02-11,matin,,,92,92025,4,2,3,4,3,Départementale,50.0,2
202400001155,2024-06-07,soirée,,,22,22106,2,1,1,4,4,Voie communale,50.0,1
202400001156,2024-02-11,nuit,,,92,92024,5,1,6,4,3,Départementale,50.0,1
202400001157,2024-06-05,soirée,,,21,21054,1,1,6,3,4,Voie communale,50.0,1
202400001158,2024-10-24,soirée,,,07,07090,3,2,3,3,3,Départementale,90.0,2
202400001159,2024-02-11,soirée,,,92,92012,5,1,3,4,3,Départementale,50.0,1
202400001160,2024-06-07,après-midi,,,19,19031,1,1,6,4,4,Voie communale,50.0,1
202400001161,2024-02-12,matin,,,60,60223,5,1,6,3,3,Départementale,80.0,1
202400001162,2024-10-23,après-midi,,,53,53097,1,1,3,3,3,Départementale,50.0,1
202400001163,2024-06-07,nuit,,,17,17291,5,1,7,3,4,Voie communale,30.0,1
202400001164,2024-10-25,après-midi,,,85,85039,1,1,6,2,4,Voie communale,80.0,1
202400001165,2024-02-12,soirée,,,91,91235,5,2,6,3,4,Voie communale,50.0,2
202400001166,2024-06-07,soirée,,,17,17274,1,1,3,3,4,Voie communale,30.0,1
202400001167,2024-10-25,nuit,,,85,85108,3,1,6,3,3,Départementale,,1
202400001168,2024-02-12,après-midi,,,71,71286,1,1,1,2,3,Départementale,80.0,1
202400001169,2024-06-07,nuit,,,13,13001,5,1,3,4,4,Voie communale,50.0,1
202400001170,2024-06-07,matin,,,09,09225,1,8,3,4,4,Voie communale,50.0,1
202400001171,2024-10-24,soirée,,,33,33284,3,1,4,4,1,Autoroute,130.0,1
202400001172,2024-02-10,nuit,,,33,33081,5,3,1,3,3,Départementale,50.0,2
202400001173,2024-02-10,matin,,,31,31022,2,6,6,3,7,Autre,50.0,2
202400001174,2024-10-24,soirée,,,987,98715,3,1,6,3,2,Nationale,50.0,1
202400001175,2024-06-06,après-midi,,,06,06069,1,1,2,4,4,Voie communale,50.0,1
202400001176,2024-02-12,soirée,,,974,97401,1,1,1,3,3,Départementale,50.0,1
202400001177,2024-06-07,soirée,,,01,01451,1,1,2,4,3,Départementale,90.0,1
202400001178,2024-10-22,après-midi,,,69,69027,1,1,6,4,4,Voie communale,30.0,1
202400001179,2024-06-06,matin,,,75,75119,1,1,3,3,4,Voie communale,70.0,1
202400001180,2024-02-11,soirée,,,40,40014,3,1,6,4,1,Autoroute,110.0,2
202400001181,2024-10-23,soirée,,,17,17157,3,1,2,4,1,Autoroute,130.0,1
202400001182,2024-02-11,soirée,,,21,21247,3,3,7,3,1,Autoroute,130.0,2
202400001183,2024-10-21,matin,,,974,97408,1,1,6,3,3,Départementale,50.0,1
202400001184,2024-06-07,après-midi,,,75,75119,1,1,3,4,4,Voie communale,30.0,1
202400001185,2024-02-11,après-midi,,,43,43191,1,1,2,4,1,Autoroute,130.0,1
202400001186,2024-06-07,après-midi,,,75,75118,1,1,3,4,4,Voie communale,,1
202400001187,2024-02-06,après-midi,,,37,37194,1,1,3,4,1,Autoroute,130.0,1
202400001188,2024-06-21,soirée,,,13,13087,1,1,3,3,3,Départementale,80.0,1
202400001189,2024-06-07,après-midi,,,75,75116,1,1,3,4,4,Voie communale,30.0,1
202400001190,2024-02-12,matin,,,61,61385,1,1,7,4,1,Autoroute,130.0,1
202400001191,2024-10-22,nuit,,,45,45155,4,1,6,3,4,Voie communale,50.0,1
202400001192,2024-06-04,après-midi,,,75,75116,1,1,6,4,4,Voie communale,50.0,1
202400001193,2024-10-25,après-midi,,,91,91376,1,1,7,3,9,Autre,50.0,1
202400001194,2024-06-06,soirée,,,75,75114,1,1,6,4,4,Voie communale,30.0,1
202400001195,2024-02-10,soirée,,,56,56031,3,2,5,4,3,Départementale,80.0,2
202400001196,2024-05-31,soirée,,,75,75112,1,1,2,4,4,Voie communale,70.0,1
202400001197,2024-10-12,nuit,,,84,84129,3,5,6,3,3,Départementale,50.0,2
202400001198,2024-06-07,soirée,,,75,75111,1,1,3,4,4,Voie communale,,1
202400001199,2024-02-11,soirée,,,81,81145,3,1,1,4,3,Départementale,90.0,2
202400001200,2024-07-29,soirée,,,83,83068,2,1,3,3,3,Départementale,70.0,1
202400001201,2024-06-07,matin,,,75,75110,1,1,1,4,4,Voie communale,30.0,1
202400001202,2024-02-11,matin,,,42,42302,1,7,6,3,7,Autre,50.0,1
202400001203,2024-10-25,matin,,,06,06048,1,8,6,4,3,Départementale,80.0,2
202400001204,2024-06-06,soirée,,,75,75109,1,1,6,4,4,Voie communale,,1
202400001205,2024-02-10,après-midi,,,47,47174,1,2,3,3,3,Départementale,80.0,2
202400001206,2024-10-24,après-midi,,,89,89257,1,7,3,4,3,Départementale,50.0,1
202400001207,2024-06-07,soirée,,,75,75116,1,1,3,4,4,Voie communale,30.0,1
202400001208,2024-06-07,après-midi,,,75,75107,1,1,6,3,4,Voie communale,30.0,1
202400001209,2024-02-10,après-midi,,,29,29026,1,1,3,4,2,Nationale,110.0,1
202400001210,2024-10-22,matin,,,68,68163,1,1,3,3,4,Voie communale,50.0,1
202400001211,2024-06-07,matin,,,75,75107,1,1,6,3,4,Voie communale,30.0,1
202400001212,2024-02-09,après-midi,,,31,31136,1,1,3,4,3,Départementale,50.0,1
202400001213,2024-06-07,matin,,,75,75107,1,1,7,3,4,Voie communale,,1
202400001214,2024-01-26,soirée,,,03,03170,3,1,6,4,3,Départementale,90.0,1
202400001215,2024-10-24,soirée,,,57,57596,5,1,6,3,3,Départementale,,1
202400001216,2024-06-07,nuit,,,75,75107,5,1,6,4,4,Voie communale,30.0,1
202400001217,2024-02-12,après-midi,,,58,58065,1,1,6,4,3,Départementale,50.0,1
202400001218,2024-02-12,soirée,,,72,72247,3,1,7,2,4,Voie communale,80.0,1
202400001219,2024-06-06,nuit,,,94,94078,5,1,2,4,4,Voie communale,,1
202400001220,2024-10-24,après-midi,,,07,07272,1,3,7,3,3,Départementale,90.0,2
202400001221,2024-02-05,matin,,,14,14311,3,1,5,4,3,Départementale,90.0,1
202400001222,2024-06-06,soirée,,,94,94011,1,1,6,4,4,Voie communale,,1
202400001223,2024-10-12,après-midi,,,01,01185,1,3,6,2,3,Départementale,50.0,2
202400001224,2024-02-12,après-midi,,,50,50353,1,1,6,3,5,Autre,30.0,1
202400001225,2024-06-07,après-midi,,,94,94073,1,7,6,4,3,Départementale,50.0,1
202400001226,2024-02-12,nuit,,,09,09285,3,1,6,2,3,Départementale,80.0,1
202400001227,2024-10-23,matin,,,01,01385,1,1,3,3,3,Départementale,80.0,1
202400001228,2024-02-11,soirée,,,43,43153,3,8,7,4,2,Nationale,110.0,1
202400001229,2024-06-07,matin,,,94,94077,1,1,3,4,4,Voie communale,30.0,1
202400001230,2024-02-11,soirée,,,40,40122,5,1,7,3,3,Départementale,50.0,2
202400001231,2024-10-23,matin,,,33,33114,1,5,2,3,2,Nationale,110.0,1
202400001232,2024-02-08,soirée,,,87,87203,3,1,6,3,3,Départementale,80.0,2
202400001233,2024-06-07,soirée,,,94,94018,1,7,3,4,3,Départementale,30.0,1
202400001234,2024-10-24,nuit,,,14,14609,3,1,3,4,3,Départementale,90.0,1
202400001235,2024-06-07,soirée,,,94,94011,1,1,6,4,4,Voie communale,30.0,1
202400001236,2024-10-25,nuit,,,62,62876,3,1,6,2,3,Départementale,80.0,1
202400001237,2024-02-12,après-midi,,,13,13091,1,1,1,4,3,Départementale,80.0,1
202400001238,2024-06-07,après-midi,,,94,94002,1,1,3,4,4,Voie communale,50.0,1
202400001239,2024-10-25,après-midi,,,59,59645,1,1,7,4,3,Départementale,80.0,1
202400001240,2024-02-10,soirée,,,971,97115,3,2,6,3,4,Voie communale,50.0,2
202400001241,2024-06-07,après-midi,,,93,93071,1,1,3,4,3,Départementale,50.0,1
202400001242,2024-10-20,nuit,,,13,13215,5,1,2,4,1,Autoroute,70.0,1
202400001243,2024-02-10,après-midi,,,77,77382,1,2,6,4,3,Départementale,50.0,2
202400001244,2024-06-07,nuit,,,93,93070,5,1,6,4,4,Voie communale,50.0,1
202400001245,2024-02-08,soirée,,,77,77349,5,2,1,4,3,Départementale,50.0,2
202400001246,2024-10-23,soirée,,,33,33550,1,1,2,4,1,Autoroute,90.0,1
202400001247,2024-06-07,nuit,,,93,93055,3,1,3,3,4,Voie communale,50.0,1
202400001248,2024-02-11,après-midi,,,13,13035,1,1,3,3,3,Départementale,50.0,1
202400001249,2024-06-07,matin,,,93,93032,1,1,3,4,3,Départementale,50.0,1