Num_Acc,date,time_of_day,lat,long,dep,com,lum,atm,col,severity_index,catr,catr_label,vma,surf
202400001250,2024-02-09,après-midi,,,44,44047,2,1,6,3,7,Autre,30.0,1
202400001251,2024-10-23,après-midi,,,59,59009,1,1,2,4,7,Autre,70.0,1
202400001252,2024-02-12,matin,,,27,27348,2,1,7,4,3,Départementale,70.0,1
202400001253,2024-06-06,matin,,,93,93032,1,1,3,4,4,Voie communale,50.0,1
202400001254,2024-10-23,soirée,,,59,59350,1,1,2,2,2,Nationale,70.0,1
202400001255,2024-02-12,nuit,,,60,60528,3,2,7,3,3,Départementale,80.0,2
202400001256,2024-06-07,après-midi,,,93,93008,1,1,6,4,3,Départementale,50.0,1
202400001257,2024-10-21,après-midi,,,62,62637,1,2,2,4,1,Autoroute,130.0,2
202400001258,2024-02-10,matin,,,59,59125,2,8,1,4,3,Départementale,80.0,2
202400001259,2024-10-22,matin,,,59,59491,2,1,7,4,1,Autoroute,130.0,2
202400001260,2024-06-07,après-midi,,,92,92051,1,1,3,4,3,Départementale,50.0,1
202400001261,2024-02-12,matin,,,59,59578,1,1,1,2,3,Départementale,50.0,1
202400001262,2024-06-06,après-midi,,,92,92050,1,1,6,4,4,Voie communale,50.0,1
202400001263,2024-10-18,soirée,,,62,62637,3,1,2,4,1,Autoroute,130.0,2
202400001264,2024-02-11,après-midi,,,13,13215,1,1,2,4,1,Autoroute,90.0,1
202400001265,2024-06-07,après-midi,,,92,92044,1,1,6,4,3,Départementale,25.0,1
202400001266,2024-10-24,soirée,,,91,91136,3,1,2,4,1,Autoroute,90.0,1
202400001267,2024-02-11,matin,,,13,13043,1,1,7,3,1,Autoroute,110.0,1
202400001268,2024-06-07,soirée,,,92,92024,1,1,3,4,3,Départementale,50.0,1
202400001269,2024-02-11,nuit,,,13,13015,3,1,2,4,1,Autoroute,90.0,2
202400001270,2024-06-07,matin,,,92,92024,1,1,6,4,4,Voie communale,50.0,1
202400001271,2024-10-24,matin,,,91,91037,1,1,2,4,1,Autoroute,130.0,1
202400001272,2024-06-07,matin,,,92,92012,1,1,2,4,4,Voie communale,30.0,1
202400001273,2024-10-24,soirée,,,92,92025,1,1,3,4,1,Autoroute,90.0,1
202400001274,2024-02-11,nuit,,,13,13015,3,1,2,4,1,Autoroute,90.0,2
202400001275,2024-02-09,nuit,,,13,13033,3,3,3,4,1,Autoroute,110.0,2
202400001276,2024-10-24,après-midi,,,92,92036,1,1,2,4,1,Autoroute,90.0,1
202400001277,2024-06-05,soirée,,,50,50541,1,1,4,4,3,Départementale,80.0,1
202400001278,2024-02-10,nuit,,,13,13085,3,3,3,4,1,Autoroute,90.0,2
202400001279,2024-10-23,soirée,,,78,78322,3,1,4,4,1,Autoroute,90.0,1
202400001280,2024-06-08,après-midi,,,47,47145,1,1,1,3,4,Voie communale,50.0,1
202400001281,2024-02-10,nuit,,,13,13005,3,3,7,3,1,Autoroute,90.0,2
202400001282,2024-10-23,matin,,,92,92025,1,5,3,4,1,Autoroute,70.0,1
202400001283,2024-06-08,nuit,,,35,35180,3,1,7,3,7,Autre,80.0,1
202400001284,2024-02-11,soirée,,,91,91103,3,1,7,4,2,Nationale,110.0,1
202400001285,2024-06-08,nuit,,,91,91235,5,1,6,2,4,Voie communale,50.0,1
202400001286,2024-10-23,après-midi,,,93,93005,1,1,4,4,1,Autoroute,110.0,1
202400001287,2024-02-11,soirée,,,91,91235,3,1,1,4,3,Départementale,50.0,2
202400001288,2024-06-06,soirée,,,18,18070,2,7,1,3,4,Voie communale,70.0,1
202400001289,2024-02-10,soirée,,,91,91136,3,2,6,4,1,Autoroute,70.0,2
202400001290,2024-10-23,matin,,,93,93007,1,1,3,4,1,Autoroute,90.0,1
202400001291,2024-06-07,matin,,,49,49092,2,1,1,2,3,Départementale,80.0,1
202400001292,2024-02-10,nuit,,,91,91689,3,2,2,4,1,Autoroute,90.0,2
202400001293,2024-10-24,après-midi,,,94,94073,1,1,3,4,1,Autoroute,90.0,1
202400001294,2024-06-08,nuit,,,974,97414,3,1,3,3,2,Nationale,80.0,1
202400001295,2024-02-10,nuit,,,91,91689,3,2,2,4,1,Autoroute,90.0,2
202400001296,2024-10-24,après-midi,,,94,94073,1,1,2,2,1,Autoroute,90.0,1
202400001297,2024-06-08,nuit,,,14,14436,2,1,2,4,2,Nationale,110.0,1
202400001298,2024-10-24,matin,,,94,94017,3,1,2,4,1,Autoroute,3.0,1
202400001299,2024-02-10,après-midi,,,92,92036,2,3,2,4,1,Autoroute,90.0,2
202400001300,2024-06-06,après-midi,,,71,71443,1,8,3,4,3,Départementale,80.0,1
202400001301,2024-10-24,matin,,,77,77083,3,1,2,4,1,Autoroute,110.0,1
202400001302,2024-02-11,nuit,,,95,95500,4,1,4,4,1,Autoroute,90.0,1
202400001303,2024-06-07,après-midi,,,38,38429,1,1,7,4,3,Départementale,80.0,2
202400001304,2024-06-08,nuit,,,62,62081,2,1,6,4,3,Départementale,80.0,1
202400001305,2024-10-23,nuit,,,77,77121,3,1,2,4,1,Autoroute,110.0,1
202400001306,2024-02-10,nuit,,,93,93007,5,8,5,4,1,Autoroute,110.0,3
202400001307,2024-06-07,après-midi,,,27,27552,1,1,7,3,1,Autoroute,130.0,1
202400001308,2024-06-25,nuit,,,35,35238,2,1,6,3,4,Voie communale,30.0,1
202400001309,2024-06-08,matin,,,57,57163,1,1,7,3,3,Départementale,80.0,1
202400001310,2024-05-31,après-midi,,,38,38544,1,1,6,3,4,Voie communale,50.0,1
202400001311,2024-02-11,nuit,,,94,94042,4,2,3,4,1,Autoroute,90.0,2
202400001312,2024-06-07,soirée,,,56,56231,1,1,3,4,3,Départementale,70.0,1
202400001313,2024-02-11,nuit,,,94,94044,3,2,6,4,2,Nationale,70.0,2
202400001314,2024-05-03,soirée,,,38,38544,1,2,6,4,4,Voie communale,50.0,2
202400001315,2024-06-07,après-midi,,,77,77242,1,1,3,4,3,Départementale,90.0,1
202400001316,2024-02-11,nuit,,,94,94079,3,8,4,4,1,Autoroute,110.0,2
202400001317,2024-06-08,après-midi,,,79,79329,1,1,7,2,4,Voie communale,80.0,1
202400001318,2024-02-11,nuit,,,93,93051,3,2,2,4,1,Autoroute,110.0,2
202400001319,2024-06-06,matin,,,33,33335,1,1,3,3,4,Voie communale,70.0,1
202400001320,2024-06-08,après-midi,,,71,71516,1,1,6,4,3,Départementale,80.0,1
202400001321,2024-06-08,matin,,,71,71248,1,1,3,4,3,Départementale,50.0,1
202400001322,2024-06-29,soirée,,,01,01160,1,1,3,4,3,Départementale,50.0,1
202400001323,2024-05-30,matin,,,61,61142,1,1,2,4,3,Départementale,90.0,1
202400001324,2024-10-23,nuit,,,974,97416,3,1,1,4,2,Nationale,70.0,1
202400001325,2024-06-07,après-midi,,,61,61066,1,1,1,3,3,Départementale,80.0,1
202400001326,2024-10-23,matin,,,974,97416,2,1,6,4,3,Départementale,50.0,1
202400001327,2024-06-07,soirée,,,44,44129,1,1,5,3,3,Départementale,80.0,1
202400001328,2024-06-07,après-midi,,,44,44014,1,1,7,4,3,Départementale,80.0,1
202400001329,2024-10-22,soirée,,,973,97302,5,1,7,4,3,Départementale,50.0,1
202400001330,2024-06-07,après-midi,,,44,44005,1,1,3,3,3,Départementale,90.0,1
202400001331,2024-10-22,après-midi,,,973,97302,1,1,2,4,4,Voie communale,50.0,1
202400001332,2024-06-08,matin,,,29,29281,1,1,3,3,3,Départementale,70.0,1
202400001333,2024-10-23,soirée,,,69,69388,5,1,3,3,4,Voie communale,30.0,1
202400001334,2024-06-07,nuit,,,29,29056,3,1,6,4,3,Départementale,50.0,1
202400001335,2024-10-16,après-midi,,,69,69387,1,2,6,4,4,Voie communale,30.0,2
202400001336,2024-06-07,après-midi,,,29,29220,1,1,3,4,3,Départementale,70.0,1
202400001337,2024-10-23,après-midi,,,69,69382,1,1,6,3,4,Voie communale,30.0,1
202400001338,2024-06-04,matin,,,31,31490,1,1,6,3,4,Voie communale,50.0,1
202400001339,2024-10-22,matin,,,971,97101,1,1,3,4,4,Voie communale,30.0,1
202400001340,2024-10-23,après-midi,,,91,91027,1,1,2,4,3,Départementale,50.0,1
202400001341,2024-06-06,matin,,,84,84025,2,1,7,3,3,Départementale,80.0,1
202400001342,2024-06-08,nuit,,,03,03118,4,1,6,3,3,Départementale,50.0,1
202400001343,2024-10-23,matin,,,87,87050,1,1,3,4,3,Départementale,50.0,1
202400001344,2024-06-07,après-midi,,,15,15170,1,1,7,3,4,Voie communale,50.0,1
202400001345,2024-10-22,matin,,,87,87085,5,1,7,4,4,Voie communale,30.0,1
202400001346,2024-06-08,matin,,,01,01373,2,1,6,2,4,Voie communale,50.0,1
202400001347,2024-10-22,matin,,,87,87085,5,1,6,4,4,Voie communale,30.0,1
202400001348,2024-06-07,soirée,,,06,06125,1,1,6,3,3,Départementale,80.0,1
202400001349,2024-10-12,soirée,,,83,83129,2,1,6,3,3,Départementale,70.0,1
202400001350,2024-10-22,matin,,,83,83069,1,1,6,3,3,Départementale,50.0,1
202400001351,2024-06-07,soirée,,,50,50419,1,1,3,3,3,Départementale,80.0,1
202400001352,2024-06-08,matin,,,43,43084,1,2,3,2,3,Départementale,80.0,2
202400001353,2024-10-23,après-midi,,,82,82033,1,1,2,4,3,Départementale,80.0,1
202400001354,2024-10-21,matin,,,80,80021,1,2,6,4,4,Voie communale,30.0,2
202400001355,2024-06-07,soirée,,,10,10094,1,1,1,4,3,Départementale,80.0,1
202400001356,2024-06-07,soirée,,,07,07313,3,1,3,4,3,Départementale,90.0,1
202400001357,2024-10-23,soirée,,,78,78440,5,1,3,4,3,Départementale,30.0,1
202400001358,2024-10-23,matin,,,78,78401,2,5,2,4,3,Départementale,50.0,1
202400001359,2024-06-08,après-midi,,,24,24577,1,1,1,3,3,Départementale,70.0,1
202400001360,2024-10-23,matin,,,78,78401,2,5,3,4,3,Départementale,50.0,1
202400001361,2024-06-07,après-midi,,,17,17041,1,1,1,4,3,Départementale,80.0,1
202400001362,2024-10-23,après-midi,,,77,77337,1,1,6,4,3,Départementale,50.0,1
202400001363,2024-06-08,nuit,,,87,87072,4,1,6,3,3,Départementale,80.0,1
202400001364,2024-10-23,soirée,,,76,76561,5,1,3,4,7,Autre,50.0,1
202400001365,2024-06-08,matin,,,30,30275,1,1,7,2,4,Voie communale,50.0,1
202400001366,2024-10-23,matin,,,76,76351,1,1,6,4,4,Voie communale,50.0,1
202400001367,2024-06-08,matin,,,973,97309,1,1,3,4,3,Départementale,50.0,1
202400001368,2024-06-08,après-midi,,,69,69102,1,1,6,4,1,Autoroute,110.0,1
202400001369,2024-10-23,matin,,,76,76351,5,1,3,4,4,Voie communale,50.0,1
202400001370,2024-06-08,soirée,,,06,06088,1,1,6,4,1,Autoroute,90.0,3
202400001371,2024-06-08,nuit,,,13,13032,3,1,3,4,3,Départementale,50.0,1
202400001372,2024-10-22,après-midi,,,72,72181,1,1,6,4,4,Voie communale,50.0,1
202400001373,2024-06-06,après-midi,,,30,30347,1,1,6,4,1,Autoroute,130.0,1
202400001374,2024-10-22,matin,,,72,72181,1,1,3,4,4,Voie communale,50.0,1
202400001375,2024-06-07,après-midi,,,17,17465,1,1,7,3,1,Autoroute,70.0,1
202400001376,2024-06-08,matin,,,62,62355,1,1,7,3,1,Autoroute,130.0,1
202400001377,2024-10-23,soirée,,,69,69256,5,1,3,3,4,Voie communale,50.0,1
202400001378,2024-06-08,nuit,,,77,77407,2,1,2,4,1,Autoroute,130.0,1
202400001379,2024-10-23,soirée,,,69,69256,5,1,2,4,4,Voie communale,50.0,1
202400001380,2024-06-07,soirée,,,77,77023,1,1,7,2,3,Départementale,80.0,1
202400001381,2024-06-07,nuit,,,77,77420,3,1,6,3,2,Nationale,50.0,1
202400001382,2024-10-23,nuit,,,67,67218,5,1,3,4,4,Voie communale,30.0,1
202400001383,2024-06-08,après-midi,,,78,78531,1,1,6,4,3,Départementale,,1
202400001384,2024-06-08,nuit,,,84,84150,2,1,1,4,3,Départementale,,1
202400001385,2024-10-23,matin,,,63,63308,3,2,3,4,7,Autre,50.0,2
202400001386,2024-06-07,soirée,,,84,84042,1,1,6,2,3,Départementale,80.0,1
202400001387,2024-10-20,après-midi,,,62,62244,1,1,3,4,3,Départementale,70.0,2
202400001388,2024-06-06,après-midi,,,13,13053,1,1,6,3,3,Départementale,70.0,1
202400001389,2024-11-30,après-midi,,,987,98729,1,2,1,2,3,Départementale,50.0,2
202400001390,2024-04-14,matin,,,13,13041,1,1,1,3,9,Autre,50.0,1
202400001391,2024-11-30,après-midi,,,47,47293,1,5,7,4,4,Voie communale,90.0,2
202400001392,2024-10-23,après-midi,,,59,59090,1,1,4,4,7,Autre,50.0,1
202400001393,2024-06-07,matin,,,68,68063,1,1,6,3,4,Voie communale,50.0,1
202400001394,2024-11-30,matin,,,11,11151,2,1,2,4,1,Autoroute,130.0,1
202400001395,2024-06-07,soirée,,,68,68298,1,1,1,4,3,Départementale,80.0,1
202400001396,2024-12-01,nuit,,,76,76320,3,1,1,3,3,Départementale,80.0,1
202400001397,2024-10-23,après-midi,,,58,58194,1,1,4,4,4,Voie communale,50.0,1
202400001398,2024-05-31,après-midi,,,67,67345,1,2,4,4,4,Voie communale,50.0,2
202400001399,2024-11-30,nuit,,,77,77382,3,1,2,4,1,Autoroute,110.0,1
202400001400,2024-10-23,après-midi,,,57,57463,1,1,3,4,4,Voie communale,50.0,1
202400001401,2024-11-30,soirée,,,972,97229,3,1,6,4,2,Nationale,60.0,2
202400001402,2024-06-08,matin,,,38,38562,1,2,2,4,2,Nationale,80.0,2
202400001403,2024-10-22,matin,,,56,56098,3,1,7,4,2,Nationale,90.0,1
202400001404,2024-12-01,soirée,,,35,35226,3,1,1,3,3,Départementale,80.0,1
202400001405,2024-06-08,après-midi,,,69,69117,1,1,6,4,7,Autre,90.0,1
202400001406,2024-06-08,nuit,,,65,65370,4,1,7,4,3,Départementale,80.0,1
202400001407,2024-11-30,matin,,,26,26138,1,1,2,4,1,Autoroute,130.0,1
202400001408,2024-06-08,nuit,,,72,72244,2,1,7,4,3,Départementale,90.0,1
202400001409,2024-10-23,soirée,,,54,54528,5,1,3,4,3,Départementale,30.0,1
202400001410,2024-12-01,soirée,,,59,59088,5,1,1,4,7,Autre,,2
202400001411,2024-10-22,après-midi,,,54,54395,1,1,6,4,4,Voie communale,50.0,1
202400001412,2024-11-30,soirée,,,85,85196,5,1,1,3,3,Départementale,50.0,1
202400001413,2024-06-08,matin,,,22,22273,1,1,1,4,3,Départementale,80.0,1
202400001414,2024-10-22,soirée,,,51,51454,5,1,2,4,4,Voie communale,50.0,1
202400001415,2024-11-30,après-midi,,,34,34169,1,1,1,4,7,Autre,50.0,1
202400001416,2024-10-22,après-midi,,,51,51454,1,1,6,3,4,Voie communale,30.0,1
202400001417,2024-11-29,soirée,,,57,57262,3,1,7,3,3,Départementale,80.0,1
202400001418,2024-06-08,après-midi,,,60,60138,1,1,2,4,3,Départementale,80.0,1
202400001419,2024-11-30,après-midi,,,2B,2B242,1,1,3,3,2,Nationale,70.0,1
202400001420,2024-06-07,soirée,,,60,60041,1,1,7,3,4,Voie communale,50.0,1
202400001421,2024-10-21,soirée,,,50,50129,3,1,6,4,3,Départementale,50.0,1
202400001422,2024-11-30,matin,,,33,33523,1,5,6,3,3,Départementale,80.0,1
202400001423,2024-06-08,après-midi,,,80,80458,1,1,1,4,4,Voie communale,70.0,1
202400001424,2024-12-01,nuit,,,69,69214,3,9,6,3,3,Départementale,80.0,7
202400001425,2024-06-08,après-midi,,,80,80383,1,1,6,3,1,Autoroute,130.0,1
202400001426,2024-12-01,nuit,,,71,71404,3,5,6,4,2,Nationale,110.0,1
202400001427,2024-11-30,nuit,,,71,71190,5,5,6,3,3,Départementale,50.0,1
202400001428,2024-10-22,soirée,,,49,49246,5,1,4,4,1,Autoroute,90.0,1
202400001429,2024-06-08,après-midi,,,59,59400,1,1,3,4,3,Départementale,70.0,1
202400001430,2024-12-01,nuit,,,89,89246,3,5,1,4,3,Départementale,90.0,1
202400001431,2024-10-23,matin,,,42,42218,1,1,3,3,4,Voie communale,50.0,1
202400001432,2024-06-07,après-midi,,,13,13214,1,1,2,4,1,Autoroute,70.0,1
202400001433,2024-12-01,matin,,,63,63366,1,1,1,4,3,Départementale,90.0,1
202400001434,2024-05-27,après-midi,,,57,57039,1,8,2,4,2,Nationale,90.0,1
202400001435,2024-11-30,après-midi,,,63,63409,1,1,6,3,3,Départementale,90.0,1
202400001436,2024-10-22,après-midi,,,38,38185,1,1,2,4,4,Voie communale,50.0,1
202400001437,2024-06-07,soirée,,,33,33192,1,1,1,4,1,Autoroute,50.0,1
202400001438,2024-12-01,après-midi,,,55,55253,1,1,6,3,4,Voie communale,30.0,1
202400001439,2024-10-23,matin,,,37,37233,5,1,3,4,4,Voie communale,50.0,1
202400001440,2024-11-30,nuit,,,22,22025,3,1,6,4,3,Départementale,80.0,1
202400001441,2024-06-06,matin,,,62,62186,1,1,5,4,1,Autoroute,110.0,1
202400001442,2024-10-23,matin,,,34,34172,1,1,1,4,7,Autre,50.0,1
202400001443,2024-06-07,soirée,,,91,91216,2,1,3,4,1,Autoroute,110.0,1
202400001444,2024-10-23,après-midi,,,33,33063,1,7,5,4,4,Voie communale,70.0,1
202400001445,2024-06-07,après-midi,,,94,94043,1,1,5,4,1,Autoroute,70.0,1
202400001446,2024-10-23,soirée,,,33,33281,2,1,3,4,4,Voie communale,50.0,1
202400001447,2024-10-23,soirée,,,33,33039,2,1,6,4,4,Voie communale,50.0,1
202400001448,2024-10-23,après-midi,,,33,33069,1,1,3,4,4,Voie communale,50.0,1
202400001449,2024-10-12,après-midi,,,30,30189,1,2,2,4,4,Voie communale,50.0,2
202400001450,2024-10-22,soirée,,,29,29019,1,1,3,3,4,Voie communale,30.0,1
202400001451,2024-10-23,après-midi,,,27,27299,1,7,3,4,4,Voie communale,30.0,1
202400001452,2024-10-22,matin,,,27,27229,1,1,6,4,4,Voie communale,50.0,1
202400001453,2024-10-23,matin,,,22,22360,3,1,5,3,3,Départementale,110.0,1
202400001454,2024-10-23,matin,,,21,21054,1,1,2,4,4,Voie communale,50.0,1
202400001455,2024-10-23,soirée,,,17,17415,1,1,6,3,3,Départementale,80.0,1
202400001456,2024-10-22,après-midi,,,11,11262,1,1,5,4,4,Voie communale,50.0,1
202400001457,2024-10-23,après-midi,,,10,10387,1,1,3,4,4,Voie communale,50.0,1
202400001458,2024-10-22,après-midi,,,10,10387,1,1,6,4,4,Voie communale,50.0,1
202400001459,2024-10-22,nuit,,,75,75119,5,1,4,4,4,Voie communale,50.0,1
202400001460,2024-10-23,après-midi,,,75,75118,1,1,3,4,4,Voie communale,30.0,1
202400001461,2024-10-23,matin,,,75,75118,1,1,3,4,4,Voie communale,30.0,1
202400001462,2024-10-23,matin,,,75,75117,1,1,3,4,4,Voie communale,30.0,1
202400001463,2024-10-23,matin,,,75,75117,1,1,6,4,4,Voie communale,30.0,1
202400001464,2024-10-23,après-midi,,,75,75116,1,1,2,4,4,Voie communale,30.0,1
202400001465,2024-10-23,matin,,,75,75116,1,1,6,4,4,Voie communale,30.0,1
202400001466,2024-10-23,après-midi,,,75,75113,1,1,3,4,4,Voie communale,30.0,1
202400001467,2024-10-23,soirée,,,75,75112,3,1,6,4,4,Voie communale,30.0,1
202400001468,2024-10-23,après-midi,,,75,75112,1,1,1,4,4,Voie communale,30.0,1
202400001469,2024-10-23,matin,,,75,75109,1,8,3,4,4,Voie communale,30.0,1
202400001470,2024-10-22,nuit,,,75,75109,5,1,6,4,4,Voie communale,30.0,1
202400001471,2024-10-23,soirée,,,75,75108,5,1,6,4,4,Voie communale,30.0,1
202400001472,2024-10-23,soirée,,,75,75104,5,1,6,4,4,Voie communale,,1
202400001473,2024-10-23,après-midi,,,75,75103,1,1,6,4,4,Voie communale,30.0,1
202400001474,2024-10-23,après-midi,,,75,75104,1,1,7,4,4,Voie communale,30.0,1
202400001475,2024-10-22,nuit,,,94,94054,5,1,1,4,3,Départementale,50.0,1
202400001476,2024-10-22,soirée,,,94,94019,5,1,3,4,3,Départementale,50.0,1
202400001477,2024-10-23,soirée,,,93,93078,3,1,2,4,3,Départementale,50.0,1
202400001478,2024-10-22,nuit,,,93,93073,3,2,6,2,3,Départementale,70.0,2
202400001479,2024-10-23,après-midi,,,93,93059,1,1,2,3,3,Départementale,50.0,1
202400001480,2024-10-23,soirée,,,93,93079,1,1,6,3,3,Départementale,50.0,1
202400001481,2024-10-22,soirée,,,93,93027,5,1,3,4,3,Départementale,50.0,1
202400001482,2024-10-22,après-midi,,,93,93027,1,1,2,4,3,Départementale,30.0,1
202400001483,2024-10-22,matin,,,93,93030,1,1,6,4,3,Départementale,50.0,1
202400001484,2024-10-22,soirée,,,93,93057,5,1,1,2,3,Départementale,30.0,1
202400001485,2024-10-23,après-midi,,,93,93005,1,1,6,4,3,Départementale,50.0,1
202400001486,2024-10-23,matin,,,93,93078,1,1,6,4,4,Voie communale,50.0,1
202400001487,2024-10-23,matin,,,93,93001,1,1,3,4,4,Voie communale,50.0,1
202400001488,2024-10-21,après-midi,,,93,93001,1,1,1,4,4,Voie communale,30.0,1
202400001489,2024-10-22,après-midi,,,92,92078,1,1,6,4,3,Départementale,50.0,1
202400001490,2024-10-23,matin,,,92,92075,1,1,3,4,3,Départementale,30.0,1
202400001491,2024-10-22,après-midi,,,92,92046,1,1,6,4,3,Départementale,50.0,1
202400001492,2024-10-23,après-midi,,,92,92072,1,1,6,4,4,Voie communale,50.0,1
202400001493,2024-10-22,matin,,,92,92063,1,1,3,4,3,Départementale,50.0,1
202400001494,2024-10-23,après-midi,,,92,92044,1,1,2,4,3,Départementale,50.0,1
202400001495,2024-10-23,après-midi,,,92,92040,1,1,6,4,3,Départementale,30.0,1
202400001496,2024-10-23,matin,,,92,92040,1,1,3,4,3,Départementale,30.0,1
202400001497,2024-10-23,matin,,,92,92026,1,1,2,4,3,Départementale,50.0,1
202400001498,2024-10-22,après-midi,,,92,92004,1,1,2,4,3,Départementale,50.0,1
202400001499,2024-10-23,après-midi,,,92,92002,1,1,1,4,4,Voie communale,50.0,1
202400001500,2024-10-23,après-midi,,,37,37022,1,1,3,4,3,Départementale,50.0,1
202400001501,2024-10-23,soirée,,,33,33243,5,1,3,3,4,Voie communale,30.0,1
202400001502,2024-10-21,après-midi,,,33,33015,2,1,1,4,3,Départementale,50.0,1
202400001503,2024-10-20,soirée,,,60,60281,3,1,6,2,3,Départementale,70.0,1
202400001504,2024-10-23,après-midi,,,60,60216,1,1,3,3,3,Départementale,80.0,1
202400001505,2024-10-23,matin,,,31,31113,1,1,6,3,3,Départementale,30.0,1
202400001506,2024-10-04,soirée,,,972,97220,3,1,6,3,2,Nationale,50.0,1
202400001507,2024-10-23,soirée,,,59,59107,1,1,6,3,4,Voie communale,30.0,1
202400001508,2024-10-23,soirée,,,68,68315,3,1,1,4,3,Départementale,80.0,1
202400001509,2024-10-24,nuit,,,77,77398,5,1,6,3,3,Départementale,50.0,1
202400001510,2024-10-23,matin,,,35,35003,1,1,3,3,4,Voie communale,80.0,1
202400001511,2024-10-24,après-midi,,,59,59562,1,1,3,3,3,Départementale,80.0,1
202400001512,2024-10-24,nuit,,,56,56123,3,1,6,3,3,Départementale,80.0,1
202400001513,2024-10-23,après-midi,,,59,59282,1,1,3,3,3,Départementale,80.0,1
202400001514,2024-10-23,après-midi,,,2B,2B238,1,1,1,4,2,Nationale,80.0,1
202400001515,2024-10-23,après-midi,,,82,82079,1,1,1,4,3,Départementale,80.0,1
202400001516,2024-10-15,après-midi,,,33,33505,1,8,7,3,3,Départementale,80.0,1
202400001517,2024-10-23,nuit,,,71,71244,4,1,6,3,3,Départementale,90.0,1
202400001518,2024-10-23,soirée,,,71,71014,3,1,7,4,3,Départementale,80.0,1
202400001519,2024-10-24,après-midi,,,55,55102,1,1,1,2,3,Départementale,,1
202400001520,2024-10-23,nuit,,,42,42140,3,1,6,3,3,Départementale,80.0,1
202400001521,2024-10-21,matin,,,34,34310,3,1,3,3,3,Départementale,80.0,1
202400001522,2024-10-22,soirée,,,68,68135,5,1,1,3,3,Départementale,50.0,1
202400001523,2024-10-24,après-midi,,,39,39017,1,1,6,3,3,Départementale,80.0,1
202400001524,2024-10-24,après-midi,,,39,39411,1,1,3,3,3,Départementale,90.0,1
202400001525,2024-10-22,après-midi,,,44,44064,1,1,5,4,3,Départementale,80.0,1
202400001526,2024-10-23,matin,,,44,44131,2,1,3,4,3,Départementale,30.0,1
202400001527,2024-10-23,soirée,,,29,29190,3,1,6,3,3,Départementale,80.0,1
202400001528,2024-10-23,après-midi,,,15,15004,1,1,6,2,4,Voie communale,50.0,1
202400001529,2024-09-13,soirée,,,01,01093,5,1,6,4,3,Départementale,50.0,1
202400001530,2024-10-24,matin,,,72,72134,2,5,6,4,3,Départementale,70.0,1
202400001531,2024-10-24,après-midi,,,06,06032,5,9,2,4,9,Autre,50.0,1
202400001532,2024-10-24,après-midi,,,60,60616,1,1,3,3,3,Départementale,50.0,1
202400001533,2024-10-23,après-midi,,,64,64493,1,7,3,3,3,Départementale,50.0,1
202400001534,2024-10-22,après-midi,,,07,07151,1,2,2,4,3,Départementale,70.0,2
202400001535,2024-10-23,soirée,,,40,40046,5,1,3,3,3,Départementale,50.0,1
202400001536,2024-03-23,soirée,,,34,34172,1,1,2,4,4,Voie communale,50.0,1
202400001537,2024-03-23,matin,,,34,34172,1,1,3,4,4,Voie communale,50.0,1
202400001538,2024-03-22,après-midi,,,34,34003,1,1,3,4,4,Voie communale,,1
202400001539,2024-03-22,soirée,,,33,33249,1,1,3,3,4,Voie communale,50.0,1
202400001540,2024-03-23,après-midi,,,30,30007,1,1,3,4,4,Voie communale,50.0,1
202400001541,2024-03-23,matin,,,28,28404,1,1,3,4,3,Départementale,90.0,1
202400001542,2024-03-23,nuit,,,16,16102,5,1,3,4,2,Nationale,50.0,1
202400001543,2024-03-22,après-midi,,,13,13210,1,1,3,4,4,Voie communale,50.0,1
202400001544,2024-03-23,matin,,,13,13005,1,1,3,4,4,Voie communale,30.0,1
202400001545,2024-03-23,matin,,,13,13005,1,1,3,4,7,Autre,50.0,1
202400001546,2024-03-23,après-midi,,,11,11069,1,1,3,3,6,Autre,30.0,1
202400001547,2024-03-23,soirée,,,06,06088,5,1,3,3,4,Voie communale,50.0,1
202400001548,2024-03-22,nuit,,,06,06029,5,1,3,4,3,Départementale,50.0,1
202400001549,2024-03-23,après-midi,,,75,75115,1,1,2,4,4,Voie communale,70.0,1
202400001550,2024-03-22,nuit,,,75,75114,5,3,6,4,4,Voie communale,30.0,2
202400001551,2024-03-23,après-midi,,,75,75118,1,1,6,4,4,Voie communale,30.0,1
202400001552,2024-03-23,après-midi,,,75,75116,1,2,2,4,4,Voie communale,50.0,2
202400001553,2024-03-23,nuit,,,75,75115,5,1,1,4,4,Voie communale,30.0,1
202400001554,2024-03-22,après-midi,,,75,75114,1,1,3,4,4,Voie communale,50.0,1
202400001555,2024-03-23,nuit,,,75,75109,5,1,3,4,4,Voie communale,30.0,2
202400001556,2024-03-23,nuit,,,75,75108,5,1,6,4,4,Voie communale,30.0,2
202400001557,2024-03-23,nuit,,,75,75107,2,1,1,4,4,Voie communale,30.0,1
202400001558,2024-03-23,soirée,,,94,94068,5,1,6,4,4,Voie communale,30.0,1
202400001559,2024-03-23,matin,,,94,94068,2,1,6,4,3,Départementale,30.0,1
202400001560,2024-03-22,après-midi,,,94,94076,1,1,3,4,3,Départementale,50.0,1
202400001561,2024-03-23,nuit,,,94,94017,5,2,6,3,3,Départementale,50.0,2
202400001562,2024-07-10,matin,,,59,59402,1,1,1,3,4,Voie communale,70.0,1
202400001563,2024-03-23,soirée,,,93,93071,5,2,6,4,4,Voie communale,50.0,2