Num_Acc,date,time_of_day,lat,long,dep,com,lum,atm,col,severity_index,catr,catr_label,vma,surf
202400001564,2024-03-23,après-midi,,,93,93071,1,1,6,4,4,Voie communale,50.0,1
202400001565,2024-07-07,matin,,,79,79320,1,1,3,4,3,Départementale,80.0,1
202400001566,2024-03-23,matin,,,93,93072,1,1,3,4,4,Voie communale,30.0,1
202400001567,2024-07-10,soirée,,,2A,2A271,1,1,2,3,2,Nationale,50.0,1
202400001568,2024-03-23,après-midi,,,93,93010,1,1,3,4,3,Départementale,50.0,1
202400001569,2024-07-10,matin,,,65,65126,1,1,7,3,4,Voie communale,50.0,1
202400001570,2024-03-23,matin,,,93,93063,1,1,3,4,3,Départementale,30.0,1
202400001571,2024-03-23,soirée,,,93,93008,5,2,4,4,3,Départementale,50.0,2
202400001572,2024-07-10,soirée,,,81,81070,1,1,3,3,1,Autoroute,70.0,1
202400001573,2024-03-23,matin,,,92,92075,1,8,2,4,4,Voie communale,30.0,2
202400001574,2024-07-11,après-midi,,,47,47052,1,7,3,3,3,Départementale,50.0,1
202400001575,2024-03-23,soirée,,,92,92072,5,1,2,4,3,Départementale,50.0,2
202400001576,2024-07-11,après-midi,,,68,68338,1,3,3,4,3,Départementale,70.0,2
202400001577,2024-03-23,matin,,,92,92020,1,1,3,4,3,Départementale,50.0,1
202400001578,2024-03-22,nuit,,,92,92040,5,2,3,4,3,Départementale,30.0,2
202400001579,2024-07-11,après-midi,,,39,39470,1,1,7,4,3,Départementale,80.0,9
202400001580,2024-03-23,après-midi,,,92,92024,1,2,3,4,3,Départementale,50.0,2
202400001581,2024-03-23,nuit,,,92,92023,5,9,3,3,3,Départementale,30.0,2
202400001582,2024-03-23,soirée,,,92,92012,5,2,3,4,4,Voie communale,50.0,2
202400001583,2024-07-10,soirée,,,25,25154,1,8,1,3,2,Nationale,80.0,1
202400001584,2024-03-23,soirée,,,92,92012,5,9,6,4,4,Voie communale,50.0,2
202400001585,2024-07-09,matin,,,44,44069,1,2,6,3,3,Départementale,30.0,2
202400001586,2024-03-23,après-midi,,,92,92012,1,2,3,4,3,Départementale,50.0,2
202400001587,2024-03-23,matin,,,35,35176,1,1,6,2,3,Départementale,50.0,1
202400001588,2024-03-23,nuit,,,37,37058,3,2,6,3,4,Voie communale,80.0,2
202400001589,2024-07-06,soirée,,,44,44111,1,1,3,4,3,Départementale,80.0,1
202400001590,2024-03-23,après-midi,,,76,76287,1,4,6,3,1,Autoroute,130.0,7
202400001591,2024-07-10,soirée,,,38,38184,1,1,1,3,4,Voie communale,80.0,1
202400001592,2024-03-24,matin,,,71,71273,1,1,6,4,3,Départementale,80.0,2
202400001593,2024-07-10,matin,,,38,38529,1,1,1,4,7,Autre,80.0,1
202400001594,2024-03-24,après-midi,,,33,33098,1,1,1,3,3,Départementale,80.0,1
202400001595,2024-03-23,soirée,,,76,76210,1,2,3,4,3,Départementale,50.0,2
202400001596,2024-07-11,après-midi,,,02,02634,1,1,6,4,3,Départementale,50.0,1
202400001597,2024-03-23,soirée,,,31,31445,3,1,6,4,7,Autre,70.0,1
202400001598,2024-07-11,après-midi,,,50,50151,1,1,6,3,3,Départementale,80.0,1
202400001599,2024-03-24,après-midi,,,51,51192,1,1,7,3,3,Départementale,90.0,1
202400001600,2024-03-24,après-midi,,,974,97414,1,1,6,3,3,Départementale,,1
202400001601,2024-07-11,après-midi,,,50,50021,1,1,1,3,3,Départementale,80.0,1
202400001602,2024-03-23,après-midi,,,59,59309,1,1,3,4,3,Départementale,80.0,1
202400001603,2024-07-11,soirée,,,18,18092,1,1,7,3,3,Départementale,,1
202400001604,2024-03-24,nuit,,,60,60380,3,2,6,3,3,Départementale,50.0,2
202400001605,2024-07-10,soirée,,,36,36006,1,1,7,3,3,Départementale,80.0,1
202400001606,2024-03-22,après-midi,,,63,63091,1,1,6,3,1,Autoroute,70.0,1
202400001607,2024-03-22,soirée,,,63,63411,1,1,3,3,1,Autoroute,50.0,1
202400001608,2024-07-07,après-midi,,,04,04031,1,1,1,4,3,Départementale,90.0,1
202400001609,2024-03-23,soirée,,,30,30202,5,1,1,3,3,Départementale,50.0,1
202400001610,2024-07-11,nuit,,,85,85288,3,1,3,2,3,Départementale,80.0,1
202400001611,2024-03-22,soirée,,,34,34270,2,1,3,4,7,Autre,50.0,1
202400001612,2024-07-11,nuit,,,85,85294,3,1,7,3,4,Voie communale,50.0,1
202400001613,2024-03-24,nuit,,,57,57426,3,2,3,4,3,Départementale,80.0,2
202400001614,2024-07-08,soirée,,,17,17091,1,1,3,4,3,Départementale,70.0,1
202400001615,2024-03-14,matin,,,57,57370,1,1,6,4,6,Autre,,1
202400001616,2024-07-10,soirée,,,48,48094,1,1,7,3,3,Départementale,90.0,1
202400001617,2024-03-24,matin,,,62,62524,1,1,1,3,4,Voie communale,50.0,1
202400001618,2024-05-27,matin,,,52,52017,1,1,7,3,3,Départementale,80.0,1
202400001619,2024-03-23,après-midi,,,51,51171,1,2,7,3,4,Voie communale,,2
202400001620,2024-03-23,nuit,,,19,19229,3,1,6,3,3,Départementale,70.0,1
202400001621,2024-03-24,matin,,,61,61081,1,1,7,3,3,Départementale,90.0,1
202400001622,2024-07-10,après-midi,,,21,21581,1,2,6,4,1,Autoroute,130.0,2
202400001623,2024-03-23,nuit,,,13,13045,3,1,1,2,3,Départementale,80.0,1
202400001624,2024-03-22,après-midi,,,02,02806,1,1,6,2,3,Départementale,80.0,1
202400001625,2024-07-11,matin,,,69,69206,1,1,2,4,1,Autoroute,130.0,1
202400001626,2024-03-24,après-midi,,,26,26069,1,1,6,3,3,Départementale,80.0,1
202400001627,2024-07-10,soirée,,,13,13103,2,1,7,4,1,Autoroute,70.0,1
202400001628,2024-03-22,après-midi,,,06,06105,1,1,3,4,3,Départementale,50.0,1
202400001629,2024-03-24,après-midi,,,60,60253,1,6,4,4,3,Départementale,80.0,2
202400001630,2024-07-10,après-midi,,,987,98722,1,1,1,3,9,Autre,60.0,1
202400001631,2024-03-23,nuit,,,64,64082,3,1,3,3,3,Départementale,70.0,1
202400001632,2024-04-10,après-midi,,,988,98802,1,1,2,4,2,Nationale,90.0,1
202400001633,2024-03-23,soirée,,,43,43018,2,7,3,3,3,Départementale,90.0,1
202400001634,2024-07-11,matin,,,974,97408,1,1,6,4,4,Voie communale,50.0,1
202400001635,2024-02-20,matin,,,27,27001,1,1,3,3,3,Départementale,80.0,1
202400001636,2024-07-11,après-midi,,,77,77089,1,1,3,3,3,Départementale,90.0,1
202400001637,2024-07-11,matin,,,95,95199,1,1,6,4,4,Voie communale,30.0,1
202400001638,2024-03-18,après-midi,,,17,17317,1,1,1,4,3,Départementale,80.0,1
202400001639,2024-03-24,après-midi,,,73,73241,1,2,6,4,1,Autoroute,70.0,2
202400001640,2024-03-24,nuit,,,42,42279,5,2,3,4,3,Départementale,,2
202400001641,2024-07-10,après-midi,,,78,78615,1,1,5,3,3,Départementale,80.0,1
202400001642,2024-03-23,nuit,,,69,69050,3,1,3,3,1,Autoroute,130.0,1
202400001643,2024-07-09,soirée,,,30,30211,2,1,1,3,3,Départementale,50.0,1
202400001644,2024-05-23,après-midi,,,34,34157,1,1,6,3,4,Voie communale,50.0,1
202400001645,2024-03-23,soirée,,,13,13013,1,1,7,3,1,Autoroute,50.0,1
202400001646,2024-07-11,nuit,,,34,34090,3,1,7,2,7,Autre,,1
202400001647,2024-03-13,matin,,,976,97603,1,1,6,4,3,Départementale,50.0,1
202400001648,2024-03-23,après-midi,,,987,98725,1,1,1,4,2,Nationale,50.0,1
202400001649,2024-07-11,matin,,,84,84147,1,1,3,4,3,Départementale,80.0,1
202400001650,2024-03-23,soirée,,,971,97128,5,1,3,4,3,Départementale,70.0,1
202400001651,2024-07-11,après-midi,,,13,13059,1,1,2,4,3,Départementale,80.0,1
202400001652,2024-03-24,après-midi,,,06,06058,1,1,6,3,3,Départementale,50.0,1
202400001653,2024-03-24,nuit,,,03,03298,3,2,6,3,2,Nationale,80.0,2
202400001654,2024-07-11,soirée,,,58,58117,1,1,3,4,3,Départementale,90.0,1
202400001655,2024-03-24,après-midi,,,38,38097,1,1,1,4,4,Voie communale,50.0,1
202400001656,2024-03-23,soirée,,,26,26233,3,1,7,3,3,Départementale,80.0,1
202400001657,2024-05-13,matin,,,67,67529,1,1,6,3,6,Autre,,1
202400001658,2024-03-23,nuit,,,01,01262,2,1,3,3,3,Départementale,30.0,1
202400001659,2024-07-11,soirée,,,03,03100,1,1,3,2,3,Départementale,50.0,1
202400001660,2024-03-23,après-midi,,,01,01405,1,1,1,4,3,Départementale,70.0,1
202400001661,2024-07-10,soirée,,,63,63213,1,1,3,3,9,Autre,,1
202400001662,2024-03-23,après-midi,,,69,69254,1,1,6,3,3,Départementale,80.0,1
202400001663,2024-03-23,après-midi,,,86,86173,1,1,5,4,3,Départementale,70.0,1
202400001664,2024-03-23,nuit,,,33,33067,3,2,6,2,3,Départementale,50.0,2
202400001665,2024-03-23,matin,,,22,22282,1,8,7,3,3,Départementale,50.0,1
202400001666,2024-03-24,soirée,,,60,60010,1,1,6,3,4,Voie communale,80.0,1
202400001667,2024-07-11,matin,,,07,07324,1,1,2,4,3,Départementale,50.0,1
202400001668,2024-03-23,nuit,,,69,69199,3,1,2,3,1,Autoroute,70.0,1
202400001669,2024-07-10,après-midi,,,01,01202,1,1,3,3,6,Autre,,1
202400001670,2024-03-22,après-midi,,,92,92050,5,1,2,4,1,Autoroute,70.0,1
202400001671,2024-07-11,après-midi,,,81,81271,1,1,6,3,3,Départementale,80.0,1
202400001672,2024-03-23,matin,,,93,93053,1,1,2,4,1,Autoroute,70.0,1
202400001673,2024-03-22,après-midi,,,95,95176,1,1,2,4,1,Autoroute,110.0,1
202400001674,2024-07-10,soirée,,,17,17336,1,1,4,4,3,Départementale,90.0,1
202400001675,2024-03-21,après-midi,,,94,94002,1,1,3,4,4,Voie communale,50.0,1
202400001676,2024-07-03,soirée,,,33,33322,1,1,3,4,3,Départementale,70.0,1
202400001677,2024-03-22,matin,,,987,98735,1,1,2,4,2,Nationale,50.0,1
202400001678,2024-03-22,matin,,,987,98735,1,1,3,4,2,Nationale,40.0,1
202400001679,2024-07-11,matin,,,50,50444,1,1,1,4,3,Départementale,80.0,1
202400001680,2024-03-22,soirée,,,974,97411,1,1,6,4,2,Nationale,50.0,1
202400001681,2024-07-10,après-midi,,,14,14762,1,1,7,3,3,Départementale,80.0,1
202400001682,2024-03-22,soirée,,,69,69388,2,1,6,4,4,Voie communale,50.0,1
202400001683,2024-07-09,matin,,,22,22070,1,2,6,3,4,Voie communale,50.0,2
202400001684,2024-07-10,après-midi,,,22,22162,1,1,6,4,6,Autre,15.0,1
202400001685,2024-03-22,après-midi,,,69,69387,1,1,3,4,4,Voie communale,30.0,1
202400001686,2024-03-22,après-midi,,,69,69149,1,1,3,4,7,Autre,50.0,1
202400001687,2024-07-11,matin,,,76,76164,1,1,1,3,3,Départementale,80.0,1
202400001688,2024-03-22,après-midi,,,69,69389,1,1,6,4,4,Voie communale,50.0,1
202400001689,2024-07-09,après-midi,,,62,62128,1,1,6,3,3,Départementale,,1
202400001690,2024-03-22,soirée,,,971,97107,4,1,1,4,3,Départementale,50.0,1
202400001691,2024-07-11,nuit,,,59,59614,3,1,7,4,3,Départementale,80.0,1
202400001692,2024-03-22,après-midi,,,2A,2A004,1,1,3,4,4,Voie communale,50.0,1
202400001693,2024-07-10,nuit,,,59,59139,3,1,6,3,3,Départementale,50.0,1
202400001694,2024-07-10,après-midi,,,91,91228,1,1,3,4,2,Nationale,90.0,1
202400001695,2024-03-22,nuit,,,95,95539,3,2,2,4,3,Départementale,50.0,2
202400001696,2024-07-10,après-midi,,,91,91136,1,1,6,4,1,Autoroute,90.0,1
202400001697,2024-03-22,après-midi,,,95,95252,1,1,1,4,4,Voie communale,50.0,1
202400001698,2024-07-10,après-midi,,,91,91064,1,1,7,4,2,Nationale,90.0,1
202400001699,2024-03-22,après-midi,,,95,95582,1,1,6,4,3,Départementale,30.0,1
202400001700,2024-07-10,après-midi,,,91,91687,1,1,3,4,1,Autoroute,110.0,1
202400001701,2024-03-19,après-midi,,,95,95210,1,1,6,4,3,Départementale,10.0,1
202400001702,2024-07-10,nuit,,,91,91617,3,2,6,4,2,Nationale,70.0,2
202400001703,2024-07-10,soirée,,,95,95277,1,1,2,4,1,Autoroute,110.0,1
202400001704,2024-03-22,matin,,,91,91345,1,1,4,4,3,Départementale,50.0,1
202400001705,2024-03-22,matin,,,91,91027,1,1,6,4,3,Départementale,50.0,1
202400001706,2024-07-10,matin,,,93,93066,1,1,5,4,1,Autoroute,50.0,1
202400001707,2024-03-22,après-midi,,,91,91174,1,1,6,4,4,Voie communale,30.0,1
202400001708,2024-03-21,matin,,,87,87085,1,1,6,4,4,Voie communale,30.0,1
202400001709,2024-03-22,soirée,,,86,86194,2,1,1,4,4,Voie communale,30.0,1
202400001710,2024-03-22,après-midi,,,84,84007,1,1,6,4,4,Voie communale,50.0,1
202400001711,2024-07-10,matin,,,93,93029,1,1,4,4,1,Autoroute,90.0,1
202400001712,2024-03-21,matin,,,30,30011,1,1,3,3,3,Départementale,50.0,1
202400001713,2024-07-09,nuit,,,95,95582,3,1,5,4,1,Autoroute,90.0,1
202400001714,2024-03-22,après-midi,,,82,82033,1,1,3,4,4,Voie communale,50.0,1
202400001715,2024-07-10,soirée,,,93,93051,1,1,2,4,1,Autoroute,90.0,1
202400001716,2024-03-21,matin,,,80,80021,1,1,3,4,4,Voie communale,50.0,1
202400001717,2024-07-09,nuit,,,77,77373,3,1,2,3,2,Nationale,90.0,1
202400001718,2024-07-01,matin,,,44,44109,2,1,3,4,4,Voie communale,50.0,1
202400001719,2024-03-11,matin,,,77,77188,1,1,7,2,3,Départementale,70.0,1
202400001720,2024-07-09,matin,,,45,45234,1,1,2,4,4,Voie communale,50.0,1
202400001721,2024-03-20,soirée,,,77,77067,1,1,6,3,3,Départementale,50.0,1
202400001722,2024-03-22,après-midi,,,77,77132,1,1,3,4,4,Voie communale,50.0,1
202400001723,2024-03-04,soirée,,,14,14752,5,2,1,3,3,Départementale,50.0,2
202400001724,2024-03-22,nuit,,,77,77186,3,1,6,4,4,Voie communale,50.0,1
202400001725,2024-04-17,après-midi,,,50,50099,1,1,6,4,3,Départementale,50.0,1
202400001726,2024-03-22,nuit,,,76,76296,5,1,3,3,3,Départementale,50.0,1
202400001727,2024-03-22,soirée,,,74,74010,1,1,3,4,4,Voie communale,30.0,1
202400001728,2024-07-07,après-midi,,,988,98818,5,1,2,4,3,Départementale,50.0,1
202400001729,2024-03-23,nuit,,,72,72181,5,2,6,4,4,Voie communale,30.0,2
202400001730,2024-07-09,après-midi,,,987,98736,1,1,3,4,4,Voie communale,50.0,1
202400001731,2024-03-22,après-midi,,,72,72181,1,1,2,4,4,Voie communale,50.0,1
202400001732,2024-03-22,matin,,,72,72181,1,1,2,4,4,Voie communale,30.0,1
202400001733,2024-07-09,matin,,,976,97611,1,1,6,4,4,Voie communale,50.0,1
202400001734,2024-07-09,nuit,,,974,97416,3,1,7,4,2,Nationale,110.0,1
202400001735,2024-03-22,nuit,,,72,72181,5,1,3,4,4,Voie communale,30.0,1
202400001736,2024-07-09,après-midi,,,974,97416,2,1,3,4,2,Nationale,110.0,1
202400001737,2024-03-21,après-midi,,,72,72181,1,1,2,4,3,Départementale,50.0,1
202400001738,2024-03-22,après-midi,,,69,69276,1,1,1,4,7,Autre,30.0,1
202400001739,2024-07-09,après-midi,,,974,97416,1,1,1,3,3,Départementale,50.0,1
202400001740,2024-03-22,matin,,,69,69271,1,1,3,4,4,Voie communale,50.0,1
202400001741,2024-07-09,après-midi,,,974,97411,1,1,2,4,2,Nationale,90.0,1
202400001742,2024-03-22,matin,,,66,66136,1,1,6,4,4,Voie communale,30.0,1
202400001743,2024-07-08,après-midi,,,972,97209,1,1,3,4,2,Nationale,,-1
202400001744,2024-03-22,matin,,,64,64125,1,1,1,4,3,Départementale,50.0,1
202400001745,2024-03-22,après-midi,,,64,64024,1,1,3,4,4,Voie communale,30.0,1
202400001746,2024-07-09,après-midi,,,971,97120,1,1,3,4,3,Départementale,50.0,1
202400001747,2024-03-22,matin,,,64,64102,1,1,7,4,4,Voie communale,50.0,1
202400001748,2024-07-08,après-midi,,,971,97113,1,1,2,4,2,Nationale,70.0,1
202400001749,2024-03-22,matin,,,64,64024,1,5,3,4,4,Voie communale,30.0,1
202400001750,2024-07-09,soirée,,,2A,2A004,1,1,6,4,6,Autre,30.0,1
202400001751,2024-03-21,après-midi,,,63,63245,1,1,1,4,3,Départementale,90.0,1
202400001752,2024-03-22,après-midi,,,63,63113,1,1,6,4,4,Voie communale,30.0,1
202400001753,2024-07-08,matin,,,84,84007,1,1,6,4,4,Voie communale,20.0,1
202400001754,2024-03-22,après-midi,,,62,62244,1,2,6,3,4,Voie communale,50.0,2
202400001755,2024-07-09,après-midi,,,83,83069,1,1,3,4,4,Voie communale,70.0,1
202400001756,2024-03-22,matin,,,62,62041,1,1,2,3,4,Voie communale,50.0,1
202400001757,2024-03-22,soirée,,,59,59122,5,2,6,3,4,Voie communale,50.0,2
202400001758,2024-07-08,après-midi,,,80,80674,1,1,2,4,4,Voie communale,50.0,1
202400001759,2024-03-22,matin,,,58,58194,1,1,6,4,4,Voie communale,30.0,1
202400001760,2024-07-09,matin,,,78,78383,1,1,6,4,4,Voie communale,50.0,1
202400001761,2024-03-22,après-midi,,,57,57463,1,1,6,4,4,Voie communale,30.0,1
202400001762,2024-03-22,après-midi,,,56,56121,2,3,4,4,4,Voie communale,30.0,2
202400001763,2024-03-21,après-midi,,,56,56098,1,1,3,3,4,Voie communale,30.0,1
202400001764,2024-03-22,après-midi,,,54,54395,1,1,3,4,4,Voie communale,30.0,1
202400001765,2024-07-08,après-midi,,,77,77083,1,1,2,4,3,Départementale,90.0,1
202400001766,2024-03-21,nuit,,,54,54395,5,1,3,4,4,Voie communale,50.0,1
202400001767,2024-03-22,matin,,,54,54575,1,1,6,4,3,Départementale,80.0,1
202400001768,2024-03-22,après-midi,,,54,54099,1,1,7,4,3,Départementale,50.0,1
202400001769,2024-07-09,après-midi,,,77,77335,1,2,4,4,2,Nationale,90.0,2
202400001770,2024-03-20,après-midi,,,52,52448,1,1,6,2,4,Voie communale,50.0,1
202400001771,2024-07-08,après-midi,,,73,73065,1,7,2,4,4,Voie communale,30.0,1
202400001772,2024-03-21,après-midi,,,50,50129,1,8,3,4,3,Départementale,50.0,1
202400001773,2024-07-08,après-midi,,,72,72181,1,1,6,4,4,Voie communale,30.0,1
202400001774,2024-03-20,après-midi,,,50,50129,1,1,2,4,3,Départementale,70.0,1
202400001775,2024-07-08,soirée,,,72,72181,1,1,3,4,4,Voie communale,50.0,1
202400001776,2024-03-20,après-midi,,,50,50129,1,1,3,4,4,Voie communale,50.0,1
202400001777,2024-03-22,après-midi,,,49,49007,1,1,3,4,4,Voie communale,30.0,1
202400001778,2024-07-07,soirée,,,72,72181,1,1,3,4,4,Voie communale,50.0,1
202400001779,2024-03-22,matin,,,49,49007,1,1,3,4,4,Voie communale,50.0,1
202400001780,2024-07-09,matin,,,71,71306,1,1,1,4,4,Voie communale,50.0,1
202400001781,2024-03-22,matin,,,47,47031,1,1,3,4,4,Voie communale,50.0,1
202400001782,2024-07-09,matin,,,71,71076,1,1,6,4,4,Voie communale,50.0,1
202400001783,2024-03-22,après-midi,,,45,45284,1,1,3,4,4,Voie communale,50.0,1
202400001784,2024-07-08,matin,,,69,69282,1,1,3,4,4,Voie communale,50.0,1
202400001785,2024-03-22,matin,,,45,45208,1,7,3,3,4,Voie communale,50.0,1
202400001786,2024-03-22,après-midi,,,42,42316,1,1,2,4,7,Autre,50.0,1
202400001787,2024-07-09,matin,,,69,69264,1,1,3,4,4,Voie communale,50.0,1
202400001788,2024-03-22,matin,,,41,41295,1,1,2,4,4,Voie communale,50.0,1
202400001789,2024-07-03,matin,,,69,69013,1,1,3,4,3,Départementale,70.0,2
202400001790,2024-03-21,après-midi,,,38,38151,1,1,1,4,7,Autre,50.0,1
202400001791,2024-07-08,après-midi,,,66,66136,1,1,6,4,4,Voie communale,50.0,1
202400001792,2024-03-21,matin,,,37,37195,1,1,3,4,4,Voie communale,50.0,1
202400001793,2024-03-22,soirée,,,36,36044,3,1,6,3,4,Voie communale,50.0,1
202400001794,2024-07-09,après-midi,,,64,64122,1,1,4,4,3,Départementale,70.0,1
202400001795,2024-07-09,après-midi,,,63,63113,1,1,7,4,4,Voie communale,30.0,1
202400001796,2024-03-22,soirée,,,35,35238,5,2,3,3,4,Voie communale,30.0,2
202400001797,2024-07-04,matin,,,62,62498,1,1,2,4,3,Départementale,50.0,1
202400001798,2024-03-22,après-midi,,,35,35238,1,8,2,4,4,Voie communale,50.0,1
202400001799,2024-07-09,matin,,,62,62244,1,2,7,4,4,Voie communale,50.0,2
202400001800,2024-07-09,nuit,,,60,60057,5,1,6,4,4,Voie communale,50.0,1
202400001801,2024-03-22,soirée,,,34,34172,5,1,3,3,4,Voie communale,50.0,1
202400001802,2024-03-23,nuit,,,33,33063,5,1,7,4,4,Voie communale,50.0,1
202400001803,2024-07-09,après-midi,,,59,59350,1,8,3,4,7,Autre,50.0,1
202400001804,2024-07-09,matin,,,59,59009,1,1,6,3,7,Autre,80.0,1
202400001805,2024-03-22,nuit,,,33,33249,3,1,3,4,4,Voie communale,50.0,1
202400001806,2024-07-09,après-midi,,,57,57463,1,1,7,2,4,Voie communale,30.0,1
202400001807,2024-03-22,après-midi,,,33,33063,1,1,3,4,4,Voie communale,50.0,1
202400001808,2024-03-22,matin,,,33,33063,1,1,6,4,4,Voie communale,50.0,1
202400001809,2024-07-09,matin,,,56,56260,1,2,2,4,2,Nationale,90.0,2
202400001810,2024-03-22,après-midi,,,31,31555,1,1,6,3,7,Autre,50.0,1
202400001811,2024-07-09,matin,,,56,56260,1,2,2,4,4,Voie communale,50.0,2
202400001812,2024-03-20,après-midi,,,29,29019,1,1,3,4,4,Voie communale,50.0,1
202400001813,2024-07-08,matin,,,56,56121,1,3,3,4,4,Voie communale,30.0,2
202400001814,2024-03-22,nuit,,,26,26198,3,1,6,2,2,Nationale,70.0,1
202400001815,2024-07-09,nuit,,,54,54184,5,1,6,3,4,Voie communale,30.0,1
202400001816,2024-03-22,après-midi,,,25,25462,1,1,3,4,4,Voie communale,50.0,1
202400001817,2024-03-22,après-midi,,,25,25056,1,1,3,4,3,Départementale,50.0,1
202400001818,2024-07-09,après-midi,,,51,51454,1,1,3,4,4,Voie communale,50.0,1
202400001819,2024-03-22,matin,,,21,21231,1,1,3,2,4,Voie communale,50.0,1
202400001820,2024-07-09,matin,,,50,50599,1,2,3,4,2,Nationale,50.0,2
202400001821,2024-03-21,après-midi,,,18,18279,1,1,3,4,3,Départementale,50.0,1
202400001822,2024-03-22,après-midi,,,13,13214,1,1,1,4,4,Voie communale,50.0,1
202400001823,2024-03-22,après-midi,,,13,13210,1,1,3,4,4,Voie communale,50.0,1
202400001824,2024-07-08,soirée,,,50,50129,1,3,2,4,3,Départementale,50.0,2
202400001825,2024-03-22,matin,,,13,13215,1,1,3,4,4,Voie communale,50.0,1
202400001826,2024-07-08,après-midi,,,49,49007,1,1,3,3,4,Voie communale,50.0,1
202400001827,2024-03-22,nuit,,,13,13210,5,1,1,4,4,Voie communale,50.0,1
202400001828,2024-03-22,matin,,,13,13004,1,1,3,3,4,Voie communale,50.0,1
202400001829,2024-07-08,matin,,,49,49007,1,1,6,4,4,Voie communale,50.0,1
202400001830,2024-03-22,nuit,,,10,10357,3,1,6,4,4,Voie communale,50.0,1
202400001831,2024-03-22,après-midi,,,10,10387,1,1,3,4,4,Voie communale,50.0,1
202400001832,2024-03-22,matin,,,06,06029,1,1,6,4,4,Voie communale,30.0,1
202400001833,2024-07-09,nuit,,,44,44162,3,2,6,4,2,Nationale,70.0,2
202400001834,2024-03-21,nuit,,,75,75119,5,1,2,4,4,Voie communale,70.0,1
202400001835,2024-07-09,soirée,,,44,44109,2,2,3,4,4,Voie communale,30.0,2
202400001836,2024-03-22,soirée,,,75,75105,5,1,6,4,4,Voie communale,30.0,1
202400001837,2024-03-21,nuit,,,75,75120,5,1,1,4,4,Voie communale,30.0,1
202400001838,2024-07-09,nuit,,,42,42184,3,2,6,3,3,Départementale,70.0,2
202400001839,2024-03-22,soirée,,,75,75117,5,1,6,4,4,Voie communale,30.0,1
202400001840,2024-07-09,soirée,,,34,34172,1,1,3,4,4,Voie communale,30.0,1
202400001841,2024-03-22,nuit,,,75,75117,5,1,7,4,4,Voie communale,30.0,1
202400001842,2024-03-22,après-midi,,,75,75116,1,1,4,4,4,Voie communale,30.0,1
202400001843,2024-07-08,soirée,,,34,34172,1,1,3,4,4,Voie communale,30.0,1
202400001844,2024-03-22,matin,,,75,75116,1,1,3,4,4,Voie communale,30.0,1
202400001845,2024-07-09,soirée,,,33,33281,1,8,1,4,4,Voie communale,30.0,2
202400001846,2024-03-21,soirée,,,75,75114,1,1,7,4,4,Voie communale,30.0,1
202400001847,2024-03-21,matin,,,75,75114,1,1,3,4,4,Voie communale,50.0,1
202400001848,2024-07-08,après-midi,,,33,33069,1,1,6,3,4,Voie communale,50.0,1
202400001849,2024-07-08,après-midi,,,31,31565,1,1,2,4,3,Départementale,80.0,1
202400001850,2024-07-09,matin,,,29,29232,1,2,7,4,3,Départementale,50.0,2
202400001851,2024-07-09,nuit,,,29,29039,5,2,3,4,4,Voie communale,50.0,2
202400001852,2024-07-09,nuit,,,25,25056,3,1,6,4,4,Voie communale,70.0,1
202400001853,2024-07-09,soirée,,,19,19031,1,1,3,4,4,Voie communale,50.0,1
202400001854,2024-07-09,matin,,,17,17306,1,1,3,4,4,Voie communale,30.0,1
202400001855,2024-07-09,nuit,,,17,17380,3,1,7,4,3,Départementale,70.0,1
202400001856,2024-07-07,nuit,,,14,14327,5,1,6,2,4,Voie communale,50.0,1
202400001857,2024-07-08,nuit,,,13,13206,5,1,3,4,4,Voie communale,50.0,1
202400001858,2024-07-09,nuit,,,13,13210,5,1,3,4,4,Voie communale,50.0,1
202400001859,2024-07-08,matin,,,13,13203,1,1,6,4,4,Voie communale,50.0,1
202400001860,2024-07-08,matin,,,13,13208,1,1,3,4,4,Voie communale,50.0,1
202400001861,2024-07-08,nuit,,,13,13098,3,1,1,3,3,Départementale,90.0,1
202400001862,2024-07-09,soirée,,,13,13028,1,1,1,4,3,Départementale,30.0,1
202400001863,2024-07-09,nuit,,,13,13001,3,1,7,4,9,Autre,50.0,1
202400001864,2024-07-09,soirée,,,11,11262,1,1,2,4,4,Voie communale,50.0,1
202400001865,2024-07-08,après-midi,,,10,10387,1,7,6,4,4,Voie communale,30.0,1
202400001866,2024-07-09,matin,,,07,07102,1,1,3,3,4,Voie communale,50.0,1
202400001867,2024-07-09,après-midi,,,06,06088,1,1,5,3,4,Voie communale,50.0,1
202400001868,2024-09-17,après-midi,,,75,75114,1,1,7,3,4,Voie communale,30.0,1
202400001869,2024-12-03,matin,,,76,76165,2,1,1,4,4,Voie communale,50.0,1
202400001870,2024-07-09,soirée,,,06,06069,1,1,7,4,4,Voie communale,50.0,1
202400001871,2024-09-18,après-midi,,,75,75113,1,1,7,4,4,Voie communale,30.0,1
202400001872,2024-09-18,après-midi,,,76,76575,1,1,3,4,4,Voie communale,50.0,1
202400001873,2024-07-09,après-midi,,,05,05023,1,1,1,4,2,Nationale,70.0,1
202400001874,2024-12-22,nuit,,,26,26340,3,4,7,2,3,Départementale,80.0,5
202400001875,2024-09-18,après-midi,,,75,75111,1,1,3,4,4,Voie communale,30.0,1
202400001876,2024-12-21,matin,,,60,60673,1,1,6,4,4,Voie communale,50.0,2