Num_Acc,date,time_of_day,lat,long,dep,com,lum,atm,col,severity_index,catr,catr_label,vma,surf
202400001877,2024-07-09,matin,,,75,75114,1,1,3,4,4,Voie communale,70.0,1
202400001878,2024-09-18,nuit,,,75,75108,5,1,6,4,4,Voie communale,30.0,1
202400001879,2024-09-26,matin,,,88,88039,3,2,1,3,3,Départementale,80.0,8
202400001880,2024-10-18,soirée,,,34,34146,5,1,6,2,4,Voie communale,,1
202400001881,2024-09-18,après-midi,,,94,94081,1,1,6,4,3,Départementale,50.0,1
202400001882,2024-07-08,soirée,,,75,75119,1,1,4,4,4,Voie communale,70.0,1
202400001883,2024-09-11,matin,,,59,59603,1,1,6,3,3,Départementale,,1
202400001884,2024-09-18,après-midi,,,94,94016,1,1,2,4,3,Départementale,50.0,1
202400001885,2024-09-18,nuit,,,94,94022,5,1,7,4,3,Départementale,50.0,1
202400001886,2024-11-20,après-midi,,,88,88366,1,1,6,2,4,Voie communale,50.0,1
202400001887,2024-07-09,après-midi,,,75,75113,1,1,3,4,4,Voie communale,50.0,1
202400001888,2024-10-28,nuit,,,88,88487,5,1,1,4,3,Départementale,50.0,1
202400001889,2024-09-18,matin,,,94,94068,1,1,6,4,4,Voie communale,30.0,1
202400001890,2024-07-08,soirée,,,75,75119,5,1,6,3,4,Voie communale,70.0,1
202400001891,2024-06-14,soirée,,,61,61168,1,1,6,4,6,Autre,50.0,1
202400001892,2024-09-18,nuit,,,93,93072,5,1,3,4,4,Voie communale,50.0,1
202400001893,2024-07-09,soirée,,,75,75117,1,1,3,4,4,Voie communale,30.0,1
202400001894,2024-08-01,matin,,,88,88058,1,7,3,2,3,Départementale,80.0,1
202400001895,2024-09-18,matin,,,93,93070,1,1,6,4,4,Voie communale,50.0,1
202400001896,2024-12-11,après-midi,,,28,28346,3,1,6,3,3,Départementale,80.0,1
202400001897,2024-07-09,matin,,,75,75117,1,1,6,4,4,Voie communale,30.0,1
202400001898,2024-11-08,matin,,,85,85194,1,1,6,3,4,Voie communale,50.0,1
202400001899,2024-09-18,après-midi,,,93,93064,1,1,6,4,3,Départementale,50.0,1
202400001900,2024-07-08,nuit,,,75,75117,3,1,3,4,4,Voie communale,50.0,1
202400001901,2024-12-07,nuit,,,35,35291,3,6,1,3,3,Départementale,50.0,2
202400001902,2024-09-17,nuit,,,93,93077,5,1,3,4,3,Départementale,50.0,1
202400001903,2024-12-21,matin,,,49,49331,1,1,3,4,9,Autre,50.0,1
202400001904,2024-07-09,après-midi,,,75,75116,1,1,3,4,4,Voie communale,30.0,1
202400001905,2024-09-18,soirée,,,93,93053,1,1,6,4,4,Voie communale,50.0,1
202400001906,2024-11-08,matin,,,91,91359,3,2,6,3,3,Départementale,50.0,2
202400001907,2024-07-09,matin,,,75,75116,1,1,3,4,4,Voie communale,30.0,1
202400001908,2024-11-26,après-midi,,,44,44109,1,1,3,4,4,Voie communale,50.0,1
202400001909,2024-09-18,soirée,,,93,93048,5,1,3,4,3,Départementale,50.0,1
202400001910,2024-07-08,après-midi,,,75,75116,1,1,3,3,4,Voie communale,30.0,1
202400001911,2024-11-21,après-midi,,,44,44109,1,6,6,4,4,Voie communale,50.0,1
202400001912,2024-09-17,soirée,,,93,93079,1,1,3,4,4,Voie communale,50.0,1
202400001913,2024-07-09,matin,,,75,75113,1,1,3,4,4,Voie communale,30.0,1
202400001914,2024-04-15,après-midi,,,75,75118,1,1,3,4,4,Voie communale,30.0,1
202400001915,2024-07-08,après-midi,,,75,75112,1,1,6,3,4,Voie communale,,1
202400001916,2024-09-17,nuit,,,92,92020,5,1,7,4,3,Départementale,50.0,1
202400001917,2024-12-19,après-midi,,,69,69270,1,2,2,4,4,Voie communale,50.0,2
202400001918,2024-07-08,matin,,,75,75112,1,1,1,4,4,Voie communale,30.0,1
202400001919,2024-09-18,après-midi,,,92,92024,1,1,6,4,3,Départementale,30.0,1
202400001920,2024-08-16,après-midi,,,44,44109,1,1,2,4,2,Nationale,70.0,1
202400001921,2024-05-11,matin,,,44,44190,1,1,3,4,4,Voie communale,50.0,1
202400001922,2024-09-18,après-midi,,,92,92023,1,1,3,3,3,Départementale,50.0,1
202400001923,2024-06-28,nuit,,,75,75111,5,1,3,4,4,Voie communale,30.0,1
202400001924,2024-05-10,matin,,,44,44143,1,1,3,4,4,Voie communale,50.0,1
202400001925,2024-09-18,matin,,,92,92012,1,1,3,4,3,Départementale,50.0,1
202400001926,2024-07-09,après-midi,,,75,75110,1,1,6,4,4,Voie communale,30.0,1
202400001927,2024-07-09,nuit,,,75,75110,5,1,3,4,4,Voie communale,30.0,1
202400001928,2024-09-18,matin,,,92,92004,1,1,3,4,3,Départementale,50.0,1
202400001929,2024-07-09,après-midi,,,75,75109,1,1,6,4,4,Voie communale,30.0,2
202400001930,2024-07-09,après-midi,,,75,75108,1,8,6,4,4,Voie communale,30.0,2
202400001931,2024-09-17,nuit,,,92,92002,5,1,3,4,3,Départementale,50.0,1
202400001932,2024-07-09,après-midi,,,75,75101,1,1,7,4,4,Voie communale,30.0,1
202400001933,2024-09-17,après-midi,,,95,95580,1,1,7,4,3,Départementale,70.0,1
202400001934,2024-07-09,matin,,,75,75101,1,1,7,4,4,Voie communale,30.0,1
202400001935,2024-09-18,soirée,,,39,39333,5,1,6,4,4,Voie communale,50.0,1
202400001936,2024-07-09,matin,,,75,75101,1,1,7,4,4,Voie communale,30.0,1
202400001937,2024-09-18,après-midi,,,60,60337,1,7,3,4,3,Départementale,50.0,1
202400001938,2024-07-09,après-midi,,,94,94081,1,1,6,4,3,Départementale,50.0,1
202400001939,2024-07-09,après-midi,,,94,94046,1,1,6,4,4,Voie communale,50.0,1
202400001940,2024-07-09,soirée,,,94,94016,1,1,6,4,3,Départementale,50.0,1
202400001941,2024-09-19,après-midi,,,22,22121,1,1,1,4,4,Voie communale,50.0,1
202400001942,2024-07-09,après-midi,,,93,93073,1,1,3,4,4,Voie communale,50.0,1
202400001943,2024-09-19,nuit,,,11,11146,3,1,6,2,1,Autoroute,90.0,1
202400001944,2024-07-09,après-midi,,,93,93055,1,1,2,4,4,Voie communale,30.0,1
202400001945,2024-07-09,après-midi,,,93,93051,1,1,3,4,4,Voie communale,50.0,1
202400001946,2024-07-09,soirée,,,93,93048,1,1,6,4,3,Départementale,30.0,1
202400001947,2024-09-18,soirée,,,31,31282,3,1,1,3,7,Autre,50.0,1
202400001948,2024-09-19,matin,,,58,58089,1,1,3,4,3,Départementale,90.0,1
202400001949,2024-07-08,soirée,,,93,93032,1,1,4,4,3,Départementale,50.0,1
202400001950,2024-07-08,après-midi,,,93,93029,1,8,3,4,4,Voie communale,30.0,1
202400001951,2024-09-19,matin,,,62,62849,1,1,3,4,3,Départementale,80.0,1
202400001952,2024-09-11,après-midi,,,30,30141,1,1,7,3,4,Voie communale,50.0,1
202400001953,2024-07-09,soirée,,,93,93007,1,1,3,4,3,Départementale,30.0,1
202400001954,2024-07-09,après-midi,,,93,93001,1,1,6,4,3,Départementale,50.0,1
202400001955,2024-09-19,matin,,,78,78591,1,1,6,4,3,Départementale,30.0,1
202400001956,2024-07-09,matin,,,92,92062,1,1,4,4,3,Départementale,50.0,1
202400001957,2024-09-19,après-midi,,,80,80088,1,1,1,4,3,Départementale,80.0,1
202400001958,2024-07-09,après-midi,,,92,92050,1,3,3,4,3,Départementale,50.0,2
202400001959,2024-09-16,après-midi,,,33,33311,1,1,3,3,3,Départementale,50.0,1
202400001960,2024-07-08,nuit,,,92,92049,5,1,7,4,3,Départementale,50.0,1
202400001961,2024-07-09,soirée,,,92,92012,1,1,2,4,3,Départementale,50.0,1
202400001962,2024-07-09,après-midi,,,92,92004,1,1,2,4,3,Départementale,70.0,1
202400001963,2024-09-19,matin,,,71,71014,1,1,5,4,3,Départementale,50.0,1
202400001964,2024-07-09,matin,,,43,43040,1,1,3,4,3,Départementale,90.0,1
202400001965,2024-09-19,après-midi,,,61,61153,1,1,3,4,4,Voie communale,80.0,1
202400001966,2024-07-09,après-midi,,,68,68112,1,1,3,4,3,Départementale,50.0,1
202400001967,2024-09-19,après-midi,,,49,49373,1,1,1,3,3,Départementale,90.0,1
202400001968,2024-07-09,matin,,,29,29020,1,3,6,4,2,Nationale,110.0,2
202400001969,2024-09-17,matin,,,34,34300,1,1,6,4,4,Voie communale,50.0,9
202400001970,2024-07-10,après-midi,,,83,83070,1,1,6,3,4,Voie communale,50.0,1
202400001971,2024-06-19,soirée,,,71,71336,2,1,6,4,3,Départementale,80.0,1
202400001972,2024-09-18,après-midi,,,29,29220,1,1,4,3,4,Voie communale,50.0,1
202400001973,2024-07-10,matin,,,66,66141,2,1,1,3,4,Voie communale,50.0,1
202400001974,2024-07-07,nuit,,,83,83026,3,1,6,3,3,Départementale,50.0,1
202400001975,2024-09-19,après-midi,,,85,85089,1,1,3,4,3,Départementale,80.0,1
202400001976,2024-07-07,après-midi,,,57,57556,1,1,7,3,3,Départementale,80.0,1
202400001977,2024-07-07,nuit,,,95,95652,3,1,6,4,3,Départementale,90.0,1
202400001978,2024-09-17,matin,,,26,26124,1,1,3,3,2,Nationale,80.0,1
202400001979,2024-07-10,matin,,,51,51625,1,1,7,3,4,Voie communale,80.0,1
202400001980,2024-07-10,après-midi,,,56,56234,1,1,7,3,4,Voie communale,30.0,1
202400001981,2024-09-19,après-midi,,,72,72272,1,1,3,3,3,Départementale,80.0,1
202400001982,2024-07-10,après-midi,,,77,77414,1,1,3,3,3,Départementale,80.0,1
202400001983,2024-07-07,après-midi,,,2B,2B251,1,1,7,2,3,Départementale,30.0,1
202400001984,2024-09-19,après-midi,,,14,14231,1,1,1,4,3,Départementale,90.0,1
202400001985,2024-09-19,matin,,,64,64145,2,1,1,4,3,Départementale,50.0,1
202400001986,2024-09-18,soirée,,,73,73059,1,1,6,3,4,Voie communale,50.0,1
202400001987,2024-09-19,matin,,,40,40126,1,1,2,3,3,Départementale,50.0,1
202400001988,2024-09-19,nuit,,,04,04110,3,1,6,2,2,Nationale,70.0,1
202400001989,2024-09-18,après-midi,,,85,85051,1,1,3,4,3,Départementale,80.0,1
202400001990,2024-09-18,matin,,,30,30240,1,7,3,3,3,Départementale,80.0,1
202400001991,2024-09-19,après-midi,,,69,69244,1,1,6,4,4,Voie communale,50.0,1
202400001992,2024-09-18,soirée,,,987,98715,5,1,3,4,2,Nationale,50.0,1
202400001993,2024-09-18,après-midi,,,06,06088,1,2,3,4,1,Autoroute,90.0,2
202400001994,2024-09-19,matin,,,13,13032,1,1,5,4,3,Départementale,50.0,1
202400001995,2024-09-16,après-midi,,,971,97103,1,2,6,3,2,Nationale,50.0,2
202400001996,2024-09-17,après-midi,,,971,97115,1,1,1,4,3,Départementale,50.0,1
202400001997,2024-09-18,après-midi,,,971,97106,1,1,6,2,2,Nationale,50.0,1
202400001998,2024-09-18,après-midi,,,45,45065,1,1,6,3,3,Départementale,50.0,1
202400001999,2024-09-18,soirée,,,95,95625,1,1,7,3,3,Départementale,50.0,1
202400002000,2024-09-18,nuit,,,84,84078,3,1,7,4,4,Voie communale,70.0,1
202400002001,2024-11-30,nuit,,,25,25074,3,1,3,4,3,Départementale,90.0,1
202400002002,2024-09-19,après-midi,,,84,84026,1,1,3,4,4,Voie communale,,1
202400002003,2024-09-19,après-midi,,,84,84054,1,1,1,4,3,Départementale,80.0,1
202400002004,2024-11-29,matin,,,29,29195,1,1,3,4,3,Départementale,80.0,1
202400002005,2024-09-18,après-midi,,,57,57160,1,1,6,4,4,Voie communale,30.0,1
202400002006,2024-12-01,soirée,,,14,14121,3,1,6,3,3,Départementale,90.0,1
202400002007,2024-11-29,nuit,,,60,60516,3,9,1,4,4,Voie communale,80.0,7
202400002008,2024-09-19,après-midi,,,81,81099,1,1,1,4,4,Voie communale,30.0,1
202400002009,2024-09-12,après-midi,,,33,33051,1,1,1,4,3,Départementale,30.0,1
202400002010,2024-12-01,après-midi,,,16,16071,1,1,5,4,3,Départementale,90.0,1
202400002011,2024-09-18,matin,,,44,44026,2,1,3,4,7,Autre,80.0,1
202400002012,2024-11-28,après-midi,,,04,04049,1,1,6,4,2,Nationale,,1
202400002013,2024-11-30,nuit,,,27,27226,3,1,3,3,4,Voie communale,50.0,1
202400002014,2024-09-19,nuit,,,60,60341,3,1,5,4,2,Nationale,110.0,1
202400002015,2024-11-30,soirée,,,17,17269,3,5,3,4,3,Départementale,80.0,2
202400002016,2024-12-01,après-midi,,,87,87146,1,1,1,2,3,Départementale,80.0,1
202400002017,2024-09-18,après-midi,,,13,13212,1,1,3,4,1,Autoroute,70.0,1
202400002018,2024-12-01,nuit,,,24,24225,3,5,6,3,3,Départementale,80.0,1
202400002019,2024-12-01,matin,,,972,97224,1,1,1,3,3,Départementale,,1
202400002020,2024-09-18,après-midi,,,13,13215,1,1,4,4,1,Autoroute,90.0,1
202400002021,2024-11-30,nuit,,,2B,2B220,3,1,1,3,2,Nationale,80.0,1
202400002022,2024-11-30,soirée,,,83,83138,5,1,7,3,4,Voie communale,50.0,1
202400002023,2024-09-16,nuit,,,33,33167,4,1,6,4,2,Nationale,90.0,1
202400002024,2024-12-01,matin,,,13,13030,1,1,2,3,3,Départementale,90.0,1
202400002025,2024-09-18,soirée,,,91,91064,1,1,3,4,2,Nationale,90.0,1
202400002026,2024-11-02,nuit,,,13,13004,3,1,1,3,3,Départementale,80.0,1
202400002027,2024-09-18,nuit,,,92,92036,5,1,6,4,1,Autoroute,90.0,1
202400002028,2024-12-01,nuit,,,13,13066,4,1,2,4,3,Départementale,80.0,1
202400002029,2024-09-17,après-midi,,,78,78007,1,8,4,4,1,Autoroute,110.0,1
202400002030,2024-11-30,matin,,,70,70310,3,8,6,4,2,Nationale,90.0,1
202400002031,2024-12-01,matin,,,21,21265,2,5,6,3,3,Départementale,30.0,1
202400002032,2024-12-01,nuit,,,08,08194,3,1,6,3,1,Autoroute,130.0,1
202400002033,2024-09-17,matin,,,92,92048,1,8,5,4,2,Nationale,90.0,1
202400002034,2024-12-01,nuit,,,55,55351,4,5,6,4,3,Départementale,90.0,1
202400002035,2024-09-17,soirée,,,93,93066,1,1,6,4,1,Autoroute,90.0,1
202400002036,2024-11-30,nuit,,,44,44109,5,1,2,4,4,Voie communale,70.0,2
202400002037,2024-09-17,après-midi,,,93,93066,1,1,2,4,1,Autoroute,90.0,1
202400002038,2024-11-29,matin,,,33,33067,1,1,6,3,4,Voie communale,50.0,1
202400002039,2024-09-17,matin,,,93,93027,1,1,2,3,1,Autoroute,50.0,1
202400002040,2024-11-30,matin,,,14,14325,1,1,2,3,3,Départementale,80.0,1
202400002041,2024-12-01,après-midi,,,59,59285,1,8,7,4,3,Départementale,80.0,2
202400002042,2024-04-25,matin,,,93,93001,1,1,6,4,3,Départementale,50.0,1
202400002043,2024-11-21,matin,,,13,13214,1,1,2,4,1,Autoroute,70.0,1
202400002044,2024-04-17,matin,,,93,93001,1,2,6,4,3,Départementale,30.0,2
202400002045,2024-11-29,après-midi,,,13,13215,1,1,4,4,1,Autoroute,90.0,1
202400002046,2024-04-09,soirée,,,93,93001,1,1,2,4,4,Voie communale,30.0,1
202400002047,2024-03-03,après-midi,,,93,93001,1,1,6,4,3,Départementale,50.0,1
202400002048,2024-11-03,après-midi,,,69,69266,1,1,4,4,7,Autre,70.0,1
202400002049,2024-11-26,soirée,,,67,67471,3,1,2,4,7,Autre,70.0,1
202400002050,2024-03-04,soirée,,,93,93001,1,1,6,4,3,Départementale,15.0,1
202400002051,2024-11-30,nuit,,,33,33013,4,1,4,4,2,Nationale,50.0,1
202400002052,2024-03-06,après-midi,,,93,93001,1,1,3,4,3,Départementale,50.0,1
202400002053,2024-11-30,après-midi,,,33,33397,2,5,6,4,1,Autoroute,110.0,2
202400002054,2024-03-11,soirée,,,93,93001,2,2,3,4,3,Départementale,50.0,2
202400002055,2024-11-30,soirée,,,91,91589,4,1,4,4,1,Autoroute,110.0,1
202400002056,2024-03-13,après-midi,,,93,93001,1,1,5,4,4,Voie communale,50.0,1
202400002057,2024-11-29,matin,,,91,91161,1,1,2,4,1,Autoroute,110.0,1
202400002058,2024-03-15,matin,,,93,93001,1,1,6,4,4,Voie communale,,1
202400002059,2024-11-30,nuit,,,92,92050,5,1,2,3,1,Autoroute,90.0,1
202400002060,2024-03-16,matin,,,93,93001,1,1,6,2,3,Départementale,50.0,1
202400002061,2024-11-29,après-midi,,,78,78455,1,1,3,4,1,Autoroute,110.0,1
202400002062,2024-11-30,matin,,,95,95127,3,1,6,4,1,Autoroute,50.0,2
202400002063,2024-03-18,après-midi,,,93,93001,1,1,3,4,3,Départementale,50.0,1
202400002064,2024-11-30,après-midi,,,93,93053,1,1,2,4,1,Autoroute,70.0,1
202400002065,2024-03-22,après-midi,,,93,93001,1,1,6,4,3,Départementale,40.0,1
202400002066,2024-03-28,après-midi,,,93,93001,1,1,6,4,3,Départementale,25.0,1
202400002067,2024-11-29,après-midi,,,93,93027,3,1,3,4,1,Autoroute,70.0,1
202400002068,2024-03-23,soirée,,,93,93001,5,2,6,4,3,Départementale,50.0,2
202400002069,2024-11-29,nuit,,,93,93010,3,1,2,4,1,Autoroute,50.0,1
202400002070,2024-02-10,soirée,,,93,93001,5,2,6,4,3,Départementale,50.0,2
202400002071,2024-11-29,après-midi,,,93,93007,1,1,5,4,1,Autoroute,110.0,1
202400002072,2024-11-29,matin,,,94,94073,1,1,2,4,1,Autoroute,90.0,1
202400002073,2024-02-27,matin,,,93,93001,1,1,3,4,4,Voie communale,50.0,1
202400002074,2024-02-21,après-midi,,,93,93001,1,2,6,4,4,Voie communale,50.0,2
202400002075,2024-07-03,matin,,,13,13209,1,1,2,2,4,Voie communale,50.0,1
202400002076,2024-11-29,matin,,,974,97411,1,1,7,4,4,Voie communale,50.0,1
202400002077,2024-02-06,matin,,,93,93001,2,1,6,4,4,Voie communale,,1
202400002078,2024-09-17,soirée,,,988,98818,5,1,6,4,4,Voie communale,50.0,1
202400002079,2024-11-28,soirée,,,973,97302,5,1,1,4,3,Départementale,50.0,1
202400002080,2024-09-17,après-midi,,,976,97611,2,2,1,3,3,Départementale,70.0,2
202400002081,2024-11-28,après-midi,,,973,97302,1,2,3,4,3,Départementale,50.0,2
202400002082,2024-09-17,après-midi,,,974,97416,1,1,3,4,4,Voie communale,50.0,1
202400002083,2024-11-28,matin,,,973,97302,2,2,3,4,3,Départementale,50.0,2
202400002084,2024-09-17,matin,,,974,97416,1,1,2,4,2,Nationale,110.0,1
202400002085,2024-11-29,après-midi,,,69,69386,1,1,6,4,4,Voie communale,30.0,1
202400002086,2024-09-17,matin,,,974,97407,1,1,3,4,4,Voie communale,30.0,1
202400002087,2024-11-29,nuit,,,972,97213,5,1,2,4,4,Voie communale,30.0,1
202400002088,2024-11-26,après-midi,,,972,97209,1,8,6,4,4,Voie communale,30.0,1
202400002089,2024-09-17,après-midi,,,973,97302,1,1,3,4,3,Départementale,50.0,1
202400002090,2024-09-16,matin,,,69,69387,1,1,6,2,4,Voie communale,30.0,1
202400002091,2024-11-29,après-midi,,,2B,2B120,1,1,4,4,2,Nationale,70.0,1
202400002092,2024-11-28,après-midi,,,971,97101,1,1,3,3,3,Départementale,50.0,1
202400002093,2024-09-17,matin,,,69,69383,1,1,1,4,4,Voie communale,50.0,1
202400002094,2024-11-28,nuit,,,971,97101,5,1,6,4,4,Voie communale,50.0,1
202400002095,2024-09-17,soirée,,,69,69388,1,8,6,4,4,Voie communale,30.0,1
202400002096,2024-11-29,après-midi,,,2A,2A004,1,1,3,4,2,Nationale,50.0,1
202400002097,2024-11-29,après-midi,,,95,95539,1,1,6,3,4,Voie communale,50.0,1
202400002098,2024-09-17,après-midi,,,2A,2A004,1,1,3,4,3,Départementale,50.0,1
202400002099,2024-04-30,soirée,,,93,93006,1,8,6,4,4,Voie communale,30.0,1
202400002100,2024-11-29,matin,,,95,95607,1,1,3,4,4,Voie communale,50.0,1
202400002101,2024-11-29,soirée,,,91,91021,5,1,6,3,3,Départementale,50.0,1
202400002102,2024-09-16,nuit,,,95,95280,5,1,5,4,3,Départementale,50.0,1
202400002103,2024-04-30,après-midi,,,93,93006,1,1,3,4,3,Départementale,50.0,1
202400002104,2024-11-29,matin,,,91,91549,1,7,6,4,4,Voie communale,30.0,1
202400002105,2024-09-17,soirée,,,95,95426,5,1,1,4,3,Départementale,30.0,1
202400002106,2024-04-30,matin,,,93,93047,1,2,3,4,4,Voie communale,30.0,2
202400002107,2024-04-29,après-midi,,,93,93057,1,1,7,3,3,Départementale,50.0,1
202400002108,2024-09-17,après-midi,,,91,91201,1,1,6,4,6,Autre,15.0,1
202400002109,2024-04-29,soirée,,,93,93010,1,1,6,4,4,Voie communale,30.0,1
202400002110,2024-11-28,après-midi,,,91,91471,1,7,6,3,3,Départementale,30.0,1
202400002111,2024-09-17,après-midi,,,91,91434,1,1,6,4,3,Départementale,30.0,1
202400002112,2024-04-30,après-midi,,,92,92064,1,1,3,4,4,Voie communale,50.0,1
202400002113,2024-11-28,soirée,,,91,91657,5,1,6,3,3,Départementale,50.0,1
202400002114,2024-09-17,matin,,,91,91286,1,1,3,4,3,Départementale,50.0,1
202400002115,2024-04-30,matin,,,92,92051,1,2,3,4,2,Nationale,50.0,2
202400002116,2024-11-28,soirée,,,91,91201,5,1,6,4,6,Autre,15.0,1
202400002117,2024-04-29,après-midi,,,92,92049,1,1,2,4,3,Départementale,50.0,1
202400002118,2024-11-29,soirée,,,91,91174,3,1,6,4,4,Voie communale,50.0,1
202400002119,2024-09-16,soirée,,,87,87085,1,1,3,4,4,Voie communale,50.0,1
202400002120,2024-04-30,matin,,,92,92044,1,2,6,2,4,Voie communale,50.0,2
202400002121,2024-11-29,après-midi,,,91,91223,1,1,2,4,4,Voie communale,50.0,1
202400002122,2024-09-11,après-midi,,,80,80021,1,1,1,4,4,Voie communale,50.0,1
202400002123,2024-11-28,après-midi,,,87,87085,1,1,3,4,4,Voie communale,30.0,1
202400002124,2024-04-30,soirée,,,92,92040,1,8,2,3,3,Départementale,30.0,1
202400002125,2024-04-30,matin,,,92,92036,1,2,3,4,4,Voie communale,50.0,2
202400002126,2024-09-16,soirée,,,78,78401,1,1,3,4,3,Départementale,70.0,1
202400002127,2024-11-28,après-midi,,,83,83137,1,1,3,4,4,Voie communale,50.0,1
202400002128,2024-04-30,nuit,,,92,92024,5,2,1,4,3,Départementale,30.0,2
202400002129,2024-09-16,après-midi,,,78,78440,1,1,3,4,4,Voie communale,30.0,1
202400002130,2024-11-29,matin,,,83,83126,5,1,1,3,3,Départementale,50.0,1
202400002131,2024-04-30,après-midi,,,92,92024,1,1,6,4,4,Voie communale,50.0,1
202400002132,2024-09-17,matin,,,78,78297,2,1,6,3,4,Voie communale,50.0,1
202400002133,2024-11-29,après-midi,,,81,81065,2,1,2,4,3,Départementale,90.0,1
202400002134,2024-04-30,matin,,,92,92002,2,2,3,4,3,Départementale,50.0,2
202400002135,2024-09-17,nuit,,,78,78208,5,1,6,3,4,Voie communale,50.0,1
202400002136,2024-11-29,après-midi,,,81,81004,1,1,6,3,4,Voie communale,20.0,9
202400002137,2024-11-27,soirée,,,80,80021,5,1,7,2,4,Voie communale,50.0,1
202400002138,2024-09-17,soirée,,,78,78498,5,1,1,3,4,Voie communale,30.0,1
202400002139,2024-04-30,soirée,,,37,37199,1,1,1,4,3,Départementale,80.0,1
202400002140,2024-09-16,après-midi,,,77,77337,1,1,2,4,4,Voie communale,50.0,1
202400002141,2024-05-01,après-midi,,,71,71305,1,1,3,4,1,Autoroute,130.0,1
202400002142,2024-11-28,matin,,,78,78133,1,1,3,4,3,Départementale,30.0,1
202400002143,2024-09-17,matin,,,70,70550,1,1,3,3,2,Nationale,30.0,1
202400002144,2024-04-30,soirée,,,86,86261,2,1,3,3,4,Voie communale,30.0,1
202400002145,2024-09-16,après-midi,,,67,67482,1,2,6,4,4,Voie communale,30.0,2
202400002146,2024-11-29,après-midi,,,78,78401,1,1,5,4,3,Départementale,50.0,1
202400002147,2024-05-01,matin,,,50,50592,1,8,6,3,3,Départementale,50.0,1
202400002148,2024-09-17,après-midi,,,66,66136,1,1,6,3,4,Voie communale,50.0,1
202400002149,2024-11-29,nuit,,,77,77374,3,1,3,4,3,Départementale,80.0,1
202400002150,2024-04-30,soirée,,,19,19117,1,2,7,2,3,Départementale,90.0,2
202400002151,2024-09-17,matin,,,64,64445,1,1,3,4,4,Voie communale,50.0,1
202400002152,2024-11-28,après-midi,,,77,77053,1,1,3,4,3,Départementale,50.0,1
202400002153,2024-11-28,matin,,,77,77288,2,1,6,3,4,Voie communale,50.0,1
202400002154,2024-05-01,nuit,,,56,56053,3,2,6,2,2,Nationale,110.0,2
202400002155,2024-09-16,soirée,,,64,64102,1,1,3,4,3,Départementale,50.0,1
202400002156,2024-11-29,soirée,,,76,76540,5,1,3,4,4,Voie communale,30.0,1
202400002157,2024-11-29,après-midi,,,76,76351,1,1,6,3,4,Voie communale,50.0,1
202400002158,2024-09-16,matin,,,64,64024,1,1,4,4,4,Voie communale,50.0,1
202400002159,2024-11-28,après-midi,,,72,72181,1,1,6,4,4,Voie communale,50.0,1
202400002160,2024-05-01,après-midi,,,76,76271,1,1,5,4,3,Départementale,70.0,1
202400002161,2024-09-13,après-midi,,,63,63300,1,1,6,4,3,Départementale,50.0,1
202400002162,2024-11-29,après-midi,,,71,71306,1,1,7,2,4,Voie communale,50.0,1
202400002163,2024-09-17,matin,,,63,63245,1,1,6,4,3,Départementale,90.0,1
202400002164,2024-11-27,matin,,,69,69256,1,1,6,3,4,Voie communale,50.0,1
202400002165,2024-09-17,après-midi,,,63,63014,1,1,3,4,7,Autre,30.0,1
202400002166,2024-04-30,matin,,,65,65247,1,1,7,3,4,Voie communale,50.0,9
202400002167,2024-11-28,nuit,,,69,69271,5,2,6,4,7,Autre,50.0,2
202400002168,2024-09-17,après-midi,,,63,63113,1,1,6,4,7,Autre,50.0,1
202400002169,2024-11-28,soirée,,,69,69290,5,2,6,4,4,Voie communale,50.0,2
202400002170,2024-04-30,matin,,,65,65395,1,1,3,2,3,Départementale,50.0,1
202400002171,2024-11-29,nuit,,,68,68224,3,5,6,3,3,Départementale,90.0,1
202400002172,2024-09-17,matin,,,62,62215,1,1,2,3,4,Voie communale,50.0,1
202400002173,2024-04-30,nuit,,,63,63146,3,3,6,3,3,Départementale,90.0,2
202400002174,2024-11-29,soirée,,,67,67043,5,5,1,4,4,Voie communale,50.0,1
202400002175,2024-04-30,soirée,,,12,12056,1,1,6,4,3,Départementale,90.0,1
202400002176,2024-09-16,après-midi,,,59,59041,1,1,5,4,3,Départementale,50.0,1
202400002177,2024-11-29,après-midi,,,67,67482,5,5,3,4,4,Voie communale,30.0,1
202400002178,2024-04-23,soirée,,,47,47214,1,1,6,3,3,Départementale,70.0,1
202400002179,2024-09-17,après-midi,,,59,59350,1,1,3,4,7,Autre,30.0,1
202400002180,2024-05-01,matin,,,39,39539,2,8,6,2,4,Voie communale,80.0,1
202400002181,2024-11-28,matin,,,67,67180,1,1,4,4,4,Voie communale,50.0,1
202400002182,2024-09-17,matin,,,59,59378,1,1,2,4,7,Autre,25.0,1
202400002183,2024-11-29,matin,,,66,66136,1,7,6,4,4,Voie communale,50.0,1
202400002184,2024-09-16,après-midi,,,54,54395,1,8,3,4,4,Voie communale,30.0,1
202400002185,2024-04-29,après-midi,,,35,35099,1,1,5,4,3,Départementale,80.0,1
202400002186,2024-09-16,matin,,,54,54300,1,1,2,4,4,Voie communale,50.0,1
202400002187,2024-04-24,après-midi,,,29,29217,1,1,6,3,2,Nationale,110.0,9
202400002188,2024-11-29,soirée,,,64,64335,5,1,3,3,4,Voie communale,30.0,1