Num_Acc,date,time_of_day,lat,long,dep,com,lum,atm,col,severity_index,catr,catr_label,vma,surf
202400002189,2024-09-17,matin,,,51,51454,1,1,3,4,4,Voie communale,50.0,1
202400002190,2024-11-29,après-midi,,,64,64335,1,1,3,4,4,Voie communale,70.0,1
202400002191,2024-04-26,matin,,,14,14102,1,1,3,3,3,Départementale,50.0,1
202400002192,2024-11-29,matin,,,64,64445,1,1,6,4,4,Voie communale,50.0,1
202400002193,2024-09-16,après-midi,,,51,51454,1,1,1,4,4,Voie communale,50.0,1
202400002194,2024-04-30,après-midi,,,14,14480,1,1,2,4,3,Départementale,80.0,1
202400002195,2024-11-29,après-midi,,,64,64102,1,1,4,4,4,Voie communale,50.0,1
202400002196,2024-09-13,après-midi,,,50,50129,1,1,3,4,4,Voie communale,30.0,1
202400002197,2024-05-01,après-midi,,,07,07126,1,2,1,3,3,Départementale,90.0,2
202400002198,2024-11-29,matin,,,64,64140,1,1,7,4,4,Voie communale,30.0,1
202400002199,2024-09-17,matin,,,49,49328,1,8,3,4,4,Voie communale,30.0,1
202400002200,2024-04-30,nuit,,,23,23255,3,1,6,4,3,Départementale,90.0,1
202400002201,2024-11-29,matin,,,63,63212,1,2,3,4,3,Départementale,90.0,2
202400002202,2024-05-01,après-midi,,,52,52550,1,1,6,2,3,Départementale,70.0,1
202400002203,2024-09-16,après-midi,,,47,47001,1,1,3,4,4,Voie communale,30.0,1
202400002204,2024-11-28,après-midi,,,60,60159,1,1,3,3,4,Voie communale,50.0,1
202400002205,2024-05-01,matin,,,24,24331,1,8,3,4,3,Départementale,80.0,1
202400002206,2024-09-17,après-midi,,,45,45234,1,1,6,4,4,Voie communale,50.0,1
202400002207,2024-11-29,matin,,,59,59599,1,1,2,4,4,Voie communale,50.0,1
202400002208,2024-09-16,après-midi,,,44,44109,1,1,6,4,4,Voie communale,30.0,1
202400002209,2024-11-29,matin,,,59,59512,5,5,6,4,7,Autre,50.0,1
202400002210,2024-04-30,soirée,,,973,97307,3,1,2,4,2,Nationale,70.0,1
202400002211,2024-09-17,soirée,,,38,38185,1,1,3,4,4,Voie communale,30.0,1
202400002212,2024-11-29,soirée,,,59,59008,3,1,2,4,3,Départementale,50.0,1
202400002213,2024-04-30,soirée,,,42,42005,5,1,1,4,4,Voie communale,50.0,1
202400002214,2024-09-17,matin,,,38,38053,1,1,6,4,4,Voie communale,50.0,1
202400002215,2024-11-29,matin,,,56,56098,1,1,6,4,4,Voie communale,50.0,1
202400002216,2024-04-30,soirée,,,987,98714,3,1,7,3,2,Nationale,60.0,1
202400002217,2024-04-30,matin,,,45,45144,1,9,7,3,3,Départementale,80.0,2
202400002218,2024-09-17,matin,,,37,37261,1,1,3,4,4,Voie communale,50.0,1
202400002219,2024-11-29,après-midi,,,54,54339,1,1,2,4,4,Voie communale,30.0,1
202400002220,2024-04-30,après-midi,,,77,77095,1,2,1,4,3,Départementale,80.0,2
202400002221,2024-11-06,après-midi,,,52,52121,1,1,6,3,4,Voie communale,50.0,1
202400002222,2024-09-17,soirée,,,35,35115,1,1,1,3,4,Voie communale,30.0,1
202400002223,2024-05-01,après-midi,,,95,95355,1,1,2,4,3,Départementale,110.0,1
202400002224,2024-09-12,après-midi,,,35,35115,1,1,6,3,4,Voie communale,30.0,1
202400002225,2024-11-29,après-midi,,,51,51454,1,1,3,4,4,Voie communale,50.0,1
202400002226,2024-05-01,soirée,,,78,78147,1,1,6,2,3,Départementale,80.0,1
202400002227,2024-09-17,soirée,,,34,34172,5,3,1,4,4,Voie communale,30.0,2
202400002228,2024-11-29,matin,,,51,51454,1,1,6,4,4,Voie communale,30.0,1
202400002229,2024-04-30,après-midi,,,2A,2A247,1,1,6,3,3,Départementale,50.0,1
202400002230,2024-09-17,soirée,,,33,33550,1,1,3,4,4,Voie communale,30.0,1
202400002231,2024-04-30,soirée,,,34,34056,2,1,6,4,3,Départementale,90.0,2
202400002232,2024-09-17,matin,,,33,33032,2,1,3,4,4,Voie communale,50.0,1
202400002233,2024-11-29,après-midi,,,49,49007,5,1,5,4,4,Voie communale,50.0,1
202400002234,2024-04-30,après-midi,,,34,34058,1,8,5,4,7,Autre,80.0,1
202400002235,2024-09-17,après-midi,,,31,31555,1,1,2,4,4,Voie communale,50.0,1
202400002236,2024-11-29,après-midi,,,49,49007,1,1,6,2,4,Voie communale,50.0,1
202400002237,2024-09-17,soirée,,,29,29232,1,1,1,4,4,Voie communale,50.0,1
202400002238,2024-11-29,après-midi,,,46,46042,1,1,4,4,3,Départementale,80.0,1
202400002239,2024-04-30,soirée,,,83,83037,1,1,5,4,3,Départementale,80.0,1
202400002240,2024-09-17,matin,,,29,29019,5,1,2,4,4,Voie communale,50.0,1
202400002241,2024-11-30,nuit,,,44,44162,5,5,6,4,4,Voie communale,50.0,1
202400002242,2024-04-30,matin,,,13,13093,1,1,7,4,3,Départementale,80.0,1
202400002243,2024-09-16,après-midi,,,29,29019,1,1,6,3,4,Voie communale,30.0,1
202400002244,2024-11-28,soirée,,,43,43157,5,1,6,4,4,Voie communale,50.0,1
202400002245,2024-04-27,soirée,,,13,13041,1,1,1,4,3,Départementale,50.0,1
202400002246,2024-09-17,matin,,,27,27681,2,1,2,4,4,Voie communale,50.0,1
202400002247,2024-11-28,matin,,,43,43157,1,8,2,4,2,Nationale,110.0,1
202400002248,2024-05-01,nuit,,,57,57620,3,1,1,4,3,Départementale,80.0,1
202400002249,2024-04-29,soirée,,,85,85226,1,1,6,4,3,Départementale,50.0,1
202400002250,2024-09-17,après-midi,,,27,27684,1,1,3,4,4,Voie communale,,1
202400002251,2024-11-29,soirée,,,35,35051,3,1,4,4,2,Nationale,90.0,1
202400002252,2024-04-30,soirée,,,60,60439,1,2,6,4,4,Voie communale,,2
202400002253,2024-09-17,après-midi,,,27,27229,1,1,2,4,4,Voie communale,50.0,1
202400002254,2024-11-29,après-midi,,,35,35238,2,1,7,4,4,Voie communale,30.0,1
202400002255,2024-04-29,matin,,,13,13071,1,1,3,3,1,Autoroute,90.0,1
202400002256,2024-09-17,matin,,,22,22360,1,1,3,4,3,Départementale,50.0,1
202400002257,2024-11-29,après-midi,,,35,35238,2,1,5,3,2,Nationale,50.0,1
202400002258,2024-04-29,nuit,,,83,83137,5,1,6,3,1,Autoroute,90.0,1
202400002259,2024-04-30,matin,,,33,33550,1,1,6,4,1,Autoroute,90.0,1
202400002260,2024-11-29,après-midi,,,35,35238,1,1,2,4,2,Nationale,90.0,1
202400002261,2024-09-17,après-midi,,,22,22113,1,1,3,3,4,Voie communale,70.0,1
202400002262,2024-04-25,après-midi,,,33,33013,1,1,4,4,2,Nationale,90.0,1
202400002263,2024-11-29,après-midi,,,35,35238,1,1,3,4,4,Voie communale,30.0,1
202400002264,2024-09-17,matin,,,19,19031,1,1,3,4,4,Voie communale,50.0,1
202400002265,2024-11-29,nuit,,,34,34336,3,1,7,2,4,Voie communale,70.0,1
202400002266,2024-09-17,matin,,,19,19031,1,1,3,4,4,Voie communale,50.0,1
202400002267,2024-04-26,nuit,,,62,62193,5,2,6,3,1,Autoroute,90.0,2
202400002268,2024-11-29,soirée,,,33,33039,5,1,3,4,4,Voie communale,50.0,1
202400002269,2024-09-17,après-midi,,,17,17333,1,1,7,4,3,Départementale,80.0,1
202400002270,2024-11-29,après-midi,,,33,33318,1,1,6,3,4,Voie communale,50.0,1
202400002271,2024-04-30,après-midi,,,91,91228,1,1,5,4,1,Autoroute,110.0,1
202400002272,2024-11-28,soirée,,,33,33119,5,1,3,4,4,Voie communale,50.0,1
202400002273,2024-09-17,soirée,,,13,13106,5,3,5,4,4,Voie communale,50.0,2
202400002274,2024-04-30,matin,,,91,91589,2,2,3,4,1,Autoroute,110.0,2
202400002275,2024-11-29,matin,,,31,31555,1,1,3,4,4,Voie communale,50.0,1
202400002276,2024-09-17,après-midi,,,13,13214,1,1,6,4,4,Voie communale,50.0,1
202400002277,2024-04-30,soirée,,,78,78646,1,1,3,4,2,Nationale,110.0,1
202400002278,2024-11-20,après-midi,,,31,31555,5,2,6,2,4,Voie communale,50.0,2
202400002279,2024-09-17,après-midi,,,13,13213,1,1,3,3,4,Voie communale,50.0,1
202400002280,2024-04-30,après-midi,,,95,95018,1,1,3,4,1,Autoroute,110.0,1
202400002281,2024-11-27,après-midi,,,31,31555,1,1,2,4,4,Voie communale,50.0,1
202400002282,2024-09-16,soirée,,,13,13214,5,1,3,4,4,Voie communale,50.0,1
202400002283,2024-04-30,matin,,,93,93010,2,1,2,4,1,Autoroute,110.0,1
202400002284,2024-11-29,soirée,,,29,29232,5,1,2,4,3,Départementale,15.0,1
202400002285,2024-09-17,matin,,,13,13213,1,1,3,2,4,Voie communale,50.0,1
202400002286,2024-04-30,soirée,,,77,77372,1,1,3,4,1,Autoroute,90.0,1
202400002287,2024-11-29,soirée,,,25,25539,5,1,1,4,3,Départementale,50.0,2
202400002288,2024-09-17,matin,,,13,13209,1,7,1,3,4,Voie communale,50.0,1
202400002289,2024-04-30,après-midi,,,94,94073,1,1,2,3,1,Autoroute,90.0,1
202400002290,2024-09-16,après-midi,,,13,13209,1,1,3,4,4,Voie communale,50.0,1
202400002291,2024-11-21,après-midi,,,22,22113,1,3,1,3,4,Voie communale,50.0,2
202400002292,2024-04-30,nuit,,,94,94046,3,1,6,4,1,Autoroute,70.0,1
202400002293,2024-09-16,matin,,,13,13207,1,1,3,4,4,Voie communale,50.0,1
202400002294,2024-11-29,matin,,,17,17415,1,1,1,4,4,Voie communale,50.0,1
202400002295,2024-09-16,soirée,,,10,10387,5,1,7,4,4,Voie communale,50.0,1
202400002296,2024-04-29,soirée,,,77,77121,1,1,2,4,1,Autoroute,110.0,1
202400002297,2024-11-29,matin,,,17,17415,1,1,2,4,3,Départementale,50.0,1
202400002298,2024-09-17,soirée,,,07,07281,1,1,6,4,4,Voie communale,50.0,1
202400002299,2024-02-27,soirée,,,95,95218,5,1,6,3,4,Voie communale,50.0,1
202400002300,2024-11-29,matin,,,17,17306,1,7,2,4,3,Départementale,80.0,1
202400002301,2024-09-17,matin,,,01,01344,1,1,2,4,4,Voie communale,50.0,1
202400002302,2024-11-29,matin,,,17,17300,5,1,3,4,4,Voie communale,30.0,1
202400002303,2024-09-17,après-midi,,,75,75117,1,1,2,4,4,Voie communale,50.0,1
202400002304,2024-11-29,après-midi,,,14,14366,1,1,3,4,4,Voie communale,50.0,1
202400002305,2024-09-17,après-midi,,,75,75117,1,1,6,4,4,Voie communale,30.0,1
202400002306,2024-11-29,matin,,,14,14167,1,7,3,3,4,Voie communale,50.0,1
202400002307,2024-04-29,matin,,,987,98736,1,1,4,4,2,Nationale,50.0,1
202400002308,2024-09-17,matin,,,75,75106,1,1,6,4,4,Voie communale,30.0,1
202400002309,2024-11-29,après-midi,,,10,10333,5,1,3,4,4,Voie communale,50.0,1
202400002310,2024-04-28,nuit,,,987,98736,5,1,3,4,4,Voie communale,50.0,1
202400002311,2024-09-17,nuit,,,75,75119,5,1,3,3,4,Voie communale,30.0,1
202400002312,2024-11-29,après-midi,,,10,10387,1,1,1,4,4,Voie communale,50.0,1
202400002313,2024-09-17,soirée,,,75,75117,3,1,1,4,4,Voie communale,30.0,1
202400002314,2024-04-29,après-midi,,,974,97416,1,1,3,4,4,Voie communale,30.0,1
202400002315,2024-11-28,après-midi,,,10,10357,1,1,4,4,3,Départementale,90.0,1
202400002316,2024-09-16,après-midi,,,75,75117,1,1,6,4,4,Voie communale,50.0,1
202400002317,2024-04-29,matin,,,974,97411,1,1,2,4,3,Départementale,30.0,1
202400002318,2024-11-28,après-midi,,,10,10387,1,1,6,4,4,Voie communale,50.0,1
202400002319,2024-09-17,après-midi,,,75,75116,1,1,6,4,4,Voie communale,30.0,1
202400002320,2024-04-27,nuit,,,973,97302,3,1,7,4,3,Départementale,50.0,1
202400002321,2024-11-29,nuit,,,08,08480,5,5,6,3,3,Départementale,50.0,2
202400002322,2024-09-16,soirée,,,75,75114,1,1,2,4,4,Voie communale,30.0,1
202400002323,2024-04-27,soirée,,,973,97302,3,1,2,4,2,Nationale,90.0,1
202400002324,2024-11-29,après-midi,,,06,06027,1,1,6,3,7,Autre,50.0,1
202400002325,2024-11-29,soirée,,,05,05061,5,1,3,4,4,Voie communale,30.0,1
202400002326,2024-09-17,soirée,,,75,75109,5,1,3,4,4,Voie communale,30.0,1
202400002327,2024-04-29,après-midi,,,972,97213,1,1,4,4,2,Nationale,70.0,1
202400002328,2024-08-12,après-midi,,,06,06069,1,1,1,4,3,Départementale,50.0,1
202400002329,2024-11-29,matin,,,75,75113,1,1,2,4,4,Voie communale,50.0,1
202400002330,2024-09-17,après-midi,,,75,75108,1,8,6,4,4,Voie communale,30.0,1
202400002331,2024-08-12,après-midi,,,75,75119,1,1,6,4,4,Voie communale,30.0,1
202400002332,2024-04-29,matin,,,971,97101,1,1,6,4,2,Nationale,90.0,1
202400002333,2024-11-29,après-midi,,,75,75116,5,1,5,4,4,Voie communale,50.0,1
202400002334,2024-09-17,matin,,,75,75101,1,1,3,4,4,Voie communale,30.0,1
202400002335,2024-08-12,après-midi,,,75,75118,1,1,6,4,4,Voie communale,30.0,1
202400002336,2024-04-29,matin,,,971,97101,1,1,3,4,3,Départementale,50.0,1
202400002337,2024-09-16,soirée,,,75,75104,1,1,7,4,4,Voie communale,30.0,1
202400002338,2024-11-29,soirée,,,75,75105,5,1,6,4,4,Voie communale,,1
202400002339,2024-08-12,après-midi,,,75,75118,1,7,3,4,4,Voie communale,30.0,1
202400002340,2024-04-28,matin,,,971,97101,1,1,3,4,3,Départementale,50.0,1
202400002341,2024-09-16,après-midi,,,75,75103,1,1,2,4,4,Voie communale,30.0,1
202400002342,2024-08-12,après-midi,,,75,75108,1,1,3,4,4,Voie communale,30.0,1
202400002343,2024-11-28,matin,,,75,75105,1,1,4,4,4,Voie communale,30.0,1
202400002344,2024-04-28,nuit,,,971,97113,4,1,7,3,2,Nationale,90.0,1
202400002345,2024-09-17,après-midi,,,94,94052,1,1,3,4,3,Départementale,50.0,1
202400002346,2024-11-29,soirée,,,75,75119,5,1,6,4,4,Voie communale,,1
202400002347,2024-04-29,matin,,,88,88413,1,1,7,3,4,Voie communale,50.0,1
202400002348,2024-09-17,soirée,,,94,94043,2,1,6,4,4,Voie communale,50.0,1
202400002349,2024-08-12,matin,,,75,75108,1,1,3,4,4,Voie communale,30.0,1
202400002350,2024-11-29,après-midi,,,75,75116,1,1,3,4,4,Voie communale,50.0,1
202400002351,2024-09-16,soirée,,,94,94003,1,1,2,4,4,Voie communale,30.0,1
202400002352,2024-04-27,matin,,,87,87085,2,1,3,4,4,Voie communale,50.0,1
202400002353,2024-11-29,matin,,,75,75114,1,1,6,4,4,Voie communale,50.0,1
202400002354,2024-09-17,soirée,,,94,94065,1,1,2,4,2,Nationale,110.0,1
202400002355,2024-04-29,après-midi,,,77,77284,1,1,2,4,4,Voie communale,50.0,1
202400002356,2024-08-12,nuit,,,75,75102,5,1,3,4,4,Voie communale,30.0,1
202400002357,2024-11-29,nuit,,,75,75112,5,1,6,4,4,Voie communale,50.0,1
202400002358,2024-09-17,après-midi,,,94,94033,1,1,6,4,4,Voie communale,50.0,1
202400002359,2024-04-29,matin,,,77,77181,1,1,7,4,4,Voie communale,50.0,1
202400002360,2024-08-12,après-midi,,,94,94046,1,1,3,3,3,Départementale,50.0,1
202400002361,2024-11-29,soirée,,,75,75101,5,1,3,4,4,Voie communale,30.0,1
202400002362,2024-09-16,matin,,,94,94028,1,1,3,4,4,Voie communale,10.0,1
202400002363,2024-04-27,après-midi,,,76,76447,1,2,3,4,3,Départementale,50.0,2
202400002364,2024-11-29,après-midi,,,75,75109,1,1,6,4,4,Voie communale,,1
202400002365,2024-08-12,matin,,,94,94079,1,1,2,4,3,Départementale,30.0,1
202400002366,2024-09-17,après-midi,,,94,94054,1,1,6,3,3,Départementale,50.0,1
202400002367,2024-04-28,après-midi,,,76,76351,1,1,3,3,4,Voie communale,50.0,1
202400002368,2024-11-29,après-midi,,,75,75109,1,1,6,4,4,Voie communale,30.0,1
202400002369,2024-09-17,soirée,,,94,94069,1,1,3,4,3,Départementale,50.0,1
202400002370,2024-08-12,après-midi,,,93,93027,1,7,3,4,3,Départementale,50.0,1
202400002371,2024-04-27,soirée,,,76,76351,1,2,6,4,4,Voie communale,50.0,2
202400002372,2024-09-17,soirée,,,93,93059,5,1,6,4,4,Voie communale,50.0,1
202400002373,2024-11-29,soirée,,,75,75108,5,1,3,4,4,Voie communale,50.0,1
202400002374,2024-08-12,après-midi,,,93,93014,1,1,6,4,3,Départementale,50.0,1
202400002375,2024-09-17,après-midi,,,93,93072,2,1,3,4,3,Départementale,50.0,1
202400002376,2024-04-29,matin,,,71,71270,1,3,6,4,4,Voie communale,30.0,2
202400002377,2024-11-29,matin,,,75,75108,5,1,6,4,4,Voie communale,,1
202400002378,2024-08-12,matin,,,93,93001,1,1,3,4,4,Voie communale,50.0,1
202400002379,2024-04-29,après-midi,,,69,69092,1,8,6,4,4,Voie communale,50.0,2
202400002380,2024-11-28,soirée,,,75,75103,5,1,7,4,4,Voie communale,30.0,1
202400002381,2024-04-29,matin,,,66,66136,2,3,6,4,4,Voie communale,50.0,2
202400002382,2024-07-01,soirée,,,92,92050,1,1,5,4,3,Départementale,50.0,1
202400002383,2024-11-28,soirée,,,94,94076,5,1,3,4,3,Départementale,50.0,1
202400002384,2024-08-12,nuit,,,92,92050,5,1,7,4,4,Voie communale,50.0,1
202400002385,2024-04-29,nuit,,,59,59041,1,1,1,4,3,Départementale,50.0,1
202400002386,2024-11-29,matin,,,94,94034,1,7,6,4,3,Départementale,,1
202400002387,2024-08-01,nuit,,,92,92023,5,1,3,4,4,Voie communale,30.0,1
202400002388,2024-04-28,nuit,,,59,59211,3,1,1,4,3,Départementale,80.0,1
202400002389,2024-11-29,après-midi,,,93,93071,1,1,1,4,4,Voie communale,50.0,1
202400002390,2024-04-29,matin,,,57,57672,1,1,6,4,4,Voie communale,30.0,1
202400002391,2024-08-13,soirée,,,35,35165,1,1,3,2,3,Départementale,80.0,1
202400002392,2024-08-09,matin,,,2A,2A189,1,7,3,4,3,Départementale,50.0,1
202400002393,2024-11-29,après-midi,,,93,93070,1,1,3,4,4,Voie communale,50.0,1
202400002394,2024-04-29,après-midi,,,56,56098,1,1,2,4,3,Départementale,30.0,1
202400002395,2024-08-13,nuit,,,67,67273,3,1,7,2,3,Départementale,80.0,1
202400002396,2024-04-28,après-midi,,,56,56121,1,1,6,4,4,Voie communale,30.0,1
202400002397,2024-11-29,soirée,,,93,93048,5,1,7,4,4,Voie communale,,1
202400002398,2024-04-26,matin,,,56,56121,1,1,7,4,9,Autre,10.0,1
202400002399,2024-08-13,nuit,,,84,84043,3,1,6,2,3,Départementale,90.0,1
202400002400,2024-11-29,après-midi,,,93,93047,1,1,3,4,4,Voie communale,50.0,1
202400002401,2024-04-28,matin,,,50,50129,1,1,6,4,4,Voie communale,50.0,2
202400002402,2024-08-12,nuit,,,27,27027,3,1,7,2,4,Voie communale,80.0,1
202400002403,2024-11-29,après-midi,,,93,93031,1,1,6,4,4,Voie communale,50.0,1
202400002404,2024-08-09,soirée,,,35,35308,2,1,6,3,3,Départementale,50.0,1
202400002405,2024-04-28,soirée,,,50,50129,1,1,2,4,3,Départementale,50.0,1
202400002406,2024-11-28,nuit,,,93,93031,5,1,1,3,3,Départementale,50.0,1
202400002407,2024-04-29,après-midi,,,49,49015,1,1,3,4,4,Voie communale,50.0,1
202400002408,2024-08-11,matin,,,63,63329,1,1,7,4,3,Départementale,80.0,1
202400002409,2024-11-29,matin,,,93,93029,1,1,3,4,4,Voie communale,50.0,1
202400002410,2024-04-24,matin,,,42,42218,1,1,5,4,4,Voie communale,30.0,1
202400002411,2024-08-12,nuit,,,44,44195,3,1,7,3,2,Nationale,110.0,1
202400002412,2024-11-29,soirée,,,92,92063,5,1,6,4,4,Voie communale,30.0,1
202400002413,2024-04-29,soirée,,,38,38185,1,1,1,4,4,Voie communale,30.0,1
202400002414,2024-08-07,après-midi,,,87,87020,1,1,3,4,3,Départementale,90.0,1
202400002415,2024-11-29,matin,,,92,92051,1,1,6,4,4,Voie communale,30.0,1
202400002416,2024-03-29,nuit,,,37,37214,5,1,1,4,4,Voie communale,50.0,1
202400002417,2024-08-12,soirée,,,47,47233,1,8,3,3,4,Voie communale,50.0,1
202400002418,2024-11-29,matin,,,92,92051,5,1,2,4,4,Voie communale,50.0,1
202400002419,2024-11-29,nuit,,,92,92020,5,1,6,4,3,Départementale,50.0,1
202400002420,2024-04-29,matin,,,37,37261,1,1,2,4,4,Voie communale,50.0,1
202400002421,2024-08-12,après-midi,,,2B,2B143,1,1,3,3,9,Autre,80.0,1
202400002422,2024-11-28,nuit,,,92,92049,5,1,7,4,3,Départementale,50.0,2
202400002423,2024-04-29,après-midi,,,35,35238,1,1,6,4,4,Voie communale,30.0,1
202400002424,2024-08-12,soirée,,,62,62044,1,1,3,4,3,Départementale,80.0,1
202400002425,2024-11-29,après-midi,,,92,92026,1,1,3,4,3,Départementale,50.0,1
202400002426,2024-08-11,matin,,,57,57541,1,1,7,4,3,Départementale,80.0,1
202400002427,2024-04-29,soirée,,,34,34172,1,1,3,4,4,Voie communale,50.0,1
202400002428,2024-11-29,après-midi,,,92,92026,1,1,6,4,3,Départementale,30.0,1
202400002429,2024-08-12,après-midi,,,57,57311,1,1,1,2,3,Départementale,80.0,1
202400002430,2024-04-29,soirée,,,34,34172,1,1,3,4,4,Voie communale,50.0,1
202400002431,2024-11-29,soirée,,,92,92025,2,1,6,4,3,Départementale,30.0,1
202400002432,2024-08-12,matin,,,19,19033,1,1,1,3,3,Départementale,90.0,1
202400002433,2024-04-26,après-midi,,,34,34032,1,1,6,3,4,Voie communale,50.0,1
202400002434,2024-04-29,soirée,,,33,33281,5,1,6,4,4,Voie communale,50.0,1
202400002435,2024-08-12,après-midi,,,19,19023,1,1,3,3,3,Départementale,90.0,1
202400002436,2024-11-29,soirée,,,92,92024,5,1,3,4,4,Voie communale,50.0,1
202400002437,2024-08-10,nuit,,,56,56057,3,1,6,3,4,Voie communale,30.0,1
202400002438,2024-04-29,soirée,,,33,33281,1,1,2,4,4,Voie communale,50.0,1
202400002439,2024-11-29,soirée,,,92,92012,5,1,1,3,4,Voie communale,30.0,1
202400002440,2024-08-13,après-midi,,,56,56258,1,1,6,4,3,Départementale,50.0,1
202400002441,2024-04-29,après-midi,,,30,30007,1,1,4,4,4,Voie communale,50.0,2
202400002442,2024-11-20,après-midi,,,47,47100,1,2,1,3,4,Voie communale,30.0,2
202400002443,2024-08-13,nuit,,,56,56137,3,1,3,2,3,Départementale,,1
202400002444,2024-04-28,nuit,,,25,25462,5,3,6,4,2,Nationale,50.0,2
202400002445,2024-11-27,soirée,,,60,60646,3,1,6,3,3,Départementale,90.0,1
202400002446,2024-08-12,nuit,,,76,76390,3,1,1,2,3,Départementale,70.0,1
202400002447,2024-04-29,soirée,,,17,17300,5,1,3,3,4,Voie communale,30.0,1
202400002448,2024-08-13,nuit,,,76,76263,3,1,6,2,3,Départementale,,1
202400002449,2024-11-27,après-midi,,,51,51217,1,1,6,4,3,Départementale,,1
202400002450,2024-04-29,matin,,,13,13214,1,1,7,3,4,Voie communale,50.0,1
202400002451,2024-11-29,après-midi,,,11,11203,1,1,3,3,3,Départementale,80.0,1
202400002452,2024-08-11,nuit,,,80,80443,3,1,3,3,4,Voie communale,80.0,1
202400002453,2024-04-29,après-midi,,,13,13001,1,1,1,4,3,Départementale,70.0,1
202400002454,2024-11-24,soirée,,,86,86117,3,1,1,3,3,Départementale,90.0,1
202400002455,2024-08-12,soirée,,,32,32012,1,1,3,3,9,Autre,50.0,1
202400002456,2024-04-28,matin,,,10,10362,2,1,6,4,4,Voie communale,50.0,1
202400002457,2024-04-27,après-midi,,,07,07281,1,1,6,4,4,Voie communale,50.0,1
202400002458,2024-08-13,matin,,,89,89380,1,1,7,2,3,Départementale,30.0,1
202400002459,2024-11-30,soirée,,,83,83049,3,1,5,4,3,Départementale,70.0,1
202400002460,2024-08-13,matin,,,63,63430,1,1,7,3,4,Voie communale,50.0,1
202400002461,2024-11-30,après-midi,,,974,97413,1,2,6,3,3,Départementale,80.0,2
202400002462,2024-04-27,soirée,,,75,75118,5,3,2,4,4,Voie communale,70.0,2
202400002463,2024-11-29,soirée,,,12,12122,3,1,6,4,1,Autoroute,130.0,1
202400002464,2024-04-29,après-midi,,,75,75105,1,1,3,4,4,Voie communale,30.0,1
202400002465,2024-11-29,soirée,,,62,62344,5,1,6,3,3,Départementale,50.0,1
202400002466,2024-08-13,après-midi,,,63,63047,1,1,6,4,3,Départementale,90.0,1
202400002467,2024-11-21,après-midi,,,62,62683,1,8,7,3,3,Départementale,80.0,6
202400002468,2024-04-29,après-midi,,,75,75117,1,1,3,4,4,Voie communale,30.0,1
202400002469,2024-08-12,après-midi,,,49,49053,1,1,3,3,3,Départementale,90.0,1
202400002470,2024-11-30,nuit,,,56,56248,3,5,2,2,3,Départementale,80.0,2
202400002471,2024-04-29,après-midi,,,75,75115,1,1,2,4,4,Voie communale,30.0,1
202400002472,2024-08-12,après-midi,,,12,12195,1,1,6,3,3,Départementale,90.0,1
202400002473,2024-08-12,après-midi,,,12,12026,1,1,7,4,3,Départementale,90.0,1
202400002474,2024-08-12,après-midi,,,22,22055,1,1,7,4,3,Départementale,30.0,1
202400002475,2024-11-29,matin,,,59,59262,1,9,7,4,3,Départementale,80.0,7
202400002476,2024-08-13,après-midi,,,25,25050,1,1,5,3,3,Départementale,90.0,1
202400002477,2024-11-29,nuit,,,67,67435,3,9,3,3,3,Départementale,80.0,1
202400002478,2024-04-29,soirée,,,75,75111,1,1,2,4,4,Voie communale,30.0,1
202400002479,2024-08-01,matin,,,25,25315,1,7,3,4,3,Départementale,50.0,1
202400002480,2024-11-29,après-midi,,,76,76463,1,1,1,3,3,Départementale,80.0,1
202400002481,2024-04-29,matin,,,75,75111,1,1,7,3,4,Voie communale,30.0,1
202400002482,2024-08-13,matin,,,44,44019,1,1,2,4,3,Départementale,80.0,1
202400002483,2024-11-29,soirée,,,82,82171,3,5,7,4,3,Départementale,80.0,1
202400002484,2024-04-29,nuit,,,75,75108,3,1,3,4,4,Voie communale,30.0,1
202400002485,2024-08-12,matin,,,44,44101,1,1,6,3,4,Voie communale,30.0,1
202400002486,2024-04-28,soirée,,,75,75113,5,1,6,4,4,Voie communale,30.0,1
202400002487,2024-11-29,après-midi,,,61,61150,2,1,1,4,3,Départementale,90.0,1
202400002488,2024-06-21,soirée,,,29,29158,3,3,2,4,4,Voie communale,70.0,2
202400002489,2024-08-13,matin,,,03,03022,1,1,6,2,3,Départementale,90.0,1
202400002490,2024-04-29,après-midi,,,94,94076,1,1,3,4,3,Départementale,30.0,1
202400002491,2024-11-29,matin,,,49,49307,2,1,5,3,3,Départementale,80.0,1
202400002492,2024-08-13,matin,,,26,26148,2,7,6,3,3,Départementale,50.0,1
202400002493,2024-04-29,après-midi,,,94,94016,1,1,3,4,4,Voie communale,30.0,1
202400002494,2024-11-29,après-midi,,,42,42181,1,1,3,2,3,Départementale,50.0,1
202400002495,2024-08-07,soirée,,,58,58185,1,1,7,3,3,Départementale,80.0,1
202400002496,2024-04-29,matin,,,94,94038,1,1,6,4,6,Autre,15.0,1
202400002497,2024-08-13,soirée,,,66,66218,2,1,3,3,3,Départementale,80.0,1
202400002498,2024-04-29,nuit,,,94,94073,3,1,6,4,2,Nationale,90.0,1
202400002499,2024-11-29,matin,,,02,02089,2,5,1,4,2,Nationale,80.0,1