Num_Acc,date,time_of_day,lat,long,dep,com,lum,atm,col,severity_index,catr,catr_label,vma,surf
202400002500,2024-04-28,matin,,,94,94002,1,8,1,4,3,Départementale,50.0,1
202400002501,2024-11-29,matin,,,02,02782,2,1,3,3,3,Départementale,80.0,1
202400002502,2024-08-13,après-midi,,,66,66063,1,1,5,4,3,Départementale,80.0,1
202400002503,2024-04-29,soirée,,,93,93077,1,1,6,4,4,Voie communale,,1
202400002504,2024-11-21,soirée,,,26,26326,2,1,3,4,3,Départementale,80.0,2
202400002505,2024-08-10,après-midi,,,72,72310,1,1,3,2,3,Départementale,90.0,1
202400002506,2024-04-29,matin,,,92,92078,1,1,3,4,3,Départementale,50.0,1
202400002507,2024-08-12,nuit,,,06,06163,3,1,6,3,3,Départementale,80.0,1
202400002508,2024-04-29,soirée,,,92,92050,1,1,6,4,4,Voie communale,50.0,1
202400002509,2024-11-30,matin,,,09,09173,2,1,6,2,3,Départementale,80.0,2
202400002510,2024-08-11,après-midi,,,14,14570,1,1,6,3,4,Voie communale,80.0,1
202400002511,2024-04-28,nuit,,,92,92044,2,1,2,4,3,Départementale,50.0,1
202400002512,2024-08-13,après-midi,,,50,50096,1,1,1,3,3,Départementale,80.0,1
202400002513,2024-04-29,matin,,,92,92025,1,1,6,4,3,Départementale,50.0,1
202400002514,2024-08-13,après-midi,,,50,50491,1,1,1,2,3,Départementale,80.0,1
202400002515,2024-04-25,matin,,,92,92024,1,1,3,4,4,Voie communale,30.0,1
202400002516,2024-11-29,après-midi,,,64,64147,1,1,3,3,3,Départementale,90.0,1
202400002517,2024-08-12,soirée,,,90,90028,2,1,6,3,3,Départementale,80.0,1
202400002518,2024-11-29,nuit,,,64,64078,3,1,7,4,3,Départementale,50.0,1
202400002519,2024-08-13,nuit,,,45,45069,3,1,6,3,3,Départementale,80.0,1
202400002520,2024-04-29,après-midi,,,92,92007,1,1,2,4,3,Départementale,50.0,1
202400002521,2024-11-30,matin,,,64,64518,1,1,6,4,4,Voie communale,50.0,1
202400002522,2024-08-13,après-midi,,,16,16393,1,1,6,4,3,Départementale,80.0,1
202400002523,2024-08-12,après-midi,,,24,24516,1,1,7,4,3,Départementale,50.0,1
202400002524,2024-04-15,soirée,,,60,60004,2,1,3,3,3,Départementale,80.0,1
202400002525,2024-11-29,nuit,,,53,53096,3,1,6,3,2,Nationale,80.0,1
202400002526,2024-08-13,après-midi,,,85,85029,1,1,6,4,3,Départementale,,1
202400002527,2024-11-29,après-midi,,,53,53062,2,1,3,4,4,Voie communale,50.0,1
202400002528,2024-03-28,matin,,,60,60403,1,1,4,4,3,Départementale,80.0,1
202400002529,2024-08-12,après-midi,,,27,27498,1,1,1,4,4,Voie communale,50.0,1
202400002530,2024-11-29,soirée,,,85,85130,3,5,2,4,3,Départementale,110.0,1
202400002531,2024-04-28,soirée,,,33,33144,2,1,3,3,3,Départementale,50.0,1
202400002532,2024-08-13,matin,,,48,48079,1,7,6,4,3,Départementale,90.0,1
202400002533,2024-08-09,nuit,,,48,48034,3,1,6,3,3,Départementale,90.0,1
202400002534,2024-04-30,après-midi,,,81,81297,1,1,6,2,4,Voie communale,50.0,1
202400002535,2024-11-28,matin,,,37,37281,1,2,1,4,3,Départementale,70.0,2
202400002536,2024-04-30,après-midi,,,01,01288,1,1,7,4,4,Voie communale,80.0,2
202400002537,2024-08-12,matin,,,48,48094,1,1,3,3,3,Départementale,70.0,1
202400002538,2024-11-29,après-midi,,,30,30212,1,1,3,4,3,Départementale,50.0,1
202400002539,2024-08-13,matin,,,52,52365,1,1,7,3,3,Départementale,90.0,1
202400002540,2024-04-10,matin,,,29,29189,1,2,2,4,2,Nationale,90.0,2
202400002541,2024-04-29,nuit,,,41,41252,3,9,6,4,1,Autoroute,130.0,2
202400002542,2024-08-12,après-midi,,,67,67176,1,1,1,3,3,Départementale,80.0,1
202400002543,2024-04-29,matin,,,65,65010,1,2,3,4,3,Départementale,90.0,2
202400002544,2024-08-12,soirée,,,30,30169,1,1,1,3,3,Départementale,80.0,1
202400002545,2024-08-13,matin,,,69,69244,1,1,6,4,4,Voie communale,30.0,1
202400002546,2024-08-12,matin,,,07,07031,1,1,7,4,3,Départementale,90.0,1
202400002547,2024-04-29,après-midi,,,51,51163,1,1,3,3,3,Départementale,90.0,1
202400002548,2024-08-12,soirée,,,28,28092,3,1,6,3,1,Autoroute,130.0,1
202400002549,2024-04-30,après-midi,,,79,79123,1,1,7,3,3,Départementale,80.0,1
202400002550,2024-08-13,matin,,,974,97417,1,1,1,4,2,Nationale,,1
202400002551,2024-04-29,après-midi,,,2A,2A228,1,7,3,4,3,Départementale,50.0,1
202400002552,2024-08-11,soirée,,,973,97311,3,1,7,4,4,Voie communale,80.0,1
202400002553,2024-04-29,matin,,,2A,2A130,1,1,1,4,2,Nationale,80.0,1
202400002554,2024-03-05,après-midi,,,82,82018,1,1,3,4,3,Départementale,70.0,1
202400002555,2024-04-25,soirée,,,81,81070,3,2,7,3,1,Autoroute,130.0,2
202400002556,2024-08-11,soirée,,,973,97312,3,1,1,4,2,Nationale,80.0,1
202400002557,2024-08-12,nuit,,,973,97305,3,1,2,3,2,Nationale,80.0,1
202400002558,2024-04-29,après-midi,,,89,89268,1,2,1,4,3,Départementale,70.0,2
202400002559,2024-08-13,nuit,,,66,66037,3,1,6,3,3,Départementale,50.0,1
202400002560,2024-04-29,soirée,,,41,41232,3,1,6,3,3,Départementale,70.0,2
202400002561,2024-08-13,après-midi,,,05,05178,1,1,6,3,3,Départementale,90.0,1
202400002562,2024-04-29,nuit,,,68,68258,2,1,1,4,3,Départementale,70.0,2
202400002563,2024-06-09,après-midi,,,68,68327,1,1,6,4,4,Voie communale,30.0,9
202400002564,2024-04-30,après-midi,,,68,68165,1,1,7,3,3,Départementale,70.0,1
202400002565,2024-08-13,matin,,,55,55410,1,1,1,4,4,Voie communale,80.0,1
202400002566,2024-04-30,matin,,,31,31493,1,2,2,3,3,Départementale,80.0,3
202400002567,2024-08-09,après-midi,,,03,03173,1,7,2,4,3,Départementale,50.0,1
202400002568,2024-07-14,après-midi,,,73,73116,1,1,7,4,3,Départementale,80.0,1
202400002569,2024-04-30,matin,,,66,66149,1,3,6,3,3,Départementale,50.0,2
202400002570,2024-04-30,après-midi,,,64,64273,1,1,7,4,3,Départementale,80.0,1
202400002571,2024-08-09,matin,,,38,38407,1,1,1,3,3,Départementale,70.0,1
202400002572,2024-04-27,après-midi,,,21,21032,1,2,7,3,3,Départementale,80.0,2
202400002573,2024-04-29,après-midi,,,24,24087,1,2,3,4,3,Départementale,90.0,2
202400002574,2024-08-09,matin,,,31,31451,1,7,1,3,4,Voie communale,50.0,1
202400002575,2024-08-12,après-midi,,,17,17093,1,1,6,3,4,Voie communale,50.0,1
202400002576,2024-04-30,matin,,,85,85280,1,1,2,3,4,Voie communale,80.0,1
202400002577,2024-04-30,nuit,,,17,17347,3,1,7,4,3,Départementale,80.0,1
202400002578,2024-08-11,après-midi,,,33,33494,1,1,1,4,3,Départementale,80.0,1
202400002579,2024-04-29,après-midi,,,30,30091,1,1,7,4,3,Départementale,80.0,1
202400002580,2024-08-09,soirée,,,62,62894,1,1,6,3,1,Autoroute,130.0,1
202400002581,2024-04-30,matin,,,52,52438,1,1,1,3,2,Nationale,70.0,1
202400002582,2024-08-10,soirée,,,62,62351,1,1,2,4,1,Autoroute,110.0,1
202400002583,2024-04-28,après-midi,,,08,08412,1,1,7,3,3,Départementale,50.0,1
202400002584,2024-08-05,matin,,,78,78291,1,1,4,4,1,Autoroute,110.0,1
202400002585,2024-04-30,après-midi,,,973,97307,1,1,3,3,2,Nationale,50.0,1
202400002586,2024-08-11,nuit,,,92,92050,5,1,3,3,1,Autoroute,70.0,1
202400002587,2024-04-29,après-midi,,,31,31230,1,2,3,3,7,Autre,50.0,2
202400002588,2024-08-12,après-midi,,,95,95394,1,1,7,4,1,Autoroute,50.0,1
202400002589,2024-04-28,après-midi,,,01,01033,1,3,6,4,1,Autoroute,100.0,2
202400002590,2024-08-12,après-midi,,,93,93027,1,1,2,4,1,Autoroute,90.0,1
202400002591,2024-04-29,matin,,,11,11262,1,3,3,4,1,Autoroute,110.0,2
202400002592,2024-08-12,matin,,,93,93013,1,1,2,4,1,Autoroute,90.0,1
202400002593,2024-04-28,nuit,,,987,98714,3,1,6,4,2,Nationale,60.0,1
202400002594,2024-04-28,matin,,,987,98722,1,1,1,4,2,Nationale,60.0,1
202400002595,2024-08-12,nuit,,,93,93029,5,1,3,3,1,Autoroute,90.0,1
202400002596,2024-04-28,soirée,,,988,98814,5,1,3,4,2,Nationale,50.0,1
202400002597,2024-08-11,soirée,,,93,93066,1,1,6,4,1,Autoroute,70.0,1
202400002598,2024-08-12,après-midi,,,94,94011,1,1,6,4,2,Nationale,50.0,1
202400002599,2024-04-11,après-midi,,,14,14083,1,1,7,4,3,Départementale,80.0,1
202400002600,2024-04-29,matin,,,78,78442,1,7,2,3,3,Départementale,50.0,1
202400002601,2024-02-24,nuit,,,14,14106,3,9,1,3,3,Départementale,90.0,1
202400002602,2024-04-29,matin,,,83,83115,1,1,6,4,3,Départementale,30.0,1
202400002603,2024-04-30,nuit,,,83,83042,3,1,6,3,3,Départementale,70.0,1
202400002604,2024-08-12,matin,,,988,98818,2,1,3,4,4,Voie communale,30.0,1
202400002605,2024-04-27,après-midi,,,67,67348,1,1,2,3,3,Départementale,,1
202400002606,2024-08-11,après-midi,,,976,97611,1,1,3,4,4,Voie communale,50.0,1
202400002607,2024-08-11,matin,,,974,97416,1,1,6,3,3,Départementale,70.0,1
202400002608,2024-04-29,matin,,,69,69255,1,2,1,4,3,Départementale,70.0,2
202400002609,2024-08-11,nuit,,,69,69383,5,1,3,4,4,Voie communale,30.0,1
202400002610,2024-04-25,soirée,,,22,22262,2,1,1,4,3,Départementale,30.0,1
202400002611,2024-04-30,matin,,,22,22390,1,1,7,2,3,Départementale,80.0,1
202400002612,2024-08-11,matin,,,972,97213,2,1,6,4,2,Nationale,70.0,1
202400002613,2024-04-28,matin,,,62,62560,1,2,3,3,3,Départementale,50.0,2
202400002614,2024-08-10,nuit,,,972,97213,5,1,3,4,2,Nationale,70.0,1
202400002615,2024-04-29,après-midi,,,42,42237,1,1,2,4,1,Autoroute,90.0,1
202400002616,2024-08-11,matin,,,69,69202,1,1,3,3,7,Autre,50.0,1
202400002617,2024-04-29,après-midi,,,91,91434,1,1,2,4,1,Autoroute,110.0,1
202400002618,2024-08-11,nuit,,,69,69381,5,1,3,4,4,Voie communale,50.0,1
202400002619,2024-04-29,soirée,,,92,92002,1,1,3,4,2,Nationale,90.0,1
202400002620,2024-08-11,soirée,,,91,91136,1,1,3,4,3,Départementale,90.0,1
202400002621,2024-04-29,après-midi,,,91,91692,1,1,3,4,3,Départementale,70.0,1
202400002622,2024-08-04,nuit,,,86,86194,5,1,2,4,4,Voie communale,30.0,1
202400002623,2024-04-29,matin,,,94,94034,1,1,5,4,1,Autoroute,70.0,1
202400002624,2024-04-29,matin,,,94,94065,1,1,3,4,1,Autoroute,110.0,1
202400002625,2024-08-11,nuit,,,84,84087,3,1,3,4,4,Voie communale,80.0,1
202400002626,2024-04-28,après-midi,,,78,78423,1,1,6,4,1,Autoroute,90.0,1
202400002627,2024-08-11,matin,,,83,83126,1,1,3,4,3,Départementale,50.0,1
202400002628,2024-04-28,après-midi,,,92,92048,1,1,4,4,2,Nationale,90.0,1
202400002629,2024-08-11,après-midi,,,76,76212,1,7,7,4,7,Autre,30.0,1
202400002630,2024-04-29,soirée,,,93,93053,2,1,7,4,1,Autoroute,70.0,1
202400002631,2024-08-11,après-midi,,,69,69259,1,1,3,4,7,Autre,50.0,1
202400002632,2024-04-29,après-midi,,,93,93064,1,1,3,4,1,Autoroute,90.0,1
202400002633,2024-08-11,nuit,,,67,67218,5,1,7,4,4,Voie communale,30.0,1
202400002634,2024-08-11,soirée,,,67,67482,1,1,6,4,4,Voie communale,50.0,1
202400002635,2024-04-29,matin,,,93,93008,1,1,3,4,1,Autoroute,90.0,1
202400002636,2024-08-11,soirée,,,67,67482,2,1,6,4,4,Voie communale,30.0,1
202400002637,2024-04-28,soirée,,,92,92078,3,1,4,4,1,Autoroute,90.0,1
202400002638,2024-08-11,soirée,,,64,64024,1,1,3,4,4,Voie communale,30.0,1
202400002639,2024-04-29,après-midi,,,94,94065,1,1,3,4,2,Nationale,90.0,1
202400002640,2024-08-11,après-midi,,,59,59512,1,1,6,4,4,Voie communale,50.0,1
202400002641,2024-08-11,matin,,,56,56260,1,1,3,4,4,Voie communale,50.0,1
202400002642,2024-08-10,nuit,,,54,54099,3,1,6,4,3,Départementale,80.0,1
202400002643,2024-04-28,nuit,,,77,77296,3,1,5,4,1,Autoroute,110.0,2
202400002644,2024-08-10,nuit,,,36,36159,3,1,3,4,3,Départementale,50.0,1
202400002645,2024-04-27,nuit,,,988,98818,5,1,6,3,4,Voie communale,50.0,1
202400002646,2024-07-18,soirée,,,34,34108,2,1,6,4,4,Voie communale,50.0,1
202400002647,2024-08-11,après-midi,,,34,34172,1,1,7,3,4,Voie communale,50.0,1
202400002648,2024-08-11,après-midi,,,33,33529,1,1,2,4,4,Voie communale,30.0,1
202400002649,2024-08-10,après-midi,,,29,29232,1,7,6,3,3,Départementale,50.0,1
202400002650,2024-08-11,matin,,,27,27229,1,1,6,3,4,Voie communale,70.0,1
202400002651,2024-08-11,nuit,,,22,22113,3,1,7,3,3,Départementale,70.0,1
202400002652,2024-08-10,après-midi,,,14,14117,1,1,3,4,3,Départementale,50.0,1
202400002653,2024-08-11,après-midi,,,13,13208,1,1,1,3,4,Voie communale,50.0,1
202400002654,2024-08-11,soirée,,,12,12145,3,1,1,4,3,Départementale,90.0,1
202400002655,2024-08-09,nuit,,,06,06104,5,1,6,4,3,Départementale,50.0,1
202400002656,2024-08-09,matin,,,75,75112,1,1,2,4,4,Voie communale,70.0,1
202400002657,2024-08-10,nuit,,,75,75120,5,1,2,4,4,Voie communale,70.0,1
202400002658,2024-08-11,après-midi,,,75,75117,1,1,6,4,4,Voie communale,30.0,1
202400002659,2024-08-10,soirée,,,75,75117,2,1,3,4,4,Voie communale,30.0,1
202400002660,2024-08-11,après-midi,,,75,75116,1,1,2,4,4,Voie communale,50.0,1
202400002661,2024-08-11,nuit,,,75,75113,5,1,7,4,4,Voie communale,30.0,1
202400002662,2024-08-11,après-midi,,,75,75110,1,1,1,4,4,Voie communale,30.0,1
202400002663,2024-08-11,nuit,,,75,75110,5,1,3,4,4,Voie communale,30.0,1
202400002664,2024-08-11,soirée,,,75,75104,1,1,2,4,4,Voie communale,30.0,1
202400002665,2024-08-11,après-midi,,,75,75101,1,1,6,4,4,Voie communale,30.0,1
202400002666,2024-08-10,soirée,,,94,94044,5,1,3,3,3,Départementale,75.0,1
202400002667,2024-08-11,après-midi,,,93,93070,1,1,6,3,4,Voie communale,50.0,1
202400002668,2024-08-11,soirée,,,93,93064,1,1,3,4,6,Autre,30.0,1
202400002669,2024-08-10,après-midi,,,92,92012,1,1,3,4,3,Départementale,50.0,1
202400002670,2024-08-11,après-midi,,,31,31558,1,1,6,3,3,Départementale,80.0,1
202400002671,2024-08-10,après-midi,,,974,97415,1,1,7,3,3,Départementale,,1
202400002672,2024-08-12,après-midi,,,54,54322,1,1,3,3,3,Départementale,80.0,1
202400002673,2024-08-12,matin,,,22,22164,1,1,7,3,2,Nationale,110.0,1
202400002674,2024-08-11,après-midi,,,62,62086,1,1,3,4,2,Nationale,80.0,1
202400002675,2024-08-11,nuit,,,95,95056,3,1,6,4,3,Départementale,50.0,1
202400002676,2024-08-11,soirée,,,62,62759,1,1,6,2,4,Voie communale,80.0,1
202400002677,2024-08-11,soirée,,,19,19058,1,1,6,4,3,Départementale,90.0,1
202400002678,2024-08-11,nuit,,,19,19176,4,1,7,3,3,Départementale,70.0,1
202400002679,2024-08-11,après-midi,,,56,56251,1,1,6,3,2,Nationale,110.0,1
202400002680,2024-08-11,après-midi,,,2B,2B354,1,1,6,4,2,Nationale,70.0,1
202400002681,2024-08-08,matin,,,69,69108,1,1,3,2,3,Départementale,30.0,1
202400002682,2024-08-12,après-midi,,,11,11299,1,1,5,4,3,Départementale,80.0,1
202400002683,2024-08-11,matin,,,61,61126,1,1,7,4,3,Départementale,80.0,1
202400002684,2024-08-09,matin,,,55,55013,1,1,3,4,3,Départementale,90.0,1
202400002685,2024-08-12,matin,,,12,12052,1,1,3,3,3,Départementale,50.0,1
202400002686,2024-08-09,soirée,,,39,39074,1,1,6,3,3,Départementale,30.0,1
202400002687,2024-08-11,nuit,,,44,44053,3,1,6,3,4,Voie communale,50.0,1
202400002688,2024-08-11,soirée,,,44,44217,1,1,7,3,4,Voie communale,80.0,1
202400002689,2024-08-11,matin,,,29,29173,1,1,3,4,3,Départementale,90.0,1
202400002690,2024-08-05,soirée,,,15,15033,1,7,7,4,3,Départementale,50.0,9
202400002691,2024-08-12,après-midi,,,15,15215,1,1,1,2,3,Départementale,90.0,1
202400002692,2024-08-12,matin,,,70,70128,1,1,6,3,3,Départementale,80.0,1
202400002693,2024-08-11,nuit,,,58,58079,5,1,6,3,3,Départementale,50.0,1
202400002694,2024-08-06,nuit,,,58,58152,3,1,6,2,2,Nationale,110.0,1
202400002695,2024-08-10,nuit,,,72,72087,3,1,1,4,3,Départementale,50.0,1
202400002696,2024-08-08,après-midi,,,72,72298,1,7,3,4,3,Départementale,,1
202400002697,2024-08-12,nuit,,,50,50568,3,1,6,4,3,Départementale,80.0,1
202400002698,2024-08-11,soirée,,,90,90093,1,1,7,3,3,Départementale,50.0,1
202400002699,2024-08-12,nuit,,,36,36105,3,1,6,4,3,Départementale,80.0,1
202400002700,2024-08-12,après-midi,,,07,07128,1,1,7,3,3,Départementale,50.0,9
202400002701,2024-08-12,matin,,,24,24564,1,8,3,4,3,Départementale,90.0,1
202400002702,2024-08-11,soirée,,,24,24352,2,1,6,3,3,Départementale,80.0,1
202400002703,2024-08-10,nuit,,,28,28052,3,1,6,3,3,Départementale,80.0,1
202400002704,2024-08-11,matin,,,87,87064,1,7,2,3,3,Départementale,90.0,1
202400002705,2024-08-11,soirée,,,30,30002,1,1,7,3,3,Départementale,80.0,1
202400002706,2024-08-11,matin,,,52,52550,1,7,3,3,3,Départementale,50.0,1
202400002707,2024-08-12,après-midi,,,10,10357,1,1,7,3,1,Autoroute,130.0,1
202400002708,2024-08-11,soirée,,,18,18141,1,1,7,3,1,Autoroute,130.0,1
202400002709,2024-08-12,matin,,,18,18245,1,1,6,4,1,Autoroute,130.0,1
202400002710,2024-08-12,matin,,,67,67067,2,1,6,2,1,Autoroute,110.0,1
202400002711,2024-08-10,matin,,,13,13058,1,1,3,3,3,Départementale,80.0,1
202400002712,2024-08-11,soirée,,,976,97616,5,1,6,2,3,Départementale,50.0,1
202400002713,2024-08-12,soirée,,,69,69264,1,1,6,4,1,Autoroute,130.0,1
202400002714,2024-08-08,nuit,,,13,13001,3,1,2,4,1,Autoroute,90.0,1
202400002715,2024-08-09,après-midi,,,62,62427,1,1,2,3,1,Autoroute,130.0,1
202400002716,2024-08-07,matin,,,33,33005,1,1,3,3,3,Départementale,110.0,1
202400002717,2024-08-11,matin,,,987,98712,1,1,2,3,2,Nationale,50.0,1
202400002718,2024-08-11,après-midi,,,987,98723,1,1,7,3,9,Autre,,1
202400002719,2024-08-09,après-midi,,,987,98722,1,1,7,3,2,Nationale,60.0,1
202400002720,2024-05-07,soirée,,,44,44109,1,1,6,4,4,Voie communale,30.0,1
202400002721,2024-04-30,après-midi,,,44,44109,1,1,6,4,4,Voie communale,30.0,1
202400002722,2024-04-30,matin,,,44,44190,1,1,6,4,4,Voie communale,30.0,1
202400002723,2024-04-28,soirée,,,44,44162,1,1,6,4,4,Voie communale,50.0,1
202400002724,2024-04-23,soirée,,,44,44109,1,1,3,4,4,Voie communale,50.0,1
202400002725,2024-04-22,matin,,,44,44109,1,1,3,4,4,Voie communale,30.0,1
202400002726,2024-12-19,après-midi,,,88,88388,1,2,3,3,3,Départementale,80.0,2
202400002727,2024-11-03,après-midi,,,88,88487,1,1,5,4,3,Départementale,80.0,1
202400002728,2024-10-05,nuit,,,13,13026,3,1,2,4,1,Autoroute,110.0,1
202400002729,2024-12-18,matin,,,91,91200,1,1,6,4,3,Départementale,50.0,2
202400002730,2024-12-25,nuit,,,28,28149,5,1,6,4,3,Départementale,70.0,1
202400002731,2024-12-27,soirée,,,28,28405,3,5,3,4,2,Nationale,110.0,1
202400002732,2024-11-25,soirée,,,28,28214,5,2,7,4,3,Départementale,70.0,2
202400002733,2024-09-28,après-midi,,,71,71508,1,1,1,4,3,Départementale,80.0,1
202400002734,2024-12-22,après-midi,,,14,14308,1,8,6,4,3,Départementale,80.0,2
202400002735,2024-10-30,nuit,,,73,73179,3,2,1,4,3,Départementale,70.0,2
202400002736,2024-12-10,après-midi,,,28,28108,2,2,3,3,3,Départementale,50.0,2
202400002737,2024-10-27,nuit,,,28,28252,3,2,6,3,3,Départementale,90.0,2
202400002738,2024-12-14,après-midi,,,57,57463,1,1,7,4,2,Nationale,110.0,1
202400002739,2024-12-16,après-midi,,,14,14555,1,1,2,4,1,Autoroute,130.0,1
202400002740,2024-08-03,après-midi,,,82,82170,1,1,3,3,4,Voie communale,5.0,1
202400002741,2024-04-22,après-midi,,,55,55369,1,1,7,3,3,Départementale,90.0,1
202400002742,2024-12-08,nuit,,,987,98729,3,1,7,3,3,Départementale,60.0,1
202400002743,2024-11-29,soirée,,,987,98738,5,1,1,2,2,Nationale,50.0,1
202400002744,2024-12-22,soirée,,,74,74042,3,2,5,4,3,Départementale,80.0,2
202400002745,2024-12-21,soirée,,,74,74280,5,1,6,4,3,Départementale,50.0,1
202400002746,2024-12-11,après-midi,,,74,74005,2,1,1,3,3,Départementale,80.0,1
202400002747,2024-09-15,après-midi,,,13,13071,1,1,6,2,1,Autoroute,70.0,1
202400002748,2024-10-12,après-midi,,,84,84025,1,1,6,4,6,Autre,,1
202400002749,2024-11-29,soirée,,,43,43137,3,1,1,3,3,Départementale,80.0,1
202400002750,2024-11-24,matin,,,91,91122,1,1,6,4,4,Voie communale,30.0,1
202400002751,2024-11-05,nuit,,,14,14316,3,5,6,3,3,Départementale,80.0,1
202400002752,2024-07-11,soirée,,,14,14061,1,1,3,4,3,Départementale,50.0,1
202400002753,2024-12-31,nuit,,,10,10424,3,1,6,2,3,Départementale,80.0,1
202400002754,2024-11-29,nuit,,,2B,2B033,5,1,3,4,3,Départementale,50.0,1
202400002755,2024-10-29,après-midi,,,2B,2B313,1,1,3,4,2,Nationale,50.0,1
202400002756,2024-10-26,matin,,,2B,2B303,1,8,6,3,2,Nationale,80.0,2
202400002757,2024-10-25,après-midi,,,2B,2B096,2,8,7,3,2,Nationale,80.0,2
202400002758,2024-10-22,soirée,,,2B,2B307,1,1,1,3,4,Voie communale,50.0,1
202400002759,2024-10-22,matin,,,2B,2B029,1,2,5,3,3,Départementale,80.0,2
202400002760,2024-10-11,soirée,,,2B,2B033,5,1,1,3,9,Autre,50.0,1
202400002761,2024-10-11,matin,,,2B,2B077,2,1,1,4,2,Nationale,80.0,1
202400002762,2024-09-28,après-midi,,,2B,2B298,1,1,6,4,4,Voie communale,50.0,1
202400002763,2024-09-03,après-midi,,,2B,2B007,1,1,1,4,3,Départementale,80.0,1
202400002764,2024-12-21,après-midi,,,60,60414,1,2,6,4,4,Voie communale,30.0,2
202400002765,2024-08-31,soirée,,,2B,2B007,2,1,3,3,3,Départementale,80.0,1
202400002766,2024-08-22,matin,,,2B,2B029,1,1,3,3,3,Départementale,80.0,1
202400002767,2024-12-05,après-midi,,,84,84099,1,1,3,4,3,Départementale,70.0,1
202400002768,2024-11-25,après-midi,,,84,84088,3,1,1,4,3,Départementale,80.0,1
202400002769,2024-11-04,matin,,,84,84088,1,1,3,3,3,Départementale,80.0,1
202400002770,2024-11-29,nuit,,,974,97411,5,1,2,4,3,Départementale,50.0,1
202400002771,2024-12-13,soirée,,,26,26364,3,9,7,3,4,Voie communale,80.0,7
202400002772,2024-08-21,après-midi,,,72,72181,1,1,3,4,4,Voie communale,50.0,1
202400002773,2024-02-10,nuit,,,974,97416,2,1,7,4,2,Nationale,110.0,1
202400002774,2024-11-03,nuit,,,987,98735,5,1,6,4,2,Nationale,60.0,1
202400002775,2024-07-23,après-midi,,,987,98729,1,1,7,3,3,Départementale,60.0,1
202400002776,2024-02-10,soirée,,,973,97302,5,1,1,4,3,Départementale,50.0,1
202400002777,2024-08-22,après-midi,,,987,98722,1,1,7,4,2,Nationale,60.0,1
202400002778,2024-02-09,nuit,,,973,97302,4,1,6,4,3,Départementale,50.0,1
202400002779,2024-08-11,matin,,,987,98729,3,1,1,3,2,Nationale,60.0,1
202400002780,2024-12-10,après-midi,,,987,98722,1,1,7,2,2,Nationale,40.0,1
202400002781,2024-02-10,après-midi,,,69,69387,5,2,3,4,4,Voie communale,50.0,2
202400002782,2024-12-31,après-midi,,,88,88068,1,7,1,4,4,Voie communale,50.0,1
202400002783,2024-02-10,nuit,,,972,97213,3,1,7,4,2,Nationale,70.0,1
202400002784,2024-12-27,après-midi,,,88,88181,1,7,1,3,3,Départementale,50.0,1
202400002785,2024-02-10,nuit,,,972,97213,5,1,3,4,3,Départementale,70.0,1
202400002786,2024-12-27,matin,,,88,88099,1,7,3,3,3,Départementale,70.0,1
202400002787,2024-12-24,après-midi,,,88,88413,1,1,7,3,3,Départementale,70.0,1
202400002788,2024-12-17,soirée,,,88,88413,5,1,1,4,4,Voie communale,30.0,1
202400002789,2024-02-10,matin,,,972,97209,1,1,5,4,3,Départementale,30.0,1
202400002790,2024-12-13,soirée,,,88,88413,5,1,1,3,4,Voie communale,50.0,2
202400002791,2024-02-09,soirée,,,972,97209,5,1,7,3,3,Départementale,50.0,1
202400002792,2024-12-09,matin,,,88,88513,1,1,6,4,3,Départementale,70.0,1
202400002793,2024-02-10,soirée,,,69,69034,5,2,6,3,4,Voie communale,30.0,2
202400002794,2024-11-21,matin,,,88,88090,3,1,3,4,3,Départementale,80.0,1
202400002795,2024-02-09,après-midi,,,971,97101,1,1,3,3,4,Voie communale,50.0,1
202400002796,2024-05-21,matin,,,14,14726,1,2,7,2,3,Départementale,30.0,2
202400002797,2024-02-10,soirée,,,95,95585,5,2,6,3,3,Départementale,50.0,2
202400002798,2024-12-20,après-midi,,,84,84035,3,6,2,3,3,Départementale,,1
202400002799,2024-02-10,soirée,,,95,95582,5,2,6,4,3,Départementale,50.0,2
202400002800,2024-12-18,soirée,,,84,84026,3,1,4,4,3,Départementale,80.0,1
202400002801,2024-02-10,soirée,,,88,88160,5,2,3,4,4,Voie communale,50.0,2
202400002802,2024-12-17,matin,,,84,84116,1,1,6,3,3,Départementale,50.0,1
202400002803,2024-02-10,nuit,,,81,81004,5,2,6,4,4,Voie communale,50.0,2
202400002804,2024-02-10,matin,,,78,78551,1,2,6,4,3,Départementale,30.0,2
202400002805,2024-12-12,matin,,,84,84086,1,1,3,4,3,Départementale,80.0,1
202400002806,2024-02-09,après-midi,,,78,78146,1,2,1,4,4,Voie communale,50.0,2
202400002807,2024-12-09,soirée,,,84,84118,3,1,6,4,3,Départementale,80.0,1
202400002808,2024-02-09,après-midi,,,77,77438,1,2,6,4,4,Voie communale,50.0,2
202400002809,2024-12-04,après-midi,,,84,84092,1,1,3,4,3,Départementale,80.0,1
202400002810,2024-02-10,soirée,,,76,76319,3,2,3,4,7,Autre,70.0,2
202400002811,2024-11-25,soirée,,,84,84099,3,1,1,4,3,Départementale,80.0,1
202400002812,2024-02-10,soirée,,,71,71486,2,1,6,3,4,Voie communale,50.0,1