Num_Acc,date,time_of_day,lat,long,dep,com,lum,atm,col,severity_index,catr,catr_label,vma,surf
202400002813,2024-11-21,matin,,,84,84043,2,1,6,4,4,Voie communale,50.0,1
202400002814,2024-02-10,après-midi,,,69,69271,1,3,6,4,7,Autre,70.0,2
202400002815,2024-02-09,soirée,,,66,66136,3,1,2,4,3,Départementale,90.0,1
202400002816,2024-11-19,soirée,,,84,84150,3,1,1,2,3,Départementale,80.0,1
202400002817,2024-02-10,soirée,,,62,62270,5,3,6,4,3,Départementale,50.0,2
202400002818,2024-11-10,après-midi,,,84,84025,1,1,3,4,3,Départementale,50.0,1
202400002819,2024-02-10,soirée,,,59,59098,5,2,6,4,7,Autre,50.0,2
202400002820,2024-10-20,après-midi,,,84,84003,1,1,6,3,3,Départementale,80.0,1
202400002821,2024-02-09,après-midi,,,59,59350,1,1,3,4,4,Voie communale,30.0,1
202400002822,2024-09-29,après-midi,,,84,84051,1,1,5,3,3,Départementale,80.0,1
202400002823,2024-02-10,soirée,,,54,54395,5,2,6,4,4,Voie communale,50.0,2
202400002824,2024-09-11,matin,,,84,84072,1,1,3,3,3,Départementale,70.0,1
202400002825,2024-02-10,après-midi,,,51,51454,1,2,6,4,4,Voie communale,50.0,2
202400002826,2024-02-10,nuit,,,51,51454,5,1,6,4,4,Voie communale,50.0,1
202400002827,2024-08-28,après-midi,,,84,84030,1,1,1,3,3,Départementale,30.0,1
202400002828,2024-02-09,soirée,,,51,51454,5,2,6,4,4,Voie communale,30.0,2
202400002829,2024-07-23,après-midi,,,84,84138,1,1,6,3,4,Voie communale,30.0,1
202400002830,2024-02-09,après-midi,,,51,51454,1,1,6,4,4,Voie communale,50.0,1
202400002831,2024-02-09,matin,,,46,46042,2,2,1,4,3,Départementale,70.0,2
202400002832,2024-12-27,après-midi,,,28,28415,1,5,4,3,3,Départementale,90.0,2
202400002833,2024-02-10,soirée,,,44,44143,5,2,6,4,4,Voie communale,50.0,2
202400002834,2024-12-25,nuit,,,33,33143,3,2,4,4,1,Autoroute,130.0,2
202400002835,2024-12-12,nuit,,,14,14543,3,1,7,4,2,Nationale,110.0,1
202400002836,2024-02-10,après-midi,,,35,35055,1,1,3,4,4,Voie communale,30.0,1
202400002837,2024-10-30,soirée,,,972,97213,3,1,3,4,3,Départementale,70.0,1
202400002838,2024-02-10,soirée,,,34,34172,5,8,1,4,4,Voie communale,,1
202400002839,2024-10-23,après-midi,,,972,97213,1,1,2,4,2,Nationale,70.0,1
202400002840,2024-02-10,nuit,,,34,34172,5,3,7,4,4,Voie communale,50.0,2
202400002841,2024-09-08,soirée,,,972,97213,3,9,1,4,2,Nationale,90.0,2
202400002842,2024-02-10,soirée,,,33,33063,5,2,3,4,4,Voie communale,50.0,2
202400002843,2024-08-15,soirée,,,972,97213,5,1,3,4,4,Voie communale,50.0,1
202400002844,2024-02-10,matin,,,33,33063,1,1,3,4,4,Voie communale,50.0,1
202400002845,2024-08-03,après-midi,,,972,97213,1,1,2,4,1,Autoroute,90.0,1
202400002846,2024-02-09,soirée,,,30,30243,3,2,7,2,3,Départementale,70.0,2
202400002847,2024-07-16,soirée,,,972,97213,2,1,6,4,3,Départementale,70.0,1
202400002848,2024-02-10,après-midi,,,28,28404,1,2,6,4,9,Autre,30.0,2
202400002849,2024-09-20,soirée,,,62,62133,1,1,6,3,4,Voie communale,50.0,1
202400002850,2024-02-09,après-midi,,,28,28134,1,1,4,4,2,Nationale,90.0,1
202400002851,2024-02-10,matin,,,27,27351,1,2,6,3,4,Voie communale,50.0,2
202400002852,2024-04-26,après-midi,,,49,49248,1,1,3,4,3,Départementale,90.0,1
202400002853,2024-02-10,après-midi,,,14,14118,1,1,2,4,4,Voie communale,50.0,1
202400002854,2024-11-30,matin,,,91,91552,1,1,5,4,3,Départementale,70.0,1
202400002855,2024-02-10,nuit,,,13,13203,5,1,1,3,4,Voie communale,50.0,1
202400002856,2024-11-21,matin,,,91,91333,1,8,6,4,4,Voie communale,30.0,2
202400002857,2024-02-10,soirée,,,13,13206,5,1,3,3,4,Voie communale,50.0,1
202400002858,2024-11-08,soirée,,,91,91549,5,1,6,2,6,Autre,50.0,1
202400002859,2024-02-09,soirée,,,13,13209,5,2,3,4,4,Voie communale,50.0,2
202400002860,2024-02-10,matin,,,06,06088,5,3,6,2,7,Autre,50.0,2
202400002861,2024-12-06,matin,,,57,57416,3,1,4,4,1,Autoroute,110.0,1
202400002862,2024-02-09,nuit,,,75,75116,5,1,5,4,4,Voie communale,70.0,1
202400002863,2024-12-04,après-midi,,,57,57647,3,8,3,4,1,Autoroute,80.0,2
202400002864,2024-02-08,nuit,,,75,75108,5,3,6,4,4,Voie communale,50.0,2
202400002865,2024-08-26,soirée,,,2A,2A330,1,1,7,4,2,Nationale,80.0,1
202400002866,2024-02-10,soirée,,,75,75119,5,2,1,4,4,Voie communale,30.0,2
202400002867,2024-09-12,nuit,,,72,72181,5,8,3,4,4,Voie communale,50.0,2
202400002868,2024-02-10,soirée,,,75,75119,5,2,7,4,4,Voie communale,30.0,2
202400002869,2024-10-22,nuit,,,59,59153,3,1,1,3,3,Départementale,70.0,1
202400002870,2024-12-30,nuit,,,13,13215,3,1,7,4,1,Autoroute,70.0,1
202400002871,2024-02-09,nuit,,,75,75118,5,1,5,4,4,Voie communale,30.0,1
202400002872,2024-11-19,après-midi,,,73,73008,1,2,6,3,4,Voie communale,50.0,2
202400002873,2024-02-10,soirée,,,75,75117,5,1,6,4,4,Voie communale,30.0,2
202400002874,2024-12-17,matin,,,78,78158,2,2,6,4,4,Voie communale,,2
202400002875,2024-02-10,nuit,,,75,75117,5,1,6,3,4,Voie communale,30.0,1
202400002876,2024-12-28,soirée,,,22,22161,5,1,1,3,4,Voie communale,50.0,1
202400002877,2024-02-09,soirée,,,75,75115,5,2,6,4,4,Voie communale,30.0,2
202400002878,2024-12-30,matin,,,22,22176,5,1,3,4,3,Départementale,50.0,2
202400002879,2024-02-10,après-midi,,,75,75108,1,2,6,4,4,Voie communale,30.0,2
202400002880,2024-12-03,soirée,,,22,22171,3,2,3,4,3,Départementale,80.0,2
202400002881,2024-02-10,nuit,,,75,75108,5,1,3,4,4,Voie communale,30.0,2
202400002882,2024-12-30,après-midi,,,22,22045,1,8,3,4,3,Départementale,80.0,1
202400002883,2024-02-10,soirée,,,94,94003,5,2,2,4,3,Départementale,50.0,2
202400002884,2024-02-10,après-midi,,,94,94076,1,2,1,4,4,Voie communale,50.0,2
202400002885,2024-11-08,nuit,,,71,71040,3,1,3,4,2,Nationale,50.0,1
202400002886,2024-02-09,matin,,,93,93064,5,2,6,4,1,Autoroute,50.0,2
202400002887,2024-07-20,matin,,,39,39078,1,1,3,4,3,Départementale,80.0,1
202400002888,2024-02-10,nuit,,,93,93006,5,1,3,4,3,Départementale,30.0,1
202400002889,2024-11-08,après-midi,,,43,43012,1,1,3,3,3,Départementale,50.0,1
202400002890,2024-02-10,après-midi,,,92,92046,1,2,6,4,4,Voie communale,50.0,2
202400002891,2024-11-15,soirée,,,59,59360,2,1,6,2,4,Voie communale,30.0,1
202400002892,2024-02-10,après-midi,,,92,92051,1,2,6,4,4,Voie communale,30.0,2
202400002893,2024-12-12,matin,,,84,84087,1,1,1,4,4,Voie communale,50.0,1
202400002894,2024-02-10,après-midi,,,92,92050,1,2,6,4,4,Voie communale,50.0,2
202400002895,2024-12-30,matin,,,60,60057,5,2,1,4,4,Voie communale,50.0,2
202400002896,2024-02-10,après-midi,,,92,92049,1,2,3,4,3,Départementale,50.0,2
202400002897,2024-11-15,nuit,,,28,28417,3,2,6,3,3,Départementale,80.0,2
202400002898,2024-02-10,matin,,,92,92020,5,1,7,4,4,Voie communale,30.0,1
202400002899,2024-02-10,soirée,,,92,92012,5,2,3,4,3,Départementale,50.0,2
202400002900,2024-11-28,après-midi,,,84,84031,1,1,3,3,4,Voie communale,50.0,1
202400002901,2024-11-22,soirée,,,84,84080,3,1,6,3,3,Départementale,80.0,1
202400002902,2024-02-09,après-midi,,,92,92004,2,2,3,4,3,Départementale,50.0,2
202400002903,2024-02-11,matin,,,51,51040,1,1,6,4,4,Voie communale,50.0,2
202400002904,2024-12-30,matin,,,38,38544,1,1,6,3,4,Voie communale,50.0,1
202400002905,2024-02-11,nuit,,,2A,2A094,3,3,6,4,3,Départementale,80.0,2
202400002906,2024-02-11,après-midi,,,86,86162,1,8,6,3,4,Voie communale,90.0,1
202400002907,2024-12-16,après-midi,,,38,38544,1,1,3,4,3,Départementale,50.0,1
202400002908,2024-02-10,soirée,,,11,11069,3,1,2,4,1,Autoroute,130.0,1
202400002909,2024-11-15,soirée,,,38,38516,3,1,3,4,4,Voie communale,30.0,1
202400002910,2024-02-09,soirée,,,68,68097,3,1,6,3,3,Départementale,50.0,1
202400002911,2024-02-10,nuit,,,972,97203,5,8,6,4,2,Nationale,50.0,2
202400002912,2024-11-19,matin,,,987,98724,1,1,2,3,2,Nationale,40.0,9
202400002913,2024-12-26,après-midi,,,62,62160,1,1,3,3,4,Voie communale,50.0,1
202400002914,2024-02-11,après-midi,,,30,30209,1,1,1,3,3,Départementale,80.0,1
202400002915,2024-12-20,après-midi,,,62,62758,1,1,6,3,4,Voie communale,50.0,1
202400002916,2024-02-11,nuit,,,83,83131,3,1,1,4,3,Départementale,80.0,1
202400002917,2024-12-14,nuit,,,62,62194,3,8,7,4,4,Voie communale,50.0,1
202400002918,2024-02-10,soirée,,,62,62611,3,1,6,4,3,Départementale,80.0,2
202400002919,2024-02-11,après-midi,,,56,56034,1,1,7,2,3,Départementale,50.0,1
202400002920,2024-11-15,soirée,,,62,62555,4,1,6,3,3,Départementale,50.0,1
202400002921,2024-02-10,soirée,,,80,80522,3,2,6,4,3,Départementale,80.0,2
202400002922,2024-02-11,nuit,,,11,11254,3,2,6,3,3,Départementale,80.0,2
202400002923,2024-02-10,matin,,,61,61028,1,2,6,3,3,Départementale,90.0,2
202400002924,2024-02-11,après-midi,,,25,25586,1,2,7,3,3,Départementale,80.0,2
202400002925,2024-02-11,soirée,,,44,44067,3,1,6,3,3,Départementale,80.0,2
202400002926,2024-12-12,après-midi,,,44,44132,5,1,3,4,4,Voie communale,70.0,1
202400002927,2024-02-10,soirée,,,44,44146,3,1,7,2,3,Départementale,80.0,2
202400002928,2024-12-21,nuit,,,32,32446,3,3,7,3,3,Départementale,50.0,2
202400002929,2024-02-07,nuit,,,29,29244,3,2,2,3,3,Départementale,80.0,2
202400002930,2024-02-11,nuit,,,31,31033,5,1,6,3,4,Voie communale,50.0,1
202400002931,2024-11-06,après-midi,,,32,32319,1,1,1,3,3,Départementale,50.0,1
202400002932,2024-02-10,matin,,,38,38439,1,2,6,3,3,Départementale,70.0,2
202400002933,2024-12-31,matin,,,43,43154,1,1,1,2,2,Nationale,80.0,1
202400002934,2024-02-10,soirée,,,02,02748,2,2,6,4,3,Départementale,70.0,2
202400002935,2024-07-18,soirée,,,91,91521,1,1,3,4,3,Départementale,50.0,1
202400002936,2024-02-11,matin,,,72,72071,1,1,6,2,4,Voie communale,30.0,1
202400002937,2024-12-24,soirée,,,62,62194,5,1,1,4,4,Voie communale,50.0,1
202400002938,2024-02-11,nuit,,,60,60026,3,1,3,4,3,Départementale,80.0,1
202400002939,2024-02-11,après-midi,,,43,43218,1,1,1,3,2,Nationale,80.0,2
202400002940,2024-02-11,soirée,,,16,16137,3,1,6,2,3,Départementale,80.0,1
202400002941,2024-02-11,après-midi,,,07,07313,1,3,6,4,3,Départementale,90.0,2
202400002942,2024-10-14,soirée,,,17,17291,3,1,2,4,2,Nationale,90.0,1
202400002943,2024-02-09,soirée,,,08,08282,5,2,6,4,3,Départementale,50.0,2
202400002944,2024-02-08,soirée,,,01,01274,4,2,6,4,1,Autoroute,110.0,2
202400002945,2024-10-26,soirée,,,32,32296,3,2,3,4,3,Départementale,90.0,2
202400002946,2024-02-11,soirée,,,42,42279,3,1,2,4,3,Départementale,110.0,1
202400002947,2024-11-17,après-midi,,,13,13117,1,1,2,3,3,Départementale,50.0,1
202400002948,2024-02-09,après-midi,,,976,97613,1,2,6,4,4,Voie communale,50.0,2
202400002949,2024-03-17,nuit,,,75,75117,5,1,3,4,4,Voie communale,30.0,1
202400002950,2024-02-11,matin,,,69,69268,2,1,1,4,3,Départementale,90.0,2
202400002951,2024-02-11,après-midi,,,13,13114,1,1,2,3,4,Voie communale,50.0,1
202400002952,2024-12-27,après-midi,,,38,38053,3,5,4,4,4,Voie communale,70.0,2
202400002953,2024-02-11,après-midi,,,62,62079,1,2,6,3,1,Autoroute,130.0,2
202400002954,2024-11-26,après-midi,,,74,74281,1,7,6,4,4,Voie communale,50.0,1
202400002955,2024-02-11,nuit,,,977,97701,3,2,6,3,3,Départementale,30.0,2
202400002956,2024-12-28,après-midi,,,74,74159,1,8,1,4,3,Départementale,80.0,1
202400002957,2024-12-15,nuit,,,74,74116,5,2,3,4,3,Départementale,80.0,2
202400002958,2024-02-09,soirée,,,34,34344,3,1,5,3,3,Départementale,110.0,1
202400002959,2024-12-18,après-midi,,,74,74282,3,1,1,3,3,Départementale,50.0,1
202400002960,2024-02-10,matin,,,83,83068,3,3,1,3,3,Départementale,70.0,2
202400002961,2024-02-11,après-midi,,,06,06070,1,1,7,3,3,Départementale,80.0,1
202400002962,2024-12-03,après-midi,,,74,74264,1,1,1,4,3,Départementale,50.0,1
202400002963,2024-12-02,après-midi,,,74,74264,5,2,7,4,3,Départementale,,2
202400002964,2024-02-11,matin,,,13,13014,1,1,7,3,4,Voie communale,70.0,1
202400002965,2024-02-10,après-midi,,,57,57303,1,1,3,3,3,Départementale,50.0,1
202400002966,2024-11-02,soirée,,,14,14227,3,1,5,4,3,Départementale,80.0,1
202400002967,2024-02-10,nuit,,,73,73307,3,1,7,4,4,Voie communale,,2
202400002968,2024-02-11,matin,,,42,42089,2,2,6,4,3,Départementale,80.0,2
202400002969,2024-02-10,soirée,,,38,38344,5,2,6,3,2,Nationale,50.0,2
202400002970,2024-12-29,après-midi,,,971,97107,1,1,7,4,4,Voie communale,50.0,1
202400002971,2024-02-08,soirée,,,33,33473,5,2,1,3,3,Départementale,50.0,2
202400002972,2024-11-29,matin,,,34,34108,1,1,3,3,3,Départementale,50.0,1
202400002973,2024-12-26,soirée,,,78,78190,5,1,6,3,3,Départementale,,1
202400002974,2024-02-09,nuit,,,59,59535,3,1,3,3,3,Départementale,70.0,2
202400002975,2024-09-07,soirée,,,33,33281,4,1,6,4,1,Autoroute,90.0,1
202400002976,2024-02-10,matin,,,13,13071,3,3,6,4,1,Autoroute,90.0,2
202400002977,2024-12-06,soirée,,,35,35281,5,1,3,4,4,Voie communale,30.0,1
202400002978,2024-02-09,après-midi,,,83,83137,1,2,6,4,1,Autoroute,50.0,2
202400002979,2024-11-27,après-midi,,,35,35178,1,1,7,4,3,Départementale,80.0,8
202400002980,2024-02-06,soirée,,,67,67365,3,1,4,4,7,Autre,90.0,1
202400002981,2024-09-25,matin,,,49,49015,1,2,3,3,4,Voie communale,,2
202400002982,2024-02-10,nuit,,,33,33487,5,3,1,4,1,Autoroute,130.0,4
202400002983,2024-12-01,après-midi,,,972,97217,1,1,3,4,2,Nationale,50.0,1
202400002984,2024-02-10,nuit,,,33,33550,4,3,6,2,1,Autoroute,90.0,4
202400002985,2024-10-25,après-midi,,,61,61339,1,2,2,3,3,Départementale,50.0,2
202400002986,2024-02-10,soirée,,,91,91136,2,2,6,4,1,Autoroute,70.0,2
202400002987,2024-10-27,après-midi,,,972,97209,1,1,2,4,3,Départementale,60.0,1
202400002988,2024-10-29,après-midi,,,972,97209,1,1,6,3,1,Autoroute,90.0,1
202400002989,2024-02-10,après-midi,,,78,78640,1,2,6,4,1,Autoroute,70.0,2
202400002990,2024-10-27,nuit,,,972,97213,5,2,2,3,1,Autoroute,90.0,2
202400002991,2024-10-26,soirée,,,972,97213,3,1,1,4,3,Départementale,70.0,1
202400002992,2024-02-10,après-midi,,,78,78321,1,3,6,4,2,Nationale,110.0,2
202400002993,2024-10-18,matin,,,972,97213,1,1,2,4,2,Nationale,70.0,1
202400002994,2024-10-17,matin,,,972,97209,1,1,5,4,2,Nationale,50.0,1
202400002995,2024-10-16,après-midi,,,972,97209,1,1,2,4,3,Départementale,90.0,1
202400002996,2024-02-10,après-midi,,,92,92036,2,2,2,4,1,Autoroute,70.0,2
202400002997,2024-02-10,matin,,,95,95241,1,2,6,4,2,Nationale,50.0,2
202400002998,2024-10-09,matin,,,972,97213,1,1,3,4,3,Départementale,50.0,2
202400002999,2024-02-10,nuit,,,95,95277,3,1,2,4,1,Autoroute,90.0,1
202400003000,2024-02-09,nuit,,,988,98818,5,1,1,4,4,Voie communale,30.0,1
202400003001,2024-10-08,soirée,,,972,97213,3,1,4,4,1,Autoroute,90.0,1
202400003002,2024-02-09,matin,,,974,97407,2,1,7,4,2,Nationale,50.0,1
202400003003,2024-10-08,matin,,,972,97213,1,1,2,3,1,Autoroute,90.0,1
202400003004,2024-02-09,après-midi,,,973,97302,1,1,3,4,3,Départementale,50.0,1
202400003005,2024-10-02,nuit,,,972,97213,5,1,2,4,3,Départementale,60.0,1
202400003006,2024-02-09,matin,,,973,97302,1,1,2,3,2,Nationale,50.0,1
202400003007,2024-09-26,matin,,,972,97213,1,3,6,4,3,Départementale,30.0,2
202400003008,2024-09-18,soirée,,,972,97209,5,1,2,4,3,Départementale,60.0,1
202400003009,2024-02-09,matin,,,973,97302,1,1,2,3,2,Nationale,50.0,1
202400003010,2024-09-15,soirée,,,972,97213,4,1,7,3,1,Autoroute,90.0,1
202400003011,2024-02-09,matin,,,973,97302,1,1,6,4,3,Départementale,50.0,1
202400003012,2024-09-10,nuit,,,972,97213,1,1,3,4,3,Départementale,70.0,2
202400003013,2024-02-09,matin,,,69,69387,1,2,3,2,4,Voie communale,50.0,2
202400003014,2024-08-23,après-midi,,,972,97209,1,1,6,4,2,Nationale,50.0,1
202400003015,2024-02-09,nuit,,,972,97213,4,1,7,4,3,Départementale,70.0,1
202400003016,2024-08-18,matin,,,972,97213,1,1,3,4,3,Départementale,50.0,1
202400003017,2024-02-09,après-midi,,,2B,2B037,1,1,2,4,4,Voie communale,30.0,1
202400003018,2024-08-07,après-midi,,,972,97213,1,1,3,4,1,Autoroute,90.0,1
202400003019,2024-02-09,matin,,,2B,2B033,1,1,6,4,6,Autre,10.0,1
202400003020,2024-07-30,après-midi,,,972,97213,1,1,3,4,3,Départementale,30.0,1
202400003021,2024-02-08,matin,,,971,97120,1,1,3,4,4,Voie communale,50.0,1
202400003022,2024-10-25,après-midi,,,81,81002,1,1,3,3,2,Nationale,80.0,1
202400003023,2024-02-09,après-midi,,,2A,2A004,1,2,3,4,4,Voie communale,50.0,2
202400003024,2024-10-28,après-midi,,,80,80160,2,7,5,4,1,Autoroute,110.0,1
202400003025,2024-02-09,matin,,,95,95500,3,8,6,4,1,Autoroute,50.0,2
202400003026,2024-12-28,nuit,,,28,28229,3,2,2,3,3,Départementale,90.0,2
202400003027,2024-02-09,soirée,,,91,91471,5,1,6,4,3,Départementale,50.0,9
202400003028,2024-12-27,nuit,,,28,28405,3,5,2,4,2,Nationale,110.0,1
202400003029,2024-02-09,nuit,,,91,91434,5,1,3,4,4,Voie communale,50.0,2
202400003030,2024-12-12,matin,,,38,38563,1,7,6,3,3,Départementale,50.0,1
202400003031,2024-02-08,matin,,,83,83137,1,1,3,3,4,Voie communale,50.0,1
202400003032,2024-01-11,après-midi,,,78,78640,1,1,6,3,4,Voie communale,30.0,1
202400003033,2024-12-21,soirée,,,38,38563,5,1,1,4,3,Départementale,50.0,1
202400003034,2024-11-06,après-midi,,,24,24557,1,1,6,3,3,Départementale,50.0,1
202400003035,2024-06-07,matin,,,91,91286,1,1,3,4,1,Autoroute,110.0,1
202400003036,2024-12-06,matin,,,84,84095,3,1,2,4,4,Voie communale,80.0,1
202400003037,2024-06-07,matin,,,91,91589,1,1,2,4,1,Autoroute,110.0,1
202400003038,2024-02-09,soirée,,,72,72181,5,2,3,4,4,Voie communale,30.0,2
202400003039,2024-11-29,nuit,,,84,84087,5,1,3,4,4,Voie communale,80.0,1
202400003040,2024-06-06,soirée,,,92,92036,1,1,2,4,1,Autoroute,90.0,1
202400003041,2024-02-08,soirée,,,72,72181,5,2,2,4,4,Voie communale,50.0,2
202400003042,2024-12-01,après-midi,,,74,74281,1,1,1,3,4,Voie communale,50.0,1
202400003043,2024-11-23,nuit,,,38,38563,5,9,6,3,3,Départementale,50.0,1
202400003044,2024-06-06,après-midi,,,78,78242,1,1,2,4,1,Autoroute,90.0,1
202400003045,2024-02-09,après-midi,,,71,71306,1,1,6,4,4,Voie communale,50.0,1
202400003046,2024-11-19,après-midi,,,75,75118,1,3,3,4,4,Voie communale,30.0,2
202400003047,2024-02-09,après-midi,,,71,71270,1,3,3,4,4,Voie communale,50.0,2
202400003048,2024-06-07,matin,,,93,93053,1,1,2,4,1,Autoroute,70.0,1
202400003049,2024-12-25,matin,,,93,93007,5,2,2,3,3,Départementale,50.0,2
202400003050,2024-02-08,après-midi,,,71,71076,1,1,3,4,3,Départementale,50.0,1
202400003051,2024-06-07,matin,,,93,93027,1,1,2,4,1,Autoroute,90.0,1
202400003052,2024-12-15,matin,,,93,93007,1,1,6,4,3,Départementale,50.0,1
202400003053,2024-06-07,matin,,,93,93001,1,1,2,4,1,Autoroute,90.0,1
202400003054,2024-02-09,soirée,,,69,69276,2,2,2,4,7,Autre,70.0,2
202400003055,2024-12-08,nuit,,,93,93007,5,2,3,4,3,Départementale,50.0,2
202400003056,2024-10-08,soirée,,,93,93007,1,2,6,3,4,Voie communale,50.0,2
202400003057,2024-06-07,matin,,,93,93066,1,1,5,4,1,Autoroute,110.0,1
202400003058,2024-02-08,après-midi,,,69,69029,1,1,3,3,7,Autre,70.0,1
202400003059,2024-08-21,après-midi,,,93,93007,1,1,3,4,3,Départementale,50.0,1
202400003060,2024-02-09,soirée,,,67,67267,3,2,6,4,4,Voie communale,50.0,2
202400003061,2024-06-07,nuit,,,93,93048,4,1,2,4,1,Autoroute,90.0,1
202400003062,2024-07-19,après-midi,,,93,93007,1,1,3,4,4,Voie communale,50.0,1
202400003063,2024-07-18,nuit,,,93,93007,5,1,6,3,3,Départementale,50.0,1
202400003064,2024-02-09,après-midi,,,67,67482,1,2,5,4,7,Autre,70.0,2
202400003065,2024-10-21,matin,,,17,17224,2,1,3,3,3,Départementale,80.0,1
202400003066,2024-02-16,soirée,,,84,84031,5,1,3,4,4,Voie communale,50.0,1
202400003067,2024-07-17,après-midi,,,93,93007,1,1,3,4,3,Départementale,50.0,1
202400003068,2024-06-06,matin,,,974,97411,1,1,7,4,4,Voie communale,30.0,1
202400003069,2024-02-09,après-midi,,,67,67482,1,1,3,4,4,Voie communale,50.0,1
202400003070,2024-10-23,après-midi,,,87,87103,1,1,6,3,6,Autre,30.0,1
202400003071,2024-07-16,soirée,,,93,93007,1,1,3,4,4,Voie communale,,1
202400003072,2024-02-09,après-midi,,,65,65226,1,1,6,3,9,Autre,30.0,1
202400003073,2024-06-06,après-midi,,,973,97302,1,1,3,4,3,Départementale,50.0,1
202400003074,2024-10-24,matin,,,08,08491,2,5,6,4,4,Voie communale,70.0,1
202400003075,2024-12-15,soirée,,,73,73010,3,1,6,3,4,Voie communale,80.0,1
202400003076,2024-02-09,matin,,,64,64024,1,2,2,4,3,Départementale,50.0,2
202400003077,2024-06-06,matin,,,973,97302,1,1,3,4,3,Départementale,50.0,1
202400003078,2024-10-24,matin,,,08,08361,2,1,3,4,3,Départementale,80.0,1
202400003079,2024-02-09,matin,,,63,63113,1,1,3,4,4,Voie communale,30.0,1
202400003080,2024-12-31,nuit,,,28,28398,3,2,2,4,1,Autoroute,130.0,2
202400003081,2024-06-06,soirée,,,69,69387,1,1,3,4,4,Voie communale,30.0,1
202400003082,2024-10-23,soirée,,,68,68066,3,1,3,2,1,Autoroute,110.0,1
202400003083,2024-12-29,soirée,,,60,60175,5,5,6,4,4,Voie communale,30.0,2
202400003084,2024-02-02,matin,,,59,59501,1,1,4,4,3,Départementale,50.0,1
202400003085,2024-06-06,après-midi,,,69,69383,1,2,3,4,4,Voie communale,30.0,2
202400003086,2024-02-08,soirée,,,57,57672,5,1,6,4,4,Voie communale,50.0,2
202400003087,2024-06-05,après-midi,,,972,97209,1,1,2,3,1,Autoroute,90.0,1
202400003088,2024-10-22,matin,,,987,98715,1,1,3,4,2,Nationale,40.0,1
202400003089,2024-02-08,matin,,,57,57306,1,2,6,4,3,Départementale,50.0,2
202400003090,2024-06-06,après-midi,,,971,97105,1,1,6,3,2,Nationale,80.0,1
202400003091,2024-10-23,matin,,,987,98714,2,1,7,2,3,Départementale,60.0,1
202400003092,2024-06-06,matin,,,2A,2A004,1,1,3,4,4,Voie communale,50.0,1
202400003093,2024-02-09,après-midi,,,56,56098,1,1,3,4,3,Départementale,30.0,1
202400003094,2024-06-06,après-midi,,,95,95585,1,1,6,4,4,Voie communale,50.0,1
202400003095,2024-06-06,après-midi,,,91,91339,1,1,6,4,4,Voie communale,50.0,1
202400003096,2024-02-09,soirée,,,54,54395,5,2,6,4,4,Voie communale,50.0,2
202400003097,2024-10-24,après-midi,,,971,97117,1,1,3,4,3,Départementale,50.0,1
202400003098,2024-06-06,matin,,,91,91477,1,1,1,4,4,Voie communale,50.0,1
202400003099,2024-02-09,matin,,,54,54547,1,1,3,4,4,Voie communale,30.0,1
202400003100,2024-10-24,matin,,,41,41155,1,1,3,3,3,Départementale,80.0,1
202400003101,2024-02-08,après-midi,,,54,54395,1,2,6,4,4,Voie communale,30.0,2
202400003102,2024-06-05,soirée,,,87,87085,1,1,3,4,4,Voie communale,30.0,1
202400003103,2024-02-09,matin,,,51,51454,1,1,6,4,4,Voie communale,50.0,1
202400003104,2024-10-02,soirée,,,45,45042,5,2,3,4,3,Départementale,50.0,2
202400003105,2024-02-08,soirée,,,51,51454,5,2,6,4,4,Voie communale,50.0,2
202400003106,2024-10-22,soirée,,,77,77339,2,1,7,3,3,Départementale,90.0,1
202400003107,2024-06-05,matin,,,84,84007,1,1,4,4,4,Voie communale,50.0,1
202400003108,2024-02-09,soirée,,,49,49007,5,1,3,4,4,Voie communale,30.0,2
202400003109,2024-10-23,matin,,,78,78171,5,5,1,3,3,Départementale,50.0,1
202400003110,2024-06-06,soirée,,,83,83137,1,1,3,4,4,Voie communale,50.0,1
202400003111,2024-10-23,après-midi,,,30,30155,1,1,7,2,4,Voie communale,50.0,1
202400003112,2024-06-06,matin,,,83,83153,1,1,6,4,4,Voie communale,50.0,1
202400003113,2024-02-08,matin,,,49,49007,1,2,4,4,4,Voie communale,50.0,2
202400003114,2024-10-23,soirée,,,13,13094,3,1,1,3,3,Départementale,80.0,1
202400003115,2024-06-06,après-midi,,,81,81004,1,1,6,4,4,Voie communale,50.0,1
202400003116,2024-02-09,matin,,,45,45284,5,1,3,4,4,Voie communale,50.0,1
202400003117,2024-06-06,nuit,,,79,79191,5,1,6,4,3,Départementale,70.0,1
202400003118,2024-06-05,après-midi,,,77,77085,1,1,1,4,4,Voie communale,30.0,1
202400003119,2024-10-24,soirée,,,25,25284,5,1,3,3,3,Départementale,50.0,2
202400003120,2024-02-09,soirée,,,44,44109,5,2,3,3,4,Voie communale,30.0,2
202400003121,2024-06-06,soirée,,,72,72181,2,1,6,4,4,Voie communale,30.0,1
202400003122,2024-02-09,après-midi,,,44,44109,1,1,6,3,4,Voie communale,50.0,1
202400003123,2024-10-24,nuit,,,21,21699,3,1,6,4,3,Départementale,90.0,1
202400003124,2024-06-05,matin,,,71,71270,1,1,1,4,4,Voie communale,50.0,1
202400003125,2024-02-03,après-midi,,,43,43046,1,1,7,4,4,Voie communale,50.0,1
202400003126,2024-06-06,soirée,,,69,69266,1,1,3,4,4,Voie communale,50.0,1