Num_Acc,date,time_of_day,lat,long,dep,com,lum,atm,col,severity_index,catr,catr_label,vma,surf
202400003127,2024-10-23,après-midi,,,52,52416,1,1,3,4,3,Départementale,80.0,1
202400003128,2024-06-06,soirée,,,69,69386,1,1,3,4,4,Voie communale,50.0,1
202400003129,2024-06-06,soirée,,,69,69275,1,1,2,4,4,Voie communale,50.0,1
202400003130,2024-02-09,nuit,,,37,37261,5,1,3,4,4,Voie communale,50.0,1
202400003131,2024-10-24,matin,,,68,68072,1,1,1,3,3,Départementale,80.0,1
202400003132,2024-06-06,matin,,,69,69256,1,1,6,4,4,Voie communale,50.0,1
202400003133,2024-06-06,matin,,,69,69259,1,1,6,4,4,Voie communale,30.0,1
202400003134,2024-10-18,matin,,,57,57433,1,1,6,3,3,Départementale,50.0,1
202400003135,2024-06-06,nuit,,,68,68224,5,1,7,4,4,Voie communale,50.0,1
202400003136,2024-02-09,après-midi,,,35,35278,1,2,4,4,7,Autre,110.0,2
202400003137,2024-06-06,soirée,,,67,67482,5,1,3,4,4,Voie communale,50.0,1
202400003138,2024-10-24,soirée,,,42,42037,1,1,5,4,3,Départementale,80.0,1
202400003139,2024-02-07,soirée,,,34,34301,2,1,3,4,3,Départementale,50.0,1
202400003140,2024-06-06,après-midi,,,64,64269,1,1,3,4,3,Départementale,50.0,1
202400003141,2024-10-24,matin,,,17,17146,2,1,1,4,3,Départementale,80.0,2
202400003142,2024-06-06,après-midi,,,64,64348,1,1,3,4,4,Voie communale,50.0,1
202400003143,2024-02-09,soirée,,,34,34172,5,1,2,4,4,Voie communale,50.0,1
202400003144,2024-06-06,matin,,,64,64284,1,1,3,4,3,Départementale,70.0,1
202400003145,2024-09-20,soirée,,,33,33382,1,1,3,3,3,Départementale,50.0,1
202400003146,2024-06-05,matin,,,64,64445,1,1,2,4,4,Voie communale,50.0,1
202400003147,2024-02-09,après-midi,,,34,34172,1,1,3,3,4,Voie communale,30.0,1
202400003148,2024-06-06,soirée,,,64,64024,1,1,3,4,4,Voie communale,50.0,1
202400003149,2024-10-23,après-midi,,,49,49301,1,7,3,3,4,Voie communale,80.0,1
202400003150,2024-06-06,après-midi,,,64,64024,1,1,2,4,4,Voie communale,50.0,1
202400003151,2024-10-23,après-midi,,,44,44172,1,1,6,3,4,Voie communale,30.0,1
202400003152,2024-02-09,soirée,,,33,33063,5,1,3,4,4,Voie communale,30.0,1
202400003153,2024-06-06,matin,,,64,64024,1,1,2,4,6,Autre,30.0,1
202400003154,2024-02-09,soirée,,,31,31555,5,1,3,4,1,Autoroute,130.0,1
202400003155,2024-10-22,matin,,,35,35015,1,5,1,4,3,Départementale,80.0,1
202400003156,2024-06-06,matin,,,64,64102,1,1,3,4,4,Voie communale,30.0,1
202400003157,2024-02-03,soirée,,,30,30028,3,1,7,3,6,Autre,30.0,1
202400003158,2024-06-05,soirée,,,64,64102,1,1,3,3,3,Départementale,50.0,1
202400003159,2024-10-24,soirée,,,02,02443,1,1,6,3,3,Départementale,80.0,1
202400003160,2024-06-05,matin,,,64,64102,1,1,3,4,4,Voie communale,30.0,1
202400003161,2024-10-22,après-midi,,,59,59139,2,1,1,3,4,Voie communale,50.0,1
202400003162,2024-02-08,après-midi,,,29,29019,1,2,5,4,3,Départementale,50.0,2
202400003163,2024-06-05,matin,,,64,64102,1,1,3,4,4,Voie communale,30.0,1
202400003164,2024-02-07,après-midi,,,29,29019,1,2,6,4,4,Voie communale,50.0,2
202400003165,2024-10-19,soirée,,,01,01275,3,1,2,3,1,Autoroute,110.0,1
202400003166,2024-06-05,soirée,,,62,62194,1,1,3,4,3,Départementale,50.0,1
202400003167,2024-06-06,matin,,,62,62193,1,1,6,4,4,Voie communale,50.0,1
202400003168,2024-10-22,nuit,,,57,57356,3,1,2,4,1,Autoroute,110.0,1
202400003169,2024-06-05,après-midi,,,59,59512,1,1,3,3,4,Voie communale,50.0,1
202400003170,2024-10-23,matin,,,78,78423,1,5,6,3,2,Nationale,110.0,1
202400003171,2024-02-09,matin,,,27,27375,1,1,2,4,4,Voie communale,30.0,1
202400003172,2024-06-06,matin,,,59,59378,1,1,3,3,4,Voie communale,30.0,1
202400003173,2024-10-22,nuit,,,78,78402,4,1,6,4,1,Autoroute,130.0,2
202400003174,2024-02-08,matin,,,27,27229,2,2,6,4,4,Voie communale,50.0,2
202400003175,2024-06-05,matin,,,59,59009,2,1,6,3,7,Autre,70.0,1
202400003176,2024-06-05,après-midi,,,59,59183,1,1,6,3,4,Voie communale,50.0,1
202400003177,2024-02-09,soirée,,,25,25056,5,2,3,4,4,Voie communale,50.0,2
202400003178,2024-10-22,soirée,,,93,93005,3,1,4,4,1,Autoroute,90.0,1
202400003179,2024-06-05,soirée,,,56,56121,1,1,3,4,4,Voie communale,30.0,1
202400003180,2024-02-05,après-midi,,,19,19275,1,1,1,4,3,Départementale,50.0,1
202400003181,2024-10-23,après-midi,,,77,77146,1,1,3,4,1,Autoroute,110.0,1
202400003182,2024-06-05,après-midi,,,54,54025,1,1,2,4,7,Autre,50.0,1
202400003183,2024-02-06,après-midi,,,14,14327,1,1,3,4,4,Voie communale,50.0,1
202400003184,2024-06-05,après-midi,,,54,54395,1,1,6,4,4,Voie communale,30.0,1
202400003185,2024-10-23,matin,,,77,77169,1,1,2,4,2,Nationale,90.0,1
202400003186,2024-02-08,après-midi,,,13,13213,1,1,3,4,4,Voie communale,50.0,1
202400003187,2024-05-17,après-midi,,,54,54273,1,3,1,4,3,Départementale,50.0,2
202400003188,2024-10-22,nuit,,,94,94022,3,1,2,4,1,Autoroute,90.0,1
202400003189,2024-02-09,soirée,,,13,13001,5,2,1,3,4,Voie communale,50.0,2
202400003190,2024-06-05,soirée,,,51,51058,1,1,3,4,4,Voie communale,,1
202400003191,2024-02-08,soirée,,,12,12202,5,1,7,3,3,Départementale,50.0,1
202400003192,2024-06-05,après-midi,,,51,51454,1,1,2,4,4,Voie communale,50.0,1
202400003193,2024-02-08,matin,,,10,10387,1,2,6,4,4,Voie communale,50.0,2
202400003194,2024-10-22,soirée,,,77,77438,3,1,6,4,1,Autoroute,90.0,1
202400003195,2024-06-05,matin,,,51,51454,1,1,3,4,4,Voie communale,50.0,1
202400003196,2024-02-09,soirée,,,06,06069,5,2,3,4,4,Voie communale,30.0,2
202400003197,2024-06-08,nuit,,,35,35253,2,1,6,3,3,Départementale,80.0,1
202400003198,2024-06-05,matin,,,49,49007,1,1,3,4,4,Voie communale,50.0,1
202400003199,2024-02-08,nuit,,,02,02738,3,2,2,4,3,Départementale,110.0,2
202400003200,2024-06-06,matin,,,47,47001,1,2,6,4,3,Départementale,50.0,1
202400003201,2024-02-09,matin,,,75,75112,5,1,3,4,4,Voie communale,70.0,1
202400003202,2024-06-06,après-midi,,,42,42218,1,1,6,4,4,Voie communale,50.0,1
202400003203,2024-02-09,matin,,,75,75119,5,1,6,4,4,Voie communale,30.0,1
202400003204,2024-06-02,soirée,,,35,35179,1,1,3,4,3,Départementale,80.0,1
202400003205,2024-02-08,nuit,,,75,75114,5,2,3,4,4,Voie communale,30.0,2
202400003206,2024-06-05,matin,,,41,41018,1,1,6,3,5,Autre,50.0,1
202400003207,2024-10-11,après-midi,,,44,44162,1,1,2,4,2,Nationale,90.0,1
202400003208,2024-02-08,après-midi,,,75,75114,1,2,6,4,4,Voie communale,30.0,2
202400003209,2024-06-03,après-midi,,,40,40192,1,1,3,4,4,Voie communale,30.0,1
202400003210,2024-10-10,matin,,,44,44109,2,1,6,4,4,Voie communale,30.0,1
202400003211,2024-02-08,nuit,,,75,75113,5,2,3,4,4,Voie communale,30.0,2
202400003212,2024-06-06,soirée,,,38,38053,1,1,3,4,4,Voie communale,50.0,1
202400003213,2024-06-05,après-midi,,,34,34032,1,1,6,3,4,Voie communale,50.0,1
202400003214,2024-02-09,après-midi,,,75,75111,1,1,3,4,4,Voie communale,30.0,1
202400003215,2024-08-23,soirée,,,74,74298,1,1,3,4,4,Voie communale,50.0,1
202400003216,2024-06-06,après-midi,,,31,31069,1,1,2,4,4,Voie communale,50.0,1
202400003217,2024-02-09,matin,,,75,75101,1,8,3,4,4,Voie communale,30.0,1
202400003218,2024-06-06,nuit,,,31,31555,5,1,3,3,4,Voie communale,50.0,1
202400003219,2024-06-06,soirée,,,29,29019,1,1,6,4,4,Voie communale,50.0,1
202400003220,2024-06-13,matin,,,29,29019,1,1,6,4,4,Voie communale,50.0,1
202400003221,2024-04-12,soirée,,,69,69275,1,1,5,4,4,Voie communale,50.0,1
202400003222,2024-06-05,matin,,,28,28220,1,1,3,3,4,Voie communale,50.0,1
202400003223,2024-06-05,après-midi,,,23,23096,1,1,6,4,3,Départementale,50.0,1
202400003224,2024-10-22,après-midi,,,974,97411,1,1,1,3,4,Voie communale,30.0,1
202400003225,2024-10-22,matin,,,973,97302,1,1,7,4,3,Départementale,50.0,1
202400003226,2024-06-05,après-midi,,,18,18033,1,1,2,3,2,Nationale,110.0,1
202400003227,2024-06-06,après-midi,,,17,17415,1,1,2,4,4,Voie communale,30.0,1
202400003228,2024-10-21,après-midi,,,973,97302,1,1,3,4,4,Voie communale,50.0,1
202400003229,2024-10-22,après-midi,,,69,69383,1,1,6,3,4,Voie communale,30.0,1
202400003230,2024-06-05,matin,,,17,17300,1,1,4,3,4,Voie communale,30.0,1
202400003231,2024-10-22,matin,,,972,97209,1,2,3,4,4,Voie communale,50.0,2
202400003232,2024-06-05,soirée,,,14,14327,2,1,1,4,4,Voie communale,30.0,1
202400003233,2024-10-22,nuit,,,95,95585,5,1,3,4,3,Départementale,50.0,1
202400003234,2024-10-22,matin,,,95,95280,1,1,6,4,4,Voie communale,50.0,1
202400003235,2024-06-07,nuit,,,13,13203,5,1,3,4,4,Voie communale,50.0,1
202400003236,2024-10-21,après-midi,,,95,95572,1,8,3,4,4,Voie communale,70.0,1
202400003237,2024-06-07,nuit,,,13,13208,5,1,3,3,4,Voie communale,50.0,1
202400003238,2024-10-22,après-midi,,,91,91570,1,1,6,4,6,Autre,50.0,1
202400003239,2024-06-06,soirée,,,13,13210,1,1,3,3,4,Voie communale,50.0,1
202400003240,2024-10-22,matin,,,91,91685,3,1,6,4,4,Voie communale,30.0,1
202400003241,2024-06-06,nuit,,,13,13201,5,1,3,4,4,Voie communale,50.0,1
202400003242,2024-10-22,matin,,,91,91027,1,1,3,4,3,Départementale,50.0,1
202400003243,2024-06-05,après-midi,,,13,13216,1,1,3,4,4,Voie communale,50.0,1
202400003244,2024-10-22,matin,,,91,91589,5,1,6,4,3,Départementale,50.0,1
202400003245,2024-06-05,après-midi,,,13,13047,1,1,3,4,4,Voie communale,50.0,1
202400003246,2024-10-17,matin,,,87,87085,1,2,7,3,4,Voie communale,30.0,2
202400003247,2024-05-18,matin,,,12,12013,1,1,1,4,3,Départementale,70.0,1
202400003248,2024-10-21,matin,,,87,87085,1,1,3,4,4,Voie communale,30.0,1
202400003249,2024-10-21,matin,,,87,87085,1,1,6,4,4,Voie communale,50.0,1
202400003250,2024-06-06,après-midi,,,11,11262,1,1,4,4,3,Départementale,50.0,1
202400003251,2024-10-17,après-midi,,,87,87085,1,2,6,4,4,Voie communale,30.0,2
202400003252,2024-06-06,après-midi,,,10,10297,1,1,2,4,4,Voie communale,50.0,1
202400003253,2024-10-21,matin,,,87,87050,2,1,3,3,2,Nationale,70.0,1
202400003254,2024-06-06,après-midi,,,10,10387,1,1,6,3,4,Voie communale,50.0,1
202400003255,2024-10-22,matin,,,84,84007,1,1,3,4,4,Voie communale,50.0,1
202400003256,2024-06-05,après-midi,,,10,10357,1,1,4,4,3,Départementale,90.0,1
202400003257,2024-10-22,matin,,,83,83137,5,1,6,3,3,Départementale,30.0,1
202400003258,2024-06-05,soirée,,,09,09225,1,1,3,4,4,Voie communale,50.0,1
202400003259,2024-10-21,après-midi,,,81,81004,1,1,6,2,3,Départementale,50.0,1
202400003260,2024-06-05,après-midi,,,04,04112,1,1,6,3,4,Voie communale,50.0,1
202400003261,2024-10-21,après-midi,,,80,80021,1,1,3,4,4,Voie communale,50.0,1
202400003262,2024-06-02,matin,,,04,04112,1,1,1,4,3,Départementale,80.0,1
202400003263,2024-10-21,après-midi,,,78,78423,1,1,6,4,4,Voie communale,30.0,1
202400003264,2024-06-05,après-midi,,,75,75114,1,1,2,4,4,Voie communale,70.0,1
202400003265,2024-10-22,soirée,,,78,78172,1,1,3,4,4,Voie communale,50.0,1
202400003266,2024-06-06,soirée,,,75,75119,1,1,6,4,4,Voie communale,30.0,1
202400003267,2024-06-06,soirée,,,75,75118,1,1,6,3,4,Voie communale,30.0,1
202400003268,2024-10-22,nuit,,,78,78672,4,2,6,2,3,Départementale,70.0,2
202400003269,2024-06-06,après-midi,,,75,75118,1,1,6,4,4,Voie communale,,1
202400003270,2024-10-21,matin,,,77,77495,1,1,2,4,2,Nationale,80.0,1
202400003271,2024-10-22,soirée,,,77,77284,5,8,6,4,4,Voie communale,30.0,1
202400003272,2024-06-05,après-midi,,,75,75117,1,1,3,4,4,Voie communale,30.0,1
202400003273,2024-06-06,soirée,,,75,75116,1,1,3,4,4,Voie communale,30.0,1
202400003274,2024-10-22,après-midi,,,69,69266,1,1,2,4,4,Voie communale,30.0,1
202400003275,2024-06-06,après-midi,,,75,75116,1,1,1,4,4,Voie communale,30.0,1
202400003276,2024-10-22,matin,,,69,69115,5,1,2,4,3,Départementale,50.0,2
202400003277,2024-06-06,matin,,,75,75116,1,1,3,4,4,Voie communale,50.0,1
202400003278,2024-10-22,matin,,,69,69290,1,2,3,4,4,Voie communale,50.0,2
202400003279,2024-06-06,après-midi,,,75,75115,1,1,3,4,4,Voie communale,30.0,1
202400003280,2024-06-06,matin,,,75,75111,1,1,6,3,4,Voie communale,30.0,1
202400003281,2024-10-21,nuit,,,69,69029,5,1,3,4,4,Voie communale,50.0,1
202400003282,2024-06-05,matin,,,75,75111,1,1,3,4,4,Voie communale,30.0,1
202400003283,2024-10-21,après-midi,,,69,69029,1,1,3,4,4,Voie communale,50.0,1
202400003284,2024-06-05,nuit,,,75,75110,5,1,1,3,4,Voie communale,30.0,1
202400003285,2024-10-21,après-midi,,,69,69290,1,1,2,4,4,Voie communale,,1
202400003286,2024-06-06,soirée,,,75,75109,1,1,3,4,4,Voie communale,,1
202400003287,2024-10-21,matin,,,69,69290,1,7,3,4,7,Autre,50.0,1
202400003288,2024-06-06,matin,,,75,75104,1,1,3,4,4,Voie communale,30.0,1
202400003289,2024-10-21,après-midi,,,64,64348,1,1,3,4,3,Départementale,50.0,1
202400003290,2024-06-05,après-midi,,,75,75104,1,1,6,4,4,Voie communale,30.0,1
202400003291,2024-10-22,après-midi,,,62,62573,1,1,1,4,3,Départementale,70.0,1
202400003292,2024-06-05,après-midi,,,94,94081,1,1,3,4,3,Départementale,50.0,1
202400003293,2024-10-22,nuit,,,59,59183,5,2,3,3,4,Voie communale,50.0,2
202400003294,2024-06-04,soirée,,,94,94068,1,1,3,4,3,Départementale,30.0,1
202400003295,2024-10-21,après-midi,,,56,56098,1,1,3,4,4,Voie communale,30.0,1
202400003296,2024-06-05,nuit,,,94,94011,5,1,6,4,3,Départementale,50.0,1
202400003297,2024-10-21,matin,,,54,54547,1,1,2,4,4,Voie communale,30.0,1
202400003298,2024-10-22,après-midi,,,51,51454,1,1,6,4,4,Voie communale,30.0,1
202400003299,2024-06-06,soirée,,,94,94078,1,1,2,4,3,Départementale,60.0,1
202400003300,2024-10-21,soirée,,,49,49007,1,3,3,4,4,Voie communale,30.0,2
202400003301,2024-06-15,après-midi,,,94,94017,1,1,3,4,4,Voie communale,50.0,1
202400003302,2024-10-21,après-midi,,,42,42127,1,1,3,4,3,Départementale,50.0,1
202400003303,2024-06-05,après-midi,,,94,94017,1,1,3,4,3,Départementale,50.0,1
202400003304,2024-10-21,soirée,,,41,41018,2,1,5,4,4,Voie communale,50.0,1
202400003305,2024-06-06,après-midi,,,93,93051,1,1,3,4,4,Voie communale,30.0,1
202400003306,2024-10-21,après-midi,,,34,34172,1,1,5,4,4,Voie communale,50.0,1
202400003307,2024-06-05,nuit,,,93,93051,5,1,3,4,3,Départementale,50.0,1
202400003308,2024-10-21,après-midi,,,34,34129,1,1,1,4,4,Voie communale,50.0,1
202400003309,2024-06-06,matin,,,93,93014,1,1,6,4,4,Voie communale,30.0,1
202400003310,2024-10-21,après-midi,,,34,34172,1,1,3,4,7,Autre,50.0,1
202400003311,2024-06-06,nuit,,,93,93010,5,1,1,3,4,Voie communale,30.0,1
202400003312,2024-10-17,après-midi,,,33,33281,1,3,3,4,4,Voie communale,30.0,2
202400003313,2024-06-05,après-midi,,,93,93008,1,1,6,4,4,Voie communale,,1
202400003314,2024-10-22,nuit,,,31,31555,5,3,3,4,1,Autoroute,30.0,2
202400003315,2024-06-05,matin,,,92,92064,1,1,3,4,4,Voie communale,50.0,1
202400003316,2024-06-05,nuit,,,92,92047,5,1,6,3,3,Départementale,50.0,1
202400003317,2024-10-21,matin,,,29,29019,1,2,3,4,4,Voie communale,30.0,2
202400003318,2024-06-06,matin,,,92,92063,1,1,3,4,3,Départementale,50.0,1
202400003319,2024-10-22,après-midi,,,13,13117,1,1,6,3,3,Départementale,70.0,1
202400003320,2024-10-22,après-midi,,,13,13039,1,1,2,3,2,Nationale,90.0,1
202400003321,2024-06-06,matin,,,92,92051,1,1,3,4,2,Nationale,50.0,1
202400003322,2024-10-21,matin,,,13,13203,1,1,3,4,4,Voie communale,50.0,1
202400003323,2024-06-06,soirée,,,92,92044,2,1,7,4,3,Départementale,70.0,1
202400003324,2024-10-21,matin,,,13,13063,5,1,6,3,3,Départementale,50.0,1
202400003325,2024-06-06,soirée,,,92,92024,1,1,2,4,3,Départementale,50.0,1
202400003326,2024-10-21,soirée,,,13,13001,1,1,3,4,3,Départementale,50.0,1
202400003327,2024-06-05,nuit,,,92,92002,5,1,6,4,3,Départementale,30.0,1
202400003328,2024-10-21,soirée,,,11,11262,3,1,2,4,3,Départementale,50.0,1
202400003329,2024-06-06,matin,,,37,37210,1,1,1,4,3,Départementale,90.0,1
202400003330,2024-06-06,matin,,,37,37072,1,1,7,3,3,Départementale,50.0,1
202400003331,2024-10-21,matin,,,11,11069,1,1,5,4,3,Départementale,80.0,1
202400003332,2024-10-21,après-midi,,,10,10081,1,1,7,4,4,Voie communale,50.0,1
202400003333,2024-06-07,après-midi,,,80,80193,1,1,1,3,3,Départementale,,1
202400003334,2024-10-21,après-midi,,,10,10343,1,1,6,4,4,Voie communale,50.0,1
202400003335,2024-06-05,soirée,,,26,26323,2,1,7,4,6,Autre,50.0,1
202400003336,2024-06-05,soirée,,,40,40065,1,1,6,3,4,Voie communale,50.0,1
202400003337,2024-10-22,après-midi,,,06,06030,1,1,3,4,4,Voie communale,30.0,1
202400003338,2024-06-07,soirée,,,974,97410,5,1,6,2,2,Nationale,70.0,1
202400003339,2024-10-22,matin,,,06,06029,2,1,1,3,4,Voie communale,50.0,1
202400003340,2024-05-30,soirée,,,84,84091,5,1,6,3,4,Voie communale,50.0,1
202400003341,2024-06-07,nuit,,,84,84102,3,1,6,3,3,Départementale,80.0,1
202400003342,2024-10-21,matin,,,02,02738,1,1,6,4,4,Voie communale,50.0,1
202400003343,2024-06-02,après-midi,,,30,30217,1,1,1,4,3,Départementale,50.0,1
202400003344,2024-10-17,après-midi,,,75,75116,1,1,4,4,4,Voie communale,50.0,1
202400003345,2024-06-06,soirée,,,91,91573,1,1,3,4,4,Voie communale,50.0,1
202400003346,2024-06-06,soirée,,,67,67355,1,1,7,3,3,Départementale,50.0,1
202400003347,2024-10-22,après-midi,,,75,75118,1,1,2,3,4,Voie communale,50.0,1
202400003348,2024-06-07,soirée,,,67,67165,1,1,7,2,3,Départementale,80.0,1
202400003349,2024-10-22,nuit,,,75,75119,5,2,6,4,4,Voie communale,30.0,2
202400003350,2024-06-06,après-midi,,,12,12223,1,1,1,3,3,Départementale,90.0,1
202400003351,2024-10-21,après-midi,,,75,75117,1,1,6,4,4,Voie communale,30.0,1
202400003352,2024-06-06,après-midi,,,25,25391,1,1,4,4,3,Départementale,90.0,1
202400003353,2024-10-22,après-midi,,,75,75115,1,1,3,4,4,Voie communale,30.0,1
202400003354,2024-06-06,après-midi,,,25,25578,1,1,5,4,3,Départementale,50.0,1
202400003355,2024-06-04,soirée,,,44,44048,2,1,7,3,3,Départementale,50.0,1
202400003356,2024-10-22,matin,,,75,75115,1,1,3,4,4,Voie communale,30.0,1
202400003357,2024-06-07,matin,,,44,44158,1,1,3,4,4,Voie communale,50.0,1
202400003358,2024-06-06,nuit,,,03,03258,3,1,7,3,3,Départementale,90.0,1
202400003359,2024-10-22,matin,,,75,75112,1,1,2,4,4,Voie communale,30.0,1
202400003360,2024-06-01,soirée,,,03,03128,1,2,7,3,4,Voie communale,30.0,6
202400003361,2024-10-21,après-midi,,,75,75112,1,1,3,4,4,Voie communale,30.0,1
202400003362,2024-10-22,soirée,,,75,75111,2,1,6,4,4,Voie communale,50.0,1
202400003363,2024-06-05,après-midi,,,66,66150,1,1,7,3,3,Départementale,80.0,1
202400003364,2024-10-22,matin,,,75,75110,1,1,2,4,4,Voie communale,30.0,1
202400003365,2024-06-06,soirée,,,72,72364,1,1,6,3,3,Départementale,90.0,1
202400003366,2024-10-22,après-midi,,,75,75109,1,1,3,4,4,Voie communale,30.0,1
202400003367,2024-06-06,après-midi,,,14,14400,1,1,3,4,3,Départementale,90.0,1
202400003368,2024-06-07,matin,,,50,50372,1,1,6,2,3,Départementale,80.0,1
202400003369,2024-10-21,après-midi,,,75,75108,1,1,7,4,4,Voie communale,50.0,1
202400003370,2024-06-07,nuit,,,18,18003,4,1,7,2,3,Départementale,50.0,1
202400003371,2024-10-22,après-midi,,,75,75107,1,1,3,3,4,Voie communale,30.0,1
202400003372,2024-06-07,soirée,,,10,10232,1,1,6,4,3,Départementale,80.0,1
202400003373,2024-10-22,après-midi,,,75,75107,1,1,6,4,4,Voie communale,30.0,1
202400003374,2024-05-26,après-midi,,,36,36103,1,1,7,3,3,Départementale,80.0,1
202400003375,2024-06-06,soirée,,,16,16416,1,1,7,4,3,Départementale,80.0,1
202400003376,2024-10-22,après-midi,,,75,75107,1,1,3,4,4,Voie communale,30.0,1
202400003377,2024-06-07,après-midi,,,07,07216,1,1,3,4,3,Départementale,90.0,1
202400003378,2024-10-22,nuit,,,75,75101,5,2,7,4,4,Voie communale,30.0,2
202400003379,2024-06-07,après-midi,,,07,07338,1,2,6,4,3,Départementale,50.0,2
202400003380,2024-10-15,soirée,,,75,75101,1,1,7,4,4,Voie communale,30.0,1
202400003381,2024-06-06,soirée,,,37,37254,1,1,2,3,3,Départementale,80.0,1
202400003382,2024-10-20,soirée,,,75,75103,1,1,3,4,4,Voie communale,30.0,1
202400003383,2024-06-06,matin,,,48,48129,1,8,3,4,3,Départementale,90.0,2
202400003384,2024-10-21,soirée,,,94,94074,5,1,1,4,4,Voie communale,30.0,1
202400003385,2024-06-07,nuit,,,24,24568,3,1,6,3,4,Voie communale,80.0,1
202400003386,2024-10-22,après-midi,,,94,94068,1,1,6,4,3,Départementale,30.0,1
202400003387,2024-10-22,nuit,,,94,94043,5,2,3,4,3,Départementale,50.0,2
202400003388,2024-06-06,après-midi,,,973,97309,1,1,1,3,4,Voie communale,,1
202400003389,2024-06-07,après-midi,,,68,68278,1,1,6,4,1,Autoroute,130.0,1
202400003390,2024-10-22,matin,,,94,94041,1,1,3,4,3,Départementale,50.0,1
202400003391,2024-10-22,nuit,,,94,94028,5,2,6,4,3,Départementale,50.0,2
202400003392,2024-06-06,matin,,,38,38150,1,1,1,3,4,Voie communale,50.0,1
202400003393,2024-06-07,matin,,,06,06088,1,1,4,4,1,Autoroute,90.0,1
202400003394,2024-10-21,nuit,,,94,94017,5,1,3,4,3,Départementale,50.0,1
202400003395,2024-10-22,matin,,,93,93059,1,1,6,4,4,Voie communale,30.0,1
202400003396,2024-06-01,matin,,,971,97121,1,1,3,3,2,Nationale,50.0,1
202400003397,2024-10-22,soirée,,,93,93066,5,1,3,4,3,Départementale,50.0,1
202400003398,2024-06-04,soirée,,,33,33527,1,1,1,4,4,Voie communale,50.0,1
202400003399,2024-10-21,nuit,,,93,93032,5,2,3,4,3,Départementale,50.0,2
202400003400,2024-06-06,matin,,,91,91041,1,1,3,3,3,Départementale,90.0,1
202400003401,2024-06-06,soirée,,,91,91200,1,1,2,3,3,Départementale,70.0,1
202400003402,2024-10-22,après-midi,,,93,93079,1,1,3,4,3,Départementale,,2
202400003403,2024-06-07,matin,,,66,66013,1,1,3,3,3,Départementale,80.0,1
202400003404,2024-10-21,nuit,,,93,93029,5,2,6,4,3,Départementale,50.0,2
202400003405,2024-10-22,après-midi,,,93,93010,1,1,6,4,4,Voie communale,30.0,1
202400003406,2024-06-06,après-midi,,,83,83030,1,1,1,3,3,Départementale,,1
202400003407,2024-10-21,matin,,,92,92064,5,1,6,4,3,Départementale,50.0,1
202400003408,2024-06-06,après-midi,,,52,52269,1,1,6,4,4,Voie communale,50.0,1
202400003409,2024-10-22,soirée,,,92,92051,1,1,3,4,4,Voie communale,,1
202400003410,2024-06-07,après-midi,,,88,88474,1,1,2,3,3,Départementale,80.0,1
202400003411,2024-10-21,soirée,,,92,92049,5,1,3,4,4,Voie communale,30.0,2
202400003412,2024-06-07,matin,,,57,57360,1,7,3,2,3,Départementale,80.0,1
202400003413,2024-10-19,après-midi,,,84,84143,1,1,7,2,4,Voie communale,50.0,1
202400003414,2024-06-05,après-midi,,,73,73253,1,1,6,2,2,Nationale,90.0,1
202400003415,2024-10-23,après-midi,,,95,95487,1,1,3,4,3,Départementale,50.0,1
202400003416,2024-06-07,matin,,,01,01185,1,1,1,2,3,Départementale,70.0,1
202400003417,2024-10-22,soirée,,,41,41055,1,7,2,2,3,Départementale,80.0,1
202400003418,2024-06-07,nuit,,,69,69249,3,1,6,4,3,Départementale,70.0,1
202400003419,2024-10-23,matin,,,21,21529,1,1,2,3,1,Autoroute,130.0,1
202400003420,2024-10-23,après-midi,,,83,83073,2,1,7,3,3,Départementale,90.0,1
202400003421,2024-06-04,après-midi,,,69,69273,1,1,3,3,4,Voie communale,50.0,1
202400003422,2024-10-22,soirée,,,56,56165,1,1,3,4,3,Départementale,80.0,1
202400003423,2024-06-06,après-midi,,,79,79049,1,1,2,3,3,Départementale,80.0,1
202400003424,2024-10-22,nuit,,,63,63178,5,2,6,3,4,Voie communale,50.0,2
202400003425,2024-06-07,matin,,,17,17385,2,1,7,3,4,Voie communale,80.0,1
202400003426,2024-10-23,après-midi,,,12,12021,1,1,5,3,3,Départementale,90.0,1
202400003427,2024-06-06,après-midi,,,44,44103,1,1,3,3,4,Voie communale,50.0,1
202400003428,2024-10-22,après-midi,,,22,22354,1,1,1,3,4,Voie communale,80.0,1
202400003429,2024-06-05,après-midi,,,22,22161,1,1,6,3,3,Départementale,50.0,1
202400003430,2024-10-22,matin,,,39,39478,1,2,1,4,3,Départementale,50.0,2
202400003431,2024-06-07,après-midi,,,27,27315,1,1,1,4,3,Départementale,80.0,1
202400003432,2024-10-22,matin,,,29,29077,2,7,6,3,4,Voie communale,50.0,1
202400003433,2024-06-06,après-midi,,,76,76043,1,1,7,2,4,Voie communale,80.0,1
202400003434,2024-10-19,nuit,,,02,02382,3,1,1,4,3,Départementale,80.0,1
202400003435,2024-06-06,soirée,,,60,60589,1,1,4,4,3,Départementale,80.0,1
202400003436,2024-06-07,après-midi,,,80,80461,1,1,5,4,3,Départementale,80.0,1
202400003437,2024-10-20,après-midi,,,72,72316,1,2,3,4,3,Départementale,90.0,1