Num_Acc,date,time_of_day,lat,long,dep,com,lum,atm,col,severity_index,catr,catr_label,vma,surf
202400003438,2024-06-06,soirée,,,62,62471,1,1,6,4,3,Départementale,30.0,1
202400003439,2024-10-23,après-midi,,,14,14336,1,1,7,3,4,Voie communale,80.0,1
202400003440,2024-10-23,matin,,,50,50304,1,1,1,4,3,Départementale,80.0,1
202400003441,2024-06-07,après-midi,,,59,59401,1,1,6,3,4,Voie communale,80.0,1
202400003442,2024-10-23,après-midi,,,60,60151,1,1,6,3,2,Nationale,80.0,1
202400003443,2024-06-06,soirée,,,83,83137,1,1,6,4,1,Autoroute,70.0,1
202400003444,2024-10-20,nuit,,,60,60104,5,5,6,3,3,Départementale,50.0,1
202400003445,2024-10-14,soirée,,,64,64495,5,2,3,4,3,Départementale,50.0,2
202400003446,2024-10-22,après-midi,,,36,36021,1,1,6,3,3,Départementale,50.0,1
202400003447,2024-06-06,après-midi,,,33,33122,1,1,4,4,1,Autoroute,90.0,1
202400003448,2024-06-06,après-midi,,,33,33039,1,1,3,4,1,Autoroute,90.0,1
202400003449,2024-10-22,soirée,,,36,36065,1,1,5,4,3,Départementale,80.0,1
202400003450,2024-10-15,après-midi,,,24,24183,1,1,6,2,4,Voie communale,90.0,1
202400003451,2024-06-04,matin,,,33,33550,1,1,4,4,1,Autoroute,90.0,1
202400003452,2024-06-06,nuit,,,94,94065,3,1,6,4,1,Autoroute,70.0,1
202400003453,2024-10-19,après-midi,,,85,85028,1,2,3,4,3,Départementale,,2
202400003454,2024-10-23,matin,,,27,27105,2,5,3,3,3,Départementale,80.0,1
202400003455,2024-06-05,après-midi,,,92,92047,1,1,4,3,1,Autoroute,110.0,1
202400003456,2024-10-23,matin,,,30,30294,2,1,7,3,3,Départementale,70.0,1
202400003457,2024-10-23,matin,,,06,06018,1,1,1,3,3,Départementale,70.0,1
202400003458,2024-10-22,après-midi,,,987,98715,1,7,3,4,2,Nationale,40.0,1
202400003459,2024-10-22,soirée,,,33,33468,2,1,1,2,3,Départementale,80.0,1
202400003460,2024-10-22,après-midi,,,11,11202,1,1,7,2,3,Départementale,5.0,1
202400003461,2024-06-05,matin,,,92,92048,1,1,4,4,2,Nationale,90.0,1
202400003462,2024-10-23,matin,,,77,77344,1,5,1,4,3,Départementale,90.0,1
202400003463,2024-06-06,après-midi,,,93,93005,1,1,2,4,1,Autoroute,90.0,1
202400003464,2024-06-06,nuit,,,92,92078,3,1,6,4,1,Autoroute,90.0,1
202400003465,2024-10-17,après-midi,,,13,13105,1,1,3,4,4,Voie communale,50.0,1
202400003466,2024-10-23,après-midi,,,17,17155,1,1,6,4,3,Départementale,50.0,1
202400003467,2024-10-21,soirée,,,33,33533,2,1,7,2,3,Départementale,80.0,1
202400003468,2024-10-22,soirée,,,22,22326,1,1,6,3,3,Départementale,80.0,1
202400003469,2024-10-22,après-midi,,,60,60341,1,1,2,4,2,Nationale,80.0,1
202400003470,2024-10-22,soirée,,,13,13001,1,1,2,4,1,Autoroute,90.0,1
202400003471,2024-10-22,matin,,,13,13081,1,1,2,4,1,Autoroute,90.0,1
202400003472,2024-10-21,matin,,,33,33448,3,1,2,4,1,Autoroute,130.0,1
202400003473,2024-10-16,soirée,,,59,59581,2,1,2,4,1,Autoroute,130.0,1
202400003474,2024-10-22,après-midi,,,91,91228,1,1,4,4,1,Autoroute,110.0,1
202400003475,2024-10-21,soirée,,,92,92025,2,1,2,4,1,Autoroute,90.0,1
202400003476,2024-10-22,soirée,,,93,93066,2,1,6,4,1,Autoroute,90.0,1
202400003477,2024-10-22,matin,,,93,93064,1,1,5,4,1,Autoroute,90.0,1
202400003478,2024-10-21,soirée,,,95,95582,3,1,2,4,1,Autoroute,90.0,1
202400003479,2024-10-22,matin,,,94,94079,2,1,2,4,1,Autoroute,110.0,1
202400003480,2024-10-22,matin,,,94,94052,5,2,2,4,1,Autoroute,90.0,2
202400003481,2024-04-04,après-midi,,,75,75106,1,8,6,4,4,Voie communale,30.0,2
202400003482,2024-06-13,après-midi,,,74,74118,1,1,3,4,1,Autoroute,70.0,1
202400003483,2024-08-21,après-midi,,,74,74243,1,1,1,3,3,Départementale,80.0,1
202400003484,2024-06-24,matin,,,74,74193,1,1,7,3,3,Départementale,80.0,1
202400003485,2024-07-20,matin,,,74,74043,1,1,3,3,3,Départementale,80.0,1
202400003486,2024-08-17,après-midi,,,74,74118,1,1,2,4,3,Départementale,1.0,1
202400003487,2024-07-21,matin,,,74,74206,1,2,5,4,3,Départementale,30.0,2
202400003488,2024-08-04,nuit,,,74,74012,5,1,1,4,4,Voie communale,50.0,1
202400003489,2024-08-09,nuit,,,74,74008,5,1,3,4,4,Voie communale,30.0,1
202400003490,2024-08-10,matin,,,74,74275,1,1,7,4,3,Départementale,50.0,1
202400003491,2024-08-20,après-midi,,,74,74080,1,1,7,4,3,Départementale,80.0,1
202400003492,2024-07-24,après-midi,,,74,74058,1,1,7,4,3,Départementale,80.0,1
202400003493,2024-07-02,matin,,,74,74043,1,1,2,3,3,Départementale,80.0,1
202400003494,2024-07-05,soirée,,,74,74006,1,1,6,3,3,Départementale,30.0,1
202400003495,2024-07-27,après-midi,,,74,74105,1,1,2,4,3,Départementale,50.0,1
202400003496,2024-06-29,après-midi,,,74,74010,1,1,6,4,6,Autre,,1
202400003497,2024-07-21,nuit,,,74,74312,3,1,7,3,1,Autoroute,130.0,1
202400003498,2024-06-24,soirée,,,74,74043,1,1,6,4,3,Départementale,30.0,1
202400003499,2024-03-22,après-midi,,,75,75112,1,1,3,3,4,Voie communale,50.0,1
202400003500,2024-03-22,après-midi,,,75,75111,1,1,2,4,4,Voie communale,30.0,1
202400003501,2024-03-22,matin,,,75,75111,1,1,6,4,4,Voie communale,30.0,1
202400003502,2024-03-22,soirée,,,75,75110,2,1,6,4,4,Voie communale,30.0,1
202400003503,2024-03-22,après-midi,,,75,75104,1,1,7,4,4,Voie communale,30.0,1
202400003504,2024-03-22,après-midi,,,94,94074,1,1,2,3,2,Nationale,50.0,1
202400003505,2024-03-21,soirée,,,94,94068,5,1,3,4,4,Voie communale,30.0,1
202400003506,2024-03-21,après-midi,,,94,94068,1,1,3,4,4,Voie communale,30.0,1
202400003507,2024-03-22,après-midi,,,94,94076,1,1,6,4,3,Départementale,,1
202400003508,2024-03-21,nuit,,,94,94037,5,1,3,2,3,Départementale,50.0,1
202400003509,2024-03-21,matin,,,94,94033,1,1,6,4,4,Voie communale,30.0,1
202400003510,2024-03-22,matin,,,93,93048,1,1,6,4,4,Voie communale,30.0,1
202400003511,2024-03-22,soirée,,,93,93057,1,1,6,4,3,Départementale,50.0,1
202400003512,2024-03-22,matin,,,93,93005,1,1,5,4,3,Départementale,50.0,1
202400003513,2024-03-22,nuit,,,92,92046,5,1,6,4,3,Départementale,50.0,1
202400003514,2024-03-22,nuit,,,92,92050,5,2,6,4,3,Départementale,50.0,2
202400003515,2024-03-21,matin,,,92,92050,1,1,3,4,4,Voie communale,50.0,1
202400003516,2024-03-21,matin,,,92,92050,1,1,2,4,3,Départementale,,1
202400003517,2024-03-22,matin,,,92,92048,2,1,7,4,4,Voie communale,50.0,1
202400003518,2024-03-22,soirée,,,92,92036,1,1,3,4,3,Départementale,50.0,1
202400003519,2024-03-21,après-midi,,,92,92036,1,1,6,4,3,Départementale,50.0,1
202400003520,2024-03-22,nuit,,,92,92036,5,1,3,4,1,Autoroute,,1
202400003521,2024-03-22,après-midi,,,92,92026,1,1,3,4,3,Départementale,50.0,1
202400003522,2024-03-22,après-midi,,,92,92026,1,1,6,4,3,Départementale,50.0,1
202400003523,2024-03-21,soirée,,,92,92023,2,1,1,4,3,Départementale,30.0,1
202400003524,2024-03-22,après-midi,,,92,92019,1,1,6,4,3,Départementale,50.0,1
202400003525,2024-03-21,matin,,,92,92012,1,1,3,4,3,Départementale,30.0,1
202400003526,2024-03-21,matin,,,92,92004,1,1,6,4,4,Voie communale,50.0,1
202400003527,2024-03-07,matin,,,49,49092,1,1,3,3,4,Voie communale,50.0,1
202400003528,2024-03-22,soirée,,,76,76041,3,2,3,4,1,Autoroute,130.0,2
202400003529,2024-03-22,après-midi,,,972,97213,1,7,3,4,2,Nationale,,1
202400003530,2024-03-23,après-midi,,,63,63446,1,1,5,4,3,Départementale,90.0,1
202400003531,2024-03-22,après-midi,,,29,29053,1,8,6,4,2,Nationale,110.0,1
202400003532,2024-03-22,soirée,,,47,47233,3,1,1,3,3,Départementale,80.0,1
202400003533,2024-03-22,après-midi,,,62,62499,1,2,3,3,3,Départementale,80.0,2
202400003534,2024-03-23,après-midi,,,56,56033,1,1,6,3,4,Voie communale,80.0,1
202400003535,2024-03-22,soirée,,,77,77159,5,1,7,3,3,Départementale,50.0,1
202400003536,2024-03-22,après-midi,,,76,76228,1,2,5,4,3,Départementale,80.0,2
202400003537,2024-03-23,après-midi,,,2B,2B319,1,1,6,4,2,Nationale,80.0,1
202400003538,2024-03-22,soirée,,,65,65284,3,1,4,4,3,Départementale,50.0,1
202400003539,2024-03-23,après-midi,,,63,63453,1,1,7,3,3,Départementale,50.0,1
202400003540,2024-03-23,après-midi,,,76,76711,1,1,3,4,3,Départementale,50.0,1
202400003541,2024-03-21,soirée,,,49,49008,3,1,2,3,3,Départementale,90.0,1
202400003542,2024-03-21,après-midi,,,42,42234,1,1,3,4,7,Autre,80.0,1
202400003543,2024-03-22,soirée,,,25,25240,3,1,1,3,3,Départementale,90.0,1
202400003544,2024-03-22,après-midi,,,25,25529,1,1,3,3,3,Départementale,50.0,1
202400003545,2024-03-21,matin,,,38,38044,1,7,3,3,3,Départementale,50.0,1
202400003546,2024-03-23,matin,,,02,02665,1,1,5,4,3,Départementale,80.0,1
202400003547,2024-03-23,nuit,,,02,02261,3,2,3,4,3,Départementale,50.0,2
202400003548,2024-03-22,après-midi,,,54,54076,1,1,2,3,4,Voie communale,50.0,1
202400003549,2024-03-23,matin,,,72,72021,3,1,6,4,9,Autre,80.0,1
202400003550,2024-03-22,nuit,,,72,72143,3,1,1,3,3,Départementale,90.0,1
202400003551,2024-03-23,après-midi,,,14,14578,1,1,3,4,3,Départementale,90.0,1
202400003552,2024-03-23,après-midi,,,90,90007,1,1,1,4,2,Nationale,80.0,1
202400003553,2024-03-23,soirée,,,09,09189,1,1,1,3,2,Nationale,80.0,1
202400003554,2024-03-23,matin,,,09,09328,1,1,1,4,2,Nationale,80.0,1
202400003555,2024-03-22,après-midi,,,21,21614,1,1,3,3,3,Départementale,80.0,1
202400003556,2024-03-23,après-midi,,,21,21196,1,1,1,4,3,Départementale,90.0,1
202400003557,2024-03-22,après-midi,,,85,85254,1,1,3,3,3,Départementale,,1
202400003558,2024-03-23,matin,,,52,52550,1,1,6,3,3,Départementale,70.0,1
202400003559,2024-03-22,soirée,,,52,52425,1,7,3,3,3,Départementale,80.0,1
202400003560,2024-03-22,soirée,,,18,18140,2,1,3,4,1,Autoroute,130.0,1
202400003561,2024-07-08,nuit,,,82,82051,3,1,6,3,3,Départementale,80.0,1
202400003562,2024-07-09,après-midi,,,82,82088,1,1,7,3,3,Départementale,50.0,1
202400003563,2024-03-22,soirée,,,31,31161,3,1,2,4,1,Autoroute,130.0,1
202400003564,2024-07-09,soirée,,,65,65119,2,1,6,4,3,Départementale,80.0,1
202400003565,2024-03-23,matin,,,51,51507,1,4,7,3,1,Autoroute,110.0,2
202400003566,2024-03-23,après-midi,,,988,98827,1,1,7,2,5,Autre,50.0,1
202400003567,2024-07-09,soirée,,,71,71173,3,2,3,4,3,Départementale,80.0,2
202400003568,2024-03-22,après-midi,,,973,97306,1,1,1,4,9,Autre,90.0,1
202400003569,2024-07-09,matin,,,63,63430,1,1,6,2,3,Départementale,90.0,1
202400003570,2024-07-10,après-midi,,,12,12177,1,1,1,4,3,Départementale,90.0,1
202400003571,2024-07-09,après-midi,,,12,12224,1,1,7,2,4,Voie communale,50.0,1
202400003572,2024-03-23,matin,,,30,30010,1,1,1,4,3,Départementale,80.0,1
202400003573,2024-07-09,nuit,,,12,12048,5,2,6,4,3,Départementale,50.0,2
202400003574,2024-03-23,après-midi,,,34,34128,1,1,1,4,3,Départementale,50.0,1
202400003575,2024-07-09,soirée,,,68,68134,1,1,3,3,3,Départementale,50.0,1
202400003576,2024-03-23,soirée,,,13,13084,2,1,1,3,3,Départementale,80.0,1
202400003577,2024-07-09,nuit,,,39,39056,3,2,1,2,3,Départementale,80.0,2
202400003578,2024-03-18,matin,,,67,67313,1,2,6,4,3,Départementale,30.0,2
202400003579,2024-03-23,après-midi,,,42,42051,1,1,7,4,4,Voie communale,,9
202400003580,2024-07-09,soirée,,,25,25240,5,1,1,3,3,Départementale,70.0,1
202400003581,2024-03-21,après-midi,,,26,26085,1,1,3,3,2,Nationale,,1
202400003582,2024-07-08,nuit,,,44,44130,3,1,1,4,3,Départementale,90.0,1
202400003583,2024-03-23,après-midi,,,07,07324,1,1,6,3,3,Départementale,70.0,1
202400003584,2024-07-10,après-midi,,,44,44223,1,1,6,3,3,Départementale,30.0,1
202400003585,2024-03-23,matin,,,01,01043,1,1,3,4,3,Départementale,50.0,1
202400003586,2024-07-10,nuit,,,44,44119,3,1,6,3,3,Départementale,70.0,1
202400003587,2024-03-22,nuit,,,85,85016,3,1,6,3,3,Départementale,80.0,1
202400003588,2024-03-22,après-midi,,,60,60342,1,1,6,4,3,Départementale,50.0,1
202400003589,2024-07-10,après-midi,,,35,35023,1,1,3,4,3,Départementale,70.0,1
202400003590,2024-07-09,après-midi,,,35,35117,1,3,2,4,3,Départementale,80.0,2
202400003591,2024-07-10,matin,,,29,29220,2,1,7,3,4,Voie communale,70.0,1
202400003592,2024-03-22,nuit,,,60,60057,5,1,3,3,3,Départementale,50.0,1
202400003593,2024-07-10,après-midi,,,58,58245,1,1,1,3,3,Départementale,90.0,1
202400003594,2024-03-22,après-midi,,,59,59611,1,2,1,4,7,Autre,70.0,2
202400003595,2024-03-23,nuit,,,59,59044,3,1,6,2,7,Autre,,2
202400003596,2024-07-10,après-midi,,,66,66036,1,1,1,4,3,Départementale,80.0,1
202400003597,2024-03-22,après-midi,,,13,13211,1,1,2,4,1,Autoroute,90.0,1
202400003598,2024-07-10,matin,,,06,06120,1,1,7,4,7,Autre,,1
202400003599,2024-07-07,après-midi,,,06,06073,1,1,6,4,7,Autre,80.0,1
202400003600,2024-03-22,soirée,,,33,33550,5,1,3,4,1,Autoroute,70.0,1
202400003601,2024-07-09,matin,,,90,90091,2,7,2,4,3,Départementale,70.0,1
202400003602,2024-03-20,après-midi,,,33,33162,1,1,4,4,1,Autoroute,90.0,1
202400003603,2024-07-09,matin,,,21,21071,1,1,7,3,3,Départementale,80.0,1
202400003604,2024-07-07,soirée,,,40,40011,1,1,6,3,3,Départementale,80.0,1
202400003605,2024-03-21,nuit,,,59,59359,4,1,5,3,1,Autoroute,110.0,1
202400003606,2024-07-09,après-midi,,,24,24520,1,1,6,3,3,Départementale,50.0,1
202400003607,2024-03-22,après-midi,,,91,91549,1,1,4,4,2,Nationale,110.0,1
202400003608,2024-07-10,matin,,,85,85289,1,1,6,3,3,Départementale,80.0,1
202400003609,2024-03-22,matin,,,91,91136,1,1,4,4,1,Autoroute,70.0,1
202400003610,2024-06-14,soirée,,,85,85108,1,1,3,3,3,Départementale,,1
202400003611,2024-03-22,soirée,,,78,78073,1,1,2,3,2,Nationale,70.0,1
202400003612,2024-03-22,après-midi,,,92,92023,1,1,2,4,2,Nationale,90.0,1
202400003613,2024-07-10,après-midi,,,27,27448,1,1,1,3,2,Nationale,80.0,1
202400003614,2024-07-09,après-midi,,,987,98714,1,1,2,3,2,Nationale,60.0,1
202400003615,2024-03-21,matin,,,78,78640,1,1,4,4,1,Autoroute,110.0,1
202400003616,2024-03-22,après-midi,,,95,95582,1,1,3,4,1,Autoroute,110.0,1
202400003617,2024-07-09,soirée,,,77,77094,1,1,7,4,2,Nationale,90.0,1
202400003618,2024-03-21,soirée,,,93,93066,5,1,2,4,1,Autoroute,90.0,1
202400003619,2024-07-06,soirée,,,78,78003,1,1,3,3,4,Voie communale,50.0,1
202400003620,2024-03-22,matin,,,94,94052,1,1,5,4,1,Autoroute,90.0,1
202400003621,2024-03-22,matin,,,94,94074,1,1,2,4,2,Nationale,90.0,1
202400003622,2024-07-09,soirée,,,66,66037,1,1,3,4,4,Voie communale,50.0,1
202400003623,2024-03-22,nuit,,,75,75112,3,1,7,2,1,Autoroute,90.0,1
202400003624,2024-01-19,matin,,,33,33069,1,1,2,4,4,Voie communale,30.0,1
202400003625,2024-07-09,soirée,,,06,06015,1,1,1,4,3,Départementale,80.0,1
202400003626,2024-03-20,soirée,,,987,98735,2,1,2,4,3,Départementale,30.0,1
202400003627,2024-07-10,après-midi,,,04,04039,1,1,1,3,3,Départementale,80.0,1
202400003628,2024-03-21,après-midi,,,974,97416,1,1,6,4,4,Voie communale,50.0,1
202400003629,2024-07-08,après-midi,,,71,71024,1,1,6,3,4,Voie communale,70.0,1
202400003630,2024-03-21,matin,,,974,97416,1,1,4,4,2,Nationale,110.0,1
202400003631,2024-07-03,soirée,,,69,69190,1,1,3,3,4,Voie communale,,1
202400003632,2024-03-21,matin,,,973,97309,1,1,3,4,3,Départementale,50.0,1
202400003633,2024-03-20,après-midi,,,973,97302,1,1,3,4,3,Départementale,50.0,1
202400003634,2024-03-20,après-midi,,,973,97302,1,1,2,4,3,Départementale,50.0,1
202400003635,2024-07-05,après-midi,,,69,69207,1,1,3,4,7,Autre,70.0,1
202400003636,2024-07-10,après-midi,,,65,65463,1,1,2,3,3,Départementale,80.0,1
202400003637,2024-03-18,après-midi,,,973,97302,1,1,3,4,3,Départementale,50.0,1
202400003638,2024-07-10,nuit,,,79,79048,3,2,7,3,3,Départementale,50.0,2
202400003639,2024-03-21,matin,,,69,69387,1,1,2,4,4,Voie communale,30.0,1
202400003640,2024-03-21,après-midi,,,69,69381,1,1,2,4,4,Voie communale,50.0,1
202400003641,2024-07-09,après-midi,,,17,17336,1,1,1,3,3,Départementale,70.0,1
202400003642,2024-03-20,soirée,,,971,97101,3,1,1,4,4,Voie communale,50.0,1
202400003643,2024-07-07,nuit,,,33,33168,3,1,6,4,3,Départementale,80.0,1
202400003644,2024-03-20,après-midi,,,971,97120,1,1,6,4,3,Départementale,50.0,1
202400003645,2024-07-10,matin,,,85,85178,1,1,2,3,4,Voie communale,30.0,1
202400003646,2024-03-21,nuit,,,95,95219,5,1,2,4,4,Voie communale,50.0,1
202400003647,2024-07-10,après-midi,,,85,85240,1,1,3,3,3,Départementale,,1
202400003648,2024-03-21,matin,,,95,95127,2,1,3,4,2,Nationale,110.0,1
202400003649,2024-03-21,matin,,,91,91589,1,1,6,4,4,Voie communale,50.0,1
202400003650,2024-07-08,soirée,,,44,44037,1,1,3,4,3,Départementale,80.0,1
202400003651,2024-03-20,matin,,,91,91432,1,7,3,4,3,Départementale,50.0,1
202400003652,2024-07-09,après-midi,,,22,22262,1,2,6,3,4,Voie communale,50.0,2
202400003653,2024-03-19,après-midi,,,88,88209,1,9,3,3,4,Voie communale,50.0,1
202400003654,2024-07-07,matin,,,76,76473,1,1,6,3,3,Départementale,50.0,1
202400003655,2024-03-21,après-midi,,,86,86214,1,7,3,4,3,Départementale,50.0,1
202400003656,2024-07-08,matin,,,13,13106,1,1,2,4,1,Autoroute,90.0,1
202400003657,2024-03-20,matin,,,86,86027,1,1,1,4,3,Départementale,50.0,1
202400003658,2024-07-08,matin,,,13,13026,1,1,2,4,1,Autoroute,110.0,1
202400003659,2024-03-12,matin,,,84,84007,1,1,3,4,4,Voie communale,50.0,1
202400003660,2024-07-08,nuit,,,69,69297,3,1,2,4,1,Autoroute,90.0,1
202400003661,2024-03-21,après-midi,,,78,78133,1,1,3,4,3,Départementale,50.0,1
202400003662,2024-03-21,matin,,,78,78172,1,1,6,3,3,Départementale,50.0,1
202400003663,2024-07-06,nuit,,,54,54557,3,1,2,4,1,Autoroute,110.0,1
202400003664,2024-03-21,matin,,,77,77243,1,1,3,4,4,Voie communale,50.0,1
202400003665,2024-07-08,après-midi,,,78,78238,1,1,6,4,1,Autoroute,130.0,1
202400003666,2024-03-20,après-midi,,,77,77181,1,1,3,4,4,Voie communale,30.0,1
202400003667,2024-07-09,après-midi,,,95,95277,1,1,3,4,1,Autoroute,90.0,1
202400003668,2024-03-21,nuit,,,76,76382,3,5,5,3,3,Départementale,80.0,1
202400003669,2024-07-09,matin,,,95,95582,1,1,3,4,1,Autoroute,110.0,1
202400003670,2024-03-21,soirée,,,74,74010,1,1,6,3,4,Voie communale,30.0,1
202400003671,2024-07-08,après-midi,,,93,93053,1,1,3,4,1,Autoroute,50.0,1
202400003672,2024-03-20,soirée,,,72,72181,5,1,6,4,4,Voie communale,30.0,1
202400003673,2024-07-09,après-midi,,,94,94018,1,1,3,4,1,Autoroute,90.0,1
202400003674,2024-03-20,après-midi,,,69,69276,1,1,3,4,4,Voie communale,50.0,1
202400003675,2024-07-09,matin,,,94,94074,1,1,4,4,2,Nationale,90.0,1
202400003676,2024-03-21,après-midi,,,68,68066,1,1,1,4,4,Voie communale,50.0,1
202400003677,2024-02-22,soirée,,,73,73008,5,2,3,4,3,Départementale,50.0,2
202400003678,2024-02-18,soirée,,,64,64445,5,1,3,4,4,Voie communale,30.0,1
202400003679,2024-03-21,matin,,,64,64122,1,1,6,4,4,Voie communale,30.0,1
202400003680,2024-06-29,nuit,,,44,44162,3,8,3,4,2,Nationale,70.0,1
202400003681,2024-04-14,soirée,,,82,82079,1,1,7,3,3,Départementale,80.0,1
202400003682,2024-03-21,après-midi,,,64,64024,1,1,3,4,4,Voie communale,50.0,1
202400003683,2024-04-10,matin,,,82,82124,3,9,6,2,3,Départementale,70.0,2
202400003684,2024-03-21,après-midi,,,64,64102,1,1,2,4,4,Voie communale,50.0,1
202400003685,2024-05-05,nuit,,,14,14175,3,2,6,3,3,Départementale,80.0,2
202400003686,2024-03-20,après-midi,,,63,63113,1,1,6,3,7,Autre,50.0,1
202400003687,2024-03-20,après-midi,,,62,62573,1,1,6,4,3,Départementale,50.0,1
202400003688,2024-04-20,soirée,,,29,29039,1,1,6,4,4,Voie communale,50.0,1
202400003689,2024-03-20,après-midi,,,62,62244,1,1,3,4,3,Départementale,50.0,1
202400003690,2024-04-27,soirée,,,29,29019,1,1,3,4,4,Voie communale,50.0,1
202400003691,2024-03-21,après-midi,,,62,62178,1,1,3,3,4,Voie communale,50.0,1
202400003692,2024-07-08,matin,,,987,98736,1,1,3,4,4,Voie communale,30.0,1
202400003693,2024-03-21,matin,,,60,60057,1,1,6,4,4,Voie communale,30.0,1
202400003694,2024-07-08,matin,,,973,97302,1,1,6,3,3,Départementale,50.0,1
202400003695,2024-03-20,soirée,,,56,56260,1,1,6,4,4,Voie communale,50.0,1
202400003696,2024-07-08,matin,,,972,97213,1,1,2,4,1,Autoroute,90.0,1
202400003697,2024-07-08,après-midi,,,972,97209,1,1,3,4,1,Autoroute,90.0,1
202400003698,2024-03-21,après-midi,,,56,56260,1,1,2,4,3,Départementale,70.0,1
202400003699,2024-03-21,après-midi,,,56,56260,1,1,3,4,4,Voie communale,50.0,1
202400003700,2024-07-06,soirée,,,971,97113,3,1,3,4,3,Départementale,70.0,1
202400003701,2024-03-21,nuit,,,56,56121,3,1,7,4,6,Autre,30.0,1
202400003702,2024-03-21,matin,,,54,54357,1,1,3,4,4,Voie communale,30.0,1
202400003703,2024-07-08,soirée,,,2A,2A004,2,1,6,4,4,Voie communale,30.0,1
202400003704,2024-03-20,après-midi,,,54,54395,1,1,6,4,4,Voie communale,30.0,1
202400003705,2024-07-08,soirée,,,2A,2A004,1,1,1,3,3,Départementale,80.0,1
202400003706,2024-07-07,matin,,,95,95491,2,1,6,4,4,Voie communale,50.0,1
202400003707,2024-03-21,après-midi,,,49,49328,1,1,6,4,4,Voie communale,50.0,1
202400003708,2024-03-20,après-midi,,,49,49007,1,1,7,4,4,Voie communale,50.0,1
202400003709,2024-07-08,après-midi,,,91,91201,1,1,1,3,3,Départementale,50.0,1
202400003710,2024-03-21,après-midi,,,47,47201,1,1,3,4,3,Départementale,70.0,1
202400003711,2024-07-08,matin,,,83,83144,1,1,6,4,3,Départementale,50.0,1
202400003712,2024-03-21,matin,,,45,45286,1,1,1,4,3,Départementale,50.0,1
202400003713,2024-07-07,soirée,,,80,80021,1,1,1,4,4,Voie communale,30.0,1
202400003714,2024-03-21,matin,,,45,45234,1,1,3,4,4,Voie communale,30.0,1
202400003715,2024-03-21,matin,,,44,44109,1,1,3,3,4,Voie communale,30.0,1
202400003716,2024-07-07,nuit,,,77,77186,3,1,1,4,3,Départementale,70.0,1
202400003717,2024-03-21,matin,,,44,44109,1,1,3,3,4,Voie communale,50.0,1
202400003718,2024-03-21,matin,,,37,37261,1,1,6,4,4,Voie communale,50.0,1
202400003719,2024-07-06,après-midi,,,76,76341,1,1,4,4,3,Départementale,50.0,1
202400003720,2024-03-20,soirée,,,34,34301,5,1,6,4,4,Voie communale,50.0,1
202400003721,2024-07-08,matin,,,76,76351,1,1,3,3,4,Voie communale,50.0,1
202400003722,2024-03-21,après-midi,,,34,34172,1,1,6,4,4,Voie communale,50.0,1
202400003723,2024-07-06,soirée,,,76,76351,1,1,6,3,5,Autre,10.0,1
202400003724,2024-03-21,matin,,,34,34172,1,1,3,4,4,Voie communale,50.0,1
202400003725,2024-03-21,matin,,,34,34172,1,1,6,3,4,Voie communale,50.0,1
202400003726,2024-07-04,matin,,,73,73065,1,1,3,4,4,Voie communale,50.0,1
202400003727,2024-03-20,après-midi,,,34,34172,1,8,3,4,7,Autre,50.0,1
202400003728,2024-07-07,soirée,,,72,72181,1,1,3,4,4,Voie communale,50.0,1
202400003729,2024-03-21,soirée,,,33,33063,1,1,3,4,4,Voie communale,50.0,1
202400003730,2024-07-08,matin,,,71,71306,1,1,3,3,3,Départementale,50.0,1
202400003731,2024-03-21,après-midi,,,33,33281,1,1,2,4,4,Voie communale,50.0,1
202400003732,2024-03-21,nuit,,,31,31555,5,1,3,4,4,Voie communale,50.0,1
202400003733,2024-07-08,soirée,,,69,69275,1,1,3,4,4,Voie communale,50.0,1
202400003734,2024-03-21,après-midi,,,29,29232,1,1,6,4,2,Nationale,110.0,1
202400003735,2024-07-08,soirée,,,67,67482,1,1,7,4,4,Voie communale,50.0,1
202400003736,2024-03-21,après-midi,,,29,29039,1,1,3,4,4,Voie communale,80.0,1
202400003737,2024-07-08,après-midi,,,67,67482,1,1,1,4,4,Voie communale,25.0,1
202400003738,2024-03-19,soirée,,,29,29019,5,1,3,4,3,Départementale,50.0,1
202400003739,2024-07-08,soirée,,,59,59599,1,1,3,4,7,Autre,50.0,1
202400003740,2024-07-08,soirée,,,59,59220,1,1,6,3,7,Autre,30.0,1
202400003741,2024-03-21,matin,,,27,27229,1,1,2,4,4,Voie communale,50.0,1
202400003742,2024-03-21,matin,,,18,18033,1,1,7,4,4,Voie communale,50.0,1
202400003743,2024-06-21,soirée,,,58,58194,1,1,3,4,4,Voie communale,30.0,1
202400003744,2024-07-08,après-midi,,,56,56260,1,1,2,4,4,Voie communale,50.0,1
202400003745,2024-03-20,après-midi,,,17,17300,1,1,6,2,4,Voie communale,50.0,1
202400003746,2024-03-21,après-midi,,,13,13208,1,1,3,4,4,Voie communale,50.0,1
202400003747,2024-07-07,matin,,,54,54547,1,1,6,4,4,Voie communale,50.0,1
202400003748,2024-03-11,nuit,,,13,13211,2,1,6,4,4,Voie communale,30.0,1
202400003749,2024-07-08,matin,,,50,50218,1,2,2,4,3,Départementale,50.0,2
202400003750,2024-07-05,après-midi,,,50,50129,1,2,7,4,3,Départementale,50.0,2
202400003751,2024-03-20,après-midi,,,13,13211,1,1,2,4,4,Voie communale,50.0,1