Num_Acc,date,time_of_day,lat,long,dep,com,lum,atm,col,severity_index,catr,catr_label,vma,surf
202400003752,2024-03-21,après-midi,,,13,13028,1,1,1,3,4,Voie communale,50.0,1
202400003753,2024-05-14,après-midi,,,46,46042,1,1,7,4,3,Départementale,80.0,1
202400003754,2024-03-21,soirée,,,13,13001,5,1,3,4,4,Voie communale,50.0,1
202400003755,2024-07-07,soirée,,,45,45004,1,1,3,4,4,Voie communale,50.0,1
202400003756,2024-03-21,matin,,,11,11069,1,1,3,4,4,Voie communale,30.0,1
202400003757,2024-07-06,soirée,,,45,45208,1,1,3,4,4,Voie communale,50.0,1
202400003758,2024-07-07,nuit,,,42,42186,5,1,1,4,7,Autre,70.0,1
202400003759,2024-03-22,nuit,,,06,06088,5,1,7,3,7,Autre,50.0,1
202400003760,2024-07-07,après-midi,,,41,41018,1,1,7,4,4,Voie communale,30.0,1
202400003761,2024-07-08,après-midi,,,37,37261,1,1,2,4,4,Voie communale,50.0,1
202400003762,2024-03-21,soirée,,,01,01053,2,1,3,4,3,Départementale,50.0,1
202400003763,2024-07-08,après-midi,,,37,37195,1,1,7,4,7,Autre,30.0,1
202400003764,2024-03-21,soirée,,,75,75115,1,1,3,4,4,Voie communale,70.0,1
202400003765,2024-03-21,après-midi,,,75,75117,1,1,2,4,4,Voie communale,50.0,1
202400003766,2024-07-08,matin,,,35,35238,1,2,3,4,4,Voie communale,30.0,2
202400003767,2024-03-21,matin,,,75,75117,1,1,6,4,4,Voie communale,70.0,1
202400003768,2024-03-21,matin,,,75,75117,1,1,2,4,4,Voie communale,70.0,1
202400003769,2024-07-09,nuit,,,31,31555,5,1,3,4,7,Autre,50.0,1
202400003770,2024-07-03,matin,,,28,28220,1,1,3,4,2,Nationale,50.0,1
202400003771,2024-03-21,après-midi,,,75,75118,1,1,3,4,4,Voie communale,30.0,1
202400003772,2024-07-07,matin,,,26,26362,1,1,6,3,2,Nationale,50.0,1
202400003773,2024-03-21,nuit,,,75,75116,5,1,6,4,4,Voie communale,50.0,1
202400003774,2024-03-21,matin,,,75,75114,1,1,7,4,4,Voie communale,30.0,1
202400003775,2024-07-08,nuit,,,25,25056,2,1,3,4,4,Voie communale,,1
202400003776,2024-03-21,nuit,,,75,75113,5,1,6,4,4,Voie communale,30.0,1
202400003777,2024-07-08,nuit,,,25,25056,2,1,3,4,4,Voie communale,50.0,1
202400003778,2024-03-21,après-midi,,,75,75113,1,1,3,4,4,Voie communale,30.0,1
202400003779,2024-07-08,nuit,,,14,14059,4,1,6,4,3,Départementale,50.0,1
202400003780,2024-03-19,soirée,,,75,75112,5,1,4,4,4,Voie communale,50.0,1
202400003781,2024-07-08,matin,,,13,13117,1,1,2,4,3,Départementale,90.0,1
202400003782,2024-03-21,après-midi,,,75,75110,1,1,7,4,4,Voie communale,30.0,1
202400003783,2024-07-08,après-midi,,,05,05023,1,1,6,4,4,Voie communale,50.0,1
202400003784,2024-03-21,matin,,,75,75109,1,1,3,4,4,Voie communale,30.0,1
202400003785,2024-03-21,après-midi,,,75,75107,1,1,3,4,4,Voie communale,30.0,1
202400003786,2024-07-07,nuit,,,75,75112,5,1,2,4,4,Voie communale,70.0,1
202400003787,2024-03-21,matin,,,75,75107,1,1,6,4,4,Voie communale,30.0,1
202400003788,2024-07-07,soirée,,,75,75115,5,1,6,4,4,Voie communale,30.0,1
202400003789,2024-03-20,soirée,,,94,94081,1,1,6,4,3,Départementale,,1
202400003790,2024-07-08,matin,,,75,75119,1,1,3,4,4,Voie communale,30.0,1
202400003791,2024-03-21,matin,,,94,94046,1,1,3,4,3,Départementale,50.0,1
202400003792,2024-07-08,matin,,,75,75116,2,1,3,3,4,Voie communale,,1
202400003793,2024-03-20,après-midi,,,94,94011,1,1,2,4,3,Départementale,50.0,1
202400003794,2024-07-07,après-midi,,,75,75115,1,1,3,4,4,Voie communale,50.0,1
202400003795,2024-03-21,matin,,,94,94055,1,1,2,4,3,Départementale,50.0,1
202400003796,2024-03-21,après-midi,,,93,93070,1,1,3,4,3,Départementale,30.0,1
202400003797,2024-07-08,nuit,,,75,75114,5,1,3,4,4,Voie communale,30.0,1
202400003798,2024-07-08,après-midi,,,75,75113,1,1,1,4,4,Voie communale,,1
202400003799,2024-03-21,matin,,,93,93066,1,1,4,4,3,Départementale,50.0,1
202400003800,2024-07-07,matin,,,75,75120,1,1,6,4,4,Voie communale,30.0,1
202400003801,2024-07-08,après-midi,,,75,75108,1,1,6,4,4,Voie communale,50.0,1
202400003802,2024-07-08,matin,,,75,75108,1,1,3,4,4,Voie communale,,1
202400003803,2024-03-21,après-midi,,,93,93055,1,1,2,4,4,Voie communale,50.0,1
202400003804,2024-07-08,matin,,,75,75108,1,1,3,4,4,Voie communale,30.0,1
202400003805,2024-03-21,matin,,,93,93007,1,1,3,4,4,Voie communale,50.0,1
202400003806,2024-07-08,matin,,,75,75107,1,1,6,4,4,Voie communale,30.0,1
202400003807,2024-07-08,matin,,,75,75101,1,1,7,4,4,Voie communale,30.0,1
202400003808,2024-03-20,nuit,,,93,93007,5,1,3,3,3,Départementale,50.0,1
202400003809,2024-03-20,soirée,,,92,92078,1,1,3,4,3,Départementale,50.0,1
202400003810,2024-07-07,après-midi,,,75,75102,1,1,3,4,4,Voie communale,,1
202400003811,2024-03-21,matin,,,92,92048,1,1,3,4,4,Voie communale,50.0,1
202400003812,2024-07-07,après-midi,,,94,94043,1,1,6,4,3,Départementale,,1
202400003813,2024-07-08,matin,,,94,94077,1,1,6,4,4,Voie communale,50.0,1
202400003814,2024-03-20,soirée,,,92,92036,1,1,6,4,3,Départementale,50.0,1
202400003815,2024-07-08,après-midi,,,94,94079,1,8,1,4,3,Départementale,,1
202400003816,2024-03-19,soirée,,,92,92025,5,1,6,4,4,Voie communale,30.0,1
202400003817,2024-07-08,soirée,,,94,94018,1,1,6,4,4,Voie communale,30.0,1
202400003818,2024-03-20,soirée,,,92,92019,5,1,2,4,3,Départementale,30.0,1
202400003819,2024-07-08,matin,,,93,93064,2,1,3,4,3,Départementale,50.0,1
202400003820,2024-07-08,matin,,,93,93055,1,1,3,4,3,Départementale,30.0,1
202400003821,2024-07-08,après-midi,,,92,92072,1,1,3,4,3,Départementale,50.0,1
202400003822,2024-07-08,matin,,,92,92051,1,1,3,4,4,Voie communale,50.0,1
202400003823,2024-07-07,nuit,,,92,92024,4,1,6,4,4,Voie communale,30.0,1
202400003824,2024-07-08,matin,,,92,92004,1,1,6,4,4,Voie communale,30.0,1
202400003825,2024-07-07,soirée,,,34,34088,1,1,5,4,7,Autre,80.0,1
202400003826,2024-07-08,après-midi,,,54,54192,1,1,2,3,3,Départementale,80.0,1
202400003827,2024-07-08,soirée,,,2A,2A348,1,1,6,3,3,Départementale,50.0,1
202400003828,2024-07-09,après-midi,,,24,24372,1,1,3,3,3,Départementale,70.0,1
202400003829,2024-07-09,soirée,,,43,43185,1,1,1,4,3,Départementale,80.0,1
202400003830,2024-07-08,après-midi,,,974,97422,1,1,1,3,3,Départementale,,1
202400003831,2024-07-09,matin,,,972,97207,1,1,3,4,2,Nationale,80.0,1
202400003832,2024-07-08,après-midi,,,972,97208,1,1,2,4,2,Nationale,90.0,1
202400003833,2024-07-07,après-midi,,,88,88256,1,7,7,3,3,Départementale,80.0,9
202400003834,2024-07-09,nuit,,,36,36018,2,1,3,2,3,Départementale,90.0,1
202400003835,2024-07-09,après-midi,,,50,50546,1,1,6,4,3,Départementale,80.0,2
202400003836,2024-07-09,après-midi,,,50,50363,1,1,6,4,3,Départementale,80.0,2
202400003837,2024-07-02,après-midi,,,62,62211,1,3,1,4,4,Voie communale,50.0,2
202400003838,2024-07-08,après-midi,,,34,34309,1,1,1,3,3,Départementale,70.0,1
202400003839,2024-07-09,après-midi,,,57,57556,1,1,2,2,3,Départementale,50.0,1
202400003840,2024-07-09,matin,,,51,51380,1,1,3,3,4,Voie communale,50.0,1
202400003841,2024-07-09,après-midi,,,19,19252,1,1,6,3,3,Départementale,70.0,1
202400003842,2024-06-03,après-midi,,,56,56234,1,1,5,4,3,Départementale,50.0,1
202400003843,2024-07-09,nuit,,,56,56157,3,2,6,2,3,Départementale,80.0,2
202400003844,2024-07-08,après-midi,,,2B,2B012,1,1,6,3,3,Départementale,80.0,1
202400003845,2024-07-09,après-midi,,,2B,2B319,1,1,4,4,2,Nationale,80.0,1
202400003846,2024-07-08,nuit,,,82,82076,3,1,7,3,3,Départementale,80.0,1
202400003847,2024-07-09,après-midi,,,63,63148,1,1,5,2,3,Départementale,70.0,1
202400003848,2024-07-08,après-midi,,,61,61181,1,1,5,4,4,Voie communale,30.0,1
202400003849,2024-07-07,soirée,,,12,12186,1,1,6,4,3,Départementale,90.0,1
202400003850,2024-07-08,après-midi,,,47,47226,1,1,3,3,3,Départementale,80.0,1
202400003851,2024-07-07,après-midi,,,34,34261,1,7,7,3,3,Départementale,70.0,1
202400003852,2024-07-09,matin,,,25,25578,1,1,3,4,3,Départementale,90.0,1
202400003853,2024-07-02,après-midi,,,44,44217,1,1,3,3,3,Départementale,80.0,1
202400003854,2024-07-08,nuit,,,31,31345,3,1,5,4,3,Départementale,80.0,1
202400003855,2024-07-08,après-midi,,,72,72089,1,1,5,3,4,Voie communale,30.0,1
202400003856,2024-07-09,après-midi,,,05,05056,1,1,7,4,3,Départementale,50.0,1
202400003857,2024-07-04,matin,,,64,64547,1,1,1,4,4,Voie communale,80.0,1
202400003858,2024-07-09,après-midi,,,07,07334,1,1,7,3,3,Départementale,90.0,1
202400003859,2024-07-08,après-midi,,,04,04075,1,1,1,3,4,Voie communale,80.0,1
202400003860,2024-07-09,nuit,,,87,87072,3,1,6,4,3,Départementale,80.0,1
202400003861,2024-06-27,soirée,,,87,87154,1,1,7,3,4,Voie communale,80.0,1
202400003862,2024-07-09,matin,,,87,87017,1,1,6,4,2,Nationale,80.0,1
202400003863,2024-07-08,après-midi,,,30,30004,1,1,1,3,3,Départementale,50.0,1
202400003864,2024-07-09,matin,,,30,30073,1,1,3,3,3,Départementale,80.0,1
202400003865,2024-07-09,matin,,,30,30188,1,1,3,4,3,Départementale,,1
202400003866,2024-07-07,nuit,,,88,88408,3,1,6,4,2,Nationale,,1
202400003867,2024-07-09,après-midi,,,77,77333,1,1,2,4,1,Autoroute,130.0,1
202400003868,2024-06-20,matin,,,44,44020,1,1,3,4,3,Départementale,90.0,1
202400003869,2024-07-09,matin,,,37,37079,1,1,3,2,4,Voie communale,80.0,1
202400003870,2024-07-05,soirée,,,28,28372,1,1,1,3,3,Départementale,80.0,1
202400003871,2024-07-07,soirée,,,2B,2B298,3,1,7,2,3,Départementale,50.0,1
202400003872,2024-07-09,matin,,,66,66008,1,1,3,3,3,Départementale,80.0,1
202400003873,2024-07-03,soirée,,,66,66144,1,1,3,3,3,Départementale,80.0,1
202400003874,2024-07-03,nuit,,,34,34090,5,1,3,3,7,Autre,50.0,1
202400003875,2024-07-09,matin,,,06,06091,1,1,1,4,3,Départementale,70.0,1
202400003876,2024-07-06,après-midi,,,04,04171,1,1,3,3,3,Départementale,80.0,1
202400003877,2024-07-08,après-midi,,,26,26002,1,1,3,3,1,Autoroute,130.0,1
202400003878,2024-07-04,soirée,,,70,70279,1,1,3,3,3,Départementale,50.0,1
202400003879,2024-07-08,matin,,,68,68329,1,1,1,4,3,Départementale,80.0,1
202400003880,2024-07-04,soirée,,,42,42328,1,1,2,4,3,Départementale,80.0,1
202400003881,2024-07-09,matin,,,38,38277,1,1,1,2,7,Autre,80.0,1
202400003882,2024-07-09,nuit,,,17,17409,3,1,7,3,4,Voie communale,70.0,1
202400003883,2024-06-30,soirée,,,33,33035,1,1,3,4,3,Départementale,50.0,1
202400003884,2024-07-09,après-midi,,,85,85083,1,1,1,3,3,Départementale,80.0,1
202400003885,2024-07-06,nuit,,,44,44179,3,1,1,3,3,Départementale,70.0,1
202400003886,2024-07-09,matin,,,76,76489,1,2,1,4,4,Voie communale,70.0,2
202400003887,2024-07-08,soirée,,,59,59254,1,1,2,3,3,Départementale,50.0,1
202400003888,2024-07-08,après-midi,,,33,33249,1,1,7,4,1,Autoroute,50.0,1
202400003889,2024-07-08,après-midi,,,91,91340,1,1,2,4,1,Autoroute,110.0,1
202400003890,2024-09-17,nuit,,,93,93005,5,1,7,4,4,Voie communale,50.0,9
202400003891,2024-09-17,soirée,,,93,93062,1,1,3,4,4,Voie communale,50.0,1
202400003892,2024-09-17,matin,,,93,93051,1,1,2,4,3,Départementale,50.0,1
202400003893,2024-09-17,matin,,,93,93053,1,1,3,4,3,Départementale,30.0,1
202400003894,2024-09-17,après-midi,,,93,93027,1,1,3,4,3,Départementale,50.0,1
202400003895,2024-09-17,nuit,,,93,93010,5,1,6,3,4,Voie communale,30.0,1
202400003896,2024-09-17,après-midi,,,93,93007,1,1,3,4,4,Voie communale,50.0,1
202400003897,2024-09-17,après-midi,,,93,93027,1,1,3,4,3,Départementale,50.0,1
202400003898,2024-09-17,soirée,,,92,92063,1,1,6,4,3,Départementale,50.0,1
202400003899,2024-09-17,nuit,,,92,92040,5,1,2,4,3,Départementale,50.0,1
202400003900,2024-09-17,soirée,,,62,62534,5,1,3,4,3,Départementale,50.0,1
202400003901,2024-09-07,nuit,,,95,95487,5,2,3,3,3,Départementale,50.0,2
202400003902,2024-09-17,après-midi,,,84,84137,1,1,7,3,3,Départementale,50.0,1
202400003903,2024-09-07,matin,,,22,22093,1,1,4,4,2,Nationale,110.0,1
202400003904,2024-09-18,matin,,,30,30141,1,1,3,4,2,Nationale,80.0,1
202400003905,2024-09-17,soirée,,,61,61497,2,1,6,3,9,Autre,30.0,1
202400003906,2024-09-16,après-midi,,,51,51530,1,1,3,3,4,Voie communale,50.0,1
202400003907,2024-09-14,soirée,,,51,51161,1,1,7,4,6,Autre,50.0,1
202400003908,2024-09-18,après-midi,,,76,76452,1,1,7,3,3,Départementale,80.0,1
202400003909,2024-09-18,matin,,,82,82184,1,1,6,3,3,Départementale,80.0,1
202400003910,2024-09-18,matin,,,11,11437,2,1,1,3,3,Départementale,80.0,1
202400003911,2024-09-18,après-midi,,,25,25326,1,1,7,2,3,Départementale,80.0,1
202400003912,2024-09-16,après-midi,,,35,35306,1,1,3,3,3,Départementale,80.0,1
202400003913,2024-09-18,après-midi,,,29,29158,1,1,3,4,4,Voie communale,,1
202400003914,2024-09-17,soirée,,,38,38126,1,1,6,3,4,Voie communale,50.0,1
202400003915,2024-09-18,après-midi,,,02,02693,1,1,7,4,3,Départementale,80.0,1
202400003916,2024-09-18,matin,,,26,26357,3,1,7,2,3,Départementale,80.0,1
202400003917,2024-09-18,après-midi,,,72,72080,1,1,3,3,3,Départementale,90.0,1
202400003918,2024-09-17,après-midi,,,18,18138,1,1,3,3,3,Départementale,80.0,1
202400003919,2024-09-16,après-midi,,,18,18242,1,1,7,4,4,Voie communale,80.0,1
202400003920,2024-09-18,matin,,,07,07346,1,1,3,4,3,Départementale,50.0,1
202400003921,2024-09-17,après-midi,,,38,38249,1,1,1,3,1,Autoroute,50.0,1
202400003922,2024-09-11,après-midi,,,17,17228,1,1,1,3,2,Nationale,80.0,1
202400003923,2024-09-18,après-midi,,,973,97311,1,1,3,3,2,Nationale,50.0,1
202400003924,2024-09-15,nuit,,,91,91662,5,1,6,3,3,Départementale,70.0,1
202400003925,2024-09-16,matin,,,91,91180,1,1,6,2,3,Départementale,80.0,1
202400003926,2024-09-17,matin,,,83,83016,1,1,3,3,3,Départementale,,1
202400003927,2024-11-30,nuit,,,49,49248,3,1,7,3,3,Départementale,,1
202400003928,2024-09-17,soirée,,,13,13100,1,1,1,3,3,Départementale,80.0,1
202400003929,2024-09-17,après-midi,,,71,71176,1,1,2,3,3,Départementale,50.0,1
202400003930,2024-11-30,nuit,,,06,06123,3,1,4,4,1,Autoroute,90.0,1
202400003931,2024-09-17,matin,,,71,71325,3,1,1,3,3,Départementale,50.0,1
202400003932,2024-09-17,matin,,,42,42265,1,1,3,4,3,Départementale,80.0,1
202400003933,2024-11-29,soirée,,,59,59488,3,1,5,4,1,Autoroute,130.0,1
202400003934,2024-09-18,après-midi,,,42,42261,1,1,6,4,3,Départementale,30.0,1
202400003935,2024-11-28,après-midi,,,987,98722,1,1,1,4,2,Nationale,60.0,1
202400003936,2024-09-16,matin,,,38,38507,1,1,3,4,4,Voie communale,70.0,1
202400003937,2024-11-30,après-midi,,,988,98802,1,1,7,3,4,Voie communale,90.0,1
202400003938,2024-09-16,matin,,,01,01297,1,1,1,4,3,Départementale,80.0,1
202400003939,2024-11-29,soirée,,,986,98613,3,1,1,3,2,Nationale,70.0,1
202400003940,2024-11-30,après-midi,,,45,45010,1,5,6,2,3,Départementale,50.0,1
202400003941,2024-08-01,soirée,,,35,35206,1,1,2,4,7,Autre,70.0,1
202400003942,2024-11-30,après-midi,,,77,77145,1,5,1,2,3,Départementale,80.0,1
202400003943,2024-09-18,après-midi,,,76,76495,1,1,2,4,4,Voie communale,50.0,1
202400003944,2024-11-28,nuit,,,78,78305,3,9,7,3,3,Départementale,80.0,2
202400003945,2024-11-30,nuit,,,66,66182,4,1,2,4,3,Départementale,,1
202400003946,2024-09-17,après-midi,,,02,02555,1,1,3,4,3,Départementale,80.0,1
202400003947,2024-11-29,après-midi,,,34,34050,1,1,3,3,3,Départementale,80.0,1
202400003948,2024-11-30,nuit,,,05,05151,3,1,6,4,2,Nationale,80.0,1
202400003949,2024-09-16,après-midi,,,59,59400,1,1,3,4,3,Départementale,50.0,1
202400003950,2024-11-30,nuit,,,13,13042,3,1,1,2,3,Départementale,90.0,1
202400003951,2024-09-17,matin,,,91,91286,1,1,2,4,1,Autoroute,110.0,1
202400003952,2024-09-16,après-midi,,,93,93063,1,1,2,4,1,Autoroute,90.0,1
202400003953,2024-11-29,soirée,,,38,38087,5,1,6,4,4,Voie communale,50.0,1
202400003954,2024-09-16,après-midi,,,93,93027,1,1,4,4,1,Autoroute,90.0,1
202400003955,2024-11-29,matin,,,38,38215,3,5,6,4,3,Départementale,50.0,1
202400003956,2024-11-27,après-midi,,,38,38276,1,1,6,3,3,Départementale,70.0,1
202400003957,2024-09-16,matin,,,93,93064,3,1,2,4,1,Autoroute,90.0,1
202400003958,2024-11-30,après-midi,,,69,69009,1,1,1,4,3,Départementale,80.0,1
202400003959,2024-09-15,matin,,,93,93005,2,1,2,3,1,Autoroute,110.0,1
202400003960,2024-11-26,matin,,,35,35047,2,1,6,4,4,Voie communale,50.0,2
202400003961,2024-09-16,soirée,,,93,93051,1,1,6,4,1,Autoroute,90.0,1
202400003962,2024-04-08,soirée,,,55,55029,1,1,6,4,4,Voie communale,50.0,1
202400003963,2024-11-18,matin,,,60,60134,1,8,4,4,3,Départementale,110.0,2
202400003964,2024-05-31,après-midi,,,84,84088,1,1,1,3,3,Départementale,80.0,1
202400003965,2024-11-29,soirée,,,13,13210,3,1,2,4,1,Autoroute,90.0,1
202400003966,2024-07-17,soirée,,,57,57597,2,1,7,3,3,Départementale,90.0,1
202400003967,2024-11-28,après-midi,,,83,83137,1,1,2,4,1,Autoroute,70.0,1
202400003968,2024-07-17,après-midi,,,28,28085,1,1,3,4,4,Voie communale,30.0,1
202400003969,2024-11-21,matin,,,69,69029,2,1,3,4,7,Autre,70.0,1
202400003970,2024-11-28,soirée,,,42,42005,5,1,2,4,1,Autoroute,110.0,1
202400003971,2024-03-30,nuit,,,75,75112,4,3,2,4,4,Voie communale,50.0,2
202400003972,2024-07-19,soirée,,,57,57690,1,1,2,3,4,Voie communale,50.0,1
202400003973,2024-11-29,soirée,,,33,33318,3,1,4,4,1,Autoroute,90.0,1
202400003974,2024-09-16,matin,,,987,98735,1,1,2,4,2,Nationale,50.0,1
202400003975,2024-11-28,matin,,,33,33550,1,1,4,4,1,Autoroute,70.0,1
202400003976,2024-09-16,matin,,,987,98736,1,1,3,4,2,Nationale,30.0,1
202400003977,2024-11-27,soirée,,,33,33249,4,1,4,4,2,Nationale,90.0,1
202400003978,2024-09-15,après-midi,,,987,98736,1,1,3,4,4,Voie communale,50.0,1
202400003979,2024-11-29,après-midi,,,78,78640,1,1,3,4,2,Nationale,90.0,1
202400003980,2024-09-16,après-midi,,,976,97611,1,3,3,4,4,Voie communale,30.0,2
202400003981,2024-11-23,nuit,,,92,92051,5,1,3,4,2,Nationale,70.0,1
202400003982,2024-09-16,matin,,,974,97416,1,1,3,4,3,Départementale,30.0,1
202400003983,2024-11-29,après-midi,,,95,95018,1,1,3,4,1,Autoroute,110.0,1
202400003984,2024-09-16,matin,,,974,97416,1,1,6,4,3,Départementale,50.0,1
202400003985,2024-11-29,matin,,,95,95018,3,1,2,4,1,Autoroute,110.0,1
202400003986,2024-09-15,après-midi,,,974,97411,1,1,3,3,2,Nationale,70.0,1
202400003987,2024-11-29,nuit,,,93,93005,5,1,2,4,1,Autoroute,130.0,1
202400003988,2024-09-15,soirée,,,973,97302,3,1,6,4,4,Voie communale,50.0,1
202400003989,2024-11-28,matin,,,95,95256,1,1,3,4,2,Nationale,90.0,1
202400003990,2024-09-14,nuit,,,973,97302,4,1,7,4,4,Voie communale,50.0,1
202400003991,2024-11-28,matin,,,93,93005,1,1,2,4,1,Autoroute,90.0,1
202400003992,2024-11-27,après-midi,,,92,92036,1,1,3,4,1,Autoroute,90.0,2
202400003993,2024-09-16,après-midi,,,69,69383,1,8,3,4,4,Voie communale,30.0,1
202400003994,2024-11-27,matin,,,93,93027,1,1,3,4,1,Autoroute,50.0,2
202400003995,2024-11-29,matin,,,77,77121,1,1,2,4,1,Autoroute,90.0,1
202400003996,2024-09-15,soirée,,,972,97213,3,1,2,4,2,Nationale,90.0,1
202400003997,2024-09-14,matin,,,69,69384,1,1,3,4,4,Voie communale,30.0,1
202400003998,2024-07-24,soirée,,,34,34301,1,1,3,4,3,Départementale,50.0,1
202400003999,2024-09-15,après-midi,,,971,97101,1,1,2,4,3,Départementale,70.0,1
202400004000,2024-09-14,soirée,,,971,97113,5,1,3,3,3,Départementale,70.0,1
202400004001,2024-09-16,après-midi,,,2A,2A004,1,1,6,4,3,Départementale,50.0,1
202400004002,2024-09-15,soirée,,,95,95582,1,1,3,4,3,Départementale,50.0,1
202400004003,2024-07-26,nuit,,,34,34301,4,1,3,4,3,Départementale,50.0,1
202400004004,2024-09-16,matin,,,91,91027,1,1,3,4,3,Départementale,50.0,1
202400004005,2024-06-28,après-midi,,,93,93029,1,1,3,4,3,Départementale,50.0,1
202400004006,2024-06-21,soirée,,,93,93029,2,1,6,4,3,Départementale,50.0,1
202400004007,2024-09-16,après-midi,,,91,91326,1,1,6,4,3,Départementale,20.0,1
202400004008,2024-06-25,soirée,,,93,93029,2,1,3,3,4,Voie communale,50.0,1
202400004009,2024-06-21,matin,,,93,93029,1,2,6,4,6,Autre,30.0,2
202400004010,2024-06-17,après-midi,,,93,93029,1,1,6,4,4,Voie communale,50.0,1
202400004011,2024-09-16,matin,,,91,91027,2,1,3,4,3,Départementale,50.0,1
202400004012,2024-06-16,nuit,,,93,93029,5,1,6,4,4,Voie communale,50.0,1
202400004013,2024-06-08,après-midi,,,93,93029,1,1,1,4,4,Voie communale,30.0,1
202400004014,2024-09-16,matin,,,91,91433,1,1,2,4,3,Départementale,30.0,1
202400004015,2024-06-07,après-midi,,,93,93029,1,1,6,4,3,Départementale,50.0,1
202400004016,2024-09-07,matin,,,88,88413,1,1,7,4,4,Voie communale,80.0,1
202400004017,2024-09-16,matin,,,87,87085,1,1,6,3,3,Départementale,50.0,1
202400004018,2024-06-03,matin,,,93,93029,1,1,2,4,3,Départementale,30.0,1
202400004019,2024-09-13,après-midi,,,87,87065,1,1,6,4,3,Départementale,50.0,1
202400004020,2024-06-01,après-midi,,,93,93029,1,3,3,4,3,Départementale,50.0,2
202400004021,2024-09-13,soirée,,,86,86158,1,7,6,4,4,Voie communale,30.0,1
202400004022,2024-07-07,matin,,,13,13099,1,1,1,2,3,Départementale,80.0,1
202400004023,2024-09-16,matin,,,84,84080,1,1,6,4,4,Voie communale,50.0,1
202400004024,2024-11-28,après-midi,,,988,98818,1,1,6,4,4,Voie communale,,1
202400004025,2024-09-16,matin,,,84,84007,1,1,3,3,4,Voie communale,50.0,1
202400004026,2024-11-28,après-midi,,,974,97416,1,1,2,4,3,Départementale,80.0,1
202400004027,2024-09-16,soirée,,,83,83062,1,1,2,4,4,Voie communale,30.0,1
202400004028,2024-11-28,après-midi,,,974,97409,1,1,5,4,4,Voie communale,50.0,1
202400004029,2024-09-15,après-midi,,,80,80674,1,1,6,3,2,Nationale,110.0,1
202400004030,2024-09-15,matin,,,80,80674,1,1,7,3,2,Nationale,110.0,1
202400004031,2024-11-29,nuit,,,974,97407,5,1,2,4,4,Voie communale,50.0,1
202400004032,2024-09-15,nuit,,,80,80021,5,1,7,4,4,Voie communale,50.0,1
202400004033,2024-11-28,nuit,,,972,97209,3,1,6,2,9,Autre,50.0,1
202400004034,2024-09-15,matin,,,77,77288,2,1,3,4,3,Départementale,70.0,1
202400004035,2024-11-28,matin,,,69,69384,1,2,5,4,4,Voie communale,30.0,2
202400004036,2024-09-14,soirée,,,76,76447,1,1,7,3,3,Départementale,50.0,1
202400004037,2024-09-14,soirée,,,76,76351,1,1,3,4,4,Voie communale,50.0,1
202400004038,2024-09-15,matin,,,72,72181,1,7,3,4,4,Voie communale,50.0,1
202400004039,2024-11-27,soirée,,,2B,2B037,3,1,3,4,2,Nationale,110.0,1
202400004040,2024-11-28,après-midi,,,971,97101,1,1,2,3,2,Nationale,90.0,1
202400004041,2024-09-16,après-midi,,,69,69092,1,1,3,4,3,Départementale,,1
202400004042,2024-09-16,soirée,,,64,64373,3,1,6,4,3,Départementale,70.0,1
202400004043,2024-11-27,après-midi,,,971,97113,1,1,3,3,4,Voie communale,30.0,1
202400004044,2024-11-28,matin,,,95,95585,1,1,6,4,3,Départementale,50.0,1
202400004045,2024-09-16,soirée,,,64,64445,5,1,1,4,4,Voie communale,30.0,1
202400004046,2024-11-28,matin,,,95,95277,1,1,2,4,3,Départementale,110.0,1
202400004047,2024-09-16,après-midi,,,63,63075,1,1,2,4,7,Autre,30.0,1
202400004048,2024-11-28,après-midi,,,95,95598,1,1,7,4,4,Voie communale,50.0,1
202400004049,2024-09-11,après-midi,,,62,62065,1,1,2,3,4,Voie communale,50.0,1
202400004050,2024-11-28,après-midi,,,95,95488,1,7,6,3,3,Départementale,50.0,1
202400004051,2024-09-12,nuit,,,62,62270,5,2,7,4,4,Voie communale,50.0,2
202400004052,2024-11-28,après-midi,,,91,91589,1,1,3,4,3,Départementale,50.0,1
202400004053,2024-09-12,après-midi,,,62,62642,1,1,1,4,3,Départementale,50.0,1
202400004054,2024-09-16,matin,,,60,60463,1,1,6,3,4,Voie communale,30.0,1
202400004055,2024-09-15,après-midi,,,60,60159,1,1,6,4,4,Voie communale,30.0,1
202400004056,2024-11-27,après-midi,,,91,91286,5,2,3,4,3,Départementale,50.0,2
202400004057,2024-11-28,soirée,,,91,91174,5,1,6,4,4,Voie communale,50.0,1
202400004058,2024-09-13,matin,,,59,59585,1,1,3,2,4,Voie communale,30.0,1
202400004059,2024-04-28,après-midi,,,974,97416,1,1,2,3,2,Nationale,110.0,1
202400004060,2024-11-27,après-midi,,,91,91228,5,2,6,3,3,Départementale,50.0,2
202400004061,2024-04-28,après-midi,,,974,97416,1,1,6,3,4,Voie communale,50.0,1
202400004062,2024-09-16,après-midi,,,56,56260,1,1,3,3,4,Voie communale,30.0,1
202400004063,2024-11-27,nuit,,,30,30011,3,1,7,2,3,Départementale,80.0,1
202400004064,2024-04-28,matin,,,974,97411,3,1,6,4,6,Autre,50.0,1