Num_Acc,date,time_of_day,lat,long,dep,com,lum,atm,col,severity_index,catr,catr_label,vma,surf
202400004065,2024-09-16,après-midi,,,56,56083,1,1,6,4,6,Autre,30.0,1
202400004066,2024-11-27,matin,,,84,84007,1,1,6,4,4,Voie communale,50.0,9
202400004067,2024-04-27,soirée,,,974,97411,5,1,3,4,6,Autre,10.0,1
202400004068,2024-09-14,après-midi,,,56,56121,1,1,2,4,4,Voie communale,30.0,1
202400004069,2024-11-27,matin,,,84,84007,1,1,2,4,4,Voie communale,70.0,1
202400004070,2024-09-15,après-midi,,,51,51454,1,1,7,4,4,Voie communale,30.0,1
202400004071,2024-04-28,après-midi,,,972,97213,1,1,1,4,4,Voie communale,30.0,1
202400004072,2024-11-27,après-midi,,,83,83090,2,1,1,4,4,Voie communale,50.0,1
202400004073,2024-09-15,après-midi,,,51,51172,1,1,7,3,4,Voie communale,50.0,1
202400004074,2024-04-28,nuit,,,95,95585,5,1,2,4,3,Départementale,80.0,1
202400004075,2024-09-14,après-midi,,,51,51454,1,1,7,4,4,Voie communale,50.0,1
202400004076,2024-11-27,après-midi,,,83,83137,1,1,3,3,4,Voie communale,50.0,1
202400004077,2024-04-28,nuit,,,84,84080,5,1,6,4,4,Voie communale,50.0,1
202400004078,2024-09-15,matin,,,45,45338,1,1,7,3,3,Départementale,50.0,1
202400004079,2024-11-28,soirée,,,83,83126,5,1,6,4,4,Voie communale,50.0,1
202400004080,2024-04-28,nuit,,,83,83137,5,1,2,4,3,Départementale,50.0,1
202400004081,2024-11-27,après-midi,,,80,80021,1,1,3,4,4,Voie communale,50.0,1
202400004082,2024-09-15,après-midi,,,41,41018,1,1,1,4,4,Voie communale,30.0,1
202400004083,2024-04-28,soirée,,,83,83123,1,1,6,3,3,Départementale,50.0,1
202400004084,2024-11-27,matin,,,80,80021,1,1,7,4,4,Voie communale,50.0,1
202400004085,2024-09-15,matin,,,37,37261,1,1,6,4,4,Voie communale,50.0,1
202400004086,2024-11-28,après-midi,,,78,78297,3,1,2,3,3,Départementale,70.0,1
202400004087,2024-04-27,soirée,,,81,81060,1,1,3,4,3,Départementale,50.0,1
202400004088,2024-09-15,nuit,,,37,37233,5,1,1,4,4,Voie communale,50.0,1
202400004089,2024-11-28,soirée,,,77,77083,5,1,6,4,4,Voie communale,50.0,1
202400004090,2024-11-27,soirée,,,77,77374,5,2,6,4,3,Départementale,30.0,2
202400004091,2024-09-16,matin,,,35,35238,1,1,3,4,4,Voie communale,30.0,1
202400004092,2024-09-16,matin,,,34,34172,1,1,6,2,4,Voie communale,50.0,1
202400004093,2024-11-27,matin,,,77,77330,2,2,6,4,4,Voie communale,50.0,2
202400004094,2024-04-28,après-midi,,,77,77199,1,1,6,4,4,Voie communale,50.0,1
202400004095,2024-11-27,après-midi,,,77,77276,1,2,1,4,3,Départementale,50.0,2
202400004096,2024-09-16,soirée,,,33,33318,1,1,6,4,4,Voie communale,30.0,1
202400004097,2024-04-28,matin,,,77,77085,1,8,3,4,4,Voie communale,50.0,1
202400004098,2024-11-28,soirée,,,77,77132,5,1,3,4,4,Voie communale,50.0,2
202400004099,2024-09-16,après-midi,,,33,33318,1,1,1,4,4,Voie communale,50.0,1
202400004100,2024-04-27,après-midi,,,74,74012,1,1,3,4,4,Voie communale,50.0,1
202400004101,2024-11-28,soirée,,,76,76157,3,1,2,4,1,Autoroute,110.0,1
202400004102,2024-09-08,soirée,,,31,31555,2,1,7,2,4,Voie communale,30.0,1
202400004103,2024-04-28,après-midi,,,67,67482,1,1,7,4,4,Voie communale,50.0,1
202400004104,2024-11-27,soirée,,,76,76351,5,1,3,4,4,Voie communale,50.0,1
202400004105,2024-09-15,nuit,,,31,31555,5,1,1,3,4,Voie communale,50.0,1
202400004106,2024-11-26,soirée,,,76,76351,4,1,6,4,4,Voie communale,50.0,1
202400004107,2024-09-14,nuit,,,31,31555,5,1,3,4,7,Autre,50.0,1
202400004108,2024-04-25,après-midi,,,67,67180,1,1,3,4,4,Voie communale,30.0,2
202400004109,2024-11-28,après-midi,,,76,76217,1,1,6,3,4,Voie communale,30.0,1
202400004110,2024-04-28,nuit,,,64,64122,5,1,7,4,4,Voie communale,50.0,1
202400004111,2024-09-16,soirée,,,29,29232,1,1,3,4,4,Voie communale,50.0,1
202400004112,2024-11-23,après-midi,,,76,76217,1,1,6,4,4,Voie communale,30.0,1
202400004113,2024-09-16,matin,,,29,29039,1,1,6,4,4,Voie communale,50.0,1
202400004114,2024-04-28,matin,,,64,64125,1,1,6,4,4,Voie communale,30.0,1
202400004115,2024-09-16,matin,,,26,26362,1,7,6,3,4,Voie communale,50.0,1
202400004116,2024-11-27,après-midi,,,72,72181,1,1,3,4,4,Voie communale,50.0,2
202400004117,2024-04-28,nuit,,,63,63164,5,1,6,4,7,Autre,50.0,2
202400004118,2024-11-27,matin,,,72,72181,2,1,7,4,4,Voie communale,50.0,2
202400004119,2024-09-15,soirée,,,18,18033,5,1,3,2,3,Départementale,50.0,1
202400004120,2024-11-25,matin,,,72,72181,3,3,6,4,4,Voie communale,50.0,2
202400004121,2024-04-14,matin,,,62,62041,1,1,3,4,4,Voie communale,50.0,1
202400004122,2024-11-28,après-midi,,,69,69256,1,2,1,4,4,Voie communale,30.0,2
202400004123,2024-11-26,après-midi,,,68,68066,1,1,5,2,3,Départementale,50.0,1
202400004124,2024-11-28,après-midi,,,67,67447,5,1,6,4,4,Voie communale,30.0,1
202400004125,2024-04-28,nuit,,,60,60057,5,1,2,4,4,Voie communale,50.0,1
202400004126,2024-09-14,nuit,,,30,30032,3,1,1,3,3,Départementale,80.0,1
202400004127,2024-11-28,matin,,,67,67482,2,1,6,4,7,Autre,50.0,1
202400004128,2024-11-27,matin,,,67,67482,1,1,6,4,4,Voie communale,50.0,1
202400004129,2024-09-16,après-midi,,,11,11262,1,1,2,4,4,Voie communale,50.0,1
202400004130,2024-04-28,soirée,,,59,59650,1,1,3,4,4,Voie communale,70.0,1
202400004131,2024-11-28,après-midi,,,66,66136,1,1,6,4,4,Voie communale,30.0,1
202400004132,2024-09-16,soirée,,,06,06069,1,1,2,4,4,Voie communale,50.0,1
202400004133,2024-11-26,après-midi,,,66,66136,1,1,6,4,4,Voie communale,30.0,1
202400004134,2024-04-28,soirée,,,59,59068,1,1,3,4,3,Départementale,50.0,1
202400004135,2024-09-16,après-midi,,,06,06155,1,7,2,4,3,Départementale,30.0,1
202400004136,2024-11-29,nuit,,,62,62628,3,1,6,4,4,Voie communale,50.0,1
202400004137,2024-09-16,matin,,,75,75114,1,1,3,4,4,Voie communale,70.0,1
202400004138,2024-11-27,après-midi,,,62,62065,5,1,6,3,4,Voie communale,50.0,1
202400004139,2024-04-28,nuit,,,59,59350,5,2,1,4,7,Autre,30.0,2
202400004140,2024-09-16,matin,,,75,75116,1,1,7,3,4,Voie communale,50.0,1
202400004141,2024-11-28,matin,,,62,62563,1,1,6,4,3,Départementale,50.0,1
202400004142,2024-04-26,après-midi,,,59,59273,1,1,3,3,4,Voie communale,50.0,1
202400004143,2024-09-16,matin,,,75,75117,1,1,7,4,4,Voie communale,,1
202400004144,2024-11-28,soirée,,,62,62178,5,1,3,4,3,Départementale,50.0,1
202400004145,2024-04-28,matin,,,54,54367,1,1,7,4,2,Nationale,110.0,1
202400004146,2024-09-14,matin,,,75,75115,1,1,3,4,4,Voie communale,30.0,1
202400004147,2024-11-28,soirée,,,56,56098,3,8,2,3,2,Nationale,110.0,2
202400004148,2024-04-28,soirée,,,38,38185,1,2,2,4,4,Voie communale,50.0,2
202400004149,2024-09-16,après-midi,,,75,75114,1,1,6,4,4,Voie communale,30.0,1
202400004150,2024-11-27,après-midi,,,54,54431,1,1,3,4,3,Départementale,50.0,1
202400004151,2024-04-26,après-midi,,,34,34172,1,1,2,3,7,Autre,50.0,1
202400004152,2024-09-16,après-midi,,,75,75109,1,1,6,4,4,Voie communale,30.0,2
202400004153,2024-11-28,après-midi,,,54,54382,1,7,3,4,3,Départementale,50.0,1
202400004154,2024-04-27,nuit,,,34,34172,5,2,3,3,4,Voie communale,50.0,2
202400004155,2024-09-16,après-midi,,,75,75108,1,1,7,3,4,Voie communale,30.0,1
202400004156,2024-11-28,après-midi,,,51,51454,1,1,2,4,3,Départementale,110.0,1
202400004157,2024-09-16,matin,,,75,75107,1,1,2,4,4,Voie communale,,1
202400004158,2024-04-28,après-midi,,,33,33318,1,1,7,4,4,Voie communale,50.0,1
202400004159,2024-11-27,après-midi,,,51,51454,5,2,1,4,4,Voie communale,50.0,2
202400004160,2024-09-16,matin,,,75,75107,1,1,2,4,4,Voie communale,,1
202400004161,2024-04-28,nuit,,,31,31555,3,1,6,4,4,Voie communale,50.0,1
202400004162,2024-11-27,après-midi,,,51,51454,1,2,6,3,4,Voie communale,50.0,2
202400004163,2024-09-13,matin,,,94,94068,1,9,2,4,3,Départementale,30.0,1
202400004164,2024-11-27,après-midi,,,51,51172,1,2,6,4,4,Voie communale,50.0,2
202400004165,2024-04-26,après-midi,,,22,22113,1,1,6,4,3,Départementale,110.0,1
202400004166,2024-11-27,matin,,,49,49328,2,8,3,4,4,Voie communale,50.0,1
202400004167,2024-11-28,après-midi,,,47,47201,1,1,3,4,3,Départementale,50.0,1
202400004168,2024-09-16,matin,,,94,94041,1,1,3,4,3,Départementale,30.0,1
202400004169,2024-04-28,matin,,,13,13054,1,8,3,4,3,Départementale,50.0,1
202400004170,2024-11-28,après-midi,,,44,44162,1,8,6,4,4,Voie communale,30.0,2
202400004171,2024-09-16,soirée,,,94,94021,1,1,2,4,3,Départementale,50.0,1
202400004172,2024-04-28,matin,,,13,13208,5,2,6,3,4,Voie communale,50.0,2
202400004173,2024-09-16,matin,,,94,94038,1,1,1,3,3,Départementale,50.0,1
202400004174,2024-11-27,soirée,,,39,39150,3,8,6,3,4,Voie communale,50.0,1
202400004175,2024-04-22,après-midi,,,11,11262,1,1,3,4,4,Voie communale,50.0,1
202400004176,2024-09-15,nuit,,,94,94054,5,1,3,4,4,Voie communale,50.0,1
202400004177,2024-11-28,après-midi,,,34,34172,1,7,6,3,4,Voie communale,30.0,1
202400004178,2024-04-28,matin,,,06,06088,1,8,6,4,4,Voie communale,50.0,1
202400004179,2024-09-16,après-midi,,,94,94017,1,1,3,4,3,Départementale,50.0,1
202400004180,2024-11-28,matin,,,34,34172,1,1,3,3,4,Voie communale,30.0,1
202400004181,2024-04-27,nuit,,,04,04070,3,1,1,4,2,Nationale,80.0,1
202400004182,2024-11-28,matin,,,34,34172,1,1,6,4,4,Voie communale,30.0,1
202400004183,2024-09-16,matin,,,93,93071,1,1,3,4,4,Voie communale,50.0,1
202400004184,2024-09-15,après-midi,,,93,93070,1,1,6,4,4,Voie communale,30.0,1
202400004185,2024-11-28,matin,,,34,34172,1,1,3,4,4,Voie communale,30.0,1
202400004186,2024-04-28,après-midi,,,03,03321,1,1,3,4,2,Nationale,70.0,1
202400004187,2024-09-16,après-midi,,,93,93039,1,1,3,4,4,Voie communale,50.0,1
202400004188,2024-11-28,soirée,,,33,33039,5,1,3,4,4,Voie communale,50.0,1
202400004189,2024-04-27,matin,,,03,03190,1,1,6,3,6,Autre,50.0,9
202400004190,2024-09-16,après-midi,,,93,93048,1,1,1,4,3,Départementale,50.0,1
202400004191,2024-11-28,matin,,,32,32013,2,1,3,4,3,Départementale,50.0,1
202400004192,2024-04-26,soirée,,,01,01283,1,1,3,4,3,Départementale,50.0,1
202400004193,2024-09-15,soirée,,,93,93032,1,1,6,4,4,Voie communale,50.0,1
202400004194,2024-11-28,après-midi,,,31,31483,1,1,6,3,6,Autre,,1
202400004195,2024-04-27,après-midi,,,75,75115,1,2,3,4,4,Voie communale,50.0,2
202400004196,2024-11-28,après-midi,,,30,30007,1,1,2,4,4,Voie communale,50.0,1
202400004197,2024-09-16,matin,,,93,93079,1,1,5,4,4,Voie communale,,1
202400004198,2024-11-28,après-midi,,,29,29232,1,5,6,4,3,Départementale,90.0,2
202400004199,2024-04-27,après-midi,,,75,75115,1,1,4,4,4,Voie communale,70.0,1
202400004200,2024-09-15,soirée,,,93,93010,5,1,6,3,4,Voie communale,50.0,1
202400004201,2024-04-28,matin,,,75,75117,1,1,2,4,4,Voie communale,30.0,1
202400004202,2024-04-28,soirée,,,75,75110,4,1,6,4,4,Voie communale,30.0,1
202400004203,2024-09-16,soirée,,,93,93005,5,1,3,4,4,Voie communale,50.0,1
202400004204,2024-11-28,matin,,,13,13204,1,1,1,3,4,Voie communale,50.0,1
202400004205,2024-11-27,après-midi,,,13,13028,1,1,3,3,4,Voie communale,30.0,1
202400004206,2024-09-16,après-midi,,,93,93007,1,1,1,4,4,Voie communale,50.0,1
202400004207,2024-04-28,après-midi,,,75,75108,1,8,2,4,4,Voie communale,30.0,1
202400004208,2024-09-15,nuit,,,93,93007,3,1,6,3,3,Départementale,50.0,1
202400004209,2024-11-28,soirée,,,11,11262,5,1,6,4,4,Voie communale,30.0,1
202400004210,2024-04-28,soirée,,,75,75101,1,1,7,4,4,Voie communale,30.0,1
202400004211,2024-11-28,après-midi,,,11,11069,1,1,7,4,4,Voie communale,30.0,1
202400004212,2024-09-15,nuit,,,92,92033,5,1,3,4,3,Départementale,50.0,1
202400004213,2024-04-28,soirée,,,94,94043,5,1,2,4,3,Départementale,50.0,1
202400004214,2024-11-28,soirée,,,06,06069,5,1,3,4,4,Voie communale,50.0,1
202400004215,2024-09-16,matin,,,92,92049,1,1,3,4,3,Départementale,50.0,1
202400004216,2024-11-28,matin,,,06,06069,5,1,3,4,4,Voie communale,50.0,1
202400004217,2024-09-16,matin,,,92,92049,1,8,3,4,3,Départementale,50.0,1
202400004218,2024-04-28,nuit,,,94,94073,5,2,2,4,3,Départementale,50.0,2
202400004219,2024-04-28,après-midi,,,94,94028,1,1,6,4,3,Départementale,70.0,1
202400004220,2024-11-28,matin,,,03,03321,1,1,3,3,3,Départementale,50.0,1
202400004221,2024-09-16,matin,,,92,92048,1,1,3,4,3,Départementale,50.0,1
202400004222,2024-09-16,matin,,,92,92036,2,1,6,4,3,Départementale,50.0,1
202400004223,2024-11-28,après-midi,,,03,03185,1,2,3,4,3,Départementale,50.0,2
202400004224,2024-04-28,après-midi,,,94,94017,1,1,4,4,3,Départementale,50.0,1
202400004225,2024-09-14,soirée,,,92,92036,1,1,6,4,3,Départementale,50.0,1
202400004226,2024-11-27,soirée,,,75,75112,5,1,5,4,4,Voie communale,50.0,2
202400004227,2024-09-16,après-midi,,,92,92023,1,1,3,4,3,Départementale,50.0,1
202400004228,2024-09-16,matin,,,92,92012,1,1,7,4,3,Départementale,50.0,1
202400004229,2024-11-27,après-midi,,,75,75116,1,2,4,4,4,Voie communale,50.0,2
202400004230,2024-09-15,nuit,,,92,92007,5,1,6,4,4,Voie communale,50.0,1
202400004231,2024-04-28,après-midi,,,93,93078,1,1,4,4,3,Départementale,30.0,1
202400004232,2024-09-15,matin,,,65,65175,1,1,7,3,3,Départementale,80.0,1
202400004233,2024-11-27,après-midi,,,75,75118,1,2,3,4,4,Voie communale,50.0,2
202400004234,2024-04-28,après-midi,,,93,93072,1,1,3,3,3,Départementale,50.0,1
202400004235,2024-09-16,matin,,,33,33352,2,7,6,4,3,Départementale,30.0,1
202400004236,2024-11-27,après-midi,,,75,75117,2,1,3,4,4,Voie communale,30.0,2
202400004237,2024-04-27,nuit,,,92,92012,5,2,6,4,3,Départementale,50.0,2
202400004238,2024-09-17,matin,,,77,77478,1,1,6,4,1,Autoroute,130.0,1
202400004239,2024-09-16,matin,,,972,97227,1,1,1,3,2,Nationale,50.0,1
202400004240,2024-11-28,matin,,,75,75116,1,1,3,4,4,Voie communale,30.0,1
202400004241,2024-04-28,après-midi,,,2A,2A249,1,1,3,3,3,Départementale,50.0,1
202400004242,2024-09-17,matin,,,29,29181,1,1,4,4,2,Nationale,110.0,1
202400004243,2024-11-28,soirée,,,75,75115,5,1,3,4,4,Voie communale,50.0,1
202400004244,2024-04-27,après-midi,,,22,22182,1,1,3,3,3,Départementale,,1
202400004245,2024-11-28,après-midi,,,75,75115,2,1,1,4,4,Voie communale,30.0,1
202400004246,2024-09-17,matin,,,29,29095,1,1,2,3,2,Nationale,110.0,1
202400004247,2024-09-17,après-midi,,,974,97410,1,1,2,3,3,Départementale,50.0,1
202400004248,2024-11-28,matin,,,75,75113,1,1,3,4,4,Voie communale,50.0,1
202400004249,2024-04-28,nuit,,,67,67430,3,1,7,3,3,Départementale,80.0,1
202400004250,2024-09-17,après-midi,,,84,84039,1,1,1,3,3,Départementale,80.0,1
202400004251,2024-11-27,soirée,,,75,75113,5,2,6,4,4,Voie communale,50.0,2
202400004252,2024-04-29,après-midi,,,76,76534,1,1,1,3,4,Voie communale,50.0,1
202400004253,2024-09-17,après-midi,,,34,34270,1,1,6,4,4,Voie communale,30.0,1
202400004254,2024-04-28,soirée,,,41,41223,2,1,7,3,1,Autoroute,130.0,1
202400004255,2024-11-28,matin,,,75,75109,1,1,6,4,4,Voie communale,30.0,1
202400004256,2024-09-16,matin,,,51,51227,1,1,1,2,3,Départementale,,1
202400004257,2024-04-28,après-midi,,,974,97413,1,1,6,3,3,Départementale,80.0,1
202400004258,2024-09-16,après-midi,,,80,80710,1,1,3,3,3,Départementale,80.0,1
202400004259,2024-04-26,matin,,,974,97413,1,1,6,3,3,Départementale,50.0,1
202400004260,2024-11-27,après-midi,,,75,75108,5,1,6,4,4,Voie communale,30.0,2
202400004261,2024-09-14,matin,,,34,34107,1,1,7,3,3,Départementale,80.0,1
202400004262,2024-04-29,nuit,,,34,34199,3,3,6,3,1,Autoroute,70.0,4
202400004263,2024-09-17,matin,,,25,25212,1,1,2,4,4,Voie communale,50.0,1
202400004264,2024-11-28,après-midi,,,75,75107,1,1,7,4,4,Voie communale,30.0,1
202400004265,2024-04-28,après-midi,,,58,58086,1,1,2,3,1,Autoroute,130.0,1
202400004266,2024-09-16,soirée,,,29,29241,2,1,1,3,4,Voie communale,50.0,1
202400004267,2024-04-27,matin,,,57,57345,1,1,6,3,3,Départementale,50.0,1
202400004268,2024-11-26,soirée,,,75,75104,5,8,6,4,4,Voie communale,30.0,2
202400004269,2024-09-15,matin,,,15,15154,1,1,3,4,3,Départementale,90.0,1
202400004270,2024-04-28,après-midi,,,51,51212,1,1,2,3,3,Départementale,80.0,1
202400004271,2024-11-28,matin,,,94,94068,1,1,1,4,3,Départementale,30.0,1
202400004272,2024-09-15,après-midi,,,01,01141,1,1,7,3,3,Départementale,80.0,1
202400004273,2024-04-27,soirée,,,2A,2A017,3,1,6,4,3,Départementale,70.0,1
202400004274,2024-11-28,après-midi,,,94,94076,1,1,6,4,3,Départementale,30.0,1
202400004275,2024-09-17,soirée,,,72,72115,1,1,7,3,3,Départementale,80.0,1
202400004276,2024-11-28,après-midi,,,94,94022,1,1,6,4,9,Autre,30.0,1
202400004277,2024-09-17,après-midi,,,06,06059,1,8,3,4,7,Autre,70.0,1
202400004278,2024-11-28,après-midi,,,94,94071,5,8,6,4,3,Départementale,50.0,1
202400004279,2024-04-28,soirée,,,80,80354,2,1,6,3,3,Départementale,50.0,2
202400004280,2024-09-17,matin,,,50,50130,1,1,1,3,3,Départementale,80.0,1
202400004281,2024-04-29,matin,,,33,33226,1,1,7,2,3,Départementale,80.0,1
202400004282,2024-11-28,nuit,,,93,93073,5,8,2,4,4,Voie communale,50.0,2
202400004283,2024-04-29,matin,,,89,89088,1,1,6,3,3,Départementale,90.0,1
202400004284,2024-09-17,soirée,,,60,60277,1,1,1,4,4,Voie communale,50.0,1
202400004285,2024-11-28,après-midi,,,93,93072,5,1,6,4,4,Voie communale,50.0,1
202400004286,2024-04-28,soirée,,,86,86086,1,1,3,4,3,Départementale,80.0,1
202400004287,2024-11-24,nuit,,,93,93050,5,1,6,3,4,Voie communale,50.0,1
202400004288,2024-09-16,après-midi,,,64,64368,1,1,3,4,3,Départementale,80.0,1
202400004289,2024-04-28,soirée,,,39,39223,3,2,1,4,3,Départementale,80.0,2
202400004290,2024-09-17,après-midi,,,16,16009,1,1,6,2,3,Départementale,50.0,1
202400004291,2024-09-16,soirée,,,04,04088,3,1,6,4,3,Départementale,80.0,1
202400004292,2024-11-27,soirée,,,93,93032,5,2,4,4,3,Départementale,50.0,2
202400004293,2024-04-29,matin,,,38,38130,1,8,6,2,3,Départementale,50.0,2
202400004294,2024-09-13,matin,,,30,30062,2,7,6,3,3,Départementale,80.0,1
202400004295,2024-09-15,nuit,,,38,38030,5,1,6,4,4,Voie communale,50.0,1
202400004296,2024-11-27,soirée,,,93,93029,5,1,3,4,4,Voie communale,50.0,1
202400004297,2024-04-29,après-midi,,,02,02643,1,1,5,3,2,Nationale,80.0,1
202400004298,2024-11-28,après-midi,,,93,93008,1,1,6,4,3,Départementale,50.0,1
202400004299,2024-09-15,matin,,,35,35353,2,1,6,3,2,Nationale,90.0,1
202400004300,2024-11-28,matin,,,93,93053,2,1,7,4,3,Départementale,50.0,1
202400004301,2024-09-17,après-midi,,,42,42279,1,1,6,4,3,Départementale,70.0,1
202400004302,2024-04-29,matin,,,02,02424,1,1,1,4,3,Départementale,80.0,1
202400004303,2024-09-17,matin,,,71,71187,1,1,6,4,6,Autre,10.0,1
202400004304,2024-11-28,matin,,,93,93001,1,1,6,4,4,Voie communale,30.0,1
202400004305,2024-04-29,matin,,,14,14371,2,1,6,3,3,Départementale,90.0,1
202400004306,2024-09-16,après-midi,,,13,13103,1,1,2,4,1,Autoroute,130.0,1
202400004307,2024-11-28,après-midi,,,92,92078,1,1,6,4,4,Voie communale,50.0,1
202400004308,2024-04-27,soirée,,,50,50124,3,2,1,4,3,Départementale,80.0,2
202400004309,2024-09-17,nuit,,,28,28092,3,1,2,2,1,Autoroute,130.0,1
202400004310,2024-11-28,matin,,,92,92050,1,1,6,4,3,Départementale,50.0,1
202400004311,2024-04-29,matin,,,64,64106,1,2,3,4,3,Départementale,80.0,2
202400004312,2024-08-11,soirée,,,974,97420,5,2,6,2,2,Nationale,50.0,2
202400004313,2024-09-16,matin,,,37,37027,1,1,1,3,3,Départementale,50.0,1
202400004314,2024-11-27,soirée,,,92,92026,5,1,6,4,3,Départementale,50.0,1
202400004315,2024-04-28,nuit,,,16,16347,4,1,7,3,3,Départementale,80.0,1
202400004316,2024-11-27,après-midi,,,92,92023,5,3,6,4,4,Voie communale,30.0,2
202400004317,2024-09-17,après-midi,,,58,58214,1,1,1,3,4,Voie communale,50.0,1
202400004318,2024-08-11,après-midi,,,973,97305,1,1,2,4,2,Nationale,80.0,1
202400004319,2024-04-29,après-midi,,,24,24082,1,1,5,3,3,Départementale,80.0,2
202400004320,2024-11-28,après-midi,,,92,92002,1,1,3,4,4,Voie communale,30.0,1
202400004321,2024-09-15,soirée,,,67,67313,2,1,2,3,3,Départementale,30.0,1
202400004322,2024-08-11,matin,,,971,97115,1,1,1,3,2,Nationale,80.0,1
202400004323,2024-11-28,soirée,,,35,35146,3,8,6,2,3,Départementale,80.0,1
202400004324,2024-09-08,nuit,,,67,67131,3,2,7,3,7,Autre,50.0,2
202400004325,2024-08-12,nuit,,,977,97701,3,1,7,3,2,Nationale,30.0,1
202400004326,2024-04-28,soirée,,,24,24354,1,1,1,4,3,Départementale,80.0,1
202400004327,2024-11-14,nuit,,,21,21599,3,1,1,3,1,Autoroute,130.0,1
202400004328,2024-08-09,matin,,,33,33165,1,1,1,3,3,Départementale,50.0,1
202400004329,2024-04-27,soirée,,,24,24311,1,3,1,4,3,Départementale,50.0,2
202400004330,2024-09-16,après-midi,,,73,73284,2,1,3,3,3,Départementale,50.0,1
202400004331,2024-11-29,nuit,,,71,71150,3,1,6,3,1,Autoroute,50.0,1
202400004332,2024-08-07,après-midi,,,41,41220,1,1,5,4,3,Départementale,80.0,1
202400004333,2024-04-29,matin,,,37,37050,1,1,5,3,4,Voie communale,50.0,1
202400004334,2024-11-29,après-midi,,,27,27230,1,1,3,4,3,Départementale,30.0,1
202400004335,2024-08-12,nuit,,,95,95370,2,1,7,3,3,Départementale,80.0,1
202400004336,2024-11-26,matin,,,11,11421,2,1,3,3,3,Départementale,50.0,1
202400004337,2024-08-11,matin,,,34,34162,1,1,2,3,3,Départementale,90.0,1
202400004338,2024-04-28,soirée,,,08,08038,1,1,3,3,3,Départementale,80.0,1
202400004339,2024-11-28,après-midi,,,63,63181,1,2,5,3,3,Départementale,80.0,2
202400004340,2024-04-28,après-midi,,,90,90015,1,2,6,4,1,Autoroute,50.0,2
202400004341,2024-08-11,après-midi,,,83,83150,1,1,6,4,3,Départementale,50.0,1
202400004342,2024-11-28,soirée,,,23,23176,5,2,7,3,3,Départementale,50.0,2
202400004343,2024-04-28,matin,,,69,69235,1,3,1,4,3,Départementale,80.0,2
202400004344,2024-11-29,nuit,,,62,62009,3,5,7,4,3,Départementale,80.0,7
202400004345,2024-08-10,matin,,,05,05065,1,1,3,4,2,Nationale,80.0,1
202400004346,2024-04-29,matin,,,78,78569,1,1,2,3,1,Autoroute,110.0,1
202400004347,2024-11-28,après-midi,,,57,57097,5,1,6,3,3,Départementale,50.0,1
202400004348,2024-04-24,après-midi,,,37,37072,1,1,7,3,4,Voie communale,80.0,1
202400004349,2024-11-29,matin,,,2B,2B050,1,1,6,3,3,Départementale,70.0,1
202400004350,2024-04-18,après-midi,,,28,28007,1,1,7,4,3,Départementale,50.0,1
202400004351,2024-02-24,après-midi,,,13,13027,1,1,3,4,3,Départementale,80.0,1
202400004352,2024-04-28,soirée,,,78,78128,1,8,1,3,3,Départementale,80.0,1
202400004353,2024-11-28,soirée,,,71,71591,5,1,2,4,3,Départementale,80.0,1
202400004354,2024-04-28,soirée,,,13,13099,3,1,6,2,3,Départementale,80.0,1
202400004355,2024-08-11,après-midi,,,67,67229,1,1,3,3,3,Départementale,80.0,1
202400004356,2024-11-29,matin,,,89,89186,1,1,6,3,4,Voie communale,80.0,1
202400004357,2024-04-27,après-midi,,,33,33029,1,3,6,3,3,Départementale,90.0,2
202400004358,2024-08-12,après-midi,,,63,63213,1,1,7,3,3,Départementale,90.0,1
202400004359,2024-04-25,soirée,,,44,44215,1,1,1,3,7,Autre,50.0,1
202400004360,2024-11-27,après-midi,,,63,63362,1,1,3,3,4,Voie communale,50.0,1
202400004361,2024-04-28,après-midi,,,22,22379,1,1,7,3,4,Voie communale,50.0,1
202400004362,2024-08-12,après-midi,,,87,87161,1,1,1,3,3,Départementale,90.0,1
202400004363,2024-11-28,après-midi,,,63,63087,2,2,6,2,3,Départementale,90.0,2
202400004364,2024-08-12,après-midi,,,33,33104,1,1,3,4,3,Départementale,80.0,1
202400004365,2024-11-29,soirée,,,61,61474,3,1,3,3,3,Départementale,90.0,1
202400004366,2024-04-29,après-midi,,,62,62474,1,1,3,3,3,Départementale,50.0,1
202400004367,2024-11-28,soirée,,,12,12021,3,1,6,3,3,Départementale,90.0,1
202400004368,2024-08-12,matin,,,33,33312,1,1,3,3,4,Voie communale,70.0,1
202400004369,2024-04-27,après-midi,,,13,13071,1,1,2,4,1,Autoroute,90.0,1
202400004370,2024-11-28,matin,,,31,31247,1,1,6,3,3,Départementale,50.0,1
202400004371,2024-08-10,après-midi,,,85,85003,1,1,3,3,4,Voie communale,80.0,1
202400004372,2024-11-28,après-midi,,,38,38315,3,2,6,3,3,Départementale,50.0,2
202400004373,2024-04-27,nuit,,,69,69204,3,1,5,4,1,Autoroute,90.0,1
202400004374,2024-07-21,après-midi,,,56,56007,1,1,3,4,4,Voie communale,30.0,1
202400004375,2024-11-29,matin,,,06,06032,1,1,6,4,7,Autre,50.0,1