Num_Acc,date,time_of_day,lat,long,dep,com,lum,atm,col,severity_index,catr,catr_label,vma,surf
202400004376,2024-04-23,après-midi,,,67,67152,1,1,4,4,7,Autre,90.0,1
202400004377,2024-08-12,matin,,,22,22242,1,1,6,3,3,Départementale,80.0,1
202400004378,2024-11-25,nuit,,,64,64276,3,1,6,2,3,Départementale,80.0,1
202400004379,2024-04-28,nuit,,,94,94021,3,1,7,4,1,Autoroute,90.0,1
202400004380,2024-08-09,après-midi,,,62,62627,1,7,7,3,4,Voie communale,80.0,1
202400004381,2024-11-27,nuit,,,53,53271,4,2,6,3,4,Voie communale,,2
202400004382,2024-04-28,nuit,,,93,93066,5,1,2,4,1,Autoroute,110.0,2
202400004383,2024-08-10,après-midi,,,59,59618,1,1,1,3,3,Départementale,50.0,1
202400004384,2024-11-28,nuit,,,04,04088,5,1,1,3,3,Départementale,50.0,1
202400004385,2024-04-27,soirée,,,95,95572,1,2,6,4,1,Autoroute,50.0,2
202400004386,2024-11-26,matin,,,27,27543,5,8,6,4,3,Départementale,30.0,2
202400004387,2024-08-12,matin,,,59,59158,1,7,1,4,3,Départementale,50.0,1
202400004388,2024-04-28,après-midi,,,94,94028,1,1,2,4,1,Autoroute,90.0,1
202400004389,2024-08-10,nuit,,,59,59465,3,1,6,3,4,Voie communale,50.0,1
202400004390,2024-11-28,matin,,,17,17057,1,1,3,3,3,Départementale,80.0,1
202400004391,2024-04-27,soirée,,,77,77294,1,3,2,4,1,Autoroute,90.0,2
202400004392,2024-05-05,soirée,,,13,13117,3,1,7,4,1,Autoroute,90.0,1
202400004393,2024-08-11,soirée,,,13,13085,1,1,7,4,1,Autoroute,90.0,1
202400004394,2024-04-27,après-midi,,,93,93051,1,1,2,4,1,Autoroute,110.0,1
202400004395,2024-11-28,après-midi,,,30,30224,2,1,5,4,3,Départementale,80.0,1
202400004396,2024-04-27,matin,,,94,94046,1,1,6,4,1,Autoroute,90.0,1
202400004397,2024-11-28,après-midi,,,66,66172,2,1,6,4,3,Départementale,50.0,1
202400004398,2024-08-11,matin,,,13,13212,2,1,2,4,1,Autoroute,70.0,1
202400004399,2024-02-24,nuit,,,74,74282,3,1,1,4,1,Autoroute,110.0,2
202400004400,2024-08-09,nuit,,,13,13202,5,1,7,4,9,Autre,50.0,1
202400004401,2024-11-23,matin,,,13,13103,1,1,3,4,1,Autoroute,,1
202400004402,2024-02-20,après-midi,,,74,74236,1,1,6,3,3,Départementale,50.0,1
202400004403,2024-11-22,soirée,,,971,97116,4,1,3,4,4,Voie communale,70.0,1
202400004404,2024-11-28,matin,,,971,97126,1,1,7,3,4,Voie communale,50.0,1
202400004405,2024-08-10,après-midi,,,83,83144,1,1,4,4,1,Autoroute,70.0,1
202400004406,2024-02-11,matin,,,74,74019,3,8,1,3,3,Départementale,80.0,2
202400004407,2024-02-07,soirée,,,74,74225,5,2,6,4,4,Voie communale,50.0,2
202400004408,2024-08-09,matin,,,69,69256,1,1,2,4,2,Nationale,80.0,1
202400004409,2024-11-24,nuit,,,77,77420,3,1,2,3,2,Nationale,110.0,1
202400004410,2024-02-04,matin,,,74,74070,1,1,7,3,3,Départementale,80.0,1
202400004411,2024-08-11,soirée,,,77,77251,1,1,7,4,1,Autoroute,50.0,1
202400004412,2024-11-29,après-midi,,,77,77183,2,1,6,4,3,Départementale,50.0,1
202400004413,2024-02-03,après-midi,,,74,74311,1,1,6,4,3,Départementale,80.0,1
202400004414,2024-08-11,après-midi,,,94,94021,1,1,2,4,1,Autoroute,50.0,1
202400004415,2024-11-19,après-midi,,,77,77440,3,3,1,3,3,Départementale,50.0,2
202400004416,2024-11-28,soirée,,,77,77217,2,1,3,3,3,Départementale,90.0,1
202400004417,2024-01-28,nuit,,,74,74272,3,1,5,4,4,Voie communale,50.0,1
202400004418,2024-08-11,matin,,,94,94076,1,1,4,4,1,Autoroute,70.0,1
202400004419,2024-11-28,après-midi,,,66,66171,1,1,6,4,3,Départementale,50.0,1
202400004420,2024-01-01,nuit,,,74,74211,3,1,6,3,3,Départementale,80.0,1
202400004421,2024-11-28,soirée,,,66,66171,5,1,6,4,3,Départementale,50.0,1
202400004422,2024-08-11,matin,,,94,94034,1,1,2,4,1,Autoroute,110.0,1
202400004423,2024-04-26,matin,,,987,98735,1,1,6,3,4,Voie communale,50.0,1
202400004424,2024-08-09,nuit,,,77,77251,3,1,2,4,2,Nationale,90.0,1
202400004425,2024-11-27,matin,,,34,34022,2,1,3,4,2,Nationale,50.0,1
202400004426,2024-04-27,soirée,,,974,97407,4,1,3,4,4,Voie communale,50.0,1
202400004427,2024-11-29,matin,,,34,34327,1,1,2,3,3,Départementale,90.0,1
202400004428,2024-08-11,après-midi,,,92,92064,1,1,2,4,1,Autoroute,70.0,1
202400004429,2024-04-26,nuit,,,972,97213,5,1,2,4,3,Départementale,70.0,1
202400004430,2024-08-11,matin,,,92,92050,1,1,7,4,1,Autoroute,70.0,1
202400004431,2024-11-28,soirée,,,71,71176,5,3,6,3,4,Voie communale,50.0,2
202400004432,2024-04-27,matin,,,972,97213,1,1,3,4,3,Départementale,50.0,1
202400004433,2024-11-29,après-midi,,,54,54305,1,1,6,3,4,Voie communale,50.0,1
202400004434,2024-04-27,matin,,,972,97213,1,1,2,4,3,Départementale,50.0,1
202400004435,2024-08-10,soirée,,,92,92047,1,1,4,4,1,Autoroute,70.0,1
202400004436,2024-04-27,matin,,,971,97113,1,1,7,3,4,Voie communale,70.0,1
202400004437,2024-04-27,nuit,,,971,97101,4,2,7,4,3,Départementale,50.0,2
202400004438,2024-08-11,matin,,,95,95018,1,1,2,4,1,Autoroute,110.0,1
202400004439,2024-08-10,soirée,,,95,95582,1,1,6,3,1,Autoroute,90.0,1
202400004440,2024-04-26,nuit,,,971,97101,5,1,2,3,2,Nationale,90.0,1
202400004441,2024-05-31,après-midi,,,74,74147,1,1,6,4,4,Voie communale,50.0,1
202400004442,2024-04-27,matin,,,91,91479,1,1,3,4,3,Départementale,50.0,1
202400004443,2024-04-27,après-midi,,,83,83126,1,1,3,3,4,Voie communale,,1
202400004444,2024-04-24,soirée,,,74,74256,3,2,3,4,3,Départementale,80.0,2
202400004445,2024-04-23,matin,,,83,83061,1,1,6,3,3,Départementale,50.0,1
202400004446,2024-04-27,nuit,,,81,81004,5,1,6,4,3,Départementale,50.0,1
202400004447,2024-05-07,soirée,,,74,74109,1,2,5,3,3,Départementale,80.0,2
202400004448,2024-03-28,matin,,,78,78350,1,1,6,4,4,Voie communale,50.0,1
202400004449,2024-05-28,matin,,,74,74104,1,1,3,3,3,Départementale,80.0,1
202400004450,2024-04-27,nuit,,,78,78498,5,2,6,4,4,Voie communale,30.0,2
202400004451,2024-05-20,matin,,,74,74063,1,1,6,3,4,Voie communale,50.0,1
202400004452,2024-04-27,soirée,,,77,77384,1,1,1,3,4,Voie communale,70.0,2
202400004453,2024-04-27,matin,,,77,77487,2,2,1,4,4,Voie communale,50.0,2
202400004454,2024-05-26,matin,,,74,74256,1,1,3,3,3,Départementale,80.0,1
202400004455,2024-04-27,matin,,,77,77433,1,1,7,4,3,Départementale,80.0,2
202400004456,2024-05-25,nuit,,,74,74112,3,1,3,4,3,Départementale,70.0,1
202400004457,2024-04-27,nuit,,,76,76497,3,3,7,4,2,Nationale,90.0,2
202400004458,2024-04-27,soirée,,,74,74010,2,1,6,4,4,Voie communale,50.0,1
202400004459,2024-05-24,matin,,,74,74267,1,1,7,4,3,Départementale,50.0,1
202400004460,2024-05-27,matin,,,74,74065,2,2,7,3,3,Départementale,80.0,2
202400004461,2024-04-27,nuit,,,71,71270,5,1,3,4,3,Départementale,50.0,1
202400004462,2024-04-27,nuit,,,71,71445,4,1,6,3,4,Voie communale,50.0,1
202400004463,2024-05-21,matin,,,74,74236,1,1,6,2,3,Départementale,50.0,1
202400004464,2024-04-16,après-midi,,,74,74291,1,8,1,4,3,Départementale,80.0,1
202400004465,2024-04-26,matin,,,69,69266,1,2,3,3,4,Voie communale,30.0,2
202400004466,2024-02-21,matin,,,74,74002,1,1,3,4,3,Départementale,70.0,1
202400004467,2024-04-27,matin,,,66,66136,1,2,6,4,4,Voie communale,50.0,2
202400004468,2024-01-17,matin,,,35,35238,1,1,3,4,4,Voie communale,30.0,1
202400004469,2024-04-27,nuit,,,64,64102,5,2,7,3,3,Départementale,50.0,2
202400004470,2024-04-27,soirée,,,64,64102,1,2,7,4,4,Voie communale,50.0,2
202400004471,2024-02-21,après-midi,,,84,84039,1,1,3,4,1,Autoroute,130.0,1
202400004472,2024-02-21,nuit,,,84,84087,3,1,6,3,1,Autoroute,130.0,1
202400004473,2024-04-27,nuit,,,63,63113,5,2,6,4,4,Voie communale,30.0,2
202400004474,2024-02-14,après-midi,,,84,84071,1,1,6,3,6,Autre,30.0,1
202400004475,2024-04-27,soirée,,,63,63164,1,1,2,4,7,Autre,70.0,1
202400004476,2024-01-23,soirée,,,84,84129,3,1,1,3,3,Départementale,80.0,1
202400004477,2024-01-17,après-midi,,,84,84129,2,2,3,4,4,Voie communale,50.0,2
202400004478,2024-02-12,matin,,,84,84129,3,1,6,3,4,Voie communale,70.0,1
202400004479,2024-08-10,soirée,,,988,98818,5,1,4,4,4,Voie communale,50.0,1
202400004480,2024-08-09,après-midi,,,976,97611,1,1,7,4,4,Voie communale,50.0,1
202400004481,2024-04-26,après-midi,,,62,62193,1,1,5,4,1,Autoroute,90.0,1
202400004482,2024-08-06,matin,,,976,97611,1,1,2,3,4,Voie communale,50.0,1
202400004483,2024-04-27,après-midi,,,56,56260,1,2,6,4,4,Voie communale,50.0,2
202400004484,2024-04-26,après-midi,,,54,54547,1,1,3,4,4,Voie communale,,1
202400004485,2024-08-09,matin,,,976,97611,1,1,3,4,4,Voie communale,50.0,1
202400004486,2024-08-10,nuit,,,974,97416,5,1,3,4,4,Voie communale,70.0,1
202400004487,2024-04-27,après-midi,,,51,51454,1,1,4,4,4,Voie communale,50.0,1
202400004488,2024-08-10,nuit,,,974,97411,5,2,2,4,2,Nationale,70.0,2
202400004489,2024-04-27,soirée,,,49,49267,1,1,3,4,1,Autoroute,130.0,1
202400004490,2024-04-27,nuit,,,49,49267,3,1,7,4,1,Autoroute,90.0,1
202400004491,2024-08-10,soirée,,,974,97411,2,1,3,4,2,Nationale,50.0,1
202400004492,2024-04-27,après-midi,,,49,49007,1,1,1,4,4,Voie communale,50.0,1
202400004493,2024-08-07,après-midi,,,973,97302,1,1,3,4,3,Départementale,50.0,1
202400004494,2024-04-27,après-midi,,,45,45234,1,8,3,4,7,Autre,50.0,2
202400004495,2024-08-06,après-midi,,,973,97302,1,1,2,4,3,Départementale,50.0,1
202400004496,2024-04-26,soirée,,,38,38185,1,1,3,4,2,Nationale,50.0,1
202400004497,2024-08-09,après-midi,,,973,97302,1,1,2,3,4,Voie communale,50.0,1
202400004498,2024-04-27,soirée,,,37,37122,1,1,2,4,4,Voie communale,50.0,1
202400004499,2024-08-09,nuit,,,972,97213,3,2,6,4,1,Autoroute,90.0,2
202400004500,2024-04-27,soirée,,,37,37261,5,1,2,4,4,Voie communale,50.0,2
202400004501,2024-08-10,après-midi,,,69,69384,1,1,4,4,4,Voie communale,50.0,1
202400004502,2024-04-27,après-midi,,,33,33550,1,3,6,4,4,Voie communale,30.0,2
202400004503,2024-08-09,soirée,,,971,97101,5,1,6,4,3,Départementale,50.0,1
202400004504,2024-04-27,matin,,,33,33119,1,1,2,4,4,Voie communale,30.0,1
202400004505,2024-08-09,matin,,,971,97103,1,1,2,4,2,Nationale,90.0,1
202400004506,2024-04-27,matin,,,33,33063,1,8,3,4,4,Voie communale,50.0,2
202400004507,2024-08-08,matin,,,971,97107,1,1,6,4,3,Départementale,10.0,1
202400004508,2024-04-26,après-midi,,,29,29051,1,1,3,4,2,Nationale,110.0,1
202400004509,2024-04-26,soirée,,,28,28404,5,2,3,4,3,Départementale,50.0,2
202400004510,2024-08-10,après-midi,,,2A,2A004,1,1,2,4,4,Voie communale,50.0,1
202400004511,2024-08-10,soirée,,,95,95585,1,1,2,4,3,Départementale,50.0,1
202400004512,2024-04-27,matin,,,25,25056,1,1,1,3,3,Départementale,50.0,1
202400004513,2024-04-27,matin,,,22,22360,1,1,7,3,3,Départementale,70.0,1
202400004514,2024-08-10,soirée,,,91,91201,1,1,3,4,4,Voie communale,50.0,1
202400004515,2024-04-26,soirée,,,21,21617,1,1,6,3,4,Voie communale,50.0,1
202400004516,2024-08-06,matin,,,91,91432,1,1,2,4,1,Autoroute,110.0,1
202400004517,2024-04-26,soirée,,,19,19031,1,1,3,4,4,Voie communale,50.0,2
202400004518,2024-08-06,matin,,,83,83123,1,1,6,4,4,Voie communale,50.0,1
202400004519,2024-04-26,après-midi,,,19,19031,1,2,3,4,4,Voie communale,50.0,2
202400004520,2024-08-10,soirée,,,80,80021,1,1,2,4,4,Voie communale,50.0,1
202400004521,2024-04-26,après-midi,,,14,14118,1,8,3,4,4,Voie communale,50.0,1
202400004522,2024-08-10,après-midi,,,80,80021,1,1,3,4,4,Voie communale,30.0,1
202400004523,2024-04-26,après-midi,,,13,13103,1,2,3,4,3,Départementale,50.0,2
202400004524,2024-04-27,soirée,,,11,11069,1,2,3,4,4,Voie communale,50.0,2
202400004525,2024-08-10,matin,,,79,79259,2,5,3,4,3,Départementale,80.0,1
202400004526,2024-04-27,nuit,,,06,06088,5,8,3,3,7,Autre,50.0,1
202400004527,2024-08-10,après-midi,,,77,77475,1,1,6,3,3,Départementale,50.0,1
202400004528,2024-04-26,soirée,,,75,75118,2,1,2,4,4,Voie communale,70.0,1
202400004529,2024-08-10,matin,,,77,77058,1,1,3,4,4,Voie communale,50.0,1
202400004530,2024-04-26,soirée,,,75,75120,1,1,4,4,4,Voie communale,70.0,1
202400004531,2024-04-26,soirée,,,75,75112,1,1,3,4,4,Voie communale,70.0,1
202400004532,2024-08-09,après-midi,,,76,76561,1,1,2,3,4,Voie communale,50.0,1
202400004533,2024-04-27,après-midi,,,75,75105,1,2,6,4,4,Voie communale,30.0,2
202400004534,2024-08-10,après-midi,,,72,72181,1,1,1,4,4,Voie communale,50.0,1
202400004535,2024-04-27,après-midi,,,75,75119,1,3,7,4,4,Voie communale,30.0,2
202400004536,2024-07-12,après-midi,,,71,71076,1,1,6,3,4,Voie communale,10.0,1
202400004537,2024-04-27,matin,,,75,75119,1,1,6,4,4,Voie communale,30.0,1
202400004538,2024-04-26,après-midi,,,75,75118,1,1,3,4,4,Voie communale,50.0,1
202400004539,2024-08-11,nuit,,,69,69259,5,1,3,3,4,Voie communale,50.0,1
202400004540,2024-04-27,soirée,,,75,75115,1,2,2,4,4,Voie communale,30.0,2
202400004541,2024-04-27,nuit,,,75,75111,5,2,6,4,4,Voie communale,30.0,2
202400004542,2024-08-10,après-midi,,,69,69259,1,1,6,3,4,Voie communale,50.0,1
202400004543,2024-04-27,nuit,,,75,75111,5,2,6,4,4,Voie communale,30.0,2
202400004544,2024-08-10,matin,,,67,67447,1,7,3,4,4,Voie communale,30.0,1
202400004545,2024-04-27,après-midi,,,75,75101,1,2,6,4,4,Voie communale,30.0,2
202400004546,2024-08-10,après-midi,,,65,65286,1,1,3,3,3,Départementale,50.0,1
202400004547,2024-04-26,nuit,,,94,94081,5,2,3,4,3,Départementale,50.0,2
202400004548,2024-04-27,nuit,,,94,94059,5,2,6,4,3,Départementale,50.0,2
202400004549,2024-08-10,matin,,,64,64483,1,1,3,3,3,Départementale,50.0,1
202400004550,2024-04-27,après-midi,,,94,94060,1,2,6,4,6,Autre,30.0,2
202400004551,2024-04-27,matin,,,94,94071,1,1,3,4,4,Voie communale,30.0,1
202400004552,2024-08-10,après-midi,,,63,63014,1,1,2,4,7,Autre,50.0,1
202400004553,2024-04-27,après-midi,,,93,93051,1,2,2,4,3,Départementale,,2
202400004554,2024-04-27,matin,,,93,93050,1,1,2,4,3,Départementale,50.0,1
202400004555,2024-08-10,matin,,,63,63113,1,1,6,4,4,Voie communale,30.0,1
202400004556,2024-04-27,matin,,,93,93050,1,1,6,4,3,Départementale,50.0,1
202400004557,2024-08-10,soirée,,,62,62270,1,1,3,3,3,Départementale,90.0,1
202400004558,2024-04-26,soirée,,,93,93032,5,1,6,3,3,Départementale,50.0,1
202400004559,2024-08-10,soirée,,,59,59163,1,1,6,4,4,Voie communale,45.0,1
202400004560,2024-08-10,après-midi,,,56,56121,1,1,6,4,4,Voie communale,30.0,1
202400004561,2024-04-27,soirée,,,92,92073,1,2,5,4,3,Départementale,50.0,2
202400004562,2024-08-10,nuit,,,54,54521,5,1,6,3,4,Voie communale,50.0,1
202400004563,2024-04-27,après-midi,,,92,92050,1,2,4,4,3,Départementale,50.0,2
202400004564,2024-08-10,après-midi,,,50,50218,1,1,2,4,3,Départementale,50.0,1
202400004565,2024-04-27,soirée,,,92,92024,5,3,3,4,3,Départementale,50.0,2
202400004566,2024-08-10,après-midi,,,49,49007,1,1,4,4,4,Voie communale,50.0,1
202400004567,2024-04-27,soirée,,,92,92071,5,3,7,4,3,Départementale,50.0,2
202400004568,2024-08-10,après-midi,,,49,49007,1,1,2,4,4,Voie communale,30.0,1
202400004569,2024-08-10,matin,,,45,45302,1,1,3,4,7,Autre,50.0,1
202400004570,2024-08-06,nuit,,,43,43089,3,1,7,4,3,Départementale,50.0,1
202400004571,2024-08-10,matin,,,43,43041,1,1,3,4,3,Départementale,50.0,1
202400004572,2024-08-10,soirée,,,41,41269,1,1,7,4,4,Voie communale,50.0,1
202400004573,2024-04-27,soirée,,,92,92004,1,2,3,4,3,Départementale,50.0,2
202400004574,2024-08-05,soirée,,,37,37261,1,1,7,4,4,Voie communale,50.0,1
202400004575,2024-04-28,nuit,,,43,43110,3,3,6,2,3,Départementale,90.0,2
202400004576,2024-03-09,nuit,,,34,34301,5,1,2,4,4,Voie communale,50.0,1
202400004577,2024-08-10,soirée,,,33,33069,1,1,6,4,4,Voie communale,50.0,1
202400004578,2024-08-09,après-midi,,,30,30243,1,1,3,4,3,Départementale,70.0,1
202400004579,2024-04-27,soirée,,,95,95487,2,2,4,4,3,Départementale,50.0,2
202400004580,2024-08-10,nuit,,,29,29019,4,1,3,4,4,Voie communale,30.0,1
202400004581,2024-04-27,nuit,,,36,36228,3,8,6,4,3,Départementale,50.0,2
202400004582,2024-08-10,après-midi,,,26,26198,1,1,3,4,4,Voie communale,50.0,1
202400004583,2024-04-27,nuit,,,974,97422,5,1,1,3,2,Nationale,50.0,1
202400004584,2024-08-10,matin,,,22,22113,1,1,2,3,4,Voie communale,50.0,1
202400004585,2024-08-10,matin,,,17,17306,1,1,6,4,4,Voie communale,30.0,1
202400004586,2024-08-10,après-midi,,,15,15014,1,1,3,4,3,Départementale,50.0,1
202400004587,2024-04-27,après-midi,,,22,22354,1,1,7,4,2,Nationale,110.0,1
202400004588,2024-08-10,matin,,,13,13005,1,1,2,4,4,Voie communale,50.0,1
202400004589,2024-08-09,matin,,,13,13004,1,1,4,4,2,Nationale,90.0,1
202400004590,2024-08-10,matin,,,13,13001,1,1,3,4,3,Départementale,50.0,1
202400004591,2024-08-10,matin,,,10,10387,1,1,6,3,4,Voie communale,50.0,1
202400004592,2024-08-10,après-midi,,,06,06088,1,1,6,2,4,Voie communale,50.0,1
202400004593,2024-08-10,matin,,,06,06104,1,1,3,3,3,Départementale,30.0,1
202400004594,2024-08-10,nuit,,,06,06030,5,1,3,3,3,Départementale,50.0,1
202400004595,2024-08-09,après-midi,,,01,01053,1,1,3,3,3,Départementale,50.0,1
202400004596,2024-08-10,soirée,,,75,75115,2,1,2,4,4,Voie communale,70.0,1
202400004597,2024-08-10,après-midi,,,75,75119,1,1,6,4,4,Voie communale,30.0,1
202400004598,2024-08-10,après-midi,,,75,75116,1,1,3,4,4,Voie communale,30.0,1
202400004599,2024-08-10,après-midi,,,75,75104,1,1,3,4,4,Voie communale,30.0,1
202400004600,2024-08-10,après-midi,,,75,75110,1,1,6,4,4,Voie communale,30.0,1
202400004601,2024-08-10,après-midi,,,75,75109,1,1,3,4,4,Voie communale,30.0,1
202400004602,2024-08-10,soirée,,,94,94081,1,1,3,4,4,Voie communale,50.0,1
202400004603,2024-08-10,après-midi,,,94,94041,1,1,6,4,3,Départementale,30.0,1
202400004604,2024-08-10,nuit,,,93,93066,5,1,6,4,4,Voie communale,50.0,1
202400004605,2024-08-10,nuit,,,93,93055,2,1,6,4,3,Départementale,50.0,1
202400004606,2024-08-10,nuit,,,93,93048,5,1,3,4,3,Départementale,30.0,1
202400004607,2024-08-10,matin,,,93,93031,1,1,6,3,3,Départementale,50.0,1
202400004608,2024-08-10,nuit,,,93,93027,5,1,4,4,3,Départementale,50.0,1
202400004609,2024-08-10,après-midi,,,93,93008,1,1,3,4,3,Départementale,50.0,1
202400004610,2024-08-17,après-midi,,,92,92064,1,3,3,4,3,Départementale,50.0,2
202400004611,2024-12-28,matin,,,60,60159,1,1,6,3,4,Voie communale,50.0,1
202400004612,2024-12-12,soirée,,,60,60352,3,8,7,3,3,Départementale,80.0,1
202400004613,2024-08-10,matin,,,92,92063,1,1,3,4,3,Départementale,30.0,1
202400004614,2024-08-10,après-midi,,,92,92050,1,1,3,4,4,Voie communale,50.0,1
202400004615,2024-08-27,matin,,,27,27681,1,1,3,4,4,Voie communale,30.0,1
202400004616,2024-08-20,nuit,,,27,27165,3,1,1,3,3,Départementale,50.0,1
202400004617,2024-08-10,matin,,,92,92040,1,1,3,4,3,Départementale,30.0,1
202400004618,2024-07-19,après-midi,,,27,27518,1,1,6,3,1,Autoroute,130.0,1
202400004619,2024-08-10,nuit,,,92,92060,5,1,3,4,4,Voie communale,50.0,1
202400004620,2024-11-21,soirée,,,38,38053,5,2,3,4,4,Voie communale,30.0,2
202400004621,2024-08-11,nuit,,,24,24135,2,1,1,2,3,Départementale,80.0,1
202400004622,2024-12-02,soirée,,,38,38053,3,3,7,4,3,Départementale,80.0,2
202400004623,2024-08-10,soirée,,,63,63302,1,1,7,3,4,Voie communale,50.0,1
202400004624,2024-08-11,matin,,,24,24442,1,1,1,4,3,Départementale,80.0,1
202400004625,2024-11-17,matin,,,34,34301,1,1,3,4,4,Voie communale,50.0,1
202400004626,2024-08-11,après-midi,,,28,28177,1,1,6,4,1,Autoroute,130.0,1
202400004627,2024-12-30,soirée,,,93,93066,5,1,1,3,4,Voie communale,50.0,1
202400004628,2024-02-08,matin,,,94,94068,2,2,6,4,3,Départementale,30.0,2
202400004629,2024-08-11,après-midi,,,974,97412,1,1,2,3,2,Nationale,50.0,1
202400004630,2024-12-27,après-midi,,,93,93066,1,1,6,4,4,Voie communale,50.0,1
202400004631,2024-02-09,matin,,,94,94042,1,2,3,4,3,Départementale,50.0,2
202400004632,2024-12-22,nuit,,,93,93066,5,2,3,4,3,Départementale,50.0,2
202400004633,2024-08-10,soirée,,,63,63143,2,7,3,3,3,Départementale,90.0,1
202400004634,2024-02-08,après-midi,,,94,94003,1,2,1,4,4,Voie communale,50.0,2
202400004635,2024-08-11,nuit,,,46,46148,3,1,6,3,3,Départementale,80.0,1
202400004636,2024-12-19,matin,,,93,93066,5,2,3,4,3,Départementale,50.0,2
202400004637,2024-08-11,matin,,,26,26247,1,1,6,3,2,Nationale,80.0,1
202400004638,2024-02-09,soirée,,,94,94021,5,1,5,4,3,Départementale,50.0,1
202400004639,2024-11-28,matin,,,93,93066,1,1,2,4,3,Départementale,50.0,1
202400004640,2024-08-11,après-midi,,,79,79057,1,1,7,4,3,Départementale,50.0,1
202400004641,2024-02-09,soirée,,,94,94016,5,1,6,4,3,Départementale,50.0,1
202400004642,2024-11-21,nuit,,,93,93066,5,4,2,4,3,Départementale,50.0,7
202400004643,2024-08-07,matin,,,2A,2A269,1,1,5,3,9,Autre,80.0,1
202400004644,2024-02-09,nuit,,,94,94077,5,1,3,4,4,Voie communale,30.0,1
202400004645,2024-11-19,après-midi,,,93,93066,1,2,3,4,4,Voie communale,30.0,2
202400004646,2024-02-09,soirée,,,94,94017,5,1,6,4,3,Départementale,30.0,1
202400004647,2024-09-25,après-midi,,,44,44154,1,3,3,4,4,Voie communale,50.0,2
202400004648,2024-02-09,matin,,,94,94017,2,8,6,4,3,Départementale,30.0,2
202400004649,2024-08-10,matin,,,69,69066,1,1,2,4,3,Départementale,80.0,1
202400004650,2024-10-04,après-midi,,,44,44054,1,1,3,4,3,Départementale,80.0,1
202400004651,2024-02-08,soirée,,,94,94071,5,1,2,3,3,Départementale,50.0,1
202400004652,2024-08-11,matin,,,71,71015,1,1,6,3,3,Départementale,80.0,1
202400004653,2024-12-08,nuit,,,25,25056,5,2,6,4,4,Voie communale,50.0,2
202400004654,2024-02-09,après-midi,,,93,93073,1,1,6,4,4,Voie communale,,1
202400004655,2024-12-10,après-midi,,,61,61394,2,1,6,4,3,Départementale,30.0,2
202400004656,2024-08-10,après-midi,,,71,71009,1,1,1,3,3,Départementale,80.0,1
202400004657,2024-08-10,nuit,,,61,61230,3,1,6,3,3,Départementale,90.0,1
202400004658,2024-02-09,soirée,,,93,93059,4,1,2,4,4,Voie communale,50.0,1
202400004659,2024-12-28,nuit,,,74,74010,5,5,3,4,4,Voie communale,30.0,2
202400004660,2024-08-11,après-midi,,,55,55527,1,1,7,4,3,Départementale,80.0,1
202400004661,2024-02-09,après-midi,,,93,93071,1,2,1,4,4,Voie communale,50.0,2
202400004662,2024-12-05,soirée,,,24,24557,5,2,4,4,3,Départementale,50.0,2
202400004663,2024-02-09,matin,,,93,93066,1,2,3,4,3,Départementale,50.0,2
202400004664,2024-08-07,matin,,,82,82186,4,2,2,4,3,Départementale,50.0,2
202400004665,2024-07-08,matin,,,49,49069,1,1,3,3,3,Départementale,80.0,1
202400004666,2024-12-19,après-midi,,,32,32312,1,2,6,3,3,Départementale,80.0,2
202400004667,2024-02-08,après-midi,,,93,93066,1,2,3,4,4,Voie communale,50.0,2
202400004668,2024-08-11,après-midi,,,12,12238,1,1,6,3,3,Départementale,90.0,1
202400004669,2024-12-09,après-midi,,,32,32312,1,2,6,3,3,Départementale,80.0,2
202400004670,2024-02-09,après-midi,,,93,93053,1,1,3,4,3,Départementale,50.0,1
202400004671,2024-10-27,après-midi,,,91,91312,1,1,6,2,9,Autre,50.0,1
202400004672,2024-08-10,nuit,,,47,47210,4,1,3,3,4,Voie communale,50.0,1
202400004673,2024-08-10,soirée,,,22,22135,2,1,6,3,3,Départementale,80.0,1
202400004674,2024-02-09,après-midi,,,93,93050,1,1,6,4,3,Départementale,50.0,1
202400004675,2024-12-05,soirée,,,84,84095,3,1,1,4,3,Départementale,50.0,1
202400004676,2024-02-08,soirée,,,93,93048,4,2,6,4,4,Voie communale,,2
202400004677,2024-12-09,après-midi,,,28,28391,1,8,1,4,3,Départementale,90.0,1
202400004678,2024-08-09,matin,,,39,39350,1,1,3,3,3,Départementale,90.0,1
202400004679,2024-12-05,matin,,,28,28280,5,2,7,3,4,Voie communale,,2
202400004680,2024-02-09,après-midi,,,93,93005,1,8,6,4,4,Voie communale,,1
202400004681,2024-11-01,nuit,,,28,28140,3,1,6,3,3,Départementale,50.0,1
202400004682,2024-08-10,soirée,,,25,25527,5,1,2,3,3,Départementale,90.0,1
202400004683,2024-02-09,après-midi,,,92,92046,1,1,3,4,3,Départementale,50.0,1
202400004684,2024-10-17,soirée,,,28,28121,1,1,1,4,3,Départementale,80.0,1
202400004685,2024-08-10,soirée,,,29,29111,1,1,2,4,3,Départementale,80.0,1
202400004686,2024-02-09,après-midi,,,92,92046,1,1,3,3,3,Départementale,50.0,1
202400004687,2024-11-28,matin,,,13,13001,1,1,3,4,7,Autre,50.0,1
202400004688,2024-07-16,après-midi,,,971,97117,1,1,1,4,2,Nationale,80.0,1
202400004689,2024-02-08,soirée,,,92,92077,3,2,3,4,3,Départementale,30.0,2