Num_Acc,date,time_of_day,lat,long,dep,com,lum,atm,col,severity_index,catr,catr_label,vma,surf
202400004690,2024-02-09,après-midi,,,92,92064,1,1,6,4,3,Départementale,50.0,1
202400004691,2024-08-09,matin,,,31,31487,1,7,6,3,3,Départementale,80.0,1
202400004692,2024-10-30,matin,,,24,24053,1,1,1,4,3,Départementale,80.0,1
202400004693,2024-02-08,nuit,,,92,92033,5,2,6,4,4,Voie communale,50.0,2
202400004694,2024-08-09,après-midi,,,84,84017,1,1,7,3,3,Départementale,80.0,1
202400004695,2024-02-09,après-midi,,,92,92050,1,1,3,4,4,Voie communale,50.0,1
202400004696,2024-04-16,nuit,,,93,93008,5,1,6,2,3,Départementale,,1
202400004697,2024-08-11,nuit,,,26,26376,3,1,7,3,3,Départementale,80.0,1
202400004698,2024-02-09,matin,,,92,92040,5,1,3,4,4,Voie communale,30.0,2
202400004699,2024-12-11,nuit,,,59,59400,2,1,6,3,3,Départementale,,1
202400004700,2024-08-10,après-midi,,,66,66187,1,1,1,4,3,Départementale,80.0,1
202400004701,2024-02-09,soirée,,,92,92025,5,1,3,4,4,Voie communale,30.0,1
202400004702,2024-05-31,nuit,,,972,97213,5,1,2,4,2,Nationale,60.0,1
202400004703,2024-02-09,matin,,,92,92012,1,8,3,4,3,Départementale,30.0,1
202400004704,2024-08-04,matin,,,14,14318,1,1,6,3,3,Départementale,30.0,1
202400004705,2024-05-31,matin,,,972,97213,1,1,2,3,1,Autoroute,90.0,1
202400004706,2024-02-09,après-midi,,,92,92002,1,1,6,3,4,Voie communale,1.0,1
202400004707,2024-08-10,soirée,,,90,90104,1,1,7,4,3,Départementale,90.0,1
202400004708,2024-05-24,matin,,,972,97213,1,1,2,4,3,Départementale,50.0,1
202400004709,2024-02-09,matin,,,92,92002,1,1,3,4,3,Départementale,50.0,1
202400004710,2024-08-11,matin,,,64,64257,1,1,1,3,3,Départementale,80.0,1
202400004711,2024-02-09,après-midi,,,24,24164,1,2,7,3,3,Départementale,50.0,2
202400004712,2024-05-19,soirée,,,972,97213,3,1,3,4,3,Départementale,70.0,1
202400004713,2024-08-10,matin,,,07,07023,1,1,7,4,4,Voie communale,90.0,9
202400004714,2024-08-10,soirée,,,85,85012,1,1,7,4,3,Départementale,50.0,1
202400004715,2024-05-07,après-midi,,,972,97213,1,1,3,3,3,Départementale,50.0,1
202400004716,2024-02-09,après-midi,,,22,22237,1,7,3,3,3,Départementale,50.0,1
202400004717,2024-04-30,matin,,,972,97213,1,1,2,4,2,Nationale,90.0,1
202400004718,2024-02-10,matin,,,85,85223,1,1,1,3,3,Départementale,80.0,1
202400004719,2024-08-10,après-midi,,,27,27126,1,1,3,3,4,Voie communale,50.0,1
202400004720,2024-08-11,matin,,,37,37117,1,1,2,3,3,Départementale,50.0,1
202400004721,2024-04-29,matin,,,972,97213,1,8,3,3,3,Départementale,50.0,1
202400004722,2024-02-09,soirée,,,85,85153,3,1,1,4,3,Départementale,80.0,1
202400004723,2024-08-09,soirée,,,30,30352,1,1,1,4,3,Départementale,80.0,1
202400004724,2024-02-10,nuit,,,51,51287,3,2,2,4,3,Départementale,70.0,2
202400004725,2024-04-25,matin,,,972,97213,1,1,4,4,1,Autoroute,90.0,1
202400004726,2024-08-11,après-midi,,,10,10363,1,1,6,4,1,Autoroute,130.0,1
202400004727,2024-02-09,après-midi,,,78,78031,1,1,3,4,3,Départementale,50.0,1
202400004728,2024-04-24,nuit,,,972,97213,5,1,7,4,4,Voie communale,50.0,1
202400004729,2024-02-09,après-midi,,,61,61404,2,8,6,4,3,Départementale,90.0,2
202400004730,2024-08-11,nuit,,,13,13069,3,1,3,3,4,Voie communale,50.0,1
202400004731,2024-04-13,matin,,,972,97213,1,2,2,4,1,Autoroute,90.0,2
202400004732,2024-02-09,nuit,,,42,42212,3,1,6,4,2,Nationale,110.0,1
202400004733,2024-08-10,après-midi,,,01,01331,1,1,6,4,1,Autoroute,110.0,1
202400004734,2024-04-12,matin,,,972,97213,1,1,4,3,1,Autoroute,90.0,1
202400004735,2024-02-10,matin,,,42,42013,1,2,5,4,3,Départementale,50.0,2
202400004736,2024-08-10,soirée,,,38,38048,2,7,3,4,3,Départementale,50.0,1
202400004737,2024-02-10,matin,,,47,47097,3,2,6,4,3,Départementale,80.0,2
202400004738,2024-12-29,soirée,,,84,84054,5,1,2,4,4,Voie communale,50.0,1
202400004739,2024-12-22,nuit,,,84,84031,5,2,6,3,4,Voie communale,50.0,2
202400004740,2024-02-09,après-midi,,,35,35248,1,1,6,3,3,Départementale,80.0,2
202400004741,2024-12-22,nuit,,,84,84031,5,1,6,3,4,Voie communale,50.0,1
202400004742,2024-08-11,matin,,,63,63430,1,1,2,4,1,Autoroute,130.0,1
202400004743,2024-02-10,matin,,,29,29207,1,8,3,3,3,Départementale,80.0,2
202400004744,2024-12-19,après-midi,,,84,84026,1,1,6,3,3,Départementale,80.0,1
202400004745,2024-08-10,nuit,,,36,36200,3,1,2,3,1,Autoroute,130.0,1
202400004746,2024-12-16,matin,,,84,84031,1,1,3,3,4,Voie communale,30.0,1
202400004747,2024-02-09,après-midi,,,29,29037,1,1,2,4,3,Départementale,80.0,1
202400004748,2024-02-10,nuit,,,58,58207,3,1,6,3,3,Départementale,80.0,2
202400004749,2024-08-10,après-midi,,,11,11379,1,1,2,3,1,Autoroute,130.0,1
202400004750,2024-12-16,soirée,,,49,49007,5,1,3,4,4,Voie communale,,1
202400004751,2024-02-10,après-midi,,,58,58021,1,2,6,3,3,Départementale,50.0,2
202400004752,2024-08-10,matin,,,987,98733,1,1,6,4,2,Nationale,60.0,1
202400004753,2024-11-07,matin,,,80,80109,3,5,1,3,3,Départementale,80.0,1
202400004754,2024-02-04,après-midi,,,66,66053,1,1,7,4,3,Départementale,50.0,1
202400004755,2024-08-11,après-midi,,,91,91593,1,1,6,3,4,Voie communale,80.0,1
202400004756,2024-06-22,nuit,,,93,93008,5,1,1,4,3,Départementale,50.0,1
202400004757,2024-08-11,matin,,,2B,2B093,1,1,6,4,2,Nationale,70.0,1
202400004758,2024-11-08,matin,,,85,85194,1,1,6,3,4,Voie communale,30.0,1
202400004759,2024-02-09,après-midi,,,16,16253,2,1,1,4,3,Départementale,80.0,1
202400004760,2024-08-11,après-midi,,,71,71176,1,1,2,3,4,Voie communale,50.0,1
202400004761,2024-03-07,soirée,,,93,93014,5,1,6,4,4,Voie communale,30.0,1
202400004762,2024-02-03,matin,,,07,07230,1,1,3,4,3,Départementale,,1
202400004763,2024-08-11,après-midi,,,88,88273,1,1,1,3,3,Départementale,80.0,1
202400004764,2024-12-15,soirée,,,03,03310,5,1,3,4,4,Voie communale,50.0,1
202400004765,2024-02-06,matin,,,34,34153,1,1,7,4,3,Départementale,,1
202400004766,2024-08-11,matin,,,63,63150,1,1,7,3,3,Départementale,30.0,1
202400004767,2024-11-23,matin,,,03,03023,1,1,3,3,4,Voie communale,,1
202400004768,2024-08-09,soirée,,,63,63284,1,1,2,4,7,Autre,50.0,1
202400004769,2024-02-09,soirée,,,21,21042,3,1,6,4,1,Autoroute,130.0,1
202400004770,2024-11-12,matin,,,03,03095,1,1,3,3,3,Départementale,50.0,1
202400004771,2024-08-10,après-midi,,,73,73006,1,1,3,4,3,Départementale,50.0,1
202400004772,2024-10-20,soirée,,,03,03023,3,1,3,4,3,Départementale,50.0,1
202400004773,2024-09-27,soirée,,,03,03310,1,2,6,4,4,Voie communale,50.0,2
202400004774,2024-02-09,soirée,,,77,77071,3,1,5,3,1,Autoroute,130.0,1
202400004775,2024-08-11,après-midi,,,07,07042,1,1,7,3,4,Voie communale,50.0,1
202400004776,2024-10-24,après-midi,,,75,75105,1,1,6,4,4,Voie communale,50.0,1
202400004777,2024-08-09,matin,,,01,01027,1,1,2,4,3,Départementale,80.0,1
202400004778,2024-02-07,après-midi,,,77,77238,2,2,3,4,3,Départementale,80.0,2
202400004779,2024-04-05,après-midi,,,03,03095,1,7,3,3,4,Voie communale,50.0,1
202400004780,2024-08-08,soirée,,,69,69160,1,1,6,4,3,Départementale,80.0,1
202400004781,2024-02-10,matin,,,83,83065,1,3,6,4,3,Départementale,70.0,2
202400004782,2024-02-09,matin,,,13,13018,2,2,7,3,3,Départementale,80.0,2
202400004783,2024-03-25,après-midi,,,03,03095,1,1,2,3,4,Voie communale,,1
202400004784,2024-08-10,après-midi,,,17,17058,1,1,3,4,3,Départementale,50.0,1
202400004785,2024-12-28,soirée,,,28,28404,5,1,6,4,6,Autre,10.0,1
202400004786,2024-02-09,après-midi,,,01,01249,2,3,1,4,3,Départementale,50.0,2
202400004787,2024-02-10,après-midi,,,69,69171,1,2,6,2,3,Départementale,70.0,2
202400004788,2024-12-24,matin,,,28,28404,3,2,6,4,4,Voie communale,30.0,2
202400004789,2024-08-10,soirée,,,33,33300,5,1,5,4,3,Départementale,,1
202400004790,2024-02-10,matin,,,85,85088,1,1,3,3,3,Départementale,50.0,1
202400004791,2024-12-19,soirée,,,28,28134,5,2,6,4,4,Voie communale,30.0,2
202400004792,2024-08-10,matin,,,33,33439,1,1,6,3,3,Départementale,50.0,1
202400004793,2024-02-10,matin,,,29,29179,1,8,6,3,3,Départementale,80.0,2
202400004794,2024-12-15,matin,,,28,28134,1,1,6,4,4,Voie communale,50.0,2
202400004795,2024-02-09,soirée,,,29,29180,3,2,6,3,3,Départementale,80.0,2
202400004796,2024-11-22,soirée,,,60,60176,3,9,6,4,3,Départementale,80.0,2
202400004797,2024-02-10,matin,,,80,80784,1,8,1,4,3,Départementale,80.0,2
202400004798,2024-12-17,matin,,,84,84089,2,1,6,4,4,Voie communale,50.0,1
202400004799,2024-02-09,nuit,,,59,59430,3,2,1,4,3,Départementale,70.0,2
202400004800,2024-02-08,matin,,,13,13001,1,1,2,4,1,Autoroute,90.0,1
202400004801,2024-12-27,soirée,,,32,32013,3,5,5,4,3,Départementale,70.0,1
202400004802,2024-02-09,nuit,,,83,83069,5,2,2,4,1,Autoroute,50.0,2
202400004803,2024-11-30,après-midi,,,13,13118,2,1,7,3,1,Autoroute,130.0,1
202400004804,2024-02-08,matin,,,83,83137,1,1,3,4,1,Autoroute,70.0,1
202400004805,2024-11-08,après-midi,,,41,41161,1,1,1,2,3,Départementale,,1
202400004806,2024-02-08,matin,,,59,59271,1,3,6,4,1,Autoroute,50.0,2
202400004807,2024-02-09,matin,,,91,91086,1,1,3,4,2,Nationale,110.0,1
202400004808,2024-11-23,matin,,,88,88475,3,4,1,4,3,Départementale,90.0,2
202400004809,2024-11-24,nuit,,,88,88101,3,1,1,4,3,Départementale,90.0,1
202400004810,2024-02-09,nuit,,,94,94043,5,2,3,4,1,Autoroute,50.0,2
202400004811,2024-12-22,après-midi,,,88,88440,1,4,6,3,1,Autoroute,130.0,2
202400004812,2024-02-09,nuit,,,94,94037,5,2,6,4,1,Autoroute,50.0,2
202400004813,2024-12-27,matin,,,88,88486,1,7,1,3,3,Départementale,50.0,1
202400004814,2024-02-09,soirée,,,78,78043,3,1,3,4,1,Autoroute,110.0,1
202400004815,2024-12-21,matin,,,88,88181,1,1,1,2,4,Voie communale,50.0,1
202400004816,2024-02-09,après-midi,,,78,78007,1,1,4,3,1,Autoroute,110.0,1
202400004817,2024-12-21,soirée,,,88,88101,3,3,1,3,3,Départementale,90.0,2
202400004818,2024-02-09,matin,,,92,92051,1,1,6,4,2,Nationale,70.0,1
202400004819,2024-02-09,nuit,,,78,78140,3,1,6,4,1,Autoroute,130.0,1
202400004820,2024-12-21,après-midi,,,88,88047,1,2,5,4,3,Départementale,90.0,2
202400004821,2024-02-08,nuit,,,92,92063,5,2,3,4,1,Autoroute,90.0,2
202400004822,2024-12-20,soirée,,,88,88372,3,1,2,4,3,Départementale,50.0,2
202400004823,2024-02-08,matin,,,92,92064,1,2,5,4,1,Autoroute,90.0,2
202400004824,2024-12-17,matin,,,88,88321,1,8,2,4,4,Voie communale,50.0,1
202400004825,2024-02-08,matin,,,92,92025,2,2,2,4,1,Autoroute,90.0,2
202400004826,2024-12-16,après-midi,,,88,88161,2,8,1,2,3,Départementale,50.0,2
202400004827,2024-12-15,soirée,,,88,88415,4,1,1,4,3,Départementale,50.0,1
202400004828,2024-02-07,soirée,,,92,92023,4,2,2,4,1,Autoroute,90.0,2
202400004829,2024-12-07,matin,,,88,88268,1,2,1,4,2,Nationale,80.0,2
202400004830,2024-11-14,soirée,,,84,84106,3,1,3,3,3,Départementale,50.0,1
202400004831,2024-12-30,matin,,,84,84137,1,1,6,3,4,Voie communale,50.0,7
202400004832,2024-02-08,après-midi,,,95,95241,1,2,2,4,2,Nationale,110.0,2
202400004833,2024-12-03,après-midi,,,84,84019,1,1,6,3,3,Départementale,,1
202400004834,2024-12-28,soirée,,,74,74105,4,5,3,4,4,Voie communale,50.0,1
202400004835,2024-10-28,nuit,,,74,74002,3,1,1,3,3,Départementale,80.0,1
202400004836,2024-02-07,soirée,,,95,95572,3,2,5,4,1,Autoroute,90.0,2
202400004837,2024-08-31,après-midi,,,74,74099,1,1,1,3,3,Départementale,50.0,1
202400004838,2024-02-09,matin,,,93,93051,2,1,5,4,1,Autoroute,110.0,1
202400004839,2024-02-09,nuit,,,77,77468,3,3,6,4,1,Autoroute,90.0,2
202400004840,2024-02-26,soirée,,,93,93005,4,2,2,2,3,Départementale,30.0,2
202400004841,2024-02-08,matin,,,974,97416,1,1,2,4,3,Départementale,50.0,1
202400004842,2024-11-18,nuit,,,91,91179,3,3,3,4,1,Autoroute,110.0,2
202400004843,2024-12-27,soirée,,,44,44020,3,1,6,4,2,Nationale,70.0,1
202400004844,2024-02-07,après-midi,,,974,97411,2,1,3,4,4,Voie communale,30.0,1
202400004845,2024-12-28,après-midi,,,84,84065,1,1,7,3,4,Voie communale,50.0,6
202400004846,2024-02-06,soirée,,,974,97411,1,1,6,4,4,Voie communale,30.0,1
202400004847,2024-12-26,après-midi,,,84,84101,1,1,7,3,4,Voie communale,80.0,7
202400004848,2024-02-08,matin,,,973,97302,1,1,3,4,3,Départementale,50.0,1
202400004849,2024-12-13,soirée,,,84,84003,5,2,6,3,3,Départementale,50.0,2
202400004850,2024-02-07,matin,,,973,97302,2,1,6,4,3,Départementale,50.0,1
202400004851,2024-12-25,nuit,,,44,44109,5,1,6,4,4,Voie communale,50.0,1
202400004852,2024-02-08,matin,,,2B,2B033,2,1,1,3,4,Voie communale,50.0,1
202400004853,2024-12-18,matin,,,44,44109,1,1,6,4,4,Voie communale,50.0,1
202400004854,2024-11-29,nuit,,,44,44190,3,1,6,4,2,Nationale,70.0,1
202400004855,2024-02-07,soirée,,,91,91552,4,2,6,4,3,Départementale,70.0,2
202400004856,2024-11-25,nuit,,,44,44162,3,1,6,4,4,Voie communale,50.0,1
202400004857,2024-02-08,matin,,,91,91027,5,2,2,4,4,Voie communale,50.0,2
202400004858,2024-02-07,matin,,,91,91228,2,2,3,4,4,Voie communale,50.0,2
202400004859,2024-11-30,soirée,,,24,24037,3,1,5,4,3,Départementale,90.0,1
202400004860,2024-11-19,après-midi,,,91,91659,1,3,3,4,1,Autoroute,110.0,2
202400004861,2024-02-07,matin,,,84,84007,1,1,5,4,4,Voie communale,50.0,1
202400004862,2024-11-19,après-midi,,,91,91521,1,2,3,4,2,Nationale,50.0,2
202400004863,2024-02-08,nuit,,,83,83069,5,1,1,4,6,Autre,30.0,1
202400004864,2024-11-19,matin,,,91,91617,3,2,6,4,2,Nationale,70.0,2
202400004865,2024-02-07,matin,,,80,80674,1,2,3,4,4,Voie communale,50.0,2
202400004866,2024-11-18,soirée,,,91,91235,3,2,3,4,2,Nationale,110.0,2
202400004867,2024-11-17,soirée,,,91,91064,3,1,2,4,3,Départementale,70.0,1
202400004868,2024-10-18,matin,,,91,91377,1,1,2,4,1,Autoroute,90.0,2
202400004869,2024-02-08,après-midi,,,77,77243,1,1,6,4,3,Départementale,70.0,1
202400004870,2024-12-18,matin,,,69,69387,1,1,6,4,4,Voie communale,50.0,1
202400004871,2024-09-26,matin,,,34,34032,1,1,6,4,4,Voie communale,,1
202400004872,2024-02-08,matin,,,76,76351,1,2,4,4,3,Départementale,50.0,2
202400004873,2024-11-17,après-midi,,,84,84003,5,1,3,3,3,Départementale,30.0,1
202400004874,2024-10-14,après-midi,,,84,84003,1,2,7,3,3,Départementale,30.0,2
202400004875,2024-02-07,après-midi,,,76,76351,1,2,3,4,4,Voie communale,50.0,2
202400004876,2024-08-31,après-midi,,,84,84118,1,1,7,4,3,Départementale,80.0,1
202400004877,2024-02-08,matin,,,74,74218,5,2,1,4,3,Départementale,70.0,2
202400004878,2024-11-30,matin,,,91,91468,1,1,2,4,1,Autoroute,110.0,1
202400004879,2024-02-08,matin,,,73,73008,1,1,7,3,3,Départementale,50.0,1
202400004880,2024-11-28,soirée,,,91,91174,3,1,6,4,2,Nationale,70.0,1
202400004881,2024-02-07,soirée,,,71,71059,5,2,3,4,4,Voie communale,50.0,2
202400004882,2024-10-29,soirée,,,91,91689,3,1,3,4,1,Autoroute,110.0,1
202400004883,2024-11-22,matin,,,44,44143,2,1,3,4,4,Voie communale,30.0,1
202400004884,2024-02-08,matin,,,69,69266,5,1,2,4,4,Voie communale,50.0,2
202400004885,2024-11-13,matin,,,44,44114,5,1,3,4,4,Voie communale,50.0,1
202400004886,2024-02-08,après-midi,,,69,69264,1,1,6,4,3,Départementale,30.0,1
202400004887,2024-10-23,matin,,,44,44114,2,1,6,4,4,Voie communale,80.0,1
202400004888,2024-11-25,matin,,,91,91689,3,2,7,4,1,Autoroute,110.0,2
202400004889,2024-02-08,matin,,,69,69092,1,2,3,4,4,Voie communale,30.0,2
202400004890,2024-10-06,matin,,,44,44114,1,1,7,4,4,Voie communale,50.0,1
202400004891,2024-02-08,après-midi,,,69,69290,1,1,3,4,7,Autre,50.0,1
202400004892,2024-09-01,nuit,,,44,44109,5,1,6,4,4,Voie communale,50.0,1
202400004893,2024-02-07,nuit,,,67,67043,5,1,6,4,7,Autre,50.0,1
202400004894,2024-08-23,matin,,,44,44109,1,1,7,4,4,Voie communale,30.0,1
202400004895,2024-02-07,matin,,,67,67218,1,2,6,3,4,Voie communale,20.0,2
202400004896,2024-08-07,matin,,,44,44109,1,1,3,4,4,Voie communale,30.0,1
202400004897,2024-08-04,nuit,,,44,44109,5,1,6,4,4,Voie communale,30.0,1
202400004898,2024-02-07,après-midi,,,66,66136,1,1,2,4,4,Voie communale,50.0,1
202400004899,2024-08-02,matin,,,44,44109,1,1,3,4,4,Voie communale,50.0,1
202400004900,2024-07-27,nuit,,,44,44109,5,1,7,4,4,Voie communale,50.0,1
202400004901,2024-02-08,soirée,,,63,63113,5,1,1,4,7,Autre,,1
202400004902,2024-02-08,matin,,,61,61001,5,2,6,4,3,Départementale,50.0,2
202400004903,2024-07-02,soirée,,,44,44114,1,1,3,4,4,Voie communale,50.0,1
202400004904,2024-02-08,matin,,,61,61001,5,2,3,4,3,Départementale,50.0,2
202400004905,2024-12-27,après-midi,,,74,74312,1,8,6,4,4,Voie communale,80.0,2
202400004906,2024-12-14,après-midi,,,74,74168,1,1,1,4,3,Départementale,70.0,2
202400004907,2024-02-08,matin,,,59,59599,1,2,3,4,4,Voie communale,30.0,2
202400004908,2024-12-26,nuit,,,74,74238,4,1,7,3,3,Départementale,50.0,7
202400004909,2024-02-08,après-midi,,,59,59272,1,8,6,2,4,Voie communale,50.0,2
202400004910,2024-12-16,matin,,,74,74044,1,7,3,3,4,Voie communale,50.0,1
202400004911,2024-02-07,après-midi,,,57,57630,1,3,6,3,4,Voie communale,50.0,2
202400004912,2024-12-16,après-midi,,,74,74016,3,1,2,4,3,Départementale,80.0,1
202400004913,2024-02-07,après-midi,,,56,56121,1,2,3,4,4,Voie communale,30.0,2
202400004914,2024-12-26,après-midi,,,74,74012,1,1,2,3,4,Voie communale,20.0,1
202400004915,2024-02-07,soirée,,,54,54439,5,1,2,4,4,Voie communale,50.0,1
202400004916,2024-12-17,nuit,,,74,74159,3,9,6,4,3,Départementale,50.0,7
202400004917,2024-12-25,après-midi,,,74,74012,1,1,6,4,4,Voie communale,50.0,1
202400004918,2024-02-08,après-midi,,,53,53034,1,1,5,4,3,Départementale,90.0,1
202400004919,2024-12-20,après-midi,,,74,74081,1,1,6,3,6,Autre,30.0,1
202400004920,2024-02-08,matin,,,51,51454,5,2,4,4,4,Voie communale,70.0,2
202400004921,2024-12-22,après-midi,,,74,74275,1,4,7,4,3,Départementale,80.0,5
202400004922,2024-02-08,matin,,,51,51454,2,2,7,4,4,Voie communale,,2
202400004923,2024-12-25,nuit,,,74,74081,3,8,1,4,3,Départementale,50.0,2
202400004924,2024-02-08,matin,,,51,51453,1,2,1,2,3,Départementale,80.0,2
202400004925,2024-12-20,après-midi,,,74,74256,1,1,6,2,4,Voie communale,,1
202400004926,2024-02-08,soirée,,,46,46042,3,2,1,4,3,Départementale,50.0,2
202400004927,2024-12-22,matin,,,74,74080,3,3,7,4,3,Départementale,80.0,2
202400004928,2024-02-03,après-midi,,,43,43157,1,1,6,4,4,Voie communale,50.0,1
202400004929,2024-02-08,après-midi,,,37,37233,1,2,3,4,4,Voie communale,50.0,2
202400004930,2024-12-16,après-midi,,,74,74169,1,2,1,3,4,Voie communale,50.0,2
202400004931,2024-12-16,après-midi,,,74,74220,3,1,6,3,3,Départementale,70.0,1
202400004932,2024-02-08,après-midi,,,37,37261,1,2,7,4,4,Voie communale,50.0,2
202400004933,2024-12-16,après-midi,,,74,74035,1,1,1,4,3,Départementale,70.0,1
202400004934,2024-02-08,matin,,,37,37261,1,2,6,4,4,Voie communale,50.0,2
202400004935,2024-02-07,après-midi,,,37,37122,1,2,6,4,4,Voie communale,50.0,2
202400004936,2024-12-14,matin,,,74,74223,1,4,1,3,3,Départementale,80.0,5
202400004937,2024-02-08,matin,,,35,35238,4,2,3,4,2,Nationale,50.0,2
202400004938,2024-06-29,nuit,,,44,44109,5,1,3,4,4,Voie communale,30.0,1
202400004939,2024-02-08,matin,,,35,35238,5,2,3,4,4,Voie communale,30.0,2
202400004940,2024-06-28,matin,,,44,44143,1,1,6,4,4,Voie communale,30.0,1
202400004941,2024-02-07,matin,,,34,34172,1,1,2,4,4,Voie communale,50.0,1
202400004942,2024-12-20,après-midi,,,84,84035,1,6,1,4,3,Départementale,80.0,1
202400004943,2024-11-28,matin,,,2B,2B050,1,1,6,2,2,Nationale,70.0,1
202400004944,2024-02-08,après-midi,,,32,32013,1,8,3,4,4,Voie communale,20.0,2
202400004945,2024-02-08,soirée,,,31,31069,5,2,6,3,4,Voie communale,50.0,2
202400004946,2024-11-25,soirée,,,91,91661,3,1,2,4,1,Autoroute,90.0,2
202400004947,2024-02-08,après-midi,,,31,31555,1,1,3,4,7,Autre,50.0,1
202400004948,2024-12-30,matin,,,30,30189,1,1,6,3,4,Voie communale,50.0,1
202400004949,2024-10-07,matin,,,60,60138,1,1,4,4,3,Départementale,90.0,1
202400004950,2024-02-07,après-midi,,,19,19031,1,1,3,4,4,Voie communale,50.0,1
202400004951,2024-10-01,après-midi,,,60,60286,1,7,6,4,3,Départementale,50.0,1
202400004952,2024-02-08,nuit,,,18,18279,4,2,6,3,4,Voie communale,50.0,2
202400004953,2024-10-30,matin,,,55,55181,2,1,3,4,3,Départementale,50.0,1
202400004954,2024-02-08,matin,,,14,14118,3,2,7,3,4,Voie communale,50.0,2
202400004955,2024-02-08,soirée,,,13,13209,5,1,3,4,4,Voie communale,50.0,1
202400004956,2024-11-21,soirée,,,14,14220,5,4,2,4,4,Voie communale,50.0,2
202400004957,2024-02-08,soirée,,,13,13210,5,1,6,3,4,Voie communale,50.0,1
202400004958,2024-02-08,matin,,,13,13214,1,1,1,4,4,Voie communale,50.0,1
202400004959,2024-12-13,matin,,,74,74007,2,1,1,3,3,Départementale,70.0,1
202400004960,2024-02-03,matin,,,13,13214,1,1,6,2,4,Voie communale,50.0,1
202400004961,2024-02-08,après-midi,,,13,13028,1,1,3,4,4,Voie communale,50.0,1
202400004962,2024-12-12,soirée,,,74,74171,3,1,3,3,3,Départementale,80.0,1
202400004963,2024-02-08,matin,,,13,13004,1,1,3,3,4,Voie communale,50.0,1
202400004964,2024-12-12,matin,,,74,74143,1,1,6,3,3,Départementale,50.0,1
202400004965,2024-02-02,soirée,,,13,13001,5,1,6,3,3,Départementale,50.0,1
202400004966,2024-12-09,après-midi,,,74,74280,1,1,6,2,3,Départementale,50.0,2
202400004967,2024-02-07,matin,,,11,11069,2,1,2,4,4,Voie communale,50.0,1
202400004968,2024-11-21,après-midi,,,32,32119,1,1,6,4,3,Départementale,30.0,1
202400004969,2024-02-08,soirée,,,10,10387,5,2,7,4,4,Voie communale,50.0,2
202400004970,2024-02-08,soirée,,,08,08409,5,3,6,4,4,Voie communale,50.0,3
202400004971,2024-11-29,matin,,,32,32043,1,1,5,3,3,Départementale,80.0,1
202400004972,2024-02-07,matin,,,07,07281,1,1,3,4,4,Voie communale,50.0,1
202400004973,2024-11-21,après-midi,,,32,32121,2,1,3,3,3,Départementale,80.0,1
202400004974,2024-02-08,après-midi,,,06,06088,1,1,3,3,4,Voie communale,50.0,1
202400004975,2024-11-21,après-midi,,,29,29158,1,6,1,4,4,Voie communale,50.0,1
202400004976,2024-02-08,matin,,,06,06069,1,1,3,4,4,Voie communale,50.0,1
202400004977,2024-11-28,après-midi,,,13,13021,1,1,2,2,3,Départementale,110.0,1
202400004978,2024-02-08,soirée,,,06,06029,5,1,1,4,3,Départementale,50.0,1
202400004979,2024-12-16,matin,,,62,62473,1,1,7,2,4,Voie communale,80.0,6
202400004980,2024-02-08,matin,,,04,04070,1,1,1,4,4,Voie communale,50.0,1
202400004981,2024-10-03,nuit,,,62,62108,5,1,3,4,4,Voie communale,50.0,1
202400004982,2024-02-08,matin,,,01,01053,2,2,3,4,3,Départementale,50.0,2
202400004983,2024-02-08,soirée,,,75,75113,5,2,2,4,4,Voie communale,70.0,2
202400004984,2024-05-07,soirée,,,44,44162,1,1,4,4,4,Voie communale,50.0,1
202400004985,2024-05-02,après-midi,,,44,44109,1,1,3,4,4,Voie communale,30.0,1
202400004986,2024-02-08,nuit,,,75,75118,5,2,5,4,4,Voie communale,30.0,2
202400004987,2024-04-30,après-midi,,,44,44109,1,1,6,4,4,Voie communale,30.0,1
202400004988,2024-01-19,nuit,,,64,64102,5,1,6,3,3,Départementale,50.0,1
202400004989,2024-02-08,après-midi,,,75,75117,1,2,3,4,4,Voie communale,30.0,2
202400004990,2024-02-07,matin,,,75,75114,1,2,6,4,4,Voie communale,30.0,2
202400004991,2024-04-17,matin,,,44,44109,1,1,3,4,4,Voie communale,50.0,1
202400004992,2024-02-08,après-midi,,,75,75113,1,2,6,4,4,Voie communale,30.0,2
202400004993,2024-10-31,après-midi,,,62,62108,1,1,6,4,4,Voie communale,50.0,1
202400004994,2024-12-07,nuit,,,84,84142,3,1,6,3,3,Départementale,80.0,1
202400004995,2024-02-08,soirée,,,75,75111,5,2,6,4,4,Voie communale,30.0,2
202400004996,2024-02-08,matin,,,75,75108,1,2,7,4,4,Voie communale,30.0,2
202400004997,2024-10-18,nuit,,,84,84004,3,1,3,4,3,Départementale,80.0,1
202400004998,2024-02-08,après-midi,,,75,75107,1,2,6,4,4,Voie communale,30.0,2
202400004999,2024-02-08,matin,,,75,75107,1,2,6,3,4,Voie communale,30.0,2
202400005000,2024-08-31,matin,,,84,84122,2,1,1,3,3,Départementale,80.0,1
202400005001,2024-02-07,après-midi,,,75,75107,1,2,6,4,4,Voie communale,30.0,2
202400005002,2024-12-23,soirée,,,74,74012,5,2,6,4,4,Voie communale,50.0,2
202400005003,2024-02-08,soirée,,,94,94078,2,2,3,4,4,Voie communale,50.0,2