Num_Acc,date,time_of_day,lat,long,dep,com,lum,atm,col,severity_index,catr,catr_label,vma,surf
202400005004,2024-12-18,nuit,,,74,74010,5,1,3,4,4,Voie communale,50.0,1
202400005005,2024-02-08,après-midi,,,94,94046,1,2,5,4,4,Voie communale,50.0,2
202400005006,2024-12-13,après-midi,,,74,74010,1,1,3,4,4,Voie communale,30.0,1
202400005007,2024-02-08,après-midi,,,93,93078,1,2,6,4,4,Voie communale,50.0,2
202400005008,2024-12-02,matin,,,74,74012,2,9,3,4,4,Voie communale,50.0,2
202400005009,2024-02-08,soirée,,,93,93059,5,8,6,3,4,Voie communale,50.0,2
202400005010,2024-09-12,matin,,,73,73181,1,1,6,3,3,Départementale,50.0,1
202400005011,2024-02-08,soirée,,,93,93005,5,2,1,4,4,Voie communale,,2
202400005012,2024-09-04,après-midi,,,73,73003,1,1,6,3,2,Nationale,70.0,2
202400005013,2024-02-08,matin,,,93,93005,1,8,1,4,4,Voie communale,30.0,1
202400005014,2024-10-21,matin,,,19,19146,1,1,2,4,3,Départementale,50.0,1
202400005015,2024-02-08,soirée,,,93,93066,5,2,3,3,4,Voie communale,50.0,2
202400005016,2024-11-15,après-midi,,,50,50272,1,1,6,4,3,Départementale,80.0,1
202400005017,2024-02-08,matin,,,93,93066,1,2,3,4,3,Départementale,50.0,2
202400005018,2024-10-31,soirée,,,73,73106,3,1,1,3,3,Départementale,80.0,1
202400005019,2024-02-08,matin,,,93,93064,1,2,6,4,3,Départementale,50.0,2
202400005020,2024-01-19,après-midi,,,64,64445,1,1,3,4,4,Voie communale,50.0,1
202400005021,2024-02-08,nuit,,,93,93032,5,2,3,3,3,Départementale,50.0,2
202400005022,2024-09-30,après-midi,,,84,84143,1,1,1,3,3,Départementale,80.0,1
202400005023,2024-02-07,matin,,,93,93032,1,3,6,4,3,Départementale,50.0,2
202400005024,2024-09-29,matin,,,84,84099,1,1,1,4,4,Voie communale,30.0,1
202400005025,2024-02-08,matin,,,93,93057,1,2,3,4,3,Départementale,50.0,2
202400005026,2024-10-13,soirée,,,84,84092,3,1,6,3,3,Départementale,80.0,1
202400005027,2024-07-19,après-midi,,,63,63113,1,1,2,4,4,Voie communale,30.0,1
202400005028,2024-02-08,soirée,,,93,93005,5,2,6,4,4,Voie communale,,2
202400005029,2024-03-28,soirée,,,44,44190,5,1,6,4,4,Voie communale,50.0,1
202400005030,2024-06-05,nuit,,,95,95488,3,1,6,4,1,Autoroute,110.0,1
202400005031,2024-02-08,après-midi,,,93,93001,1,2,2,4,3,Départementale,30.0,2
202400005032,2024-08-09,soirée,,,09,09282,2,1,6,2,3,Départementale,50.0,1
202400005033,2024-06-04,soirée,,,93,93010,2,1,3,3,1,Autoroute,90.0,1
202400005034,2024-02-08,matin,,,92,92078,1,2,6,4,3,Départementale,70.0,2
202400005035,2024-03-20,après-midi,,,44,44162,1,1,7,4,4,Voie communale,50.0,1
202400005036,2024-02-07,nuit,,,92,92073,4,2,7,4,3,Départementale,50.0,2
202400005037,2024-06-06,après-midi,,,77,77146,1,1,2,4,1,Autoroute,110.0,1
202400005038,2024-03-14,après-midi,,,44,44143,1,1,6,4,6,Autre,30.0,1
202400005039,2024-02-07,soirée,,,92,92072,5,2,6,4,3,Départementale,50.0,2
202400005040,2024-06-06,matin,,,93,93051,1,1,2,4,1,Autoroute,50.0,1
202400005041,2024-03-13,après-midi,,,44,44109,1,1,2,4,4,Voie communale,30.0,1
202400005042,2024-02-03,après-midi,,,88,88413,1,1,2,3,6,Autre,30.0,1
202400005043,2024-02-08,après-midi,,,92,92020,1,1,2,4,3,Départementale,50.0,1
202400005044,2024-02-07,après-midi,,,92,92012,1,2,6,3,4,Voie communale,30.0,2
202400005045,2024-06-07,soirée,,,76,76255,1,1,1,4,3,Départementale,,1
202400005046,2024-05-27,matin,,,44,44020,1,1,2,4,2,Nationale,90.0,1
202400005047,2024-01-03,après-midi,,,64,64102,1,1,6,2,9,Autre,50.0,1
202400005048,2024-02-06,matin,,,974,97415,1,1,3,3,4,Voie communale,50.0,1
202400005049,2024-01-25,après-midi,,,974,97411,1,1,6,4,4,Voie communale,50.0,1
202400005050,2024-03-11,matin,,,44,44047,1,1,3,4,4,Voie communale,30.0,1
202400005051,2024-05-25,après-midi,,,44,44109,1,1,6,4,4,Voie communale,50.0,1
202400005052,2024-05-25,matin,,,44,44190,2,1,7,4,2,Nationale,70.0,1
202400005053,2024-01-20,après-midi,,,06,06130,1,1,3,4,3,Départementale,70.0,1
202400005054,2024-05-24,après-midi,,,44,44109,1,1,2,4,4,Voie communale,50.0,1
202400005055,2024-05-23,matin,,,44,44162,1,1,3,4,4,Voie communale,50.0,1
202400005056,2024-02-08,après-midi,,,62,62332,1,2,3,4,3,Départementale,80.0,2
202400005057,2024-05-21,matin,,,44,44109,1,1,3,4,4,Voie communale,50.0,1
202400005058,2024-02-09,matin,,,30,30047,4,2,2,3,3,Départementale,90.0,2
202400005059,2024-05-21,après-midi,,,44,44114,1,8,3,4,4,Voie communale,50.0,1
202400005060,2024-01-11,matin,,,57,57067,1,1,6,4,3,Départementale,50.0,1
202400005061,2024-05-18,après-midi,,,44,44109,1,1,6,4,4,Voie communale,50.0,1
202400005062,2024-02-09,matin,,,19,19276,1,8,6,3,3,Départementale,90.0,9
202400005063,2024-05-17,matin,,,44,44109,1,8,6,4,4,Voie communale,50.0,1
202400005064,2024-02-07,matin,,,76,76697,1,3,7,3,3,Départementale,80.0,2
202400005065,2024-02-09,matin,,,63,63287,1,2,3,4,3,Départementale,90.0,2
202400005066,2024-06-04,soirée,,,987,98736,5,1,5,4,2,Nationale,50.0,1
202400005067,2024-06-05,matin,,,972,97209,1,1,3,4,1,Autoroute,90.0,1
202400005068,2024-02-09,matin,,,42,42159,1,8,3,4,3,Départementale,80.0,2
202400005069,2024-06-05,matin,,,2B,2B033,1,1,2,4,4,Voie communale,50.0,1
202400005070,2024-02-08,matin,,,35,35162,3,2,1,4,3,Départementale,80.0,2
202400005071,2024-06-05,matin,,,971,97120,1,1,6,4,3,Départementale,50.0,1
202400005072,2024-02-09,après-midi,,,29,29026,1,1,6,4,3,Départementale,50.0,2
202400005073,2024-06-05,matin,,,971,97105,1,1,3,4,4,Voie communale,30.0,1
202400005074,2024-01-26,soirée,,,29,29177,3,1,1,3,3,Départementale,80.0,1
202400005075,2024-06-05,nuit,,,2A,2A004,3,1,6,4,4,Voie communale,50.0,1
202400005076,2024-06-05,matin,,,2A,2A004,1,1,4,4,3,Départementale,50.0,1
202400005077,2024-06-05,après-midi,,,95,95598,1,1,2,4,3,Départementale,50.0,1
202400005078,2024-06-03,soirée,,,91,91657,1,1,3,4,4,Voie communale,50.0,1
202400005079,2024-06-04,après-midi,,,87,87085,1,1,6,3,4,Voie communale,50.0,1
202400005080,2024-06-03,après-midi,,,87,87085,1,1,6,3,4,Voie communale,50.0,1
202400005081,2024-06-02,nuit,,,86,86194,3,1,3,3,3,Départementale,90.0,1
202400005082,2024-05-13,après-midi,,,86,86194,1,1,5,4,4,Voie communale,30.0,1
202400005083,2024-06-05,soirée,,,85,85191,1,1,3,4,3,Départementale,50.0,1
202400005084,2024-06-05,soirée,,,84,84087,1,1,3,3,4,Voie communale,50.0,1
202400005085,2024-06-05,matin,,,83,83137,1,1,6,3,7,Autre,50.0,1
202400005086,2024-06-02,après-midi,,,80,80021,1,1,3,4,4,Voie communale,50.0,1
202400005087,2024-06-05,soirée,,,78,78423,1,1,3,4,4,Voie communale,50.0,1
202400005088,2024-06-05,matin,,,74,74008,1,1,6,4,4,Voie communale,50.0,1
202400005089,2024-06-01,après-midi,,,73,73065,1,1,6,4,4,Voie communale,,1
202400005090,2024-06-05,après-midi,,,73,73011,1,1,6,4,4,Voie communale,30.0,1
202400005091,2024-06-04,soirée,,,72,72003,1,1,2,3,4,Voie communale,50.0,1
202400005092,2024-06-04,après-midi,,,72,72181,1,1,3,4,4,Voie communale,,1
202400005093,2024-06-05,matin,,,69,69275,1,1,3,4,7,Autre,50.0,1
202400005094,2024-06-04,nuit,,,69,69290,2,1,6,4,4,Voie communale,50.0,1
202400005095,2024-06-05,matin,,,69,69096,1,7,1,4,4,Voie communale,30.0,1
202400005096,2024-06-04,après-midi,,,67,67482,1,1,1,4,4,Voie communale,50.0,1
202400005097,2024-06-05,matin,,,66,66136,1,1,6,3,4,Voie communale,50.0,1
202400005098,2024-06-05,matin,,,64,64445,1,1,3,4,4,Voie communale,50.0,1
202400005099,2024-06-04,soirée,,,64,64102,1,1,2,4,4,Voie communale,30.0,1
202400005100,2024-06-05,soirée,,,63,63113,1,1,1,4,4,Voie communale,30.0,1
202400005101,2024-06-05,après-midi,,,63,63113,1,1,3,4,7,Autre,50.0,1
202400005102,2024-06-05,soirée,,,62,62065,1,1,1,3,4,Voie communale,50.0,1
202400005103,2024-06-05,matin,,,59,59426,1,1,3,4,4,Voie communale,30.0,1
202400005104,2024-06-05,nuit,,,59,59648,5,1,3,4,7,Autre,50.0,1
202400005105,2024-05-30,nuit,,,57,57672,5,1,1,3,4,Voie communale,50.0,1
202400005106,2024-06-05,matin,,,51,51454,1,1,6,4,4,Voie communale,50.0,1
202400005107,2024-06-04,soirée,,,49,49007,1,1,7,4,4,Voie communale,20.0,1
202400005108,2024-06-04,après-midi,,,49,49353,1,1,7,4,4,Voie communale,50.0,1
202400005109,2024-06-04,après-midi,,,49,49007,1,1,4,4,4,Voie communale,50.0,1
202400005110,2024-06-04,matin,,,49,49007,1,1,3,4,4,Voie communale,50.0,1
202400005111,2024-06-05,nuit,,,45,45234,5,1,1,4,7,Autre,50.0,1
202400005112,2024-04-25,soirée,,,74,74158,1,1,1,4,3,Départementale,50.0,1
202400005113,2024-06-05,après-midi,,,43,43157,1,1,7,4,2,Nationale,110.0,1
202400005114,2024-02-23,soirée,,,13,13039,3,1,1,4,4,Voie communale,70.0,1
202400005115,2024-06-05,après-midi,,,36,36044,1,1,5,4,4,Voie communale,50.0,1
202400005116,2024-10-21,nuit,,,974,97411,4,1,7,4,4,Voie communale,50.0,1
202400005117,2024-10-20,matin,,,973,97302,1,1,6,4,2,Nationale,90.0,1
202400005118,2024-06-05,matin,,,35,35238,1,1,2,4,7,Autre,30.0,1
202400005119,2024-10-20,nuit,,,973,97302,5,1,6,4,3,Départementale,50.0,1
202400005120,2024-06-05,après-midi,,,33,33063,1,1,6,4,4,Voie communale,30.0,1
202400005121,2024-10-21,soirée,,,69,69387,3,1,3,4,4,Voie communale,30.0,1
202400005122,2024-06-05,matin,,,33,33063,1,7,3,3,4,Voie communale,50.0,1
202400005123,2024-06-05,soirée,,,33,33529,1,1,1,4,3,Départementale,80.0,1
202400005124,2024-10-21,après-midi,,,69,69387,1,1,3,4,4,Voie communale,30.0,1
202400005125,2024-06-05,après-midi,,,33,33009,1,1,3,4,4,Voie communale,50.0,1
202400005126,2024-10-21,après-midi,,,69,69386,1,1,3,4,4,Voie communale,30.0,1
202400005127,2024-06-05,nuit,,,31,31555,5,1,3,4,4,Voie communale,50.0,1
202400005128,2024-06-05,nuit,,,31,31555,2,1,3,4,4,Voie communale,50.0,1
202400005129,2024-10-21,matin,,,69,69387,1,1,2,4,4,Voie communale,30.0,1
202400005130,2024-06-04,après-midi,,,27,27229,1,1,3,4,4,Voie communale,50.0,1
202400005131,2024-10-20,matin,,,971,97105,2,3,1,4,2,Nationale,30.0,2
202400005132,2024-06-04,matin,,,27,27229,1,1,3,4,4,Voie communale,50.0,1
202400005133,2024-10-21,après-midi,,,95,95277,1,1,6,4,3,Départementale,50.0,1
202400005134,2024-06-05,matin,,,22,22215,1,1,1,4,4,Voie communale,,1
202400005135,2024-10-21,matin,,,91,91691,1,1,6,4,3,Départementale,30.0,1
202400005136,2024-10-18,matin,,,87,87085,1,1,3,4,4,Voie communale,50.0,1
202400005137,2024-06-05,matin,,,19,19031,1,1,3,4,4,Voie communale,50.0,1
202400005138,2024-10-20,matin,,,86,86194,5,2,6,4,4,Voie communale,30.0,2
202400005139,2024-06-05,matin,,,17,17200,1,1,7,4,3,Départementale,70.0,1
202400005140,2024-10-21,soirée,,,84,84007,2,1,1,4,4,Voie communale,50.0,1
202400005141,2024-06-05,soirée,,,14,14333,1,1,3,4,4,Voie communale,50.0,1
202400005142,2024-10-21,après-midi,,,84,84034,1,1,2,4,3,Départementale,50.0,1
202400005143,2024-06-05,matin,,,13,13215,1,1,1,2,4,Voie communale,50.0,1
202400005144,2024-10-03,matin,,,83,83123,1,1,3,3,4,Voie communale,50.0,1
202400005145,2024-06-05,après-midi,,,01,01344,1,1,3,4,4,Voie communale,50.0,1
202400005146,2024-06-05,soirée,,,75,75113,1,1,6,4,4,Voie communale,70.0,1
202400005147,2024-10-21,soirée,,,81,81065,5,1,3,4,4,Voie communale,50.0,1
202400005148,2024-06-04,matin,,,75,75119,1,1,4,4,4,Voie communale,70.0,1
202400005149,2024-06-03,matin,,,75,75118,1,1,2,4,4,Voie communale,70.0,1
202400005150,2024-10-21,matin,,,78,78401,5,2,2,4,3,Départementale,50.0,2
202400005151,2024-06-03,matin,,,75,75120,1,1,3,4,4,Voie communale,70.0,1
202400005152,2024-06-05,après-midi,,,75,75120,1,1,2,4,4,Voie communale,30.0,1
202400005153,2024-10-21,après-midi,,,77,77284,1,1,6,4,4,Voie communale,50.0,1
202400005154,2024-06-05,matin,,,75,75120,1,1,3,4,4,Voie communale,30.0,1
202400005155,2024-10-21,matin,,,76,76575,2,2,6,4,4,Voie communale,50.0,2
202400005156,2024-06-05,matin,,,75,75119,1,1,6,4,4,Voie communale,30.0,1
202400005157,2024-10-21,matin,,,76,76351,5,3,6,4,4,Voie communale,50.0,2
202400005158,2024-06-05,matin,,,75,75117,1,1,3,4,4,Voie communale,30.0,1
202400005159,2024-06-05,matin,,,75,75117,1,1,3,4,4,Voie communale,25.0,1
202400005160,2024-10-20,après-midi,,,67,67365,1,1,6,4,4,Voie communale,30.0,1
202400005161,2024-10-21,matin,,,64,64024,1,1,6,4,4,Voie communale,50.0,1
202400005162,2024-06-05,matin,,,75,75116,1,1,5,4,4,Voie communale,30.0,1
202400005163,2024-10-21,matin,,,64,64102,5,1,6,3,3,Départementale,50.0,1
202400005164,2024-06-05,matin,,,75,75113,2,1,6,4,4,Voie communale,30.0,1
202400005165,2024-06-05,soirée,,,75,75112,1,1,6,4,4,Voie communale,30.0,1
202400005166,2024-10-21,après-midi,,,59,59428,1,1,3,4,3,Départementale,50.0,1
202400005167,2024-06-05,matin,,,75,75110,1,1,6,4,4,Voie communale,30.0,1
202400005168,2024-10-19,après-midi,,,56,56121,1,1,7,4,4,Voie communale,30.0,1
202400005169,2024-06-05,matin,,,75,75109,1,1,6,4,4,Voie communale,30.0,1
202400005170,2024-06-03,après-midi,,,94,94052,1,1,3,4,4,Voie communale,30.0,1
202400005171,2024-10-18,matin,,,56,56083,1,1,7,4,3,Départementale,30.0,1
202400005172,2024-06-05,après-midi,,,94,94054,1,1,2,4,4,Voie communale,50.0,1
202400005173,2024-10-19,après-midi,,,55,55545,1,1,7,4,4,Voie communale,30.0,1
202400005174,2024-06-04,matin,,,94,94017,1,1,2,4,3,Départementale,50.0,1
202400005175,2024-10-14,matin,,,55,55545,1,1,7,4,4,Voie communale,30.0,1
202400005176,2024-06-05,après-midi,,,93,93066,1,1,6,4,4,Voie communale,,1
202400005177,2024-06-05,matin,,,93,93064,1,1,1,4,3,Départementale,50.0,1
202400005178,2024-10-20,après-midi,,,54,54274,1,1,1,4,4,Voie communale,50.0,1
202400005179,2024-05-30,après-midi,,,93,93053,1,8,1,4,3,Départementale,50.0,1
202400005180,2024-06-04,matin,,,92,92078,1,1,6,4,4,Voie communale,50.0,1
202400005181,2024-10-20,après-midi,,,51,51454,1,1,3,3,4,Voie communale,50.0,1
202400005182,2024-06-05,après-midi,,,92,92046,1,1,6,4,3,Départementale,50.0,1
202400005183,2024-10-20,nuit,,,51,51454,5,1,6,4,4,Voie communale,50.0,1
202400005184,2024-06-05,matin,,,92,92040,1,1,6,4,4,Voie communale,30.0,1
202400005185,2024-10-21,après-midi,,,50,50532,1,3,3,3,3,Départementale,80.0,2
202400005186,2024-06-05,matin,,,92,92036,1,1,3,4,3,Départementale,50.0,1
202400005187,2024-06-05,après-midi,,,92,92024,1,1,6,4,3,Départementale,50.0,1
202400005188,2024-10-19,soirée,,,50,50129,5,8,5,4,4,Voie communale,70.0,2
202400005189,2024-06-05,matin,,,92,92012,1,1,1,4,3,Départementale,30.0,1
202400005190,2024-10-20,matin,,,49,49246,1,8,3,4,4,Voie communale,50.0,1
202400005191,2024-06-05,matin,,,92,92002,1,1,3,4,3,Départementale,50.0,1
202400005192,2024-10-20,matin,,,48,48095,2,5,1,3,4,Voie communale,50.0,2
202400005193,2024-10-21,après-midi,,,45,45232,1,1,1,4,4,Voie communale,50.0,1
202400005194,2024-06-02,matin,,,974,97415,1,1,5,3,2,Nationale,70.0,1
202400005195,2024-10-21,après-midi,,,45,45075,1,1,3,4,4,Voie communale,50.0,1
202400005196,2024-06-06,après-midi,,,62,62327,1,1,1,3,3,Départementale,80.0,1
202400005197,2024-10-21,après-midi,,,37,37261,1,1,3,4,4,Voie communale,50.0,1
202400005198,2024-06-05,soirée,,,43,43185,1,1,1,4,3,Départementale,90.0,1
202400005199,2024-10-21,matin,,,37,37214,2,1,6,4,4,Voie communale,50.0,1
202400005200,2024-06-06,après-midi,,,76,76404,1,1,3,4,3,Départementale,70.0,1
202400005201,2024-10-21,soirée,,,35,35238,5,8,6,4,4,Voie communale,30.0,2
202400005202,2024-06-05,nuit,,,971,97132,3,2,6,3,2,Nationale,80.0,2
202400005203,2024-06-05,après-midi,,,14,14061,1,1,6,4,3,Départementale,90.0,1
202400005204,2024-10-21,matin,,,35,35238,1,2,3,4,4,Voie communale,30.0,2
202400005205,2024-06-06,matin,,,67,67472,1,1,1,4,3,Départementale,90.0,1
202400005206,2024-10-21,matin,,,35,35189,2,3,4,4,7,Autre,90.0,2
202400005207,2024-10-21,après-midi,,,33,33522,1,1,3,4,4,Voie communale,30.0,1
202400005208,2024-06-05,après-midi,,,34,34270,1,1,3,4,7,Autre,70.0,1
202400005209,2024-10-21,matin,,,33,33318,1,7,2,4,4,Voie communale,50.0,1
202400005210,2024-10-21,nuit,,,33,33281,3,1,6,4,4,Voie communale,50.0,1
202400005211,2024-06-05,après-midi,,,04,04033,1,1,1,3,3,Départementale,80.0,1
202400005212,2024-10-21,nuit,,,31,31555,5,1,6,4,4,Voie communale,50.0,1
202400005213,2024-06-06,matin,,,2B,2B319,1,1,3,4,2,Nationale,70.0,1
202400005214,2024-06-05,après-midi,,,65,65460,1,1,3,3,3,Départementale,90.0,1
202400005215,2024-10-21,après-midi,,,31,31483,1,1,2,4,3,Départementale,50.0,1
202400005216,2024-06-05,après-midi,,,81,81201,1,1,2,3,2,Nationale,110.0,1
202400005217,2024-06-05,après-midi,,,89,89460,1,1,1,4,3,Départementale,90.0,1
202400005218,2024-10-21,soirée,,,30,30243,3,1,4,4,3,Départementale,70.0,1
202400005219,2024-10-21,matin,,,17,17415,5,1,7,4,4,Voie communale,50.0,1
202400005220,2024-10-22,nuit,,,13,13056,5,1,2,4,4,Voie communale,50.0,1
202400005221,2024-10-21,soirée,,,13,13215,5,1,1,4,4,Voie communale,50.0,1
202400005222,2024-06-05,après-midi,,,49,49002,1,1,3,3,3,Départementale,70.0,1
202400005223,2024-10-21,après-midi,,,13,13211,1,1,3,4,4,Voie communale,50.0,1
202400005224,2024-06-05,soirée,,,12,12257,1,1,3,2,3,Départementale,90.0,1
202400005225,2024-10-21,soirée,,,13,13047,5,1,3,4,4,Voie communale,50.0,1
202400005226,2024-06-04,après-midi,,,47,47208,1,1,2,3,3,Départementale,80.0,1
202400005227,2024-06-05,soirée,,,68,68267,1,1,7,3,3,Départementale,80.0,1
202400005228,2024-10-20,soirée,,,10,10343,2,1,1,3,4,Voie communale,50.0,1
202400005229,2024-06-05,après-midi,,,44,44163,1,1,1,3,3,Départementale,80.0,1
202400005230,2024-10-21,soirée,,,05,05061,2,1,3,4,3,Départementale,80.0,1
202400005231,2024-05-10,matin,,,29,29260,1,1,6,3,3,Départementale,50.0,1
202400005232,2024-10-21,matin,,,75,75117,1,1,3,4,4,Voie communale,30.0,1
202400005233,2024-06-04,matin,,,38,38224,1,1,1,3,3,Départementale,50.0,1
202400005234,2024-10-21,soirée,,,75,75108,5,1,6,4,4,Voie communale,30.0,1
202400005235,2024-06-06,matin,,,02,02419,1,1,6,3,3,Départementale,80.0,1
202400005236,2024-10-21,après-midi,,,75,75108,1,8,6,4,4,Voie communale,30.0,1
202400005237,2024-06-06,après-midi,,,02,02290,1,1,6,3,3,Départementale,80.0,1
202400005238,2024-10-21,matin,,,75,75107,2,1,3,4,4,Voie communale,30.0,1
202400005239,2024-06-05,soirée,,,03,03062,1,1,7,4,3,Départementale,,1
202400005240,2024-10-21,matin,,,75,75101,1,1,7,4,4,Voie communale,30.0,1
202400005241,2024-06-05,soirée,,,15,15199,2,1,7,3,4,Voie communale,90.0,1
202400005242,2024-10-21,nuit,,,94,94073,5,2,3,4,3,Départementale,50.0,2
202400005243,2024-06-06,matin,,,15,15019,1,1,7,3,3,Départementale,90.0,1
202400005244,2024-06-05,après-midi,,,66,66004,1,1,6,4,3,Départementale,70.0,1
202400005245,2024-10-21,soirée,,,94,94048,1,1,3,4,4,Voie communale,50.0,1
202400005246,2024-05-31,nuit,,,06,06079,5,1,3,4,3,Départementale,,1
202400005247,2024-10-21,après-midi,,,93,93055,1,1,4,4,3,Départementale,50.0,1
202400005248,2024-10-21,matin,,,92,92078,1,1,6,4,4,Voie communale,50.0,1
202400005249,2024-06-04,matin,,,14,14011,1,1,3,3,3,Départementale,80.0,1
202400005250,2024-10-21,matin,,,92,92062,1,1,3,4,3,Départementale,50.0,2
202400005251,2024-06-05,soirée,,,14,14610,1,1,3,4,3,Départementale,80.0,1
202400005252,2024-10-21,soirée,,,92,92023,5,8,6,3,3,Départementale,50.0,1
202400005253,2024-10-21,soirée,,,33,33243,1,1,6,3,4,Voie communale,50.0,1
202400005254,2024-10-21,matin,,,47,47145,1,1,6,3,2,Nationale,70.0,1
202400005255,2024-06-05,après-midi,,,60,60297,1,1,3,4,3,Départementale,80.0,1
202400005256,2024-10-22,matin,,,69,69273,1,2,2,4,4,Voie communale,50.0,2
202400005257,2024-06-05,après-midi,,,16,16292,1,1,6,4,3,Départementale,30.0,1
202400005258,2024-10-21,après-midi,,,49,49343,1,8,3,3,3,Départementale,80.0,2
202400005259,2024-06-05,après-midi,,,16,16066,1,1,1,3,3,Départementale,80.0,1
202400005260,2024-10-22,matin,,,10,10363,2,1,3,2,4,Voie communale,50.0,1
202400005261,2024-06-05,matin,,,07,07349,1,1,2,3,3,Départementale,,1
202400005262,2024-10-21,soirée,,,67,67445,3,1,7,4,3,Départementale,80.0,1
202400005263,2024-06-06,après-midi,,,21,21345,1,1,1,4,3,Départementale,80.0,1
202400005264,2024-06-06,après-midi,,,24,24326,1,1,6,3,4,Voie communale,50.0,1
202400005265,2024-10-20,matin,,,42,42198,3,1,3,4,3,Départementale,80.0,1
202400005266,2024-10-16,soirée,,,42,42157,1,1,3,4,3,Départementale,50.0,1
202400005267,2024-06-06,matin,,,85,85024,1,1,3,3,3,Départementale,,1
202400005268,2024-10-20,matin,,,41,41252,1,1,6,4,1,Autoroute,130.0,2
202400005269,2024-06-06,matin,,,85,85047,1,1,3,4,3,Départementale,80.0,1
202400005270,2024-06-05,après-midi,,,85,85051,1,1,7,3,3,Départementale,50.0,1
202400005271,2024-10-21,soirée,,,01,01033,5,1,1,3,4,Voie communale,50.0,1
202400005272,2024-10-22,matin,,,12,12270,1,1,2,4,1,Autoroute,130.0,1
202400005273,2024-06-04,soirée,,,28,28047,1,1,5,4,2,Nationale,90.0,1
202400005274,2024-04-16,nuit,,,28,28199,3,1,3,4,2,Nationale,90.0,2
202400005275,2024-06-06,matin,,,30,30012,1,1,4,4,3,Départementale,80.0,1
202400005276,2024-10-22,matin,,,80,80680,1,1,1,3,3,Départementale,50.0,2
202400005277,2024-06-06,matin,,,30,30266,1,1,3,3,3,Départementale,50.0,1
202400005278,2024-06-05,après-midi,,,30,30173,1,1,7,3,3,Départementale,80.0,1
202400005279,2024-10-22,matin,,,63,63040,1,1,7,4,3,Départementale,50.0,2
202400005280,2024-06-05,après-midi,,,30,30284,1,1,1,4,4,Voie communale,80.0,1
202400005281,2024-10-21,matin,,,61,61211,1,3,3,4,3,Départementale,50.0,2
202400005282,2024-06-05,après-midi,,,68,68375,1,1,6,4,4,Voie communale,50.0,1
202400005283,2024-10-22,matin,,,49,49120,2,1,1,3,3,Départementale,90.0,2
202400005284,2024-10-18,après-midi,,,41,41059,2,1,3,3,3,Départementale,80.0,1
202400005285,2024-06-05,après-midi,,,38,38405,1,1,2,4,3,Départementale,80.0,1
202400005286,2024-10-21,après-midi,,,44,44157,1,1,3,3,3,Départementale,80.0,1
202400005287,2024-05-31,nuit,,,67,67194,3,3,7,4,1,Autoroute,,2
202400005288,2024-06-04,matin,,,976,97606,1,1,3,4,3,Départementale,,1
202400005289,2024-10-22,après-midi,,,29,29105,1,1,2,3,3,Départementale,50.0,1
202400005290,2024-06-05,après-midi,,,987,98724,1,1,3,3,2,Nationale,40.0,1
202400005291,2024-10-22,après-midi,,,02,02589,1,1,3,3,3,Départementale,80.0,1
202400005292,2024-10-22,matin,,,03,03208,1,1,6,3,3,Départementale,70.0,1
202400005293,2024-06-06,matin,,,973,97306,1,1,2,4,9,Autre,80.0,1
202400005294,2024-10-21,après-midi,,,15,15204,1,1,5,3,3,Départementale,90.0,1
202400005295,2024-06-05,soirée,,,971,97129,3,1,1,3,2,Nationale,80.0,1
202400005296,2024-10-19,après-midi,,,01,01338,1,1,6,3,3,Départementale,80.0,9
202400005297,2024-06-06,matin,,,13,13025,1,1,1,3,3,Départementale,,1
202400005298,2024-10-21,après-midi,,,70,70245,1,1,6,3,2,Nationale,90.0,1
202400005299,2024-10-21,soirée,,,06,06079,5,1,6,3,3,Départementale,30.0,1
202400005300,2024-06-05,soirée,,,91,91587,2,1,4,4,3,Départementale,90.0,1
202400005301,2024-10-22,matin,,,05,05036,1,1,1,3,2,Nationale,80.0,1
202400005302,2024-06-06,soirée,,,66,66129,1,1,3,2,3,Départementale,80.0,1
202400005303,2024-06-05,soirée,,,13,13062,1,1,1,3,4,Voie communale,50.0,1
202400005304,2024-06-05,nuit,,,68,68204,3,1,6,3,3,Départementale,80.0,1
202400005305,2024-10-20,soirée,,,45,45146,1,1,3,3,3,Départementale,90.0,2
202400005306,2024-10-22,après-midi,,,36,36014,1,1,7,4,3,Départementale,80.0,1
202400005307,2024-06-05,après-midi,,,03,03190,1,1,5,4,3,Départementale,50.0,1
202400005308,2024-06-05,soirée,,,44,44209,1,1,7,3,3,Départementale,50.0,1
202400005309,2024-10-19,après-midi,,,07,07255,1,1,1,3,3,Départementale,50.0,1
202400005310,2024-10-21,après-midi,,,40,40211,1,1,6,2,3,Départementale,80.0,1
202400005311,2024-06-05,soirée,,,69,69140,2,7,3,3,3,Départementale,80.0,1
202400005312,2024-10-22,soirée,,,85,85146,1,1,6,4,4,Voie communale,50.0,1
202400005313,2024-10-22,matin,,,973,97309,2,1,2,4,3,Départementale,80.0,1
202400005314,2024-06-05,après-midi,,,33,33357,1,1,4,4,3,Départementale,70.0,1
202400005315,2024-10-22,soirée,,,68,68253,3,8,3,4,1,Autoroute,130.0,2