Num_Acc,date,time_of_day,lat,long,dep,com,lum,atm,col,severity_index,catr,catr_label,vma,surf
202400005316,2024-05-30,soirée,,,33,33330,1,1,1,4,4,Voie communale,30.0,1
202400005317,2024-10-17,après-midi,,,36,36127,1,3,3,4,3,Départementale,90.0,2
202400005318,2024-10-21,après-midi,,,34,34157,1,1,6,4,1,Autoroute,130.0,1
202400005319,2024-06-05,après-midi,,,50,50041,1,1,3,4,3,Départementale,80.0,1
202400005320,2024-06-06,matin,,,14,14733,1,7,3,4,3,Départementale,80.0,1
202400005321,2024-10-21,matin,,,29,29234,3,3,3,4,3,Départementale,70.0,2
202400005322,2024-06-05,soirée,,,22,22050,1,1,6,4,3,Départementale,50.0,1
202400005323,2024-10-22,matin,,,28,28007,1,1,6,4,3,Départementale,50.0,2
202400005324,2024-10-22,matin,,,77,77352,3,1,6,3,4,Voie communale,80.0,2
202400005325,2024-10-21,après-midi,,,91,91129,1,1,6,3,3,Départementale,50.0,1
202400005326,2024-05-29,après-midi,,,22,22176,1,1,3,3,4,Voie communale,80.0,1
202400005327,2024-10-22,après-midi,,,30,30130,1,1,7,3,3,Départementale,80.0,1
202400005328,2024-10-22,soirée,,,83,83107,3,1,6,4,4,Voie communale,50.0,1
202400005329,2024-06-05,soirée,,,60,60010,2,1,3,4,3,Départementale,80.0,1
202400005330,2024-10-22,après-midi,,,73,73307,1,1,6,2,3,Départementale,50.0,1
202400005331,2024-06-06,matin,,,80,80338,1,7,6,4,3,Départementale,50.0,1
202400005332,2024-10-22,matin,,,69,69176,2,2,1,3,3,Départementale,80.0,2
202400005333,2024-06-06,après-midi,,,62,62604,1,1,3,4,3,Départementale,80.0,1
202400005334,2024-10-21,soirée,,,09,09099,3,1,1,4,3,Départementale,80.0,1
202400005335,2024-06-06,après-midi,,,59,59411,1,1,1,3,3,Départementale,80.0,1
202400005336,2024-06-04,soirée,,,33,33122,1,1,3,2,1,Autoroute,110.0,1
202400005337,2024-09-24,après-midi,,,33,33233,1,1,4,4,2,Nationale,110.0,2
202400005338,2024-06-01,matin,,,59,59343,1,2,6,3,1,Autoroute,90.0,2
202400005339,2024-06-05,matin,,,94,94021,1,1,3,4,1,Autoroute,110.0,1
202400005340,2024-10-22,matin,,,33,33449,5,1,5,3,4,Voie communale,50.0,1
202400005341,2024-06-05,après-midi,,,78,78423,1,1,3,4,2,Nationale,110.0,1
202400005342,2024-10-21,matin,,,85,85302,2,1,1,4,3,Départementale,,1
202400005343,2024-06-04,matin,,,92,92025,1,1,3,4,1,Autoroute,70.0,1
202400005344,2024-06-05,soirée,,,94,94073,1,1,2,4,1,Autoroute,90.0,1
202400005345,2024-10-21,après-midi,,,13,13211,1,1,2,4,1,Autoroute,90.0,1
202400005346,2024-06-05,après-midi,,,94,94028,1,1,2,4,1,Autoroute,90.0,1
202400005347,2024-10-18,après-midi,,,59,59090,1,2,5,4,1,Autoroute,110.0,2
202400005348,2024-06-03,après-midi,,,976,97611,1,1,6,3,2,Nationale,50.0,1
202400005349,2024-10-21,soirée,,,91,91689,3,1,3,4,1,Autoroute,110.0,1
202400005350,2024-06-05,nuit,,,974,97411,5,2,6,4,4,Voie communale,70.0,2
202400005351,2024-06-04,après-midi,,,974,97411,1,1,2,4,2,Nationale,90.0,1
202400005352,2024-10-21,après-midi,,,91,91340,1,1,5,4,1,Autoroute,110.0,1
202400005353,2024-06-04,matin,,,974,97411,1,1,3,4,4,Voie communale,50.0,1
202400005354,2024-10-20,matin,,,92,92036,3,1,6,4,1,Autoroute,70.0,1
202400005355,2024-06-04,matin,,,974,97407,1,1,6,3,4,Voie communale,50.0,1
202400005356,2024-06-04,matin,,,974,97407,2,1,3,4,2,Nationale,30.0,1
202400005357,2024-10-21,matin,,,93,93064,1,1,2,4,1,Autoroute,90.0,1
202400005358,2024-06-04,soirée,,,69,69149,1,1,6,4,4,Voie communale,30.0,1
202400005359,2024-10-21,soirée,,,94,94069,3,1,2,4,1,Autoroute,90.0,1
202400005360,2024-06-04,soirée,,,69,69384,5,1,6,4,4,Voie communale,30.0,1
202400005361,2024-07-16,après-midi,,,62,62108,1,1,3,3,4,Voie communale,50.0,1
202400005362,2024-06-04,après-midi,,,69,69389,1,1,3,4,4,Voie communale,50.0,1
202400005363,2024-10-07,après-midi,,,44,44109,2,1,3,4,4,Voie communale,30.0,1
202400005364,2024-06-04,matin,,,2B,2B033,1,1,4,4,3,Départementale,50.0,1
202400005365,2024-10-20,après-midi,,,47,47001,1,1,3,3,4,Voie communale,50.0,1
202400005366,2024-06-04,après-midi,,,971,97101,1,1,3,4,4,Voie communale,50.0,3
202400005367,2024-10-20,matin,,,987,98736,1,1,3,4,4,Voie communale,20.0,1
202400005368,2024-10-19,soirée,,,987,98736,2,1,1,4,4,Voie communale,30.0,1
202400005369,2024-10-19,soirée,,,972,97209,2,2,3,4,3,Départementale,60.0,2
202400005370,2024-10-19,soirée,,,95,95277,2,2,1,4,4,Voie communale,50.0,2
202400005371,2024-10-20,soirée,,,95,95219,4,1,3,4,3,Départementale,50.0,1
202400005372,2024-10-19,soirée,,,91,91521,1,2,1,4,3,Départementale,50.0,2
202400005373,2024-10-20,soirée,,,86,86194,1,1,6,4,3,Départementale,50.0,1
202400005374,2024-10-19,soirée,,,84,84031,1,1,2,4,4,Voie communale,50.0,1
202400005375,2024-10-18,après-midi,,,84,84031,1,1,3,3,4,Voie communale,50.0,1
202400005376,2024-10-20,matin,,,82,82121,5,1,3,4,4,Voie communale,50.0,1
202400005377,2024-10-20,soirée,,,82,82033,5,1,7,4,4,Voie communale,50.0,1
202400005378,2024-10-20,après-midi,,,77,77284,1,1,3,4,3,Départementale,50.0,1
202400005379,2024-10-20,matin,,,76,76231,1,1,6,4,7,Autre,80.0,1
202400005380,2024-10-20,matin,,,69,69013,3,1,6,4,3,Départementale,70.0,1
202400005381,2024-10-20,soirée,,,67,67180,5,1,3,4,3,Départementale,80.0,1
202400005382,2024-10-20,soirée,,,66,66136,3,1,1,4,3,Départementale,80.0,1
202400005383,2024-10-19,soirée,,,66,66136,1,1,4,3,4,Voie communale,30.0,1
202400005384,2024-10-19,après-midi,,,63,63300,1,1,3,4,3,Départementale,50.0,9
202400005385,2024-10-20,soirée,,,63,63019,2,1,6,4,7,Autre,80.0,1
202400005386,2024-10-19,matin,,,63,63113,5,1,3,4,7,Autre,50.0,1
202400005387,2024-10-20,nuit,,,62,62563,5,2,6,3,3,Départementale,50.0,2
202400005388,2024-10-19,nuit,,,60,60175,3,2,6,4,4,Voie communale,30.0,2
202400005389,2024-10-20,après-midi,,,59,59426,1,1,2,4,7,Autre,70.0,1
202400005390,2024-10-20,nuit,,,59,59650,5,2,3,4,4,Voie communale,50.0,2
202400005391,2024-10-19,après-midi,,,59,59041,1,1,7,4,3,Départementale,50.0,1
202400005392,2024-10-20,après-midi,,,56,56260,1,8,2,4,4,Voie communale,50.0,2
202400005393,2024-10-20,matin,,,45,45004,1,1,6,4,3,Départementale,80.0,1
202400005394,2024-10-20,nuit,,,37,37233,5,5,1,4,4,Voie communale,50.0,2
202400005395,2024-10-19,après-midi,,,37,37208,1,2,3,4,1,Autoroute,50.0,2
202400005396,2024-10-19,nuit,,,36,36044,5,1,6,4,4,Voie communale,30.0,1
202400005397,2024-10-21,nuit,,,35,35238,3,2,6,4,4,Voie communale,30.0,2
202400005398,2024-10-20,soirée,,,35,35238,1,2,3,4,4,Voie communale,30.0,2
202400005399,2024-10-20,matin,,,33,33063,1,1,3,4,4,Voie communale,50.0,1
202400005400,2024-10-20,nuit,,,33,33119,3,1,6,3,4,Voie communale,50.0,1
202400005401,2024-10-20,soirée,,,31,31555,2,1,6,3,4,Voie communale,50.0,1
202400005402,2024-10-20,nuit,,,31,31557,5,1,2,4,7,Autre,50.0,1
202400005403,2024-10-20,matin,,,31,31555,1,1,6,3,4,Voie communale,30.0,1
202400005404,2024-10-20,matin,,,31,31557,1,1,6,3,7,Autre,50.0,1
202400005405,2024-10-19,après-midi,,,30,30007,1,1,1,4,4,Voie communale,50.0,1
202400005406,2024-10-20,après-midi,,,27,27701,1,1,5,4,3,Départementale,50.0,1
202400005407,2024-10-20,après-midi,,,27,27229,1,1,7,4,4,Voie communale,50.0,1
202400005408,2024-10-20,nuit,,,26,26362,5,1,6,2,3,Départementale,50.0,1
202400005409,2024-10-20,nuit,,,22,22215,3,2,3,4,3,Départementale,80.0,2
202400005410,2024-10-20,matin,,,19,19031,1,1,3,4,4,Voie communale,50.0,1
202400005411,2024-10-20,soirée,,,13,13071,1,1,3,4,7,Autre,90.0,1
202400005412,2024-10-20,nuit,,,13,13103,5,1,6,2,3,Départementale,30.0,1
202400005413,2024-10-20,soirée,,,13,13204,5,1,2,4,4,Voie communale,50.0,1
202400005414,2024-10-20,soirée,,,13,13208,2,1,3,4,4,Voie communale,50.0,1
202400005415,2024-10-20,après-midi,,,13,13206,1,1,3,4,4,Voie communale,50.0,1
202400005416,2024-10-19,soirée,,,13,13212,5,1,6,4,4,Voie communale,50.0,1
202400005417,2024-10-19,après-midi,,,13,13209,1,1,3,4,4,Voie communale,50.0,1
202400005418,2024-10-20,soirée,,,13,13001,5,1,3,4,4,Voie communale,50.0,1
202400005419,2024-10-20,après-midi,,,07,07281,1,1,7,4,3,Départementale,90.0,1
202400005420,2024-10-04,après-midi,,,05,05061,1,1,2,3,3,Départementale,50.0,1
202400005421,2024-10-09,matin,,,05,05061,1,8,3,4,3,Départementale,50.0,1
202400005422,2024-10-19,soirée,,,02,02408,2,1,6,3,4,Voie communale,30.0,1
202400005423,2024-10-20,après-midi,,,75,75112,1,2,4,4,4,Voie communale,50.0,2
202400005424,2024-10-19,soirée,,,75,75118,5,1,2,4,4,Voie communale,50.0,2
202400005425,2024-10-19,après-midi,,,75,75112,1,1,2,4,4,Voie communale,50.0,1
202400005426,2024-10-20,nuit,,,75,75120,5,2,7,4,4,Voie communale,50.0,2
202400005427,2024-10-19,après-midi,,,75,75119,1,8,6,4,4,Voie communale,30.0,1
202400005428,2024-10-20,après-midi,,,75,75116,1,1,3,4,4,Voie communale,50.0,1
202400005429,2024-10-20,après-midi,,,75,75115,1,1,3,4,4,Voie communale,30.0,1
202400005430,2024-10-20,nuit,,,75,75115,5,1,3,4,4,Voie communale,30.0,1
202400005431,2024-10-20,nuit,,,75,75113,5,7,6,4,4,Voie communale,30.0,1
202400005432,2024-10-20,nuit,,,75,75110,5,1,6,4,4,Voie communale,30.0,2
202400005433,2024-03-19,soirée,,,47,47060,2,1,6,3,4,Voie communale,80.0,1
202400005434,2024-03-21,soirée,,,08,08115,3,1,6,2,3,Départementale,80.0,1
202400005435,2024-03-22,matin,,,73,73269,1,1,3,4,3,Départementale,80.0,1
202400005436,2024-03-20,après-midi,,,43,43033,1,1,5,4,3,Départementale,80.0,1
202400005437,2024-03-20,soirée,,,45,45247,5,1,3,3,3,Départementale,30.0,1
202400005438,2024-03-22,matin,,,18,18272,1,1,1,2,3,Départementale,90.0,1
202400005439,2024-03-22,après-midi,,,84,84116,1,1,2,4,3,Départementale,50.0,1
202400005440,2024-03-22,après-midi,,,81,81238,1,1,2,4,3,Départementale,50.0,1
202400005441,2024-03-18,après-midi,,,11,11203,1,1,3,3,4,Voie communale,50.0,1
202400005442,2024-03-21,après-midi,,,86,86198,1,1,7,4,3,Départementale,80.0,1
202400005443,2024-03-22,nuit,,,35,35063,3,5,2,4,1,Autoroute,130.0,1
202400005444,2024-03-21,matin,,,06,06064,1,1,1,4,7,Autre,,1
202400005445,2024-03-21,après-midi,,,83,83116,1,1,1,3,3,Départementale,90.0,1
202400005446,2024-03-22,matin,,,95,95660,2,1,3,3,3,Départementale,80.0,1
202400005447,2024-03-21,matin,,,51,51247,1,1,1,4,3,Départementale,50.0,1
202400005448,2024-03-21,matin,,,51,51149,1,1,4,4,2,Nationale,110.0,1
202400005449,2024-03-21,après-midi,,,76,76689,1,1,4,3,3,Départementale,80.0,1
202400005450,2024-03-21,soirée,,,80,80500,1,1,1,4,3,Départementale,80.0,1
202400005451,2024-03-22,nuit,,,80,80622,3,1,7,2,3,Départementale,80.0,1
202400005452,2024-03-21,matin,,,11,11094,1,1,6,3,3,Départementale,80.0,1
202400005453,2024-03-21,après-midi,,,89,89418,1,1,6,3,3,Départementale,90.0,1
202400005454,2024-03-21,matin,,,63,63453,1,1,3,4,3,Départementale,50.0,1
202400005455,2024-03-21,matin,,,61,61332,1,5,4,4,3,Départementale,90.0,1
202400005456,2024-03-22,nuit,,,61,61508,3,5,6,4,3,Départementale,90.0,2
202400005457,2024-03-19,après-midi,,,46,46293,1,1,6,3,3,Départementale,50.0,1
202400005458,2024-03-22,matin,,,25,25527,1,1,3,3,3,Départementale,50.0,1
202400005459,2024-03-21,après-midi,,,25,25612,1,1,6,3,3,Départementale,80.0,1
202400005460,2024-03-18,soirée,,,31,31311,2,1,1,4,3,Départementale,50.0,1
202400005461,2024-03-21,soirée,,,84,84050,1,1,1,4,3,Départementale,80.0,1
202400005462,2024-03-20,après-midi,,,03,03304,1,1,1,4,3,Départementale,50.0,1
202400005463,2024-03-22,après-midi,,,15,15265,1,1,1,3,3,Départementale,90.0,1
202400005464,2024-03-21,après-midi,,,58,58229,1,1,7,2,3,Départementale,,1
202400005465,2024-03-22,nuit,,,14,14161,3,1,1,4,3,Départementale,90.0,1
202400005466,2024-03-21,matin,,,14,14716,2,5,1,4,3,Départementale,80.0,1
202400005467,2024-03-20,après-midi,,,43,43137,1,1,3,3,4,Voie communale,50.0,1
202400005468,2024-03-22,après-midi,,,10,10323,1,1,3,4,4,Voie communale,50.0,1
202400005469,2024-03-22,soirée,,,36,36226,3,1,6,2,3,Départementale,80.0,1
202400005470,2024-03-21,nuit,,,07,07337,3,1,6,4,3,Départementale,70.0,1
202400005471,2024-03-01,après-midi,,,04,04209,1,1,3,3,3,Départementale,,1
202400005472,2024-03-21,après-midi,,,04,04022,1,1,6,3,2,Nationale,80.0,1
202400005473,2024-03-22,après-midi,,,27,27463,1,1,1,2,3,Départementale,80.0,1
202400005474,2024-03-22,après-midi,,,87,87187,1,1,1,4,4,Voie communale,90.0,1
202400005475,2024-03-22,matin,,,08,08251,1,1,1,2,3,Départementale,80.0,1
202400005476,2024-03-21,après-midi,,,35,35206,1,1,5,3,7,Autre,80.0,1
202400005477,2024-03-21,soirée,,,69,69244,4,1,6,4,4,Voie communale,50.0,1
202400005478,2024-03-20,nuit,,,01,01089,3,1,2,4,1,Autoroute,130.0,1
202400005479,2024-03-21,matin,,,42,42255,1,1,6,2,3,Départementale,80.0,1
202400005480,2024-02-08,matin,,,69,69097,1,1,1,3,3,Départementale,70.0,2
202400005481,2024-03-17,matin,,,971,97115,2,1,1,3,2,Nationale,90.0,1
202400005482,2024-03-22,après-midi,,,33,33085,1,1,1,3,4,Voie communale,50.0,1
202400005483,2024-03-21,après-midi,,,77,77329,1,7,3,3,3,Départementale,70.0,1
202400005484,2024-03-21,soirée,,,13,13027,1,1,3,4,3,Départementale,80.0,1
202400005485,2024-03-22,après-midi,,,42,42165,1,1,1,4,3,Départementale,80.0,1
202400005486,2024-03-22,après-midi,,,42,42107,2,7,1,4,3,Départementale,80.0,1
202400005487,2024-03-21,après-midi,,,38,38449,1,1,6,2,3,Départementale,70.0,1
202400005488,2024-03-20,matin,,,01,01027,1,1,3,3,3,Départementale,80.0,1
202400005489,2024-03-21,après-midi,,,64,64230,1,1,7,3,3,Départementale,80.0,1
202400005490,2024-03-22,soirée,,,33,33517,3,1,6,3,3,Départementale,80.0,1
202400005491,2024-03-22,après-midi,,,33,33256,1,1,7,3,3,Départementale,50.0,1
202400005492,2024-03-22,après-midi,,,22,22277,1,1,3,2,3,Départementale,80.0,1
202400005493,2024-03-22,nuit,,,60,60134,3,1,7,4,4,Voie communale,80.0,1
202400005494,2024-03-22,après-midi,,,59,59036,1,1,2,3,4,Voie communale,50.0,1
202400005495,2024-03-21,soirée,,,13,13028,1,1,3,4,1,Autoroute,130.0,1
202400005496,2024-03-20,matin,,,67,67124,1,1,3,4,7,Autre,110.0,1
202400005497,2024-03-21,après-midi,,,33,33090,1,1,3,4,1,Autoroute,90.0,1
202400005498,2024-03-21,matin,,,33,33162,2,1,6,4,1,Autoroute,50.0,1
202400005499,2024-03-18,matin,,,59,59179,1,1,6,2,1,Autoroute,130.0,1
202400005500,2024-03-21,après-midi,,,91,91617,1,1,2,4,2,Nationale,90.0,1
202400005501,2024-03-21,après-midi,,,92,92060,1,1,4,4,2,Nationale,110.0,1
202400005502,2024-03-21,après-midi,,,91,91228,1,1,2,4,2,Nationale,90.0,1
202400005503,2024-03-21,matin,,,91,91521,2,1,7,4,2,Nationale,70.0,1
202400005504,2024-03-21,après-midi,,,92,92036,1,7,5,4,1,Autoroute,90.0,1
202400005505,2024-03-21,soirée,,,95,95500,3,1,2,4,1,Autoroute,90.0,1
202400005506,2024-03-21,matin,,,95,95018,1,1,2,4,1,Autoroute,90.0,1
202400005507,2024-03-21,nuit,,,93,93027,4,1,6,4,1,Autoroute,50.0,1
202400005508,2024-03-20,matin,,,93,93053,1,1,6,4,1,Autoroute,90.0,1
202400005509,2024-03-20,matin,,,93,93066,1,1,5,4,1,Autoroute,50.0,1
202400005510,2024-03-21,soirée,,,94,94004,3,1,6,4,4,Voie communale,90.0,1
202400005511,2024-03-21,soirée,,,94,94022,2,1,5,4,1,Autoroute,90.0,1
202400005512,2024-03-21,matin,,,94,94065,1,1,2,4,2,Nationale,90.0,1
202400005513,2024-03-20,après-midi,,,75,75112,1,1,2,4,1,Autoroute,90.0,1
202400005514,2024-03-20,matin,,,77,77373,1,1,2,4,2,Nationale,90.0,1
202400005515,2024-03-20,matin,,,94,94028,2,1,5,4,1,Autoroute,90.0,1
202400005516,2024-03-07,après-midi,,,44,44190,1,8,2,4,4,Voie communale,50.0,1
202400005517,2024-03-06,nuit,,,44,44109,5,8,2,4,4,Voie communale,50.0,1
202400005518,2024-03-06,matin,,,44,44109,1,8,3,4,4,Voie communale,50.0,1
202400005519,2024-03-01,matin,,,44,44190,1,8,3,4,4,Voie communale,30.0,1
202400005520,2024-01-19,nuit,,,14,14118,5,9,6,4,4,Voie communale,50.0,1
202400005521,2024-03-01,après-midi,,,44,44162,1,1,6,4,7,Autre,70.0,1
202400005522,2024-01-07,matin,,,75,75120,5,1,2,4,4,Voie communale,30.0,1
202400005523,2024-03-20,matin,,,974,97411,1,1,6,3,4,Voie communale,50.0,1
202400005524,2024-03-20,matin,,,974,97411,1,1,6,4,4,Voie communale,30.0,1
202400005525,2024-03-20,après-midi,,,69,69383,1,1,6,4,4,Voie communale,30.0,2
202400005526,2024-03-20,soirée,,,69,69389,5,1,3,4,4,Voie communale,30.0,1
202400005527,2024-07-08,matin,,,91,91345,1,1,5,4,1,Autoroute,110.0,1
202400005528,2024-03-20,matin,,,2B,2B037,1,1,4,4,3,Départementale,50.0,1
202400005529,2024-03-20,matin,,,95,95219,1,1,6,4,4,Voie communale,30.0,1
202400005530,2024-07-08,après-midi,,,78,78118,1,1,2,4,1,Autoroute,110.0,1
202400005531,2024-07-06,soirée,,,78,78640,1,1,7,4,2,Nationale,50.0,1
202400005532,2024-03-20,soirée,,,91,91103,5,1,3,4,3,Départementale,50.0,1
202400005533,2024-07-08,soirée,,,95,95256,1,1,6,4,2,Nationale,110.0,1
202400005534,2024-03-18,matin,,,89,89024,1,1,3,3,3,Départementale,50.0,2
202400005535,2024-07-08,nuit,,,95,95607,3,1,2,4,1,Autoroute,90.0,1
202400005536,2024-03-20,matin,,,87,87085,1,1,3,4,4,Voie communale,50.0,1
202400005537,2024-07-07,soirée,,,92,92036,1,1,3,4,1,Autoroute,90.0,1
202400005538,2024-03-19,après-midi,,,87,87050,1,1,3,4,3,Départementale,50.0,1
202400005539,2024-07-08,matin,,,94,94004,1,1,3,4,2,Nationale,90.0,1
202400005540,2024-03-19,après-midi,,,87,87065,1,1,2,4,3,Départementale,30.0,1
202400005541,2024-01-08,nuit,,,93,93008,5,4,2,4,3,Départementale,50.0,7
202400005542,2024-03-18,après-midi,,,87,87085,1,1,3,4,4,Voie communale,30.0,1
202400005543,2024-02-07,nuit,,,93,93027,3,1,6,4,1,Autoroute,70.0,1
202400005544,2024-03-18,matin,,,87,87085,1,1,6,4,6,Autre,10.0,1
202400005545,2024-03-20,après-midi,,,85,85194,1,1,7,3,4,Voie communale,50.0,1
202400005546,2024-03-20,après-midi,,,85,85194,1,1,1,3,4,Voie communale,70.0,1
202400005547,2024-02-06,nuit,,,93,93029,3,1,7,3,1,Autoroute,90.0,1
202400005548,2024-03-20,matin,,,84,84080,1,1,6,4,4,Voie communale,50.0,1
202400005549,2024-03-17,après-midi,,,84,84007,1,8,7,4,4,Voie communale,50.0,1
202400005550,2024-03-19,soirée,,,78,78440,5,1,3,4,4,Voie communale,50.0,1
202400005551,2024-03-16,soirée,,,78,78644,1,1,6,3,5,Autre,10.0,1
202400005552,2024-03-20,matin,,,77,77449,1,1,1,4,3,Départementale,50.0,1
202400005553,2024-02-06,après-midi,,,93,93066,1,1,5,3,1,Autoroute,90.0,1
202400005554,2024-03-19,matin,,,76,76351,1,1,6,3,4,Voie communale,50.0,1
202400005555,2024-02-06,après-midi,,,93,93053,3,2,7,4,1,Autoroute,90.0,2
202400005556,2024-07-08,nuit,,,974,97411,5,1,6,4,3,Départementale,50.0,1
202400005557,2024-03-20,soirée,,,69,69266,5,1,3,4,4,Voie communale,30.0,1
202400005558,2024-07-07,soirée,,,973,97302,3,1,7,4,3,Départementale,50.0,1
202400005559,2024-03-19,soirée,,,69,69029,2,1,3,4,2,Nationale,50.0,1
202400005560,2024-07-07,nuit,,,69,69386,5,1,3,4,4,Voie communale,30.0,1
202400005561,2024-03-20,matin,,,67,67482,1,1,3,3,4,Voie communale,50.0,1
202400005562,2024-07-07,nuit,,,69,69259,2,1,2,4,7,Autre,50.0,1
202400005563,2024-03-20,matin,,,64,64122,1,1,6,4,4,Voie communale,30.0,1
202400005564,2024-07-07,matin,,,2B,2B033,5,1,1,4,2,Nationale,50.0,1
202400005565,2024-03-20,matin,,,64,64122,2,1,1,3,4,Voie communale,30.0,1
202400005566,2024-07-07,après-midi,,,95,95424,1,1,1,4,3,Départementale,90.0,1
202400005567,2024-03-20,nuit,,,62,62498,2,1,3,4,3,Départementale,50.0,1
202400005568,2024-07-07,après-midi,,,91,91377,1,1,6,4,4,Voie communale,50.0,1
202400005569,2024-03-19,après-midi,,,54,54547,1,1,2,3,7,Autre,70.0,1
202400005570,2024-03-20,soirée,,,51,51454,5,1,6,2,3,Départementale,90.0,1
202400005571,2024-03-20,après-midi,,,51,51454,1,1,3,4,4,Voie communale,50.0,1
202400005572,2024-07-07,soirée,,,88,88428,1,1,3,4,4,Voie communale,50.0,1
202400005573,2024-03-20,après-midi,,,51,51454,1,1,2,4,4,Voie communale,30.0,1
202400005574,2024-07-06,soirée,,,86,86066,1,1,3,4,4,Voie communale,50.0,1
202400005575,2024-03-20,après-midi,,,49,49328,1,1,3,4,4,Voie communale,50.0,1
202400005576,2024-07-07,après-midi,,,84,84031,1,1,2,4,3,Départementale,50.0,1
202400005577,2024-02-21,après-midi,,,49,49099,1,2,6,3,4,Voie communale,50.0,2
202400005578,2024-07-06,après-midi,,,84,84080,1,1,5,4,4,Voie communale,50.0,1
202400005579,2024-03-19,après-midi,,,49,49007,1,1,6,4,4,Voie communale,50.0,1
202400005580,2024-03-20,après-midi,,,37,37261,1,1,3,4,4,Voie communale,30.0,1
202400005581,2024-03-20,soirée,,,35,35238,1,1,6,3,4,Voie communale,30.0,1
202400005582,2024-07-06,soirée,,,76,76114,1,1,3,4,3,Départementale,50.0,1
202400005583,2024-03-20,matin,,,34,34032,1,1,3,3,4,Voie communale,50.0,1
202400005584,2024-03-20,matin,,,33,33318,1,1,7,3,4,Voie communale,30.0,1
202400005585,2024-07-07,nuit,,,74,74010,5,2,3,4,3,Départementale,50.0,2
202400005586,2024-03-17,matin,,,33,33075,1,1,3,4,1,Autoroute,50.0,1
202400005587,2024-07-07,nuit,,,73,73065,5,1,6,4,2,Nationale,90.0,2
202400005588,2024-07-07,soirée,,,63,63308,2,1,1,4,9,Autre,80.0,9
202400005589,2024-03-20,matin,,,33,33063,2,1,3,4,4,Voie communale,50.0,1
202400005590,2024-07-07,nuit,,,62,62239,5,1,6,3,3,Départementale,50.0,1
202400005591,2024-03-20,soirée,,,31,31149,5,1,3,4,4,Voie communale,50.0,1
202400005592,2024-07-23,après-midi,,,60,60159,1,1,3,4,4,Voie communale,50.0,1
202400005593,2024-03-20,après-midi,,,28,28134,1,1,3,4,4,Voie communale,50.0,1
202400005594,2024-07-07,après-midi,,,56,56206,1,1,3,4,4,Voie communale,50.0,1
202400005595,2024-03-19,matin,,,27,27299,1,1,7,4,4,Voie communale,50.0,1
202400005596,2024-07-07,après-midi,,,54,54254,1,1,7,2,2,Nationale,110.0,1
202400005597,2024-03-20,après-midi,,,25,25056,1,7,3,4,4,Voie communale,50.0,1
202400005598,2024-07-05,nuit,,,47,47201,3,1,3,4,2,Nationale,70.0,1
202400005599,2024-03-19,soirée,,,25,25056,1,1,1,4,3,Départementale,30.0,1
202400005600,2024-07-07,matin,,,45,45338,1,1,2,4,4,Voie communale,50.0,1
202400005601,2024-03-19,matin,,,23,23096,1,1,3,4,4,Voie communale,50.0,1
202400005602,2024-07-07,matin,,,37,37261,1,1,3,4,4,Voie communale,50.0,1
202400005603,2024-03-20,soirée,,,19,19031,1,1,3,4,4,Voie communale,30.0,1
202400005604,2024-07-07,matin,,,34,34301,1,1,3,4,4,Voie communale,50.0,1
202400005605,2024-03-20,matin,,,17,17415,1,1,3,3,2,Nationale,50.0,1
202400005606,2024-07-07,matin,,,34,34172,1,1,6,4,4,Voie communale,50.0,1
202400005607,2024-03-20,matin,,,17,17306,1,1,6,4,3,Départementale,50.0,1
202400005608,2024-07-07,matin,,,29,29039,1,8,7,4,4,Voie communale,,1
202400005609,2024-03-20,nuit,,,13,13208,5,1,1,3,4,Voie communale,50.0,1
202400005610,2024-03-20,soirée,,,13,13210,1,1,1,3,4,Voie communale,50.0,1
202400005611,2024-03-20,matin,,,13,13209,1,1,3,4,4,Voie communale,30.0,1
202400005612,2024-07-07,soirée,,,13,13214,1,1,6,4,4,Voie communale,50.0,1
202400005613,2024-03-20,matin,,,13,13209,1,1,2,4,4,Voie communale,50.0,1
202400005614,2024-03-18,matin,,,12,12176,1,2,1,4,3,Départementale,80.0,2
202400005615,2024-07-06,après-midi,,,07,07116,1,1,1,4,2,Nationale,80.0,1
202400005616,2024-03-20,après-midi,,,09,09225,1,1,3,4,6,Autre,30.0,1
202400005617,2024-07-07,après-midi,,,06,06088,1,1,6,4,4,Voie communale,50.0,1
202400005618,2024-03-20,nuit,,,06,06027,5,1,3,4,7,Autre,50.0,1
202400005619,2024-07-07,après-midi,,,06,06088,1,1,3,4,4,Voie communale,50.0,1
202400005620,2024-03-19,après-midi,,,06,06004,1,1,1,3,4,Voie communale,50.0,1
202400005621,2024-07-07,soirée,,,04,04070,1,1,6,4,3,Départementale,25.0,1
202400005622,2024-03-20,après-midi,,,75,75119,1,1,3,4,4,Voie communale,30.0,1
202400005623,2024-07-06,nuit,,,03,03185,5,1,1,3,3,Départementale,50.0,1
202400005624,2024-03-20,soirée,,,75,75116,3,1,2,4,4,Voie communale,50.0,1
202400005625,2024-07-06,nuit,,,75,75116,5,1,3,4,4,Voie communale,70.0,1
202400005626,2024-03-17,après-midi,,,75,75116,1,1,6,4,4,Voie communale,50.0,1
202400005627,2024-07-05,nuit,,,75,75118,2,1,4,4,4,Voie communale,70.0,1
202400005628,2024-03-20,soirée,,,75,75115,2,1,6,4,4,Voie communale,30.0,1
202400005629,2024-07-06,soirée,,,75,75107,1,1,2,4,4,Voie communale,30.0,1