Num_Acc,date,time_of_day,lat,long,dep,com,lum,atm,col,severity_index,catr,catr_label,vma,surf
202400005630,2024-03-20,soirée,,,75,75115,1,1,2,4,4,Voie communale,30.0,1
202400005631,2024-03-20,après-midi,,,75,75115,1,1,7,4,4,Voie communale,30.0,1
202400005632,2024-07-06,après-midi,,,75,75120,1,1,5,4,4,Voie communale,70.0,1
202400005633,2024-07-07,après-midi,,,75,75106,1,1,1,4,4,Voie communale,,1
202400005634,2024-07-07,matin,,,75,75119,1,1,6,4,4,Voie communale,30.0,1
202400005635,2024-03-20,après-midi,,,75,75115,1,1,3,4,4,Voie communale,30.0,1
202400005636,2024-07-06,nuit,,,75,75116,5,1,6,4,4,Voie communale,50.0,1
202400005637,2024-03-20,après-midi,,,75,75113,1,1,3,4,4,Voie communale,30.0,1
202400005638,2024-07-07,soirée,,,75,75115,1,1,6,4,4,Voie communale,30.0,1
202400005639,2024-03-19,soirée,,,75,75112,1,1,3,4,4,Voie communale,30.0,1
202400005640,2024-07-05,nuit,,,75,75115,5,1,3,4,4,Voie communale,30.0,1
202400005641,2024-03-20,après-midi,,,75,75110,1,7,7,4,4,Voie communale,30.0,1
202400005642,2024-07-06,après-midi,,,75,75113,1,1,2,4,4,Voie communale,30.0,2
202400005643,2024-03-20,matin,,,75,75107,1,1,1,4,4,Voie communale,30.0,1
202400005644,2024-07-07,après-midi,,,75,75108,1,1,7,4,4,Voie communale,30.0,2
202400005645,2024-03-20,matin,,,75,75107,2,1,7,4,4,Voie communale,30.0,1
202400005646,2024-07-06,nuit,,,75,75108,5,1,7,4,4,Voie communale,50.0,1
202400005647,2024-03-20,soirée,,,75,75104,1,1,6,4,4,Voie communale,30.0,1
202400005648,2024-07-07,après-midi,,,75,75101,1,1,3,4,4,Voie communale,30.0,1
202400005649,2024-03-20,nuit,,,75,75104,5,1,6,4,4,Voie communale,,1
202400005650,2024-03-19,matin,,,75,75101,1,1,1,4,4,Voie communale,30.0,1
202400005651,2024-07-07,après-midi,,,94,94078,1,1,2,4,4,Voie communale,50.0,1
202400005652,2024-03-19,matin,,,75,75104,1,1,7,4,4,Voie communale,30.0,1
202400005653,2024-07-07,nuit,,,94,94076,5,1,6,4,4,Voie communale,50.0,1
202400005654,2024-03-20,soirée,,,94,94081,1,1,4,4,3,Départementale,50.0,1
202400005655,2024-07-07,matin,,,94,94034,1,1,3,4,3,Départementale,20.0,1
202400005656,2024-03-20,nuit,,,94,94073,5,1,3,4,3,Départementale,50.0,1
202400005657,2024-07-07,après-midi,,,93,93073,1,1,6,4,4,Voie communale,15.0,1
202400005658,2024-03-20,après-midi,,,94,94022,1,1,6,4,3,Départementale,50.0,1
202400005659,2024-07-07,nuit,,,93,93072,5,1,3,4,3,Départementale,50.0,1
202400005660,2024-03-20,matin,,,77,77291,2,1,2,4,5,Autre,50.0,1
202400005661,2024-07-07,soirée,,,93,93048,1,1,3,4,3,Départementale,50.0,1
202400005662,2024-03-20,soirée,,,93,93066,5,1,3,4,3,Départementale,,1
202400005663,2024-03-20,matin,,,93,93064,1,1,4,4,3,Départementale,50.0,1
202400005664,2024-07-07,nuit,,,92,92051,2,1,7,4,3,Départementale,50.0,1
202400005665,2024-07-07,nuit,,,92,92050,2,1,7,4,3,Départementale,50.0,1
202400005666,2024-03-19,après-midi,,,93,93053,1,1,1,4,3,Départementale,,1
202400005667,2024-07-07,après-midi,,,78,78356,1,1,7,3,3,Départementale,50.0,1
202400005668,2024-03-20,après-midi,,,93,93071,1,1,3,4,3,Départementale,50.0,1
202400005669,2024-03-20,après-midi,,,92,92046,1,1,3,4,3,Départementale,50.0,1
202400005670,2024-07-06,soirée,,,76,76543,1,1,3,4,3,Départementale,80.0,1
202400005671,2024-07-07,après-midi,,,49,49244,1,8,7,3,3,Départementale,80.0,1
202400005672,2024-03-20,soirée,,,92,92073,5,1,4,4,3,Départementale,50.0,1
202400005673,2024-07-07,soirée,,,08,08232,1,1,1,2,3,Départementale,80.0,1
202400005674,2024-03-20,après-midi,,,92,92012,1,1,2,4,3,Départementale,50.0,1
202400005675,2024-07-06,matin,,,62,62745,1,2,7,3,4,Voie communale,50.0,2
202400005676,2024-03-21,après-midi,,,51,51423,1,1,6,2,3,Départementale,70.0,1
202400005677,2024-07-08,nuit,,,28,28085,2,1,6,4,1,Autoroute,130.0,1
202400005678,2024-03-21,après-midi,,,05,05174,1,1,3,4,2,Nationale,80.0,1
202400005679,2024-07-07,nuit,,,71,71481,3,1,6,3,1,Autoroute,130.0,1
202400005680,2024-03-20,soirée,,,76,76404,1,1,1,3,3,Départementale,70.0,1
202400005681,2024-07-07,après-midi,,,67,67437,1,1,7,3,3,Départementale,40.0,1
202400005682,2024-07-07,soirée,,,22,22229,1,1,3,3,3,Départementale,80.0,1
202400005683,2024-03-20,après-midi,,,74,74112,1,1,5,4,4,Voie communale,50.0,1
202400005684,2024-03-21,matin,,,77,77242,1,1,6,2,3,Départementale,80.0,1
202400005685,2024-07-08,après-midi,,,83,83070,1,1,3,3,3,Départementale,50.0,1
202400005686,2024-07-07,après-midi,,,41,41184,1,1,7,4,3,Départementale,80.0,1
202400005687,2024-03-21,après-midi,,,79,79096,1,1,2,3,3,Départementale,70.0,1
202400005688,2024-03-21,soirée,,,2B,2B096,5,1,3,3,2,Nationale,50.0,1
202400005689,2024-07-08,soirée,,,62,62773,1,8,7,3,3,Départementale,,1
202400005690,2024-03-20,soirée,,,82,82156,3,2,6,3,3,Départementale,80.0,2
202400005691,2024-07-06,après-midi,,,56,56101,1,1,7,4,2,Nationale,110.0,1
202400005692,2024-03-20,après-midi,,,71,71367,1,1,5,4,3,Départementale,90.0,1
202400005693,2024-07-08,matin,,,69,69248,1,1,6,3,3,Départementale,80.0,1
202400005694,2024-03-21,après-midi,,,49,49215,1,1,3,4,3,Départementale,80.0,1
202400005695,2024-03-20,après-midi,,,12,12286,1,1,6,3,3,Départementale,90.0,1
202400005696,2024-06-18,soirée,,,69,69066,2,1,3,4,3,Départementale,50.0,1
202400005697,2024-03-20,après-midi,,,47,47306,1,1,6,4,3,Départementale,80.0,1
202400005698,2024-07-08,soirée,,,71,71263,1,1,5,4,3,Départementale,30.0,1
202400005699,2024-03-20,après-midi,,,68,68018,1,1,1,3,3,Départementale,80.0,1
202400005700,2024-07-08,soirée,,,71,71162,2,1,3,3,3,Départementale,50.0,1
202400005701,2024-07-06,nuit,,,71,71014,3,1,7,4,3,Départementale,50.0,9
202400005702,2024-03-21,matin,,,35,35327,1,1,2,3,2,Nationale,110.0,1
202400005703,2024-07-08,matin,,,89,89025,1,1,6,4,3,Départementale,50.0,1
202400005704,2024-03-19,soirée,,,35,35023,3,1,1,3,3,Départementale,80.0,1
202400005705,2024-07-07,après-midi,,,89,89419,1,1,1,4,3,Départementale,90.0,1
202400005706,2024-03-18,soirée,,,38,38144,4,1,5,4,3,Départementale,70.0,1
202400005707,2024-07-07,soirée,,,76,76374,2,1,3,4,3,Départementale,50.0,1
202400005708,2024-03-21,après-midi,,,03,03188,1,1,1,3,3,Départementale,90.0,1
202400005709,2024-07-07,nuit,,,49,49002,3,1,6,3,3,Départementale,70.0,1
202400005710,2024-03-19,matin,,,58,58082,1,1,7,2,3,Départementale,,1
202400005711,2024-07-07,matin,,,29,29250,2,1,6,3,3,Départementale,90.0,1
202400005712,2024-03-19,soirée,,,66,66015,1,1,7,4,3,Départementale,50.0,1
202400005713,2024-06-25,matin,,,38,38029,1,1,6,3,3,Départementale,50.0,1
202400005714,2024-07-07,après-midi,,,02,02185,1,1,7,4,3,Départementale,80.0,1
202400005715,2024-07-07,soirée,,,03,03089,1,1,6,4,3,Départementale,90.0,1
202400005716,2024-03-21,après-midi,,,06,06153,1,1,5,4,7,Autre,50.0,1
202400005717,2024-07-07,après-midi,,,01,01147,1,1,7,3,3,Départementale,50.0,1
202400005718,2024-07-08,après-midi,,,26,26112,1,1,3,3,3,Départementale,80.0,1
202400005719,2024-07-06,après-midi,,,58,58039,1,1,3,3,3,Départementale,50.0,1
202400005720,2024-07-06,après-midi,,,14,14578,1,1,3,3,3,Départementale,70.0,1
202400005721,2024-07-08,après-midi,,,05,05184,1,1,2,3,3,Départementale,80.0,1
202400005722,2024-07-08,matin,,,50,50615,1,2,1,3,3,Départementale,30.0,2
202400005723,2024-07-07,après-midi,,,16,16339,1,1,1,4,4,Voie communale,80.0,1
202400005724,2024-07-07,matin,,,04,04166,1,1,6,3,6,Autre,15.0,1
202400005725,2024-07-07,après-midi,,,37,37064,1,1,3,3,3,Départementale,80.0,1
202400005726,2024-07-07,après-midi,,,48,48086,1,1,1,3,3,Départementale,90.0,1
202400005727,2024-07-08,après-midi,,,34,34333,1,1,2,4,3,Départementale,70.0,1
202400005728,2024-07-08,après-midi,,,82,82037,1,7,6,4,1,Autoroute,90.0,1
202400005729,2024-07-01,après-midi,,,91,91085,1,1,2,3,3,Départementale,90.0,1
202400005730,2024-07-07,nuit,,,31,31036,3,2,1,4,3,Départementale,80.0,2
202400005731,2024-07-08,nuit,,,13,13087,3,1,1,3,3,Départementale,80.0,1
202400005732,2024-07-07,soirée,,,45,45119,1,1,1,3,3,Départementale,90.0,1
202400005733,2024-06-25,matin,,,45,45254,1,1,3,4,4,Voie communale,90.0,1
202400005734,2024-07-07,nuit,,,77,77364,2,1,7,3,3,Départementale,80.0,1
202400005735,2024-07-08,après-midi,,,2A,2A247,1,1,3,3,3,Départementale,70.0,1
202400005736,2024-07-08,nuit,,,66,66037,5,1,6,4,4,Voie communale,50.0,1
202400005737,2024-07-08,soirée,,,83,83065,1,1,3,3,3,Départementale,50.0,1
202400005738,2024-07-07,soirée,,,13,13119,1,1,3,3,3,Départementale,30.0,1
202400005739,2024-07-08,matin,,,57,57348,1,1,7,2,3,Départementale,50.0,1
202400005740,2024-07-04,soirée,,,73,73178,1,1,7,4,3,Départementale,80.0,1
202400005741,2024-07-07,après-midi,,,69,69019,1,1,6,2,3,Départementale,80.0,1
202400005742,2024-07-06,après-midi,,,65,65123,1,2,6,3,3,Départementale,70.0,2
202400005743,2024-07-08,matin,,,17,17155,1,7,6,3,3,Départementale,50.0,1
202400005744,2024-07-07,après-midi,,,27,27279,1,1,3,4,3,Départementale,50.0,1
202400005745,2024-07-06,matin,,,62,62201,1,1,1,4,4,Voie communale,50.0,1
202400005746,2024-09-15,nuit,,,38,38442,3,1,6,3,3,Départementale,70.0,1
202400005747,2024-06-30,matin,,,59,59401,1,1,1,3,3,Départementale,80.0,1
202400005748,2024-09-15,après-midi,,,26,26235,1,6,2,4,3,Départementale,50.0,1
202400005749,2024-07-06,nuit,,,13,13005,3,1,2,3,1,Autoroute,90.0,1
202400005750,2024-07-06,nuit,,,69,69152,3,1,2,4,7,Autre,70.0,1
202400005751,2024-09-16,après-midi,,,69,69171,1,1,5,4,3,Départementale,80.0,1
202400005752,2024-07-07,nuit,,,42,42218,3,1,6,2,2,Nationale,70.0,2
202400005753,2024-09-15,après-midi,,,19,19211,1,1,1,4,3,Départementale,50.0,1
202400005754,2024-07-07,après-midi,,,91,91521,1,1,4,4,1,Autoroute,110.0,1
202400005755,2024-08-21,matin,,,72,72244,2,1,6,4,4,Voie communale,50.0,1
202400005756,2024-07-07,après-midi,,,91,91228,1,1,4,4,1,Autoroute,110.0,1
202400005757,2024-09-14,après-midi,,,72,72154,1,1,3,4,3,Départementale,90.0,1
202400005758,2024-07-07,matin,,,77,77384,1,1,6,4,1,Autoroute,110.0,1
202400005759,2024-07-07,matin,,,91,91363,1,1,7,4,2,Nationale,110.0,1
202400005760,2024-09-16,après-midi,,,27,27436,1,1,2,3,3,Départementale,80.0,1
202400005761,2024-09-16,soirée,,,33,33281,1,1,2,4,1,Autoroute,70.0,1
202400005762,2024-07-07,nuit,,,91,91347,3,1,3,4,2,Nationale,110.0,1
202400005763,2024-07-06,après-midi,,,78,78158,1,1,2,4,1,Autoroute,110.0,1
202400005764,2024-09-13,matin,,,59,59560,1,1,6,3,1,Autoroute,130.0,1
202400005765,2024-09-13,matin,,,59,59532,2,3,2,4,1,Autoroute,130.0,2
202400005766,2024-07-07,soirée,,,93,93078,1,1,4,4,1,Autoroute,110.0,1
202400005767,2024-09-15,nuit,,,91,91235,3,1,3,3,2,Nationale,50.0,1
202400005768,2024-07-06,soirée,,,93,93053,1,1,5,4,1,Autoroute,90.0,1
202400005769,2024-09-15,nuit,,,95,95675,3,1,6,4,1,Autoroute,130.0,1
202400005770,2024-07-06,matin,,,93,93027,1,1,5,4,1,Autoroute,90.0,1
202400005771,2024-09-15,soirée,,,93,93066,3,1,2,3,1,Autoroute,90.0,1
202400005772,2024-07-05,après-midi,,,95,95306,1,1,7,4,1,Autoroute,110.0,1
202400005773,2024-09-15,après-midi,,,93,93078,1,1,2,4,1,Autoroute,70.0,1
202400005774,2024-07-07,matin,,,77,77175,2,1,2,4,2,Nationale,90.0,1
202400005775,2024-09-14,nuit,,,93,93010,4,1,6,4,1,Autoroute,90.0,1
202400005776,2024-09-14,soirée,,,93,93078,3,1,2,4,1,Autoroute,110.0,1
202400005777,2024-07-06,soirée,,,77,77294,1,1,4,4,1,Autoroute,90.0,1
202400005778,2024-09-14,après-midi,,,93,93064,1,1,2,4,1,Autoroute,90.0,1
202400005779,2024-07-06,après-midi,,,94,94028,1,1,3,4,1,Autoroute,90.0,1
202400005780,2024-09-13,après-midi,,,93,93027,1,1,6,4,1,Autoroute,90.0,1
202400005781,2024-07-06,après-midi,,,77,77141,1,1,3,4,1,Autoroute,130.0,1
202400005782,2024-08-07,matin,,,93,93008,1,8,3,4,3,Départementale,50.0,2
202400005783,2024-07-06,après-midi,,,93,93051,1,1,5,4,1,Autoroute,110.0,1
202400005784,2024-06-03,après-midi,,,93,93005,1,1,3,4,1,Autoroute,90.0,1
202400005785,2024-07-03,soirée,,,974,97407,5,1,3,4,4,Voie communale,30.0,1
202400005786,2024-04-28,soirée,,,93,93027,1,8,1,4,3,Départementale,50.0,1
202400005787,2024-07-05,après-midi,,,93,93001,1,1,6,4,3,Départementale,50.0,1
202400005788,2024-04-25,soirée,,,93,93079,1,1,1,3,3,Départementale,50.0,1
202400005789,2024-06-30,nuit,,,44,44114,5,8,7,4,4,Voie communale,50.0,1
202400005790,2024-07-06,nuit,,,976,97611,5,1,7,4,4,Voie communale,50.0,1
202400005791,2024-04-21,après-midi,,,93,93079,1,1,3,4,4,Voie communale,50.0,1
202400005792,2024-07-05,après-midi,,,974,97416,1,1,6,4,4,Voie communale,50.0,1
202400005793,2024-04-20,après-midi,,,93,93079,1,1,3,4,3,Départementale,50.0,1
202400005794,2024-07-05,matin,,,974,97416,1,1,3,4,2,Nationale,70.0,1
202400005795,2024-07-06,matin,,,974,97411,1,1,7,3,4,Voie communale,50.0,1
202400005796,2024-04-21,soirée,,,93,93079,1,1,6,4,3,Départementale,20.0,9
202400005797,2024-07-05,soirée,,,974,97407,5,1,3,4,2,Nationale,50.0,1
202400005798,2024-04-30,après-midi,,,93,93027,1,1,3,3,3,Départementale,50.0,1
202400005799,2024-07-06,nuit,,,69,69386,5,1,3,4,4,Voie communale,30.0,1
202400005800,2024-04-19,soirée,,,93,93007,1,2,3,4,3,Départementale,50.0,2
202400005801,2024-07-06,soirée,,,69,69387,1,2,6,4,4,Voie communale,30.0,2
202400005802,2024-07-05,soirée,,,69,69383,1,1,3,4,4,Voie communale,30.0,1
202400005803,2024-04-19,matin,,,93,93072,1,1,2,3,4,Voie communale,50.0,1
202400005804,2024-07-06,après-midi,,,972,97209,1,1,7,4,2,Nationale,70.0,1
202400005805,2024-04-18,soirée,,,93,93031,1,1,3,4,3,Départementale,50.0,1
202400005806,2024-07-06,matin,,,972,97213,1,1,2,4,4,Voie communale,90.0,1
202400005807,2024-07-06,après-midi,,,2A,2A004,1,1,6,3,4,Voie communale,50.0,1
202400005808,2024-04-16,soirée,,,93,93013,5,1,3,3,3,Départementale,50.0,1
202400005809,2024-07-06,soirée,,,95,95268,1,1,3,4,3,Départementale,50.0,1
202400005810,2024-07-06,soirée,,,91,91549,1,1,6,4,4,Voie communale,50.0,1
202400005811,2024-04-16,après-midi,,,93,93027,1,1,3,4,4,Voie communale,,1
202400005812,2024-07-06,nuit,,,91,91691,5,1,2,4,3,Départementale,30.0,1
202400005813,2024-04-16,matin,,,93,93027,1,1,6,4,3,Départementale,30.0,1
202400005814,2024-07-06,soirée,,,91,91589,1,1,6,4,4,Voie communale,50.0,1
202400005815,2024-04-11,soirée,,,93,93027,2,1,6,4,3,Départementale,50.0,1
202400005816,2024-04-11,après-midi,,,93,93030,1,1,6,4,6,Autre,20.0,1
202400005817,2024-07-05,soirée,,,84,84080,1,1,2,4,4,Voie communale,30.0,1
202400005818,2024-07-05,après-midi,,,84,84080,1,1,7,4,3,Départementale,80.0,1
202400005819,2024-04-11,matin,,,93,93027,1,1,2,4,3,Départementale,50.0,1
202400005820,2024-07-06,matin,,,83,83126,1,1,6,4,4,Voie communale,30.0,1
202400005821,2024-04-11,matin,,,93,93013,1,1,3,4,3,Départementale,50.0,1
202400005822,2024-07-05,après-midi,,,81,81065,1,7,1,3,4,Voie communale,50.0,1
202400005823,2024-07-06,matin,,,78,78551,1,2,6,4,4,Voie communale,30.0,2
202400005824,2024-04-05,après-midi,,,93,93031,1,1,2,4,3,Départementale,,1
202400005825,2024-07-06,après-midi,,,77,77058,1,1,2,4,4,Voie communale,30.0,1
202400005826,2024-04-04,nuit,,,93,93066,5,3,3,4,3,Départementale,50.0,2
202400005827,2024-04-01,nuit,,,93,93031,5,1,1,4,4,Voie communale,50.0,1
202400005828,2024-07-05,après-midi,,,76,76540,1,1,2,4,7,Autre,50.0,1
202400005829,2024-07-06,nuit,,,76,76165,5,1,6,4,4,Voie communale,50.0,1
202400005830,2024-03-29,matin,,,93,93027,1,1,6,4,3,Départementale,50.0,1
202400005831,2024-07-06,après-midi,,,71,71306,1,3,6,4,4,Voie communale,50.0,3
202400005832,2024-03-27,après-midi,,,93,93013,1,1,2,4,3,Départementale,30.0,1
202400005833,2024-07-06,matin,,,69,69029,1,8,2,4,7,Autre,50.0,1
202400005834,2024-03-26,après-midi,,,93,93013,1,2,6,4,3,Départementale,50.0,2
202400005835,2024-07-04,matin,,,68,68297,1,1,3,3,4,Voie communale,50.0,1
202400005836,2024-03-23,nuit,,,93,93027,5,2,2,4,3,Départementale,50.0,2
202400005837,2024-07-05,soirée,,,64,64483,1,1,3,4,3,Départementale,50.0,1
202400005838,2024-03-20,après-midi,,,93,93031,1,1,6,4,4,Voie communale,50.0,1
202400005839,2024-07-06,matin,,,64,64445,1,8,3,4,4,Voie communale,50.0,1
202400005840,2024-03-20,nuit,,,93,93031,5,1,6,4,3,Départementale,50.0,1
202400005841,2024-07-06,soirée,,,64,64102,2,1,6,4,4,Voie communale,50.0,1
202400005842,2024-03-14,après-midi,,,93,93027,1,1,3,4,4,Voie communale,50.0,1
202400005843,2024-07-06,soirée,,,64,64102,1,1,3,4,4,Voie communale,50.0,1
202400005844,2024-03-14,matin,,,93,93001,1,1,6,4,3,Départementale,50.0,1
202400005845,2024-03-12,soirée,,,95,95210,5,1,6,4,4,Voie communale,50.0,1
202400005846,2024-07-06,nuit,,,59,59152,3,1,3,4,4,Voie communale,50.0,1
202400005847,2024-03-12,après-midi,,,93,93027,1,1,6,4,3,Départementale,50.0,1
202400005848,2024-07-06,après-midi,,,51,51172,1,1,6,4,4,Voie communale,50.0,1
202400005849,2024-03-28,matin,,,93,93031,1,1,6,4,3,Départementale,50.0,1
202400005850,2024-07-05,matin,,,51,51055,1,1,3,4,4,Voie communale,50.0,1
202400005851,2024-03-11,matin,,,93,93027,2,1,3,4,3,Départementale,50.0,2
202400005852,2024-07-06,après-midi,,,49,49007,1,1,3,4,4,Voie communale,50.0,1
202400005853,2024-03-10,nuit,,,93,93027,3,1,5,4,3,Départementale,50.0,1
202400005854,2024-03-08,après-midi,,,93,93027,1,1,3,4,4,Voie communale,50.0,1
202400005855,2024-03-08,après-midi,,,93,93079,1,1,3,3,3,Départementale,50.0,1
202400005856,2024-07-01,après-midi,,,42,42218,1,1,3,3,4,Voie communale,,1
202400005857,2024-07-06,après-midi,,,38,38185,1,8,2,4,4,Voie communale,50.0,1
202400005858,2024-06-26,après-midi,,,38,38053,1,1,6,3,4,Voie communale,50.0,1
202400005859,2024-06-04,après-midi,,,38,38053,1,1,2,4,3,Départementale,90.0,1
202400005860,2024-09-15,matin,,,92,92025,1,1,2,4,3,Départementale,30.0,1
202400005861,2024-07-06,après-midi,,,38,38053,1,8,3,4,4,Voie communale,50.0,2
202400005862,2024-06-06,nuit,,,50,50517,2,1,2,3,3,Départementale,80.0,1
202400005863,2024-07-06,matin,,,37,37261,1,1,3,4,4,Voie communale,50.0,1
202400005864,2024-09-15,après-midi,,,974,97416,1,1,3,4,4,Voie communale,80.0,1
202400005865,2024-07-06,après-midi,,,35,35238,1,1,2,4,2,Nationale,90.0,1
202400005866,2024-09-14,matin,,,974,97416,1,1,4,4,2,Nationale,110.0,1
202400005867,2024-07-06,nuit,,,34,34172,5,1,3,4,4,Voie communale,50.0,1
202400005868,2024-07-05,après-midi,,,34,34198,1,1,3,4,7,Autre,90.0,1
202400005869,2024-07-07,nuit,,,31,31555,5,8,6,4,4,Voie communale,50.0,2
202400005870,2024-09-15,soirée,,,974,97411,5,8,3,4,2,Nationale,50.0,1
202400005871,2024-07-06,nuit,,,27,27229,5,1,3,4,4,Voie communale,50.0,1
202400005872,2024-09-15,après-midi,,,974,97411,1,1,3,3,4,Voie communale,50.0,1
202400005873,2024-09-14,après-midi,,,2A,2A004,1,1,3,4,3,Départementale,50.0,1
202400005874,2024-07-06,après-midi,,,22,22278,1,1,6,3,4,Voie communale,30.0,1
202400005875,2024-11-29,nuit,,,73,73040,3,9,6,3,3,Départementale,80.0,7
202400005876,2024-07-05,après-midi,,,21,21054,1,1,3,4,4,Voie communale,50.0,1
202400005877,2024-09-15,matin,,,95,95450,2,1,6,4,4,Voie communale,50.0,2
202400005878,2024-11-28,après-midi,,,26,26347,1,8,6,4,6,Autre,,1
202400005879,2024-11-29,après-midi,,,81,81011,1,1,4,3,3,Départementale,80.0,1
202400005880,2024-11-29,soirée,,,09,09306,5,1,6,3,2,Nationale,50.0,1
202400005881,2024-09-14,nuit,,,91,91549,5,1,3,4,4,Voie communale,50.0,1
202400005882,2024-11-29,matin,,,33,33051,1,1,4,2,3,Départementale,30.0,1
202400005883,2024-11-28,après-midi,,,49,49023,5,2,3,4,4,Voie communale,50.0,2
202400005884,2024-11-29,soirée,,,35,35287,3,1,3,3,3,Départementale,80.0,1
202400005885,2024-11-29,nuit,,,76,76718,3,1,6,3,3,Départementale,80.0,2
202400005886,2024-09-14,soirée,,,77,77438,1,1,5,4,3,Départementale,90.0,1
202400005887,2024-11-28,soirée,,,60,60589,5,1,6,3,4,Voie communale,50.0,1
202400005888,2024-09-15,soirée,,,69,69256,1,1,5,4,4,Voie communale,50.0,1
202400005889,2024-11-28,après-midi,,,13,13212,1,1,2,4,1,Autoroute,70.0,1
202400005890,2024-09-15,matin,,,64,64102,1,1,6,3,4,Voie communale,50.0,1
202400005891,2024-11-27,nuit,,,13,13117,3,1,2,4,1,Autoroute,90.0,1
202400005892,2024-09-15,soirée,,,62,62573,2,1,1,4,3,Départementale,50.0,1
202400005893,2024-11-27,matin,,,13,13005,1,1,3,4,1,Autoroute,70.0,1
202400005894,2024-09-15,nuit,,,60,60057,3,1,7,2,4,Voie communale,70.0,1
202400005895,2024-09-13,après-midi,,,59,59286,1,1,6,4,4,Voie communale,50.0,1
202400005896,2024-11-27,après-midi,,,83,83137,5,1,5,4,1,Autoroute,70.0,1
202400005897,2024-11-27,après-midi,,,69,69259,2,1,3,4,7,Autre,90.0,1
202400005898,2024-09-15,après-midi,,,58,58194,1,1,3,4,4,Voie communale,30.0,1
202400005899,2024-11-28,soirée,,,33,33397,4,1,2,2,1,Autoroute,110.0,1
202400005900,2024-11-25,soirée,,,33,33063,3,1,2,4,1,Autoroute,90.0,2
202400005901,2024-09-13,après-midi,,,51,51230,1,1,6,3,4,Voie communale,50.0,1
202400005902,2024-11-28,matin,,,94,94034,1,1,3,4,1,Autoroute,110.0,1
202400005903,2024-09-15,après-midi,,,45,45147,1,1,3,4,7,Autre,50.0,1
202400005904,2024-11-27,soirée,,,78,78321,5,8,4,4,2,Nationale,90.0,2
202400005905,2024-11-27,soirée,,,78,78217,3,8,2,4,1,Autoroute,130.0,2
202400005906,2024-11-27,après-midi,,,92,92050,5,3,2,4,1,Autoroute,70.0,2
202400005907,2024-09-15,nuit,,,33,33522,5,1,3,4,4,Voie communale,50.0,1
202400005908,2024-11-27,matin,,,92,92072,1,2,2,4,2,Nationale,70.0,2
202400005909,2024-11-28,soirée,,,93,93010,3,1,2,4,1,Autoroute,130.0,1
202400005910,2024-09-15,après-midi,,,33,33063,1,1,6,4,4,Voie communale,50.0,1
202400005911,2024-11-28,après-midi,,,93,93010,1,1,3,4,1,Autoroute,70.0,1
202400005912,2024-11-28,après-midi,,,93,93013,1,1,2,4,1,Autoroute,90.0,1
202400005913,2024-09-15,matin,,,31,31555,1,1,3,4,4,Voie communale,30.0,1
202400005914,2024-09-15,nuit,,,31,31555,3,1,2,4,1,Autoroute,90.0,1
202400005915,2024-11-28,matin,,,95,95018,1,1,4,4,1,Autoroute,110.0,1
202400005916,2024-09-15,matin,,,22,22113,1,1,7,3,4,Voie communale,30.0,1
202400005917,2024-11-27,matin,,,93,93029,2,1,2,3,1,Autoroute,90.0,1
202400005918,2024-09-14,après-midi,,,22,22113,1,1,3,3,3,Départementale,50.0,1
202400005919,2024-11-28,matin,,,94,94028,1,1,4,4,1,Autoroute,90.0,1
202400005920,2024-09-15,nuit,,,13,13102,5,1,3,4,3,Départementale,50.0,2
202400005921,2024-06-28,matin,,,93,93063,1,1,6,2,4,Voie communale,30.0,1
202400005922,2024-09-14,soirée,,,13,13028,1,1,3,4,4,Voie communale,50.0,1
202400005923,2024-09-15,après-midi,,,13,13005,1,1,1,4,4,Voie communale,50.0,1
202400005924,2024-06-23,nuit,,,93,93006,5,1,3,4,4,Voie communale,30.0,1
202400005925,2024-09-15,soirée,,,06,06088,5,1,6,3,4,Voie communale,50.0,1
202400005926,2024-09-14,après-midi,,,06,06029,1,1,6,3,6,Autre,30.0,1
202400005927,2024-09-15,matin,,,04,04112,1,1,3,4,4,Voie communale,50.0,1
202400005928,2024-09-13,après-midi,,,03,03185,1,1,6,3,3,Départementale,50.0,1
202400005929,2024-06-16,soirée,,,93,93063,5,2,3,4,4,Voie communale,30.0,2
202400005930,2024-09-15,soirée,,,75,75119,1,1,5,4,4,Voie communale,30.0,1
202400005931,2024-09-15,nuit,,,75,75118,5,1,2,4,4,Voie communale,30.0,1
202400005932,2024-09-10,après-midi,,,75,75116,1,1,3,4,4,Voie communale,,1
202400005933,2024-06-12,matin,,,93,93063,1,1,3,4,4,Voie communale,50.0,1
202400005934,2024-09-15,soirée,,,75,75115,1,1,6,4,4,Voie communale,,1
202400005935,2024-09-13,après-midi,,,75,75115,1,1,6,4,4,Voie communale,,1
202400005936,2024-09-15,après-midi,,,75,75111,1,1,3,4,4,Voie communale,30.0,1
202400005937,2024-06-10,après-midi,,,93,93063,1,1,3,4,4,Voie communale,50.0,1
202400005938,2024-09-15,nuit,,,75,75109,5,1,3,4,4,Voie communale,30.0,1
202400005939,2024-09-15,soirée,,,75,75107,1,1,3,4,4,Voie communale,,1
202400005940,2024-06-05,soirée,,,93,93045,1,1,6,4,3,Départementale,30.0,1
202400005941,2024-09-14,matin,,,75,75107,1,1,3,4,4,Voie communale,30.0,1
202400005942,2024-11-27,après-midi,,,974,97416,1,1,2,4,2,Nationale,110.0,1