Num_Acc,date,time_of_day,lat,long,dep,com,lum,atm,col,severity_index,catr,catr_label,vma,surf
202400005943,2024-09-15,matin,,,75,75104,1,1,7,4,4,Voie communale,30.0,1
202400005944,2024-03-24,matin,,,33,33546,1,2,3,3,3,Départementale,80.0,2
202400005945,2024-11-27,matin,,,974,97411,1,1,3,4,4,Voie communale,30.0,1
202400005946,2024-11-27,soirée,,,973,97302,5,1,6,4,4,Voie communale,50.0,1
202400005947,2024-04-28,nuit,,,11,11106,3,1,6,3,3,Départementale,80.0,1
202400005948,2024-09-15,soirée,,,93,93005,5,1,4,4,2,Nationale,50.0,1
202400005949,2024-04-28,matin,,,11,11261,2,1,6,4,3,Départementale,70.0,1
202400005950,2024-11-28,nuit,,,69,69387,5,1,3,4,4,Voie communale,50.0,1
202400005951,2024-09-15,soirée,,,93,93071,1,1,3,4,4,Voie communale,50.0,1
202400005952,2024-04-28,matin,,,71,71522,1,3,3,4,3,Départementale,80.0,2
202400005953,2024-09-15,soirée,,,93,93066,1,1,2,4,4,Voie communale,50.0,1
202400005954,2024-11-27,après-midi,,,69,69386,5,1,6,4,4,Voie communale,30.0,1
202400005955,2024-11-27,soirée,,,69,69383,5,1,6,3,4,Voie communale,30.0,1
202400005956,2024-04-28,après-midi,,,89,89086,1,1,1,4,3,Départementale,80.0,1
202400005957,2024-09-15,après-midi,,,93,93053,1,1,7,3,3,Départementale,50.0,1
202400005958,2024-11-27,matin,,,69,69387,5,1,3,4,4,Voie communale,30.0,1
202400005959,2024-09-15,soirée,,,93,93010,1,1,6,4,4,Voie communale,30.0,1
202400005960,2024-04-28,nuit,,,63,63430,3,8,6,4,3,Départementale,90.0,2
202400005961,2024-09-15,après-midi,,,92,92064,1,1,2,4,3,Départementale,50.0,1
202400005962,2024-11-27,soirée,,,69,69034,3,1,1,4,4,Voie communale,30.0,1
202400005963,2024-04-28,matin,,,55,55171,2,1,6,4,3,Départementale,,2
202400005964,2024-09-15,soirée,,,92,92026,5,1,3,4,3,Départementale,50.0,1
202400005965,2024-11-27,après-midi,,,69,69389,1,7,5,3,7,Autre,50.0,1
202400005966,2024-09-15,soirée,,,92,92007,1,1,3,4,3,Départementale,50.0,1
202400005967,2024-04-28,après-midi,,,49,49003,1,1,6,4,3,Départementale,110.0,1
202400005968,2024-11-27,matin,,,69,69389,1,1,3,4,4,Voie communale,50.0,1
202400005969,2024-09-14,soirée,,,92,92004,1,1,6,4,3,Départementale,50.0,1
202400005970,2024-11-26,matin,,,971,97101,1,1,6,4,2,Nationale,110.0,1
202400005971,2024-04-27,après-midi,,,49,49307,1,2,7,2,4,Voie communale,80.0,2
202400005972,2024-09-15,matin,,,43,43040,1,1,1,4,4,Voie communale,30.0,1
202400005973,2024-11-27,après-midi,,,2A,2A004,1,1,6,4,3,Départementale,50.0,1
202400005974,2024-04-22,matin,,,34,34150,1,6,1,4,3,Départementale,80.0,1
202400005975,2024-11-27,matin,,,91,91425,1,2,3,4,4,Voie communale,50.0,2
202400005976,2024-04-28,après-midi,,,25,25240,1,3,6,3,3,Départementale,90.0,2
202400005977,2024-09-14,après-midi,,,43,43040,1,1,5,4,3,Départementale,50.0,1
202400005978,2024-09-15,après-midi,,,2A,2A357,1,1,6,3,3,Départementale,80.0,1
202400005979,2024-04-27,après-midi,,,29,29010,1,1,7,3,4,Voie communale,70.0,1
202400005980,2024-11-26,matin,,,87,87085,2,1,6,4,4,Voie communale,50.0,1
202400005981,2024-09-13,matin,,,31,31113,1,1,6,3,3,Départementale,30.0,1
202400005982,2024-04-28,matin,,,29,29249,2,1,6,4,3,Départementale,70.0,2
202400005983,2024-04-26,soirée,,,29,29024,1,1,6,3,6,Autre,20.0,1
202400005984,2024-04-25,nuit,,,31,31152,3,2,6,3,3,Départementale,80.0,2
202400005985,2024-09-15,soirée,,,13,13078,2,1,2,4,3,Départementale,50.0,1
202400005986,2024-04-28,nuit,,,31,31319,3,8,6,4,3,Départementale,80.0,2
202400005987,2024-04-28,matin,,,26,26172,2,8,7,3,3,Départementale,80.0,2
202400005988,2024-11-27,matin,,,84,84035,5,1,5,4,4,Voie communale,50.0,1
202400005989,2024-09-16,soirée,,,83,83049,1,1,2,3,1,Autoroute,110.0,1
202400005990,2024-09-14,soirée,,,51,51298,3,1,7,4,3,Départementale,80.0,1
202400005991,2024-04-28,nuit,,,50,50364,3,3,6,4,3,Départementale,80.0,2
202400005992,2024-11-27,matin,,,83,83062,1,7,4,3,3,Départementale,50.0,1
202400005993,2024-09-14,après-midi,,,26,26005,1,6,7,3,1,Autoroute,130.0,1
202400005994,2024-11-26,soirée,,,83,83034,5,1,6,4,3,Départementale,70.0,1
202400005995,2024-09-13,soirée,,,974,97410,3,1,7,3,3,Départementale,,1
202400005996,2024-04-28,après-midi,,,10,10323,1,1,6,4,4,Voie communale,50.0,1
202400005997,2024-11-27,après-midi,,,81,81163,1,1,6,3,4,Voie communale,50.0,1
202400005998,2024-09-16,matin,,,42,42036,1,1,1,3,4,Voie communale,50.0,1
202400005999,2024-04-28,nuit,,,10,10233,2,6,6,2,3,Départementale,80.0,1
202400006000,2024-09-16,après-midi,,,48,48005,1,1,2,2,1,Autoroute,130.0,1
202400006001,2024-04-28,soirée,,,07,07007,2,3,7,4,3,Départementale,90.0,2
202400006002,2024-11-27,matin,,,78,78208,1,2,3,4,4,Voie communale,50.0,2
202400006003,2024-09-14,après-midi,,,21,21592,1,1,7,4,3,Départementale,80.0,1
202400006004,2024-04-28,matin,,,21,21336,1,8,6,3,3,Départementale,70.0,1
202400006005,2024-04-27,matin,,,40,40058,2,8,6,3,3,Départementale,80.0,2
202400006006,2024-09-15,après-midi,,,62,62302,1,1,7,3,4,Voie communale,80.0,6
202400006007,2024-11-22,soirée,,,78,78498,5,2,6,4,3,Départementale,30.0,2
202400006008,2024-04-27,nuit,,,24,24014,3,2,6,2,3,Départementale,70.0,2
202400006009,2024-04-27,après-midi,,,30,30182,1,1,6,3,4,Voie communale,30.0,1
202400006010,2024-09-13,matin,,,77,77385,1,1,3,4,3,Départementale,50.0,1
202400006011,2024-04-27,soirée,,,88,88193,3,1,6,4,4,Voie communale,50.0,1
202400006012,2024-09-16,après-midi,,,03,03100,1,1,6,2,1,Autoroute,130.0,1
202400006013,2024-04-27,nuit,,,973,97309,5,2,6,3,3,Départementale,,2
202400006014,2024-09-16,après-midi,,,79,79308,1,1,2,2,3,Départementale,80.0,1
202400006015,2024-11-27,matin,,,77,77085,1,2,3,4,3,Départementale,50.0,2
202400006016,2024-04-27,nuit,,,44,44048,3,3,6,4,1,Autoroute,130.0,2
202400006017,2024-11-27,matin,,,77,77312,5,2,7,4,3,Départementale,50.0,2
202400006018,2024-09-13,après-midi,,,79,79119,1,1,1,3,4,Voie communale,50.0,1
202400006019,2024-04-27,soirée,,,987,98715,5,1,1,3,2,Nationale,40.0,1
202400006020,2024-04-28,soirée,,,06,06029,1,1,6,3,1,Autoroute,110.0,1
202400006021,2024-11-26,après-midi,,,76,76351,1,1,2,3,4,Voie communale,50.0,1
202400006022,2024-04-28,soirée,,,33,33130,1,1,7,3,1,Autoroute,130.0,1
202400006023,2024-09-14,matin,,,2B,2B150,1,1,5,4,2,Nationale,70.0,1
202400006024,2024-11-27,soirée,,,73,73065,5,1,3,4,3,Départementale,50.0,1
202400006025,2024-04-28,matin,,,60,60531,2,1,7,2,1,Autoroute,130.0,1
202400006026,2024-04-27,nuit,,,974,97406,5,1,6,4,6,Autre,,1
202400006027,2024-11-27,après-midi,,,73,73065,1,1,3,4,3,Départementale,50.0,1
202400006028,2024-09-14,soirée,,,80,80832,3,1,3,4,3,Départementale,80.0,1
202400006029,2024-04-27,nuit,,,971,97118,3,2,1,3,3,Départementale,80.0,2
202400006030,2024-09-16,matin,,,81,81217,1,1,6,3,3,Départementale,90.0,1
202400006031,2024-11-27,soirée,,,70,70550,5,1,2,3,3,Départementale,50.0,1
202400006032,2024-04-27,nuit,,,77,77171,3,2,2,4,3,Départementale,70.0,2
202400006033,2024-09-15,soirée,,,11,11220,1,1,3,3,3,Départementale,,1
202400006034,2024-11-27,après-midi,,,69,69259,5,1,3,4,7,Autre,50.0,1
202400006035,2024-09-16,nuit,,,89,89125,3,1,1,4,2,Nationale,80.0,1
202400006036,2024-04-28,après-midi,,,84,84132,1,1,3,4,3,Départementale,80.0,2
202400006037,2024-04-28,après-midi,,,71,71192,1,1,6,2,3,Départementale,80.0,1
202400006038,2024-11-27,matin,,,69,69091,5,1,3,3,7,Autre,30.0,1
202400006039,2024-09-14,matin,,,49,49323,1,1,3,2,3,Départementale,80.0,1
202400006040,2024-04-28,nuit,,,68,68294,3,2,7,4,4,Voie communale,,2
202400006041,2024-09-08,matin,,,49,49323,2,1,6,4,3,Départementale,80.0,1
202400006042,2024-11-27,matin,,,67,67043,1,1,3,4,4,Voie communale,50.0,1
202400006043,2024-04-27,après-midi,,,54,54368,1,8,2,3,3,Départementale,80.0,1
202400006044,2024-09-16,nuit,,,25,25532,3,1,6,2,3,Départementale,50.0,1
202400006045,2024-11-27,après-midi,,,64,64445,5,1,7,4,4,Voie communale,50.0,1
202400006046,2024-04-26,après-midi,,,42,42129,1,2,1,3,3,Départementale,70.0,2
202400006047,2024-09-16,matin,,,44,44100,1,1,3,4,3,Départementale,80.0,1
202400006048,2024-11-26,après-midi,,,64,64102,1,1,3,4,4,Voie communale,50.0,1
202400006049,2024-04-28,nuit,,,38,38442,3,2,7,4,3,Départementale,80.0,2
202400006050,2024-11-26,matin,,,63,63103,2,1,3,4,3,Départementale,80.0,1
202400006051,2024-09-15,après-midi,,,44,44087,1,1,1,4,3,Départementale,80.0,1
202400006052,2024-04-27,après-midi,,,07,07245,1,1,1,4,3,Départementale,90.0,1
202400006053,2024-04-27,après-midi,,,07,07245,1,1,2,4,3,Départementale,80.0,1
202400006054,2024-08-31,soirée,,,29,29216,1,1,2,3,4,Voie communale,,1
202400006055,2024-11-27,nuit,,,59,59512,5,2,3,3,4,Voie communale,50.0,2
202400006056,2024-04-27,après-midi,,,69,69184,1,8,6,3,3,Départementale,80.0,1
202400006057,2024-11-27,après-midi,,,59,59350,2,2,3,4,4,Voie communale,50.0,2
202400006058,2024-04-28,après-midi,,,65,65059,1,1,6,4,4,Voie communale,80.0,1
202400006059,2024-08-19,matin,,,31,31587,1,1,4,3,3,Départementale,80.0,1
202400006060,2024-11-26,matin,,,56,56121,2,1,7,4,4,Voie communale,50.0,1
202400006061,2024-04-28,nuit,,,09,09185,3,1,1,4,3,Départementale,50.0,1
202400006062,2024-09-15,après-midi,,,84,84072,1,1,4,3,3,Départementale,50.0,1
202400006063,2024-11-26,après-midi,,,51,51454,5,1,4,4,4,Voie communale,50.0,1
202400006064,2024-09-15,après-midi,,,66,66184,1,6,7,2,3,Départementale,80.0,1
202400006065,2024-04-26,soirée,,,86,86274,1,1,2,3,3,Départementale,90.0,1
202400006066,2024-09-15,après-midi,,,72,72346,1,1,6,4,3,Départementale,80.0,1
202400006067,2024-11-26,après-midi,,,51,51454,1,1,3,4,4,Voie communale,50.0,1
202400006068,2024-09-15,après-midi,,,14,14520,1,1,4,3,3,Départementale,80.0,1
202400006069,2024-11-28,nuit,,,49,49099,3,1,7,4,3,Départementale,70.0,1
202400006070,2024-04-28,après-midi,,,62,62128,1,1,3,4,4,Voie communale,30.0,1
202400006071,2024-11-25,après-midi,,,49,49099,1,1,6,4,4,Voie communale,30.0,1
202400006072,2024-09-15,soirée,,,05,05046,2,1,7,4,3,Départementale,80.0,1
202400006073,2024-04-28,matin,,,59,59044,1,6,6,3,7,Autre,70.0,1
202400006074,2024-04-26,soirée,,,13,13202,5,1,7,3,1,Autoroute,50.0,1
202400006075,2024-09-15,soirée,,,60,60199,1,1,3,4,3,Départementale,80.0,1
202400006076,2024-11-26,soirée,,,49,49246,5,2,5,4,1,Autoroute,110.0,2
202400006077,2024-04-27,nuit,,,33,33143,3,3,6,4,1,Autoroute,130.0,2
202400006078,2024-09-05,nuit,,,45,45062,5,1,6,3,3,Départementale,50.0,1
202400006079,2024-11-26,après-midi,,,49,49007,1,1,6,3,4,Voie communale,50.0,1
202400006080,2024-04-27,soirée,,,91,91136,1,2,6,4,1,Autoroute,90.0,2
202400006081,2024-11-27,matin,,,45,45147,1,2,3,4,4,Voie communale,50.0,2
202400006082,2024-09-16,matin,,,64,64106,1,1,3,4,3,Départementale,50.0,1
202400006083,2024-04-27,matin,,,94,94065,1,1,3,4,2,Nationale,90.0,1
202400006084,2024-11-25,soirée,,,42,42071,5,3,6,3,3,Départementale,30.0,2
202400006085,2024-09-14,matin,,,64,64297,1,1,1,4,3,Départementale,80.0,1
202400006086,2024-04-27,après-midi,,,78,78640,1,2,3,4,1,Autoroute,90.0,2
202400006087,2024-11-26,matin,,,40,40192,1,1,2,3,3,Départementale,50.0,1
202400006088,2024-09-15,nuit,,,18,18080,3,1,7,3,3,Départementale,80.0,1
202400006089,2024-11-27,soirée,,,38,38516,3,1,6,4,4,Voie communale,30.0,1
202400006090,2024-04-26,après-midi,,,78,78466,1,1,2,4,1,Autoroute,130.0,1
202400006091,2024-09-16,matin,,,10,10323,1,1,6,3,6,Autre,30.0,1
202400006092,2024-11-27,matin,,,37,37261,1,2,6,4,4,Voie communale,50.0,2
202400006093,2024-04-26,soirée,,,78,78640,1,1,2,4,2,Nationale,70.0,1
202400006094,2024-09-15,après-midi,,,16,16175,1,1,6,3,3,Départementale,80.0,1
202400006095,2024-04-27,matin,,,95,95572,1,1,6,4,2,Nationale,70.0,2
202400006096,2024-11-26,matin,,,37,37261,1,1,6,3,7,Autre,50.0,2
202400006097,2024-09-15,après-midi,,,07,07001,1,1,3,3,3,Départementale,90.0,1
202400006098,2024-04-27,matin,,,93,93007,1,1,4,4,1,Autoroute,110.0,1
202400006099,2024-11-27,soirée,,,35,35238,5,8,1,4,4,Voie communale,30.0,2
202400006100,2024-09-15,après-midi,,,53,53185,1,1,3,3,2,Nationale,50.0,1
202400006101,2024-04-27,matin,,,92,92036,1,1,6,4,1,Autoroute,50.0,2
202400006102,2024-11-27,après-midi,,,35,35238,1,2,2,4,4,Voie communale,30.0,2
202400006103,2024-04-27,matin,,,93,93027,2,2,6,4,1,Autoroute,50.0,2
202400006104,2024-09-15,après-midi,,,40,40164,1,1,2,4,3,Départementale,80.0,1
202400006105,2024-11-27,après-midi,,,33,33281,1,1,2,3,4,Voie communale,80.0,1
202400006106,2024-09-16,matin,,,04,04031,1,1,6,3,3,Départementale,80.0,1
202400006107,2024-11-27,matin,,,33,33318,1,1,6,4,4,Voie communale,50.0,1
202400006108,2024-04-26,soirée,,,95,95582,1,1,4,4,1,Autoroute,110.0,1
202400006109,2024-09-14,après-midi,,,85,85047,1,1,1,3,4,Voie communale,80.0,1
202400006110,2024-11-27,matin,,,33,33063,2,1,6,4,4,Voie communale,50.0,1
202400006111,2024-04-26,soirée,,,93,93066,1,1,2,4,1,Autoroute,90.0,1
202400006112,2024-09-15,après-midi,,,85,85287,1,1,1,3,3,Départementale,80.0,1
202400006113,2024-11-27,matin,,,33,33318,2,1,3,4,4,Voie communale,50.0,1
202400006114,2024-04-26,après-midi,,,95,95219,1,1,3,4,1,Autoroute,90.0,1
202400006115,2024-09-14,soirée,,,27,27232,3,1,3,3,3,Départementale,80.0,1
202400006116,2024-11-27,après-midi,,,31,31555,3,1,4,3,1,Autoroute,90.0,1
202400006117,2024-09-12,matin,,,23,23031,1,1,6,2,3,Départementale,50.0,1
202400006118,2024-11-26,soirée,,,30,30007,5,1,7,3,3,Départementale,50.0,1
202400006119,2024-02-26,soirée,,,64,64140,5,3,3,4,4,Voie communale,50.0,2
202400006120,2024-09-15,après-midi,,,48,48127,1,1,6,3,3,Départementale,30.0,1
202400006121,2024-11-24,soirée,,,29,29019,5,1,4,4,3,Départementale,50.0,2
202400006122,2024-02-19,matin,,,64,64102,2,2,3,4,4,Voie communale,50.0,2
202400006123,2024-11-27,matin,,,28,28085,2,8,6,4,4,Voie communale,30.0,2
202400006124,2024-09-15,après-midi,,,19,19085,1,1,6,3,1,Autoroute,130.0,1
202400006125,2024-04-24,nuit,,,987,98735,5,1,6,3,2,Nationale,30.0,1
202400006126,2024-11-27,soirée,,,26,26339,3,1,6,3,2,Nationale,80.0,1
202400006127,2024-09-16,après-midi,,,45,45061,1,1,6,4,1,Autoroute,130.0,1
202400006128,2024-04-26,matin,,,976,97611,1,1,3,4,4,Voie communale,50.0,1
202400006129,2024-11-25,matin,,,14,14271,1,2,3,4,3,Départementale,50.0,2
202400006130,2024-11-27,après-midi,,,13,13208,1,1,6,4,4,Voie communale,50.0,1
202400006131,2024-09-16,après-midi,,,06,06084,1,1,3,3,3,Départementale,80.0,1
202400006132,2024-04-26,soirée,,,974,97416,5,1,3,4,4,Voie communale,50.0,1
202400006133,2024-09-16,matin,,,67,67084,1,1,7,3,1,Autoroute,80.0,1
202400006134,2024-11-27,nuit,,,13,13211,5,1,2,4,4,Voie communale,50.0,1
202400006135,2024-04-26,après-midi,,,974,97416,1,1,6,3,4,Voie communale,50.0,1
202400006136,2024-09-16,matin,,,72,72198,2,1,2,3,1,Autoroute,,1
202400006137,2024-04-25,nuit,,,974,97411,3,1,7,4,4,Voie communale,50.0,1
202400006138,2024-11-26,matin,,,07,07281,1,1,5,4,3,Départementale,50.0,1
202400006139,2024-11-28,nuit,,,06,06088,5,1,6,3,7,Autre,50.0,1
202400006140,2024-09-13,soirée,,,57,57510,1,1,2,4,1,Autoroute,110.0,1
202400006141,2024-04-24,après-midi,,,974,97411,1,1,2,4,4,Voie communale,30.0,1
202400006142,2024-11-27,après-midi,,,06,06088,1,1,6,3,4,Voie communale,30.0,1
202400006143,2024-09-08,matin,,,33,33234,1,2,2,4,3,Départementale,50.0,2
202400006144,2024-04-25,soirée,,,973,97302,3,1,2,2,3,Départementale,30.0,1
202400006145,2024-09-15,après-midi,,,95,95170,1,1,7,3,4,Voie communale,50.0,1
202400006146,2024-11-27,soirée,,,06,06069,5,1,3,4,4,Voie communale,30.0,1
202400006147,2024-04-26,nuit,,,69,69387,5,2,3,4,4,Voie communale,30.0,2
202400006148,2024-09-15,soirée,,,06,06077,1,1,1,4,4,Voie communale,30.0,1
202400006149,2024-11-27,matin,,,01,01053,1,1,6,3,4,Voie communale,50.0,1
202400006150,2024-04-26,après-midi,,,972,97209,1,1,2,4,4,Voie communale,50.0,1
202400006151,2024-09-16,matin,,,05,05007,1,1,3,4,3,Départementale,90.0,1
202400006152,2024-09-15,soirée,,,04,04242,5,1,6,4,3,Départementale,50.0,1
202400006153,2024-04-25,nuit,,,971,97101,5,1,6,4,4,Voie communale,50.0,1
202400006154,2024-11-27,soirée,,,75,75120,5,2,6,4,4,Voie communale,30.0,2
202400006155,2024-09-14,matin,,,67,67411,1,1,7,3,4,Voie communale,70.0,1
202400006156,2024-09-14,matin,,,57,57143,1,1,6,2,3,Départementale,90.0,1
202400006157,2024-11-26,soirée,,,75,75120,5,1,3,4,4,Voie communale,30.0,1
202400006158,2024-04-26,après-midi,,,2A,2A004,1,1,6,4,4,Voie communale,50.0,1
202400006159,2024-04-26,après-midi,,,95,95210,1,1,3,4,3,Départementale,30.0,1
202400006160,2024-11-27,après-midi,,,75,75118,1,2,1,4,4,Voie communale,30.0,2
202400006161,2024-04-25,soirée,,,95,95427,2,1,3,4,4,Voie communale,50.0,1
202400006162,2024-09-15,après-midi,,,38,38412,1,1,5,4,3,Départementale,50.0,1
202400006163,2024-11-27,après-midi,,,75,75117,1,1,6,4,4,Voie communale,30.0,1
202400006164,2024-04-26,matin,,,95,95555,1,1,7,4,4,Voie communale,30.0,1
202400006165,2024-11-26,nuit,,,75,75117,5,1,6,4,4,Voie communale,30.0,1
202400006166,2024-04-26,matin,,,91,91421,1,1,6,4,4,Voie communale,30.0,1
202400006167,2024-09-16,soirée,,,69,69047,1,1,3,4,3,Départementale,,1
202400006168,2024-04-26,soirée,,,91,91027,1,1,6,4,3,Départementale,50.0,1
202400006169,2024-11-27,matin,,,75,75111,1,2,6,4,4,Voie communale,30.0,2
202400006170,2024-09-16,après-midi,,,50,50643,1,1,3,3,3,Départementale,80.0,1
202400006171,2024-04-26,matin,,,91,91027,1,1,3,4,3,Départementale,50.0,1
202400006172,2024-11-27,après-midi,,,75,75110,5,2,6,4,4,Voie communale,30.0,2
202400006173,2024-09-16,après-midi,,,14,14488,1,1,2,4,3,Départementale,80.0,1
202400006174,2024-04-25,après-midi,,,83,83137,1,1,3,4,4,Voie communale,50.0,1
202400006175,2024-11-27,matin,,,75,75109,5,1,3,4,4,Voie communale,30.0,1
202400006176,2024-09-15,matin,,,35,35363,1,1,6,3,4,Voie communale,80.0,1
202400006177,2024-04-25,nuit,,,83,83062,3,1,2,4,3,Départementale,50.0,1
202400006178,2024-09-16,matin,,,60,60103,2,1,2,4,3,Départementale,70.0,1
202400006179,2024-11-27,soirée,,,75,75108,5,2,2,4,4,Voie communale,50.0,2
202400006180,2024-04-23,après-midi,,,83,83069,1,1,6,3,4,Voie communale,30.0,1
202400006181,2024-11-27,après-midi,,,75,75108,1,1,7,4,4,Voie communale,50.0,2
202400006182,2024-04-22,après-midi,,,80,80021,1,1,3,4,4,Voie communale,30.0,1
202400006183,2024-11-27,matin,,,75,75108,1,1,6,4,4,Voie communale,30.0,1
202400006184,2024-04-26,soirée,,,78,78418,1,1,3,4,4,Voie communale,70.0,1
202400006185,2024-11-26,nuit,,,75,75107,5,1,3,4,4,Voie communale,,1
202400006186,2024-09-15,après-midi,,,13,13211,1,1,3,4,1,Autoroute,70.0,1
202400006187,2024-04-26,soirée,,,78,78609,1,1,1,4,3,Départementale,50.0,1
202400006188,2024-11-26,soirée,,,75,75101,5,1,1,4,4,Voie communale,30.0,1
202400006189,2024-09-14,soirée,,,13,13212,2,1,2,4,1,Autoroute,70.0,1
202400006190,2024-04-26,matin,,,78,78401,1,1,6,4,4,Voie communale,50.0,1
202400006191,2024-11-26,après-midi,,,75,75102,1,1,6,4,4,Voie communale,30.0,1
202400006192,2024-04-26,après-midi,,,78,78382,1,8,6,4,6,Autre,10.0,1
202400006193,2024-09-14,après-midi,,,13,13211,1,1,2,4,1,Autoroute,90.0,1
202400006194,2024-11-26,après-midi,,,75,75101,1,1,6,3,4,Voie communale,30.0,1
202400006195,2024-11-27,matin,,,94,94081,5,1,3,4,3,Départementale,50.0,2
202400006196,2024-04-26,soirée,,,76,76108,1,1,6,4,7,Autre,50.0,1
202400006197,2024-09-14,après-midi,,,13,13033,1,1,2,4,1,Autoroute,90.0,1
202400006198,2024-11-27,soirée,,,94,94037,5,2,1,4,3,Départementale,50.0,2
202400006199,2024-09-14,après-midi,,,83,83137,1,1,2,3,1,Autoroute,70.0,1
202400006200,2024-04-26,après-midi,,,72,72181,1,1,3,4,4,Voie communale,50.0,1
202400006201,2024-11-27,après-midi,,,94,94041,1,2,3,3,4,Voie communale,50.0,2
202400006202,2024-09-15,après-midi,,,91,91689,1,1,2,4,1,Autoroute,90.0,1
202400006203,2024-11-27,après-midi,,,94,94073,1,1,1,4,3,Départementale,30.0,1
202400006204,2024-04-25,soirée,,,67,67482,5,1,3,4,4,Voie communale,50.0,1
202400006205,2024-09-15,matin,,,75,75113,2,1,2,4,1,Autoroute,50.0,1
202400006206,2024-11-27,soirée,,,94,94022,5,2,1,4,3,Départementale,30.0,2
202400006207,2024-09-15,soirée,,,78,78158,1,1,6,4,1,Autoroute,50.0,1
202400006208,2024-04-26,après-midi,,,66,66136,1,1,2,4,4,Voie communale,50.0,1
202400006209,2024-11-26,nuit,,,93,93066,5,1,3,3,3,Départementale,50.0,1
202400006210,2024-04-24,après-midi,,,66,66136,1,1,2,3,3,Départementale,110.0,1
202400006211,2024-09-15,après-midi,,,78,78646,1,1,5,4,2,Nationale,110.0,1
202400006212,2024-11-27,soirée,,,92,92033,5,2,6,4,4,Voie communale,50.0,2
202400006213,2024-04-26,matin,,,64,64260,1,1,3,4,3,Départementale,50.0,1
202400006214,2024-09-15,après-midi,,,78,78217,1,1,2,4,1,Autoroute,70.0,1
202400006215,2024-11-27,soirée,,,92,92064,2,2,6,4,4,Voie communale,30.0,2
202400006216,2024-04-24,nuit,,,64,64102,5,1,6,4,4,Voie communale,50.0,1
202400006217,2024-09-15,après-midi,,,92,92012,1,1,7,4,1,Autoroute,70.0,1
202400006218,2024-04-22,soirée,,,62,62771,1,1,6,4,4,Voie communale,50.0,1
202400006219,2024-11-27,après-midi,,,92,92064,2,2,3,4,3,Départementale,50.0,2
202400006220,2024-09-15,matin,,,78,78431,3,1,5,4,1,Autoroute,130.0,1
202400006221,2024-11-27,matin,,,92,92063,1,2,3,4,3,Départementale,50.0,2
202400006222,2024-04-26,nuit,,,62,62178,5,8,3,4,3,Départementale,50.0,2
202400006223,2024-09-15,nuit,,,78,78646,3,1,6,4,2,Nationale,110.0,1
202400006224,2024-11-27,matin,,,92,92050,1,2,5,4,3,Départementale,50.0,2
202400006225,2024-04-22,soirée,,,57,57143,1,1,3,3,4,Voie communale,50.0,1
202400006226,2024-07-04,après-midi,,,74,74012,1,1,1,4,4,Voie communale,50.0,1
202400006227,2024-11-27,matin,,,92,92050,1,2,6,4,3,Départementale,50.0,2
202400006228,2024-04-26,après-midi,,,54,54482,1,1,6,4,4,Voie communale,50.0,1
202400006229,2024-07-08,après-midi,,,74,74012,1,1,6,4,4,Voie communale,20.0,1
202400006230,2024-11-26,après-midi,,,92,92050,2,1,3,4,3,Départementale,50.0,1
202400006231,2024-04-26,soirée,,,51,51454,1,1,3,4,4,Voie communale,50.0,1
202400006232,2024-07-08,matin,,,74,74012,1,1,6,4,4,Voie communale,50.0,1
202400006233,2024-11-27,matin,,,92,92040,1,2,6,4,3,Départementale,30.0,2
202400006234,2024-04-26,matin,,,51,51454,1,1,3,4,4,Voie communale,50.0,1
202400006235,2024-11-25,après-midi,,,974,97415,1,8,7,2,4,Voie communale,50.0,1
202400006236,2024-06-26,après-midi,,,74,74010,1,1,2,2,4,Voie communale,50.0,1
202400006237,2024-11-28,matin,,,95,95487,3,1,3,4,4,Voie communale,50.0,1
202400006238,2024-04-25,soirée,,,51,51172,1,1,2,4,2,Nationale,50.0,1
202400006239,2024-07-05,matin,,,74,74010,1,1,6,3,4,Voie communale,30.0,1
202400006240,2024-11-27,après-midi,,,31,31446,1,1,6,3,3,Départementale,50.0,1
202400006241,2024-04-24,après-midi,,,51,51454,1,1,6,3,4,Voie communale,50.0,1
202400006242,2024-04-25,matin,,,50,50502,1,1,6,3,3,Départementale,10.0,1
202400006243,2024-06-18,matin,,,74,74010,1,1,5,4,4,Voie communale,30.0,1
202400006244,2024-11-28,après-midi,,,44,44193,1,1,2,3,3,Départementale,80.0,1
202400006245,2024-04-27,nuit,,,49,49007,5,1,3,3,4,Voie communale,50.0,1
202400006246,2024-11-28,nuit,,,81,81101,3,1,7,3,2,Nationale,90.0,1
202400006247,2024-04-26,après-midi,,,49,49007,1,1,3,4,4,Voie communale,50.0,1
202400006248,2024-04-25,soirée,,,49,49007,1,1,7,3,4,Voie communale,50.0,1
202400006249,2024-11-27,après-midi,,,11,11397,1,1,5,2,3,Départementale,50.0,1
202400006250,2024-04-26,après-midi,,,42,42044,1,1,2,4,4,Voie communale,50.0,1
202400006251,2024-04-26,soirée,,,38,38169,1,1,3,4,4,Voie communale,30.0,1
202400006252,2024-11-28,après-midi,,,89,89464,1,1,1,4,3,Départementale,50.0,1
202400006253,2024-11-28,matin,,,61,61230,1,1,6,4,3,Départementale,90.0,1
202400006254,2024-04-26,soirée,,,37,37261,1,1,3,4,4,Voie communale,50.0,1
202400006255,2024-11-27,nuit,,,86,86281,4,1,6,3,3,Départementale,50.0,1