Num_Acc,date,time_of_day,lat,long,dep,com,lum,atm,col,severity_index,catr,catr_label,vma,surf
202400006256,2024-08-11,après-midi,,,33,33519,1,1,6,2,4,Voie communale,80.0,1
202400006257,2024-11-27,soirée,,,31,31232,3,5,1,4,3,Départementale,80.0,1
202400006258,2024-04-26,après-midi,,,37,37261,1,1,4,4,4,Voie communale,50.0,1
202400006259,2024-08-10,matin,,,14,14488,1,1,1,4,4,Voie communale,50.0,1
202400006260,2024-04-26,matin,,,37,37214,1,1,7,4,7,Autre,90.0,1
202400006261,2024-11-22,soirée,,,15,15215,3,1,2,4,3,Départementale,90.0,1
202400006262,2024-07-29,après-midi,,,80,80799,1,1,3,3,3,Départementale,50.0,1
202400006263,2024-11-27,matin,,,01,01163,1,1,7,3,3,Départementale,70.0,1
202400006264,2024-04-26,après-midi,,,35,35281,1,1,3,4,7,Autre,50.0,1
202400006265,2024-08-09,matin,,,69,69034,1,1,3,2,7,Autre,70.0,1
202400006266,2024-04-26,après-midi,,,35,35238,1,2,6,3,4,Voie communale,30.0,2
202400006267,2024-11-27,soirée,,,72,72125,3,2,1,4,3,Départementale,90.0,2
202400006268,2024-08-10,après-midi,,,91,91235,1,1,6,4,3,Départementale,50.0,1
202400006269,2024-04-25,soirée,,,35,35238,1,1,2,4,4,Voie communale,30.0,1
202400006270,2024-11-27,après-midi,,,07,07199,1,7,6,3,3,Départementale,90.0,1
202400006271,2024-08-10,après-midi,,,91,91689,1,1,2,4,1,Autoroute,110.0,1
202400006272,2024-04-26,après-midi,,,34,34172,1,2,3,4,4,Voie communale,50.0,2
202400006273,2024-08-09,nuit,,,91,91521,3,2,2,4,1,Autoroute,110.0,2
202400006274,2024-11-27,après-midi,,,07,07327,1,1,2,3,3,Départementale,70.0,1
202400006275,2024-04-26,après-midi,,,31,31555,1,1,7,4,7,Autre,50.0,1
202400006276,2024-11-27,soirée,,,30,30170,5,1,3,4,3,Départementale,,1
202400006277,2024-04-26,après-midi,,,31,31555,1,1,6,3,7,Autre,50.0,1
202400006278,2024-11-28,soirée,,,76,76684,5,1,6,2,2,Nationale,50.0,1
202400006279,2024-08-10,soirée,,,92,92047,1,1,4,4,1,Autoroute,90.0,1
202400006280,2024-11-23,après-midi,,,31,31433,1,1,2,4,1,Autoroute,90.0,1
202400006281,2024-04-26,après-midi,,,27,27229,1,2,6,4,4,Voie communale,50.0,2
202400006282,2024-11-27,après-midi,,,06,06152,3,1,6,3,3,Départementale,70.0,1
202400006283,2024-08-10,après-midi,,,92,92064,1,1,2,4,1,Autoroute,90.0,1
202400006284,2024-04-26,après-midi,,,27,27229,1,1,3,4,3,Départementale,50.0,1
202400006285,2024-04-24,nuit,,,26,26058,4,1,6,2,3,Départementale,50.0,1
202400006286,2024-08-10,après-midi,,,78,78007,1,1,6,4,1,Autoroute,110.0,1
202400006287,2024-11-28,matin,,,13,13040,1,1,2,4,3,Départementale,80.0,1
202400006288,2024-04-23,après-midi,,,25,25547,1,1,1,3,4,Voie communale,30.0,1
202400006289,2024-11-25,matin,,,78,78089,5,2,3,4,3,Départementale,30.0,2
202400006290,2024-08-10,matin,,,95,95604,1,1,4,4,1,Autoroute,110.0,1
202400006291,2024-11-27,après-midi,,,66,66180,1,1,6,3,3,Départementale,50.0,1
202400006292,2024-04-26,soirée,,,22,22113,1,1,2,4,4,Voie communale,50.0,1
202400006293,2024-04-25,après-midi,,,18,18279,1,1,3,3,4,Voie communale,50.0,1
202400006294,2024-11-27,après-midi,,,34,34166,1,1,6,3,3,Départementale,80.0,1
202400006295,2024-08-10,matin,,,93,93006,1,1,6,4,1,Autoroute,90.0,1
202400006296,2024-11-28,soirée,,,83,83065,5,1,7,3,3,Départementale,50.0,1
202400006297,2024-04-26,après-midi,,,14,14366,1,1,7,4,4,Voie communale,30.0,1
202400006298,2024-08-09,après-midi,,,987,98735,1,1,3,4,2,Nationale,20.0,1
202400006299,2024-04-03,après-midi,,,13,13056,1,1,2,3,4,Voie communale,30.0,1
202400006300,2024-11-28,matin,,,13,13094,1,1,3,4,3,Départementale,50.0,1
202400006301,2024-04-26,soirée,,,13,13203,1,1,2,3,4,Voie communale,50.0,1
202400006302,2024-08-09,soirée,,,974,97409,2,1,3,4,4,Voie communale,30.0,1
202400006303,2024-04-26,après-midi,,,13,13005,1,8,3,4,4,Voie communale,50.0,1
202400006304,2024-08-09,matin,,,974,97409,1,1,3,4,4,Voie communale,50.0,1
202400006305,2024-11-27,après-midi,,,50,50139,2,2,3,3,3,Départementale,50.0,2
202400006306,2024-04-26,soirée,,,09,09207,1,1,2,4,2,Nationale,110.0,1
202400006307,2024-08-07,soirée,,,974,97407,3,1,6,4,2,Nationale,110.0,1
202400006308,2024-11-20,après-midi,,,59,59139,1,1,6,3,4,Voie communale,50.0,1
202400006309,2024-04-26,nuit,,,06,06088,5,1,2,4,4,Voie communale,50.0,1
202400006310,2024-04-26,nuit,,,06,06088,5,1,6,2,4,Voie communale,50.0,1
202400006311,2024-11-27,nuit,,,13,13043,3,1,6,4,1,Autoroute,110.0,1
202400006312,2024-08-09,soirée,,,973,97302,1,1,3,4,4,Voie communale,50.0,1
202400006313,2024-11-25,nuit,,,33,33063,5,1,6,4,1,Autoroute,90.0,1
202400006314,2024-04-26,matin,,,06,06069,1,1,3,4,4,Voie communale,50.0,1
202400006315,2024-11-25,soirée,,,33,33080,3,1,6,4,1,Autoroute,130.0,2
202400006316,2024-08-09,soirée,,,973,97302,5,1,3,4,3,Départementale,50.0,1
202400006317,2024-04-26,matin,,,06,06027,1,2,3,4,4,Voie communale,50.0,2
202400006318,2024-08-07,matin,,,973,97302,1,1,3,4,3,Départementale,50.0,1
202400006319,2024-04-24,nuit,,,75,75117,5,1,3,4,4,Voie communale,70.0,1
202400006320,2024-11-27,matin,,,91,91661,1,2,5,4,1,Autoroute,90.0,2
202400006321,2024-08-10,nuit,,,69,69386,5,1,3,4,4,Voie communale,30.0,1
202400006322,2024-04-24,soirée,,,75,75116,5,1,4,4,4,Voie communale,70.0,1
202400006323,2024-04-26,matin,,,75,75106,1,1,6,4,4,Voie communale,30.0,1
202400006324,2024-11-27,matin,,,92,92025,1,2,4,4,1,Autoroute,90.0,2
202400006325,2024-08-09,soirée,,,69,69383,1,1,3,4,4,Voie communale,50.0,1
202400006326,2024-04-26,soirée,,,75,75119,1,1,1,4,4,Voie communale,30.0,1
202400006327,2024-08-09,nuit,,,69,69387,2,1,6,4,4,Voie communale,50.0,1
202400006328,2024-11-26,matin,,,92,92036,1,1,2,4,1,Autoroute,110.0,1
202400006329,2024-04-26,matin,,,75,75118,1,1,6,4,4,Voie communale,30.0,1
202400006330,2024-04-26,soirée,,,75,75116,1,1,6,4,4,Voie communale,50.0,1
202400006331,2024-11-25,soirée,,,92,92025,3,2,6,3,1,Autoroute,70.0,2
202400006332,2024-08-09,après-midi,,,972,97213,1,1,5,4,2,Nationale,70.0,1
202400006333,2024-04-23,après-midi,,,75,75116,1,1,3,4,4,Voie communale,50.0,1
202400006334,2024-11-25,après-midi,,,78,78007,1,1,4,4,1,Autoroute,110.0,2
202400006335,2024-08-09,après-midi,,,972,97213,1,1,2,3,3,Départementale,50.0,1
202400006336,2024-04-26,matin,,,75,75115,1,1,1,4,4,Voie communale,30.0,1
202400006337,2024-11-19,nuit,,,78,78423,3,2,6,4,2,Nationale,50.0,2
202400006338,2024-11-18,soirée,,,92,92023,3,2,2,4,2,Nationale,90.0,2
202400006339,2024-04-26,après-midi,,,75,75113,1,1,6,4,4,Voie communale,30.0,1
202400006340,2024-11-26,nuit,,,93,93006,3,1,7,4,1,Autoroute,70.0,1
202400006341,2024-08-08,soirée,,,972,97213,3,1,5,4,1,Autoroute,90.0,1
202400006342,2024-04-26,matin,,,75,75113,1,1,3,4,4,Voie communale,30.0,1
202400006343,2024-11-26,soirée,,,93,93048,3,1,3,4,1,Autoroute,90.0,1
202400006344,2024-08-07,après-midi,,,972,97209,1,1,6,4,2,Nationale,70.0,1
202400006345,2024-04-26,soirée,,,75,75117,5,1,3,4,4,Voie communale,30.0,1
202400006346,2024-11-26,après-midi,,,93,93027,1,1,5,4,1,Autoroute,90.0,1
202400006347,2024-08-09,nuit,,,971,97113,3,1,7,4,4,Voie communale,80.0,1
202400006348,2024-04-26,nuit,,,75,75108,5,1,1,4,4,Voie communale,30.0,1
202400006349,2024-11-26,matin,,,93,93010,1,1,1,4,1,Autoroute,90.0,1
202400006350,2024-04-26,matin,,,75,75107,1,1,7,4,4,Voie communale,30.0,1
202400006351,2024-08-06,après-midi,,,91,91570,1,7,6,3,9,Autre,30.0,1
202400006352,2024-04-25,nuit,,,75,75107,5,1,7,4,4,Voie communale,30.0,1
202400006353,2024-11-26,matin,,,95,95572,1,1,3,4,1,Autoroute,90.0,1
202400006354,2024-11-24,nuit,,,75,75112,3,1,6,4,1,Autoroute,90.0,1
202400006355,2024-04-26,nuit,,,75,75101,5,2,2,4,4,Voie communale,30.0,2
202400006356,2024-08-03,après-midi,,,91,91064,1,1,3,4,4,Voie communale,50.0,1
202400006357,2024-11-10,nuit,,,77,77288,5,1,7,2,4,Voie communale,,1
202400006358,2024-04-26,matin,,,75,75104,1,1,6,4,4,Voie communale,30.0,1
202400006359,2024-08-05,après-midi,,,91,91114,1,1,6,4,4,Voie communale,50.0,1
202400006360,2024-08-28,soirée,,,76,76565,1,1,3,4,3,Départementale,70.0,1
202400006361,2024-04-26,matin,,,94,94081,1,7,6,4,4,Voie communale,,1
202400006362,2024-08-31,après-midi,,,73,73107,1,1,6,2,3,Départementale,50.0,1
202400006363,2024-08-10,nuit,,,91,91687,5,1,6,4,3,Départementale,50.0,1
202400006364,2024-08-15,nuit,,,73,73315,3,1,6,2,3,Départementale,80.0,1
202400006365,2024-04-26,matin,,,94,94067,1,1,3,4,3,Départementale,50.0,1
202400006366,2024-07-14,nuit,,,73,73213,4,1,6,3,3,Départementale,50.0,1
202400006367,2024-08-09,matin,,,91,91027,1,1,3,4,3,Départementale,50.0,1
202400006368,2024-04-26,soirée,,,94,94078,1,1,6,4,3,Départementale,50.0,1
202400006369,2024-04-26,nuit,,,94,94073,5,1,6,4,3,Départementale,50.0,1
202400006370,2024-06-29,soirée,,,73,73100,1,1,1,4,3,Départementale,80.0,1
202400006371,2024-08-08,après-midi,,,89,89024,1,1,3,3,3,Départementale,50.0,1
202400006372,2024-04-24,après-midi,,,94,94028,1,1,6,3,3,Départementale,50.0,1
202400006373,2024-09-28,matin,,,74,74031,1,2,2,3,3,Départementale,70.0,2
202400006374,2024-08-06,après-midi,,,87,87085,1,1,6,4,4,Voie communale,30.0,1
202400006375,2024-04-26,après-midi,,,94,94048,1,1,3,4,3,Départementale,50.0,1
202400006376,2024-05-29,après-midi,,,93,93029,1,2,1,3,4,Voie communale,50.0,2
202400006377,2024-08-09,soirée,,,84,84007,5,1,1,4,4,Voie communale,50.0,1
202400006378,2024-04-26,soirée,,,93,93059,1,1,3,4,3,Départementale,50.0,1
202400006379,2024-05-29,après-midi,,,93,93029,1,2,3,4,3,Départementale,50.0,2
202400006380,2024-08-06,soirée,,,84,84007,1,1,7,4,4,Voie communale,50.0,1
202400006381,2024-04-26,nuit,,,93,93001,5,1,6,4,3,Départementale,50.0,1
202400006382,2024-05-28,nuit,,,93,93029,5,1,6,4,3,Départementale,50.0,1
202400006383,2024-04-26,matin,,,93,93066,1,1,6,4,4,Voie communale,,1
202400006384,2024-08-08,matin,,,84,84007,1,1,2,4,4,Voie communale,50.0,1
202400006385,2024-04-24,soirée,,,93,93015,3,1,3,4,3,Départementale,,1
202400006386,2024-05-27,après-midi,,,93,93029,1,1,6,3,4,Voie communale,30.0,1
202400006387,2024-08-09,matin,,,83,83137,1,1,6,4,3,Départementale,50.0,1
202400006388,2024-04-25,soirée,,,93,93014,1,1,3,4,3,Départementale,50.0,1
202400006389,2024-05-25,soirée,,,93,93029,1,1,3,4,4,Voie communale,30.0,1
202400006390,2024-08-09,matin,,,83,83137,1,1,6,4,3,Départementale,50.0,1
202400006391,2024-04-25,après-midi,,,92,92022,1,1,3,4,3,Départementale,50.0,1
202400006392,2024-08-07,matin,,,83,83103,1,1,1,3,4,Voie communale,50.0,1
202400006393,2024-05-24,soirée,,,93,93029,1,1,6,4,4,Voie communale,30.0,1
202400006394,2024-04-26,soirée,,,92,92050,3,2,3,4,3,Départementale,50.0,2
202400006395,2024-05-24,matin,,,93,93029,1,1,2,4,3,Départementale,50.0,1
202400006396,2024-08-09,soirée,,,80,80021,1,1,3,4,3,Départementale,30.0,1
202400006397,2024-04-25,matin,,,92,92036,1,1,3,4,3,Départementale,50.0,1
202400006398,2024-05-23,après-midi,,,93,93013,1,1,3,4,4,Voie communale,50.0,1
202400006399,2024-04-25,après-midi,,,92,92025,1,1,1,4,3,Départementale,30.0,1
202400006400,2024-04-26,soirée,,,92,92024,1,1,6,4,3,Départementale,30.0,1
202400006401,2024-05-21,matin,,,93,93029,1,1,3,4,3,Départementale,30.0,1
202400006402,2024-08-06,soirée,,,78,78418,1,1,3,4,4,Voie communale,,1
202400006403,2024-04-22,soirée,,,92,92024,1,1,3,4,3,Départementale,50.0,1
202400006404,2024-05-17,soirée,,,93,93029,1,8,6,3,4,Voie communale,30.0,2
202400006405,2024-08-09,matin,,,78,78297,5,1,6,4,4,Voie communale,50.0,1
202400006406,2024-04-26,après-midi,,,92,92019,1,1,2,4,3,Départementale,50.0,1
202400006407,2024-07-30,matin,,,13,13214,1,1,7,2,1,Autoroute,70.0,1
202400006408,2024-04-26,après-midi,,,92,92012,1,1,3,4,3,Départementale,50.0,1
202400006409,2024-04-27,après-midi,,,54,54285,1,1,7,3,3,Départementale,80.0,1
202400006410,2024-08-08,après-midi,,,72,72181,1,1,2,4,3,Départementale,70.0,1
202400006411,2024-07-27,après-midi,,,13,13215,1,1,4,4,1,Autoroute,90.0,1
202400006412,2024-04-27,matin,,,57,57677,1,2,7,3,3,Départementale,30.0,2
202400006413,2024-07-25,soirée,,,13,13056,2,1,7,4,1,Autoroute,70.0,1
202400006414,2024-04-27,soirée,,,95,95487,1,2,6,3,3,Départementale,50.0,2
202400006415,2024-08-09,matin,,,71,71270,1,1,3,4,4,Voie communale,50.0,1
202400006416,2024-07-25,nuit,,,13,13005,3,1,7,4,1,Autoroute,50.0,1
202400006417,2024-04-27,nuit,,,71,71556,3,1,6,4,1,Autoroute,130.0,1
202400006418,2024-04-26,soirée,,,65,65340,1,1,6,3,3,Départementale,50.0,1
202400006419,2024-08-06,matin,,,71,71153,1,1,3,4,4,Voie communale,30.0,1
202400006420,2024-07-25,après-midi,,,13,13215,1,1,2,4,1,Autoroute,70.0,1
202400006421,2024-04-27,matin,,,62,62677,1,1,3,4,3,Départementale,80.0,1
202400006422,2024-04-26,après-midi,,,59,59164,1,1,7,3,3,Départementale,80.0,1
202400006423,2024-07-19,nuit,,,13,13071,2,1,2,4,1,Autoroute,90.0,1
202400006424,2024-08-09,matin,,,69,69266,1,1,3,4,4,Voie communale,50.0,1
202400006425,2024-04-22,matin,,,11,11049,2,1,6,3,3,Départementale,30.0,1
202400006426,2024-04-26,après-midi,,,63,63236,1,2,7,3,3,Départementale,80.0,2
202400006427,2024-04-27,nuit,,,63,63076,3,1,7,4,3,Départementale,90.0,2
202400006428,2024-08-09,matin,,,69,69029,1,1,6,4,4,Voie communale,50.0,1
202400006429,2024-04-27,matin,,,12,12043,1,6,6,3,3,Départementale,90.0,1
202400006430,2024-04-27,nuit,,,34,34223,3,1,6,4,3,Départementale,90.0,2
202400006431,2024-04-27,matin,,,31,31537,1,1,3,3,3,Départementale,80.0,1
202400006432,2024-08-06,après-midi,,,69,69091,1,1,3,4,7,Autre,30.0,1
202400006433,2024-04-27,après-midi,,,02,02795,1,1,3,4,3,Départementale,80.0,1
202400006434,2024-08-10,nuit,,,67,67482,5,1,2,4,4,Voie communale,50.0,1
202400006435,2024-04-27,après-midi,,,14,14174,1,2,1,3,3,Départementale,80.0,2
202400006436,2024-04-27,après-midi,,,07,07317,1,6,7,4,4,Voie communale,50.0,1
202400006437,2024-08-07,nuit,,,66,66136,5,1,3,4,4,Voie communale,50.0,1
202400006438,2024-04-26,soirée,,,24,24316,1,1,1,3,3,Départementale,70.0,1
202400006439,2024-04-27,nuit,,,85,85020,3,1,1,4,3,Départementale,50.0,1
202400006440,2024-04-25,matin,,,27,27467,2,1,6,3,4,Voie communale,50.0,1
202400006441,2024-08-07,après-midi,,,66,66136,1,1,6,4,4,Voie communale,3.0,1
202400006442,2024-04-27,après-midi,,,28,28264,1,3,6,4,3,Départementale,50.0,2
202400006443,2024-04-24,après-midi,,,987,98734,1,1,3,3,2,Nationale,60.0,1
202400006444,2024-08-06,soirée,,,66,66136,1,1,3,4,6,Autre,30.0,1
202400006445,2024-04-27,matin,,,72,72328,1,3,2,4,1,Autoroute,130.0,2
202400006446,2024-04-26,nuit,,,973,97307,4,1,7,3,3,Départementale,70.0,1
202400006447,2024-08-04,après-midi,,,66,66136,1,1,6,4,4,Voie communale,50.0,1
202400006448,2024-04-26,nuit,,,34,34255,4,2,1,4,3,Départementale,,2
202400006449,2024-08-09,soirée,,,64,64260,1,1,3,4,4,Voie communale,50.0,1
202400006450,2024-08-06,matin,,,64,64237,1,1,6,4,3,Départementale,70.0,1
202400006451,2024-08-07,après-midi,,,64,64445,1,8,3,4,4,Voie communale,50.0,1
202400006452,2024-08-09,soirée,,,64,64122,1,1,6,4,4,Voie communale,50.0,1
202400006453,2024-08-09,soirée,,,64,64102,1,1,3,4,4,Voie communale,50.0,1
202400006454,2024-08-08,nuit,,,64,64140,3,1,7,3,3,Départementale,50.0,1
202400006455,2024-08-08,après-midi,,,64,64102,1,1,2,4,3,Départementale,50.0,1
202400006456,2024-08-08,matin,,,64,64024,1,1,3,4,4,Voie communale,50.0,1
202400006457,2024-08-05,après-midi,,,62,62525,1,7,6,3,4,Voie communale,30.0,1
202400006458,2024-08-09,nuit,,,59,59599,5,1,3,4,4,Voie communale,50.0,1
202400006459,2024-08-08,soirée,,,59,59599,1,1,6,4,7,Autre,10.0,1
202400006460,2024-08-06,après-midi,,,59,59560,1,1,2,4,7,Autre,80.0,1
202400006461,2024-08-05,après-midi,,,57,57221,1,1,3,3,3,Départementale,50.0,1
202400006462,2024-08-09,nuit,,,56,56260,5,1,7,4,4,Voie communale,50.0,1
202400006463,2024-08-09,soirée,,,54,54395,4,1,3,4,4,Voie communale,50.0,1
202400006464,2024-08-09,après-midi,,,54,54280,1,1,6,4,4,Voie communale,50.0,1
202400006465,2024-08-08,soirée,,,51,51454,1,1,2,4,4,Voie communale,50.0,1
202400006466,2024-08-08,après-midi,,,50,50129,1,1,6,3,4,Voie communale,50.0,1
202400006467,2024-08-09,après-midi,,,49,49007,1,1,3,4,4,Voie communale,50.0,1
202400006468,2024-08-07,après-midi,,,48,48095,1,1,7,4,4,Voie communale,30.0,1
202400006469,2024-08-09,nuit,,,47,47027,5,1,6,4,3,Départementale,50.0,1
202400006470,2024-08-05,après-midi,,,36,36159,1,1,3,4,4,Voie communale,50.0,1
202400006471,2024-02-09,matin,,,64,64519,4,2,6,3,3,Départementale,70.0,2
202400006472,2024-02-08,après-midi,,,36,36005,1,1,7,4,3,Départementale,50.0,1
202400006473,2024-08-09,nuit,,,35,35278,3,1,6,3,4,Voie communale,70.0,1
202400006474,2024-02-09,après-midi,,,07,07013,1,2,6,4,3,Départementale,90.0,2
202400006475,2024-02-08,après-midi,,,40,40068,1,8,1,4,4,Voie communale,50.0,1
202400006476,2024-02-08,après-midi,,,24,24261,1,2,1,3,3,Départementale,80.0,2
202400006477,2024-08-05,soirée,,,34,34301,1,1,2,4,4,Voie communale,30.0,1
202400006478,2024-01-28,après-midi,,,24,24156,1,1,7,3,3,Départementale,70.0,1
202400006479,2024-02-06,nuit,,,28,28364,3,1,1,3,3,Départementale,90.0,1
202400006480,2024-02-09,après-midi,,,68,68300,1,2,6,4,1,Autoroute,,2
202400006481,2024-08-06,nuit,,,34,34172,5,1,3,4,4,Voie communale,50.0,1
202400006482,2024-02-08,après-midi,,,91,91132,2,2,2,4,3,Départementale,70.0,2
202400006483,2024-02-08,soirée,,,06,06088,5,1,6,4,1,Autoroute,90.0,1
202400006484,2024-02-08,après-midi,,,51,51518,2,3,6,4,1,Autoroute,110.0,2
202400006485,2024-02-09,nuit,,,34,34172,5,1,2,4,1,Autoroute,90.0,1
202400006486,2024-02-07,après-midi,,,45,45067,1,2,6,4,1,Autoroute,110.0,2
202400006487,2024-08-09,nuit,,,34,34172,5,1,3,4,4,Voie communale,50.0,1
202400006488,2024-02-02,après-midi,,,38,38035,1,1,6,3,3,Départementale,80.0,1
202400006489,2024-02-08,soirée,,,60,60482,5,2,6,3,3,Départementale,70.0,2
202400006490,2024-08-08,nuit,,,34,34032,3,1,7,2,3,Départementale,90.0,1
202400006491,2024-02-06,matin,,,13,13076,1,1,1,3,3,Départementale,50.0,1
202400006492,2024-02-09,matin,,,13,13035,1,3,1,4,3,Départementale,80.0,2
202400006493,2024-08-07,nuit,,,33,33063,5,1,6,4,4,Voie communale,30.0,1
202400006494,2024-02-09,matin,,,13,13097,1,2,3,4,2,Nationale,90.0,2
202400006495,2024-08-09,après-midi,,,33,33522,1,1,3,4,4,Voie communale,,1
202400006496,2024-02-09,matin,,,71,71491,5,1,6,4,3,Départementale,50.0,1
202400006497,2024-02-09,nuit,,,73,73285,3,2,6,3,3,Départementale,80.0,2
202400006498,2024-02-09,nuit,,,38,38484,3,2,1,4,4,Voie communale,70.0,2
202400006499,2024-02-08,nuit,,,01,01142,5,2,3,4,3,Départementale,50.0,2
202400006500,2024-02-08,après-midi,,,46,46174,1,1,1,4,2,Nationale,70.0,1
202400006501,2024-08-09,soirée,,,33,33009,1,1,6,4,4,Voie communale,50.0,1
202400006502,2024-02-09,après-midi,,,56,56237,1,1,1,3,3,Départementale,80.0,1
202400006503,2024-02-08,après-midi,,,59,59126,1,3,1,4,3,Départementale,80.0,2
202400006504,2024-08-06,après-midi,,,31,31555,1,1,2,4,7,Autre,50.0,1
202400006505,2024-02-03,soirée,,,69,69286,3,1,3,4,1,Autoroute,90.0,1
202400006506,2024-08-08,après-midi,,,31,31555,1,1,6,3,7,Autre,50.0,1
202400006507,2024-08-09,après-midi,,,27,27229,1,1,6,4,4,Voie communale,50.0,1
202400006508,2024-02-07,matin,,,33,33249,3,1,4,4,1,Autoroute,90.0,1
202400006509,2024-08-06,après-midi,,,27,27229,1,1,3,4,4,Voie communale,50.0,1
202400006510,2024-02-08,après-midi,,,91,91521,1,2,2,4,2,Nationale,50.0,2
202400006511,2024-08-06,après-midi,,,22,22278,1,2,2,2,3,Départementale,30.0,2
202400006512,2024-08-09,après-midi,,,19,19031,1,1,6,3,4,Voie communale,50.0,1
202400006513,2024-02-08,matin,,,91,91064,1,2,4,4,2,Nationale,90.0,2
202400006514,2024-08-06,après-midi,,,15,15014,1,1,3,4,3,Départementale,50.0,1
202400006515,2024-02-08,matin,,,91,91103,1,2,6,4,2,Nationale,110.0,2
202400006516,2024-08-09,soirée,,,14,14557,1,1,2,4,3,Départementale,30.0,1
202400006517,2024-02-08,matin,,,94,94021,1,2,3,4,1,Autoroute,90.0,2
202400006518,2024-08-01,après-midi,,,14,14118,1,1,6,4,4,Voie communale,50.0,1
202400006519,2024-02-08,matin,,,91,91286,1,2,3,4,1,Autoroute,110.0,2
202400006520,2024-02-08,nuit,,,91,91521,3,2,7,4,2,Nationale,70.0,2
202400006521,2024-08-07,nuit,,,14,14118,5,1,1,4,4,Voie communale,50.0,1
202400006522,2024-11-27,matin,,,84,84031,1,1,6,4,4,Voie communale,50.0,1
202400006523,2024-02-07,après-midi,,,974,97411,1,1,6,4,4,Voie communale,30.0,1
202400006524,2024-08-07,nuit,,,13,13039,3,1,7,3,2,Nationale,90.0,1
202400006525,2024-03-04,matin,,,44,44114,1,1,1,4,4,Voie communale,,1
202400006526,2024-02-07,après-midi,,,973,97302,1,1,3,4,3,Départementale,50.0,1
202400006527,2024-08-09,soirée,,,13,13204,5,1,1,4,4,Voie communale,50.0,1
202400006528,2024-11-11,nuit,,,84,84062,3,1,7,4,3,Départementale,,1
202400006529,2024-11-11,après-midi,,,50,50626,1,1,6,4,3,Départementale,80.0,6
202400006530,2024-02-07,après-midi,,,69,69381,1,1,2,4,4,Voie communale,30.0,1
202400006531,2024-08-09,après-midi,,,13,13201,1,1,1,2,4,Voie communale,50.0,1
202400006532,2024-11-01,soirée,,,50,50549,3,5,2,4,3,Départementale,80.0,2
202400006533,2024-01-02,après-midi,,,95,95539,5,2,3,4,3,Départementale,50.0,2
202400006534,2024-08-09,soirée,,,11,11069,1,1,3,4,4,Voie communale,,1
202400006535,2024-09-17,matin,,,17,17299,1,1,6,3,3,Départementale,30.0,1
202400006536,2024-08-09,après-midi,,,11,11069,1,1,1,4,4,Voie communale,50.0,1
202400006537,2024-02-07,matin,,,95,95280,2,2,5,4,3,Départementale,50.0,2
202400006538,2024-08-18,après-midi,,,35,35222,1,1,6,3,3,Départementale,50.0,1
202400006539,2024-02-06,après-midi,,,91,91333,1,1,3,4,4,Voie communale,50.0,1
202400006540,2024-08-09,après-midi,,,10,10387,1,1,3,4,4,Voie communale,50.0,1
202400006541,2024-02-29,matin,,,44,44109,1,1,3,4,4,Voie communale,30.0,1
202400006542,2024-02-29,après-midi,,,44,44114,1,1,7,4,4,Voie communale,30.0,1
202400006543,2024-02-07,matin,,,91,91122,1,2,1,4,4,Voie communale,30.0,2
202400006544,2024-08-06,après-midi,,,09,09207,1,1,3,4,3,Départementale,30.0,1
202400006545,2024-02-28,après-midi,,,44,44162,1,1,3,4,6,Autre,30.0,1
202400006546,2024-08-08,matin,,,08,08105,1,1,6,4,3,Départementale,50.0,1
202400006547,2024-02-07,matin,,,91,91589,1,2,4,4,4,Voie communale,50.0,2
202400006548,2024-02-06,matin,,,44,44109,1,1,6,4,4,Voie communale,50.0,1
202400006549,2024-08-09,soirée,,,07,07102,1,1,3,4,4,Voie communale,50.0,1
202400006550,2024-01-24,après-midi,,,44,44109,1,1,6,4,4,Voie communale,50.0,1
202400006551,2024-02-07,matin,,,91,91027,1,2,6,4,3,Départementale,50.0,2
202400006552,2024-08-06,matin,,,06,06069,1,1,6,4,4,Voie communale,,1
202400006553,2024-01-23,soirée,,,44,44162,3,1,2,4,2,Nationale,70.0,1
202400006554,2024-02-06,après-midi,,,91,91223,1,1,2,4,3,Départementale,50.0,1
202400006555,2024-07-27,nuit,,,02,02408,5,1,6,3,4,Voie communale,30.0,1
202400006556,2024-01-23,matin,,,44,44109,2,1,2,4,4,Voie communale,30.0,1
202400006557,2024-08-09,soirée,,,75,75119,1,1,2,4,4,Voie communale,70.0,1
202400006558,2024-01-23,soirée,,,44,44109,2,1,3,4,4,Voie communale,50.0,1
202400006559,2024-02-06,après-midi,,,89,89024,1,1,3,3,4,Voie communale,30.0,1
202400006560,2024-08-09,matin,,,75,75115,1,1,2,4,4,Voie communale,70.0,1
202400006561,2024-01-19,après-midi,,,44,44109,5,1,3,4,4,Voie communale,50.0,1
202400006562,2024-02-06,nuit,,,87,87085,5,1,6,3,4,Voie communale,30.0,1
202400006563,2024-08-08,nuit,,,75,75106,5,1,7,4,4,Voie communale,30.0,1
202400006564,2024-08-09,après-midi,,,75,75117,1,1,6,4,4,Voie communale,30.0,1
202400006565,2024-01-18,après-midi,,,44,44109,1,1,3,4,4,Voie communale,50.0,1
202400006566,2024-01-18,soirée,,,44,44162,3,1,6,4,4,Voie communale,30.0,1
202400006567,2024-02-07,soirée,,,78,78650,5,2,6,4,4,Voie communale,50.0,2
202400006568,2024-08-09,nuit,,,75,75115,5,1,6,4,4,Voie communale,30.0,1