Num_Acc,date,time_of_day,lat,long,dep,com,lum,atm,col,severity_index,catr,catr_label,vma,surf
202400006569,2024-01-05,après-midi,,,44,44184,1,1,6,4,4,Voie communale,50.0,1
202400006570,2024-08-09,matin,,,75,75114,1,1,7,4,4,Voie communale,30.0,1
202400006571,2024-12-18,après-midi,,,25,25558,1,1,7,2,3,Départementale,,1
202400006572,2024-01-05,nuit,,,44,44162,5,1,6,4,4,Voie communale,50.0,1
202400006573,2024-02-06,soirée,,,77,77288,5,1,7,3,3,Départementale,50.0,1
202400006574,2024-01-05,nuit,,,44,44020,5,3,7,4,2,Nationale,70.0,2
202400006575,2024-08-08,nuit,,,75,75113,5,1,3,4,4,Voie communale,30.0,1
202400006576,2024-01-01,après-midi,,,44,44162,1,1,7,4,2,Nationale,50.0,1
202400006577,2024-02-06,après-midi,,,77,77114,1,1,6,4,3,Départementale,90.0,1
202400006578,2024-08-09,nuit,,,75,75112,5,1,3,4,4,Voie communale,30.0,1
202400006579,2024-12-14,nuit,,,972,97213,3,1,6,3,1,Autoroute,90.0,1
202400006580,2024-02-07,soirée,,,77,77132,5,2,3,4,3,Départementale,30.0,2
202400006581,2024-08-09,après-midi,,,75,75111,1,1,6,4,4,Voie communale,30.0,1
202400006582,2024-11-17,matin,,,71,71040,3,1,7,4,3,Départementale,80.0,1
202400006583,2024-08-09,matin,,,75,75110,1,1,6,4,4,Voie communale,30.0,1
202400006584,2024-11-26,matin,,,69,69091,1,1,6,4,7,Autre,30.0,1
202400006585,2024-08-12,après-midi,,,88,88383,1,1,1,4,3,Départementale,30.0,1
202400006586,2024-02-07,soirée,,,76,76540,5,2,6,4,4,Voie communale,50.0,2
202400006587,2024-08-09,soirée,,,75,75108,1,1,6,4,4,Voie communale,50.0,1
202400006588,2024-02-06,après-midi,,,71,71270,1,1,3,4,4,Voie communale,30.0,1
202400006589,2024-08-09,matin,,,75,75115,1,1,3,4,4,Voie communale,30.0,1
202400006590,2024-11-30,soirée,,,88,88364,3,2,1,4,3,Départementale,80.0,2
202400006591,2024-02-07,matin,,,69,69276,2,1,1,4,4,Voie communale,50.0,1
202400006592,2024-11-25,après-midi,,,88,88447,1,1,1,4,3,Départementale,50.0,1
202400006593,2024-08-09,soirée,,,75,75104,1,2,3,4,4,Voie communale,30.0,2
202400006594,2024-11-22,après-midi,,,88,88347,1,1,7,4,3,Départementale,80.0,9
202400006595,2024-02-07,après-midi,,,69,69091,1,1,2,4,7,Autre,50.0,1
202400006596,2024-08-08,après-midi,,,94,94046,1,1,3,4,3,Départementale,50.0,1
202400006597,2024-11-19,nuit,,,88,88358,3,2,1,2,2,Nationale,110.0,2
202400006598,2024-02-06,après-midi,,,67,67365,2,1,3,4,7,Autre,50.0,1
202400006599,2024-11-13,après-midi,,,88,88350,1,8,3,4,3,Départementale,80.0,1
202400006600,2024-08-09,matin,,,94,94041,1,1,6,4,3,Départementale,50.0,1
202400006601,2024-02-06,après-midi,,,67,67482,2,1,6,3,4,Voie communale,50.0,1
202400006602,2024-10-24,après-midi,,,31,31555,1,1,3,3,7,Autre,50.0,1
202400006603,2024-02-07,matin,,,66,66136,1,1,6,4,4,Voie communale,50.0,1
202400006604,2024-10-11,après-midi,,,95,95313,1,1,6,3,6,Autre,30.0,1
202400006605,2024-08-09,matin,,,94,94073,1,1,3,4,4,Voie communale,50.0,1
202400006606,2024-02-07,matin,,,66,66136,1,1,3,3,4,Voie communale,30.0,1
202400006607,2024-10-26,nuit,,,47,47157,4,1,6,2,3,Départementale,,1
202400006608,2024-08-09,après-midi,,,94,94022,1,1,6,4,3,Départementale,50.0,1
202400006609,2024-12-05,matin,,,44,44109,5,1,7,4,4,Voie communale,50.0,1
202400006610,2024-02-07,matin,,,66,66136,1,1,6,4,4,Voie communale,50.0,1
202400006611,2024-08-09,matin,,,93,93066,1,1,3,4,3,Départementale,50.0,1
202400006612,2024-12-16,nuit,,,74,74012,5,1,3,4,4,Voie communale,50.0,1
202400006613,2024-02-07,nuit,,,66,66136,3,1,2,4,3,Départementale,110.0,1
202400006614,2024-12-15,soirée,,,74,74012,5,1,6,4,4,Voie communale,50.0,1
202400006615,2024-02-07,nuit,,,54,54395,5,1,7,4,4,Voie communale,50.0,2
202400006616,2024-08-09,soirée,,,93,93006,1,1,3,4,3,Départementale,50.0,1
202400006617,2024-02-07,nuit,,,54,54495,5,1,7,4,4,Voie communale,50.0,2
202400006618,2024-11-13,après-midi,,,14,14228,1,1,6,4,3,Départementale,50.0,1
202400006619,2024-08-09,matin,,,93,93001,1,1,3,4,3,Départementale,50.0,1
202400006620,2024-11-09,nuit,,,974,97415,5,1,6,2,2,Nationale,50.0,1
202400006621,2024-08-08,soirée,,,92,92063,1,1,6,4,3,Départementale,50.0,1
202400006622,2024-02-06,après-midi,,,54,54395,1,8,2,4,4,Voie communale,50.0,1
202400006623,2024-11-16,après-midi,,,2B,2B188,1,1,3,2,3,Départementale,80.0,1
202400006624,2024-08-09,matin,,,92,92050,1,1,3,4,3,Départementale,50.0,1
202400006625,2024-02-07,nuit,,,51,51454,5,2,6,4,4,Voie communale,50.0,2
202400006626,2024-04-06,après-midi,,,03,03310,1,1,6,3,3,Départementale,50.0,1
202400006627,2024-12-26,matin,,,83,83054,1,1,3,3,1,Autoroute,,1
202400006628,2024-02-06,après-midi,,,49,49007,1,1,3,4,4,Voie communale,50.0,1
202400006629,2024-08-08,nuit,,,92,92050,5,1,3,4,4,Voie communale,30.0,1
202400006630,2024-11-19,soirée,,,23,23096,5,3,6,4,4,Voie communale,50.0,2
202400006631,2024-02-06,matin,,,49,49007,1,1,2,4,3,Départementale,90.0,1
202400006632,2024-08-08,matin,,,92,92050,1,1,3,4,3,Départementale,50.0,1
202400006633,2024-12-19,après-midi,,,19,19019,1,8,6,3,3,Départementale,20.0,2
202400006634,2024-10-31,matin,,,13,13112,1,1,1,2,3,Départementale,80.0,1
202400006635,2024-02-07,nuit,,,45,45234,5,2,3,4,4,Voie communale,50.0,2
202400006636,2024-08-09,après-midi,,,92,92044,1,1,3,4,4,Voie communale,50.0,1
202400006637,2024-02-07,soirée,,,44,44190,5,2,2,4,4,Voie communale,50.0,2
202400006638,2024-08-09,après-midi,,,92,92025,1,7,3,4,4,Voie communale,50.0,1
202400006639,2024-10-03,après-midi,,,13,13071,1,1,4,4,1,Autoroute,90.0,1
202400006640,2024-08-09,après-midi,,,92,92024,1,1,7,4,3,Départementale,50.0,1
202400006641,2024-11-17,après-midi,,,14,14085,1,1,6,4,3,Départementale,80.0,1
202400006642,2024-02-07,matin,,,37,37122,1,2,3,4,4,Voie communale,50.0,2
202400006643,2024-08-09,matin,,,39,39063,1,1,1,3,3,Départementale,80.0,1
202400006644,2024-12-29,soirée,,,30,30060,2,1,2,4,3,Départementale,80.0,1
202400006645,2024-06-29,après-midi,,,63,63113,1,1,6,4,4,Voie communale,50.0,1
202400006646,2024-02-07,soirée,,,35,35238,5,1,3,4,4,Voie communale,30.0,1
202400006647,2024-08-08,après-midi,,,83,83043,1,1,3,2,3,Départementale,80.0,1
202400006648,2024-09-08,soirée,,,13,13056,3,2,1,4,1,Autoroute,90.0,2
202400006649,2024-08-05,matin,,,06,06149,1,1,6,2,4,Voie communale,50.0,1
202400006650,2024-02-07,matin,,,35,35115,5,2,6,4,4,Voie communale,50.0,2
202400006651,2024-08-30,soirée,,,13,13202,1,1,6,2,1,Autoroute,70.0,1
202400006652,2024-08-07,matin,,,13,13085,1,1,1,4,1,Autoroute,90.0,1
202400006653,2024-02-02,matin,,,34,34032,1,1,7,3,4,Voie communale,50.0,1
202400006654,2024-08-10,soirée,,,76,76487,1,1,3,3,3,Départementale,70.0,1
202400006655,2024-07-29,nuit,,,13,13211,3,1,2,4,1,Autoroute,90.0,1
202400006656,2024-08-09,matin,,,974,97412,1,1,6,3,2,Nationale,50.0,1
202400006657,2024-02-07,soirée,,,33,33522,5,2,3,4,4,Voie communale,50.0,2
202400006658,2024-12-24,matin,,,01,01443,1,1,6,4,4,Voie communale,50.0,1
202400006659,2024-02-07,soirée,,,33,33281,5,2,6,4,4,Voie communale,50.0,2
202400006660,2024-08-09,matin,,,972,97233,1,1,1,4,3,Départementale,70.0,1
202400006661,2024-05-31,nuit,,,83,83096,3,1,2,4,3,Départementale,90.0,1
202400006662,2024-08-09,soirée,,,28,28006,5,1,7,4,4,Voie communale,50.0,1
202400006663,2024-02-07,soirée,,,33,33529,3,2,3,4,4,Voie communale,50.0,2
202400006664,2024-02-19,matin,,,988,98805,2,1,3,3,4,Voie communale,50.0,1
202400006665,2024-02-07,matin,,,31,31555,1,1,3,4,4,Voie communale,50.0,1
202400006666,2024-08-09,après-midi,,,62,62804,1,1,3,3,3,Départementale,50.0,1
202400006667,2024-10-13,nuit,,,38,38563,3,8,6,3,3,Départementale,80.0,2
202400006668,2024-02-07,soirée,,,30,30007,2,1,3,4,4,Voie communale,50.0,1
202400006669,2024-08-09,soirée,,,57,57150,1,1,3,2,4,Voie communale,30.0,1
202400006670,2024-06-29,après-midi,,,974,97407,1,1,5,4,4,Voie communale,30.0,1
202400006671,2024-08-07,après-midi,,,19,19105,1,1,7,2,3,Départementale,90.0,1
202400006672,2024-02-07,après-midi,,,27,27681,3,2,3,4,4,Voie communale,30.0,2
202400006673,2024-02-07,soirée,,,27,27375,3,2,6,4,3,Départementale,70.0,2
202400006674,2024-11-12,soirée,,,91,91692,5,1,3,4,3,Départementale,50.0,1
202400006675,2024-02-06,après-midi,,,27,27229,2,1,6,4,4,Voie communale,50.0,1
202400006676,2024-10-09,matin,,,73,73030,1,1,6,4,3,Départementale,30.0,1
202400006677,2024-08-10,après-midi,,,65,65409,1,1,6,3,3,Départementale,80.0,1
202400006678,2024-12-27,matin,,,78,78384,2,1,7,4,3,Départementale,50.0,1
202400006679,2024-02-05,soirée,,,27,27229,5,1,3,4,4,Voie communale,30.0,1
202400006680,2024-08-09,soirée,,,11,11288,2,1,6,3,3,Départementale,50.0,1
202400006681,2024-02-07,matin,,,13,13043,1,1,1,4,4,Voie communale,50.0,1
202400006682,2024-11-17,nuit,,,42,42330,3,8,5,4,1,Autoroute,110.0,1
202400006683,2024-08-10,après-midi,,,89,89307,1,7,3,3,2,Nationale,90.0,1
202400006684,2024-02-07,matin,,,13,13212,5,1,2,4,4,Voie communale,30.0,1
202400006685,2024-10-29,soirée,,,24,24557,5,1,6,3,3,Départementale,50.0,1
202400006686,2024-08-10,matin,,,61,61151,1,1,6,3,3,Départementale,90.0,1
202400006687,2024-02-09,soirée,,,92,92072,5,2,2,4,4,Voie communale,50.0,2
202400006688,2024-08-10,nuit,,,34,34150,3,1,1,4,3,Départementale,50.0,1
202400006689,2024-02-06,après-midi,,,10,10265,1,1,4,4,4,Voie communale,50.0,1
202400006690,2024-10-29,soirée,,,73,73228,5,1,7,3,3,Départementale,80.0,1
202400006691,2024-02-06,après-midi,,,10,10325,1,1,6,3,4,Voie communale,50.0,1
202400006692,2024-08-10,après-midi,,,39,39299,1,1,3,2,3,Départementale,80.0,1
202400006693,2024-02-06,après-midi,,,10,10387,1,1,6,4,4,Voie communale,50.0,1
202400006694,2024-02-06,matin,,,10,10387,1,1,7,4,4,Voie communale,50.0,1
202400006695,2024-12-12,matin,,,13,13081,1,1,4,4,1,Autoroute,90.0,1
202400006696,2024-08-09,soirée,,,25,25271,1,1,3,3,3,Départementale,50.0,1
202400006697,2024-08-08,nuit,,,08,08409,3,1,7,3,4,Voie communale,50.0,1
202400006698,2024-08-09,après-midi,,,44,44137,1,1,3,3,4,Voie communale,50.0,1
202400006699,2024-11-28,après-midi,,,29,29237,5,1,6,2,4,Voie communale,130.0,1
202400006700,2024-02-06,matin,,,06,06088,1,1,3,4,4,Voie communale,50.0,1
202400006701,2024-07-31,matin,,,01,01036,1,1,1,3,3,Départementale,80.0,1
202400006702,2024-11-16,après-midi,,,974,97411,1,1,1,4,4,Voie communale,50.0,1
202400006703,2024-02-07,soirée,,,06,06069,5,1,3,4,4,Voie communale,50.0,1
202400006704,2024-08-03,soirée,,,26,26275,1,1,6,3,3,Départementale,80.0,1
202400006705,2024-02-07,après-midi,,,06,06069,1,1,6,3,3,Départementale,50.0,1
202400006706,2024-11-18,après-midi,,,75,75117,1,2,2,4,4,Voie communale,50.0,2
202400006707,2024-08-09,soirée,,,54,54546,1,1,7,3,3,Départementale,80.0,1
202400006708,2024-08-09,après-midi,,,14,14740,1,1,7,3,4,Voie communale,80.0,1
202400006709,2024-12-20,après-midi,,,978,97801,1,1,3,4,2,Nationale,70.0,1
202400006710,2024-02-07,soirée,,,75,75106,5,2,2,4,4,Voie communale,30.0,2
202400006711,2024-12-09,matin,,,59,59586,2,2,3,3,3,Départementale,50.0,2
202400006712,2024-08-10,après-midi,,,18,18158,1,1,5,3,2,Nationale,80.0,1
202400006713,2024-02-07,après-midi,,,75,75106,1,1,6,4,4,Voie communale,,1
202400006714,2024-10-31,après-midi,,,14,14630,1,1,1,4,4,Voie communale,50.0,1
202400006715,2024-08-10,après-midi,,,10,10083,1,1,3,4,3,Départementale,90.0,1
202400006716,2024-02-07,matin,,,75,75119,1,2,3,4,4,Voie communale,50.0,2
202400006717,2024-11-16,soirée,,,28,28393,3,1,6,3,2,Nationale,110.0,2
202400006718,2024-08-10,après-midi,,,07,07101,1,1,7,3,3,Départementale,90.0,1
202400006719,2024-02-07,matin,,,75,75117,1,1,6,4,4,Voie communale,30.0,2
202400006720,2024-10-26,après-midi,,,33,33429,1,3,1,3,3,Départementale,80.0,2
202400006721,2024-08-08,soirée,,,07,07030,3,1,6,3,3,Départementale,90.0,1
202400006722,2024-12-03,matin,,,19,19031,1,1,2,4,3,Départementale,50.0,1
202400006723,2024-02-07,après-midi,,,75,75115,1,2,3,3,4,Voie communale,30.0,2
202400006724,2024-08-08,nuit,,,07,07303,3,1,6,4,4,Voie communale,50.0,1
202400006725,2024-02-06,après-midi,,,75,75115,1,1,3,4,4,Voie communale,,1
202400006726,2024-09-08,soirée,,,62,62758,1,2,2,4,4,Voie communale,50.0,2
202400006727,2024-08-09,nuit,,,85,85146,5,1,2,4,3,Départementale,50.0,1
202400006728,2024-02-07,nuit,,,75,75114,5,1,3,4,4,Voie communale,50.0,1
202400006729,2024-10-06,matin,,,73,73255,2,2,7,3,4,Voie communale,,2
202400006730,2024-08-08,matin,,,17,17423,1,1,3,4,3,Départementale,80.0,1
202400006731,2024-02-06,après-midi,,,75,75114,1,1,7,4,4,Voie communale,30.0,1
202400006732,2024-08-10,après-midi,,,30,30061,1,1,1,4,3,Départementale,80.0,1
202400006733,2024-02-07,après-midi,,,75,75113,1,2,7,4,4,Voie communale,30.0,2
202400006734,2024-12-01,après-midi,,,33,33218,2,1,7,3,4,Voie communale,80.0,2
202400006735,2024-02-07,matin,,,75,75113,5,2,6,4,4,Voie communale,30.0,2
202400006736,2024-08-10,matin,,,52,52313,1,1,3,2,3,Départementale,90.0,1
202400006737,2024-09-26,matin,,,75,75115,1,9,4,4,4,Voie communale,30.0,2
202400006738,2024-02-06,soirée,,,75,75113,5,1,3,3,4,Voie communale,30.0,1
202400006739,2024-08-10,matin,,,06,06088,1,1,3,4,1,Autoroute,90.0,1
202400006740,2024-06-24,après-midi,,,91,91235,1,7,3,3,3,Départementale,50.0,1
202400006741,2024-02-07,après-midi,,,75,75110,1,2,3,4,4,Voie communale,30.0,2
202400006742,2024-08-10,nuit,,,06,06149,3,1,6,4,1,Autoroute,110.0,1
202400006743,2024-11-28,matin,,,57,57582,1,1,3,3,1,Autoroute,110.0,1
202400006744,2024-02-07,après-midi,,,75,75107,1,2,7,4,4,Voie communale,,2
202400006745,2024-12-03,matin,,,971,97101,1,1,7,4,3,Départementale,50.0,1
202400006746,2024-08-09,après-midi,,,73,73179,1,1,2,4,1,Autoroute,110.0,1
202400006747,2024-02-07,après-midi,,,75,75103,1,2,1,4,4,Voie communale,30.0,2
202400006748,2024-12-25,soirée,,,34,34123,5,1,2,4,4,Voie communale,50.0,1
202400006749,2024-12-31,soirée,,,44,44215,3,1,6,4,2,Nationale,70.0,1
202400006750,2024-08-10,matin,,,988,98831,1,1,1,3,2,Nationale,110.0,1
202400006751,2024-02-07,après-midi,,,75,75103,1,8,6,4,4,Voie communale,30.0,2
202400006752,2024-08-09,nuit,,,973,97311,3,1,6,2,4,Voie communale,50.0,1
202400006753,2024-02-06,après-midi,,,75,75101,1,8,2,4,4,Voie communale,30.0,1
202400006754,2024-12-29,nuit,,,44,44190,5,1,6,4,4,Voie communale,50.0,1
202400006755,2024-08-09,matin,,,971,97106,1,1,6,3,4,Voie communale,50.0,2
202400006756,2024-02-07,nuit,,,94,94028,5,1,6,4,4,Voie communale,50.0,1
202400006757,2024-12-27,nuit,,,44,44162,5,1,7,4,4,Voie communale,30.0,1
202400006758,2024-02-07,matin,,,94,94073,1,2,2,4,4,Voie communale,30.0,2
202400006759,2024-08-09,soirée,,,44,44020,1,1,7,4,3,Départementale,90.0,1
202400006760,2024-12-27,après-midi,,,44,44114,2,1,3,4,4,Voie communale,30.0,1
202400006761,2024-12-23,soirée,,,44,44109,5,1,7,4,4,Voie communale,30.0,1
202400006762,2024-02-07,nuit,,,94,94002,5,2,6,4,3,Départementale,,2
202400006763,2024-12-22,matin,,,44,44009,2,1,7,4,2,Nationale,90.0,1
202400006764,2024-08-06,soirée,,,83,83047,1,1,2,4,3,Départementale,30.0,1
202400006765,2024-12-21,après-midi,,,44,44109,2,1,6,4,1,Autoroute,70.0,1
202400006766,2024-08-09,soirée,,,71,71588,1,1,3,3,3,Départementale,80.0,1
202400006767,2024-02-07,après-midi,,,93,93073,1,2,4,4,4,Voie communale,70.0,2
202400006768,2024-12-17,après-midi,,,44,44109,1,1,3,4,4,Voie communale,30.0,1
202400006769,2024-02-07,soirée,,,93,93014,2,2,6,4,3,Départementale,,2
202400006770,2024-08-09,après-midi,,,68,68063,1,1,2,4,4,Voie communale,50.0,1
202400006771,2024-11-08,après-midi,,,44,44109,5,1,3,4,4,Voie communale,30.0,1
202400006772,2024-08-10,après-midi,,,67,67408,1,1,1,3,3,Départementale,50.0,1
202400006773,2024-02-07,nuit,,,93,93064,5,2,1,3,3,Départementale,50.0,2
202400006774,2024-11-04,après-midi,,,44,44109,5,1,3,4,4,Voie communale,50.0,1
202400006775,2024-02-06,après-midi,,,93,93051,1,1,6,4,4,Voie communale,50.0,1
202400006776,2024-08-10,après-midi,,,73,73135,1,1,6,3,4,Voie communale,,1
202400006777,2024-03-05,soirée,,,61,61001,5,8,3,3,3,Départementale,50.0,1
202400006778,2024-02-07,après-midi,,,93,93031,1,2,6,4,3,Départementale,50.0,2
202400006779,2024-07-31,après-midi,,,73,73123,1,1,3,3,3,Départementale,80.0,1
202400006780,2024-11-19,matin,,,75,75107,1,2,7,3,4,Voie communale,30.0,2
202400006781,2024-08-10,après-midi,,,38,38507,1,1,7,3,4,Voie communale,50.0,1
202400006782,2024-11-19,après-midi,,,93,93046,2,2,6,4,4,Voie communale,20.0,2
202400006783,2024-02-05,matin,,,93,93027,1,1,6,3,3,Départementale,50.0,1
202400006784,2024-08-10,nuit,,,38,38455,4,1,6,4,3,Départementale,70.0,1
202400006785,2024-08-25,nuit,,,49,49328,3,1,2,4,3,Départementale,90.0,1
202400006786,2024-02-07,soirée,,,93,93005,5,2,6,4,4,Voie communale,50.0,2
202400006787,2024-08-10,soirée,,,81,81046,1,1,3,4,3,Départementale,80.0,1
202400006788,2024-11-19,après-midi,,,78,78646,1,3,6,3,3,Départementale,70.0,2
202400006789,2024-02-06,matin,,,92,92050,1,1,4,4,3,Départementale,50.0,1
202400006790,2024-11-29,après-midi,,,84,84031,2,1,6,4,4,Voie communale,30.0,1
202400006791,2024-08-10,soirée,,,09,09282,1,1,3,3,3,Départementale,50.0,1
202400006792,2024-02-07,après-midi,,,92,92051,1,2,3,4,4,Voie communale,50.0,2
202400006793,2024-11-28,nuit,,,84,84080,5,1,7,4,4,Voie communale,50.0,2
202400006794,2024-08-09,après-midi,,,09,09146,1,1,1,3,3,Départementale,80.0,1
202400006795,2024-09-21,nuit,,,44,44035,3,1,3,4,1,Autoroute,90.0,1
202400006796,2024-02-07,soirée,,,92,92020,3,2,3,4,4,Voie communale,50.0,2
202400006797,2024-08-09,après-midi,,,33,33326,1,1,7,3,3,Départementale,50.0,1
202400006798,2024-02-07,soirée,,,92,92040,5,2,6,4,3,Départementale,50.0,2
202400006799,2024-11-23,après-midi,,,42,42189,1,1,1,4,7,Autre,,1
202400006800,2024-08-09,soirée,,,14,14762,2,1,3,4,3,Départementale,80.0,1
202400006801,2024-02-06,nuit,,,92,92062,5,1,6,4,4,Voie communale,50.0,1
202400006802,2024-10-28,après-midi,,,61,61001,1,1,6,4,3,Départementale,50.0,1
202400006803,2024-08-09,matin,,,29,29169,1,1,1,4,3,Départementale,50.0,2
202400006804,2024-02-06,soirée,,,92,92060,5,1,6,4,3,Départementale,10.0,1
202400006805,2024-12-06,soirée,,,74,74265,3,8,6,3,3,Départementale,80.0,2
202400006806,2024-09-09,après-midi,,,74,74175,1,2,7,3,3,Départementale,80.0,2
202400006807,2024-08-09,soirée,,,60,60628,5,1,6,4,2,Nationale,110.0,1
202400006808,2024-02-07,matin,,,92,92012,5,2,7,4,3,Départementale,30.0,2
202400006809,2024-12-06,après-midi,,,74,74124,1,1,6,3,3,Départementale,80.0,1
202400006810,2024-02-07,après-midi,,,92,92009,1,2,2,4,4,Voie communale,25.0,2
202400006811,2024-10-20,après-midi,,,74,74018,1,1,7,3,3,Départementale,80.0,1
202400006812,2024-02-08,après-midi,,,80,80016,1,2,6,3,6,Autre,,2
202400006813,2024-12-04,matin,,,74,74297,1,1,7,2,3,Départementale,70.0,1
202400006814,2024-08-10,après-midi,,,80,80338,1,1,3,4,3,Départementale,50.0,1
202400006815,2024-02-04,soirée,,,62,62336,3,6,3,4,3,Départementale,80.0,1
202400006816,2024-09-21,nuit,,,74,74116,3,1,1,4,3,Départementale,90.0,1
202400006817,2024-01-25,matin,,,73,73085,1,1,6,3,3,Départementale,50.0,1
202400006818,2024-02-06,après-midi,,,40,40304,1,1,7,3,4,Voie communale,50.0,1
202400006819,2024-10-29,matin,,,74,74067,1,1,1,2,4,Voie communale,50.0,1
202400006820,2024-08-08,matin,,,42,42237,1,1,6,4,2,Nationale,90.0,1
202400006821,2024-02-08,matin,,,06,06161,1,1,2,4,3,Départementale,50.0,1
202400006822,2024-12-06,soirée,,,74,74104,5,8,3,4,3,Départementale,70.0,1
202400006823,2024-08-09,soirée,,,33,33487,1,1,2,4,1,Autoroute,130.0,1
202400006824,2024-10-30,après-midi,,,74,74166,1,1,3,4,3,Départementale,50.0,1
202400006825,2024-08-08,après-midi,,,59,59346,1,2,3,4,1,Autoroute,90.0,2
202400006826,2024-11-30,après-midi,,,74,74180,1,1,6,2,3,Départementale,80.0,1
202400006827,2024-02-06,après-midi,,,06,06161,2,1,5,4,3,Départementale,50.0,1
202400006828,2024-08-09,soirée,,,91,91086,2,1,1,4,2,Nationale,90.0,1
202400006829,2024-02-06,après-midi,,,28,28161,1,1,6,3,1,Autoroute,130.0,1
202400006830,2024-08-09,nuit,,,91,91689,4,1,3,4,1,Autoroute,110.0,1
202400006831,2024-11-30,nuit,,,74,74005,3,1,3,4,4,Voie communale,50.0,1
202400006832,2024-02-08,après-midi,,,71,71550,1,1,2,4,1,Autoroute,130.0,1
202400006833,2024-08-08,nuit,,,78,78418,3,1,2,4,1,Autoroute,70.0,1
202400006834,2024-11-02,soirée,,,74,74032,3,5,6,3,3,Départementale,80.0,2
202400006835,2024-02-07,nuit,,,972,97210,3,1,1,4,2,Nationale,70.0,1
202400006836,2024-08-07,nuit,,,78,78073,3,1,3,4,2,Nationale,70.0,1
202400006837,2024-11-28,après-midi,,,74,74309,2,2,1,4,3,Départementale,70.0,2
202400006838,2024-02-08,matin,,,83,83048,1,1,3,4,3,Départementale,30.0,1
202400006839,2024-11-28,matin,,,74,74282,1,3,7,3,1,Autoroute,110.0,2
202400006840,2024-08-09,après-midi,,,94,94028,1,1,3,4,1,Autoroute,90.0,1
202400006841,2024-02-08,après-midi,,,82,82103,1,1,6,4,3,Départementale,90.0,1
202400006842,2024-08-08,nuit,,,77,77059,3,1,2,4,1,Autoroute,90.0,1
202400006843,2024-11-27,matin,,,74,74197,3,1,3,3,3,Départementale,80.0,1
202400006844,2024-11-26,après-midi,,,74,74112,2,1,6,2,3,Départementale,50.0,1
202400006845,2024-01-25,après-midi,,,33,33251,1,1,3,3,3,Départementale,50.0,1
202400006846,2024-06-01,nuit,,,57,57283,3,1,7,4,3,Départementale,80.0,1
202400006847,2024-11-25,matin,,,74,74021,3,1,2,4,1,Autoroute,110.0,1
202400006848,2024-02-07,soirée,,,55,55463,5,2,6,4,3,Départementale,50.0,2
202400006849,2024-11-23,nuit,,,74,74313,3,4,7,3,3,Départementale,80.0,5
202400006850,2024-02-08,matin,,,49,49214,2,2,6,3,4,Voie communale,50.0,2
202400006851,2024-11-05,après-midi,,,74,74161,2,1,6,3,3,Départementale,80.0,1
202400006852,2024-02-08,matin,,,47,47095,2,1,6,3,3,Départementale,80.0,1
202400006853,2024-11-15,après-midi,,,74,74157,2,1,2,2,3,Départementale,50.0,1
202400006854,2024-02-08,après-midi,,,29,29220,1,2,2,4,4,Voie communale,30.0,2
202400006855,2024-10-30,après-midi,,,74,74010,1,1,6,3,6,Autre,50.0,1
202400006856,2024-10-06,après-midi,,,74,74249,1,1,6,3,3,Départementale,80.0,1
202400006857,2024-01-29,soirée,,,01,01165,3,1,3,4,3,Départementale,80.0,1
202400006858,2024-09-03,après-midi,,,74,74289,1,1,7,3,3,Départementale,70.0,1
202400006859,2024-02-03,soirée,,,01,01426,3,1,6,3,3,Départementale,80.0,1
202400006860,2024-06-27,après-midi,,,35,35238,1,1,6,4,2,Nationale,90.0,1
202400006861,2024-02-07,après-midi,,,85,85151,1,2,1,3,3,Départementale,80.0,2
202400006862,2024-08-01,soirée,,,17,17299,2,1,7,4,3,Départementale,50.0,1
202400006863,2024-10-22,matin,,,32,32256,1,2,7,3,3,Départementale,80.0,2
202400006864,2024-02-06,soirée,,,70,70511,5,8,6,3,9,Autre,50.0,1
202400006865,2024-10-23,matin,,,32,32290,2,5,7,3,3,Départementale,80.0,1
202400006866,2024-02-07,soirée,,,54,54523,3,3,6,4,3,Départementale,80.0,2
202400006867,2024-10-24,après-midi,,,32,32249,1,1,5,3,3,Départementale,90.0,1
202400006868,2024-02-08,soirée,,,72,72039,3,2,3,4,3,Départementale,90.0,2
202400006869,2024-12-02,matin,,,78,78208,1,1,6,3,4,Voie communale,,1
202400006870,2024-02-04,matin,,,14,14582,3,1,6,4,3,Départementale,80.0,1
202400006871,2024-02-08,matin,,,14,14543,2,2,1,3,4,Voie communale,50.0,2
202400006872,2024-11-30,soirée,,,28,28134,5,5,4,4,4,Voie communale,50.0,1
202400006873,2024-02-08,après-midi,,,05,05011,1,1,6,3,3,Départementale,90.0,1
202400006874,2024-11-29,après-midi,,,28,28223,1,1,7,4,3,Départementale,50.0,1
202400006875,2024-02-08,matin,,,05,05124,1,1,1,4,2,Nationale,50.0,1
202400006876,2024-11-27,nuit,,,28,28134,3,5,6,4,3,Départementale,70.0,2
202400006877,2024-11-25,matin,,,28,28134,1,3,3,4,3,Départementale,50.0,2
202400006878,2024-02-07,après-midi,,,24,24115,1,1,6,3,3,Départementale,30.0,1
202400006879,2024-11-19,nuit,,,28,28007,5,1,6,3,3,Départementale,50.0,2
202400006880,2024-02-07,après-midi,,,04,04209,1,7,6,3,4,Voie communale,30.0,1