Num_Acc,date,time_of_day,lat,long,dep,com,lum,atm,col,severity_index,catr,catr_label,vma,surf
202400006881,2024-10-22,après-midi,,,28,28140,1,1,3,3,3,Départementale,50.0,1
202400006882,2024-10-29,nuit,,,38,38544,5,1,1,4,4,Voie communale,30.0,1
202400006883,2024-02-07,après-midi,,,37,37062,1,3,6,3,3,Départementale,80.0,2
202400006884,2024-10-15,soirée,,,38,38053,1,1,3,4,4,Voie communale,50.0,1
202400006885,2024-02-07,soirée,,,37,37050,5,2,6,3,4,Voie communale,50.0,2
202400006886,2024-10-12,matin,,,38,38053,1,1,6,4,4,Voie communale,50.0,1
202400006887,2024-02-08,après-midi,,,30,30313,1,1,6,4,3,Départementale,80.0,1
202400006888,2024-06-14,après-midi,,,93,93001,1,9,3,4,3,Départementale,50.0,1
202400006889,2024-02-07,après-midi,,,987,98745,1,2,6,3,2,Nationale,60.0,2
202400006890,2024-11-18,matin,,,92,92002,1,2,6,4,3,Départementale,50.0,2
202400006891,2024-01-16,soirée,,,986,98611,2,1,7,3,2,Nationale,50.0,1
202400006892,2024-11-24,après-midi,,,93,93047,2,1,7,4,4,Voie communale,,1
202400006893,2024-02-08,nuit,,,974,97415,5,1,2,3,4,Voie communale,50.0,1
202400006894,2024-12-21,nuit,,,38,38337,3,1,1,4,3,Départementale,70.0,1
202400006895,2024-02-01,matin,,,971,97116,1,1,3,3,3,Départementale,50.0,1
202400006896,2024-12-31,soirée,,,84,84082,3,1,3,4,3,Départementale,80.0,1
202400006897,2024-02-06,après-midi,,,28,28015,1,1,3,4,3,Départementale,80.0,1
202400006898,2024-11-26,après-midi,,,14,14685,1,1,6,4,4,Voie communale,50.0,1
202400006899,2024-10-07,soirée,,,62,62621,5,1,6,4,3,Départementale,50.0,1
202400006900,2024-02-03,après-midi,,,45,45283,1,2,1,4,3,Départementale,50.0,2
202400006901,2024-10-27,nuit,,,50,50523,3,1,6,3,3,Départementale,,1
202400006902,2024-02-04,matin,,,77,77225,1,2,1,4,3,Départementale,80.0,2
202400006903,2024-12-27,matin,,,91,91044,1,1,6,3,3,Départementale,90.0,1
202400006904,2024-02-08,matin,,,2A,2A041,1,1,6,3,4,Voie communale,80.0,1
202400006905,2024-02-08,après-midi,,,83,83088,1,1,7,2,3,Départementale,80.0,1
202400006906,2024-11-26,matin,,,28,28134,3,1,2,4,3,Départementale,70.0,2
202400006907,2024-02-07,après-midi,,,05,05118,2,1,6,3,3,Départementale,80.0,1
202400006908,2024-10-17,matin,,,62,62160,2,1,3,4,4,Voie communale,50.0,2
202400006909,2024-02-07,soirée,,,57,57683,5,2,6,3,4,Voie communale,30.0,2
202400006910,2024-10-13,après-midi,,,62,62160,1,1,3,4,4,Voie communale,30.0,1
202400006911,2024-02-07,matin,,,57,57145,3,2,3,4,3,Départementale,80.0,2
202400006912,2024-07-30,après-midi,,,62,62688,1,1,3,4,3,Départementale,50.0,1
202400006913,2024-02-08,matin,,,31,31248,1,1,2,3,3,Départementale,50.0,1
202400006914,2024-07-26,soirée,,,62,62688,1,1,2,4,3,Départementale,50.0,1
202400006915,2024-02-07,après-midi,,,33,33114,1,1,2,3,2,Nationale,90.0,1
202400006916,2024-05-19,matin,,,62,62757,2,1,7,3,3,Départementale,50.0,1
202400006917,2024-02-07,après-midi,,,72,72154,1,2,6,3,3,Départementale,50.0,2
202400006918,2024-10-03,matin,,,2B,2B350,1,3,5,3,2,Nationale,50.0,2
202400006919,2024-02-06,après-midi,,,22,22098,1,1,5,4,3,Départementale,80.0,1
202400006920,2024-09-14,matin,,,91,91441,1,1,2,4,1,Autoroute,130.0,1
202400006921,2024-02-02,nuit,,,35,35076,3,5,3,3,7,Autre,80.0,2
202400006922,2024-11-27,après-midi,,,19,19272,1,1,6,4,4,Voie communale,30.0,1
202400006923,2024-02-07,matin,,,13,13215,1,1,3,4,1,Autoroute,90.0,1
202400006924,2024-12-31,après-midi,,,64,64483,1,1,3,4,3,Départementale,30.0,1
202400006925,2024-12-31,après-midi,,,60,60103,1,1,2,4,4,Voie communale,50.0,1
202400006926,2024-11-18,nuit,,,75,75116,5,2,7,4,4,Voie communale,50.0,2
202400006927,2024-02-06,soirée,,,33,33162,4,1,4,4,1,Autoroute,90.0,1
202400006928,2024-02-06,nuit,,,59,59564,3,1,2,4,1,Autoroute,130.0,1
202400006929,2024-06-15,après-midi,,,93,93077,1,1,1,4,3,Départementale,50.0,1
202400006930,2024-02-04,soirée,,,59,59580,3,1,6,2,1,Autoroute,130.0,1
202400006931,2024-06-14,soirée,,,93,93032,2,2,6,4,3,Départementale,30.0,2
202400006932,2024-02-07,après-midi,,,91,91689,1,2,3,4,1,Autoroute,110.0,2
202400006933,2024-06-10,matin,,,93,93046,1,1,2,4,3,Départementale,50.0,1
202400006934,2024-12-30,matin,,,974,97410,1,1,1,2,3,Départementale,50.0,1
202400006935,2024-02-07,après-midi,,,91,91471,1,2,5,4,2,Nationale,110.0,2
202400006936,2024-02-07,matin,,,94,94038,1,2,3,4,1,Autoroute,90.0,2
202400006937,2024-12-23,après-midi,,,19,19255,2,1,3,3,3,Départementale,70.0,1
202400006938,2024-02-07,matin,,,91,91521,1,2,7,4,2,Nationale,50.0,2
202400006939,2024-08-05,matin,,,29,29233,1,1,1,4,4,Voie communale,30.0,1
202400006940,2024-06-04,matin,,,2A,2A004,1,1,3,3,2,Nationale,90.0,1
202400006941,2024-01-23,nuit,,,34,34113,5,1,6,3,3,Départementale,50.0,1
202400006942,2024-02-07,après-midi,,,91,91432,1,3,5,4,1,Autoroute,110.0,2
202400006943,2024-06-03,matin,,,2A,2A004,1,1,3,4,3,Départementale,50.0,1
202400006944,2024-11-26,soirée,,,74,74010,5,1,6,4,4,Voie communale,50.0,1
202400006945,2024-02-07,matin,,,91,91689,1,3,5,4,1,Autoroute,90.0,2
202400006946,2024-06-04,soirée,,,95,95277,1,1,3,4,4,Voie communale,50.0,1
202400006947,2024-11-22,nuit,,,57,57022,3,9,6,3,3,Départementale,110.0,7
202400006948,2024-12-16,matin,,,30,30189,1,1,1,3,4,Voie communale,70.0,1
202400006949,2024-06-04,matin,,,95,95427,1,1,3,4,3,Départementale,50.0,1
202400006950,2024-02-06,matin,,,78,78043,2,1,5,4,1,Autoroute,110.0,1
202400006951,2024-06-04,soirée,,,91,91377,1,1,3,4,4,Voie communale,10.0,1
202400006952,2024-12-02,après-midi,,,30,30189,5,1,6,3,4,Voie communale,50.0,1
202400006953,2024-02-05,après-midi,,,93,93053,1,1,6,4,1,Autoroute,70.0,1
202400006954,2024-06-04,matin,,,91,91161,1,1,3,4,3,Départementale,50.0,1
202400006955,2024-11-19,soirée,,,63,63414,3,2,2,4,3,Départementale,90.0,2
202400006956,2024-02-06,matin,,,987,98735,1,1,6,4,4,Voie communale,30.0,1
202400006957,2024-06-16,après-midi,,,93,93005,1,1,7,2,4,Voie communale,,1
202400006958,2024-06-04,matin,,,91,91377,1,1,3,4,4,Voie communale,30.0,1
202400006959,2024-02-07,nuit,,,974,97411,3,1,6,4,3,Départementale,50.0,1
202400006960,2024-06-04,après-midi,,,85,85191,1,1,1,4,3,Départementale,80.0,1
202400006961,2024-02-05,matin,,,974,97411,1,1,3,3,4,Voie communale,50.0,1
202400006962,2024-06-03,soirée,,,84,84007,1,1,5,4,4,Voie communale,50.0,1
202400006963,2024-10-20,après-midi,,,84,84143,1,1,1,4,3,Départementale,80.0,1
202400006964,2024-02-05,matin,,,974,97411,1,1,6,4,4,Voie communale,50.0,1
202400006965,2024-06-03,matin,,,83,83137,1,1,3,4,3,Départementale,50.0,1
202400006966,2024-10-08,après-midi,,,14,14047,1,1,3,4,3,Départementale,50.0,1
202400006967,2024-02-06,soirée,,,69,69386,5,1,3,4,4,Voie communale,30.0,1
202400006968,2024-10-29,après-midi,,,73,73011,2,7,6,3,3,Départementale,30.0,1
202400006969,2024-06-04,soirée,,,82,82033,1,1,3,4,3,Départementale,50.0,1
202400006970,2024-10-11,soirée,,,42,42187,5,1,3,3,3,Départementale,50.0,1
202400006971,2024-06-04,nuit,,,77,77384,5,1,6,3,3,Départementale,80.0,1
202400006972,2024-02-06,matin,,,69,69383,1,1,6,4,4,Voie communale,50.0,1
202400006973,2024-06-03,après-midi,,,77,77122,1,1,6,4,4,Voie communale,50.0,1
202400006974,2024-11-14,après-midi,,,30,30189,1,1,6,3,4,Voie communale,50.0,1
202400006975,2024-11-13,après-midi,,,30,30189,1,1,6,3,4,Voie communale,50.0,1
202400006976,2024-06-04,matin,,,77,77449,1,1,3,4,4,Voie communale,50.0,1
202400006977,2024-06-04,soirée,,,76,76319,1,1,6,3,4,Voie communale,50.0,1
202400006978,2024-11-17,nuit,,,972,97213,5,1,2,4,1,Autoroute,90.0,1
202400006979,2024-06-04,après-midi,,,76,76540,1,1,3,4,4,Voie communale,30.0,1
202400006980,2024-12-20,après-midi,,,972,97213,1,3,3,4,3,Départementale,50.0,2
202400006981,2024-02-05,soirée,,,972,97213,3,1,5,4,2,Nationale,70.0,1
202400006982,2024-02-04,soirée,,,972,97213,3,1,6,2,2,Nationale,90.0,1
202400006983,2024-06-04,nuit,,,76,76351,3,1,6,4,3,Départementale,70.0,1
202400006984,2024-11-19,après-midi,,,75,75107,5,2,7,3,4,Voie communale,30.0,2
202400006985,2024-06-04,nuit,,,72,72181,2,1,3,4,4,Voie communale,50.0,1
202400006986,2024-02-04,nuit,,,972,97209,5,1,1,3,2,Nationale,50.0,1
202400006987,2024-08-22,matin,,,01,01447,1,1,3,4,3,Départementale,80.0,1
202400006988,2024-06-03,après-midi,,,72,72181,1,1,2,4,4,Voie communale,50.0,1
202400006989,2024-02-06,soirée,,,69,69381,5,8,2,4,4,Voie communale,30.0,1
202400006990,2024-06-03,matin,,,69,69029,1,1,6,4,4,Voie communale,50.0,1
202400006991,2024-12-25,après-midi,,,50,50419,1,2,4,4,3,Départementale,80.0,2
202400006992,2024-06-03,soirée,,,67,67482,1,8,2,4,4,Voie communale,50.0,1
202400006993,2024-06-03,après-midi,,,67,67482,1,8,6,4,4,Voie communale,30.0,1
202400006994,2024-07-24,matin,,,971,97125,1,1,3,3,2,Nationale,80.0,1
202400006995,2024-11-27,soirée,,,19,19031,5,1,3,4,4,Voie communale,50.0,1
202400006996,2024-06-04,après-midi,,,64,64122,1,1,3,4,4,Voie communale,50.0,1
202400006997,2024-09-23,soirée,,,01,01283,2,1,3,4,4,Voie communale,50.0,1
202400006998,2024-09-30,après-midi,,,2B,2B077,1,1,3,4,2,Nationale,70.0,1
202400006999,2024-06-04,soirée,,,63,63113,1,1,3,4,4,Voie communale,30.0,1
202400007000,2024-06-04,soirée,,,62,62083,1,1,6,3,3,Départementale,70.0,1
202400007001,2024-06-03,soirée,,,62,62510,5,1,7,4,3,Départementale,90.0,1
202400007002,2024-09-15,après-midi,,,2B,2B030,1,1,6,3,3,Départementale,70.0,1
202400007003,2024-06-03,matin,,,62,62108,1,1,3,4,4,Voie communale,50.0,1
202400007004,2024-10-10,après-midi,,,50,50046,1,8,3,4,3,Départementale,50.0,1
202400007005,2024-06-04,matin,,,61,61001,1,1,6,4,4,Voie communale,30.0,1
202400007006,2024-06-03,soirée,,,60,60159,1,1,6,3,4,Voie communale,50.0,1
202400007007,2024-06-18,après-midi,,,85,85213,1,1,5,4,3,Départementale,50.0,1
202400007008,2024-11-30,après-midi,,,45,45063,1,1,6,4,3,Départementale,80.0,1
202400007009,2024-06-04,matin,,,59,59512,1,1,3,2,7,Autre,50.0,9
202400007010,2024-06-04,soirée,,,59,59328,1,1,6,4,7,Autre,50.0,1
202400007011,2024-05-28,après-midi,,,59,59588,1,1,1,3,3,Départementale,50.0,1
202400007012,2024-06-04,matin,,,57,57463,1,1,3,4,4,Voie communale,50.0,1
202400007013,2024-06-03,matin,,,56,56260,1,1,4,4,2,Nationale,90.0,1
202400007014,2024-06-03,après-midi,,,54,54578,1,1,2,4,4,Voie communale,50.0,1
202400007015,2024-06-03,après-midi,,,54,54547,1,1,3,4,4,Voie communale,50.0,1
202400007016,2024-06-03,après-midi,,,54,54184,1,1,2,4,4,Voie communale,30.0,1
202400007017,2024-06-03,matin,,,54,54395,1,1,6,4,4,Voie communale,50.0,1
202400007018,2024-06-03,après-midi,,,49,49007,1,1,3,4,4,Voie communale,30.0,1
202400007019,2024-06-03,après-midi,,,49,49007,1,1,2,4,4,Voie communale,50.0,1
202400007020,2024-06-03,après-midi,,,47,47001,1,1,6,3,3,Départementale,50.0,1
202400007021,2024-06-04,nuit,,,44,44109,2,1,3,4,4,Voie communale,30.0,1
202400007022,2024-06-03,après-midi,,,34,34108,1,1,6,4,4,Voie communale,30.0,1
202400007023,2024-06-04,soirée,,,34,34172,1,1,1,4,4,Voie communale,50.0,1
202400007024,2024-06-04,soirée,,,33,33529,1,1,3,3,2,Nationale,90.0,1
202400007025,2024-06-03,matin,,,29,29039,1,1,3,4,3,Départementale,70.0,1
202400007026,2024-06-04,matin,,,28,28134,1,1,6,4,4,Voie communale,30.0,1
202400007027,2024-06-04,soirée,,,27,27681,1,1,3,4,3,Départementale,50.0,1
202400007028,2024-06-04,matin,,,27,27375,1,1,2,4,4,Voie communale,30.0,1
202400007029,2024-06-04,soirée,,,25,25056,1,1,6,4,4,Voie communale,,1
202400007030,2024-06-03,soirée,,,14,14437,1,1,2,3,2,Nationale,90.0,1
202400007031,2024-06-05,nuit,,,13,13208,5,1,3,3,4,Voie communale,50.0,1
202400007032,2024-06-04,nuit,,,13,13210,5,1,3,4,4,Voie communale,50.0,1
202400007033,2024-06-04,après-midi,,,13,13047,1,1,3,4,3,Départementale,50.0,1
202400007034,2024-06-04,matin,,,13,13001,1,1,3,4,3,Départementale,30.0,1
202400007035,2024-06-03,après-midi,,,11,11069,1,1,2,4,4,Voie communale,50.0,1
202400007036,2024-06-04,matin,,,07,07316,1,1,4,4,3,Départementale,90.0,1
202400007037,2024-06-04,après-midi,,,01,01344,1,1,2,4,3,Départementale,70.0,1
202400007038,2024-06-04,après-midi,,,75,75114,1,1,2,4,4,Voie communale,70.0,1
202400007039,2024-06-03,après-midi,,,75,75116,1,1,2,4,4,Voie communale,70.0,1
202400007040,2024-06-04,après-midi,,,75,75104,1,1,3,3,4,Voie communale,30.0,1
202400007041,2024-06-04,matin,,,75,75111,1,1,6,3,4,Voie communale,30.0,1
202400007042,2024-06-04,matin,,,75,75106,1,1,3,4,4,Voie communale,30.0,1
202400007043,2024-06-03,matin,,,75,75106,1,1,2,4,4,Voie communale,30.0,1
202400007044,2024-06-04,après-midi,,,75,75119,1,1,3,4,4,Voie communale,30.0,1
202400007045,2024-06-04,soirée,,,75,75116,1,1,3,4,4,Voie communale,30.0,1
202400007046,2024-06-03,après-midi,,,75,75116,1,1,6,4,4,Voie communale,50.0,1
202400007047,2024-06-04,nuit,,,75,75112,3,1,1,4,4,Voie communale,30.0,1
202400007048,2024-06-03,après-midi,,,75,75112,1,1,5,4,4,Voie communale,50.0,1
202400007049,2024-06-04,soirée,,,75,75110,1,1,3,4,4,Voie communale,30.0,1
202400007050,2024-06-04,après-midi,,,75,75110,1,1,6,4,4,Voie communale,30.0,1
202400007051,2024-06-04,matin,,,75,75108,1,1,2,4,4,Voie communale,30.0,1
202400007052,2024-06-04,nuit,,,75,75108,5,1,2,4,4,Voie communale,30.0,1
202400007053,2024-06-04,après-midi,,,94,94003,1,1,3,4,3,Départementale,50.0,1
202400007054,2024-06-03,soirée,,,94,94041,2,1,1,4,3,Départementale,50.0,1
202400007055,2024-06-04,soirée,,,94,94065,1,1,2,4,5,Autre,,1
202400007056,2024-06-03,soirée,,,93,93078,1,1,3,4,3,Départementale,50.0,1
202400007057,2024-06-04,nuit,,,93,93066,5,1,2,4,4,Voie communale,,1
202400007058,2024-06-04,après-midi,,,93,93066,1,1,3,4,3,Départementale,50.0,1
202400007059,2024-06-04,après-midi,,,93,93055,1,1,3,4,4,Voie communale,30.0,1
202400007060,2024-06-04,matin,,,93,93050,1,1,3,4,3,Départementale,50.0,1
202400007061,2024-06-04,soirée,,,93,93046,1,1,3,4,3,Départementale,50.0,1
202400007062,2024-06-04,soirée,,,93,93006,1,1,1,4,3,Départementale,30.0,1
202400007063,2024-06-04,après-midi,,,93,93079,1,1,3,4,3,Départementale,50.0,1
202400007064,2024-10-20,après-midi,,,75,75109,1,1,3,4,4,Voie communale,30.0,1
202400007065,2024-04-30,matin,,,93,93010,1,1,6,4,3,Départementale,30.0,1
202400007066,2024-10-19,soirée,,,75,75107,5,2,6,4,4,Voie communale,30.0,2
202400007067,2024-06-04,nuit,,,93,93005,5,1,3,4,4,Voie communale,,1
202400007068,2024-10-20,après-midi,,,75,75101,1,1,1,4,4,Voie communale,30.0,1
202400007069,2024-06-04,matin,,,93,93001,1,1,3,4,3,Départementale,50.0,1
202400007070,2024-06-04,après-midi,,,92,92033,1,1,6,4,4,Voie communale,50.0,1
202400007071,2024-10-19,après-midi,,,75,75103,1,1,7,3,4,Voie communale,30.0,2
202400007072,2024-06-03,matin,,,92,92064,1,1,4,4,3,Départementale,50.0,1
202400007073,2024-06-04,soirée,,,92,92062,1,1,3,4,4,Voie communale,30.0,1
202400007074,2024-10-18,après-midi,,,75,75103,1,1,3,4,4,Voie communale,30.0,1
202400007075,2024-06-04,après-midi,,,92,92044,1,1,3,4,3,Départementale,50.0,1
202400007076,2024-10-20,matin,,,94,94044,5,2,6,4,3,Départementale,50.0,2
202400007077,2024-06-04,après-midi,,,92,92026,1,1,2,4,3,Départementale,50.0,1
202400007078,2024-10-19,après-midi,,,94,94068,1,1,6,4,4,Voie communale,30.0,1
202400007079,2024-06-04,nuit,,,92,92023,5,1,1,3,3,Départementale,50.0,1
202400007080,2024-06-04,matin,,,92,92012,1,1,7,4,3,Départementale,50.0,1
202400007081,2024-10-20,nuit,,,93,93072,5,1,3,4,3,Départementale,50.0,2
202400007082,2024-06-04,après-midi,,,92,92002,1,1,6,4,3,Départementale,50.0,1
202400007083,2024-06-05,matin,,,06,06149,1,1,3,4,7,Autre,70.0,1
202400007084,2024-06-02,après-midi,,,22,22177,1,1,3,3,4,Voie communale,,1
202400007085,2024-10-19,soirée,,,93,93064,5,2,3,4,3,Départementale,30.0,2
202400007086,2024-06-05,matin,,,69,69279,1,1,3,4,4,Voie communale,50.0,1
202400007087,2024-10-20,après-midi,,,93,93045,1,1,3,4,4,Voie communale,30.0,1
202400007088,2024-06-03,après-midi,,,28,28196,1,7,3,3,3,Départementale,50.0,1
202400007089,2024-06-02,soirée,,,51,51217,1,1,7,4,3,Départementale,,1
202400007090,2024-10-20,après-midi,,,93,93010,1,1,1,4,4,Voie communale,30.0,1
202400007091,2024-06-03,après-midi,,,54,54234,1,1,1,3,4,Voie communale,50.0,1
202400007092,2024-10-19,soirée,,,93,93008,5,2,6,4,3,Départementale,50.0,2
202400007093,2024-05-23,nuit,,,51,51388,5,1,3,4,3,Départementale,50.0,1
202400007094,2024-10-20,soirée,,,92,92046,5,1,7,4,3,Départementale,30.0,1
202400007095,2024-06-04,après-midi,,,83,83049,1,1,5,3,3,Départementale,70.0,1
202400007096,2024-06-04,soirée,,,974,97413,5,2,6,3,3,Départementale,50.0,2
202400007097,2024-10-19,après-midi,,,92,92076,1,2,7,4,3,Départementale,50.0,2
202400007098,2024-06-05,matin,,,50,50095,1,8,7,3,3,Départementale,80.0,2
202400007099,2024-06-05,soirée,,,62,62664,2,1,1,4,3,Départementale,80.0,1
202400007100,2024-10-20,après-midi,,,92,92050,1,1,2,3,3,Départementale,50.0,1
202400007101,2024-06-01,nuit,,,56,56243,3,1,6,3,4,Voie communale,70.0,1
202400007102,2024-10-21,matin,,,34,34249,1,1,7,3,7,Autre,50.0,1
202400007103,2024-06-05,après-midi,,,79,79202,1,1,6,3,4,Voie communale,50.0,1
202400007104,2024-06-05,après-midi,,,2B,2B125,1,1,3,4,3,Départementale,80.0,1
202400007105,2024-10-20,soirée,,,60,60365,3,1,2,3,3,Départementale,80.0,2
202400007106,2024-06-05,après-midi,,,80,80130,1,1,1,3,3,Départementale,80.0,1
202400007107,2024-06-05,après-midi,,,33,33400,1,1,6,3,3,Départementale,80.0,1
202400007108,2024-10-19,nuit,,,62,62812,3,5,6,4,3,Départementale,80.0,2
202400007109,2024-06-04,soirée,,,71,71392,2,1,6,4,3,Départementale,50.0,1
202400007110,2024-10-21,après-midi,,,06,06031,1,1,1,2,3,Départementale,50.0,1
202400007111,2024-10-20,après-midi,,,54,54582,3,1,7,3,3,Départementale,80.0,1
202400007112,2024-06-05,matin,,,63,63412,1,1,1,2,3,Départementale,90.0,1
202400007113,2024-06-05,après-midi,,,55,55189,1,1,7,3,3,Départementale,90.0,1
202400007114,2024-10-20,matin,,,83,83070,1,1,2,3,4,Voie communale,,1
202400007115,2024-06-04,après-midi,,,49,49026,1,1,1,4,4,Voie communale,30.0,1
202400007116,2024-10-20,nuit,,,08,08402,3,2,6,3,1,Autoroute,110.0,2
202400007117,2024-06-04,soirée,,,42,42062,1,1,5,4,3,Départementale,80.0,1
202400007118,2024-06-04,après-midi,,,31,31033,1,1,1,3,3,Départementale,50.0,1
202400007119,2024-06-03,nuit,,,72,72293,3,1,6,3,3,Départementale,80.0,1
202400007120,2024-10-20,soirée,,,21,21223,3,1,5,3,7,Autre,80.0,1
202400007121,2024-05-25,après-midi,,,53,53240,1,1,3,4,3,Départementale,90.0,1
202400007122,2024-10-21,après-midi,,,62,62192,1,2,6,4,4,Voie communale,50.0,2
202400007123,2024-06-01,matin,,,21,21379,1,1,7,2,3,Départementale,80.0,1
202400007124,2024-10-20,nuit,,,40,40227,3,1,6,4,3,Départementale,80.0,1
202400007125,2024-06-03,matin,,,21,21579,2,1,1,3,3,Départementale,80.0,1
202400007126,2024-10-06,soirée,,,57,57465,3,2,1,4,3,Départementale,50.0,2
202400007127,2024-06-04,après-midi,,,24,24087,1,1,5,3,3,Départementale,90.0,1
202400007128,2024-10-10,soirée,,,57,57426,2,8,3,3,3,Départementale,50.0,2
202400007129,2024-06-05,après-midi,,,04,04204,1,1,6,3,3,Départementale,70.0,1
202400007130,2024-06-05,matin,,,37,37111,1,1,7,2,3,Départementale,80.0,1
202400007131,2024-06-01,après-midi,,,37,37132,1,1,1,3,4,Voie communale,30.0,1
202400007132,2024-10-21,matin,,,59,59159,1,2,2,4,3,Départementale,80.0,2
202400007133,2024-05-23,nuit,,,37,37099,3,1,6,3,7,Autre,90.0,1
202400007134,2024-10-20,nuit,,,82,82072,5,1,6,4,3,Départementale,50.0,1
202400007135,2024-06-03,soirée,,,08,08089,1,1,6,4,4,Voie communale,50.0,1
202400007136,2024-06-04,soirée,,,973,97309,5,1,6,4,3,Départementale,,1
202400007137,2024-10-20,après-midi,,,11,11436,1,1,6,3,3,Départementale,80.0,1
202400007138,2024-05-31,après-midi,,,06,06018,1,1,3,4,3,Départementale,50.0,1
202400007139,2024-10-20,après-midi,,,11,11436,1,1,6,3,3,Départementale,80.0,1
202400007140,2024-05-25,matin,,,95,95371,1,1,7,4,3,Départementale,80.0,1
202400007141,2024-10-20,après-midi,,,61,61394,1,8,7,3,3,Départementale,30.0,1
202400007142,2024-10-21,après-midi,,,55,55457,1,7,6,3,3,Départementale,50.0,1
202400007143,2024-06-03,après-midi,,,27,27022,1,1,6,3,3,Départementale,50.0,1
202400007144,2024-10-21,après-midi,,,55,55001,1,1,7,2,4,Voie communale,30.0,1
202400007145,2024-06-04,après-midi,,,77,77065,1,1,6,3,1,Autoroute,130.0,1
202400007146,2024-06-04,après-midi,,,11,11202,1,1,1,3,3,Départementale,,1
202400007147,2024-10-21,après-midi,,,47,47004,1,7,3,3,4,Voie communale,70.0,1
202400007148,2024-06-04,matin,,,78,78128,1,1,3,3,3,Départementale,70.0,1
202400007149,2024-10-21,après-midi,,,86,86032,1,7,1,2,3,Départementale,80.0,1
202400007150,2024-06-03,soirée,,,67,67033,2,1,7,3,3,Départementale,50.0,1
202400007151,2024-10-20,soirée,,,86,86076,2,1,7,3,4,Voie communale,50.0,1
202400007152,2024-06-04,soirée,,,74,74102,1,1,1,3,3,Départementale,80.0,1
202400007153,2024-06-04,soirée,,,26,26170,1,1,6,3,4,Voie communale,50.0,1
202400007154,2024-10-21,après-midi,,,25,25438,1,1,2,4,3,Départementale,30.0,1
202400007155,2024-06-04,soirée,,,26,26064,1,1,3,2,3,Départementale,80.0,1
202400007156,2024-10-17,matin,,,29,29300,1,1,6,3,2,Nationale,110.0,1
202400007157,2024-06-04,matin,,,40,40277,1,1,6,3,3,Départementale,70.0,1
202400007158,2024-10-17,matin,,,29,29150,1,1,2,3,3,Départementale,50.0,1
202400007159,2024-06-05,après-midi,,,14,14322,1,1,3,4,2,Nationale,110.0,1
202400007160,2024-10-21,après-midi,,,29,29220,1,1,1,4,4,Voie communale,50.0,2
202400007161,2024-06-05,matin,,,22,22162,1,1,3,4,3,Départementale,50.0,1
202400007162,2024-06-04,après-midi,,,13,13212,1,1,2,4,1,Autoroute,70.0,1
202400007163,2024-10-21,matin,,,29,29167,3,3,5,4,3,Départementale,80.0,2
202400007164,2024-06-03,après-midi,,,13,13202,1,1,3,4,1,Autoroute,50.0,1
202400007165,2024-10-16,soirée,,,31,31033,3,1,7,3,4,Voie communale,30.0,1
202400007166,2024-08-27,soirée,,,31,31561,1,7,3,3,4,Voie communale,50.0,1
202400007167,2024-06-03,matin,,,13,13071,1,1,5,4,1,Autoroute,90.0,1
202400007168,2024-10-20,après-midi,,,03,03025,1,1,3,3,2,Nationale,50.0,1
202400007169,2024-06-04,soirée,,,83,83090,1,1,6,4,1,Autoroute,110.0,1
202400007170,2024-10-20,soirée,,,58,58136,3,1,2,3,3,Départementale,90.0,1
202400007171,2024-06-04,nuit,,,57,57039,3,1,7,4,2,Nationale,30.0,1
202400007172,2024-10-21,nuit,,,54,54029,5,1,7,3,3,Départementale,50.0,1
202400007173,2024-06-04,après-midi,,,78,78646,1,1,5,4,2,Nationale,110.0,1
202400007174,2024-10-20,soirée,,,60,60291,5,1,1,3,3,Départementale,50.0,1
202400007175,2024-06-03,soirée,,,92,92048,1,1,2,4,2,Nationale,90.0,1
202400007176,2024-10-19,matin,,,73,73162,1,1,6,3,4,Voie communale,80.0,1
202400007177,2024-06-03,après-midi,,,92,92025,1,1,2,4,1,Autoroute,90.0,1
202400007178,2024-10-20,après-midi,,,73,73128,1,7,1,4,3,Départementale,80.0,1
202400007179,2024-06-04,soirée,,,93,93053,1,1,2,4,1,Autoroute,90.0,1
202400007180,2024-10-21,après-midi,,,43,43047,1,7,1,3,3,Départementale,80.0,1
202400007181,2024-06-04,matin,,,95,95491,1,1,4,4,1,Autoroute,110.0,1
202400007182,2024-10-20,nuit,,,10,10353,3,1,7,4,3,Départementale,90.0,1
202400007183,2024-06-04,après-midi,,,93,93066,1,1,2,4,1,Autoroute,90.0,1
202400007184,2024-10-20,après-midi,,,21,21577,1,1,3,3,3,Départementale,50.0,1
202400007185,2024-06-04,matin,,,93,93010,1,1,2,4,1,Autoroute,90.0,1
202400007186,2024-07-29,soirée,,,40,40313,1,1,3,4,3,Départementale,70.0,1
202400007187,2024-06-03,après-midi,,,95,95582,1,1,4,4,1,Autoroute,110.0,1
202400007188,2024-10-19,matin,,,40,40233,2,1,1,3,3,Départementale,80.0,1
202400007189,2024-06-04,matin,,,94,94022,1,1,3,4,1,Autoroute,90.0,1
202400007190,2024-10-21,après-midi,,,24,24252,1,1,3,2,3,Départementale,90.0,1
202400007191,2024-06-03,après-midi,,,94,94028,1,1,3,4,1,Autoroute,90.0,1