Num_Acc,date,time_of_day,lat,long,dep,com,lum,atm,col,severity_index,catr,catr_label,vma,surf
202400007192,2024-06-03,après-midi,,,94,94017,1,1,2,4,1,Autoroute,90.0,1
202400007193,2024-10-19,après-midi,,,28,28199,1,1,1,4,3,Départementale,50.0,1
202400007194,2024-05-16,après-midi,,,44,44109,1,1,6,4,4,Voie communale,50.0,1
202400007195,2024-05-16,matin,,,44,44109,1,1,6,4,4,Voie communale,50.0,1
202400007196,2024-10-21,après-midi,,,30,30089,2,1,4,4,3,Départementale,80.0,1
202400007197,2024-05-16,matin,,,44,44020,1,8,3,4,2,Nationale,90.0,1
202400007198,2024-10-21,matin,,,48,48072,3,1,6,4,3,Départementale,90.0,1
202400007199,2024-09-23,après-midi,,,67,67140,1,8,6,3,1,Autoroute,90.0,2
202400007200,2024-05-02,soirée,,,44,44109,1,8,3,4,4,Voie communale,50.0,1
202400007201,2024-04-24,matin,,,44,44190,1,8,6,4,4,Voie communale,50.0,1
202400007202,2024-04-22,après-midi,,,44,44162,1,8,6,4,4,Voie communale,50.0,1
202400007203,2024-10-21,matin,,,53,53008,2,2,5,4,2,Nationale,80.0,2
202400007204,2024-04-19,matin,,,44,44162,1,8,6,4,4,Voie communale,30.0,1
202400007205,2024-04-19,après-midi,,,44,44109,1,8,6,4,4,Voie communale,50.0,1
202400007206,2024-10-20,matin,,,34,34032,1,1,2,4,1,Autoroute,50.0,1
202400007207,2024-04-18,soirée,,,44,44109,1,1,3,4,4,Voie communale,50.0,1
202400007208,2024-10-20,après-midi,,,69,69007,1,1,1,4,3,Départementale,50.0,1
202400007209,2024-04-15,matin,,,44,44109,1,1,3,4,4,Voie communale,50.0,1
202400007210,2024-10-15,matin,,,988,98814,1,1,6,4,4,Voie communale,90.0,1
202400007211,2024-04-15,matin,,,44,44109,1,8,6,4,4,Voie communale,50.0,1
202400007212,2024-04-14,nuit,,,44,44109,5,8,6,4,4,Voie communale,50.0,1
202400007213,2024-10-20,matin,,,973,97303,1,1,7,4,2,Nationale,50.0,1
202400007214,2024-04-14,matin,,,44,44109,1,1,2,4,4,Voie communale,30.0,1
202400007215,2024-10-19,soirée,,,77,77483,3,2,7,4,3,Départementale,90.0,2
202400007216,2024-06-03,après-midi,,,973,97302,1,1,2,4,4,Voie communale,50.0,1
202400007217,2024-06-02,soirée,,,973,97302,5,1,6,4,4,Voie communale,50.0,1
202400007218,2024-06-03,soirée,,,69,69388,1,1,6,4,4,Voie communale,30.0,1
202400007219,2024-08-12,soirée,,,78,78108,1,1,7,3,3,Départementale,50.0,1
202400007220,2024-06-03,matin,,,69,69382,1,8,2,4,4,Voie communale,50.0,1
202400007221,2024-10-20,après-midi,,,66,66215,1,1,6,4,3,Départementale,80.0,1
202400007222,2024-06-03,matin,,,69,69034,1,1,6,4,7,Autre,50.0,1
202400007223,2024-10-17,soirée,,,83,83023,3,3,6,3,3,Départementale,90.0,3
202400007224,2024-06-01,nuit,,,971,97101,5,1,7,4,3,Départementale,50.0,1
202400007225,2024-10-21,matin,,,05,05181,1,1,6,2,3,Départementale,90.0,1
202400007226,2024-06-02,nuit,,,971,97101,3,3,6,3,3,Départementale,50.0,2
202400007227,2024-06-03,après-midi,,,95,95582,1,1,3,4,3,Départementale,50.0,1
202400007228,2024-10-21,matin,,,25,25505,1,1,3,4,3,Départementale,90.0,1
202400007229,2024-06-03,matin,,,95,95203,1,1,3,4,3,Départementale,50.0,1
202400007230,2024-06-03,matin,,,95,95288,1,1,6,4,4,Voie communale,30.0,1
202400007231,2024-10-18,matin,,,88,88513,1,1,3,3,3,Départementale,80.0,1
202400007232,2024-06-03,matin,,,91,91549,1,1,3,4,3,Départementale,30.0,1
202400007233,2024-10-20,après-midi,,,88,88090,1,1,7,3,2,Nationale,110.0,1
202400007234,2024-06-02,après-midi,,,91,91201,1,1,2,3,3,Départementale,50.0,1
202400007235,2024-10-20,nuit,,,64,64460,4,1,6,4,3,Départementale,50.0,1
202400007236,2024-06-03,après-midi,,,91,91027,1,1,3,4,3,Départementale,50.0,1
202400007237,2024-10-21,nuit,,,60,60342,3,2,6,4,3,Départementale,110.0,2
202400007238,2024-06-03,nuit,,,87,87085,4,1,3,4,4,Voie communale,30.0,1
202400007239,2024-10-20,après-midi,,,13,13212,1,1,2,4,1,Autoroute,70.0,1
202400007240,2024-06-02,soirée,,,87,87085,2,1,2,4,4,Voie communale,50.0,1
202400007241,2024-05-31,soirée,,,87,87085,2,1,3,4,2,Nationale,30.0,1
202400007242,2024-10-20,matin,,,91,91689,1,1,2,4,1,Autoroute,90.0,1
202400007243,2024-06-02,soirée,,,84,84031,1,1,6,4,4,Voie communale,50.0,1
202400007244,2024-10-20,soirée,,,93,93064,3,1,4,4,1,Autoroute,90.0,1
202400007245,2024-10-20,nuit,,,93,93078,3,2,6,4,1,Autoroute,90.0,2
202400007246,2024-06-03,matin,,,84,84007,2,1,3,4,4,Voie communale,50.0,1
202400007247,2024-10-20,nuit,,,92,92078,3,2,6,4,1,Autoroute,90.0,2
202400007248,2024-06-02,après-midi,,,83,83137,1,1,3,4,4,Voie communale,50.0,1
202400007249,2024-06-01,matin,,,83,83129,1,1,6,4,3,Départementale,50.0,1
202400007250,2024-10-20,nuit,,,77,77055,3,1,2,4,1,Autoroute,90.0,1
202400007251,2024-05-31,après-midi,,,83,83129,1,1,3,3,3,Départementale,50.0,1
202400007252,2024-06-02,soirée,,,80,80021,1,1,7,4,3,Départementale,80.0,1
202400007253,2024-10-20,après-midi,,,94,94017,1,1,2,4,1,Autoroute,90.0,1
202400007254,2024-10-19,nuit,,,77,77294,3,1,7,3,1,Autoroute,90.0,1
202400007255,2024-06-03,après-midi,,,78,78551,1,1,5,4,3,Départementale,80.0,1
202400007256,2024-05-31,après-midi,,,73,73121,1,1,3,4,4,Voie communale,50.0,1
202400007257,2024-06-03,après-midi,,,78,78440,1,1,3,4,3,Départementale,,1
202400007258,2024-06-01,après-midi,,,84,84076,1,1,7,2,3,Départementale,50.0,1
202400007259,2024-06-30,matin,,,50,50393,1,8,1,3,3,Départementale,80.0,1
202400007260,2024-10-10,nuit,,,44,44109,5,1,6,4,4,Voie communale,30.0,1
202400007261,2024-10-17,après-midi,,,75,75113,1,1,6,4,4,Voie communale,30.0,1
202400007262,2024-10-08,matin,,,44,44109,1,1,7,4,4,Voie communale,30.0,1
202400007263,2024-10-15,matin,,,84,84007,2,5,2,4,4,Voie communale,50.0,2
202400007264,2024-10-14,matin,,,45,45338,1,8,6,4,4,Voie communale,50.0,1
202400007265,2024-08-19,matin,,,74,74178,1,1,3,4,3,Départementale,80.0,1
202400007266,2024-08-12,matin,,,74,74112,1,1,3,3,4,Voie communale,30.0,1
202400007267,2024-08-17,après-midi,,,74,74010,1,1,3,3,3,Départementale,70.0,1
202400007268,2024-08-10,après-midi,,,74,74140,1,7,3,4,3,Départementale,80.0,1
202400007269,2024-10-18,après-midi,,,69,69386,1,1,1,3,4,Voie communale,30.0,1
202400007270,2024-10-19,matin,,,972,97209,1,1,6,4,2,Nationale,70.0,1
202400007271,2024-10-19,nuit,,,69,69382,5,1,2,4,4,Voie communale,50.0,1
202400007272,2024-10-19,après-midi,,,69,69034,1,1,5,4,4,Voie communale,30.0,1
202400007273,2024-10-19,matin,,,2B,2B033,5,8,3,4,4,Voie communale,30.0,2
202400007274,2024-10-19,matin,,,971,97113,1,1,6,4,4,Voie communale,70.0,1
202400007275,2024-10-19,nuit,,,971,97101,5,1,6,4,2,Nationale,70.0,1
202400007276,2024-10-19,nuit,,,2A,2A004,5,2,3,4,3,Départementale,50.0,2
202400007277,2024-10-19,soirée,,,91,91549,5,2,6,4,3,Départementale,50.0,2
202400007278,2024-10-18,après-midi,,,91,91027,1,1,3,4,3,Départementale,50.0,1
202400007279,2024-10-18,après-midi,,,91,91228,1,2,1,4,4,Voie communale,30.0,2
202400007280,2024-10-18,soirée,,,90,90010,5,1,3,4,3,Départementale,50.0,1
202400007281,2024-10-19,après-midi,,,83,83137,2,7,1,4,3,Départementale,,1
202400007282,2024-10-18,après-midi,,,83,83137,1,8,2,3,3,Départementale,50.0,1
202400007283,2024-10-19,soirée,,,76,76561,5,5,1,4,4,Voie communale,30.0,1
202400007284,2024-10-18,après-midi,,,73,73008,1,1,3,4,3,Départementale,50.0,1
202400007285,2024-10-18,après-midi,,,72,72181,1,1,5,4,4,Voie communale,70.0,1
202400007286,2024-10-19,soirée,,,71,71076,5,1,6,4,4,Voie communale,30.0,1
202400007287,2024-10-18,après-midi,,,70,70550,1,8,6,4,4,Voie communale,50.0,1
202400007288,2024-10-19,après-midi,,,69,69264,1,1,2,4,3,Départementale,,1
202400007289,2024-10-18,après-midi,,,67,67482,1,1,2,4,4,Voie communale,50.0,1
202400007290,2024-10-19,après-midi,,,66,66136,1,1,3,4,3,Départementale,50.0,1
202400007291,2024-10-19,nuit,,,64,64445,5,2,6,4,4,Voie communale,50.0,2
202400007292,2024-10-18,après-midi,,,64,64445,1,2,7,4,3,Départementale,70.0,2
202400007293,2024-10-14,soirée,,,61,61006,1,8,3,4,3,Départementale,50.0,1
202400007294,2024-10-19,soirée,,,59,59152,5,2,1,4,4,Voie communale,50.0,2
202400007295,2024-10-19,soirée,,,59,59378,5,3,6,3,4,Voie communale,30.0,2
202400007296,2024-10-18,soirée,,,59,59009,2,2,1,4,4,Voie communale,50.0,2
202400007297,2024-10-18,après-midi,,,58,58194,1,1,3,4,4,Voie communale,50.0,1
202400007298,2024-10-19,matin,,,54,54395,1,1,3,4,4,Voie communale,50.0,1
202400007299,2024-10-19,matin,,,54,54395,5,2,6,4,4,Voie communale,30.0,2
202400007300,2024-10-19,après-midi,,,51,51230,1,1,6,4,4,Voie communale,50.0,1
202400007301,2024-10-18,nuit,,,51,51230,3,2,6,4,4,Voie communale,50.0,2
202400007302,2024-10-19,après-midi,,,49,49328,1,3,3,4,4,Voie communale,50.0,2
202400007303,2024-10-19,soirée,,,45,45232,5,2,6,4,4,Voie communale,30.0,2
202400007304,2024-10-19,matin,,,44,44109,1,2,6,3,4,Voie communale,30.0,2
202400007305,2024-10-19,nuit,,,37,37261,5,8,1,4,4,Voie communale,50.0,2
202400007306,2024-10-19,nuit,,,37,37261,5,1,3,4,4,Voie communale,50.0,2
202400007307,2024-10-19,après-midi,,,35,35238,1,7,3,4,4,Voie communale,30.0,1
202400007308,2024-10-18,après-midi,,,33,33162,1,1,3,3,4,Voie communale,50.0,1
202400007309,2024-10-19,soirée,,,31,31555,5,1,6,4,4,Voie communale,30.0,1
202400007310,2024-10-19,après-midi,,,31,31555,1,1,1,3,7,Autre,50.0,1
202400007311,2024-10-18,matin,,,29,29039,1,1,7,4,4,Voie communale,50.0,2
202400007312,2024-10-20,nuit,,,27,27299,3,2,6,4,4,Voie communale,50.0,2
202400007313,2024-10-19,après-midi,,,19,19031,1,8,1,4,4,Voie communale,,1
202400007314,2024-10-20,nuit,,,17,17306,3,8,6,4,6,Autre,15.0,9
202400007315,2024-10-18,après-midi,,,14,14101,1,1,1,3,4,Voie communale,50.0,1
202400007316,2024-10-19,soirée,,,13,13206,5,1,3,4,4,Voie communale,50.0,1
202400007317,2024-10-19,après-midi,,,13,13213,1,1,3,3,4,Voie communale,50.0,1
202400007318,2024-10-19,matin,,,13,13208,1,1,3,4,4,Voie communale,50.0,1
202400007319,2024-10-18,après-midi,,,13,13001,1,1,3,4,3,Départementale,50.0,1
202400007320,2024-10-19,soirée,,,09,09225,1,1,1,4,4,Voie communale,30.0,1
202400007321,2024-10-18,après-midi,,,75,75119,2,1,2,4,4,Voie communale,50.0,1
202400007322,2024-10-19,après-midi,,,75,75119,1,1,4,4,4,Voie communale,30.0,1
202400007323,2024-10-19,matin,,,75,75112,1,2,6,4,4,Voie communale,30.0,2
202400007324,2024-10-19,après-midi,,,75,75111,1,1,6,4,4,Voie communale,30.0,1
202400007325,2024-10-19,nuit,,,75,75111,5,1,2,4,4,Voie communale,30.0,1
202400007326,2024-10-19,nuit,,,75,75111,5,1,2,4,4,Voie communale,50.0,1
202400007327,2024-10-19,matin,,,75,75110,5,1,6,4,4,Voie communale,30.0,1
202400007328,2024-10-19,après-midi,,,75,75109,1,1,7,4,4,Voie communale,30.0,1
202400007329,2024-10-18,matin,,,75,75109,1,2,3,4,4,Voie communale,30.0,2
202400007330,2024-10-19,nuit,,,94,94067,5,1,3,4,4,Voie communale,50.0,1
202400007331,2024-10-19,nuit,,,94,94081,5,1,3,4,3,Départementale,30.0,1
202400007332,2024-10-19,soirée,,,94,94004,2,2,7,4,4,Voie communale,50.0,2
202400007333,2024-10-19,soirée,,,93,93078,5,2,2,4,4,Voie communale,50.0,2
202400007334,2024-10-19,après-midi,,,93,93005,1,1,3,4,3,Départementale,50.0,1
202400007335,2024-10-19,après-midi,,,93,93048,1,2,3,4,4,Voie communale,30.0,2
202400007336,2024-10-19,après-midi,,,93,93048,1,2,3,4,3,Départementale,50.0,2
202400007337,2024-10-19,nuit,,,93,93006,5,1,3,4,4,Voie communale,30.0,1
202400007338,2024-10-19,soirée,,,93,93001,5,2,1,4,4,Voie communale,,2
202400007339,2024-10-19,matin,,,92,92078,1,1,1,4,3,Départementale,50.0,1
202400007340,2024-10-19,après-midi,,,92,92040,1,8,3,4,3,Départementale,50.0,1
202400007341,2024-10-18,matin,,,92,92004,1,1,3,3,3,Départementale,50.0,1
202400007342,2024-10-19,matin,,,42,42162,1,1,2,4,3,Départementale,80.0,1
202400007343,2024-10-19,soirée,,,57,57434,5,1,6,2,3,Départementale,80.0,1
202400007344,2024-10-19,matin,,,14,14061,1,2,3,4,3,Départementale,80.0,2
202400007345,2024-10-20,après-midi,,,974,97413,1,1,6,3,2,Nationale,80.0,1
202400007346,2024-10-15,après-midi,,,59,59562,1,1,3,4,3,Départementale,80.0,1
202400007347,2024-10-13,matin,,,81,81288,1,1,6,3,3,Départementale,80.0,1
202400007348,2024-10-19,après-midi,,,81,81171,1,1,1,4,1,Autoroute,130.0,1
202400007349,2024-10-19,soirée,,,11,11327,3,1,1,4,3,Départementale,80.0,1
202400007350,2024-10-20,soirée,,,71,71208,5,1,3,4,3,Départementale,50.0,1
202400007351,2024-10-20,après-midi,,,63,63211,1,1,7,4,3,Départementale,90.0,1
202400007352,2024-10-19,nuit,,,49,49323,3,2,6,2,3,Départementale,80.0,2
202400007353,2024-10-20,après-midi,,,12,12093,1,1,6,3,3,Départementale,90.0,1
202400007354,2024-10-20,nuit,,,35,35302,3,2,6,4,4,Voie communale,70.0,2
202400007355,2024-10-20,nuit,,,29,29249,4,3,6,3,4,Voie communale,70.0,2
202400007356,2024-10-10,matin,,,29,29075,1,8,6,4,4,Voie communale,,1
202400007357,2024-10-20,soirée,,,38,38408,2,1,3,4,3,Départementale,50.0,1
202400007358,2024-10-19,soirée,,,38,38384,5,1,6,4,3,Départementale,50.0,1
202400007359,2024-10-19,après-midi,,,01,01433,1,1,7,4,4,Voie communale,50.0,1
202400007360,2024-10-19,nuit,,,01,01317,3,9,6,4,4,Voie communale,80.0,2
202400007361,2024-10-19,soirée,,,26,26165,4,1,6,3,2,Nationale,50.0,1
202400007362,2024-10-20,après-midi,,,58,58003,1,1,6,3,4,Voie communale,50.0,2
202400007363,2024-10-20,après-midi,,,50,50533,1,2,7,4,3,Départementale,,2
202400007364,2024-10-20,nuit,,,60,60577,5,5,6,4,2,Nationale,50.0,2
202400007365,2024-10-20,soirée,,,10,10220,2,1,3,4,4,Voie communale,50.0,1
202400007366,2024-10-19,nuit,,,36,36003,3,1,7,3,3,Départementale,80.0,1
202400007367,2024-10-19,nuit,,,21,21317,4,1,3,3,3,Départementale,50.0,2
202400007368,2024-10-19,nuit,,,24,24172,3,1,6,3,3,Départementale,80.0,1
202400007369,2024-10-19,après-midi,,,37,37099,1,3,1,3,3,Départementale,90.0,2
202400007370,2024-10-19,nuit,,,52,52062,3,5,6,4,3,Départementale,90.0,2
202400007371,2024-03-21,nuit,,,60,60245,3,1,7,4,4,Voie communale,80.0,2
202400007372,2024-03-21,après-midi,,,64,64256,1,1,3,3,3,Départementale,80.0,1
202400007373,2024-03-16,après-midi,,,73,73010,1,1,1,3,3,Départementale,80.0,1
202400007374,2024-03-20,soirée,,,40,40152,1,1,3,4,3,Départementale,80.0,1
202400007375,2024-03-01,après-midi,,,04,04209,1,1,5,4,3,Départementale,80.0,1
202400007376,2024-03-20,après-midi,,,87,87117,1,1,6,3,3,Départementale,80.0,1
202400007377,2024-03-21,après-midi,,,52,52484,1,7,7,4,3,Départementale,90.0,1
202400007378,2024-03-20,après-midi,,,08,08162,1,1,6,3,3,Départementale,80.0,1
202400007379,2024-03-20,après-midi,,,88,88516,1,7,6,3,4,Voie communale,50.0,1
202400007380,2024-03-10,après-midi,,,04,04091,1,4,5,3,1,Autoroute,110.0,7
202400007381,2024-03-06,après-midi,,,38,38193,1,1,3,3,4,Voie communale,50.0,1
202400007382,2024-03-21,après-midi,,,13,13051,1,1,3,4,3,Départementale,80.0,1
202400007383,2024-03-21,après-midi,,,95,95042,1,1,3,3,3,Départementale,50.0,1
202400007384,2024-03-20,soirée,,,95,95353,1,1,3,4,2,Nationale,50.0,1
202400007385,2024-03-20,après-midi,,,33,33122,1,1,2,4,1,Autoroute,130.0,1
202400007386,2024-02-21,après-midi,,,36,36057,1,1,6,3,1,Autoroute,50.0,1
202400007387,2024-03-18,nuit,,,36,36134,3,1,6,4,1,Autoroute,90.0,1
202400007388,2024-03-18,après-midi,,,13,13103,1,1,1,4,5,Autre,50.0,1
202400007389,2024-03-21,nuit,,,988,98827,3,3,7,4,2,Nationale,110.0,2
202400007390,2024-03-19,après-midi,,,37,37210,1,1,7,4,9,Autre,50.0,1
202400007391,2024-03-14,matin,,,91,91179,2,1,6,3,4,Voie communale,50.0,1
202400007392,2024-03-19,nuit,,,66,66164,3,1,6,3,3,Départementale,80.0,1
202400007393,2024-03-21,après-midi,,,84,84092,1,1,4,4,3,Départementale,90.0,1
202400007394,2024-03-20,après-midi,,,70,70446,1,7,1,3,3,Départementale,90.0,1
202400007395,2024-03-20,après-midi,,,63,63038,1,1,7,3,3,Départementale,50.0,1
202400007396,2024-03-06,matin,,,38,38071,1,1,3,3,4,Voie communale,30.0,1
202400007397,2024-03-20,nuit,,,33,33248,3,1,7,3,4,Voie communale,80.0,1
202400007398,2024-03-20,après-midi,,,33,33274,1,1,6,4,3,Départementale,30.0,1
202400007399,2024-03-20,soirée,,,44,44073,3,1,6,2,3,Départementale,80.0,1
202400007400,2024-03-19,matin,,,14,14332,2,1,3,4,3,Départementale,50.0,1
202400007401,2024-03-20,après-midi,,,59,59120,1,1,2,3,3,Départementale,80.0,1
202400007402,2024-03-20,après-midi,,,13,13216,1,1,2,4,1,Autoroute,90.0,1
202400007403,2024-03-20,matin,,,91,91477,1,1,7,4,1,Autoroute,70.0,1
202400007404,2024-03-20,matin,,,94,94076,1,1,5,4,1,Autoroute,90.0,1
202400007405,2024-03-19,après-midi,,,92,92036,1,1,6,4,1,Autoroute,70.0,1
202400007406,2024-03-20,matin,,,93,93053,1,1,2,4,1,Autoroute,70.0,1
202400007407,2024-03-18,soirée,,,95,95450,1,1,6,4,4,Voie communale,70.0,1
202400007408,2024-03-20,matin,,,988,98818,1,1,2,4,4,Voie communale,50.0,1
202400007409,2024-03-18,après-midi,,,987,98735,1,1,2,4,4,Voie communale,50.0,1
202400007410,2024-03-19,après-midi,,,974,97411,1,1,7,4,4,Voie communale,50.0,1
202400007411,2024-03-19,après-midi,,,973,97309,1,1,6,4,3,Départementale,50.0,1
202400007412,2024-03-19,nuit,,,972,97213,2,1,6,4,3,Départementale,70.0,1
202400007413,2024-03-19,matin,,,69,69152,1,1,6,4,6,Autre,30.0,1
202400007414,2024-03-18,après-midi,,,69,69389,1,1,3,4,4,Voie communale,30.0,1
202400007415,2024-03-19,matin,,,2A,2A004,1,1,6,4,4,Voie communale,50.0,1
202400007416,2024-03-19,matin,,,2A,2A004,1,1,4,4,2,Nationale,90.0,1
202400007417,2024-03-19,matin,,,2A,2A004,1,1,6,4,4,Voie communale,50.0,1
202400007418,2024-03-19,après-midi,,,91,91477,1,1,6,4,4,Voie communale,50.0,1
202400007419,2024-03-19,après-midi,,,91,91471,1,1,1,4,3,Départementale,50.0,1
202400007420,2024-03-19,matin,,,91,91174,1,1,6,4,4,Voie communale,50.0,1
202400007421,2024-03-18,après-midi,,,86,86066,1,1,3,4,3,Départementale,30.0,1
202400007422,2024-03-18,nuit,,,84,84007,5,1,3,4,4,Voie communale,50.0,1
202400007423,2024-03-19,après-midi,,,83,83137,1,1,3,4,3,Départementale,30.0,1
202400007424,2024-03-15,matin,,,83,83123,1,1,3,3,3,Départementale,50.0,1
202400007425,2024-02-12,après-midi,,,83,83118,1,1,6,3,4,Voie communale,50.0,1
202400007426,2024-03-19,soirée,,,81,81065,1,1,6,3,4,Voie communale,50.0,1
202400007427,2024-03-19,soirée,,,80,80021,1,1,6,3,4,Voie communale,50.0,1
202400007428,2024-03-19,matin,,,80,80021,1,1,2,4,4,Voie communale,50.0,1
202400007429,2024-03-16,nuit,,,80,80021,3,1,7,2,9,Autre,20.0,1
202400007430,2024-03-17,nuit,,,78,78674,3,1,6,2,3,Départementale,90.0,1
202400007431,2024-03-19,matin,,,78,78498,1,1,3,3,3,Départementale,50.0,1
202400007432,2024-03-19,soirée,,,76,76540,5,1,6,4,4,Voie communale,50.0,1
202400007433,2024-03-19,matin,,,76,76540,1,1,3,4,4,Voie communale,50.0,1
202400007434,2024-03-15,après-midi,,,76,76447,1,1,1,4,4,Voie communale,50.0,1
202400007435,2024-03-19,après-midi,,,74,74010,1,1,3,4,4,Voie communale,30.0,1
202400007436,2024-03-19,après-midi,,,71,71270,1,1,1,3,4,Voie communale,50.0,1
202400007437,2024-03-19,soirée,,,69,69266,5,1,3,3,4,Voie communale,30.0,1
202400007438,2024-03-18,soirée,,,69,69290,1,1,3,4,4,Voie communale,50.0,1
202400007439,2024-03-19,matin,,,67,67482,1,1,3,4,4,Voie communale,50.0,1
202400007440,2024-03-18,après-midi,,,67,67267,1,1,6,4,4,Voie communale,50.0,1
202400007441,2024-03-19,matin,,,64,64445,1,1,3,3,4,Voie communale,30.0,1
202400007442,2024-03-19,matin,,,64,64102,1,1,7,4,4,Voie communale,30.0,2
202400007443,2024-03-19,après-midi,,,62,62895,1,1,3,3,4,Voie communale,50.0,1
202400007444,2024-03-19,après-midi,,,62,62244,1,1,1,4,4,Voie communale,50.0,1
202400007445,2024-03-19,après-midi,,,59,59009,1,1,3,4,7,Autre,70.0,1
202400007446,2024-03-18,après-midi,,,59,59009,1,7,6,4,4,Voie communale,50.0,1
202400007447,2024-03-18,matin,,,59,59220,1,1,6,4,4,Voie communale,30.0,1
202400007448,2024-03-16,matin,,,58,58194,5,1,6,4,4,Voie communale,50.0,2
202400007449,2024-03-19,matin,,,56,56260,1,1,3,4,4,Voie communale,30.0,1
202400007450,2024-03-18,matin,,,56,56121,2,8,7,4,4,Voie communale,30.0,2
202400007451,2024-03-17,nuit,,,55,55545,5,1,7,4,4,Voie communale,30.0,1
202400007452,2024-03-04,matin,,,55,55545,1,1,7,4,3,Départementale,50.0,1
202400007453,2024-03-18,soirée,,,54,54300,5,2,1,4,4,Voie communale,50.0,2
202400007454,2024-03-18,soirée,,,54,54395,1,2,3,4,4,Voie communale,50.0,2
202400007455,2024-03-18,après-midi,,,54,54395,1,1,6,4,4,Voie communale,30.0,1
202400007456,2024-03-18,matin,,,54,54498,1,2,1,4,7,Autre,80.0,2
202400007457,2024-03-19,soirée,,,54,54323,2,1,3,4,3,Départementale,50.0,1
202400007458,2024-03-19,après-midi,,,54,54227,1,1,3,4,3,Départementale,80.0,1
202400007459,2024-03-16,après-midi,,,50,50129,1,1,6,4,4,Voie communale,50.0,2
202400007460,2024-01-27,nuit,,,49,49099,3,1,6,2,3,Départementale,90.0,1
202400007461,2024-07-05,après-midi,,,17,17306,1,1,3,3,4,Voie communale,30.0,1
202400007462,2024-03-18,soirée,,,49,49246,1,1,4,4,1,Autoroute,130.0,1
202400007463,2024-07-06,matin,,,13,13056,1,1,6,4,3,Départementale,50.0,1
202400007464,2024-03-18,soirée,,,49,49007,2,1,3,4,4,Voie communale,50.0,1
202400007465,2024-07-06,soirée,,,13,13203,1,1,6,4,4,Voie communale,30.0,1
202400007466,2024-03-18,après-midi,,,49,49007,1,1,5,4,3,Départementale,90.0,1
202400007467,2024-07-06,nuit,,,13,13206,5,1,3,4,4,Voie communale,40.0,1
202400007468,2024-07-05,après-midi,,,13,13215,1,1,1,4,4,Voie communale,30.0,1
202400007469,2024-01-28,après-midi,,,46,46224,1,1,3,4,4,Voie communale,50.0,1
202400007470,2024-07-05,soirée,,,13,13063,1,1,3,4,4,Voie communale,50.0,1
202400007471,2024-03-19,après-midi,,,44,44109,1,1,6,3,4,Voie communale,50.0,1
202400007472,2024-07-06,nuit,,,10,10387,5,1,6,3,4,Voie communale,50.0,1
202400007473,2024-03-18,matin,,,43,43140,1,1,6,4,2,Nationale,90.0,1
202400007474,2024-03-18,après-midi,,,42,42095,1,1,6,4,4,Voie communale,50.0,1
202400007475,2024-07-05,après-midi,,,06,06029,1,1,3,3,4,Voie communale,50.0,1
202400007476,2024-07-06,soirée,,,02,02691,1,1,6,3,4,Voie communale,50.0,1
202400007477,2024-03-19,après-midi,,,41,41018,1,1,4,4,4,Voie communale,50.0,1
202400007478,2024-07-06,matin,,,01,01053,1,2,6,4,4,Voie communale,50.0,2
202400007479,2024-03-18,après-midi,,,40,40192,1,7,3,3,4,Voie communale,50.0,1
202400007480,2024-03-18,soirée,,,40,40088,1,1,7,2,4,Voie communale,50.0,1
202400007481,2024-07-06,après-midi,,,75,75119,1,1,3,4,4,Voie communale,70.0,1
202400007482,2024-02-22,soirée,,,40,40279,2,1,6,3,3,Départementale,50.0,2
202400007483,2024-07-06,matin,,,75,75120,1,1,6,4,4,Voie communale,70.0,1
202400007484,2024-03-19,matin,,,37,37261,1,1,3,4,4,Voie communale,50.0,1
202400007485,2024-07-06,après-midi,,,75,75120,1,1,3,4,4,Voie communale,30.0,1
202400007486,2024-02-16,nuit,,,35,35115,5,1,7,4,4,Voie communale,30.0,1
202400007487,2024-07-05,après-midi,,,75,75116,1,1,6,4,4,Voie communale,30.0,1
202400007488,2024-03-19,soirée,,,33,33063,5,1,3,4,4,Voie communale,30.0,1
202400007489,2024-07-06,nuit,,,75,75110,5,1,3,4,4,Voie communale,30.0,1
202400007490,2024-07-06,soirée,,,75,75109,1,1,3,4,4,Voie communale,30.0,1
202400007491,2024-07-06,après-midi,,,75,75109,1,1,6,4,4,Voie communale,30.0,1
202400007492,2024-03-19,soirée,,,33,33063,1,1,3,4,4,Voie communale,30.0,1
202400007493,2024-07-06,nuit,,,75,75115,5,1,3,4,4,Voie communale,30.0,1
202400007494,2024-03-19,soirée,,,33,33249,1,1,3,4,4,Voie communale,50.0,1
202400007495,2024-07-06,soirée,,,75,75101,1,1,7,4,4,Voie communale,25.0,1
202400007496,2024-07-06,soirée,,,94,94041,2,1,2,4,4,Voie communale,50.0,1
202400007497,2024-07-06,nuit,,,94,94033,3,1,6,4,3,Départementale,30.0,1
202400007498,2024-07-05,matin,,,94,94054,1,1,2,4,9,Autre,30.0,1
202400007499,2024-03-19,matin,,,31,31555,1,1,3,3,4,Voie communale,50.0,1
202400007500,2024-07-06,soirée,,,93,93027,1,1,3,4,3,Départementale,50.0,1
202400007501,2024-03-19,après-midi,,,25,25056,1,1,6,4,4,Voie communale,50.0,1
202400007502,2024-03-18,matin,,,22,22113,1,1,2,4,3,Départementale,80.0,1
202400007503,2024-07-06,après-midi,,,93,93047,1,1,3,3,4,Voie communale,,1