Num_Acc,date,time_of_day,lat,long,dep,com,lum,atm,col,severity_index,catr,catr_label,vma,surf
202400007504,2024-07-06,nuit,,,92,92051,5,1,3,4,4,Voie communale,50.0,1
202400007505,2024-03-19,nuit,,,16,16102,3,1,2,4,4,Voie communale,30.0,1
202400007506,2024-07-06,après-midi,,,92,92049,1,1,3,4,4,Voie communale,50.0,1
202400007507,2024-07-06,soirée,,,92,92044,1,1,7,4,4,Voie communale,30.0,1
202400007508,2024-03-19,après-midi,,,14,14118,1,1,2,4,4,Voie communale,50.0,1
202400007509,2024-07-06,après-midi,,,92,92035,1,1,6,4,3,Départementale,50.0,1
202400007510,2024-03-19,soirée,,,13,13117,3,1,2,4,3,Départementale,90.0,1
202400007511,2024-07-06,soirée,,,92,92012,1,1,3,4,4,Voie communale,50.0,1
202400007512,2024-07-06,après-midi,,,92,92012,1,1,3,4,4,Voie communale,30.0,1
202400007513,2024-03-18,après-midi,,,13,13207,1,1,3,4,4,Voie communale,50.0,1
202400007514,2024-03-19,après-midi,,,06,06088,1,1,6,4,4,Voie communale,50.0,1
202400007515,2024-07-06,matin,,,976,97617,1,1,1,2,3,Départementale,50.0,1
202400007516,2024-03-18,après-midi,,,06,06069,1,1,3,4,3,Départementale,50.0,1
202400007517,2024-07-06,nuit,,,40,40291,2,1,2,3,1,Autoroute,130.0,1
202400007518,2024-03-19,matin,,,06,06029,1,1,2,4,4,Voie communale,50.0,1
202400007519,2024-06-28,matin,,,59,59616,1,1,1,4,3,Départementale,50.0,1
202400007520,2024-07-07,nuit,,,06,06114,5,1,6,2,7,Autre,50.0,1
202400007521,2024-03-19,soirée,,,75,75113,2,1,3,4,4,Voie communale,70.0,1
202400007522,2024-07-07,après-midi,,,40,40065,1,1,6,3,4,Voie communale,50.0,1
202400007523,2024-03-18,après-midi,,,75,75115,1,1,2,4,4,Voie communale,70.0,1
202400007524,2024-07-07,nuit,,,81,81139,3,1,6,3,3,Départementale,80.0,2
202400007525,2024-03-19,après-midi,,,75,75116,1,1,7,4,4,Voie communale,70.0,1
202400007526,2024-07-07,matin,,,68,68227,1,1,3,4,3,Départementale,80.0,1
202400007527,2024-03-18,après-midi,,,75,75120,1,1,6,3,4,Voie communale,30.0,1
202400007528,2024-07-07,soirée,,,974,97401,5,1,2,3,3,Départementale,50.0,1
202400007529,2024-03-19,après-midi,,,75,75106,1,1,6,4,4,Voie communale,30.0,1
202400007530,2024-07-06,nuit,,,972,97225,5,2,6,3,3,Départementale,30.0,2
202400007531,2024-03-19,soirée,,,75,75120,5,1,6,4,4,Voie communale,30.0,1
202400007532,2024-07-07,soirée,,,11,11067,1,1,6,3,3,Départementale,80.0,1
202400007533,2024-03-19,après-midi,,,75,75118,1,1,3,4,4,Voie communale,30.0,1
202400007534,2024-07-07,après-midi,,,01,01109,1,1,3,3,3,Départementale,110.0,1
202400007535,2024-07-07,nuit,,,971,97109,5,2,6,3,2,Nationale,80.0,2
202400007536,2024-03-19,après-midi,,,75,75118,1,1,3,4,4,Voie communale,30.0,1
202400007537,2024-07-06,soirée,,,42,42036,1,2,6,4,7,Autre,80.0,2
202400007538,2024-07-07,matin,,,51,51238,1,1,7,3,3,Départementale,90.0,1
202400007539,2024-03-19,soirée,,,75,75117,5,1,7,4,4,Voie communale,50.0,1
202400007540,2024-07-07,après-midi,,,77,77026,1,1,7,4,3,Départementale,80.0,1
202400007541,2024-03-19,après-midi,,,75,75117,1,1,6,4,4,Voie communale,30.0,1
202400007542,2024-03-19,matin,,,75,75117,1,1,6,4,4,Voie communale,30.0,1
202400007543,2024-03-19,matin,,,75,75114,1,1,7,4,4,Voie communale,30.0,1
202400007544,2024-07-07,matin,,,80,80762,1,1,3,3,3,Départementale,80.0,1
202400007545,2024-07-07,après-midi,,,63,63168,1,1,7,4,9,Autre,30.0,9
202400007546,2024-03-19,après-midi,,,75,75113,1,1,6,4,4,Voie communale,30.0,1
202400007547,2024-07-06,nuit,,,61,61061,3,2,6,4,3,Départementale,70.0,2
202400007548,2024-03-19,soirée,,,75,75108,5,1,6,4,4,Voie communale,30.0,1
202400007549,2024-07-06,matin,,,49,49018,1,2,7,4,3,Départementale,,2
202400007550,2024-03-19,matin,,,75,75108,1,1,4,4,4,Voie communale,50.0,1
202400007551,2024-07-07,soirée,,,12,12066,1,1,6,3,3,Départementale,30.0,1
202400007552,2024-07-07,après-midi,,,39,39177,1,1,6,3,3,Départementale,50.0,1
202400007553,2024-03-19,matin,,,75,75106,1,1,6,4,4,Voie communale,30.0,1
202400007554,2024-07-07,après-midi,,,44,44072,1,1,1,3,3,Départementale,80.0,1
202400007555,2024-03-19,après-midi,,,75,75104,1,1,6,3,4,Voie communale,30.0,1
202400007556,2024-07-06,après-midi,,,44,44072,1,1,3,3,3,Départementale,80.0,1
202400007557,2024-03-19,après-midi,,,75,75104,1,1,6,4,4,Voie communale,30.0,1
202400007558,2024-07-06,nuit,,,35,35302,4,1,6,3,3,Départementale,50.0,1
202400007559,2024-03-18,soirée,,,94,94078,1,1,5,4,2,Nationale,50.0,1
202400007560,2024-07-07,matin,,,29,29162,1,1,3,3,3,Départementale,50.0,1
202400007561,2024-07-06,nuit,,,29,29048,1,1,7,3,3,Départementale,,1
202400007562,2024-03-19,matin,,,94,94003,1,1,6,4,4,Voie communale,30.0,1
202400007563,2024-07-06,matin,,,31,31574,1,1,6,4,3,Départementale,110.0,1
202400007564,2024-03-18,soirée,,,94,94028,3,1,6,4,4,Voie communale,30.0,1
202400007565,2024-07-07,après-midi,,,38,38417,1,1,6,3,3,Départementale,90.0,1
202400007566,2024-03-19,après-midi,,,94,94054,1,1,2,4,3,Départementale,50.0,1
202400007567,2024-07-06,après-midi,,,01,01216,1,3,6,4,3,Départementale,70.0,2
202400007568,2024-03-19,matin,,,94,94054,1,1,2,4,4,Voie communale,,1
202400007569,2024-07-04,matin,,,26,26063,1,7,6,2,3,Départementale,50.0,1
202400007570,2024-03-18,soirée,,,93,93070,2,1,3,3,3,Départementale,50.0,1
202400007571,2024-03-19,soirée,,,93,93064,2,1,3,4,3,Départementale,50.0,1
202400007572,2024-07-07,nuit,,,72,72100,3,1,7,2,3,Départementale,80.0,1
202400007573,2024-03-19,après-midi,,,93,93064,1,1,3,4,4,Voie communale,30.0,1
202400007574,2024-07-07,après-midi,,,06,06119,1,1,1,4,7,Autre,80.0,1
202400007575,2024-03-19,après-midi,,,93,93055,1,1,6,4,3,Départementale,30.0,1
202400007576,2024-07-02,nuit,,,45,45098,3,1,1,4,3,Départementale,80.0,1
202400007577,2024-03-19,après-midi,,,93,93051,1,1,6,4,3,Départementale,,1
202400007578,2024-07-06,après-midi,,,64,64010,1,2,1,3,3,Départementale,80.0,2
202400007579,2024-03-19,nuit,,,93,93048,3,1,3,4,3,Départementale,50.0,1
202400007580,2024-03-19,matin,,,93,93032,1,1,3,4,3,Départementale,50.0,1
202400007581,2024-07-07,matin,,,73,73100,1,1,3,4,3,Départementale,50.0,1
202400007582,2024-03-19,soirée,,,93,93010,5,1,3,3,3,Départementale,50.0,1
202400007583,2024-07-07,nuit,,,36,36194,3,1,6,4,3,Départementale,80.0,1
202400007584,2024-03-18,matin,,,93,93007,1,1,6,4,4,Voie communale,30.0,1
202400007585,2024-07-05,soirée,,,53,53211,2,1,6,4,9,Autre,50.0,1
202400007586,2024-03-19,après-midi,,,92,92064,1,1,4,4,3,Départementale,50.0,1
202400007587,2024-07-06,soirée,,,85,85029,1,1,7,3,3,Départementale,80.0,1
202400007588,2024-07-06,après-midi,,,17,17024,1,1,7,3,3,Départementale,80.0,1
202400007589,2024-03-19,matin,,,92,92064,1,1,6,4,3,Départementale,50.0,1
202400007590,2024-07-07,après-midi,,,52,52194,1,8,7,4,3,Départementale,90.0,9
202400007591,2024-03-18,après-midi,,,92,92020,1,1,6,4,3,Départementale,20.0,1
202400007592,2024-03-18,soirée,,,92,92036,5,1,6,4,3,Départementale,50.0,1
202400007593,2024-07-06,après-midi,,,973,97309,1,1,1,4,4,Voie communale,50.0,1
202400007594,2024-07-06,matin,,,72,72339,1,1,6,3,1,Autoroute,130.0,1
202400007595,2024-03-19,matin,,,92,92012,1,1,6,4,3,Départementale,50.0,1
202400007596,2024-07-06,après-midi,,,89,89378,1,1,6,4,1,Autoroute,,1
202400007597,2024-03-19,matin,,,92,92004,1,1,6,4,3,Départementale,50.0,1
202400007598,2024-03-19,soirée,,,24,24521,3,1,3,3,2,Nationale,50.0,1
202400007599,2024-06-06,après-midi,,,34,34270,1,1,3,3,1,Autoroute,90.0,1
202400007600,2024-07-07,soirée,,,974,97417,2,1,7,3,2,Nationale,50.0,1
202400007601,2024-07-05,nuit,,,973,97312,5,3,1,4,4,Voie communale,50.0,2
202400007602,2024-07-06,soirée,,,29,29233,1,1,7,4,4,Voie communale,30.0,1
202400007603,2024-03-19,après-midi,,,12,12053,1,1,2,2,3,Départementale,90.0,1
202400007604,2024-07-06,nuit,,,91,91654,2,1,3,4,3,Départementale,90.0,1
202400007605,2024-03-10,soirée,,,83,83085,3,2,1,4,3,Départementale,70.0,2
202400007606,2024-07-06,nuit,,,91,91226,3,1,7,4,4,Voie communale,50.0,1
202400007607,2024-03-20,après-midi,,,11,11041,1,1,3,3,3,Départementale,80.0,1
202400007608,2024-07-06,soirée,,,66,66175,5,3,6,3,4,Voie communale,50.0,2
202400007609,2024-03-20,matin,,,83,83070,1,1,6,4,4,Voie communale,50.0,1
202400007610,2024-07-07,matin,,,84,84068,1,1,1,4,3,Départementale,80.0,1
202400007611,2024-03-19,après-midi,,,24,24553,1,1,2,3,3,Départementale,80.0,1
202400007612,2024-07-06,après-midi,,,06,06057,1,1,1,4,3,Départementale,80.0,1
202400007613,2024-03-20,après-midi,,,59,59159,1,1,1,3,4,Voie communale,50.0,1
202400007614,2024-07-07,matin,,,54,54364,1,1,7,4,3,Départementale,80.0,9
202400007615,2024-03-20,soirée,,,80,80620,3,1,6,3,3,Départementale,80.0,1
202400007616,2024-07-07,après-midi,,,42,42147,1,1,1,3,4,Voie communale,,1
202400007617,2024-03-19,après-midi,,,80,80215,1,7,1,4,3,Départementale,50.0,1
202400007618,2024-03-19,matin,,,82,82079,1,1,1,3,3,Départementale,70.0,1
202400007619,2024-07-06,nuit,,,07,07042,3,3,1,4,3,Départementale,70.0,2
202400007620,2024-03-11,après-midi,,,42,42149,1,1,6,4,3,Départementale,50.0,1
202400007621,2024-07-07,matin,,,01,01249,1,1,6,4,4,Voie communale,50.0,1
202400007622,2024-03-20,matin,,,46,46131,1,1,3,3,3,Départementale,50.0,1
202400007623,2024-07-07,matin,,,60,60116,1,1,1,4,4,Voie communale,,1
202400007624,2024-03-19,soirée,,,68,68258,2,1,2,4,3,Départementale,80.0,1
202400007625,2024-03-18,nuit,,,29,29207,3,1,6,3,3,Départementale,50.0,1
202400007626,2024-07-07,nuit,,,80,80541,3,1,1,2,3,Départementale,90.0,1
202400007627,2024-03-20,après-midi,,,15,15261,1,1,2,4,3,Départementale,50.0,1
202400007628,2024-07-07,après-midi,,,80,80002,1,1,2,4,1,Autoroute,130.0,1
202400007629,2024-03-18,après-midi,,,70,70363,1,1,3,4,3,Départementale,50.0,1
202400007630,2024-03-20,après-midi,,,06,06090,1,1,1,4,3,Départementale,30.0,1
202400007631,2024-07-06,soirée,,,62,62865,1,1,6,2,3,Départementale,,1
202400007632,2024-03-17,matin,,,10,10055,1,1,6,3,4,Voie communale,50.0,1
202400007633,2024-07-07,nuit,,,59,59379,3,1,3,4,3,Départementale,80.0,1
202400007634,2024-03-18,nuit,,,24,24197,3,1,6,3,4,Voie communale,70.0,1
202400007635,2024-07-05,nuit,,,13,13106,3,1,3,4,1,Autoroute,90.0,1
202400007636,2024-03-19,après-midi,,,27,27129,1,1,2,3,3,Départementale,70.0,1
202400007637,2024-07-02,nuit,,,13,13215,3,1,2,4,1,Autoroute,90.0,1
202400007638,2024-03-20,matin,,,37,37085,1,1,1,3,3,Départementale,80.0,1
202400007639,2024-07-05,après-midi,,,13,13212,1,1,7,4,1,Autoroute,70.0,1
202400007640,2024-03-19,après-midi,,,24,24168,1,1,3,3,2,Nationale,80.0,1
202400007641,2024-07-05,soirée,,,91,91617,1,1,2,4,2,Nationale,90.0,1
202400007642,2024-03-20,matin,,,06,06030,1,1,4,4,1,Autoroute,110.0,1
202400007643,2024-07-05,après-midi,,,91,91617,1,1,2,4,2,Nationale,90.0,1
202400007644,2024-07-06,matin,,,92,92050,2,1,6,4,1,Autoroute,50.0,1
202400007645,2024-03-18,après-midi,,,86,86123,1,1,2,3,1,Autoroute,130.0,1
202400007646,2024-07-05,nuit,,,93,93064,3,1,2,4,1,Autoroute,90.0,1
202400007647,2024-03-19,après-midi,,,987,98722,1,2,1,3,3,Départementale,60.0,2
202400007648,2024-03-19,matin,,,971,97128,1,1,2,4,3,Départementale,80.0,1
202400007649,2024-07-05,soirée,,,95,95500,1,1,5,4,1,Autoroute,90.0,1
202400007650,2024-03-20,nuit,,,2B,2B313,3,1,7,4,3,Départementale,70.0,1
202400007651,2024-07-05,soirée,,,93,93048,1,1,2,4,1,Autoroute,90.0,1
202400007652,2024-03-19,soirée,,,34,34017,2,1,6,2,3,Départementale,90.0,1
202400007653,2024-07-05,soirée,,,95,95572,1,1,3,4,2,Nationale,90.0,1
202400007654,2024-07-06,matin,,,94,94028,1,1,6,3,1,Autoroute,50.0,1
202400007655,2024-03-20,soirée,,,01,01249,1,1,1,2,3,Départementale,70.0,1
202400007656,2024-07-05,matin,,,93,93051,1,1,6,4,1,Autoroute,110.0,1
202400007657,2024-03-17,nuit,,,09,09331,5,1,6,3,3,Départementale,50.0,1
202400007658,2024-07-05,après-midi,,,988,98818,1,8,6,4,4,Voie communale,50.0,1
202400007659,2024-03-19,soirée,,,33,33438,5,1,3,4,3,Départementale,50.0,1
202400007660,2024-07-03,après-midi,,,974,97411,1,1,2,4,2,Nationale,90.0,1
202400007661,2024-03-19,soirée,,,35,35072,2,1,3,4,3,Départementale,70.0,1
202400007662,2024-07-05,après-midi,,,974,97407,1,1,6,3,4,Voie communale,50.0,1
202400007663,2024-03-20,matin,,,76,76343,1,1,3,3,3,Départementale,80.0,1
202400007664,2024-07-05,matin,,,69,69387,1,1,3,4,4,Voie communale,30.0,1
202400007665,2024-07-05,matin,,,972,97213,1,1,4,4,1,Autoroute,90.0,1
202400007666,2024-03-19,soirée,,,60,60575,2,1,5,4,3,Départementale,80.0,1
202400007667,2024-03-19,soirée,,,80,80479,5,1,6,2,3,Départementale,50.0,1
202400007668,2024-07-02,matin,,,69,69202,1,1,2,3,4,Voie communale,50.0,1
202400007669,2024-03-18,après-midi,,,13,13210,1,1,6,4,1,Autoroute,50.0,9
202400007670,2024-07-05,après-midi,,,971,97120,1,1,7,4,4,Voie communale,30.0,1
202400007671,2024-03-17,soirée,,,13,13071,3,1,6,4,1,Autoroute,90.0,1
202400007672,2024-07-05,matin,,,971,97101,1,1,6,4,2,Nationale,110.0,1
202400007673,2024-03-19,après-midi,,,33,33122,1,1,2,4,1,Autoroute,110.0,1
202400007674,2024-07-04,après-midi,,,971,97101,1,1,2,4,4,Voie communale,70.0,1
202400007675,2024-03-15,matin,,,59,59478,1,2,4,4,1,Autoroute,130.0,2
202400007676,2024-06-28,après-midi,,,971,97120,1,1,2,4,4,Voie communale,50.0,1
202400007677,2024-07-05,après-midi,,,2A,2A004,1,1,6,4,4,Voie communale,50.0,1
202400007678,2024-07-05,après-midi,,,95,95563,1,1,3,4,4,Voie communale,50.0,1
202400007679,2024-07-05,matin,,,91,91103,1,1,3,4,4,Voie communale,50.0,1
202400007680,2024-07-04,matin,,,91,91201,1,1,6,4,3,Départementale,50.0,1
202400007681,2024-07-06,nuit,,,91,91687,5,1,2,4,3,Départementale,50.0,1
202400007682,2024-07-06,nuit,,,91,91027,5,1,2,4,3,Départementale,50.0,1
202400007683,2024-07-03,nuit,,,91,91027,5,1,3,4,2,Nationale,50.0,1
202400007684,2024-07-04,soirée,,,91,91228,1,1,2,4,3,Départementale,50.0,1
202400007685,2024-07-03,après-midi,,,89,89024,1,1,3,3,3,Départementale,50.0,1
202400007686,2024-07-04,soirée,,,87,87085,1,1,6,4,3,Départementale,110.0,1
202400007687,2024-07-04,après-midi,,,87,87038,1,1,3,4,2,Nationale,50.0,1
202400007688,2024-07-02,soirée,,,85,85194,1,1,2,4,4,Voie communale,30.0,1
202400007689,2024-07-05,après-midi,,,84,84031,1,1,2,4,4,Voie communale,50.0,1
202400007690,2024-07-06,nuit,,,84,84007,5,1,6,4,4,Voie communale,50.0,1
202400007691,2024-07-05,après-midi,,,84,84007,1,1,3,4,4,Voie communale,50.0,1
202400007692,2024-07-04,après-midi,,,84,84007,1,1,6,4,4,Voie communale,50.0,1
202400007693,2024-07-05,soirée,,,80,80379,1,1,7,4,3,Départementale,50.0,1
202400007694,2024-07-05,après-midi,,,80,80021,1,1,7,4,4,Voie communale,50.0,1
202400007695,2024-07-05,après-midi,,,80,80021,1,1,7,4,4,Voie communale,50.0,1
202400007696,2024-07-05,nuit,,,78,78621,5,1,4,4,2,Nationale,70.0,1
202400007697,2024-07-05,soirée,,,77,77350,1,1,6,3,3,Départementale,30.0,1
202400007698,2024-07-05,soirée,,,76,76216,1,1,6,3,7,Autre,50.0,1
202400007699,2024-07-04,après-midi,,,69,69029,1,1,6,3,4,Voie communale,50.0,1
202400007700,2024-07-05,après-midi,,,67,67482,1,1,3,4,4,Voie communale,50.0,1
202400007701,2024-07-05,après-midi,,,67,67043,1,1,3,4,7,Autre,50.0,1
202400007702,2024-07-03,soirée,,,65,65440,1,1,3,4,4,Voie communale,50.0,1
202400007703,2024-07-05,soirée,,,64,64129,1,1,6,4,4,Voie communale,50.0,1
202400007704,2024-07-05,soirée,,,64,64129,1,1,3,4,3,Départementale,,1
202400007705,2024-07-05,après-midi,,,64,64445,1,1,3,3,4,Voie communale,50.0,1
202400007706,2024-07-04,soirée,,,64,64269,1,1,4,4,3,Départementale,70.0,1
202400007707,2024-07-04,après-midi,,,64,64122,1,1,3,4,4,Voie communale,30.0,1
202400007708,2024-07-05,après-midi,,,64,64024,1,7,3,3,4,Voie communale,50.0,1
202400007709,2024-07-06,nuit,,,63,63113,5,1,3,3,4,Voie communale,30.0,1
202400007710,2024-07-05,matin,,,62,62758,1,3,6,3,4,Voie communale,50.0,2
202400007711,2024-07-05,après-midi,,,59,59291,1,1,6,4,4,Voie communale,50.0,1
202400007712,2024-07-06,nuit,,,59,59350,5,1,3,4,7,Autre,50.0,1
202400007713,2024-07-05,soirée,,,59,59350,1,8,1,4,4,Voie communale,30.0,1
202400007714,2024-07-04,après-midi,,,56,56162,1,1,6,4,4,Voie communale,30.0,1
202400007715,2024-07-05,après-midi,,,54,54395,1,1,2,4,4,Voie communale,50.0,1
202400007716,2024-07-05,matin,,,54,54304,1,1,2,4,4,Voie communale,50.0,1
202400007717,2024-07-04,après-midi,,,51,51454,1,1,2,4,4,Voie communale,50.0,1
202400007718,2024-07-05,après-midi,,,49,49007,1,1,3,4,4,Voie communale,30.0,1
202400007719,2024-07-05,après-midi,,,49,49007,1,1,2,4,4,Voie communale,50.0,1
202400007720,2024-07-05,après-midi,,,45,45234,1,1,3,4,4,Voie communale,50.0,1
202400007721,2024-07-05,soirée,,,41,41018,1,1,1,4,4,Voie communale,50.0,1
202400007722,2024-07-05,matin,,,41,41018,1,1,6,3,4,Voie communale,30.0,1
202400007723,2024-07-06,nuit,,,38,38185,5,1,1,4,4,Voie communale,30.0,1
202400007724,2024-07-05,soirée,,,37,37233,1,1,1,4,4,Voie communale,50.0,1
202400007725,2024-07-05,soirée,,,37,37233,1,1,2,4,4,Voie communale,50.0,1
202400007726,2024-07-05,après-midi,,,37,37261,1,1,3,4,4,Voie communale,30.0,1
202400007727,2024-07-05,après-midi,,,36,36044,1,1,3,4,4,Voie communale,30.0,1
202400007728,2024-07-05,après-midi,,,35,35051,1,1,3,4,4,Voie communale,50.0,1
202400007729,2024-07-05,après-midi,,,35,35051,1,1,4,4,2,Nationale,90.0,1
202400007730,2024-07-05,après-midi,,,35,35051,1,1,3,4,2,Nationale,90.0,1
202400007731,2024-07-05,soirée,,,33,33281,1,1,2,4,4,Voie communale,50.0,1
202400007732,2024-07-06,nuit,,,29,29019,3,1,2,4,7,Autre,90.0,1
202400007733,2024-07-05,après-midi,,,22,22278,1,1,6,3,4,Voie communale,30.0,1
202400007734,2024-07-02,après-midi,,,22,22113,1,1,4,4,6,Autre,30.0,1
202400007735,2024-07-04,nuit,,,16,16358,5,1,1,3,4,Voie communale,50.0,1
202400007736,2024-07-04,matin,,,15,15014,1,2,7,4,2,Nationale,80.0,2
202400007737,2024-05-06,après-midi,,,14,14118,1,1,3,4,4,Voie communale,50.0,1
202400007738,2024-06-27,nuit,,,13,13077,5,1,6,2,4,Voie communale,50.0,1
202400007739,2024-07-05,soirée,,,13,13214,1,1,1,4,4,Voie communale,50.0,1
202400007740,2024-07-05,nuit,,,13,13208,5,1,3,4,4,Voie communale,50.0,1
202400007741,2024-07-04,soirée,,,13,13207,1,1,3,4,4,Voie communale,50.0,1
202400007742,2024-07-05,matin,,,12,12145,1,1,3,3,3,Départementale,90.0,1
202400007743,2024-07-05,soirée,,,06,06069,1,1,5,4,4,Voie communale,50.0,1
202400007744,2024-07-05,après-midi,,,06,06069,1,1,3,3,3,Départementale,50.0,1
202400007745,2024-07-05,soirée,,,06,06027,1,1,3,4,7,Autre,50.0,1
202400007746,2024-07-05,matin,,,04,04112,1,1,6,4,4,Voie communale,50.0,1
202400007747,2024-07-05,nuit,,,03,03185,5,1,2,3,4,Voie communale,50.0,1
202400007748,2024-07-05,après-midi,,,75,75117,1,1,7,4,4,Voie communale,70.0,1
202400007749,2024-07-04,matin,,,75,75118,1,1,5,4,4,Voie communale,70.0,1
202400007750,2024-07-04,nuit,,,75,75113,5,1,2,4,4,Voie communale,70.0,1
202400007751,2024-07-05,après-midi,,,75,75120,1,1,1,4,4,Voie communale,30.0,1
202400007752,2024-07-04,après-midi,,,75,75120,1,1,1,4,4,Voie communale,,1
202400007753,2024-07-05,nuit,,,75,75116,5,1,3,4,4,Voie communale,30.0,1
202400007754,2024-07-05,après-midi,,,75,75114,1,1,6,4,4,Voie communale,30.0,1
202400007755,2024-07-14,après-midi,,,84,84065,1,1,6,3,4,Voie communale,80.0,1
202400007756,2024-06-17,nuit,,,84,84087,3,1,3,4,4,Voie communale,80.0,1
202400007757,2024-09-13,après-midi,,,987,98735,1,1,1,3,2,Nationale,50.0,1
202400007758,2024-09-14,nuit,,,974,97416,5,1,2,4,4,Voie communale,50.0,1
202400007759,2024-09-14,après-midi,,,974,97416,1,1,2,4,2,Nationale,110.0,1
202400007760,2024-09-14,matin,,,973,97302,1,1,3,4,2,Nationale,50.0,1
202400007761,2024-09-14,nuit,,,69,69386,5,1,1,4,4,Voie communale,30.0,1
202400007762,2024-09-14,nuit,,,69,69382,5,1,6,4,4,Voie communale,50.0,1
202400007763,2024-09-13,après-midi,,,95,95572,1,2,6,4,3,Départementale,50.0,2
202400007764,2024-09-14,après-midi,,,91,91326,1,1,4,4,3,Départementale,50.0,1
202400007765,2024-09-01,soirée,,,89,89387,3,1,1,4,3,Départementale,90.0,1
202400007766,2024-09-14,matin,,,84,84035,1,6,3,4,4,Voie communale,50.0,1
202400007767,2024-09-13,après-midi,,,83,83137,1,1,6,4,4,Voie communale,50.0,1
202400007768,2024-09-14,après-midi,,,80,80164,1,1,2,4,3,Départementale,50.0,1
202400007769,2024-09-13,soirée,,,79,79191,1,1,5,4,3,Départementale,50.0,1
202400007770,2024-09-14,après-midi,,,78,78172,1,1,6,4,3,Départementale,50.0,1
202400007771,2024-09-13,matin,,,72,72181,1,1,6,4,4,Voie communale,50.0,1
202400007772,2024-09-14,matin,,,71,71040,1,1,3,4,3,Départementale,50.0,1
202400007773,2024-09-14,soirée,,,69,69266,2,1,6,4,4,Voie communale,30.0,1
202400007774,2024-09-14,soirée,,,69,69266,1,1,6,4,4,Voie communale,30.0,1
202400007775,2024-09-13,après-midi,,,69,69264,1,1,6,4,4,Voie communale,30.0,1
202400007776,2024-09-14,nuit,,,67,67447,5,1,7,3,4,Voie communale,50.0,1
202400007777,2024-09-14,soirée,,,64,64445,1,1,2,4,4,Voie communale,50.0,1
202400007778,2024-09-14,après-midi,,,64,64348,1,1,2,4,3,Départementale,50.0,1
202400007779,2024-09-14,soirée,,,64,64125,2,1,4,4,3,Départementale,50.0,1
202400007780,2024-09-13,après-midi,,,64,64122,1,1,2,4,4,Voie communale,30.0,1
202400007781,2024-09-14,soirée,,,64,64102,1,1,2,4,4,Voie communale,30.0,1
202400007782,2024-07-18,matin,,,13,13212,1,1,2,4,1,Autoroute,70.0,1
202400007783,2024-07-09,soirée,,,13,13071,1,1,7,3,1,Autoroute,90.0,1
202400007784,2024-09-14,matin,,,64,64102,1,1,3,4,4,Voie communale,50.0,1
202400007785,2024-07-04,matin,,,13,13070,1,1,3,4,1,Autoroute,90.0,1
202400007786,2024-09-11,soirée,,,62,62133,1,1,3,3,3,Départementale,50.0,1
202400007787,2024-07-08,matin,,,13,13026,1,1,2,4,1,Autoroute,110.0,1
202400007788,2024-07-02,après-midi,,,13,13211,1,1,3,4,1,Autoroute,90.0,1
202400007789,2024-09-13,après-midi,,,58,58194,1,1,1,4,4,Voie communale,50.0,1
202400007790,2024-11-25,après-midi,,,987,98735,1,1,3,3,4,Voie communale,50.0,1
202400007791,2024-11-26,après-midi,,,974,97411,1,1,3,4,4,Voie communale,30.0,1
202400007792,2024-09-14,soirée,,,49,49267,3,1,3,3,3,Départementale,90.0,1
202400007793,2024-09-14,matin,,,44,44162,1,7,6,3,4,Voie communale,50.0,1
202400007794,2024-11-26,après-midi,,,973,97302,1,1,2,4,2,Nationale,80.0,1
202400007795,2024-09-14,après-midi,,,37,37261,1,1,6,4,4,Voie communale,50.0,1
202400007796,2024-11-26,matin,,,973,97302,1,2,3,4,3,Départementale,10.0,2
202400007797,2024-09-14,après-midi,,,37,37261,1,1,2,4,4,Voie communale,50.0,1
202400007798,2024-11-26,matin,,,973,97302,1,1,3,4,3,Départementale,50.0,1
202400007799,2024-11-25,soirée,,,973,97302,2,1,1,4,4,Voie communale,50.0,1
202400007800,2024-09-14,matin,,,35,35238,1,1,2,4,4,Voie communale,30.0,1
202400007801,2024-11-25,après-midi,,,973,97302,1,1,2,4,3,Départementale,50.0,1
202400007802,2024-04-27,matin,,,976,97612,2,1,1,4,2,Nationale,70.0,1
202400007803,2024-09-13,après-midi,,,35,35238,1,1,3,4,4,Voie communale,50.0,1
202400007804,2024-04-27,nuit,,,83,83116,5,2,6,4,1,Autoroute,50.0,2
202400007805,2024-09-14,soirée,,,34,34172,1,1,3,4,4,Voie communale,50.0,1
202400007806,2024-11-25,matin,,,973,97302,1,1,4,4,3,Départementale,50.0,1
202400007807,2024-04-25,matin,,,987,98733,1,1,3,3,3,Départementale,60.0,1
202400007808,2024-11-26,soirée,,,69,69387,5,1,6,4,4,Voie communale,50.0,1
202400007809,2024-09-14,après-midi,,,30,30007,1,1,3,4,4,Voie communale,50.0,1
202400007810,2024-04-27,soirée,,,988,98833,3,2,7,2,3,Départementale,90.0,2
202400007811,2024-11-26,nuit,,,69,69388,5,1,3,3,4,Voie communale,30.0,1
202400007812,2024-09-09,soirée,,,29,29232,3,1,2,4,2,Nationale,110.0,1
202400007813,2024-09-13,nuit,,,27,27681,3,1,7,4,4,Voie communale,50.0,1
202400007814,2024-04-26,après-midi,,,95,95446,1,1,3,4,3,Départementale,30.0,1
202400007815,2024-11-26,après-midi,,,69,69387,1,1,1,3,4,Voie communale,30.0,1