Num_Acc,date,time_of_day,lat,long,dep,com,lum,atm,col,severity_index,catr,catr_label,vma,surf
202400007816,2024-09-13,après-midi,,,22,22360,1,1,2,4,3,Départementale,90.0,1
202400007817,2024-11-26,matin,,,69,69383,1,8,3,4,4,Voie communale,50.0,2
202400007818,2024-04-15,matin,,,91,91207,1,1,6,3,4,Voie communale,30.0,1
202400007819,2024-09-14,nuit,,,22,22187,4,1,6,4,3,Départementale,80.0,1
202400007820,2024-11-26,soirée,,,972,97213,3,1,2,4,2,Nationale,50.0,1
202400007821,2024-09-14,soirée,,,19,19031,1,1,3,4,4,Voie communale,50.0,1
202400007822,2024-04-27,nuit,,,91,91661,5,2,2,4,3,Départementale,,2
202400007823,2024-11-26,matin,,,972,97213,1,2,2,3,1,Autoroute,90.0,2
202400007824,2024-09-14,matin,,,14,14366,1,1,2,2,4,Voie communale,50.0,1
202400007825,2024-04-27,après-midi,,,78,78276,1,2,1,2,4,Voie communale,50.0,2
202400007826,2024-04-27,matin,,,2B,2B289,2,1,6,3,2,Nationale,80.0,1
202400007827,2024-11-26,matin,,,972,97209,1,1,4,4,1,Autoroute,60.0,1
202400007828,2024-09-13,soirée,,,14,14271,1,1,4,4,2,Nationale,70.0,1
202400007829,2024-11-25,après-midi,,,972,97209,1,2,2,4,2,Nationale,50.0,2
202400007830,2024-04-27,après-midi,,,83,83023,1,1,3,3,3,Départementale,80.0,1
202400007831,2024-09-15,nuit,,,13,13208,5,1,1,4,9,Autre,30.0,1
202400007832,2024-11-26,après-midi,,,69,69034,1,1,3,4,4,Voie communale,50.0,1
202400007833,2024-04-27,matin,,,38,38344,1,1,4,4,3,Départementale,50.0,1
202400007834,2024-09-14,après-midi,,,13,13202,1,1,5,4,4,Voie communale,50.0,1
202400007835,2024-11-26,matin,,,95,95219,1,1,3,4,3,Départementale,30.0,2
202400007836,2024-04-26,matin,,,31,31505,1,1,6,3,3,Départementale,80.0,1
202400007837,2024-04-26,soirée,,,17,17228,1,1,7,2,3,Départementale,80.0,1
202400007838,2024-09-14,nuit,,,13,13216,5,1,1,4,4,Voie communale,50.0,1
202400007839,2024-11-26,matin,,,95,95218,1,1,4,4,2,Nationale,70.0,1
202400007840,2024-04-26,nuit,,,72,72264,3,1,2,3,4,Voie communale,50.0,1
202400007841,2024-09-14,soirée,,,13,13001,1,1,3,3,4,Voie communale,50.0,1
202400007842,2024-04-24,après-midi,,,49,49301,1,2,2,4,4,Voie communale,30.0,2
202400007843,2024-11-26,après-midi,,,91,91228,1,1,3,4,4,Voie communale,50.0,1
202400007844,2024-09-14,matin,,,06,06027,1,1,5,3,7,Autre,50.0,1
202400007845,2024-11-25,après-midi,,,91,91174,1,2,6,4,4,Voie communale,30.0,2
202400007846,2024-04-24,matin,,,44,44215,1,1,3,3,7,Autre,50.0,1
202400007847,2024-11-25,après-midi,,,88,88383,3,3,6,4,3,Départementale,50.0,2
202400007848,2024-09-13,matin,,,04,04112,1,1,2,4,4,Voie communale,50.0,1
202400007849,2024-04-27,matin,,,50,50294,1,1,1,3,3,Départementale,80.0,1
202400007850,2024-11-26,après-midi,,,86,86157,1,1,1,3,2,Nationale,80.0,1
202400007851,2024-04-26,nuit,,,60,60446,3,2,2,4,2,Nationale,110.0,2
202400007852,2024-09-13,après-midi,,,03,03185,1,1,3,4,3,Départementale,50.0,1
202400007853,2024-11-21,après-midi,,,86,86157,1,6,6,3,2,Nationale,80.0,2
202400007854,2024-04-27,nuit,,,02,02282,3,1,1,4,3,Départementale,80.0,1
202400007855,2024-09-13,après-midi,,,75,75120,1,1,3,4,4,Voie communale,70.0,1
202400007856,2024-04-27,matin,,,59,59034,1,1,1,4,3,Départementale,80.0,1
202400007857,2024-11-12,matin,,,84,84031,1,1,6,4,4,Voie communale,50.0,1
202400007858,2024-09-13,nuit,,,75,75105,5,1,3,4,4,Voie communale,30.0,1
202400007859,2024-04-25,matin,,,83,83090,1,1,2,4,1,Autoroute,70.0,1
202400007860,2024-11-26,après-midi,,,83,83137,1,1,6,4,4,Voie communale,30.0,1
202400007861,2024-09-14,matin,,,75,75118,1,1,3,4,4,Voie communale,30.0,1
202400007862,2024-04-25,après-midi,,,42,42218,1,1,6,3,2,Nationale,70.0,1
202400007863,2024-11-26,après-midi,,,83,83061,5,1,6,3,3,Départementale,50.0,1
202400007864,2024-09-14,matin,,,75,75110,1,1,3,4,4,Voie communale,30.0,1
202400007865,2024-11-25,après-midi,,,83,83141,1,1,1,4,3,Départementale,70.0,1
202400007866,2024-04-26,après-midi,,,33,33096,1,2,4,4,1,Autoroute,90.0,2
202400007867,2024-08-23,après-midi,,,75,75116,1,1,7,3,4,Voie communale,50.0,1
202400007868,2024-04-24,soirée,,,33,33013,1,1,2,4,2,Nationale,90.0,1
202400007869,2024-11-25,après-midi,,,80,80261,1,2,5,4,3,Départementale,50.0,2
202400007870,2024-09-14,matin,,,75,75114,1,1,6,4,4,Voie communale,,1
202400007871,2024-11-24,matin,,,80,80164,1,6,3,4,3,Départementale,80.0,1
202400007872,2024-04-26,matin,,,93,93053,1,1,5,4,1,Autoroute,90.0,1
202400007873,2024-09-14,nuit,,,75,75109,5,1,6,4,4,Voie communale,30.0,1
202400007874,2024-11-12,matin,,,95,95218,1,8,6,3,3,Départementale,50.0,1
202400007875,2024-04-26,après-midi,,,95,95572,1,1,4,4,2,Nationale,90.0,1
202400007876,2024-09-14,après-midi,,,94,94081,1,1,6,4,4,Voie communale,50.0,1
202400007877,2024-04-26,matin,,,93,93066,1,1,5,3,1,Autoroute,70.0,1
202400007878,2024-09-14,après-midi,,,94,94068,1,1,3,4,4,Voie communale,30.0,1
202400007879,2024-11-26,soirée,,,77,77114,3,1,4,4,3,Départementale,80.0,1
202400007880,2024-04-26,nuit,,,95,95582,3,1,6,4,1,Autoroute,110.0,1
202400007881,2024-09-13,soirée,,,94,94071,5,2,1,3,4,Voie communale,30.0,2
202400007882,2024-11-26,matin,,,76,76319,1,1,3,4,4,Voie communale,70.0,1
202400007883,2024-04-25,matin,,,987,98735,1,1,3,4,4,Voie communale,20.0,1
202400007884,2024-09-14,soirée,,,93,93070,5,1,3,4,3,Départementale,50.0,1
202400007885,2024-11-26,matin,,,76,76497,1,1,2,4,2,Nationale,110.0,1
202400007886,2024-04-25,nuit,,,69,69383,5,1,3,4,4,Voie communale,30.0,1
202400007887,2024-11-26,matin,,,72,72181,1,5,2,4,3,Départementale,50.0,2
202400007888,2024-09-14,après-midi,,,93,93014,1,1,2,4,3,Départementale,50.0,1
202400007889,2024-04-25,après-midi,,,69,69386,1,1,3,4,4,Voie communale,50.0,1
202400007890,2024-11-25,après-midi,,,72,72181,1,1,3,4,4,Voie communale,50.0,1
202400007891,2024-04-25,matin,,,972,97209,1,1,2,4,4,Voie communale,50.0,1
202400007892,2024-11-25,après-midi,,,71,71076,1,1,6,4,3,Départementale,50.0,1
202400007893,2024-11-26,après-midi,,,67,67482,1,1,3,3,4,Voie communale,30.0,1
202400007894,2024-04-24,soirée,,,972,97209,2,1,2,3,3,Départementale,60.0,1
202400007895,2024-09-14,nuit,,,93,93046,5,1,6,4,4,Voie communale,30.0,1
202400007896,2024-11-26,matin,,,67,67482,1,1,3,4,4,Voie communale,50.0,2
202400007897,2024-09-13,nuit,,,93,93046,3,1,6,4,4,Voie communale,50.0,1
202400007898,2024-04-26,nuit,,,69,69384,5,2,3,4,4,Voie communale,30.0,2
202400007899,2024-11-25,après-midi,,,64,64024,5,8,1,4,4,Voie communale,10.0,1
202400007900,2024-04-25,après-midi,,,69,69034,1,1,6,3,4,Voie communale,50.0,1
202400007901,2024-09-14,soirée,,,93,93079,1,1,3,4,4,Voie communale,50.0,1
202400007902,2024-04-24,matin,,,971,97113,1,1,7,4,2,Nationale,80.0,1
202400007903,2024-11-25,après-midi,,,64,64102,1,8,2,4,4,Voie communale,50.0,2
202400007904,2024-09-14,matin,,,93,93027,1,1,2,4,3,Départementale,50.0,1
202400007905,2024-04-23,nuit,,,971,97101,5,1,6,2,2,Nationale,70.0,1
202400007906,2024-11-25,matin,,,64,64024,1,3,3,4,4,Voie communale,50.0,2
202400007907,2024-04-23,soirée,,,971,97101,5,1,6,4,3,Départementale,50.0,1
202400007908,2024-09-13,nuit,,,93,93027,5,1,3,4,3,Départementale,50.0,1
202400007909,2024-11-25,après-midi,,,63,63300,5,2,6,4,3,Départementale,50.0,2
202400007910,2024-04-25,après-midi,,,91,91122,1,1,1,4,3,Départementale,30.0,1
202400007911,2024-11-25,après-midi,,,63,63032,5,2,6,4,4,Voie communale,30.0,2
202400007912,2024-09-14,après-midi,,,93,93008,1,1,3,4,3,Départementale,50.0,1
202400007913,2024-04-24,soirée,,,91,91223,1,1,7,3,3,Départementale,30.0,1
202400007914,2024-11-26,matin,,,59,59527,5,2,6,3,7,Autre,30.0,2
202400007915,2024-09-13,soirée,,,93,93001,2,1,3,4,4,Voie communale,50.0,1
202400007916,2024-04-23,après-midi,,,87,87085,1,1,6,4,4,Voie communale,30.0,1
202400007917,2024-09-14,matin,,,92,92073,1,1,6,4,3,Départementale,50.0,1
202400007918,2024-04-22,matin,,,85,85194,1,1,3,3,4,Voie communale,50.0,1
202400007919,2024-11-25,soirée,,,59,59009,5,8,3,4,7,Autre,50.0,2
202400007920,2024-09-14,après-midi,,,92,92050,1,1,6,4,3,Départementale,50.0,1
202400007921,2024-04-24,après-midi,,,84,84087,1,1,3,4,4,Voie communale,50.0,1
202400007922,2024-09-14,nuit,,,92,92050,5,1,6,4,3,Départementale,50.0,1
202400007923,2024-11-26,matin,,,59,59183,2,3,6,4,4,Voie communale,50.0,2
202400007924,2024-04-25,après-midi,,,83,83126,1,1,1,3,4,Voie communale,50.0,1
202400007925,2024-09-14,soirée,,,92,92035,1,1,3,4,3,Départementale,50.0,1
202400007926,2024-11-26,matin,,,59,59183,1,2,3,4,4,Voie communale,50.0,2
202400007927,2024-04-25,après-midi,,,83,83129,1,1,3,4,4,Voie communale,50.0,1
202400007928,2024-09-14,soirée,,,92,92026,1,1,6,4,3,Départementale,50.0,1
202400007929,2024-11-25,après-midi,,,56,56121,3,2,2,4,3,Départementale,70.0,2
202400007930,2024-09-14,soirée,,,92,92012,1,1,7,4,4,Voie communale,30.0,1
202400007931,2024-04-25,soirée,,,81,81065,1,1,5,4,4,Voie communale,50.0,1
202400007932,2024-11-26,matin,,,54,54395,1,1,6,4,4,Voie communale,30.0,1
202400007933,2024-09-15,nuit,,,09,09141,5,1,7,4,3,Départementale,50.0,1
202400007934,2024-04-25,soirée,,,78,78418,2,1,1,3,3,Départementale,50.0,1
202400007935,2024-09-15,après-midi,,,60,60374,1,1,6,2,4,Voie communale,50.0,1
202400007936,2024-11-25,matin,,,54,54395,1,6,3,4,4,Voie communale,30.0,2
202400007937,2024-04-25,après-midi,,,78,78498,1,1,7,3,3,Départementale,30.0,1
202400007938,2024-09-14,soirée,,,80,80016,5,1,3,4,3,Départementale,50.0,1
202400007939,2024-11-26,après-midi,,,51,51454,1,1,3,4,4,Voie communale,50.0,1
202400007940,2024-09-14,matin,,,71,71286,1,1,7,4,3,Départementale,80.0,1
202400007941,2024-11-25,après-midi,,,51,51506,1,2,1,4,4,Voie communale,50.0,2
202400007942,2024-04-25,soirée,,,77,77418,1,1,1,3,3,Départementale,80.0,1
202400007943,2024-09-15,matin,,,49,49092,1,7,6,4,3,Départementale,50.0,1
202400007944,2024-11-26,matin,,,49,49328,2,1,3,4,4,Voie communale,50.0,2
202400007945,2024-04-24,après-midi,,,77,77284,1,1,2,3,3,Départementale,50.0,1
202400007946,2024-09-15,matin,,,68,68295,1,1,3,2,3,Départementale,,1
202400007947,2024-11-25,soirée,,,49,49007,2,2,6,4,4,Voie communale,50.0,2
202400007948,2024-04-24,matin,,,77,77243,1,1,6,4,4,Voie communale,30.0,1
202400007949,2024-09-14,soirée,,,22,22093,3,1,6,3,2,Nationale,110.0,1
202400007950,2024-11-25,matin,,,49,49007,1,2,3,4,4,Voie communale,50.0,2
202400007951,2024-09-13,après-midi,,,971,97132,1,1,6,3,4,Voie communale,50.0,1
202400007952,2024-04-24,après-midi,,,76,76341,1,1,4,3,3,Départementale,70.0,1
202400007953,2024-11-26,après-midi,,,46,46042,1,1,6,4,3,Départementale,30.0,1
202400007954,2024-04-25,matin,,,76,76414,1,1,6,4,3,Départementale,90.0,1
202400007955,2024-09-15,matin,,,50,50487,3,1,3,3,1,Autoroute,130.0,1
202400007956,2024-11-26,après-midi,,,45,45232,1,1,3,4,3,Départementale,30.0,1
202400007957,2024-04-25,soirée,,,74,74012,1,1,6,4,4,Voie communale,50.0,1
202400007958,2024-11-26,matin,,,45,45235,1,8,6,4,4,Voie communale,50.0,2
202400007959,2024-04-24,après-midi,,,71,71270,1,1,6,4,4,Voie communale,30.0,1
202400007960,2024-09-14,après-midi,,,35,35251,1,1,3,4,3,Départementale,80.0,1
202400007961,2024-11-26,soirée,,,44,44109,5,1,6,4,4,Voie communale,50.0,1
202400007962,2024-09-15,nuit,,,57,57674,3,1,6,3,3,Départementale,80.0,1
202400007963,2024-04-25,nuit,,,69,69266,5,1,3,4,4,Voie communale,30.0,1
202400007964,2024-11-25,après-midi,,,43,43157,5,6,3,4,4,Voie communale,50.0,2
202400007965,2024-04-25,soirée,,,69,69256,5,1,3,4,4,Voie communale,50.0,1
202400007966,2024-08-13,après-midi,,,19,19276,1,1,1,4,3,Départementale,90.0,1
202400007967,2024-11-22,soirée,,,40,40088,5,1,6,4,4,Voie communale,50.0,1
202400007968,2024-04-25,matin,,,69,69259,5,1,3,4,4,Voie communale,50.0,1
202400007969,2024-09-14,après-midi,,,56,56185,1,1,1,3,4,Voie communale,80.0,1
202400007970,2024-04-25,matin,,,65,65440,1,1,3,3,2,Nationale,50.0,1
202400007971,2024-11-20,après-midi,,,40,40279,1,1,4,4,3,Départementale,50.0,2
202400007972,2024-04-26,nuit,,,64,64189,5,2,7,4,3,Départementale,30.0,2
202400007973,2024-11-15,matin,,,38,38544,1,1,6,3,2,Nationale,50.0,1
202400007974,2024-04-25,matin,,,64,64024,1,3,3,4,4,Voie communale,50.0,3
202400007975,2024-11-26,soirée,,,35,35238,5,1,6,4,4,Voie communale,30.0,1
202400007976,2024-04-25,matin,,,63,63113,1,1,3,4,4,Voie communale,50.0,1
202400007977,2024-09-15,après-midi,,,56,56126,1,1,1,3,3,Départementale,70.0,1
202400007978,2024-04-24,après-midi,,,62,62498,1,1,3,4,4,Voie communale,50.0,1
202400007979,2024-11-26,matin,,,35,35238,1,1,2,4,2,Nationale,90.0,1
202400007980,2024-09-15,après-midi,,,76,76554,1,1,7,2,3,Départementale,80.0,1
202400007981,2024-04-24,après-midi,,,62,62274,1,1,1,3,3,Départementale,50.0,1
202400007982,2024-04-19,matin,,,62,62510,1,1,6,4,3,Départementale,50.0,1
202400007983,2024-09-15,matin,,,81,81136,1,1,7,4,3,Départementale,90.0,1
202400007984,2024-11-25,après-midi,,,34,34032,1,1,6,3,4,Voie communale,50.0,1
202400007985,2024-04-23,matin,,,62,62624,1,7,3,3,4,Voie communale,50.0,1
202400007986,2024-09-14,soirée,,,81,81217,1,1,7,4,3,Départementale,80.0,9
202400007987,2024-11-26,après-midi,,,33,33063,1,1,2,4,4,Voie communale,50.0,2
202400007988,2024-04-11,après-midi,,,61,61006,1,1,2,4,3,Départementale,80.0,1
202400007989,2024-09-15,soirée,,,39,39500,1,1,6,4,3,Départementale,80.0,1
202400007990,2024-11-06,après-midi,,,33,33281,1,8,3,4,4,Voie communale,30.0,1
202400007991,2024-04-25,matin,,,59,59512,1,1,3,4,4,Voie communale,50.0,1
202400007992,2024-11-26,soirée,,,31,31555,5,1,6,3,4,Voie communale,30.0,1
202400007993,2024-04-25,soirée,,,59,59271,2,1,3,3,3,Départementale,80.0,1
202400007994,2024-09-14,après-midi,,,44,44096,1,1,3,3,4,Voie communale,80.0,1
202400007995,2024-04-24,après-midi,,,59,59024,1,1,3,4,3,Départementale,50.0,1
202400007996,2024-10-23,après-midi,,,30,30189,1,1,7,3,4,Voie communale,50.0,1
202400007997,2024-09-14,après-midi,,,38,38134,1,1,6,3,3,Départementale,80.0,1
202400007998,2024-04-25,matin,,,56,56260,1,1,2,4,4,Voie communale,30.0,1
202400007999,2024-11-26,après-midi,,,30,30007,2,1,3,4,4,Voie communale,50.0,1
202400008000,2024-09-15,nuit,,,38,38134,3,1,7,3,3,Départementale,80.0,1
202400008001,2024-04-24,matin,,,56,56098,1,7,3,4,4,Voie communale,50.0,1
202400008002,2024-11-25,après-midi,,,29,29019,1,1,1,4,4,Voie communale,50.0,2
202400008003,2024-04-25,matin,,,54,54025,1,1,3,3,7,Autre,50.0,1
202400008004,2024-11-25,matin,,,29,29019,2,2,2,4,4,Voie communale,50.0,2
202400008005,2024-04-24,après-midi,,,54,54304,1,3,6,4,4,Voie communale,50.0,2
202400008006,2024-09-15,après-midi,,,38,38175,1,1,5,2,3,Départementale,80.0,1
202400008007,2024-11-20,après-midi,,,28,28220,1,1,3,4,3,Départementale,50.0,1
202400008008,2024-04-24,matin,,,54,54328,1,1,6,4,6,Autre,20.0,1
202400008009,2024-11-26,soirée,,,27,27681,5,1,6,3,3,Départementale,30.0,1
202400008010,2024-09-15,soirée,,,02,02422,1,1,1,3,3,Départementale,50.0,1
202400008011,2024-09-15,matin,,,02,02649,1,1,4,4,3,Départementale,30.0,1
202400008012,2024-04-25,après-midi,,,53,53130,1,1,3,3,4,Voie communale,50.0,1
202400008013,2024-09-14,matin,,,02,02305,1,1,6,3,3,Départementale,80.0,1
202400008014,2024-11-26,après-midi,,,25,25056,3,1,2,4,2,Nationale,90.0,1
202400008015,2024-04-24,soirée,,,50,50129,1,1,2,4,2,Nationale,50.0,1
202400008016,2024-09-14,après-midi,,,03,03043,1,1,1,4,3,Départementale,90.0,1
202400008017,2024-11-26,après-midi,,,17,17306,2,1,6,4,4,Voie communale,50.0,1
202400008018,2024-04-25,matin,,,43,43157,1,1,3,4,4,Voie communale,50.0,1
202400008019,2024-09-15,après-midi,,,01,01391,1,1,7,4,4,Voie communale,80.0,1
202400008020,2024-04-25,matin,,,41,41269,1,1,6,4,4,Voie communale,50.0,1
202400008021,2024-11-26,soirée,,,14,14118,5,1,2,4,3,Départementale,50.0,1
202400008022,2024-04-25,après-midi,,,37,37208,1,2,2,4,4,Voie communale,50.0,2
202400008023,2024-09-15,après-midi,,,58,58223,1,1,7,4,3,Départementale,90.0,1
202400008024,2024-11-25,soirée,,,14,14118,5,2,2,4,4,Voie communale,50.0,2
202400008025,2024-09-14,après-midi,,,06,06016,1,1,6,4,3,Départementale,80.0,1
202400008026,2024-04-25,matin,,,37,37122,1,1,2,4,7,Autre,90.0,1
202400008027,2024-09-14,après-midi,,,05,05139,1,1,6,3,3,Départementale,90.0,1
202400008028,2024-04-25,matin,,,35,35278,1,1,3,4,4,Voie communale,30.0,1
202400008029,2024-09-14,soirée,,,09,09235,1,8,6,3,3,Départementale,80.0,9
202400008030,2024-11-25,matin,,,14,14383,1,2,4,4,3,Départementale,80.0,2
202400008031,2024-04-25,après-midi,,,34,34172,1,1,3,4,4,Voie communale,30.0,1
202400008032,2024-09-14,après-midi,,,45,45130,1,1,3,4,3,Départementale,70.0,1
202400008033,2024-04-24,nuit,,,34,34003,5,1,3,4,4,Voie communale,50.0,1
202400008034,2024-11-26,après-midi,,,13,13117,2,1,3,3,4,Voie communale,50.0,1
202400008035,2024-04-25,après-midi,,,33,33063,1,1,6,4,4,Voie communale,30.0,2
202400008036,2024-09-15,matin,,,10,10063,1,5,1,3,3,Départementale,80.0,1
202400008037,2024-04-24,soirée,,,33,33063,1,2,6,4,4,Voie communale,30.0,2
202400008038,2024-11-26,matin,,,13,13117,1,1,1,4,3,Départementale,70.0,2
202400008039,2024-09-15,matin,,,07,07092,1,1,7,4,3,Départementale,90.0,1
202400008040,2024-04-25,après-midi,,,31,31555,1,1,4,4,1,Autoroute,90.0,1
202400008041,2024-11-26,nuit,,,13,13208,5,1,3,4,4,Voie communale,50.0,1
202400008042,2024-09-14,après-midi,,,21,21647,1,1,3,3,3,Départementale,90.0,1
202400008043,2024-04-25,matin,,,31,31555,1,1,3,4,1,Autoroute,90.0,1
202400008044,2024-11-26,après-midi,,,13,13204,1,1,2,4,4,Voie communale,50.0,1
202400008045,2024-04-25,nuit,,,31,31555,5,2,6,4,1,Autoroute,90.0,2
202400008046,2024-09-15,après-midi,,,04,04121,1,1,1,4,3,Départementale,80.0,1
202400008047,2024-11-17,nuit,,,13,13204,5,1,3,4,4,Voie communale,50.0,1
202400008048,2024-04-21,soirée,,,30,30189,1,1,7,4,4,Voie communale,90.0,1
202400008049,2024-09-15,matin,,,85,85162,1,1,7,3,3,Départementale,80.0,1
202400008050,2024-04-24,après-midi,,,30,30243,1,1,2,4,3,Départementale,70.0,1
202400008051,2024-11-25,après-midi,,,13,13028,1,1,2,4,3,Départementale,50.0,1
202400008052,2024-11-26,matin,,,13,13005,1,1,7,4,4,Voie communale,30.0,1
202400008053,2024-04-25,nuit,,,28,28085,5,1,3,4,4,Voie communale,50.0,1
202400008054,2024-09-10,soirée,,,67,67152,3,1,6,3,7,Autre,70.0,1
202400008055,2024-11-26,matin,,,13,13005,1,8,3,4,4,Voie communale,30.0,2
202400008056,2024-04-24,après-midi,,,27,27375,1,1,6,4,4,Voie communale,50.0,1
202400008057,2024-11-24,après-midi,,,11,11069,1,1,6,3,4,Voie communale,30.0,1
202400008058,2024-04-25,après-midi,,,27,27229,1,1,6,4,4,Voie communale,50.0,1
202400008059,2024-11-26,matin,,,07,07070,1,7,3,3,4,Voie communale,50.0,2
202400008060,2024-04-24,soirée,,,25,25462,1,1,3,4,4,Voie communale,30.0,1
202400008061,2024-11-26,après-midi,,,04,04112,5,1,2,4,3,Départementale,70.0,1
202400008062,2024-04-24,après-midi,,,25,25462,1,1,3,4,4,Voie communale,50.0,1
202400008063,2024-11-26,soirée,,,04,04070,5,1,1,4,4,Voie communale,50.0,1
202400008064,2024-11-26,après-midi,,,01,01289,1,1,1,4,3,Départementale,80.0,1
202400008065,2024-04-25,après-midi,,,25,25056,1,1,3,4,3,Départementale,50.0,1
202400008066,2024-04-24,après-midi,,,25,25056,1,2,6,3,4,Voie communale,50.0,2
202400008067,2024-11-26,après-midi,,,75,75120,1,1,2,4,4,Voie communale,30.0,1
202400008068,2024-04-24,soirée,,,22,22278,1,1,6,4,4,Voie communale,30.0,1
202400008069,2024-11-26,matin,,,75,75119,1,1,6,4,4,Voie communale,30.0,1
202400008070,2024-04-24,après-midi,,,22,22113,1,1,4,4,4,Voie communale,50.0,1
202400008071,2024-09-05,nuit,,,18,18248,3,3,7,4,1,Autoroute,130.0,2
202400008072,2024-11-26,soirée,,,75,75117,5,1,3,3,4,Voie communale,30.0,1
202400008073,2024-09-14,après-midi,,,36,36122,1,1,7,4,1,Autoroute,130.0,1
202400008074,2024-04-24,après-midi,,,19,19031,1,1,3,4,4,Voie communale,30.0,1
202400008075,2024-11-26,après-midi,,,75,75116,1,1,6,4,4,Voie communale,30.0,1
202400008076,2024-11-26,après-midi,,,75,75113,2,1,6,4,4,Voie communale,30.0,1
202400008077,2024-11-25,soirée,,,75,75112,5,1,3,3,4,Voie communale,30.0,1
202400008078,2024-04-24,matin,,,19,19031,1,1,1,3,4,Voie communale,50.0,1
202400008079,2024-09-15,après-midi,,,77,77238,1,1,3,3,3,Départementale,80.0,1
202400008080,2024-11-25,matin,,,75,75112,1,3,7,4,4,Voie communale,30.0,2
202400008081,2024-04-25,nuit,,,13,13103,3,1,6,4,3,Départementale,50.0,1
202400008082,2024-11-26,après-midi,,,75,75110,1,1,3,4,4,Voie communale,30.0,1
202400008083,2024-04-04,matin,,,13,13026,1,1,6,4,3,Départementale,80.0,1
202400008084,2024-11-26,matin,,,75,75109,1,1,3,4,4,Voie communale,30.0,1
202400008085,2024-04-25,soirée,,,13,13209,1,1,3,4,4,Voie communale,50.0,1
202400008086,2024-11-26,soirée,,,75,75108,5,1,2,4,4,Voie communale,30.0,1
202400008087,2024-09-14,soirée,,,30,30206,1,1,4,4,3,Départementale,80.0,1
202400008088,2024-04-25,après-midi,,,13,13203,1,1,2,4,4,Voie communale,50.0,1
202400008089,2024-09-15,matin,,,83,83053,1,1,7,3,3,Départementale,80.0,1
202400008090,2024-11-26,matin,,,75,75107,1,8,3,4,4,Voie communale,,2
202400008091,2024-04-24,après-midi,,,13,13212,1,1,6,4,4,Voie communale,50.0,1
202400008092,2024-11-25,après-midi,,,75,75103,5,2,7,4,4,Voie communale,30.0,2
202400008093,2024-04-25,matin,,,13,13214,1,1,3,3,4,Voie communale,50.0,1
202400008094,2024-09-15,après-midi,,,13,13042,1,1,2,3,3,Départementale,70.0,1
202400008095,2024-11-26,après-midi,,,94,94041,1,1,3,4,3,Départementale,50.0,1
202400008096,2024-04-24,matin,,,13,13208,1,1,2,4,4,Voie communale,50.0,1
202400008097,2024-11-26,après-midi,,,94,94052,2,1,3,4,3,Départementale,50.0,1
202400008098,2024-09-15,après-midi,,,25,25032,1,1,2,4,3,Départementale,,1
202400008099,2024-11-26,matin,,,94,94076,1,2,3,4,3,Départementale,30.0,2
202400008100,2024-09-15,matin,,,68,68111,1,1,3,3,3,Départementale,70.0,1
202400008101,2024-04-25,matin,,,13,13005,1,1,3,4,7,Autre,50.0,1
202400008102,2024-11-26,soirée,,,94,94073,5,1,2,4,2,Nationale,70.0,1
202400008103,2024-04-25,matin,,,11,11069,1,1,6,4,4,Voie communale,50.0,1
202400008104,2024-09-15,soirée,,,55,55122,1,1,7,2,9,Autre,50.0,1
202400008105,2024-09-15,matin,,,03,03191,1,1,6,3,4,Voie communale,50.0,1
202400008106,2024-11-26,nuit,,,94,94065,5,2,3,4,5,Autre,30.0,2
202400008107,2024-04-20,après-midi,,,05,05023,1,1,3,4,3,Départementale,50.0,1
202400008108,2024-11-26,soirée,,,94,94033,5,1,6,4,3,Départementale,30.0,1
202400008109,2024-09-14,après-midi,,,17,17089,1,1,3,4,3,Départementale,80.0,1
202400008110,2024-04-25,matin,,,75,75118,1,1,4,4,4,Voie communale,70.0,1
202400008111,2024-04-25,matin,,,75,75119,1,1,2,4,4,Voie communale,70.0,1
202400008112,2024-11-26,soirée,,,94,94022,5,8,1,4,3,Départementale,,1
202400008113,2024-09-14,après-midi,,,33,33051,1,1,4,4,3,Départementale,30.0,1
202400008114,2024-11-26,matin,,,94,94017,5,2,6,4,4,Voie communale,50.0,2
202400008115,2024-04-25,matin,,,75,75120,1,1,5,4,4,Voie communale,70.0,1
202400008116,2024-09-10,après-midi,,,22,22012,1,1,6,3,3,Départementale,80.0,1
202400008117,2024-04-24,soirée,,,75,75113,5,1,6,4,4,Voie communale,70.0,1
202400008118,2024-11-26,matin,,,94,94004,1,8,6,4,4,Voie communale,,2
202400008119,2024-09-15,matin,,,35,35221,3,1,6,2,3,Départementale,80.0,1
202400008120,2024-11-25,soirée,,,94,94071,5,2,6,4,4,Voie communale,30.0,2
202400008121,2024-04-25,matin,,,75,75106,1,1,3,4,4,Voie communale,30.0,1
202400008122,2024-09-14,après-midi,,,76,76055,1,1,2,4,3,Départementale,80.0,1
202400008123,2024-11-26,après-midi,,,93,93072,1,1,6,4,4,Voie communale,30.0,1
202400008124,2024-09-13,soirée,,,13,13214,5,1,6,4,1,Autoroute,70.0,1
202400008125,2024-04-24,après-midi,,,75,75106,1,1,6,4,4,Voie communale,30.0,1
202400008126,2024-11-25,nuit,,,93,93070,5,2,2,4,3,Départementale,50.0,2