Num_Acc,date,time_of_day,lat,long,dep,com,lum,atm,col,severity_index,catr,catr_label,vma,surf
202400008127,2024-04-25,matin,,,75,75119,1,1,6,4,4,Voie communale,30.0,1
202400008128,2024-09-14,matin,,,94,94043,1,1,4,4,1,Autoroute,70.0,1
202400008129,2024-11-26,nuit,,,93,93053,5,2,3,4,3,Départementale,50.0,2
202400008130,2024-03-15,après-midi,,,13,13077,1,1,2,4,3,Départementale,80.0,1
202400008131,2024-09-14,matin,,,78,78640,1,1,2,4,1,Autoroute,70.0,1
202400008132,2024-04-25,soirée,,,75,75118,1,1,3,4,4,Voie communale,50.0,1
202400008133,2024-04-25,matin,,,75,75116,1,1,6,4,4,Voie communale,30.0,1
202400008134,2024-11-12,soirée,,,93,93032,5,1,1,4,3,Départementale,50.0,1
202400008135,2024-09-13,soirée,,,78,78321,1,1,2,4,2,Nationale,90.0,1
202400008136,2024-03-23,après-midi,,,32,32036,1,1,3,4,3,Départementale,80.0,1
202400008137,2024-11-26,nuit,,,93,93031,5,1,6,3,3,Départementale,50.0,1
202400008138,2024-04-25,après-midi,,,75,75115,1,1,3,4,4,Voie communale,30.0,1
202400008139,2024-09-14,soirée,,,93,93053,3,1,2,4,1,Autoroute,90.0,1
202400008140,2024-11-26,après-midi,,,93,93031,1,1,6,3,4,Voie communale,50.0,1
202400008141,2024-08-08,matin,,,974,97416,1,7,2,4,2,Nationale,110.0,1
202400008142,2024-04-24,après-midi,,,75,75114,1,1,3,4,4,Voie communale,30.0,1
202400008143,2024-09-14,après-midi,,,92,92078,1,1,4,4,1,Autoroute,90.0,1
202400008144,2024-11-25,après-midi,,,93,93027,2,2,3,4,4,Voie communale,50.0,2
202400008145,2024-08-07,matin,,,974,97416,1,1,3,4,2,Nationale,90.0,2
202400008146,2024-04-25,matin,,,75,75114,1,1,7,4,4,Voie communale,30.0,1
202400008147,2024-11-26,après-midi,,,93,93001,1,1,6,4,3,Départementale,50.0,1
202400008148,2024-09-14,nuit,,,93,93039,3,1,2,4,1,Autoroute,70.0,1
202400008149,2024-08-08,matin,,,974,97411,1,1,3,4,4,Voie communale,50.0,1
202400008150,2024-04-25,matin,,,75,75113,1,1,6,4,4,Voie communale,30.0,1
202400008151,2024-04-25,après-midi,,,75,75112,1,1,6,4,4,Voie communale,30.0,1
202400008152,2024-11-16,soirée,,,92,92078,5,1,4,4,3,Départementale,,1
202400008153,2024-09-13,matin,,,95,95678,2,1,2,4,2,Nationale,90.0,1
202400008154,2024-08-08,matin,,,974,97407,1,1,3,4,4,Voie communale,50.0,1
202400008155,2024-11-26,soirée,,,92,92075,5,1,3,4,3,Départementale,10.0,1
202400008156,2024-04-25,après-midi,,,75,75112,1,1,2,4,4,Voie communale,50.0,1
202400008157,2024-09-14,nuit,,,94,94079,3,1,2,4,1,Autoroute,110.0,1
202400008158,2024-08-07,après-midi,,,974,97407,1,1,2,3,4,Voie communale,50.0,1
202400008159,2024-04-25,matin,,,75,75109,1,1,6,3,4,Voie communale,30.0,1
202400008160,2024-11-26,après-midi,,,92,92063,1,1,2,4,4,Voie communale,30.0,2
202400008161,2024-09-14,soirée,,,94,94018,1,1,5,4,1,Autoroute,90.0,1
202400008162,2024-11-26,soirée,,,92,92051,5,1,7,4,4,Voie communale,30.0,1
202400008163,2024-08-07,matin,,,973,97302,1,1,3,4,4,Voie communale,50.0,1
202400008164,2024-04-25,matin,,,94,94068,1,1,3,4,4,Voie communale,,1
202400008165,2024-11-25,après-midi,,,92,92050,1,1,2,4,3,Départementale,50.0,2
202400008166,2024-09-14,nuit,,,77,77249,3,2,7,4,2,Nationale,90.0,2
202400008167,2024-08-08,après-midi,,,973,97302,1,1,3,4,3,Départementale,50.0,1
202400008168,2024-04-25,soirée,,,94,94073,2,1,3,4,3,Départementale,50.0,1
202400008169,2024-11-26,matin,,,92,92020,1,1,3,4,3,Départementale,50.0,1
202400008170,2024-09-13,nuit,,,77,77083,5,1,2,4,1,Autoroute,110.0,2
202400008171,2024-04-25,matin,,,94,94073,1,1,3,4,3,Départementale,50.0,1
202400008172,2024-08-06,après-midi,,,973,97302,1,1,7,4,3,Départementale,50.0,1
202400008173,2024-11-25,après-midi,,,92,92048,1,1,3,4,4,Voie communale,50.0,2
202400008174,2024-09-13,nuit,,,77,77122,3,1,6,4,2,Nationale,70.0,2
202400008175,2024-08-06,après-midi,,,973,97302,1,1,3,4,4,Voie communale,50.0,1
202400008176,2024-04-25,matin,,,93,93073,1,1,6,4,4,Voie communale,50.0,1
202400008177,2024-11-26,soirée,,,92,92040,5,1,3,4,4,Voie communale,30.0,1
202400008178,2024-09-13,matin,,,987,98735,1,1,7,3,4,Voie communale,30.0,1
202400008179,2024-04-24,matin,,,93,93078,1,1,2,4,3,Départementale,50.0,1
202400008180,2024-08-08,matin,,,973,97302,1,1,1,4,4,Voie communale,50.0,1
202400008181,2024-11-26,après-midi,,,92,92012,1,1,6,4,4,Voie communale,30.0,1
202400008182,2024-09-13,matin,,,976,97611,1,1,1,4,4,Voie communale,50.0,1
202400008183,2024-04-25,après-midi,,,93,93066,1,1,6,4,3,Départementale,50.0,1
202400008184,2024-11-26,après-midi,,,80,80016,1,7,3,4,3,Départementale,50.0,1
202400008185,2024-08-08,matin,,,69,69387,1,1,3,4,4,Voie communale,30.0,1
202400008186,2024-09-13,soirée,,,974,97416,5,1,3,4,4,Voie communale,50.0,1
202400008187,2024-04-25,matin,,,93,93066,1,1,3,4,3,Départementale,50.0,1
202400008188,2024-11-27,matin,,,54,54345,2,1,5,4,3,Départementale,80.0,2
202400008189,2024-08-08,matin,,,69,69383,1,1,1,4,4,Voie communale,30.0,1
202400008190,2024-04-25,après-midi,,,93,93053,1,1,3,4,3,Départementale,50.0,1
202400008191,2024-09-13,après-midi,,,974,97411,1,1,3,4,4,Voie communale,50.0,1
202400008192,2024-11-27,matin,,,68,68112,1,1,6,4,3,Départementale,50.0,1
202400008193,2024-08-07,soirée,,,87,87085,1,1,7,3,4,Voie communale,50.0,1
202400008194,2024-09-13,soirée,,,973,97302,3,1,7,4,3,Départementale,50.0,1
202400008195,2024-04-25,matin,,,93,93050,1,1,3,4,3,Départementale,50.0,1
202400008196,2024-08-07,matin,,,87,87085,1,1,7,4,4,Voie communale,50.0,1
202400008197,2024-11-13,matin,,,33,33138,1,7,1,3,4,Voie communale,,1
202400008198,2024-09-12,après-midi,,,973,97302,1,1,3,4,3,Départementale,50.0,1
202400008199,2024-08-05,après-midi,,,87,87085,1,1,6,3,1,Autoroute,90.0,1
202400008200,2024-04-25,matin,,,93,93048,1,1,3,4,3,Départementale,50.0,1
202400008201,2024-11-26,après-midi,,,10,10003,3,1,3,3,3,Départementale,80.0,1
202400008202,2024-09-12,après-midi,,,973,97302,1,1,6,4,4,Voie communale,50.0,1
202400008203,2024-08-07,après-midi,,,86,86066,1,1,1,4,3,Départementale,70.0,1
202400008204,2024-04-25,soirée,,,93,93010,1,1,1,4,3,Départementale,50.0,1
202400008205,2024-11-27,après-midi,,,10,10352,1,2,1,3,3,Départementale,90.0,2
202400008206,2024-09-13,soirée,,,69,69388,1,1,6,4,4,Voie communale,50.0,1
202400008207,2024-04-25,après-midi,,,92,92026,1,1,3,4,3,Départementale,50.0,1
202400008208,2024-08-08,après-midi,,,84,84007,1,1,2,4,4,Voie communale,50.0,1
202400008209,2024-09-13,après-midi,,,69,69386,1,1,3,4,4,Voie communale,30.0,1
202400008210,2024-11-26,soirée,,,01,01419,5,1,5,3,4,Voie communale,70.0,1
202400008211,2024-04-02,après-midi,,,92,92023,1,2,3,4,4,Voie communale,50.0,2
202400008212,2024-08-08,matin,,,30,30011,1,1,3,4,4,Voie communale,50.0,1
202400008213,2024-11-27,après-midi,,,60,60176,5,2,6,4,3,Départementale,50.0,2
202400008214,2024-09-13,après-midi,,,69,69387,1,1,6,4,4,Voie communale,50.0,1
202400008215,2024-04-25,matin,,,92,92004,1,1,3,4,4,Voie communale,30.0,1
202400008216,2024-08-05,nuit,,,83,83126,2,1,6,3,4,Voie communale,50.0,1
202400008217,2024-04-23,après-midi,,,92,92004,1,1,3,4,3,Départementale,50.0,1
202400008218,2024-11-27,après-midi,,,30,30356,1,1,2,4,3,Départementale,,1
202400008219,2024-09-13,matin,,,69,69383,1,1,1,4,4,Voie communale,30.0,1
202400008220,2024-04-23,matin,,,95,95205,2,1,3,3,3,Départementale,90.0,1
202400008221,2024-08-08,matin,,,82,82033,1,1,6,4,4,Voie communale,30.0,1
202400008222,2024-09-13,après-midi,,,972,97213,1,2,6,3,3,Départementale,50.0,2
202400008223,2024-11-26,après-midi,,,19,19150,1,1,1,4,3,Départementale,70.0,2
202400008224,2024-08-07,matin,,,80,80021,1,1,6,4,4,Voie communale,50.0,1
202400008225,2024-04-25,après-midi,,,17,17407,1,1,3,4,3,Départementale,50.0,1
202400008226,2024-11-27,matin,,,56,56234,1,3,7,4,3,Départementale,30.0,2
202400008227,2024-08-07,après-midi,,,80,80021,1,1,3,4,4,Voie communale,50.0,1
202400008228,2024-09-12,nuit,,,972,97213,5,1,2,4,2,Nationale,90.0,1
202400008229,2024-04-25,matin,,,11,11148,1,1,6,4,1,Autoroute,130.0,1
202400008230,2024-11-27,après-midi,,,2B,2B123,1,1,1,3,4,Voie communale,80.0,1
202400008231,2024-09-14,nuit,,,69,69381,5,1,2,4,4,Voie communale,30.0,1
202400008232,2024-04-26,matin,,,974,97404,1,1,1,3,4,Voie communale,50.0,1
202400008233,2024-08-08,après-midi,,,78,78208,1,1,2,4,3,Départementale,50.0,1
202400008234,2024-11-27,après-midi,,,33,33036,1,1,1,2,4,Voie communale,50.0,1
202400008235,2024-09-13,matin,,,2B,2B033,1,8,3,4,2,Nationale,50.0,1
202400008236,2024-04-25,nuit,,,35,35197,3,1,6,3,3,Départementale,110.0,1
202400008237,2024-08-08,matin,,,78,78423,1,1,3,4,4,Voie communale,30.0,1
202400008238,2024-11-27,après-midi,,,63,63286,1,1,1,4,3,Départementale,90.0,1
202400008239,2024-04-25,soirée,,,62,62524,1,1,6,3,3,Départementale,80.0,1
202400008240,2024-09-13,matin,,,971,97101,1,1,3,4,3,Départementale,30.0,1
202400008241,2024-04-25,matin,,,56,56158,1,1,7,4,3,Départementale,80.0,1
202400008242,2024-08-07,après-midi,,,77,77373,1,1,6,3,4,Voie communale,50.0,1
202400008243,2024-11-25,soirée,,,61,61287,5,1,6,2,4,Voie communale,50.0,1
202400008244,2024-09-11,après-midi,,,971,97113,1,1,3,4,2,Nationale,30.0,1
202400008245,2024-04-26,nuit,,,2B,2B150,3,1,3,4,2,Nationale,70.0,1
202400008246,2024-08-08,matin,,,77,77373,1,1,3,4,3,Départementale,50.0,1
202400008247,2024-11-26,matin,,,61,61474,1,1,1,4,4,Voie communale,80.0,2
202400008248,2024-09-13,matin,,,971,97101,1,1,6,3,3,Départementale,50.0,1
202400008249,2024-08-07,après-midi,,,77,77237,1,1,6,4,3,Départementale,90.0,1
202400008250,2024-04-26,matin,,,61,61474,1,1,3,4,3,Départementale,70.0,1
202400008251,2024-09-12,soirée,,,971,97101,4,1,6,4,3,Départementale,50.0,1
202400008252,2024-11-27,matin,,,49,49125,3,2,5,2,3,Départementale,90.0,2
202400008253,2024-04-26,après-midi,,,12,12056,1,1,6,3,3,Départementale,50.0,1
202400008254,2024-08-07,soirée,,,76,76351,1,1,3,4,4,Voie communale,50.0,1
202400008255,2024-04-23,nuit,,,46,46307,3,1,6,4,3,Départementale,80.0,1
202400008256,2024-09-11,après-midi,,,971,97101,1,1,3,4,3,Départementale,50.0,1
202400008257,2024-11-26,matin,,,49,49018,2,5,3,3,3,Départementale,50.0,1
202400008258,2024-08-05,soirée,,,76,76351,1,1,3,4,4,Voie communale,50.0,1
202400008259,2024-09-13,soirée,,,95,95585,1,1,6,4,4,Voie communale,50.0,2
202400008260,2024-04-22,après-midi,,,41,41043,1,1,3,4,3,Départementale,90.0,1
202400008261,2024-11-25,après-midi,,,49,49218,5,2,3,4,3,Départementale,50.0,2
202400008262,2024-04-25,matin,,,41,41063,1,1,6,2,3,Départementale,50.0,1
202400008263,2024-08-08,après-midi,,,76,76026,1,1,1,4,3,Départementale,50.0,1
202400008264,2024-04-25,après-midi,,,68,68062,1,1,4,3,3,Départementale,90.0,1
202400008265,2024-09-13,soirée,,,91,91103,5,1,4,4,3,Départementale,90.0,1
202400008266,2024-08-08,soirée,,,74,74118,5,1,6,4,3,Départementale,50.0,1
202400008267,2024-04-25,nuit,,,39,39286,4,5,6,4,4,Voie communale,50.0,7
202400008268,2024-09-13,soirée,,,91,91377,1,1,6,4,3,Départementale,30.0,1
202400008269,2024-11-27,après-midi,,,68,68200,1,1,1,4,3,Départementale,50.0,1
202400008270,2024-08-08,nuit,,,73,73065,3,1,7,3,3,Départementale,80.0,1
202400008271,2024-04-26,soirée,,,39,39154,1,1,3,4,3,Départementale,50.0,1
202400008272,2024-09-13,nuit,,,91,91201,5,8,3,4,3,Départementale,30.0,1
202400008273,2024-08-07,après-midi,,,72,72181,1,1,3,4,4,Voie communale,50.0,1
202400008274,2024-04-26,après-midi,,,84,84051,1,8,7,4,3,Départementale,80.0,2
202400008275,2024-11-27,matin,,,68,68338,2,1,4,3,3,Départementale,90.0,1
202400008276,2024-04-25,soirée,,,03,03018,2,2,7,4,3,Départementale,,8
202400008277,2024-09-13,matin,,,91,91027,1,1,3,3,2,Nationale,50.0,1
202400008278,2024-11-25,soirée,,,44,44187,3,1,1,4,3,Départementale,80.0,1
202400008279,2024-08-08,matin,,,69,69029,1,1,5,4,4,Voie communale,50.0,1
202400008280,2024-04-25,après-midi,,,21,21250,1,1,5,3,3,Départementale,80.0,1
202400008281,2024-11-27,après-midi,,,31,31232,1,1,6,2,3,Départementale,80.0,1
202400008282,2024-09-12,nuit,,,86,86194,3,2,3,4,4,Voie communale,30.0,2
202400008283,2024-08-08,soirée,,,67,67482,2,1,3,4,4,Voie communale,50.0,1
202400008284,2024-04-26,après-midi,,,40,40127,1,1,4,4,3,Départementale,80.0,1
202400008285,2024-04-26,matin,,,17,17158,1,1,7,2,3,Départementale,50.0,1
202400008286,2024-08-08,nuit,,,67,67482,2,8,6,4,4,Voie communale,50.0,1
202400008287,2024-09-12,après-midi,,,86,86194,1,1,3,3,4,Voie communale,30.0,1
202400008288,2024-11-26,matin,,,03,03254,1,1,3,4,3,Départementale,90.0,1
202400008289,2024-11-26,après-midi,,,15,15187,2,1,7,3,3,Départementale,80.0,2
202400008290,2024-09-10,matin,,,83,83009,1,1,6,3,4,Voie communale,30.0,1
202400008291,2024-08-07,nuit,,,67,67267,5,1,3,4,4,Voie communale,50.0,1
202400008292,2024-04-26,matin,,,30,30311,1,3,4,4,3,Départementale,80.0,2
202400008293,2024-11-27,nuit,,,70,70312,3,5,6,3,2,Nationale,110.0,1
202400008294,2024-09-13,matin,,,83,83034,1,6,3,3,3,Départementale,50.0,1
202400008295,2024-08-08,après-midi,,,64,64122,1,1,3,4,4,Voie communale,50.0,1
202400008296,2024-04-25,nuit,,,56,56178,5,1,2,3,3,Départementale,90.0,1
202400008297,2024-11-26,nuit,,,24,24567,3,5,2,2,2,Nationale,80.0,1
202400008298,2024-09-13,après-midi,,,77,77146,1,1,1,3,3,Départementale,50.0,1
202400008299,2024-04-14,après-midi,,,53,53210,1,1,6,3,3,Départementale,80.0,1
202400008300,2024-08-07,après-midi,,,64,64125,1,1,1,3,4,Voie communale,30.0,1
202400008301,2024-11-27,après-midi,,,24,24253,1,1,6,2,3,Départementale,80.0,1
202400008302,2024-09-12,après-midi,,,77,77487,1,1,3,4,3,Départementale,50.0,1
202400008303,2024-11-27,matin,,,85,85146,5,2,6,3,3,Départementale,50.0,2
202400008304,2024-04-26,après-midi,,,13,13051,1,8,3,4,3,Départementale,,2
202400008305,2024-08-02,soirée,,,62,62525,1,1,3,4,4,Voie communale,50.0,1
202400008306,2024-04-26,après-midi,,,06,06018,1,2,6,4,3,Départementale,70.0,2
202400008307,2024-09-12,après-midi,,,76,76351,1,1,6,4,4,Voie communale,50.0,1
202400008308,2024-11-18,après-midi,,,27,27467,5,3,3,4,3,Départementale,50.0,2
202400008309,2024-08-07,soirée,,,62,62498,1,1,6,3,4,Voie communale,30.0,1
202400008310,2024-09-13,après-midi,,,72,72003,1,1,2,4,4,Voie communale,30.0,1
202400008311,2024-11-15,après-midi,,,27,27488,3,8,3,3,3,Départementale,80.0,2
202400008312,2024-04-26,matin,,,42,42166,1,1,1,3,3,Départementale,70.0,1
202400008313,2024-08-07,matin,,,62,62193,1,1,3,4,4,Voie communale,50.0,1
202400008314,2024-09-12,matin,,,72,72003,1,1,6,4,4,Voie communale,30.0,1
202400008315,2024-08-07,matin,,,62,62193,1,1,3,4,3,Départementale,50.0,1
202400008316,2024-11-26,après-midi,,,17,17241,3,1,1,4,4,Voie communale,50.0,1
202400008317,2024-04-26,nuit,,,91,91666,3,1,3,2,3,Départementale,80.0,1
202400008318,2024-09-13,matin,,,69,69282,1,1,6,4,4,Voie communale,30.0,1
202400008319,2024-08-04,après-midi,,,62,62188,1,1,3,3,3,Départementale,80.0,1
202400008320,2024-04-26,après-midi,,,51,51183,1,8,6,4,1,Autoroute,70.0,1
202400008321,2024-11-26,matin,,,37,37281,2,1,1,4,3,Départementale,50.0,2
202400008322,2024-09-13,matin,,,69,69264,1,1,3,4,4,Voie communale,30.0,1
202400008323,2024-04-26,nuit,,,30,30004,3,2,2,4,1,Autoroute,90.0,2
202400008324,2024-08-04,matin,,,62,62041,1,1,3,4,3,Départementale,50.0,1
202400008325,2024-09-12,matin,,,69,69199,1,2,3,4,7,Autre,50.0,2
202400008326,2024-11-25,soirée,,,987,98738,5,1,1,3,3,Départementale,,1
202400008327,2024-04-26,nuit,,,30,30169,3,1,2,4,1,Autoroute,130.0,1
202400008328,2024-11-27,après-midi,,,73,73065,1,1,6,3,1,Autoroute,50.0,1
202400008329,2024-09-13,matin,,,66,66136,1,1,6,4,4,Voie communale,50.0,1
202400008330,2024-04-26,nuit,,,972,97230,3,1,3,4,2,Nationale,90.0,1
202400008331,2024-08-08,matin,,,59,59599,1,1,6,4,7,Autre,50.0,1
202400008332,2024-11-26,soirée,,,971,97116,3,1,2,3,2,Nationale,80.0,1
202400008333,2024-04-25,après-midi,,,972,97224,1,1,6,4,2,Nationale,50.0,1
202400008334,2024-09-13,après-midi,,,64,64483,1,1,3,4,3,Départementale,70.0,1
202400008335,2024-08-06,matin,,,57,57672,1,1,6,3,4,Voie communale,50.0,1
202400008336,2024-04-23,matin,,,33,33527,2,1,3,3,4,Voie communale,50.0,1
202400008337,2024-09-13,soirée,,,64,64445,5,1,6,3,4,Voie communale,50.0,1
202400008338,2024-11-27,nuit,,,77,77091,3,1,6,4,3,Départementale,80.0,2
202400008339,2024-08-07,matin,,,56,56260,1,1,3,4,3,Départementale,50.0,1
202400008340,2024-04-26,nuit,,,28,28039,4,1,6,2,3,Départementale,50.0,1
202400008341,2024-08-08,nuit,,,56,56162,3,1,6,4,4,Voie communale,30.0,1
202400008342,2024-09-13,après-midi,,,64,64445,1,1,3,4,4,Voie communale,50.0,1
202400008343,2024-04-22,matin,,,45,45028,2,1,3,2,3,Départementale,50.0,1
202400008344,2024-11-26,matin,,,34,34113,1,1,6,4,3,Départementale,50.0,1
202400008345,2024-09-13,matin,,,64,64284,2,1,6,3,3,Départementale,50.0,2
202400008346,2024-08-06,soirée,,,56,56121,1,1,3,4,4,Voie communale,30.0,1
202400008347,2024-04-05,après-midi,,,45,45028,1,1,6,3,6,Autre,,1
202400008348,2024-04-25,après-midi,,,13,13014,1,1,6,4,3,Départementale,80.0,1
202400008349,2024-11-13,soirée,,,34,34213,5,1,6,3,4,Voie communale,50.0,1
202400008350,2024-08-06,après-midi,,,56,56121,1,1,3,4,4,Voie communale,30.0,1
202400008351,2024-09-12,matin,,,63,63300,1,1,2,4,3,Départementale,80.0,1
202400008352,2024-04-26,après-midi,,,13,13086,1,8,1,3,3,Départementale,70.0,2
202400008353,2024-11-26,après-midi,,,68,68154,1,1,1,4,4,Voie communale,50.0,2
202400008354,2024-08-06,après-midi,,,56,56098,1,1,2,4,3,Départementale,50.0,1
202400008355,2024-04-25,soirée,,,88,88178,1,1,7,3,3,Départementale,80.0,1
202400008356,2024-09-13,soirée,,,62,62548,5,1,7,3,3,Départementale,50.0,1
202400008357,2024-10-28,après-midi,,,67,67550,1,1,2,4,3,Départementale,80.0,1
202400008358,2024-08-07,matin,,,51,51172,1,1,3,4,4,Voie communale,50.0,1
202400008359,2024-04-26,après-midi,,,73,73303,1,1,6,2,3,Départementale,80.0,2
202400008360,2024-09-13,après-midi,,,59,59350,1,1,2,4,7,Autre,50.0,1
202400008361,2024-08-08,après-midi,,,51,51506,1,1,6,4,4,Voie communale,30.0,1
202400008362,2024-11-27,matin,,,01,01376,2,5,3,4,3,Départementale,50.0,2
202400008363,2024-09-13,nuit,,,59,59378,5,1,6,4,7,Autre,50.0,1
202400008364,2024-08-08,soirée,,,50,50218,1,1,6,4,4,Voie communale,30.0,1
202400008365,2024-11-12,après-midi,,,35,35334,1,1,3,3,7,Autre,30.0,2
202400008366,2024-04-25,soirée,,,33,33553,2,7,3,2,3,Départementale,80.0,2
202400008367,2024-09-13,matin,,,59,59043,1,1,3,3,3,Départementale,30.0,1
202400008368,2024-11-27,après-midi,,,27,27422,2,1,7,4,4,Voie communale,45.0,2
202400008369,2024-04-25,après-midi,,,33,33380,1,1,1,4,3,Départementale,80.0,1
202400008370,2024-08-06,après-midi,,,49,49353,1,1,3,4,4,Voie communale,50.0,1
202400008371,2024-11-26,matin,,,13,13043,1,1,2,4,1,Autoroute,90.0,1
202400008372,2024-08-08,après-midi,,,45,45234,1,1,6,3,4,Voie communale,50.0,1
202400008373,2024-04-26,après-midi,,,50,50139,1,2,3,4,2,Nationale,110.0,2
202400008374,2024-11-25,nuit,,,13,13056,3,1,6,4,1,Autoroute,50.0,1
202400008375,2024-08-08,soirée,,,45,45208,1,1,3,4,4,Voie communale,50.0,1
202400008376,2024-11-26,nuit,,,83,83027,3,1,6,4,1,Autoroute,130.0,1
202400008377,2024-08-09,nuit,,,43,43157,5,1,7,4,4,Voie communale,50.0,1
202400008378,2024-04-26,nuit,,,60,60352,3,1,7,3,3,Départementale,80.0,1
202400008379,2024-11-16,nuit,,,69,69389,5,1,4,4,7,Autre,70.0,1
202400008380,2024-04-21,après-midi,,,13,13202,1,1,2,4,1,Autoroute,70.0,1
202400008381,2024-08-08,matin,,,43,43046,1,1,1,4,3,Départementale,70.0,1
202400008382,2024-11-25,matin,,,67,67482,2,1,2,4,7,Autre,70.0,2
202400008383,2024-08-08,matin,,,42,42095,1,1,6,4,4,Voie communale,50.0,1
202400008384,2024-11-26,après-midi,,,33,33550,1,1,2,4,1,Autoroute,90.0,1
202400008385,2024-04-24,matin,,,69,69029,1,1,2,4,1,Autoroute,70.0,1
202400008386,2024-08-08,matin,,,38,38185,1,1,6,3,4,Voie communale,30.0,1
202400008387,2024-04-25,soirée,,,91,91645,1,1,2,4,2,Nationale,90.0,1
202400008388,2024-04-25,après-midi,,,91,91471,1,1,7,4,2,Nationale,90.0,1
202400008389,2024-04-25,après-midi,,,75,75114,1,1,2,4,1,Autoroute,70.0,1
202400008390,2024-08-07,nuit,,,35,35238,4,1,3,4,4,Voie communale,50.0,1
202400008391,2024-11-26,après-midi,,,91,91659,3,1,5,4,1,Autoroute,110.0,1
202400008392,2024-11-26,matin,,,77,77251,1,1,7,4,1,Autoroute,70.0,2
202400008393,2024-08-08,soirée,,,35,35281,1,1,2,4,4,Voie communale,50.0,1
202400008394,2024-11-26,matin,,,91,91589,1,1,2,4,1,Autoroute,110.0,2
202400008395,2024-08-08,après-midi,,,35,35051,1,1,3,4,4,Voie communale,50.0,1
202400008396,2024-11-26,matin,,,78,78640,1,1,7,4,1,Autoroute,90.0,2
202400008397,2024-08-07,après-midi,,,35,35115,1,1,7,3,4,Voie communale,30.0,1
202400008398,2024-08-08,nuit,,,34,34172,5,1,7,4,4,Voie communale,50.0,1
202400008399,2024-08-07,soirée,,,34,34129,1,1,3,4,4,Voie communale,50.0,1
202400008400,2024-11-26,soirée,,,95,95424,3,2,3,4,1,Autoroute,110.0,2
202400008401,2024-08-08,nuit,,,33,33065,3,1,6,3,4,Voie communale,50.0,1
202400008402,2024-08-08,nuit,,,33,33529,5,1,6,3,4,Voie communale,50.0,1
202400008403,2024-02-06,après-midi,,,971,97113,1,1,1,4,3,Départementale,80.0,1
202400008404,2024-02-06,matin,,,2A,2A004,1,1,6,4,4,Voie communale,50.0,1
202400008405,2024-08-07,après-midi,,,26,26058,1,1,3,4,4,Voie communale,50.0,1
202400008406,2024-01-26,nuit,,,89,89024,3,1,3,3,3,Départementale,90.0,1
202400008407,2024-08-06,matin,,,25,25462,1,1,3,4,2,Nationale,50.0,1
202400008408,2024-02-06,après-midi,,,84,84031,1,1,3,4,4,Voie communale,10.0,1
202400008409,2024-08-08,soirée,,,25,25388,1,1,3,3,4,Voie communale,50.0,1
202400008410,2024-08-08,après-midi,,,25,25056,1,1,6,2,4,Voie communale,50.0,1
202400008411,2024-02-05,après-midi,,,83,83090,1,1,6,4,3,Départementale,70.0,1
202400008412,2024-08-08,après-midi,,,25,25056,1,7,3,3,4,Voie communale,30.0,1
202400008413,2024-01-27,après-midi,,,83,83126,1,1,2,3,3,Départementale,50.0,1
202400008414,2024-08-07,nuit,,,18,18279,5,1,6,3,3,Départementale,50.0,1
202400008415,2024-02-04,soirée,,,80,80021,5,8,7,4,4,Voie communale,50.0,2
202400008416,2024-08-07,après-midi,,,14,14715,1,1,7,3,6,Autre,30.0,1
202400008417,2024-02-03,soirée,,,80,80021,5,2,6,4,4,Voie communale,50.0,2
202400008418,2024-07-11,après-midi,,,14,14341,1,1,2,4,2,Nationale,90.0,1
202400008419,2024-08-07,après-midi,,,13,13071,1,1,5,4,7,Autre,50.0,1
202400008420,2024-02-06,nuit,,,76,76540,5,1,3,4,7,Autre,50.0,1
202400008421,2024-02-06,matin,,,76,76351,5,1,6,4,4,Voie communale,50.0,1
202400008422,2024-08-07,après-midi,,,13,13071,1,1,2,4,3,Départementale,50.0,1
202400008423,2024-08-08,soirée,,,13,13203,5,1,1,4,4,Voie communale,50.0,1
202400008424,2024-02-06,matin,,,76,76026,1,1,2,4,3,Départementale,50.0,1
202400008425,2024-08-07,après-midi,,,13,13208,1,7,1,3,4,Voie communale,50.0,1
202400008426,2024-02-06,matin,,,74,74012,1,1,1,4,4,Voie communale,50.0,1
202400008427,2024-07-18,matin,,,12,12202,1,1,5,4,4,Voie communale,30.0,1
202400008428,2024-02-06,matin,,,72,72181,1,1,3,4,4,Voie communale,50.0,1
202400008429,2024-08-05,après-midi,,,12,12013,1,1,6,3,3,Départementale,90.0,1
202400008430,2024-08-08,soirée,,,08,08480,1,1,7,3,1,Autoroute,130.0,1
202400008431,2024-02-05,matin,,,72,72181,1,1,6,4,4,Voie communale,50.0,1
202400008432,2024-08-08,soirée,,,06,06088,5,1,3,3,7,Autre,50.0,1
202400008433,2024-02-06,matin,,,71,71076,1,1,3,4,4,Voie communale,50.0,1
202400008434,2024-08-08,matin,,,06,06083,1,1,6,4,4,Voie communale,50.0,1
202400008435,2024-07-24,soirée,,,06,06069,1,1,6,3,4,Voie communale,50.0,1
202400008436,2024-02-06,matin,,,69,69264,1,1,3,3,4,Voie communale,50.0,1
202400008437,2024-02-06,matin,,,69,69013,1,5,7,4,3,Départementale,70.0,1
202400008438,2024-08-08,soirée,,,05,05061,1,1,2,4,3,Départementale,50.0,1