Num_Acc,date,time_of_day,lat,long,dep,com,lum,atm,col,severity_index,catr,catr_label,vma,surf
202400008439,2024-02-05,après-midi,,,69,69264,1,1,7,3,4,Voie communale,50.0,1
202400008440,2024-08-08,nuit,,,75,75116,5,1,6,4,4,Voie communale,70.0,1
202400008441,2024-08-07,soirée,,,75,75118,1,1,2,4,4,Voie communale,70.0,1
202400008442,2024-02-05,soirée,,,69,69290,2,1,4,4,4,Voie communale,50.0,1
202400008443,2024-08-07,après-midi,,,75,75120,1,1,2,4,4,Voie communale,70.0,1
202400008444,2024-02-06,après-midi,,,65,65047,1,1,3,3,2,Nationale,50.0,1
202400008445,2024-08-07,soirée,,,75,75114,5,1,3,3,4,Voie communale,70.0,1
202400008446,2024-02-06,après-midi,,,64,64483,1,1,2,4,4,Voie communale,50.0,1
202400008447,2024-02-05,soirée,,,64,64102,5,1,7,4,3,Départementale,50.0,1
202400008448,2024-08-07,après-midi,,,75,75113,1,1,3,4,4,Voie communale,70.0,1
202400008449,2024-02-06,après-midi,,,63,63113,1,1,6,4,4,Voie communale,50.0,1
202400008450,2024-08-07,matin,,,75,75108,1,1,3,4,4,Voie communale,30.0,1
202400008451,2024-02-05,après-midi,,,60,60159,1,1,6,4,4,Voie communale,30.0,1
202400008452,2024-08-08,matin,,,75,75105,1,1,3,4,4,Voie communale,30.0,1
202400008453,2024-02-06,soirée,,,59,59599,5,1,6,4,4,Voie communale,50.0,1
202400008454,2024-08-08,soirée,,,75,75120,1,1,1,4,4,Voie communale,30.0,1
202400008455,2024-02-06,soirée,,,59,59457,5,1,3,4,4,Voie communale,50.0,1
202400008456,2024-08-08,soirée,,,75,75119,2,1,6,4,4,Voie communale,30.0,1
202400008457,2024-08-05,nuit,,,75,75119,2,1,1,3,4,Voie communale,30.0,1
202400008458,2024-02-06,matin,,,59,59368,1,1,1,4,4,Voie communale,30.0,1
202400008459,2024-08-08,après-midi,,,75,75117,1,1,2,4,4,Voie communale,30.0,1
202400008460,2024-02-06,après-midi,,,57,57463,1,1,6,4,4,Voie communale,50.0,1
202400008461,2024-08-08,soirée,,,75,75115,1,1,2,4,4,Voie communale,30.0,1
202400008462,2024-11-10,nuit,,,69,69142,3,1,2,4,7,Autre,70.0,1
202400008463,2024-02-06,soirée,,,51,51454,5,1,3,4,1,Autoroute,50.0,1
202400008464,2024-08-08,après-midi,,,75,75114,1,1,3,4,4,Voie communale,30.0,1
202400008465,2024-11-07,après-midi,,,976,97610,1,1,3,4,2,Nationale,70.0,1
202400008466,2024-02-06,matin,,,51,51172,1,1,5,4,4,Voie communale,50.0,1
202400008467,2024-08-08,matin,,,75,75113,1,1,6,4,4,Voie communale,30.0,1
202400008468,2024-04-23,soirée,,,38,38544,1,1,6,4,4,Voie communale,50.0,1
202400008469,2024-02-05,soirée,,,49,49307,4,2,7,4,3,Départementale,90.0,2
202400008470,2024-08-07,nuit,,,75,75113,5,1,3,4,4,Voie communale,50.0,1
202400008471,2024-02-05,matin,,,49,49007,5,8,6,3,4,Voie communale,50.0,1
202400008472,2024-12-17,soirée,,,69,69299,3,1,6,2,3,Départementale,70.0,1
202400008473,2024-08-07,soirée,,,75,75112,1,1,1,4,4,Voie communale,30.0,1
202400008474,2024-02-06,soirée,,,47,47001,5,1,3,4,4,Voie communale,50.0,1
202400008475,2024-08-07,matin,,,75,75112,1,2,6,4,4,Voie communale,50.0,2
202400008476,2024-02-06,soirée,,,45,45004,3,8,3,4,3,Départementale,70.0,1
202400008477,2024-09-30,matin,,,62,62771,1,1,1,4,4,Voie communale,50.0,1
202400008478,2024-08-08,nuit,,,75,75110,5,1,3,4,4,Voie communale,30.0,1
202400008479,2024-04-23,soirée,,,972,97213,3,1,6,3,1,Autoroute,90.0,1
202400008480,2024-02-06,nuit,,,44,44109,5,1,3,3,4,Voie communale,30.0,1
202400008481,2024-08-08,nuit,,,75,75109,5,1,3,4,4,Voie communale,30.0,1
202400008482,2024-10-17,soirée,,,73,73008,5,1,6,4,4,Voie communale,30.0,1
202400008483,2024-08-08,après-midi,,,75,75114,1,7,6,3,4,Voie communale,30.0,1
202400008484,2024-02-05,soirée,,,42,42187,5,1,3,4,4,Voie communale,50.0,1
202400008485,2024-10-08,après-midi,,,73,73008,1,2,6,4,3,Départementale,50.0,2
202400008486,2024-08-08,soirée,,,75,75104,1,1,2,4,4,Voie communale,30.0,1
202400008487,2024-02-06,matin,,,36,36202,5,8,6,4,3,Départementale,50.0,1
202400008488,2024-11-17,après-midi,,,94,94067,1,1,3,4,4,Voie communale,30.0,1
202400008489,2024-08-08,après-midi,,,94,94073,1,9,6,4,4,Voie communale,,1
202400008490,2024-02-04,après-midi,,,34,34032,1,1,3,3,4,Voie communale,50.0,1
202400008491,2024-12-05,nuit,,,83,83123,5,1,2,3,4,Voie communale,50.0,1
202400008492,2024-08-08,après-midi,,,93,93073,1,1,3,4,4,Voie communale,50.0,1
202400008493,2024-02-06,matin,,,33,33063,1,5,3,4,4,Voie communale,50.0,1
202400008494,2024-08-08,après-midi,,,93,93078,1,1,3,4,4,Voie communale,50.0,1
202400008495,2024-12-28,matin,,,37,37276,1,5,3,3,3,Départementale,80.0,2
202400008496,2024-02-05,soirée,,,33,33063,5,1,2,4,4,Voie communale,50.0,1
202400008497,2024-08-08,nuit,,,93,93046,5,1,6,4,4,Voie communale,50.0,1
202400008498,2024-11-17,nuit,,,77,77373,5,1,6,4,3,Départementale,50.0,1
202400008499,2024-02-05,matin,,,33,33063,5,1,6,4,4,Voie communale,30.0,2
202400008500,2024-11-09,après-midi,,,13,13210,1,1,2,4,4,Voie communale,50.0,1
202400008501,2024-08-08,matin,,,93,93053,1,1,3,4,3,Départementale,50.0,1
202400008502,2024-02-06,soirée,,,33,33009,5,1,3,4,4,Voie communale,50.0,1
202400008503,2024-08-08,matin,,,92,92078,1,1,2,4,3,Départementale,50.0,1
202400008504,2024-11-18,après-midi,,,94,94077,5,2,3,4,4,Voie communale,50.0,2
202400008505,2024-02-06,matin,,,31,31555,1,1,2,4,1,Autoroute,90.0,1
202400008506,2024-08-07,matin,,,92,92050,1,1,3,4,4,Voie communale,50.0,1
202400008507,2024-11-19,nuit,,,93,93073,5,2,1,4,3,Départementale,50.0,2
202400008508,2024-08-08,après-midi,,,92,92002,1,1,7,4,3,Départementale,10.0,1
202400008509,2024-01-23,soirée,,,30,30189,5,1,1,4,3,Départementale,50.0,1
202400008510,2024-02-06,après-midi,,,30,30007,1,1,2,4,4,Voie communale,50.0,1
202400008511,2024-05-29,après-midi,,,93,93032,1,3,5,4,3,Départementale,50.0,2
202400008512,2024-08-08,soirée,,,51,51649,3,1,3,4,4,Voie communale,50.0,1
202400008513,2024-02-05,matin,,,30,30243,1,1,3,4,3,Départementale,50.0,1
202400008514,2024-07-29,matin,,,51,51295,1,1,3,4,3,Départementale,50.0,1
202400008515,2024-05-23,matin,,,93,93032,1,1,2,4,4,Voie communale,,1
202400008516,2024-12-31,nuit,,,987,98745,5,1,7,3,2,Nationale,40.0,2
202400008517,2024-02-06,soirée,,,29,29232,2,1,4,4,3,Départementale,50.0,1
202400008518,2024-08-08,soirée,,,85,85223,1,1,5,4,3,Départementale,80.0,1
202400008519,2024-08-01,après-midi,,,63,63001,1,1,2,3,4,Voie communale,50.0,1
202400008520,2024-07-23,matin,,,18,18127,1,1,7,2,3,Départementale,90.0,1
202400008521,2024-08-08,après-midi,,,59,59553,1,1,1,4,3,Départementale,,1
202400008522,2024-02-06,après-midi,,,26,26198,1,1,3,4,4,Voie communale,50.0,1
202400008523,2024-11-19,après-midi,,,74,74010,5,2,6,4,4,Voie communale,50.0,2
202400008524,2024-08-09,nuit,,,85,85082,4,1,3,3,3,Départementale,30.0,1
202400008525,2024-02-05,après-midi,,,23,23096,1,1,6,4,4,Voie communale,50.0,1
202400008526,2024-08-08,nuit,,,85,85064,3,1,6,3,3,Départementale,50.0,1
202400008527,2024-11-19,matin,,,75,75106,1,2,7,4,4,Voie communale,30.0,2
202400008528,2024-08-09,matin,,,37,37123,1,1,6,3,1,Autoroute,130.0,1
202400008529,2024-01-04,après-midi,,,22,22278,2,3,2,4,4,Voie communale,30.0,2
202400008530,2024-11-18,après-midi,,,75,75106,1,1,7,4,4,Voie communale,30.0,2
202400008531,2024-08-02,après-midi,,,62,62630,1,1,1,4,3,Départementale,80.0,1
202400008532,2024-02-06,soirée,,,17,17415,3,1,7,4,4,Voie communale,50.0,1
202400008533,2024-08-07,soirée,,,62,62007,1,1,7,4,3,Départementale,80.0,1
202400008534,2024-11-18,soirée,,,93,93051,5,2,4,4,3,Départementale,50.0,2
202400008535,2024-02-06,matin,,,13,13103,2,8,3,4,4,Voie communale,50.0,1
202400008536,2024-08-07,soirée,,,30,30034,1,1,7,3,4,Voie communale,80.0,1
202400008537,2024-11-18,soirée,,,93,93050,5,2,6,4,3,Départementale,50.0,2
202400008538,2024-01-31,soirée,,,13,13056,2,1,1,2,4,Voie communale,50.0,1
202400008539,2024-08-09,matin,,,56,56195,1,1,6,3,4,Voie communale,50.0,1
202400008540,2024-07-05,après-midi,,,27,27340,1,1,2,4,1,Autoroute,130.0,1
202400008541,2024-08-08,après-midi,,,56,56087,1,1,7,3,4,Voie communale,30.0,1
202400008542,2024-02-06,après-midi,,,13,13214,1,1,3,4,4,Voie communale,50.0,1
202400008543,2024-11-03,soirée,,,971,97113,5,1,7,3,2,Nationale,50.0,1
202400008544,2024-08-09,matin,,,2B,2B309,1,1,3,4,3,Départementale,50.0,1
202400008545,2024-02-06,après-midi,,,13,13211,1,1,3,3,4,Voie communale,50.0,1
202400008546,2024-08-09,soirée,,,80,80620,1,1,2,4,3,Départementale,50.0,1
202400008547,2024-02-06,matin,,,13,13214,1,1,3,4,4,Voie communale,50.0,1
202400008548,2024-02-12,soirée,,,82,82124,5,1,7,2,4,Voie communale,50.0,1
202400008549,2024-02-06,après-midi,,,13,13047,2,1,7,4,3,Départementale,70.0,1
202400008550,2024-08-09,matin,,,82,82125,1,1,6,4,3,Départementale,80.0,1
202400008551,2024-12-26,matin,,,35,35319,1,1,3,3,3,Départementale,80.0,2
202400008552,2024-08-08,après-midi,,,71,71428,1,1,6,4,3,Départementale,80.0,1
202400008553,2024-02-06,soirée,,,06,06004,5,1,1,4,3,Départementale,50.0,1
202400008554,2024-12-29,matin,,,38,38455,3,1,7,3,4,Voie communale,80.0,7
202400008555,2024-08-09,nuit,,,89,89446,3,1,6,2,3,Départementale,70.0,1
202400008556,2024-02-06,matin,,,06,06004,5,1,1,3,4,Voie communale,50.0,1
202400008557,2024-08-08,après-midi,,,61,61463,1,1,3,4,4,Voie communale,80.0,1
202400008558,2024-02-06,après-midi,,,75,75119,1,1,3,4,4,Voie communale,30.0,1
202400008559,2024-10-24,après-midi,,,28,28092,1,1,5,4,1,Autoroute,130.0,1
202400008560,2024-11-24,soirée,,,76,76070,3,1,6,3,3,Départementale,80.0,1
202400008561,2024-08-09,matin,,,49,49347,1,1,1,4,3,Départementale,80.0,1
202400008562,2024-02-06,après-midi,,,75,75118,1,1,6,4,4,Voie communale,,1
202400008563,2024-08-24,nuit,,,63,63124,4,1,6,2,7,Autre,50.0,1
202400008564,2024-08-09,matin,,,12,12270,1,7,6,2,3,Départementale,80.0,1
202400008565,2024-02-06,après-midi,,,75,75115,1,1,6,4,4,Voie communale,30.0,1
202400008566,2024-08-08,matin,,,42,42323,2,1,6,3,3,Départementale,50.0,1
202400008567,2024-10-02,après-midi,,,34,34301,1,1,1,4,3,Départementale,50.0,2
202400008568,2024-02-06,matin,,,75,75115,1,1,6,4,4,Voie communale,,1
202400008569,2024-08-08,après-midi,,,42,42139,1,1,1,4,3,Départementale,80.0,1
202400008570,2024-11-22,après-midi,,,74,74010,2,1,1,4,4,Voie communale,50.0,1
202400008571,2024-02-05,matin,,,75,75114,1,8,6,4,4,Voie communale,,1
202400008572,2024-08-09,après-midi,,,47,47310,1,1,1,3,3,Départementale,80.0,1
202400008573,2024-11-19,soirée,,,74,74275,3,3,1,4,3,Départementale,50.0,2
202400008574,2024-02-05,matin,,,75,75114,2,1,6,4,4,Voie communale,30.0,1
202400008575,2024-11-20,matin,,,74,74309,5,2,6,4,3,Départementale,30.0,2
202400008576,2024-08-05,matin,,,34,34237,1,7,6,4,3,Départementale,50.0,1
202400008577,2024-02-06,matin,,,75,75112,1,1,3,4,4,Voie communale,50.0,1
202400008578,2024-08-07,soirée,,,22,22264,1,1,3,4,4,Voie communale,50.0,1
202400008579,2024-11-13,après-midi,,,74,74262,3,1,4,4,3,Départementale,,1
202400008580,2024-02-05,nuit,,,94,94041,5,1,1,3,3,Départementale,50.0,1
202400008581,2024-08-09,après-midi,,,25,25403,1,1,1,4,3,Départementale,80.0,1
202400008582,2024-11-19,matin,,,74,74012,2,3,6,4,3,Départementale,50.0,2
202400008583,2024-02-06,après-midi,,,94,94073,5,2,3,4,3,Départementale,30.0,2
202400008584,2024-08-08,matin,,,25,25418,1,1,1,4,3,Départementale,90.0,1
202400008585,2024-11-20,après-midi,,,74,74008,1,1,3,4,4,Voie communale,50.0,1
202400008586,2024-02-06,matin,,,94,94077,1,1,3,4,4,Voie communale,50.0,1
202400008587,2024-08-08,après-midi,,,29,29185,1,2,6,4,3,Départementale,10.0,2
202400008588,2024-02-06,matin,,,93,93078,1,1,2,4,3,Départementale,,1
202400008589,2024-11-20,matin,,,74,74165,3,1,3,3,3,Départementale,80.0,2
202400008590,2024-08-09,matin,,,02,02666,1,1,1,2,3,Départementale,80.0,1
202400008591,2024-11-15,soirée,,,74,74256,3,1,6,3,4,Voie communale,30.0,1
202400008592,2024-02-06,après-midi,,,93,93055,1,1,3,4,3,Départementale,30.0,1
202400008593,2024-08-08,soirée,,,15,15168,2,1,7,4,3,Départementale,90.0,1
202400008594,2024-02-04,nuit,,,93,93013,5,1,3,4,3,Départementale,50.0,1
202400008595,2024-11-14,après-midi,,,74,74081,2,1,3,4,4,Voie communale,,1
202400008596,2024-08-08,soirée,,,01,01196,2,1,6,4,4,Voie communale,80.0,1
202400008597,2024-02-06,après-midi,,,93,93001,1,1,3,4,4,Voie communale,50.0,1
202400008598,2024-08-09,soirée,,,06,06090,1,1,7,3,3,Départementale,50.0,1
202400008599,2024-11-10,nuit,,,74,74220,3,5,6,3,3,Départementale,80.0,2
202400008600,2024-02-06,soirée,,,92,92078,4,1,3,4,3,Départementale,50.0,1
202400008601,2024-08-07,soirée,,,14,14371,1,1,5,4,3,Départementale,80.0,1
202400008602,2024-11-07,après-midi,,,74,74267,1,1,7,4,3,Départementale,50.0,1
202400008603,2024-02-05,nuit,,,92,92075,5,1,6,3,3,Départementale,50.0,1
202400008604,2024-02-06,après-midi,,,92,92048,1,1,7,4,3,Départementale,50.0,1
202400008605,2024-08-07,nuit,,,14,14486,3,1,6,4,3,Départementale,80.0,1
202400008606,2024-02-06,nuit,,,92,92012,5,1,2,4,3,Départementale,50.0,1
202400008607,2024-11-01,après-midi,,,74,74148,1,1,1,4,3,Départementale,80.0,1
202400008608,2024-08-08,soirée,,,14,14370,3,1,7,4,4,Voie communale,50.0,1
202400008609,2024-11-18,après-midi,,,94,94076,5,2,6,4,3,Départementale,50.0,2
202400008610,2024-08-08,après-midi,,,60,60009,1,1,5,4,3,Départementale,80.0,1
202400008611,2024-02-06,matin,,,92,92002,1,1,3,4,3,Départementale,50.0,1
202400008612,2024-08-09,après-midi,,,64,64405,1,1,6,3,4,Voie communale,30.0,1
202400008613,2024-11-01,nuit,,,57,57433,3,9,7,4,3,Départementale,80.0,1
202400008614,2024-02-06,soirée,,,71,71047,2,1,3,3,3,Départementale,50.0,1
202400008615,2024-08-07,matin,,,43,43111,1,1,6,3,4,Voie communale,90.0,1
202400008616,2024-08-08,après-midi,,,10,10328,1,7,1,4,3,Départementale,80.0,1
202400008617,2024-02-07,nuit,,,28,28161,3,1,2,4,1,Autoroute,130.0,1
202400008618,2024-11-25,matin,,,13,13026,1,1,6,4,3,Départementale,50.0,1
202400008619,2024-08-09,après-midi,,,16,16295,1,1,7,3,3,Départementale,80.0,1
202400008620,2024-02-07,après-midi,,,51,51217,1,2,6,3,3,Départementale,80.0,2
202400008621,2024-11-18,après-midi,,,88,88484,1,2,6,3,3,Départementale,80.0,2
202400008622,2024-08-09,soirée,,,07,07009,1,1,2,3,3,Départementale,50.0,1
202400008623,2024-02-07,nuit,,,25,25020,3,2,5,4,1,Autoroute,110.0,2
202400008624,2024-11-12,soirée,,,88,88160,5,1,6,4,3,Départementale,50.0,1
202400008625,2024-08-08,après-midi,,,21,21399,1,1,3,4,3,Départementale,90.0,1
202400008626,2024-02-04,après-midi,,,62,62752,1,1,3,3,3,Départementale,50.0,1
202400008627,2024-11-22,après-midi,,,88,88349,1,4,1,4,3,Départementale,50.0,5
202400008628,2024-08-08,soirée,,,85,85096,3,1,7,2,4,Voie communale,50.0,1
202400008629,2024-01-24,matin,,,68,68315,1,1,6,3,4,Voie communale,30.0,1
202400008630,2024-02-05,soirée,,,44,44129,3,1,7,4,2,Nationale,110.0,1
202400008631,2024-11-13,matin,,,88,88165,2,1,3,4,3,Départementale,50.0,1
202400008632,2024-08-09,après-midi,,,37,37084,1,1,6,4,3,Départementale,90.0,1
202400008633,2024-02-07,matin,,,50,50137,1,2,1,2,3,Départementale,80.0,2
202400008634,2024-11-12,après-midi,,,88,88521,1,1,3,3,3,Départementale,80.0,1
202400008635,2024-08-09,après-midi,,,37,37279,1,1,3,3,3,Départementale,90.0,1
202400008636,2024-02-07,nuit,,,51,51227,3,6,6,2,3,Départementale,80.0,2
202400008637,2024-08-02,matin,,,62,62160,1,1,7,3,4,Voie communale,50.0,1
202400008638,2024-08-09,après-midi,,,30,30248,1,1,2,3,3,Départementale,50.0,1
202400008639,2024-02-06,matin,,,59,59533,3,1,3,3,3,Départementale,80.0,1
202400008640,2024-08-01,matin,,,62,62160,1,1,6,4,4,Voie communale,50.0,1
202400008641,2024-08-09,matin,,,18,18140,1,1,2,4,1,Autoroute,130.0,1
202400008642,2024-02-06,après-midi,,,79,79062,1,1,7,3,4,Voie communale,20.0,1
202400008643,2024-07-19,après-midi,,,62,62160,1,1,1,4,4,Voie communale,50.0,1
202400008644,2024-08-08,après-midi,,,06,06085,1,1,3,4,1,Autoroute,,1
202400008645,2024-02-06,après-midi,,,32,32107,1,1,1,2,3,Départementale,90.0,1
202400008646,2024-09-28,après-midi,,,59,59129,1,1,3,4,3,Départementale,50.0,1
202400008647,2024-02-06,nuit,,,49,49125,3,1,6,4,4,Voie communale,50.0,1
202400008648,2024-08-08,après-midi,,,06,06029,1,1,2,3,1,Autoroute,110.0,1
202400008649,2024-07-20,matin,,,73,73008,1,1,3,3,3,Départementale,50.0,1
202400008650,2024-02-06,matin,,,49,49228,1,1,3,4,3,Départementale,,1
202400008651,2024-08-09,après-midi,,,21,21173,1,7,3,4,1,Autoroute,130.0,1
202400008652,2024-02-07,matin,,,46,46264,1,1,1,2,3,Départementale,80.0,1
202400008653,2024-08-02,après-midi,,,30,30189,1,1,2,3,1,Autoroute,130.0,1
202400008654,2024-02-06,après-midi,,,44,44067,1,1,3,4,3,Départementale,80.0,1
202400008655,2024-07-24,après-midi,,,11,11202,1,7,6,3,3,Départementale,80.0,1
202400008656,2024-11-17,nuit,,,17,17291,3,1,2,4,2,Nationale,70.0,1
202400008657,2024-02-07,après-midi,,,31,31118,1,1,3,4,3,Départementale,80.0,1
202400008658,2024-08-08,soirée,,,988,98808,3,1,1,3,3,Départementale,90.0,1
202400008659,2024-11-17,nuit,,,13,13208,5,1,7,3,4,Voie communale,50.0,1
202400008660,2024-02-05,nuit,,,38,38141,3,1,7,2,4,Voie communale,80.0,1
202400008661,2024-03-04,après-midi,,,978,97801,1,1,3,3,3,Départementale,50.0,1
202400008662,2024-02-07,après-midi,,,06,06038,1,1,1,4,3,Départementale,50.0,1
202400008663,2024-07-05,nuit,,,13,13208,5,1,2,3,4,Voie communale,50.0,1
202400008664,2024-08-09,nuit,,,977,97701,5,1,3,3,2,Nationale,30.0,1
202400008665,2024-02-06,matin,,,21,21603,5,1,6,4,4,Voie communale,50.0,2
202400008666,2024-08-08,nuit,,,977,97701,3,1,1,3,2,Nationale,30.0,1
202400008667,2024-02-07,matin,,,40,40273,1,1,7,3,4,Voie communale,50.0,1
202400008668,2024-11-19,après-midi,,,75,75119,1,1,2,4,4,Voie communale,30.0,1
202400008669,2024-02-06,après-midi,,,40,40044,1,1,1,3,3,Départementale,80.0,1
202400008670,2024-08-09,nuit,,,972,97224,3,3,1,4,3,Départementale,50.0,2
202400008671,2024-11-19,soirée,,,75,75109,5,2,6,4,4,Voie communale,30.0,2
202400008672,2024-08-07,après-midi,,,29,29147,1,7,6,4,3,Départementale,50.0,1
202400008673,2024-02-02,matin,,,30,30075,1,1,5,4,3,Départementale,80.0,1
202400008674,2024-11-19,matin,,,75,75109,2,2,3,4,4,Voie communale,30.0,2
202400008675,2024-08-08,après-midi,,,77,77027,1,1,6,2,3,Départementale,50.0,1
202400008676,2024-11-18,matin,,,75,75109,1,2,3,4,4,Voie communale,30.0,2
202400008677,2024-01-21,matin,,,80,80318,3,1,6,4,1,Autoroute,,7
202400008678,2024-08-07,soirée,,,95,95690,1,1,7,3,3,Départementale,80.0,1
202400008679,2024-11-18,après-midi,,,75,75102,1,2,3,4,4,Voie communale,30.0,2
202400008680,2024-08-09,matin,,,78,78206,1,1,3,3,3,Départementale,70.0,1
202400008681,2024-11-17,soirée,,,94,94060,5,1,2,4,3,Départementale,50.0,1
202400008682,2024-11-19,soirée,,,93,93047,5,2,2,4,3,Départementale,50.0,2
202400008683,2024-02-06,après-midi,,,34,34333,1,1,3,4,3,Départementale,80.0,1
202400008684,2024-08-08,soirée,,,66,66180,1,1,2,4,3,Départementale,110.0,1
202400008685,2024-02-07,après-midi,,,973,97309,1,1,1,4,3,Départementale,70.0,1
202400008686,2024-11-16,nuit,,,59,59459,3,3,2,4,1,Autoroute,110.0,2
202400008687,2024-02-07,matin,,,06,06085,1,1,3,4,4,Voie communale,30.0,1
202400008688,2024-08-05,après-midi,,,13,13014,1,1,3,3,3,Départementale,90.0,1
202400008689,2024-11-16,soirée,,,25,25462,5,1,3,4,4,Voie communale,30.0,1
202400008690,2024-08-09,nuit,,,13,13062,3,1,7,3,4,Voie communale,70.0,1
202400008691,2024-02-06,matin,,,06,06085,1,1,3,3,4,Voie communale,50.0,1
202400008692,2024-12-20,nuit,,,93,93029,5,1,2,4,4,Voie communale,,1
202400008693,2024-02-06,soirée,,,971,97125,3,1,7,4,2,Nationale,80.0,1
202400008694,2024-08-08,matin,,,63,63284,1,1,6,4,3,Départementale,50.0,1
202400008695,2024-02-06,soirée,,,977,97701,5,1,3,4,3,Départementale,30.0,1
202400008696,2024-08-09,après-midi,,,38,38003,1,1,1,3,3,Départementale,80.0,1
202400008697,2024-12-22,après-midi,,,85,85008,1,3,2,4,3,Départementale,80.0,2
202400008698,2024-08-08,nuit,,,09,09039,4,1,1,4,3,Départementale,80.0,1
202400008699,2024-02-06,après-midi,,,37,37056,1,1,5,4,3,Départementale,80.0,1
202400008700,2024-12-20,après-midi,,,48,48009,1,1,3,4,3,Départementale,90.0,1
202400008701,2024-08-09,nuit,,,31,31433,3,1,2,2,3,Départementale,70.0,1
202400008702,2024-02-05,matin,,,34,34327,2,1,3,3,7,Autre,30.0,1
202400008703,2024-11-14,matin,,,13,13041,1,1,3,3,4,Voie communale,30.0,1
202400008704,2024-08-09,soirée,,,40,40314,1,1,6,4,4,Voie communale,50.0,1
202400008705,2024-10-23,après-midi,,,30,30176,1,1,7,3,3,Départementale,80.0,1
202400008706,2024-02-06,soirée,,,13,13066,3,1,3,3,3,Départementale,80.0,1
202400008707,2024-08-09,matin,,,33,33104,1,1,1,4,3,Départementale,80.0,1
202400008708,2024-12-09,soirée,,,93,93066,4,1,6,2,3,Départementale,,1
202400008709,2024-01-25,après-midi,,,69,69116,1,1,1,3,4,Voie communale,30.0,1
202400008710,2024-08-08,matin,,,85,85003,1,1,4,4,3,Départementale,90.0,1
202400008711,2024-11-18,après-midi,,,93,93062,5,2,6,3,3,Départementale,50.0,2
202400008712,2024-12-20,après-midi,,,18,18264,1,1,7,2,3,Départementale,80.0,1
202400008713,2024-08-09,matin,,,50,50099,1,2,2,3,3,Départementale,50.0,2
202400008714,2024-08-08,matin,,,22,22093,1,1,7,3,3,Départementale,80.0,1
202400008715,2024-12-18,après-midi,,,21,21337,1,1,3,3,3,Départementale,50.0,1
202400008716,2024-02-01,après-midi,,,33,33114,1,1,4,4,2,Nationale,110.0,1
202400008717,2024-08-09,après-midi,,,02,02684,1,1,6,4,3,Départementale,50.0,1
202400008718,2024-12-20,après-midi,,,33,33449,5,3,6,3,4,Voie communale,50.0,2
202400008719,2024-02-01,après-midi,,,33,33114,1,1,6,4,2,Nationale,110.0,1
202400008720,2024-07-15,après-midi,,,62,62893,1,2,6,3,3,Départementale,50.0,2
202400008721,2024-02-07,matin,,,62,62206,1,2,6,3,1,Autoroute,130.0,2
202400008722,2024-02-06,après-midi,,,13,13214,2,1,3,4,1,Autoroute,70.0,1
202400008723,2024-07-11,nuit,,,62,62893,5,1,3,3,3,Départementale,50.0,1
202400008724,2024-02-05,matin,,,13,13202,1,1,2,3,7,Autre,50.0,1
202400008725,2024-07-02,soirée,,,62,62643,1,1,3,4,4,Voie communale,50.0,1
202400008726,2024-02-05,soirée,,,13,13106,3,1,4,4,1,Autoroute,90.0,1
202400008727,2024-06-27,nuit,,,62,62160,5,1,7,4,4,Voie communale,50.0,1
202400008728,2024-02-05,après-midi,,,13,13071,1,1,3,4,1,Autoroute,110.0,1
202400008729,2024-09-14,après-midi,,,84,84144,1,1,1,4,3,Départementale,80.0,1
202400008730,2024-02-05,après-midi,,,13,13215,1,1,2,4,1,Autoroute,90.0,1
202400008731,2024-09-14,matin,,,84,84087,1,1,3,3,4,Voie communale,80.0,1
202400008732,2024-02-05,après-midi,,,13,13117,1,1,4,4,1,Autoroute,110.0,1
202400008733,2024-10-24,nuit,,,84,84022,3,1,6,3,3,Départementale,80.0,1
202400008734,2024-10-16,après-midi,,,84,84087,1,8,6,3,4,Voie communale,50.0,1
202400008735,2024-02-06,matin,,,69,69297,3,5,5,4,1,Autoroute,110.0,1
202400008736,2024-02-06,soirée,,,91,91645,3,1,7,4,2,Nationale,90.0,1
202400008737,2024-10-11,matin,,,84,84137,1,1,6,3,3,Départementale,50.0,1
202400008738,2024-02-06,après-midi,,,91,91661,1,1,3,4,1,Autoroute,90.0,1
202400008739,2024-10-07,soirée,,,84,84040,1,1,6,4,3,Départementale,,1
202400008740,2024-10-05,matin,,,84,84137,1,7,6,3,3,Départementale,50.0,1
202400008741,2024-02-06,matin,,,91,91161,1,1,4,4,1,Autoroute,110.0,1
202400008742,2024-10-04,après-midi,,,84,84034,1,1,6,3,3,Départementale,80.0,1
202400008743,2024-02-06,matin,,,91,91086,1,1,2,4,2,Nationale,90.0,1
202400008744,2024-11-19,matin,,,75,75120,1,2,2,4,4,Voie communale,50.0,2
202400008745,2024-02-05,nuit,,,94,94034,3,1,2,4,1,Autoroute,110.0,1
202400008746,2024-09-28,après-midi,,,2B,2B301,1,6,7,3,3,Départementale,80.0,1
202400008747,2024-02-06,matin,,,91,91064,2,1,3,4,2,Nationale,90.0,1
202400008748,2024-09-15,après-midi,,,2B,2B314,1,1,3,4,3,Départementale,80.0,1
202400008749,2024-02-05,soirée,,,92,92051,5,1,6,4,2,Nationale,70.0,1