Num_Acc,date,time_of_day,lat,long,dep,com,lum,atm,col,severity_index,catr,catr_label,vma,surf
202400008750,2024-09-15,matin,,,2B,2B298,1,1,1,4,3,Départementale,30.0,1
202400008751,2024-02-05,soirée,,,78,78431,5,2,2,4,1,Autoroute,110.0,2
202400008752,2024-09-12,après-midi,,,2B,2B314,1,1,6,4,9,Autre,30.0,1
202400008753,2024-02-06,après-midi,,,94,94028,3,2,2,4,1,Autoroute,90.0,2
202400008754,2024-07-28,nuit,,,84,84003,5,1,1,4,4,Voie communale,50.0,1
202400008755,2024-01-18,nuit,,,93,93048,5,8,6,4,4,Voie communale,50.0,1
202400008756,2024-02-06,matin,,,94,94017,4,8,5,3,1,Autoroute,90.0,1
202400008757,2024-12-20,matin,,,01,01249,1,1,5,4,3,Départementale,80.0,1
202400008758,2024-02-04,soirée,,,988,98818,5,1,3,4,4,Voie communale,50.0,1
202400008759,2024-10-27,matin,,,69,69003,1,7,1,3,7,Autre,50.0,1
202400008760,2024-02-05,après-midi,,,974,97409,1,1,4,4,2,Nationale,90.0,1
202400008761,2024-02-05,après-midi,,,973,97302,1,1,2,4,3,Départementale,50.0,1
202400008762,2024-11-18,soirée,,,75,75107,5,2,3,4,4,Voie communale,30.0,2
202400008763,2024-02-05,après-midi,,,972,97213,1,1,2,4,1,Autoroute,90.0,1
202400008764,2024-11-18,matin,,,75,75107,1,2,3,4,4,Voie communale,30.0,2
202400008765,2024-02-03,soirée,,,971,97101,3,1,4,3,2,Nationale,50.0,1
202400008766,2024-11-18,après-midi,,,94,94041,5,2,6,4,4,Voie communale,30.0,2
202400008767,2024-02-05,soirée,,,971,97105,5,1,6,4,2,Nationale,50.0,1
202400008768,2024-12-04,soirée,,,34,34024,3,1,1,3,3,Départementale,,1
202400008769,2024-02-05,après-midi,,,95,95585,1,1,6,4,4,Voie communale,30.0,1
202400008770,2024-11-17,après-midi,,,95,95197,1,1,6,4,3,Départementale,50.0,1
202400008771,2024-11-16,matin,,,77,77449,1,1,6,4,3,Départementale,90.0,1
202400008772,2024-02-04,matin,,,87,87085,2,5,1,4,2,Nationale,50.0,1
202400008773,2024-11-16,après-midi,,,32,32013,1,1,7,3,4,Voie communale,50.0,1
202400008774,2024-02-02,après-midi,,,87,87050,1,1,6,4,4,Voie communale,80.0,1
202400008775,2024-10-25,matin,,,13,13056,1,7,6,4,4,Voie communale,30.0,1
202400008776,2024-02-02,matin,,,87,87085,1,1,3,4,4,Voie communale,30.0,2
202400008777,2024-10-28,après-midi,,,74,74116,1,1,2,3,1,Autoroute,130.0,1
202400008778,2024-11-12,soirée,,,74,74012,5,1,7,3,4,Voie communale,50.0,1
202400008779,2024-10-31,après-midi,,,74,74010,1,1,7,4,3,Départementale,80.0,2
202400008780,2024-02-04,nuit,,,86,86194,5,1,3,4,3,Départementale,70.0,1
202400008781,2024-02-01,matin,,,83,83126,1,1,3,3,3,Départementale,,1
202400008782,2024-11-02,après-midi,,,74,74035,1,1,1,3,3,Départementale,70.0,1
202400008783,2024-02-05,après-midi,,,80,80001,1,1,6,3,4,Voie communale,30.0,1
202400008784,2024-10-31,après-midi,,,74,74056,1,1,1,3,3,Départementale,,1
202400008785,2024-11-05,matin,,,74,74027,1,1,7,3,3,Départementale,,1
202400008786,2024-10-31,soirée,,,74,74010,5,1,3,3,3,Départementale,50.0,1
202400008787,2024-10-31,matin,,,74,74225,1,1,1,4,4,Voie communale,50.0,1
202400008788,2024-02-05,soirée,,,77,77288,5,1,3,3,3,Départementale,50.0,1
202400008789,2024-10-27,soirée,,,74,74211,5,1,3,4,3,Départementale,50.0,1
202400008790,2024-02-05,matin,,,77,77059,1,1,3,4,3,Départementale,50.0,1
202400008791,2024-10-17,matin,,,43,43157,1,8,7,4,4,Voie communale,30.0,2
202400008792,2024-10-17,nuit,,,43,43211,3,2,7,3,3,Départementale,90.0,2
202400008793,2024-10-12,soirée,,,43,43162,3,6,6,3,3,Départementale,90.0,2
202400008794,2024-02-05,après-midi,,,76,76322,1,1,6,4,7,Autre,50.0,1
202400008795,2024-10-11,après-midi,,,43,43157,1,1,6,4,3,Départementale,30.0,1
202400008796,2024-02-04,nuit,,,76,76351,5,2,1,4,4,Voie communale,50.0,2
202400008797,2024-09-30,après-midi,,,2B,2B033,1,1,4,4,2,Nationale,70.0,1
202400008798,2024-02-05,soirée,,,69,69256,5,1,1,4,4,Voie communale,30.0,1
202400008799,2024-09-27,après-midi,,,2B,2B037,1,1,6,4,6,Autre,30.0,1
202400008800,2024-02-05,matin,,,69,69264,1,1,6,4,6,Autre,30.0,1
202400008801,2024-10-25,matin,,,50,50395,1,2,1,2,3,Départementale,80.0,2
202400008802,2024-02-04,après-midi,,,69,69276,2,1,3,3,4,Voie communale,50.0,1
202400008803,2024-08-30,soirée,,,972,97213,4,1,6,3,1,Autoroute,90.0,1
202400008804,2024-02-04,nuit,,,69,69199,5,1,3,4,4,Voie communale,50.0,1
202400008805,2024-02-03,matin,,,67,67043,1,1,6,4,7,Autre,50.0,1
202400008806,2024-12-27,soirée,,,77,77018,5,1,3,4,3,Départementale,70.0,1
202400008807,2024-02-05,matin,,,64,64102,1,1,6,4,4,Voie communale,50.0,1
202400008808,2024-12-25,nuit,,,974,97415,5,1,6,3,4,Voie communale,,1
202400008809,2024-02-04,soirée,,,64,64102,5,1,2,4,3,Départementale,50.0,1
202400008810,2024-12-18,après-midi,,,26,26301,1,1,3,4,3,Départementale,80.0,1
202400008811,2024-02-05,soirée,,,63,63113,4,1,6,2,4,Voie communale,30.0,1
202400008812,2024-05-18,soirée,,,85,85284,1,1,3,4,3,Départementale,80.0,1
202400008813,2024-02-05,après-midi,,,63,63113,1,1,3,4,4,Voie communale,30.0,1
202400008814,2024-12-24,après-midi,,,27,27103,1,1,6,3,3,Départementale,30.0,1
202400008815,2024-08-21,soirée,,,91,91103,1,1,6,4,3,Départementale,30.0,1
202400008816,2024-01-31,nuit,,,62,62667,5,2,3,4,4,Voie communale,50.0,2
202400008817,2024-08-09,nuit,,,91,91174,5,1,6,4,3,Départementale,50.0,1
202400008818,2024-02-05,soirée,,,59,59350,1,1,3,4,4,Voie communale,30.0,1
202400008819,2024-02-05,matin,,,59,59350,5,8,3,4,7,Autre,30.0,1
202400008820,2024-10-18,nuit,,,50,50003,3,1,6,4,3,Départementale,80.0,1
202400008821,2024-02-03,après-midi,,,52,52121,1,2,7,3,4,Voie communale,50.0,2
202400008822,2024-10-16,nuit,,,50,50209,3,2,6,3,3,Départementale,80.0,2
202400008823,2024-02-05,soirée,,,51,51573,5,1,3,3,4,Voie communale,50.0,1
202400008824,2024-06-24,après-midi,,,57,57194,1,1,5,3,1,Autoroute,110.0,1
202400008825,2024-02-04,soirée,,,51,51454,5,2,1,4,4,Voie communale,50.0,2
202400008826,2024-12-24,après-midi,,,93,93010,5,8,3,4,3,Départementale,50.0,2
202400008827,2024-02-02,après-midi,,,49,49007,1,1,3,4,4,Voie communale,50.0,1
202400008828,2024-12-29,soirée,,,60,60288,3,5,6,4,3,Départementale,80.0,1
202400008829,2024-02-05,soirée,,,37,37261,5,8,2,4,4,Voie communale,50.0,1
202400008830,2024-12-27,matin,,,988,98812,1,1,2,4,2,Nationale,110.0,1
202400008831,2024-12-19,nuit,,,11,11145,3,6,6,2,3,Départementale,70.0,1
202400008832,2024-02-04,soirée,,,37,37261,2,8,3,4,4,Voie communale,50.0,1
202400008833,2024-02-05,matin,,,34,34129,2,1,6,3,4,Voie communale,50.0,1
202400008834,2024-12-27,matin,,,42,42149,1,1,1,4,3,Départementale,80.0,1
202400008835,2024-11-19,nuit,,,94,94073,3,2,6,4,1,Autoroute,90.0,2
202400008836,2024-02-05,après-midi,,,31,31555,1,1,3,4,4,Voie communale,50.0,1
202400008837,2024-02-05,après-midi,,,31,31555,1,1,6,4,4,Voie communale,50.0,1
202400008838,2024-05-30,nuit,,,91,91228,3,2,3,4,3,Départementale,50.0,2
202400008839,2024-05-03,après-midi,,,91,91228,1,1,6,4,4,Voie communale,30.0,1
202400008840,2024-02-05,après-midi,,,29,29232,1,1,3,4,4,Voie communale,50.0,1
202400008841,2024-04-28,matin,,,91,91136,1,2,1,3,3,Départementale,30.0,2
202400008842,2024-02-05,après-midi,,,29,29019,1,1,3,4,4,Voie communale,50.0,1
202400008843,2024-02-05,après-midi,,,25,25462,1,1,3,4,4,Voie communale,50.0,1
202400008844,2024-04-24,soirée,,,91,91648,1,1,5,4,3,Départementale,80.0,1
202400008845,2024-02-05,matin,,,25,25462,5,1,6,4,4,Voie communale,50.0,1
202400008846,2024-08-31,nuit,,,38,38053,3,1,2,4,3,Départementale,50.0,1
202400008847,2024-02-03,après-midi,,,15,15014,1,7,2,4,6,Autre,30.0,1
202400008848,2024-08-27,matin,,,38,38053,1,1,2,4,3,Départementale,50.0,1
202400008849,2024-02-05,après-midi,,,13,13215,1,1,3,3,4,Voie communale,50.0,1
202400008850,2024-10-26,nuit,,,74,74002,5,1,1,3,3,Départementale,50.0,1
202400008851,2024-02-05,matin,,,13,13203,1,1,6,4,4,Voie communale,50.0,1
202400008852,2024-10-25,après-midi,,,74,74280,1,1,3,4,3,Départementale,70.0,1
202400008853,2024-02-05,après-midi,,,13,13005,1,1,6,4,4,Voie communale,30.0,1
202400008854,2024-10-25,soirée,,,74,74243,5,1,7,3,1,Autoroute,70.0,9
202400008855,2024-02-05,nuit,,,10,10387,5,1,3,4,4,Voie communale,50.0,1
202400008856,2024-10-24,après-midi,,,74,74010,1,1,1,4,4,Voie communale,50.0,2
202400008857,2024-10-24,matin,,,74,74108,1,1,6,4,3,Départementale,30.0,1
202400008858,2024-02-05,soirée,,,06,06088,5,1,3,4,4,Voie communale,50.0,1
202400008859,2024-10-24,matin,,,74,74056,1,1,6,3,3,Départementale,50.0,1
202400008860,2024-02-05,après-midi,,,05,05061,1,1,7,4,2,Nationale,80.0,1
202400008861,2024-10-21,soirée,,,74,74250,3,1,4,2,1,Autoroute,130.0,1
202400008862,2024-01-23,après-midi,,,05,05061,1,1,3,4,2,Nationale,50.0,1
202400008863,2024-10-17,matin,,,74,74118,2,2,4,3,1,Autoroute,90.0,2
202400008864,2024-02-05,soirée,,,75,75106,5,1,6,4,4,Voie communale,30.0,1
202400008865,2024-10-21,après-midi,,,74,74185,1,1,3,3,3,Départementale,50.0,1
202400008866,2024-02-05,après-midi,,,75,75112,1,1,2,4,4,Voie communale,30.0,1
202400008867,2024-10-14,après-midi,,,74,74010,1,1,1,4,3,Départementale,90.0,1
202400008868,2024-02-05,matin,,,75,75111,1,1,3,4,4,Voie communale,30.0,1
202400008869,2024-10-13,soirée,,,74,74295,3,8,1,3,3,Départementale,80.0,1
202400008870,2024-02-05,matin,,,75,75110,1,1,6,4,4,Voie communale,25.0,1
202400008871,2024-10-12,nuit,,,74,74262,4,5,2,3,1,Autoroute,110.0,1
202400008872,2024-02-05,matin,,,75,75107,5,1,3,4,4,Voie communale,30.0,1
202400008873,2024-02-05,nuit,,,94,94067,5,1,2,4,3,Départementale,50.0,1
202400008874,2024-10-05,nuit,,,74,74282,3,1,1,4,3,Départementale,80.0,1
202400008875,2024-02-05,après-midi,,,94,94046,1,1,6,4,4,Voie communale,30.0,1
202400008876,2024-09-01,après-midi,,,74,74173,1,2,6,3,4,Voie communale,50.0,2
202400008877,2024-02-04,après-midi,,,94,94019,1,1,3,4,4,Voie communale,50.0,1
202400008878,2024-12-04,soirée,,,68,68166,5,2,3,3,3,Départementale,30.0,2
202400008879,2024-02-04,matin,,,93,93078,2,2,3,4,4,Voie communale,50.0,2
202400008880,2024-12-05,après-midi,,,46,46042,1,1,6,4,3,Départementale,50.0,1
202400008881,2024-02-05,après-midi,,,93,93064,1,1,3,4,4,Voie communale,50.0,1
202400008882,2024-02-05,matin,,,93,93013,1,1,3,4,4,Voie communale,30.0,1
202400008883,2024-01-13,matin,,,94,94046,1,1,3,4,4,Voie communale,50.0,1
202400008884,2024-12-20,matin,,,38,38175,1,1,6,4,4,Voie communale,50.0,1
202400008885,2024-02-03,matin,,,93,93027,1,2,3,4,3,Départementale,50.0,2
202400008886,2024-11-28,après-midi,,,34,34077,1,1,3,3,7,Autre,50.0,1
202400008887,2024-02-04,matin,,,93,93008,5,2,7,4,3,Départementale,50.0,2
202400008888,2024-06-15,après-midi,,,972,97213,1,1,4,4,3,Départementale,70.0,1
202400008889,2024-02-05,matin,,,92,92012,1,1,3,4,4,Voie communale,30.0,1
202400008890,2024-06-15,soirée,,,972,97213,3,1,3,4,3,Départementale,50.0,1
202400008891,2024-06-20,matin,,,972,97213,1,1,2,4,2,Nationale,70.0,1
202400008892,2024-06-23,nuit,,,972,97213,5,1,1,4,3,Départementale,60.0,1
202400008893,2024-06-11,matin,,,972,97213,1,1,1,4,3,Départementale,70.0,1
202400008894,2024-06-07,nuit,,,972,97213,5,1,6,4,3,Départementale,50.0,1
202400008895,2024-06-08,matin,,,59,59305,1,1,2,4,1,Autoroute,110.0,1
202400008896,2024-09-20,après-midi,,,43,43040,1,1,6,3,6,Autre,15.0,1
202400008897,2024-12-28,après-midi,,,02,02359,3,5,6,4,3,Départementale,,2
202400008898,2024-10-27,après-midi,,,73,73151,1,7,1,3,3,Départementale,70.0,1
202400008899,2024-10-26,après-midi,,,73,73213,1,1,6,4,1,Autoroute,90.0,1
202400008900,2024-06-22,matin,,,84,84089,1,1,4,4,3,Départementale,80.0,1
202400008901,2024-09-27,après-midi,,,84,84086,1,1,4,4,3,Départementale,80.0,1
202400008902,2024-10-25,après-midi,,,19,19058,1,8,6,3,3,Départementale,90.0,1
202400008903,2024-11-06,nuit,,,19,19274,3,5,2,2,3,Départementale,70.0,1
202400008904,2024-10-24,après-midi,,,19,19106,1,1,7,4,3,Départementale,90.0,1
202400008905,2024-08-05,après-midi,,,19,19228,1,1,3,3,3,Départementale,50.0,1
202400008906,2024-11-11,soirée,,,42,42218,5,8,5,4,4,Voie communale,50.0,1
202400008907,2024-11-29,après-midi,,,68,68149,1,1,2,3,3,Départementale,50.0,1
202400008908,2024-08-22,soirée,,,33,33281,1,1,6,2,4,Voie communale,70.0,1
202400008909,2024-08-28,après-midi,,,27,27082,1,1,1,3,3,Départementale,80.0,1
202400008910,2024-12-16,après-midi,,,77,77111,1,1,2,4,3,Départementale,50.0,1
202400008911,2024-12-09,matin,,,45,45075,1,1,3,4,4,Voie communale,50.0,1
202400008912,2024-09-13,après-midi,,,28,28033,1,1,7,4,3,Départementale,50.0,1
202400008913,2024-08-22,soirée,,,84,84031,2,1,2,4,4,Voie communale,50.0,1
202400008914,2024-07-11,après-midi,,,84,84015,1,1,3,4,3,Départementale,80.0,1
202400008915,2024-06-03,après-midi,,,78,78621,1,1,2,4,4,Voie communale,50.0,1
202400008916,2024-06-02,nuit,,,77,77216,5,8,2,4,3,Départementale,70.0,2
202400008917,2024-06-03,matin,,,77,77186,1,1,3,4,3,Départementale,50.0,1
202400008918,2024-06-02,après-midi,,,76,76575,1,1,3,3,4,Voie communale,50.0,1
202400008919,2024-06-02,soirée,,,76,76351,2,1,7,4,4,Voie communale,50.0,1
202400008920,2024-06-03,nuit,,,76,76341,4,1,7,4,4,Voie communale,50.0,1
202400008921,2024-06-01,nuit,,,76,76351,5,1,7,4,4,Voie communale,50.0,2
202400008922,2024-06-03,matin,,,74,74012,1,1,2,4,4,Voie communale,50.0,1
202400008923,2024-05-10,après-midi,,,73,73065,1,1,3,4,4,Voie communale,50.0,1
202400008924,2024-06-01,après-midi,,,72,72181,1,1,3,4,3,Départementale,110.0,1
202400008925,2024-06-03,matin,,,71,71540,1,1,2,4,3,Départementale,50.0,1
202400008926,2024-06-03,matin,,,64,64445,1,1,1,3,4,Voie communale,50.0,1
202400008927,2024-06-03,matin,,,64,64445,1,7,6,4,4,Voie communale,30.0,1
202400008928,2024-06-02,matin,,,64,64445,1,1,6,4,6,Autre,50.0,1
202400008929,2024-05-18,nuit,,,64,64122,5,1,6,4,4,Voie communale,50.0,1
202400008930,2024-06-02,après-midi,,,64,64122,1,1,3,4,4,Voie communale,30.0,1
202400008931,2024-05-11,soirée,,,62,62065,1,1,7,3,4,Voie communale,50.0,1
202400008932,2024-06-03,soirée,,,62,62193,1,1,2,4,4,Voie communale,50.0,1
202400008933,2024-06-03,matin,,,59,59599,1,1,6,3,4,Voie communale,30.0,1
202400008934,2024-05-25,après-midi,,,59,59350,1,1,5,4,4,Voie communale,30.0,1
202400008935,2024-06-03,après-midi,,,51,51454,1,1,3,4,4,Voie communale,50.0,1
202400008936,2024-06-03,après-midi,,,51,51454,1,1,2,4,4,Voie communale,,1
202400008937,2024-06-03,après-midi,,,51,51454,1,1,3,2,4,Voie communale,50.0,1
202400008938,2024-06-02,matin,,,51,51058,1,2,6,4,4,Voie communale,50.0,2
202400008939,2024-06-02,après-midi,,,50,50147,1,1,1,4,3,Départementale,80.0,1
202400008940,2024-06-01,après-midi,,,46,46042,1,2,3,2,3,Départementale,80.0,2
202400008941,2024-06-04,nuit,,,45,45068,3,1,6,4,3,Départementale,90.0,1
202400008942,2024-06-03,après-midi,,,44,44109,1,1,6,3,4,Voie communale,30.0,1
202400008943,2024-06-03,après-midi,,,43,43089,1,1,7,4,3,Départementale,50.0,1
202400008944,2024-05-11,nuit,,,42,42218,5,1,3,4,4,Voie communale,50.0,1
202400008945,2024-06-03,matin,,,37,37122,1,1,3,4,4,Voie communale,50.0,1
202400008946,2024-06-03,matin,,,35,35238,1,7,3,4,4,Voie communale,30.0,1
202400008947,2024-06-02,après-midi,,,34,34032,1,1,2,3,3,Départementale,80.0,1
202400008948,2024-06-03,après-midi,,,33,33281,1,1,2,4,4,Voie communale,50.0,1
202400008949,2024-06-03,après-midi,,,33,33318,1,1,2,3,4,Voie communale,50.0,1
202400008950,2024-06-03,après-midi,,,33,33529,1,1,6,3,4,Voie communale,50.0,1
202400008951,2024-06-03,nuit,,,31,31555,3,1,3,4,4,Voie communale,50.0,1
202400008952,2024-06-03,soirée,,,31,31069,1,1,2,4,4,Voie communale,50.0,1
202400008953,2024-06-03,matin,,,31,31555,1,1,3,3,7,Autre,50.0,1
202400008954,2024-06-03,matin,,,30,30007,1,1,1,4,4,Voie communale,50.0,1
202400008955,2024-06-03,matin,,,28,28134,1,1,6,4,4,Voie communale,30.0,1
202400008956,2024-06-03,après-midi,,,27,27229,1,1,3,4,4,Voie communale,50.0,1
202400008957,2024-06-03,après-midi,,,27,27229,1,1,3,4,4,Voie communale,50.0,1
202400008958,2024-06-03,après-midi,,,17,17300,1,1,6,4,4,Voie communale,30.0,1
202400008959,2024-06-03,soirée,,,16,16358,1,1,3,4,3,Départementale,50.0,1
202400008960,2024-06-01,après-midi,,,15,15012,1,1,2,4,3,Départementale,50.0,1
202400008961,2024-06-03,après-midi,,,13,13117,1,1,3,4,3,Départementale,50.0,1
202400008962,2024-06-03,matin,,,13,13205,1,1,3,4,4,Voie communale,30.0,1
202400008963,2024-06-03,après-midi,,,13,13208,1,1,3,4,4,Voie communale,50.0,1
202400008964,2024-06-03,soirée,,,13,13047,1,1,3,4,4,Voie communale,50.0,1
202400008965,2024-06-03,après-midi,,,07,07281,1,1,3,4,4,Voie communale,30.0,1
202400008966,2024-06-03,matin,,,06,06088,1,1,6,4,4,Voie communale,50.0,1
202400008967,2024-06-03,matin,,,03,03185,1,1,3,4,3,Départementale,50.0,1
202400008968,2024-06-03,matin,,,01,01053,1,1,3,4,4,Voie communale,20.0,1
202400008969,2024-06-02,nuit,,,75,75116,5,1,7,3,4,Voie communale,50.0,1
202400008970,2024-06-03,matin,,,75,75120,1,1,6,4,4,Voie communale,30.0,1
202400008971,2024-06-03,matin,,,75,75120,1,1,6,4,4,Voie communale,50.0,1
202400008972,2024-06-01,nuit,,,75,75114,5,2,3,4,4,Voie communale,30.0,2
202400008973,2024-06-01,matin,,,75,75120,1,2,6,4,4,Voie communale,30.0,2
202400008974,2024-06-03,après-midi,,,75,75110,1,1,6,4,4,Voie communale,30.0,1
202400008975,2024-06-03,après-midi,,,75,75109,1,1,1,4,4,Voie communale,30.0,1
202400008976,2024-06-03,après-midi,,,75,75107,1,1,6,4,4,Voie communale,30.0,1
202400008977,2024-06-03,matin,,,75,75115,1,1,3,4,4,Voie communale,30.0,1
202400008978,2024-06-03,soirée,,,75,75101,1,1,2,4,4,Voie communale,30.0,1
202400008979,2024-06-02,nuit,,,94,94067,5,1,3,4,3,Départementale,50.0,1
202400008980,2024-06-03,matin,,,94,94068,1,1,3,4,4,Voie communale,30.0,1
202400008981,2024-06-03,après-midi,,,94,94041,1,1,6,4,3,Départementale,50.0,1
202400008982,2024-06-02,soirée,,,94,94076,1,1,6,4,4,Voie communale,50.0,1
202400008983,2024-06-03,après-midi,,,94,94019,1,1,6,3,3,Départementale,,1
202400008984,2024-10-20,après-midi,,,52,52093,1,1,6,3,3,Départementale,80.0,1
202400008985,2024-06-03,matin,,,94,94075,1,1,5,3,2,Nationale,50.0,1
202400008986,2024-10-16,soirée,,,88,88116,3,2,7,2,3,Départementale,80.0,2
202400008987,2024-06-03,matin,,,93,93062,1,1,3,4,3,Départementale,,1
202400008988,2024-06-02,soirée,,,93,93057,5,1,3,4,4,Voie communale,50.0,1
202400008989,2024-10-20,nuit,,,95,95678,3,2,6,4,2,Nationale,90.0,2
202400008990,2024-06-02,soirée,,,93,93001,1,1,3,4,4,Voie communale,50.0,1
202400008991,2024-10-20,matin,,,973,97309,1,1,6,4,3,Départementale,50.0,1
202400008992,2024-06-03,soirée,,,92,92046,1,1,6,3,4,Voie communale,30.0,1
202400008993,2024-06-03,après-midi,,,92,92064,1,1,2,4,4,Voie communale,50.0,1
202400008994,2024-10-19,nuit,,,987,98715,1,1,3,3,2,Nationale,40.0,1
202400008995,2024-06-03,soirée,,,92,92050,1,1,3,4,4,Voie communale,50.0,1
202400008996,2024-06-03,nuit,,,92,92051,5,1,6,4,4,Voie communale,50.0,1
202400008997,2024-10-19,soirée,,,69,69027,3,1,6,3,3,Départementale,,1
202400008998,2024-06-03,soirée,,,92,92050,1,1,3,4,4,Voie communale,50.0,1
202400008999,2024-06-03,matin,,,92,92023,1,1,6,4,4,Voie communale,30.0,1
202400009000,2024-10-19,matin,,,72,72175,1,1,7,4,3,Départementale,80.0,2
202400009001,2024-06-03,après-midi,,,92,92007,1,1,6,4,3,Départementale,50.0,1
202400009002,2024-10-16,matin,,,971,97125,1,1,2,3,4,Voie communale,50.0,1
202400009003,2024-06-04,soirée,,,50,50027,1,8,3,3,3,Départementale,80.0,1
202400009004,2024-06-04,nuit,,,06,06054,2,1,6,4,3,Départementale,70.0,1
202400009005,2024-10-20,après-midi,,,33,33199,1,1,1,4,3,Départementale,50.0,1
202400009006,2024-06-04,après-midi,,,95,95480,1,1,6,3,3,Départementale,50.0,1
202400009007,2024-10-19,nuit,,,91,91671,3,2,6,3,3,Départementale,50.0,2
202400009008,2024-06-04,après-midi,,,95,95052,1,1,6,3,3,Départementale,50.0,1
202400009009,2024-10-20,après-midi,,,66,66171,1,1,3,4,4,Voie communale,50.0,1
202400009010,2024-06-03,après-midi,,,49,49188,1,1,7,3,4,Voie communale,70.0,1
202400009011,2024-10-19,nuit,,,66,66037,3,1,6,3,3,Départementale,90.0,1
202400009012,2024-06-03,matin,,,63,63349,1,5,3,3,3,Départementale,90.0,2
202400009013,2024-10-19,matin,,,34,34067,3,2,6,3,3,Départementale,70.0,2
202400009014,2024-06-03,après-midi,,,62,62166,1,1,3,3,3,Départementale,80.0,1
202400009015,2024-06-04,matin,,,83,83018,1,1,6,4,3,Départementale,90.0,1
202400009016,2024-10-19,après-midi,,,05,05038,1,2,6,4,3,Départementale,90.0,2
202400009017,2024-10-20,après-midi,,,04,04197,1,1,6,3,3,Départementale,50.0,1
202400009018,2024-06-03,après-midi,,,30,30047,1,1,2,3,3,Départementale,80.0,1
202400009019,2024-10-20,matin,,,03,03187,1,1,6,3,3,Départementale,80.0,1
202400009020,2024-06-04,matin,,,56,56158,1,1,3,3,3,Départementale,80.0,1
202400009021,2024-06-03,matin,,,77,77239,1,1,3,4,3,Départementale,90.0,1
202400009022,2024-05-15,nuit,,,61,61211,4,1,6,3,3,Départementale,50.0,1
202400009023,2024-10-20,après-midi,,,01,01396,1,1,5,4,3,Départementale,80.0,1
202400009024,2024-06-04,soirée,,,55,55010,1,1,6,4,9,Autre,,1
202400009025,2024-06-03,soirée,,,49,49167,1,1,1,3,3,Départementale,70.0,1
202400009026,2024-10-19,après-midi,,,17,17308,1,1,4,4,3,Départementale,50.0,1
202400009027,2024-06-03,soirée,,,25,25620,2,2,1,2,3,Départementale,90.0,2
202400009028,2024-06-04,après-midi,,,25,25482,1,1,6,3,3,Départementale,90.0,1
202400009029,2024-10-18,nuit,,,40,40244,3,2,6,4,3,Départementale,110.0,2
202400009030,2024-10-20,matin,,,24,24382,3,1,6,2,3,Départementale,80.0,1
202400009031,2024-06-02,après-midi,,,44,44092,1,1,4,4,3,Départementale,50.0,1
202400009032,2024-06-03,après-midi,,,07,07010,1,7,3,4,3,Départementale,50.0,1
202400009033,2024-06-02,nuit,,,40,40267,5,1,6,3,3,Départementale,50.0,1
202400009034,2024-10-19,soirée,,,50,50294,3,1,6,4,3,Départementale,,1
202400009035,2024-06-03,après-midi,,,24,24291,1,1,3,3,3,Départementale,70.0,1
202400009036,2024-10-20,nuit,,,80,80105,3,1,3,3,3,Départementale,80.0,2
202400009037,2024-06-04,après-midi,,,30,30268,1,1,3,4,3,Départementale,70.0,1
202400009038,2024-06-02,matin,,,08,08449,1,1,6,3,3,Départementale,80.0,1
202400009039,2024-09-27,soirée,,,69,69273,1,1,5,3,7,Autre,80.0,1
202400009040,2024-06-04,matin,,,06,06088,1,1,7,3,1,Autoroute,90.0,1
202400009041,2024-06-03,matin,,,974,97417,1,1,4,4,2,Nationale,50.0,1
202400009042,2024-06-04,après-midi,,,974,97408,1,1,3,3,2,Nationale,70.0,1
202400009043,2024-10-18,après-midi,,,92,92064,1,1,2,4,1,Autoroute,70.0,1
202400009044,2024-10-18,après-midi,,,92,92036,1,8,2,4,1,Autoroute,90.0,2
202400009045,2024-06-03,soirée,,,78,78590,1,1,3,3,3,Départementale,80.0,1
202400009046,2024-06-03,après-midi,,,13,13081,1,1,1,3,3,Départementale,90.0,1
202400009047,2024-05-28,matin,,,40,40294,1,1,6,3,4,Voie communale,80.0,1
202400009048,2024-10-18,nuit,,,95,95277,5,1,2,4,3,Départementale,90.0,1
202400009049,2024-06-03,après-midi,,,33,33219,1,1,2,3,3,Départementale,80.0,1
202400009050,2024-06-03,après-midi,,,33,33535,1,1,3,3,4,Voie communale,70.0,1
202400009051,2024-10-18,après-midi,,,77,77363,1,8,3,4,1,Autoroute,90.0,2
202400009052,2024-06-02,matin,,,50,50599,1,1,6,4,4,Voie communale,50.0,1
202400009053,2024-10-18,soirée,,,69,69382,5,1,3,4,4,Voie communale,50.0,2
202400009054,2024-06-03,matin,,,14,14646,2,1,3,4,3,Départementale,80.0,1
202400009055,2024-10-18,après-midi,,,69,69034,1,1,3,4,7,Autre,50.0,1
202400009056,2024-06-03,soirée,,,22,22299,1,1,3,4,3,Départementale,80.0,1
202400009057,2024-06-03,après-midi,,,22,22162,1,1,2,4,4,Voie communale,80.0,1
202400009058,2024-10-18,soirée,,,2B,2B033,5,1,3,4,4,Voie communale,50.0,1
202400009059,2024-05-31,après-midi,,,67,67482,1,1,2,4,7,Autre,70.0,1
202400009060,2024-10-08,après-midi,,,971,97113,1,2,7,4,3,Départementale,50.0,2
202400009061,2024-06-03,nuit,,,33,33122,3,1,2,4,1,Autoroute,130.0,1