Num_Acc,date,time_of_day,lat,long,dep,com,lum,atm,col,severity_index,catr,catr_label,vma,surf
202400009062,2024-05-31,matin,,,59,59343,1,1,6,4,1,Autoroute,70.0,2
202400009063,2024-10-16,matin,,,971,97101,1,1,3,4,3,Départementale,50.0,1
202400009064,2024-06-03,soirée,,,94,94038,1,1,3,4,1,Autoroute,90.0,1
202400009065,2024-10-18,matin,,,2A,2A004,1,1,3,4,4,Voie communale,50.0,1
202400009066,2024-06-03,matin,,,94,94034,1,1,2,4,1,Autoroute,70.0,1
202400009067,2024-10-18,matin,,,91,91689,1,8,3,4,4,Voie communale,70.0,1
202400009068,2024-06-03,matin,,,92,92036,1,1,3,4,1,Autoroute,90.0,1
202400009069,2024-06-03,matin,,,92,92064,2,1,3,4,1,Autoroute,110.0,1
202400009070,2024-10-18,matin,,,91,91657,1,8,3,4,3,Départementale,50.0,2
202400009071,2024-06-01,après-midi,,,78,78362,1,1,7,2,1,Autoroute,70.0,2
202400009072,2024-10-18,matin,,,91,91691,3,2,1,4,4,Voie communale,30.0,2
202400009073,2024-05-31,nuit,,,78,78208,3,2,7,4,2,Nationale,110.0,2
202400009074,2024-10-17,nuit,,,88,88413,5,1,2,4,4,Voie communale,50.0,1
202400009075,2024-06-02,nuit,,,95,95582,4,2,6,4,1,Autoroute,110.0,2
202400009076,2024-10-18,soirée,,,86,86194,5,1,3,4,4,Voie communale,30.0,1
202400009077,2024-04-11,matin,,,44,44114,1,8,5,4,1,Autoroute,90.0,1
202400009078,2024-04-11,après-midi,,,44,44109,1,1,6,4,4,Voie communale,50.0,1
202400009079,2024-10-18,matin,,,84,84007,1,8,2,4,3,Départementale,80.0,2
202400009080,2024-04-09,nuit,,,44,44143,5,1,7,4,4,Voie communale,50.0,1
202400009081,2024-10-18,soirée,,,81,81065,1,8,6,4,3,Départementale,80.0,2
202400009082,2024-04-09,après-midi,,,44,44109,1,8,3,4,4,Voie communale,50.0,1
202400009083,2024-10-18,soirée,,,80,80021,2,1,7,4,4,Voie communale,50.0,1
202400009084,2024-04-09,matin,,,44,44109,1,1,3,4,4,Voie communale,50.0,1
202400009085,2024-04-09,matin,,,44,44143,1,1,7,4,4,Voie communale,50.0,1
202400009086,2024-04-08,matin,,,44,44109,1,8,6,4,4,Voie communale,50.0,1
202400009087,2024-09-08,nuit,,,78,78217,3,3,6,3,3,Départementale,30.0,2
202400009088,2024-04-05,matin,,,44,44162,2,1,3,4,7,Autre,50.0,1
202400009089,2024-05-26,matin,,,62,62193,1,1,6,4,4,Voie communale,50.0,1
202400009090,2024-10-18,soirée,,,78,78297,5,8,7,4,4,Voie communale,50.0,2
202400009091,2024-06-02,après-midi,,,974,97416,1,1,2,4,4,Voie communale,50.0,1
202400009092,2024-10-18,après-midi,,,78,78644,1,8,2,4,4,Voie communale,50.0,1
202400009093,2024-06-02,soirée,,,69,69388,1,1,3,4,4,Voie communale,30.0,1
202400009094,2024-05-27,après-midi,,,69,69034,1,1,3,4,7,Autre,30.0,1
202400009095,2024-06-02,nuit,,,69,69382,5,1,3,4,4,Voie communale,50.0,1
202400009096,2024-10-17,après-midi,,,77,77269,1,1,3,4,3,Départementale,90.0,1
202400009097,2024-06-02,après-midi,,,2A,2A004,1,1,3,4,4,Voie communale,50.0,1
202400009098,2024-06-02,après-midi,,,95,95574,1,1,3,4,3,Départementale,50.0,2
202400009099,2024-10-17,après-midi,,,77,77251,1,1,6,4,4,Voie communale,50.0,1
202400009100,2024-06-01,après-midi,,,84,84080,1,1,1,4,4,Voie communale,50.0,1
202400009101,2024-10-18,nuit,,,77,77186,3,2,6,4,3,Départementale,90.0,2
202400009102,2024-06-02,soirée,,,83,83126,1,1,3,4,3,Départementale,50.0,1
202400009103,2024-06-02,matin,,,79,79329,1,1,3,3,4,Voie communale,50.0,1
202400009104,2024-06-02,soirée,,,76,76026,1,1,1,4,3,Départementale,50.0,1
202400009105,2024-06-02,matin,,,73,73065,1,1,3,4,3,Départementale,50.0,1
202400009106,2024-10-18,nuit,,,74,74012,5,2,6,4,4,Voie communale,50.0,2
202400009107,2024-06-02,après-midi,,,69,69266,1,2,3,4,4,Voie communale,30.0,2
202400009108,2024-06-01,après-midi,,,69,69091,1,1,3,4,4,Voie communale,30.0,1
202400009109,2024-06-02,nuit,,,66,66136,5,1,6,3,4,Voie communale,50.0,1
202400009110,2024-10-17,soirée,,,72,72181,2,2,3,4,4,Voie communale,50.0,1
202400009111,2024-06-01,matin,,,65,65286,1,1,6,4,4,Voie communale,50.0,1
202400009112,2024-06-02,après-midi,,,64,64445,1,1,2,4,4,Voie communale,30.0,1
202400009113,2024-10-17,soirée,,,71,71270,5,2,7,4,4,Voie communale,50.0,2
202400009114,2024-10-18,soirée,,,71,71445,1,8,3,3,3,Départementale,50.0,1
202400009115,2024-06-02,soirée,,,62,62178,1,1,2,4,3,Départementale,50.0,1
202400009116,2024-06-02,matin,,,60,60057,1,1,3,4,4,Voie communale,50.0,1
202400009117,2024-06-02,soirée,,,59,59650,1,1,6,4,4,Voie communale,50.0,1
202400009118,2024-10-18,soirée,,,64,64102,5,1,1,4,4,Voie communale,30.0,2
202400009119,2024-06-02,après-midi,,,57,57487,1,1,1,4,7,Autre,70.0,1
202400009120,2024-06-02,soirée,,,56,56260,1,1,6,4,6,Autre,25.0,1
202400009121,2024-10-17,après-midi,,,64,64102,1,3,3,3,4,Voie communale,30.0,2
202400009122,2024-06-02,après-midi,,,44,44162,1,1,6,3,4,Voie communale,30.0,1
202400009123,2024-10-18,soirée,,,63,63113,3,2,1,4,7,Autre,50.0,2
202400009124,2024-06-02,nuit,,,35,35238,5,1,3,4,4,Voie communale,30.0,1
202400009125,2024-10-18,soirée,,,62,62193,5,1,3,3,4,Voie communale,50.0,1
202400009126,2024-06-02,nuit,,,33,33529,3,1,1,3,3,Départementale,70.0,1
202400009127,2024-10-18,après-midi,,,59,59599,1,1,6,4,4,Voie communale,50.0,1
202400009128,2024-06-02,nuit,,,31,31555,4,1,6,4,4,Voie communale,50.0,1
202400009129,2024-10-18,après-midi,,,59,59328,1,2,5,4,7,Autre,50.0,2
202400009130,2024-06-02,soirée,,,25,25056,1,2,3,4,4,Voie communale,50.0,2
202400009131,2024-10-17,nuit,,,58,58194,5,3,1,4,4,Voie communale,50.0,2
202400009132,2024-05-31,après-midi,,,22,22113,1,1,2,4,3,Départementale,80.0,1
202400009133,2024-06-01,après-midi,,,18,18279,1,8,1,4,3,Départementale,50.0,1
202400009134,2024-10-15,après-midi,,,57,57757,1,1,3,4,4,Voie communale,50.0,1
202400009135,2024-10-17,après-midi,,,56,56121,1,1,3,4,4,Voie communale,30.0,1
202400009136,2024-06-02,après-midi,,,13,13054,1,1,3,3,3,Départementale,50.0,1
202400009137,2024-10-17,matin,,,56,56121,2,8,3,4,3,Départementale,30.0,1
202400009138,2024-06-02,soirée,,,13,13215,1,1,3,4,4,Voie communale,50.0,1
202400009139,2024-06-02,après-midi,,,11,11069,1,1,6,3,3,Départementale,80.0,1
202400009140,2024-10-17,après-midi,,,54,54547,1,1,2,4,4,Voie communale,50.0,1
202400009141,2024-06-02,soirée,,,10,10297,1,1,3,4,4,Voie communale,50.0,1
202400009142,2024-10-18,soirée,,,51,51454,5,2,2,4,4,Voie communale,50.0,2
202400009143,2024-06-02,soirée,,,75,75118,1,1,4,4,4,Voie communale,70.0,1
202400009144,2024-10-18,matin,,,51,51454,1,8,3,4,4,Voie communale,50.0,2
202400009145,2024-06-02,après-midi,,,75,75120,1,1,3,4,4,Voie communale,30.0,1
202400009146,2024-10-16,après-midi,,,51,51454,1,1,2,4,4,Voie communale,70.0,1
202400009147,2024-06-02,nuit,,,75,75120,5,1,2,4,4,Voie communale,30.0,1
202400009148,2024-10-18,après-midi,,,49,49007,1,1,5,4,4,Voie communale,50.0,1
202400009149,2024-06-02,matin,,,75,75119,2,8,3,4,4,Voie communale,2.0,1
202400009150,2024-10-17,soirée,,,46,46042,5,3,6,3,3,Départementale,30.0,2
202400009151,2024-06-02,soirée,,,75,75118,1,1,3,4,4,Voie communale,30.0,1
202400009152,2024-10-18,matin,,,44,44143,2,8,6,4,4,Voie communale,30.0,1
202400009153,2024-06-02,soirée,,,75,75117,1,1,6,4,4,Voie communale,30.0,1
202400009154,2024-06-02,matin,,,75,75115,1,1,3,4,4,Voie communale,30.0,1
202400009155,2024-10-19,nuit,,,42,42184,3,1,1,4,4,Voie communale,50.0,1
202400009156,2024-06-02,soirée,,,75,75110,1,1,1,4,4,Voie communale,30.0,1
202400009157,2024-06-02,matin,,,75,75107,2,1,6,4,4,Voie communale,30.0,1
202400009158,2024-10-18,nuit,,,37,37233,3,1,6,3,7,Autre,70.0,1
202400009159,2024-06-02,nuit,,,75,75107,5,8,7,4,4,Voie communale,30.0,2
202400009160,2024-06-02,après-midi,,,94,94081,1,2,2,3,3,Départementale,50.0,2
202400009161,2024-10-18,soirée,,,35,35238,5,1,3,4,4,Voie communale,50.0,1
202400009162,2024-06-02,soirée,,,94,94002,1,1,2,4,4,Voie communale,50.0,1
202400009163,2024-10-18,après-midi,,,35,35238,1,1,1,4,4,Voie communale,30.0,1
202400009164,2024-06-02,soirée,,,93,93066,1,1,3,4,3,Départementale,,1
202400009165,2024-10-18,soirée,,,34,34172,1,1,3,4,4,Voie communale,50.0,1
202400009166,2024-06-02,après-midi,,,93,93031,1,2,3,4,3,Départementale,50.0,2
202400009167,2024-10-18,soirée,,,33,33039,3,1,3,4,4,Voie communale,70.0,1
202400009168,2024-06-01,soirée,,,93,93001,1,1,3,4,3,Départementale,50.0,1
202400009169,2024-10-18,après-midi,,,33,33063,1,1,6,3,4,Voie communale,30.0,1
202400009170,2024-06-02,soirée,,,92,92078,1,1,3,4,3,Départementale,50.0,1
202400009171,2024-10-18,après-midi,,,31,31069,1,3,6,3,7,Autre,30.0,2
202400009172,2024-06-02,après-midi,,,92,92073,1,1,6,4,4,Voie communale,50.0,1
202400009173,2024-10-17,soirée,,,29,29232,2,1,3,4,4,Voie communale,50.0,1
202400009174,2024-10-18,nuit,,,26,26362,3,2,7,2,2,Nationale,90.0,2
202400009175,2024-06-01,soirée,,,92,92049,1,3,3,4,3,Départementale,50.0,2
202400009176,2024-10-18,matin,,,25,25462,2,2,1,3,3,Départementale,80.0,2
202400009177,2024-06-02,après-midi,,,92,92026,1,1,1,4,3,Départementale,50.0,1
202400009178,2024-10-18,matin,,,19,19031,2,2,6,4,3,Départementale,30.0,2
202400009179,2024-06-02,soirée,,,92,92012,1,1,2,4,3,Départementale,50.0,1
202400009180,2024-10-18,après-midi,,,17,17300,1,1,1,4,4,Voie communale,30.0,1
202400009181,2024-06-02,soirée,,,92,92012,1,1,3,4,4,Voie communale,30.0,1
202400009182,2024-10-17,matin,,,15,15014,2,1,6,4,4,Voie communale,50.0,1
202400009183,2024-06-03,matin,,,95,95116,1,1,6,4,3,Départementale,70.0,1
202400009184,2024-10-18,matin,,,14,14220,1,1,6,4,3,Départementale,50.0,1
202400009185,2024-06-02,après-midi,,,31,31282,1,1,1,4,7,Autre,70.0,1
202400009186,2024-10-16,soirée,,,14,14118,5,3,3,4,4,Voie communale,50.0,2
202400009187,2024-06-02,nuit,,,972,97227,3,2,6,3,2,Nationale,80.0,2
202400009188,2024-10-10,après-midi,,,13,13028,1,1,3,3,3,Départementale,50.0,1
202400009189,2024-10-18,après-midi,,,13,13005,1,1,3,3,4,Voie communale,50.0,1
202400009190,2024-06-03,après-midi,,,83,83152,1,1,6,3,3,Départementale,50.0,1
202400009191,2024-10-18,matin,,,10,10387,1,1,3,4,4,Voie communale,50.0,1
202400009192,2024-06-03,après-midi,,,62,62307,1,1,1,3,3,Départementale,70.0,1
202400009193,2024-10-17,matin,,,10,10387,1,8,7,4,4,Voie communale,50.0,1
202400009194,2024-06-03,soirée,,,22,22341,1,1,6,4,3,Départementale,80.0,1
202400009195,2024-10-17,après-midi,,,75,75118,1,2,3,4,4,Voie communale,30.0,2
202400009196,2024-06-02,après-midi,,,23,23216,1,8,6,3,4,Voie communale,90.0,1
202400009197,2024-10-17,après-midi,,,75,75106,1,8,6,4,4,Voie communale,30.0,2
202400009198,2024-10-18,soirée,,,75,75119,1,8,6,4,4,Voie communale,5.0,1
202400009199,2024-10-18,nuit,,,75,75119,5,8,6,4,4,Voie communale,30.0,2
202400009200,2024-05-31,après-midi,,,35,35024,1,1,7,4,4,Voie communale,30.0,1
202400009201,2024-10-18,après-midi,,,75,75118,1,1,3,4,4,Voie communale,30.0,2
202400009202,2024-10-18,soirée,,,75,75117,2,1,3,4,4,Voie communale,30.0,1
202400009203,2024-10-18,soirée,,,75,75116,1,1,3,4,4,Voie communale,30.0,2
202400009204,2024-10-17,matin,,,75,75115,1,2,6,3,4,Voie communale,30.0,2
202400009205,2024-10-18,après-midi,,,75,75110,1,1,6,4,4,Voie communale,30.0,1
202400009206,2024-10-18,matin,,,75,75108,1,2,2,4,4,Voie communale,50.0,2
202400009207,2024-10-18,nuit,,,75,75109,5,3,2,4,4,Voie communale,30.0,2
202400009208,2024-10-18,nuit,,,75,75108,5,2,7,4,4,Voie communale,30.0,2
202400009209,2024-10-18,après-midi,,,75,75104,1,2,6,4,4,Voie communale,30.0,2
202400009210,2024-10-18,matin,,,75,75101,2,2,7,4,4,Voie communale,30.0,2
202400009211,2024-10-18,nuit,,,75,75102,5,2,3,4,4,Voie communale,30.0,2
202400009212,2024-10-17,soirée,,,75,75101,5,2,6,4,4,Voie communale,30.0,2
202400009213,2024-10-18,matin,,,94,94028,3,2,2,4,3,Départementale,50.0,2
202400009214,2024-10-18,matin,,,94,94018,1,2,3,4,4,Voie communale,30.0,2
202400009215,2024-10-18,après-midi,,,94,94071,1,2,1,4,3,Départementale,50.0,2
202400009216,2024-10-17,soirée,,,93,93066,2,3,3,4,3,Départementale,50.0,2
202400009217,2024-10-18,matin,,,93,93066,1,2,1,4,3,Départementale,50.0,2
202400009218,2024-10-18,soirée,,,93,93048,5,1,3,4,3,Départementale,50.0,1
202400009219,2024-10-18,après-midi,,,93,93046,1,1,6,4,4,Voie communale,50.0,1
202400009220,2024-10-15,matin,,,92,92073,1,1,6,2,4,Voie communale,30.0,1
202400009221,2024-10-18,matin,,,92,92064,1,2,7,4,3,Départementale,50.0,2
202400009222,2024-10-21,matin,,,92,92063,1,8,2,4,3,Départementale,50.0,1
202400009223,2024-10-18,matin,,,92,92050,1,2,3,4,3,Départementale,50.0,2
202400009224,2024-10-18,après-midi,,,92,92036,1,2,3,4,3,Départementale,30.0,2
202400009225,2024-10-18,matin,,,92,92036,1,1,3,4,3,Départementale,50.0,2
202400009226,2024-10-18,matin,,,92,92036,2,2,2,4,3,Départementale,50.0,2
202400009227,2024-10-17,après-midi,,,92,92025,1,3,3,4,3,Départementale,30.0,2
202400009228,2024-10-18,soirée,,,92,92007,5,1,3,4,4,Voie communale,30.0,1
202400009229,2024-10-18,après-midi,,,39,39364,1,8,6,3,3,Départementale,80.0,2
202400009230,2024-10-18,après-midi,,,21,21473,1,2,3,4,1,Autoroute,130.0,2
202400009231,2024-10-19,nuit,,,974,97422,3,1,6,3,3,Départementale,50.0,1
202400009232,2024-10-19,nuit,,,974,97404,5,1,6,3,3,Départementale,50.0,1
202400009233,2024-10-18,soirée,,,27,27306,2,1,6,3,2,Nationale,110.0,1
202400009234,2024-10-18,après-midi,,,80,80736,1,8,6,3,3,Départementale,,2
202400009235,2024-10-19,après-midi,,,12,12165,1,1,1,4,3,Départementale,90.0,1
202400009236,2024-10-15,après-midi,,,46,46080,1,1,3,4,3,Départementale,70.0,1
202400009237,2024-10-18,soirée,,,25,25390,3,5,1,4,3,Départementale,90.0,1
202400009238,2024-10-17,nuit,,,44,44169,3,1,2,3,3,Départementale,80.0,1
202400009239,2024-10-18,soirée,,,44,44128,2,1,2,4,3,Départementale,70.0,1
202400009240,2024-10-18,nuit,,,15,15262,3,8,6,3,3,Départementale,90.0,2
202400009241,2024-10-19,nuit,,,01,01036,3,1,6,4,3,Départementale,80.0,1
202400009242,2024-10-18,après-midi,,,70,70296,1,1,1,3,3,Départementale,80.0,1
202400009243,2024-10-19,après-midi,,,26,26056,1,1,2,4,3,Départementale,80.0,1
202400009244,2024-10-19,soirée,,,58,58266,3,1,6,2,3,Départementale,50.0,1
202400009245,2024-10-18,après-midi,,,14,14326,1,1,2,3,3,Départementale,80.0,1
202400009246,2024-10-18,matin,,,64,64489,1,3,1,4,3,Départementale,80.0,2
202400009247,2024-10-18,après-midi,,,87,87154,1,8,3,3,3,Départementale,50.0,2
202400009248,2024-10-19,matin,,,13,13091,1,7,7,3,9,Autre,50.0,1
202400009249,2024-10-18,après-midi,,,13,13016,1,1,2,4,1,Autoroute,130.0,1
202400009250,2024-10-19,nuit,,,06,06123,3,1,2,4,1,Autoroute,90.0,1
202400009251,2024-10-19,après-midi,,,95,95370,1,2,1,4,3,Départementale,80.0,2
202400009252,2024-10-05,matin,,,91,91200,1,1,1,4,3,Départementale,50.0,1
202400009253,2024-10-19,nuit,,,13,13004,3,1,7,4,2,Nationale,90.0,1
202400009254,2024-10-19,après-midi,,,38,38468,1,1,3,4,2,Nationale,80.0,1
202400009255,2024-10-13,nuit,,,86,86137,4,1,6,3,3,Départementale,50.0,1
202400009256,2024-10-19,nuit,,,33,33483,3,3,6,2,3,Départementale,80.0,2
202400009257,2024-10-18,après-midi,,,72,72378,1,1,7,2,3,Départementale,90.0,1
202400009258,2024-10-19,après-midi,,,29,29144,1,7,3,3,3,Départementale,90.0,1
202400009259,2024-10-19,après-midi,,,22,22300,1,1,1,2,3,Départementale,80.0,1
202400009260,2024-10-19,matin,,,60,60010,1,2,5,4,3,Départementale,80.0,2
202400009261,2024-10-17,après-midi,,,13,13215,1,1,3,4,1,Autoroute,70.0,1
202400009262,2024-10-18,nuit,,,69,69297,3,1,6,2,1,Autoroute,110.0,2
202400009263,2024-10-17,nuit,,,57,57474,3,1,1,2,1,Autoroute,110.0,1
202400009264,2024-10-18,soirée,,,33,33075,5,1,4,4,1,Autoroute,50.0,1
202400009265,2024-10-18,après-midi,,,92,92063,1,1,6,4,1,Autoroute,70.0,1
202400009266,2024-10-18,après-midi,,,78,78291,1,1,2,4,1,Autoroute,110.0,1
202400009267,2024-10-18,matin,,,78,78362,2,2,3,4,1,Autoroute,110.0,2
202400009268,2024-10-17,soirée,,,78,78007,1,3,6,4,1,Autoroute,110.0,2
202400009269,2024-10-17,après-midi,,,78,78165,1,3,6,4,2,Nationale,110.0,2
202400009270,2024-10-17,matin,,,92,92047,1,2,7,4,1,Autoroute,110.0,2
202400009271,2024-10-16,après-midi,,,78,78423,1,1,2,4,2,Nationale,90.0,1
202400009272,2024-10-18,nuit,,,95,95042,3,3,6,4,2,Nationale,90.0,2
202400009273,2024-10-18,nuit,,,93,93063,3,3,2,4,1,Autoroute,90.0,2
202400009274,2024-10-18,après-midi,,,94,94046,1,1,3,4,1,Autoroute,90.0,1
202400009275,2024-10-18,après-midi,,,94,94017,1,1,2,4,1,Autoroute,70.0,1
202400009276,2024-10-18,matin,,,77,77258,1,2,6,4,1,Autoroute,90.0,2
202400009277,2024-10-17,nuit,,,94,94073,3,2,2,4,1,Autoroute,90.0,2
202400009278,2024-05-10,nuit,,,32,32107,3,1,5,4,3,Départementale,90.0,1
202400009279,2024-08-19,matin,,,29,29023,1,1,7,2,4,Voie communale,80.0,1
202400009280,2024-10-16,soirée,,,974,97416,5,1,2,4,2,Nationale,110.0,1
202400009281,2024-10-18,nuit,,,974,97411,5,1,6,3,2,Nationale,50.0,1
202400009282,2024-10-17,soirée,,,974,97411,3,1,3,4,2,Nationale,50.0,2
202400009283,2024-10-17,matin,,,974,97411,2,1,6,4,2,Nationale,90.0,1
202400009284,2024-10-17,après-midi,,,974,97407,1,1,3,4,4,Voie communale,50.0,1
202400009285,2024-10-17,nuit,,,974,97407,5,1,6,2,4,Voie communale,70.0,1
202400009286,2024-10-17,matin,,,973,97302,1,1,3,4,2,Nationale,50.0,1
202400009287,2024-10-17,matin,,,69,69386,1,3,6,4,4,Voie communale,30.0,2
202400009288,2024-10-16,matin,,,69,69386,1,1,1,4,4,Voie communale,30.0,1
202400009289,2024-10-17,matin,,,69,69389,1,3,6,4,4,Voie communale,30.0,2
202400009290,2024-10-17,nuit,,,95,95088,5,8,5,4,3,Départementale,50.0,2
202400009291,2024-10-17,soirée,,,95,95388,3,3,5,4,4,Voie communale,80.0,2
202400009292,2024-10-17,après-midi,,,91,91514,1,2,6,4,3,Départementale,30.0,2
202400009293,2024-10-17,matin,,,91,91657,1,8,1,4,4,Voie communale,50.0,1
202400009294,2024-10-16,après-midi,,,87,87075,1,1,1,4,4,Voie communale,50.0,1
202400009295,2024-10-16,soirée,,,81,81065,5,1,3,4,4,Voie communale,50.0,1
202400009296,2024-10-17,nuit,,,78,78440,5,1,2,4,3,Départementale,50.0,1
202400009297,2024-10-17,après-midi,,,78,78123,1,2,2,4,4,Voie communale,50.0,2
202400009298,2024-03-19,matin,,,91,91339,1,1,7,4,2,Nationale,110.0,1
202400009299,2024-03-19,nuit,,,91,91161,3,1,2,4,1,Autoroute,110.0,1
202400009300,2024-03-18,après-midi,,,92,92036,1,1,2,4,1,Autoroute,90.0,1
202400009301,2024-03-18,matin,,,92,92062,1,1,3,4,2,Nationale,70.0,1
202400009302,2024-03-19,après-midi,,,93,93006,1,1,3,4,1,Autoroute,90.0,1
202400009303,2024-03-19,soirée,,,93,93008,1,1,3,4,1,Autoroute,90.0,1
202400009304,2024-03-19,matin,,,95,95018,1,1,3,4,1,Autoroute,110.0,1
202400009305,2024-03-18,après-midi,,,95,95527,1,1,5,4,1,Autoroute,110.0,1
202400009306,2024-03-18,après-midi,,,95,95527,1,1,2,4,1,Autoroute,110.0,1
202400009307,2024-03-18,après-midi,,,95,95277,1,1,2,4,1,Autoroute,90.0,1
202400009308,2024-03-18,matin,,,93,93008,1,1,3,3,1,Autoroute,90.0,1
202400009309,2024-03-18,matin,,,987,98735,1,1,1,4,2,Nationale,50.0,1
202400009310,2024-03-18,matin,,,976,97611,1,1,3,4,2,Nationale,50.0,1
202400009311,2024-03-18,matin,,,974,97411,1,1,7,3,2,Nationale,70.0,1
202400009312,2024-03-18,matin,,,974,97409,1,1,6,4,3,Départementale,50.0,1
202400009313,2024-03-18,soirée,,,974,97407,2,1,7,4,2,Nationale,25.0,1
202400009314,2024-03-18,matin,,,973,97302,1,1,1,4,3,Départementale,50.0,1
202400009315,2024-03-18,matin,,,69,69388,1,8,3,4,4,Voie communale,30.0,2
202400009316,2024-03-18,matin,,,972,97213,1,1,3,4,3,Départementale,70.0,1
202400009317,2024-03-17,après-midi,,,972,97213,1,1,6,4,3,Départementale,70.0,1
202400009318,2024-03-11,après-midi,,,971,97113,2,2,4,4,3,Départementale,50.0,2
202400009319,2024-03-18,soirée,,,2A,2A004,2,1,6,4,4,Voie communale,50.0,1
202400009320,2024-03-18,après-midi,,,95,95607,1,1,6,4,3,Départementale,50.0,1
202400009321,2024-03-18,matin,,,91,91457,1,7,2,4,4,Voie communale,30.0,1
202400009322,2024-03-17,soirée,,,87,87085,5,1,6,3,4,Voie communale,50.0,1
202400009323,2024-03-18,matin,,,86,86194,1,2,1,4,3,Départementale,50.0,2
202400009324,2024-03-17,matin,,,84,84007,1,1,2,4,4,Voie communale,50.0,1
202400009325,2024-03-18,soirée,,,76,76540,5,1,6,4,7,Autre,50.0,1
202400009326,2024-03-15,nuit,,,76,76351,5,2,6,4,4,Voie communale,50.0,2
202400009327,2024-03-17,après-midi,,,72,72181,1,2,2,4,4,Voie communale,90.0,2
202400009328,2024-03-17,après-midi,,,72,72181,1,2,2,4,4,Voie communale,30.0,2
202400009329,2024-03-17,matin,,,72,72181,1,2,5,4,4,Voie communale,50.0,2
202400009330,2024-02-29,matin,,,68,68271,2,1,1,3,4,Voie communale,50.0,1
202400009331,2024-03-16,soirée,,,64,64132,5,1,3,4,4,Voie communale,50.0,1
202400009332,2024-03-18,matin,,,64,64140,1,1,2,4,4,Voie communale,30.0,1
202400009333,2024-03-18,après-midi,,,60,60159,1,1,3,4,4,Voie communale,30.0,1
202400009334,2024-03-18,matin,,,59,59421,4,2,6,4,7,Autre,50.0,9
202400009335,2024-03-18,soirée,,,59,59368,5,1,6,3,7,Autre,50.0,1
202400009336,2024-03-18,matin,,,59,59343,1,1,3,4,4,Voie communale,50.0,1
202400009337,2024-03-16,après-midi,,,56,56121,1,1,6,4,4,Voie communale,30.0,1
202400009338,2024-03-16,soirée,,,50,50165,1,1,3,4,3,Départementale,30.0,1
202400009339,2024-03-18,matin,,,47,47201,1,2,3,4,2,Nationale,50.0,2
202400009340,2024-03-18,après-midi,,,44,44109,1,1,6,4,4,Voie communale,50.0,1
202400009341,2024-03-18,après-midi,,,44,44109,1,1,5,4,4,Voie communale,30.0,1
202400009342,2024-03-18,matin,,,44,44162,4,8,3,4,4,Voie communale,30.0,1
202400009343,2024-03-18,après-midi,,,37,37261,1,1,4,4,4,Voie communale,50.0,1
202400009344,2024-03-18,matin,,,37,37050,1,8,4,4,7,Autre,90.0,2
202400009345,2024-03-17,soirée,,,37,37261,2,1,3,4,4,Voie communale,30.0,1
202400009346,2024-03-14,soirée,,,35,35055,1,1,3,4,4,Voie communale,30.0,1
202400009347,2024-03-17,nuit,,,35,35238,3,1,6,4,2,Nationale,90.0,2
202400009348,2024-03-17,soirée,,,34,34032,5,1,3,3,4,Voie communale,50.0,1
202400009349,2024-03-18,soirée,,,33,33550,1,1,1,4,4,Voie communale,30.0,1
202400009350,2024-03-18,nuit,,,31,31555,5,1,3,4,4,Voie communale,50.0,1
202400009351,2024-03-18,après-midi,,,30,30007,1,1,7,4,4,Voie communale,30.0,1
202400009352,2024-03-18,soirée,,,28,28332,3,1,7,4,3,Départementale,80.0,1
202400009353,2024-03-18,après-midi,,,25,25056,1,1,5,3,4,Voie communale,50.0,1
202400009354,2024-03-18,soirée,,,22,22360,1,1,2,4,4,Voie communale,50.0,1
202400009355,2024-03-14,après-midi,,,22,22113,1,1,3,4,4,Voie communale,50.0,1
202400009356,2024-03-17,soirée,,,19,19031,5,1,3,4,4,Voie communale,50.0,1
202400009357,2024-03-18,soirée,,,17,17306,2,1,6,4,4,Voie communale,30.0,1
202400009358,2024-03-17,matin,,,15,15014,1,1,6,4,4,Voie communale,50.0,1
202400009359,2024-03-18,matin,,,13,13028,1,1,4,4,3,Départementale,50.0,1
202400009360,2024-03-18,après-midi,,,13,13004,1,1,6,4,4,Voie communale,50.0,1
202400009361,2024-03-17,nuit,,,10,10333,5,1,6,4,4,Voie communale,30.0,1
202400009362,2024-07-03,soirée,,,75,75114,1,1,6,4,4,Voie communale,50.0,1
202400009363,2024-03-13,après-midi,,,10,10387,1,1,3,4,4,Voie communale,50.0,1
202400009364,2024-07-05,après-midi,,,75,75113,1,1,6,4,4,Voie communale,30.0,1
202400009365,2024-03-18,matin,,,06,06069,1,1,7,4,3,Départementale,50.0,1
202400009366,2024-06-24,soirée,,,75,75112,1,1,3,4,4,Voie communale,30.0,1
202400009367,2024-03-18,matin,,,06,06069,1,1,3,4,4,Voie communale,50.0,1
202400009368,2024-07-05,soirée,,,75,75110,1,1,3,4,4,Voie communale,30.0,1
202400009369,2024-03-19,nuit,,,06,06029,5,1,7,3,3,Départementale,30.0,1
202400009370,2024-07-05,après-midi,,,75,75110,1,1,6,4,4,Voie communale,30.0,1
202400009371,2024-03-18,matin,,,06,06029,2,1,5,4,4,Voie communale,50.0,1
202400009372,2024-07-05,nuit,,,75,75110,5,1,6,4,4,Voie communale,30.0,1
202400009373,2024-07-05,après-midi,,,75,75108,1,1,7,4,4,Voie communale,30.0,1
202400009374,2024-03-18,matin,,,75,75119,1,1,2,4,4,Voie communale,70.0,1
202400009375,2024-07-05,matin,,,75,75108,1,1,6,4,4,Voie communale,30.0,1