Num_Acc,date,time_of_day,lat,long,dep,com,lum,atm,col,severity_index,catr,catr_label,vma,surf
202400009376,2024-03-17,nuit,,,75,75114,5,1,2,4,4,Voie communale,70.0,1
202400009377,2024-07-05,soirée,,,75,75107,1,1,7,4,4,Voie communale,30.0,1
202400009378,2024-03-18,matin,,,75,75120,1,1,3,4,4,Voie communale,30.0,1
202400009379,2024-07-05,après-midi,,,75,75101,1,1,3,4,4,Voie communale,30.0,1
202400009380,2024-03-17,matin,,,75,75115,1,2,3,4,4,Voie communale,30.0,2
202400009381,2024-07-05,après-midi,,,75,75101,1,1,3,4,4,Voie communale,30.0,1
202400009382,2024-07-05,matin,,,75,75103,1,1,7,4,4,Voie communale,30.0,1
202400009383,2024-03-18,après-midi,,,75,75110,1,1,6,4,4,Voie communale,30.0,1
202400009384,2024-07-04,nuit,,,75,75101,5,1,2,4,4,Voie communale,30.0,1
202400009385,2024-07-03,soirée,,,75,75101,2,1,3,4,4,Voie communale,30.0,1
202400009386,2024-03-18,matin,,,75,75109,1,1,6,4,4,Voie communale,30.0,1
202400009387,2024-07-05,soirée,,,94,94081,1,1,2,3,4,Voie communale,50.0,1
202400009388,2024-03-17,nuit,,,75,75102,5,9,3,4,4,Voie communale,30.0,2
202400009389,2024-07-04,soirée,,,94,94081,1,1,3,4,3,Départementale,50.0,1
202400009390,2024-03-18,après-midi,,,75,75108,1,1,3,3,4,Voie communale,30.0,1
202400009391,2024-07-04,après-midi,,,94,94081,1,1,6,3,3,Départementale,50.0,1
202400009392,2024-03-18,nuit,,,94,94022,5,2,4,4,3,Départementale,50.0,2
202400009393,2024-07-05,après-midi,,,94,94078,1,1,6,4,4,Voie communale,50.0,1
202400009394,2024-07-05,matin,,,94,94068,1,1,3,4,4,Voie communale,30.0,1
202400009395,2024-03-18,soirée,,,94,94022,1,1,3,4,3,Départementale,50.0,1
202400009396,2024-07-05,soirée,,,94,94052,1,1,2,4,3,Départementale,50.0,1
202400009397,2024-03-18,après-midi,,,93,93078,1,1,4,4,3,Départementale,50.0,1
202400009398,2024-07-05,matin,,,94,94041,1,1,2,4,3,Départementale,50.0,1
202400009399,2024-03-18,matin,,,93,93059,1,1,3,4,3,Départementale,50.0,1
202400009400,2024-07-05,après-midi,,,94,94021,1,1,6,4,3,Départementale,50.0,1
202400009401,2024-03-18,après-midi,,,93,93064,1,1,6,4,3,Départementale,50.0,1
202400009402,2024-07-03,matin,,,94,94060,1,8,4,4,3,Départementale,50.0,1
202400009403,2024-03-18,matin,,,93,93050,2,1,3,4,3,Départementale,50.0,1
202400009404,2024-07-04,soirée,,,93,93073,1,1,1,4,3,Départementale,70.0,1
202400009405,2024-07-05,après-midi,,,93,93066,1,1,3,4,3,Départementale,50.0,1
202400009406,2024-03-18,matin,,,93,93006,1,1,3,4,3,Départementale,,1
202400009407,2024-07-05,soirée,,,93,93064,1,1,6,4,3,Départementale,30.0,1
202400009408,2024-03-18,matin,,,93,93010,1,1,3,4,3,Départementale,50.0,1
202400009409,2024-07-05,matin,,,93,93053,1,1,3,3,3,Départementale,50.0,1
202400009410,2024-03-18,après-midi,,,93,93005,1,1,6,4,4,Voie communale,,1
202400009411,2024-07-05,matin,,,93,93051,1,1,3,4,4,Voie communale,30.0,1
202400009412,2024-03-18,matin,,,93,93005,1,1,6,4,4,Voie communale,,1
202400009413,2024-07-04,après-midi,,,93,93048,1,1,6,4,4,Voie communale,,1
202400009414,2024-03-18,soirée,,,92,92072,2,1,3,4,3,Départementale,50.0,1
202400009415,2024-07-04,soirée,,,93,93063,1,1,3,4,3,Départementale,50.0,1
202400009416,2024-03-17,soirée,,,92,92022,1,1,3,4,4,Voie communale,30.0,1
202400009417,2024-03-17,après-midi,,,92,92064,1,2,7,4,4,Voie communale,30.0,2
202400009418,2024-07-05,après-midi,,,93,93031,1,1,3,4,3,Départementale,50.0,1
202400009419,2024-07-05,après-midi,,,93,93005,1,1,3,4,4,Voie communale,50.0,1
202400009420,2024-03-18,matin,,,92,92012,1,1,4,4,3,Départementale,50.0,1
202400009421,2024-07-05,après-midi,,,93,93001,1,1,2,4,4,Voie communale,30.0,1
202400009422,2024-03-17,après-midi,,,92,92004,1,1,2,4,3,Départementale,50.0,1
202400009423,2024-07-05,matin,,,92,92046,1,1,3,4,3,Départementale,50.0,1
202400009424,2024-03-14,après-midi,,,60,60587,1,1,3,3,3,Départementale,80.0,1
202400009425,2024-07-05,après-midi,,,92,92064,1,1,2,4,3,Départementale,50.0,1
202400009426,2024-07-05,soirée,,,92,92051,1,1,3,4,4,Voie communale,50.0,1
202400009427,2024-03-16,nuit,,,974,97415,5,1,1,3,4,Voie communale,,1
202400009428,2024-07-05,après-midi,,,92,92044,1,1,6,4,4,Voie communale,50.0,1
202400009429,2024-03-19,nuit,,,976,97610,2,1,1,3,2,Nationale,70.0,1
202400009430,2024-03-19,après-midi,,,24,24442,1,1,6,2,4,Voie communale,80.0,1
202400009431,2024-05-02,matin,,,92,92044,1,1,3,4,3,Départementale,50.0,1
202400009432,2024-07-04,matin,,,92,92035,1,1,3,4,3,Départementale,50.0,1
202400009433,2024-03-17,soirée,,,40,40065,5,1,5,3,4,Voie communale,50.0,1
202400009434,2024-07-04,après-midi,,,92,92025,1,7,3,4,3,Départementale,50.0,1
202400009435,2024-03-17,après-midi,,,71,71383,1,1,6,4,1,Autoroute,50.0,1
202400009436,2024-03-17,nuit,,,17,17414,3,1,7,3,3,Départementale,90.0,1
202400009437,2024-07-05,matin,,,92,92012,1,1,3,4,3,Départementale,30.0,1
202400009438,2024-03-18,matin,,,14,14738,1,1,2,4,1,Autoroute,90.0,1
202400009439,2024-07-05,nuit,,,92,92004,3,1,3,4,3,Départementale,10.0,1
202400009440,2024-07-05,après-midi,,,63,63388,1,1,6,3,3,Départementale,,1
202400009441,2024-03-18,soirée,,,65,65069,2,1,3,4,3,Départementale,80.0,1
202400009442,2024-07-05,matin,,,12,12172,1,1,2,3,3,Départementale,90.0,1
202400009443,2024-07-06,après-midi,,,85,85065,1,1,1,3,4,Voie communale,80.0,1
202400009444,2024-03-19,après-midi,,,63,63130,1,1,1,4,3,Départementale,90.0,1
202400009445,2024-07-05,nuit,,,62,62767,2,1,1,4,4,Voie communale,50.0,1
202400009446,2024-03-17,soirée,,,47,47069,2,1,6,3,3,Départementale,80.0,1
202400009447,2024-07-05,après-midi,,,41,41149,1,1,6,2,4,Voie communale,50.0,1
202400009448,2024-03-19,soirée,,,68,68258,1,1,3,3,3,Départementale,80.0,1
202400009449,2024-07-05,après-midi,,,66,66141,1,1,3,4,4,Voie communale,50.0,1
202400009450,2024-03-19,matin,,,44,44063,1,7,3,4,4,Voie communale,50.0,1
202400009451,2024-07-04,nuit,,,62,62819,3,1,6,3,3,Départementale,50.0,1
202400009452,2024-03-19,après-midi,,,44,44154,1,1,6,2,3,Départementale,70.0,1
202400009453,2024-07-06,après-midi,,,62,62273,1,6,3,4,3,Départementale,50.0,2
202400009454,2024-03-05,soirée,,,35,35331,3,1,3,3,3,Départementale,80.0,2
202400009455,2024-07-04,après-midi,,,51,51115,1,7,1,4,4,Voie communale,30.0,1
202400009456,2024-03-19,matin,,,29,29210,2,1,1,4,4,Voie communale,80.0,1
202400009457,2024-07-05,soirée,,,56,56164,1,1,1,3,4,Voie communale,50.0,1
202400009458,2024-03-19,après-midi,,,29,29110,1,1,7,2,3,Départementale,80.0,1
202400009459,2024-07-06,nuit,,,2B,2B185,3,1,6,4,3,Départementale,80.0,1
202400009460,2024-03-18,matin,,,31,31100,1,1,3,3,3,Départementale,80.0,1
202400009461,2024-03-18,après-midi,,,38,38012,1,1,6,3,3,Départementale,90.0,1
202400009462,2024-07-05,soirée,,,65,65035,2,1,1,4,3,Départementale,50.0,1
202400009463,2024-03-19,après-midi,,,84,84051,1,1,3,3,3,Départementale,80.0,1
202400009464,2024-03-18,soirée,,,64,64235,1,1,1,4,3,Départementale,80.0,1
202400009465,2024-07-06,après-midi,,,71,71263,1,2,2,4,3,Départementale,80.0,1
202400009466,2024-03-19,après-midi,,,43,43018,1,1,2,4,2,Nationale,80.0,1
202400009467,2024-03-17,après-midi,,,07,07330,1,1,7,3,3,Départementale,90.0,1
202400009468,2024-07-06,après-midi,,,71,71305,1,3,5,3,3,Départementale,90.0,2
202400009469,2024-03-15,soirée,,,88,88304,5,3,3,3,3,Départementale,50.0,2
202400009470,2024-03-19,matin,,,978,97801,1,1,6,3,4,Voie communale,50.0,1
202400009471,2024-06-28,soirée,,,89,89300,1,1,3,3,4,Voie communale,90.0,1
202400009472,2024-03-19,après-midi,,,06,06018,2,1,3,4,3,Départementale,70.0,1
202400009473,2024-07-06,soirée,,,76,76711,1,1,3,4,3,Départementale,50.0,1
202400009474,2024-03-18,matin,,,987,98745,1,1,3,4,4,Voie communale,40.0,1
202400009475,2024-07-06,soirée,,,47,47310,1,1,3,4,3,Départementale,,1
202400009476,2024-03-18,après-midi,,,06,06088,1,1,2,4,1,Autoroute,90.0,1
202400009477,2024-07-06,matin,,,39,39286,1,2,1,4,3,Départementale,90.0,2
202400009478,2024-03-18,matin,,,987,98733,1,1,3,4,2,Nationale,60.0,1
202400009479,2024-06-24,nuit,,,44,44129,2,1,6,3,3,Départementale,50.0,1
202400009480,2024-03-18,soirée,,,973,97357,5,1,1,4,4,Voie communale,,1
202400009481,2024-03-18,matin,,,84,84019,1,1,6,3,3,Départementale,,1
202400009482,2024-07-05,soirée,,,44,44212,1,1,1,2,3,Départementale,80.0,1
202400009483,2024-07-05,soirée,,,44,44146,2,1,6,2,3,Départementale,80.0,1
202400009484,2024-03-18,soirée,,,55,55351,5,1,7,4,3,Départementale,90.0,1
202400009485,2024-03-18,soirée,,,46,46102,1,1,6,3,3,Départementale,50.0,1
202400009486,2024-07-05,après-midi,,,31,31182,1,7,3,3,7,Autre,70.0,1
202400009487,2024-07-06,nuit,,,38,38174,4,1,6,4,3,Départementale,50.0,1
202400009488,2024-03-15,après-midi,,,33,33256,1,1,1,4,4,Voie communale,80.0,1
202400009489,2024-07-05,après-midi,,,03,03254,1,1,3,3,3,Départementale,80.0,1
202400009490,2024-03-18,après-midi,,,35,35105,1,1,1,4,3,Départementale,80.0,1
202400009491,2024-03-18,après-midi,,,60,60141,1,1,6,4,3,Départementale,50.0,1
202400009492,2024-07-05,soirée,,,70,70578,1,1,2,3,3,Départementale,80.0,1
202400009493,2024-03-14,matin,,,13,13215,1,1,3,3,1,Autoroute,90.0,2
202400009494,2024-07-05,matin,,,72,72039,1,1,3,3,3,Départementale,,1
202400009495,2024-03-18,matin,,,83,83129,1,1,4,4,1,Autoroute,90.0,1
202400009496,2024-06-25,après-midi,,,72,72319,1,1,3,3,4,Voie communale,90.0,1
202400009497,2024-07-03,après-midi,,,09,09228,1,1,1,4,2,Nationale,80.0,1
202400009498,2024-03-16,après-midi,,,57,57672,1,1,4,4,1,Autoroute,90.0,1
202400009499,2024-03-15,matin,,,59,59507,1,8,7,3,1,Autoroute,90.0,2
202400009500,2024-07-05,soirée,,,45,45276,1,1,5,4,3,Départementale,50.0,1
202400009501,2024-03-15,après-midi,,,95,95154,1,2,6,4,1,Autoroute,110.0,2
202400009502,2024-03-16,après-midi,,,988,98818,1,1,3,4,4,Voie communale,50.0,1
202400009503,2024-07-05,soirée,,,73,73110,2,1,6,4,3,Départementale,80.0,1
202400009504,2024-03-16,matin,,,988,98818,1,8,6,4,4,Voie communale,30.0,1
202400009505,2024-07-05,après-midi,,,18,18169,1,1,3,3,3,Départementale,90.0,1
202400009506,2024-03-17,soirée,,,974,97409,1,1,2,4,4,Voie communale,50.0,1
202400009507,2024-07-05,après-midi,,,10,10087,1,1,3,4,4,Voie communale,50.0,1
202400009508,2024-07-05,soirée,,,36,36001,2,1,6,3,3,Départementale,90.0,1
202400009509,2024-03-17,matin,,,69,69388,1,8,3,3,4,Voie communale,20.0,1
202400009510,2024-03-16,soirée,,,972,97213,5,1,6,4,3,Départementale,50.0,1
202400009511,2024-07-06,après-midi,,,07,07291,1,1,1,3,3,Départementale,90.0,1
202400009512,2024-03-17,après-midi,,,972,97209,1,1,2,4,2,Nationale,50.0,1
202400009513,2024-07-05,soirée,,,07,07110,1,1,7,3,4,Voie communale,50.0,1
202400009514,2024-03-17,après-midi,,,972,97209,1,1,2,4,4,Voie communale,50.0,1
202400009515,2024-07-05,soirée,,,07,07260,1,1,3,3,3,Départementale,30.0,1
202400009516,2024-03-16,nuit,,,972,97209,5,2,6,4,3,Départementale,60.0,2
202400009517,2024-07-06,matin,,,53,53245,1,1,2,3,2,Nationale,80.0,1
202400009518,2024-03-17,après-midi,,,69,69142,2,2,3,3,7,Autre,50.0,2
202400009519,2024-03-17,soirée,,,69,69034,5,2,7,4,7,Autre,50.0,2
202400009520,2024-07-05,soirée,,,21,21089,1,1,7,2,3,Départementale,80.0,1
202400009521,2024-07-06,soirée,,,21,21616,2,1,6,3,3,Départementale,80.0,2
202400009522,2024-03-16,après-midi,,,76,76476,1,1,1,4,4,Voie communale,50.0,1
202400009523,2024-03-16,après-midi,,,70,70513,1,1,7,3,3,Départementale,80.0,1
202400009524,2024-07-05,soirée,,,40,40218,1,1,3,3,3,Départementale,50.0,1
202400009525,2024-07-06,nuit,,,04,04167,3,1,6,3,3,Départementale,80.0,1
202400009526,2024-03-17,après-midi,,,69,69256,1,8,1,4,4,Voie communale,30.0,1
202400009527,2024-07-06,matin,,,85,85295,1,1,6,4,3,Départementale,80.0,1
202400009528,2024-03-17,après-midi,,,64,64373,1,1,1,4,6,Autre,10.0,1
202400009529,2024-07-06,nuit,,,68,68066,3,1,1,4,1,Autoroute,80.0,1
202400009530,2024-03-16,nuit,,,62,62126,3,1,6,2,3,Départementale,50.0,1
202400009531,2024-07-06,matin,,,10,10380,1,1,7,4,1,Autoroute,130.0,1
202400009532,2024-03-16,après-midi,,,62,62108,1,1,3,3,4,Voie communale,50.0,1
202400009533,2024-07-06,matin,,,06,06085,1,1,3,3,4,Voie communale,50.0,1
202400009534,2024-03-16,nuit,,,61,61169,4,2,3,4,3,Départementale,50.0,2
202400009535,2024-07-05,soirée,,,69,69039,1,1,3,3,3,Départementale,50.0,1
202400009536,2024-03-15,soirée,,,60,60175,5,2,6,4,4,Voie communale,30.0,2
202400009537,2024-07-05,après-midi,,,13,13001,1,1,2,3,1,Autoroute,90.0,1
202400009538,2024-03-17,nuit,,,59,59512,4,1,3,4,7,Autre,50.0,2
202400009539,2024-07-05,matin,,,17,17146,1,1,2,3,3,Départementale,70.0,1
202400009540,2024-03-17,nuit,,,59,59512,5,2,6,4,4,Voie communale,50.0,2
202400009541,2024-07-06,après-midi,,,59,59244,1,1,2,3,1,Autoroute,130.0,1
202400009542,2024-03-17,après-midi,,,56,56260,1,1,7,4,2,Nationale,50.0,1
202400009543,2024-03-17,matin,,,42,42170,2,1,6,3,4,Voie communale,80.0,1
202400009544,2024-07-03,après-midi,,,13,13051,1,1,2,4,1,Autoroute,130.0,1
202400009545,2024-07-05,matin,,,987,98748,1,1,2,3,2,Nationale,60.0,1
202400009546,2024-03-16,après-midi,,,38,38185,1,1,2,4,4,Voie communale,50.0,1
202400009547,2024-07-05,soirée,,,971,97115,1,1,6,3,3,Départementale,70.0,1
202400009548,2024-03-16,nuit,,,38,38053,5,1,6,4,3,Départementale,50.0,1
202400009549,2024-03-02,soirée,,,36,36044,2,2,6,4,4,Voie communale,50.0,2
202400009550,2024-07-06,nuit,,,77,77257,3,1,3,4,3,Départementale,90.0,1
202400009551,2024-07-04,nuit,,,95,95535,3,1,6,4,3,Départementale,80.0,1
202400009552,2024-03-16,nuit,,,36,36063,3,8,3,4,4,Voie communale,70.0,1
202400009553,2024-07-05,soirée,,,34,34090,1,7,6,3,6,Autre,15.0,1
202400009554,2024-03-17,après-midi,,,34,34172,1,1,7,4,4,Voie communale,30.0,1
202400009555,2024-07-06,après-midi,,,83,83065,1,1,3,4,3,Départementale,50.0,1
202400009556,2024-03-17,nuit,,,28,28404,5,2,7,4,4,Voie communale,50.0,2
202400009557,2024-07-05,après-midi,,,13,13081,1,1,3,3,3,Départementale,80.0,1
202400009558,2024-07-06,après-midi,,,58,58160,1,2,3,3,4,Voie communale,50.0,2
202400009559,2024-03-17,matin,,,25,25462,1,1,3,4,2,Nationale,50.0,1
202400009560,2024-07-02,nuit,,,73,73290,3,1,6,4,3,Départementale,80.0,1
202400009561,2024-03-17,nuit,,,25,25056,5,1,6,4,4,Voie communale,30.0,1
202400009562,2024-07-05,soirée,,,38,38087,2,1,2,3,3,Départementale,50.0,1
202400009563,2024-03-17,soirée,,,22,22113,5,1,6,3,3,Départementale,50.0,1
202400009564,2024-06-20,après-midi,,,07,07322,1,3,6,3,2,Nationale,90.0,2
202400009565,2024-03-15,après-midi,,,14,14118,1,2,3,4,4,Voie communale,50.0,2
202400009566,2024-07-06,après-midi,,,01,01043,1,2,3,3,3,Départementale,50.0,2
202400009567,2024-03-17,soirée,,,13,13117,2,1,3,4,4,Voie communale,50.0,1
202400009568,2024-07-04,après-midi,,,01,01160,1,1,6,3,3,Départementale,50.0,1
202400009569,2024-07-05,soirée,,,81,81219,2,1,3,4,3,Départementale,80.0,1
202400009570,2024-03-17,nuit,,,13,13208,4,1,4,4,4,Voie communale,50.0,1
202400009571,2024-06-30,soirée,,,31,31263,1,1,1,4,3,Départementale,80.0,1
202400009572,2024-07-06,après-midi,,,17,17452,1,1,7,3,3,Départementale,70.0,1
202400009573,2024-03-17,après-midi,,,13,13213,1,1,3,4,4,Voie communale,50.0,1
202400009574,2024-07-06,après-midi,,,16,16078,1,1,6,3,2,Nationale,110.0,2
202400009575,2024-07-03,matin,,,85,85113,1,1,7,2,9,Autre,30.0,1
202400009576,2024-07-05,soirée,,,53,53119,1,1,7,4,3,Départementale,80.0,1
202400009577,2024-03-17,nuit,,,13,13201,5,1,3,4,4,Voie communale,50.0,1
202400009578,2024-07-06,après-midi,,,22,22178,1,1,3,3,3,Départementale,70.0,1
202400009579,2024-03-17,après-midi,,,06,06004,1,1,3,4,4,Voie communale,50.0,1
202400009580,2024-07-06,après-midi,,,22,22162,1,2,1,4,3,Départementale,50.0,2
202400009581,2024-03-17,après-midi,,,75,75112,1,2,3,4,4,Voie communale,70.0,2
202400009582,2024-03-16,après-midi,,,75,75117,1,1,7,4,4,Voie communale,50.0,2
202400009583,2024-07-06,matin,,,60,60575,1,1,6,3,3,Départementale,50.0,1
202400009584,2024-07-06,soirée,,,60,60542,1,7,1,4,3,Départementale,80.0,1
202400009585,2024-07-05,nuit,,,80,80212,2,1,6,2,3,Départementale,50.0,1
202400009586,2024-03-15,après-midi,,,75,75113,1,1,3,4,4,Voie communale,70.0,1
202400009587,2024-07-05,soirée,,,80,80307,1,1,2,4,1,Autoroute,130.0,1
202400009588,2024-03-17,soirée,,,75,75115,5,1,6,4,4,Voie communale,30.0,1
202400009589,2024-07-04,soirée,,,13,13215,1,1,2,4,1,Autoroute,90.0,1
202400009590,2024-03-16,soirée,,,94,94018,5,1,3,3,3,Départementale,50.0,1
202400009591,2024-06-30,soirée,,,13,13033,1,1,3,4,1,Autoroute,110.0,1
202400009592,2024-03-16,nuit,,,93,93039,5,1,1,4,4,Voie communale,50.0,1
202400009593,2024-07-05,nuit,,,13,13056,3,1,2,4,1,Autoroute,90.0,1
202400009594,2024-07-03,nuit,,,13,13210,5,1,6,4,1,Autoroute,50.0,1
202400009595,2024-07-04,après-midi,,,83,83144,1,1,4,4,1,Autoroute,70.0,1
202400009596,2024-07-05,nuit,,,33,33039,3,1,2,2,1,Autoroute,90.0,1
202400009597,2024-03-17,après-midi,,,93,93046,1,2,6,4,4,Voie communale,50.0,2
202400009598,2024-07-05,matin,,,91,91689,1,1,3,4,1,Autoroute,110.0,1
202400009599,2024-03-17,soirée,,,92,92024,1,1,3,4,3,Départementale,50.0,1
202400009600,2024-07-04,après-midi,,,78,78640,1,1,3,4,1,Autoroute,70.0,1
202400009601,2024-03-16,après-midi,,,92,92012,1,1,6,4,4,Voie communale,50.0,1
202400009602,2024-07-04,matin,,,78,78423,1,1,2,4,2,Nationale,90.0,1
202400009603,2024-03-16,après-midi,,,92,92002,1,1,4,4,3,Départementale,50.0,1
202400009604,2024-07-03,après-midi,,,78,78646,1,8,2,4,2,Nationale,90.0,1
202400009605,2024-07-05,après-midi,,,93,93008,1,1,2,4,1,Autoroute,90.0,1
202400009606,2024-03-17,après-midi,,,60,60149,1,1,7,4,3,Départementale,80.0,2
202400009607,2024-07-05,après-midi,,,93,93007,1,1,2,4,1,Autoroute,110.0,1
202400009608,2024-03-18,après-midi,,,59,59511,1,1,3,3,3,Départementale,80.0,1
202400009609,2024-07-05,après-midi,,,95,95563,1,1,6,4,1,Autoroute,70.0,1
202400009610,2024-03-16,après-midi,,,80,80155,1,1,3,3,3,Départementale,80.0,1
202400009611,2024-07-05,après-midi,,,95,95306,1,1,7,4,1,Autoroute,90.0,1
202400009612,2024-03-17,après-midi,,,82,82097,1,1,6,4,3,Départementale,80.0,1
202400009613,2024-02-07,matin,,,82,82044,1,1,6,3,3,Départementale,30.0,1
202400009614,2024-03-17,nuit,,,41,41080,3,2,6,3,3,Départementale,70.0,2
202400009615,2024-07-03,matin,,,976,97611,1,1,3,4,2,Nationale,50.0,1
202400009616,2024-03-15,après-midi,,,22,22025,1,1,7,3,3,Départementale,50.0,1
202400009617,2024-07-03,matin,,,976,97611,1,1,2,4,2,Nationale,50.0,1
202400009618,2024-07-04,après-midi,,,974,97416,5,1,3,4,4,Voie communale,50.0,1
202400009619,2024-03-18,après-midi,,,31,31280,2,1,1,3,3,Départementale,80.0,1
202400009620,2024-07-04,matin,,,974,97411,1,1,2,4,2,Nationale,70.0,1
202400009621,2024-07-04,soirée,,,973,97302,3,1,2,4,2,Nationale,50.0,1
202400009622,2024-06-27,soirée,,,973,97302,2,3,3,4,3,Départementale,50.0,2
202400009623,2024-07-04,après-midi,,,973,97302,1,1,3,4,3,Départementale,50.0,1
202400009624,2024-07-03,nuit,,,973,97302,5,1,3,4,3,Départementale,50.0,1
202400009625,2024-07-03,nuit,,,973,97302,5,1,7,4,3,Départementale,50.0,1
202400009626,2024-07-04,nuit,,,69,69388,5,1,3,4,4,Voie communale,30.0,1
202400009627,2024-07-03,soirée,,,972,97213,3,1,3,4,2,Nationale,50.0,1
202400009628,2024-07-03,après-midi,,,972,97209,1,1,3,4,4,Voie communale,50.0,1
202400009629,2024-07-03,matin,,,69,69149,1,1,3,4,7,Autre,50.0,1
202400009630,2024-07-04,après-midi,,,2B,2B120,1,1,2,4,3,Départementale,70.0,1
202400009631,2024-07-02,nuit,,,971,97101,4,1,6,3,3,Départementale,50.0,1
202400009632,2024-07-04,après-midi,,,2A,2A004,1,1,3,4,4,Voie communale,50.0,1
202400009633,2024-07-04,soirée,,,95,95288,1,1,3,4,4,Voie communale,50.0,1
202400009634,2024-07-04,après-midi,,,95,95555,1,1,3,4,3,Départementale,50.0,1
202400009635,2024-07-03,soirée,,,91,91549,1,1,2,4,3,Départementale,50.0,1
202400009636,2024-07-03,après-midi,,,91,91421,1,8,2,4,3,Départementale,50.0,1
202400009637,2024-07-04,nuit,,,88,88463,3,1,7,3,3,Départementale,80.0,1
202400009638,2024-07-03,soirée,,,87,87085,1,1,6,3,1,Autoroute,90.0,1
202400009639,2024-07-03,après-midi,,,84,84007,1,1,1,4,3,Départementale,70.0,1
202400009640,2024-07-04,après-midi,,,83,83137,1,1,6,3,4,Voie communale,50.0,1
202400009641,2024-07-04,matin,,,83,83061,1,1,3,3,3,Départementale,70.0,1
202400009642,2024-06-29,nuit,,,83,83061,3,1,1,3,3,Départementale,50.0,1
202400009643,2024-07-03,matin,,,81,81163,1,2,3,4,3,Départementale,50.0,2
202400009644,2024-07-04,soirée,,,81,81004,2,1,2,4,2,Nationale,90.0,1
202400009645,2024-07-04,après-midi,,,79,79329,1,1,3,3,4,Voie communale,50.0,1
202400009646,2024-06-21,soirée,,,77,77014,1,1,4,4,3,Départementale,50.0,1
202400009647,2024-07-04,soirée,,,76,76216,1,1,3,4,7,Autre,50.0,1
202400009648,2024-07-04,nuit,,,76,76540,5,2,6,4,4,Voie communale,50.0,2
202400009649,2024-07-03,matin,,,74,74012,1,1,6,4,4,Voie communale,50.0,1
202400009650,2024-07-03,soirée,,,74,74305,1,1,3,4,3,Départementale,70.0,1
202400009651,2024-07-03,après-midi,,,72,72181,1,1,3,4,4,Voie communale,50.0,1
202400009652,2024-07-04,matin,,,71,71499,1,1,1,4,3,Départementale,50.0,1
202400009653,2024-07-03,matin,,,69,69266,1,8,3,4,4,Voie communale,50.0,1
202400009654,2024-07-04,soirée,,,69,69264,1,1,2,4,3,Départementale,50.0,1
202400009655,2024-07-04,nuit,,,68,68297,5,1,3,4,4,Voie communale,15.0,1
202400009656,2024-07-03,après-midi,,,65,65286,1,1,3,4,4,Voie communale,50.0,1
202400009657,2024-07-03,après-midi,,,64,64545,1,1,6,2,4,Voie communale,50.0,1
202400009658,2024-07-04,après-midi,,,64,64132,1,8,3,4,4,Voie communale,50.0,1
202400009659,2024-07-04,matin,,,64,64132,1,1,3,4,4,Voie communale,50.0,1
202400009660,2024-07-04,matin,,,63,63113,1,1,3,4,7,Autre,30.0,1
202400009661,2024-07-03,matin,,,62,62250,1,1,6,3,3,Départementale,50.0,1
202400009662,2024-07-04,après-midi,,,62,62193,1,1,3,3,4,Voie communale,30.0,1
202400009663,2024-07-04,matin,,,62,62457,1,1,7,3,3,Départementale,50.0,1
202400009664,2024-06-28,soirée,,,59,59431,1,1,3,4,1,Autoroute,70.0,1
202400009665,2024-07-04,soirée,,,56,56260,1,1,4,4,2,Nationale,90.0,1
202400009666,2024-07-03,après-midi,,,56,56260,1,1,3,4,4,Voie communale,50.0,1
202400009667,2024-07-03,après-midi,,,56,56260,1,2,7,4,4,Voie communale,30.0,2
202400009668,2024-07-04,matin,,,51,51454,1,1,3,4,4,Voie communale,50.0,1
202400009669,2024-07-04,nuit,,,51,51454,5,2,3,4,4,Voie communale,50.0,2
202400009670,2024-07-03,soirée,,,51,51454,1,1,4,4,4,Voie communale,70.0,1
202400009671,2024-07-03,après-midi,,,50,50218,1,1,3,4,3,Départementale,50.0,1
202400009672,2024-07-03,matin,,,50,50129,1,1,3,4,3,Départementale,50.0,1
202400009673,2024-06-12,matin,,,49,49099,1,1,3,4,3,Départementale,50.0,1
202400009674,2024-07-04,après-midi,,,47,47031,1,1,1,4,3,Départementale,50.0,1
202400009675,2024-07-03,après-midi,,,47,47001,1,1,2,4,4,Voie communale,50.0,1
202400009676,2024-07-04,après-midi,,,45,45302,1,1,6,3,3,Départementale,70.0,1
202400009677,2024-07-03,soirée,,,45,45338,2,1,6,4,3,Départementale,110.0,1
202400009678,2024-07-03,nuit,,,45,45338,3,1,6,4,4,Voie communale,50.0,1
202400009679,2024-07-04,soirée,,,44,44162,1,1,6,4,4,Voie communale,30.0,1
202400009680,2024-11-26,après-midi,,,95,95572,2,1,3,4,2,Nationale,90.0,1
202400009681,2024-11-25,après-midi,,,93,93048,1,2,2,4,1,Autoroute,90.0,2
202400009682,2024-11-25,matin,,,93,93053,1,2,3,4,1,Autoroute,90.0,2
202400009683,2024-11-25,matin,,,95,95018,5,2,3,4,1,Autoroute,90.0,2
202400009684,2024-11-23,soirée,,,95,95218,3,1,4,4,1,Autoroute,90.0,1
202400009685,2024-11-26,soirée,,,94,94028,3,1,2,4,1,Autoroute,90.0,1
202400009686,2024-09-23,matin,,,82,82033,1,8,6,4,3,Départementale,80.0,1
202400009687,2024-09-15,après-midi,,,84,84125,1,1,6,4,3,Départementale,80.0,1