Num_Acc,date,time_of_day,lat,long,dep,com,lum,atm,col,severity_index,catr,catr_label,vma,surf
202400009688,2024-09-15,nuit,,,84,84081,4,6,6,4,1,Autoroute,130.0,1
202400009689,2024-09-14,matin,,,84,84007,1,1,2,4,2,Nationale,90.0,1
202400009690,2024-09-13,après-midi,,,84,84089,1,1,7,4,3,Départementale,50.0,1
202400009691,2024-09-12,soirée,,,84,84007,1,1,1,4,4,Voie communale,50.0,1
202400009692,2024-04-30,soirée,,,93,93029,1,1,6,4,3,Départementale,,1
202400009693,2024-09-09,matin,,,74,74010,1,2,1,3,3,Départementale,50.0,2
202400009694,2024-04-27,soirée,,,93,93029,1,2,2,4,4,Voie communale,50.0,2
202400009695,2024-04-23,après-midi,,,93,93029,1,1,3,4,3,Départementale,50.0,1
202400009696,2024-03-19,après-midi,,,93,93029,1,1,2,4,4,Voie communale,50.0,1
202400009697,2024-03-13,matin,,,93,93027,5,2,3,4,3,Départementale,50.0,2
202400009698,2024-03-07,matin,,,93,93029,1,1,3,4,4,Voie communale,50.0,1
202400009699,2024-03-05,matin,,,93,93029,1,2,6,4,4,Voie communale,50.0,2
202400009700,2024-03-04,matin,,,93,93029,1,1,3,4,4,Voie communale,,1
202400009701,2024-03-29,après-midi,,,93,93029,1,1,3,3,3,Départementale,50.0,1
202400009702,2024-02-21,après-midi,,,93,93029,1,8,3,4,3,Départementale,50.0,1
202400009703,2024-09-12,nuit,,,56,56098,3,1,3,3,4,Voie communale,30.0,1
202400009704,2024-02-11,après-midi,,,93,93029,1,8,6,4,3,Départementale,50.0,2
202400009705,2024-09-13,après-midi,,,54,54547,1,1,3,4,4,Voie communale,50.0,1
202400009706,2024-02-10,après-midi,,,93,93029,1,3,1,4,4,Voie communale,50.0,2
202400009707,2024-09-13,après-midi,,,54,54323,1,7,6,3,3,Départementale,50.0,1
202400009708,2024-02-09,nuit,,,93,93029,5,1,6,4,3,Départementale,30.0,1
202400009709,2024-09-12,nuit,,,51,51454,3,2,3,4,4,Voie communale,50.0,2
202400009710,2024-02-02,après-midi,,,93,93029,1,1,3,4,4,Voie communale,20.0,1
202400009711,2024-09-12,soirée,,,51,51108,1,1,6,4,4,Voie communale,30.0,1
202400009712,2024-01-24,soirée,,,93,93029,5,1,6,4,4,Voie communale,50.0,1
202400009713,2024-09-13,matin,,,50,50147,1,1,6,4,4,Voie communale,30.0,1
202400009714,2024-01-16,matin,,,93,93029,1,1,6,4,4,Voie communale,,1
202400009715,2024-09-14,nuit,,,49,49007,5,1,6,4,4,Voie communale,50.0,1
202400009716,2024-01-02,après-midi,,,93,93029,1,2,6,4,4,Voie communale,20.0,2
202400009717,2024-09-13,après-midi,,,49,49007,1,1,3,4,4,Voie communale,50.0,1
202400009718,2024-01-06,soirée,,,93,93029,5,2,3,4,3,Départementale,50.0,2
202400009719,2024-09-13,après-midi,,,45,45147,1,1,3,4,4,Voie communale,50.0,1
202400009720,2024-09-13,soirée,,,44,44162,1,1,3,3,4,Voie communale,50.0,1
202400009721,2024-11-16,nuit,,,988,98818,2,1,1,4,4,Voie communale,50.0,1
202400009722,2024-09-13,nuit,,,42,42184,4,1,6,4,4,Voie communale,50.0,1
202400009723,2024-04-25,après-midi,,,78,78117,1,1,2,4,2,Nationale,110.0,1
202400009724,2024-11-12,après-midi,,,987,98735,1,1,3,4,4,Voie communale,50.0,1
202400009725,2024-09-13,après-midi,,,37,37261,1,1,7,4,4,Voie communale,30.0,1
202400009726,2024-09-13,matin,,,37,37261,1,1,2,4,7,Autre,50.0,1
202400009727,2024-04-24,matin,,,92,92063,1,1,2,4,1,Autoroute,70.0,1
202400009728,2024-11-25,matin,,,974,97416,1,1,3,4,4,Voie communale,50.0,1
202400009729,2024-04-25,matin,,,93,93005,1,1,2,4,1,Autoroute,110.0,1
202400009730,2024-11-25,soirée,,,974,97411,5,2,3,4,4,Voie communale,30.0,2
202400009731,2024-09-13,soirée,,,35,35238,5,1,3,3,4,Voie communale,30.0,1
202400009732,2024-04-24,après-midi,,,93,93066,1,1,2,4,1,Autoroute,90.0,1
202400009733,2024-11-24,soirée,,,974,97411,5,2,3,4,4,Voie communale,50.0,2
202400009734,2024-09-13,après-midi,,,35,35115,1,1,4,4,2,Nationale,80.0,1
202400009735,2024-04-25,après-midi,,,94,94044,1,1,2,4,2,Nationale,90.0,1
202400009736,2024-11-24,nuit,,,974,97411,5,1,6,4,2,Nationale,50.0,1
202400009737,2024-09-13,soirée,,,34,34172,5,1,2,4,4,Voie communale,50.0,1
202400009738,2024-04-25,matin,,,94,94081,1,1,7,4,1,Autoroute,90.0,1
202400009739,2024-11-25,matin,,,973,97302,1,1,3,4,3,Départementale,50.0,1
202400009740,2024-09-13,après-midi,,,34,34172,1,1,3,4,4,Voie communale,50.0,1
202400009741,2024-11-24,nuit,,,973,97302,5,1,3,4,4,Voie communale,50.0,1
202400009742,2024-09-13,soirée,,,33,33318,5,1,1,4,4,Voie communale,30.0,1
202400009743,2024-02-18,soirée,,,62,62033,5,2,2,4,3,Départementale,80.0,2
202400009744,2024-09-13,soirée,,,33,33522,5,1,1,4,4,Voie communale,50.0,1
202400009745,2024-11-25,soirée,,,69,69152,5,8,3,4,7,Autre,50.0,1
202400009746,2024-04-24,soirée,,,974,97411,5,1,1,4,3,Départementale,50.0,1
202400009747,2024-11-23,nuit,,,971,97113,3,1,6,4,2,Nationale,70.0,1
202400009748,2024-04-24,nuit,,,974,97411,4,1,6,3,2,Nationale,70.0,1
202400009749,2024-09-13,après-midi,,,33,33281,1,1,3,4,4,Voie communale,30.0,1
202400009750,2024-11-25,soirée,,,95,95427,5,2,1,4,3,Départementale,50.0,2
202400009751,2024-09-13,après-midi,,,33,33281,1,1,3,3,4,Voie communale,50.0,1
202400009752,2024-04-24,nuit,,,69,69388,5,1,3,4,4,Voie communale,30.0,1
202400009753,2024-11-25,matin,,,95,95288,2,3,6,4,3,Départementale,50.0,2
202400009754,2024-09-13,matin,,,33,33281,1,1,6,3,4,Voie communale,30.0,2
202400009755,2024-04-24,matin,,,69,69388,1,1,6,4,4,Voie communale,50.0,1
202400009756,2024-11-25,matin,,,91,91477,2,2,6,3,4,Voie communale,50.0,2
202400009757,2024-09-13,matin,,,33,33318,2,1,1,3,4,Voie communale,30.0,1
202400009758,2024-04-24,après-midi,,,972,97213,1,1,3,3,4,Voie communale,50.0,1
202400009759,2024-11-24,après-midi,,,91,91201,1,1,6,4,4,Voie communale,50.0,1
202400009760,2024-09-13,nuit,,,33,33063,5,2,6,4,4,Voie communale,30.0,2
202400009761,2024-04-22,matin,,,972,97209,1,1,5,3,3,Départementale,50.0,1
202400009762,2024-11-23,après-midi,,,91,91691,1,1,6,4,4,Voie communale,50.0,1
202400009763,2024-11-22,soirée,,,87,87085,5,1,6,4,4,Voie communale,10.0,1
202400009764,2024-09-13,après-midi,,,31,31555,1,1,6,3,4,Voie communale,30.0,1
202400009765,2024-04-24,matin,,,69,69034,1,1,2,4,7,Autre,30.0,1
202400009766,2024-11-24,nuit,,,87,87085,3,1,6,4,4,Voie communale,50.0,1
202400009767,2024-04-24,soirée,,,2A,2A004,5,1,1,4,4,Voie communale,50.0,1
202400009768,2024-09-13,nuit,,,31,31555,3,1,5,4,1,Autoroute,90.0,1
202400009769,2024-11-22,matin,,,87,87085,1,1,3,4,3,Départementale,50.0,1
202400009770,2024-04-23,après-midi,,,88,88160,1,1,3,4,3,Départementale,50.0,1
202400009771,2024-09-13,matin,,,28,28134,5,1,1,4,4,Voie communale,50.0,1
202400009772,2024-04-22,après-midi,,,87,87085,1,1,2,4,4,Voie communale,30.0,1
202400009773,2024-09-13,soirée,,,26,26362,4,1,2,4,2,Nationale,110.0,1
202400009774,2024-04-24,matin,,,85,85194,1,1,6,3,4,Voie communale,3.0,1
202400009775,2024-09-13,après-midi,,,17,17306,1,1,3,3,3,Départementale,30.0,1
202400009776,2024-11-25,matin,,,84,84031,2,1,3,4,4,Voie communale,50.0,1
202400009777,2024-04-19,après-midi,,,85,85194,1,1,6,3,4,Voie communale,50.0,1
202400009778,2024-11-21,matin,,,83,83069,1,8,7,3,4,Voie communale,50.0,2
202400009779,2024-04-24,matin,,,85,85191,1,1,3,4,3,Départementale,50.0,1
202400009780,2024-09-13,après-midi,,,17,17306,1,1,3,4,3,Départementale,50.0,1
202400009781,2024-11-25,soirée,,,78,78621,3,2,3,4,2,Nationale,50.0,2
202400009782,2024-04-24,nuit,,,84,84007,5,1,3,4,4,Voie communale,50.0,1
202400009783,2024-09-13,après-midi,,,14,14118,1,1,3,4,4,Voie communale,50.0,1
202400009784,2024-09-11,après-midi,,,13,13102,1,1,1,4,3,Départementale,50.0,1
202400009785,2024-04-24,matin,,,83,83103,1,1,3,4,3,Départementale,50.0,1
202400009786,2024-11-24,soirée,,,77,77373,5,1,6,3,3,Départementale,50.0,1
202400009787,2024-09-12,après-midi,,,13,13201,1,1,6,4,4,Voie communale,50.0,1
202400009788,2024-11-25,soirée,,,77,77495,3,8,6,3,3,Départementale,90.0,1
202400009789,2024-04-24,soirée,,,83,83126,1,7,3,4,4,Voie communale,50.0,1
202400009790,2024-04-21,soirée,,,83,83050,1,1,6,3,4,Voie communale,30.0,1
202400009791,2024-11-24,nuit,,,76,76351,5,1,3,3,4,Voie communale,50.0,1
202400009792,2024-09-13,matin,,,11,11069,1,1,5,4,3,Départementale,50.0,1
202400009793,2024-04-23,après-midi,,,82,82033,1,1,6,4,3,Départementale,80.0,1
202400009794,2024-11-25,soirée,,,74,74010,5,1,3,4,4,Voie communale,30.0,1
202400009795,2024-09-13,après-midi,,,10,10387,1,1,6,3,4,Voie communale,50.0,1
202400009796,2024-11-25,soirée,,,67,67482,5,6,6,4,7,Autre,50.0,1
202400009797,2024-09-12,soirée,,,10,10387,1,1,1,3,4,Voie communale,50.0,1
202400009798,2024-04-22,matin,,,77,77269,1,1,4,4,3,Départementale,70.0,1
202400009799,2024-11-25,matin,,,62,62510,4,2,6,3,4,Voie communale,50.0,2
202400009800,2024-11-25,matin,,,59,59599,1,2,6,4,7,Autre,50.0,2
202400009801,2024-09-13,après-midi,,,09,09122,1,1,4,4,3,Départementale,50.0,2
202400009802,2024-11-25,soirée,,,59,59650,5,1,3,4,4,Voie communale,50.0,1
202400009803,2024-09-12,matin,,,07,07102,1,1,3,4,4,Voie communale,50.0,1
202400009804,2024-04-24,matin,,,72,72181,1,1,3,4,4,Voie communale,50.0,1
202400009805,2024-09-13,matin,,,06,06069,1,1,6,4,3,Départementale,30.0,1
202400009806,2024-04-23,après-midi,,,72,72181,1,1,2,4,4,Voie communale,30.0,1
202400009807,2024-09-13,matin,,,75,75119,1,1,7,4,4,Voie communale,70.0,1
202400009808,2024-11-25,matin,,,59,59560,3,2,2,4,4,Voie communale,50.0,2
202400009809,2024-04-24,soirée,,,71,71076,1,1,3,3,4,Voie communale,50.0,2
202400009810,2024-09-12,soirée,,,75,75115,1,2,3,4,4,Voie communale,70.0,2
202400009811,2024-11-22,matin,,,58,58194,1,1,6,4,4,Voie communale,50.0,1
202400009812,2024-04-24,après-midi,,,71,71076,1,2,3,4,4,Voie communale,50.0,2
202400009813,2024-09-12,après-midi,,,75,75117,1,1,2,4,4,Voie communale,70.0,2
202400009814,2024-11-25,matin,,,56,56260,1,1,3,3,4,Voie communale,30.0,2
202400009815,2024-04-24,après-midi,,,66,66136,1,1,6,3,4,Voie communale,50.0,1
202400009816,2024-11-23,nuit,,,56,56098,3,1,6,4,4,Voie communale,30.0,1
202400009817,2024-09-13,après-midi,,,75,75117,1,1,3,4,4,Voie communale,30.0,1
202400009818,2024-04-24,matin,,,64,64335,1,1,2,4,4,Voie communale,50.0,1
202400009819,2024-11-25,soirée,,,47,47001,5,2,6,3,3,Départementale,50.0,2
202400009820,2024-04-24,nuit,,,64,64024,5,1,7,4,4,Voie communale,50.0,1
202400009821,2024-09-12,matin,,,75,75116,1,1,3,4,4,Voie communale,30.0,1
202400009822,2024-11-25,nuit,,,44,44109,5,8,2,4,4,Voie communale,30.0,2
202400009823,2024-04-24,après-midi,,,63,63113,1,1,6,4,4,Voie communale,30.0,1
202400009824,2024-09-12,matin,,,75,75114,1,1,6,4,4,Voie communale,,1
202400009825,2024-04-14,nuit,,,62,62570,4,1,6,4,4,Voie communale,30.0,1
202400009826,2024-11-25,matin,,,38,38169,1,1,3,4,4,Voie communale,50.0,1
202400009827,2024-09-13,soirée,,,75,75113,5,1,3,4,4,Voie communale,50.0,1
202400009828,2024-04-24,soirée,,,56,56260,1,2,4,4,2,Nationale,90.0,2
202400009829,2024-11-25,matin,,,37,37122,2,3,2,4,7,Autre,50.0,2
202400009830,2024-09-13,après-midi,,,75,75113,1,1,3,4,4,Voie communale,30.0,1
202400009831,2024-04-23,après-midi,,,56,56121,1,1,3,4,4,Voie communale,30.0,1
202400009832,2024-11-25,soirée,,,36,36202,3,8,4,4,3,Départementale,80.0,2
202400009833,2024-04-23,après-midi,,,51,51454,1,1,6,4,4,Voie communale,30.0,1
202400009834,2024-09-12,matin,,,75,75112,1,1,2,4,4,Voie communale,30.0,1
202400009835,2024-11-25,soirée,,,35,35238,5,1,3,4,4,Voie communale,30.0,2
202400009836,2024-04-23,soirée,,,49,49007,2,1,3,3,4,Voie communale,50.0,1
202400009837,2024-09-13,matin,,,75,75108,1,1,6,4,4,Voie communale,30.0,1
202400009838,2024-11-25,soirée,,,31,31555,5,2,4,4,1,Autoroute,90.0,2
202400009839,2024-04-23,matin,,,45,45208,1,1,3,4,4,Voie communale,50.0,1
202400009840,2024-09-13,nuit,,,75,75107,5,1,2,4,4,Voie communale,30.0,1
202400009841,2024-11-24,après-midi,,,22,22278,1,1,3,4,4,Voie communale,30.0,1
202400009842,2024-04-24,après-midi,,,42,42044,1,1,6,4,7,Autre,,1
202400009843,2024-09-13,après-midi,,,75,75101,1,1,6,4,4,Voie communale,30.0,1
202400009844,2024-11-25,matin,,,17,17415,3,1,6,4,4,Voie communale,50.0,2
202400009845,2024-04-24,soirée,,,37,37261,2,8,3,4,4,Voie communale,50.0,1
202400009846,2024-09-13,matin,,,75,75104,1,1,3,4,4,Voie communale,50.0,1
202400009847,2024-04-24,matin,,,35,35238,1,1,3,3,4,Voie communale,30.0,1
202400009848,2024-09-13,matin,,,75,75102,1,1,3,4,4,Voie communale,30.0,1
202400009849,2024-04-24,après-midi,,,34,34301,1,1,6,3,4,Voie communale,50.0,1
202400009850,2024-11-16,après-midi,,,13,13039,1,2,5,4,2,Nationale,70.0,2
202400009851,2024-09-13,matin,,,94,94067,1,7,3,4,4,Voie communale,30.0,1
202400009852,2024-04-24,soirée,,,34,34198,1,1,3,4,4,Voie communale,50.0,1
202400009853,2024-11-25,soirée,,,13,13214,5,1,3,4,4,Voie communale,50.0,1
202400009854,2024-09-13,matin,,,94,94044,1,1,6,4,3,Départementale,30.0,1
202400009855,2024-04-21,après-midi,,,34,34172,1,1,1,3,4,Voie communale,50.0,1
202400009856,2024-09-13,après-midi,,,94,94058,1,8,3,4,4,Voie communale,30.0,1
202400009857,2024-11-25,matin,,,13,13203,1,8,3,4,1,Autoroute,50.0,1
202400009858,2024-04-24,matin,,,34,34172,1,1,3,4,4,Voie communale,50.0,2
202400009859,2024-09-13,après-midi,,,94,94058,1,1,5,4,3,Départementale,50.0,1
202400009860,2024-11-25,matin,,,75,75117,1,2,3,4,4,Voie communale,30.0,2
202400009861,2024-04-24,nuit,,,33,33281,5,1,2,4,4,Voie communale,30.0,1
202400009862,2024-11-25,matin,,,75,75116,1,2,6,4,4,Voie communale,30.0,2
202400009863,2024-09-12,soirée,,,94,94028,3,2,6,4,3,Départementale,70.0,2
202400009864,2024-11-24,après-midi,,,75,75116,5,1,6,4,4,Voie communale,30.0,1
202400009865,2024-09-13,soirée,,,94,94060,1,1,3,4,4,Voie communale,30.0,1
202400009866,2024-04-24,soirée,,,31,31555,1,2,3,4,4,Voie communale,30.0,2
202400009867,2024-11-24,après-midi,,,75,75116,1,1,6,4,4,Voie communale,30.0,1
202400009868,2024-04-24,matin,,,31,31555,1,1,3,4,7,Autre,50.0,1
202400009869,2024-11-25,soirée,,,75,75115,3,1,2,4,4,Voie communale,30.0,1
202400009870,2024-09-13,matin,,,93,93064,1,1,2,4,4,Voie communale,50.0,1
202400009871,2024-04-24,matin,,,27,27229,1,1,6,2,4,Voie communale,30.0,1
202400009872,2024-11-25,après-midi,,,75,75114,1,8,3,4,4,Voie communale,30.0,1
202400009873,2024-04-24,après-midi,,,25,25056,1,1,6,4,2,Nationale,90.0,2
202400009874,2024-11-23,après-midi,,,75,75114,2,1,6,4,4,Voie communale,30.0,1
202400009875,2024-09-13,après-midi,,,93,93077,1,2,2,3,3,Départementale,50.0,2
202400009876,2024-03-23,après-midi,,,13,13056,1,1,1,3,4,Voie communale,50.0,1
202400009877,2024-11-25,matin,,,75,75111,1,3,3,4,4,Voie communale,30.0,2
202400009878,2024-09-13,après-midi,,,93,93046,1,1,3,4,4,Voie communale,30.0,1
202400009879,2024-04-24,matin,,,13,13212,1,1,3,3,4,Voie communale,50.0,1
202400009880,2024-11-25,matin,,,75,75110,1,2,7,4,4,Voie communale,30.0,2
202400009881,2024-09-13,matin,,,93,93055,2,1,6,4,4,Voie communale,30.0,1
202400009882,2024-09-13,matin,,,93,93051,1,1,6,4,3,Départementale,50.0,1
202400009883,2024-11-25,soirée,,,75,75108,5,8,3,4,4,Voie communale,50.0,2
202400009884,2024-04-24,matin,,,13,13213,1,1,7,4,4,Voie communale,50.0,1
202400009885,2024-09-13,après-midi,,,93,93063,1,1,6,3,3,Départementale,30.0,1
202400009886,2024-11-25,après-midi,,,75,75108,1,3,3,4,4,Voie communale,30.0,2
202400009887,2024-04-23,soirée,,,11,11262,1,6,3,3,4,Voie communale,50.0,1
202400009888,2024-09-13,nuit,,,93,93014,5,1,6,4,4,Voie communale,10.0,1
202400009889,2024-11-25,matin,,,75,75108,1,3,3,3,4,Voie communale,30.0,2
202400009890,2024-11-25,matin,,,75,75103,5,2,7,4,4,Voie communale,30.0,2
202400009891,2024-09-13,après-midi,,,93,93008,1,1,5,3,3,Départementale,50.0,1
202400009892,2024-04-22,matin,,,11,11069,1,1,4,4,3,Départementale,80.0,1
202400009893,2024-11-25,après-midi,,,94,94042,1,2,3,4,3,Départementale,50.0,2
202400009894,2024-09-13,nuit,,,93,93008,5,1,3,4,3,Départementale,50.0,1
202400009895,2024-11-25,après-midi,,,94,94034,2,2,6,4,3,Départementale,30.0,2
202400009896,2024-04-21,soirée,,,04,04112,1,1,2,4,4,Voie communale,30.0,1
202400009897,2024-09-13,soirée,,,93,93005,1,1,2,4,3,Départementale,,1
202400009898,2024-11-25,matin,,,94,94022,1,2,3,4,3,Départementale,30.0,2
202400009899,2024-04-24,après-midi,,,75,75120,1,1,6,4,4,Voie communale,30.0,1
202400009900,2024-09-12,soirée,,,93,93071,5,1,3,4,3,Départementale,50.0,1
202400009901,2024-11-24,nuit,,,94,94019,5,1,6,3,4,Voie communale,50.0,1
202400009902,2024-04-24,après-midi,,,75,75119,1,1,7,4,4,Voie communale,30.0,1
202400009903,2024-09-10,après-midi,,,92,92073,1,8,2,4,3,Départementale,50.0,2
202400009904,2024-11-25,matin,,,93,93078,1,2,6,4,4,Voie communale,30.0,2
202400009905,2024-09-13,matin,,,92,92050,1,1,1,4,4,Voie communale,50.0,1
202400009906,2024-04-24,après-midi,,,75,75116,1,1,3,4,4,Voie communale,30.0,1
202400009907,2024-09-13,matin,,,92,92050,2,1,3,4,4,Voie communale,30.0,1
202400009908,2024-11-25,après-midi,,,93,93051,1,2,3,4,4,Voie communale,30.0,2
202400009909,2024-04-24,après-midi,,,75,75115,1,2,6,4,4,Voie communale,30.0,2
202400009910,2024-11-25,soirée,,,93,93074,5,1,2,4,3,Départementale,50.0,1
202400009911,2024-09-13,nuit,,,92,92044,5,1,3,4,4,Voie communale,50.0,1
202400009912,2024-04-24,soirée,,,75,75114,1,8,3,4,4,Voie communale,30.0,1
202400009913,2024-11-25,matin,,,93,93057,1,2,6,4,3,Départementale,30.0,2
202400009914,2024-09-13,matin,,,92,92026,1,1,6,4,4,Voie communale,10.0,1
202400009915,2024-11-18,après-midi,,,93,93005,5,2,6,3,3,Départementale,30.0,2
202400009916,2024-09-13,soirée,,,92,92023,1,1,1,4,4,Voie communale,30.0,1
202400009917,2024-04-24,matin,,,75,75113,1,1,3,4,4,Voie communale,30.0,1
202400009918,2024-11-18,après-midi,,,92,92064,2,2,6,4,4,Voie communale,50.0,2
202400009919,2024-09-13,après-midi,,,92,92012,1,1,3,4,3,Départementale,50.0,1
202400009920,2024-04-24,après-midi,,,75,75111,1,1,3,4,4,Voie communale,30.0,1
202400009921,2024-11-25,soirée,,,92,92051,5,1,3,3,4,Voie communale,50.0,2
202400009922,2024-09-13,après-midi,,,92,92012,1,1,6,4,3,Départementale,50.0,1
202400009923,2024-04-17,soirée,,,75,75117,2,1,7,3,4,Voie communale,50.0,1
202400009924,2024-11-25,matin,,,92,92020,1,3,6,4,3,Départementale,30.0,2
202400009925,2024-09-13,matin,,,92,92004,1,1,3,4,3,Départementale,30.0,1
202400009926,2024-11-25,matin,,,92,92040,1,2,6,4,3,Départementale,50.0,2
202400009927,2024-04-24,matin,,,94,94078,1,1,3,4,2,Nationale,50.0,1
202400009928,2024-09-13,matin,,,92,92009,1,1,3,4,4,Voie communale,30.0,1
202400009929,2024-11-24,après-midi,,,92,92025,1,1,6,4,4,Voie communale,30.0,1
202400009930,2024-04-29,après-midi,,,94,94042,1,1,3,4,3,Départementale,50.0,1
202400009931,2024-07-31,après-midi,,,34,34202,1,1,1,4,7,Autre,70.0,1
202400009932,2024-11-25,nuit,,,92,92023,2,2,7,4,3,Départementale,30.0,2
202400009933,2024-04-03,matin,,,94,94058,1,1,6,4,3,Départementale,50.0,1
202400009934,2024-11-25,après-midi,,,92,92071,1,2,2,4,3,Départementale,30.0,2
202400009935,2024-09-14,soirée,,,01,01089,2,1,1,4,3,Départementale,80.0,1
202400009936,2024-11-25,matin,,,92,92071,5,2,6,4,3,Départementale,30.0,2
202400009937,2024-04-24,matin,,,94,94038,1,1,3,4,3,Départementale,30.0,1
202400009938,2024-09-13,matin,,,40,40304,1,7,3,3,4,Voie communale,50.0,1
202400009939,2024-04-24,soirée,,,94,94071,1,1,6,4,4,Voie communale,30.0,1
202400009940,2024-11-26,après-midi,,,02,02017,1,1,2,4,1,Autoroute,130.0,1
202400009941,2024-04-24,après-midi,,,93,93073,1,1,6,4,4,Voie communale,50.0,1
202400009942,2024-11-24,soirée,,,95,95504,3,2,6,3,4,Voie communale,30.0,2
202400009943,2024-09-13,soirée,,,972,97204,5,2,1,4,3,Départementale,50.0,2
202400009944,2024-11-26,nuit,,,81,81096,3,1,6,2,3,Départementale,90.0,2
202400009945,2024-04-24,après-midi,,,93,93066,1,1,3,4,4,Voie communale,50.0,1
202400009946,2024-09-14,nuit,,,11,11353,3,1,6,2,3,Départementale,80.0,1
202400009947,2024-10-31,matin,,,974,97405,1,1,3,4,2,Nationale,80.0,1
202400009948,2024-04-23,soirée,,,93,93033,2,1,3,4,4,Voie communale,45.0,1
202400009949,2024-11-24,après-midi,,,83,83004,5,1,3,3,3,Départementale,30.0,1
202400009950,2024-08-16,nuit,,,88,88349,5,1,3,4,3,Départementale,50.0,1
202400009951,2024-04-23,nuit,,,93,93046,5,1,2,4,3,Départementale,50.0,1
202400009952,2024-09-14,matin,,,30,30151,1,6,3,4,3,Départementale,80.0,1
202400009953,2024-11-24,matin,,,22,22020,1,1,2,4,2,Nationale,110.0,2
202400009954,2024-04-23,nuit,,,92,92064,5,1,3,3,3,Départementale,30.0,1
202400009955,2024-11-25,après-midi,,,18,18279,1,2,2,4,1,Autoroute,,2
202400009956,2024-09-14,après-midi,,,56,56032,1,1,7,4,3,Départementale,70.0,1
202400009957,2024-04-24,soirée,,,92,92040,2,1,2,4,3,Départementale,30.0,1
202400009958,2024-11-26,après-midi,,,62,62285,1,1,1,3,3,Départementale,80.0,1
202400009959,2024-09-14,matin,,,56,56034,1,1,3,4,4,Voie communale,50.0,1
202400009960,2024-04-23,nuit,,,92,92036,5,1,6,4,3,Départementale,50.0,1
202400009961,2024-11-25,après-midi,,,51,51492,5,2,2,4,3,Départementale,50.0,2
202400009962,2024-09-14,nuit,,,56,56067,3,1,6,4,4,Voie communale,80.0,1
202400009963,2024-04-23,soirée,,,92,92036,1,1,6,4,3,Départementale,50.0,1
202400009964,2024-12-26,matin,,,19,19025,3,2,7,3,3,Départementale,70.0,2
202400009965,2024-04-22,soirée,,,92,92025,1,1,6,4,4,Voie communale,20.0,1
202400009966,2024-11-26,matin,,,79,79170,1,1,7,2,3,Départementale,80.0,2
202400009967,2024-09-14,après-midi,,,76,76400,1,1,2,4,3,Départementale,30.0,1
202400009968,2024-11-24,nuit,,,80,80253,4,2,6,3,4,Voie communale,50.0,2
202400009969,2024-04-23,soirée,,,92,92012,1,1,2,4,3,Départementale,50.0,1
202400009970,2024-09-13,après-midi,,,31,31541,1,1,1,4,7,Autre,50.0,1
202400009971,2024-09-14,nuit,,,80,80199,3,1,1,2,3,Départementale,80.0,1
202400009972,2024-04-25,après-midi,,,66,66024,1,1,4,4,1,Autoroute,130.0,1
202400009973,2024-11-25,matin,,,81,81063,1,1,7,3,3,Départementale,90.0,1
202400009974,2024-11-23,matin,,,34,34114,1,1,7,2,3,Départementale,30.0,1
202400009975,2024-04-24,soirée,,,974,97422,5,1,1,3,4,Voie communale,50.0,1
202400009976,2024-09-14,soirée,,,76,76711,1,1,3,3,4,Voie communale,50.0,1
202400009977,2024-11-24,nuit,,,34,34021,3,1,7,4,3,Départementale,90.0,1
202400009978,2024-09-13,nuit,,,61,61007,3,1,7,3,3,Départementale,90.0,1
202400009979,2024-04-24,après-midi,,,974,97401,1,1,3,4,3,Départementale,50.0,1
202400009980,2024-09-14,après-midi,,,55,55200,1,1,7,2,3,Départementale,70.0,1
202400009981,2024-04-20,après-midi,,,62,62155,1,1,7,3,3,Départementale,80.0,1
202400009982,2024-11-26,matin,,,39,39462,1,1,1,3,3,Départementale,90.0,1
202400009983,2024-04-24,soirée,,,91,91666,1,1,7,3,3,Départementale,90.0,1
202400009984,2024-08-29,après-midi,,,46,46144,1,1,7,3,4,Voie communale,30.0,1
202400009985,2024-11-22,matin,,,44,44087,1,1,3,3,4,Voie communale,30.0,2
202400009986,2024-09-14,nuit,,,34,34313,3,1,6,3,3,Départementale,90.0,1
202400009987,2024-04-23,après-midi,,,971,97109,1,1,5,4,2,Nationale,70.0,1
202400009988,2024-09-13,nuit,,,25,25453,5,1,6,4,4,Voie communale,50.0,1
202400009989,2024-11-22,soirée,,,35,35010,3,8,6,3,3,Départementale,80.0,1
202400009990,2024-09-14,matin,,,06,06062,1,1,6,4,3,Départementale,50.0,1
202400009991,2024-11-24,soirée,,,01,01338,3,1,3,4,3,Départementale,50.0,1
202400009992,2024-04-24,après-midi,,,62,62171,1,1,1,3,3,Départementale,80.0,1
202400009993,2024-09-14,matin,,,14,14570,1,1,3,4,3,Départementale,80.0,1
202400009994,2024-11-21,après-midi,,,70,70292,3,4,4,3,3,Départementale,90.0,5
202400009995,2024-04-25,après-midi,,,67,67420,1,1,5,4,3,Départementale,90.0,1
202400009996,2024-04-25,nuit,,,81,81101,3,2,6,4,2,Nationale,90.0,2
202400009997,2024-11-18,après-midi,,,45,45098,5,2,3,4,3,Départementale,50.0,2
202400009998,2024-04-24,soirée,,,89,89013,1,1,6,2,3,Départementale,50.0,1
202400009999,2024-10-27,matin,,,18,18114,1,1,7,3,3,Départementale,90.0,1