Num_Acc,date,time_of_day,lat,long,dep,com,lum,atm,col,severity_index,catr,catr_label,vma,surf
202400010000,2024-04-24,soirée,,,63,63178,5,1,3,3,4,Voie communale,50.0,1
202400010001,2024-09-14,nuit,,,43,43190,3,2,7,3,4,Voie communale,50.0,2
202400010002,2024-11-25,matin,,,43,43223,1,6,6,3,3,Départementale,80.0,1
202400010003,2024-04-25,après-midi,,,61,61432,1,1,6,2,3,Départementale,80.0,1
202400010004,2024-09-13,nuit,,,10,10064,5,1,7,4,4,Voie communale,50.0,1
202400010005,2024-04-25,après-midi,,,55,55106,1,1,1,4,3,Départementale,90.0,1
202400010006,2024-11-25,après-midi,,,21,21037,3,2,5,3,3,Départementale,,2
202400010007,2024-09-14,matin,,,10,10034,1,1,3,3,3,Départementale,80.0,1
202400010008,2024-04-24,soirée,,,68,68060,3,1,2,4,3,Départementale,110.0,1
202400010009,2024-11-26,après-midi,,,40,40284,1,1,6,2,3,Départementale,50.0,1
202400010010,2024-09-14,après-midi,,,40,40217,1,1,1,3,9,Autre,,9
202400010011,2024-11-26,après-midi,,,17,17340,1,1,7,2,3,Départementale,80.0,1
202400010012,2024-09-13,après-midi,,,85,85050,1,1,7,3,4,Voie communale,80.0,1
202400010013,2024-04-25,matin,,,39,39470,2,1,4,3,3,Départementale,80.0,7
202400010014,2024-09-14,matin,,,34,34337,1,1,3,3,7,Autre,90.0,1
202400010015,2024-11-22,après-midi,,,37,37050,1,1,1,3,4,Voie communale,50.0,1
202400010016,2024-04-24,soirée,,,44,44085,2,1,7,2,3,Départementale,80.0,1
202400010017,2024-04-24,après-midi,,,14,14543,1,1,6,3,3,Départementale,70.0,1
202400010018,2024-09-14,après-midi,,,973,97309,1,1,3,3,3,Départementale,50.0,1
202400010019,2024-11-26,soirée,,,42,42279,3,1,6,4,3,Départementale,80.0,1
202400010020,2024-04-24,soirée,,,50,50238,2,1,7,3,3,Départementale,80.0,1
202400010021,2024-09-14,après-midi,,,30,30060,1,1,7,4,1,Autoroute,50.0,1
202400010022,2024-04-25,matin,,,73,73128,1,1,6,3,3,Départementale,50.0,1
202400010023,2024-11-25,matin,,,17,17308,2,3,6,4,3,Départementale,50.0,2
202400010024,2024-09-13,nuit,,,91,91180,3,1,7,3,3,Départementale,80.0,9
202400010025,2024-04-24,nuit,,,10,10033,5,1,6,3,4,Voie communale,50.0,1
202400010026,2024-11-25,soirée,,,40,40224,3,3,1,4,1,Autoroute,90.0,2
202400010027,2024-04-24,matin,,,53,53137,1,1,7,4,3,Départementale,80.0,8
202400010028,2024-09-13,soirée,,,66,66065,2,1,1,4,3,Départementale,80.0,1
202400010029,2024-11-26,matin,,,25,25110,3,1,1,4,3,Départementale,90.0,2
202400010030,2024-04-23,nuit,,,21,21459,3,1,6,4,3,Départementale,90.0,1
202400010031,2024-04-25,soirée,,,85,85047,1,1,6,3,4,Voie communale,,1
202400010032,2024-09-13,après-midi,,,13,13030,1,6,1,3,3,Départementale,80.0,1
202400010033,2024-04-25,matin,,,85,85102,1,1,1,4,3,Départementale,70.0,1
202400010034,2024-11-26,matin,,,77,77065,3,1,2,4,2,Nationale,110.0,2
202400010035,2024-04-24,après-midi,,,85,85047,1,1,6,4,4,Voie communale,50.0,1
202400010036,2024-08-23,après-midi,,,13,13004,1,1,1,3,3,Départementale,80.0,1
202400010037,2024-04-24,soirée,,,988,98805,5,2,6,3,6,Autre,50.0,2
202400010038,2024-11-25,après-midi,,,974,97406,1,2,1,3,9,Autre,50.0,2
202400010039,2024-04-01,après-midi,,,49,49007,1,1,1,4,4,Voie communale,50.0,1
202400010040,2024-11-26,après-midi,,,66,66175,1,1,6,3,4,Voie communale,80.0,1
202400010041,2024-09-14,matin,,,42,42228,1,1,1,4,3,Départementale,80.0,1
202400010042,2024-04-24,matin,,,11,11170,1,1,3,3,4,Voie communale,50.0,1
202400010043,2024-11-25,soirée,,,06,06031,3,1,6,4,3,Départementale,90.0,1
202400010044,2024-08-09,matin,,,62,62487,2,2,1,2,3,Départementale,50.0,2
202400010045,2024-09-13,soirée,,,38,38076,1,1,1,4,4,Voie communale,70.0,2
202400010046,2024-11-25,soirée,,,71,71372,5,2,1,4,3,Départementale,50.0,2
202400010047,2024-04-24,après-midi,,,33,33005,1,1,3,3,3,Départementale,50.0,1
202400010048,2024-08-08,après-midi,,,13,13211,1,1,3,3,1,Autoroute,70.0,1
202400010049,2024-09-13,après-midi,,,69,69039,1,1,6,3,3,Départementale,80.0,1
202400010050,2024-11-25,soirée,,,57,57160,5,2,6,3,4,Voie communale,50.0,2
202400010051,2024-08-06,soirée,,,83,83137,1,1,2,4,1,Autoroute,70.0,1
202400010052,2024-09-14,matin,,,69,69269,1,1,3,3,3,Départementale,50.0,1
202400010053,2024-04-24,après-midi,,,78,78564,1,1,4,3,1,Autoroute,130.0,1
202400010054,2024-08-08,après-midi,,,92,92025,1,1,2,4,1,Autoroute,90.0,1
202400010055,2024-09-12,matin,,,85,85113,1,1,3,4,4,Voie communale,,1
202400010056,2024-11-26,matin,,,38,38494,3,5,1,3,3,Départementale,80.0,2
202400010057,2024-08-08,nuit,,,93,93064,3,1,6,4,1,Autoroute,70.0,1
202400010058,2024-04-25,après-midi,,,974,97415,1,1,5,4,2,Nationale,50.0,1
202400010059,2024-11-26,matin,,,44,44047,3,1,3,3,4,Voie communale,50.0,2
202400010060,2024-08-07,nuit,,,77,77058,3,1,6,4,1,Autoroute,90.0,1
202400010061,2024-09-13,soirée,,,14,14228,1,1,3,3,3,Départementale,,1
202400010062,2024-09-14,matin,,,22,22067,1,8,6,3,4,Voie communale,,2
202400010063,2024-05-06,matin,,,91,91326,1,1,6,4,4,Voie communale,50.0,1
202400010064,2024-11-26,après-midi,,,60,60157,1,1,3,3,3,Départementale,,1
202400010065,2024-04-24,après-midi,,,973,97305,1,1,3,4,2,Nationale,70.0,1
202400010066,2024-09-14,après-midi,,,35,35228,1,1,6,3,4,Voie communale,50.0,1
202400010067,2024-05-09,après-midi,,,91,91479,1,1,6,4,4,Voie communale,30.0,1
202400010068,2024-04-25,matin,,,13,13104,1,1,7,4,3,Départementale,110.0,1
202400010069,2024-11-23,nuit,,,59,59610,3,6,7,4,3,Départementale,80.0,2
202400010070,2024-04-12,matin,,,91,91103,1,1,6,4,4,Voie communale,50.0,1
202400010071,2024-04-25,matin,,,66,66037,1,1,3,3,3,Départementale,50.0,1
202400010072,2024-11-25,après-midi,,,59,59019,1,3,2,3,3,Départementale,,2
202400010073,2024-09-13,après-midi,,,59,59497,1,2,1,2,3,Départementale,80.0,2
202400010074,2024-07-25,après-midi,,,44,44109,1,1,3,4,4,Voie communale,30.0,1
202400010075,2024-11-25,soirée,,,83,83090,3,1,7,3,1,Autoroute,110.0,1
202400010076,2024-08-25,soirée,,,13,13117,1,1,2,3,1,Autoroute,90.0,1
202400010077,2024-08-07,soirée,,,75,75118,1,1,2,4,4,Voie communale,70.0,1
202400010078,2024-04-24,après-midi,,,83,83071,1,1,1,4,3,Départementale,50.0,1
202400010079,2024-11-25,matin,,,33,33013,1,3,2,4,2,Nationale,90.0,2
202400010080,2024-09-12,soirée,,,83,83137,1,1,3,3,1,Autoroute,70.0,1
202400010081,2024-04-24,matin,,,05,05053,2,1,6,4,3,Départementale,50.0,1
202400010082,2024-08-05,soirée,,,75,75120,5,1,2,4,4,Voie communale,70.0,1
202400010083,2024-11-24,nuit,,,33,33281,3,1,6,4,1,Autoroute,90.0,1
202400010084,2024-09-08,matin,,,69,69259,3,2,6,3,7,Autre,90.0,2
202400010085,2024-04-24,après-midi,,,73,73285,1,1,1,4,4,Voie communale,50.0,1
202400010086,2024-11-18,soirée,,,33,33550,3,1,2,4,1,Autoroute,90.0,1
202400010087,2024-08-05,soirée,,,75,75116,1,1,4,4,4,Voie communale,50.0,1
202400010088,2024-09-13,matin,,,33,33550,1,1,2,4,1,Autoroute,70.0,1
202400010089,2024-04-25,après-midi,,,73,73064,1,1,1,4,3,Départementale,50.0,1
202400010090,2024-09-13,matin,,,33,33096,1,1,2,4,1,Autoroute,90.0,1
202400010091,2024-04-25,après-midi,,,07,07245,2,1,1,4,3,Départementale,50.0,1
202400010092,2024-08-07,après-midi,,,75,75119,1,1,3,4,4,Voie communale,30.0,1
202400010093,2024-11-24,matin,,,59,59581,3,1,6,2,1,Autoroute,110.0,1
202400010094,2024-04-25,matin,,,72,72244,1,1,1,3,3,Départementale,90.0,1
202400010095,2024-08-07,après-midi,,,75,75115,1,1,1,4,4,Voie communale,30.0,1
202400010096,2024-09-11,après-midi,,,62,62351,1,1,2,3,1,Autoroute,110.0,1
202400010097,2024-08-07,matin,,,75,75115,1,2,3,4,4,Voie communale,30.0,2
202400010098,2024-11-25,matin,,,91,91659,1,2,6,4,1,Autoroute,110.0,2
202400010099,2024-09-08,nuit,,,59,59160,3,1,2,4,1,Autoroute,130.0,2
202400010100,2024-04-25,après-midi,,,14,14040,1,1,5,3,3,Départementale,90.0,1
202400010101,2024-08-05,soirée,,,75,75114,1,1,6,4,4,Voie communale,30.0,1
202400010102,2024-09-13,soirée,,,94,94065,1,1,2,4,1,Autoroute,90.0,1
202400010103,2024-11-25,matin,,,94,94003,1,3,3,4,1,Autoroute,70.0,2
202400010104,2024-09-13,après-midi,,,91,91339,1,1,7,4,2,Nationale,110.0,1
202400010105,2024-11-25,soirée,,,92,92036,5,1,7,4,1,Autoroute,90.0,2
202400010106,2024-04-24,matin,,,27,27165,1,1,3,3,4,Voie communale,50.0,1
202400010107,2024-08-07,nuit,,,75,75113,5,1,2,4,4,Voie communale,30.0,1
202400010108,2024-09-11,soirée,,,78,78640,1,1,2,4,2,Nationale,70.0,1
202400010109,2024-04-23,après-midi,,,33,33550,1,1,2,4,1,Autoroute,90.0,1
202400010110,2024-08-07,matin,,,75,75108,1,1,3,4,4,Voie communale,30.0,1
202400010111,2024-09-13,matin,,,95,95582,1,1,6,4,1,Autoroute,90.0,1
202400010112,2024-11-24,après-midi,,,92,92025,3,1,4,4,1,Autoroute,90.0,1
202400010113,2024-09-13,matin,,,93,93010,2,1,6,4,1,Autoroute,90.0,1
202400010114,2024-08-04,après-midi,,,75,75108,1,1,6,4,4,Voie communale,30.0,1
202400010115,2024-04-24,soirée,,,91,91689,1,1,3,4,1,Autoroute,110.0,1
202400010116,2024-09-12,après-midi,,,93,93010,1,1,3,4,1,Autoroute,70.0,1
202400010117,2024-11-24,après-midi,,,92,92047,2,1,4,4,1,Autoroute,50.0,1
202400010118,2024-04-24,matin,,,91,91174,1,1,2,4,2,Nationale,110.0,1
202400010119,2024-08-06,nuit,,,75,75108,5,1,3,4,4,Voie communale,30.0,1
202400010120,2024-09-12,matin,,,95,95018,2,1,3,4,1,Autoroute,90.0,1
202400010121,2024-04-24,matin,,,94,94034,1,1,4,4,1,Autoroute,110.0,1
202400010122,2024-11-23,après-midi,,,78,78362,1,8,6,3,1,Autoroute,110.0,1
202400010123,2024-09-11,après-midi,,,95,95500,1,1,2,4,1,Autoroute,110.0,1
202400010124,2024-07-07,nuit,,,42,42110,3,1,6,4,1,Autoroute,90.0,1
202400010125,2024-08-04,soirée,,,94,94068,2,1,3,4,3,Départementale,30.0,1
202400010126,2024-04-24,matin,,,94,94037,1,1,3,4,1,Autoroute,70.0,1
202400010127,2024-04-23,soirée,,,92,92063,1,1,7,4,1,Autoroute,70.0,1
202400010128,2024-08-18,après-midi,,,84,84081,1,1,3,4,4,Voie communale,50.0,1
202400010129,2024-09-11,soirée,,,92,92078,1,1,2,4,1,Autoroute,90.0,1
202400010130,2024-08-07,soirée,,,93,93073,1,1,2,3,4,Voie communale,50.0,1
202400010131,2024-04-24,après-midi,,,93,93053,1,1,2,4,1,Autoroute,90.0,1
202400010132,2024-09-26,soirée,,,74,74081,2,3,6,4,3,Départementale,50.0,2
202400010133,2024-09-11,après-midi,,,93,93013,1,1,3,4,1,Autoroute,90.0,1
202400010134,2024-04-24,matin,,,93,93006,1,1,5,4,1,Autoroute,90.0,1
202400010135,2024-09-11,matin,,,95,95582,1,2,3,4,1,Autoroute,90.0,2
202400010136,2024-09-24,soirée,,,74,74158,1,2,4,4,3,Départementale,110.0,2
202400010137,2024-08-07,matin,,,93,93055,1,1,4,4,3,Départementale,30.0,1
202400010138,2024-09-26,après-midi,,,74,74267,1,3,3,3,3,Départementale,50.0,2
202400010139,2024-08-07,après-midi,,,93,93005,1,1,2,4,3,Départementale,50.0,1
202400010140,2024-04-23,nuit,,,93,93010,3,1,5,4,1,Autoroute,110.0,1
202400010141,2024-09-26,matin,,,74,74094,1,3,6,2,4,Voie communale,50.0,2
202400010142,2024-04-24,nuit,,,77,77373,3,1,7,4,2,Nationale,50.0,1
202400010143,2024-08-07,après-midi,,,93,93005,1,1,3,4,3,Départementale,50.0,1
202400010144,2024-09-11,matin,,,92,92036,3,2,2,4,1,Autoroute,90.0,2
202400010145,2024-04-24,matin,,,94,94018,1,8,3,4,1,Autoroute,90.0,1
202400010146,2024-09-22,soirée,,,74,74112,3,2,3,4,3,Départementale,80.0,2
202400010147,2024-09-17,soirée,,,74,74021,2,1,7,3,3,Départementale,80.0,1
202400010148,2024-09-11,nuit,,,92,92036,3,3,6,4,1,Autoroute,50.0,2
202400010149,2024-04-24,nuit,,,77,77083,2,1,4,4,1,Autoroute,110.0,1
202400010150,2024-08-07,matin,,,92,92012,1,1,3,4,3,Départementale,30.0,1
202400010151,2024-09-12,matin,,,987,98735,1,2,7,4,4,Voie communale,50.0,2
202400010152,2024-01-20,soirée,,,19,19275,3,1,3,4,3,Départementale,50.0,1
202400010153,2024-08-08,après-midi,,,01,01443,1,1,2,3,4,Voie communale,50.0,1
202400010154,2024-09-15,matin,,,74,74166,1,1,1,4,3,Départementale,80.0,1
202400010155,2024-02-19,matin,,,13,13005,1,1,3,4,3,Départementale,50.0,1
202400010156,2024-08-04,matin,,,22,22094,1,7,4,4,3,Départementale,30.0,1
202400010157,2024-09-03,matin,,,74,74280,1,1,3,3,3,Départementale,70.0,1
202400010158,2024-08-07,matin,,,974,97412,1,1,1,4,4,Voie communale,70.0,1
202400010159,2024-09-12,nuit,,,974,97411,3,1,2,4,2,Nationale,90.0,1
202400010160,2024-06-27,après-midi,,,74,74272,1,1,1,3,3,Départementale,70.0,1
202400010161,2024-04-23,matin,,,988,98818,1,2,4,4,4,Voie communale,50.0,2
202400010162,2024-08-08,matin,,,35,35098,3,1,6,2,2,Nationale,110.0,1
202400010163,2024-04-23,soirée,,,976,97611,5,1,6,4,4,Voie communale,50.0,1
202400010164,2024-09-11,après-midi,,,973,97302,1,1,4,4,3,Départementale,50.0,1
202400010165,2024-08-07,après-midi,,,01,01033,1,1,5,4,3,Départementale,80.0,1
202400010166,2024-09-11,après-midi,,,973,97302,1,1,7,4,3,Départementale,50.0,1
202400010167,2024-04-23,après-midi,,,976,97611,1,1,5,3,2,Nationale,50.0,1
202400010168,2024-08-07,matin,,,74,74020,1,2,3,3,3,Départementale,80.0,2
202400010169,2024-04-23,matin,,,974,97411,1,1,6,4,4,Voie communale,50.0,1
202400010170,2024-08-07,soirée,,,59,59260,1,7,7,3,3,Départementale,50.0,1
202400010171,2024-11-24,après-midi,,,974,97416,1,1,3,3,4,Voie communale,50.0,1
202400010172,2024-08-08,soirée,,,974,97413,3,1,6,4,3,Départementale,50.0,1
202400010173,2024-04-23,nuit,,,974,97411,5,1,3,3,3,Départementale,50.0,1
202400010174,2024-11-24,nuit,,,974,97411,2,1,6,4,2,Nationale,50.0,1
202400010175,2024-09-11,matin,,,973,97302,1,1,3,4,4,Voie communale,50.0,1
202400010176,2024-08-08,matin,,,65,65149,1,1,7,2,3,Départementale,90.0,1
202400010177,2024-04-22,soirée,,,973,97302,1,2,3,4,3,Départementale,50.0,2
202400010178,2024-11-24,soirée,,,2B,2B120,5,1,1,4,3,Départementale,50.0,1
202400010179,2024-08-03,nuit,,,50,50251,3,1,7,2,2,Nationale,110.0,1
202400010180,2024-04-23,soirée,,,69,69387,1,1,3,4,4,Voie communale,30.0,1
202400010181,2024-11-24,après-midi,,,2A,2A004,1,1,2,4,4,Voie communale,50.0,1
202400010182,2024-08-02,après-midi,,,62,62767,1,1,6,3,4,Voie communale,50.0,1
202400010183,2024-04-23,après-midi,,,69,69388,1,1,1,4,4,Voie communale,30.0,1
202400010184,2024-11-24,nuit,,,95,95268,5,1,7,4,4,Voie communale,50.0,1
202400010185,2024-08-03,soirée,,,83,83116,2,1,7,4,3,Départementale,70.0,1
202400010186,2024-04-22,après-midi,,,972,97209,1,1,2,4,1,Autoroute,90.0,1
202400010187,2024-09-12,nuit,,,69,69386,5,1,1,4,4,Voie communale,30.0,1
202400010188,2024-06-28,soirée,,,56,56017,1,1,7,3,3,Départementale,80.0,1
202400010189,2024-11-23,soirée,,,83,83137,5,1,3,4,4,Voie communale,50.0,1
202400010190,2024-04-23,après-midi,,,69,69389,1,8,3,4,4,Voie communale,30.0,1
202400010191,2024-08-08,après-midi,,,56,56240,1,1,6,4,4,Voie communale,50.0,1
202400010192,2024-11-22,après-midi,,,83,83129,1,1,2,4,3,Départementale,50.0,1
202400010193,2024-08-06,nuit,,,56,56240,3,1,6,3,3,Départementale,80.0,1
202400010194,2024-04-22,matin,,,2B,2B033,1,8,6,4,4,Voie communale,50.0,1
202400010195,2024-04-23,matin,,,971,97101,1,1,6,4,4,Voie communale,50.0,1
202400010196,2024-11-24,après-midi,,,78,78423,5,8,3,3,4,Voie communale,,1
202400010197,2024-08-07,soirée,,,82,82119,1,1,6,3,3,Départementale,80.0,1
202400010198,2024-09-12,après-midi,,,972,97213,1,1,6,4,4,Voie communale,50.0,1
202400010199,2024-04-23,après-midi,,,971,97105,1,1,2,4,3,Départementale,50.0,1
202400010200,2024-08-07,après-midi,,,65,65235,1,1,6,3,2,Nationale,80.0,1
202400010201,2024-04-23,matin,,,971,97105,1,1,6,3,4,Voie communale,50.0,1
202400010202,2024-08-05,matin,,,81,81084,1,1,2,4,3,Départementale,50.0,1
202400010203,2024-04-23,après-midi,,,95,95252,1,1,6,3,3,Départementale,50.0,1
202400010204,2024-11-24,après-midi,,,77,77373,1,1,1,2,4,Voie communale,50.0,1
202400010205,2024-08-08,après-midi,,,71,71469,1,1,1,3,4,Voie communale,80.0,1
202400010206,2024-04-23,soirée,,,95,95219,1,1,3,4,3,Départementale,50.0,1
202400010207,2024-11-24,après-midi,,,76,76216,1,1,3,4,7,Autre,50.0,1
202400010208,2024-09-11,après-midi,,,972,97209,1,1,2,4,3,Départementale,50.0,1
202400010209,2024-08-07,après-midi,,,63,63236,1,1,7,4,3,Départementale,90.0,1
202400010210,2024-04-23,après-midi,,,95,95252,1,1,3,4,3,Départementale,50.0,1
202400010211,2024-11-24,après-midi,,,64,64189,1,6,2,4,3,Départementale,50.0,1
202400010212,2024-04-23,matin,,,91,91687,2,1,3,4,3,Départementale,50.0,1
202400010213,2024-11-24,soirée,,,64,64445,5,1,6,4,4,Voie communale,30.0,1
202400010214,2024-08-07,après-midi,,,42,42150,1,1,6,3,3,Départementale,80.0,1
202400010215,2024-04-23,après-midi,,,84,84007,1,1,6,4,4,Voie communale,50.0,1
202400010216,2024-11-24,matin,,,64,64373,1,1,2,4,4,Voie communale,30.0,1
202400010217,2024-08-07,après-midi,,,46,46038,1,1,2,4,3,Départementale,80.0,1
202400010218,2024-04-22,matin,,,82,82121,1,1,2,2,4,Voie communale,50.0,1
202400010219,2024-11-24,soirée,,,62,62570,5,1,1,4,4,Voie communale,50.0,1
202400010220,2024-08-03,nuit,,,44,44088,3,1,7,3,4,Voie communale,80.0,1
202400010221,2024-09-12,matin,,,69,69382,1,1,3,4,4,Voie communale,50.0,1
202400010222,2024-04-10,après-midi,,,78,78545,1,1,6,4,3,Départementale,50.0,1
202400010223,2024-11-24,matin,,,59,59152,1,6,2,4,4,Voie communale,80.0,1
202400010224,2024-11-22,après-midi,,,50,50165,1,1,1,3,3,Départementale,30.0,2
202400010225,2024-04-23,après-midi,,,78,78029,1,1,3,4,4,Voie communale,50.0,1
202400010226,2024-09-12,après-midi,,,2A,2A004,1,2,6,4,4,Voie communale,50.0,2
202400010227,2024-08-08,nuit,,,44,44131,3,1,6,3,4,Voie communale,50.0,1
202400010228,2024-09-11,soirée,,,95,95428,1,1,6,4,3,Départementale,50.0,1
202400010229,2024-11-24,après-midi,,,49,49007,1,1,6,4,4,Voie communale,50.0,1
202400010230,2024-09-11,après-midi,,,95,95288,1,1,6,4,6,Autre,20.0,1
202400010231,2024-11-24,matin,,,49,49007,2,1,1,4,4,Voie communale,50.0,1
202400010232,2024-08-06,après-midi,,,38,38479,1,1,2,3,3,Départementale,80.0,1
202400010233,2024-04-23,après-midi,,,76,76540,1,1,2,4,4,Voie communale,50.0,1
202400010234,2024-09-12,après-midi,,,91,91549,1,1,6,3,4,Voie communale,50.0,1
202400010235,2024-08-07,nuit,,,70,70111,3,1,6,3,3,Départementale,80.0,1
202400010236,2024-04-23,après-midi,,,76,76157,1,1,7,4,7,Autre,50.0,1
202400010237,2024-09-12,matin,,,91,91339,1,1,2,3,3,Départementale,70.0,1
202400010238,2024-11-24,soirée,,,34,34172,5,2,1,4,4,Voie communale,50.0,2
202400010239,2024-04-23,matin,,,76,76681,1,7,3,4,4,Voie communale,30.0,1
202400010240,2024-09-12,soirée,,,91,91477,1,8,6,4,4,Voie communale,50.0,2
202400010241,2024-08-07,après-midi,,,26,26191,1,1,2,4,3,Départementale,80.0,1
202400010242,2024-04-23,nuit,,,76,76351,5,2,6,4,4,Voie communale,50.0,2
202400010243,2024-02-05,matin,,,92,92012,5,1,1,3,3,Départementale,50.0,1
202400010244,2024-11-24,soirée,,,34,34172,5,2,2,4,4,Voie communale,50.0,2
202400010245,2024-09-12,après-midi,,,91,91377,1,1,3,4,4,Voie communale,50.0,1
202400010246,2024-02-04,après-midi,,,37,37226,1,1,7,3,4,Voie communale,50.0,1
202400010247,2024-08-08,nuit,,,72,72360,3,1,1,4,3,Départementale,80.0,1
202400010248,2024-04-23,après-midi,,,73,73031,1,1,3,4,4,Voie communale,50.0,1
202400010249,2024-09-12,matin,,,91,91174,1,1,3,4,4,Voie communale,30.0,1
202400010250,2024-02-05,après-midi,,,37,37077,1,1,6,3,4,Voie communale,50.0,1
202400010251,2024-11-24,nuit,,,34,34198,3,2,6,4,7,Autre,90.0,2
202400010252,2024-08-07,soirée,,,64,64427,1,1,3,3,3,Départementale,50.0,1
202400010253,2024-02-05,soirée,,,49,49092,4,1,6,2,3,Départementale,50.0,1
202400010254,2024-04-22,matin,,,70,70550,1,8,3,3,3,Départementale,50.0,1
202400010255,2024-08-03,après-midi,,,64,64403,1,1,7,4,3,Départementale,80.0,1
202400010256,2024-09-11,nuit,,,87,87085,5,1,3,4,2,Nationale,50.0,1
202400010257,2024-04-23,après-midi,,,66,66136,1,1,3,4,4,Voie communale,50.0,1
202400010258,2024-02-05,après-midi,,,34,34088,1,1,2,3,7,Autre,70.0,1
202400010259,2024-09-11,après-midi,,,87,87085,1,2,6,4,1,Autoroute,70.0,2
202400010260,2024-08-08,matin,,,18,18103,1,1,3,3,3,Départementale,50.0,1
202400010261,2024-04-23,soirée,,,64,64445,1,1,7,4,4,Voie communale,50.0,1
202400010262,2024-09-11,matin,,,81,81065,1,8,6,2,4,Voie communale,50.0,1
202400010263,2024-08-08,nuit,,,16,16103,3,1,7,3,3,Départementale,80.0,1
202400010264,2024-01-31,soirée,,,69,69046,5,1,2,4,7,Autre,50.0,1
202400010265,2024-04-22,matin,,,64,64284,1,1,7,4,3,Départementale,70.0,1
202400010266,2024-09-12,après-midi,,,81,81004,1,1,6,4,4,Voie communale,50.0,1
202400010267,2024-01-20,matin,,,51,51443,1,1,7,3,3,Départementale,80.0,1
202400010268,2024-08-06,soirée,,,53,53111,2,1,3,3,3,Départementale,80.0,1
202400010269,2024-04-23,après-midi,,,63,63075,1,1,6,4,7,Autre,30.0,1
202400010270,2024-02-05,après-midi,,,71,71522,1,1,6,3,3,Départementale,80.0,1
202400010271,2024-09-12,matin,,,77,77079,1,7,3,3,3,Départementale,90.0,1
202400010272,2024-04-23,soirée,,,62,62160,1,2,2,4,4,Voie communale,50.0,2
202400010273,2024-08-08,matin,,,85,85095,1,1,1,3,4,Voie communale,80.0,1
202400010274,2024-02-06,matin,,,86,86263,1,8,1,4,3,Départementale,90.0,1
202400010275,2024-04-22,matin,,,62,62643,1,1,6,4,3,Départementale,50.0,1
202400010276,2024-08-07,après-midi,,,87,87126,1,1,2,4,3,Départementale,70.0,1
202400010277,2024-02-06,après-midi,,,34,34076,2,1,3,3,3,Départementale,80.0,1
202400010278,2024-09-11,après-midi,,,76,76447,1,1,7,4,4,Voie communale,,1
202400010279,2024-08-05,matin,,,52,52300,1,1,7,3,3,Départementale,90.0,1
202400010280,2024-09-12,après-midi,,,76,76414,1,1,6,4,4,Voie communale,50.0,1
202400010281,2024-02-05,soirée,,,44,44171,3,1,1,3,3,Départementale,30.0,1
202400010282,2024-04-22,après-midi,,,59,59122,1,7,6,4,3,Départementale,50.0,1
202400010283,2024-08-08,après-midi,,,52,52265,1,1,1,3,3,Départementale,90.0,1
202400010284,2024-09-11,après-midi,,,72,72181,1,1,2,4,4,Voie communale,50.0,1
202400010285,2024-02-06,après-midi,,,02,02461,1,1,6,3,3,Départementale,50.0,1
202400010286,2024-09-12,après-midi,,,66,66136,1,1,6,3,4,Voie communale,50.0,1
202400010287,2024-04-21,après-midi,,,57,57672,1,1,3,4,4,Voie communale,50.0,1
202400010288,2024-09-11,après-midi,,,66,66136,1,1,6,3,4,Voie communale,50.0,1
202400010289,2024-04-22,après-midi,,,56,56083,1,1,6,4,3,Départementale,50.0,1
202400010290,2024-02-05,après-midi,,,84,84051,1,1,6,4,4,Voie communale,80.0,1
202400010291,2024-09-12,soirée,,,64,64129,5,1,7,4,4,Voie communale,50.0,1
202400010292,2024-02-06,soirée,,,60,60006,4,1,6,3,3,Départementale,110.0,1
202400010293,2024-04-22,après-midi,,,56,56121,1,1,3,4,4,Voie communale,50.0,1
202400010294,2024-08-08,après-midi,,,06,06018,1,1,6,4,3,Départementale,50.0,1
202400010295,2024-09-11,après-midi,,,63,63245,1,3,2,4,4,Voie communale,50.0,2
202400010296,2024-04-22,après-midi,,,54,54300,1,1,3,4,4,Voie communale,50.0,1
202400010297,2024-08-08,après-midi,,,06,06079,1,7,3,4,1,Autoroute,50.0,1
202400010298,2024-02-05,après-midi,,,64,64147,2,1,3,3,3,Départementale,80.0,1
202400010299,2024-04-23,matin,,,51,51454,1,1,3,4,4,Voie communale,50.0,1
202400010300,2024-09-11,après-midi,,,63,63113,1,2,3,4,4,Voie communale,30.0,2
202400010301,2024-02-06,matin,,,18,18165,1,1,1,2,3,Départementale,80.0,1
202400010302,2024-08-07,après-midi,,,07,07134,1,1,3,2,3,Départementale,50.0,1
202400010303,2024-04-23,après-midi,,,45,45232,1,1,3,4,4,Voie communale,50.0,1
202400010304,2024-09-11,soirée,,,62,62498,1,1,6,3,4,Voie communale,50.0,1
202400010305,2024-09-12,matin,,,62,62193,1,1,3,3,3,Départementale,50.0,1
202400010306,2024-02-04,matin,,,40,40333,3,5,3,4,3,Départementale,80.0,1
202400010307,2024-04-23,après-midi,,,37,37261,1,1,6,4,4,Voie communale,30.0,1
202400010308,2024-08-08,nuit,,,37,37173,3,1,6,2,3,Départementale,80.0,1
202400010309,2024-02-05,nuit,,,27,27384,3,1,6,2,4,Voie communale,80.0,1
202400010310,2024-04-22,matin,,,37,37261,1,1,3,4,4,Voie communale,50.0,1
202400010311,2024-09-12,matin,,,62,62041,1,1,6,3,4,Voie communale,30.0,1