Num_Acc,date,time_of_day,lat,long,dep,com,lum,atm,col,severity_index,catr,catr_label,vma,surf
202400010312,2024-04-22,après-midi,,,34,34301,1,1,6,4,4,Voie communale,50.0,1
202400010313,2024-09-12,matin,,,59,59599,1,1,6,4,4,Voie communale,10.0,1
202400010314,2024-02-04,après-midi,,,30,30352,1,1,5,4,3,Départementale,50.0,1
202400010315,2024-08-07,nuit,,,30,30123,3,1,7,3,1,Autoroute,130.0,1
202400010316,2024-09-11,après-midi,,,59,59068,1,1,6,4,3,Départementale,70.0,1
202400010317,2024-04-23,matin,,,34,34172,1,1,3,3,4,Voie communale,50.0,1
202400010318,2024-02-05,matin,,,987,98738,1,2,2,3,3,Départementale,50.0,2
202400010319,2024-08-07,matin,,,73,73257,1,1,3,4,3,Départementale,50.0,1
202400010320,2024-04-19,soirée,,,34,34032,5,1,1,4,4,Voie communale,50.0,1
202400010321,2024-09-12,soirée,,,59,59350,1,1,3,4,4,Voie communale,30.0,1
202400010322,2024-01-31,après-midi,,,65,65417,1,1,4,4,1,Autoroute,130.0,1
202400010323,2024-09-12,soirée,,,59,59350,2,1,6,3,4,Voie communale,50.0,1
202400010324,2024-04-17,matin,,,31,31555,1,1,3,3,7,Autre,50.0,1
202400010325,2024-08-08,après-midi,,,69,69252,1,1,3,4,3,Départementale,80.0,1
202400010326,2024-02-05,matin,,,53,53146,3,1,7,4,3,Départementale,50.0,1
202400010327,2024-04-23,nuit,,,31,31555,3,1,6,2,1,Autoroute,90.0,1
202400010328,2024-09-12,après-midi,,,57,57463,1,1,6,4,4,Voie communale,50.0,1
202400010329,2024-02-02,nuit,,,988,98811,3,8,6,3,2,Nationale,,1
202400010330,2024-08-07,après-midi,,,973,97357,1,1,6,3,4,Voie communale,,1
202400010331,2024-04-23,soirée,,,29,29232,1,1,2,4,4,Voie communale,50.0,1
202400010332,2024-02-05,matin,,,34,34183,1,1,1,4,3,Départementale,80.0,1
202400010333,2024-09-12,après-midi,,,56,56260,1,1,3,4,4,Voie communale,50.0,1
202400010334,2024-08-07,après-midi,,,971,97129,1,2,6,3,3,Départementale,50.0,2
202400010335,2024-04-23,matin,,,27,27562,1,1,6,4,4,Voie communale,30.0,1
202400010336,2024-09-11,après-midi,,,56,56121,1,1,3,4,4,Voie communale,30.0,1
202400010337,2024-04-23,après-midi,,,27,27229,1,1,7,4,4,Voie communale,50.0,1
202400010338,2024-02-05,après-midi,,,34,34344,1,1,4,4,3,Départementale,,1
202400010339,2024-04-26,après-midi,,,78,78389,1,1,3,4,3,Départementale,50.0,1
202400010340,2024-02-06,après-midi,,,83,83127,1,1,1,3,3,Départementale,90.0,1
202400010341,2024-08-07,soirée,,,84,84063,2,1,6,3,2,Nationale,70.0,1
202400010342,2024-09-12,soirée,,,51,51454,4,1,3,4,4,Voie communale,20.0,1
202400010343,2024-04-23,après-midi,,,27,27229,1,1,3,4,4,Voie communale,50.0,1
202400010344,2024-02-06,matin,,,88,88418,1,8,3,4,3,Départementale,80.0,1
202400010345,2024-08-04,matin,,,83,83094,1,1,6,3,3,Départementale,70.0,1
202400010346,2024-09-10,après-midi,,,51,51055,1,1,2,4,4,Voie communale,50.0,1
202400010347,2024-08-07,après-midi,,,69,69241,1,1,7,3,3,Départementale,50.0,1
202400010348,2024-04-23,nuit,,,25,25056,5,1,3,4,3,Départementale,50.0,1
202400010349,2024-02-04,après-midi,,,73,73232,1,1,1,3,3,Départementale,80.0,1
202400010350,2024-02-03,nuit,,,26,26179,3,1,6,3,2,Nationale,80.0,1
202400010351,2024-09-08,soirée,,,49,49378,1,1,3,4,4,Voie communale,30.0,9
202400010352,2024-08-08,matin,,,46,46055,1,1,1,4,3,Départementale,50.0,1
202400010353,2024-02-04,nuit,,,09,09157,3,1,3,4,3,Départementale,50.0,1
202400010354,2024-09-11,après-midi,,,49,49246,1,1,1,4,3,Départementale,50.0,1
202400010355,2024-08-07,soirée,,,33,33256,1,1,3,3,3,Départementale,30.0,1
202400010356,2024-09-10,nuit,,,49,49007,5,1,7,3,4,Voie communale,50.0,1
202400010357,2024-02-06,après-midi,,,40,40125,1,1,3,3,3,Départementale,70.0,1
202400010358,2024-08-07,après-midi,,,22,22186,1,1,6,3,3,Départementale,,1
202400010359,2024-09-12,après-midi,,,47,47001,1,1,3,4,3,Départementale,30.0,1
202400010360,2024-08-07,après-midi,,,60,60559,1,1,6,4,3,Départementale,80.0,1
202400010361,2024-02-03,soirée,,,33,33227,2,1,1,4,3,Départementale,70.0,1
202400010362,2024-02-06,après-midi,,,85,85054,1,1,6,3,3,Départementale,80.0,1
202400010363,2024-08-07,après-midi,,,80,80039,1,1,4,4,3,Départementale,80.0,1
202400010364,2024-09-11,après-midi,,,47,47201,1,1,4,4,2,Nationale,30.0,8
202400010365,2024-06-14,soirée,,,13,13215,1,1,3,3,1,Autoroute,90.0,1
202400010366,2024-02-06,matin,,,44,44198,5,1,3,3,4,Voie communale,50.0,1
202400010367,2024-08-05,après-midi,,,59,59569,1,1,7,4,1,Autoroute,70.0,1
202400010368,2024-09-11,après-midi,,,45,45234,1,1,3,3,4,Voie communale,25.0,1
202400010369,2024-02-06,matin,,,02,02720,1,1,3,3,3,Départementale,50.0,1
202400010370,2024-01-30,après-midi,,,80,80799,1,1,7,4,3,Départementale,80.0,1
202400010371,2024-09-13,nuit,,,44,44009,4,2,2,4,2,Nationale,90.0,2
202400010372,2024-07-19,nuit,,,59,59378,5,1,4,4,1,Autoroute,90.0,1
202400010373,2024-02-05,nuit,,,13,13210,5,1,6,3,1,Autoroute,60.0,1
202400010374,2024-09-12,soirée,,,44,44190,1,2,3,4,4,Voie communale,30.0,2
202400010375,2024-08-07,soirée,,,91,91471,1,1,2,4,2,Nationale,110.0,1
202400010376,2024-02-02,après-midi,,,59,59284,1,1,4,3,1,Autoroute,130.0,1
202400010377,2024-05-18,après-midi,,,43,43059,1,1,7,3,3,Départementale,90.0,1
202400010378,2024-09-12,soirée,,,43,43041,1,1,6,4,4,Voie communale,30.0,1
202400010379,2024-02-05,après-midi,,,92,92002,1,1,3,4,1,Autoroute,90.0,1
202400010380,2024-09-11,soirée,,,43,43157,1,3,7,4,2,Nationale,90.0,2
202400010381,2024-05-28,après-midi,,,43,43080,1,1,5,4,3,Départementale,90.0,1
202400010382,2024-02-05,matin,,,91,91617,1,2,2,4,2,Nationale,110.0,2
202400010383,2024-05-19,nuit,,,61,61221,3,5,6,4,3,Départementale,50.0,1
202400010384,2024-07-24,après-midi,,,44,44026,1,1,6,4,4,Voie communale,50.0,1
202400010385,2024-02-03,matin,,,93,93027,1,2,5,4,1,Autoroute,90.0,2
202400010386,2024-10-31,soirée,,,88,88160,5,5,3,2,4,Voie communale,30.0,2
202400010387,2024-07-05,soirée,,,44,44212,1,1,7,3,3,Départementale,85.0,1
202400010388,2024-02-03,matin,,,95,95424,1,2,6,4,1,Autoroute,110.0,8
202400010389,2024-06-06,soirée,,,74,74012,1,1,3,4,4,Voie communale,50.0,1
202400010390,2024-10-21,soirée,,,88,88413,5,1,3,4,4,Voie communale,50.0,1
202400010391,2024-02-03,matin,,,92,92036,2,1,6,4,1,Autoroute,90.0,2
202400010392,2024-02-02,après-midi,,,95,95256,1,1,6,4,1,Autoroute,90.0,1
202400010393,2024-08-05,après-midi,,,987,98735,1,1,2,3,4,Voie communale,50.0,1
202400010394,2024-10-16,matin,,,57,57160,1,1,6,4,6,Autre,30.0,1
202400010395,2024-02-05,soirée,,,77,77294,3,1,3,4,1,Autoroute,90.0,1
202400010396,2024-08-06,nuit,,,974,97416,3,1,6,4,3,Départementale,50.0,1
202400010397,2024-12-14,nuit,,,971,97105,5,1,6,3,2,Nationale,50.0,1
202400010398,2024-08-05,soirée,,,69,69276,1,1,6,4,4,Voie communale,30.0,1
202400010399,2024-12-31,soirée,,,73,73008,5,1,6,4,4,Voie communale,30.0,1
202400010400,2024-02-05,matin,,,94,94028,1,1,4,4,1,Autoroute,90.0,1
202400010401,2024-08-05,matin,,,69,69290,1,1,5,4,4,Voie communale,70.0,1
202400010402,2024-12-20,nuit,,,27,27229,5,1,3,3,4,Voie communale,50.0,1
202400010403,2024-02-04,après-midi,,,75,75118,1,1,6,4,4,Voie communale,50.0,1
202400010404,2024-08-05,matin,,,69,69259,1,1,6,4,4,Voie communale,50.0,1
202400010405,2024-12-22,soirée,,,93,93064,5,1,1,4,4,Voie communale,50.0,1
202400010406,2024-08-05,nuit,,,67,67482,5,1,7,4,4,Voie communale,50.0,1
202400010407,2024-10-26,nuit,,,28,28404,5,9,1,4,3,Départementale,70.0,2
202400010408,2024-02-04,matin,,,976,97611,1,1,5,4,2,Nationale,50.0,1
202400010409,2024-08-05,après-midi,,,59,59163,1,1,3,4,7,Autre,50.0,1
202400010410,2024-09-29,soirée,,,73,73316,3,1,6,4,3,Départementale,80.0,1
202400010411,2024-08-06,après-midi,,,37,37261,1,1,6,4,4,Voie communale,50.0,1
202400010412,2024-02-04,après-midi,,,974,97416,1,1,2,4,4,Voie communale,50.0,1
202400010413,2024-09-28,matin,,,73,73330,2,2,1,3,3,Départementale,80.0,2
202400010414,2024-02-04,matin,,,974,97416,1,1,7,4,2,Nationale,110.0,1
202400010415,2024-08-06,nuit,,,37,37261,5,1,3,4,1,Autoroute,50.0,1
202400010416,2024-08-05,après-midi,,,37,37208,1,1,3,4,4,Voie communale,50.0,1
202400010417,2024-08-08,soirée,,,73,73098,1,1,3,3,3,Départementale,80.0,1
202400010418,2024-02-04,soirée,,,974,97407,1,1,3,4,4,Voie communale,50.0,1
202400010419,2024-02-04,nuit,,,974,97407,5,1,6,4,4,Voie communale,50.0,1
202400010420,2024-08-05,après-midi,,,37,37233,1,1,2,4,4,Voie communale,50.0,1
202400010421,2024-09-27,matin,,,38,38421,5,2,3,4,4,Voie communale,50.0,2
202400010422,2024-02-04,après-midi,,,973,97302,1,1,1,4,4,Voie communale,50.0,1
202400010423,2024-08-05,matin,,,37,37214,1,7,6,4,4,Voie communale,50.0,1
202400010424,2024-09-06,soirée,,,38,38151,1,1,3,4,4,Voie communale,50.0,1
202400010425,2024-02-03,après-midi,,,973,97302,1,1,7,4,3,Départementale,50.0,9
202400010426,2024-08-05,après-midi,,,34,34172,1,1,3,3,4,Voie communale,50.0,1
202400010427,2024-09-06,après-midi,,,38,38544,1,1,1,3,4,Voie communale,50.0,1
202400010428,2024-02-03,matin,,,973,97302,2,1,2,4,4,Voie communale,50.0,1
202400010429,2024-08-06,nuit,,,13,13204,5,1,2,4,4,Voie communale,50.0,1
202400010430,2024-02-04,nuit,,,972,97209,2,1,6,3,3,Départementale,50.0,1
202400010431,2024-09-02,après-midi,,,38,38544,1,1,3,4,3,Départementale,80.0,1
202400010432,2024-08-05,nuit,,,13,13047,3,1,1,3,3,Départementale,80.0,1
202400010433,2024-02-04,matin,,,972,97209,2,1,6,4,3,Départementale,50.0,1
202400010434,2024-11-08,après-midi,,,74,74012,1,1,6,4,4,Voie communale,50.0,1
202400010435,2024-08-06,matin,,,75,75114,1,1,3,4,4,Voie communale,70.0,1
202400010436,2024-02-03,après-midi,,,972,97209,1,1,7,4,2,Nationale,70.0,1
202400010437,2024-02-04,matin,,,69,69385,1,1,6,4,4,Voie communale,50.0,1
202400010438,2024-08-05,après-midi,,,75,75120,1,1,2,4,4,Voie communale,70.0,1
202400010439,2024-10-29,soirée,,,74,74010,5,1,6,3,4,Voie communale,50.0,1
202400010440,2024-02-04,matin,,,971,97101,2,1,6,4,3,Départementale,80.0,1
202400010441,2024-08-05,matin,,,75,75120,1,1,5,4,4,Voie communale,70.0,1
202400010442,2024-10-18,soirée,,,74,74010,5,1,6,4,3,Départementale,50.0,1
202400010443,2024-02-04,après-midi,,,95,95539,1,2,2,4,3,Départementale,90.0,2
202400010444,2024-08-04,nuit,,,75,75114,5,1,2,4,4,Voie communale,50.0,1
202400010445,2024-10-07,après-midi,,,74,74010,1,2,3,4,4,Voie communale,50.0,2
202400010446,2024-02-03,soirée,,,95,95280,5,2,3,4,3,Départementale,50.0,2
202400010447,2024-08-05,nuit,,,75,75120,3,1,6,3,4,Voie communale,70.0,1
202400010448,2024-12-21,soirée,,,972,97213,5,1,3,4,1,Autoroute,50.0,1
202400010449,2024-10-14,soirée,,,971,97113,3,1,7,4,3,Départementale,50.0,1
202400010450,2024-02-04,soirée,,,91,91687,5,1,3,4,3,Départementale,50.0,1
202400010451,2024-12-19,matin,,,52,52045,1,1,6,4,3,Départementale,50.0,1
202400010452,2024-02-04,matin,,,91,91223,3,2,7,3,3,Départementale,90.0,2
202400010453,2024-11-28,après-midi,,,52,52448,2,1,2,3,4,Voie communale,50.0,1
202400010454,2024-02-04,après-midi,,,84,84007,1,1,6,4,4,Voie communale,50.0,1
202400010455,2024-12-10,soirée,,,69,69199,3,1,2,3,7,Autre,70.0,1
202400010456,2024-02-03,après-midi,,,83,83123,1,1,6,3,3,Départementale,50.0,1
202400010457,2024-08-05,après-midi,,,75,75120,1,1,4,4,4,Voie communale,70.0,1
202400010458,2024-07-13,matin,,,987,98735,1,8,7,4,4,Voie communale,50.0,2
202400010459,2024-02-03,matin,,,78,78586,1,2,3,4,4,Voie communale,50.0,2
202400010460,2024-08-05,matin,,,75,75117,1,1,4,4,4,Voie communale,70.0,1
202400010461,2024-10-29,après-midi,,,42,42305,1,1,5,4,4,Voie communale,50.0,1
202400010462,2024-08-06,soirée,,,75,75120,1,1,3,4,4,Voie communale,50.0,1
202400010463,2024-08-06,après-midi,,,75,75120,1,1,3,4,4,Voie communale,30.0,1
202400010464,2024-12-19,après-midi,,,19,19272,1,1,6,4,4,Voie communale,30.0,1
202400010465,2024-02-04,après-midi,,,77,77058,1,2,3,4,3,Départementale,50.0,2
202400010466,2024-08-05,après-midi,,,75,75117,1,1,2,4,4,Voie communale,50.0,1
202400010467,2024-12-29,matin,,,92,92051,1,1,6,4,4,Voie communale,50.0,1
202400010468,2024-02-04,matin,,,76,76451,1,1,6,3,4,Voie communale,50.0,1
202400010469,2024-08-06,soirée,,,75,75115,5,1,6,4,4,Voie communale,30.0,1
202400010470,2024-02-04,matin,,,71,71445,3,1,1,4,3,Départementale,50.0,1
202400010471,2024-01-05,après-midi,,,91,91027,2,1,4,4,3,Départementale,50.0,1
202400010472,2024-08-06,après-midi,,,75,75107,1,1,3,4,4,Voie communale,30.0,1
202400010473,2024-02-04,matin,,,64,64483,3,1,3,4,3,Départementale,70.0,1
202400010474,2024-08-29,après-midi,,,26,26065,1,1,1,4,4,Voie communale,80.0,1
202400010475,2024-12-09,soirée,,,62,62204,5,8,6,3,3,Départementale,50.0,1
202400010476,2024-02-04,matin,,,62,62826,1,1,3,3,4,Voie communale,50.0,1
202400010477,2024-02-02,soirée,,,54,54136,5,2,3,4,4,Voie communale,50.0,2
202400010478,2024-12-31,soirée,,,971,97111,3,1,1,4,2,Nationale,50.0,1
202400010479,2024-09-18,après-midi,,,43,43205,1,1,6,3,3,Départementale,80.0,1
202400010480,2024-02-03,matin,,,38,38563,1,1,2,3,3,Départementale,50.0,2
202400010481,2024-10-30,après-midi,,,24,24086,1,1,6,3,3,Départementale,80.0,1
202400010482,2024-02-04,après-midi,,,37,37195,1,1,6,4,4,Voie communale,50.0,1
202400010483,2024-10-28,soirée,,,24,24014,3,1,6,4,3,Départementale,80.0,1
202400010484,2024-02-04,nuit,,,34,34172,5,1,3,4,7,Autre,50.0,1
202400010485,2024-10-27,après-midi,,,24,24547,2,1,3,4,3,Départementale,50.0,1
202400010486,2024-02-04,après-midi,,,29,29051,1,1,7,3,3,Départementale,80.0,1
202400010487,2024-10-26,nuit,,,24,24374,5,2,3,4,3,Départementale,50.0,2
202400010488,2024-02-04,matin,,,28,28134,3,2,1,4,2,Nationale,50.0,2
202400010489,2024-03-14,après-midi,,,03,03310,1,1,7,4,4,Voie communale,,9
202400010490,2024-02-03,soirée,,,27,27681,5,1,7,3,4,Voie communale,50.0,1
202400010491,2024-05-02,soirée,,,03,03310,1,1,3,4,4,Voie communale,50.0,1
202400010492,2024-02-04,soirée,,,70,70285,3,1,1,3,3,Départementale,90.0,1
202400010493,2024-05-08,soirée,,,03,03310,1,1,3,4,3,Départementale,50.0,1
202400010494,2024-02-04,soirée,,,17,17291,2,1,1,4,4,Voie communale,30.0,1
202400010495,2024-09-29,nuit,,,09,09207,3,1,6,4,2,Nationale,110.0,1
202400010496,2024-02-04,nuit,,,13,13211,5,1,1,3,4,Voie communale,50.0,1
202400010497,2024-09-02,soirée,,,09,09225,1,1,3,2,4,Voie communale,30.0,1
202400010498,2024-02-03,nuit,,,13,13215,5,1,1,4,3,Départementale,50.0,1
202400010499,2024-10-10,après-midi,,,88,88424,1,1,1,4,4,Voie communale,50.0,1
202400010500,2024-02-04,matin,,,13,13005,1,1,3,4,4,Voie communale,50.0,1
202400010501,2024-12-30,après-midi,,,42,42218,1,1,6,4,4,Voie communale,50.0,1
202400010502,2024-02-04,soirée,,,09,09225,3,1,2,4,2,Nationale,110.0,1
202400010503,2024-12-26,après-midi,,,05,05061,1,7,6,4,4,Voie communale,50.0,1
202400010504,2024-02-04,après-midi,,,09,09265,1,1,7,4,2,Nationale,110.0,1
202400010505,2024-12-30,après-midi,,,64,64485,1,1,3,4,3,Départementale,50.0,1
202400010506,2024-11-16,après-midi,,,85,85213,1,1,7,4,4,Voie communale,50.0,1
202400010507,2024-02-04,soirée,,,01,01053,4,1,1,4,3,Départementale,50.0,1
202400010508,2024-12-20,après-midi,,,971,97104,1,1,3,3,2,Nationale,50.0,1
202400010509,2024-02-03,matin,,,75,75120,1,2,7,4,4,Voie communale,50.0,2
202400010510,2024-12-31,nuit,,,67,67130,5,1,7,2,4,Voie communale,50.0,1
202400010511,2024-02-02,soirée,,,75,75120,5,1,2,4,4,Voie communale,70.0,1
202400010512,2024-12-16,matin,,,83,83061,1,1,1,3,3,Départementale,50.0,1
202400010513,2024-02-03,nuit,,,75,75119,5,1,6,4,4,Voie communale,30.0,1
202400010514,2024-12-31,nuit,,,78,78362,3,1,1,2,3,Départementale,70.0,1
202400010515,2024-02-04,soirée,,,75,75119,5,1,3,4,4,Voie communale,30.0,1
202400010516,2024-12-20,après-midi,,,51,51108,1,1,1,4,4,Voie communale,50.0,1
202400010517,2024-02-04,après-midi,,,75,75119,1,1,6,4,4,Voie communale,30.0,1
202400010518,2024-12-24,matin,,,49,49099,1,1,7,3,4,Voie communale,50.0,3
202400010519,2024-02-04,après-midi,,,75,75117,1,1,3,4,4,Voie communale,30.0,1
202400010520,2024-12-30,matin,,,05,05061,1,1,2,4,2,Nationale,50.0,1
202400010521,2024-12-31,nuit,,,78,78575,5,8,6,3,3,Départementale,50.0,1
202400010522,2024-02-04,matin,,,75,75115,1,1,3,4,4,Voie communale,30.0,1
202400010523,2024-12-31,après-midi,,,89,89402,1,1,6,4,3,Départementale,80.0,1
202400010524,2024-02-03,après-midi,,,75,75107,2,2,6,4,4,Voie communale,30.0,2
202400010525,2024-02-04,nuit,,,75,75102,5,1,7,4,4,Voie communale,30.0,1
202400010526,2024-12-30,nuit,,,988,98814,3,1,6,2,4,Voie communale,50.0,1
202400010527,2024-08-06,après-midi,,,75,75110,1,1,6,4,4,Voie communale,30.0,1
202400010528,2024-02-04,matin,,,94,94046,1,2,3,4,3,Départementale,50.0,2
202400010529,2024-12-31,soirée,,,91,91338,3,5,2,3,3,Départementale,80.0,1
202400010530,2024-08-06,après-midi,,,75,75107,1,1,3,4,4,Voie communale,30.0,1
202400010531,2024-02-04,soirée,,,93,93059,5,1,3,4,4,Voie communale,30.0,1
202400010532,2024-12-31,après-midi,,,73,73248,1,7,6,3,4,Voie communale,50.0,2
202400010533,2024-08-06,matin,,,75,75107,1,1,2,4,4,Voie communale,30.0,1
202400010534,2024-12-29,après-midi,,,59,59240,1,1,6,3,4,Voie communale,50.0,2
202400010535,2024-02-04,après-midi,,,93,93053,1,1,3,4,4,Voie communale,30.0,1
202400010536,2024-12-31,après-midi,,,95,95678,2,1,3,4,2,Nationale,110.0,1
202400010537,2024-08-06,matin,,,75,75101,1,1,1,4,4,Voie communale,30.0,1
202400010538,2024-02-04,soirée,,,93,93010,5,1,1,4,3,Départementale,30.0,1
202400010539,2024-12-24,après-midi,,,93,93007,3,2,3,4,1,Autoroute,90.0,2
202400010540,2024-08-05,soirée,,,75,75104,1,1,3,4,4,Voie communale,30.0,1
202400010541,2024-02-04,nuit,,,93,93005,5,2,3,4,3,Départementale,50.0,2
202400010542,2024-10-02,soirée,,,57,57050,2,8,3,4,3,Départementale,80.0,2
202400010543,2024-08-06,matin,,,94,94076,1,1,3,4,3,Départementale,50.0,1
202400010544,2024-02-05,matin,,,71,71381,1,1,1,3,3,Départementale,80.0,1
202400010545,2024-12-31,après-midi,,,973,97302,1,2,3,4,3,Départementale,50.0,2
202400010546,2024-02-05,matin,,,49,49220,2,1,3,2,3,Départementale,80.0,1
202400010547,2024-08-04,nuit,,,94,94037,5,1,3,3,3,Départementale,30.0,1
202400010548,2024-12-28,après-midi,,,81,81144,1,1,3,3,4,Voie communale,50.0,1
202400010549,2024-02-05,matin,,,36,36135,2,1,6,4,3,Départementale,90.0,1
202400010550,2024-08-06,soirée,,,94,94033,2,7,3,4,4,Voie communale,30.0,1
202400010551,2024-12-29,soirée,,,51,51454,5,1,6,4,4,Voie communale,30.0,2
202400010552,2024-02-03,nuit,,,76,76148,3,2,6,3,3,Départementale,80.0,2
202400010553,2024-12-31,après-midi,,,19,19031,1,1,7,4,4,Voie communale,50.0,1
202400010554,2024-01-29,nuit,,,974,97405,3,3,6,2,4,Voie communale,50.0,6
202400010555,2024-08-06,soirée,,,94,94028,1,1,3,4,3,Départementale,50.0,1
202400010556,2024-12-31,soirée,,,02,02243,5,2,6,4,4,Voie communale,30.0,2
202400010557,2024-02-05,matin,,,40,40156,1,5,1,2,3,Départementale,80.0,1
202400010558,2024-02-02,nuit,,,79,79020,3,1,7,3,3,Départementale,80.0,1
202400010559,2024-01-02,nuit,,,93,93062,5,3,6,4,4,Voie communale,50.0,2
202400010560,2024-08-06,soirée,,,93,93062,1,1,4,4,4,Voie communale,,1
202400010561,2024-02-03,après-midi,,,19,19256,1,1,7,3,3,Départementale,90.0,1
202400010562,2024-12-31,matin,,,35,35029,2,1,1,4,3,Départementale,80.0,1
202400010563,2024-08-06,après-midi,,,93,93027,1,1,3,4,3,Départementale,50.0,1
202400010564,2024-02-01,matin,,,79,79002,2,1,1,4,3,Départementale,80.0,1
202400010565,2024-12-31,matin,,,12,12096,1,7,6,3,3,Départementale,50.0,1
202400010566,2024-12-28,matin,,,29,29178,1,8,7,4,3,Départementale,80.0,1
202400010567,2024-02-04,après-midi,,,2A,2A362,1,1,3,4,3,Départementale,50.0,1
202400010568,2024-08-06,après-midi,,,93,93057,1,1,3,4,4,Voie communale,50.0,1
202400010569,2024-02-02,matin,,,71,71204,1,1,6,2,6,Autre,20.0,1
202400010570,2024-12-31,après-midi,,,29,29117,2,1,3,3,3,Départementale,50.0,1
202400010571,2024-08-06,soirée,,,92,92040,1,1,3,4,3,Départementale,30.0,1
202400010572,2024-12-19,matin,,,63,63455,2,1,2,4,1,Autoroute,130.0,2
202400010573,2024-02-03,matin,,,71,71056,1,1,3,4,3,Départementale,50.0,1
202400010574,2024-12-20,matin,,,09,09160,1,1,6,3,9,Autre,50.0,1
202400010575,2024-08-05,après-midi,,,92,92025,1,1,3,4,4,Voie communale,30.0,1
202400010576,2024-08-10,après-midi,,,84,84089,1,1,3,3,3,Départementale,70.0,1
202400010577,2024-02-05,matin,,,71,71390,1,1,3,4,3,Départementale,80.0,1
202400010578,2024-12-30,soirée,,,82,82033,3,5,6,4,3,Départementale,80.0,1
202400010579,2024-07-25,nuit,,,35,35136,3,2,6,3,3,Départementale,80.0,2
202400010580,2024-02-05,nuit,,,63,63055,3,8,1,4,3,Départementale,50.0,2
202400010581,2024-12-31,après-midi,,,94,94002,1,1,3,4,3,Départementale,50.0,1
202400010582,2024-02-04,matin,,,61,61385,1,2,6,3,4,Voie communale,80.0,2
202400010583,2024-12-30,après-midi,,,23,23090,1,1,7,3,3,Départementale,90.0,7
202400010584,2024-02-04,soirée,,,86,86293,3,1,3,4,3,Départementale,80.0,1
202400010585,2024-12-31,après-midi,,,11,11397,1,2,1,3,3,Départementale,50.0,2
202400010586,2024-08-07,matin,,,06,06060,1,1,3,4,7,Autre,70.0,1
202400010587,2024-02-05,matin,,,68,68082,1,1,3,4,3,Départementale,50.0,1
202400010588,2024-12-31,après-midi,,,01,01095,1,1,1,3,3,Départementale,80.0,1
202400010589,2024-02-05,après-midi,,,31,31574,2,1,6,3,3,Départementale,50.0,1
202400010590,2024-12-27,après-midi,,,04,04079,1,1,6,3,3,Départementale,80.0,1
202400010591,2024-02-04,après-midi,,,38,38311,2,1,6,4,4,Voie communale,50.0,1
202400010592,2024-08-06,nuit,,,06,06149,5,1,1,3,7,Autre,50.0,1
202400010593,2024-11-10,nuit,,,85,85076,3,1,6,3,3,Départementale,50.0,1
202400010594,2024-08-07,soirée,,,22,22372,1,1,7,3,3,Départementale,,1
202400010595,2024-02-03,matin,,,02,02295,1,1,6,4,2,Nationale,50.0,1
202400010596,2024-08-06,soirée,,,42,42069,1,1,7,3,3,Départementale,50.0,1
202400010597,2024-02-04,après-midi,,,15,15088,1,1,6,4,4,Voie communale,90.0,1
202400010598,2024-12-31,soirée,,,13,13050,3,1,1,3,3,Départementale,80.0,1
202400010599,2024-08-03,après-midi,,,974,97412,1,1,1,4,4,Voie communale,50.0,1
202400010600,2024-12-31,soirée,,,971,97111,3,1,7,2,2,Nationale,80.0,1
202400010601,2024-02-04,soirée,,,72,72161,3,1,1,2,3,Départementale,90.0,1
202400010602,2024-08-07,nuit,,,12,12197,3,8,6,2,3,Départementale,90.0,1
202400010603,2024-12-28,après-midi,,,67,67122,2,9,7,4,3,Départementale,80.0,7
202400010604,2024-02-05,matin,,,16,16147,2,5,1,3,3,Départementale,80.0,2
202400010605,2024-08-05,après-midi,,,35,35272,1,1,3,4,3,Départementale,80.0,1
202400010606,2024-12-14,soirée,,,69,69283,3,2,2,4,1,Autoroute,90.0,2
202400010607,2024-02-03,soirée,,,04,04124,3,1,6,4,3,Départementale,80.0,1
202400010608,2024-08-07,nuit,,,2B,2B009,3,1,3,4,3,Départementale,80.0,1
202400010609,2024-02-04,nuit,,,01,01320,3,1,6,3,1,Autoroute,50.0,1
202400010610,2024-12-14,nuit,,,69,69290,3,2,2,4,1,Autoroute,90.0,2
202400010611,2024-08-07,soirée,,,34,34270,1,1,3,3,7,Autre,50.0,1
202400010612,2024-08-06,matin,,,34,34270,1,1,6,3,7,Autre,50.0,1
202400010613,2024-02-03,matin,,,69,69244,1,1,2,4,4,Voie communale,50.0,1
202400010614,2024-08-01,après-midi,,,19,19241,1,1,7,2,3,Départementale,90.0,1
202400010615,2024-12-29,soirée,,,42,42218,3,1,2,4,2,Nationale,70.0,1
202400010616,2024-08-06,après-midi,,,76,76036,1,1,7,3,4,Voie communale,,1
202400010617,2024-02-04,après-midi,,,17,17482,1,1,3,4,3,Départementale,80.0,1
202400010618,2024-08-06,matin,,,2B,2B286,1,1,1,4,2,Nationale,80.0,1
202400010619,2024-12-31,soirée,,,974,97407,5,1,6,4,4,Voie communale,30.0,1
202400010620,2024-08-07,nuit,,,2B,2B346,3,1,6,4,2,Nationale,70.0,1
202400010621,2024-07-28,matin,,,69,69248,1,1,7,3,3,Départementale,80.0,1
202400010622,2024-12-31,après-midi,,,974,97407,1,1,6,4,4,Voie communale,30.0,1
202400010623,2024-01-31,soirée,,,69,69235,3,1,1,4,3,Départementale,80.0,1
202400010624,2024-08-07,après-midi,,,63,63319,1,1,7,3,3,Départementale,90.0,1