Num_Acc,date,time_of_day,lat,long,dep,com,lum,atm,col,severity_index,catr,catr_label,vma,surf
202400010625,2024-12-31,après-midi,,,971,97101,1,1,6,4,2,Nationale,50.0,1
202400010626,2024-02-05,après-midi,,,78,78349,1,1,7,4,1,Autoroute,130.0,1
202400010627,2024-12-30,matin,,,971,97101,1,1,6,3,2,Nationale,70.0,1
202400010628,2024-02-04,matin,,,91,91661,1,1,6,4,1,Autoroute,130.0,1
202400010629,2024-08-06,soirée,,,12,12208,1,1,1,4,3,Départementale,70.0,1
202400010630,2024-02-05,matin,,,974,97418,1,1,6,3,4,Voie communale,50.0,1
202400010631,2024-12-31,matin,,,2A,2A004,1,1,2,4,3,Départementale,50.0,1
202400010632,2024-08-06,après-midi,,,46,46112,1,1,1,3,3,Départementale,50.0,1
202400010633,2024-02-04,nuit,,,973,97304,3,1,2,2,2,Nationale,80.0,1
202400010634,2024-12-28,soirée,,,95,95210,5,8,6,4,4,Voie communale,50.0,1
202400010635,2024-08-07,matin,,,86,86139,1,1,1,3,4,Voie communale,80.0,1
202400010636,2024-02-04,matin,,,971,97107,1,1,6,3,4,Voie communale,,1
202400010637,2024-08-04,soirée,,,29,29153,1,1,2,4,3,Départementale,50.0,1
202400010638,2024-01-19,nuit,,,971,97114,2,1,6,3,2,Nationale,50.0,1
202400010639,2024-12-31,matin,,,87,87050,5,1,3,4,4,Voie communale,50.0,1
202400010640,2024-02-04,matin,,,971,97111,1,7,7,2,2,Nationale,70.0,1
202400010641,2024-08-04,matin,,,29,29031,1,1,3,4,3,Départementale,50.0,1
202400010642,2024-02-04,soirée,,,66,66208,3,1,2,2,3,Départementale,110.0,1
202400010643,2024-12-30,soirée,,,87,87085,5,5,4,2,4,Voie communale,30.0,1
202400010644,2024-07-31,matin,,,29,29163,1,1,2,3,3,Départementale,80.0,1
202400010645,2024-12-30,soirée,,,84,84007,5,1,7,2,4,Voie communale,50.0,1
202400010646,2024-08-07,matin,,,03,03254,1,1,6,3,3,Départementale,50.0,1
202400010647,2024-02-05,matin,,,83,83071,1,1,3,4,3,Départementale,90.0,1
202400010648,2024-12-31,après-midi,,,82,82033,1,8,7,4,4,Voie communale,50.0,1
202400010649,2024-02-04,soirée,,,06,06143,3,1,6,2,3,Départementale,80.0,2
202400010650,2024-08-06,après-midi,,,03,03287,1,1,1,4,3,Départementale,90.0,1
202400010651,2024-12-30,soirée,,,80,80021,5,2,7,3,4,Voie communale,30.0,2
202400010652,2024-02-04,soirée,,,70,70310,3,2,1,3,3,Départementale,50.0,2
202400010653,2024-08-07,matin,,,01,01263,1,7,3,4,3,Départementale,70.0,1
202400010654,2024-08-03,après-midi,,,70,70193,1,7,7,3,3,Départementale,80.0,1
202400010655,2024-12-31,nuit,,,78,78502,5,1,6,4,2,Nationale,50.0,1
202400010656,2024-02-04,matin,,,67,67137,1,1,3,4,7,Autre,40.0,1
202400010657,2024-08-07,matin,,,58,58264,1,1,6,3,3,Départementale,80.0,1
202400010658,2024-02-04,soirée,,,63,63470,3,5,1,3,3,Départementale,90.0,2
202400010659,2024-08-07,après-midi,,,06,06038,1,1,6,4,3,Départementale,50.0,1
202400010660,2024-02-04,nuit,,,38,38148,3,1,1,4,3,Départementale,80.0,1
202400010661,2024-12-31,soirée,,,78,78172,5,1,6,4,3,Départementale,30.0,1
202400010662,2024-08-02,matin,,,06,06079,1,1,3,3,1,Autoroute,50.0,1
202400010663,2024-02-04,soirée,,,38,38155,3,1,6,3,3,Départementale,80.0,1
202400010664,2024-02-04,après-midi,,,09,09280,1,1,3,3,3,Départementale,80.0,1
202400010665,2024-08-07,soirée,,,50,50410,1,1,1,3,3,Départementale,50.0,1
202400010666,2024-12-31,matin,,,77,77018,1,8,6,4,6,Autre,30.0,1
202400010667,2024-02-04,matin,,,09,09336,5,1,5,3,3,Départementale,50.0,1
202400010668,2024-08-06,soirée,,,09,09223,2,1,6,4,3,Départementale,30.0,1
202400010669,2024-12-30,soirée,,,77,77131,5,2,2,4,4,Voie communale,50.0,2
202400010670,2024-01-19,après-midi,,,44,44047,1,1,1,4,7,Autre,80.0,1
202400010671,2024-12-31,matin,,,76,76231,1,1,6,4,4,Voie communale,50.0,2
202400010672,2024-08-05,soirée,,,60,60591,1,7,3,4,3,Départementale,50.0,1
202400010673,2024-02-04,soirée,,,62,62887,3,1,2,3,1,Autoroute,130.0,2
202400010674,2024-12-31,soirée,,,73,73065,5,1,6,4,4,Voie communale,30.0,1
202400010675,2024-08-06,soirée,,,64,64391,1,1,1,4,3,Départementale,80.0,1
202400010676,2024-02-04,soirée,,,59,59035,5,2,1,3,3,Départementale,50.0,2
202400010677,2024-08-04,après-midi,,,64,64488,1,1,1,3,3,Départementale,80.0,1
202400010678,2024-12-31,après-midi,,,72,72181,5,1,1,4,4,Voie communale,30.0,1
202400010679,2024-08-03,après-midi,,,16,16175,1,1,7,2,3,Départementale,80.0,1
202400010680,2024-02-03,après-midi,,,13,13215,1,1,4,4,1,Autoroute,90.0,1
202400010681,2024-12-31,matin,,,71,71270,5,5,6,4,4,Voie communale,50.0,1
202400010682,2024-08-06,après-midi,,,37,37028,1,1,7,3,4,Voie communale,80.0,1
202400010683,2024-02-03,nuit,,,13,13085,3,1,2,4,1,Autoroute,90.0,1
202400010684,2024-08-06,soirée,,,30,30315,1,1,7,3,2,Nationale,80.0,1
202400010685,2024-08-01,matin,,,52,52298,2,8,6,3,3,Départementale,80.0,2
202400010686,2024-12-31,soirée,,,69,69029,5,5,4,4,7,Autre,50.0,1
202400010687,2024-02-03,soirée,,,42,42307,3,1,2,4,1,Autoroute,90.0,1
202400010688,2024-08-05,après-midi,,,978,97801,1,1,6,3,2,Nationale,50.0,9
202400010689,2024-12-31,après-midi,,,69,69290,1,1,6,4,4,Voie communale,50.0,1
202400010690,2024-02-04,après-midi,,,91,91340,1,1,2,4,1,Autoroute,110.0,2
202400010691,2024-12-31,matin,,,68,68376,1,7,6,3,3,Départementale,50.0,1
202400010692,2024-08-06,matin,,,67,67389,1,1,3,3,7,Autre,70.0,1
202400010693,2024-02-04,après-midi,,,91,91689,1,1,6,4,1,Autoroute,110.0,1
202400010694,2024-08-07,après-midi,,,38,38464,1,1,7,4,1,Autoroute,130.0,1
202400010695,2024-12-30,après-midi,,,64,64024,1,1,3,3,4,Voie communale,30.0,1
202400010696,2024-02-04,matin,,,91,91235,2,2,7,4,2,Nationale,110.0,2
202400010697,2024-02-04,après-midi,,,95,95675,1,1,6,4,1,Autoroute,110.0,1
202400010698,2024-12-26,matin,,,62,62765,1,1,6,3,4,Voie communale,50.0,1
202400010699,2024-02-04,nuit,,,93,93064,3,1,6,2,1,Autoroute,90.0,1
202400010700,2024-08-07,matin,,,30,30189,1,1,4,4,1,Autoroute,130.0,1
202400010701,2024-12-31,matin,,,62,62617,1,1,7,3,4,Voie communale,50.0,9
202400010702,2024-12-22,après-midi,,,62,62895,1,1,6,4,4,Voie communale,50.0,1
202400010703,2024-02-03,après-midi,,,93,93006,1,1,5,4,1,Autoroute,70.0,1
202400010704,2024-08-05,matin,,,17,17286,1,1,1,3,3,Départementale,50.0,1
202400010705,2024-12-31,nuit,,,61,61001,5,1,6,4,3,Départementale,50.0,1
202400010706,2024-02-03,soirée,,,94,94028,4,2,3,4,1,Autoroute,90.0,2
202400010707,2024-08-03,après-midi,,,987,98735,1,1,7,3,2,Nationale,60.0,1
202400010708,2024-12-31,soirée,,,59,59599,5,1,2,4,7,Autre,50.0,1
202400010709,2024-02-02,après-midi,,,94,94069,1,1,5,4,1,Autoroute,90.0,1
202400010710,2024-06-18,nuit,,,13,13040,3,1,2,4,3,Départementale,80.0,1
202400010711,2024-12-31,matin,,,59,59508,1,1,3,3,7,Autre,50.0,1
202400010712,2024-02-03,matin,,,75,75104,5,1,7,4,4,Voie communale,30.0,1
202400010713,2024-08-06,nuit,,,2B,2B168,5,1,3,4,3,Départementale,70.0,1
202400010714,2024-02-03,après-midi,,,974,97416,1,1,7,4,3,Départementale,50.0,1
202400010715,2024-12-31,nuit,,,59,59512,5,2,6,4,7,Autre,50.0,2
202400010716,2024-12-30,après-midi,,,56,56121,1,1,3,4,4,Voie communale,30.0,1
202400010717,2024-08-06,soirée,,,55,55049,1,1,3,3,3,Départementale,90.0,1
202400010718,2024-02-02,nuit,,,972,97209,5,1,3,3,2,Nationale,50.0,1
202400010719,2024-08-05,soirée,,,73,73249,1,1,7,3,3,Départementale,70.0,1
202400010720,2024-12-31,soirée,,,54,54395,5,1,3,4,4,Voie communale,30.0,1
202400010721,2024-02-03,soirée,,,95,95019,5,2,1,4,3,Départementale,50.0,2
202400010722,2024-08-06,après-midi,,,42,42046,1,1,2,3,3,Départementale,80.0,1
202400010723,2024-12-30,après-midi,,,54,54547,5,1,6,4,4,Voie communale,30.0,1
202400010724,2024-02-02,après-midi,,,95,95203,1,1,3,4,3,Départementale,50.0,1
202400010725,2024-12-30,matin,,,54,54395,1,1,3,4,4,Voie communale,50.0,1
202400010726,2024-08-06,soirée,,,81,81219,2,1,3,3,2,Nationale,80.0,1
202400010727,2024-02-02,soirée,,,95,95203,5,2,6,3,4,Voie communale,50.0,2
202400010728,2024-07-29,après-midi,,,65,65059,1,1,7,4,3,Départementale,80.0,1
202400010729,2024-12-31,soirée,,,51,51172,5,1,6,4,4,Voie communale,30.0,1
202400010730,2024-08-05,après-midi,,,31,31458,1,1,2,3,3,Départementale,50.0,1
202400010731,2024-12-31,après-midi,,,51,51454,1,1,3,4,4,Voie communale,50.0,1
202400010732,2024-02-02,matin,,,95,95555,1,1,3,4,3,Départementale,50.0,1
202400010733,2024-12-20,matin,,,51,51453,3,1,2,4,2,Nationale,110.0,2
202400010734,2024-08-07,matin,,,87,87156,1,1,1,3,4,Voie communale,50.0,1
202400010735,2024-02-03,après-midi,,,91,91471,1,2,3,4,4,Voie communale,50.0,2
202400010736,2024-12-31,après-midi,,,49,49015,1,1,6,4,3,Départementale,70.0,1
202400010737,2024-02-03,soirée,,,91,91174,5,1,6,3,4,Voie communale,30.0,1
202400010738,2024-08-06,soirée,,,40,40314,1,1,3,3,3,Départementale,70.0,1
202400010739,2024-12-31,nuit,,,45,45004,4,2,6,4,3,Départementale,50.0,2
202400010740,2024-02-03,nuit,,,84,84007,5,1,6,4,4,Voie communale,50.0,1
202400010741,2024-12-31,nuit,,,41,41018,5,8,6,2,4,Voie communale,50.0,2
202400010742,2024-08-06,matin,,,40,40114,1,1,5,4,3,Départementale,80.0,1
202400010743,2024-02-03,après-midi,,,84,84007,1,1,6,4,4,Voie communale,20.0,1
202400010744,2024-12-31,matin,,,37,37122,1,8,3,4,4,Voie communale,50.0,1
202400010745,2024-08-06,matin,,,33,33530,1,1,7,3,3,Départementale,80.0,1
202400010746,2024-02-02,soirée,,,80,80131,3,8,2,2,3,Départementale,90.0,2
202400010747,2024-12-31,après-midi,,,33,33063,1,1,6,4,4,Voie communale,,1
202400010748,2024-08-03,après-midi,,,61,61203,1,8,6,4,4,Voie communale,80.0,1
202400010749,2024-12-30,soirée,,,33,33063,5,1,1,4,4,Voie communale,50.0,1
202400010750,2024-02-03,soirée,,,76,76575,5,2,4,4,7,Autre,70.0,2
202400010751,2024-08-05,nuit,,,56,56009,3,1,2,4,3,Départementale,80.0,1
202400010752,2024-12-31,soirée,,,31,31555,3,5,1,3,4,Voie communale,50.0,2
202400010753,2024-02-03,nuit,,,76,76540,5,2,1,4,7,Autre,50.0,2
202400010754,2024-12-31,après-midi,,,26,26362,1,1,3,3,4,Voie communale,50.0,1
202400010755,2024-02-03,après-midi,,,69,69266,1,1,5,4,4,Voie communale,30.0,1
202400010756,2024-12-31,après-midi,,,19,19272,1,1,3,4,3,Départementale,50.0,1
202400010757,2024-02-03,matin,,,69,69029,1,1,3,3,4,Voie communale,50.0,1
202400010758,2024-12-31,après-midi,,,17,17300,1,8,6,4,4,Voie communale,30.0,1
202400010759,2024-02-03,après-midi,,,67,67482,2,1,1,4,4,Voie communale,50.0,1
202400010760,2024-12-31,après-midi,,,15,15014,2,1,2,4,4,Voie communale,50.0,1
202400010761,2024-02-03,après-midi,,,64,64445,1,1,3,4,4,Voie communale,50.0,1
202400010762,2024-12-31,matin,,,13,13211,5,1,3,4,4,Voie communale,50.0,1
202400010763,2024-02-03,matin,,,63,63063,1,1,6,3,4,Voie communale,30.0,1
202400010764,2024-12-30,après-midi,,,13,13028,1,1,2,4,7,Autre,30.0,1
202400010765,2024-02-03,nuit,,,62,62457,3,2,6,3,4,Voie communale,50.0,2
202400010766,2024-01-25,soirée,,,62,62178,5,2,7,3,3,Départementale,50.0,2
202400010767,2024-12-30,après-midi,,,12,12013,1,9,6,4,3,Départementale,50.0,7
202400010768,2024-02-02,matin,,,59,59009,1,1,6,3,4,Voie communale,50.0,1
202400010769,2024-12-30,après-midi,,,10,10362,3,1,2,4,3,Départementale,90.0,1
202400010770,2024-02-03,nuit,,,56,56260,5,1,6,4,4,Voie communale,30.0,1
202400010771,2024-12-30,matin,,,10,10333,1,1,3,4,4,Voie communale,50.0,1
202400010772,2024-01-30,après-midi,,,56,56260,1,1,7,4,4,Voie communale,30.0,1
202400010773,2024-12-30,matin,,,10,10325,2,2,7,3,4,Voie communale,50.0,2
202400010774,2024-02-03,matin,,,49,49007,1,1,2,4,4,Voie communale,50.0,1
202400010775,2024-12-30,après-midi,,,07,07281,1,1,2,4,4,Voie communale,50.0,1
202400010776,2024-02-03,après-midi,,,45,45075,1,1,3,4,4,Voie communale,50.0,1
202400010777,2024-12-31,après-midi,,,06,06029,1,1,3,4,4,Voie communale,50.0,1
202400010778,2024-12-31,matin,,,06,06004,2,1,3,4,3,Départementale,50.0,1
202400010779,2024-02-03,soirée,,,44,44184,5,1,5,4,4,Voie communale,50.0,1
202400010780,2024-12-30,après-midi,,,05,05061,1,1,1,4,2,Nationale,50.0,1
202400010781,2024-02-03,soirée,,,42,42186,5,8,4,4,4,Voie communale,50.0,1
202400010782,2024-12-30,après-midi,,,05,05023,5,1,3,4,2,Nationale,50.0,2
202400010783,2024-02-03,nuit,,,38,38185,5,1,1,4,4,Voie communale,30.0,1
202400010784,2024-12-31,matin,,,75,75114,1,1,2,4,4,Voie communale,50.0,1
202400010785,2024-02-03,matin,,,37,37261,5,2,3,4,4,Voie communale,50.0,2
202400010786,2024-02-04,nuit,,,35,35238,5,1,6,4,4,Voie communale,30.0,1
202400010787,2024-12-31,matin,,,75,75115,1,2,2,4,4,Voie communale,30.0,2
202400010788,2024-12-30,après-midi,,,75,75114,1,1,6,4,4,Voie communale,30.0,1
202400010789,2024-02-03,soirée,,,35,35238,5,1,3,3,4,Voie communale,30.0,1
202400010790,2024-02-03,soirée,,,35,35238,2,1,2,4,2,Nationale,90.0,1
202400010791,2024-12-30,après-midi,,,75,75108,1,2,3,4,4,Voie communale,30.0,2
202400010792,2024-02-03,nuit,,,34,34172,5,1,3,4,4,Voie communale,50.0,1
202400010793,2024-12-30,soirée,,,94,94081,5,8,6,2,4,Voie communale,50.0,1
202400010794,2024-02-03,soirée,,,34,34172,4,1,2,4,7,Autre,70.0,1
202400010795,2024-12-31,soirée,,,94,94046,5,1,3,4,3,Départementale,50.0,1
202400010796,2024-02-03,nuit,,,34,34172,4,1,2,4,4,Voie communale,50.0,1
202400010797,2024-12-31,après-midi,,,94,94028,1,8,2,4,3,Départementale,50.0,1
202400010798,2024-12-31,après-midi,,,93,93048,1,1,6,4,4,Voie communale,30.0,1
202400010799,2024-12-31,après-midi,,,93,93005,1,1,2,4,3,Départementale,50.0,1
202400010800,2024-12-22,soirée,,,92,92063,5,1,2,4,3,Départementale,50.0,1
202400010801,2024-12-31,matin,,,92,92062,1,1,3,4,4,Voie communale,30.0,1
202400010802,2024-12-31,matin,,,92,92048,1,1,3,4,3,Départementale,50.0,1
202400010803,2024-12-31,après-midi,,,92,92040,1,1,3,4,3,Départementale,30.0,1
202400010804,2024-12-30,soirée,,,92,92025,5,1,6,4,3,Départementale,30.0,1
202400010805,2024-12-31,après-midi,,,92,92024,1,1,3,4,3,Départementale,50.0,1
202400010806,2024-12-31,après-midi,,,92,92023,1,1,2,4,3,Départementale,50.0,1
202400010807,2024-12-31,soirée,,,974,97414,5,1,6,3,2,Nationale,110.0,1
202400010808,2024-12-31,soirée,,,51,51254,3,5,7,3,4,Voie communale,90.0,6
202400010809,2024-12-31,après-midi,,,69,69006,1,9,7,4,3,Départementale,80.0,7
202400010810,2024-12-31,nuit,,,12,12206,3,1,6,3,3,Départementale,90.0,2
202400010811,2024-12-31,soirée,,,12,12063,3,1,1,4,3,Départementale,90.0,1
202400010812,2024-12-31,après-midi,,,06,06152,1,1,1,4,3,Départementale,50.0,1
202400010813,2024-12-31,soirée,,,68,68117,5,1,2,4,3,Départementale,50.0,1
202400010814,2024-12-31,après-midi,,,63,63213,1,5,1,4,3,Départementale,80.0,2
202400010815,2024-12-30,nuit,,,54,54304,3,1,2,4,1,Autoroute,110.0,1
202400010816,2024-12-28,nuit,,,62,62186,3,2,7,4,1,Autoroute,110.0,2
202400010817,2024-12-27,nuit,,,59,59426,3,1,7,4,1,Autoroute,110.0,1
202400010818,2024-12-30,nuit,,,92,92036,3,1,2,4,1,Autoroute,90.0,1
202400010819,2024-12-30,matin,,,95,95277,1,1,6,4,1,Autoroute,50.0,1
202400010820,2024-12-30,nuit,,,77,77294,3,1,2,4,1,Autoroute,90.0,1
202400010821,2024-12-30,matin,,,77,77337,1,2,2,4,2,Nationale,90.0,2
202400010822,2024-12-30,après-midi,,,974,97411,1,1,3,4,4,Voie communale,50.0,1
202400010823,2024-12-30,matin,,,974,97411,1,1,6,4,2,Nationale,70.0,1
202400010824,2024-12-30,soirée,,,974,97409,5,1,3,4,4,Voie communale,,1
202400010825,2024-12-30,après-midi,,,973,97302,1,3,7,4,3,Départementale,50.0,2
202400010826,2024-12-28,soirée,,,972,97209,5,1,3,3,4,Voie communale,50.0,1
202400010827,2024-12-30,nuit,,,69,69142,5,1,2,4,7,Autre,50.0,9
202400010828,2024-12-30,après-midi,,,2A,2A004,5,1,6,4,3,Départementale,50.0,1
202400010829,2024-12-29,après-midi,,,91,91657,1,1,6,4,3,Départementale,50.0,1
202400010830,2024-12-29,nuit,,,91,91657,5,1,6,4,4,Voie communale,50.0,1
202400010831,2024-12-30,soirée,,,91,91687,5,1,1,4,4,Voie communale,50.0,1
202400010832,2024-12-28,après-midi,,,87,87065,1,1,3,4,3,Départementale,50.0,1
202400010833,2024-12-30,soirée,,,78,78238,5,1,6,3,3,Départementale,50.0,1
202400010834,2024-06-01,matin,,,2A,2A006,1,1,1,4,3,Départementale,80.0,1
202400010835,2024-06-02,après-midi,,,65,65017,1,1,3,4,3,Départementale,80.0,1
202400010836,2024-06-03,matin,,,63,63381,1,5,6,3,3,Départementale,90.0,2
202400010837,2024-06-03,matin,,,42,42092,1,5,1,4,7,Autre,70.0,2
202400010838,2024-06-03,après-midi,,,41,41241,1,1,3,4,3,Départementale,90.0,1
202400010839,2024-06-02,matin,,,41,41002,2,2,7,4,3,Départementale,90.0,2
202400010840,2024-06-02,soirée,,,39,39367,2,3,1,4,2,Nationale,90.0,2
202400010841,2024-06-02,après-midi,,,25,25459,1,2,7,4,4,Voie communale,50.0,2
202400010842,2024-02-16,nuit,,,31,31517,3,3,6,4,3,Départementale,50.0,2
202400010843,2024-06-02,soirée,,,15,15069,2,2,3,4,2,Nationale,80.0,2
202400010844,2024-06-03,après-midi,,,15,15192,1,1,6,2,3,Départementale,90.0,1
202400010845,2024-06-02,après-midi,,,26,26086,1,1,3,3,3,Départementale,80.0,1
202400010846,2024-06-02,après-midi,,,58,58095,1,1,6,3,4,Voie communale,50.0,9
202400010847,2024-06-03,nuit,,,58,58046,3,1,6,4,3,Départementale,90.0,1
202400010848,2024-06-03,après-midi,,,06,06089,1,1,6,3,3,Départementale,70.0,1
202400010849,2024-06-02,soirée,,,14,14165,1,1,6,4,3,Départementale,80.0,1
202400010850,2024-06-02,nuit,,,14,14480,4,1,2,3,3,Départementale,50.0,1
202400010851,2024-06-03,après-midi,,,50,50350,1,1,1,4,4,Voie communale,80.0,1
202400010852,2024-06-02,matin,,,50,50084,1,1,2,4,3,Départementale,,1
202400010853,2024-06-02,après-midi,,,50,50412,1,1,7,3,3,Départementale,80.0,1
202400010854,2024-06-03,matin,,,60,60509,2,1,6,3,4,Voie communale,50.0,1
202400010855,2024-06-03,après-midi,,,18,18075,1,1,7,3,3,Départementale,80.0,1
202400010856,2024-06-03,matin,,,16,16280,1,1,2,4,3,Départementale,50.0,1
202400010857,2024-06-03,après-midi,,,07,07172,1,1,3,4,3,Départementale,90.0,1
202400010858,2024-06-02,après-midi,,,40,40243,1,1,3,4,3,Départementale,80.0,1
202400010859,2024-06-02,nuit,,,40,40265,3,1,6,3,3,Départementale,80.0,1
202400010860,2024-06-03,après-midi,,,30,30036,1,1,3,4,2,Nationale,70.0,1
202400010861,2024-06-03,après-midi,,,31,31091,1,1,6,4,1,Autoroute,50.0,1
202400010862,2024-06-02,matin,,,987,98738,1,1,3,3,2,Nationale,60.0,1
202400010863,2024-06-02,matin,,,01,01331,1,2,6,3,1,Autoroute,130.0,2
202400010864,2024-06-02,soirée,,,69,69244,1,2,3,4,7,Autre,50.0,2
202400010865,2024-06-03,matin,,,13,13025,1,1,2,3,1,Autoroute,110.0,1
202400010866,2024-06-03,nuit,,,27,27701,3,1,6,2,1,Autoroute,130.0,1
202400010867,2024-06-03,après-midi,,,13,13103,1,1,1,3,1,Autoroute,90.0,1
202400010868,2024-06-02,après-midi,,,972,97224,1,2,1,3,4,Voie communale,50.0,2
202400010869,2024-06-03,nuit,,,34,34209,3,1,7,4,3,Départementale,80.0,1
202400010870,2024-06-02,après-midi,,,38,38320,1,2,6,2,4,Voie communale,50.0,2
202400010871,2024-06-02,matin,,,07,07235,1,2,1,3,3,Départementale,90.0,2
202400010872,2024-06-02,après-midi,,,86,86104,1,8,6,3,3,Départementale,80.0,1
202400010873,2024-05-30,matin,,,85,85071,1,1,3,4,3,Départementale,80.0,1
202400010874,2024-06-03,après-midi,,,14,14609,1,1,5,4,2,Nationale,50.0,1
202400010875,2024-06-01,soirée,,,76,76728,1,8,1,3,3,Départementale,50.0,1
202400010876,2024-06-03,soirée,,,60,60282,1,1,1,4,3,Départementale,50.0,1
202400010877,2024-06-03,après-midi,,,80,80442,1,1,1,4,3,Départementale,80.0,1
202400010878,2024-06-03,après-midi,,,59,59252,1,1,3,3,7,Autre,,1
202400010879,2024-05-31,après-midi,,,13,13071,1,1,4,4,1,Autoroute,70.0,1
202400010880,2024-06-02,nuit,,,13,13106,3,1,2,4,1,Autoroute,90.0,1
202400010881,2024-10-16,après-midi,,,77,77291,1,1,1,4,3,Départementale,70.0,1
202400010882,2024-05-28,après-midi,,,67,67152,1,1,3,4,7,Autre,90.0,1
202400010883,2024-10-17,soirée,,,77,77374,3,2,7,4,3,Départementale,80.0,2
202400010884,2024-06-01,soirée,,,92,92072,2,2,7,4,2,Nationale,50.0,2
202400010885,2024-06-02,après-midi,,,93,93007,1,1,3,3,1,Autoroute,110.0,1
202400010886,2024-10-17,soirée,,,77,77284,5,1,3,3,3,Départementale,50.0,2
202400010887,2024-06-02,après-midi,,,95,95306,1,1,4,4,1,Autoroute,110.0,1
202400010888,2024-06-02,après-midi,,,95,95488,1,1,6,3,1,Autoroute,90.0,1
202400010889,2024-10-17,matin,,,77,77276,1,1,3,4,3,Départementale,80.0,1
202400010890,2024-06-01,soirée,,,93,93063,4,1,3,4,1,Autoroute,90.0,1
202400010891,2024-10-17,matin,,,77,77335,1,1,3,4,2,Nationale,90.0,1
202400010892,2024-06-02,nuit,,,94,94052,5,1,2,4,1,Autoroute,90.0,1
202400010893,2024-06-01,soirée,,,77,77468,3,2,6,4,1,Autoroute,70.0,2
202400010894,2024-10-17,matin,,,77,77131,1,1,3,4,3,Départementale,50.0,2
202400010895,2024-04-04,nuit,,,44,44109,1,1,6,4,4,Voie communale,30.0,1
202400010896,2024-04-04,après-midi,,,44,44109,1,8,7,4,4,Voie communale,30.0,1
202400010897,2024-10-17,matin,,,76,76451,2,2,6,4,4,Voie communale,50.0,2
202400010898,2024-04-03,après-midi,,,44,44109,1,8,2,4,4,Voie communale,30.0,1
202400010899,2024-04-01,après-midi,,,44,44162,1,8,6,4,4,Voie communale,50.0,1
202400010900,2024-10-17,après-midi,,,76,76351,1,1,7,4,4,Voie communale,50.0,1
202400010901,2024-04-01,après-midi,,,44,44109,1,8,3,4,4,Voie communale,50.0,1
202400010902,2024-10-16,après-midi,,,76,76351,1,1,6,3,4,Voie communale,30.0,1
202400010903,2024-03-31,nuit,,,29,29019,4,2,6,4,4,Voie communale,50.0,2
202400010904,2024-10-15,matin,,,76,76351,1,1,3,4,4,Voie communale,50.0,1
202400010905,2024-01-29,soirée,,,84,84031,2,1,3,4,4,Voie communale,50.0,1
202400010906,2024-10-17,matin,,,74,74118,2,3,6,4,4,Voie communale,30.0,2
202400010907,2024-01-26,matin,,,84,84031,1,1,6,4,4,Voie communale,30.0,1
202400010908,2024-01-16,soirée,,,84,84031,2,1,2,4,4,Voie communale,,1
202400010909,2024-02-17,après-midi,,,62,62139,1,7,3,4,3,Départementale,50.0,1
202400010910,2024-10-17,après-midi,,,71,71306,1,1,1,4,4,Voie communale,50.0,1
202400010911,2024-02-22,soirée,,,62,62040,2,1,6,4,3,Départementale,50.0,1
202400010912,2024-10-17,nuit,,,71,71306,5,1,6,4,4,Voie communale,50.0,1
202400010913,2024-02-05,après-midi,,,62,62765,2,1,1,4,4,Voie communale,50.0,1
202400010914,2024-10-17,matin,,,69,69266,1,3,6,4,4,Voie communale,50.0,4
202400010915,2024-03-05,soirée,,,74,74082,2,8,5,3,3,Départementale,50.0,2
202400010916,2024-10-16,matin,,,69,69264,1,2,6,3,6,Autre,50.0,2
202400010917,2024-10-16,après-midi,,,69,69276,1,1,6,3,7,Autre,50.0,1
202400010918,2024-06-01,après-midi,,,974,97411,1,1,3,4,4,Voie communale,50.0,1
202400010919,2024-10-17,matin,,,68,68066,1,1,3,4,3,Départementale,50.0,1
202400010920,2024-06-01,soirée,,,973,97302,3,1,3,4,4,Voie communale,50.0,1
202400010921,2024-10-17,soirée,,,67,67043,2,1,3,4,4,Voie communale,50.0,1
202400010922,2024-06-01,après-midi,,,69,69388,1,1,3,4,4,Voie communale,50.0,1
202400010923,2024-10-17,après-midi,,,67,67267,1,1,2,4,4,Voie communale,50.0,1
202400010924,2024-06-01,nuit,,,69,69386,5,1,3,4,4,Voie communale,50.0,1
202400010925,2024-10-16,après-midi,,,66,66136,1,1,3,3,4,Voie communale,50.0,1
202400010926,2024-05-31,après-midi,,,69,69383,1,1,3,3,4,Voie communale,50.0,1
202400010927,2024-10-16,après-midi,,,66,66136,1,1,6,4,4,Voie communale,50.0,1
202400010928,2024-06-01,nuit,,,2B,2B033,5,1,2,4,2,Nationale,70.0,1
202400010929,2024-10-16,après-midi,,,64,64260,1,1,6,4,4,Voie communale,30.0,1
202400010930,2024-06-01,matin,,,971,97113,1,1,1,4,2,Nationale,50.0,1
202400010931,2024-10-16,soirée,,,64,64102,1,1,3,4,3,Départementale,50.0,1
202400010932,2024-06-01,soirée,,,2A,2A004,1,1,6,4,2,Nationale,50.0,1
202400010933,2024-05-31,après-midi,,,2A,2A004,1,1,3,4,4,Voie communale,50.0,1
202400010934,2024-10-11,matin,,,60,60159,1,1,3,4,4,Voie communale,30.0,1
202400010935,2024-06-01,soirée,,,95,95277,1,1,3,4,4,Voie communale,50.0,1
202400010936,2024-06-01,après-midi,,,95,95203,1,2,3,4,4,Voie communale,50.0,2
202400010937,2024-10-17,après-midi,,,59,59599,1,2,1,4,4,Voie communale,10.0,2