Num_Acc,date,time_of_day,lat,long,dep,com,lum,atm,col,severity_index,catr,catr_label,vma,surf
202400010938,2024-06-02,nuit,,,84,84007,5,1,3,4,3,Départementale,50.0,1
202400010939,2024-09-15,après-midi,,,59,59220,1,1,3,4,4,Voie communale,50.0,1
202400010940,2024-06-01,nuit,,,83,83137,5,1,1,3,4,Voie communale,50.0,1
202400010941,2024-10-17,nuit,,,59,59431,5,2,6,3,3,Départementale,70.0,2
202400010942,2024-06-01,après-midi,,,82,82033,1,1,3,3,4,Voie communale,50.0,1
202400010943,2024-10-17,matin,,,56,56260,2,8,6,4,4,Voie communale,50.0,2
202400010944,2024-06-01,soirée,,,78,78440,2,1,3,4,3,Départementale,50.0,1
202400010945,2024-10-16,soirée,,,54,54357,5,1,3,4,4,Voie communale,50.0,1
202400010946,2024-06-01,nuit,,,78,78168,5,2,6,4,2,Nationale,,2
202400010947,2024-10-16,matin,,,54,54395,1,1,6,4,4,Voie communale,30.0,1
202400010948,2024-06-01,après-midi,,,77,77284,1,2,2,4,4,Voie communale,50.0,2
202400010949,2024-10-16,soirée,,,51,51454,5,1,3,4,4,Voie communale,50.0,1
202400010950,2024-06-01,soirée,,,69,69259,1,1,1,4,4,Voie communale,30.0,1
202400010951,2024-10-16,après-midi,,,51,51454,1,1,3,4,4,Voie communale,50.0,1
202400010952,2024-06-01,après-midi,,,67,67482,1,2,3,4,4,Voie communale,50.0,2
202400010953,2024-06-01,après-midi,,,64,64445,1,1,3,4,3,Départementale,50.0,1
202400010954,2024-10-16,après-midi,,,50,50129,1,3,3,4,3,Départementale,70.0,2
202400010955,2024-06-01,nuit,,,64,64102,3,1,2,4,4,Voie communale,50.0,1
202400010956,2024-05-31,après-midi,,,62,62826,1,2,3,4,4,Voie communale,50.0,2
202400010957,2024-10-14,après-midi,,,50,50129,1,1,2,4,4,Voie communale,30.0,2
202400010958,2024-06-01,nuit,,,62,62510,3,2,3,4,3,Départementale,80.0,2
202400010959,2024-10-16,après-midi,,,49,49246,1,2,2,4,4,Voie communale,50.0,2
202400010960,2024-05-27,soirée,,,54,54431,1,1,2,4,3,Départementale,50.0,1
202400010961,2024-05-31,après-midi,,,54,54525,1,1,1,4,3,Départementale,80.0,1
202400010962,2024-10-16,matin,,,49,49007,1,1,6,4,4,Voie communale,30.0,1
202400010963,2024-06-01,matin,,,54,54099,1,1,2,4,3,Départementale,80.0,1
202400010964,2024-10-17,soirée,,,48,48095,5,2,7,3,2,Nationale,50.0,2
202400010965,2024-06-01,matin,,,51,51474,1,1,6,4,4,Voie communale,30.0,1
202400010966,2024-05-29,après-midi,,,50,50147,1,1,4,4,3,Départementale,80.0,1
202400010967,2024-10-17,après-midi,,,47,47001,1,3,2,4,4,Voie communale,50.0,4
202400010968,2024-06-01,soirée,,,45,45338,1,2,1,4,3,Départementale,50.0,2
202400010969,2024-10-17,soirée,,,44,44184,5,1,3,4,4,Voie communale,50.0,1
202400010970,2024-10-17,soirée,,,38,38185,5,3,1,3,4,Voie communale,50.0,2
202400010971,2024-05-31,soirée,,,45,45208,1,2,5,4,3,Départementale,50.0,2
202400010972,2024-05-31,soirée,,,45,45208,1,2,3,4,4,Voie communale,50.0,2
202400010973,2024-10-16,après-midi,,,38,38053,1,1,3,4,4,Voie communale,50.0,1
202400010974,2024-05-31,soirée,,,45,45004,1,2,6,4,3,Départementale,110.0,2
202400010975,2024-06-01,matin,,,43,43157,1,1,6,4,6,Autre,50.0,1
202400010976,2024-09-18,soirée,,,37,37261,1,1,3,4,4,Voie communale,50.0,1
202400010977,2024-10-17,matin,,,37,37261,5,2,3,4,4,Voie communale,50.0,2
202400010978,2024-06-01,nuit,,,42,42044,4,1,1,4,7,Autre,50.0,1
202400010979,2024-10-16,matin,,,37,37233,1,1,3,4,4,Voie communale,50.0,1
202400010980,2024-06-01,après-midi,,,38,38185,1,8,6,3,4,Voie communale,50.0,1
202400010981,2024-05-13,matin,,,34,34108,1,1,3,4,4,Voie communale,30.0,1
202400010982,2024-10-16,matin,,,37,37233,5,8,3,4,4,Voie communale,50.0,2
202400010983,2024-05-05,après-midi,,,34,34301,1,1,3,4,4,Voie communale,20.0,1
202400010984,2024-10-16,après-midi,,,34,34172,1,1,6,4,4,Voie communale,30.0,1
202400010985,2024-06-01,nuit,,,31,31555,5,1,6,3,7,Autre,50.0,1
202400010986,2024-06-01,après-midi,,,31,31555,1,1,6,4,4,Voie communale,30.0,1
202400010987,2024-10-16,après-midi,,,34,34032,1,1,7,3,4,Voie communale,50.0,1
202400010988,2024-06-01,matin,,,31,31555,1,1,6,2,4,Voie communale,30.0,1
202400010989,2024-10-17,matin,,,33,33200,2,3,3,4,4,Voie communale,30.0,2
202400010990,2024-06-01,nuit,,,28,28085,5,1,3,4,3,Départementale,50.0,2
202400010991,2024-10-17,nuit,,,31,31555,5,1,7,4,4,Voie communale,50.0,1
202400010992,2024-06-01,matin,,,26,26362,1,1,7,4,4,Voie communale,70.0,1
202400010993,2024-06-01,après-midi,,,17,17415,1,1,7,4,2,Nationale,90.0,1
202400010994,2024-10-16,soirée,,,29,29019,1,2,3,4,4,Voie communale,50.0,2
202400010995,2024-06-01,nuit,,,17,17415,5,1,2,4,4,Voie communale,50.0,1
202400010996,2024-10-16,matin,,,29,29019,1,2,6,4,4,Voie communale,30.0,2
202400010997,2024-06-01,nuit,,,13,13210,5,1,2,4,4,Voie communale,50.0,1
202400010998,2024-06-01,soirée,,,13,13208,1,1,3,4,4,Voie communale,50.0,1
202400010999,2024-10-17,matin,,,19,19031,1,3,6,4,4,Voie communale,50.0,2
202400011000,2024-06-01,après-midi,,,13,13211,1,1,3,3,4,Voie communale,50.0,1
202400011001,2024-10-14,après-midi,,,14,14437,1,1,2,4,2,Nationale,70.0,1
202400011002,2024-06-01,nuit,,,13,13211,5,1,3,4,3,Départementale,50.0,1
202400011003,2024-06-01,après-midi,,,11,11262,1,1,6,4,4,Voie communale,50.0,1
202400011004,2024-10-17,après-midi,,,13,13212,1,1,1,4,4,Voie communale,50.0,1
202400011005,2024-06-01,matin,,,11,11262,1,1,6,4,3,Départementale,30.0,1
202400011006,2024-10-17,après-midi,,,13,13210,1,1,2,4,9,Autre,50.0,1
202400011007,2024-05-31,après-midi,,,11,11069,1,1,3,4,3,Départementale,50.0,1
202400011008,2024-10-16,après-midi,,,13,13214,1,1,3,4,4,Voie communale,50.0,1
202400011009,2024-06-01,après-midi,,,01,01053,1,8,3,4,4,Voie communale,50.0,1
202400011010,2024-10-16,après-midi,,,10,10387,1,1,3,4,4,Voie communale,50.0,1
202400011011,2024-06-01,soirée,,,75,75118,2,2,3,4,4,Voie communale,70.0,2
202400011012,2024-06-01,après-midi,,,75,75105,1,2,3,3,4,Voie communale,30.0,2
202400011013,2024-10-17,matin,,,03,03310,2,1,3,4,4,Voie communale,50.0,1
202400011014,2024-06-01,après-midi,,,75,75117,1,1,6,3,4,Voie communale,50.0,1
202400011015,2024-10-16,après-midi,,,03,03190,1,1,6,4,4,Voie communale,50.0,1
202400011016,2024-06-01,après-midi,,,75,75115,1,2,3,4,4,Voie communale,30.0,2
202400011017,2024-10-17,matin,,,75,75113,1,1,2,4,4,Voie communale,50.0,1
202400011018,2024-06-01,nuit,,,75,75115,5,1,3,4,4,Voie communale,30.0,2
202400011019,2024-10-17,matin,,,75,75112,1,1,3,4,4,Voie communale,50.0,1
202400011020,2024-05-31,après-midi,,,75,75114,1,1,3,4,4,Voie communale,30.0,1
202400011021,2024-10-16,soirée,,,75,75114,2,1,3,4,4,Voie communale,50.0,1
202400011022,2024-06-01,après-midi,,,75,75113,1,2,6,4,4,Voie communale,30.0,2
202400011023,2024-10-17,après-midi,,,75,75106,1,2,6,4,4,Voie communale,30.0,2
202400011024,2024-10-16,après-midi,,,75,75120,1,1,3,4,4,Voie communale,30.0,1
202400011025,2024-06-01,après-midi,,,75,75112,1,2,6,4,4,Voie communale,30.0,2
202400011026,2024-10-16,après-midi,,,75,75120,1,1,6,4,4,Voie communale,30.0,1
202400011027,2024-06-01,après-midi,,,75,75109,1,2,2,4,4,Voie communale,30.0,2
202400011028,2024-10-17,après-midi,,,75,75119,1,2,7,4,4,Voie communale,30.0,2
202400011029,2024-06-01,soirée,,,75,75108,1,8,1,4,4,Voie communale,50.0,1
202400011030,2024-10-17,nuit,,,75,75119,5,1,3,4,4,Voie communale,30.0,1
202400011031,2024-05-31,nuit,,,94,94081,5,9,3,4,3,Départementale,50.0,2
202400011032,2024-10-16,après-midi,,,75,75119,1,1,2,4,4,Voie communale,50.0,1
202400011033,2024-10-17,après-midi,,,75,75118,2,3,3,4,4,Voie communale,30.0,3
202400011034,2024-06-01,nuit,,,94,94046,5,2,1,4,4,Voie communale,50.0,2
202400011035,2024-10-17,après-midi,,,75,75116,1,2,3,4,4,Voie communale,30.0,2
202400011036,2024-06-01,après-midi,,,94,94011,1,2,6,4,4,Voie communale,50.0,2
202400011037,2024-10-17,matin,,,75,75116,1,1,5,4,4,Voie communale,50.0,1
202400011038,2024-06-01,après-midi,,,94,94075,1,2,3,4,3,Départementale,50.0,2
202400011039,2024-06-01,matin,,,94,94071,2,2,3,3,4,Voie communale,50.0,2
202400011040,2024-10-17,soirée,,,75,75115,5,2,3,4,4,Voie communale,50.0,2
202400011041,2024-10-16,après-midi,,,75,75115,1,1,3,4,4,Voie communale,30.0,1
202400011042,2024-06-01,après-midi,,,93,93071,1,2,3,4,4,Voie communale,50.0,2
202400011043,2024-05-31,soirée,,,93,93047,1,1,2,4,4,Voie communale,50.0,1
202400011044,2024-10-16,soirée,,,75,75112,2,1,3,4,4,Voie communale,50.0,1
202400011045,2024-06-01,nuit,,,92,92062,5,2,7,4,3,Départementale,50.0,2
202400011046,2024-10-17,après-midi,,,75,75111,1,8,3,4,4,Voie communale,30.0,2
202400011047,2024-06-01,soirée,,,92,92026,2,2,2,4,4,Voie communale,50.0,2
202400011048,2024-10-17,matin,,,75,75110,1,1,6,4,4,Voie communale,30.0,1
202400011049,2024-06-02,nuit,,,33,33243,3,1,6,3,3,Départementale,70.0,1
202400011050,2024-10-17,soirée,,,75,75108,5,2,3,4,4,Voie communale,30.0,2
202400011051,2024-06-02,matin,,,39,39208,2,3,6,2,2,Nationale,80.0,2
202400011052,2024-10-17,après-midi,,,75,75107,1,3,6,3,4,Voie communale,30.0,2
202400011053,2024-10-17,nuit,,,75,75101,5,2,3,4,4,Voie communale,30.0,2
202400011054,2024-05-31,nuit,,,08,08067,5,1,2,4,3,Départementale,50.0,1
202400011055,2024-10-17,nuit,,,94,94078,3,1,6,4,2,Nationale,50.0,1
202400011056,2024-06-02,après-midi,,,71,71214,1,2,7,3,4,Voie communale,80.0,2
202400011057,2024-10-17,soirée,,,94,94073,5,2,3,4,4,Voie communale,50.0,2
202400011058,2024-06-01,matin,,,33,33002,1,1,3,4,3,Départementale,80.0,1
202400011059,2024-10-17,matin,,,94,94065,1,1,3,4,4,Voie communale,,1
202400011060,2024-06-02,nuit,,,49,49092,3,1,6,3,3,Départementale,50.0,1
202400011061,2024-10-17,matin,,,94,94022,1,2,6,4,4,Voie communale,30.0,2
202400011062,2024-06-01,soirée,,,68,68043,2,2,1,3,4,Voie communale,50.0,2
202400011063,2024-10-17,matin,,,92,92064,1,2,2,4,3,Départementale,30.0,2
202400011064,2024-06-02,nuit,,,60,60527,3,2,6,4,3,Départementale,50.0,2
202400011065,2024-10-17,après-midi,,,92,92051,1,2,6,4,4,Voie communale,50.0,2
202400011066,2024-05-31,soirée,,,974,97413,3,1,1,3,3,Départementale,50.0,1
202400011067,2024-10-17,soirée,,,92,92044,5,2,3,4,4,Voie communale,50.0,2
202400011068,2024-06-01,après-midi,,,62,62289,1,1,3,4,3,Départementale,50.0,1
202400011069,2024-10-17,matin,,,92,92040,1,8,7,4,4,Voie communale,30.0,1
202400011070,2024-06-02,après-midi,,,62,62524,1,1,3,3,3,Départementale,50.0,1
202400011071,2024-10-17,soirée,,,92,92024,5,3,7,4,3,Départementale,30.0,2
202400011072,2024-10-17,soirée,,,92,92012,5,2,7,4,3,Départementale,50.0,2
202400011073,2024-05-29,après-midi,,,59,59074,1,8,3,3,3,Départementale,50.0,2
202400011074,2024-06-01,soirée,,,74,74225,1,1,6,3,4,Voie communale,30.0,1
202400011075,2024-10-17,matin,,,92,92012,1,2,1,3,3,Départementale,30.0,2
202400011076,2024-05-30,après-midi,,,71,71073,1,1,1,4,3,Départementale,50.0,1
202400011077,2024-10-17,matin,,,92,92002,5,8,3,4,4,Voie communale,50.0,2
202400011078,2024-10-17,soirée,,,37,37271,5,2,1,4,3,Départementale,50.0,2
202400011079,2024-05-31,matin,,,71,71543,1,1,3,4,3,Départementale,50.0,1
202400011080,2024-05-28,après-midi,,,61,61037,1,2,7,4,3,Départementale,90.0,2
202400011081,2024-10-16,après-midi,,,35,35239,1,1,1,4,4,Voie communale,50.0,1
202400011082,2024-10-17,après-midi,,,49,49244,1,1,6,2,3,Départementale,80.0,1
202400011083,2024-06-02,nuit,,,55,55348,2,8,7,3,4,Voie communale,70.0,2
202400011084,2024-06-02,nuit,,,12,12208,3,1,7,3,4,Voie communale,50.0,1
202400011085,2024-10-18,matin,,,34,34148,1,2,3,3,3,Départementale,,2
202400011086,2024-06-02,après-midi,,,39,39397,1,2,3,3,3,Départementale,50.0,2
202400011087,2024-10-14,soirée,,,2A,2A276,3,1,1,3,3,Départementale,80.0,1
202400011088,2024-10-17,matin,,,26,26338,1,2,7,3,3,Départementale,,2
202400011089,2024-06-01,après-midi,,,44,44069,1,1,4,3,3,Départementale,80.0,1
202400011090,2024-10-16,matin,,,76,76503,1,1,6,3,1,Autoroute,130.0,1
202400011091,2024-06-01,matin,,,44,44130,2,1,5,4,3,Départementale,80.0,1
202400011092,2024-10-17,soirée,,,31,31163,3,3,5,2,7,Autre,80.0,2
202400011093,2024-05-31,matin,,,29,29212,1,1,2,3,4,Voie communale,50.0,1
202400011094,2024-10-18,après-midi,,,21,21599,1,1,2,4,1,Autoroute,130.0,1
202400011095,2024-05-31,soirée,,,29,29061,1,1,3,4,4,Voie communale,30.0,1
202400011096,2024-10-12,matin,,,67,67426,1,7,2,4,3,Départementale,50.0,1
202400011097,2024-10-17,soirée,,,46,46227,2,3,6,3,3,Départementale,80.0,2
202400011098,2024-06-01,soirée,,,02,02141,1,2,3,4,3,Départementale,70.0,2
202400011099,2024-10-18,après-midi,,,01,01354,1,1,2,3,3,Départementale,80.0,1
202400011100,2024-06-01,nuit,,,02,02060,3,2,1,4,3,Départementale,50.0,2
202400011101,2024-10-16,soirée,,,19,19072,3,2,3,4,1,Autoroute,110.0,2
202400011102,2024-06-02,après-midi,,,03,03108,1,5,6,2,3,Départementale,90.0,2
202400011103,2024-10-17,soirée,,,56,56039,2,1,1,3,3,Départementale,80.0,1
202400011104,2024-05-31,nuit,,,01,01420,3,1,6,3,3,Départementale,50.0,2
202400011105,2024-10-16,matin,,,56,56010,1,2,3,4,4,Voie communale,50.0,2
202400011106,2024-06-02,après-midi,,,07,07197,1,2,1,4,3,Départementale,90.0,2
202400011107,2024-06-02,matin,,,27,27037,1,1,3,3,3,Départementale,80.0,1
202400011108,2024-10-18,après-midi,,,69,69214,1,1,5,3,3,Départementale,,1
202400011109,2024-06-02,nuit,,,38,38310,3,1,6,4,1,Autoroute,130.0,2
202400011110,2024-10-15,soirée,,,12,12077,3,2,1,3,3,Départementale,90.0,2
202400011111,2024-06-02,soirée,,,13,13029,1,1,3,4,3,Départementale,80.0,1
202400011112,2024-10-17,soirée,,,34,34332,3,2,6,3,3,Départementale,80.0,2
202400011113,2024-10-07,matin,,,22,22248,2,1,3,3,3,Départementale,50.0,1
202400011114,2024-06-01,après-midi,,,21,21054,1,2,5,4,1,Autoroute,130.0,2
202400011115,2024-10-18,nuit,,,39,39470,3,2,6,4,2,Nationale,70.0,2
202400011116,2024-06-02,nuit,,,974,97403,2,1,1,4,3,Départementale,70.0,1
202400011117,2024-10-18,matin,,,39,39191,1,3,1,4,3,Départementale,90.0,2
202400011118,2024-06-02,après-midi,,,06,06128,1,1,1,3,3,Départementale,80.0,1
202400011119,2024-10-15,après-midi,,,44,44003,1,2,3,4,4,Voie communale,50.0,2
202400011120,2024-10-17,soirée,,,29,29054,3,1,7,3,3,Départementale,80.0,1
202400011121,2024-06-01,nuit,,,03,03298,3,3,1,3,2,Nationale,80.0,2
202400011122,2024-10-18,matin,,,29,29072,1,1,3,4,4,Voie communale,50.0,1
202400011123,2024-10-18,matin,,,02,02468,2,5,7,4,3,Départementale,80.0,2
202400011124,2024-06-01,matin,,,07,07087,1,1,3,4,3,Départementale,90.0,1
202400011125,2024-10-18,matin,,,15,15135,1,2,6,3,3,Départementale,70.0,2
202400011126,2024-06-01,matin,,,33,33433,2,1,6,3,3,Départementale,30.0,1
202400011127,2024-10-18,matin,,,70,70044,2,1,6,4,3,Départementale,80.0,1
202400011128,2024-06-01,nuit,,,14,14663,5,1,7,4,4,Voie communale,30.0,1
202400011129,2024-10-17,soirée,,,66,66149,2,8,7,2,3,Départementale,,1
202400011130,2024-06-01,matin,,,29,29255,1,1,7,4,3,Départementale,80.0,1
202400011131,2024-10-17,soirée,,,50,50523,1,7,4,3,3,Départementale,50.0,1
202400011132,2024-10-18,matin,,,50,50453,2,5,6,4,3,Départementale,80.0,2
202400011133,2024-06-01,nuit,,,59,59419,3,1,6,3,3,Départementale,50.0,2
202400011134,2024-10-17,nuit,,,45,45203,3,3,6,3,3,Départementale,80.0,2
202400011135,2024-06-01,nuit,,,91,91103,3,2,2,3,2,Nationale,110.0,2
202400011136,2024-10-17,matin,,,40,40224,1,3,6,3,3,Départementale,50.0,2
202400011137,2024-06-01,nuit,,,91,91103,3,2,2,4,2,Nationale,110.0,2
202400011138,2024-10-18,après-midi,,,17,17166,1,1,7,2,4,Voie communale,80.0,1
202400011139,2024-06-01,soirée,,,92,92036,1,1,2,4,1,Autoroute,90.0,2
202400011140,2024-05-31,soirée,,,92,92063,1,8,6,4,1,Autoroute,90.0,2
202400011141,2024-10-17,soirée,,,87,87090,3,3,3,4,3,Départementale,80.0,2
202400011142,2024-05-31,après-midi,,,92,92019,1,8,3,4,2,Nationale,90.0,2
202400011143,2024-10-18,après-midi,,,87,87116,1,2,3,3,2,Nationale,80.0,2
202400011144,2024-06-01,après-midi,,,93,93078,1,2,3,4,1,Autoroute,90.0,2
202400011145,2024-10-18,matin,,,30,30146,3,8,4,4,3,Départementale,80.0,2
202400011146,2024-06-01,nuit,,,95,95018,3,2,2,4,1,Autoroute,90.0,2
202400011147,2024-10-17,matin,,,987,98734,1,1,3,3,4,Voie communale,60.0,1
202400011148,2024-06-01,nuit,,,93,93064,3,2,6,4,1,Autoroute,50.0,2
202400011149,2024-10-17,après-midi,,,19,19180,1,3,6,4,1,Autoroute,110.0,3
202400011150,2024-06-01,nuit,,,95,95582,3,3,6,4,1,Autoroute,90.0,2
202400011151,2024-10-17,matin,,,49,49030,1,8,7,3,1,Autoroute,130.0,2
202400011152,2024-10-16,après-midi,,,78,78043,1,1,1,4,3,Départementale,50.0,1
202400011153,2024-10-17,après-midi,,,971,97103,1,1,3,3,2,Nationale,90.0,1
202400011154,2024-10-18,nuit,,,77,77520,3,3,2,3,1,Autoroute,130.0,2
202400011155,2024-10-18,soirée,,,71,71052,2,1,3,3,3,Départementale,50.0,1
202400011156,2024-10-18,après-midi,,,88,88131,1,1,1,2,3,Départementale,70.0,1
202400011157,2024-10-18,après-midi,,,81,81140,1,2,6,3,3,Départementale,90.0,2
202400011158,2024-10-16,après-midi,,,31,31429,1,8,1,4,3,Départementale,70.0,1
202400011159,2024-10-17,matin,,,17,17100,3,8,3,3,3,Départementale,80.0,6
202400011160,2024-10-17,après-midi,,,50,50041,1,1,1,4,3,Départementale,80.0,1
202400011161,2024-10-17,après-midi,,,29,29057,1,1,3,3,3,Départementale,70.0,1
202400011162,2024-10-17,nuit,,,22,22245,4,2,7,3,3,Départementale,110.0,2
202400011163,2024-10-17,matin,,,35,35244,1,1,3,4,3,Départementale,80.0,1
202400011164,2024-10-07,soirée,,,27,27020,2,2,1,4,4,Voie communale,50.0,2
202400011165,2024-10-18,après-midi,,,76,76057,1,1,6,3,4,Voie communale,50.0,1
202400011166,2024-10-17,matin,,,59,59117,1,1,1,3,3,Départementale,50.0,1
202400011167,2024-10-17,soirée,,,13,13071,1,2,2,4,1,Autoroute,90.0,2
202400011168,2024-10-15,après-midi,,,59,59350,1,1,2,3,1,Autoroute,70.0,1
202400011169,2024-10-17,nuit,,,92,92048,3,2,3,4,2,Nationale,90.0,2
202400011170,2024-10-16,soirée,,,92,92036,4,1,2,4,1,Autoroute,90.0,1
202400011171,2024-10-16,matin,,,92,92062,1,1,2,4,1,Autoroute,70.0,1
202400011172,2024-10-16,matin,,,95,95582,1,1,2,4,1,Autoroute,70.0,1
202400011173,2024-10-16,matin,,,95,95018,1,1,2,3,1,Autoroute,90.0,1
202400011174,2024-10-15,soirée,,,95,95018,3,2,6,4,1,Autoroute,50.0,2
202400011175,2024-10-17,matin,,,94,94052,2,2,3,4,1,Autoroute,90.0,2
202400011176,2024-10-16,soirée,,,77,77468,3,3,4,4,1,Autoroute,110.0,2
202400011177,2024-10-16,soirée,,,94,94074,1,1,2,4,2,Nationale,90.0,1
202400011178,2024-10-16,matin,,,94,94004,1,1,5,4,2,Nationale,90.0,1
202400011179,2024-10-17,matin,,,93,93073,1,1,3,4,4,Voie communale,50.0,1
202400011180,2024-10-17,après-midi,,,93,93053,1,2,3,4,3,Départementale,50.0,2
202400011181,2024-10-17,après-midi,,,93,93051,1,8,3,4,3,Départementale,50.0,2
202400011182,2024-10-17,après-midi,,,93,93048,1,8,3,3,3,Départementale,30.0,2
202400011183,2024-10-17,nuit,,,93,93006,5,3,3,4,3,Départementale,50.0,2
202400011184,2024-10-17,après-midi,,,93,93047,1,3,6,4,4,Voie communale,50.0,2
202400011185,2024-08-10,après-midi,,,38,38289,1,1,6,4,3,Départementale,50.0,1
202400011186,2024-07-30,soirée,,,38,38179,1,1,2,4,7,Autre,50.0,1
202400011187,2024-07-16,matin,,,38,38151,2,1,3,3,4,Voie communale,50.0,2
202400011188,2024-07-10,soirée,,,38,38185,1,1,6,4,4,Voie communale,30.0,1
202400011189,2024-07-05,après-midi,,,38,38185,1,1,7,4,4,Voie communale,30.0,1
202400011190,2024-06-30,après-midi,,,38,38185,1,1,3,3,4,Voie communale,50.0,1
202400011191,2024-06-26,matin,,,38,38421,1,1,6,4,7,Autre,50.0,1
202400011192,2024-08-07,soirée,,,74,74286,1,1,7,3,3,Départementale,70.0,1
202400011193,2024-07-18,matin,,,74,74276,1,1,5,3,3,Départementale,80.0,1
202400011194,2024-07-20,soirée,,,74,74249,1,1,3,4,3,Départementale,80.0,1
202400011195,2024-08-06,matin,,,74,74280,1,1,3,3,3,Départementale,80.0,1
202400011196,2024-07-30,matin,,,74,74311,1,1,1,3,4,Voie communale,50.0,1
202400011197,2024-07-29,après-midi,,,74,74196,1,1,7,3,3,Départementale,80.0,1
202400011198,2024-07-28,matin,,,74,74257,1,1,3,3,3,Départementale,,1
202400011199,2024-08-03,nuit,,,74,74236,3,1,7,3,3,Départementale,,1
202400011200,2024-08-03,après-midi,,,74,74026,1,1,1,4,3,Départementale,80.0,1
202400011201,2024-08-06,après-midi,,,74,74002,1,1,1,4,3,Départementale,50.0,1
202400011202,2024-08-06,matin,,,74,74127,1,1,1,2,3,Départementale,80.0,1
202400011203,2024-08-04,matin,,,74,74123,2,1,6,4,4,Voie communale,,1
202400011204,2024-08-01,nuit,,,74,74275,5,1,3,3,3,Départementale,50.0,1
202400011205,2024-08-02,après-midi,,,74,74173,1,1,6,3,3,Départementale,50.0,1
202400011206,2024-07-22,après-midi,,,74,74256,1,1,7,4,3,Départementale,50.0,1
202400011207,2024-06-08,après-midi,,,74,74308,1,1,3,4,3,Départementale,50.0,1
202400011208,2024-06-02,soirée,,,74,74073,2,2,6,4,3,Départementale,80.0,2
202400011209,2024-06-20,soirée,,,84,84031,1,1,2,4,3,Départementale,,1
202400011210,2024-10-07,soirée,,,44,44162,5,1,7,4,4,Voie communale,50.0,1
202400011211,2024-10-16,matin,,,974,97416,2,1,3,4,4,Voie communale,50.0,1
202400011212,2024-10-16,après-midi,,,974,97411,1,1,6,4,4,Voie communale,30.0,1
202400011213,2024-10-16,matin,,,974,97411,1,1,6,4,2,Nationale,70.0,1
202400011214,2024-10-16,matin,,,974,97411,1,1,6,4,3,Départementale,50.0,1
202400011215,2024-10-16,après-midi,,,973,97302,1,1,6,4,3,Départementale,50.0,1
202400011216,2024-10-16,matin,,,973,97302,1,1,5,4,3,Départementale,50.0,1
202400011217,2024-10-16,matin,,,973,97302,1,1,2,4,2,Nationale,90.0,1
202400011218,2024-03-17,soirée,,,38,38218,3,1,7,3,3,Départementale,90.0,1
202400011219,2024-03-18,matin,,,72,72054,1,2,1,4,3,Départementale,80.0,2
202400011220,2024-03-17,soirée,,,06,06059,5,1,5,4,7,Autre,80.0,2
202400011221,2024-03-17,soirée,,,14,14123,1,1,7,3,4,Voie communale,50.0,1
202400011222,2024-03-18,après-midi,,,50,50087,1,1,1,4,3,Départementale,80.0,1
202400011223,2024-02-27,après-midi,,,45,45103,2,1,7,3,3,Départementale,80.0,1
202400011224,2024-03-18,après-midi,,,07,07078,1,8,2,4,3,Départementale,50.0,2
202400011225,2024-03-15,matin,,,40,40110,1,1,6,3,3,Départementale,50.0,1
202400011226,2024-03-18,soirée,,,27,27658,2,1,3,3,3,Départementale,,1
202400011227,2024-03-15,après-midi,,,17,17043,1,1,3,4,3,Départementale,90.0,1
202400011228,2024-03-18,matin,,,23,23008,1,1,6,3,3,Départementale,50.0,1
202400011229,2024-03-17,après-midi,,,87,87089,1,2,7,3,3,Départementale,90.0,2
202400011230,2024-03-18,matin,,,37,37234,1,1,1,3,3,Départementale,80.0,2
202400011231,2024-03-15,soirée,,,30,30133,5,1,7,3,4,Voie communale,30.0,1
202400011232,2024-03-18,nuit,,,973,97307,3,1,1,2,2,Nationale,70.0,1
202400011233,2024-03-18,matin,,,31,31187,1,1,6,2,3,Départementale,50.0,1
202400011234,2024-03-17,après-midi,,,30,30347,1,1,1,4,3,Départementale,80.0,1
202400011235,2024-03-17,soirée,,,978,97801,5,1,1,4,2,Nationale,50.0,1
202400011236,2024-03-15,nuit,,,69,69244,3,1,3,4,7,Autre,50.0,1
202400011237,2024-03-18,matin,,,06,06018,2,1,3,3,3,Départementale,50.0,1
202400011238,2024-03-16,soirée,,,987,98715,5,1,3,3,2,Nationale,30.0,1
202400011239,2024-03-18,matin,,,38,38466,1,2,2,4,3,Départementale,90.0,2
202400011240,2024-03-17,nuit,,,13,13032,2,1,7,3,3,Départementale,50.0,1
202400011241,2024-03-12,matin,,,62,62323,2,1,6,3,1,Autoroute,130.0,1
202400011242,2024-03-17,après-midi,,,987,98714,1,1,3,3,2,Nationale,60.0,1
202400011243,2024-03-17,nuit,,,987,98754,4,1,1,3,2,Nationale,50.0,1
202400011244,2024-03-15,soirée,,,971,97117,2,1,3,4,3,Départementale,50.0,1
202400011245,2024-03-13,après-midi,,,13,13087,1,1,3,4,3,Départementale,80.0,1
202400011246,2024-03-17,soirée,,,37,37281,5,8,1,4,3,Départementale,50.0,2
202400011247,2024-03-17,soirée,,,71,71342,5,2,6,4,3,Départementale,50.0,2
202400011248,2024-03-18,après-midi,,,73,73179,1,1,1,3,4,Voie communale,30.0,1
202400011249,2024-03-18,matin,,,38,38012,1,1,6,2,3,Départementale,70.0,1
202400011250,2024-03-18,après-midi,,,26,26377,1,1,7,2,3,Départementale,80.0,1