Num_Acc,date,time_of_day,lat,long,dep,com,lum,atm,col,severity_index,catr,catr_label,vma,surf
202400011251,2024-03-17,soirée,,,60,60282,3,1,2,3,3,Départementale,80.0,1
202400011252,2024-03-17,après-midi,,,13,13005,1,1,2,4,1,Autoroute,90.0,1
202400011253,2024-03-17,soirée,,,42,42330,3,1,2,4,1,Autoroute,90.0,1
202400011254,2024-03-17,après-midi,,,91,91136,1,1,6,4,1,Autoroute,70.0,2
202400011255,2024-03-17,matin,,,91,91179,1,2,2,4,1,Autoroute,110.0,2
202400011256,2024-03-17,soirée,,,95,95682,3,1,6,4,2,Nationale,110.0,2
202400011257,2024-03-17,après-midi,,,93,93064,1,8,2,4,1,Autoroute,90.0,2
202400011258,2024-03-17,après-midi,,,95,95582,1,2,6,4,1,Autoroute,110.0,2
202400011259,2024-03-17,nuit,,,93,93053,3,1,6,2,1,Autoroute,50.0,1
202400011260,2024-03-16,nuit,,,93,93007,3,1,5,4,1,Autoroute,90.0,1
202400011261,2024-03-16,après-midi,,,95,95018,1,1,2,4,1,Autoroute,110.0,1
202400011262,2024-03-17,après-midi,,,77,77122,2,1,6,4,2,Nationale,90.0,2
202400011263,2024-03-17,nuit,,,94,94018,3,1,6,4,1,Autoroute,90.0,1
202400011264,2024-03-16,soirée,,,92,92025,3,1,3,4,3,Départementale,30.0,1
202400011265,2024-03-15,soirée,,,44,44109,5,1,1,4,4,Voie communale,50.0,1
202400011266,2024-03-16,après-midi,,,974,97416,1,1,3,4,4,Voie communale,50.0,1
202400011267,2024-03-16,matin,,,974,97411,1,1,2,4,2,Nationale,50.0,1
202400011268,2024-07-04,après-midi,,,44,44109,1,1,3,4,4,Voie communale,30.0,1
202400011269,2024-03-16,après-midi,,,974,97411,1,1,6,4,4,Voie communale,50.0,1
202400011270,2024-03-16,après-midi,,,69,69385,1,1,1,4,4,Voie communale,30.0,1
202400011271,2024-07-04,nuit,,,43,43002,5,1,1,4,3,Départementale,50.0,1
202400011272,2024-07-03,nuit,,,41,41269,3,1,6,4,4,Voie communale,50.0,1
202400011273,2024-03-16,soirée,,,2B,2B120,5,1,2,4,2,Nationale,50.0,1
202400011274,2024-07-04,après-midi,,,38,38053,1,1,6,4,4,Voie communale,30.0,1
202400011275,2024-07-04,matin,,,37,37233,1,1,7,4,4,Voie communale,30.0,2
202400011276,2024-03-16,après-midi,,,2B,2B120,1,1,2,4,3,Départementale,50.0,1
202400011277,2024-07-04,matin,,,36,36044,1,1,2,4,4,Voie communale,50.0,1
202400011278,2024-03-16,soirée,,,95,95428,2,1,1,4,4,Voie communale,50.0,1
202400011279,2024-07-04,après-midi,,,34,34129,1,1,6,4,4,Voie communale,20.0,1
202400011280,2024-03-16,après-midi,,,91,91477,1,1,1,4,3,Départementale,,1
202400011281,2024-03-16,nuit,,,91,91027,3,2,1,4,3,Départementale,50.0,2
202400011282,2024-06-30,soirée,,,34,34172,2,1,4,4,4,Voie communale,50.0,1
202400011283,2024-03-16,soirée,,,91,91589,5,1,1,3,3,Départementale,50.0,1
202400011284,2024-03-15,matin,,,83,83069,1,1,6,3,3,Départementale,50.0,1
202400011285,2024-07-04,après-midi,,,34,34003,1,1,2,4,4,Voie communale,30.0,1
202400011286,2024-03-16,après-midi,,,78,78418,1,1,3,4,4,Voie communale,50.0,1
202400011287,2024-07-04,après-midi,,,33,33063,1,1,3,3,4,Voie communale,50.0,1
202400011288,2024-03-16,soirée,,,77,77373,5,1,3,4,4,Voie communale,50.0,1
202400011289,2024-07-03,soirée,,,33,33281,1,1,6,3,4,Voie communale,50.0,1
202400011290,2024-07-03,soirée,,,33,33200,1,1,7,4,4,Voie communale,50.0,1
202400011291,2024-03-14,après-midi,,,77,77288,1,1,6,4,4,Voie communale,50.0,1
202400011292,2024-07-04,matin,,,31,31555,1,1,3,4,7,Autre,50.0,1
202400011293,2024-03-16,soirée,,,77,77449,5,1,6,4,6,Autre,30.0,1
202400011294,2024-06-29,après-midi,,,29,29232,1,1,2,4,4,Voie communale,50.0,1
202400011295,2024-03-15,soirée,,,77,77449,1,1,1,4,3,Départementale,50.0,1
202400011296,2024-07-03,après-midi,,,29,29254,1,1,6,4,3,Départementale,50.0,1
202400011297,2024-03-16,nuit,,,77,77186,5,1,2,4,3,Départementale,50.0,1
202400011298,2024-07-04,matin,,,28,28134,1,1,2,4,2,Nationale,90.0,2
202400011299,2024-03-15,soirée,,,69,69256,5,2,3,4,4,Voie communale,30.0,2
202400011300,2024-07-04,matin,,,26,26362,1,1,3,2,3,Départementale,50.0,1
202400011301,2024-03-16,après-midi,,,65,65440,1,1,3,3,4,Voie communale,50.0,1
202400011302,2024-03-16,après-midi,,,64,64284,1,1,6,4,4,Voie communale,30.0,1
202400011303,2024-07-04,après-midi,,,25,25462,1,1,2,4,4,Voie communale,50.0,1
202400011304,2024-03-16,matin,,,64,64102,1,1,2,4,4,Voie communale,50.0,1
202400011305,2024-07-04,matin,,,22,22113,1,1,7,3,4,Voie communale,50.0,1
202400011306,2024-03-16,soirée,,,63,63063,3,1,3,4,7,Autre,50.0,1
202400011307,2024-07-03,soirée,,,19,19031,1,1,3,4,4,Voie communale,50.0,1
202400011308,2024-03-16,matin,,,59,59598,1,1,1,3,7,Autre,30.0,1
202400011309,2024-07-04,après-midi,,,17,17306,1,1,2,4,3,Départementale,50.0,1
202400011310,2024-05-05,après-midi,,,14,14327,1,3,7,4,3,Départementale,30.0,2
202400011311,2024-03-16,matin,,,54,54528,1,1,1,4,4,Voie communale,50.0,1
202400011312,2024-03-16,matin,,,54,54547,1,1,6,4,4,Voie communale,30.0,1
202400011313,2024-03-16,après-midi,,,49,49007,1,1,6,4,4,Voie communale,50.0,1
202400011314,2024-07-03,après-midi,,,13,13212,1,1,3,3,4,Voie communale,50.0,1
202400011315,2024-03-15,après-midi,,,45,45232,1,1,1,3,3,Départementale,50.0,2
202400011316,2024-03-16,matin,,,44,44114,1,1,6,3,4,Voie communale,50.0,1
202400011317,2024-07-04,matin,,,13,13028,1,1,3,4,4,Voie communale,30.0,1
202400011318,2024-03-16,soirée,,,38,38053,5,1,7,4,3,Départementale,50.0,1
202400011319,2024-07-03,après-midi,,,10,10333,1,1,3,4,4,Voie communale,50.0,1
202400011320,2024-03-15,soirée,,,38,38053,5,1,2,4,4,Voie communale,50.0,2
202400011321,2024-07-04,après-midi,,,06,06088,1,1,6,4,4,Voie communale,30.0,1
202400011322,2024-03-16,soirée,,,35,35238,5,1,2,4,4,Voie communale,30.0,1
202400011323,2024-07-04,après-midi,,,06,06069,1,1,3,4,3,Départementale,70.0,1
202400011324,2024-03-16,soirée,,,33,33063,5,1,3,4,4,Voie communale,30.0,1
202400011325,2024-07-04,matin,,,06,06027,1,1,5,4,7,Autre,30.0,1
202400011326,2024-03-16,matin,,,27,27229,1,1,6,3,4,Voie communale,50.0,1
202400011327,2024-07-04,matin,,,75,75117,1,1,2,4,4,Voie communale,70.0,1
202400011328,2024-03-15,après-midi,,,25,25462,1,1,3,3,4,Voie communale,80.0,1
202400011329,2024-07-04,matin,,,75,75112,1,1,3,4,4,Voie communale,70.0,1
202400011330,2024-03-16,matin,,,22,22278,1,1,1,4,4,Voie communale,30.0,1
202400011331,2024-07-03,matin,,,75,75115,1,1,2,4,4,Voie communale,70.0,1
202400011332,2024-03-16,nuit,,,13,13203,5,1,3,4,4,Voie communale,50.0,1
202400011333,2024-07-03,matin,,,75,75116,1,1,3,3,4,Voie communale,70.0,1
202400011334,2024-03-16,nuit,,,13,13211,5,1,1,4,4,Voie communale,50.0,1
202400011335,2024-03-16,après-midi,,,13,13047,1,1,7,4,4,Voie communale,50.0,1
202400011336,2024-07-04,matin,,,75,75120,1,1,6,4,4,Voie communale,,1
202400011337,2024-03-16,soirée,,,13,13001,5,1,3,4,4,Voie communale,50.0,1
202400011338,2024-07-04,après-midi,,,75,75117,1,1,3,4,4,Voie communale,30.0,1
202400011339,2024-03-16,après-midi,,,13,13001,1,1,3,3,4,Voie communale,30.0,1
202400011340,2024-03-16,matin,,,10,10333,1,8,6,4,3,Départementale,80.0,1
202400011341,2024-07-04,après-midi,,,75,75116,1,1,3,4,4,Voie communale,50.0,1
202400011342,2024-03-16,nuit,,,06,06088,5,1,6,2,7,Autre,50.0,1
202400011343,2024-07-04,matin,,,75,75116,1,1,6,4,4,Voie communale,50.0,1
202400011344,2024-03-16,après-midi,,,75,75118,1,1,6,3,4,Voie communale,30.0,1
202400011345,2024-07-03,nuit,,,75,75115,5,1,3,4,4,Voie communale,30.0,1
202400011346,2024-03-15,nuit,,,75,75118,5,2,3,4,4,Voie communale,30.0,2
202400011347,2024-07-04,après-midi,,,75,75114,1,1,2,4,4,Voie communale,30.0,1
202400011348,2024-03-16,soirée,,,75,75117,1,1,6,4,4,Voie communale,30.0,1
202400011349,2024-07-03,soirée,,,75,75114,1,1,6,4,4,Voie communale,50.0,1
202400011350,2024-03-16,matin,,,75,75117,1,1,2,4,4,Voie communale,30.0,1
202400011351,2024-07-04,après-midi,,,75,75113,1,1,6,4,4,Voie communale,30.0,1
202400011352,2024-07-04,matin,,,75,75112,1,1,2,3,4,Voie communale,30.0,2
202400011353,2024-03-16,nuit,,,75,75116,5,2,3,4,4,Voie communale,30.0,2
202400011354,2024-07-04,soirée,,,75,75110,1,1,6,4,4,Voie communale,25.0,1
202400011355,2024-03-16,nuit,,,75,75116,5,1,3,4,4,Voie communale,30.0,1
202400011356,2024-07-04,matin,,,75,75110,1,1,6,4,4,Voie communale,,1
202400011357,2024-03-15,matin,,,75,75114,1,1,7,4,4,Voie communale,30.0,1
202400011358,2024-07-04,après-midi,,,75,75108,1,1,3,3,4,Voie communale,,1
202400011359,2024-03-16,nuit,,,75,75112,5,1,2,4,4,Voie communale,30.0,2
202400011360,2024-03-15,nuit,,,75,75109,5,1,7,4,4,Voie communale,30.0,2
202400011361,2024-03-16,après-midi,,,75,75108,1,1,6,4,4,Voie communale,30.0,1
202400011362,2024-07-03,nuit,,,75,75107,5,1,3,4,4,Voie communale,30.0,1
202400011363,2024-03-16,soirée,,,75,75107,1,1,1,4,4,Voie communale,30.0,1
202400011364,2024-07-04,matin,,,75,75104,1,1,6,4,4,Voie communale,30.0,1
202400011365,2024-03-16,après-midi,,,75,75102,1,1,7,4,4,Voie communale,30.0,9
202400011366,2024-07-04,matin,,,94,94081,1,1,3,4,3,Départementale,50.0,1
202400011367,2024-03-16,soirée,,,94,94016,2,1,3,4,3,Départementale,50.0,1
202400011368,2024-07-04,après-midi,,,94,94078,1,1,2,4,2,Nationale,50.0,1
202400011369,2024-03-16,après-midi,,,94,94022,1,1,3,4,3,Départementale,50.0,1
202400011370,2024-03-15,nuit,,,94,94004,5,2,6,4,4,Voie communale,30.0,2
202400011371,2024-07-04,matin,,,94,94068,1,1,3,4,3,Départementale,30.0,1
202400011372,2024-03-16,matin,,,95,95527,1,1,3,4,4,Voie communale,70.0,1
202400011373,2024-07-04,matin,,,94,94018,1,1,1,4,3,Départementale,30.0,1
202400011374,2024-03-16,matin,,,77,77291,3,2,2,4,4,Voie communale,50.0,2
202400011375,2024-07-03,matin,,,93,93078,1,8,3,4,3,Départementale,50.0,1
202400011376,2024-03-16,après-midi,,,93,93014,1,1,3,4,4,Voie communale,,1
202400011377,2024-07-03,soirée,,,93,93072,1,1,6,4,3,Départementale,50.0,1
202400011378,2024-03-16,matin,,,92,92026,1,1,2,4,3,Départementale,50.0,1
202400011379,2024-07-04,matin,,,93,93070,1,1,2,4,3,Départementale,50.0,1
202400011380,2024-03-15,soirée,,,92,92025,1,1,1,4,3,Départementale,30.0,1
202400011381,2024-07-04,après-midi,,,93,93039,1,1,6,4,3,Départementale,50.0,1
202400011382,2024-03-16,nuit,,,92,92024,5,1,2,4,3,Départementale,50.0,1
202400011383,2024-07-04,après-midi,,,93,93074,1,1,3,4,3,Départementale,50.0,1
202400011384,2024-03-17,nuit,,,76,76279,4,9,6,2,3,Départementale,50.0,2
202400011385,2024-07-04,soirée,,,93,93029,2,1,6,4,4,Voie communale,50.0,1
202400011386,2024-03-15,après-midi,,,37,37153,1,1,2,3,3,Départementale,90.0,1
202400011387,2024-03-16,après-midi,,,2A,2A203,1,1,7,3,3,Départementale,80.0,9
202400011388,2024-03-15,après-midi,,,95,95452,1,1,7,3,3,Départementale,50.0,1
202400011389,2024-07-04,après-midi,,,93,93014,1,1,6,3,3,Départementale,50.0,1
202400011390,2024-03-16,matin,,,31,31547,1,1,3,4,3,Départementale,80.0,1
202400011391,2024-07-04,matin,,,92,92078,1,1,3,4,3,Départementale,50.0,1
202400011392,2024-07-04,après-midi,,,92,92073,1,1,1,4,3,Départementale,50.0,1
202400011393,2024-03-16,après-midi,,,972,97225,1,1,1,3,2,Nationale,80.0,1
202400011394,2024-03-16,après-midi,,,23,23101,1,1,3,3,3,Départementale,90.0,1
202400011395,2024-07-04,matin,,,92,92063,1,7,6,4,3,Départementale,30.0,1
202400011396,2024-03-17,matin,,,21,21177,1,1,6,4,1,Autoroute,130.0,1
202400011397,2024-07-02,nuit,,,92,92050,5,1,4,4,3,Départementale,50.0,1
202400011398,2024-03-16,soirée,,,71,71333,3,8,1,4,3,Départementale,90.0,1
202400011399,2024-07-02,après-midi,,,92,92050,1,1,3,4,4,Voie communale,50.0,1
202400011400,2024-03-17,matin,,,76,76615,2,2,6,4,3,Départementale,80.0,2
202400011401,2024-07-04,après-midi,,,92,92049,1,1,6,4,3,Départementale,50.0,1
202400011402,2024-03-17,après-midi,,,79,79213,1,1,3,3,3,Départementale,30.0,1
202400011403,2024-07-04,matin,,,92,92024,1,1,3,4,4,Voie communale,50.0,1
202400011404,2024-03-16,après-midi,,,2B,2B043,1,1,6,4,3,Départementale,80.0,1
202400011405,2024-07-03,après-midi,,,974,97415,1,1,3,3,2,Nationale,110.0,1
202400011406,2024-03-17,nuit,,,65,65075,3,1,6,4,3,Départementale,90.0,1
202400011407,2024-07-04,matin,,,974,97415,1,2,7,3,4,Voie communale,50.0,2
202400011408,2024-03-16,après-midi,,,65,65448,1,1,7,3,3,Départementale,80.0,1
202400011409,2024-03-16,après-midi,,,69,69018,1,1,1,4,3,Départementale,80.0,1
202400011410,2024-07-03,nuit,,,12,12140,3,1,6,2,3,Départementale,90.0,1
202400011411,2024-03-17,après-midi,,,81,81309,1,1,3,3,3,Départementale,80.0,1
202400011412,2024-07-05,après-midi,,,47,47015,1,1,1,3,4,Voie communale,80.0,1
202400011413,2024-03-17,après-midi,,,11,11129,1,1,6,4,3,Départementale,30.0,1
202400011414,2024-03-14,matin,,,11,11263,1,1,3,3,3,Départementale,80.0,1
202400011415,2024-06-12,soirée,,,01,01244,1,1,5,4,3,Départementale,80.0,1
202400011416,2024-03-16,soirée,,,71,71248,1,1,6,3,3,Départementale,90.0,1
202400011417,2024-07-04,soirée,,,26,26140,1,1,1,2,3,Départementale,70.0,1
202400011418,2024-03-16,soirée,,,63,63036,3,1,7,3,3,Départementale,90.0,1
202400011419,2024-03-16,matin,,,63,63178,1,1,7,3,3,Départementale,50.0,1
202400011420,2024-07-05,matin,,,52,52114,1,1,7,4,3,Départementale,90.0,1
202400011421,2024-03-17,après-midi,,,55,55463,1,2,7,4,3,Départementale,90.0,2
202400011422,2024-07-05,après-midi,,,95,95452,1,1,6,3,3,Départementale,80.0,1
202400011423,2024-03-16,soirée,,,12,12056,3,1,6,4,2,Nationale,110.0,1
202400011424,2024-07-05,matin,,,95,95487,1,1,6,4,3,Départementale,50.0,1
202400011425,2024-03-16,soirée,,,47,47252,4,1,6,2,3,Départementale,50.0,1
202400011426,2024-06-24,après-midi,,,84,84069,1,1,6,3,3,Départementale,90.0,1
202400011427,2024-03-17,après-midi,,,01,01304,1,1,4,3,4,Voie communale,50.0,1
202400011428,2024-07-04,nuit,,,31,31228,3,1,6,4,3,Départementale,80.0,1
202400011429,2024-03-17,nuit,,,01,01196,2,1,6,3,3,Départementale,80.0,1
202400011430,2024-06-24,matin,,,13,13078,1,1,3,4,3,Départementale,80.0,1
202400011431,2024-03-16,matin,,,66,66003,1,7,6,2,3,Départementale,30.0,1
202400011432,2024-07-05,nuit,,,83,83073,3,1,6,3,1,Autoroute,130.0,1
202400011433,2024-07-05,matin,,,974,97412,1,1,6,3,4,Voie communale,50.0,1
202400011434,2024-03-16,soirée,,,18,18065,2,1,7,3,3,Départementale,80.0,1
202400011435,2024-07-03,soirée,,,972,97221,3,1,7,4,2,Nationale,80.0,2
202400011436,2024-03-17,matin,,,07,07056,1,1,1,4,3,Départementale,90.0,1
202400011437,2024-07-05,nuit,,,35,35085,3,1,6,3,3,Départementale,80.0,1
202400011438,2024-03-16,nuit,,,21,21445,3,1,6,3,3,Départementale,80.0,1
202400011439,2024-07-03,après-midi,,,46,46091,1,1,1,4,3,Départementale,80.0,1
202400011440,2024-03-16,soirée,,,27,27039,2,1,1,4,4,Voie communale,50.0,1
202400011441,2024-03-16,après-midi,,,27,27192,1,1,3,4,3,Départementale,50.0,1
202400011442,2024-07-04,après-midi,,,14,14061,1,1,3,3,3,Départementale,50.0,1
202400011443,2024-03-16,soirée,,,27,27011,5,2,1,4,3,Départementale,50.0,2
202400011444,2024-03-15,soirée,,,30,30341,5,1,3,3,3,Départementale,,1
202400011445,2024-07-05,après-midi,,,974,97410,1,1,5,3,2,Nationale,110.0,1
202400011446,2024-06-30,nuit,,,26,26325,4,1,3,4,4,Voie communale,30.0,1
202400011447,2024-03-16,nuit,,,21,21423,3,1,2,3,1,Autoroute,130.0,1
202400011448,2024-07-04,nuit,,,65,65301,3,1,7,3,3,Départementale,50.0,9
202400011449,2024-03-17,matin,,,973,97311,1,1,6,4,3,Départementale,50.0,1
202400011450,2024-07-04,soirée,,,72,72155,1,1,6,4,6,Autre,30.0,1
202400011451,2024-03-17,nuit,,,977,97701,3,1,6,3,2,Nationale,70.0,1
202400011452,2024-03-16,soirée,,,37,37253,3,1,6,3,3,Départementale,80.0,1
202400011453,2024-06-28,soirée,,,62,62279,1,1,7,3,3,Départementale,50.0,1
202400011454,2024-03-16,après-midi,,,66,66037,1,1,3,3,4,Voie communale,80.0,1
202400011455,2024-07-05,après-midi,,,83,83018,1,1,1,2,3,Départementale,80.0,1
202400011456,2024-03-16,matin,,,34,34157,3,1,2,2,3,Départementale,80.0,1
202400011457,2024-07-04,soirée,,,59,59454,1,1,3,3,4,Voie communale,80.0,1
202400011458,2024-03-16,matin,,,05,05166,1,1,2,4,3,Départementale,90.0,1
202400011459,2024-07-04,après-midi,,,67,67463,1,1,7,3,3,Départementale,80.0,1
202400011460,2024-07-05,soirée,,,11,11422,1,1,7,4,3,Départementale,80.0,1
202400011461,2024-03-17,après-midi,,,13,13097,1,1,7,4,2,Nationale,110.0,1
202400011462,2024-07-05,nuit,,,89,89439,3,1,6,3,3,Départementale,90.0,1
202400011463,2024-03-16,matin,,,70,70279,1,1,1,3,3,Départementale,90.0,1
202400011464,2024-07-04,après-midi,,,61,61214,1,1,1,3,4,Voie communale,50.0,1
202400011465,2024-06-26,après-midi,,,34,34224,1,1,3,4,3,Départementale,80.0,1
202400011466,2024-03-17,soirée,,,68,68063,3,1,7,3,3,Départementale,,1
202400011467,2024-06-27,nuit,,,68,68349,2,1,1,3,3,Départementale,70.0,1
202400011468,2024-03-17,matin,,,68,68012,1,2,3,3,3,Départementale,50.0,2
202400011469,2024-06-23,matin,,,39,39392,1,1,7,2,4,Voie communale,80.0,1
202400011470,2024-03-16,nuit,,,57,57159,3,2,1,3,3,Départementale,80.0,2
202400011471,2024-07-05,matin,,,44,44099,1,1,3,2,3,Départementale,70.0,1
202400011472,2024-03-16,après-midi,,,42,42094,1,1,4,3,3,Départementale,50.0,1
202400011473,2024-07-05,matin,,,31,31232,1,1,6,2,3,Départementale,70.0,1
202400011474,2024-03-16,matin,,,13,13202,1,1,1,4,1,Autoroute,50.0,1
202400011475,2024-07-04,soirée,,,84,84017,2,1,6,2,3,Départementale,80.0,1
202400011476,2024-03-15,nuit,,,33,33143,5,1,6,4,1,Autoroute,130.0,1
202400011477,2024-07-04,soirée,,,03,03144,1,1,7,4,3,Départementale,90.0,1
202400011478,2024-03-16,après-midi,,,91,91286,1,1,2,4,1,Autoroute,110.0,1
202400011479,2024-07-04,après-midi,,,03,03099,1,1,3,4,3,Départementale,90.0,1
202400011480,2024-07-04,soirée,,,01,01124,1,1,7,3,3,Départementale,50.0,1
202400011481,2024-03-16,matin,,,91,91161,2,8,3,4,1,Autoroute,110.0,2
202400011482,2024-06-28,après-midi,,,26,26114,1,1,3,4,3,Départementale,50.0,1
202400011483,2024-03-16,après-midi,,,78,78423,1,1,2,4,1,Autoroute,70.0,1
202400011484,2024-06-01,après-midi,,,72,72126,1,1,3,4,3,Départementale,80.0,1
202400011485,2024-03-16,nuit,,,95,95241,3,2,2,4,2,Nationale,110.0,2
202400011486,2024-03-16,nuit,,,93,93027,3,2,6,4,1,Autoroute,50.0,2
202400011487,2024-07-05,matin,,,90,90081,1,1,1,4,3,Départementale,,1
202400011488,2024-07-05,matin,,,09,09140,1,1,6,4,3,Départementale,80.0,1
202400011489,2024-03-15,après-midi,,,92,92078,1,1,4,4,1,Autoroute,90.0,2
202400011490,2024-03-15,matin,,,93,93078,1,1,6,4,1,Autoroute,90.0,1
202400011491,2024-07-05,matin,,,45,45233,1,1,1,2,3,Départementale,70.0,1
202400011492,2024-07-04,après-midi,,,64,64065,1,1,4,3,3,Départementale,50.0,1
202400011493,2024-07-05,après-midi,,,10,10126,1,1,7,2,3,Départementale,90.0,1
202400011494,2024-03-16,après-midi,,,77,77373,1,1,4,4,2,Nationale,90.0,1
202400011495,2024-07-03,après-midi,,,40,40044,1,1,1,4,3,Départementale,80.0,1
202400011496,2024-03-15,soirée,,,974,97416,3,1,6,4,4,Voie communale,50.0,1
202400011497,2024-07-05,matin,,,85,85265,1,7,7,3,3,Départementale,80.0,1
202400011498,2024-07-04,après-midi,,,85,85039,1,1,3,3,4,Voie communale,,1
202400011499,2024-03-15,après-midi,,,973,97302,1,1,3,4,3,Départementale,50.0,1
202400011500,2024-07-05,après-midi,,,87,87126,1,1,6,2,3,Départementale,50.0,1
202400011501,2024-03-15,soirée,,,69,69383,5,1,3,4,4,Voie communale,30.0,1
202400011502,2024-07-04,soirée,,,37,37084,1,1,3,3,3,Départementale,80.0,1
202400011503,2024-03-15,soirée,,,69,69383,5,1,3,4,4,Voie communale,30.0,1
202400011504,2024-07-05,soirée,,,48,48016,1,1,1,4,3,Départementale,90.0,1
202400011505,2024-03-15,après-midi,,,69,69388,1,1,3,3,4,Voie communale,30.0,1
202400011506,2024-07-05,matin,,,987,98734,1,1,3,2,2,Nationale,60.0,1
202400011507,2024-03-15,matin,,,972,97213,1,1,1,4,2,Nationale,50.0,1
202400011508,2024-07-03,matin,,,06,06084,1,1,1,4,3,Départementale,30.0,1
202400011509,2024-07-04,après-midi,,,33,33122,1,1,3,3,3,Départementale,80.0,1
202400011510,2024-03-14,soirée,,,972,97209,3,1,1,3,4,Voie communale,30.0,1
202400011511,2024-07-05,après-midi,,,06,06085,1,1,3,4,3,Départementale,50.0,1
202400011512,2024-03-15,matin,,,69,69384,1,1,3,4,4,Voie communale,30.0,2
202400011513,2024-07-05,nuit,,,987,98735,5,1,1,3,2,Nationale,90.0,1
202400011514,2024-03-13,après-midi,,,69,69149,1,1,6,4,4,Voie communale,30.0,1
202400011515,2024-07-05,nuit,,,06,06155,5,1,4,4,1,Autoroute,110.0,1
202400011516,2024-03-15,soirée,,,971,97101,5,1,3,4,4,Voie communale,30.0,1
202400011517,2024-07-05,matin,,,36,36243,2,1,3,3,3,Départementale,80.0,1
202400011518,2024-03-14,matin,,,971,97101,1,1,2,4,2,Nationale,60.0,1
202400011519,2024-07-05,matin,,,17,17434,1,1,3,2,3,Départementale,80.0,1
202400011520,2024-03-09,matin,,,971,97120,1,3,7,3,4,Voie communale,50.0,2
202400011521,2024-07-05,après-midi,,,988,98821,1,2,1,2,2,Nationale,90.0,2
202400011522,2024-03-15,soirée,,,95,95582,5,3,6,4,3,Départementale,50.0,2
202400011523,2024-06-21,matin,,,976,97608,1,1,3,4,2,Nationale,50.0,1
202400011524,2024-03-14,après-midi,,,95,95203,1,1,6,4,4,Voie communale,50.0,1
202400011525,2024-07-05,après-midi,,,974,97423,1,1,3,4,2,Nationale,50.0,1
202400011526,2024-03-15,soirée,,,95,95598,5,2,6,4,4,Voie communale,50.0,2
202400011527,2024-07-05,matin,,,974,97418,1,7,7,2,3,Départementale,70.0,1
202400011528,2024-07-05,après-midi,,,973,97311,1,1,1,3,2,Nationale,50.0,1
202400011529,2024-03-14,soirée,,,91,91201,5,1,4,3,3,Départementale,50.0,1
202400011530,2024-07-03,soirée,,,971,97115,3,1,2,2,2,Nationale,80.0,2
202400011531,2024-03-14,soirée,,,88,88160,1,1,3,4,4,Voie communale,30.0,1
202400011532,2024-06-30,soirée,,,971,97107,2,1,5,3,2,Nationale,70.0,1
202400011533,2024-03-14,soirée,,,88,88160,2,1,3,4,4,Voie communale,50.0,1
202400011534,2024-07-03,soirée,,,77,77183,1,1,3,4,3,Départementale,50.0,1
202400011535,2024-02-27,après-midi,,,85,85191,1,1,7,2,3,Départementale,90.0,1
202400011536,2024-03-15,après-midi,,,84,84031,1,1,3,3,4,Voie communale,50.0,1
202400011537,2024-07-05,matin,,,2B,2B047,1,7,3,3,3,Départementale,50.0,1
202400011538,2024-03-14,soirée,,,84,84007,1,1,3,4,4,Voie communale,50.0,1
202400011539,2024-07-05,matin,,,11,11099,2,1,1,4,3,Départementale,80.0,1
202400011540,2024-03-15,matin,,,83,83137,1,1,6,3,4,Voie communale,50.0,1
202400011541,2024-07-03,soirée,,,04,04096,2,1,7,3,3,Départementale,80.0,1
202400011542,2024-03-15,matin,,,80,80021,1,1,3,4,4,Voie communale,50.0,1
202400011543,2024-07-04,soirée,,,13,13100,1,1,3,3,9,Autre,50.0,1
202400011544,2024-07-04,matin,,,13,13100,1,1,2,3,3,Départementale,50.0,1
202400011545,2024-07-04,matin,,,26,26271,1,1,2,3,3,Départementale,50.0,1
202400011546,2024-03-15,après-midi,,,78,78643,1,1,5,4,3,Départementale,50.0,2
202400011547,2024-07-04,nuit,,,26,26179,3,1,5,3,3,Départementale,80.0,1
202400011548,2024-03-15,après-midi,,,76,76108,1,2,3,4,7,Autre,50.0,2
202400011549,2024-03-14,après-midi,,,74,74010,1,1,6,4,4,Voie communale,50.0,1
202400011550,2024-07-03,matin,,,01,01262,1,1,3,4,3,Départementale,,1
202400011551,2024-03-14,après-midi,,,74,74010,1,1,3,4,4,Voie communale,50.0,1
202400011552,2024-06-28,après-midi,,,33,33019,1,1,6,3,3,Départementale,50.0,1
202400011553,2024-07-04,soirée,,,02,02555,1,1,3,4,3,Départementale,50.0,1
202400011554,2024-07-04,après-midi,,,80,80561,1,1,7,4,3,Départementale,80.0,1
202400011555,2024-07-04,après-midi,,,59,59387,1,9,2,3,3,Départementale,80.0,1
202400011556,2024-07-04,après-midi,,,13,13215,1,1,2,4,1,Autoroute,90.0,1
202400011557,2024-06-29,après-midi,,,13,13211,1,1,4,4,1,Autoroute,90.0,1
202400011558,2024-07-03,soirée,,,13,13071,1,1,5,4,1,Autoroute,90.0,1
202400011559,2024-07-04,après-midi,,,83,83137,1,1,6,3,1,Autoroute,70.0,1
202400011560,2024-07-04,après-midi,,,57,57474,1,1,2,4,1,Autoroute,110.0,1
202400011561,2024-06-28,après-midi,,,54,54232,1,1,1,4,1,Autoroute,110.0,1
202400011562,2024-07-04,après-midi,,,33,33143,1,1,4,4,1,Autoroute,130.0,1
202400011563,2024-07-04,matin,,,33,33318,1,3,2,4,1,Autoroute,90.0,2