Num_Acc,date,time_of_day,lat,long,dep,com,lum,atm,col,severity_index,catr,catr_label,vma,surf
202400011564,2024-07-02,après-midi,,,33,33075,1,1,1,4,1,Autoroute,90.0,1
202400011565,2024-07-04,soirée,,,91,91064,1,1,4,4,2,Nationale,90.0,1
202400011566,2024-07-04,matin,,,91,91377,1,1,6,4,1,Autoroute,90.0,1
202400011567,2024-07-04,matin,,,92,92048,1,1,3,4,2,Nationale,90.0,1
202400011568,2024-07-03,nuit,,,92,92036,2,1,6,4,1,Autoroute,50.0,1
202400011569,2024-07-04,après-midi,,,93,93063,1,1,3,4,1,Autoroute,90.0,1
202400011570,2024-07-04,après-midi,,,93,93066,1,1,2,4,1,Autoroute,90.0,1
202400011571,2024-07-04,matin,,,93,93010,1,1,5,4,1,Autoroute,90.0,1
202400011572,2024-07-03,soirée,,,93,93053,1,1,3,4,1,Autoroute,90.0,1
202400011573,2024-07-03,après-midi,,,93,93078,1,1,3,4,1,Autoroute,110.0,1
202400011574,2024-07-03,matin,,,93,93063,1,1,2,4,1,Autoroute,90.0,1
202400011575,2024-07-04,après-midi,,,94,94073,1,1,2,3,1,Autoroute,90.0,1
202400011576,2024-07-04,après-midi,,,77,77363,1,1,2,4,1,Autoroute,90.0,1
202400011577,2024-07-04,après-midi,,,94,94079,1,1,2,4,1,Autoroute,110.0,1
202400011578,2024-04-08,soirée,,,45,45234,1,1,6,4,4,Voie communale,30.0,1
202400011579,2024-04-29,nuit,,,974,97404,3,2,7,3,3,Départementale,80.0,2
202400011580,2024-06-12,matin,,,44,44143,1,1,3,4,4,Voie communale,50.0,1
202400011581,2024-06-07,après-midi,,,44,44184,1,1,3,4,4,Voie communale,50.0,1
202400011582,2024-04-13,après-midi,,,49,49099,1,1,6,4,4,Voie communale,50.0,1
202400011583,2024-07-03,soirée,,,2A,2A004,1,1,1,4,4,Voie communale,50.0,1
202400011584,2024-07-03,matin,,,91,91421,1,1,3,4,4,Voie communale,30.0,1
202400011585,2024-07-03,matin,,,91,91228,1,1,6,4,4,Voie communale,30.0,1
202400011586,2024-06-30,matin,,,84,84007,1,1,6,4,4,Voie communale,30.0,1
202400011587,2024-07-02,soirée,,,84,84007,1,1,3,4,4,Voie communale,50.0,1
202400011588,2024-07-03,après-midi,,,83,83137,1,1,6,2,4,Voie communale,50.0,1
202400011589,2024-07-02,après-midi,,,76,76351,1,1,6,3,4,Voie communale,50.0,1
202400011590,2024-07-03,nuit,,,73,73065,3,1,6,4,2,Nationale,,1
202400011591,2024-07-03,matin,,,69,69092,1,2,7,4,3,Départementale,80.0,2
202400011592,2024-07-02,nuit,,,69,69290,5,1,1,3,4,Voie communale,50.0,1
202400011593,2024-07-01,après-midi,,,69,69029,1,1,5,4,1,Autoroute,70.0,1
202400011594,2024-07-03,après-midi,,,64,64445,1,1,6,4,4,Voie communale,50.0,1
202400011595,2024-07-03,matin,,,64,64348,1,1,3,4,3,Départementale,50.0,1
202400011596,2024-07-03,matin,,,63,63014,1,1,2,4,7,Autre,30.0,1
202400011597,2024-07-03,soirée,,,62,62400,1,2,1,4,4,Voie communale,30.0,2
202400011598,2024-07-03,matin,,,60,60159,1,1,6,3,4,Voie communale,50.0,1
202400011599,2024-07-03,nuit,,,59,59512,3,1,3,4,7,Autre,30.0,1
202400011600,2024-07-03,soirée,,,59,59410,2,1,6,3,7,Autre,50.0,1
202400011601,2024-07-03,après-midi,,,59,59350,1,8,1,4,4,Voie communale,50.0,1
202400011602,2024-06-29,matin,,,59,59247,1,1,6,4,7,Autre,50.0,1
202400011603,2024-07-02,matin,,,57,57227,1,1,3,4,4,Voie communale,50.0,1
202400011604,2024-07-03,matin,,,56,56098,2,1,6,4,3,Départementale,50.0,1
202400011605,2024-11-24,soirée,,,33,33032,5,1,1,3,4,Voie communale,50.0,1
202400011606,2024-11-24,soirée,,,33,33063,5,1,2,4,4,Voie communale,50.0,1
202400011607,2024-11-24,soirée,,,33,33281,3,1,6,4,4,Voie communale,50.0,1
202400011608,2024-11-24,matin,,,32,32013,5,8,6,4,4,Voie communale,50.0,1
202400011609,2024-11-24,soirée,,,31,31555,3,1,3,3,4,Voie communale,50.0,1
202400011610,2024-11-23,soirée,,,27,27562,5,8,4,4,4,Voie communale,50.0,1
202400011611,2024-11-23,après-midi,,,22,22113,1,3,3,4,4,Voie communale,30.0,2
202400011612,2024-11-24,soirée,,,13,13071,3,1,3,4,3,Départementale,70.0,1
202400011613,2024-11-24,soirée,,,13,13211,5,1,3,3,4,Voie communale,50.0,1
202400011614,2024-11-22,après-midi,,,13,13210,1,1,3,3,4,Voie communale,50.0,1
202400011615,2024-11-23,nuit,,,11,11262,5,1,3,4,4,Voie communale,50.0,1
202400011616,2024-11-23,après-midi,,,11,11262,1,1,3,3,4,Voie communale,30.0,1
202400011617,2024-11-23,après-midi,,,06,06083,5,1,6,3,3,Départementale,30.0,1
202400011618,2024-11-23,matin,,,75,75116,1,1,3,4,4,Voie communale,50.0,1
202400011619,2024-11-19,matin,,,75,75116,1,2,3,4,4,Voie communale,50.0,2
202400011620,2024-11-24,soirée,,,75,75120,5,1,2,4,4,Voie communale,30.0,1
202400011621,2024-11-24,soirée,,,75,75113,5,1,1,4,4,Voie communale,30.0,1
202400011622,2024-11-24,après-midi,,,75,75110,5,1,6,4,4,Voie communale,30.0,1
202400011623,2024-11-23,après-midi,,,75,75108,1,1,6,4,4,Voie communale,30.0,1
202400011624,2024-11-23,nuit,,,75,75108,5,1,3,4,4,Voie communale,30.0,1
202400011625,2024-11-24,nuit,,,75,75101,5,1,3,4,4,Voie communale,30.0,1
202400011626,2024-11-24,nuit,,,75,75102,5,1,7,4,4,Voie communale,30.0,1
202400011627,2024-11-24,après-midi,,,94,94046,2,1,6,4,4,Voie communale,50.0,1
202400011628,2024-11-22,nuit,,,94,94041,5,1,6,4,3,Départementale,30.0,1
202400011629,2024-11-24,après-midi,,,93,93073,1,1,3,4,3,Départementale,50.0,1
202400011630,2024-11-24,matin,,,93,93073,3,1,6,4,4,Voie communale,50.0,1
202400011631,2024-11-23,nuit,,,93,93064,5,1,3,3,4,Voie communale,50.0,1
202400011632,2024-11-24,après-midi,,,93,93066,1,1,3,4,3,Départementale,50.0,1
202400011633,2024-11-24,après-midi,,,93,93047,2,1,3,4,4,Voie communale,50.0,1
202400011634,2024-11-24,soirée,,,93,93007,5,8,6,4,4,Voie communale,50.0,2
202400011635,2024-11-24,nuit,,,92,92075,5,1,3,4,4,Voie communale,30.0,1
202400011636,2024-11-24,après-midi,,,92,92051,5,1,6,4,4,Voie communale,50.0,1
202400011637,2024-11-22,après-midi,,,92,92025,1,8,3,4,3,Départementale,50.0,1
202400011638,2024-11-24,soirée,,,92,92002,5,1,7,4,3,Départementale,50.0,1
202400011639,2024-11-25,matin,,,47,47100,1,3,7,3,2,Nationale,80.0,2
202400011640,2024-11-24,nuit,,,95,95313,3,1,6,3,1,Autoroute,110.0,2
202400011641,2024-11-24,matin,,,37,37153,2,1,6,3,3,Départementale,90.0,1
202400011642,2024-11-24,soirée,,,54,54345,3,6,7,3,3,Départementale,80.0,2
202400011643,2024-11-24,après-midi,,,33,33327,1,1,7,3,4,Voie communale,50.0,1
202400011644,2024-11-25,après-midi,,,85,85188,1,1,1,4,3,Départementale,80.0,2
202400011645,2024-11-23,nuit,,,27,27306,3,4,6,3,4,Voie communale,80.0,2
202400011646,2024-11-25,matin,,,83,83049,2,1,3,3,3,Départementale,70.0,2
202400011647,2024-11-25,après-midi,,,95,95352,2,1,2,4,3,Départementale,50.0,2
202400011648,2024-11-22,après-midi,,,76,76692,1,1,3,4,3,Départementale,80.0,2
202400011649,2024-11-24,soirée,,,2A,2A181,3,1,1,3,3,Départementale,80.0,1
202400011650,2024-11-25,après-midi,,,2B,2B319,3,1,3,3,2,Nationale,80.0,1
202400011651,2024-11-24,soirée,,,82,82185,3,1,7,4,3,Départementale,80.0,1
202400011652,2024-11-24,matin,,,82,82051,3,2,6,3,3,Départementale,80.0,2
202400011653,2024-11-23,après-midi,,,82,82131,1,1,3,3,3,Départementale,80.0,1
202400011654,2024-11-24,nuit,,,71,71161,3,1,6,2,6,Autre,20.0,1
202400011655,2024-11-25,matin,,,89,89042,2,1,7,4,3,Départementale,90.0,1
202400011656,2024-11-24,matin,,,35,35227,1,1,3,4,3,Départementale,80.0,1
202400011657,2024-11-24,après-midi,,,03,03157,1,6,4,4,3,Départementale,90.0,1
202400011658,2024-11-24,après-midi,,,03,03213,1,1,5,4,3,Départementale,90.0,1
202400011659,2024-11-24,après-midi,,,01,01363,1,1,3,4,4,Voie communale,50.0,1
202400011660,2024-11-24,matin,,,14,14005,1,1,1,3,3,Départementale,70.0,1
202400011661,2024-11-25,après-midi,,,64,64436,2,2,1,2,3,Départementale,80.0,2
202400011662,2024-04-23,matin,,,22,22113,1,1,6,4,3,Départementale,50.0,1
202400011663,2024-11-24,après-midi,,,18,18136,5,1,7,3,3,Départementale,50.0,1
202400011664,2024-11-23,après-midi,,,43,43079,2,6,7,3,2,Nationale,80.0,1
202400011665,2024-04-17,après-midi,,,18,18279,1,1,5,4,3,Départementale,80.0,1
202400011666,2024-11-23,soirée,,,04,04116,3,1,3,3,3,Départementale,90.0,1
202400011667,2024-11-24,après-midi,,,17,17471,2,1,6,4,3,Départementale,80.0,1
202400011668,2024-11-22,après-midi,,,17,17338,1,1,2,3,3,Départementale,80.0,1
202400011669,2024-04-21,après-midi,,,15,15012,1,1,6,4,3,Départementale,80.0,1
202400011670,2024-11-24,après-midi,,,17,17260,2,1,3,4,3,Départementale,80.0,1
202400011671,2024-04-23,matin,,,13,13205,1,1,3,4,4,Voie communale,50.0,1
202400011672,2024-11-24,nuit,,,87,87205,3,6,6,4,3,Départementale,80.0,2
202400011673,2024-04-22,matin,,,13,13206,1,1,6,4,4,Voie communale,30.0,1
202400011674,2024-11-24,nuit,,,30,30276,3,1,7,4,3,Départementale,80.0,2
202400011675,2024-04-23,après-midi,,,13,13028,1,1,3,4,4,Voie communale,50.0,1
202400011676,2024-11-23,nuit,,,22,22211,5,1,6,2,3,Départementale,,1
202400011677,2024-11-21,soirée,,,69,69244,4,8,7,3,4,Voie communale,50.0,1
202400011678,2024-11-15,soirée,,,67,67248,3,1,2,4,1,Autoroute,130.0,1
202400011679,2024-04-23,soirée,,,13,13001,1,1,3,4,4,Voie communale,50.0,1
202400011680,2024-11-23,soirée,,,57,57073,3,1,3,4,1,Autoroute,,1
202400011681,2024-11-25,nuit,,,27,27554,3,1,6,4,1,Autoroute,130.0,1
202400011682,2024-04-22,après-midi,,,06,06069,1,2,5,4,4,Voie communale,50.0,2
202400011683,2024-11-23,après-midi,,,34,34123,1,1,3,3,4,Voie communale,50.0,1
202400011684,2024-04-16,après-midi,,,03,03185,1,1,6,3,3,Départementale,50.0,1
202400011685,2024-11-24,nuit,,,987,98714,5,1,7,4,2,Nationale,40.0,1
202400011686,2024-04-23,soirée,,,02,02738,1,1,6,3,3,Départementale,50.0,1
202400011687,2024-11-23,soirée,,,987,98733,5,1,1,3,2,Nationale,50.0,1
202400011688,2024-04-23,soirée,,,75,75113,1,1,3,4,4,Voie communale,70.0,1
202400011689,2024-11-21,matin,,,976,97615,1,1,6,4,4,Voie communale,50.0,1
202400011690,2024-04-22,soirée,,,75,75117,1,1,2,4,4,Voie communale,70.0,1
202400011691,2024-11-23,matin,,,974,97418,1,3,1,3,3,Départementale,50.0,2
202400011692,2024-04-22,après-midi,,,75,75115,1,1,3,4,4,Voie communale,70.0,1
202400011693,2024-11-24,après-midi,,,91,91338,2,2,3,4,3,Départementale,50.0,2
202400011694,2024-04-21,soirée,,,75,75112,1,1,4,4,4,Voie communale,70.0,1
202400011695,2024-11-25,matin,,,84,84132,5,1,1,4,3,Départementale,50.0,1
202400011696,2024-04-23,soirée,,,75,75119,1,1,6,4,4,Voie communale,30.0,1
202400011697,2024-09-11,matin,,,41,41018,1,2,6,4,4,Voie communale,50.0,2
202400011698,2024-11-09,soirée,,,38,38537,5,1,6,4,4,Voie communale,50.0,1
202400011699,2024-04-23,matin,,,75,75117,1,1,6,4,4,Voie communale,30.0,1
202400011700,2024-11-24,soirée,,,07,07324,5,6,2,4,3,Départementale,30.0,1
202400011701,2024-09-12,nuit,,,37,37261,5,8,3,4,4,Voie communale,50.0,1
202400011702,2024-04-22,après-midi,,,75,75115,1,1,3,4,4,Voie communale,50.0,1
202400011703,2024-11-21,matin,,,69,69242,1,2,1,4,3,Départementale,80.0,2
202400011704,2024-09-12,après-midi,,,37,37261,1,1,3,4,4,Voie communale,30.0,1
202400011705,2024-04-23,après-midi,,,75,75114,1,1,6,4,4,Voie communale,30.0,1
202400011706,2024-11-24,soirée,,,17,17021,5,1,7,3,3,Départementale,50.0,1
202400011707,2024-11-19,après-midi,,,33,33012,1,2,6,3,4,Voie communale,80.0,2
202400011708,2024-09-12,matin,,,35,35238,1,1,6,4,4,Voie communale,50.0,1
202400011709,2024-04-22,matin,,,75,75114,1,1,6,4,4,Voie communale,30.0,1
202400011710,2024-11-25,matin,,,60,60009,3,3,6,4,3,Départementale,50.0,2
202400011711,2024-04-23,après-midi,,,75,75113,1,1,3,4,4,Voie communale,30.0,1
202400011712,2024-09-11,soirée,,,35,35238,1,1,3,4,4,Voie communale,30.0,1
202400011713,2024-11-22,après-midi,,,59,59256,1,1,7,4,7,Autre,70.0,6
202400011714,2024-04-23,soirée,,,75,75111,1,1,3,3,4,Voie communale,30.0,1
202400011715,2024-11-24,après-midi,,,59,59011,1,7,6,2,4,Voie communale,50.0,1
202400011716,2024-09-12,après-midi,,,34,34198,1,1,3,3,4,Voie communale,50.0,1
202400011717,2024-04-23,après-midi,,,75,75111,1,1,6,4,4,Voie communale,30.0,1
202400011718,2024-09-11,soirée,,,29,29039,1,1,7,4,3,Départementale,80.0,1
202400011719,2024-11-24,matin,,,13,13106,2,2,6,3,1,Autoroute,90.0,2
202400011720,2024-11-24,nuit,,,13,13019,3,1,7,4,1,Autoroute,90.0,2
202400011721,2024-04-23,après-midi,,,75,75108,1,1,3,3,4,Voie communale,30.0,1
202400011722,2024-09-11,soirée,,,27,27299,3,1,6,4,4,Voie communale,50.0,1
202400011723,2024-11-19,après-midi,,,13,13106,1,1,2,4,1,Autoroute,90.0,1
202400011724,2024-04-23,après-midi,,,94,94068,1,1,6,4,3,Départementale,30.0,1
202400011725,2024-09-12,matin,,,26,26198,1,1,2,4,4,Voie communale,50.0,1
202400011726,2024-04-23,matin,,,94,94073,1,1,6,4,3,Départementale,50.0,1
202400011727,2024-11-23,soirée,,,83,83137,5,1,4,4,1,Autoroute,90.0,1
202400011728,2024-09-12,soirée,,,16,16102,1,1,3,4,4,Voie communale,50.0,1
202400011729,2024-04-23,soirée,,,94,94079,1,1,3,4,3,Départementale,30.0,1
202400011730,2024-09-12,soirée,,,16,16015,5,2,6,3,4,Voie communale,30.0,2
202400011731,2024-04-23,matin,,,94,94017,2,7,6,4,4,Voie communale,,1
202400011732,2024-11-22,après-midi,,,83,83137,1,1,4,4,1,Autoroute,70.0,1
202400011733,2024-09-12,soirée,,,15,15014,1,1,3,4,4,Voie communale,50.0,1
202400011734,2024-11-24,soirée,,,69,69287,3,6,2,3,1,Autoroute,130.0,1
202400011735,2024-04-22,soirée,,,93,93071,3,1,6,4,4,Voie communale,30.0,1
202400011736,2024-09-12,après-midi,,,13,13216,1,1,3,3,4,Voie communale,,-1
202400011737,2024-11-18,matin,,,93,93006,1,2,3,4,1,Autoroute,90.0,2
202400011738,2024-04-23,soirée,,,93,93062,5,1,3,4,3,Départementale,50.0,1
202400011739,2024-09-12,après-midi,,,13,13005,1,1,3,4,7,Autre,80.0,1
202400011740,2024-11-19,soirée,,,77,77058,3,2,2,4,1,Autoroute,130.0,2
202400011741,2024-04-23,matin,,,93,93055,1,1,3,4,3,Départementale,30.0,1
202400011742,2024-09-17,nuit,,,30,30010,3,1,7,3,3,Départementale,50.0,1
202400011743,2024-04-23,nuit,,,93,93046,5,1,6,4,3,Départementale,50.0,1
202400011744,2024-09-23,soirée,,,74,74012,5,1,6,3,4,Voie communale,50.0,1
202400011745,2024-09-12,après-midi,,,13,13001,1,1,1,3,4,Voie communale,50.0,1
202400011746,2024-04-23,après-midi,,,92,92064,1,1,7,4,3,Départementale,50.0,1
202400011747,2024-08-02,matin,,,84,84089,1,1,3,4,4,Voie communale,50.0,1
202400011748,2024-08-22,soirée,,,11,11262,1,7,3,4,4,Voie communale,50.0,1
202400011749,2024-04-23,matin,,,92,92047,1,1,3,4,3,Départementale,50.0,1
202400011750,2024-09-11,soirée,,,10,10362,1,2,3,4,4,Voie communale,50.0,2
202400011751,2024-07-23,nuit,,,88,88086,3,1,1,3,3,Départementale,80.0,1
202400011752,2024-04-23,après-midi,,,92,92044,1,1,2,4,4,Voie communale,30.0,1
202400011753,2024-09-12,matin,,,06,06088,1,1,6,4,4,Voie communale,50.0,1
202400011754,2024-11-23,matin,,,974,97416,1,1,1,4,2,Nationale,110.0,1
202400011755,2024-04-23,matin,,,92,92044,1,1,3,4,3,Départementale,50.0,1
202400011756,2024-09-07,matin,,,06,06104,1,1,1,3,3,Départementale,50.0,1
202400011757,2024-11-23,nuit,,,974,97407,3,1,6,4,2,Nationale,110.0,1
202400011758,2024-04-22,matin,,,92,92044,1,1,6,4,4,Voie communale,50.0,1
202400011759,2024-11-23,matin,,,973,97302,1,1,3,4,3,Départementale,50.0,1
202400011760,2024-09-12,nuit,,,01,01283,5,2,3,4,4,Voie communale,50.0,2
202400011761,2024-11-23,après-midi,,,69,69387,5,1,3,3,4,Voie communale,30.0,1
202400011762,2024-04-22,après-midi,,,92,92036,1,1,1,4,4,Voie communale,50.0,1
202400011763,2024-09-11,après-midi,,,01,01289,1,3,3,4,3,Départementale,70.0,2
202400011764,2024-11-23,après-midi,,,972,97213,2,2,6,4,2,Nationale,90.0,2
202400011765,2024-04-23,matin,,,92,92024,1,1,3,4,4,Voie communale,50.0,1
202400011766,2024-09-12,après-midi,,,75,75115,1,3,3,4,4,Voie communale,70.0,2
202400011767,2024-11-23,matin,,,972,97213,1,1,2,4,1,Autoroute,90.0,1
202400011768,2024-04-23,soirée,,,92,92004,1,1,2,4,3,Départementale,70.0,1
202400011769,2024-09-12,après-midi,,,75,75112,1,1,3,4,4,Voie communale,70.0,1
202400011770,2024-04-13,nuit,,,974,97415,5,1,6,3,4,Voie communale,50.0,1
202400011771,2024-11-23,matin,,,972,97213,2,2,2,4,1,Autoroute,70.0,2
202400011772,2024-04-23,soirée,,,31,31423,2,1,6,2,3,Départementale,50.0,1
202400011773,2024-09-12,nuit,,,75,75116,5,1,6,4,4,Voie communale,70.0,1
202400011774,2024-11-22,après-midi,,,972,97209,2,1,1,4,3,Départementale,50.0,1
202400011775,2024-04-22,nuit,,,972,97207,5,1,2,3,4,Voie communale,50.0,1
202400011776,2024-09-12,matin,,,75,75105,1,1,3,4,4,Voie communale,,1
202400011777,2024-11-22,après-midi,,,69,69385,5,1,3,4,4,Voie communale,50.0,1
202400011778,2024-04-23,après-midi,,,71,71566,1,1,3,3,3,Départementale,50.0,1
202400011779,2024-09-12,après-midi,,,75,75117,1,1,3,4,4,Voie communale,30.0,2
202400011780,2024-04-23,matin,,,91,91272,2,1,6,3,4,Voie communale,50.0,1
202400011781,2024-11-23,nuit,,,2B,2B120,5,1,2,4,2,Nationale,50.0,1
202400011782,2024-11-20,matin,,,971,97107,1,1,6,4,2,Nationale,50.0,1
202400011783,2024-09-11,après-midi,,,75,75117,1,1,5,4,4,Voie communale,30.0,1
202400011784,2024-04-24,après-midi,,,77,77444,1,1,6,4,3,Départementale,80.0,1
202400011785,2024-11-22,soirée,,,95,95268,5,1,1,4,3,Départementale,50.0,1
202400011786,2024-01-21,nuit,,,55,55008,3,4,1,4,3,Départementale,70.0,5
202400011787,2024-09-11,après-midi,,,75,75117,1,1,7,4,4,Voie communale,30.0,1
202400011788,2024-04-23,matin,,,46,46127,1,1,6,3,4,Voie communale,50.0,1
202400011789,2024-09-12,après-midi,,,75,75116,1,1,3,4,4,Voie communale,30.0,1
202400011790,2024-11-23,nuit,,,84,84035,5,1,6,4,4,Voie communale,30.0,1
202400011791,2024-04-22,matin,,,29,29217,1,1,7,3,2,Nationale,110.0,1
202400011792,2024-04-23,soirée,,,70,70119,2,1,7,4,4,Voie communale,80.0,1
202400011793,2024-11-23,nuit,,,84,84007,5,2,6,4,4,Voie communale,50.0,2
202400011794,2024-09-11,après-midi,,,75,75116,1,1,3,4,4,Voie communale,,1
202400011795,2024-04-23,soirée,,,14,14287,5,1,6,4,4,Voie communale,50.0,1
202400011796,2024-11-23,après-midi,,,82,82121,1,1,1,2,3,Départementale,50.0,1
202400011797,2024-09-11,soirée,,,75,75114,5,1,3,4,4,Voie communale,50.0,1
202400011798,2024-11-24,nuit,,,78,78551,3,1,7,4,3,Départementale,90.0,1
202400011799,2024-03-26,après-midi,,,73,73121,1,1,3,3,3,Départementale,80.0,1
202400011800,2024-09-12,soirée,,,75,75113,1,2,1,4,4,Voie communale,30.0,2
202400011801,2024-04-23,soirée,,,53,53271,1,1,1,3,4,Voie communale,80.0,1
202400011802,2024-11-23,matin,,,78,78126,4,1,6,3,2,Nationale,70.0,2
202400011803,2024-09-12,matin,,,75,75113,2,1,2,4,4,Voie communale,30.0,1
202400011804,2024-04-02,après-midi,,,27,27284,1,1,6,3,4,Voie communale,50.0,1
202400011805,2024-11-23,soirée,,,74,74010,5,1,2,4,4,Voie communale,30.0,1
202400011806,2024-04-23,matin,,,31,31395,1,1,2,4,1,Autoroute,90.0,1
202400011807,2024-09-11,après-midi,,,75,75113,1,1,3,4,4,Voie communale,30.0,1
202400011808,2024-04-23,après-midi,,,971,97103,1,1,1,3,4,Voie communale,50.0,1
202400011809,2024-11-23,soirée,,,71,71306,5,1,1,4,4,Voie communale,50.0,1
202400011810,2024-09-11,nuit,,,75,75112,5,2,2,4,4,Voie communale,50.0,2
202400011811,2024-04-24,matin,,,34,34240,1,1,3,2,3,Départementale,70.0,1
202400011812,2024-11-23,après-midi,,,71,71486,1,1,2,4,3,Départementale,50.0,1
202400011813,2024-09-12,soirée,,,75,75111,1,2,6,4,4,Voie communale,30.0,2
202400011814,2024-11-23,soirée,,,69,69259,5,1,6,4,4,Voie communale,30.0,1
202400011815,2024-04-24,matin,,,04,04245,1,1,3,4,3,Départementale,50.0,1
202400011816,2024-11-23,après-midi,,,64,64129,1,1,7,4,4,Voie communale,30.0,1
202400011817,2024-09-12,après-midi,,,94,94078,1,1,3,4,4,Voie communale,50.0,1
202400011818,2024-02-23,soirée,,,74,74128,3,1,3,3,3,Départementale,70.0,1
202400011819,2024-11-22,soirée,,,63,63300,5,9,3,3,3,Départementale,50.0,1
202400011820,2024-04-14,après-midi,,,40,40184,1,1,7,3,6,Autre,50.0,1
202400011821,2024-09-11,soirée,,,94,94068,1,1,3,4,4,Voie communale,30.0,1
202400011822,2024-11-22,après-midi,,,62,62119,1,7,3,4,4,Voie communale,50.0,1
202400011823,2024-09-12,nuit,,,94,94073,4,2,7,4,4,Voie communale,,2
202400011824,2024-04-24,soirée,,,80,80561,1,1,3,4,3,Départementale,50.0,1
202400011825,2024-11-23,après-midi,,,59,59299,1,1,3,3,4,Voie communale,50.0,2
202400011826,2024-09-12,après-midi,,,94,94022,1,1,3,4,3,Départementale,,1
202400011827,2024-11-23,soirée,,,59,59017,5,1,6,3,7,Autre,30.0,1
202400011828,2024-04-23,nuit,,,59,59400,5,2,7,4,3,Départementale,50.0,2
202400011829,2024-04-23,soirée,,,13,13214,5,1,2,4,1,Autoroute,70.0,1
202400011830,2024-11-23,après-midi,,,54,54184,1,1,2,4,4,Voie communale,50.0,1
202400011831,2024-09-12,nuit,,,94,94075,5,1,1,4,3,Départementale,30.0,1
202400011832,2024-04-23,nuit,,,13,13088,3,1,7,4,1,Autoroute,110.0,1
202400011833,2024-11-22,après-midi,,,54,54578,5,1,3,4,4,Voie communale,50.0,1
202400011834,2024-08-20,matin,,,94,94002,1,1,3,4,4,Voie communale,,1
202400011835,2024-11-23,matin,,,47,47001,1,1,6,3,4,Voie communale,30.0,1
202400011836,2024-04-22,après-midi,,,13,13212,1,1,3,4,1,Autoroute,70.0,1
202400011837,2024-11-23,après-midi,,,45,45286,1,1,6,4,3,Départementale,30.0,1
202400011838,2024-09-11,matin,,,94,94002,1,8,6,3,4,Voie communale,30.0,2
202400011839,2024-04-23,matin,,,67,67152,1,1,4,4,7,Autre,90.0,1
202400011840,2024-11-23,matin,,,45,45234,5,1,6,4,4,Voie communale,50.0,2
202400011841,2024-09-12,après-midi,,,93,93053,1,1,6,4,3,Départementale,30.0,1
202400011842,2024-04-23,soirée,,,78,78208,1,1,6,4,2,Nationale,70.0,1
202400011843,2024-11-23,après-midi,,,37,37214,1,1,2,4,4,Voie communale,50.0,1
202400011844,2024-04-23,matin,,,78,78646,1,1,2,4,2,Nationale,110.0,1
202400011845,2024-09-12,après-midi,,,93,93057,1,1,2,4,4,Voie communale,30.0,1
202400011846,2024-11-23,soirée,,,33,33119,5,8,2,4,4,Voie communale,50.0,1
202400011847,2024-04-22,après-midi,,,78,78029,1,1,2,4,1,Autoroute,110.0,1
202400011848,2024-09-11,après-midi,,,93,93061,1,1,3,4,4,Voie communale,50.0,1
202400011849,2024-11-23,soirée,,,33,33550,2,1,1,4,4,Voie communale,30.0,1
202400011850,2024-04-23,après-midi,,,93,93007,1,1,4,4,1,Autoroute,110.0,1
202400011851,2024-09-12,après-midi,,,93,93027,1,2,3,4,4,Voie communale,50.0,2
202400011852,2024-11-23,après-midi,,,33,33063,1,1,3,4,4,Voie communale,30.0,1
202400011853,2024-04-23,après-midi,,,93,93053,1,1,3,4,1,Autoroute,90.0,1
202400011854,2024-09-12,matin,,,93,93013,1,1,3,4,3,Départementale,50.0,1
202400011855,2024-04-23,après-midi,,,93,93005,1,1,3,4,1,Autoroute,90.0,1
202400011856,2024-11-23,après-midi,,,31,31555,1,1,4,4,1,Autoroute,90.0,1
202400011857,2024-09-12,matin,,,93,93013,2,1,3,4,3,Départementale,50.0,1
202400011858,2024-09-12,après-midi,,,93,93010,1,2,6,4,3,Départementale,50.0,2
202400011859,2024-04-23,matin,,,93,93063,1,1,4,4,1,Autoroute,70.0,1
202400011860,2024-11-22,après-midi,,,28,28134,2,4,3,4,4,Voie communale,50.0,2
202400011861,2024-09-12,après-midi,,,93,93001,1,1,1,4,3,Départementale,50.0,1
202400011862,2024-04-22,matin,,,93,93027,1,1,5,4,1,Autoroute,90.0,1
202400011863,2024-11-23,nuit,,,27,27234,3,1,6,4,4,Voie communale,80.0,5
202400011864,2024-09-12,soirée,,,92,92064,1,2,7,4,3,Départementale,50.0,2
202400011865,2024-04-23,après-midi,,,94,94028,1,1,3,4,1,Autoroute,90.0,1
202400011866,2024-11-22,après-midi,,,15,15014,1,1,7,4,4,Voie communale,50.0,1
202400011867,2024-09-12,après-midi,,,92,92048,1,2,1,4,4,Voie communale,50.0,2
202400011868,2024-04-23,après-midi,,,94,94017,1,1,6,2,1,Autoroute,90.0,1
202400011869,2024-11-23,après-midi,,,13,13209,1,8,7,2,3,Départementale,70.0,1
202400011870,2024-09-12,matin,,,92,92023,1,1,3,4,3,Départementale,50.0,1
202400011871,2024-11-23,nuit,,,13,13207,5,1,5,4,4,Voie communale,50.0,1
202400011872,2024-02-18,après-midi,,,95,95277,1,3,6,4,3,Départementale,50.0,2
202400011873,2024-09-12,soirée,,,92,92019,1,1,2,4,3,Départementale,50.0,1
202400011874,2024-02-18,matin,,,91,91326,1,2,6,4,3,Départementale,50.0,2
202400011875,2024-11-22,après-midi,,,13,13047,3,1,5,4,2,Nationale,80.0,1