Num_Acc,date,time_of_day,lat,long,dep,com,lum,atm,col,severity_index,catr,catr_label,vma,surf
202400011876,2024-09-12,matin,,,92,92012,1,1,3,4,3,Départementale,50.0,1
202400011877,2024-11-22,matin,,,12,12013,2,1,6,3,3,Départementale,50.0,1
202400011878,2024-02-19,matin,,,59,59508,1,1,3,4,1,Autoroute,50.0,1
202400011879,2024-11-22,après-midi,,,11,11262,2,8,6,3,4,Voie communale,50.0,1
202400011880,2024-09-12,après-midi,,,92,92009,1,2,2,4,3,Départementale,30.0,2
202400011881,2024-02-19,après-midi,,,52,52121,1,1,2,3,4,Voie communale,50.0,1
202400011882,2024-11-23,après-midi,,,07,07070,1,1,5,4,3,Départementale,50.0,1
202400011883,2024-09-12,matin,,,92,92002,1,1,3,4,4,Voie communale,30.0,1
202400011884,2024-02-22,matin,,,45,45234,1,2,2,4,4,Voie communale,50.0,2
202400011885,2024-04-21,nuit,,,987,98735,5,1,6,3,4,Voie communale,50.0,9
202400011886,2024-08-17,après-midi,,,47,47282,1,2,3,3,3,Départementale,80.0,2
202400011887,2024-11-23,soirée,,,03,03190,5,1,2,4,3,Départementale,50.0,1
202400011888,2024-04-22,nuit,,,69,69383,5,1,6,4,4,Voie communale,30.0,1
202400011889,2024-09-08,après-midi,,,24,24236,1,1,3,3,3,Départementale,50.0,1
202400011890,2024-11-23,après-midi,,,75,75113,1,1,3,3,4,Voie communale,30.0,1
202400011891,2024-04-22,soirée,,,69,69383,1,1,6,4,4,Voie communale,30.0,1
202400011892,2024-11-23,soirée,,,75,75106,5,1,6,3,4,Voie communale,30.0,1
202400011893,2024-09-12,après-midi,,,17,17172,1,1,3,3,3,Départementale,50.0,1
202400011894,2024-04-22,après-midi,,,69,69383,1,2,3,4,4,Voie communale,30.0,2
202400011895,2024-11-23,soirée,,,75,75111,5,1,2,4,4,Voie communale,30.0,1
202400011896,2024-09-09,après-midi,,,972,97204,1,2,3,4,2,Nationale,70.0,2
202400011897,2024-09-09,matin,,,972,97225,1,3,6,4,4,Voie communale,50.0,2
202400011898,2024-04-22,après-midi,,,69,69386,1,1,6,4,4,Voie communale,30.0,1
202400011899,2024-11-23,nuit,,,75,75109,5,1,3,4,4,Voie communale,30.0,1
202400011900,2024-11-23,après-midi,,,75,75108,1,8,2,4,4,Voie communale,30.0,1
202400011901,2024-09-12,nuit,,,974,97414,3,1,5,3,2,Nationale,110.0,1
202400011902,2024-04-22,après-midi,,,2B,2B033,1,8,6,4,4,Voie communale,50.0,1
202400011903,2024-11-22,soirée,,,94,94046,5,8,6,3,3,Départementale,50.0,2
202400011904,2024-04-22,matin,,,2B,2B033,1,8,2,4,2,Nationale,70.0,1
202400011905,2024-09-11,soirée,,,38,38239,1,3,3,4,3,Départementale,80.0,2
202400011906,2024-03-16,après-midi,,,971,97113,1,1,1,4,4,Voie communale,70.0,1
202400011907,2024-11-23,après-midi,,,93,93077,5,1,3,4,4,Voie communale,50.0,1
202400011908,2024-09-13,soirée,,,42,42271,3,1,2,4,7,Autre,50.0,1
202400011909,2024-11-23,matin,,,93,93062,1,1,6,4,4,Voie communale,50.0,1
202400011910,2024-04-22,matin,,,2A,2A004,1,1,3,4,2,Nationale,80.0,1
202400011911,2024-09-12,matin,,,14,14475,1,1,2,4,1,Autoroute,130.0,1
202400011912,2024-04-22,après-midi,,,95,95060,1,1,6,3,4,Voie communale,30.0,1
202400011913,2024-11-23,après-midi,,,93,93055,1,1,3,4,4,Voie communale,30.0,1
202400011914,2024-11-23,matin,,,93,93006,1,1,6,3,3,Départementale,30.0,1
202400011915,2024-04-22,soirée,,,95,95210,1,1,2,4,4,Voie communale,30.0,1
202400011916,2024-09-12,matin,,,44,44187,2,1,5,4,3,Départementale,70.0,1
202400011917,2024-11-23,après-midi,,,93,93001,1,1,3,4,4,Voie communale,30.0,1
202400011918,2024-04-20,après-midi,,,88,88087,1,1,3,4,3,Départementale,50.0,1
202400011919,2024-09-13,après-midi,,,57,57540,1,2,6,3,4,Voie communale,50.0,2
202400011920,2024-11-22,nuit,,,92,92022,3,4,3,4,3,Départementale,30.0,7
202400011921,2024-04-21,nuit,,,86,86133,3,1,6,4,4,Voie communale,50.0,1
202400011922,2024-09-12,après-midi,,,59,59624,1,1,6,3,4,Voie communale,,1
202400011923,2024-09-12,matin,,,56,56061,3,1,6,3,3,Départementale,80.0,1
202400011924,2024-04-22,après-midi,,,84,84007,1,1,3,4,4,Voie communale,50.0,1
202400011925,2024-11-23,après-midi,,,92,92064,5,1,7,4,3,Départementale,50.0,2
202400011926,2024-04-21,après-midi,,,80,80021,1,1,6,4,4,Voie communale,30.0,1
202400011927,2024-09-13,matin,,,82,82112,1,1,6,2,3,Départementale,30.0,1
202400011928,2024-11-23,après-midi,,,92,92026,1,1,3,4,4,Voie communale,50.0,1
202400011929,2024-04-18,après-midi,,,78,78640,1,1,6,3,4,Voie communale,50.0,1
202400011930,2024-11-23,matin,,,92,92025,1,1,3,4,4,Voie communale,50.0,1
202400011931,2024-09-13,après-midi,,,11,11040,1,6,1,3,3,Départementale,70.0,1
202400011932,2024-04-22,après-midi,,,77,77284,1,1,6,4,4,Voie communale,50.0,1
202400011933,2024-11-22,matin,,,80,80693,1,2,3,4,3,Départementale,50.0,2
202400011934,2024-04-21,nuit,,,76,76351,5,1,6,2,4,Voie communale,50.0,1
202400011935,2024-09-11,après-midi,,,11,11255,1,1,1,3,3,Départementale,70.0,1
202400011936,2024-11-23,nuit,,,95,95395,3,1,1,4,3,Départementale,70.0,1
202400011937,2024-04-21,nuit,,,72,72181,5,1,6,4,4,Voie communale,50.0,1
202400011938,2024-09-13,matin,,,63,63276,2,1,6,4,3,Départementale,50.0,2
202400011939,2024-11-23,après-midi,,,85,85233,5,2,3,3,3,Départementale,50.0,2
202400011940,2024-04-22,matin,,,69,69029,1,1,2,4,4,Voie communale,50.0,1
202400011941,2024-09-10,après-midi,,,63,63034,1,1,7,3,3,Départementale,90.0,1
202400011942,2024-11-24,matin,,,14,14061,1,6,6,4,3,Départementale,90.0,2
202400011943,2024-11-23,soirée,,,30,30299,3,2,7,3,3,Départementale,80.0,2
202400011944,2024-09-12,après-midi,,,12,12037,1,1,7,3,3,Départementale,90.0,1
202400011945,2024-04-22,matin,,,69,69091,1,8,3,4,7,Autre,80.0,1
202400011946,2024-09-11,matin,,,22,22251,1,1,6,3,4,Voie communale,50.0,1
202400011947,2024-11-22,soirée,,,76,76755,3,8,6,4,4,Voie communale,50.0,2
202400011948,2024-04-22,matin,,,67,67482,1,1,3,3,4,Voie communale,50.0,1
202400011949,2024-09-12,soirée,,,44,44069,3,1,1,3,3,Départementale,50.0,1
202400011950,2024-11-23,après-midi,,,82,82097,2,1,3,3,3,Départementale,80.0,1
202400011951,2024-04-21,nuit,,,67,67482,5,2,3,2,4,Voie communale,30.0,2
202400011952,2024-09-12,après-midi,,,29,29135,1,1,3,4,3,Départementale,50.0,1
202400011953,2024-11-23,nuit,,,65,65258,5,1,3,3,4,Voie communale,30.0,1
202400011954,2024-04-21,matin,,,64,64102,5,1,6,4,3,Départementale,50.0,1
202400011955,2024-11-22,après-midi,,,65,65002,2,1,4,4,2,Nationale,80.0,1
202400011956,2024-04-20,soirée,,,59,59334,2,2,6,4,3,Départementale,90.0,2
202400011957,2024-11-24,après-midi,,,89,89315,3,1,6,3,4,Voie communale,90.0,1
202400011958,2024-09-13,matin,,,70,70236,1,1,3,4,3,Départementale,90.0,1
202400011959,2024-11-24,matin,,,61,61145,1,1,7,3,3,Départementale,50.0,1
202400011960,2024-09-12,matin,,,72,72344,1,1,3,4,3,Départementale,70.0,1
202400011961,2024-04-22,après-midi,,,54,54096,1,1,6,4,4,Voie communale,80.0,1
202400011962,2024-11-23,après-midi,,,61,61123,1,1,3,4,3,Départementale,80.0,1
202400011963,2024-09-13,après-midi,,,14,14540,1,1,7,4,3,Départementale,80.0,1
202400011964,2024-11-24,après-midi,,,55,55566,3,1,7,3,3,Départementale,90.0,1
202400011965,2024-09-12,après-midi,,,50,50429,1,1,7,3,3,Départementale,80.0,1
202400011966,2024-11-22,nuit,,,55,55204,3,1,2,4,3,Départementale,90.0,2
202400011967,2024-09-13,matin,,,60,60670,1,1,6,4,3,Départementale,80.0,1
202400011968,2024-11-24,matin,,,49,49261,1,1,3,4,3,Départementale,50.0,1
202400011969,2024-09-13,matin,,,16,16421,1,1,7,3,3,Départementale,50.0,1
202400011970,2024-04-22,soirée,,,51,51108,1,2,3,4,4,Voie communale,50.0,2
202400011971,2024-11-23,après-midi,,,47,47004,2,1,6,2,3,Départementale,80.0,1
202400011972,2024-09-12,soirée,,,53,53180,1,1,7,2,4,Voie communale,50.0,1
202400011973,2024-11-21,matin,,,22,22079,1,4,1,4,3,Départementale,80.0,5
202400011974,2024-04-22,matin,,,49,49353,1,1,3,4,3,Départementale,50.0,1
202400011975,2024-09-13,matin,,,40,40185,1,1,6,2,3,Départementale,80.0,1
202400011976,2024-11-23,matin,,,29,29076,3,2,6,3,3,Départementale,70.0,2
202400011977,2024-04-22,matin,,,45,45234,1,1,2,4,7,Autre,50.0,1
202400011978,2024-11-23,soirée,,,31,31145,3,9,6,3,3,Départementale,80.0,1
202400011979,2024-09-12,après-midi,,,04,04024,1,1,7,3,3,Départementale,80.0,1
202400011980,2024-04-22,après-midi,,,44,44184,1,1,3,4,4,Voie communale,30.0,1
202400011981,2024-11-23,après-midi,,,50,50487,1,6,6,3,3,Départementale,50.0,1
202400011982,2024-09-12,après-midi,,,17,17353,1,1,3,3,3,Départementale,30.0,1
202400011983,2024-11-24,nuit,,,60,60021,3,1,7,4,3,Départementale,80.0,1
202400011984,2024-04-22,matin,,,34,34108,1,1,1,4,4,Voie communale,50.0,1
202400011985,2024-09-12,soirée,,,30,30348,1,1,3,4,3,Départementale,50.0,1
202400011986,2024-11-23,après-midi,,,18,18281,1,1,1,4,3,Départementale,50.0,1
202400011987,2024-11-24,nuit,,,10,10031,3,8,6,2,3,Départementale,80.0,2
202400011988,2024-09-13,nuit,,,13,13118,3,1,1,2,3,Départementale,80.0,1
202400011989,2024-04-21,nuit,,,34,34129,3,1,2,4,7,Autre,90.0,1
202400011990,2024-11-24,matin,,,24,24547,1,1,7,3,4,Voie communale,80.0,2
202400011991,2024-09-10,après-midi,,,68,68267,1,1,2,4,1,Autoroute,130.0,1
202400011992,2024-04-22,matin,,,33,33075,1,1,3,4,4,Voie communale,50.0,1
202400011993,2024-11-23,soirée,,,85,85084,5,1,3,3,4,Voie communale,50.0,1
202400011994,2024-11-15,nuit,,,08,08255,3,1,6,3,3,Départementale,50.0,1
202400011995,2024-09-12,soirée,,,30,30169,1,1,6,4,1,Autoroute,130.0,1
202400011996,2024-09-13,matin,,,77,77474,1,1,2,4,2,Nationale,90.0,1
202400011997,2024-11-22,après-midi,,,38,38229,1,1,1,4,7,Autre,50.0,1
202400011998,2024-04-22,matin,,,13,13047,1,6,2,4,4,Voie communale,50.0,1
202400011999,2024-11-23,matin,,,987,98729,1,1,7,3,2,Nationale,60.0,1
202400012000,2024-09-13,nuit,,,66,66065,3,1,5,2,3,Départementale,110.0,1
202400012001,2024-11-24,après-midi,,,988,98814,1,2,6,4,4,Voie communale,,2
202400012002,2024-09-13,matin,,,83,83047,1,7,3,4,4,Voie communale,50.0,1
202400012003,2024-04-21,nuit,,,75,75116,5,1,5,4,4,Voie communale,70.0,1
202400012004,2024-11-23,après-midi,,,971,97117,1,1,3,3,2,Nationale,50.0,1
202400012005,2024-11-24,matin,,,21,21540,1,6,6,4,7,Autre,110.0,2
202400012006,2024-09-12,matin,,,13,13105,1,1,3,3,3,Départementale,80.0,1
202400012007,2024-04-22,matin,,,75,75106,1,1,3,4,4,Voie communale,30.0,1
202400012008,2024-09-12,matin,,,21,21183,1,1,6,3,3,Départementale,80.0,1
202400012009,2024-11-22,après-midi,,,18,18207,1,1,3,4,2,Nationale,50.0,1
202400012010,2024-04-06,soirée,,,75,75106,1,1,3,4,4,Voie communale,30.0,1
202400012011,2024-09-13,après-midi,,,55,55122,1,1,6,4,3,Départementale,50.0,1
202400012012,2024-11-23,après-midi,,,34,34327,2,2,3,3,7,Autre,70.0,2
202400012013,2024-04-22,soirée,,,75,75111,1,1,3,4,4,Voie communale,30.0,1
202400012014,2024-09-12,après-midi,,,42,42046,1,1,3,4,4,Voie communale,,1
202400012015,2024-11-23,soirée,,,84,84067,3,1,3,4,3,Départementale,80.0,1
202400012016,2024-09-12,soirée,,,40,40114,2,1,7,4,3,Départementale,80.0,1
202400012017,2024-11-23,nuit,,,69,69001,3,6,6,3,3,Départementale,80.0,1
202400012018,2024-04-22,soirée,,,75,75103,1,1,2,4,4,Voie communale,30.0,1
202400012019,2024-09-12,après-midi,,,85,85226,1,1,3,4,3,Départementale,,1
202400012020,2024-04-20,soirée,,,94,94068,1,1,6,4,4,Voie communale,,1
202400012021,2024-09-13,matin,,,50,50025,1,1,3,4,3,Départementale,50.0,1
202400012022,2024-11-24,nuit,,,35,35019,3,6,6,4,3,Départementale,30.0,2
202400012023,2024-04-22,matin,,,94,94043,1,1,6,4,3,Départementale,50.0,1
202400012024,2024-11-15,après-midi,,,60,60139,1,1,1,4,4,Voie communale,50.0,1
202400012025,2024-09-12,matin,,,35,35012,2,1,1,4,3,Départementale,80.0,1
202400012026,2024-04-21,après-midi,,,94,94048,1,8,2,4,2,Nationale,50.0,2
202400012027,2024-04-17,après-midi,,,27,27213,1,1,3,4,3,Départementale,80.0,1
202400012028,2024-04-22,matin,,,93,93073,1,1,3,4,4,Voie communale,,1
202400012029,2024-09-12,soirée,,,62,62060,1,1,6,4,3,Départementale,50.0,1
202400012030,2024-04-22,après-midi,,,93,93071,1,2,3,4,3,Départementale,50.0,2
202400012031,2024-09-12,matin,,,13,13207,1,1,2,4,1,Autoroute,50.0,1
202400012032,2024-04-21,nuit,,,93,93064,5,1,6,4,3,Départementale,30.0,1
202400012033,2024-04-21,après-midi,,,93,93045,1,1,1,4,3,Départementale,50.0,1
202400012034,2024-09-12,nuit,,,13,13056,3,2,2,4,1,Autoroute,50.0,2
202400012035,2024-04-22,soirée,,,92,92064,1,1,6,4,3,Départementale,50.0,1
202400012036,2024-09-07,matin,,,13,13071,1,1,2,4,1,Autoroute,90.0,1
202400012037,2024-04-22,après-midi,,,92,92064,1,1,3,4,3,Départementale,50.0,1
202400012038,2024-04-22,matin,,,92,92063,1,1,3,4,4,Voie communale,30.0,1
202400012039,2024-09-08,après-midi,,,67,67482,1,1,5,4,7,Autre,50.0,1
202400012040,2024-04-22,après-midi,,,92,92049,1,1,3,4,4,Voie communale,50.0,1
202400012041,2024-04-20,soirée,,,92,92026,1,9,3,4,4,Voie communale,50.0,1
202400012042,2024-09-12,après-midi,,,33,33550,1,1,4,4,1,Autoroute,110.0,1
202400012043,2024-04-16,soirée,,,92,92026,1,1,3,4,3,Départementale,50.0,1
202400012044,2024-09-12,nuit,,,59,59343,3,1,6,3,1,Autoroute,90.0,1
202400012045,2024-09-12,après-midi,,,91,91434,1,2,2,4,1,Autoroute,110.0,2
202400012046,2024-04-09,nuit,,,92,92024,5,1,3,4,4,Voie communale,30.0,1
202400012047,2024-09-12,matin,,,94,94038,2,1,4,4,1,Autoroute,90.0,1
202400012048,2024-04-22,après-midi,,,92,92014,1,1,6,3,3,Départementale,30.0,1
202400012049,2024-09-11,soirée,,,92,92048,3,1,2,4,2,Nationale,90.0,1
202400012050,2024-04-21,matin,,,33,33478,1,1,6,3,9,Autre,20.0,1
202400012051,2024-04-23,soirée,,,76,76054,1,1,6,4,3,Départementale,80.0,1
202400012052,2024-09-11,après-midi,,,93,93066,1,1,7,4,1,Autoroute,50.0,1
202400012053,2024-04-23,après-midi,,,91,91666,1,1,1,4,3,Départementale,70.0,1
202400012054,2024-09-12,après-midi,,,77,77517,1,1,2,3,1,Autoroute,90.0,1
202400012055,2024-04-23,matin,,,83,83091,1,1,3,3,3,Départementale,50.0,1
202400012056,2024-09-12,matin,,,94,94052,1,1,3,2,1,Autoroute,70.0,1
202400012057,2024-03-23,soirée,,,79,79307,1,1,5,2,3,Départementale,50.0,1
202400012058,2024-09-12,matin,,,77,77384,1,1,2,3,1,Autoroute,130.0,1
202400012059,2024-04-22,après-midi,,,95,95026,1,1,6,3,4,Voie communale,50.0,1
202400012060,2024-06-19,soirée,,,14,14047,1,1,6,3,3,Départementale,50.0,1
202400012061,2024-04-23,après-midi,,,65,65258,1,1,2,4,3,Départementale,50.0,1
202400012062,2024-04-23,matin,,,65,65330,1,1,6,3,3,Départementale,50.0,1
202400012063,2024-09-11,matin,,,44,44109,2,2,6,3,4,Voie communale,30.0,2
202400012064,2024-04-01,soirée,,,71,71479,1,2,6,2,9,Autre,50.0,6
202400012065,2024-04-16,soirée,,,92,92023,5,1,2,3,3,Départementale,30.0,1
202400012066,2024-04-22,après-midi,,,63,63378,1,1,7,3,3,Départementale,50.0,1
202400012067,2024-04-23,après-midi,,,63,63368,1,1,6,3,3,Départementale,90.0,1
202400012068,2024-09-11,matin,,,974,97416,1,1,4,4,4,Voie communale,110.0,1
202400012069,2024-04-22,après-midi,,,47,47280,1,1,1,4,4,Voie communale,50.0,1
202400012070,2024-04-22,après-midi,,,31,31579,1,1,4,4,3,Départementale,80.0,1
202400012071,2024-09-11,matin,,,974,97416,1,1,2,4,2,Nationale,110.0,1
202400012072,2024-04-23,matin,,,50,50412,1,1,6,3,4,Voie communale,50.0,1
202400012073,2024-04-21,après-midi,,,60,60577,1,1,6,3,2,Nationale,80.0,1
202400012074,2024-04-21,après-midi,,,53,53027,1,1,7,4,3,Départementale,80.0,1
202400012075,2024-09-11,soirée,,,974,97411,5,1,2,4,4,Voie communale,50.0,1
202400012076,2024-04-22,après-midi,,,53,53247,1,1,3,4,4,Voie communale,80.0,1
202400012077,2024-09-11,matin,,,974,97411,1,1,3,4,4,Voie communale,30.0,1
202400012078,2024-04-21,nuit,,,21,21638,5,1,6,4,3,Départementale,50.0,1
202400012079,2024-09-11,soirée,,,974,97407,3,1,2,4,2,Nationale,110.0,1
202400012080,2024-09-11,nuit,,,69,69388,5,1,6,4,4,Voie communale,30.0,1
202400012081,2024-04-23,après-midi,,,87,87032,1,1,3,3,2,Nationale,80.0,1
202400012082,2024-04-21,après-midi,,,30,30050,1,1,7,3,3,Départementale,70.0,1
202400012083,2024-09-10,matin,,,95,95323,2,1,6,3,4,Voie communale,50.0,1
202400012084,2024-04-12,soirée,,,973,97309,5,1,3,4,3,Départementale,,1
202400012085,2024-09-11,soirée,,,91,91103,1,1,3,4,9,Autre,30.0,1
202400012086,2024-04-19,après-midi,,,33,33284,1,1,4,4,1,Autoroute,130.0,1
202400012087,2024-04-22,après-midi,,,34,34022,1,1,2,4,1,Autoroute,90.0,1
202400012088,2024-08-24,après-midi,,,89,89387,1,1,3,4,4,Voie communale,50.0,1
202400012089,2024-04-22,matin,,,30,30189,1,1,2,4,1,Autoroute,130.0,1
202400012090,2024-09-11,après-midi,,,87,87050,1,2,6,4,3,Départementale,70.0,2
202400012091,2024-04-21,après-midi,,,988,98830,1,1,7,4,3,Départementale,90.0,1
202400012092,2024-04-22,après-midi,,,77,77089,1,1,3,4,3,Départementale,90.0,1
202400012093,2024-04-22,matin,,,77,77508,1,1,1,3,3,Départementale,80.0,1
202400012094,2024-09-10,après-midi,,,81,81004,1,1,6,4,4,Voie communale,50.0,1
202400012095,2024-04-23,après-midi,,,34,34157,1,1,5,4,3,Départementale,70.0,1
202400012096,2024-04-17,après-midi,,,84,84067,1,1,6,3,4,Voie communale,50.0,1
202400012097,2024-09-09,matin,,,80,80021,1,2,3,4,4,Voie communale,50.0,2
202400012098,2024-04-22,après-midi,,,83,83068,1,2,2,3,3,Départementale,50.0,2
202400012099,2024-04-22,après-midi,,,13,13059,1,1,1,3,3,Départementale,50.0,1
202400012100,2024-04-22,soirée,,,67,67463,2,1,7,3,3,Départementale,90.0,1
202400012101,2024-09-11,après-midi,,,78,78551,1,1,6,4,4,Voie communale,30.0,1
202400012102,2024-04-22,soirée,,,07,07326,1,8,6,3,3,Départementale,50.0,2
202400012103,2024-04-22,nuit,,,50,50041,3,1,6,3,3,Départementale,80.0,1
202400012104,2024-04-23,après-midi,,,27,27008,1,1,6,4,4,Voie communale,50.0,1
202400012105,2024-09-11,soirée,,,78,78005,1,1,3,4,3,Départementale,,1
202400012106,2024-09-10,après-midi,,,77,77495,1,1,6,3,4,Voie communale,50.0,1
202400012107,2024-02-03,après-midi,,,33,33063,1,1,3,3,4,Voie communale,30.0,1
202400012108,2024-04-22,matin,,,76,76567,1,1,3,4,3,Départementale,70.0,1
202400012109,2024-02-03,après-midi,,,31,31555,2,8,3,4,4,Voie communale,30.0,1
202400012110,2024-04-19,matin,,,59,59212,1,1,6,4,3,Départementale,50.0,1
202400012111,2024-09-11,après-midi,,,77,77143,1,1,3,3,3,Départementale,80.0,1
202400012112,2024-04-20,après-midi,,,59,59350,1,1,3,4,2,Nationale,70.0,1
202400012113,2024-09-11,après-midi,,,77,77284,1,1,6,4,4,Voie communale,20.0,1
202400012114,2024-04-20,nuit,,,59,59350,5,1,7,3,1,Autoroute,70.0,9
202400012115,2024-09-11,matin,,,77,77143,1,8,7,4,3,Départementale,90.0,1
202400012116,2024-02-02,après-midi,,,19,19272,1,1,3,4,4,Voie communale,50.0,1
202400012117,2024-04-22,matin,,,92,92025,1,1,2,4,1,Autoroute,90.0,1
202400012118,2024-02-03,après-midi,,,16,16102,1,1,6,2,4,Voie communale,50.0,1
202400012119,2024-09-12,nuit,,,69,69256,5,2,3,3,4,Voie communale,50.0,3
202400012120,2024-04-22,matin,,,95,95042,1,1,2,4,2,Nationale,90.0,1
202400012121,2024-02-03,soirée,,,14,14118,5,1,7,3,4,Voie communale,50.0,1
202400012122,2024-09-11,après-midi,,,69,69256,1,1,6,4,4,Voie communale,50.0,1
202400012123,2024-04-22,matin,,,93,93053,1,1,3,4,1,Autoroute,70.0,1
202400012124,2024-09-11,après-midi,,,69,69264,1,1,6,4,4,Voie communale,50.0,1
202400012125,2024-04-22,matin,,,93,93007,1,1,2,4,1,Autoroute,90.0,1
202400012126,2024-02-03,matin,,,13,13203,1,1,3,4,4,Voie communale,50.0,1
202400012127,2024-09-07,nuit,,,64,64445,5,1,2,4,4,Voie communale,30.0,1
202400012128,2024-04-21,nuit,,,93,93064,4,1,2,4,1,Autoroute,70.0,1
202400012129,2024-02-03,après-midi,,,13,13028,1,1,1,2,4,Voie communale,50.0,1
202400012130,2024-02-03,après-midi,,,09,09225,1,1,6,4,4,Voie communale,30.0,1
202400012131,2024-09-11,matin,,,62,62133,1,1,7,4,4,Voie communale,50.0,1
202400012132,2024-04-21,nuit,,,95,95604,3,1,3,4,1,Autoroute,130.0,1
202400012133,2024-02-03,matin,,,75,75117,1,1,4,4,4,Voie communale,70.0,1
202400012134,2024-08-05,après-midi,,,13,13212,1,1,4,4,1,Autoroute,70.0,1
202400012135,2024-09-04,après-midi,,,62,62270,1,1,4,4,3,Départementale,50.0,1
202400012136,2024-02-03,matin,,,75,75118,1,1,6,3,4,Voie communale,50.0,1
202400012137,2024-04-21,soirée,,,974,97411,3,2,4,3,2,Nationale,90.0,2
202400012138,2024-07-25,matin,,,83,83137,1,1,2,4,1,Autoroute,70.0,1
202400012139,2024-09-05,après-midi,,,59,59196,1,1,6,4,6,Autre,30.0,1
202400012140,2024-04-21,après-midi,,,974,97411,1,1,1,4,2,Nationale,90.0,1
202400012141,2024-02-03,soirée,,,75,75105,5,8,6,4,4,Voie communale,30.0,1
202400012142,2024-08-06,matin,,,33,33281,1,1,7,3,1,Autoroute,50.0,1
202400012143,2024-04-21,après-midi,,,973,97302,1,2,6,4,2,Nationale,50.0,2
202400012144,2024-02-03,après-midi,,,75,75115,1,8,7,4,4,Voie communale,30.0,1
202400012145,2024-09-10,après-midi,,,56,56098,1,8,7,4,4,Voie communale,50.0,1
202400012146,2024-08-05,nuit,,,92,92072,3,1,7,4,2,Nationale,70.0,1
202400012147,2024-04-21,nuit,,,973,97309,4,2,7,4,3,Départementale,50.0,2
202400012148,2024-02-02,soirée,,,75,75112,5,1,2,3,4,Voie communale,50.0,1
202400012149,2024-09-10,après-midi,,,56,56121,1,1,3,4,3,Départementale,30.0,1
202400012150,2024-04-21,après-midi,,,971,97101,1,1,3,4,4,Voie communale,50.0,1
202400012151,2024-08-05,soirée,,,95,95527,1,1,2,4,1,Autoroute,110.0,1
202400012152,2024-02-03,après-midi,,,75,75110,1,8,3,4,4,Voie communale,30.0,1
202400012153,2024-09-11,matin,,,53,53130,1,1,6,3,4,Voie communale,50.0,1
202400012154,2024-04-20,soirée,,,971,97101,5,3,7,4,4,Voie communale,50.0,2
202400012155,2024-08-06,soirée,,,77,77146,1,1,3,4,2,Nationale,90.0,1
202400012156,2024-09-11,soirée,,,51,51454,5,1,6,4,4,Voie communale,30.0,1
202400012157,2024-02-03,nuit,,,94,94067,5,2,6,4,3,Départementale,50.0,2
202400012158,2024-04-20,matin,,,971,97120,1,1,6,4,3,Départementale,50.0,1
202400012159,2024-05-19,soirée,,,34,34172,2,1,7,2,4,Voie communale,,1
202400012160,2024-02-02,nuit,,,94,94080,5,2,6,4,3,Départementale,50.0,2
202400012161,2024-09-11,après-midi,,,51,51454,1,1,3,4,4,Voie communale,50.0,1
202400012162,2024-04-21,nuit,,,95,95203,3,1,6,4,3,Départementale,30.0,1
202400012163,2024-02-03,nuit,,,94,94052,5,2,6,4,3,Départementale,50.0,2
202400012164,2024-09-11,matin,,,51,51454,2,2,6,4,4,Voie communale,50.0,2
202400012165,2024-08-05,après-midi,,,973,97302,1,1,1,4,4,Voie communale,50.0,1
202400012166,2024-08-05,après-midi,,,972,97209,1,1,6,3,4,Voie communale,30.0,1
202400012167,2024-09-07,nuit,,,51,51506,5,1,2,4,4,Voie communale,50.0,1
202400012168,2024-04-16,après-midi,,,95,95476,1,1,4,4,2,Nationale,110.0,1
202400012169,2024-02-02,soirée,,,94,94060,5,1,2,4,4,Voie communale,,1
202400012170,2024-09-11,soirée,,,49,49007,1,1,3,3,4,Voie communale,50.0,1
202400012171,2024-08-04,soirée,,,972,97209,3,2,1,4,3,Départementale,30.0,2
202400012172,2024-02-02,après-midi,,,93,93047,1,1,3,4,4,Voie communale,50.0,1
202400012173,2024-09-10,après-midi,,,49,49267,1,1,3,4,4,Voie communale,50.0,1
202400012174,2024-04-21,après-midi,,,91,91692,1,1,4,4,3,Départementale,70.0,1
202400012175,2024-08-05,après-midi,,,69,69389,1,1,3,4,4,Voie communale,30.0,1
202400012176,2024-02-03,après-midi,,,93,93071,1,1,2,4,3,Départementale,50.0,1
202400012177,2024-09-10,après-midi,,,41,41212,1,1,2,4,3,Départementale,90.0,1
202400012178,2024-08-05,après-midi,,,971,97101,1,1,6,4,3,Départementale,50.0,1
202400012179,2024-04-21,après-midi,,,91,91174,1,1,1,4,4,Voie communale,30.0,1
202400012180,2024-02-02,soirée,,,92,92050,5,1,3,4,3,Départementale,10.0,1
202400012181,2024-09-11,matin,,,37,37208,2,3,3,4,4,Voie communale,50.0,2
202400012182,2024-08-04,nuit,,,971,97101,3,1,6,4,4,Voie communale,80.0,1
202400012183,2024-04-21,matin,,,91,91223,1,1,6,4,4,Voie communale,30.0,9
202400012184,2024-02-03,nuit,,,92,92049,5,1,6,4,4,Voie communale,50.0,1
202400012185,2024-08-04,nuit,,,971,97101,4,1,6,4,3,Départementale,50.0,1
202400012186,2024-04-21,matin,,,83,83090,1,1,7,4,3,Départementale,50.0,1
202400012187,2024-09-11,après-midi,,,35,35238,1,1,2,4,4,Voie communale,30.0,1