Num_Acc,date,time_of_day,lat,long,dep,com,lum,atm,col,severity_index,catr,catr_label,vma,surf
202400012188,2024-08-03,soirée,,,971,97101,3,1,6,4,4,Voie communale,70.0,1
202400012189,2024-02-03,après-midi,,,92,92048,1,8,3,4,4,Voie communale,30.0,1
202400012190,2024-09-11,matin,,,35,35238,1,1,6,4,4,Voie communale,50.0,1
202400012191,2024-04-20,après-midi,,,78,78551,1,1,6,3,4,Voie communale,50.0,1
202400012192,2024-02-03,nuit,,,92,92026,5,2,6,4,4,Voie communale,50.0,2
202400012193,2024-07-31,nuit,,,95,95268,5,1,2,4,4,Voie communale,50.0,1
202400012194,2024-04-21,après-midi,,,78,78423,1,8,6,4,4,Voie communale,30.0,1
202400012195,2024-02-03,après-midi,,,92,92024,1,1,6,4,3,Départementale,50.0,1
202400012196,2024-09-11,soirée,,,31,31555,2,2,4,4,1,Autoroute,90.0,2
202400012197,2024-08-03,après-midi,,,91,91377,1,1,3,4,3,Départementale,50.0,1
202400012198,2024-02-03,soirée,,,92,92007,5,1,1,3,4,Voie communale,50.0,1
202400012199,2024-09-10,matin,,,29,29019,1,1,3,4,4,Voie communale,2.0,1
202400012200,2024-08-02,matin,,,89,89287,1,1,2,4,4,Voie communale,50.0,1
202400012201,2024-01-12,soirée,,,50,50541,3,1,7,3,3,Départementale,80.0,1
202400012202,2024-08-02,après-midi,,,87,87085,1,1,6,4,4,Voie communale,50.0,1
202400012203,2024-09-11,après-midi,,,28,28134,1,1,3,4,3,Départementale,50.0,1
202400012204,2024-02-03,après-midi,,,22,22311,1,1,3,4,3,Départementale,80.0,1
202400012205,2024-09-11,matin,,,25,25056,1,2,3,4,4,Voie communale,50.0,2
202400012206,2024-04-21,après-midi,,,77,77441,1,1,3,4,3,Départementale,50.0,1
202400012207,2024-02-03,après-midi,,,49,49092,1,1,1,3,3,Départementale,80.0,1
202400012208,2024-08-04,matin,,,84,84007,1,1,3,4,4,Voie communale,50.0,1
202400012209,2024-09-11,nuit,,,22,22360,3,1,6,4,3,Départementale,50.0,1
202400012210,2024-02-03,soirée,,,31,31575,3,1,6,2,3,Départementale,50.0,1
202400012211,2024-08-05,soirée,,,83,83137,1,1,6,4,4,Voie communale,10.0,1
202400012212,2024-02-04,nuit,,,974,97412,3,1,6,4,4,Voie communale,50.0,1
202400012213,2024-09-10,après-midi,,,22,22215,1,1,3,4,4,Voie communale,30.0,1
202400012214,2024-12-11,soirée,,,78,78172,3,1,2,4,2,Nationale,80.0,1
202400012215,2024-02-03,après-midi,,,62,62261,1,1,3,4,3,Départementale,50.0,1
202400012216,2024-08-05,après-midi,,,83,83062,1,1,1,3,4,Voie communale,50.0,1
202400012217,2024-12-16,soirée,,,77,77379,5,9,6,3,4,Voie communale,50.0,1
202400012218,2024-09-10,soirée,,,14,14118,1,1,6,3,4,Voie communale,50.0,1
202400012219,2024-02-03,soirée,,,44,44149,3,1,3,3,4,Voie communale,80.0,1
202400012220,2024-08-05,matin,,,83,83062,1,1,3,4,4,Voie communale,50.0,1
202400012221,2024-09-11,après-midi,,,13,13103,1,1,6,3,4,Voie communale,50.0,1
202400012222,2024-12-30,soirée,,,77,77449,5,2,3,4,4,Voie communale,50.0,2
202400012223,2024-08-04,matin,,,83,83034,1,1,1,4,3,Départementale,70.0,1
202400012224,2024-02-04,après-midi,,,30,30315,1,1,7,3,2,Nationale,80.0,1
202400012225,2024-09-10,matin,,,13,13207,1,1,3,3,4,Voie communale,50.0,1
202400012226,2024-08-01,après-midi,,,83,83118,1,1,1,4,3,Départementale,70.0,1
202400012227,2024-12-27,soirée,,,76,76351,5,1,6,4,4,Voie communale,50.0,1
202400012228,2024-09-09,après-midi,,,10,10333,1,2,3,4,4,Voie communale,50.0,2
202400012229,2024-02-03,après-midi,,,56,56036,1,1,5,3,3,Départementale,80.0,1
202400012230,2024-08-05,soirée,,,82,82033,1,1,7,4,4,Voie communale,70.0,1
202400012231,2024-12-30,matin,,,72,72181,2,1,2,4,3,Départementale,50.0,1
202400012232,2024-09-11,soirée,,,03,03101,1,2,3,4,3,Départementale,90.0,2
202400012233,2024-02-03,après-midi,,,76,76488,1,8,3,3,3,Départementale,80.0,2
202400012234,2024-12-30,soirée,,,71,71306,5,1,6,4,4,Voie communale,50.0,1
202400012235,2024-08-05,soirée,,,82,82033,1,1,3,4,4,Voie communale,30.0,1
202400012236,2024-02-04,matin,,,2A,2A362,1,1,6,3,2,Nationale,50.0,1
202400012237,2024-09-04,matin,,,02,02304,1,1,6,4,4,Voie communale,50.0,1
202400012238,2024-12-30,matin,,,67,67482,1,8,6,3,4,Voie communale,50.0,1
202400012239,2024-08-05,matin,,,82,82033,1,1,2,4,3,Départementale,70.0,1
202400012240,2024-01-30,matin,,,81,81073,1,1,3,3,3,Départementale,80.0,1
202400012241,2024-12-28,après-midi,,,66,66136,1,1,3,3,4,Voie communale,,1
202400012242,2024-08-05,soirée,,,81,81065,1,1,2,4,4,Voie communale,50.0,1
202400012243,2024-12-30,après-midi,,,64,64335,1,1,7,4,3,Départementale,70.0,1
202400012244,2024-02-03,après-midi,,,71,71014,2,1,3,4,4,Voie communale,20.0,1
202400012245,2024-09-11,après-midi,,,75,75117,1,1,5,4,4,Voie communale,70.0,1
202400012246,2024-08-06,nuit,,,81,81257,5,1,1,4,4,Voie communale,50.0,1
202400012247,2024-12-29,après-midi,,,64,64445,1,1,6,4,4,Voie communale,50.0,1
202400012248,2024-02-03,matin,,,89,89189,1,8,3,4,3,Départementale,90.0,1
202400012249,2024-02-03,nuit,,,63,63196,3,5,6,3,3,Départementale,90.0,2
202400012250,2024-08-03,soirée,,,80,80021,1,1,7,3,4,Voie communale,100.0,1
202400012251,2024-12-30,nuit,,,64,64024,5,1,1,3,4,Voie communale,50.0,1
202400012252,2024-09-11,matin,,,75,75116,1,1,2,4,4,Voie communale,70.0,2
202400012253,2024-02-01,matin,,,61,61066,1,5,6,4,2,Nationale,110.0,2
202400012254,2024-08-05,après-midi,,,80,80001,1,1,3,4,3,Départementale,50.0,1
202400012255,2024-01-18,après-midi,,,49,49183,1,1,7,3,3,Départementale,90.0,1
202400012256,2024-09-11,matin,,,75,75120,1,1,3,4,4,Voie communale,70.0,1
202400012257,2024-02-04,après-midi,,,42,42128,1,5,6,4,2,Nationale,80.0,2
202400012258,2024-12-30,matin,,,62,62041,5,8,6,3,4,Voie communale,50.0,2
202400012259,2024-08-04,après-midi,,,78,78551,1,1,2,3,2,Nationale,70.0,1
202400012260,2024-12-23,soirée,,,49,49099,3,1,7,4,4,Voie communale,70.0,2
202400012261,2024-09-11,nuit,,,75,75120,5,2,6,4,4,Voie communale,50.0,2
202400012262,2024-02-04,matin,,,42,42092,1,1,1,4,7,Autre,70.0,2
202400012263,2024-12-30,après-midi,,,49,49007,1,1,6,4,4,Voie communale,50.0,1
202400012264,2024-08-05,matin,,,77,77475,1,1,2,4,3,Départementale,50.0,1
202400012265,2024-02-04,matin,,,47,47252,5,5,1,4,4,Voie communale,50.0,2
202400012266,2024-09-11,nuit,,,75,75114,5,2,7,4,4,Voie communale,50.0,2
202400012267,2024-08-02,soirée,,,76,76351,1,1,7,3,4,Voie communale,50.0,1
202400012268,2024-02-02,après-midi,,,47,47119,2,1,7,3,3,Départementale,80.0,1
202400012269,2024-12-30,matin,,,49,49007,1,1,3,4,4,Voie communale,30.0,2
202400012270,2024-02-02,soirée,,,34,34252,3,1,6,4,3,Départementale,90.0,1
202400012271,2024-09-10,soirée,,,75,75115,1,1,3,4,4,Voie communale,70.0,1
202400012272,2024-08-03,après-midi,,,76,76351,1,2,7,4,4,Voie communale,50.0,2
202400012273,2024-12-17,après-midi,,,42,42218,1,1,6,2,7,Autre,90.0,2
202400012274,2024-02-04,après-midi,,,15,15144,1,7,2,3,2,Nationale,80.0,1
202400012275,2024-12-18,après-midi,,,40,40192,1,1,6,4,4,Voie communale,50.0,1
202400012276,2024-09-09,après-midi,,,75,75117,1,8,6,2,4,Voie communale,30.0,1
202400012277,2024-12-31,nuit,,,33,33063,5,1,6,4,4,Voie communale,30.0,1
202400012278,2024-02-03,après-midi,,,01,01457,1,8,3,4,3,Départementale,80.0,1
202400012279,2024-08-05,soirée,,,71,71059,1,1,7,4,3,Départementale,80.0,1
202400012280,2024-02-04,nuit,,,90,90007,3,2,1,4,2,Nationale,70.0,2
202400012281,2024-09-09,matin,,,75,75101,1,1,6,4,4,Voie communale,30.0,1
202400012282,2024-12-30,matin,,,33,33281,1,5,1,4,4,Voie communale,50.0,2
202400012283,2024-08-05,nuit,,,69,69266,5,1,6,4,4,Voie communale,30.0,1
202400012284,2024-02-03,après-midi,,,64,64051,1,1,2,3,3,Départementale,80.0,1
202400012285,2024-12-30,soirée,,,33,33529,5,1,1,4,4,Voie communale,50.0,1
202400012286,2024-09-11,matin,,,75,75105,1,2,3,4,4,Voie communale,30.0,9
202400012287,2024-08-05,matin,,,67,67482,1,1,7,4,4,Voie communale,50.0,1
202400012288,2024-02-04,après-midi,,,18,18054,1,1,1,4,3,Départementale,90.0,1
202400012289,2024-08-05,soirée,,,64,64132,1,1,1,4,4,Voie communale,50.0,1
202400012290,2024-12-30,soirée,,,30,30007,5,1,3,4,4,Voie communale,50.0,1
202400012291,2024-09-10,après-midi,,,75,75120,1,8,6,4,4,Voie communale,50.0,1
202400012292,2024-08-05,soirée,,,64,64024,1,1,7,4,4,Voie communale,50.0,1
202400012293,2024-02-04,après-midi,,,07,07230,1,7,1,4,3,Départementale,90.0,1
202400012294,2024-12-30,soirée,,,22,22113,3,1,6,4,3,Départementale,110.0,2
202400012295,2024-09-11,matin,,,75,75119,1,1,3,4,4,Voie communale,30.0,2
202400012296,2024-12-29,après-midi,,,14,14118,1,8,1,4,4,Voie communale,50.0,1
202400012297,2024-08-05,matin,,,64,64024,1,1,2,4,3,Départementale,50.0,1
202400012298,2024-02-04,nuit,,,87,87205,3,5,3,3,3,Départementale,80.0,1
202400012299,2024-02-04,nuit,,,08,08367,3,2,6,4,3,Départementale,70.0,2
202400012300,2024-08-05,matin,,,64,64102,1,1,3,4,3,Départementale,50.0,1
202400012301,2024-12-30,soirée,,,13,13071,2,1,5,4,3,Départementale,30.0,1
202400012302,2024-09-11,matin,,,75,75117,1,1,3,4,4,Voie communale,30.0,1
202400012303,2024-07-22,soirée,,,62,62842,1,1,7,4,4,Voie communale,50.0,1
202400012304,2024-02-03,après-midi,,,67,67152,5,1,6,3,7,Autre,50.0,1
202400012305,2024-12-30,soirée,,,13,13208,5,1,1,4,4,Voie communale,50.0,1
202400012306,2024-07-22,après-midi,,,61,61006,1,1,3,4,3,Départementale,50.0,1
202400012307,2024-02-03,soirée,,,973,97309,5,1,3,4,3,Départementale,,1
202400012308,2024-09-11,matin,,,75,75117,2,8,3,4,4,Voie communale,30.0,2
202400012309,2024-08-04,matin,,,60,60159,1,1,6,4,4,Voie communale,50.0,1
202400012310,2024-02-04,après-midi,,,95,95371,1,8,5,4,3,Départementale,90.0,1
202400012311,2024-12-30,après-midi,,,13,13207,1,1,6,4,4,Voie communale,50.0,2
202400012312,2024-09-11,matin,,,75,75116,1,1,3,4,4,Voie communale,50.0,1
202400012313,2024-02-04,matin,,,988,98807,1,2,7,4,3,Départementale,110.0,2
202400012314,2024-12-30,après-midi,,,13,13206,1,1,1,4,4,Voie communale,50.0,1
202400012315,2024-08-05,après-midi,,,60,60057,1,1,1,4,4,Voie communale,30.0,1
202400012316,2024-09-11,après-midi,,,75,75115,1,1,6,4,4,Voie communale,30.0,1
202400012317,2024-12-30,nuit,,,13,13210,5,1,1,4,4,Voie communale,50.0,1
202400012318,2024-08-01,soirée,,,59,59421,1,1,3,4,7,Autre,30.0,1
202400012319,2024-09-11,après-midi,,,75,75115,1,1,6,4,4,Voie communale,,1
202400012320,2024-12-28,après-midi,,,75,75116,1,1,1,2,4,Voie communale,30.0,1
202400012321,2024-02-04,nuit,,,974,97420,3,1,5,4,2,Nationale,110.0,1
202400012322,2024-08-05,après-midi,,,59,59599,1,1,3,4,4,Voie communale,50.0,1
202400012323,2024-09-11,après-midi,,,75,75115,1,1,7,4,4,Voie communale,,1
202400012324,2024-02-04,nuit,,,971,97119,3,1,6,2,2,Nationale,80.0,1
202400012325,2024-12-30,après-midi,,,75,75111,1,8,3,4,4,Voie communale,30.0,1
202400012326,2024-08-05,nuit,,,59,59299,2,1,6,3,4,Voie communale,30.0,1
202400012327,2024-12-30,soirée,,,94,94028,5,1,6,4,3,Départementale,50.0,1
202400012328,2024-02-02,soirée,,,77,77358,3,2,1,3,3,Départementale,90.0,2
202400012329,2024-08-03,après-midi,,,56,56121,1,1,2,4,4,Voie communale,30.0,1
202400012330,2024-01-22,matin,,,77,77277,3,1,6,4,3,Départementale,80.0,2
202400012331,2024-12-29,nuit,,,94,94043,5,2,3,4,4,Voie communale,30.0,2
202400012332,2024-12-30,matin,,,94,94021,1,8,6,4,3,Départementale,50.0,1
202400012333,2024-09-10,matin,,,75,75115,1,1,4,4,4,Voie communale,30.0,1
202400012334,2024-02-02,après-midi,,,21,21133,1,1,6,3,3,Départementale,80.0,1
202400012335,2024-08-02,après-midi,,,56,56121,1,1,3,4,4,Voie communale,30.0,1
202400012336,2024-12-30,matin,,,92,92076,1,2,4,4,3,Départementale,50.0,2
202400012337,2024-09-10,soirée,,,75,75114,5,1,6,3,4,Voie communale,50.0,1
202400012338,2024-12-30,soirée,,,92,92040,5,1,3,4,3,Départementale,50.0,1
202400012339,2024-08-05,nuit,,,54,54526,5,1,3,4,4,Voie communale,50.0,1
202400012340,2024-02-03,soirée,,,31,31193,3,5,3,3,3,Départementale,80.0,1
202400012341,2024-09-11,matin,,,75,75113,1,8,4,4,4,Voie communale,30.0,1
202400012342,2024-12-30,soirée,,,12,12140,3,5,1,3,3,Départementale,90.0,7
202400012343,2024-02-04,nuit,,,17,17228,3,1,7,4,2,Nationale,50.0,1
202400012344,2024-08-05,après-midi,,,54,54526,1,1,3,4,4,Voie communale,50.0,1
202400012345,2024-09-10,matin,,,75,75112,1,1,1,4,4,Voie communale,30.0,1
202400012346,2024-02-02,après-midi,,,24,24068,1,7,6,3,3,Départementale,50.0,1
202400012347,2024-12-30,après-midi,,,68,68162,1,1,6,4,4,Voie communale,50.0,1
202400012348,2024-08-05,soirée,,,51,51454,1,1,7,3,4,Voie communale,50.0,1
202400012349,2024-12-30,soirée,,,972,97214,3,1,1,4,2,Nationale,70.0,1
202400012350,2024-02-03,après-midi,,,33,33256,1,1,1,4,3,Départementale,50.0,1
202400012351,2024-09-11,matin,,,75,75107,1,1,5,4,4,Voie communale,,2
202400012352,2024-12-30,soirée,,,56,56031,3,1,6,2,4,Voie communale,80.0,1
202400012353,2024-09-10,soirée,,,75,75101,5,8,6,4,4,Voie communale,30.0,1
202400012354,2024-08-04,après-midi,,,51,51454,1,1,3,4,4,Voie communale,50.0,1
202400012355,2024-12-07,soirée,,,79,79157,3,6,7,3,4,Voie communale,80.0,1
202400012356,2024-02-04,matin,,,85,85097,1,1,4,4,3,Départementale,80.0,1
202400012357,2024-12-20,après-midi,,,82,82042,1,1,7,4,4,Voie communale,80.0,1
202400012358,2024-08-04,après-midi,,,49,49099,1,1,3,4,3,Départementale,50.0,1
202400012359,2024-02-04,nuit,,,85,85302,4,1,7,4,3,Départementale,80.0,1
202400012360,2024-12-29,matin,,,82,82062,2,5,6,4,3,Départementale,70.0,1
202400012361,2024-08-05,soirée,,,49,49007,1,1,3,4,4,Voie communale,50.0,1
202400012362,2024-01-29,matin,,,72,72025,2,9,3,3,4,Voie communale,50.0,1
202400012363,2024-12-30,soirée,,,49,49259,3,1,7,4,3,Départementale,80.0,1
202400012364,2024-08-03,soirée,,,49,49007,2,1,7,3,4,Voie communale,50.0,1
202400012365,2024-12-31,après-midi,,,68,68074,1,5,7,3,3,Départementale,80.0,2
202400012366,2024-02-03,soirée,,,22,22067,3,1,3,4,3,Départementale,,1
202400012367,2024-08-03,matin,,,49,49007,2,1,7,4,4,Voie communale,50.0,1
202400012368,2024-12-31,nuit,,,02,02095,3,5,6,3,3,Départementale,80.0,2
202400012369,2024-02-03,après-midi,,,27,27439,1,1,2,4,2,Nationale,70.0,1
202400012370,2024-08-03,après-midi,,,47,47323,1,1,6,4,6,Autre,30.0,1
202400012371,2024-12-31,après-midi,,,84,84017,1,1,5,3,3,Départementale,80.0,1
202400012372,2024-02-03,nuit,,,60,60528,3,2,6,3,3,Départementale,80.0,2
202400012373,2024-08-05,soirée,,,45,45234,1,1,3,4,7,Autre,50.0,1
202400012374,2024-12-31,matin,,,15,15045,2,1,6,3,3,Départementale,90.0,1
202400012375,2024-02-04,nuit,,,80,80561,3,2,6,4,4,Voie communale,50.0,2
202400012376,2024-08-03,après-midi,,,45,45208,1,1,1,4,4,Voie communale,50.0,1
202400012377,2024-02-02,soirée,,,13,13211,3,1,3,4,1,Autoroute,90.0,1
202400012378,2024-12-30,matin,,,15,15187,1,1,3,3,3,Départementale,50.0,1
202400012379,2024-02-02,matin,,,13,13210,1,1,2,4,1,Autoroute,70.0,1
202400012380,2024-08-05,nuit,,,38,38185,5,1,1,4,4,Voie communale,50.0,1
202400012381,2024-12-09,soirée,,,50,50388,3,2,3,4,3,Départementale,80.0,2
202400012382,2024-02-03,nuit,,,13,13215,3,1,3,4,1,Autoroute,90.0,1
202400012383,2024-08-05,matin,,,37,37233,1,7,6,4,4,Voie communale,50.0,1
202400012384,2024-02-03,nuit,,,83,83035,3,1,6,4,1,Autoroute,50.0,1
202400012385,2024-08-05,matin,,,37,37261,1,1,6,4,4,Voie communale,50.0,1
202400012386,2024-12-30,matin,,,73,73159,1,5,1,4,3,Départementale,80.0,7
202400012387,2024-07-31,soirée,,,35,35288,1,1,6,4,3,Départementale,30.0,1
202400012388,2024-02-03,après-midi,,,92,92019,1,1,2,4,2,Nationale,90.0,2
202400012389,2024-02-03,matin,,,91,91617,1,2,6,4,2,Nationale,70.0,2
202400012390,2024-12-04,soirée,,,73,73171,5,1,6,3,4,Voie communale,50.0,1
202400012391,2024-02-03,matin,,,95,95394,1,2,6,4,1,Autoroute,70.0,2
202400012392,2024-12-19,matin,,,53,53125,1,8,1,3,3,Départementale,80.0,2
202400012393,2024-08-05,après-midi,,,35,35238,1,1,4,4,2,Nationale,90.0,1
202400012394,2024-02-03,nuit,,,95,95241,3,1,6,3,2,Nationale,110.0,1
202400012395,2024-02-02,soirée,,,94,94069,4,1,3,4,1,Autoroute,90.0,1
202400012396,2024-12-30,matin,,,24,24197,3,5,1,4,3,Départementale,90.0,1
202400012397,2024-08-05,nuit,,,33,33063,5,1,2,4,4,Voie communale,50.0,1
202400012398,2024-02-02,matin,,,988,98818,1,8,6,4,4,Voie communale,50.0,1
202400012399,2024-12-31,après-midi,,,04,04209,1,1,7,3,3,Départementale,50.0,2
202400012400,2024-08-05,après-midi,,,33,33063,1,1,2,4,4,Voie communale,50.0,1
202400012401,2024-01-31,après-midi,,,974,97411,1,1,6,4,4,Voie communale,30.0,1
202400012402,2024-12-30,après-midi,,,72,72386,3,2,2,4,1,Autoroute,130.0,2
202400012403,2024-08-05,après-midi,,,28,28220,1,1,3,4,4,Voie communale,50.0,1
202400012404,2024-12-31,nuit,,,80,80799,5,1,7,3,1,Autoroute,50.0,2
202400012405,2024-02-02,soirée,,,974,97409,5,1,1,3,3,Départementale,50.0,1
202400012406,2024-02-02,après-midi,,,974,97407,1,1,3,3,4,Voie communale,50.0,1
202400012407,2024-12-29,matin,,,988,98805,1,1,3,4,4,Voie communale,50.0,1
202400012408,2024-02-02,après-midi,,,973,97302,1,1,6,4,4,Voie communale,50.0,1
202400012409,2024-08-05,matin,,,25,25056,1,1,1,3,4,Voie communale,50.0,1
202400012410,2024-12-30,après-midi,,,13,13051,2,1,3,4,4,Voie communale,,1
202400012411,2024-02-02,matin,,,973,97302,1,1,3,4,3,Départementale,50.0,1
202400012412,2024-08-05,après-midi,,,14,14366,1,1,1,4,4,Voie communale,50.0,1
202400012413,2024-02-02,matin,,,69,69388,2,1,6,4,4,Voie communale,30.0,1
202400012414,2024-08-02,après-midi,,,14,14366,1,1,7,4,4,Voie communale,50.0,1
202400012415,2024-02-02,matin,,,972,97209,1,1,2,4,1,Autoroute,90.0,1
202400012416,2024-08-04,après-midi,,,14,14487,1,1,6,4,3,Départementale,80.0,1
202400012417,2024-12-30,après-midi,,,33,33205,1,8,4,4,1,Autoroute,130.0,1
202400012418,2024-02-02,après-midi,,,69,69382,1,1,3,4,4,Voie communale,30.0,1
202400012419,2024-08-05,soirée,,,13,13117,1,1,1,4,4,Voie communale,50.0,1
202400012420,2024-12-28,après-midi,,,11,11170,1,1,3,4,4,Voie communale,,1
202400012421,2024-02-02,matin,,,69,69385,1,1,6,3,4,Voie communale,50.0,1
202400012422,2024-12-30,matin,,,988,98808,1,1,7,3,2,Nationale,,1
202400012423,2024-08-05,nuit,,,13,13201,5,1,3,4,4,Voie communale,50.0,1
202400012424,2024-02-01,soirée,,,69,69381,5,1,3,3,4,Voie communale,50.0,1
202400012425,2024-04-27,soirée,,,986,98613,3,1,1,4,2,Nationale,70.0,1
202400012426,2024-02-02,matin,,,2B,2B120,1,1,5,4,2,Nationale,80.0,1
202400012427,2024-08-05,nuit,,,13,13215,5,1,3,4,4,Voie communale,50.0,1
202400012428,2024-02-02,matin,,,2B,2B033,2,7,6,4,4,Voie communale,50.0,1
202400012429,2024-08-05,soirée,,,13,13005,1,1,3,4,3,Départementale,30.0,1
202400012430,2024-02-02,matin,,,2A,2A004,5,1,6,4,4,Voie communale,50.0,1
202400012431,2024-12-31,après-midi,,,29,29234,1,1,2,4,3,Départementale,70.0,1
202400012432,2024-01-30,soirée,,,95,95428,5,1,1,4,3,Départementale,50.0,1
202400012433,2024-07-15,après-midi,,,12,12146,1,1,1,3,3,Départementale,70.0,1
202400012434,2024-12-30,soirée,,,2B,2B355,3,1,1,4,2,Nationale,80.0,1
202400012435,2024-02-02,matin,,,91,91161,5,8,6,4,3,Départementale,50.0,2
202400012436,2024-08-05,soirée,,,10,10387,2,1,3,3,4,Voie communale,50.0,1
202400012437,2024-12-31,matin,,,66,66037,1,1,3,4,4,Voie communale,50.0,1
202400012438,2024-12-29,après-midi,,,11,11178,1,7,6,2,3,Départementale,80.0,1
202400012439,2024-12-30,soirée,,,69,69204,5,5,1,4,4,Voie communale,50.0,2
202400012440,2024-02-02,après-midi,,,91,91228,1,1,6,3,3,Départementale,50.0,1
202400012441,2024-12-30,après-midi,,,44,44052,3,1,3,3,3,Départementale,70.0,1
202400012442,2024-12-29,après-midi,,,29,29042,2,1,7,4,3,Départementale,50.0,1
202400012443,2024-01-31,matin,,,87,87085,2,1,3,4,4,Voie communale,50.0,1
202400012444,2024-08-05,matin,,,06,06088,1,1,6,4,4,Voie communale,50.0,1
202400012445,2024-12-30,soirée,,,60,60222,3,5,3,4,3,Départementale,80.0,2
202400012446,2024-02-02,après-midi,,,30,30011,1,1,5,4,2,Nationale,90.0,1
202400012447,2024-08-04,matin,,,05,05023,1,1,3,4,2,Nationale,50.0,1
202400012448,2024-12-30,soirée,,,57,57206,3,2,2,4,1,Autoroute,110.0,2
202400012449,2024-02-02,après-midi,,,83,83137,1,1,6,3,3,Départementale,50.0,1
202400012450,2024-08-04,soirée,,,75,75114,1,1,2,4,4,Voie communale,70.0,1
202400012451,2024-08-02,soirée,,,75,75120,1,1,2,3,4,Voie communale,70.0,1
202400012452,2024-02-02,soirée,,,83,83061,5,1,3,4,3,Départementale,50.0,1
202400012453,2024-02-02,après-midi,,,78,78350,1,1,1,4,3,Départementale,50.0,1
202400012454,2024-08-05,matin,,,75,75117,1,1,3,4,4,Voie communale,30.0,1
202400012455,2024-12-28,après-midi,,,92,92025,2,1,4,4,1,Autoroute,90.0,1
202400012456,2024-02-01,soirée,,,78,78372,5,1,3,3,3,Départementale,50.0,1
202400012457,2024-07-13,soirée,,,972,97213,3,1,3,3,3,Départementale,80.0,1
202400012458,2024-08-04,soirée,,,75,75116,1,1,6,4,4,Voie communale,30.0,1
202400012459,2024-02-01,après-midi,,,77,77083,2,1,7,4,4,Voie communale,50.0,2
202400012460,2024-06-10,après-midi,,,91,91174,1,2,3,4,3,Départementale,50.0,2
202400012461,2024-08-05,après-midi,,,75,75110,1,1,6,4,4,Voie communale,30.0,1
202400012462,2024-01-16,matin,,,77,77373,2,1,2,3,2,Nationale,90.0,2
202400012463,2024-07-01,matin,,,03,03310,1,1,6,4,3,Départementale,,1
202400012464,2024-08-05,matin,,,75,75108,5,1,2,4,4,Voie communale,30.0,1
202400012465,2024-02-02,soirée,,,76,76486,4,1,6,3,7,Autre,50.0,1
202400012466,2024-02-03,nuit,,,03,03001,3,5,3,4,3,Départementale,90.0,1
202400012467,2024-08-05,matin,,,75,75103,1,1,6,4,4,Voie communale,30.0,1
202400012468,2024-01-08,soirée,,,03,03310,5,1,6,3,3,Départementale,50.0,1
202400012469,2024-02-02,matin,,,76,76231,2,8,3,4,7,Autre,70.0,2
202400012470,2024-12-28,après-midi,,,974,97411,1,1,6,2,4,Voie communale,50.0,1
202400012471,2024-08-04,nuit,,,75,75101,5,1,2,4,4,Voie communale,,1
202400012472,2024-02-01,soirée,,,76,76351,5,2,7,4,4,Voie communale,50.0,2
202400012473,2024-12-29,matin,,,973,97302,1,2,6,4,4,Voie communale,30.0,2
202400012474,2024-08-05,soirée,,,94,94073,1,1,6,3,9,Autre,50.0,1
202400012475,2024-02-01,matin,,,76,76351,2,2,6,4,4,Voie communale,50.0,2
202400012476,2024-12-29,nuit,,,69,69387,5,5,2,4,4,Voie communale,50.0,1
202400012477,2024-08-05,après-midi,,,94,94073,1,1,3,4,4,Voie communale,50.0,1
202400012478,2024-02-02,soirée,,,74,74012,5,1,1,4,4,Voie communale,50.0,1
202400012479,2024-12-29,matin,,,972,97209,1,1,7,3,3,Départementale,60.0,1
202400012480,2024-08-05,matin,,,94,94033,1,1,1,4,3,Départementale,50.0,1
202400012481,2024-12-29,après-midi,,,69,69149,2,5,3,4,4,Voie communale,30.0,2
202400012482,2024-01-25,matin,,,73,73008,1,1,2,4,4,Voie communale,30.0,1
202400012483,2024-08-05,après-midi,,,94,94017,1,1,3,3,3,Départementale,50.0,1
202400012484,2024-02-02,matin,,,72,72181,1,1,6,4,4,Voie communale,50.0,1
202400012485,2024-12-29,matin,,,95,95252,5,1,2,4,1,Autoroute,50.0,2
202400012486,2024-08-05,nuit,,,95,95527,4,1,3,4,4,Voie communale,70.0,1
202400012487,2024-02-01,soirée,,,72,72181,5,1,2,4,4,Voie communale,30.0,1
202400012488,2024-12-29,après-midi,,,91,91027,5,2,4,4,3,Départementale,70.0,2
202400012489,2024-08-04,nuit,,,93,93055,5,1,6,4,3,Départementale,50.0,1
202400012490,2024-02-01,après-midi,,,72,72181,1,1,3,4,4,Voie communale,50.0,1
202400012491,2024-12-29,matin,,,83,83062,1,1,6,3,3,Départementale,50.0,1
202400012492,2024-08-05,matin,,,93,93050,1,1,6,4,3,Départementale,50.0,1
202400012493,2024-12-29,matin,,,78,78586,1,1,6,2,4,Voie communale,30.0,1
202400012494,2024-08-05,soirée,,,93,93046,1,1,6,4,4,Voie communale,50.0,1
202400012495,2024-12-29,nuit,,,76,76108,5,2,6,4,7,Autre,50.0,2
202400012496,2024-01-31,après-midi,,,72,72181,2,1,2,4,9,Autre,50.0,1
202400012497,2024-08-03,soirée,,,93,93014,1,2,6,4,4,Voie communale,50.0,2
202400012498,2024-12-29,soirée,,,76,76217,5,1,2,4,4,Voie communale,50.0,1
202400012499,2024-02-02,après-midi,,,71,71445,1,1,2,4,3,Départementale,80.0,1