Num_Acc,date,time_of_day,lat,long,dep,com,lum,atm,col,severity_index,catr,catr_label,vma,surf
202400012500,2024-08-05,matin,,,93,93057,1,1,3,4,3,Départementale,30.0,1
202400012501,2024-12-29,nuit,,,69,69259,5,1,7,4,4,Voie communale,50.0,1
202400012502,2024-01-29,après-midi,,,70,70550,1,7,6,4,2,Nationale,50.0,1
202400012503,2024-12-29,soirée,,,69,69029,5,1,3,4,4,Voie communale,30.0,1
202400012504,2024-08-05,nuit,,,93,93005,5,1,3,4,4,Voie communale,50.0,1
202400012505,2024-12-29,soirée,,,66,66136,5,1,6,4,4,Voie communale,50.0,1
202400012506,2024-08-05,après-midi,,,93,93001,1,1,6,4,3,Départementale,40.0,1
202400012507,2024-02-02,nuit,,,69,69256,5,1,1,4,4,Voie communale,30.0,1
202400012508,2024-12-28,après-midi,,,64,64483,2,1,3,4,4,Voie communale,50.0,1
202400012509,2024-08-03,soirée,,,92,92035,2,2,3,3,3,Départementale,30.0,2
202400012510,2024-12-23,après-midi,,,62,62427,1,1,3,3,4,Voie communale,50.0,2
202400012511,2024-02-02,après-midi,,,69,69199,1,1,3,4,4,Voie communale,30.0,1
202400012512,2024-12-29,après-midi,,,56,56260,1,1,2,4,4,Voie communale,20.0,1
202400012513,2024-08-05,matin,,,92,92024,1,1,3,4,3,Départementale,50.0,1
202400012514,2024-02-02,soirée,,,64,64122,5,1,2,4,4,Voie communale,30.0,1
202400012515,2024-02-03,nuit,,,64,64024,4,2,2,4,4,Voie communale,50.0,2
202400012516,2024-08-04,soirée,,,35,35151,1,1,6,3,3,Départementale,80.0,1
202400012517,2024-12-28,après-midi,,,56,56260,1,1,3,4,4,Voie communale,30.0,1
202400012518,2024-12-29,matin,,,54,54323,1,1,6,3,3,Départementale,50.0,1
202400012519,2024-02-01,après-midi,,,64,64024,1,8,2,4,4,Voie communale,30.0,2
202400012520,2024-12-28,après-midi,,,39,39300,1,7,6,4,4,Voie communale,50.0,7
202400012521,2024-07-18,matin,,,37,37082,1,1,3,4,3,Départementale,80.0,1
202400012522,2024-02-02,nuit,,,62,62563,5,1,6,3,3,Départementale,50.0,1
202400012523,2024-12-29,nuit,,,29,29232,3,1,6,4,2,Nationale,110.0,1
202400012524,2024-08-05,matin,,,86,86128,1,1,3,4,3,Départementale,50.0,1
202400012525,2024-12-28,après-midi,,,19,19031,1,1,1,4,3,Départementale,30.0,1
202400012526,2024-02-02,matin,,,59,59560,1,1,6,4,7,Autre,50.0,1
202400012527,2024-08-06,nuit,,,22,22368,3,1,6,3,4,Voie communale,30.0,1
202400012528,2024-12-28,matin,,,13,13056,1,1,3,4,4,Voie communale,30.0,1
202400012529,2024-08-05,après-midi,,,68,68112,1,1,6,4,4,Voie communale,,1
202400012530,2024-02-02,matin,,,59,59350,5,1,3,4,4,Voie communale,30.0,1
202400012531,2024-12-28,soirée,,,08,08409,5,2,5,3,4,Voie communale,50.0,2
202400012532,2024-12-30,nuit,,,04,04070,5,1,6,2,4,Voie communale,50.0,9
202400012533,2024-02-02,nuit,,,59,59350,5,1,3,2,7,Autre,50.0,1
202400012534,2024-08-03,après-midi,,,13,13078,1,1,3,4,3,Départementale,80.0,1
202400012535,2024-11-13,matin,,,04,04070,5,1,6,3,4,Voie communale,50.0,7
202400012536,2024-02-02,après-midi,,,57,57751,1,1,6,3,4,Voie communale,50.0,1
202400012537,2024-07-25,après-midi,,,83,83054,1,7,2,4,1,Autoroute,110.0,1
202400012538,2024-02-02,matin,,,56,56083,2,2,6,4,3,Départementale,30.0,2
202400012539,2024-12-29,soirée,,,75,75119,5,1,3,4,4,Voie communale,30.0,1
202400012540,2024-08-05,soirée,,,972,97203,3,1,1,4,2,Nationale,70.0,1
202400012541,2024-02-01,soirée,,,56,56121,1,1,6,4,4,Voie communale,50.0,1
202400012542,2024-12-29,matin,,,75,75115,1,1,6,4,4,Voie communale,30.0,1
202400012543,2024-08-05,après-midi,,,35,35172,1,1,1,4,3,Départementale,70.0,1
202400012544,2024-02-02,matin,,,56,56083,2,2,2,4,2,Nationale,110.0,2
202400012545,2024-12-28,soirée,,,75,75109,5,1,3,4,4,Voie communale,30.0,1
202400012546,2024-01-29,après-midi,,,54,54528,1,7,1,3,4,Voie communale,50.0,1
202400012547,2024-12-29,matin,,,75,75117,5,1,6,4,4,Voie communale,30.0,1
202400012548,2024-08-04,nuit,,,35,35235,3,1,6,4,3,Départementale,80.0,1
202400012549,2024-08-04,après-midi,,,67,67391,1,1,7,4,3,Départementale,80.0,1
202400012550,2024-12-29,matin,,,75,75104,1,1,6,3,4,Voie communale,30.0,1
202400012551,2024-02-02,matin,,,54,54395,1,1,3,4,4,Voie communale,30.0,1
202400012552,2024-08-06,après-midi,,,22,22018,1,1,1,4,3,Départementale,30.0,1
202400012553,2024-01-30,après-midi,,,52,52121,1,1,2,4,4,Voie communale,50.0,1
202400012554,2024-12-29,matin,,,94,94060,3,8,3,4,3,Départementale,50.0,1
202400012555,2024-08-04,après-midi,,,79,79307,1,1,1,3,3,Départementale,50.0,1
202400012556,2024-12-29,après-midi,,,93,93050,5,1,2,4,3,Départementale,50.0,1
202400012557,2024-02-02,après-midi,,,51,51454,2,1,2,4,4,Voie communale,70.0,2
202400012558,2024-08-05,après-midi,,,44,44195,1,1,6,3,2,Nationale,110.0,1
202400012559,2024-12-29,soirée,,,93,93047,5,2,3,4,4,Voie communale,50.0,2
202400012560,2024-02-01,après-midi,,,51,51454,1,2,2,4,4,Voie communale,50.0,2
202400012561,2024-08-04,nuit,,,87,87143,3,1,6,3,3,Départementale,80.0,1
202400012562,2024-08-06,matin,,,51,51212,1,1,7,3,3,Départementale,80.0,1
202400012563,2024-12-29,soirée,,,92,92064,2,2,4,4,3,Départementale,50.0,2
202400012564,2024-02-01,après-midi,,,51,51454,1,1,3,4,4,Voie communale,50.0,1
202400012565,2024-08-05,après-midi,,,59,59663,1,1,3,3,3,Départementale,70.0,1
202400012566,2024-12-29,soirée,,,92,92044,5,2,7,4,4,Voie communale,50.0,2
202400012567,2024-02-02,soirée,,,38,38563,3,1,1,4,3,Départementale,90.0,1
202400012568,2024-08-04,matin,,,67,67199,1,1,3,2,3,Départementale,80.0,1
202400012569,2024-02-02,matin,,,38,38185,1,1,1,4,4,Voie communale,30.0,1
202400012570,2024-08-05,soirée,,,76,76336,1,1,7,3,4,Voie communale,80.0,1
202400012571,2024-12-29,nuit,,,92,92024,5,2,2,4,3,Départementale,50.0,2
202400012572,2024-02-02,nuit,,,38,38053,3,1,1,4,3,Départementale,80.0,1
202400012573,2024-08-06,matin,,,76,76655,1,1,6,3,3,Départementale,50.0,1
202400012574,2024-12-29,après-midi,,,92,92007,5,2,3,4,4,Voie communale,50.0,2
202400012575,2024-12-29,nuit,,,01,01290,3,5,6,2,3,Départementale,80.0,7
202400012576,2024-08-04,nuit,,,79,79351,3,1,6,3,3,Départementale,50.0,1
202400012577,2024-02-02,soirée,,,37,37233,2,1,3,4,4,Voie communale,50.0,1
202400012578,2024-08-04,nuit,,,80,80228,5,1,7,3,3,Départementale,50.0,1
202400012579,2024-12-29,après-midi,,,76,76652,1,1,1,3,3,Départementale,80.0,1
202400012580,2024-02-02,nuit,,,35,35278,3,1,6,4,7,Autre,110.0,1
202400012581,2024-12-19,soirée,,,01,01033,4,2,6,4,3,Départementale,70.0,2
202400012582,2024-02-01,nuit,,,35,35238,5,1,6,3,4,Voie communale,30.0,1
202400012583,2024-08-04,matin,,,82,82093,1,1,1,4,3,Départementale,50.0,1
202400012584,2024-12-29,soirée,,,56,56053,5,1,3,4,3,Départementale,30.0,1
202400012585,2024-02-02,matin,,,35,35115,1,5,6,4,4,Voie communale,30.0,1
202400012586,2024-12-07,soirée,,,80,80533,5,2,6,4,4,Voie communale,50.0,2
202400012587,2024-08-06,matin,,,63,63276,1,7,3,4,3,Départementale,90.0,1
202400012588,2024-12-28,matin,,,71,71157,1,1,7,4,3,Départementale,80.0,1
202400012589,2024-02-02,soirée,,,34,34129,5,1,3,4,7,Autre,50.0,1
202400012590,2024-12-30,après-midi,,,89,89485,1,1,6,4,3,Départementale,90.0,1
202400012591,2024-08-05,soirée,,,63,63022,1,1,2,4,3,Départementale,90.0,1
202400012592,2024-02-03,nuit,,,33,33281,3,1,3,4,4,Voie communale,50.0,1
202400012593,2024-12-30,après-midi,,,63,63267,1,1,6,3,3,Départementale,50.0,1
202400012594,2024-08-06,matin,,,12,12258,1,1,6,2,3,Départementale,90.0,1
202400012595,2024-12-29,nuit,,,47,47019,3,5,6,3,3,Départementale,80.0,1
202400012596,2024-02-02,nuit,,,33,33063,5,1,3,4,4,Voie communale,30.0,1
202400012597,2024-08-04,soirée,,,12,12088,1,1,6,4,3,Départementale,90.0,1
202400012598,2024-02-02,soirée,,,29,29232,5,2,6,4,4,Voie communale,50.0,2
202400012599,2024-08-05,soirée,,,68,68273,1,1,6,3,3,Départementale,80.0,1
202400012600,2024-02-02,après-midi,,,29,29232,1,1,5,4,4,Voie communale,50.0,1
202400012601,2024-12-27,matin,,,01,01304,1,7,4,4,3,Départementale,70.0,1
202400012602,2024-08-05,après-midi,,,25,25357,1,1,7,2,9,Autre,,1
202400012603,2024-12-29,nuit,,,26,26042,4,1,6,3,4,Voie communale,50.0,1
202400012604,2024-08-03,matin,,,29,29220,2,1,6,4,3,Départementale,110.0,1
202400012605,2024-02-02,nuit,,,29,29019,5,2,3,4,4,Voie communale,50.0,2
202400012606,2024-08-05,nuit,,,02,02141,3,1,3,3,2,Nationale,80.0,1
202400012607,2024-12-30,matin,,,40,40046,1,5,1,2,3,Départementale,80.0,1
202400012608,2024-02-01,après-midi,,,29,29019,1,1,3,4,4,Voie communale,50.0,2
202400012609,2024-08-06,nuit,,,84,84030,2,1,6,3,3,Départementale,80.0,1
202400012610,2024-12-29,après-midi,,,24,24211,3,1,1,3,3,Départementale,80.0,1
202400012611,2024-02-01,matin,,,29,29019,2,2,3,4,4,Voie communale,50.0,2
202400012612,2024-08-06,après-midi,,,03,03018,1,1,1,4,3,Départementale,90.0,1
202400012613,2024-12-29,après-midi,,,06,06030,1,1,2,4,1,Autoroute,110.0,1
202400012614,2024-01-30,après-midi,,,28,28085,1,8,7,4,3,Départementale,30.0,1
202400012615,2024-12-29,soirée,,,91,91017,3,1,6,3,1,Autoroute,130.0,1
202400012616,2024-08-05,soirée,,,01,01124,3,1,1,3,3,Départementale,80.0,1
202400012617,2024-02-02,nuit,,,28,28085,5,5,6,4,4,Voie communale,30.0,1
202400012618,2024-12-29,nuit,,,978,97801,5,2,1,4,4,Voie communale,50.0,2
202400012619,2024-08-06,matin,,,70,70398,1,7,1,3,3,Départementale,80.0,1
202400012620,2024-02-01,matin,,,27,27229,1,2,2,4,4,Voie communale,50.0,2
202400012621,2024-12-29,après-midi,,,73,73176,1,1,3,4,3,Départementale,80.0,1
202400012622,2024-08-06,matin,,,58,58083,1,1,6,4,3,Départementale,50.0,1
202400012623,2024-02-02,soirée,,,26,26362,5,1,3,3,4,Voie communale,50.0,1
202400012624,2024-12-29,soirée,,,73,73054,3,1,1,4,3,Départementale,80.0,1
202400012625,2024-02-02,matin,,,26,26252,1,1,6,2,3,Départementale,80.0,1
202400012626,2024-12-28,soirée,,,01,01043,5,1,7,3,4,Voie communale,20.0,1
202400012627,2024-08-06,matin,,,66,66063,1,1,3,4,3,Départementale,80.0,1
202400012628,2024-02-01,soirée,,,19,19031,2,1,3,4,4,Voie communale,50.0,1
202400012629,2024-08-05,après-midi,,,72,72165,1,1,1,3,4,Voie communale,50.0,1
202400012630,2024-12-30,après-midi,,,17,17219,1,8,4,4,3,Départementale,80.0,1
202400012631,2024-02-02,nuit,,,17,17274,3,1,7,4,3,Départementale,80.0,2
202400012632,2024-12-29,après-midi,,,56,56146,1,8,7,2,4,Voie communale,50.0,2
202400012633,2024-08-04,après-midi,,,14,14078,1,1,3,3,3,Départementale,90.0,1
202400012634,2024-12-29,après-midi,,,13,13203,1,1,3,4,1,Autoroute,50.0,1
202400012635,2024-08-05,après-midi,,,05,05142,1,1,6,3,2,Nationale,80.0,1
202400012636,2024-02-02,après-midi,,,16,16015,1,1,3,4,4,Voie communale,30.0,1
202400012637,2024-12-27,après-midi,,,13,13015,1,1,2,4,1,Autoroute,70.0,1
202400012638,2024-02-01,nuit,,,14,14059,3,1,7,4,4,Voie communale,80.0,2
202400012639,2024-08-05,soirée,,,45,45272,1,1,2,3,3,Départementale,90.0,1
202400012640,2024-02-01,après-midi,,,14,14366,1,1,7,4,4,Voie communale,30.0,2
202400012641,2024-12-29,nuit,,,69,69276,3,5,1,3,1,Autoroute,90.0,2
202400012642,2024-08-05,matin,,,64,64326,1,1,2,3,3,Départementale,80.0,1
202400012643,2024-02-02,soirée,,,13,13075,2,1,3,4,4,Voie communale,50.0,1
202400012644,2024-08-06,après-midi,,,43,43152,1,1,3,3,3,Départementale,80.0,1
202400012645,2024-12-28,après-midi,,,33,33366,1,1,4,4,1,Autoroute,130.0,1
202400012646,2024-02-02,soirée,,,13,13208,5,1,3,4,4,Voie communale,30.0,1
202400012647,2024-08-06,matin,,,36,36007,1,1,3,2,3,Départementale,80.0,1
202400012648,2024-12-29,après-midi,,,91,91687,1,1,2,4,1,Autoroute,110.0,1
202400012649,2024-08-05,matin,,,07,07041,1,1,7,4,4,Voie communale,70.0,1
202400012650,2024-02-02,soirée,,,13,13211,5,1,3,4,4,Voie communale,50.0,1
202400012651,2024-12-29,matin,,,94,94043,5,1,6,4,1,Autoroute,50.0,1
202400012652,2024-08-05,après-midi,,,24,24388,1,1,7,3,3,Départementale,80.0,1
202400012653,2024-02-02,après-midi,,,13,13213,1,1,2,4,4,Voie communale,50.0,1
202400012654,2024-12-29,après-midi,,,93,93048,2,1,4,4,1,Autoroute,70.0,1
202400012655,2024-08-04,soirée,,,24,24082,1,1,1,3,3,Départementale,80.0,1
202400012656,2024-07-31,après-midi,,,24,24479,1,7,7,3,3,Départementale,80.0,1
202400012657,2024-02-01,nuit,,,13,13005,5,1,2,4,4,Voie communale,50.0,1
202400012658,2024-12-29,soirée,,,77,77294,3,1,2,4,1,Autoroute,90.0,1
202400012659,2024-08-06,matin,,,37,37098,1,1,6,2,3,Départementale,80.0,1
202400012660,2024-02-03,nuit,,,13,13001,3,1,6,3,3,Départementale,50.0,1
202400012661,2024-08-06,matin,,,48,48104,1,1,7,4,3,Départementale,90.0,1
202400012662,2024-09-25,matin,,,28,28027,1,2,1,2,3,Départementale,80.0,2
202400012663,2024-02-02,matin,,,13,13001,1,1,3,4,4,Voie communale,50.0,1
202400012664,2024-09-18,soirée,,,28,28309,2,1,7,4,3,Départementale,90.0,1
202400012665,2024-08-06,matin,,,08,08070,1,1,1,4,3,Départementale,50.0,1
202400012666,2024-02-02,matin,,,13,13001,1,1,3,3,4,Voie communale,50.0,1
202400012667,2024-09-13,soirée,,,28,28191,3,1,6,4,3,Départementale,50.0,1
202400012668,2024-08-06,matin,,,06,06152,1,1,2,4,3,Départementale,30.0,1
202400012669,2024-01-26,après-midi,,,12,12202,1,1,3,3,4,Voie communale,30.0,1
202400012670,2024-08-06,après-midi,,,13,13001,1,1,1,4,1,Autoroute,90.0,1
202400012671,2024-10-25,nuit,,,74,74012,5,1,1,2,3,Départementale,50.0,1
202400012672,2024-10-20,nuit,,,74,74081,5,1,6,4,3,Départementale,30.0,1
202400012673,2024-01-21,nuit,,,12,12202,4,9,3,4,4,Voie communale,30.0,7
202400012674,2024-01-17,après-midi,,,12,12202,1,1,6,4,4,Voie communale,30.0,1
202400012675,2024-10-17,nuit,,,74,74010,3,2,7,2,4,Voie communale,50.0,2
202400012676,2024-08-04,nuit,,,13,13032,3,1,2,4,1,Autoroute,130.0,1
202400012677,2024-02-02,après-midi,,,11,11069,1,1,4,3,3,Départementale,80.0,1
202400012678,2024-10-04,nuit,,,74,74010,5,1,6,3,3,Départementale,50.0,1
202400012679,2024-08-28,après-midi,,,74,74185,1,1,6,3,3,Départementale,70.0,1
202400012680,2024-07-31,après-midi,,,971,97118,1,1,1,3,4,Voie communale,80.0,1
202400012681,2024-02-01,après-midi,,,11,11069,2,1,3,4,4,Voie communale,,1
202400012682,2024-08-05,soirée,,,28,28317,3,1,7,4,3,Départementale,80.0,1
202400012683,2024-09-30,matin,,,33,33029,3,1,2,4,1,Autoroute,130.0,1
202400012684,2024-01-24,soirée,,,10,10362,5,1,1,4,4,Voie communale,50.0,1
202400012685,2024-07-02,matin,,,13,13208,1,1,3,4,4,Voie communale,50.0,1
202400012686,2024-08-06,après-midi,,,77,77031,1,1,1,4,3,Départementale,50.0,1
202400012687,2024-02-01,soirée,,,10,10265,5,1,6,4,4,Voie communale,50.0,2
202400012688,2024-08-17,matin,,,84,84031,1,1,3,3,4,Voie communale,50.0,1
202400012689,2024-02-01,après-midi,,,10,10060,1,1,3,4,3,Départementale,70.0,2
202400012690,2024-08-05,soirée,,,34,34022,1,1,6,3,2,Nationale,50.0,1
202400012691,2024-08-15,matin,,,84,84031,1,1,2,4,3,Départementale,50.0,1
202400012692,2024-02-02,matin,,,07,07070,1,1,5,4,3,Départementale,90.0,1
202400012693,2024-08-06,après-midi,,,05,05136,1,1,3,3,2,Nationale,80.0,1
202400012694,2024-08-11,soirée,,,84,84031,1,1,3,4,4,Voie communale,50.0,1
202400012695,2024-02-02,matin,,,07,07316,1,1,1,4,3,Départementale,50.0,1
202400012696,2024-08-06,matin,,,04,04019,1,1,3,4,3,Départementale,50.0,1
202400012697,2024-08-19,matin,,,84,84080,1,7,3,3,4,Voie communale,50.0,1
202400012698,2024-08-05,matin,,,13,13059,2,1,3,4,3,Départementale,80.0,1
202400012699,2024-02-02,après-midi,,,06,06088,1,1,2,4,7,Autre,50.0,1
202400012700,2024-08-03,après-midi,,,84,84031,1,1,7,4,3,Départementale,90.0,1
202400012701,2024-08-02,soirée,,,84,84031,3,2,6,4,4,Voie communale,50.0,2
202400012702,2024-08-05,nuit,,,67,67519,2,1,7,3,7,Autre,80.0,1
202400012703,2024-02-02,après-midi,,,06,06069,1,1,3,4,4,Voie communale,50.0,1
202400012704,2024-08-01,matin,,,84,84080,1,1,6,4,4,Voie communale,50.0,1
202400012705,2024-08-04,matin,,,69,69255,1,7,6,3,3,Départementale,,1
202400012706,2024-07-23,nuit,,,84,84031,3,1,7,3,3,Départementale,50.0,1
202400012707,2024-02-02,matin,,,06,06069,1,1,2,4,3,Départementale,50.0,1
202400012708,2024-08-05,après-midi,,,09,09157,1,1,1,4,5,Autre,5.0,1
202400012709,2024-07-20,après-midi,,,84,84089,1,1,3,4,4,Voie communale,50.0,1
202400012710,2024-02-02,nuit,,,06,06029,5,1,6,2,4,Voie communale,50.0,1
202400012711,2024-03-13,après-midi,,,84,84056,1,1,6,3,3,Départementale,80.0,1
202400012712,2024-02-02,matin,,,06,06004,2,1,6,3,4,Voie communale,50.0,1
202400012713,2024-10-26,soirée,,,19,19151,3,2,7,4,1,Autoroute,110.0,2
202400012714,2024-08-05,soirée,,,72,72244,1,7,3,4,3,Départementale,80.0,1
202400012715,2024-12-28,nuit,,,974,97407,5,1,3,4,4,Voie communale,50.0,1
202400012716,2024-12-28,après-midi,,,2B,2B037,1,1,3,4,2,Nationale,30.0,1
202400012717,2024-08-06,après-midi,,,50,50616,1,8,3,3,3,Départementale,80.0,1
202400012718,2024-12-28,après-midi,,,2A,2A004,1,1,3,4,4,Voie communale,50.0,1
202400012719,2024-07-31,matin,,,29,29046,1,1,7,3,3,Départementale,50.0,1
202400012720,2024-12-28,matin,,,2A,2A004,1,1,3,4,4,Voie communale,50.0,1
202400012721,2024-08-04,nuit,,,22,22168,3,1,3,3,4,Voie communale,30.0,1
202400012722,2024-08-05,nuit,,,22,22162,4,1,6,3,4,Voie communale,50.0,1
202400012723,2024-12-28,après-midi,,,91,91286,1,8,6,4,3,Départementale,50.0,1
202400012724,2024-08-06,nuit,,,27,27114,3,1,6,3,3,Départementale,50.0,1
202400012725,2024-12-28,soirée,,,91,91228,5,1,3,4,3,Départementale,50.0,1
202400012726,2024-08-06,après-midi,,,59,59659,1,1,6,3,3,Départementale,50.0,1
202400012727,2024-08-05,soirée,,,91,91692,1,1,6,4,1,Autoroute,110.0,1
202400012728,2024-12-27,soirée,,,77,77459,3,5,1,4,3,Départementale,90.0,2
202400012729,2024-08-04,soirée,,,92,92050,1,1,7,4,1,Autoroute,90.0,1
202400012730,2024-12-28,matin,,,68,68066,5,5,7,4,3,Départementale,50.0,7
202400012731,2024-08-04,soirée,,,95,95277,2,1,2,4,1,Autoroute,90.0,1
202400012732,2024-12-28,soirée,,,66,66136,4,1,3,4,4,Voie communale,50.0,1
202400012733,2024-12-28,après-midi,,,64,64024,1,1,3,4,4,Voie communale,30.0,1
202400012734,2024-08-03,nuit,,,77,77495,3,1,2,4,1,Autoroute,90.0,1
202400012735,2024-12-28,matin,,,64,64102,2,1,6,4,4,Voie communale,50.0,1
202400012736,2024-12-28,après-midi,,,63,63113,1,1,6,4,4,Voie communale,30.0,1
202400012737,2024-02-28,après-midi,,,14,14475,1,1,2,3,3,Départementale,70.0,1
202400012738,2024-12-28,nuit,,,54,54149,3,9,6,4,2,Nationale,90.0,2
202400012739,2024-08-03,nuit,,,34,34301,5,1,6,4,4,Voie communale,50.0,1
202400012740,2024-12-27,après-midi,,,51,51454,5,1,6,4,4,Voie communale,30.0,1
202400012741,2024-04-29,nuit,,,95,95323,5,1,6,4,4,Voie communale,50.0,1
202400012742,2024-12-28,après-midi,,,46,46042,1,1,6,4,3,Départementale,30.0,1
202400012743,2024-08-04,soirée,,,988,98818,3,1,6,4,9,Autre,50.0,1
202400012744,2024-12-28,matin,,,35,35115,5,1,3,3,4,Voie communale,30.0,1
202400012745,2024-08-04,matin,,,974,97411,1,1,6,4,4,Voie communale,50.0,1
202400012746,2024-12-28,après-midi,,,33,33529,1,1,7,3,4,Voie communale,50.0,1
202400012747,2024-08-04,nuit,,,2A,2A004,5,1,7,4,2,Nationale,70.0,1
202400012748,2024-12-28,soirée,,,29,29039,5,1,3,4,3,Départementale,70.0,1
202400012749,2024-08-04,après-midi,,,95,95277,1,1,4,4,3,Départementale,50.0,1
202400012750,2024-12-28,nuit,,,26,26252,3,5,7,4,2,Nationale,50.0,1
202400012751,2024-08-04,après-midi,,,91,91552,1,1,6,4,3,Départementale,50.0,1
202400012752,2024-08-04,après-midi,,,90,90010,1,1,6,4,3,Départementale,50.0,1
202400012753,2024-12-27,après-midi,,,14,14271,3,1,4,4,2,Nationale,90.0,1
202400012754,2024-08-04,soirée,,,83,83090,1,1,2,4,3,Départementale,50.0,1
202400012755,2024-12-28,soirée,,,13,13103,5,1,6,4,4,Voie communale,50.0,1
202400012756,2024-08-03,soirée,,,83,83126,1,1,1,4,4,Voie communale,50.0,1
202400012757,2024-12-28,soirée,,,13,13203,5,1,3,4,4,Voie communale,50.0,1
202400012758,2024-12-28,matin,,,13,13213,3,1,1,4,4,Voie communale,50.0,1
202400012759,2024-08-04,après-midi,,,82,82121,1,1,6,4,4,Voie communale,50.0,1
202400012760,2024-12-28,soirée,,,13,13001,3,1,7,4,3,Départementale,80.0,1
202400012761,2024-08-04,nuit,,,82,82121,3,1,1,3,1,Autoroute,90.0,1
202400012762,2024-12-28,soirée,,,07,07102,5,1,6,4,4,Voie communale,50.0,1
202400012763,2024-12-27,après-midi,,,75,75119,5,1,6,4,4,Voie communale,30.0,1
202400012764,2024-12-28,après-midi,,,75,75111,1,1,6,4,4,Voie communale,30.0,1
202400012765,2024-06-01,après-midi,,,94,94069,1,2,2,4,1,Autoroute,90.0,2
202400012766,2024-05-31,matin,,,77,77373,2,2,7,4,2,Nationale,50.0,2
202400012767,2024-05-31,après-midi,,,987,98735,1,1,3,4,4,Voie communale,50.0,1
202400012768,2024-05-31,après-midi,,,976,97611,1,1,6,4,4,Voie communale,50.0,1
202400012769,2024-05-31,matin,,,974,97416,1,1,3,4,4,Voie communale,50.0,1
202400012770,2024-05-31,après-midi,,,974,97407,1,1,3,4,4,Voie communale,50.0,1
202400012771,2024-05-31,après-midi,,,973,97302,1,1,2,4,4,Voie communale,50.0,1
202400012772,2024-05-31,matin,,,973,97302,1,1,3,4,4,Voie communale,50.0,1
202400012773,2024-05-30,matin,,,973,97302,1,1,3,4,3,Départementale,50.0,1
202400012774,2024-05-29,après-midi,,,973,97302,1,1,1,4,3,Départementale,50.0,1
202400012775,2024-05-31,soirée,,,69,69387,2,1,3,4,4,Voie communale,30.0,1
202400012776,2024-04-30,soirée,,,972,97213,5,1,2,4,9,Autre,50.0,1
202400012777,2024-05-31,matin,,,972,97209,1,1,3,3,3,Départementale,30.0,1
202400012778,2024-05-31,soirée,,,2B,2B033,1,1,7,4,4,Voie communale,50.0,1
202400012779,2024-05-31,après-midi,,,91,91692,1,2,6,4,4,Voie communale,30.0,2
202400012780,2024-05-31,nuit,,,91,91687,2,2,3,4,3,Départementale,50.0,2
202400012781,2024-05-31,après-midi,,,91,91433,1,3,3,4,4,Voie communale,30.0,2
202400012782,2024-05-31,nuit,,,87,87085,5,1,3,4,2,Nationale,50.0,1
202400012783,2024-05-31,nuit,,,85,85194,3,1,7,4,3,Départementale,110.0,1
202400012784,2024-05-30,soirée,,,30,30011,1,1,3,4,6,Autre,50.0,1
202400012785,2024-05-29,après-midi,,,83,83144,1,1,3,3,3,Départementale,50.0,1
202400012786,2024-05-29,après-midi,,,83,83126,1,1,3,3,3,Départementale,50.0,1
202400012787,2024-05-31,après-midi,,,83,83061,1,1,6,3,3,Départementale,50.0,1
202400012788,2024-05-29,soirée,,,81,81163,1,1,3,4,3,Départementale,50.0,1
202400012789,2024-05-31,après-midi,,,80,80001,1,2,2,4,3,Départementale,50.0,2
202400012790,2024-05-31,soirée,,,78,78311,1,2,6,3,4,Voie communale,30.0,2
202400012791,2024-05-22,après-midi,,,77,77468,1,2,6,4,3,Départementale,50.0,2
202400012792,2024-05-31,après-midi,,,77,77014,1,8,6,4,3,Départementale,50.0,1
202400012793,2024-05-30,soirée,,,69,69029,1,2,3,4,4,Voie communale,50.0,2
202400012794,2024-05-30,matin,,,69,69259,1,1,2,4,4,Voie communale,50.0,1
202400012795,2024-05-31,après-midi,,,66,66136,1,1,2,4,4,Voie communale,50.0,1
202400012796,2024-05-31,soirée,,,64,64445,1,1,1,4,4,Voie communale,50.0,1
202400012797,2024-05-28,soirée,,,63,63103,1,1,3,4,3,Départementale,70.0,1
202400012798,2024-05-31,après-midi,,,63,63113,1,1,7,3,4,Voie communale,30.0,1
202400012799,2024-05-31,après-midi,,,63,63113,1,1,2,4,4,Voie communale,30.0,1
202400012800,2024-05-31,matin,,,63,63113,1,1,6,3,4,Voie communale,30.0,1
202400012801,2024-05-31,après-midi,,,59,59350,1,2,-1,3,7,Autre,50.0,2
202400012802,2024-05-30,soirée,,,59,59378,1,1,2,4,4,Voie communale,50.0,1
202400012803,2024-05-30,après-midi,,,57,57672,1,1,6,3,4,Voie communale,50.0,1
202400012804,2024-05-31,après-midi,,,56,56260,1,1,3,4,4,Voie communale,30.0,1
202400012805,2024-05-31,après-midi,,,56,56098,1,1,3,4,4,Voie communale,50.0,1
202400012806,2024-05-30,après-midi,,,54,54339,1,1,1,3,4,Voie communale,50.0,1
202400012807,2024-05-30,après-midi,,,54,54395,1,1,3,4,4,Voie communale,30.0,1
202400012808,2024-05-31,après-midi,,,49,49007,1,1,6,4,4,Voie communale,30.0,1
202400012809,2024-05-30,soirée,,,49,49007,1,1,5,3,4,Voie communale,50.0,1
202400012810,2024-05-31,après-midi,,,45,45169,1,1,3,4,4,Voie communale,50.0,1
202400012811,2024-06-01,nuit,,,42,42187,5,2,6,4,4,Voie communale,50.0,2