Num_Acc,date,time_of_day,lat,long,dep,com,lum,atm,col,severity_index,catr,catr_label,vma,surf
202400012812,2024-05-31,soirée,,,42,42187,5,1,6,4,4,Voie communale,50.0,1
202400012813,2024-05-30,soirée,,,41,41226,1,2,3,4,2,Nationale,50.0,2
202400012814,2024-05-31,matin,,,37,37233,3,1,6,2,3,Départementale,70.0,1
202400012815,2024-05-31,après-midi,,,35,35238,1,1,3,4,4,Voie communale,30.0,1
202400012816,2024-05-31,après-midi,,,34,34172,1,1,6,4,4,Voie communale,30.0,1
202400012817,2024-05-31,matin,,,33,33167,1,1,5,4,4,Voie communale,30.0,1
202400012818,2024-05-31,soirée,,,31,31555,1,1,6,3,4,Voie communale,30.0,1
202400012819,2024-05-31,après-midi,,,31,31555,1,1,3,3,4,Voie communale,30.0,1
202400012820,2024-05-31,soirée,,,29,29019,1,1,3,4,4,Voie communale,30.0,1
202400012821,2024-05-31,soirée,,,28,28223,3,2,3,4,3,Départementale,80.0,2
202400012822,2024-05-31,après-midi,,,27,27528,1,2,3,4,4,Voie communale,50.0,2
202400012823,2024-05-31,soirée,,,27,27229,1,2,3,4,4,Voie communale,50.0,2
202400012824,2024-05-30,après-midi,,,27,27229,1,3,3,4,4,Voie communale,50.0,2
202400012825,2024-05-31,après-midi,,,25,25056,1,3,1,4,3,Départementale,50.0,2
202400012826,2024-05-30,matin,,,15,15012,1,2,7,4,3,Départementale,90.0,2
202400012827,2024-05-30,après-midi,,,14,14574,1,1,7,4,3,Départementale,70.0,1
202400012828,2024-05-30,après-midi,,,14,14574,1,1,5,4,3,Départementale,70.0,1
202400012829,2024-05-31,nuit,,,13,13203,5,1,3,4,4,Voie communale,50.0,1
202400012830,2024-05-31,soirée,,,13,13203,1,1,1,4,4,Voie communale,50.0,1
202400012831,2024-05-31,matin,,,13,13207,1,1,3,4,4,Voie communale,50.0,1
202400012832,2024-05-31,matin,,,13,13001,1,1,2,4,4,Voie communale,50.0,1
202400012833,2024-05-31,après-midi,,,10,10333,1,1,3,4,4,Voie communale,50.0,1
202400012834,2024-05-30,soirée,,,10,10387,1,8,6,4,4,Voie communale,30.0,1
202400012835,2024-05-30,après-midi,,,10,10387,1,1,6,4,4,Voie communale,50.0,1
202400012836,2024-05-30,matin,,,10,10343,1,1,3,4,4,Voie communale,50.0,1
202400012837,2024-05-27,après-midi,,,02,02304,1,1,2,4,4,Voie communale,50.0,1
202400012838,2024-05-23,matin,,,01,01289,1,1,6,4,4,Voie communale,50.0,1
202400012839,2024-05-31,après-midi,,,75,75118,1,1,6,4,4,Voie communale,30.0,1
202400012840,2024-05-31,après-midi,,,75,75118,1,2,6,4,4,Voie communale,30.0,2
202400012841,2024-05-31,matin,,,75,75118,1,8,6,4,4,Voie communale,30.0,1
202400012842,2024-05-31,soirée,,,75,75108,1,2,7,4,4,Voie communale,50.0,2
202400012843,2024-05-31,matin,,,75,75101,1,1,1,4,4,Voie communale,30.0,1
202400012844,2024-05-30,soirée,,,75,75104,1,8,6,4,4,Voie communale,30.0,2
202400012845,2024-05-30,après-midi,,,75,75101,1,1,3,4,4,Voie communale,30.0,1
202400012846,2024-05-30,après-midi,,,75,75103,1,2,2,4,4,Voie communale,30.0,2
202400012847,2024-05-31,matin,,,94,94080,1,2,3,4,4,Voie communale,30.0,2
202400012848,2024-05-30,soirée,,,94,94078,1,1,6,4,3,Départementale,50.0,1
202400012849,2024-05-30,matin,,,94,94073,1,2,4,4,3,Départementale,,2
202400012850,2024-05-31,matin,,,94,94033,2,2,6,4,4,Voie communale,,2
202400012851,2024-05-30,après-midi,,,94,94022,1,1,2,4,3,Départementale,110.0,1
202400012852,2024-05-31,soirée,,,92,92063,1,2,2,4,4,Voie communale,20.0,2
202400012853,2024-05-29,après-midi,,,92,92063,1,2,3,4,3,Départementale,50.0,2
202400012854,2024-05-30,nuit,,,92,92050,4,1,6,4,3,Départementale,30.0,1
202400012855,2024-05-30,après-midi,,,92,92050,1,2,2,4,4,Voie communale,50.0,2
202400012856,2024-05-30,matin,,,92,92025,1,1,3,4,4,Voie communale,30.0,1
202400012857,2024-05-31,matin,,,92,92024,1,1,6,4,4,Voie communale,30.0,1
202400012858,2024-05-31,soirée,,,92,92023,1,3,2,4,3,Départementale,10.0,2
202400012859,2024-05-31,matin,,,92,92004,1,1,2,4,3,Départementale,50.0,1
202400012860,2024-05-31,soirée,,,974,97415,5,1,2,3,2,Nationale,50.0,1
202400012861,2024-05-31,soirée,,,08,08403,1,1,2,3,3,Départementale,50.0,1
202400012862,2024-05-27,soirée,,,91,91390,1,1,2,3,3,Départementale,30.0,1
202400012863,2024-05-24,après-midi,,,45,45187,1,1,1,4,3,Départementale,80.0,1
202400012864,2024-06-01,nuit,,,63,63116,3,2,1,3,3,Départementale,90.0,2
202400012865,2024-05-31,soirée,,,01,01354,1,1,3,4,3,Départementale,70.0,2
202400012866,2024-05-30,soirée,,,83,83140,1,1,1,3,3,Départementale,,1
202400012867,2024-05-31,après-midi,,,04,04126,1,1,7,3,3,Départementale,80.0,1
202400012868,2024-04-06,matin,,,2B,2B346,1,1,6,2,3,Départementale,30.0,1
202400012869,2024-05-31,soirée,,,82,82195,1,1,7,3,3,Départementale,80.0,1
202400012870,2024-05-31,matin,,,33,33394,1,1,6,2,4,Voie communale,30.0,1
202400012871,2024-06-01,après-midi,,,32,32181,1,1,3,3,2,Nationale,80.0,1
202400012872,2024-05-31,soirée,,,11,11206,2,1,6,2,3,Départementale,50.0,1
202400012873,2024-06-01,après-midi,,,71,71093,1,1,6,3,3,Départementale,80.0,1
202400012874,2024-05-12,nuit,,,61,61063,2,1,5,3,3,Départementale,90.0,1
202400012875,2024-05-31,matin,,,12,12088,2,2,6,4,3,Départementale,90.0,2
202400012876,2024-05-31,nuit,,,34,34229,2,2,7,3,3,Départementale,90.0,2
202400012877,2024-05-30,matin,,,34,34187,1,1,2,2,3,Départementale,90.0,1
202400012878,2024-06-01,nuit,,,68,68062,2,1,7,3,3,Départementale,80.0,1
202400012879,2024-05-31,soirée,,,39,39520,1,1,1,4,3,Départementale,50.0,1
202400012880,2024-10-16,matin,,,973,97302,1,1,3,4,4,Voie communale,50.0,1
202400012881,2024-05-29,après-midi,,,25,25321,1,1,3,4,3,Départementale,90.0,1
202400012882,2024-05-31,après-midi,,,25,25203,1,8,6,4,3,Départementale,90.0,2
202400012883,2024-06-01,après-midi,,,29,29174,1,1,3,3,3,Départementale,70.0,1
202400012884,2024-10-16,après-midi,,,972,97213,1,1,7,4,9,Autre,50.0,1
202400012885,2024-05-30,après-midi,,,31,31037,1,1,3,4,4,Voie communale,50.0,1
202400012886,2024-06-01,après-midi,,,02,02315,1,2,3,4,4,Voie communale,50.0,2
202400012887,2024-10-16,matin,,,69,69202,1,1,3,4,4,Voie communale,50.0,1
202400012888,2024-05-31,matin,,,03,03236,1,2,2,4,3,Départementale,50.0,2
202400012889,2024-06-01,après-midi,,,58,58287,1,3,7,2,3,Départementale,80.0,2
202400012890,2024-06-01,nuit,,,10,10187,5,1,6,2,3,Départementale,50.0,1
202400012891,2024-06-01,nuit,,,24,24394,3,1,6,2,4,Voie communale,90.0,1
202400012892,2024-10-16,après-midi,,,95,95219,1,1,3,4,3,Départementale,50.0,1
202400012893,2024-05-31,matin,,,04,04094,1,1,1,4,3,Départementale,80.0,1
202400012894,2024-05-28,nuit,,,85,85145,3,1,6,2,4,Voie communale,80.0,1
202400012895,2024-06-01,après-midi,,,85,85008,1,1,7,3,3,Départementale,80.0,1
202400012896,2024-10-16,matin,,,91,91326,1,1,3,4,4,Voie communale,50.0,1
202400012897,2024-05-31,après-midi,,,27,27383,1,2,2,3,3,Départementale,80.0,2
202400012898,2024-06-01,matin,,,28,28232,1,2,6,3,3,Départementale,80.0,2
202400012899,2024-10-15,après-midi,,,87,87085,1,1,7,4,4,Voie communale,50.0,1
202400012900,2024-06-01,soirée,,,28,28130,1,1,6,2,3,Départementale,70.0,1
202400012901,2024-05-31,soirée,,,87,87059,1,1,6,3,3,Départementale,90.0,1
202400012902,2024-06-01,nuit,,,87,87003,3,2,6,3,3,Départementale,70.0,2
202400012903,2024-05-31,après-midi,,,52,52114,1,2,3,4,4,Voie communale,,2
202400012904,2024-05-31,soirée,,,01,01228,2,2,6,4,1,Autoroute,100.0,2
202400012905,2024-06-01,matin,,,973,97309,1,1,1,3,3,Départementale,50.0,1
202400012906,2024-05-31,après-midi,,,53,53108,1,1,6,3,1,Autoroute,70.0,1
202400012907,2024-10-13,nuit,,,84,84007,5,3,3,4,4,Voie communale,50.0,3
202400012908,2024-05-31,soirée,,,45,45051,2,8,3,3,3,Départementale,50.0,1
202400012909,2024-05-31,après-midi,,,78,78120,1,2,3,4,3,Départementale,70.0,2
202400012910,2024-06-01,soirée,,,30,30258,2,1,7,3,4,Voie communale,50.0,1
202400012911,2024-10-16,après-midi,,,83,83137,1,2,4,4,4,Voie communale,50.0,2
202400012912,2024-06-01,nuit,,,11,11281,3,1,6,2,3,Départementale,80.0,1
202400012913,2024-06-01,après-midi,,,84,84003,1,1,6,4,3,Départementale,50.0,1
202400012914,2024-05-29,après-midi,,,13,13007,1,1,3,4,3,Départementale,80.0,1
202400012915,2024-10-16,matin,,,83,83137,1,8,2,3,4,Voie communale,50.0,2
202400012916,2024-05-31,après-midi,,,13,13030,1,1,1,4,3,Départementale,80.0,1
202400012917,2024-05-31,après-midi,,,88,88091,1,8,7,4,3,Départementale,80.0,2
202400012918,2024-06-01,nuit,,,73,73211,3,1,7,4,3,Départementale,80.0,1
202400012919,2024-06-01,nuit,,,38,38467,3,1,7,3,3,Départementale,80.0,1
202400012920,2024-10-16,après-midi,,,81,81060,1,1,1,3,4,Voie communale,50.0,1
202400012921,2024-05-31,soirée,,,85,85092,2,1,3,3,4,Voie communale,,1
202400012922,2024-05-31,après-midi,,,14,14325,1,2,3,3,3,Départementale,50.0,2
202400012923,2024-05-31,après-midi,,,22,22214,1,1,3,4,6,Autre,,1
202400012924,2024-05-31,après-midi,,,59,59534,1,1,6,4,3,Départementale,80.0,1
202400012925,2024-10-16,matin,,,77,77404,1,1,3,4,3,Départementale,50.0,1
202400012926,2024-05-31,après-midi,,,13,13106,1,1,4,4,1,Autoroute,70.0,1
202400012927,2024-05-27,après-midi,,,13,13043,1,1,2,4,1,Autoroute,110.0,1
202400012928,2024-10-15,après-midi,,,77,77447,1,1,6,3,3,Départementale,70.0,1
202400012929,2024-04-30,après-midi,,,13,13211,1,1,2,4,1,Autoroute,90.0,1
202400012930,2024-05-29,après-midi,,,13,13005,1,1,3,4,1,Autoroute,90.0,1
202400012931,2024-10-16,matin,,,77,77284,1,1,3,4,4,Voie communale,50.0,1
202400012932,2024-05-26,soirée,,,13,13056,3,1,2,4,1,Autoroute,110.0,1
202400012933,2024-05-31,après-midi,,,67,67482,1,1,4,4,7,Autre,90.0,1
202400012934,2024-10-16,soirée,,,76,76498,1,1,3,4,4,Voie communale,50.0,1
202400012935,2024-05-31,soirée,,,33,33550,1,1,7,4,1,Autoroute,70.0,1
202400012936,2024-10-16,matin,,,76,76575,1,1,6,3,7,Autre,70.0,1
202400012937,2024-05-31,après-midi,,,33,33096,1,1,2,3,1,Autoroute,110.0,1
202400012938,2024-05-31,soirée,,,92,92078,1,2,4,4,1,Autoroute,90.0,2
202400012939,2024-05-30,soirée,,,93,93053,3,2,2,4,1,Autoroute,90.0,2
202400012940,2024-10-16,nuit,,,74,74010,5,8,5,4,4,Voie communale,30.0,1
202400012941,2024-05-31,nuit,,,77,77018,3,1,6,4,1,Autoroute,90.0,1
202400012942,2024-10-13,matin,,,73,73087,1,1,3,4,3,Départementale,50.0,1
202400012943,2024-05-30,après-midi,,,974,97411,1,1,3,3,4,Voie communale,50.0,1
202400012944,2024-05-30,matin,,,974,97411,1,1,3,4,2,Nationale,50.0,1
202400012945,2024-10-16,soirée,,,69,69264,5,8,6,3,3,Départementale,50.0,2
202400012946,2024-05-30,après-midi,,,974,97407,2,1,3,4,4,Voie communale,50.0,1
202400012947,2024-05-30,après-midi,,,69,69387,1,2,1,4,4,Voie communale,30.0,2
202400012948,2024-05-30,soirée,,,69,69389,1,8,3,4,4,Voie communale,30.0,1
202400012949,2024-05-30,après-midi,,,2A,2A004,1,1,3,4,2,Nationale,50.0,1
202400012950,2024-10-15,après-midi,,,69,69259,1,1,3,4,4,Voie communale,50.0,1
202400012951,2024-05-30,soirée,,,95,95051,1,1,3,4,3,Départementale,30.0,1
202400012952,2024-05-29,après-midi,,,91,91201,1,3,4,4,4,Voie communale,50.0,2
202400012953,2024-10-15,nuit,,,64,64445,5,1,1,3,4,Voie communale,50.0,1
202400012954,2024-05-30,après-midi,,,91,91286,2,3,6,4,4,Voie communale,50.0,2
202400012955,2024-05-30,après-midi,,,83,83144,1,1,6,3,3,Départementale,50.0,1
202400012956,2024-10-15,après-midi,,,64,64102,1,8,1,4,4,Voie communale,50.0,2
202400012957,2024-05-30,soirée,,,83,83123,1,1,3,3,4,Voie communale,50.0,1
202400012958,2024-05-29,après-midi,,,81,81144,1,1,3,3,2,Nationale,50.0,1
202400012959,2024-05-29,après-midi,,,80,80021,1,1,3,4,4,Voie communale,50.0,1
202400012960,2024-10-16,soirée,,,63,63113,5,1,3,3,4,Voie communale,30.0,1
202400012961,2024-10-16,matin,,,63,63075,1,1,6,4,7,Autre,30.0,1
202400012962,2024-05-29,matin,,,78,78168,1,2,5,4,2,Nationale,50.0,2
202400012963,2024-05-30,nuit,,,77,77462,3,1,2,3,2,Nationale,110.0,1
202400012964,2024-05-30,après-midi,,,77,77169,1,1,3,4,4,Voie communale,50.0,1
202400012965,2024-05-30,matin,,,77,77079,1,1,6,2,6,Autre,50.0,1
202400012966,2024-10-16,matin,,,59,59410,1,1,3,4,4,Voie communale,50.0,1
202400012967,2024-05-30,après-midi,,,77,77335,1,1,3,4,3,Départementale,80.0,1
202400012968,2024-10-15,après-midi,,,56,56098,1,1,3,4,4,Voie communale,50.0,1
202400012969,2024-05-30,matin,,,77,77369,1,1,6,3,3,Départementale,80.0,1
202400012970,2024-05-30,matin,,,71,71306,1,1,2,4,3,Départementale,50.0,1
202400012971,2024-10-15,après-midi,,,54,54526,1,1,6,4,4,Voie communale,30.0,1
202400012972,2024-05-30,soirée,,,69,69266,1,1,6,4,4,Voie communale,30.0,1
202400012973,2024-05-24,nuit,,,69,69115,5,1,7,4,3,Départementale,50.0,1
202400012974,2024-10-15,matin,,,54,54357,1,1,1,4,4,Voie communale,30.0,1
202400012975,2024-05-29,après-midi,,,69,69264,1,1,3,4,4,Voie communale,50.0,1
202400012976,2024-10-11,matin,,,51,51230,1,1,6,3,4,Voie communale,50.0,1
202400012977,2024-10-15,matin,,,50,50218,1,1,6,3,3,Départementale,50.0,1
202400012978,2024-05-29,matin,,,69,69029,1,8,3,3,7,Autre,50.0,1
202400012979,2024-10-16,soirée,,,49,49007,5,3,3,4,4,Voie communale,50.0,2
202400012980,2024-05-29,matin,,,69,69271,1,1,3,3,4,Voie communale,50.0,1
202400012981,2024-05-28,matin,,,69,69259,1,1,6,3,7,Autre,50.0,1
202400012982,2024-10-16,après-midi,,,45,45147,1,1,4,4,7,Autre,50.0,1
202400012983,2024-05-30,après-midi,,,64,64445,1,2,2,4,4,Voie communale,50.0,2
202400012984,2024-10-16,matin,,,45,45234,5,1,1,4,4,Voie communale,50.0,1
202400012985,2024-05-30,matin,,,64,64445,1,2,6,4,4,Voie communale,30.0,2
202400012986,2024-05-30,soirée,,,64,64122,1,1,6,4,4,Voie communale,30.0,1
202400012987,2024-05-30,matin,,,64,64102,1,2,7,4,4,Voie communale,50.0,2
202400012988,2024-10-15,après-midi,,,45,45004,1,2,2,4,4,Voie communale,50.0,2
202400012989,2024-05-30,soirée,,,63,63300,1,2,6,4,3,Départementale,50.0,2
202400012990,2024-10-16,après-midi,,,38,38151,1,2,2,4,4,Voie communale,50.0,2
202400012991,2024-10-16,matin,,,38,38151,1,2,3,4,2,Nationale,90.0,2
202400012992,2024-05-30,après-midi,,,61,61001,1,1,4,4,3,Départementale,30.0,1
202400012993,2024-10-16,matin,,,35,35238,1,1,3,4,4,Voie communale,30.0,1
202400012994,2024-05-30,matin,,,59,59650,1,1,6,2,7,Autre,50.0,1
202400012995,2024-10-15,soirée,,,34,34301,5,8,3,4,4,Voie communale,50.0,1
202400012996,2024-10-16,soirée,,,34,34172,5,2,3,4,4,Voie communale,50.0,2
202400012997,2024-10-16,matin,,,34,34172,1,2,4,4,4,Voie communale,50.0,2
202400012998,2024-10-16,soirée,,,33,33063,5,1,6,4,4,Voie communale,50.0,1
202400012999,2024-10-16,matin,,,33,33281,2,1,6,4,4,Voie communale,50.0,1
202400013000,2024-10-16,après-midi,,,32,32013,1,1,3,3,4,Voie communale,50.0,2
202400013001,2024-10-16,après-midi,,,27,27229,1,1,6,4,4,Voie communale,10.0,1
202400013002,2024-10-16,matin,,,27,27229,1,1,2,4,4,Voie communale,50.0,1
202400013003,2024-10-16,nuit,,,27,27299,3,1,6,4,2,Nationale,110.0,1
202400013004,2024-10-16,matin,,,25,25204,1,1,3,4,3,Départementale,50.0,2
202400013005,2024-10-16,soirée,,,19,19031,2,2,2,4,3,Départementale,50.0,2
202400013006,2024-10-14,après-midi,,,14,14181,1,1,3,4,4,Voie communale,50.0,1
202400013007,2024-10-16,nuit,,,13,13208,5,2,3,3,4,Voie communale,50.0,2
202400013008,2024-10-15,après-midi,,,11,11069,1,1,3,4,4,Voie communale,50.0,2
202400013009,2024-10-16,matin,,,07,07281,5,2,3,4,3,Départementale,50.0,2
202400013010,2024-10-16,matin,,,04,04070,1,2,3,4,3,Départementale,50.0,2
202400013011,2024-10-15,nuit,,,03,03185,5,1,6,3,3,Départementale,50.0,1
202400013012,2024-10-16,matin,,,75,75112,3,1,3,4,4,Voie communale,50.0,1
202400013013,2024-10-16,nuit,,,75,75116,5,1,2,4,4,Voie communale,50.0,1
202400013014,2024-10-15,matin,,,75,75106,5,1,1,4,4,Voie communale,30.0,1
202400013015,2024-10-16,après-midi,,,75,75119,1,1,6,3,4,Voie communale,30.0,1
202400013016,2024-10-16,après-midi,,,75,75119,1,1,6,4,4,Voie communale,30.0,1
202400013017,2024-10-16,après-midi,,,75,75119,1,1,3,4,4,Voie communale,30.0,1
202400013018,2024-10-16,matin,,,75,75119,1,1,6,4,4,Voie communale,30.0,1
202400013019,2024-10-16,après-midi,,,75,75118,1,1,6,4,4,Voie communale,30.0,1
202400013020,2024-10-16,après-midi,,,75,75115,1,1,6,4,4,Voie communale,30.0,1
202400013021,2024-10-16,après-midi,,,75,75114,1,1,3,4,4,Voie communale,30.0,1
202400013022,2024-10-15,après-midi,,,75,75112,1,1,3,3,4,Voie communale,30.0,1
202400013023,2024-10-16,matin,,,75,75110,1,1,6,4,4,Voie communale,30.0,1
202400013024,2024-10-16,matin,,,75,75110,1,1,6,4,4,Voie communale,30.0,2
202400013025,2024-10-16,matin,,,75,75110,1,1,2,4,4,Voie communale,30.0,1
202400013026,2024-10-16,soirée,,,75,75108,5,2,3,4,4,Voie communale,30.0,2
202400013027,2024-10-15,soirée,,,94,94068,2,8,1,4,4,Voie communale,30.0,1
202400013028,2024-10-16,soirée,,,94,94016,5,1,3,4,3,Départementale,50.0,1
202400013029,2024-10-16,soirée,,,94,94011,1,1,4,4,3,Départementale,50.0,1
202400013030,2024-10-14,soirée,,,94,94073,1,1,3,4,3,Départementale,50.0,1
202400013031,2024-10-16,après-midi,,,94,94017,1,1,1,4,3,Départementale,30.0,1
202400013032,2024-10-16,soirée,,,93,93073,1,1,3,4,3,Départementale,50.0,1
202400013033,2024-10-16,matin,,,93,93051,1,1,1,4,4,Voie communale,50.0,1
202400013034,2024-10-16,matin,,,93,93051,2,1,6,4,3,Départementale,50.0,1
202400013035,2024-10-16,matin,,,93,93045,1,1,6,4,4,Voie communale,50.0,1
202400013036,2024-10-16,après-midi,,,93,93057,1,1,3,4,4,Voie communale,50.0,1
202400013037,2024-10-15,soirée,,,93,93001,1,1,3,4,3,Départementale,50.0,1
202400013038,2024-10-16,matin,,,92,92051,1,1,6,4,4,Voie communale,50.0,1
202400013039,2024-10-16,après-midi,,,92,92044,1,1,6,4,4,Voie communale,30.0,1
202400013040,2024-10-16,après-midi,,,92,92040,1,1,6,4,3,Départementale,30.0,1
202400013041,2024-10-16,après-midi,,,92,92026,1,1,2,4,3,Départementale,50.0,1
202400013042,2024-10-16,matin,,,92,92007,1,1,2,4,3,Départementale,30.0,1
202400013043,2024-10-16,après-midi,,,80,80213,1,7,3,4,3,Départementale,50.0,1
202400013044,2024-10-17,matin,,,65,65362,5,2,1,3,3,Départementale,50.0,2
202400013045,2024-10-16,soirée,,,65,65344,2,1,2,4,3,Départementale,80.0,1
202400013046,2024-10-17,matin,,,32,32254,1,2,3,4,2,Nationale,80.0,2
202400013047,2024-10-16,après-midi,,,63,63262,1,1,2,2,3,Départementale,70.0,1
202400013048,2024-10-16,soirée,,,49,49329,3,2,7,2,3,Départementale,80.0,2
202400013049,2024-10-16,après-midi,,,46,46132,1,1,1,3,3,Départementale,80.0,1
202400013050,2024-10-16,après-midi,,,68,68062,1,1,3,4,3,Départementale,50.0,1
202400013051,2024-10-16,soirée,,,25,25157,3,2,6,3,3,Départementale,90.0,2
202400013052,2024-10-16,nuit,,,31,31136,3,1,6,4,3,Départementale,90.0,1
202400013053,2024-10-16,après-midi,,,03,03168,1,1,7,3,4,Voie communale,90.0,1
202400013054,2024-10-17,matin,,,01,01265,2,3,2,3,3,Départementale,50.0,2
202400013055,2024-10-17,après-midi,,,06,06059,1,1,6,2,7,Autre,50.0,1
202400013056,2024-10-17,matin,,,06,06059,1,1,6,3,7,Autre,,1
202400013057,2024-10-17,nuit,,,10,10148,3,2,6,2,3,Départementale,80.0,2
202400013058,2024-10-17,après-midi,,,10,10437,1,2,1,2,4,Voie communale,90.0,2
202400013059,2024-10-17,matin,,,16,16253,1,2,6,4,3,Départementale,80.0,2
202400013060,2024-10-17,matin,,,40,40273,2,3,6,3,3,Départementale,50.0,2
202400013061,2024-10-17,matin,,,04,04157,3,2,1,4,3,Départementale,80.0,2
202400013062,2024-10-15,après-midi,,,87,87082,1,1,1,4,4,Voie communale,80.0,2
202400013063,2024-10-17,après-midi,,,87,87037,1,2,6,3,4,Voie communale,80.0,2
202400013064,2024-10-16,après-midi,,,37,37177,1,2,6,3,3,Départementale,80.0,2
202400013065,2024-10-14,après-midi,,,24,24293,1,1,1,3,4,Voie communale,80.0,1
202400013066,2024-10-16,après-midi,,,01,01451,1,1,6,3,1,Autoroute,130.0,1
202400013067,2024-10-16,après-midi,,,987,98715,1,1,3,4,2,Nationale,30.0,1
202400013068,2024-10-17,nuit,,,974,97418,5,1,6,3,4,Voie communale,50.0,2
202400013069,2024-10-16,après-midi,,,45,45335,1,1,3,3,3,Départementale,80.0,1
202400013070,2024-10-16,matin,,,2B,2B168,5,1,6,4,2,Nationale,50.0,2
202400013071,2024-10-16,matin,,,34,34213,1,1,3,4,3,Départementale,80.0,1
202400013072,2024-10-13,nuit,,,69,69163,3,2,6,4,4,Voie communale,50.0,2
202400013073,2024-10-14,après-midi,,,31,31263,1,8,2,4,3,Départementale,50.0,1
202400013074,2024-10-16,soirée,,,40,40257,1,2,6,2,3,Départementale,80.0,2
202400013075,2024-10-17,matin,,,22,22162,2,1,3,4,4,Voie communale,50.0,2
202400013076,2024-10-16,après-midi,,,22,22162,1,2,3,4,4,Voie communale,50.0,2
202400013077,2024-10-17,après-midi,,,27,27136,1,2,6,3,3,Départementale,80.0,2
202400013078,2024-10-16,matin,,,60,60042,1,1,3,4,3,Départementale,70.0,1
202400013079,2024-10-13,matin,,,69,69277,1,1,2,4,2,Nationale,90.0,1
202400013080,2024-10-16,matin,,,33,33063,2,1,2,4,1,Autoroute,70.0,1
202400013081,2024-10-16,soirée,,,91,91228,3,1,3,4,2,Nationale,90.0,1
202400013082,2024-10-16,après-midi,,,91,91174,1,1,3,4,2,Nationale,90.0,1
202400013083,2024-10-16,matin,,,91,91174,1,1,3,4,2,Nationale,90.0,1
202400013084,2024-10-15,soirée,,,75,75116,1,1,3,4,1,Autoroute,50.0,1
202400013085,2024-10-15,soirée,,,78,78640,3,1,4,4,2,Nationale,90.0,1
202400013086,2024-10-15,matin,,,78,78646,1,1,6,4,2,Nationale,90.0,1
202400013087,2024-10-15,matin,,,92,92036,1,1,3,3,1,Autoroute,90.0,1
202400013088,2024-10-15,matin,,,78,78140,1,1,3,4,1,Autoroute,110.0,1
202400013089,2024-10-15,matin,,,92,92050,1,1,3,4,1,Autoroute,70.0,1
202400013090,2024-10-15,nuit,,,95,95018,3,1,6,4,1,Autoroute,70.0,1
202400013091,2024-04-25,après-midi,,,93,93039,1,1,3,4,3,Départementale,50.0,1
202400013092,2024-05-31,soirée,,,93,93066,1,2,3,4,4,Voie communale,50.0,2
202400013093,2024-05-31,matin,,,93,93066,1,8,1,4,4,Voie communale,50.0,1
202400013094,2024-05-31,matin,,,93,93066,1,2,3,3,4,Voie communale,50.0,2
202400013095,2024-05-31,nuit,,,93,93066,2,1,1,3,3,Départementale,50.0,1
202400013096,2024-05-30,nuit,,,93,93066,4,2,6,4,3,Départementale,,2
202400013097,2024-05-27,matin,,,93,93066,1,8,5,4,4,Voie communale,50.0,1
202400013098,2024-05-25,après-midi,,,93,93066,1,1,3,4,4,Voie communale,50.0,1
202400013099,2024-05-24,après-midi,,,93,93066,1,1,3,4,3,Départementale,50.0,1
202400013100,2024-05-18,soirée,,,93,93066,1,1,6,4,4,Voie communale,,1
202400013101,2024-05-18,après-midi,,,93,93066,1,1,3,3,3,Départementale,50.0,1
202400013102,2024-05-17,matin,,,93,93066,1,1,4,4,4,Voie communale,70.0,1
202400013103,2024-05-14,après-midi,,,93,93066,1,2,3,4,4,Voie communale,,2
202400013104,2024-03-28,après-midi,,,93,93008,1,1,2,4,3,Départementale,50.0,1
202400013105,2024-01-28,soirée,,,93,93008,2,1,3,4,3,Départementale,,1
202400013106,2024-08-06,soirée,,,91,91691,1,1,3,4,4,Voie communale,30.0,1
202400013107,2024-10-14,après-midi,,,987,98736,1,1,6,3,4,Voie communale,50.0,1
202400013108,2024-10-14,matin,,,987,98735,1,1,3,4,2,Nationale,50.0,1
202400013109,2024-10-15,matin,,,976,97611,1,1,2,4,4,Voie communale,50.0,1
202400013110,2024-10-15,matin,,,973,97302,1,1,3,4,3,Départementale,50.0,1
202400013111,2024-10-14,matin,,,973,97302,1,1,3,4,3,Départementale,50.0,1
202400013112,2024-10-15,après-midi,,,69,69388,1,1,3,4,4,Voie communale,30.0,1
202400013113,2024-10-15,matin,,,69,69383,1,8,1,4,4,Voie communale,30.0,2
202400013114,2024-10-15,après-midi,,,972,97209,1,1,1,3,4,Voie communale,30.0,1
202400013115,2024-10-15,après-midi,,,972,97209,1,1,3,3,4,Voie communale,50.0,1
202400013116,2024-10-10,nuit,,,972,97209,5,1,1,4,1,Autoroute,90.0,1
202400013117,2024-10-15,soirée,,,69,69149,2,1,3,4,4,Voie communale,50.0,1
202400013118,2024-10-15,après-midi,,,2B,2B033,1,1,6,4,4,Voie communale,50.0,1
202400013119,2024-10-13,nuit,,,971,97101,2,1,2,3,2,Nationale,90.0,1
202400013120,2024-10-15,après-midi,,,2A,2A004,1,1,2,4,4,Voie communale,50.0,1
202400013121,2024-10-15,après-midi,,,95,95268,1,1,3,4,3,Départementale,50.0,1
202400013122,2024-10-15,soirée,,,91,91687,1,1,6,4,4,Voie communale,50.0,1
202400013123,2024-10-15,après-midi,,,91,91479,1,1,3,3,4,Voie communale,50.0,1