Num_Acc,date,time_of_day,lat,long,dep,com,lum,atm,col,severity_index,catr,catr_label,vma,surf
202400013124,2024-10-12,après-midi,,,87,87085,1,1,7,4,1,Autoroute,50.0,2
202400013125,2024-10-15,matin,,,85,85191,5,3,6,3,4,Voie communale,50.0,2
202400013126,2024-10-14,après-midi,,,84,84035,1,2,6,4,4,Voie communale,50.0,2
202400013127,2024-10-15,après-midi,,,84,84007,1,1,5,4,3,Départementale,70.0,1
202400013128,2024-10-14,matin,,,83,83069,1,1,3,3,3,Départementale,,1
202400013129,2024-10-15,matin,,,78,78029,1,1,1,3,3,Départementale,50.0,1
202400013130,2024-10-14,après-midi,,,72,72181,1,1,6,4,4,Voie communale,50.0,1
202400013131,2024-10-15,matin,,,71,71499,1,2,3,4,4,Voie communale,50.0,2
202400013132,2024-10-15,matin,,,71,71270,1,2,3,3,3,Départementale,90.0,2
202400013133,2024-10-15,après-midi,,,69,69266,1,1,3,3,7,Autre,50.0,1
202400013134,2024-10-14,matin,,,69,69259,5,2,2,4,7,Autre,50.0,2
202400013135,2024-10-14,nuit,,,69,69259,5,1,6,3,4,Voie communale,50.0,1
202400013136,2024-03-13,après-midi,,,71,71153,1,1,3,4,4,Voie communale,50.0,1
202400013137,2024-10-15,soirée,,,67,67482,5,1,3,4,4,Voie communale,50.0,1
202400013138,2024-03-15,soirée,,,69,69286,5,2,3,4,4,Voie communale,20.0,2
202400013139,2024-03-15,après-midi,,,69,69115,1,2,6,4,4,Voie communale,50.0,2
202400013140,2024-10-15,après-midi,,,63,63300,1,1,3,4,3,Départementale,50.0,1
202400013141,2024-03-14,soirée,,,69,69259,5,1,1,4,4,Voie communale,30.0,1
202400013142,2024-10-15,soirée,,,63,63113,5,1,3,3,4,Voie communale,30.0,1
202400013143,2024-03-14,après-midi,,,69,69259,1,1,6,4,4,Voie communale,50.0,1
202400013144,2024-10-15,matin,,,63,63113,1,1,3,4,4,Voie communale,30.0,1
202400013145,2024-03-13,matin,,,68,68066,1,1,3,3,4,Voie communale,50.0,1
202400013146,2024-03-15,matin,,,64,64132,1,1,3,4,3,Départementale,50.0,1
202400013147,2024-10-15,matin,,,63,63032,1,1,4,4,7,Autre,,1
202400013148,2024-03-15,nuit,,,64,64122,5,1,7,3,4,Voie communale,30.0,1
202400013149,2024-10-13,soirée,,,62,62193,5,1,7,2,4,Voie communale,50.0,1
202400013150,2024-03-14,après-midi,,,63,63300,1,1,3,4,4,Voie communale,50.0,1
202400013151,2024-10-15,après-midi,,,59,59033,1,1,6,4,4,Voie communale,50.0,1
202400013152,2024-10-15,matin,,,59,59043,2,5,3,3,3,Départementale,50.0,2
202400013153,2024-03-15,soirée,,,63,63113,5,1,3,4,4,Voie communale,30.0,1
202400013154,2024-10-15,matin,,,56,56260,5,1,3,4,4,Voie communale,50.0,1
202400013155,2024-03-15,soirée,,,63,63113,2,1,3,3,7,Autre,50.0,1
202400013156,2024-10-14,soirée,,,56,56121,5,1,3,4,4,Voie communale,30.0,1
202400013157,2024-03-06,matin,,,62,62330,1,1,2,3,3,Départementale,70.0,1
202400013158,2024-10-14,soirée,,,56,56121,1,1,6,4,4,Voie communale,30.0,1
202400013159,2024-03-15,après-midi,,,62,62753,1,2,1,3,3,Départementale,50.0,2
202400013160,2024-10-15,soirée,,,54,54580,5,1,6,4,4,Voie communale,30.0,1
202400013161,2024-03-13,après-midi,,,59,59122,1,1,6,4,3,Départementale,50.0,1
202400013162,2024-10-12,soirée,,,50,50129,5,1,3,4,4,Voie communale,30.0,1
202400013163,2024-03-13,après-midi,,,58,58194,1,1,6,4,4,Voie communale,50.0,1
202400013164,2024-03-14,après-midi,,,58,58194,1,1,3,4,4,Voie communale,30.0,1
202400013165,2024-03-15,après-midi,,,56,56260,1,1,7,4,4,Voie communale,50.0,1
202400013166,2024-03-14,après-midi,,,56,56121,1,1,6,4,4,Voie communale,30.0,1
202400013167,2024-03-14,soirée,,,54,54395,5,1,3,4,4,Voie communale,50.0,1
202400013168,2024-03-14,matin,,,54,54547,1,8,6,4,4,Voie communale,50.0,1
202400013169,2024-03-15,après-midi,,,51,51454,1,2,3,4,4,Voie communale,50.0,2
202400013170,2024-03-12,soirée,,,49,49007,1,1,3,4,4,Voie communale,50.0,1
202400013171,2024-03-12,soirée,,,44,44162,5,1,6,3,6,Autre,30.0,1
202400013172,2024-03-15,soirée,,,38,38185,5,1,1,4,4,Voie communale,50.0,1
202400013173,2024-03-15,matin,,,38,38185,1,1,3,4,4,Voie communale,30.0,1
202400013174,2024-03-14,soirée,,,36,36202,1,1,3,3,3,Départementale,30.0,1
202400013175,2024-03-15,soirée,,,34,34172,2,1,6,3,4,Voie communale,30.0,1
202400013176,2024-03-15,matin,,,34,34032,1,1,6,3,4,Voie communale,10.0,1
202400013177,2024-03-15,soirée,,,33,33281,1,1,6,4,4,Voie communale,50.0,1
202400013178,2024-03-13,après-midi,,,31,31555,1,1,6,4,4,Voie communale,50.0,1
202400013179,2024-03-15,matin,,,27,27681,1,1,2,4,4,Voie communale,50.0,1
202400013180,2024-03-14,après-midi,,,27,27229,1,1,3,3,4,Voie communale,50.0,1
202400013181,2024-03-14,matin,,,27,27229,1,1,7,4,4,Voie communale,50.0,1
202400013182,2024-03-15,nuit,,,22,22278,5,1,3,4,4,Voie communale,30.0,1
202400013183,2024-03-14,matin,,,15,15014,1,1,6,4,4,Voie communale,50.0,1
202400013184,2024-03-14,matin,,,15,15014,2,1,3,4,2,Nationale,50.0,1
202400013185,2024-03-14,soirée,,,14,14271,1,1,3,3,4,Voie communale,50.0,1
202400013186,2024-03-14,matin,,,14,14327,1,1,2,4,4,Voie communale,30.0,1
202400013187,2024-02-11,après-midi,,,14,14125,1,8,6,4,3,Départementale,90.0,1
202400013188,2024-03-15,après-midi,,,13,13063,1,1,3,4,4,Voie communale,30.0,1
202400013189,2024-03-15,après-midi,,,13,13028,1,1,3,3,4,Voie communale,50.0,1
202400013190,2024-03-15,après-midi,,,13,13005,1,1,3,4,4,Voie communale,50.0,1
202400013191,2024-03-12,après-midi,,,13,13005,1,1,3,4,4,Voie communale,30.0,1
202400013192,2024-03-15,après-midi,,,06,06088,1,1,6,2,4,Voie communale,50.0,1
202400013193,2024-03-15,soirée,,,06,06069,2,1,6,4,3,Départementale,50.0,1
202400013194,2024-03-15,matin,,,06,06027,1,1,6,3,4,Voie communale,20.0,1
202400013195,2024-03-15,matin,,,06,06027,1,1,6,4,7,Autre,30.0,1
202400013196,2024-03-15,nuit,,,06,06004,3,1,6,3,3,Départementale,70.0,1
202400013197,2024-03-15,soirée,,,01,01053,5,8,7,4,3,Départementale,50.0,1
202400013198,2024-03-15,soirée,,,75,75120,1,1,2,3,4,Voie communale,30.0,1
202400013199,2024-03-15,après-midi,,,75,75120,1,1,6,4,4,Voie communale,30.0,1
202400013200,2024-03-15,après-midi,,,75,75119,1,1,3,4,4,Voie communale,30.0,2
202400013201,2024-03-15,après-midi,,,75,75118,1,8,6,4,4,Voie communale,30.0,1
202400013202,2024-03-15,soirée,,,75,75117,5,2,7,4,4,Voie communale,50.0,2
202400013203,2024-03-15,après-midi,,,75,75115,1,1,6,4,4,Voie communale,30.0,1
202400013204,2024-03-15,matin,,,75,75115,1,2,7,4,4,Voie communale,30.0,2
202400013205,2024-03-15,matin,,,75,75114,1,1,3,4,4,Voie communale,50.0,1
202400013206,2024-03-14,après-midi,,,75,75114,1,1,6,4,4,Voie communale,30.0,1
202400013207,2024-03-15,après-midi,,,75,75113,1,1,6,4,4,Voie communale,30.0,1
202400013208,2024-03-14,après-midi,,,75,75112,1,1,6,4,4,Voie communale,30.0,1
202400013209,2024-03-15,après-midi,,,75,75111,1,1,6,4,4,Voie communale,30.0,1
202400013210,2024-03-15,après-midi,,,75,75111,1,1,2,4,4,Voie communale,30.0,1
202400013211,2024-03-15,nuit,,,75,75109,5,1,4,4,4,Voie communale,30.0,1
202400013212,2024-03-15,nuit,,,75,75108,5,1,6,4,4,Voie communale,30.0,1
202400013213,2024-03-15,soirée,,,75,75101,5,2,6,4,4,Voie communale,30.0,2
202400013214,2024-03-15,nuit,,,75,75101,5,1,3,4,4,Voie communale,50.0,2
202400013215,2024-03-15,après-midi,,,94,94074,1,1,3,4,4,Voie communale,30.0,1
202400013216,2024-03-15,nuit,,,94,94074,5,1,1,4,3,Départementale,,1
202400013217,2024-07-02,après-midi,,,54,54547,1,1,6,4,4,Voie communale,30.0,1
202400013218,2024-07-01,après-midi,,,49,49007,1,1,7,4,4,Voie communale,50.0,1
202400013219,2024-03-15,après-midi,,,94,94065,1,1,2,4,2,Nationale,90.0,1
202400013220,2024-07-03,matin,,,45,45232,1,1,3,2,4,Voie communale,50.0,1
202400013221,2024-03-15,matin,,,94,94033,1,8,2,4,3,Départementale,50.0,1
202400013222,2024-06-26,matin,,,41,41018,1,1,6,4,4,Voie communale,50.0,1
202400013223,2024-03-13,matin,,,94,94028,1,2,6,4,4,Voie communale,50.0,2
202400013224,2024-07-03,après-midi,,,39,39198,1,1,3,4,4,Voie communale,50.0,1
202400013225,2024-03-15,après-midi,,,94,94022,1,1,2,4,3,Départementale,50.0,1
202400013226,2024-03-14,après-midi,,,93,93073,1,1,3,4,9,Autre,50.0,1
202400013227,2024-07-03,après-midi,,,37,37261,1,1,3,4,7,Autre,50.0,1
202400013228,2024-07-03,matin,,,37,37214,1,1,6,4,4,Voie communale,50.0,1
202400013229,2024-03-15,matin,,,93,93066,1,1,3,4,3,Départementale,50.0,1
202400013230,2024-03-15,soirée,,,93,93053,2,1,3,4,3,Départementale,30.0,1
202400013231,2024-07-03,soirée,,,36,36044,1,1,4,4,4,Voie communale,,1
202400013232,2024-03-15,matin,,,93,93033,1,1,1,4,3,Départementale,50.0,1
202400013233,2024-07-03,nuit,,,35,35238,5,1,1,3,4,Voie communale,30.0,1
202400013234,2024-03-15,soirée,,,93,93046,5,1,1,4,4,Voie communale,,1
202400013235,2024-07-03,soirée,,,35,35055,1,1,6,4,4,Voie communale,30.0,1
202400013236,2024-03-15,soirée,,,93,93010,5,2,6,4,4,Voie communale,50.0,2
202400013237,2024-07-03,après-midi,,,34,34108,1,1,2,4,3,Départementale,80.0,1
202400013238,2024-07-03,soirée,,,34,34172,1,1,6,4,4,Voie communale,50.0,1
202400013239,2024-03-15,soirée,,,93,93001,5,2,3,4,3,Départementale,50.0,2
202400013240,2024-07-04,nuit,,,33,33063,4,1,6,4,4,Voie communale,50.0,1
202400013241,2024-03-15,soirée,,,92,92051,2,1,2,4,4,Voie communale,50.0,1
202400013242,2024-07-03,matin,,,33,33550,1,1,1,4,4,Voie communale,50.0,1
202400013243,2024-03-15,matin,,,92,92050,1,1,3,4,4,Voie communale,50.0,1
202400013244,2024-06-29,matin,,,29,29232,1,1,3,4,4,Voie communale,50.0,1
202400013245,2024-03-15,après-midi,,,92,92035,1,3,2,4,3,Départementale,50.0,3
202400013246,2024-07-03,soirée,,,25,25056,1,1,6,4,4,Voie communale,30.0,1
202400013247,2024-03-16,matin,,,34,34276,1,1,6,3,3,Départementale,90.0,1
202400013248,2024-07-03,après-midi,,,17,17299,1,1,3,4,4,Voie communale,30.0,1
202400013249,2024-03-12,soirée,,,31,31044,1,1,3,3,4,Voie communale,50.0,1
202400013250,2024-03-16,après-midi,,,67,67202,1,1,3,4,3,Départementale,50.0,1
202400013251,2024-07-03,soirée,,,13,13117,1,1,1,4,4,Voie communale,50.0,1
202400013252,2024-03-15,nuit,,,974,97410,3,1,6,3,3,Départementale,50.0,2
202400013253,2024-07-02,nuit,,,13,13056,3,1,6,4,3,Départementale,50.0,1
202400013254,2024-03-16,après-midi,,,83,83049,1,1,5,4,3,Départementale,90.0,1
202400013255,2024-07-03,nuit,,,13,13216,3,1,1,4,4,Voie communale,30.0,1
202400013256,2024-03-15,après-midi,,,72,72231,1,2,3,4,3,Départementale,50.0,1
202400013257,2024-07-02,après-midi,,,13,13207,1,1,1,3,4,Voie communale,50.0,1
202400013258,2024-03-15,après-midi,,,15,15259,1,1,6,2,1,Autoroute,110.0,1
202400013259,2024-07-03,après-midi,,,11,11069,1,1,6,4,4,Voie communale,30.0,1
202400013260,2024-03-16,nuit,,,36,36026,3,8,2,4,1,Autoroute,130.0,2
202400013261,2024-07-03,après-midi,,,06,06069,1,1,1,4,3,Départementale,50.0,1
202400013262,2024-03-16,après-midi,,,71,71023,1,1,3,3,3,Départementale,80.0,1
202400013263,2024-07-03,soirée,,,06,06069,1,1,1,4,3,Départementale,50.0,1
202400013264,2024-03-16,matin,,,80,80024,2,1,1,3,3,Départementale,80.0,1
202400013265,2024-07-03,matin,,,06,06027,1,1,6,4,7,Autre,30.0,1
202400013266,2024-03-16,nuit,,,12,12243,3,1,6,3,3,Départementale,30.0,1
202400013267,2024-07-03,soirée,,,75,75120,1,1,3,4,4,Voie communale,70.0,1
202400013268,2024-07-03,matin,,,75,75117,1,1,7,4,4,Voie communale,70.0,1
202400013269,2024-03-16,après-midi,,,39,39013,1,1,1,4,2,Nationale,80.0,1
202400013270,2024-07-03,matin,,,75,75117,1,1,2,3,4,Voie communale,70.0,1
202400013271,2024-03-15,après-midi,,,31,31502,1,1,1,3,3,Départementale,80.0,1
202400013272,2024-07-03,nuit,,,75,75106,5,1,2,4,4,Voie communale,,1
202400013273,2024-03-15,après-midi,,,31,31104,1,1,7,3,3,Départementale,80.0,1
202400013274,2024-07-03,après-midi,,,75,75117,1,1,3,4,4,Voie communale,30.0,1
202400013275,2024-03-14,après-midi,,,38,38516,1,1,3,4,7,Autre,50.0,1
202400013276,2024-07-01,nuit,,,75,75117,5,1,7,4,4,Voie communale,30.0,1
202400013277,2024-03-15,après-midi,,,03,03107,1,1,6,2,3,Départementale,90.0,1
202400013278,2024-03-12,soirée,,,15,15169,3,1,1,3,3,Départementale,90.0,1
202400013279,2024-07-02,soirée,,,75,75116,1,1,3,4,4,Voie communale,30.0,1
202400013280,2024-03-16,matin,,,58,58024,1,1,7,3,3,Départementale,90.0,1
202400013281,2024-07-03,soirée,,,75,75113,1,1,6,4,4,Voie communale,50.0,1
202400013282,2024-03-12,après-midi,,,54,54045,1,1,3,3,3,Départementale,80.0,1
202400013283,2024-07-03,matin,,,75,75113,1,1,3,4,4,Voie communale,50.0,1
202400013284,2024-03-16,après-midi,,,72,72115,1,1,7,4,4,Voie communale,50.0,1
202400013285,2024-03-16,après-midi,,,07,07129,1,1,7,3,3,Départementale,90.0,1
202400013286,2024-07-03,après-midi,,,75,75109,1,1,3,3,4,Voie communale,,1
202400013287,2024-03-15,soirée,,,17,17403,1,1,7,3,3,Départementale,80.0,1
202400013288,2024-03-16,matin,,,48,48092,1,1,6,3,3,Départementale,50.0,1
202400013289,2024-07-03,nuit,,,94,94046,5,1,2,4,3,Départementale,50.0,1
202400013290,2024-03-16,nuit,,,08,08408,3,2,6,4,3,Départementale,80.0,2
202400013291,2024-07-03,après-midi,,,94,94054,1,1,6,3,4,Voie communale,50.0,1
202400013292,2024-03-16,nuit,,,973,97307,3,2,1,4,2,Nationale,,2
202400013293,2024-07-03,après-midi,,,93,93072,1,1,3,4,3,Départementale,50.0,1
202400013294,2024-03-16,après-midi,,,13,13051,1,1,1,3,3,Départementale,80.0,1
202400013295,2024-07-03,matin,,,93,93064,1,1,1,4,4,Voie communale,15.0,1
202400013296,2024-03-16,nuit,,,06,06088,3,1,6,2,1,Autoroute,90.0,1
202400013297,2024-07-03,après-midi,,,93,93051,1,1,3,4,3,Départementale,50.0,1
202400013298,2024-03-16,après-midi,,,974,97417,1,1,1,4,2,Nationale,50.0,1
202400013299,2024-07-03,nuit,,,93,93010,5,1,3,4,4,Voie communale,50.0,1
202400013300,2024-03-15,soirée,,,973,97306,1,1,7,3,5,Autre,80.0,1
202400013301,2024-07-03,matin,,,92,92075,1,1,3,4,3,Départementale,50.0,1
202400013302,2024-02-01,après-midi,,,33,33199,1,1,3,4,4,Voie communale,30.0,1
202400013303,2024-07-03,soirée,,,92,92025,1,1,3,4,4,Voie communale,50.0,1
202400013304,2024-07-02,matin,,,92,92025,1,8,3,4,4,Voie communale,30.0,1
202400013305,2024-03-14,matin,,,77,77317,1,1,5,3,3,Départementale,50.0,1
202400013306,2024-07-03,soirée,,,92,92024,1,1,2,4,3,Départementale,50.0,1
202400013307,2024-03-15,après-midi,,,21,21716,1,1,6,3,4,Voie communale,50.0,1
202400013308,2024-07-03,soirée,,,92,92023,1,1,3,4,4,Voie communale,30.0,1
202400013309,2024-03-16,matin,,,10,10300,1,1,3,2,4,Voie communale,50.0,1
202400013310,2024-07-03,nuit,,,92,92012,5,1,3,4,4,Voie communale,30.0,1
202400013311,2024-07-03,nuit,,,92,92014,5,1,3,3,3,Départementale,50.0,1
202400013312,2024-02-28,soirée,,,88,88348,2,1,3,3,3,Départementale,80.0,1
202400013313,2024-07-03,nuit,,,974,97415,4,1,7,3,4,Voie communale,50.0,1
202400013314,2024-03-16,après-midi,,,81,81099,1,1,1,3,4,Voie communale,50.0,1
202400013315,2024-07-04,après-midi,,,28,28012,1,1,2,2,3,Départementale,90.0,1
202400013316,2024-03-16,matin,,,47,47157,1,1,6,3,4,Voie communale,30.0,1
202400013317,2024-07-04,matin,,,974,97412,2,2,7,4,4,Voie communale,50.0,2
202400013318,2024-07-03,matin,,,972,97222,1,3,6,4,3,Départementale,,2
202400013319,2024-03-16,après-midi,,,76,76533,1,1,7,3,5,Autre,50.0,1
202400013320,2024-07-03,matin,,,83,83004,1,1,5,4,3,Départementale,90.0,1
202400013321,2024-07-03,après-midi,,,12,12113,1,1,1,4,3,Départementale,90.0,1
202400013322,2024-07-04,après-midi,,,91,91458,1,1,6,3,4,Voie communale,,1
202400013323,2024-07-04,soirée,,,974,97414,3,1,6,3,2,Nationale,50.0,1
202400013324,2024-07-04,après-midi,,,50,50601,1,1,3,4,1,Autoroute,130.0,1
202400013325,2024-07-04,matin,,,62,62181,1,1,7,4,4,Voie communale,80.0,2
202400013326,2024-07-04,après-midi,,,69,69100,1,1,7,4,7,Autre,70.0,1
202400013327,2024-07-04,après-midi,,,51,51440,1,1,3,4,3,Départementale,,1
202400013328,2024-03-15,nuit,,,83,83137,3,1,6,4,1,Autoroute,90.0,1
202400013329,2024-07-03,après-midi,,,51,51282,1,1,2,4,3,Départementale,50.0,1
202400013330,2024-07-03,après-midi,,,69,69012,1,2,7,4,3,Départementale,80.0,2
202400013331,2024-03-15,soirée,,,33,33397,2,1,6,4,1,Autoroute,110.0,1
202400013332,2024-07-04,soirée,,,63,63040,1,1,7,3,4,Voie communale,,6
202400013333,2024-07-04,soirée,,,42,42026,1,1,1,2,3,Départementale,80.0,1
202400013334,2024-07-01,matin,,,34,34012,1,1,1,4,9,Autre,,1
202400013335,2024-03-15,après-midi,,,33,33063,1,1,6,4,1,Autoroute,70.0,1
202400013336,2024-07-03,soirée,,,39,39269,1,8,5,4,3,Départementale,90.0,2
202400013337,2024-07-03,nuit,,,25,25278,3,1,6,3,3,Départementale,90.0,1
202400013338,2024-03-14,matin,,,33,33550,1,1,2,4,1,Autoroute,90.0,1
202400013339,2024-07-03,soirée,,,38,38473,1,1,3,4,4,Voie communale,80.0,1
202400013340,2024-06-30,après-midi,,,01,01420,1,1,3,4,3,Départementale,50.0,1
202400013341,2024-07-04,après-midi,,,01,01093,1,1,1,4,3,Départementale,80.0,1
202400013342,2024-03-15,nuit,,,78,78158,3,1,6,4,1,Autoroute,90.0,2
202400013343,2024-06-29,après-midi,,,01,01072,1,1,3,4,3,Départementale,80.0,1
202400013344,2024-07-04,après-midi,,,70,70075,1,1,7,4,3,Départementale,,1
202400013345,2024-03-14,soirée,,,92,92064,3,1,2,4,1,Autoroute,110.0,1
202400013346,2024-07-04,après-midi,,,66,66003,1,1,3,4,3,Départementale,50.0,1
202400013347,2024-07-01,après-midi,,,06,06074,1,1,6,2,7,Autre,80.0,1
202400013348,2024-07-04,nuit,,,06,06119,3,1,7,3,7,Autre,80.0,1
202400013349,2024-03-15,soirée,,,93,93005,3,3,3,4,1,Autoroute,70.0,2
202400013350,2024-07-04,après-midi,,,06,06032,1,1,7,4,7,Autre,70.0,1
202400013351,2024-07-04,matin,,,06,06150,1,1,3,4,3,Départementale,50.0,1
202400013352,2024-03-15,après-midi,,,93,93027,1,1,3,4,1,Autoroute,110.0,1
202400013353,2024-07-03,après-midi,,,14,14229,1,1,3,4,4,Voie communale,50.0,1
202400013354,2024-03-14,soirée,,,95,95572,3,1,6,4,2,Nationale,50.0,1
202400013355,2024-07-03,soirée,,,64,64453,2,1,7,3,4,Voie communale,50.0,1
202400013356,2024-03-14,après-midi,,,95,95582,1,1,3,4,1,Autoroute,110.0,1
202400013357,2024-07-03,soirée,,,43,43221,1,1,3,3,3,Départementale,90.0,1
202400013358,2024-03-14,matin,,,93,93053,1,1,5,4,1,Autoroute,70.0,1
202400013359,2024-07-03,après-midi,,,16,16281,1,1,6,4,4,Voie communale,30.0,1
202400013360,2024-07-03,matin,,,85,85213,1,1,7,3,3,Départementale,80.0,1
202400013361,2024-03-13,soirée,,,93,93001,1,1,7,4,1,Autoroute,90.0,1
202400013362,2024-03-14,après-midi,,,988,98818,1,1,6,4,4,Voie communale,30.0,1
202400013363,2024-07-02,soirée,,,37,37266,1,1,6,4,3,Départementale,50.0,1
202400013364,2024-03-13,après-midi,,,987,98735,1,1,3,4,2,Nationale,50.0,1
202400013365,2024-07-03,après-midi,,,30,30100,1,1,3,3,4,Voie communale,50.0,1
202400013366,2024-03-14,matin,,,976,97611,1,1,3,4,3,Départementale,50.0,1
202400013367,2024-07-04,nuit,,,52,52212,2,1,3,3,3,Départementale,70.0,2
202400013368,2024-03-15,nuit,,,974,97411,5,2,3,3,4,Voie communale,50.0,2
202400013369,2024-07-04,matin,,,31,31588,1,1,3,2,7,Autre,50.0,1
202400013370,2024-07-03,soirée,,,13,13044,1,1,2,4,2,Nationale,80.0,1
202400013371,2024-03-14,après-midi,,,974,97411,1,1,4,4,2,Nationale,50.0,1
202400013372,2024-03-13,après-midi,,,973,97302,2,1,6,4,3,Départementale,50.0,1
202400013373,2024-07-03,soirée,,,66,66108,1,1,3,3,3,Départementale,50.0,1
202400013374,2024-03-13,après-midi,,,973,97302,1,1,6,4,4,Voie communale,50.0,1
202400013375,2024-07-04,matin,,,13,13065,1,7,2,3,3,Départementale,80.0,1
202400013376,2024-03-13,après-midi,,,973,97302,1,2,3,4,4,Voie communale,50.0,2
202400013377,2024-07-02,matin,,,987,98747,1,1,1,3,2,Nationale,40.0,1
202400013378,2024-03-14,après-midi,,,69,69383,1,1,3,3,4,Voie communale,30.0,1
202400013379,2024-07-03,matin,,,974,97420,1,1,6,3,2,Nationale,50.0,1
202400013380,2024-03-08,matin,,,69,69386,1,1,3,4,4,Voie communale,50.0,1
202400013381,2024-07-03,après-midi,,,974,97408,1,1,2,3,2,Nationale,90.0,1
202400013382,2024-03-14,matin,,,2B,2B033,1,1,2,2,2,Nationale,70.0,1
202400013383,2024-07-03,soirée,,,971,97117,1,2,1,3,3,Départementale,80.0,2
202400013384,2024-07-04,matin,,,45,45198,1,1,1,4,3,Départementale,90.0,1
202400013385,2024-03-13,soirée,,,95,95203,5,1,1,4,3,Départementale,50.0,1
202400013386,2024-03-14,après-midi,,,91,91471,1,1,6,4,4,Voie communale,50.0,1
202400013387,2024-07-01,après-midi,,,77,77437,1,1,5,3,2,Nationale,80.0,1
202400013388,2024-03-14,nuit,,,91,91589,5,2,6,4,3,Départementale,50.0,2
202400013389,2024-07-03,nuit,,,2A,2A247,5,1,1,3,2,Nationale,50.0,1
202400013390,2024-02-25,nuit,,,91,91027,5,8,6,4,3,Départementale,50.0,2
202400013391,2024-07-04,matin,,,30,30128,1,1,3,4,3,Départementale,80.0,1
202400013392,2024-02-23,soirée,,,91,91228,5,1,1,4,4,Voie communale,50.0,1
202400013393,2024-07-03,après-midi,,,11,11099,1,1,3,2,3,Départementale,80.0,1
202400013394,2024-03-13,après-midi,,,84,84087,1,1,2,4,4,Voie communale,50.0,1
202400013395,2024-03-14,nuit,,,84,84007,5,1,6,4,4,Voie communale,50.0,1
202400013396,2024-07-04,après-midi,,,26,26124,1,1,3,4,1,Autoroute,130.0,1
202400013397,2024-03-13,nuit,,,84,84007,3,1,3,4,4,Voie communale,50.0,1
202400013398,2024-03-14,après-midi,,,83,83069,1,1,6,3,3,Départementale,70.0,1
202400013399,2024-07-04,matin,,,26,26362,1,1,2,4,1,Autoroute,90.0,1
202400013400,2024-03-14,soirée,,,78,78551,3,1,1,3,4,Voie communale,50.0,1
202400013401,2024-07-04,nuit,,,21,21295,1,1,1,3,3,Départementale,70.0,1
202400013402,2024-03-13,soirée,,,77,77438,1,1,6,4,4,Voie communale,50.0,1
202400013403,2024-07-04,matin,,,55,55553,1,3,6,3,3,Départementale,90.0,2
202400013404,2024-07-03,nuit,,,38,38349,5,1,6,2,3,Départementale,50.0,1
202400013405,2024-03-14,après-midi,,,76,76351,1,1,6,4,4,Voie communale,30.0,1
202400013406,2024-03-13,après-midi,,,76,76351,1,1,3,4,4,Voie communale,50.0,1
202400013407,2024-07-03,après-midi,,,81,81283,1,1,3,3,3,Départementale,50.0,1
202400013408,2024-03-13,soirée,,,76,76351,5,1,3,4,4,Voie communale,50.0,1
202400013409,2024-07-04,matin,,,65,65059,1,1,3,4,3,Départementale,50.0,1
202400013410,2024-03-14,après-midi,,,69,69266,1,1,3,4,4,Voie communale,30.0,1
202400013411,2024-07-01,soirée,,,31,31478,1,8,1,4,3,Départementale,,1
202400013412,2024-03-13,après-midi,,,69,69290,1,1,7,4,4,Voie communale,50.0,1
202400013413,2024-07-04,après-midi,,,16,16061,1,1,3,4,3,Départementale,70.0,1
202400013414,2024-03-13,après-midi,,,69,69290,1,1,2,4,1,Autoroute,90.0,1
202400013415,2024-07-04,nuit,,,29,29042,5,1,6,3,3,Départementale,80.0,1
202400013416,2024-03-14,après-midi,,,67,67482,1,1,6,4,4,Voie communale,50.0,1
202400013417,2024-07-04,nuit,,,35,35228,3,1,7,4,3,Départementale,80.0,1
202400013418,2024-03-14,matin,,,67,67043,1,1,3,4,4,Voie communale,50.0,1
202400013419,2024-06-26,matin,,,59,59025,1,1,3,4,7,Autre,50.0,1
202400013420,2024-03-13,soirée,,,67,67482,5,8,3,4,4,Voie communale,50.0,1
202400013421,2024-07-03,matin,,,13,13212,1,1,4,4,1,Autoroute,70.0,1
202400013422,2024-03-14,matin,,,66,66136,1,1,4,4,3,Départementale,80.0,1
202400013423,2024-07-03,après-midi,,,69,69007,1,1,6,3,1,Autoroute,90.0,1
202400013424,2024-03-13,soirée,,,64,64102,2,7,6,3,3,Départementale,50.0,1
202400013425,2024-07-03,après-midi,,,78,78362,1,1,2,4,1,Autoroute,110.0,1
202400013426,2024-07-02,soirée,,,92,92036,1,1,2,4,1,Autoroute,90.0,1
202400013427,2024-03-13,après-midi,,,64,64024,1,1,3,4,4,Voie communale,50.0,1
202400013428,2024-07-01,après-midi,,,92,92025,1,1,3,4,1,Autoroute,70.0,1
202400013429,2024-03-13,matin,,,64,64140,1,1,1,4,3,Départementale,50.0,1
202400013430,2024-07-03,après-midi,,,93,93007,1,1,3,4,1,Autoroute,110.0,1
202400013431,2024-03-14,après-midi,,,63,63014,1,1,2,4,7,Autre,50.0,1
202400013432,2024-07-03,matin,,,95,95351,1,1,2,4,2,Nationale,110.0,1
202400013433,2024-07-02,soirée,,,95,95252,1,1,3,4,1,Autoroute,110.0,1
202400013434,2024-03-14,soirée,,,62,62186,1,1,1,4,3,Départementale,50.0,1
202400013435,2024-07-02,soirée,,,95,95582,1,1,2,4,1,Autoroute,110.0,1
202400013436,2024-03-14,matin,,,59,59599,1,1,7,4,4,Voie communale,50.0,1