Num_Acc,date,time_of_day,lat,long,dep,com,lum,atm,col,severity_index,catr,catr_label,vma,surf
202400013437,2024-07-02,soirée,,,93,93066,1,1,2,3,1,Autoroute,90.0,1
202400013438,2024-03-14,matin,,,59,59220,1,1,6,4,4,Voie communale,30.0,1
202400013439,2024-07-03,nuit,,,94,94004,4,1,2,3,2,Nationale,90.0,1
202400013440,2024-01-16,après-midi,,,91,91692,1,1,3,4,4,Voie communale,50.0,1
202400013441,2024-03-13,après-midi,,,56,56121,1,1,3,4,4,Voie communale,30.0,1
202400013442,2024-03-13,nuit,,,54,54395,5,1,1,4,4,Voie communale,30.0,1
202400013443,2024-03-29,matin,,,14,14654,1,1,7,4,3,Départementale,90.0,1
202400013444,2024-03-14,soirée,,,54,54451,2,1,7,4,4,Voie communale,80.0,7
202400013445,2024-03-23,nuit,,,49,49099,3,1,7,3,3,Départementale,50.0,1
202400013446,2024-03-12,soirée,,,50,50129,5,1,3,4,4,Voie communale,30.0,1
202400013447,2024-03-12,soirée,,,49,49267,5,1,6,4,4,Voie communale,50.0,1
202400013448,2024-02-24,nuit,,,49,49099,3,1,6,3,4,Voie communale,50.0,1
202400013449,2024-03-12,après-midi,,,49,49007,1,1,3,4,4,Voie communale,30.0,1
202400013450,2024-04-20,soirée,,,16,16271,1,1,1,4,4,Voie communale,50.0,1
202400013451,2024-03-14,matin,,,45,45285,1,1,6,3,4,Voie communale,50.0,1
202400013452,2024-06-26,après-midi,,,976,97611,1,1,6,4,4,Voie communale,50.0,1
202400013453,2024-03-14,nuit,,,41,41226,5,1,3,4,2,Nationale,50.0,1
202400013454,2024-07-02,soirée,,,974,97416,5,1,6,4,4,Voie communale,50.0,1
202400013455,2024-03-13,soirée,,,38,38151,5,1,1,2,4,Voie communale,50.0,1
202400013456,2024-07-02,matin,,,974,97416,1,1,3,4,4,Voie communale,50.0,1
202400013457,2024-03-13,soirée,,,37,37261,5,1,6,4,4,Voie communale,30.0,1
202400013458,2024-07-02,nuit,,,974,97409,5,1,6,4,4,Voie communale,50.0,1
202400013459,2024-03-14,matin,,,37,37261,1,1,2,4,4,Voie communale,50.0,1
202400013460,2024-07-02,soirée,,,974,97407,2,1,6,4,4,Voie communale,30.0,1
202400013461,2024-07-01,matin,,,69,69387,1,1,3,4,4,Voie communale,30.0,1
202400013462,2024-03-13,matin,,,35,35281,1,1,4,4,7,Autre,90.0,1
202400013463,2024-07-01,après-midi,,,972,97209,1,3,2,4,2,Nationale,70.0,2
202400013464,2024-03-13,après-midi,,,34,34301,1,1,6,4,4,Voie communale,,1
202400013465,2024-07-02,après-midi,,,2B,2B037,1,1,4,4,2,Nationale,70.0,1
202400013466,2024-07-01,après-midi,,,2B,2B033,1,1,3,4,2,Nationale,50.0,1
202400013467,2024-03-14,soirée,,,34,34172,5,1,3,4,7,Autre,30.0,1
202400013468,2024-07-01,après-midi,,,971,97113,1,2,2,4,2,Nationale,50.0,2
202400013469,2024-03-14,soirée,,,33,33063,5,1,3,4,4,Voie communale,50.0,1
202400013470,2024-07-02,après-midi,,,91,91552,1,1,1,3,3,Départementale,50.0,1
202400013471,2024-03-14,soirée,,,33,33063,4,1,6,4,4,Voie communale,50.0,1
202400013472,2024-03-14,matin,,,33,33162,1,1,6,3,4,Voie communale,50.0,1
202400013473,2024-07-01,après-midi,,,91,91549,1,1,3,4,4,Voie communale,50.0,1
202400013474,2024-03-14,soirée,,,31,31555,5,1,6,4,7,Autre,30.0,1
202400013475,2024-07-01,après-midi,,,91,91469,1,1,5,4,3,Départementale,50.0,1
202400013476,2024-03-14,après-midi,,,31,31555,1,1,4,4,1,Autoroute,90.0,1
202400013477,2024-03-13,après-midi,,,30,30007,1,1,7,3,4,Voie communale,50.0,1
202400013478,2024-06-30,matin,,,87,87085,2,1,2,4,4,Voie communale,30.0,1
202400013479,2024-03-13,soirée,,,29,29019,2,1,3,4,4,Voie communale,50.0,1
202400013480,2024-07-01,après-midi,,,84,84031,1,1,1,4,4,Voie communale,50.0,1
202400013481,2024-03-13,matin,,,29,29019,1,8,3,4,4,Voie communale,50.0,1
202400013482,2024-07-02,soirée,,,83,83098,1,1,3,4,3,Départementale,30.0,1
202400013483,2024-03-14,après-midi,,,25,25056,1,1,3,4,3,Départementale,50.0,1
202400013484,2024-07-01,après-midi,,,80,80674,1,1,3,4,3,Départementale,50.0,1
202400013485,2024-03-14,matin,,,25,25056,1,1,6,4,4,Voie communale,50.0,1
202400013486,2024-07-01,matin,,,80,80021,1,1,7,4,4,Voie communale,50.0,1
202400013487,2024-02-21,soirée,,,22,22360,1,2,3,4,4,Voie communale,50.0,2
202400013488,2024-07-03,nuit,,,78,78168,3,1,6,4,2,Nationale,70.0,1
202400013489,2024-07-02,matin,,,76,76366,1,1,1,3,7,Autre,50.0,1
202400013490,2024-07-01,soirée,,,76,76351,1,1,6,4,4,Voie communale,50.0,1
202400013491,2024-07-01,après-midi,,,74,74012,1,1,6,4,4,Voie communale,50.0,1
202400013492,2024-07-02,soirée,,,73,73065,1,1,5,4,4,Voie communale,50.0,1
202400013493,2024-07-02,après-midi,,,72,72181,1,1,5,4,4,Voie communale,70.0,1
202400013494,2024-07-02,nuit,,,72,72181,3,1,6,4,4,Voie communale,50.0,1
202400013495,2024-07-01,soirée,,,72,72181,1,1,2,4,4,Voie communale,30.0,1
202400013496,2024-07-01,matin,,,71,71306,1,1,3,2,4,Voie communale,30.0,1
202400013497,2024-07-02,matin,,,71,71076,1,1,3,4,4,Voie communale,30.0,1
202400013498,2024-07-01,matin,,,69,69276,1,1,6,4,4,Voie communale,50.0,1
202400013499,2024-06-30,soirée,,,67,67482,1,8,3,4,4,Voie communale,30.0,2
202400013500,2024-07-02,soirée,,,64,64445,1,1,3,4,4,Voie communale,30.0,1
202400013501,2024-07-01,après-midi,,,64,64132,1,2,4,4,3,Départementale,70.0,2
202400013502,2024-07-01,après-midi,,,64,64132,1,1,7,4,4,Voie communale,,1
202400013503,2024-07-02,après-midi,,,63,63014,1,1,5,4,4,Voie communale,50.0,1
202400013504,2024-07-02,matin,,,59,59193,1,1,1,3,7,Autre,70.0,1
202400013505,2024-07-01,après-midi,,,59,59220,1,1,3,4,4,Voie communale,50.0,1
202400013506,2024-03-06,après-midi,,,59,59350,1,1,6,2,4,Voie communale,30.0,1
202400013507,2024-07-01,après-midi,,,57,57631,1,1,3,2,4,Voie communale,50.0,1
202400013508,2024-07-01,matin,,,56,56162,1,1,6,4,3,Départementale,50.0,1
202400013509,2024-07-02,après-midi,,,54,54395,1,1,3,4,4,Voie communale,30.0,1
202400013510,2024-07-01,matin,,,54,54274,1,2,2,4,4,Voie communale,30.0,2
202400013511,2024-07-01,après-midi,,,54,54575,1,1,1,4,3,Départementale,60.0,1
202400013512,2024-07-02,après-midi,,,51,51573,1,8,1,4,4,Voie communale,50.0,2
202400013513,2024-07-02,matin,,,51,51058,1,1,3,4,4,Voie communale,,1
202400013514,2024-07-02,après-midi,,,50,50165,1,1,2,4,3,Départementale,30.0,1
202400013515,2024-07-01,matin,,,50,50129,1,1,3,4,4,Voie communale,50.0,1
202400013516,2024-07-01,après-midi,,,49,49007,1,1,3,4,4,Voie communale,50.0,1
202400013517,2024-07-01,matin,,,49,49007,1,1,3,4,4,Voie communale,50.0,1
202400013518,2024-06-28,après-midi,,,49,49267,1,1,3,3,4,Voie communale,50.0,1
202400013519,2024-07-02,après-midi,,,45,45208,1,1,3,4,4,Voie communale,50.0,1
202400013520,2024-06-15,matin,,,40,40088,1,1,6,3,4,Voie communale,50.0,1
202400013521,2024-07-02,soirée,,,37,37208,1,1,6,4,4,Voie communale,50.0,1
202400013522,2024-07-02,soirée,,,35,35238,1,1,3,4,4,Voie communale,50.0,1
202400013523,2024-07-02,matin,,,35,35206,1,2,5,4,2,Nationale,90.0,2
202400013524,2024-07-02,après-midi,,,34,34301,1,1,5,4,4,Voie communale,50.0,1
202400013525,2024-07-02,après-midi,,,34,34301,1,1,3,4,4,Voie communale,30.0,1
202400013526,2024-11-22,soirée,,,13,13214,5,1,5,4,1,Autoroute,90.0,1
202400013527,2024-11-19,soirée,,,13,13106,3,2,2,4,1,Autoroute,90.0,2
202400013528,2024-07-01,nuit,,,34,34108,5,1,3,3,3,Départementale,50.0,1
202400013529,2024-06-30,soirée,,,34,34032,2,1,6,3,4,Voie communale,30.0,1
202400013530,2024-11-22,après-midi,,,83,83062,3,1,4,4,1,Autoroute,90.0,1
202400013531,2024-07-02,après-midi,,,33,33318,1,1,1,2,4,Voie communale,50.0,1
202400013532,2024-11-23,soirée,,,33,33039,5,1,4,4,1,Autoroute,90.0,1
202400013533,2024-07-01,après-midi,,,33,33550,1,1,3,4,4,Voie communale,70.0,1
202400013534,2024-11-23,après-midi,,,91,91064,1,1,4,4,2,Nationale,90.0,2
202400013535,2024-11-23,matin,,,94,94034,1,2,2,4,1,Autoroute,70.0,2
202400013536,2024-07-02,soirée,,,26,26362,1,1,3,3,3,Départementale,50.0,1
202400013537,2024-11-23,nuit,,,92,92064,3,1,2,4,1,Autoroute,90.0,2
202400013538,2024-11-23,nuit,,,95,95527,3,1,6,4,1,Autoroute,110.0,1
202400013539,2024-11-23,nuit,,,92,92078,3,1,6,4,1,Autoroute,50.0,1
202400013540,2024-07-02,après-midi,,,13,13202,1,1,3,4,4,Voie communale,50.0,1
202400013541,2024-11-22,soirée,,,94,94028,3,2,2,4,1,Autoroute,90.0,2
202400013542,2024-07-01,après-midi,,,13,13103,1,1,3,4,4,Voie communale,50.0,1
202400013543,2024-07-02,matin,,,13,13028,1,1,3,4,4,Voie communale,50.0,1
202400013544,2024-11-22,matin,,,974,97416,1,1,3,4,2,Nationale,50.0,1
202400013545,2024-07-02,après-midi,,,13,13005,1,1,3,4,3,Départementale,50.0,1
202400013546,2024-11-22,matin,,,974,97411,1,1,2,4,2,Nationale,90.0,1
202400013547,2024-11-22,matin,,,974,97407,1,2,3,3,4,Voie communale,30.0,2
202400013548,2024-07-02,après-midi,,,13,13001,1,1,2,4,4,Voie communale,50.0,1
202400013549,2024-11-21,soirée,,,973,97302,3,1,6,4,3,Départementale,70.0,1
202400013550,2024-06-24,après-midi,,,12,12202,1,1,3,4,3,Départementale,30.0,1
202400013551,2024-11-21,après-midi,,,973,97302,1,1,3,4,3,Départementale,50.0,1
202400013552,2024-06-28,nuit,,,07,07019,3,1,6,3,2,Nationale,90.0,1
202400013553,2024-11-21,matin,,,973,97302,1,1,3,4,2,Nationale,90.0,1
202400013554,2024-11-22,soirée,,,69,69388,5,1,3,4,4,Voie communale,30.0,1
202400013555,2024-11-22,soirée,,,69,69387,5,1,3,4,4,Voie communale,30.0,1
202400013556,2024-11-22,soirée,,,69,69387,5,1,3,3,4,Voie communale,30.0,1
202400013557,2024-11-22,soirée,,,69,69388,5,1,6,4,4,Voie communale,30.0,1
202400013558,2024-11-22,après-midi,,,972,97213,2,1,6,4,3,Départementale,30.0,1
202400013559,2024-11-22,matin,,,972,97213,1,2,3,4,4,Voie communale,50.0,2
202400013560,2024-11-22,après-midi,,,971,97113,1,1,7,4,2,Nationale,30.0,1
202400013561,2024-11-22,après-midi,,,95,95563,5,1,6,4,6,Autre,30.0,1
202400013562,2024-11-22,après-midi,,,91,91691,1,1,6,3,4,Voie communale,30.0,2
202400013563,2024-11-22,soirée,,,91,91228,5,1,6,4,4,Voie communale,50.0,1
202400013564,2024-11-21,après-midi,,,87,87085,1,6,6,4,4,Voie communale,50.0,1
202400013565,2024-11-21,matin,,,87,87085,5,1,4,4,4,Voie communale,50.0,1
202400013566,2024-11-22,soirée,,,84,84031,5,1,6,4,4,Voie communale,50.0,1
202400013567,2024-11-22,après-midi,,,84,84007,5,1,1,4,4,Voie communale,50.0,1
202400013568,2024-11-21,soirée,,,83,83123,4,1,2,2,3,Départementale,50.0,1
202400013569,2024-11-22,soirée,,,79,79191,5,9,1,2,4,Voie communale,50.0,1
202400013570,2024-11-22,matin,,,74,74010,1,8,2,4,4,Voie communale,50.0,1
202400013571,2024-11-22,après-midi,,,72,72181,1,1,6,4,4,Voie communale,50.0,1
202400013572,2024-11-21,nuit,,,72,72181,5,1,3,4,3,Départementale,90.0,7
202400013573,2024-11-22,matin,,,69,69264,1,1,3,4,4,Voie communale,30.0,1
202400013574,2024-11-22,matin,,,69,69264,5,8,2,4,4,Voie communale,50.0,2
202400013575,2024-11-22,nuit,,,69,69199,5,1,3,4,7,Autre,50.0,1
202400013576,2024-11-22,nuit,,,69,69290,4,2,6,4,4,Voie communale,50.0,2
202400013577,2024-11-22,après-midi,,,67,67482,5,8,6,4,4,Voie communale,50.0,2
202400013578,2024-11-22,soirée,,,67,67180,5,1,5,4,4,Voie communale,50.0,2
202400013579,2024-11-22,matin,,,64,64483,1,3,6,4,4,Voie communale,50.0,2
202400013580,2024-11-22,nuit,,,64,64445,5,1,3,4,4,Voie communale,30.0,1
202400013581,2024-11-22,soirée,,,64,64445,5,1,6,4,4,Voie communale,30.0,1
202400013582,2024-11-22,matin,,,64,64445,1,2,7,4,4,Voie communale,50.0,2
202400013583,2024-11-21,après-midi,,,64,64445,1,1,6,4,4,Voie communale,50.0,9
202400013584,2024-11-22,après-midi,,,64,64122,1,2,3,4,3,Départementale,50.0,2
202400013585,2024-11-22,soirée,,,64,64102,4,1,4,4,3,Départementale,50.0,1
202400013586,2024-11-22,après-midi,,,59,59599,1,1,2,4,4,Voie communale,50.0,1
202400013587,2024-11-22,après-midi,,,56,56098,1,1,3,4,4,Voie communale,30.0,1
202400013588,2024-11-22,matin,,,54,54395,5,1,6,4,4,Voie communale,50.0,1
202400013589,2024-11-21,matin,,,54,54395,1,1,3,4,4,Voie communale,50.0,1
202400013590,2024-11-20,soirée,,,54,54395,5,1,3,4,4,Voie communale,50.0,1
202400013591,2024-11-22,matin,,,51,51454,1,4,7,4,4,Voie communale,30.0,2
202400013592,2024-11-21,après-midi,,,51,51058,3,1,6,4,4,Voie communale,50.0,2
202400013593,2024-11-21,matin,,,50,50129,5,8,1,4,3,Départementale,50.0,5
202400013594,2024-11-18,après-midi,,,50,50129,5,3,2,4,3,Départementale,50.0,2
202400013595,2024-11-21,après-midi,,,49,49099,1,1,6,3,4,Voie communale,50.0,1
202400013596,2024-11-22,matin,,,49,49353,1,1,6,4,4,Voie communale,50.0,1
202400013597,2024-11-21,nuit,,,49,49007,5,1,6,4,6,Autre,30.0,2
202400013598,2024-11-21,matin,,,49,49246,5,4,6,4,4,Voie communale,50.0,2
202400013599,2024-11-21,matin,,,49,49007,5,4,3,3,4,Voie communale,30.0,2
202400013600,2024-11-20,après-midi,,,49,49007,1,1,2,4,4,Voie communale,70.0,1
202400013601,2024-11-22,soirée,,,38,38563,5,2,3,3,4,Voie communale,50.0,2
202400013602,2024-11-22,soirée,,,38,38185,5,1,3,4,4,Voie communale,50.0,1
202400013603,2024-11-22,nuit,,,37,37233,5,9,7,4,4,Voie communale,50.0,7
202400013604,2024-11-23,nuit,,,35,35238,3,1,2,4,2,Nationale,90.0,1
202400013605,2024-11-22,après-midi,,,35,35278,1,1,2,4,7,Autre,80.0,2
202400013606,2024-04-19,après-midi,,,76,76217,1,1,2,4,4,Voie communale,50.0,1
202400013607,2024-11-22,matin,,,35,35238,2,1,3,4,4,Voie communale,30.0,2
202400013608,2024-11-22,après-midi,,,34,34172,5,1,3,3,4,Voie communale,50.0,1
202400013609,2024-04-19,après-midi,,,71,71270,1,1,2,4,4,Voie communale,50.0,1
202400013610,2024-11-22,matin,,,34,34172,1,1,3,4,4,Voie communale,50.0,1
202400013611,2024-04-21,matin,,,66,66136,1,1,4,4,3,Départementale,110.0,1
202400013612,2024-04-19,matin,,,65,65286,1,1,3,4,3,Départementale,50.0,1
202400013613,2024-11-22,soirée,,,33,33063,3,8,4,4,4,Voie communale,50.0,1
202400013614,2024-04-21,après-midi,,,63,63113,1,1,6,4,4,Voie communale,30.0,1
202400013615,2024-11-22,soirée,,,33,33063,5,1,3,4,4,Voie communale,30.0,1
202400013616,2024-04-20,après-midi,,,60,60463,1,1,6,3,4,Voie communale,50.0,1
202400013617,2024-11-22,soirée,,,33,33063,5,1,3,4,4,Voie communale,50.0,1
202400013618,2024-04-21,après-midi,,,59,59512,1,1,1,4,4,Voie communale,50.0,1
202400013619,2024-11-22,nuit,,,33,33063,5,2,2,4,4,Voie communale,50.0,2
202400013620,2024-04-20,matin,,,59,59350,1,1,3,4,7,Autre,50.0,1
202400013621,2024-11-18,nuit,,,33,33063,5,1,6,4,4,Voie communale,50.0,1
202400013622,2024-04-21,nuit,,,59,59122,3,1,6,4,3,Départementale,50.0,1
202400013623,2024-11-14,nuit,,,30,30331,3,1,6,2,3,Départementale,70.0,1
202400013624,2024-04-21,après-midi,,,56,56260,1,1,6,4,4,Voie communale,50.0,1
202400013625,2024-11-22,après-midi,,,29,29019,1,1,2,4,3,Départementale,50.0,1
202400013626,2024-04-21,soirée,,,54,54099,2,1,7,3,3,Départementale,80.0,1
202400013627,2024-11-21,après-midi,,,27,27229,2,9,2,4,4,Voie communale,50.0,5
202400013628,2024-04-21,après-midi,,,45,45208,1,1,3,4,4,Voie communale,50.0,1
202400013629,2024-04-21,soirée,,,44,44109,5,1,6,4,4,Voie communale,30.0,1
202400013630,2024-04-21,nuit,,,43,43157,5,8,3,4,3,Départementale,50.0,1
202400013631,2024-11-22,nuit,,,26,26362,5,1,3,4,4,Voie communale,50.0,1
202400013632,2024-04-21,soirée,,,37,37122,2,1,6,4,4,Voie communale,50.0,1
202400013633,2024-04-22,nuit,,,34,34172,5,1,2,4,4,Voie communale,50.0,1
202400013634,2024-04-21,après-midi,,,34,34003,1,1,2,3,4,Voie communale,20.0,1
202400013635,2024-11-22,matin,,,22,22278,5,2,6,3,4,Voie communale,30.0,2
202400013636,2024-04-22,nuit,,,33,33063,5,1,6,4,4,Voie communale,30.0,1
202400013637,2024-04-21,après-midi,,,33,33063,1,1,6,3,4,Voie communale,30.0,1
202400013638,2024-11-22,matin,,,15,15014,1,1,6,4,3,Départementale,80.0,7
202400013639,2024-04-21,nuit,,,33,33063,5,1,6,4,4,Voie communale,30.0,1
202400013640,2024-04-19,après-midi,,,33,33318,1,1,3,4,5,Autre,30.0,1
202400013641,2024-11-21,matin,,,14,14366,3,4,3,4,3,Départementale,50.0,2
202400013642,2024-04-21,après-midi,,,31,31555,1,1,3,4,4,Voie communale,50.0,1
202400013643,2024-11-22,soirée,,,13,13054,5,1,1,4,4,Voie communale,50.0,1
202400013644,2024-04-19,après-midi,,,22,22113,1,1,7,4,4,Voie communale,50.0,1
202400013645,2024-04-21,nuit,,,17,17415,5,1,7,4,4,Voie communale,50.0,1
202400013646,2024-11-22,matin,,,13,13202,1,1,3,4,4,Voie communale,50.0,1
202400013647,2024-04-21,nuit,,,17,17300,5,1,7,4,4,Voie communale,30.0,1
202400013648,2024-11-22,matin,,,13,13213,2,1,1,3,4,Voie communale,50.0,1
202400013649,2024-11-22,nuit,,,13,13211,5,8,1,4,4,Voie communale,50.0,2
202400013650,2024-04-21,soirée,,,13,13117,1,1,1,4,4,Voie communale,50.0,1
202400013651,2024-11-22,nuit,,,13,13206,5,1,2,4,4,Voie communale,50.0,1
202400013652,2024-04-21,soirée,,,13,13210,1,1,3,3,4,Voie communale,50.0,1
202400013653,2024-11-22,matin,,,11,11262,3,8,7,4,4,Voie communale,50.0,2
202400013654,2024-04-20,après-midi,,,13,13028,1,1,1,4,7,Autre,80.0,1
202400013655,2024-11-21,soirée,,,11,11069,5,2,6,4,4,Voie communale,50.0,2
202400013656,2024-04-21,après-midi,,,13,13005,1,1,3,4,4,Voie communale,50.0,1
202400013657,2024-11-21,soirée,,,11,11069,5,2,3,4,4,Voie communale,50.0,2
202400013658,2024-04-21,après-midi,,,13,13004,1,1,3,4,4,Voie communale,50.0,1
202400013659,2024-11-22,après-midi,,,10,10333,5,4,3,3,4,Voie communale,50.0,2
202400013660,2024-04-21,nuit,,,06,06088,5,2,6,3,4,Voie communale,50.0,2
202400013661,2024-11-22,après-midi,,,07,07186,1,1,1,2,3,Départementale,50.0,1
202400013662,2024-04-21,soirée,,,06,06104,5,2,1,4,4,Voie communale,50.0,2
202400013663,2024-11-22,matin,,,06,06159,1,1,3,4,7,Autre,50.0,1
202400013664,2024-04-21,après-midi,,,06,06104,1,1,3,3,3,Départementale,50.0,1
202400013665,2024-11-21,après-midi,,,06,06088,1,1,3,3,4,Voie communale,50.0,1
202400013666,2024-11-22,après-midi,,,06,06104,1,1,6,4,3,Départementale,50.0,1
202400013667,2024-04-21,après-midi,,,06,06069,1,1,3,4,4,Voie communale,50.0,1
202400013668,2024-11-18,après-midi,,,06,06029,1,1,3,4,4,Voie communale,50.0,1
202400013669,2024-11-20,après-midi,,,75,75113,1,1,3,4,4,Voie communale,50.0,1
202400013670,2024-04-20,nuit,,,75,75112,5,1,4,4,4,Voie communale,70.0,1
202400013671,2024-04-21,après-midi,,,75,75120,1,1,6,4,4,Voie communale,70.0,1
202400013672,2024-11-18,après-midi,,,75,75113,1,2,2,4,4,Voie communale,50.0,2
202400013673,2024-04-21,nuit,,,75,75120,5,8,6,3,4,Voie communale,30.0,1
202400013674,2024-11-22,soirée,,,75,75120,5,1,3,4,4,Voie communale,50.0,1
202400013675,2024-04-21,matin,,,75,75119,2,1,3,4,4,Voie communale,30.0,1
202400013676,2024-11-22,nuit,,,75,75117,5,8,6,4,4,Voie communale,,2
202400013677,2024-04-20,après-midi,,,75,75117,1,1,2,4,4,Voie communale,30.0,1
202400013678,2024-04-21,après-midi,,,75,75113,1,1,1,4,4,Voie communale,30.0,1
202400013679,2024-11-22,matin,,,75,75116,1,8,5,4,4,Voie communale,,2
202400013680,2024-04-21,après-midi,,,75,75113,1,2,3,4,4,Voie communale,30.0,2
202400013681,2024-11-22,matin,,,75,75114,1,1,6,3,4,Voie communale,30.0,2
202400013682,2024-04-21,après-midi,,,75,75113,1,1,3,4,4,Voie communale,30.0,1
202400013683,2024-11-22,soirée,,,75,75113,5,1,6,4,4,Voie communale,30.0,2
202400013684,2024-04-21,nuit,,,75,75111,5,1,1,4,4,Voie communale,30.0,1
202400013685,2024-11-22,nuit,,,75,75111,3,1,3,4,4,Voie communale,30.0,1
202400013686,2024-04-21,soirée,,,75,75116,1,1,6,4,4,Voie communale,30.0,1
202400013687,2024-11-22,après-midi,,,75,75108,1,1,6,4,4,Voie communale,,1
202400013688,2024-04-21,matin,,,94,94078,2,1,3,4,2,Nationale,50.0,1
202400013689,2024-11-22,soirée,,,75,75107,5,1,3,4,4,Voie communale,30.0,1
202400013690,2024-04-21,matin,,,93,93005,1,1,6,4,4,Voie communale,50.0,1
202400013691,2024-11-22,matin,,,75,75102,1,8,7,4,4,Voie communale,30.0,2
202400013692,2024-04-21,soirée,,,93,93048,1,8,3,4,4,Voie communale,30.0,1
202400013693,2024-11-21,après-midi,,,75,75101,5,4,6,4,4,Voie communale,30.0,2
202400013694,2024-04-21,après-midi,,,93,93047,1,2,2,4,4,Voie communale,50.0,2
202400013695,2024-11-21,après-midi,,,75,75102,1,4,6,4,4,Voie communale,30.0,2
202400013696,2024-04-21,soirée,,,92,92051,1,1,3,4,3,Départementale,50.0,1
202400013697,2024-04-21,après-midi,,,92,92026,1,1,3,4,4,Voie communale,50.0,1
202400013698,2024-11-22,soirée,,,94,94078,5,1,2,4,4,Voie communale,50.0,1
202400013699,2024-04-21,après-midi,,,92,92036,1,1,7,3,3,Départementale,50.0,1
202400013700,2024-04-21,matin,,,974,97415,1,1,6,4,4,Voie communale,,1
202400013701,2024-11-22,nuit,,,94,94068,5,4,6,4,3,Départementale,30.0,7
202400013702,2024-11-21,nuit,,,94,94068,5,4,7,4,3,Départementale,30.0,7
202400013703,2024-11-22,après-midi,,,94,94041,1,1,3,4,3,Départementale,50.0,1
202400013704,2024-11-22,après-midi,,,94,94041,1,2,6,3,3,Départementale,50.0,2
202400013705,2024-04-18,soirée,,,86,86272,3,1,6,3,3,Départementale,80.0,1
202400013706,2024-11-22,matin,,,94,94037,1,4,3,4,3,Départementale,30.0,7
202400013707,2024-04-22,soirée,,,68,68177,1,1,3,4,3,Départementale,70.0,1
202400013708,2024-04-22,matin,,,95,95487,1,1,1,4,3,Départementale,50.0,1
202400013709,2024-11-22,après-midi,,,94,94028,1,2,3,4,3,Départementale,,2
202400013710,2024-04-20,après-midi,,,11,11148,1,1,3,4,3,Départementale,80.0,1
202400013711,2024-11-22,matin,,,95,95527,1,4,3,4,4,Voie communale,50.0,5
202400013712,2024-04-21,soirée,,,11,11203,1,1,6,4,3,Départementale,80.0,1
202400013713,2024-11-21,nuit,,,93,93064,5,4,5,4,3,Départementale,50.0,7
202400013714,2024-04-21,soirée,,,971,97109,5,1,1,3,4,Voie communale,50.0,1
202400013715,2024-04-21,après-midi,,,84,84127,1,1,6,3,4,Voie communale,50.0,1
202400013716,2024-11-22,matin,,,93,93047,1,4,6,4,4,Voie communale,50.0,5
202400013717,2024-04-21,soirée,,,12,12270,2,1,3,4,1,Autoroute,130.0,1
202400013718,2024-11-22,après-midi,,,93,93057,1,1,2,4,4,Voie communale,50.0,1
202400013719,2024-04-22,nuit,,,83,83140,3,1,1,2,3,Départementale,90.0,1
202400013720,2024-09-11,matin,,,94,94041,1,1,3,4,3,Départementale,50.0,1
202400013721,2024-11-22,nuit,,,93,93008,5,4,3,4,3,Départementale,50.0,7
202400013722,2024-04-21,soirée,,,51,51035,2,1,1,4,4,Voie communale,50.0,1
202400013723,2024-11-21,nuit,,,93,93008,5,4,2,4,3,Départementale,50.0,7
202400013724,2024-04-22,nuit,,,32,32334,3,1,7,3,3,Départementale,110.0,1
202400013725,2024-09-10,après-midi,,,94,94028,1,1,5,4,3,Départementale,50.0,1
202400013726,2024-09-11,soirée,,,94,94022,1,1,6,4,3,Départementale,50.0,1
202400013727,2024-11-22,après-midi,,,92,92040,1,1,3,4,3,Départementale,50.0,1
202400013728,2024-04-21,après-midi,,,71,71294,1,1,3,4,4,Voie communale,50.0,1
202400013729,2024-11-22,matin,,,92,92051,1,1,6,4,4,Voie communale,50.0,1
202400013730,2024-04-22,soirée,,,11,11262,1,1,6,3,3,Départementale,80.0,1
202400013731,2024-09-11,nuit,,,94,94060,5,8,3,4,3,Départementale,50.0,2
202400013732,2024-09-11,nuit,,,93,93064,3,1,6,4,4,Voie communale,20.0,1
202400013733,2024-11-22,matin,,,92,92051,1,2,6,4,4,Voie communale,50.0,2
202400013734,2024-04-21,nuit,,,61,61257,4,1,2,4,3,Départementale,50.0,1
202400013735,2024-11-20,soirée,,,92,92051,5,8,6,4,3,Départementale,50.0,1
202400013736,2024-04-21,après-midi,,,49,49369,1,9,6,3,3,Départementale,90.0,1
202400013737,2024-09-11,soirée,,,93,93048,1,1,3,4,3,Départementale,30.0,1
202400013738,2024-04-21,nuit,,,34,34277,3,1,6,4,3,Départementale,90.0,1
202400013739,2024-11-18,soirée,,,92,92051,5,2,6,4,4,Voie communale,50.0,2
202400013740,2024-09-11,après-midi,,,93,93027,1,1,3,4,3,Départementale,50.0,1
202400013741,2024-11-22,après-midi,,,92,92050,1,9,6,4,4,Voie communale,50.0,2
202400013742,2024-04-22,matin,,,29,29251,1,1,3,3,3,Départementale,80.0,1
202400013743,2024-09-11,matin,,,93,93007,1,1,6,4,3,Départementale,50.0,1
202400013744,2024-04-22,après-midi,,,29,29197,1,1,3,4,3,Départementale,50.0,1
202400013745,2024-09-11,matin,,,92,92064,1,1,6,4,3,Départementale,50.0,1
202400013746,2024-11-22,matin,,,92,92050,1,2,3,4,4,Voie communale,30.0,2
202400013747,2024-09-11,après-midi,,,92,92012,1,1,6,4,4,Voie communale,30.0,1