Num_Acc,date,time_of_day,lat,long,dep,com,lum,atm,col,severity_index,catr,catr_label,vma,surf
202400013748,2024-04-22,soirée,,,70,70386,1,1,1,4,2,Nationale,80.0,1
202400013749,2024-11-18,après-midi,,,92,92050,5,2,1,4,3,Départementale,50.0,2
202400013750,2024-09-11,après-midi,,,92,92012,1,1,7,4,3,Départementale,50.0,1
202400013751,2024-04-20,soirée,,,54,54102,2,1,1,3,3,Départementale,80.0,1
202400013752,2024-11-22,matin,,,92,92044,1,1,6,4,4,Voie communale,50.0,1
202400013753,2024-09-11,après-midi,,,92,92004,1,1,3,4,3,Départementale,50.0,1
202400013754,2024-04-22,matin,,,06,06042,2,8,6,4,7,Autre,,1
202400013755,2024-04-22,matin,,,05,05098,1,1,6,4,4,Voie communale,50.0,1
202400013756,2024-11-22,après-midi,,,92,92025,1,1,2,4,3,Départementale,30.0,1
202400013757,2024-09-11,matin,,,71,71235,1,1,3,4,4,Voie communale,50.0,1
202400013758,2024-04-22,matin,,,64,64137,2,1,3,4,3,Départementale,30.0,1
202400013759,2024-11-22,matin,,,92,92024,1,1,6,4,4,Voie communale,30.0,7
202400013760,2024-09-11,soirée,,,24,24019,1,2,1,4,4,Voie communale,80.0,2
202400013761,2024-11-22,nuit,,,92,92024,5,4,7,4,3,Départementale,50.0,7
202400013762,2024-04-20,après-midi,,,16,16073,1,1,3,3,3,Départementale,50.0,1
202400013763,2024-04-21,matin,,,53,53148,3,1,7,3,3,Départementale,80.0,1
202400013764,2024-11-22,matin,,,92,92002,1,1,6,4,3,Départementale,50.0,2
202400013765,2024-04-21,après-midi,,,40,40271,1,1,3,3,3,Départementale,80.0,1
202400013766,2024-09-06,matin,,,84,84088,1,1,4,3,3,Départementale,80.0,1
202400013767,2024-11-22,matin,,,92,92002,1,4,2,4,3,Départementale,30.0,2
202400013768,2024-04-22,matin,,,24,24434,1,1,6,4,3,Départementale,80.0,1
202400013769,2024-09-11,après-midi,,,972,97210,1,1,2,4,2,Nationale,80.0,1
202400013770,2024-04-22,soirée,,,28,28401,1,1,1,3,3,Départementale,80.0,1
202400013771,2024-09-12,après-midi,,,83,83004,1,1,7,3,3,Départementale,70.0,1
202400013772,2024-11-22,nuit,,,09,09167,3,3,2,3,3,Départementale,80.0,2
202400013773,2024-04-20,matin,,,30,30004,1,1,3,4,2,Nationale,80.0,1
202400013774,2024-09-10,matin,,,51,51326,2,1,2,3,3,Départementale,80.0,2
202400013775,2024-11-22,nuit,,,41,41104,3,9,6,3,3,Départementale,50.0,1
202400013776,2024-09-07,après-midi,,,68,68203,1,1,7,4,3,Départementale,80.0,9
202400013777,2024-04-21,matin,,,30,30322,1,1,6,3,3,Départementale,70.0,1
202400013778,2024-11-22,soirée,,,06,06161,5,1,6,4,3,Départementale,70.0,1
202400013779,2024-09-12,après-midi,,,44,44113,1,1,6,3,2,Nationale,110.0,1
202400013780,2024-04-20,soirée,,,30,30061,3,6,5,4,2,Nationale,110.0,1
202400013781,2024-09-12,nuit,,,83,83116,3,1,1,4,3,Départementale,90.0,1
202400013782,2024-11-19,matin,,,83,83031,1,1,4,4,1,Autoroute,,1
202400013783,2024-09-11,après-midi,,,83,83116,1,1,1,4,3,Départementale,70.0,1
202400013784,2024-04-22,après-midi,,,973,97307,1,3,3,3,3,Départementale,80.0,2
202400013785,2024-11-22,nuit,,,71,71195,3,1,2,4,1,Autoroute,130.0,1
202400013786,2024-09-11,nuit,,,62,62297,3,1,1,3,3,Départementale,90.0,1
202400013787,2024-04-21,nuit,,,73,73252,3,1,2,4,1,Autoroute,130.0,1
202400013788,2024-09-12,matin,,,95,95352,2,1,1,3,3,Départementale,80.0,1
202400013789,2024-04-22,matin,,,01,01237,2,1,1,4,3,Départementale,50.0,1
202400013790,2024-11-23,après-midi,,,01,01446,1,7,3,2,3,Départementale,70.0,1
202400013791,2024-09-11,après-midi,,,51,51140,1,1,3,3,3,Départementale,80.0,1
202400013792,2024-04-21,nuit,,,33,33130,3,1,6,3,1,Autoroute,130.0,1
202400013793,2024-11-23,matin,,,29,29142,3,2,7,4,2,Nationale,110.0,2
202400013794,2024-04-22,matin,,,62,62817,1,1,2,4,3,Départementale,50.0,1
202400013795,2024-09-11,soirée,,,59,59037,1,1,6,3,3,Départementale,80.0,1
202400013796,2024-03-26,après-midi,,,971,97128,1,1,3,4,2,Nationale,90.0,1
202400013797,2024-11-22,soirée,,,62,62580,5,8,6,4,3,Départementale,50.0,1
202400013798,2024-08-10,après-midi,,,56,56061,1,1,3,4,4,Voie communale,50.0,1
202400013799,2024-02-19,matin,,,66,66115,1,1,6,3,4,Voie communale,50.0,1
202400013800,2024-11-23,matin,,,83,83073,1,1,1,3,3,Départementale,70.0,1
202400013801,2024-04-21,soirée,,,11,11379,2,1,1,4,3,Départementale,80.0,1
202400013802,2024-09-12,après-midi,,,2B,2B318,1,1,2,4,2,Nationale,80.0,1
202400013803,2024-09-10,soirée,,,33,33140,3,1,6,4,3,Départementale,50.0,1
202400013804,2024-11-22,matin,,,56,56166,2,1,1,4,3,Départementale,70.0,1
202400013805,2024-04-21,après-midi,,,83,83063,1,1,3,3,3,Départementale,80.0,1
202400013806,2024-09-11,après-midi,,,11,11005,1,1,1,2,3,Départementale,,1
202400013807,2024-11-23,nuit,,,55,55171,3,8,6,4,3,Départementale,90.0,2
202400013808,2024-04-12,matin,,,83,83068,1,1,3,3,3,Départementale,,1
202400013809,2024-09-11,soirée,,,63,63223,3,2,6,4,3,Départementale,90.0,2
202400013810,2024-11-22,après-midi,,,12,12162,1,1,3,4,3,Départementale,90.0,1
202400013811,2024-04-22,après-midi,,,06,06099,1,3,1,4,3,Départementale,80.0,2
202400013812,2024-09-11,nuit,,,61,61274,3,2,3,4,3,Départementale,80.0,2
202400013813,2024-11-19,matin,,,29,29212,1,2,7,3,7,Autre,80.0,2
202400013814,2024-04-22,matin,,,26,26072,2,8,6,4,1,Autoroute,130.0,1
202400013815,2024-11-23,matin,,,03,03254,1,1,2,4,3,Départementale,35.0,1
202400013816,2024-09-08,soirée,,,49,49048,1,2,5,3,3,Départementale,70.0,2
202400013817,2024-04-21,après-midi,,,38,38019,1,1,3,3,1,Autoroute,130.0,1
202400013818,2024-11-22,après-midi,,,70,70245,1,4,6,3,4,Voie communale,80.0,7
202400013819,2024-04-22,matin,,,89,89055,1,1,1,4,3,Départementale,50.0,1
202400013820,2024-11-23,nuit,,,50,50543,3,1,6,4,3,Départementale,80.0,2
202400013821,2024-09-10,soirée,,,68,68062,1,8,2,4,3,Départementale,,1
202400013822,2024-11-22,soirée,,,53,53110,5,1,6,3,3,Départementale,30.0,1
202400013823,2024-04-16,matin,,,38,38110,1,1,1,4,3,Départementale,70.0,1
202400013824,2024-09-12,matin,,,03,03138,1,1,3,3,2,Nationale,70.0,1
202400013825,2024-04-22,après-midi,,,81,81038,1,1,3,2,3,Départementale,50.0,1
202400013826,2024-11-23,matin,,,17,17394,3,1,7,3,3,Départementale,50.0,1
202400013827,2024-09-11,après-midi,,,50,50580,1,1,3,3,3,Départementale,80.0,1
202400013828,2024-04-21,après-midi,,,40,40283,1,1,6,3,3,Départementale,50.0,1
202400013829,2024-11-23,nuit,,,17,17309,3,1,7,3,4,Voie communale,90.0,1
202400013830,2024-09-11,soirée,,,36,36088,1,3,2,4,4,Voie communale,50.0,2
202400013831,2024-04-21,nuit,,,60,60138,3,1,1,4,3,Départementale,80.0,1
202400013832,2024-09-11,après-midi,,,16,16287,1,8,6,3,2,Nationale,80.0,2
202400013833,2024-11-23,matin,,,31,31587,2,1,1,4,3,Départementale,50.0,1
202400013834,2024-04-22,matin,,,62,62128,1,1,2,4,3,Départementale,30.0,1
202400013835,2024-09-12,nuit,,,40,40152,3,1,7,3,3,Départementale,80.0,1
202400013836,2024-04-21,soirée,,,13,13213,1,1,3,4,3,Départementale,70.0,1
202400013837,2024-11-22,après-midi,,,35,35206,1,1,6,3,4,Voie communale,30.0,1
202400013838,2024-09-12,matin,,,24,24547,1,1,6,3,3,Départementale,30.0,1
202400013839,2024-11-23,nuit,,,06,06027,3,1,6,4,1,Autoroute,110.0,1
202400013840,2024-09-12,soirée,,,85,85264,2,1,6,4,3,Départementale,80.0,1
202400013841,2024-04-20,soirée,,,13,13117,1,6,2,4,1,Autoroute,90.0,1
202400013842,2024-09-12,après-midi,,,87,87127,1,1,1,3,3,Départementale,90.0,1
202400013843,2024-04-20,soirée,,,13,13211,1,1,4,4,1,Autoroute,90.0,1
202400013844,2024-11-22,soirée,,,62,62019,3,1,5,4,1,Autoroute,130.0,1
202400013845,2024-09-11,soirée,,,37,37218,3,1,6,3,3,Départementale,80.0,1
202400013846,2024-04-20,après-midi,,,83,83144,1,1,2,4,1,Autoroute,70.0,1
202400013847,2024-09-09,après-midi,,,48,48127,1,1,3,3,3,Départementale,90.0,1
202400013848,2024-01-03,soirée,,,69,69029,5,1,2,4,1,Autoroute,90.0,1
202400013849,2024-11-22,après-midi,,,31,31254,2,1,2,4,3,Départementale,80.0,1
202400013850,2024-04-21,après-midi,,,91,91179,1,1,7,4,1,Autoroute,110.0,1
202400013851,2024-09-11,après-midi,,,988,98805,1,1,3,3,4,Voie communale,50.0,1
202400013852,2024-04-21,après-midi,,,91,91174,1,1,2,4,2,Nationale,90.0,1
202400013853,2024-11-23,après-midi,,,13,13114,1,1,2,4,3,Départementale,80.0,1
202400013854,2024-09-10,matin,,,35,35210,3,1,6,3,7,Autre,80.0,1
202400013855,2024-04-21,après-midi,,,91,91434,1,1,7,4,1,Autoroute,110.0,1
202400013856,2024-11-22,soirée,,,987,98750,3,1,7,2,2,Nationale,60.0,1
202400013857,2024-04-20,nuit,,,91,91689,3,1,7,4,1,Autoroute,110.0,2
202400013858,2024-09-11,après-midi,,,39,39014,1,2,5,4,1,Autoroute,110.0,2
202400013859,2024-04-21,après-midi,,,78,78217,1,1,6,4,1,Autoroute,50.0,1
202400013860,2024-11-23,nuit,,,66,66037,2,1,6,4,3,Départementale,50.0,1
202400013861,2024-04-19,après-midi,,,92,92036,1,1,3,4,1,Autoroute,90.0,1
202400013862,2024-09-11,après-midi,,,34,34031,1,6,2,3,1,Autoroute,130.0,1
202400013863,2024-11-22,après-midi,,,11,11322,1,1,3,3,4,Voie communale,50.0,1
202400013864,2024-09-12,après-midi,,,77,77520,1,1,6,3,1,Autoroute,50.0,1
202400013865,2024-04-21,après-midi,,,93,93053,1,1,2,4,1,Autoroute,90.0,1
202400013866,2024-11-01,après-midi,,,34,34209,2,1,7,3,3,Départementale,90.0,1
202400013867,2024-09-09,matin,,,973,97312,1,1,2,3,2,Nationale,80.0,1
202400013868,2024-04-21,après-midi,,,94,94073,1,1,5,4,1,Autoroute,90.0,1
202400013869,2024-11-22,nuit,,,13,13020,5,1,1,3,4,Voie communale,30.0,1
202400013870,2024-09-12,après-midi,,,971,97108,1,1,3,3,3,Départementale,70.0,1
202400013871,2024-01-18,soirée,,,74,74056,3,2,6,3,3,Départementale,,2
202400013872,2024-02-18,après-midi,,,74,74104,1,1,1,4,4,Voie communale,,1
202400013873,2024-09-12,matin,,,45,45297,1,8,3,3,3,Départementale,50.0,1
202400013874,2024-11-20,après-midi,,,67,67028,2,1,6,4,3,Départementale,40.0,1
202400013875,2024-02-01,soirée,,,74,74293,5,1,7,4,3,Départementale,70.0,2
202400013876,2024-09-07,matin,,,77,77437,1,1,6,4,6,Autre,15.0,1
202400013877,2024-02-17,matin,,,74,74256,1,1,6,3,4,Voie communale,30.0,1
202400013878,2024-11-20,matin,,,67,67028,1,1,6,4,3,Départementale,40.0,1
202400013879,2024-09-11,soirée,,,83,83138,1,1,3,3,3,Départementale,80.0,1
202400013880,2024-02-09,après-midi,,,74,74010,1,2,6,4,4,Voie communale,50.0,2
202400013881,2024-02-17,nuit,,,74,74104,3,1,6,2,3,Départementale,50.0,1
202400013882,2024-11-14,après-midi,,,23,23067,1,7,6,4,3,Départementale,90.0,1
202400013883,2024-01-16,après-midi,,,74,74165,1,1,1,2,3,Départementale,80.0,2
202400013884,2024-01-09,après-midi,,,74,74282,3,4,6,2,3,Départementale,30.0,5
202400013885,2024-09-10,nuit,,,10,10006,5,1,3,4,4,Voie communale,,1
202400013886,2024-11-22,matin,,,86,86054,2,7,6,3,3,Départementale,90.0,1
202400013887,2024-09-11,matin,,,69,69067,1,1,2,3,3,Départementale,,1
202400013888,2024-02-19,nuit,,,59,59350,5,8,3,4,4,Voie communale,50.0,2
202400013889,2024-11-22,nuit,,,60,60439,5,1,6,3,4,Voie communale,50.0,1
202400013890,2024-04-20,après-midi,,,974,97416,1,1,1,4,4,Voie communale,50.0,1
202400013891,2024-09-11,soirée,,,81,81099,1,2,1,4,3,Départementale,80.0,2
202400013892,2024-04-19,après-midi,,,974,97416,1,1,2,4,4,Voie communale,50.0,1
202400013893,2024-04-20,matin,,,974,97411,2,1,1,4,3,Départementale,70.0,1
202400013894,2024-11-21,soirée,,,13,13216,3,1,4,4,1,Autoroute,90.0,1
202400013895,2024-04-19,après-midi,,,974,97411,1,1,3,3,4,Voie communale,50.0,1
202400013896,2024-09-11,après-midi,,,35,35001,1,1,3,4,7,Autre,80.0,1
202400013897,2024-04-20,matin,,,973,97302,1,1,1,4,4,Voie communale,50.0,1
202400013898,2024-11-21,soirée,,,13,13214,5,1,2,4,1,Autoroute,70.0,1
202400013899,2024-09-10,matin,,,54,54232,2,2,6,4,1,Autoroute,110.0,2
202400013900,2024-09-11,après-midi,,,33,33122,1,1,4,4,1,Autoroute,130.0,2
202400013901,2024-04-20,nuit,,,973,97302,5,1,3,4,4,Voie communale,50.0,1
202400013902,2024-11-21,après-midi,,,13,13070,1,1,4,4,1,Autoroute,90.0,1
202400013903,2024-04-20,nuit,,,973,97302,5,1,7,4,3,Départementale,50.0,1
202400013904,2024-09-11,après-midi,,,91,91235,1,1,4,4,2,Nationale,90.0,1
202400013905,2024-11-21,matin,,,13,13212,1,1,2,4,1,Autoroute,70.0,1
202400013906,2024-04-20,soirée,,,69,69383,1,1,6,4,4,Voie communale,10.0,1
202400013907,2024-09-11,matin,,,92,92025,1,8,4,4,1,Autoroute,90.0,1
202400013908,2024-09-11,matin,,,92,92036,1,2,2,4,1,Autoroute,90.0,8
202400013909,2024-11-16,soirée,,,13,13211,3,1,2,4,1,Autoroute,90.0,1
202400013910,2024-04-20,après-midi,,,69,69386,1,1,3,4,4,Voie communale,30.0,1
202400013911,2024-09-10,après-midi,,,93,93008,1,1,3,3,1,Autoroute,90.0,1
202400013912,2024-11-21,nuit,,,59,59462,3,1,2,4,1,Autoroute,130.0,1
202400013913,2024-04-20,matin,,,69,69381,2,1,6,3,4,Voie communale,50.0,1
202400013914,2024-09-09,après-midi,,,95,95219,1,1,3,4,1,Autoroute,90.0,1
202400013915,2024-09-10,nuit,,,94,94028,5,1,2,4,1,Autoroute,40.0,1
202400013916,2024-04-20,après-midi,,,972,97213,1,1,2,4,2,Nationale,70.0,1
202400013917,2024-04-28,après-midi,,,42,42218,1,1,6,4,4,Voie communale,,1
202400013918,2024-11-22,matin,,,91,91570,3,4,4,4,2,Nationale,90.0,5
202400013919,2024-04-19,soirée,,,972,97209,5,1,1,3,4,Voie communale,30.0,1
202400013920,2024-03-19,matin,,,42,42218,1,1,3,4,4,Voie communale,,1
202400013921,2024-04-20,matin,,,971,97101,1,1,7,4,4,Voie communale,50.0,1
202400013922,2024-04-20,matin,,,91,91477,1,1,6,4,4,Voie communale,50.0,1
202400013923,2024-04-19,nuit,,,84,84007,5,1,1,4,4,Voie communale,50.0,1
202400013924,2024-03-17,soirée,,,42,42218,5,1,3,4,4,Voie communale,,1
202400013925,2024-04-20,après-midi,,,83,83103,1,1,1,4,4,Voie communale,50.0,1
202400013926,2024-02-29,matin,,,42,42176,1,1,2,4,3,Départementale,80.0,1
202400013927,2024-04-20,matin,,,83,83062,1,1,1,3,4,Voie communale,70.0,1
202400013928,2024-04-16,après-midi,,,83,83129,1,1,6,4,3,Départementale,50.0,1
202400013929,2024-09-10,après-midi,,,974,97416,1,1,6,4,4,Voie communale,80.0,1
202400013930,2024-04-20,après-midi,,,80,80021,1,1,3,4,4,Voie communale,30.0,1
202400013931,2024-09-10,matin,,,974,97416,1,1,7,4,4,Voie communale,50.0,1
202400013932,2024-11-21,nuit,,,94,94021,3,4,5,4,1,Autoroute,90.0,7
202400013933,2024-04-20,matin,,,78,78481,1,1,6,4,3,Départementale,50.0,1
202400013934,2024-11-21,nuit,,,94,94021,3,4,3,3,1,Autoroute,90.0,7
202400013935,2024-12-27,nuit,,,75,75107,5,1,6,4,4,Voie communale,30.0,1
202400013936,2024-12-28,nuit,,,75,75107,5,1,7,4,4,Voie communale,30.0,1
202400013937,2024-04-20,soirée,,,77,77464,1,1,7,4,3,Départementale,50.0,1
202400013938,2024-11-22,soirée,,,92,92072,3,1,3,4,2,Nationale,70.0,2
202400013939,2024-09-09,matin,,,974,97411,1,1,4,4,2,Nationale,90.0,1
202400013940,2024-12-28,soirée,,,75,75102,5,1,2,4,4,Voie communale,30.0,1
202400013941,2024-04-20,après-midi,,,77,77132,1,1,2,4,3,Départementale,50.0,1
202400013942,2024-09-09,après-midi,,,974,97409,1,1,1,4,4,Voie communale,50.0,1
202400013943,2024-11-21,après-midi,,,78,78423,2,4,6,4,1,Autoroute,90.0,5
202400013944,2024-12-28,après-midi,,,94,94068,1,8,3,4,3,Départementale,30.0,1
202400013945,2024-04-20,soirée,,,76,76681,1,1,3,3,4,Voie communale,50.0,1
202400013946,2024-11-21,nuit,,,92,92025,3,1,5,4,1,Autoroute,70.0,2
202400013947,2024-09-09,soirée,,,973,97302,5,1,3,4,2,Nationale,90.0,1
202400013948,2024-04-20,soirée,,,73,73008,2,1,2,4,3,Départementale,50.0,1
202400013949,2024-11-20,après-midi,,,92,92050,3,2,3,4,1,Autoroute,90.0,2
202400013950,2024-12-28,soirée,,,94,94041,5,1,1,4,3,Départementale,50.0,1
202400013951,2024-02-01,nuit,,,75,75120,5,1,6,4,4,Voie communale,50.0,1
202400013952,2024-09-09,après-midi,,,973,97302,1,1,6,4,3,Départementale,50.0,1
202400013953,2024-04-19,après-midi,,,72,72181,1,1,3,3,4,Voie communale,50.0,1
202400013954,2024-11-21,nuit,,,95,95582,3,4,6,4,1,Autoroute,90.0,7
202400013955,2024-12-27,nuit,,,94,94078,5,1,2,4,3,Départementale,30.0,1
202400013956,2024-02-02,soirée,,,75,75119,5,1,6,4,4,Voie communale,30.0,1
202400013957,2024-04-19,après-midi,,,72,72181,1,1,4,4,4,Voie communale,50.0,1
202400013958,2024-12-28,soirée,,,93,93072,3,8,1,3,4,Voie communale,50.0,2
202400013959,2024-09-10,après-midi,,,972,97213,1,1,4,4,1,Autoroute,90.0,1
202400013960,2024-11-21,nuit,,,95,95394,3,4,4,4,1,Autoroute,70.0,7
202400013961,2024-02-02,après-midi,,,75,75117,1,1,2,4,4,Voie communale,30.0,1
202400013962,2024-04-20,après-midi,,,69,69256,1,1,1,4,4,Voie communale,50.0,1
202400013963,2024-12-28,après-midi,,,92,92064,5,1,2,4,3,Départementale,50.0,1
202400013964,2024-02-02,après-midi,,,75,75117,1,1,6,4,4,Voie communale,,1
202400013965,2024-11-22,nuit,,,95,95582,3,4,7,4,1,Autoroute,90.0,7
202400013966,2024-04-16,après-midi,,,69,69092,1,1,7,4,3,Départementale,50.0,1
202400013967,2024-09-10,matin,,,972,97213,1,1,3,4,9,Autre,30.0,1
202400013968,2024-12-28,soirée,,,92,92036,5,1,3,4,4,Voie communale,30.0,1
202400013969,2024-01-31,soirée,,,75,75116,2,1,1,4,4,Voie communale,50.0,1
202400013970,2024-11-20,matin,,,93,93010,1,1,3,4,1,Autoroute,90.0,1
202400013971,2024-12-28,nuit,,,92,92060,5,5,6,4,3,Départementale,50.0,1
202400013972,2024-04-20,soirée,,,67,67482,1,9,3,3,4,Voie communale,50.0,2
202400013973,2024-09-10,matin,,,972,97209,1,1,2,4,9,Autre,50.0,1
202400013974,2024-12-28,nuit,,,92,92023,5,5,6,2,3,Départementale,30.0,2
202400013975,2024-11-19,après-midi,,,93,93005,2,2,3,4,1,Autoroute,90.0,2
202400013976,2024-02-02,après-midi,,,75,75114,1,1,3,4,4,Voie communale,30.0,1
202400013977,2024-04-20,nuit,,,64,64102,5,1,3,4,4,Voie communale,50.0,1
202400013978,2024-09-09,nuit,,,972,97209,3,3,7,4,5,Autre,30.0,9
202400013979,2024-12-28,soirée,,,92,92032,5,1,3,4,3,Départementale,50.0,1
202400013980,2024-11-19,après-midi,,,95,95527,1,2,2,3,1,Autoroute,110.0,2
202400013981,2024-01-31,matin,,,75,75114,1,1,6,4,4,Voie communale,30.0,1
202400013982,2024-09-10,après-midi,,,971,97101,1,1,2,4,4,Voie communale,50.0,1
202400013983,2024-12-28,nuit,,,92,92002,5,1,7,4,3,Départementale,50.0,1
202400013984,2024-11-19,matin,,,75,75056,1,2,6,4,1,Autoroute,90.0,2
202400013985,2024-04-20,après-midi,,,63,63113,1,1,3,4,7,Autre,50.0,1
202400013986,2024-12-28,matin,,,2A,2A065,1,1,7,4,3,Départementale,80.0,1
202400013987,2024-02-02,après-midi,,,75,75110,1,1,3,4,4,Voie communale,,1
202400013988,2024-04-20,nuit,,,59,59279,4,2,6,4,7,Autre,50.0,2
202400013989,2024-09-10,matin,,,971,97113,1,1,2,4,2,Nationale,50.0,1
202400013990,2024-11-18,matin,,,95,95252,1,2,5,3,1,Autoroute,90.0,2
202400013991,2024-12-29,matin,,,2A,2A212,1,1,6,4,3,Départementale,80.0,1
202400013992,2024-02-02,matin,,,75,75107,1,1,6,4,4,Voie communale,30.0,1
202400013993,2024-04-19,après-midi,,,59,59350,1,1,6,4,4,Voie communale,50.0,2
202400013994,2024-11-21,matin,,,74,74078,5,5,6,2,3,Départementale,80.0,2
202400013995,2024-08-07,matin,,,2A,2A004,1,1,3,3,4,Voie communale,50.0,1
202400013996,2024-02-02,après-midi,,,94,94081,1,1,3,4,3,Départementale,50.0,1
202400013997,2024-04-20,matin,,,56,56083,1,1,3,4,3,Départementale,30.0,1
202400013998,2024-05-22,nuit,,,14,14366,5,1,2,4,4,Voie communale,50.0,1
202400013999,2024-09-10,après-midi,,,95,95585,1,8,6,4,3,Départementale,50.0,1
202400014000,2024-02-01,matin,,,94,94068,1,2,2,4,3,Départementale,30.0,2
202400014001,2024-12-29,après-midi,,,52,52384,1,5,2,4,1,Autoroute,130.0,1
202400014002,2024-09-10,matin,,,95,95585,1,1,6,4,3,Départementale,50.0,1
202400014003,2024-04-19,après-midi,,,54,54263,1,1,1,4,3,Départementale,50.0,2
202400014004,2024-09-21,matin,,,974,97412,1,1,1,3,2,Nationale,70.0,1
202400014005,2024-12-29,après-midi,,,67,67117,1,8,7,3,3,Départementale,80.0,2
202400014006,2024-02-02,soirée,,,94,94058,5,1,3,3,3,Départementale,50.0,1
202400014007,2024-09-10,matin,,,95,95277,1,1,3,4,4,Voie communale,50.0,1
202400014008,2024-04-20,après-midi,,,51,51525,1,1,3,4,4,Voie communale,,1
202400014009,2024-02-02,après-midi,,,94,94052,1,1,3,4,3,Départementale,50.0,1
202400014010,2024-09-10,matin,,,95,95219,1,1,6,4,3,Départementale,50.0,1
202400014011,2024-12-29,après-midi,,,19,19072,1,1,5,4,1,Autoroute,110.0,1
202400014012,2024-04-20,matin,,,49,49246,3,1,2,4,1,Autoroute,90.0,1
202400014013,2024-02-02,après-midi,,,94,94015,1,1,6,4,4,Voie communale,50.0,1
202400014014,2024-12-28,après-midi,,,971,97132,1,1,1,3,2,Nationale,70.0,1
202400014015,2024-04-16,après-midi,,,45,45004,1,8,7,4,3,Départementale,50.0,1
202400014016,2024-09-10,après-midi,,,91,91552,1,1,4,4,3,Départementale,70.0,1
202400014017,2024-12-28,après-midi,,,67,67105,2,7,6,3,6,Autre,15.0,1
202400014018,2024-02-01,après-midi,,,94,94028,1,2,2,4,4,Voie communale,50.0,2
202400014019,2024-04-19,après-midi,,,43,43041,1,1,3,4,3,Départementale,50.0,1
202400014020,2024-12-29,nuit,,,80,80341,3,1,7,3,3,Départementale,80.0,1
202400014021,2024-09-10,matin,,,91,91549,1,1,6,4,4,Voie communale,50.0,1
202400014022,2024-02-02,nuit,,,94,94022,5,1,6,4,3,Départementale,50.0,1
202400014023,2024-12-28,après-midi,,,11,11290,3,1,6,4,3,Départementale,80.0,1
202400014024,2024-04-19,après-midi,,,37,37261,1,1,3,4,4,Voie communale,50.0,1
202400014025,2024-12-29,matin,,,42,42177,3,5,6,4,3,Départementale,80.0,7
202400014026,2024-09-10,après-midi,,,83,83137,1,1,1,4,4,Voie communale,30.0,1
202400014027,2024-01-31,soirée,,,94,94019,5,1,3,4,3,Départementale,50.0,1
202400014028,2024-09-09,après-midi,,,83,83069,1,1,6,3,4,Voie communale,30.0,1
202400014029,2024-04-20,soirée,,,34,34108,1,7,2,4,4,Voie communale,50.0,1
202400014030,2024-12-28,après-midi,,,86,86244,1,1,1,3,3,Départementale,50.0,1
202400014031,2024-02-02,après-midi,,,93,93078,1,1,3,4,3,Départementale,50.0,1
202400014032,2024-09-09,matin,,,80,80021,1,1,6,4,4,Voie communale,50.0,1
202400014033,2024-12-20,matin,,,34,34317,1,1,6,3,3,Départementale,50.0,1
202400014034,2024-09-08,soirée,,,80,80021,1,1,7,4,4,Voie communale,50.0,1
202400014035,2024-04-20,nuit,,,34,34172,5,1,6,4,4,Voie communale,50.0,1
202400014036,2024-12-28,après-midi,,,44,44021,3,2,6,4,3,Départementale,80.0,2
202400014037,2024-02-02,après-midi,,,93,93073,1,1,3,4,4,Voie communale,,1
202400014038,2024-12-27,matin,,,13,13083,1,1,1,3,2,Nationale,30.0,1
202400014039,2024-09-08,après-midi,,,80,80021,1,1,3,4,4,Voie communale,50.0,1
202400014040,2024-02-02,matin,,,93,93077,1,1,6,4,4,Voie communale,,1
202400014041,2024-04-20,soirée,,,33,33522,1,1,1,4,4,Voie communale,50.0,1
202400014042,2024-12-28,après-midi,,,02,02359,3,5,6,3,3,Départementale,110.0,2
202400014043,2024-02-02,soirée,,,93,93006,5,2,6,4,3,Départementale,50.0,2
202400014044,2024-09-09,soirée,,,78,78168,1,1,3,4,2,Nationale,50.0,1
202400014045,2024-04-20,nuit,,,33,33529,3,1,1,4,3,Départementale,80.0,1
202400014046,2024-12-29,nuit,,,01,01163,3,5,6,4,4,Voie communale,80.0,1
202400014047,2024-02-02,matin,,,93,93010,1,1,6,4,4,Voie communale,30.0,1
202400014048,2024-04-20,après-midi,,,31,31555,1,1,6,3,4,Voie communale,30.0,1
202400014049,2024-12-28,après-midi,,,16,16281,1,1,6,3,4,Voie communale,50.0,1
202400014050,2024-12-28,soirée,,,85,85018,3,8,7,2,4,Voie communale,90.0,1
202400014051,2024-02-02,après-midi,,,93,93008,1,1,1,4,4,Voie communale,50.0,1
202400014052,2024-09-10,matin,,,77,77058,1,1,3,4,4,Voie communale,30.0,1
202400014053,2024-04-20,nuit,,,31,31555,3,1,5,4,1,Autoroute,90.0,1
202400014054,2024-12-29,matin,,,30,30062,1,1,6,3,3,Départementale,80.0,1
202400014055,2024-04-19,après-midi,,,31,31555,1,1,6,4,4,Voie communale,50.0,1
202400014056,2024-12-29,matin,,,24,24293,2,8,3,4,3,Départementale,90.0,7
202400014057,2024-02-02,matin,,,93,93008,1,8,4,4,3,Départementale,50.0,1
202400014058,2024-04-20,soirée,,,27,27229,1,1,3,4,4,Voie communale,50.0,1
202400014059,2024-12-27,après-midi,,,35,35352,1,1,6,2,7,Autre,70.0,1
202400014060,2024-09-10,après-midi,,,76,76540,1,2,2,4,2,Nationale,70.0,2
202400014061,2024-12-28,après-midi,,,06,06084,5,1,1,4,3,Départementale,70.0,1
202400014062,2024-02-02,soirée,,,92,92073,5,1,3,3,4,Voie communale,30.0,1