Num_Acc,date,time_of_day,lat,long,dep,com,lum,atm,col,severity_index,catr,catr_label,vma,surf
202400014063,2024-04-20,nuit,,,13,13209,5,1,1,3,4,Voie communale,50.0,1
202400014064,2024-09-10,après-midi,,,74,74012,1,1,3,4,4,Voie communale,50.0,1
202400014065,2024-02-02,nuit,,,92,92051,5,1,2,4,4,Voie communale,50.0,1
202400014066,2024-04-20,nuit,,,13,13063,5,1,1,3,4,Voie communale,30.0,1
202400014067,2024-02-02,après-midi,,,92,92044,1,1,6,4,4,Voie communale,50.0,1
202400014068,2024-09-10,matin,,,74,74305,1,1,3,4,4,Voie communale,50.0,1
202400014069,2024-12-28,soirée,,,72,72022,3,1,5,3,1,Autoroute,130.0,2
202400014070,2024-04-20,nuit,,,11,11069,3,1,6,2,4,Voie communale,50.0,1
202400014071,2024-02-02,soirée,,,92,92026,1,1,6,4,3,Départementale,50.0,1
202400014072,2024-12-29,après-midi,,,66,66172,1,1,1,4,3,Départementale,50.0,1
202400014073,2024-09-10,matin,,,73,73087,1,1,3,4,3,Départementale,30.0,1
202400014074,2024-02-02,après-midi,,,92,92014,1,1,3,4,3,Départementale,50.0,1
202400014075,2024-04-19,soirée,,,11,11069,1,1,1,4,4,Voie communale,50.0,1
202400014076,2024-12-29,matin,,,83,83001,1,1,6,4,1,Autoroute,110.0,1
202400014077,2024-09-09,matin,,,72,72181,1,1,6,4,4,Voie communale,50.0,1
202400014078,2024-02-01,soirée,,,92,92004,5,8,6,4,3,Départementale,50.0,2
202400014079,2024-04-20,nuit,,,06,06088,5,1,6,4,7,Autre,50.0,1
202400014080,2024-09-09,matin,,,67,67482,1,8,6,4,4,Voie communale,50.0,1
202400014081,2024-12-28,soirée,,,38,38475,5,5,2,4,3,Départementale,30.0,1
202400014082,2024-02-02,soirée,,,76,76543,3,8,3,3,3,Départementale,80.0,2
202400014083,2024-04-19,après-midi,,,06,06069,1,1,3,4,3,Départementale,50.0,1
202400014084,2024-09-10,soirée,,,65,65100,1,1,1,4,3,Départementale,80.0,1
202400014085,2024-02-03,matin,,,73,73073,1,8,3,4,3,Départementale,50.0,1
202400014086,2024-04-20,après-midi,,,03,03098,1,1,2,3,3,Départementale,50.0,1
202400014087,2024-12-28,soirée,,,60,60142,5,1,6,2,3,Départementale,50.0,1
202400014088,2024-09-10,soirée,,,64,64483,5,1,2,4,3,Départementale,70.0,1
202400014089,2024-02-03,après-midi,,,43,43096,1,1,3,3,3,Départementale,50.0,1
202400014090,2024-12-29,après-midi,,,971,97125,1,1,6,3,4,Voie communale,50.0,1
202400014091,2024-09-09,matin,,,64,64102,1,2,7,4,4,Voie communale,50.0,2
202400014092,2024-04-02,matin,,,01,01053,1,1,3,4,4,Voie communale,20.0,1
202400014093,2024-12-29,après-midi,,,45,45227,1,1,1,4,3,Départementale,70.0,1
202400014094,2024-04-20,nuit,,,75,75119,1,1,2,4,4,Voie communale,70.0,1
202400014095,2024-09-10,soirée,,,63,63113,1,1,1,4,4,Voie communale,30.0,1
202400014096,2024-02-02,après-midi,,,62,62393,1,1,1,3,3,Départementale,70.0,1
202400014097,2024-12-28,soirée,,,77,77099,3,5,6,3,3,Départementale,80.0,2
202400014098,2024-04-19,soirée,,,75,75120,4,1,3,4,4,Voie communale,70.0,1
202400014099,2024-02-03,matin,,,11,11111,2,1,7,3,3,Départementale,80.0,1
202400014100,2024-09-08,matin,,,59,59032,1,1,2,2,4,Voie communale,50.0,1
202400014101,2024-12-28,après-midi,,,77,77470,1,5,6,3,3,Départementale,90.0,1
202400014102,2024-04-20,soirée,,,75,75118,1,1,6,4,4,Voie communale,30.0,1
202400014103,2024-09-10,matin,,,59,59599,1,1,3,4,4,Voie communale,10.0,1
202400014104,2024-02-02,soirée,,,67,67437,2,1,3,3,3,Départementale,40.0,1
202400014105,2024-12-28,soirée,,,2A,2A247,5,1,3,4,2,Nationale,30.0,1
202400014106,2024-09-10,matin,,,59,59009,1,1,6,4,7,Autre,50.0,1
202400014107,2024-12-28,nuit,,,66,66008,5,1,6,2,4,Voie communale,50.0,1
202400014108,2024-04-20,nuit,,,75,75111,5,1,3,4,4,Voie communale,30.0,1
202400014109,2024-01-20,matin,,,971,97132,1,1,5,3,2,Nationale,80.0,1
202400014110,2024-04-20,matin,,,75,75111,2,1,6,4,4,Voie communale,30.0,2
202400014111,2024-08-31,après-midi,,,59,59350,1,1,3,3,4,Voie communale,30.0,1
202400014112,2024-12-28,soirée,,,66,66164,3,1,4,4,3,Départementale,110.0,1
202400014113,2024-02-02,après-midi,,,59,59278,1,1,3,3,7,Autre,50.0,1
202400014114,2024-04-19,après-midi,,,75,75108,2,1,3,4,4,Voie communale,30.0,1
202400014115,2024-12-28,nuit,,,66,66108,3,1,6,3,3,Départementale,80.0,1
202400014116,2024-04-20,soirée,,,94,94041,5,1,6,4,3,Départementale,50.0,1
202400014117,2024-09-09,après-midi,,,54,54528,1,1,4,4,3,Départementale,80.0,1
202400014118,2024-12-28,soirée,,,66,66208,5,1,6,3,3,Départementale,90.0,1
202400014119,2024-02-02,soirée,,,60,60358,3,1,3,4,2,Nationale,80.0,1
202400014120,2024-04-19,après-midi,,,94,94021,1,1,3,4,3,Départementale,50.0,1
202400014121,2024-09-09,après-midi,,,54,54395,1,1,2,4,4,Voie communale,50.0,1
202400014122,2024-02-03,après-midi,,,95,95149,1,2,3,4,3,Départementale,80.0,2
202400014123,2024-04-19,soirée,,,93,93031,1,1,6,4,4,Voie communale,50.0,1
202400014124,2024-12-28,après-midi,,,65,65427,1,1,7,3,3,Départementale,50.0,7
202400014125,2024-02-02,soirée,,,65,65185,1,1,1,4,3,Départementale,80.0,1
202400014126,2024-04-19,soirée,,,93,93031,1,1,6,4,4,Voie communale,50.0,1
202400014127,2024-12-28,nuit,,,17,17232,3,1,7,3,3,Départementale,80.0,1
202400014128,2024-09-10,matin,,,51,51454,1,1,6,4,4,Voie communale,50.0,1
202400014129,2024-02-03,matin,,,11,11262,1,1,1,3,3,Départementale,80.0,1
202400014130,2024-12-13,après-midi,,,13,13213,1,1,3,4,1,Autoroute,70.0,1
202400014131,2024-09-09,après-midi,,,50,50129,1,1,6,4,4,Voie communale,50.0,1
202400014132,2024-04-20,nuit,,,93,93048,3,2,3,4,1,Autoroute,30.0,2
202400014133,2024-02-03,nuit,,,63,63003,3,5,7,4,3,Départementale,50.0,1
202400014134,2024-12-28,après-midi,,,83,83137,1,1,2,4,1,Autoroute,70.0,1
202400014135,2024-02-02,soirée,,,49,49367,5,1,7,4,3,Départementale,50.0,1
202400014136,2024-09-08,après-midi,,,49,49015,1,1,7,4,4,Voie communale,50.0,1
202400014137,2024-04-20,nuit,,,93,93010,5,2,2,3,4,Voie communale,50.0,2
202400014138,2024-12-28,soirée,,,33,33550,1,1,3,4,1,Autoroute,90.0,1
202400014139,2024-09-10,soirée,,,44,44190,2,8,3,4,4,Voie communale,50.0,1
202400014140,2024-02-02,soirée,,,86,86147,3,1,4,4,3,Départementale,70.0,1
202400014141,2024-04-20,matin,,,92,92046,1,1,2,4,3,Départementale,50.0,1
202400014142,2024-12-28,après-midi,,,91,91174,3,1,7,4,2,Nationale,50.0,1
202400014143,2024-04-20,après-midi,,,92,92035,1,1,3,4,3,Départementale,50.0,1
202400014144,2024-09-10,matin,,,43,43157,1,1,3,4,4,Voie communale,50.0,1
202400014145,2024-12-28,après-midi,,,94,94038,1,1,3,4,1,Autoroute,110.0,1
202400014146,2024-01-30,nuit,,,39,39462,3,1,1,4,3,Départementale,90.0,1
202400014147,2024-12-27,nuit,,,77,77251,3,5,7,4,1,Autoroute,70.0,1
202400014148,2024-09-07,après-midi,,,40,40088,1,1,6,4,3,Départementale,50.0,1
202400014149,2024-02-03,nuit,,,01,01113,3,5,7,4,3,Départementale,80.0,1
202400014150,2024-12-28,après-midi,,,93,93066,3,1,3,4,1,Autoroute,90.0,1
202400014151,2024-09-10,soirée,,,38,38179,1,1,3,3,7,Autre,50.0,1
202400014152,2024-02-02,après-midi,,,72,72115,1,1,3,3,3,Départementale,90.0,1
202400014153,2024-12-28,nuit,,,77,77249,3,5,6,4,2,Nationale,90.0,2
202400014154,2024-02-03,matin,,,50,50389,3,2,6,3,3,Départementale,80.0,2
202400014155,2024-09-10,après-midi,,,38,38185,1,1,6,3,4,Voie communale,30.0,1
202400014156,2024-12-26,soirée,,,77,77514,3,1,6,4,1,Autoroute,90.0,1
202400014157,2024-09-06,après-midi,,,38,38169,1,1,2,4,4,Voie communale,50.0,1
202400014158,2024-12-27,après-midi,,,974,97411,1,1,3,3,4,Voie communale,50.0,1
202400014159,2024-02-03,matin,,,73,73128,1,1,1,4,4,Voie communale,50.0,1
202400014160,2024-12-27,après-midi,,,972,97213,1,1,7,4,2,Nationale,50.0,8
202400014161,2024-09-10,après-midi,,,37,37261,1,1,3,4,4,Voie communale,50.0,1
202400014162,2024-02-02,après-midi,,,43,43257,1,1,3,3,2,Nationale,,1
202400014163,2024-12-26,après-midi,,,972,97209,1,1,3,4,1,Autoroute,90.0,1
202400014164,2024-09-09,après-midi,,,37,37261,1,1,3,4,4,Voie communale,50.0,1
202400014165,2024-02-02,soirée,,,85,85090,3,1,3,3,3,Départementale,80.0,1
202400014166,2024-12-27,nuit,,,2B,2B033,5,1,2,4,2,Nationale,70.0,1
202400014167,2024-09-09,après-midi,,,37,37261,1,1,4,4,4,Voie communale,50.0,1
202400014168,2024-02-02,soirée,,,27,27284,5,2,6,4,4,Voie communale,50.0,2
202400014169,2024-12-27,nuit,,,971,97113,5,1,3,3,2,Nationale,70.0,1
202400014170,2024-02-03,nuit,,,17,17473,3,1,7,3,3,Départementale,80.0,1
202400014171,2024-09-10,matin,,,33,33065,1,1,1,4,4,Voie communale,50.0,1
202400014172,2024-12-27,matin,,,95,95680,2,1,6,4,4,Voie communale,50.0,1
202400014173,2024-02-03,soirée,,,30,30029,5,1,7,3,3,Départementale,,1
202400014174,2024-09-10,matin,,,33,33063,1,1,3,4,4,Voie communale,50.0,1
202400014175,2024-12-27,matin,,,95,95426,1,1,4,4,3,Départementale,50.0,1
202400014176,2024-02-03,nuit,,,30,30152,3,1,7,3,3,Départementale,80.0,1
202400014177,2024-12-26,après-midi,,,95,95424,3,1,6,4,6,Autre,30.0,1
202400014178,2024-09-09,matin,,,33,33167,1,2,3,4,4,Voie communale,50.0,2
202400014179,2024-02-02,nuit,,,08,08024,3,2,6,4,3,Départementale,80.0,2
202400014180,2024-12-26,nuit,,,95,95210,5,1,2,4,4,Voie communale,30.0,1
202400014181,2024-02-02,après-midi,,,978,97801,1,1,6,4,2,Nationale,50.0,1
202400014182,2024-09-10,après-midi,,,29,29232,1,1,6,4,4,Voie communale,50.0,1
202400014183,2024-12-27,nuit,,,95,95306,5,5,6,4,4,Voie communale,50.0,2
202400014184,2024-02-02,matin,,,987,98715,1,1,6,3,2,Nationale,40.0,1
202400014185,2024-09-10,matin,,,29,29232,1,1,3,4,3,Départementale,70.0,1
202400014186,2024-12-27,après-midi,,,91,91228,1,1,6,3,3,Départementale,50.0,1
202400014187,2024-02-02,matin,,,09,09160,1,1,7,3,3,Départementale,50.0,1
202400014188,2024-09-10,matin,,,28,28209,1,1,2,4,4,Voie communale,50.0,1
202400014189,2024-12-28,nuit,,,90,90039,3,9,7,4,3,Départementale,80.0,7
202400014190,2024-09-10,après-midi,,,27,27701,1,1,1,2,3,Départementale,90.0,2
202400014191,2024-02-02,après-midi,,,85,85035,1,1,1,3,3,Départementale,70.0,1
202400014192,2024-12-26,nuit,,,87,87085,5,1,3,4,3,Départementale,50.0,1
202400014193,2024-02-03,après-midi,,,85,85178,1,1,6,3,4,Voie communale,50.0,1
202400014194,2024-09-10,après-midi,,,25,25056,1,8,6,3,4,Voie communale,50.0,1
202400014195,2024-12-26,après-midi,,,85,85194,5,1,6,4,3,Départementale,50.0,1
202400014196,2024-09-10,après-midi,,,25,25056,1,1,6,4,4,Voie communale,30.0,1
202400014197,2024-12-14,matin,,,83,83123,1,1,6,2,3,Départementale,50.0,1
202400014198,2024-01-15,après-midi,,,72,72244,1,1,1,4,3,Départementale,80.0,2
202400014199,2024-09-10,matin,,,22,22215,1,1,6,3,4,Voie communale,50.0,1
202400014200,2024-12-27,après-midi,,,78,78208,1,1,6,4,4,Voie communale,50.0,1
202400014201,2024-02-03,matin,,,14,14530,1,8,4,4,3,Départementale,90.0,2
202400014202,2024-09-09,après-midi,,,19,19031,1,1,7,4,3,Départementale,50.0,1
202400014203,2024-12-27,soirée,,,72,72181,5,1,2,4,4,Voie communale,50.0,1
202400014204,2024-02-03,après-midi,,,27,27275,1,1,7,4,3,Départementale,,1
202400014205,2024-12-25,après-midi,,,71,71270,5,1,6,4,3,Départementale,70.0,1
202400014206,2024-09-10,matin,,,17,17415,1,1,5,4,4,Voie communale,50.0,1
202400014207,2024-02-02,après-midi,,,13,13001,1,1,2,4,1,Autoroute,90.0,1
202400014208,2024-12-26,matin,,,69,69091,5,1,3,4,4,Voie communale,30.0,1
202400014209,2024-09-09,matin,,,15,15014,1,2,3,4,2,Nationale,50.0,2
202400014210,2024-01-28,soirée,,,13,13005,3,1,1,4,1,Autoroute,70.0,1
202400014211,2024-09-10,soirée,,,13,13103,1,1,3,4,4,Voie communale,50.0,1
202400014212,2024-12-27,soirée,,,67,67218,3,5,5,4,7,Autre,70.0,1
202400014213,2024-01-31,après-midi,,,13,13071,1,1,2,4,1,Autoroute,90.0,1
202400014214,2024-02-02,après-midi,,,13,13023,1,1,7,4,1,Autoroute,130.0,1
202400014215,2024-12-26,matin,,,67,67482,1,1,3,3,4,Voie communale,30.0,1
202400014216,2024-09-10,matin,,,13,13063,1,1,3,4,4,Voie communale,50.0,1
202400014217,2024-01-29,matin,,,69,69286,1,1,3,4,1,Autoroute,110.0,1
202400014218,2024-12-27,après-midi,,,66,66136,1,1,3,4,4,Voie communale,,1
202400014219,2024-09-10,matin,,,13,13047,1,1,3,4,3,Départementale,70.0,1
202400014220,2024-12-27,soirée,,,64,64129,5,5,7,4,4,Voie communale,50.0,1
202400014221,2024-02-01,après-midi,,,33,33039,1,1,2,4,2,Nationale,90.0,1
202400014222,2024-09-10,après-midi,,,07,07186,1,1,5,4,3,Départementale,50.0,1
202400014223,2024-02-01,matin,,,33,33550,3,1,3,4,1,Autoroute,90.0,1
202400014224,2024-12-26,matin,,,64,64445,1,1,3,4,4,Voie communale,50.0,1
202400014225,2024-09-10,soirée,,,07,07281,1,1,7,4,3,Départementale,90.0,1
202400014226,2024-12-27,après-midi,,,64,64122,1,1,3,4,4,Voie communale,30.0,1
202400014227,2024-01-31,soirée,,,33,33550,4,1,6,4,1,Autoroute,90.0,1
202400014228,2024-12-26,soirée,,,62,62186,5,1,2,3,3,Départementale,50.0,1
202400014229,2024-09-10,après-midi,,,06,06088,1,1,3,4,4,Voie communale,50.0,1
202400014230,2024-01-27,matin,,,59,59554,1,1,7,3,1,Autoroute,130.0,1
202400014231,2024-12-27,matin,,,59,59152,1,5,6,4,4,Voie communale,30.0,1
202400014232,2024-02-01,après-midi,,,92,92063,1,1,6,4,1,Autoroute,70.0,1
202400014233,2024-08-24,après-midi,,,02,02722,1,1,6,3,5,Autre,20.0,1
202400014234,2024-12-27,matin,,,59,59378,1,1,3,4,7,Autre,50.0,1
202400014235,2024-02-02,soirée,,,93,93008,5,1,2,3,1,Autoroute,90.0,1
202400014236,2024-09-10,après-midi,,,75,75112,1,1,2,4,4,Voie communale,70.0,1
202400014237,2024-12-26,soirée,,,59,59271,5,1,3,3,3,Départementale,70.0,2
202400014238,2024-02-02,matin,,,93,93005,3,1,3,4,1,Autoroute,90.0,1
202400014239,2024-09-10,matin,,,75,75118,1,1,5,4,4,Voie communale,70.0,1
202400014240,2024-12-26,nuit,,,58,58194,5,1,3,4,4,Voie communale,50.0,1
202400014241,2024-02-02,nuit,,,95,95018,5,1,3,4,1,Autoroute,110.0,1
202400014242,2024-12-27,matin,,,56,56260,5,1,6,4,4,Voie communale,30.0,1
202400014243,2024-09-10,après-midi,,,75,75106,1,8,5,4,4,Voie communale,30.0,1
202400014244,2024-01-29,après-midi,,,974,97411,1,1,1,4,4,Voie communale,30.0,1
202400014245,2024-12-10,après-midi,,,55,55505,1,1,7,4,4,Voie communale,30.0,1
202400014246,2024-02-01,matin,,,973,97302,1,1,3,4,4,Voie communale,50.0,1
202400014247,2024-11-20,après-midi,,,55,55545,1,1,7,4,4,Voie communale,30.0,1
202400014248,2024-09-10,après-midi,,,75,75118,1,1,3,4,4,Voie communale,50.0,1
202400014249,2024-01-31,après-midi,,,973,97302,1,1,2,4,2,Nationale,90.0,1
202400014250,2024-12-24,après-midi,,,54,54431,3,1,6,4,3,Départementale,50.0,1
202400014251,2024-09-10,matin,,,75,75117,1,1,6,4,4,Voie communale,30.0,1
202400014252,2024-08-04,nuit,,,78,78168,3,1,6,4,4,Voie communale,50.0,1
202400014253,2024-02-01,soirée,,,69,69388,5,1,3,4,4,Voie communale,30.0,1
202400014254,2024-09-10,matin,,,75,75116,1,1,7,4,4,Voie communale,70.0,1
202400014255,2024-12-26,soirée,,,54,54304,5,1,1,4,4,Voie communale,50.0,1
202400014256,2024-02-01,soirée,,,69,69387,1,1,6,4,4,Voie communale,30.0,1
202400014257,2024-09-10,après-midi,,,75,75116,1,1,6,4,4,Voie communale,30.0,1
202400014258,2024-08-04,nuit,,,77,77373,5,1,6,4,3,Départementale,50.0,1
202400014259,2024-09-10,matin,,,75,75114,1,1,7,4,4,Voie communale,30.0,1
202400014260,2024-02-01,matin,,,69,69386,1,1,3,4,4,Voie communale,30.0,1
202400014261,2024-12-27,nuit,,,54,54451,3,1,4,4,2,Nationale,110.0,1
202400014262,2024-08-04,après-midi,,,76,76410,1,1,3,3,7,Autre,50.0,1
202400014263,2024-01-31,matin,,,972,97213,1,1,6,3,3,Départementale,50.0,1
202400014264,2024-09-09,après-midi,,,75,75114,1,1,3,4,4,Voie communale,30.0,2
202400014265,2024-12-27,soirée,,,51,51454,5,1,1,4,4,Voie communale,50.0,1
202400014266,2024-08-03,après-midi,,,66,66136,1,1,3,4,4,Voie communale,50.0,1
202400014267,2024-02-01,soirée,,,69,69389,5,1,3,4,4,Voie communale,30.0,2
202400014268,2024-09-09,matin,,,75,75114,1,2,6,4,4,Voie communale,30.0,2
202400014269,2024-12-26,soirée,,,51,51454,5,1,6,3,4,Voie communale,50.0,1
202400014270,2024-02-01,après-midi,,,2B,2B033,1,1,6,4,6,Autre,30.0,1
202400014271,2024-07-11,matin,,,61,61006,1,7,6,3,3,Départementale,30.0,1
202400014272,2024-09-10,soirée,,,75,75111,1,1,3,3,4,Voie communale,30.0,1
202400014273,2024-12-26,soirée,,,49,49007,2,1,6,4,4,Voie communale,30.0,1
202400014274,2024-01-20,nuit,,,95,95585,5,1,2,4,3,Départementale,50.0,1
202400014275,2024-08-04,soirée,,,59,59650,1,1,3,4,4,Voie communale,50.0,1
202400014276,2024-09-09,nuit,,,75,75110,5,1,3,4,4,Voie communale,30.0,1
202400014277,2024-12-27,après-midi,,,47,47323,1,7,6,4,3,Départementale,30.0,1
202400014278,2024-02-01,matin,,,95,95197,1,2,6,4,3,Départementale,50.0,2
202400014279,2024-12-26,soirée,,,44,44190,5,1,6,4,4,Voie communale,50.0,1
202400014280,2024-09-10,matin,,,75,75114,1,1,6,4,4,Voie communale,30.0,1
202400014281,2024-08-04,soirée,,,59,59386,1,1,3,4,7,Autre,50.0,1
202400014282,2024-01-31,matin,,,91,91552,5,1,4,4,3,Départementale,70.0,1
202400014283,2024-09-10,matin,,,75,75104,1,1,6,4,4,Voie communale,50.0,1
202400014284,2024-08-04,après-midi,,,59,59368,1,1,6,4,4,Voie communale,30.0,1
202400014285,2024-09-10,matin,,,94,94044,1,1,2,4,3,Départementale,50.0,1
202400014286,2024-02-01,matin,,,91,91434,1,2,3,4,4,Voie communale,50.0,2
202400014287,2024-12-27,soirée,,,42,42187,5,1,5,4,2,Nationale,110.0,1
202400014288,2024-09-10,matin,,,94,94068,1,1,3,4,3,Départementale,30.0,1
202400014289,2024-12-27,après-midi,,,37,37261,1,8,6,3,6,Autre,15.0,1
202400014290,2024-08-03,matin,,,47,47031,1,1,3,4,3,Départementale,50.0,1
202400014291,2024-01-31,après-midi,,,91,91027,1,1,3,4,4,Voie communale,50.0,1
202400014292,2024-09-10,matin,,,94,94021,1,1,6,3,9,Autre,50.0,1
202400014293,2024-12-27,après-midi,,,34,34301,1,1,2,4,3,Départementale,50.0,1
202400014294,2024-08-04,matin,,,33,33529,1,1,3,4,4,Voie communale,50.0,1
202400014295,2024-02-01,après-midi,,,91,91223,1,8,1,4,4,Voie communale,50.0,1
202400014296,2024-09-09,matin,,,94,94011,1,1,2,4,4,Voie communale,50.0,1
202400014297,2024-08-04,soirée,,,31,31555,2,1,6,4,4,Voie communale,50.0,1
202400014298,2024-12-27,matin,,,33,33167,5,8,3,4,4,Voie communale,30.0,1
202400014299,2024-01-31,après-midi,,,87,87085,1,1,3,4,4,Voie communale,50.0,1
202400014300,2024-12-25,soirée,,,33,33063,5,1,3,4,4,Voie communale,50.0,1
202400014301,2024-02-01,nuit,,,84,84007,5,1,3,4,4,Voie communale,50.0,1
202400014302,2024-08-04,soirée,,,29,29051,1,1,5,4,4,Voie communale,50.0,1
202400014303,2024-09-09,nuit,,,93,93051,5,1,3,4,4,Voie communale,50.0,1
202400014304,2024-12-27,soirée,,,31,31557,5,1,7,4,4,Voie communale,30.0,1
202400014305,2024-08-04,nuit,,,29,29232,5,1,7,4,4,Voie communale,50.0,1
202400014306,2024-09-10,nuit,,,93,93047,3,1,6,4,4,Voie communale,50.0,1
202400014307,2024-02-01,matin,,,83,83062,2,1,1,3,3,Départementale,50.0,1
202400014308,2024-12-27,après-midi,,,31,31555,1,1,3,3,1,Autoroute,70.0,1
202400014309,2024-12-25,après-midi,,,30,30007,1,1,7,4,4,Voie communale,50.0,1
202400014310,2024-08-04,soirée,,,27,27229,1,1,3,4,4,Voie communale,50.0,1
202400014311,2024-09-10,après-midi,,,93,93048,1,1,6,4,3,Départementale,30.0,1
202400014312,2024-02-01,soirée,,,83,83069,5,1,3,4,3,Départementale,50.0,1
202400014313,2024-08-04,matin,,,13,13214,1,1,7,4,3,Départementale,50.0,1
202400014314,2024-09-10,matin,,,93,93048,1,1,3,4,3,Départementale,50.0,1
202400014315,2024-01-31,soirée,,,80,80021,5,1,6,4,4,Voie communale,50.0,1
202400014316,2024-12-26,après-midi,,,27,27229,1,2,2,4,4,Voie communale,50.0,2
202400014317,2024-02-01,après-midi,,,80,80001,1,1,6,4,4,Voie communale,30.0,1
202400014318,2024-08-04,après-midi,,,13,13214,1,1,2,4,4,Voie communale,50.0,1
202400014319,2024-09-10,matin,,,93,93048,1,1,3,4,3,Départementale,50.0,1
202400014320,2024-02-01,nuit,,,78,78486,3,1,6,4,2,Nationale,110.0,1
202400014321,2024-12-27,après-midi,,,25,25462,1,9,3,4,4,Voie communale,50.0,7
202400014322,2024-09-09,nuit,,,93,93048,2,1,1,4,4,Voie communale,50.0,1
202400014323,2024-08-03,matin,,,13,13208,1,1,2,4,4,Voie communale,50.0,1
202400014324,2024-02-01,matin,,,76,76429,1,2,6,3,4,Voie communale,50.0,2
202400014325,2024-08-04,matin,,,13,13005,1,1,3,3,7,Autre,50.0,1
202400014326,2024-12-27,matin,,,17,17415,1,1,1,4,2,Nationale,80.0,1
202400014327,2024-09-10,soirée,,,93,93046,1,1,6,4,3,Départementale,50.0,1
202400014328,2024-08-04,soirée,,,07,07102,1,1,7,4,3,Départementale,50.0,1
202400014329,2024-01-31,après-midi,,,76,76351,1,1,2,4,4,Voie communale,50.0,1
202400014330,2024-09-10,matin,,,93,93008,1,1,2,4,3,Départementale,50.0,1
202400014331,2024-12-27,matin,,,17,17333,2,1,3,4,4,Voie communale,50.0,1
202400014332,2024-08-04,matin,,,04,04112,1,1,2,4,3,Départementale,30.0,1
202400014333,2024-01-31,soirée,,,76,76351,5,1,1,4,4,Voie communale,50.0,1
202400014334,2024-09-10,soirée,,,93,93005,2,1,6,4,4,Voie communale,50.0,1
202400014335,2024-08-02,soirée,,,04,04112,1,1,3,4,4,Voie communale,50.0,1
202400014336,2024-12-27,matin,,,13,13211,1,1,3,3,4,Voie communale,50.0,1
202400014337,2024-09-03,après-midi,,,93,93001,1,1,6,4,3,Départementale,50.0,1
202400014338,2024-08-02,matin,,,04,04112,1,1,1,4,4,Voie communale,70.0,1
202400014339,2024-02-01,matin,,,71,71076,1,1,3,4,3,Départementale,,1
202400014340,2024-12-24,après-midi,,,13,13203,5,1,1,4,4,Voie communale,50.0,1
202400014341,2024-09-10,matin,,,92,92078,1,1,3,4,3,Départementale,50.0,1
202400014342,2024-08-03,après-midi,,,75,75116,1,1,2,4,4,Voie communale,70.0,1
202400014343,2024-02-01,après-midi,,,69,69266,1,8,6,4,4,Voie communale,30.0,1
202400014344,2024-12-12,matin,,,12,12176,1,1,3,3,3,Départementale,50.0,1
202400014345,2024-09-10,matin,,,92,92051,1,1,6,4,4,Voie communale,50.0,1
202400014346,2024-07-30,après-midi,,,75,75116,1,1,3,3,4,Voie communale,70.0,1
202400014347,2024-02-01,soirée,,,65,65433,3,1,1,3,3,Départementale,80.0,1
202400014348,2024-09-10,après-midi,,,92,92050,1,1,6,4,3,Départementale,50.0,1
202400014349,2024-08-03,après-midi,,,75,75113,2,1,2,4,4,Voie communale,30.0,1
202400014350,2024-09-10,matin,,,92,92050,1,1,3,4,3,Départementale,50.0,1
202400014351,2024-02-01,soirée,,,64,64445,2,1,3,4,4,Voie communale,50.0,1
202400014352,2024-12-26,soirée,,,10,10387,5,1,6,4,4,Voie communale,50.0,1
202400014353,2024-09-10,après-midi,,,92,92071,1,1,3,4,3,Départementale,30.0,1
202400014354,2024-02-01,après-midi,,,64,64445,1,1,3,4,4,Voie communale,50.0,1
202400014355,2024-08-04,après-midi,,,75,75111,1,1,3,4,4,Voie communale,30.0,1
202400014356,2024-09-10,matin,,,92,92014,1,1,7,4,3,Départementale,30.0,1
202400014357,2024-12-27,après-midi,,,06,06088,1,1,3,4,7,Autre,50.0,1
202400014358,2024-01-30,matin,,,64,64445,1,1,3,4,4,Voie communale,30.0,1
202400014359,2024-09-07,après-midi,,,14,14455,1,3,7,3,3,Départementale,90.0,2
202400014360,2024-12-27,après-midi,,,06,06088,1,1,6,4,6,Autre,15.0,1
202400014361,2024-08-04,soirée,,,93,93072,2,1,7,4,3,Départementale,50.0,1
202400014362,2024-02-01,soirée,,,64,64125,3,8,1,4,4,Voie communale,50.0,1
202400014363,2024-09-10,après-midi,,,11,11203,1,1,2,2,3,Départementale,50.0,1
202400014364,2024-12-27,matin,,,06,06088,1,1,3,3,4,Voie communale,50.0,1
202400014365,2024-02-01,après-midi,,,63,63113,1,1,6,4,9,Autre,30.0,1
202400014366,2024-09-11,matin,,,06,06064,1,1,1,3,7,Autre,50.0,1
202400014367,2024-12-27,nuit,,,06,06104,3,1,1,3,3,Départementale,50.0,1
202400014368,2024-08-04,nuit,,,93,93046,5,1,3,4,4,Voie communale,50.0,1
202400014369,2024-02-01,nuit,,,62,62510,3,2,3,4,4,Voie communale,50.0,2
202400014370,2024-12-27,après-midi,,,05,05061,1,1,6,4,3,Départementale,50.0,1
202400014371,2024-08-04,matin,,,93,93005,1,1,3,4,4,Voie communale,50.0,1
202400014372,2024-01-31,matin,,,60,60159,1,1,3,3,4,Voie communale,50.0,1
202400014373,2024-09-10,après-midi,,,44,44087,1,1,5,4,3,Départementale,80.0,1
202400014374,2024-12-27,après-midi,,,75,75116,1,1,4,3,4,Voie communale,50.0,1
202400014375,2024-02-01,après-midi,,,59,59650,1,1,1,3,4,Voie communale,50.0,1