Num_Acc,date,time_of_day,lat,long,dep,com,lum,atm,col,severity_index,catr,catr_label,vma,surf
202400014376,2024-08-04,matin,,,92,92025,1,1,2,4,3,Départementale,30.0,1
202400014377,2024-09-08,nuit,,,79,79032,4,1,7,3,3,Départementale,50.0,1
202400014378,2024-12-26,matin,,,75,75118,1,1,3,4,4,Voie communale,50.0,1
202400014379,2024-12-27,après-midi,,,75,75119,1,1,7,4,4,Voie communale,30.0,9
202400014380,2024-08-04,nuit,,,76,76258,3,1,6,3,3,Départementale,80.0,1
202400014381,2024-01-31,soirée,,,59,59024,4,1,2,4,3,Départementale,50.0,1
202400014382,2024-09-10,après-midi,,,2A,2A004,1,2,3,3,2,Nationale,70.0,2
202400014383,2024-12-27,après-midi,,,75,75106,1,1,6,4,4,Voie communale,30.0,1
202400014384,2024-09-11,nuit,,,2A,2A271,5,1,7,4,2,Nationale,50.0,1
202400014385,2024-08-05,nuit,,,35,35250,3,1,6,3,7,Autre,80.0,1
202400014386,2024-02-01,nuit,,,57,57757,4,1,1,4,3,Départementale,50.0,2
202400014387,2024-12-26,nuit,,,75,75110,5,1,3,4,4,Voie communale,30.0,1
202400014388,2024-08-04,après-midi,,,09,09109,1,1,7,4,3,Départementale,80.0,9
202400014389,2024-09-10,soirée,,,55,55166,1,1,3,4,3,Départementale,90.0,1
202400014390,2024-02-01,matin,,,54,54431,1,2,6,3,3,Départementale,50.0,2
202400014391,2024-09-10,matin,,,12,12284,1,1,7,3,4,Voie communale,80.0,9
202400014392,2024-12-27,après-midi,,,94,94078,1,1,5,4,3,Départementale,50.0,1
202400014393,2024-02-01,soirée,,,54,54028,5,1,6,2,3,Départementale,30.0,1
202400014394,2024-08-04,après-midi,,,974,97422,1,1,3,3,4,Voie communale,50.0,1
202400014395,2024-12-27,après-midi,,,94,94076,1,1,2,4,3,Départementale,50.0,1
202400014396,2024-09-11,après-midi,,,01,01079,1,2,5,4,3,Départementale,80.0,2
202400014397,2024-02-01,après-midi,,,54,54099,1,1,6,4,3,Départementale,80.0,2
202400014398,2024-08-04,après-midi,,,972,97227,1,1,1,3,2,Nationale,50.0,2
202400014399,2024-12-27,après-midi,,,94,94028,1,1,6,4,3,Départementale,30.0,1
202400014400,2024-09-10,soirée,,,22,22004,1,1,6,3,3,Départementale,80.0,1
202400014401,2024-12-27,nuit,,,94,94004,5,9,6,4,4,Voie communale,50.0,2
202400014402,2024-08-04,après-midi,,,63,63408,1,1,6,3,3,Départementale,90.0,1
202400014403,2024-02-01,soirée,,,47,47001,5,1,3,4,3,Départementale,50.0,1
202400014404,2024-12-27,après-midi,,,93,93072,1,1,3,4,3,Départementale,50.0,1
202400014405,2024-09-11,matin,,,44,44072,1,1,5,4,3,Départementale,70.0,1
202400014406,2024-01-31,après-midi,,,44,44184,1,1,3,3,4,Voie communale,50.0,1
202400014407,2024-08-03,soirée,,,59,59478,3,3,3,4,3,Départementale,80.0,2
202400014408,2024-12-27,après-midi,,,93,93029,1,7,2,4,4,Voie communale,50.0,1
202400014409,2024-02-01,soirée,,,44,44109,5,2,3,4,4,Voie communale,30.0,2
202400014410,2024-09-10,après-midi,,,02,02755,1,8,6,4,2,Nationale,110.0,1
202400014411,2024-12-27,soirée,,,93,93001,5,1,6,4,3,Départementale,50.0,1
202400014412,2024-08-03,nuit,,,34,34184,3,1,2,2,1,Autoroute,130.0,1
202400014413,2024-02-01,matin,,,43,43157,1,1,2,4,4,Voie communale,50.0,1
202400014414,2024-09-10,après-midi,,,01,01266,1,1,6,4,3,Départementale,30.0,1
202400014415,2024-12-27,soirée,,,92,92072,5,1,2,4,3,Départementale,50.0,1
202400014416,2024-08-04,après-midi,,,56,56058,1,7,7,3,3,Départementale,80.0,1
202400014417,2024-09-10,après-midi,,,06,06151,1,1,6,3,7,Autre,70.0,1
202400014418,2024-12-27,après-midi,,,92,92051,1,1,6,4,4,Voie communale,50.0,1
202400014419,2024-02-01,matin,,,38,38563,3,2,3,4,3,Départementale,50.0,2
202400014420,2024-08-04,après-midi,,,77,77134,1,1,7,4,3,Départementale,90.0,1
202400014421,2024-09-11,après-midi,,,05,05140,1,1,7,3,3,Départementale,50.0,9
202400014422,2024-12-27,matin,,,92,92026,1,1,2,4,3,Départementale,50.0,1
202400014423,2024-02-01,après-midi,,,38,38544,5,1,6,3,2,Nationale,50.0,1
202400014424,2024-08-04,nuit,,,76,76646,3,1,1,4,4,Voie communale,80.0,1
202400014425,2024-12-27,soirée,,,92,92002,5,1,6,4,4,Voie communale,30.0,1
202400014426,2024-01-31,après-midi,,,37,37261,1,1,6,4,4,Voie communale,30.0,1
202400014427,2024-09-10,après-midi,,,05,05170,1,1,4,4,3,Départementale,90.0,1
202400014428,2024-02-01,matin,,,37,37208,1,1,2,4,4,Voie communale,50.0,1
202400014429,2024-08-05,soirée,,,82,82080,1,1,1,3,4,Voie communale,50.0,1
202400014430,2024-12-27,matin,,,14,14409,1,1,3,4,3,Départementale,90.0,1
202400014431,2024-08-05,matin,,,65,65050,1,1,7,2,3,Départementale,80.0,1
202400014432,2024-02-01,après-midi,,,35,35238,1,1,3,4,4,Voie communale,30.0,1
202400014433,2024-09-02,matin,,,60,60296,2,1,6,3,3,Départementale,50.0,1
202400014434,2024-08-04,matin,,,65,65362,1,1,3,4,3,Départementale,80.0,1
202400014435,2024-12-27,après-midi,,,47,47230,1,1,1,3,3,Départementale,80.0,1
202400014436,2024-02-01,après-midi,,,35,35238,1,1,3,4,4,Voie communale,30.0,1
202400014437,2024-12-27,soirée,,,31,31467,5,1,6,3,4,Voie communale,50.0,1
202400014438,2024-08-03,soirée,,,81,81291,1,1,6,4,3,Départementale,80.0,1
202400014439,2024-02-01,matin,,,35,35238,1,1,6,4,4,Voie communale,30.0,1
202400014440,2024-12-27,après-midi,,,38,38383,1,1,6,3,3,Départementale,90.0,2
202400014441,2024-01-31,soirée,,,34,34108,5,5,1,4,4,Voie communale,25.0,1
202400014442,2024-08-04,soirée,,,89,89388,1,1,3,3,3,Départementale,90.0,1
202400014443,2024-01-30,soirée,,,34,34003,5,1,6,4,3,Départementale,30.0,1
202400014444,2024-08-04,nuit,,,55,55489,3,1,7,4,3,Départementale,90.0,1
202400014445,2024-12-27,soirée,,,85,85109,5,1,6,4,4,Voie communale,50.0,1
202400014446,2024-01-31,soirée,,,33,33550,5,1,2,4,4,Voie communale,50.0,1
202400014447,2024-08-04,soirée,,,22,22119,1,1,3,3,3,Départementale,50.0,1
202400014448,2024-12-27,après-midi,,,56,56057,1,1,3,3,3,Départementale,80.0,1
202400014449,2024-02-01,après-midi,,,31,31555,1,1,4,3,7,Autre,50.0,1
202400014450,2024-08-05,après-midi,,,22,22203,1,1,1,4,3,Départementale,80.0,1
202400014451,2024-12-28,après-midi,,,56,56075,2,1,1,4,3,Départementale,80.0,1
202400014452,2024-02-01,matin,,,31,31483,2,1,3,4,3,Départementale,50.0,1
202400014453,2024-12-27,après-midi,,,76,76500,1,1,6,4,3,Départementale,50.0,1
202400014454,2024-08-05,après-midi,,,44,44154,1,1,4,4,3,Départementale,70.0,1
202400014455,2024-07-28,matin,,,38,38408,1,1,6,3,3,Départementale,80.0,1
202400014456,2024-12-24,après-midi,,,79,79012,1,2,3,3,3,Départementale,70.0,2
202400014457,2024-02-01,soirée,,,29,29232,5,1,3,3,3,Départementale,50.0,1
202400014458,2024-08-04,après-midi,,,38,38333,1,1,7,3,3,Départementale,80.0,9
202400014459,2024-12-23,après-midi,,,69,69248,1,1,3,4,3,Départementale,80.0,1
202400014460,2024-01-31,soirée,,,29,29232,5,2,1,4,4,Voie communale,50.0,2
202400014461,2024-12-27,soirée,,,63,63011,3,1,7,4,3,Départementale,90.0,1
202400014462,2024-08-05,matin,,,84,84072,1,1,3,4,3,Départementale,80.0,1
202400014463,2024-02-01,soirée,,,29,29151,3,8,3,4,3,Départementale,80.0,2
202400014464,2024-08-02,matin,,,03,03260,1,1,6,4,3,Départementale,90.0,1
202400014465,2024-12-27,soirée,,,61,61491,3,5,1,2,3,Départementale,90.0,1
202400014466,2024-01-31,après-midi,,,26,26198,1,1,6,4,4,Voie communale,50.0,1
202400014467,2024-08-05,matin,,,15,15196,1,1,3,4,3,Départementale,50.0,1
202400014468,2024-12-26,après-midi,,,61,61092,1,8,1,4,3,Départementale,90.0,2
202400014469,2024-02-01,soirée,,,25,25462,5,2,3,4,4,Voie communale,50.0,2
202400014470,2024-12-28,après-midi,,,49,49090,1,1,6,3,3,Départementale,80.0,2
202400014471,2024-08-05,après-midi,,,50,50619,1,1,6,4,4,Voie communale,80.0,1
202400014472,2024-02-01,soirée,,,25,25462,5,2,6,4,4,Voie communale,50.0,2
202400014473,2024-08-05,matin,,,50,50353,1,1,6,3,4,Voie communale,30.0,1
202400014474,2024-12-27,après-midi,,,25,25058,1,1,3,4,2,Nationale,50.0,1
202400014475,2024-07-28,après-midi,,,45,45067,1,1,3,3,4,Voie communale,30.0,1
202400014476,2024-02-01,après-midi,,,25,25056,5,2,6,4,4,Voie communale,50.0,2
202400014477,2024-12-21,matin,,,44,44089,1,1,6,3,3,Départementale,70.0,1
202400014478,2024-08-04,matin,,,10,10011,1,1,7,3,3,Départementale,80.0,1
202400014479,2024-12-27,nuit,,,44,44108,3,1,6,3,4,Voie communale,80.0,1
202400014480,2024-02-01,après-midi,,,22,22113,1,1,3,4,4,Voie communale,50.0,8
202400014481,2024-08-04,après-midi,,,10,10238,1,1,3,3,4,Voie communale,30.0,1
202400014482,2024-12-23,soirée,,,29,29117,3,2,3,4,3,Départementale,80.0,2
202400014483,2024-01-31,après-midi,,,19,19031,1,1,6,3,4,Voie communale,30.0,1
202400014484,2024-08-04,matin,,,07,07112,2,1,6,3,3,Départementale,90.0,1
202400014485,2024-12-28,après-midi,,,38,38006,1,1,6,3,4,Voie communale,50.0,7
202400014486,2024-08-02,nuit,,,07,07296,3,1,6,3,3,Départementale,80.0,1
202400014487,2024-01-29,soirée,,,19,19031,1,1,3,4,4,Voie communale,50.0,1
202400014488,2024-08-04,matin,,,53,53245,1,1,4,4,3,Départementale,80.0,1
202400014489,2024-01-25,soirée,,,19,19031,5,1,2,4,4,Voie communale,50.0,1
202400014490,2024-12-28,matin,,,01,01229,1,5,5,4,3,Départementale,80.0,1
202400014491,2024-08-04,soirée,,,24,24301,1,1,7,3,3,Départementale,80.0,1
202400014492,2024-02-01,nuit,,,18,18279,5,9,7,3,3,Départementale,70.0,2
202400014493,2024-08-05,après-midi,,,27,27260,1,1,1,2,3,Départementale,80.0,1
202400014494,2024-12-28,après-midi,,,70,70477,1,1,7,2,3,Départementale,50.0,1
202400014495,2024-08-05,nuit,,,37,37266,3,1,6,4,3,Départementale,80.0,1
202400014496,2024-12-27,nuit,,,72,72011,3,1,6,3,3,Départementale,80.0,1
202400014497,2024-08-05,matin,,,30,30172,1,1,7,4,3,Départementale,80.0,1
202400014498,2024-02-01,après-midi,,,15,15014,1,1,3,4,4,Voie communale,50.0,2
202400014499,2024-12-24,nuit,,,14,14714,5,1,6,4,3,Départementale,70.0,1
202400014500,2024-08-05,matin,,,976,97602,1,1,2,4,2,Nationale,,1
202400014501,2024-12-27,nuit,,,10,10238,3,5,1,4,3,Départementale,90.0,2
202400014502,2024-01-31,après-midi,,,15,15014,1,1,2,4,2,Nationale,50.0,1
202400014503,2024-08-05,après-midi,,,45,45169,1,1,3,3,1,Autoroute,130.0,1
202400014504,2024-01-31,soirée,,,14,14333,5,1,3,4,4,Voie communale,50.0,1
202400014505,2024-12-28,matin,,,21,21561,1,9,5,4,3,Départementale,90.0,7
202400014506,2024-08-05,nuit,,,60,60612,2,1,2,4,1,Autoroute,130.0,1
202400014507,2024-12-28,matin,,,988,98805,1,1,3,4,9,Autre,50.0,1
202400014508,2024-02-01,matin,,,13,13117,2,1,3,4,4,Voie communale,30.0,1
202400014509,2024-08-03,nuit,,,987,98723,2,1,7,2,9,Autre,60.0,1
202400014510,2024-02-01,soirée,,,13,13203,5,1,3,4,4,Voie communale,50.0,1
202400014511,2024-12-28,après-midi,,,01,01151,1,5,4,4,1,Autoroute,130.0,1
202400014512,2024-08-03,matin,,,988,98829,1,1,1,4,3,Départementale,90.0,1
202400014513,2024-01-30,après-midi,,,13,13206,5,1,3,4,4,Voie communale,50.0,1
202400014514,2024-08-04,matin,,,37,37003,1,1,6,3,3,Départementale,90.0,1
202400014515,2024-12-19,nuit,,,13,13001,3,1,2,4,1,Autoroute,90.0,1
202400014516,2024-08-04,après-midi,,,77,77365,1,1,1,3,3,Départementale,80.0,1
202400014517,2024-12-27,soirée,,,02,02297,3,1,2,4,1,Autoroute,130.0,1
202400014518,2024-01-31,après-midi,,,13,13047,1,1,2,4,3,Départementale,80.0,1
202400014519,2024-08-04,nuit,,,66,66208,3,1,6,4,3,Départementale,110.0,1
202400014520,2024-12-27,soirée,,,976,97613,5,1,6,2,4,Voie communale,50.0,1
202400014521,2024-02-01,matin,,,13,13005,2,1,6,4,4,Voie communale,50.0,1
202400014522,2024-08-04,soirée,,,30,30010,1,1,6,4,3,Départementale,70.0,1
202400014523,2024-12-27,après-midi,,,51,51562,1,7,2,3,1,Autoroute,130.0,1
202400014524,2024-08-02,matin,,,34,34344,1,1,3,3,4,Voie communale,30.0,1
202400014525,2024-01-30,après-midi,,,11,11069,1,1,3,4,4,Voie communale,50.0,1
202400014526,2024-08-05,après-midi,,,83,83065,1,1,1,3,3,Départementale,50.0,1
202400014527,2024-12-27,soirée,,,38,38401,3,1,4,4,1,Autoroute,130.0,1
202400014528,2024-01-28,matin,,,10,10387,1,1,2,4,4,Voie communale,50.0,1
202400014529,2024-08-05,matin,,,71,71481,1,1,3,2,3,Départementale,90.0,1
202400014530,2024-12-14,après-midi,,,988,98822,1,3,6,3,2,Nationale,90.0,2
202400014531,2024-08-04,soirée,,,38,38376,1,1,6,3,3,Départementale,80.0,1
202400014532,2024-01-27,après-midi,,,02,02408,1,1,6,4,4,Voie communale,50.0,1
202400014533,2024-12-27,après-midi,,,974,97414,1,1,1,3,4,Voie communale,50.0,1
202400014534,2024-08-05,après-midi,,,81,81142,1,1,1,3,3,Départementale,90.0,1
202400014535,2024-02-01,après-midi,,,75,75115,2,8,3,4,4,Voie communale,70.0,2
202400014536,2024-12-28,nuit,,,977,97701,5,1,1,3,2,Nationale,30.0,1
202400014537,2024-08-04,nuit,,,46,46055,3,1,7,4,3,Départementale,,1
202400014538,2024-12-27,soirée,,,77,77277,3,2,6,4,3,Départementale,80.0,2
202400014539,2024-07-03,nuit,,,33,33324,5,1,2,4,3,Départementale,50.0,1
202400014540,2024-02-01,matin,,,75,75120,1,2,6,4,4,Voie communale,50.0,2
202400014541,2024-12-19,après-midi,,,78,78346,1,1,3,4,3,Départementale,80.0,1
202400014542,2024-08-04,matin,,,85,85092,1,1,5,3,3,Départementale,80.0,1
202400014543,2024-12-28,soirée,,,66,66225,5,1,1,3,3,Départementale,,1
202400014544,2024-02-01,matin,,,75,75113,1,2,2,4,4,Voie communale,70.0,2
202400014545,2024-01-31,après-midi,,,75,75118,1,1,6,4,4,Voie communale,30.0,1
202400014546,2024-08-04,soirée,,,14,14658,1,1,1,3,3,Départementale,50.0,1
202400014547,2024-10-30,matin,,,66,66176,1,1,1,4,3,Départementale,50.0,1
202400014548,2024-08-04,après-midi,,,29,29124,1,1,7,3,3,Départementale,80.0,1
202400014549,2024-02-01,matin,,,75,75106,1,1,6,4,4,Voie communale,30.0,1
202400014550,2024-12-28,matin,,,25,25626,1,5,6,3,3,Départementale,50.0,7
202400014551,2024-08-02,après-midi,,,76,76057,1,1,3,3,3,Départementale,80.0,1
202400014552,2024-12-28,après-midi,,,68,68154,1,1,6,4,4,Voie communale,50.0,1
202400014553,2024-01-31,matin,,,75,75106,1,1,2,4,4,Voie communale,30.0,1
202400014554,2024-08-04,soirée,,,13,13215,1,1,3,4,1,Autoroute,90.0,1
202400014555,2024-12-28,après-midi,,,55,55255,1,1,5,3,3,Départementale,50.0,1
202400014556,2024-02-01,matin,,,75,75120,1,2,5,4,4,Voie communale,30.0,2
202400014557,2024-08-04,après-midi,,,13,13211,1,1,4,4,1,Autoroute,90.0,1
202400014558,2024-01-31,soirée,,,75,75118,5,1,6,3,4,Voie communale,30.0,1
202400014559,2024-08-04,matin,,,13,13214,1,1,3,4,1,Autoroute,70.0,1
202400014560,2024-12-27,après-midi,,,01,01211,2,7,2,3,3,Départementale,80.0,1
202400014561,2024-08-04,nuit,,,13,13215,5,1,7,4,1,Autoroute,90.0,1
202400014562,2024-02-01,soirée,,,75,75117,5,1,6,4,4,Voie communale,,1
202400014563,2024-12-22,après-midi,,,79,79270,1,2,1,3,4,Voie communale,30.0,2
202400014564,2024-08-04,nuit,,,83,83137,3,1,6,4,1,Autoroute,70.0,1
202400014565,2024-02-01,soirée,,,75,75116,5,1,3,4,4,Voie communale,30.0,1
202400014566,2024-08-04,nuit,,,01,01275,3,1,6,2,1,Autoroute,70.0,1
202400014567,2024-12-23,matin,,,33,33227,1,1,6,3,4,Voie communale,50.0,1
202400014568,2024-02-01,après-midi,,,75,75115,1,1,6,4,4,Voie communale,30.0,1
202400014569,2024-08-04,soirée,,,33,33550,1,1,6,4,1,Autoroute,90.0,1
202400014570,2024-12-28,après-midi,,,60,60450,1,5,1,3,3,Départementale,80.0,2
202400014571,2024-02-01,après-midi,,,75,75115,5,1,6,4,4,Voie communale,30.0,1
202400014572,2024-08-04,après-midi,,,91,91589,1,1,4,4,1,Autoroute,110.0,1
202400014573,2024-02-01,soirée,,,75,75113,5,1,3,4,4,Voie communale,30.0,1
202400014574,2024-08-04,après-midi,,,91,91553,1,1,6,4,2,Nationale,110.0,1
202400014575,2024-12-26,après-midi,,,83,83137,2,1,2,4,1,Autoroute,70.0,1
202400014576,2024-08-04,soirée,,,93,93064,1,1,3,4,1,Autoroute,90.0,1
202400014577,2024-02-01,matin,,,75,75110,1,2,6,4,4,Voie communale,30.0,2
202400014578,2024-12-25,après-midi,,,83,83137,1,1,4,4,1,Autoroute,70.0,1
202400014579,2024-08-04,après-midi,,,93,93066,1,1,2,4,1,Autoroute,90.0,1
202400014580,2024-02-01,nuit,,,94,94081,5,1,2,4,4,Voie communale,50.0,1
202400014581,2024-12-25,nuit,,,59,59256,3,1,1,2,1,Autoroute,130.0,1
202400014582,2024-05-30,soirée,,,80,80569,1,1,7,4,4,Voie communale,80.0,1
202400014583,2024-12-27,matin,,,91,91521,3,1,7,4,2,Nationale,70.0,2
202400014584,2024-02-01,matin,,,94,94022,1,2,6,4,3,Départementale,50.0,2
202400014585,2024-06-03,matin,,,74,74133,1,1,3,4,3,Départementale,50.0,1
202400014586,2024-12-27,matin,,,93,93066,1,1,2,4,1,Autoroute,50.0,1
202400014587,2024-04-06,après-midi,,,88,88487,1,1,7,3,3,Départementale,80.0,1
202400014588,2024-01-30,soirée,,,94,94079,5,1,2,4,3,Départementale,50.0,1
202400014589,2024-08-02,matin,,,92,92036,1,8,7,4,4,Voie communale,50.0,2
202400014590,2024-12-27,nuit,,,95,95277,3,1,6,4,1,Autoroute,110.0,1
202400014591,2024-02-01,soirée,,,94,94017,5,1,6,4,3,Départementale,50.0,1
202400014592,2024-07-22,après-midi,,,44,44109,1,1,4,4,4,Voie communale,50.0,1
202400014593,2024-02-01,après-midi,,,93,93078,1,1,6,4,3,Départementale,50.0,1
202400014594,2024-08-03,après-midi,,,988,98818,5,1,1,4,4,Voie communale,30.0,1
202400014595,2024-10-10,après-midi,,,50,50046,1,2,5,4,3,Départementale,80.0,2
202400014596,2024-12-26,nuit,,,974,97411,3,1,7,4,3,Départementale,50.0,1
202400014597,2024-01-26,nuit,,,93,93005,4,8,6,2,3,Départementale,50.0,2
202400014598,2024-08-02,matin,,,974,97416,1,1,3,4,4,Voie communale,50.0,1
202400014599,2024-12-26,soirée,,,974,97411,5,1,1,4,4,Voie communale,50.0,1
202400014600,2024-08-03,matin,,,974,97411,1,1,6,4,3,Départementale,50.0,1
202400014601,2024-01-31,soirée,,,93,93064,5,1,5,4,4,Voie communale,50.0,1
202400014602,2024-08-03,après-midi,,,973,97302,1,1,3,4,3,Départementale,50.0,1
202400014603,2024-02-01,soirée,,,93,93064,5,1,3,4,4,Voie communale,50.0,1
202400014604,2024-08-03,nuit,,,973,97302,3,1,7,4,2,Nationale,50.0,1
202400014605,2024-02-01,matin,,,93,93064,1,2,6,4,4,Voie communale,30.0,2
202400014606,2024-08-03,matin,,,972,97213,1,1,2,4,1,Autoroute,30.0,1
202400014607,2024-02-01,matin,,,93,93046,1,2,3,4,4,Voie communale,50.0,2
202400014608,2024-08-03,nuit,,,2B,2B033,5,1,3,4,2,Nationale,50.0,1
202400014609,2024-02-01,matin,,,93,93014,2,2,7,4,4,Voie communale,50.0,2
202400014610,2024-08-03,nuit,,,2A,2A004,5,1,2,4,4,Voie communale,,1
202400014611,2024-02-01,après-midi,,,92,92078,1,8,3,4,3,Départementale,30.0,2
202400014612,2024-08-03,nuit,,,83,83137,5,1,3,4,4,Voie communale,50.0,1
202400014613,2024-01-31,après-midi,,,92,92063,1,1,6,2,3,Départementale,50.0,1
202400014614,2024-08-03,après-midi,,,80,80261,1,1,3,4,3,Départementale,50.0,1
202400014615,2024-02-01,soirée,,,92,92050,5,1,6,3,4,Voie communale,50.0,1
202400014616,2024-02-01,soirée,,,92,92048,5,1,6,3,3,Départementale,50.0,1
202400014617,2024-08-03,soirée,,,71,71306,1,1,6,4,4,Voie communale,50.0,1
202400014618,2024-02-01,soirée,,,92,92026,5,1,6,3,3,Départementale,50.0,1
202400014619,2024-08-03,soirée,,,69,69266,5,1,6,3,4,Voie communale,30.0,1
202400014620,2024-08-01,matin,,,68,68166,1,1,6,3,3,Départementale,30.0,1
202400014621,2024-01-31,nuit,,,92,92024,5,1,3,4,3,Départementale,50.0,1
202400014622,2024-08-03,nuit,,,67,67482,5,8,3,4,4,Voie communale,10.0,2
202400014623,2024-02-01,après-midi,,,92,92012,1,1,6,4,4,Voie communale,50.0,1
202400014624,2024-01-31,nuit,,,92,92002,5,1,6,4,3,Départementale,50.0,1
202400014625,2024-02-01,matin,,,60,60223,1,2,3,3,3,Départementale,50.0,2
202400014626,2024-08-03,nuit,,,63,63113,5,1,3,4,4,Voie communale,30.0,1
202400014627,2024-02-02,matin,,,71,71139,1,5,7,3,3,Départementale,80.0,1
202400014628,2024-08-03,matin,,,63,63063,1,1,6,4,7,Autre,110.0,1
202400014629,2024-08-03,nuit,,,61,61001,5,1,6,4,3,Départementale,50.0,1
202400014630,2024-08-03,soirée,,,59,59360,2,2,6,4,6,Autre,30.0,2
202400014631,2024-08-03,soirée,,,59,59588,2,2,1,4,3,Départementale,70.0,2
202400014632,2024-08-03,après-midi,,,54,54547,1,1,1,4,4,Voie communale,50.0,1
202400014633,2024-08-03,après-midi,,,54,54395,1,1,3,4,4,Voie communale,30.0,1
202400014634,2024-08-03,après-midi,,,51,51055,1,1,3,4,4,Voie communale,50.0,1
202400014635,2024-08-03,nuit,,,49,49007,4,1,6,4,4,Voie communale,50.0,1
202400014636,2024-08-02,après-midi,,,47,47201,1,1,3,4,3,Départementale,50.0,1
202400014637,2024-08-03,après-midi,,,44,44162,1,1,6,4,4,Voie communale,70.0,1
202400014638,2024-08-03,soirée,,,44,44055,1,8,6,4,4,Voie communale,50.0,1
202400014639,2024-08-04,nuit,,,38,38516,3,1,4,4,7,Autre,50.0,1
202400014640,2024-08-03,après-midi,,,38,38151,1,1,6,2,4,Voie communale,50.0,1
202400014641,2024-08-03,après-midi,,,35,35238,1,1,6,4,4,Voie communale,30.0,1
202400014642,2024-08-04,nuit,,,34,34172,5,1,3,4,4,Voie communale,50.0,1
202400014643,2024-08-03,nuit,,,34,34172,5,1,1,4,4,Voie communale,50.0,1
202400014644,2024-08-03,matin,,,34,34172,1,1,2,4,4,Voie communale,50.0,1
202400014645,2024-08-03,soirée,,,33,33063,1,1,3,3,4,Voie communale,50.0,1
202400014646,2024-08-03,nuit,,,33,33119,4,1,5,4,4,Voie communale,30.0,1
202400014647,2024-08-02,nuit,,,33,33032,5,1,6,2,4,Voie communale,50.0,1
202400014648,2024-08-03,nuit,,,33,33075,3,1,4,4,4,Voie communale,50.0,1
202400014649,2024-08-03,matin,,,31,31483,2,1,6,3,3,Départementale,30.0,1
202400014650,2024-08-03,nuit,,,28,28085,5,1,7,3,3,Départementale,30.0,1
202400014651,2024-08-03,soirée,,,25,25056,1,1,3,4,4,Voie communale,,1
202400014652,2024-08-03,après-midi,,,14,14366,1,2,1,4,4,Voie communale,30.0,2
202400014653,2024-08-04,nuit,,,13,13209,5,1,3,4,4,Voie communale,30.0,1
202400014654,2024-08-03,nuit,,,13,13047,3,1,1,4,3,Départementale,80.0,1
202400014655,2024-08-03,matin,,,11,11069,1,1,2,4,3,Départementale,50.0,1
202400014656,2024-08-03,après-midi,,,07,07019,1,1,1,3,2,Nationale,80.0,1
202400014657,2024-08-03,soirée,,,06,06088,1,1,6,3,4,Voie communale,50.0,1
202400014658,2024-07-25,après-midi,,,05,05061,1,1,6,4,2,Nationale,50.0,1
202400014659,2024-08-02,après-midi,,,05,05023,1,1,6,4,3,Départementale,30.0,1
202400014660,2024-08-03,soirée,,,75,75120,1,1,2,4,4,Voie communale,70.0,1
202400014661,2024-08-02,nuit,,,75,75112,5,1,3,4,4,Voie communale,70.0,1
202400014662,2024-08-03,nuit,,,75,75119,5,1,6,4,4,Voie communale,30.0,1
202400014663,2024-08-03,après-midi,,,75,75118,1,1,1,4,4,Voie communale,30.0,1
202400014664,2024-08-03,soirée,,,75,75115,1,1,6,4,4,Voie communale,30.0,1
202400014665,2024-08-03,nuit,,,75,75113,5,1,6,4,4,Voie communale,30.0,1
202400014666,2024-08-03,matin,,,75,75112,1,1,3,4,4,Voie communale,30.0,1
202400014667,2024-08-03,après-midi,,,75,75107,1,1,3,4,4,Voie communale,30.0,1
202400014668,2024-08-03,nuit,,,75,75107,5,1,7,4,4,Voie communale,30.0,1
202400014669,2024-08-03,après-midi,,,94,94018,1,1,3,4,4,Voie communale,30.0,1
202400014670,2024-08-02,nuit,,,94,94070,3,1,5,4,3,Départementale,50.0,1
202400014671,2024-08-03,après-midi,,,93,93055,1,1,2,4,4,Voie communale,50.0,1
202400014672,2024-08-03,soirée,,,93,93032,1,1,5,4,3,Départementale,50.0,1
202400014673,2024-08-03,matin,,,93,93051,1,1,3,4,3,Départementale,50.0,1
202400014674,2024-08-03,après-midi,,,93,93047,1,1,3,4,4,Voie communale,50.0,1
202400014675,2024-08-02,soirée,,,93,93010,1,1,6,4,3,Départementale,50.0,1
202400014676,2024-08-03,nuit,,,92,92040,5,1,3,4,4,Voie communale,30.0,2
202400014677,2024-08-03,après-midi,,,92,92025,1,1,6,4,4,Voie communale,30.0,1
202400014678,2024-08-02,après-midi,,,92,92025,1,1,3,4,3,Départementale,30.0,1
202400014679,2024-08-03,soirée,,,92,92024,1,2,6,4,4,Voie communale,30.0,2
202400014680,2024-08-03,matin,,,92,92023,1,1,6,4,4,Voie communale,30.0,1
202400014681,2024-08-03,nuit,,,92,92004,5,2,1,4,3,Départementale,50.0,2
202400014682,2024-08-03,après-midi,,,92,92004,1,1,3,4,4,Voie communale,30.0,1
202400014683,2024-08-04,après-midi,,,76,76622,1,1,6,3,3,Départementale,80.0,1
202400014684,2024-08-02,après-midi,,,50,50493,1,1,1,3,3,Départementale,80.0,1
202400014685,2024-08-03,matin,,,71,71446,1,1,3,4,3,Départementale,70.0,1
202400014686,2024-08-04,matin,,,974,97413,1,1,1,3,4,Voie communale,50.0,1