Num_Acc,date,time_of_day,lat,long,dep,com,lum,atm,col,severity_index,catr,catr_label,vma,surf
202400014687,2024-05-30,soirée,,,59,59220,1,1,6,2,4,Voie communale,30.0,1
202400014688,2024-05-29,soirée,,,59,59507,1,1,1,4,7,Autre,50.0,1
202400014689,2024-08-03,matin,,,14,14738,1,1,4,4,1,Autoroute,110.0,1
202400014690,2024-05-28,après-midi,,,57,57672,1,1,2,4,3,Départementale,50.0,1
202400014691,2024-08-03,soirée,,,62,62436,1,1,7,4,3,Départementale,80.0,1
202400014692,2024-05-30,après-midi,,,57,57480,1,1,2,4,4,Voie communale,30.0,1
202400014693,2024-08-03,soirée,,,19,19136,1,1,7,3,3,Départementale,90.0,1
202400014694,2024-05-12,nuit,,,57,57463,3,1,6,3,4,Voie communale,50.0,1
202400014695,2024-08-04,après-midi,,,56,56028,1,1,7,3,3,Départementale,80.0,1
202400014696,2024-05-30,après-midi,,,56,56260,1,1,3,4,2,Nationale,80.0,1
202400014697,2024-08-04,matin,,,79,79129,1,1,1,4,3,Départementale,50.0,1
202400014698,2024-05-30,matin,,,56,56121,1,1,3,4,4,Voie communale,30.0,1
202400014699,2024-08-04,après-midi,,,81,81084,1,1,1,3,3,Départementale,80.0,1
202400014700,2024-05-29,matin,,,54,54395,1,1,3,4,4,Voie communale,25.0,1
202400014701,2024-08-02,après-midi,,,71,71290,1,1,6,4,3,Départementale,80.0,2
202400014702,2024-05-27,matin,,,52,52448,1,1,3,4,4,Voie communale,50.0,1
202400014703,2024-05-30,après-midi,,,51,51108,1,1,6,3,4,Voie communale,30.0,1
202400014704,2024-08-03,après-midi,,,89,89208,1,1,7,4,3,Départementale,90.0,1
202400014705,2024-08-03,nuit,,,63,63233,5,1,1,3,3,Départementale,30.0,1
202400014706,2024-05-29,après-midi,,,49,49015,1,1,3,4,4,Voie communale,50.0,2
202400014707,2024-05-29,matin,,,49,49007,1,8,6,4,4,Voie communale,50.0,1
202400014708,2024-08-04,matin,,,22,22047,1,1,1,2,3,Départementale,50.0,1
202400014709,2024-05-30,soirée,,,44,44109,1,1,3,4,4,Voie communale,20.0,1
202400014710,2024-08-04,nuit,,,39,39286,3,1,6,4,4,Voie communale,80.0,1
202400014711,2024-05-29,après-midi,,,44,44109,1,2,6,2,4,Voie communale,70.0,2
202400014712,2024-08-04,après-midi,,,39,39171,1,1,3,3,4,Voie communale,25.0,1
202400014713,2024-05-03,après-midi,,,42,42218,1,1,6,3,4,Voie communale,50.0,1
202400014714,2024-08-04,nuit,,,25,25186,3,1,6,4,3,Départementale,80.0,1
202400014715,2024-08-04,nuit,,,29,29081,3,1,6,3,4,Voie communale,80.0,2
202400014716,2024-05-24,soirée,,,42,42218,1,1,3,4,2,Nationale,50.0,1
202400014717,2024-08-04,après-midi,,,01,01305,1,1,7,3,3,Départementale,30.0,1
202400014718,2024-04-13,matin,,,42,42218,1,1,3,4,4,Voie communale,50.0,1
202400014719,2024-08-04,nuit,,,26,26001,3,1,7,3,3,Départementale,80.0,1
202400014720,2024-05-24,matin,,,42,42218,1,1,3,4,4,Voie communale,50.0,1
202400014721,2024-08-04,matin,,,72,72363,1,1,3,3,3,Départementale,80.0,1
202400014722,2024-08-03,soirée,,,43,43264,1,1,7,3,3,Départementale,80.0,1
202400014723,2024-05-01,soirée,,,42,42218,1,2,5,4,4,Voie communale,50.0,2
202400014724,2024-05-30,après-midi,,,37,37122,1,1,2,4,4,Voie communale,50.0,1
202400014725,2024-05-30,après-midi,,,35,35238,1,8,6,4,4,Voie communale,30.0,1
202400014726,2024-05-30,après-midi,,,34,34301,1,8,6,4,4,Voie communale,30.0,1
202400014727,2024-05-31,nuit,,,33,33063,5,1,6,3,4,Voie communale,30.0,1
202400014728,2024-05-30,matin,,,33,33200,1,8,3,3,4,Voie communale,30.0,1
202400014729,2024-05-30,matin,,,33,33281,1,8,3,3,4,Voie communale,50.0,2
202400014730,2024-05-29,après-midi,,,33,33063,1,1,3,2,4,Voie communale,50.0,1
202400014731,2024-05-29,matin,,,33,33063,1,8,6,4,4,Voie communale,50.0,1
202400014732,2024-05-30,après-midi,,,33,33529,1,1,3,4,4,Voie communale,50.0,1
202400014733,2024-05-30,matin,,,33,33009,1,2,3,4,4,Voie communale,50.0,2
202400014734,2024-05-30,matin,,,30,30007,1,8,3,4,3,Départementale,50.0,1
202400014735,2024-05-30,soirée,,,26,26362,1,1,3,4,4,Voie communale,50.0,1
202400014736,2024-05-24,soirée,,,19,19031,1,1,3,4,4,Voie communale,50.0,1
202400014737,2024-05-30,matin,,,19,19031,1,1,3,4,4,Voie communale,30.0,1
202400014738,2024-05-30,matin,,,17,17306,1,1,3,3,4,Voie communale,30.0,1
202400014739,2024-05-30,matin,,,13,13106,1,1,3,4,4,Voie communale,50.0,1
202400014740,2024-05-30,soirée,,,13,13215,1,1,3,4,4,Voie communale,50.0,1
202400014741,2024-05-30,matin,,,13,13212,1,1,2,4,4,Voie communale,50.0,1
202400014742,2024-05-22,soirée,,,13,13201,1,1,6,3,4,Voie communale,30.0,1
202400014743,2024-05-30,après-midi,,,13,13004,1,1,3,4,4,Voie communale,50.0,1
202400014744,2024-05-30,matin,,,13,13001,1,1,2,4,4,Voie communale,30.0,1
202400014745,2024-05-27,matin,,,11,11069,1,1,3,3,4,Voie communale,50.0,1
202400014746,2024-05-29,matin,,,10,10362,1,2,3,4,4,Voie communale,50.0,2
202400014747,2024-05-30,après-midi,,,06,06069,1,1,2,4,4,Voie communale,,1
202400014748,2024-05-30,soirée,,,06,06027,1,1,3,4,7,Autre,50.0,1
202400014749,2024-05-30,soirée,,,01,01053,1,1,2,4,3,Départementale,50.0,1
202400014750,2024-05-29,après-midi,,,01,01451,1,1,3,4,3,Départementale,50.0,1
202400014751,2024-05-30,soirée,,,75,75116,1,1,2,4,4,Voie communale,70.0,1
202400014752,2024-05-30,matin,,,75,75114,1,2,2,4,4,Voie communale,70.0,2
202400014753,2024-05-29,nuit,,,75,75120,5,2,6,4,4,Voie communale,70.0,2
202400014754,2024-05-29,après-midi,,,75,75118,1,2,3,4,4,Voie communale,30.0,2
202400014755,2024-05-27,après-midi,,,75,75105,1,1,6,4,4,Voie communale,30.0,1
202400014756,2024-05-30,après-midi,,,75,75117,1,2,7,4,4,Voie communale,30.0,2
202400014757,2024-05-30,après-midi,,,75,75116,1,8,3,4,4,Voie communale,30.0,2
202400014758,2024-05-29,matin,,,75,75116,1,8,6,4,4,Voie communale,30.0,2
202400014759,2024-05-30,nuit,,,75,75116,5,8,3,4,4,Voie communale,50.0,2
202400014760,2024-05-30,nuit,,,75,75115,5,1,1,4,4,Voie communale,30.0,1
202400014761,2024-05-29,soirée,,,75,75114,1,3,3,4,4,Voie communale,30.0,2
202400014762,2024-05-29,après-midi,,,75,75112,1,2,2,4,4,Voie communale,50.0,2
202400014763,2024-05-29,nuit,,,75,75110,5,2,4,4,4,Voie communale,30.0,2
202400014764,2024-05-29,après-midi,,,75,75107,1,2,2,4,4,Voie communale,30.0,2
202400014765,2024-05-30,après-midi,,,75,75101,1,1,6,4,4,Voie communale,30.0,1
202400014766,2024-05-29,après-midi,,,75,75102,1,2,1,4,4,Voie communale,30.0,2
202400014767,2024-05-29,matin,,,75,75102,1,2,7,4,4,Voie communale,30.0,2
202400014768,2024-05-30,matin,,,94,94080,1,1,3,4,3,Départementale,50.0,1
202400014769,2024-05-30,après-midi,,,94,94074,1,2,6,3,4,Voie communale,,2
202400014770,2024-05-30,matin,,,94,94042,1,2,6,4,3,Départementale,50.0,2
202400014771,2024-05-30,après-midi,,,94,94041,1,2,4,4,3,Départementale,50.0,2
202400014772,2024-05-29,après-midi,,,94,94028,1,2,2,4,3,Départementale,50.0,2
202400014773,2024-05-29,matin,,,94,94028,1,3,2,4,3,Départementale,30.0,2
202400014774,2024-05-30,après-midi,,,94,94018,1,1,6,3,3,Départementale,30.0,1
202400014775,2024-05-29,après-midi,,,94,94071,1,2,2,4,3,Départementale,50.0,2
202400014776,2024-05-29,après-midi,,,93,93050,1,2,7,4,3,Départementale,50.0,2
202400014777,2024-05-30,après-midi,,,93,93074,1,1,6,4,4,Voie communale,50.0,1
202400014778,2024-05-30,après-midi,,,93,93013,1,1,3,4,3,Départementale,70.0,1
202400014779,2024-05-28,matin,,,93,93013,1,2,6,2,3,Départementale,50.0,2
202400014780,2024-05-29,matin,,,93,93027,1,2,6,4,3,Départementale,50.0,2
202400014781,2024-05-30,après-midi,,,93,93001,1,1,2,4,3,Départementale,50.0,1
202400014782,2024-05-30,matin,,,92,92046,1,2,7,4,3,Départementale,50.0,2
202400014783,2024-05-30,matin,,,92,92062,1,2,3,4,3,Départementale,50.0,2
202400014784,2024-05-30,soirée,,,92,92020,1,2,3,4,3,Départementale,50.0,2
202400014785,2024-05-30,matin,,,92,92048,2,8,7,4,3,Départementale,30.0,6
202400014786,2024-05-30,matin,,,92,92025,1,1,3,4,3,Départementale,30.0,1
202400014787,2024-05-30,soirée,,,92,92024,2,1,2,4,4,Voie communale,50.0,1
202400014788,2024-05-31,après-midi,,,17,17262,1,1,3,2,3,Départementale,80.0,1
202400014789,2024-05-30,nuit,,,01,01143,3,3,6,3,3,Départementale,,2
202400014790,2024-05-20,après-midi,,,01,01360,1,1,6,3,3,Départementale,50.0,1
202400014791,2024-05-30,après-midi,,,36,36129,1,3,6,4,3,Départementale,80.0,2
202400014792,2024-05-31,après-midi,,,34,34270,1,1,3,3,7,Autre,50.0,1
202400014793,2024-05-30,matin,,,59,59331,2,2,7,3,3,Départementale,80.0,2
202400014794,2024-05-30,après-midi,,,56,56169,1,1,1,4,4,Voie communale,50.0,1
202400014795,2024-05-31,matin,,,82,82044,1,1,5,4,3,Départementale,80.0,1
202400014796,2024-05-31,soirée,,,71,71092,1,1,1,4,3,Départementale,80.0,1
202400014797,2024-01-22,matin,,,71,71380,1,1,3,3,3,Départementale,80.0,1
202400014798,2024-05-31,après-midi,,,89,89345,1,1,3,4,4,Voie communale,50.0,1
202400014799,2024-05-31,matin,,,42,42289,1,1,6,4,3,Départementale,80.0,1
202400014800,2024-05-29,après-midi,,,34,34178,1,1,3,3,3,Départementale,80.0,1
202400014801,2024-05-27,soirée,,,22,22229,1,8,3,3,3,Départementale,80.0,1
202400014802,2024-05-30,soirée,,,44,44049,1,1,3,3,4,Voie communale,50.0,1
202400014803,2024-05-29,après-midi,,,38,38422,1,1,3,3,3,Départementale,80.0,1
202400014804,2024-05-30,nuit,,,72,72356,3,1,6,4,3,Départementale,50.0,1
202400014805,2024-05-30,soirée,,,73,73067,2,3,6,3,3,Départementale,80.0,2
202400014806,2024-05-31,nuit,,,10,10139,3,2,1,2,3,Départementale,90.0,2
202400014807,2024-05-31,après-midi,,,07,07201,1,1,5,4,3,Départementale,90.0,1
202400014808,2024-05-30,après-midi,,,37,37050,1,3,7,4,4,Voie communale,50.0,2
202400014809,2024-05-30,soirée,,,30,30269,1,1,7,3,3,Départementale,80.0,1
202400014810,2024-05-31,après-midi,,,52,52376,1,1,6,3,3,Départementale,80.0,2
202400014811,2024-05-30,après-midi,,,973,97307,1,2,3,3,2,Nationale,,2
202400014812,2024-05-31,matin,,,17,17337,1,1,6,3,3,Départementale,50.0,1
202400014813,2024-05-31,matin,,,17,17324,1,1,3,3,3,Départementale,70.0,1
202400014814,2024-05-30,matin,,,971,97103,1,1,3,3,4,Voie communale,50.0,1
202400014815,2024-05-30,matin,,,971,97117,1,1,3,4,3,Départementale,80.0,1
202400014816,2024-05-29,matin,,,971,97117,1,1,3,3,3,Départementale,50.0,1
202400014817,2024-05-30,après-midi,,,977,97701,1,1,1,2,2,Nationale,30.0,1
202400014818,2024-05-31,après-midi,,,77,77508,1,2,1,4,3,Départementale,80.0,2
202400014819,2024-05-29,après-midi,,,2B,2B148,1,1,3,3,2,Nationale,50.0,1
202400014820,2024-05-30,soirée,,,83,83112,1,7,6,3,3,Départementale,50.0,1
202400014821,2024-05-29,après-midi,,,83,83099,1,1,1,3,4,Voie communale,70.0,1
202400014822,2024-05-30,après-midi,,,13,13041,1,1,3,4,3,Départementale,70.0,1
202400014823,2024-05-09,nuit,,,68,68226,3,1,6,4,4,Voie communale,30.0,1
202400014824,2024-05-31,après-midi,,,42,42299,1,1,5,4,3,Départementale,,1
202400014825,2024-05-29,nuit,,,38,38474,5,2,7,3,4,Voie communale,30.0,2
202400014826,2024-05-31,après-midi,,,81,81131,1,1,3,4,3,Départementale,50.0,1
202400014827,2024-05-31,après-midi,,,33,33449,1,1,1,3,4,Voie communale,50.0,1
202400014828,2024-05-31,nuit,,,85,85211,2,1,6,2,3,Départementale,80.0,1
202400014829,2024-05-30,nuit,,,85,85177,3,1,6,3,3,Départementale,80.0,1
202400014830,2024-05-30,après-midi,,,85,85003,1,1,7,4,3,Départementale,110.0,1
202400014831,2024-05-30,soirée,,,49,49301,2,1,3,4,3,Départementale,90.0,1
202400014832,2024-05-30,après-midi,,,29,29198,1,1,6,3,3,Départementale,70.0,1
202400014833,2024-05-29,après-midi,,,22,22093,1,2,6,3,4,Voie communale,30.0,1
202400014834,2024-05-31,matin,,,76,76222,1,1,6,3,7,Autre,50.0,1
202400014835,2024-05-29,nuit,,,13,13215,5,1,6,4,1,Autoroute,50.0,1
202400014836,2024-05-30,après-midi,,,13,13117,1,1,2,4,1,Autoroute,90.0,1
202400014837,2024-05-29,matin,,,13,13001,1,1,2,4,1,Autoroute,90.0,1
202400014838,2024-05-30,matin,,,13,13212,1,1,2,4,1,Autoroute,90.0,1
202400014839,2024-05-29,matin,,,13,13216,1,1,3,4,1,Autoroute,90.0,1
202400014840,2024-05-30,matin,,,33,33397,1,2,4,4,1,Autoroute,110.0,2
202400014841,2024-05-30,matin,,,33,33249,1,2,2,3,2,Nationale,90.0,2
202400014842,2024-05-28,après-midi,,,33,33318,1,1,3,4,1,Autoroute,90.0,1
202400014843,2024-05-26,après-midi,,,59,59183,1,1,5,3,1,Autoroute,90.0,1
202400014844,2024-05-30,nuit,,,92,92072,3,2,6,4,2,Nationale,50.0,2
202400014845,2024-05-29,soirée,,,92,92047,1,2,4,4,1,Autoroute,110.0,2
202400014846,2024-02-29,après-midi,,,92,92050,1,2,2,4,1,Autoroute,70.0,2
202400014847,2024-05-30,soirée,,,93,93005,1,1,5,3,1,Autoroute,110.0,1
202400014848,2024-05-30,après-midi,,,93,93078,1,1,2,4,1,Autoroute,90.0,1
202400014849,2024-05-30,nuit,,,92,92078,5,1,6,4,1,Autoroute,90.0,2
202400014850,2024-05-29,soirée,,,95,95256,1,2,2,4,2,Nationale,90.0,2
202400014851,2024-05-29,soirée,,,95,95218,2,2,6,4,1,Autoroute,70.0,2
202400014852,2024-05-29,soirée,,,93,93078,2,3,6,4,1,Autoroute,90.0,2
202400014853,2024-05-30,matin,,,94,94018,1,1,3,4,1,Autoroute,90.0,1
202400014854,2024-05-30,matin,,,94,94017,1,2,4,4,1,Autoroute,90.0,2
202400014855,2024-05-29,matin,,,94,94022,1,2,2,4,1,Autoroute,90.0,2
202400014856,2024-03-30,matin,,,44,44109,1,8,3,4,4,Voie communale,50.0,1
202400014857,2024-03-28,matin,,,44,44109,1,1,6,4,4,Voie communale,50.0,1
202400014858,2024-03-27,matin,,,44,44114,1,8,3,4,4,Voie communale,30.0,1
202400014859,2024-03-17,après-midi,,,44,44109,1,1,3,4,4,Voie communale,50.0,1
202400014860,2024-03-15,après-midi,,,44,44109,1,8,3,4,4,Voie communale,50.0,1
202400014861,2024-01-31,matin,,,44,44109,1,1,3,4,4,Voie communale,30.0,1
202400014862,2024-01-26,matin,,,32,32115,1,5,1,3,5,Autre,80.0,1
202400014863,2024-05-28,après-midi,,,987,98735,1,1,3,3,4,Voie communale,50.0,1
202400014864,2024-05-29,matin,,,974,97411,1,1,6,2,2,Nationale,50.0,1
202400014865,2024-05-27,matin,,,974,97411,1,1,3,4,4,Voie communale,30.0,1
202400014866,2024-05-29,après-midi,,,973,97302,1,1,2,4,3,Départementale,50.0,1
202400014867,2024-05-29,matin,,,973,97302,1,1,3,4,2,Nationale,50.0,1
202400014868,2024-05-28,après-midi,,,973,97302,1,1,7,4,4,Voie communale,50.0,1
202400014869,2024-05-29,matin,,,973,97302,1,2,6,4,3,Départementale,50.0,2
202400014870,2024-05-29,après-midi,,,972,97209,1,1,2,4,3,Départementale,60.0,1
202400014871,2024-05-28,nuit,,,972,97209,1,1,3,4,3,Départementale,30.0,1
202400014872,2024-05-29,soirée,,,69,69389,1,1,6,4,4,Voie communale,30.0,1
202400014873,2024-05-29,matin,,,69,69389,1,1,3,4,4,Voie communale,50.0,1
202400014874,2024-05-28,après-midi,,,95,95427,1,2,6,4,3,Départementale,50.0,2
202400014875,2024-05-29,matin,,,91,91645,1,2,6,3,3,Départementale,50.0,2
202400014876,2024-05-29,après-midi,,,91,91589,1,2,6,4,4,Voie communale,50.0,2
202400014877,2024-10-14,soirée,,,49,49007,5,1,1,4,4,Voie communale,50.0,1
202400014878,2024-05-28,soirée,,,87,87085,1,1,6,4,4,Voie communale,50.0,1
202400014879,2024-10-15,matin,,,45,45234,2,1,1,4,7,Autre,50.0,1
202400014880,2024-05-29,après-midi,,,83,83069,1,1,3,3,4,Voie communale,30.0,1
202400014881,2024-05-27,après-midi,,,82,82033,1,1,6,4,3,Départementale,50.0,1
202400014882,2024-10-15,matin,,,37,37208,2,8,6,4,4,Voie communale,50.0,2
202400014883,2024-05-29,soirée,,,69,69266,1,1,3,4,4,Voie communale,50.0,1
202400014884,2024-10-15,matin,,,37,37122,5,8,3,4,4,Voie communale,50.0,2
202400014885,2024-05-28,après-midi,,,69,69290,1,1,3,4,4,Voie communale,50.0,1
202400014886,2024-10-15,soirée,,,35,35238,2,1,6,4,2,Nationale,90.0,1
202400014887,2024-05-28,après-midi,,,69,69029,1,1,7,4,4,Voie communale,50.0,1
202400014888,2024-10-15,après-midi,,,35,35238,1,1,3,4,4,Voie communale,30.0,1
202400014889,2024-05-11,matin,,,68,68166,2,1,1,4,4,Voie communale,50.0,1
202400014890,2024-05-28,matin,,,67,67482,1,1,3,4,4,Voie communale,50.0,1
202400014891,2024-10-15,après-midi,,,35,35238,1,1,3,4,4,Voie communale,30.0,1
202400014892,2024-05-28,après-midi,,,64,64445,1,1,6,4,4,Voie communale,50.0,1
202400014893,2024-10-15,après-midi,,,35,35115,1,2,3,4,4,Voie communale,20.0,2
202400014894,2024-05-29,matin,,,64,64122,1,1,1,4,3,Départementale,50.0,1
202400014895,2024-05-28,soirée,,,64,64102,1,1,6,4,4,Voie communale,50.0,1
202400014896,2024-05-28,soirée,,,64,64024,1,1,2,4,4,Voie communale,30.0,1
202400014897,2024-10-15,soirée,,,33,33063,5,1,3,3,4,Voie communale,30.0,1
202400014898,2024-05-28,après-midi,,,64,64024,1,1,3,4,4,Voie communale,30.0,1
202400014899,2024-10-15,matin,,,33,33009,1,2,7,4,4,Voie communale,30.0,2
202400014900,2024-05-28,soirée,,,64,64024,1,1,2,4,4,Voie communale,50.0,1
202400014901,2024-10-15,après-midi,,,31,31555,1,1,2,4,4,Voie communale,50.0,1
202400014902,2024-05-28,après-midi,,,64,64102,1,1,3,4,4,Voie communale,50.0,1
202400014903,2024-05-30,nuit,,,63,63075,5,1,6,4,7,Autre,50.0,1
202400014904,2024-10-14,après-midi,,,19,19272,1,1,6,4,4,Voie communale,30.0,1
202400014905,2024-05-24,après-midi,,,62,62570,1,1,3,4,4,Voie communale,50.0,1
202400014906,2024-05-29,soirée,,,60,60684,1,3,1,4,4,Voie communale,50.0,2
202400014907,2024-10-15,matin,,,15,15014,5,1,6,4,4,Voie communale,50.0,1
202400014908,2024-05-29,nuit,,,59,59512,5,1,3,4,4,Voie communale,30.0,1
202400014909,2024-10-15,matin,,,14,14699,1,1,3,4,3,Départementale,70.0,1
202400014910,2024-05-29,nuit,,,59,59009,5,1,2,4,4,Voie communale,50.0,1
202400014911,2024-10-15,nuit,,,13,13206,5,2,2,4,4,Voie communale,50.0,2
202400014912,2024-10-15,matin,,,13,13212,1,1,3,4,4,Voie communale,50.0,1
202400014913,2024-10-14,matin,,,13,13215,1,1,5,4,4,Voie communale,50.0,1
202400014914,2024-10-15,après-midi,,,13,13005,1,1,6,4,4,Voie communale,30.0,1
202400014915,2024-10-15,soirée,,,11,11069,2,2,6,4,4,Voie communale,50.0,2
202400014916,2024-05-28,matin,,,59,59350,1,1,6,4,4,Voie communale,50.0,1
202400014917,2024-10-15,matin,,,10,10297,1,1,1,4,4,Voie communale,50.0,1
202400014918,2024-05-28,matin,,,57,57480,1,1,6,4,4,Voie communale,30.0,1
202400014919,2024-10-14,matin,,,07,07281,1,2,7,4,3,Départementale,90.0,2
202400014920,2024-10-14,après-midi,,,06,06088,1,1,6,4,4,Voie communale,50.0,1
202400014921,2024-05-29,matin,,,56,56260,1,2,5,4,3,Départementale,50.0,2
202400014922,2024-10-14,après-midi,,,75,75117,1,1,3,4,4,Voie communale,50.0,1
202400014923,2024-10-14,nuit,,,75,75105,5,1,3,4,4,Voie communale,30.0,1
202400014924,2024-10-15,après-midi,,,75,75117,1,1,3,4,4,Voie communale,30.0,1
202400014925,2024-10-14,soirée,,,75,75115,5,1,3,4,4,Voie communale,30.0,1
202400014926,2024-10-09,nuit,,,75,75114,5,3,6,4,4,Voie communale,50.0,2
202400014927,2024-10-15,soirée,,,75,75105,5,2,6,4,4,Voie communale,30.0,2
202400014928,2024-10-14,après-midi,,,75,75111,1,1,2,4,4,Voie communale,30.0,1
202400014929,2024-10-15,après-midi,,,75,75110,1,1,3,4,4,Voie communale,30.0,1
202400014930,2024-10-15,matin,,,75,75109,1,1,6,4,4,Voie communale,30.0,1
202400014931,2024-10-14,après-midi,,,75,75107,1,8,3,4,4,Voie communale,30.0,1
202400014932,2024-10-14,après-midi,,,94,94068,1,1,3,4,3,Départementale,30.0,1
202400014933,2024-10-15,matin,,,94,94033,1,1,2,4,3,Départementale,50.0,1
202400014934,2024-10-15,après-midi,,,94,94046,1,1,1,4,3,Départementale,50.0,1
202400014935,2024-10-15,matin,,,94,94043,2,1,3,4,3,Départementale,50.0,1
202400014936,2024-10-15,soirée,,,94,94041,5,2,1,4,3,Départementale,30.0,2
202400014937,2024-10-15,matin,,,94,94041,1,1,3,4,3,Départementale,50.0,1
202400014938,2024-10-14,après-midi,,,94,94017,1,1,3,4,3,Départementale,50.0,1
202400014939,2024-10-15,matin,,,93,93066,2,1,3,4,3,Départementale,,1
202400014940,2024-10-15,après-midi,,,93,93074,1,1,3,4,3,Départementale,50.0,1
202400014941,2024-10-15,après-midi,,,93,93047,1,8,6,4,4,Voie communale,50.0,1
202400014942,2024-10-15,soirée,,,93,93005,1,1,3,4,4,Voie communale,50.0,1
202400014943,2024-10-15,matin,,,92,92020,1,1,6,4,4,Voie communale,50.0,1
202400014944,2024-10-15,après-midi,,,92,92040,1,1,3,4,4,Voie communale,30.0,1
202400014945,2024-10-15,nuit,,,92,92024,5,1,3,4,3,Départementale,50.0,1
202400014946,2024-10-16,matin,,,974,97415,1,1,5,2,3,Départementale,50.0,1
202400014947,2024-10-15,soirée,,,35,35120,3,1,6,3,7,Autre,80.0,1
202400014948,2024-10-15,après-midi,,,01,01045,1,1,3,4,3,Départementale,80.0,1
202400014949,2024-10-16,matin,,,62,62057,1,1,3,4,4,Voie communale,50.0,1
202400014950,2024-10-14,matin,,,27,27306,1,8,1,4,4,Voie communale,70.0,1
202400014951,2024-10-15,après-midi,,,01,01033,1,1,1,2,3,Départementale,70.0,2
202400014952,2024-10-16,matin,,,42,42032,2,1,7,4,7,Autre,80.0,1
202400014953,2024-10-16,nuit,,,83,83057,3,3,6,3,3,Départementale,90.0,2
202400014954,2024-10-15,matin,,,56,56083,2,1,2,4,2,Nationale,110.0,1
202400014955,2024-10-15,après-midi,,,56,56240,1,1,1,3,3,Départementale,80.0,1
202400014956,2024-10-15,nuit,,,56,56147,3,2,7,3,2,Nationale,110.0,2
202400014957,2024-10-14,nuit,,,69,69065,4,1,2,4,3,Départementale,80.0,1
202400014958,2024-10-16,matin,,,63,63397,1,1,6,3,3,Départementale,90.0,1
202400014959,2024-10-13,après-midi,,,61,61098,1,1,6,4,3,Départementale,90.0,1
202400014960,2024-10-11,soirée,,,42,42052,1,1,7,2,4,Voie communale,50.0,1
202400014961,2024-10-16,après-midi,,,25,25212,1,1,6,4,4,Voie communale,50.0,1
202400014962,2024-10-13,après-midi,,,29,29007,1,2,6,2,3,Départementale,50.0,2
202400014963,2024-10-14,après-midi,,,01,01348,1,1,3,4,3,Départementale,80.0,1
202400014964,2024-10-16,matin,,,01,01096,1,1,3,4,3,Départementale,80.0,2
202400014965,2024-10-16,nuit,,,14,14431,3,1,6,4,3,Départementale,80.0,1
202400014966,2024-10-15,après-midi,,,14,14277,1,1,3,3,3,Départementale,80.0,1
202400014967,2024-10-16,matin,,,60,60044,1,1,6,4,3,Départementale,50.0,1
202400014968,2024-10-16,après-midi,,,28,28264,1,1,6,3,3,Départementale,80.0,2
202400014969,2024-10-14,matin,,,37,37132,2,8,1,4,3,Départementale,30.0,1
202400014970,2024-10-16,matin,,,30,30284,1,3,2,3,2,Nationale,80.0,2
202400014971,2024-10-13,matin,,,973,97307,2,1,1,4,2,Nationale,50.0,1
202400014972,2024-10-16,matin,,,72,72223,1,1,2,4,1,Autoroute,130.0,1
202400014973,2024-10-16,matin,,,17,17382,1,1,2,3,2,Nationale,110.0,1
202400014974,2024-10-16,matin,,,974,97403,1,1,6,4,4,Voie communale,30.0,1
202400014975,2024-10-11,matin,,,33,33527,1,1,3,4,3,Départementale,30.0,1
202400014976,2024-10-07,soirée,,,95,95199,2,2,6,3,3,Départementale,50.0,2
202400014977,2024-10-15,matin,,,91,91587,1,1,3,4,4,Voie communale,30.0,1
202400014978,2024-10-15,après-midi,,,2B,2B303,1,1,3,3,2,Nationale,80.0,1
202400014979,2024-10-15,après-midi,,,2B,2B042,1,1,6,2,3,Départementale,70.0,1
202400014980,2024-10-15,après-midi,,,34,34294,1,1,6,3,3,Départementale,90.0,1
202400014981,2024-10-15,après-midi,,,84,84132,1,1,3,4,3,Départementale,80.0,1
202400014982,2024-10-15,soirée,,,05,05177,5,1,7,2,4,Voie communale,50.0,1
202400014983,2024-10-16,matin,,,68,68185,1,5,7,3,4,Voie communale,50.0,1
202400014984,2024-10-16,matin,,,73,73069,1,1,3,2,3,Départementale,80.0,1
202400014985,2024-10-16,après-midi,,,42,42328,1,2,7,4,3,Départementale,80.0,2
202400014986,2024-10-15,après-midi,,,42,42256,1,1,2,3,3,Départementale,80.0,1
202400014987,2024-10-16,matin,,,46,46102,1,1,6,3,3,Départementale,30.0,1
202400014988,2024-10-16,après-midi,,,31,31420,1,1,4,4,3,Départementale,110.0,1
202400014989,2024-10-15,après-midi,,,85,85011,1,1,6,2,3,Départementale,90.0,1
202400014990,2024-10-15,soirée,,,76,76057,5,1,6,3,4,Voie communale,50.0,2
202400014991,2024-10-15,après-midi,,,59,59449,1,1,6,4,4,Voie communale,30.0,1
202400014992,2024-10-15,après-midi,,,59,59595,1,1,1,2,3,Départementale,80.0,1
202400014993,2024-10-15,nuit,,,13,13216,3,8,6,4,1,Autoroute,50.0,2
202400014994,2024-10-14,matin,,,83,83047,3,2,4,4,1,Autoroute,110.0,2
202400014995,2024-10-14,après-midi,,,57,57764,1,8,4,4,1,Autoroute,110.0,2
202400014996,2024-10-10,soirée,,,67,67365,1,2,4,4,7,Autre,70.0,2
202400014997,2024-10-14,matin,,,78,78297,1,1,3,4,2,Nationale,110.0,1
202400014998,2024-10-14,après-midi,,,77,77373,1,1,2,4,2,Nationale,90.0,1