Num_Acc,date,time_of_day,lat,long,dep,com,lum,atm,col,severity_index,catr,catr_label,vma,surf
202400014999,2024-10-13,nuit,,,94,94028,3,1,2,4,1,Autoroute,40.0,1
202400015000,2024-07-27,nuit,,,91,91377,3,3,3,4,1,Autoroute,100.0,2
202400015001,2024-07-26,après-midi,,,91,91692,1,1,6,3,3,Départementale,30.0,1
202400015002,2024-07-14,matin,,,38,38151,1,1,3,4,4,Voie communale,50.0,1
202400015003,2024-07-07,soirée,,,38,38151,1,1,3,4,4,Voie communale,25.0,1
202400015004,2024-06-16,matin,,,66,66207,1,1,7,2,3,Départementale,80.0,1
202400015005,2024-07-13,soirée,,,43,43185,1,1,6,3,6,Autre,30.0,1
202400015006,2024-07-20,après-midi,,,43,43157,1,1,6,4,4,Voie communale,50.0,1
202400015007,2024-07-20,matin,,,43,43041,1,1,6,4,3,Départementale,50.0,1
202400015008,2024-07-18,soirée,,,43,43038,1,7,1,3,3,Départementale,80.0,1
202400015009,2024-07-16,soirée,,,43,43061,1,1,4,2,3,Départementale,70.0,1
202400015010,2024-07-10,après-midi,,,43,43102,1,1,3,4,3,Départementale,70.0,1
202400015011,2024-06-07,soirée,,,974,97409,5,2,6,4,3,Départementale,50.0,2
202400015012,2024-10-14,après-midi,,,972,97209,1,1,3,4,4,Voie communale,50.0,1
202400015013,2024-10-13,nuit,,,972,97209,5,2,7,3,1,Autoroute,90.0,2
202400015014,2024-10-14,nuit,,,69,69034,5,1,1,4,7,Autre,50.0,1
202400015015,2024-10-13,nuit,,,95,95219,5,1,3,4,3,Départementale,50.0,1
202400015016,2024-10-13,après-midi,,,91,91201,1,1,3,4,4,Voie communale,50.0,1
202400015017,2024-10-14,soirée,,,84,84007,1,1,2,4,4,Voie communale,50.0,1
202400015018,2024-10-13,nuit,,,83,83123,5,8,1,4,3,Départementale,50.0,1
202400015019,2024-10-14,matin,,,82,82033,1,1,2,4,3,Départementale,80.0,1
202400015020,2024-10-13,matin,,,82,82033,1,1,2,4,4,Voie communale,30.0,1
202400015021,2024-10-14,soirée,,,77,77288,2,1,3,4,4,Voie communale,5.0,1
202400015022,2024-10-14,nuit,,,77,77059,3,1,6,4,3,Départementale,50.0,1
202400015023,2024-10-14,soirée,,,76,76540,5,5,7,4,4,Voie communale,50.0,1
202400015024,2024-10-11,matin,,,76,76351,1,1,3,4,4,Voie communale,30.0,1
202400015025,2024-10-14,matin,,,72,72181,1,1,3,4,4,Voie communale,50.0,1
202400015026,2024-10-14,soirée,,,71,71445,4,1,3,4,3,Départementale,50.0,1
202400015027,2024-10-13,soirée,,,67,67482,3,8,2,4,4,Voie communale,50.0,1
202400015028,2024-10-14,après-midi,,,66,66136,1,1,1,4,4,Voie communale,50.0,1
202400015029,2024-10-14,après-midi,,,63,63300,1,1,4,4,3,Départementale,90.0,1
202400015030,2024-10-14,après-midi,,,63,63113,1,1,3,3,7,Autre,30.0,1
202400015031,2024-10-14,après-midi,,,59,59350,1,2,3,4,4,Voie communale,30.0,2
202400015032,2024-10-13,après-midi,,,54,54395,1,1,3,4,4,Voie communale,30.0,1
202400015033,2024-10-13,après-midi,,,51,51454,1,1,6,4,4,Voie communale,30.0,1
202400015034,2024-10-13,matin,,,51,51454,1,1,6,4,4,Voie communale,50.0,1
202400015035,2024-10-14,matin,,,51,51230,1,1,2,4,3,Départementale,,1
202400015036,2024-10-11,après-midi,,,49,49099,1,1,3,3,3,Départementale,50.0,1
202400015037,2024-10-14,après-midi,,,41,41018,1,1,3,4,4,Voie communale,30.0,1
202400015038,2024-10-10,matin,,,40,40063,1,8,6,4,3,Départementale,50.0,2
202400015039,2024-10-14,soirée,,,37,37261,1,1,6,4,4,Voie communale,50.0,1
202400015040,2024-10-15,nuit,,,35,35238,5,1,6,4,4,Voie communale,50.0,1
202400015041,2024-10-09,après-midi,,,34,34198,1,1,6,3,6,Autre,50.0,1
202400015042,2024-10-13,nuit,,,34,34336,3,1,7,4,3,Départementale,50.0,1
202400015043,2024-10-14,soirée,,,33,33063,1,1,6,4,4,Voie communale,50.0,1
202400015044,2024-10-14,soirée,,,31,31555,5,1,3,4,7,Autre,50.0,1
202400015045,2024-10-14,soirée,,,31,31555,5,1,1,4,4,Voie communale,50.0,1
202400015046,2024-10-13,soirée,,,29,29039,3,1,6,4,3,Départementale,80.0,1
202400015047,2024-10-12,après-midi,,,29,29019,1,1,3,4,3,Départementale,50.0,2
202400015048,2024-10-09,après-midi,,,14,14118,1,1,3,4,4,Voie communale,50.0,1
202400015049,2024-10-14,matin,,,13,13071,2,2,5,4,4,Voie communale,50.0,2
202400015050,2024-10-14,après-midi,,,13,13213,1,1,3,4,4,Voie communale,50.0,1
202400015051,2024-10-14,matin,,,13,13210,3,1,3,4,4,Voie communale,50.0,1
202400015052,2024-10-13,après-midi,,,07,07316,1,1,2,4,3,Départementale,50.0,1
202400015053,2024-10-14,matin,,,01,01289,3,9,6,4,4,Voie communale,80.0,2
202400015054,2024-10-14,matin,,,75,75116,1,1,3,4,4,Voie communale,50.0,1
202400015055,2024-10-04,après-midi,,,75,75106,1,1,7,4,4,Voie communale,20.0,1
202400015056,2024-10-13,nuit,,,75,75107,5,1,2,4,4,Voie communale,30.0,1
202400015057,2024-10-13,nuit,,,75,75107,5,1,1,4,4,Voie communale,30.0,1
202400015058,2024-10-14,après-midi,,,75,75117,1,1,2,4,4,Voie communale,30.0,1
202400015059,2024-10-10,après-midi,,,75,75117,1,1,4,4,4,Voie communale,30.0,1
202400015060,2024-10-14,matin,,,75,75115,1,1,3,4,4,Voie communale,30.0,1
202400015061,2024-10-10,après-midi,,,75,75107,1,1,6,4,4,Voie communale,30.0,1
202400015062,2024-10-13,soirée,,,75,75112,5,1,3,4,4,Voie communale,30.0,1
202400015063,2024-10-14,matin,,,75,75110,1,1,6,4,4,Voie communale,30.0,1
202400015064,2024-10-14,matin,,,75,75109,5,1,3,3,4,Voie communale,30.0,1
202400015065,2024-10-14,matin,,,75,75108,1,1,3,3,4,Voie communale,50.0,1
202400015066,2024-10-14,soirée,,,75,75107,5,1,7,4,4,Voie communale,30.0,1
202400015067,2024-10-14,matin,,,75,75114,1,1,6,4,4,Voie communale,30.0,1
202400015068,2024-10-14,matin,,,75,75104,1,1,7,4,4,Voie communale,30.0,1
202400015069,2024-10-14,soirée,,,94,94081,5,1,6,3,4,Voie communale,50.0,9
202400015070,2024-10-13,soirée,,,94,94081,1,1,5,2,3,Départementale,50.0,1
202400015071,2024-10-13,matin,,,94,94068,1,1,4,4,3,Départementale,30.0,1
202400015072,2024-10-13,après-midi,,,94,94028,1,1,6,4,3,Départementale,30.0,1
202400015073,2024-10-14,soirée,,,94,94069,5,1,3,4,3,Départementale,50.0,1
202400015074,2024-10-14,soirée,,,93,93051,2,8,6,3,4,Voie communale,50.0,1
202400015075,2024-10-13,nuit,,,93,93048,5,9,6,3,4,Voie communale,50.0,2
202400015076,2024-10-14,après-midi,,,93,93047,1,1,3,4,4,Voie communale,30.0,1
202400015077,2024-10-14,après-midi,,,93,93005,1,1,3,4,3,Départementale,50.0,1
202400015078,2024-10-13,matin,,,92,92050,1,1,6,4,3,Départementale,50.0,1
202400015079,2024-10-12,après-midi,,,92,92040,1,1,3,4,3,Départementale,30.0,1
202400015080,2024-10-13,après-midi,,,92,92040,1,1,3,4,3,Départementale,30.0,1
202400015081,2024-10-10,matin,,,92,92026,1,1,6,3,4,Voie communale,50.0,1
202400015082,2024-10-14,matin,,,92,92026,1,1,3,4,4,Voie communale,50.0,1
202400015083,2024-03-14,après-midi,,,13,13209,1,1,3,4,4,Voie communale,50.0,1
202400015084,2024-10-15,après-midi,,,39,39106,1,1,3,4,3,Départementale,90.0,1
202400015085,2024-03-14,matin,,,13,13214,1,1,3,2,4,Voie communale,50.0,1
202400015086,2024-03-13,après-midi,,,13,13214,1,1,2,3,4,Voie communale,50.0,1
202400015087,2024-03-14,soirée,,,13,13005,1,1,2,4,3,Départementale,90.0,1
202400015088,2024-10-15,matin,,,81,81080,1,1,3,4,3,Départementale,90.0,1
202400015089,2024-03-13,soirée,,,13,13005,5,1,1,3,4,Voie communale,30.0,1
202400015090,2024-10-15,matin,,,66,66144,1,1,2,4,1,Autoroute,130.0,1
202400015091,2024-03-14,soirée,,,06,06104,2,1,3,3,3,Départementale,50.0,2
202400015092,2024-03-14,nuit,,,06,06030,5,1,6,3,3,Départementale,30.0,1
202400015093,2024-10-10,matin,,,33,33205,1,1,3,4,3,Départementale,80.0,1
202400015094,2024-03-13,soirée,,,03,03185,1,1,1,4,3,Départementale,50.0,9
202400015095,2024-10-14,soirée,,,972,97212,3,1,6,2,3,Départementale,80.0,1
202400015096,2024-03-14,nuit,,,75,75114,5,1,2,4,4,Voie communale,50.0,1
202400015097,2024-10-15,matin,,,63,63206,1,1,1,3,3,Départementale,90.0,1
202400015098,2024-03-14,après-midi,,,75,75105,1,1,6,4,4,Voie communale,30.0,1
202400015099,2024-03-14,matin,,,75,75106,1,1,3,4,4,Voie communale,30.0,1
202400015100,2024-10-15,matin,,,12,12011,1,1,3,4,3,Départementale,90.0,1
202400015101,2024-03-14,soirée,,,75,75119,1,1,1,4,4,Voie communale,30.0,1
202400015102,2024-03-14,après-midi,,,75,75117,1,1,3,4,4,Voie communale,30.0,1
202400015103,2024-10-15,nuit,,,21,21652,3,5,6,3,1,Autoroute,130.0,2
202400015104,2024-03-14,matin,,,75,75117,1,1,3,4,4,Voie communale,30.0,1
202400015105,2024-10-12,après-midi,,,62,62804,1,2,7,4,3,Départementale,80.0,6
202400015106,2024-03-14,matin,,,75,75117,1,7,1,4,4,Voie communale,30.0,1
202400015107,2024-10-15,après-midi,,,83,83092,1,8,3,4,3,Départementale,,1
202400015108,2024-03-14,après-midi,,,75,75116,1,1,7,4,4,Voie communale,50.0,1
202400015109,2024-03-14,soirée,,,75,75113,5,1,6,4,4,Voie communale,30.0,1
202400015110,2024-03-14,soirée,,,75,75111,1,1,6,4,4,Voie communale,20.0,1
202400015111,2024-03-14,soirée,,,75,75111,1,1,7,4,4,Voie communale,30.0,1
202400015112,2024-03-14,après-midi,,,75,75111,1,1,6,4,4,Voie communale,30.0,1
202400015113,2024-03-14,après-midi,,,75,75111,1,1,6,4,4,Voie communale,30.0,1
202400015114,2024-03-14,matin,,,75,75111,1,1,3,4,4,Voie communale,30.0,1
202400015115,2024-03-14,après-midi,,,75,75108,1,1,3,3,4,Voie communale,30.0,1
202400015116,2024-03-14,matin,,,75,75108,1,1,2,4,4,Voie communale,30.0,1
202400015117,2024-03-13,après-midi,,,75,75108,1,1,3,3,4,Voie communale,50.0,1
202400015118,2024-03-14,matin,,,75,75107,1,1,3,4,4,Voie communale,30.0,1
202400015119,2024-03-13,nuit,,,75,75107,5,1,6,4,4,Voie communale,30.0,2
202400015120,2024-03-14,après-midi,,,75,75103,1,1,3,4,4,Voie communale,30.0,1
202400015121,2024-03-14,après-midi,,,75,75101,1,1,6,4,4,Voie communale,30.0,1
202400015122,2024-07-02,après-midi,,,75,75117,1,1,4,4,4,Voie communale,70.0,1
202400015123,2024-03-13,nuit,,,94,94041,5,1,6,4,3,Départementale,,1
202400015124,2024-07-01,après-midi,,,75,75118,1,1,4,4,4,Voie communale,70.0,1
202400015125,2024-03-13,nuit,,,94,94078,5,1,3,4,2,Nationale,50.0,1
202400015126,2024-07-01,nuit,,,75,75106,5,1,3,3,4,Voie communale,30.0,1
202400015127,2024-03-14,après-midi,,,94,94068,1,1,2,3,4,Voie communale,30.0,1
202400015128,2024-07-02,après-midi,,,75,75106,1,1,6,4,4,Voie communale,30.0,1
202400015129,2024-03-13,après-midi,,,94,94055,1,8,6,4,4,Voie communale,30.0,1
202400015130,2024-07-01,nuit,,,75,75120,3,1,3,4,4,Voie communale,30.0,1
202400015131,2024-03-14,après-midi,,,94,94018,1,1,6,4,4,Voie communale,50.0,1
202400015132,2024-07-02,après-midi,,,75,75119,1,1,6,4,4,Voie communale,30.0,1
202400015133,2024-03-14,après-midi,,,93,93078,1,1,6,4,4,Voie communale,,1
202400015134,2024-07-02,matin,,,75,75119,1,1,6,4,4,Voie communale,30.0,1
202400015135,2024-03-14,matin,,,93,93078,1,1,1,4,4,Voie communale,50.0,1
202400015136,2024-07-02,après-midi,,,75,75118,1,1,6,4,4,Voie communale,30.0,1
202400015137,2024-07-02,après-midi,,,75,75117,1,1,3,4,4,Voie communale,30.0,1
202400015138,2024-03-13,soirée,,,93,93001,5,1,1,4,3,Départementale,50.0,1
202400015139,2024-07-02,après-midi,,,75,75115,1,1,2,4,4,Voie communale,30.0,1
202400015140,2024-03-14,soirée,,,93,93066,5,1,3,3,3,Départementale,50.0,1
202400015141,2024-07-01,après-midi,,,75,75113,1,1,6,4,4,Voie communale,30.0,1
202400015142,2024-03-14,après-midi,,,93,93008,1,1,3,4,3,Départementale,30.0,1
202400015143,2024-07-02,matin,,,75,75112,1,1,2,4,4,Voie communale,30.0,1
202400015144,2024-03-14,après-midi,,,93,93005,1,1,3,4,4,Voie communale,50.0,1
202400015145,2024-07-02,après-midi,,,75,75110,1,1,2,4,4,Voie communale,30.0,1
202400015146,2024-03-14,matin,,,93,93005,1,1,1,4,4,Voie communale,50.0,1
202400015147,2024-07-02,après-midi,,,75,75108,1,1,3,4,4,Voie communale,50.0,1
202400015148,2024-07-02,matin,,,75,75108,1,1,3,4,4,Voie communale,30.0,1
202400015149,2024-03-13,après-midi,,,92,92020,1,1,2,4,3,Départementale,50.0,1
202400015150,2024-03-14,après-midi,,,92,92048,1,1,6,4,4,Voie communale,30.0,1
202400015151,2024-07-02,soirée,,,75,75107,1,1,2,4,4,Voie communale,30.0,1
202400015152,2024-07-02,matin,,,75,75114,1,8,7,4,4,Voie communale,50.0,1
202400015153,2024-03-13,après-midi,,,92,92044,1,1,3,4,4,Voie communale,30.0,1
202400015154,2024-07-02,matin,,,75,75107,1,1,3,4,4,Voie communale,30.0,1
202400015155,2024-03-14,matin,,,92,92026,1,1,3,4,3,Départementale,50.0,1
202400015156,2024-03-12,après-midi,,,92,92025,1,2,6,4,3,Départementale,50.0,2
202400015157,2024-07-02,après-midi,,,75,75102,1,1,3,4,4,Voie communale,30.0,1
202400015158,2024-03-14,matin,,,92,92002,1,1,6,4,4,Voie communale,50.0,1
202400015159,2024-07-01,après-midi,,,75,75101,1,1,7,4,4,Voie communale,30.0,1
202400015160,2024-07-02,soirée,,,94,94038,1,1,2,4,3,Départementale,50.0,1
202400015161,2024-03-14,nuit,,,92,92014,5,1,3,3,3,Départementale,30.0,1
202400015162,2024-07-02,après-midi,,,94,94038,1,1,6,4,4,Voie communale,50.0,1
202400015163,2024-03-14,soirée,,,35,35328,1,8,3,2,3,Départementale,50.0,1
202400015164,2024-07-01,soirée,,,94,94028,1,1,7,4,6,Autre,20.0,1
202400015165,2024-03-15,matin,,,62,62295,2,2,6,3,4,Voie communale,80.0,2
202400015166,2024-06-30,soirée,,,94,94028,1,1,3,4,4,Voie communale,,1
202400015167,2024-03-13,après-midi,,,26,26379,1,1,6,3,3,Départementale,30.0,1
202400015168,2024-07-01,après-midi,,,94,94079,1,1,2,4,3,Départementale,50.0,1
202400015169,2024-03-13,matin,,,42,42069,1,1,3,4,3,Départementale,50.0,1
202400015170,2024-07-01,matin,,,94,94079,1,1,6,3,3,Départementale,50.0,1
202400015171,2024-03-14,après-midi,,,972,97225,1,1,3,3,4,Voie communale,,1
202400015172,2024-07-02,soirée,,,94,94018,1,2,3,4,3,Départementale,30.0,2
202400015173,2024-03-15,matin,,,28,28022,1,6,3,2,3,Départementale,80.0,2
202400015174,2024-07-02,matin,,,93,93055,1,1,3,4,3,Départementale,30.0,1
202400015175,2024-03-15,après-midi,,,67,67532,1,1,3,4,3,Départementale,80.0,1
202400015176,2024-07-02,après-midi,,,93,93050,1,1,3,4,3,Départementale,1.0,1
202400015177,2024-03-15,après-midi,,,01,01354,1,1,6,4,4,Voie communale,50.0,1
202400015178,2024-07-01,après-midi,,,93,93048,1,1,3,4,3,Départementale,30.0,1
202400015179,2024-03-13,matin,,,06,06130,1,1,3,4,3,Départementale,50.0,1
202400015180,2024-03-14,après-midi,,,62,62752,1,1,6,3,3,Départementale,80.0,1
202400015181,2024-07-01,matin,,,93,93048,1,1,2,4,3,Départementale,50.0,1
202400015182,2024-03-13,après-midi,,,59,59260,1,1,3,3,3,Départementale,80.0,1
202400015183,2024-07-02,soirée,,,93,93079,1,2,2,4,3,Départementale,50.0,2
202400015184,2024-03-15,après-midi,,,68,68029,1,1,2,3,3,Départementale,110.0,1
202400015185,2024-07-02,après-midi,,,93,93029,1,1,6,4,4,Voie communale,30.0,1
202400015186,2024-03-10,après-midi,,,974,97413,1,1,3,3,4,Voie communale,50.0,1
202400015187,2024-07-01,soirée,,,93,93027,1,1,3,3,3,Départementale,50.0,1
202400015188,2024-03-12,soirée,,,65,65346,5,1,1,4,3,Départementale,50.0,1
202400015189,2024-07-02,après-midi,,,93,93008,1,1,3,4,4,Voie communale,30.0,1
202400015190,2024-03-14,après-midi,,,58,58214,1,1,3,4,1,Autoroute,,1
202400015191,2024-07-01,soirée,,,93,93057,1,1,2,4,4,Voie communale,30.0,1
202400015192,2024-02-23,après-midi,,,89,89461,1,8,7,2,3,Départementale,90.0,1
202400015193,2024-03-14,soirée,,,51,51368,1,1,7,4,4,Voie communale,50.0,9
202400015194,2024-07-02,soirée,,,92,92078,1,1,3,4,3,Départementale,50.0,1
202400015195,2024-03-15,matin,,,51,51197,1,8,1,4,3,Départementale,80.0,2
202400015196,2024-06-25,nuit,,,92,92063,1,1,1,4,4,Voie communale,50.0,1
202400015197,2024-03-15,matin,,,51,51161,2,1,6,3,3,Départementale,80.0,1
202400015198,2024-07-02,soirée,,,92,92062,1,1,7,4,4,Voie communale,70.0,1
202400015199,2024-07-02,nuit,,,92,92049,5,1,6,4,4,Voie communale,50.0,1
202400015200,2024-03-14,soirée,,,76,76549,1,1,1,3,3,Départementale,80.0,1
202400015201,2024-07-02,après-midi,,,92,92020,1,1,7,4,4,Voie communale,50.0,1
202400015202,2024-03-14,après-midi,,,32,32296,1,1,6,3,9,Autre,30.0,1
202400015203,2024-07-02,soirée,,,92,92048,1,1,5,4,3,Départementale,30.0,2
202400015204,2024-03-13,après-midi,,,32,32268,1,1,5,4,2,Nationale,80.0,1
202400015205,2024-07-02,nuit,,,92,92044,5,1,6,4,4,Voie communale,50.0,1
202400015206,2024-07-02,matin,,,92,92024,1,1,7,4,4,Voie communale,30.0,1
202400015207,2024-03-15,matin,,,71,71230,1,1,3,3,3,Départementale,50.0,1
202400015208,2024-03-13,matin,,,89,89025,1,1,6,3,3,Départementale,50.0,1
202400015209,2024-07-02,matin,,,92,92012,1,1,6,4,3,Départementale,50.0,1
202400015210,2024-01-31,soirée,,,49,49368,3,1,3,4,3,Départementale,80.0,1
202400015211,2024-07-02,après-midi,,,92,92007,1,1,6,4,3,Départementale,,1
202400015212,2024-03-14,après-midi,,,49,49228,1,1,3,4,3,Départementale,90.0,1
202400015213,2024-07-02,après-midi,,,92,92004,1,1,2,4,3,Départementale,50.0,1
202400015214,2024-07-02,après-midi,,,974,97415,1,1,6,3,3,Départementale,80.0,1
202400015215,2024-03-14,après-midi,,,41,41164,1,1,4,4,3,Départementale,90.0,1
202400015216,2024-03-13,soirée,,,68,68050,3,1,3,4,3,Départementale,80.0,1
202400015217,2024-07-02,soirée,,,54,54462,1,8,1,4,3,Départementale,80.0,2
202400015218,2024-03-14,nuit,,,22,22347,3,1,6,3,3,Départementale,80.0,1
202400015219,2024-07-03,nuit,,,66,66136,3,1,2,2,1,Autoroute,130.0,1
202400015220,2024-03-15,matin,,,39,39434,1,1,6,4,3,Départementale,50.0,2
202400015221,2024-03-14,soirée,,,25,25617,3,1,6,4,3,Départementale,80.0,1
202400015222,2024-07-01,matin,,,22,22014,1,1,2,4,3,Départementale,,1
202400015223,2024-03-15,après-midi,,,35,35095,1,1,6,3,3,Départementale,30.0,1
202400015224,2024-06-30,après-midi,,,36,36013,1,1,1,4,3,Départementale,80.0,1
202400015225,2024-03-13,après-midi,,,31,31132,1,1,6,3,3,Départementale,80.0,1
202400015226,2024-07-02,soirée,,,31,31445,1,1,6,4,7,Autre,50.0,1
202400015227,2024-03-14,matin,,,38,38134,1,1,1,4,3,Départementale,80.0,1
202400015228,2024-06-28,matin,,,59,59278,1,7,6,3,3,Départementale,50.0,1
202400015229,2024-03-14,nuit,,,38,38453,3,1,6,3,3,Départementale,90.0,1
202400015230,2024-07-02,matin,,,34,34270,1,1,3,3,7,Autre,50.0,1
202400015231,2024-03-15,après-midi,,,38,38222,1,1,7,4,3,Départementale,80.0,1
202400015232,2024-07-02,soirée,,,51,51507,2,1,6,3,3,Départementale,50.0,2
202400015233,2024-06-23,nuit,,,82,82192,3,1,6,2,3,Départementale,90.0,2
202400015234,2024-03-14,après-midi,,,38,38065,1,1,3,4,3,Départementale,80.0,1
202400015235,2024-07-02,après-midi,,,82,82039,1,1,3,4,3,Départementale,80.0,1
202400015236,2024-03-13,soirée,,,66,66106,1,1,3,4,3,Départementale,50.0,1
202400015237,2024-06-28,soirée,,,33,33540,1,1,7,3,4,Voie communale,50.0,1
202400015238,2024-03-14,après-midi,,,54,54386,1,1,7,3,4,Voie communale,80.0,1
202400015239,2024-02-03,après-midi,,,10,10179,1,1,6,3,3,Départementale,90.0,1
202400015240,2024-07-02,matin,,,61,61168,1,2,6,3,4,Voie communale,50.0,2
202400015241,2024-03-15,matin,,,07,07313,1,2,2,4,3,Départementale,50.0,2
202400015242,2024-07-03,matin,,,55,55398,1,1,6,4,3,Départementale,90.0,1
202400015243,2024-03-15,soirée,,,40,40134,5,1,1,3,4,Voie communale,30.0,1
202400015244,2024-07-03,matin,,,12,12068,1,1,1,4,3,Départementale,70.0,1
202400015245,2024-07-02,matin,,,42,42280,1,8,6,3,3,Départementale,80.0,1
202400015246,2024-01-26,matin,,,85,85051,1,1,6,3,3,Départementale,50.0,1
202400015247,2024-07-02,nuit,,,46,46251,5,1,6,3,3,Départementale,50.0,1
202400015248,2024-03-14,matin,,,27,27261,2,5,3,4,4,Voie communale,80.0,2
202400015249,2024-06-28,après-midi,,,41,41242,1,1,3,4,4,Voie communale,50.0,1
202400015250,2024-03-13,après-midi,,,17,17443,1,1,1,4,3,Départementale,80.0,1
202400015251,2024-03-14,soirée,,,37,37151,1,1,6,3,3,Départementale,50.0,1
202400015252,2024-06-23,soirée,,,34,34203,1,1,3,4,3,Départementale,50.0,1
202400015253,2024-07-03,après-midi,,,39,39471,1,1,6,2,4,Voie communale,80.0,2
202400015254,2024-03-14,après-midi,,,88,88037,1,1,1,2,3,Départementale,90.0,1
202400015255,2024-03-14,matin,,,13,13037,1,7,3,4,4,Voie communale,50.0,1
202400015256,2024-06-30,après-midi,,,44,44154,1,1,3,3,4,Voie communale,50.0,1
202400015257,2024-07-03,après-midi,,,29,29272,1,8,5,4,2,Nationale,110.0,1
202400015258,2024-03-14,soirée,,,33,33122,1,1,7,4,3,Départementale,70.0,1
202400015259,2024-03-13,après-midi,,,17,17038,1,1,2,4,2,Nationale,110.0,1
202400015260,2024-07-03,nuit,,,38,38394,3,1,6,4,3,Départementale,90.0,1
202400015261,2024-03-14,nuit,,,38,38052,3,1,6,3,3,Départementale,80.0,1
202400015262,2024-07-03,nuit,,,02,02124,3,1,6,3,3,Départementale,50.0,1
202400015263,2024-03-10,après-midi,,,78,78506,1,1,6,3,1,Autoroute,130.0,1
202400015264,2024-06-29,après-midi,,,84,84017,1,6,7,3,3,Départementale,80.0,1
202400015265,2024-03-14,après-midi,,,988,98807,1,8,3,3,3,Départementale,70.0,2
202400015266,2024-07-03,nuit,,,06,06148,3,1,2,4,3,Départementale,70.0,1
202400015267,2024-03-13,matin,,,976,97615,1,1,6,4,3,Départementale,50.0,1
202400015268,2024-07-03,matin,,,60,60291,1,1,1,4,3,Départementale,50.0,1
202400015269,2024-03-13,après-midi,,,13,13025,1,1,6,4,3,Départementale,90.0,1
202400015270,2024-06-26,soirée,,,36,36076,1,1,6,4,3,Départementale,80.0,1
202400015271,2024-03-14,matin,,,45,45155,1,1,7,2,4,Voie communale,90.0,1
202400015272,2024-07-02,après-midi,,,07,07313,1,1,1,4,3,Départementale,90.0,1
202400015273,2024-03-14,après-midi,,,30,30257,1,1,3,3,3,Départementale,50.0,1
202400015274,2024-03-15,après-midi,,,71,71024,1,1,6,4,3,Départementale,50.0,1
202400015275,2024-07-02,après-midi,,,17,17177,1,1,3,4,3,Départementale,80.0,1
202400015276,2024-03-14,après-midi,,,67,67205,1,1,3,4,3,Départementale,50.0,1
202400015277,2024-06-28,nuit,,,87,87089,3,1,6,3,3,Départementale,80.0,1
202400015278,2024-03-14,nuit,,,38,38565,3,1,6,2,3,Départementale,70.0,1
202400015279,2024-07-03,nuit,,,987,98738,3,1,1,4,2,Nationale,50.0,1
202400015280,2024-03-14,soirée,,,26,26331,2,1,3,3,3,Départementale,80.0,1
202400015281,2024-07-02,soirée,,,13,13051,1,1,3,4,3,Départementale,80.0,1
202400015282,2024-03-13,après-midi,,,69,69241,1,1,4,4,3,Départementale,,1
202400015283,2024-07-02,soirée,,,78,78466,1,1,3,3,3,Départementale,50.0,1
202400015284,2024-03-14,nuit,,,81,81219,3,1,2,3,2,Nationale,80.0,1
202400015285,2024-07-03,matin,,,17,17385,1,1,1,2,3,Départementale,80.0,1
202400015286,2024-07-02,après-midi,,,51,51437,1,3,7,4,1,Autoroute,110.0,3
202400015287,2024-03-15,après-midi,,,81,81038,1,1,3,2,3,Départementale,70.0,1
202400015288,2024-07-02,après-midi,,,971,97125,1,1,2,3,2,Nationale,80.0,1
202400015289,2024-03-14,après-midi,,,40,40257,1,1,3,3,3,Départementale,80.0,1
202400015290,2024-07-03,nuit,,,77,77382,4,1,7,3,3,Départementale,50.0,1
202400015291,2024-07-02,après-midi,,,95,95308,1,1,2,3,3,Départementale,80.0,1
202400015292,2024-03-14,après-midi,,,40,40202,1,1,1,4,3,Départementale,50.0,1
202400015293,2024-07-02,nuit,,,66,66210,3,1,3,3,4,Voie communale,50.0,1
202400015294,2024-03-07,après-midi,,,14,14762,1,1,3,4,4,Voie communale,50.0,1
202400015295,2024-07-03,après-midi,,,30,30345,1,1,1,4,3,Départementale,80.0,1
202400015296,2024-03-14,après-midi,,,22,22118,1,1,2,4,3,Départementale,50.0,1
202400015297,2024-07-02,après-midi,,,05,05181,1,1,3,4,3,Départementale,90.0,1
202400015298,2024-03-14,matin,,,60,60700,1,1,2,3,3,Départementale,90.0,1
202400015299,2024-07-02,après-midi,,,04,04193,1,1,5,4,3,Départementale,80.0,1
202400015300,2024-07-02,nuit,,,89,89257,5,2,6,3,4,Voie communale,30.0,2
202400015301,2024-07-03,matin,,,71,71342,1,1,3,3,3,Départementale,50.0,2
202400015302,2024-03-14,après-midi,,,59,59256,1,1,7,3,7,Autre,50.0,1
202400015303,2024-06-27,soirée,,,21,21639,1,1,1,4,3,Départementale,80.0,1
202400015304,2024-07-02,après-midi,,,38,38494,1,1,3,3,3,Départementale,50.0,1
202400015305,2024-03-13,après-midi,,,13,13005,1,1,3,4,1,Autoroute,90.0,1
202400015306,2024-07-01,matin,,,69,69171,1,1,3,4,3,Départementale,70.0,1
202400015307,2024-03-13,après-midi,,,13,13005,1,1,2,4,1,Autoroute,90.0,1
202400015308,2024-07-01,matin,,,81,81038,1,1,3,3,3,Départementale,50.0,1