Num_Acc,date,time_of_day,lat,long,dep,com,lum,atm,col,severity_index,catr,catr_label,vma,surf
202400015309,2024-03-14,après-midi,,,33,33096,1,1,4,4,1,Autoroute,110.0,1
202400015310,2024-07-02,soirée,,,65,65059,1,1,6,4,3,Départementale,90.0,1
202400015311,2024-03-14,soirée,,,91,91692,2,1,3,4,2,Nationale,110.0,1
202400015312,2024-06-28,soirée,,,31,31287,1,1,1,4,4,Voie communale,30.0,1
202400015313,2024-03-14,matin,,,91,91589,1,1,5,4,1,Autoroute,90.0,1
202400015314,2024-06-23,après-midi,,,62,62444,1,1,6,3,4,Voie communale,,6
202400015315,2024-07-02,matin,,,13,13005,1,1,2,4,1,Autoroute,90.0,1
202400015316,2024-03-14,matin,,,91,91477,1,1,5,4,1,Autoroute,70.0,1
202400015317,2024-06-27,soirée,,,13,13070,1,1,2,4,1,Autoroute,90.0,1
202400015318,2024-03-14,après-midi,,,92,92036,1,1,3,4,1,Autoroute,2.0,1
202400015319,2024-07-01,nuit,,,13,13215,3,1,2,4,1,Autoroute,90.0,1
202400015320,2024-03-14,après-midi,,,92,92064,1,1,7,4,1,Autoroute,110.0,1
202400015321,2024-03-14,après-midi,,,92,92063,1,1,6,4,1,Autoroute,70.0,1
202400015322,2024-06-28,après-midi,,,62,62624,1,1,4,3,1,Autoroute,110.0,1
202400015323,2024-03-14,matin,,,92,92050,1,1,7,4,1,Autoroute,70.0,1
202400015324,2024-06-28,soirée,,,59,59090,1,1,2,3,1,Autoroute,70.0,1
202400015325,2024-07-02,soirée,,,77,77384,1,1,7,3,1,Autoroute,110.0,1
202400015326,2024-03-13,nuit,,,93,93010,3,1,3,4,1,Autoroute,90.0,1
202400015327,2024-07-02,matin,,,78,78362,1,1,2,4,1,Autoroute,110.0,1
202400015328,2024-03-13,soirée,,,93,93053,1,1,4,4,1,Autoroute,70.0,1
202400015329,2024-07-02,après-midi,,,93,93010,1,1,5,4,1,Autoroute,90.0,1
202400015330,2024-03-13,matin,,,93,93064,1,1,2,4,1,Autoroute,90.0,1
202400015331,2024-07-02,après-midi,,,93,93063,1,1,6,4,1,Autoroute,90.0,1
202400015332,2024-07-02,matin,,,92,92036,1,1,2,4,1,Autoroute,90.0,1
202400015333,2024-03-13,nuit,,,95,95582,3,1,3,4,3,Départementale,50.0,2
202400015334,2024-07-01,soirée,,,93,93006,1,1,3,4,1,Autoroute,90.0,1
202400015335,2024-03-12,nuit,,,95,95042,3,1,2,4,2,Nationale,110.0,8
202400015336,2024-03-11,soirée,,,95,95527,3,1,6,4,1,Autoroute,90.0,2
202400015337,2024-07-01,soirée,,,93,93010,1,1,4,4,1,Autoroute,90.0,1
202400015338,2024-07-02,après-midi,,,93,93051,1,1,2,4,1,Autoroute,110.0,1
202400015339,2024-03-11,soirée,,,95,95018,3,2,4,4,1,Autoroute,110.0,2
202400015340,2024-03-14,matin,,,93,93051,1,1,3,4,1,Autoroute,110.0,1
202400015341,2024-07-02,nuit,,,94,94022,3,1,2,2,1,Autoroute,90.0,1
202400015342,2024-07-01,après-midi,,,94,94069,1,1,7,4,1,Autoroute,90.0,1
202400015343,2024-03-13,matin,,,94,94042,1,1,3,4,1,Autoroute,90.0,1
202400015344,2024-03-13,soirée,,,974,97411,5,1,7,4,4,Voie communale,50.0,1
202400015345,2024-07-01,matin,,,94,94052,1,1,2,4,1,Autoroute,90.0,1
202400015346,2024-03-13,après-midi,,,972,97213,1,1,6,4,2,Nationale,50.0,1
202400015347,2024-06-25,matin,,,76,76681,1,1,6,4,4,Voie communale,50.0,1
202400015348,2024-03-12,matin,,,972,97209,1,1,3,3,4,Voie communale,50.0,1
202400015349,2024-01-24,matin,,,95,95607,1,1,6,4,4,Voie communale,50.0,1
202400015350,2024-03-13,nuit,,,69,69152,5,1,7,3,7,Autre,50.0,1
202400015351,2024-06-25,matin,,,44,44109,1,1,6,4,4,Voie communale,50.0,1
202400015352,2024-04-17,soirée,,,74,74010,5,2,3,4,4,Voie communale,30.0,2
202400015353,2024-03-13,nuit,,,95,95607,5,8,2,4,3,Départementale,30.0,1
202400015354,2024-06-30,nuit,,,987,98735,5,1,3,4,4,Voie communale,50.0,1
202400015355,2024-03-13,matin,,,91,91425,1,1,2,4,4,Voie communale,50.0,2
202400015356,2024-07-01,après-midi,,,974,97411,1,1,6,4,4,Voie communale,50.0,1
202400015357,2024-07-01,matin,,,973,97302,1,1,7,4,2,Nationale,50.0,1
202400015358,2024-03-13,soirée,,,91,91122,5,1,3,4,4,Voie communale,50.0,1
202400015359,2024-07-01,nuit,,,973,97302,5,1,7,4,3,Départementale,50.0,1
202400015360,2024-03-12,soirée,,,91,91377,2,8,3,3,4,Voie communale,30.0,2
202400015361,2024-07-01,soirée,,,69,69383,1,1,3,4,4,Voie communale,50.0,1
202400015362,2024-03-13,matin,,,91,91174,1,8,2,4,3,Départementale,50.0,1
202400015363,2024-07-01,nuit,,,69,69385,5,1,6,4,4,Voie communale,30.0,1
202400015364,2024-03-13,matin,,,91,91174,1,1,3,4,3,Départementale,50.0,1
202400015365,2024-07-01,après-midi,,,69,69034,1,1,3,4,4,Voie communale,30.0,1
202400015366,2024-03-13,après-midi,,,88,88160,1,2,6,3,4,Voie communale,30.0,2
202400015367,2024-07-01,matin,,,69,69034,1,1,3,3,7,Autre,50.0,1
202400015368,2024-03-12,après-midi,,,87,87085,1,1,6,3,4,Voie communale,30.0,1
202400015369,2024-06-29,après-midi,,,971,97101,1,1,4,4,2,Nationale,90.0,1
202400015370,2024-06-30,matin,,,971,97113,1,1,3,3,2,Nationale,50.0,1
202400015371,2024-03-13,matin,,,83,83137,1,1,3,4,4,Voie communale,30.0,1
202400015372,2024-06-30,matin,,,971,97113,1,1,3,4,2,Nationale,70.0,1
202400015373,2024-03-12,matin,,,83,83069,1,1,1,3,4,Voie communale,50.0,1
202400015374,2024-03-13,soirée,,,77,77513,2,1,3,4,3,Départementale,50.0,1
202400015375,2024-06-29,nuit,,,971,97101,5,1,3,4,3,Départementale,50.0,1
202400015376,2024-03-13,matin,,,77,77186,1,8,6,4,3,Départementale,70.0,1
202400015377,2024-03-13,matin,,,76,76351,1,1,3,4,4,Voie communale,50.0,1
202400015378,2024-07-01,matin,,,91,91477,1,1,6,4,4,Voie communale,30.0,1
202400015379,2024-03-12,après-midi,,,72,72181,1,8,6,4,4,Voie communale,50.0,1
202400015380,2024-06-28,soirée,,,87,87085,1,1,3,4,4,Voie communale,50.0,1
202400015381,2024-03-11,après-midi,,,69,69290,1,2,3,4,4,Voie communale,50.0,2
202400015382,2024-06-29,après-midi,,,87,87114,1,1,3,4,3,Départementale,50.0,1
202400015383,2024-03-09,après-midi,,,68,68166,1,1,7,4,4,Voie communale,10.0,1
202400015384,2024-03-12,après-midi,,,67,67482,1,8,6,3,4,Voie communale,50.0,1
202400015385,2024-06-28,matin,,,83,83123,1,1,3,3,3,Départementale,50.0,1
202400015386,2024-06-27,après-midi,,,80,80021,1,1,6,4,4,Voie communale,20.0,1
202400015387,2024-03-13,après-midi,,,64,64445,1,1,3,4,4,Voie communale,30.0,1
202400015388,2024-06-30,après-midi,,,80,80021,1,1,6,4,4,Voie communale,50.0,1
202400015389,2024-03-12,matin,,,64,64445,1,1,6,4,4,Voie communale,50.0,1
202400015390,2024-07-01,soirée,,,78,78643,2,1,1,4,3,Départementale,50.0,1
202400015391,2024-03-11,après-midi,,,64,64284,1,3,2,4,4,Voie communale,50.0,2
202400015392,2024-07-01,matin,,,76,76681,1,1,2,3,7,Autre,70.0,1
202400015393,2024-03-13,après-midi,,,63,63113,1,1,6,3,4,Voie communale,30.0,1
202400015394,2024-03-13,matin,,,63,63113,1,1,3,4,4,Voie communale,30.0,1
202400015395,2024-06-28,soirée,,,76,76351,1,1,6,4,4,Voie communale,50.0,1
202400015396,2024-03-12,matin,,,49,49007,1,1,2,4,4,Voie communale,30.0,1
202400015397,2024-03-12,soirée,,,49,49007,5,1,6,4,4,Voie communale,50.0,1
202400015398,2024-06-28,après-midi,,,76,76351,1,1,6,4,4,Voie communale,50.0,1
202400015399,2024-03-13,matin,,,45,45285,1,1,6,3,7,Autre,50.0,1
202400015400,2024-06-30,soirée,,,72,72181,1,1,1,4,4,Voie communale,50.0,1
202400015401,2024-06-27,après-midi,,,71,71153,1,1,3,4,4,Voie communale,50.0,1
202400015402,2024-03-13,soirée,,,45,45068,5,1,3,4,3,Départementale,50.0,1
202400015403,2024-07-01,soirée,,,69,69266,1,1,2,4,4,Voie communale,30.0,1
202400015404,2024-03-13,après-midi,,,44,44109,1,1,1,4,4,Voie communale,30.0,1
202400015405,2024-06-27,matin,,,69,69286,1,1,6,4,4,Voie communale,50.0,1
202400015406,2024-03-13,après-midi,,,43,43041,1,1,3,4,3,Départementale,50.0,1
202400015407,2024-03-13,soirée,,,42,42127,3,1,2,4,3,Départementale,50.0,1
202400015408,2024-07-01,soirée,,,69,69290,2,1,3,4,4,Voie communale,70.0,1
202400015409,2024-03-10,après-midi,,,38,38318,1,1,6,4,4,Voie communale,50.0,1
202400015410,2024-06-30,après-midi,,,64,64445,1,8,3,4,4,Voie communale,,1
202400015411,2024-03-12,matin,,,35,35281,1,2,6,3,4,Voie communale,50.0,2
202400015412,2024-06-29,soirée,,,60,60175,1,1,7,4,4,Voie communale,30.0,1
202400015413,2024-03-13,soirée,,,33,33069,1,1,3,4,4,Voie communale,30.0,1
202400015414,2024-06-22,nuit,,,59,59350,5,1,6,4,4,Voie communale,30.0,1
202400015415,2024-03-13,matin,,,33,33069,1,1,3,4,4,Voie communale,50.0,1
202400015416,2024-06-30,matin,,,57,57508,1,1,6,3,3,Départementale,30.0,1
202400015417,2024-03-13,après-midi,,,31,31555,1,1,4,4,7,Autre,90.0,1
202400015418,2024-06-29,après-midi,,,57,57672,1,1,5,4,4,Voie communale,50.0,1
202400015419,2024-03-13,matin,,,31,31069,1,1,3,2,4,Voie communale,30.0,1
202400015420,2024-07-01,après-midi,,,56,56098,1,1,6,3,3,Départementale,50.0,1
202400015421,2024-03-07,après-midi,,,31,31555,1,1,3,4,7,Autre,50.0,1
202400015422,2024-06-22,soirée,,,52,52534,1,1,1,4,3,Départementale,50.0,1
202400015423,2024-03-13,après-midi,,,29,29232,1,1,3,4,4,Voie communale,50.0,1
202400015424,2024-06-30,matin,,,51,51055,1,1,3,4,4,Voie communale,30.0,1
202400015425,2024-03-13,matin,,,27,27681,1,1,3,4,3,Départementale,50.0,1
202400015426,2024-06-28,après-midi,,,50,50129,1,1,4,4,4,Voie communale,50.0,1
202400015427,2024-03-13,après-midi,,,18,18213,1,1,7,3,2,Nationale,50.0,1
202400015428,2024-07-01,matin,,,49,49099,1,1,6,3,4,Voie communale,50.0,1
202400015429,2024-03-12,soirée,,,14,14333,5,1,7,4,4,Voie communale,30.0,1
202400015430,2024-03-13,nuit,,,13,13208,5,1,1,3,4,Voie communale,50.0,1
202400015431,2024-07-01,matin,,,45,45234,1,1,2,4,4,Voie communale,30.0,1
202400015432,2024-03-13,après-midi,,,13,13005,1,1,3,3,4,Voie communale,50.0,1
202400015433,2024-06-29,après-midi,,,40,40192,1,1,5,4,3,Départementale,80.0,1
202400015434,2024-03-13,après-midi,,,11,11069,1,1,3,4,4,Voie communale,50.0,1
202400015435,2024-06-29,nuit,,,38,38185,5,1,6,3,4,Voie communale,50.0,1
202400015436,2024-03-10,soirée,,,10,10387,5,1,7,4,4,Voie communale,50.0,1
202400015437,2024-03-10,soirée,,,07,07019,2,4,1,4,3,Départementale,90.0,4
202400015438,2024-07-01,matin,,,34,34129,2,1,2,4,7,Autre,50.0,1
202400015439,2024-03-13,après-midi,,,06,06088,1,1,6,3,7,Autre,50.0,1
202400015440,2024-06-30,nuit,,,34,34172,5,1,1,4,4,Voie communale,30.0,1
202400015441,2024-03-13,matin,,,06,06088,1,1,6,3,4,Voie communale,15.0,1
202400015442,2024-03-13,matin,,,75,75112,1,1,3,4,4,Voie communale,70.0,1
202400015443,2024-07-01,soirée,,,33,33063,1,8,3,3,4,Voie communale,,1
202400015444,2024-03-11,après-midi,,,75,75117,1,2,2,4,4,Voie communale,70.0,2
202400015445,2024-06-30,nuit,,,33,33063,5,1,3,4,4,Voie communale,30.0,1
202400015446,2024-03-13,matin,,,75,75108,1,1,3,3,4,Voie communale,30.0,1
202400015447,2024-06-30,après-midi,,,33,33069,1,1,3,4,4,Voie communale,50.0,1
202400015448,2024-03-12,soirée,,,75,75107,1,8,3,3,4,Voie communale,30.0,1
202400015449,2024-06-28,après-midi,,,30,30189,1,1,5,3,4,Voie communale,50.0,1
202400015450,2024-03-12,soirée,,,75,75105,1,1,3,4,4,Voie communale,30.0,1
202400015451,2024-06-29,nuit,,,28,28404,1,1,6,4,3,Départementale,50.0,1
202400015452,2024-03-13,après-midi,,,75,75118,1,1,6,4,4,Voie communale,30.0,1
202400015453,2024-07-01,après-midi,,,27,27229,1,1,6,4,4,Voie communale,30.0,1
202400015454,2024-03-13,après-midi,,,75,75118,1,1,2,4,4,Voie communale,30.0,1
202400015455,2024-06-30,nuit,,,27,27229,5,1,1,4,4,Voie communale,50.0,1
202400015456,2024-03-12,après-midi,,,75,75115,1,2,3,3,4,Voie communale,50.0,2
202400015457,2024-07-01,soirée,,,26,26362,1,1,3,4,4,Voie communale,50.0,1
202400015458,2024-07-01,matin,,,14,14333,1,1,2,4,4,Voie communale,50.0,1
202400015459,2024-07-01,soirée,,,13,13106,1,1,1,4,4,Voie communale,30.0,1
202400015460,2024-07-01,matin,,,13,13106,1,1,1,4,6,Autre,30.0,1
202400015461,2024-07-01,soirée,,,13,13213,1,1,6,4,4,Voie communale,50.0,1
202400015462,2024-07-01,matin,,,13,13203,1,1,3,4,4,Voie communale,50.0,1
202400015463,2024-07-01,soirée,,,13,13047,1,1,3,4,2,Nationale,80.0,1
202400015464,2024-06-22,nuit,,,11,11262,3,1,6,4,4,Voie communale,50.0,1
202400015465,2024-06-28,matin,,,02,02243,1,1,2,2,4,Voie communale,50.0,1
202400015466,2024-06-30,nuit,,,75,75115,1,1,2,4,4,Voie communale,70.0,1
202400015467,2024-07-01,soirée,,,75,75105,1,1,3,4,4,Voie communale,30.0,1
202400015468,2024-07-01,après-midi,,,75,75105,1,1,1,4,4,Voie communale,30.0,1
202400015469,2024-07-01,matin,,,75,75105,1,1,3,4,4,Voie communale,30.0,1
202400015470,2024-07-01,nuit,,,75,75119,5,1,3,4,4,Voie communale,30.0,1
202400015471,2024-07-01,soirée,,,75,75119,1,1,6,4,4,Voie communale,30.0,1
202400015472,2024-07-01,après-midi,,,75,75119,1,1,7,4,4,Voie communale,30.0,1
202400015473,2024-07-01,nuit,,,75,75117,5,1,7,4,4,Voie communale,30.0,1
202400015474,2024-08-24,soirée,,,57,57041,3,3,2,3,1,Autoroute,110.0,2
202400015475,2024-11-18,nuit,,,987,98735,1,1,2,3,4,Voie communale,60.0,1
202400015476,2024-07-01,après-midi,,,75,75114,1,1,3,4,4,Voie communale,50.0,1
202400015477,2024-11-21,nuit,,,974,97416,3,3,2,2,2,Nationale,110.0,2
202400015478,2024-07-01,soirée,,,75,75111,1,1,3,4,4,Voie communale,30.0,1
202400015479,2024-11-21,après-midi,,,974,97416,1,3,6,4,2,Nationale,90.0,2
202400015480,2024-07-01,matin,,,75,75111,1,1,3,4,4,Voie communale,30.0,1
202400015481,2024-11-21,soirée,,,974,97411,5,1,3,4,2,Nationale,50.0,1
202400015482,2024-07-01,après-midi,,,75,75104,1,8,3,4,4,Voie communale,30.0,1
202400015483,2024-11-21,après-midi,,,974,97411,1,1,2,3,2,Nationale,70.0,9
202400015484,2024-06-30,soirée,,,75,75101,5,1,1,4,4,Voie communale,30.0,1
202400015485,2024-11-21,après-midi,,,972,97213,1,2,3,4,9,Autre,50.0,2
202400015486,2024-11-21,après-midi,,,69,69385,1,2,3,4,4,Voie communale,30.0,2
202400015487,2024-07-01,soirée,,,94,94078,2,1,5,4,3,Départementale,50.0,1
202400015488,2024-11-20,après-midi,,,69,69384,1,1,6,3,4,Voie communale,30.0,1
202400015489,2024-11-21,matin,,,971,97101,1,1,7,4,3,Départementale,50.0,1
202400015490,2024-11-21,nuit,,,2A,2A004,5,6,6,3,2,Nationale,50.0,1
202400015491,2024-11-20,matin,,,95,95607,1,1,6,4,3,Départementale,30.0,1
202400015492,2024-11-21,après-midi,,,91,91514,5,4,1,4,3,Départementale,50.0,5
202400015493,2024-11-20,matin,,,91,91114,4,9,6,4,3,Départementale,30.0,2
202400015494,2024-11-21,après-midi,,,87,87085,1,3,6,4,3,Départementale,50.0,2
202400015495,2024-11-21,matin,,,87,87085,1,2,4,4,4,Voie communale,50.0,2
202400015496,2024-11-20,après-midi,,,84,84007,1,1,2,4,4,Voie communale,50.0,1
202400015497,2024-11-21,matin,,,83,83069,1,1,6,4,4,Voie communale,50.0,1
202400015498,2024-11-21,nuit,,,80,80725,3,9,7,4,4,Voie communale,50.0,7
202400015499,2024-11-21,soirée,,,77,77462,3,4,6,3,2,Nationale,90.0,7
202400015500,2024-11-20,nuit,,,77,77307,5,1,1,4,3,Départementale,50.0,1
202400015501,2024-11-20,soirée,,,77,77464,5,1,6,4,4,Voie communale,20.0,1
202400015502,2024-11-20,matin,,,76,76305,1,1,3,3,4,Voie communale,50.0,1
202400015503,2024-11-21,matin,,,72,72181,1,4,2,4,4,Voie communale,70.0,2
202400015504,2024-11-21,après-midi,,,69,69092,1,2,6,4,3,Départementale,50.0,2
202400015505,2024-11-20,matin,,,69,69290,1,3,3,4,7,Autre,50.0,2
202400015506,2024-11-21,soirée,,,68,68224,5,4,6,3,4,Voie communale,50.0,5
202400015507,2024-11-21,soirée,,,66,66136,5,1,6,4,4,Voie communale,30.0,1
202400015508,2024-11-21,matin,,,66,66136,1,1,3,4,4,Voie communale,50.0,1
202400015509,2024-11-21,matin,,,66,66136,2,2,3,4,4,Voie communale,30.0,2
202400015510,2024-11-20,soirée,,,64,64269,5,2,6,3,4,Voie communale,50.0,2
202400015511,2024-11-20,soirée,,,64,64024,5,3,4,4,4,Voie communale,50.0,2
202400015512,2024-11-21,soirée,,,63,63113,3,6,6,4,7,Autre,80.0,1
202400015513,2024-11-21,matin,,,63,63075,1,2,6,4,4,Voie communale,50.0,2
202400015514,2024-11-20,après-midi,,,61,61006,1,1,1,4,3,Départementale,50.0,1
202400015515,2024-11-21,matin,,,59,59339,1,1,6,4,4,Voie communale,30.0,1
202400015516,2024-11-20,après-midi,,,59,59560,1,1,6,4,7,Autre,50.0,1
202400015517,2024-11-20,après-midi,,,58,58194,5,1,3,3,4,Voie communale,50.0,1
202400015518,2024-11-20,matin,,,57,57491,1,7,6,3,3,Départementale,30.0,1
202400015519,2024-11-17,soirée,,,56,56162,3,1,5,4,3,Départementale,80.0,1
202400015520,2024-11-19,soirée,,,49,49328,5,1,2,3,4,Voie communale,50.0,1
202400015521,2024-11-20,soirée,,,49,49007,2,2,1,4,4,Voie communale,50.0,2
202400015522,2024-11-20,après-midi,,,47,47001,1,2,2,4,3,Départementale,50.0,2
202400015523,2024-11-20,après-midi,,,46,46042,5,3,3,4,3,Départementale,50.0,2
202400015524,2024-11-21,après-midi,,,45,45169,1,2,3,4,4,Voie communale,50.0,2
202400015525,2024-11-21,soirée,,,45,45208,5,4,6,4,3,Départementale,50.0,5
202400015526,2024-11-17,soirée,,,44,44172,3,1,4,4,2,Nationale,80.0,1
202400015527,2024-11-20,après-midi,,,42,42270,2,2,1,3,7,Autre,70.0,2
202400015528,2024-11-21,après-midi,,,38,38151,3,8,6,4,4,Voie communale,30.0,2
202400015529,2024-11-21,matin,,,37,37261,1,4,6,2,4,Voie communale,50.0,2
202400015530,2024-11-21,matin,,,37,37261,1,4,7,4,7,Autre,50.0,5
202400015531,2024-11-21,matin,,,37,37261,2,4,6,4,4,Voie communale,30.0,2
202400015532,2024-11-20,après-midi,,,35,35238,1,1,6,2,4,Voie communale,50.0,1
202400015533,2024-11-21,après-midi,,,34,34172,1,2,1,3,4,Voie communale,30.0,2
202400015534,2024-11-20,après-midi,,,34,34172,1,1,1,3,4,Voie communale,50.0,1
202400015535,2024-11-21,après-midi,,,32,32013,1,8,6,4,4,Voie communale,50.0,1
202400015536,2024-11-21,après-midi,,,31,31149,1,1,3,4,4,Voie communale,50.0,1
202400015537,2024-11-20,soirée,,,29,29232,5,1,2,4,4,Voie communale,50.0,1
202400015538,2024-11-21,matin,,,29,29232,4,3,6,3,4,Voie communale,50.0,2
202400015539,2024-11-21,nuit,,,29,29019,5,6,3,4,3,Départementale,50.0,2
202400015540,2024-11-20,soirée,,,29,29019,5,1,6,4,4,Voie communale,50.0,1
202400015541,2024-11-21,matin,,,27,27681,1,4,6,4,4,Voie communale,30.0,2
202400015542,2024-11-21,matin,,,15,15014,1,3,3,4,3,Départementale,50.0,2
202400015543,2024-11-21,après-midi,,,13,13202,5,2,3,4,9,Autre,50.0,2
202400015544,2024-11-20,après-midi,,,10,10333,1,1,6,4,4,Voie communale,50.0,1
202400015545,2024-11-20,matin,,,10,10387,1,1,6,4,4,Voie communale,50.0,1
202400015546,2024-11-20,matin,,,10,10321,1,7,6,4,4,Voie communale,50.0,2
202400015547,2024-11-21,matin,,,07,07281,2,1,3,4,4,Voie communale,50.0,1
202400015548,2024-11-21,matin,,,06,06069,1,1,6,4,3,Départementale,50.0,1
202400015549,2024-11-21,soirée,,,75,75105,5,4,6,4,4,Voie communale,,2
202400015550,2024-11-21,matin,,,75,75119,1,4,6,4,4,Voie communale,30.0,2
202400015551,2024-11-21,après-midi,,,75,75116,4,4,6,4,4,Voie communale,30.0,5
202400015552,2024-11-21,matin,,,75,75116,1,4,6,4,4,Voie communale,30.0,2
202400015553,2024-11-21,nuit,,,75,75117,5,1,2,4,4,Voie communale,50.0,1
202400015554,2024-11-20,soirée,,,75,75115,5,2,6,3,4,Voie communale,30.0,2
202400015555,2024-11-21,matin,,,75,75113,1,4,6,3,4,Voie communale,30.0,2
202400015556,2024-11-21,nuit,,,75,75112,5,1,1,4,4,Voie communale,30.0,1
202400015557,2024-11-21,matin,,,75,75109,1,1,3,4,4,Voie communale,30.0,1
202400015558,2024-11-20,après-midi,,,75,75109,5,1,3,4,4,Voie communale,30.0,1
202400015559,2024-11-21,soirée,,,75,75103,5,8,6,4,4,Voie communale,,1
202400015560,2024-11-21,nuit,,,75,75102,5,1,7,4,4,Voie communale,,1
202400015561,2024-11-21,après-midi,,,94,94080,5,4,6,4,3,Départementale,30.0,5
202400015562,2024-11-20,après-midi,,,94,94046,1,1,3,4,4,Voie communale,50.0,1
202400015563,2024-11-21,matin,,,94,94033,1,4,6,4,4,Voie communale,50.0,2
202400015564,2024-11-20,matin,,,94,94079,1,1,1,2,4,Voie communale,50.0,9
202400015565,2024-11-21,après-midi,,,77,77291,1,4,2,4,4,Voie communale,50.0,5
202400015566,2024-11-21,soirée,,,93,93062,5,9,2,4,3,Départementale,50.0,2
202400015567,2024-11-21,matin,,,93,93062,1,4,2,4,4,Voie communale,50.0,2
202400015568,2024-11-21,après-midi,,,93,93064,5,4,6,4,4,Voie communale,30.0,5
202400015569,2024-11-21,matin,,,93,93008,1,4,3,4,3,Départementale,50.0,2
202400015570,2024-11-21,matin,,,93,93005,1,1,6,4,3,Départementale,50.0,1
202400015571,2024-11-21,nuit,,,92,92046,5,1,3,4,3,Départementale,30.0,1
202400015572,2024-11-21,matin,,,92,92062,5,1,3,4,3,Départementale,20.0,1
202400015573,2024-11-21,matin,,,92,92040,2,4,2,4,3,Départementale,30.0,5
202400015574,2024-11-21,matin,,,92,92025,2,8,6,4,3,Départementale,50.0,1
202400015575,2024-11-20,soirée,,,92,92023,5,2,3,4,4,Voie communale,30.0,2
202400015576,2024-11-21,après-midi,,,92,92012,1,4,3,4,4,Voie communale,50.0,2
202400015577,2024-11-21,après-midi,,,92,92014,1,4,3,4,3,Départementale,50.0,5
202400015578,2024-11-20,soirée,,,26,26077,3,1,3,3,3,Départementale,80.0,1
202400015579,2024-11-18,après-midi,,,83,83136,2,1,6,4,3,Départementale,70.0,1
202400015580,2024-11-20,soirée,,,06,06149,5,1,3,4,7,Autre,30.0,1
202400015581,2024-11-21,après-midi,,,02,02776,1,1,7,4,1,Autoroute,130.0,1
202400015582,2024-11-21,soirée,,,972,97221,3,1,3,4,3,Départementale,70.0,1
202400015583,2024-11-21,après-midi,,,63,63035,1,3,7,3,3,Départementale,90.0,2
202400015584,2024-11-21,soirée,,,38,38194,3,8,2,3,3,Départementale,80.0,2
202400015585,2024-11-21,nuit,,,06,06025,3,1,6,4,7,Autre,80.0,1
202400015586,2024-11-19,après-midi,,,79,79136,1,5,7,3,3,Départementale,80.0,1
202400015587,2024-11-21,après-midi,,,21,21478,1,4,5,3,3,Départementale,80.0,5
202400015588,2024-11-21,soirée,,,77,77240,3,8,1,4,3,Départementale,80.0,2
202400015589,2024-11-21,soirée,,,51,51569,3,1,1,4,4,Voie communale,70.0,2
202400015590,2024-11-22,soirée,,,51,51303,3,1,7,4,3,Départementale,50.0,2
202400015591,2024-11-22,soirée,,,56,56117,3,1,6,4,4,Voie communale,50.0,1
202400015592,2024-11-21,après-midi,,,76,76240,1,4,6,3,3,Départementale,80.0,5
202400015593,2024-11-21,soirée,,,82,82037,5,6,6,3,3,Départementale,50.0,2
202400015594,2024-11-14,soirée,,,33,33138,5,1,4,4,3,Départementale,80.0,1
202400015595,2024-11-21,soirée,,,11,11397,5,2,6,3,3,Départementale,50.0,2
202400015596,2024-11-22,matin,,,49,49003,2,1,6,2,3,Départementale,50.0,1
202400015597,2024-11-21,après-midi,,,68,68374,3,4,3,3,3,Départementale,80.0,5
202400015598,2024-11-19,après-midi,,,44,44069,5,3,3,4,3,Départementale,50.0,2
202400015599,2024-11-21,matin,,,44,44058,2,2,6,3,3,Départementale,80.0,7
202400015600,2024-11-21,après-midi,,,29,29072,2,7,3,4,3,Départementale,50.0,1
202400015601,2024-11-21,matin,,,01,01134,1,8,6,2,3,Départementale,80.0,2
202400015602,2024-11-21,après-midi,,,06,06079,1,1,6,4,3,Départementale,50.0,1
202400015603,2024-11-20,nuit,,,90,90009,3,1,6,4,3,Départementale,70.0,2
202400015604,2024-11-22,après-midi,,,60,60068,1,1,6,4,3,Départementale,30.0,2
202400015605,2024-01-28,après-midi,,,73,73184,1,1,2,4,3,Départementale,80.0,1
202400015606,2024-11-21,soirée,,,36,36016,3,6,6,3,3,Départementale,80.0,2
202400015607,2024-11-21,après-midi,,,53,53162,1,4,1,4,3,Départementale,80.0,5
202400015608,2024-04-20,nuit,,,92,92012,5,1,2,4,4,Voie communale,30.0,1
202400015609,2024-11-22,matin,,,85,85084,5,8,6,3,4,Voie communale,50.0,7
202400015610,2024-04-20,après-midi,,,92,92007,1,1,6,4,3,Départementale,50.0,1
202400015611,2024-11-21,soirée,,,87,87057,3,6,6,3,3,Départementale,80.0,2
202400015612,2024-04-20,après-midi,,,92,92004,1,1,3,4,4,Voie communale,50.0,1
202400015613,2024-11-21,après-midi,,,30,30249,2,1,6,3,3,Départementale,80.0,1
202400015614,2024-04-20,après-midi,,,34,34322,1,1,5,4,3,Départementale,70.0,1
202400015615,2024-11-21,soirée,,,10,10003,3,4,6,4,1,Autoroute,130.0,5
202400015616,2024-04-21,après-midi,,,22,22209,1,1,7,3,4,Voie communale,50.0,1
202400015617,2024-04-18,matin,,,36,36228,1,1,3,3,3,Départementale,70.0,1
202400015618,2024-11-22,après-midi,,,76,76305,1,4,3,3,1,Autoroute,130.0,5
202400015619,2024-04-20,nuit,,,988,98810,3,1,7,3,4,Voie communale,50.0,9
202400015620,2024-04-21,après-midi,,,28,28196,1,1,6,4,1,Autoroute,130.0,1
202400015621,2024-11-22,matin,,,06,06084,1,1,3,3,3,Départementale,50.0,1