Num_Acc,date,time_of_day,lat,long,dep,com,lum,atm,col,severity_index,catr,catr_label,vma,surf
202400015622,2024-04-21,nuit,,,974,97422,3,1,6,3,3,Départementale,50.0,1
202400015623,2024-11-22,soirée,,,69,69102,3,8,3,4,1,Autoroute,110.0,2
202400015624,2024-04-21,nuit,,,974,97412,4,1,6,2,2,Nationale,50.0,1
202400015625,2024-11-19,matin,,,987,98715,1,1,3,4,2,Nationale,50.0,1
202400015626,2024-04-21,matin,,,64,64396,1,1,3,3,9,Autre,50.0,1
202400015627,2024-04-20,après-midi,,,86,86236,1,1,7,3,3,Départementale,80.0,1
202400015628,2024-11-22,matin,,,06,06155,3,1,5,4,1,Autoroute,110.0,1
202400015629,2024-04-20,soirée,,,86,86165,1,1,6,3,3,Départementale,50.0,1
202400015630,2024-11-21,soirée,,,21,21347,3,8,4,4,1,Autoroute,130.0,7
202400015631,2024-04-21,après-midi,,,71,71303,1,7,5,4,3,Départementale,80.0,1
202400015632,2024-04-20,après-midi,,,62,62390,1,1,3,3,3,Départementale,50.0,1
202400015633,2024-11-22,nuit,,,45,45169,3,4,3,3,1,Autoroute,130.0,7
202400015634,2024-11-22,nuit,,,45,45062,3,4,4,4,1,Autoroute,130.0,7
202400015635,2024-04-20,après-midi,,,44,44217,1,1,4,4,2,Nationale,110.0,1
202400015636,2024-11-21,soirée,,,971,97103,5,1,3,3,2,Nationale,90.0,1
202400015637,2024-04-20,après-midi,,,32,32123,1,1,1,2,3,Départementale,80.0,1
202400015638,2024-11-22,soirée,,,60,60631,3,8,6,4,1,Autoroute,130.0,2
202400015639,2024-04-21,après-midi,,,11,11436,1,1,6,2,3,Départementale,,1
202400015640,2024-11-17,nuit,,,62,62829,3,2,2,4,1,Autoroute,130.0,2
202400015641,2024-04-20,soirée,,,11,11116,1,1,6,4,4,Voie communale,80.0,9
202400015642,2024-11-21,soirée,,,987,98724,3,1,7,3,2,Nationale,60.0,1
202400015643,2024-04-11,après-midi,,,71,71064,1,1,1,4,3,Départementale,90.0,1
202400015644,2024-04-20,nuit,,,89,89446,3,1,7,3,3,Départementale,50.0,1
202400015645,2024-11-22,après-midi,,,55,55184,1,4,6,4,3,Départementale,90.0,2
202400015646,2024-04-20,nuit,,,55,55502,3,1,7,2,3,Départementale,50.0,1
202400015647,2024-11-22,après-midi,,,54,54432,5,1,6,4,3,Départementale,50.0,2
202400015648,2024-03-24,nuit,,,41,41185,3,1,7,3,3,Départementale,90.0,1
202400015649,2024-11-21,matin,,,73,73329,1,8,1,4,3,Départementale,70.0,1
202400015650,2024-04-20,soirée,,,86,86293,1,1,7,3,3,Départementale,80.0,1
202400015651,2024-11-21,matin,,,27,27279,1,4,6,3,6,Autre,30.0,5
202400015652,2024-04-20,après-midi,,,34,34228,1,1,7,3,3,Départementale,90.0,1
202400015653,2024-11-22,après-midi,,,02,02495,1,4,7,3,3,Départementale,50.0,2
202400015654,2024-04-21,matin,,,39,39013,1,2,6,4,2,Nationale,80.0,2
202400015655,2024-11-18,matin,,,59,59412,1,2,7,3,3,Départementale,50.0,2
202400015656,2024-11-22,après-midi,,,59,59523,1,1,6,4,7,Autre,30.0,1
202400015657,2024-04-21,nuit,,,39,39327,3,8,6,2,3,Départementale,90.0,2
202400015658,2024-11-21,soirée,,,83,83090,3,8,2,4,1,Autoroute,110.0,2
202400015659,2024-04-21,matin,,,25,25524,1,2,1,4,3,Départementale,90.0,2
202400015660,2024-11-20,après-midi,,,78,78423,1,1,2,4,1,Autoroute,90.0,1
202400015661,2024-04-19,matin,,,38,38511,1,1,6,3,4,Voie communale,50.0,1
202400015662,2024-11-20,matin,,,78,78118,5,1,4,4,1,Autoroute,70.0,2
202400015663,2024-04-19,après-midi,,,03,03052,1,1,2,4,3,Départementale,90.0,1
202400015664,2024-11-20,matin,,,78,78490,1,8,3,4,2,Nationale,110.0,2
202400015665,2024-04-20,après-midi,,,01,01243,1,1,6,3,3,Départementale,80.0,1
202400015666,2024-11-21,après-midi,,,93,93064,3,4,2,4,1,Autoroute,90.0,2
202400015667,2024-04-20,nuit,,,64,64221,3,1,1,4,3,Départementale,70.0,1
202400015668,2024-11-21,matin,,,93,93066,1,1,3,4,1,Autoroute,90.0,1
202400015669,2024-11-20,nuit,,,93,93078,3,1,6,4,1,Autoroute,90.0,2
202400015670,2024-04-20,nuit,,,21,21713,5,8,6,4,3,Départementale,50.0,1
202400015671,2024-04-20,après-midi,,,85,85026,1,1,2,3,3,Départementale,80.0,1
202400015672,2024-11-20,matin,,,93,93078,3,1,5,4,1,Autoroute,90.0,2
202400015673,2024-04-16,après-midi,,,17,17022,1,1,3,3,3,Départementale,90.0,1
202400015674,2024-11-19,matin,,,95,95018,1,2,2,4,1,Autoroute,110.0,2
202400015675,2024-11-18,après-midi,,,93,93007,3,2,2,4,1,Autoroute,110.0,2
202400015676,2024-04-21,matin,,,08,08419,1,1,1,3,3,Départementale,80.0,1
202400015677,2024-11-18,matin,,,95,95582,1,2,3,4,3,Départementale,90.0,2
202400015678,2024-04-21,matin,,,974,97413,1,1,1,3,2,Nationale,80.0,1
202400015679,2024-11-18,matin,,,95,95277,1,2,4,4,1,Autoroute,90.0,2
202400015680,2024-04-20,nuit,,,34,34159,3,1,1,4,3,Départementale,50.0,1
202400015681,2024-04-18,après-midi,,,35,35275,1,1,5,4,7,Autre,70.0,1
202400015682,2024-11-20,soirée,,,77,77146,3,1,4,4,1,Autoroute,110.0,1
202400015683,2024-04-20,nuit,,,45,45154,3,8,7,3,1,Autoroute,130.0,1
202400015684,2024-08-09,après-midi,,,34,34172,1,1,7,2,4,Voie communale,,1
202400015685,2024-04-21,nuit,,,78,78537,5,1,6,3,1,Autoroute,90.0,1
202400015686,2024-07-22,matin,,,14,14118,1,1,3,4,4,Voie communale,50.0,1
202400015687,2024-04-20,après-midi,,,34,34213,1,1,2,3,3,Départementale,90.0,1
202400015688,2024-06-25,matin,,,84,84133,1,1,3,4,3,Départementale,50.0,1
202400015689,2024-04-20,après-midi,,,83,83023,1,1,3,3,4,Voie communale,50.0,1
202400015690,2024-07-31,matin,,,84,84080,1,1,3,3,4,Voie communale,50.0,1
202400015691,2024-07-18,après-midi,,,84,84081,1,1,3,3,4,Voie communale,50.0,1
202400015692,2024-04-14,après-midi,,,13,13041,1,1,1,4,3,Départementale,50.0,1
202400015693,2024-04-21,nuit,,,26,26058,3,1,7,3,1,Autoroute,130.0,1
202400015694,2024-07-18,après-midi,,,84,84031,1,1,3,4,4,Voie communale,50.0,1
202400015695,2024-04-20,nuit,,,35,35292,3,1,6,2,3,Départementale,80.0,1
202400015696,2024-04-21,matin,,,60,60469,1,1,7,3,3,Départementale,80.0,1
202400015697,2024-07-02,après-midi,,,84,84142,1,1,3,3,3,Départementale,80.0,1
202400015698,2024-09-18,après-midi,,,74,74010,1,7,3,4,4,Voie communale,50.0,1
202400015699,2024-08-31,nuit,,,74,74281,3,1,6,4,4,Voie communale,50.0,1
202400015700,2024-08-26,nuit,,,74,74119,5,1,7,3,4,Voie communale,50.0,1
202400015701,2024-08-24,nuit,,,74,74281,3,1,7,2,3,Départementale,80.0,1
202400015702,2024-04-20,matin,,,91,91161,1,1,4,4,1,Autoroute,110.0,1
202400015703,2024-09-01,soirée,,,57,57058,1,1,6,4,4,Voie communale,50.0,1
202400015704,2024-04-20,matin,,,91,91617,1,1,2,4,2,Nationale,110.0,1
202400015705,2024-06-19,matin,,,73,73285,1,1,6,4,3,Départementale,80.0,9
202400015706,2024-04-20,nuit,,,93,93078,3,2,6,4,1,Autoroute,90.0,2
202400015707,2024-04-19,soirée,,,94,94052,5,1,6,4,1,Autoroute,70.0,1
202400015708,2024-11-20,après-midi,,,974,97416,1,1,3,4,4,Voie communale,50.0,1
202400015709,2024-02-19,matin,,,72,72181,2,2,2,4,4,Voie communale,70.0,2
202400015710,2024-11-20,matin,,,974,97411,1,1,7,4,2,Nationale,70.0,1
202400015711,2024-02-19,matin,,,72,72181,2,2,3,4,4,Voie communale,50.0,2
202400015712,2024-11-21,nuit,,,974,97407,5,1,6,4,2,Nationale,50.0,1
202400015713,2024-11-20,soirée,,,974,97407,1,1,7,4,2,Nationale,90.0,1
202400015714,2024-02-19,matin,,,54,54257,1,1,3,3,4,Voie communale,50.0,2
202400015715,2024-11-20,soirée,,,973,97302,2,1,3,4,3,Départementale,50.0,1
202400015716,2024-02-19,soirée,,,49,49353,5,1,3,4,4,Voie communale,50.0,1
202400015717,2024-11-20,matin,,,973,97302,1,1,3,4,3,Départementale,50.0,1
202400015718,2024-02-19,soirée,,,49,49007,1,1,3,4,4,Voie communale,30.0,1
202400015719,2024-11-20,matin,,,973,97302,1,1,3,4,4,Voie communale,50.0,1
202400015720,2024-02-19,matin,,,29,29019,1,1,6,4,4,Voie communale,50.0,1
202400015721,2024-02-19,après-midi,,,06,06069,1,1,6,4,3,Départementale,30.0,1
202400015722,2024-11-20,matin,,,973,97302,1,1,6,4,4,Voie communale,30.0,1
202400015723,2024-11-19,après-midi,,,973,97302,1,1,3,4,4,Voie communale,50.0,1
202400015724,2024-11-19,après-midi,,,973,97302,1,1,2,4,3,Départementale,50.0,1
202400015725,2024-02-18,après-midi,,,06,06069,1,1,6,4,6,Autre,30.0,1
202400015726,2024-11-19,matin,,,973,97302,1,1,7,4,4,Voie communale,50.0,1
202400015727,2024-11-19,matin,,,973,97302,1,1,3,4,3,Départementale,50.0,1
202400015728,2024-11-20,matin,,,972,97213,1,8,2,4,3,Départementale,50.0,1
202400015729,2024-02-18,matin,,,06,06069,5,1,6,4,4,Voie communale,50.0,1
202400015730,2024-11-19,soirée,,,972,97209,5,1,3,4,1,Autoroute,90.0,1
202400015731,2024-11-20,soirée,,,95,95219,5,2,6,4,3,Départementale,30.0,2
202400015732,2024-11-20,matin,,,95,95598,1,1,3,4,3,Départementale,50.0,1
202400015733,2024-02-15,soirée,,,75,75116,3,1,1,4,4,Voie communale,50.0,1
202400015734,2024-11-19,après-midi,,,95,95428,1,2,3,4,3,Départementale,50.0,2
202400015735,2024-11-18,soirée,,,95,95500,5,2,6,4,3,Départementale,30.0,2
202400015736,2024-04-19,matin,,,988,98818,1,8,2,4,4,Voie communale,50.0,1
202400015737,2024-04-19,matin,,,987,98735,1,1,3,4,4,Voie communale,50.0,1
202400015738,2024-04-19,après-midi,,,974,97411,1,1,2,4,4,Voie communale,30.0,1
202400015739,2024-04-19,soirée,,,974,97409,3,3,5,4,2,Nationale,90.0,2
202400015740,2024-04-08,soirée,,,973,97302,5,2,2,4,3,Départementale,50.0,2
202400015741,2024-04-08,après-midi,,,973,97302,1,1,6,4,4,Voie communale,50.0,1
202400015742,2024-04-19,matin,,,973,97302,1,1,3,4,3,Départementale,50.0,1
202400015743,2024-04-19,soirée,,,69,69388,1,1,5,4,4,Voie communale,50.0,1
202400015744,2024-02-17,matin,,,69,69383,1,8,3,4,4,Voie communale,50.0,1
202400015745,2024-04-18,nuit,,,972,97213,5,1,6,4,3,Départementale,80.0,1
202400015746,2024-04-18,après-midi,,,972,97209,1,1,6,4,4,Voie communale,50.0,1
202400015747,2024-04-17,nuit,,,972,97209,5,1,3,4,4,Voie communale,50.0,1
202400015748,2024-04-19,soirée,,,69,69034,5,1,3,4,4,Voie communale,30.0,1
202400015749,2024-04-19,après-midi,,,2B,2B033,1,1,6,4,3,Départementale,50.0,1
202400015750,2024-04-18,nuit,,,91,91425,5,1,1,4,3,Départementale,50.0,1
202400015751,2024-04-19,nuit,,,91,91433,5,1,7,4,3,Départementale,30.0,1
202400015752,2024-04-18,après-midi,,,87,87085,1,1,7,4,4,Voie communale,30.0,1
202400015753,2024-04-16,soirée,,,87,87085,1,1,3,4,4,Voie communale,50.0,1
202400015754,2024-04-16,après-midi,,,87,87085,1,1,3,3,6,Autre,50.0,1
202400015755,2024-04-16,après-midi,,,87,87085,1,1,6,4,4,Voie communale,50.0,1
202400015756,2024-04-17,matin,,,83,83137,1,1,3,4,4,Voie communale,50.0,1
202400015757,2024-04-15,nuit,,,83,83118,5,6,6,3,3,Départementale,30.0,1
202400015758,2024-04-19,après-midi,,,82,82033,1,1,3,4,3,Départementale,80.0,1
202400015759,2024-04-19,après-midi,,,81,81065,1,1,6,4,6,Autre,30.0,1
202400015760,2024-01-22,soirée,,,78,78646,2,1,7,3,4,Voie communale,,1
202400015761,2024-04-19,après-midi,,,78,78650,1,1,6,4,3,Départementale,50.0,1
202400015762,2024-04-19,après-midi,,,78,78440,1,2,6,4,3,Départementale,50.0,2
202400015763,2024-04-19,après-midi,,,77,77058,1,1,3,4,4,Voie communale,30.0,1
202400015764,2024-04-19,soirée,,,76,76540,1,1,3,4,4,Voie communale,30.0,1
202400015765,2024-04-19,nuit,,,76,76351,5,1,3,4,4,Voie communale,50.0,1
202400015766,2024-04-19,matin,,,76,76565,1,1,3,4,3,Départementale,50.0,1
202400015767,2024-04-18,après-midi,,,72,72181,1,7,6,4,4,Voie communale,50.0,1
202400015768,2024-04-19,soirée,,,71,71076,5,1,3,4,3,Départementale,50.0,1
202400015769,2024-04-19,après-midi,,,69,69266,1,1,6,4,7,Autre,50.0,1
202400015770,2024-04-19,soirée,,,69,69290,3,1,1,4,7,Autre,50.0,1
202400015771,2024-04-18,soirée,,,69,69290,1,1,6,4,4,Voie communale,50.0,1
202400015772,2024-04-18,après-midi,,,67,67482,1,1,3,4,4,Voie communale,50.0,1
202400015773,2024-04-19,nuit,,,67,67180,3,1,7,3,3,Départementale,50.0,1
202400015774,2024-04-19,après-midi,,,66,66136,1,1,6,4,4,Voie communale,50.0,1
202400015775,2024-04-19,matin,,,66,66136,1,1,6,4,4,Voie communale,30.0,1
202400015776,2024-04-19,nuit,,,65,65226,4,1,4,4,3,Départementale,90.0,1
202400015777,2024-04-18,après-midi,,,64,64122,1,1,2,4,4,Voie communale,50.0,1
202400015778,2024-04-19,matin,,,63,63075,1,1,2,4,7,Autre,50.0,1
202400015779,2024-02-13,matin,,,62,62250,1,1,3,3,4,Voie communale,50.0,1
202400015780,2024-04-19,soirée,,,62,62193,2,7,3,4,3,Départementale,50.0,1
202400015781,2024-04-19,après-midi,,,62,62099,1,8,6,4,4,Voie communale,50.0,2
202400015782,2024-04-18,après-midi,,,60,60159,1,1,6,3,3,Départementale,80.0,1
202400015783,2024-12-26,matin,,,974,97411,1,1,6,4,3,Départementale,90.0,1
202400015784,2024-04-19,matin,,,59,59350,2,8,6,4,4,Voie communale,10.0,2
202400015785,2024-12-26,soirée,,,973,97302,3,2,6,4,3,Départementale,50.0,2
202400015786,2024-04-17,après-midi,,,58,58194,1,1,2,4,4,Voie communale,50.0,1
202400015787,2024-12-26,après-midi,,,69,69383,1,1,3,4,4,Voie communale,50.0,1
202400015788,2024-04-18,après-midi,,,56,56098,1,1,6,4,2,Nationale,90.0,1
202400015789,2024-12-25,après-midi,,,69,69202,2,1,3,4,4,Voie communale,30.0,1
202400015790,2024-04-19,après-midi,,,54,54526,1,3,4,4,7,Autre,50.0,2
202400015791,2024-12-25,soirée,,,91,91514,5,2,3,4,4,Voie communale,50.0,2
202400015792,2024-04-19,matin,,,54,54304,5,1,6,4,6,Autre,20.0,2
202400015793,2024-08-31,matin,,,16,16292,1,1,2,3,3,Départementale,50.0,1
202400015794,2024-12-25,après-midi,,,87,87085,1,1,7,4,4,Voie communale,30.0,1
202400015795,2024-04-18,après-midi,,,54,54482,1,1,6,4,4,Voie communale,30.0,1
202400015796,2024-09-11,après-midi,,,16,16206,1,9,7,4,3,Départementale,50.0,2
202400015797,2024-12-25,après-midi,,,86,86214,1,2,3,4,3,Départementale,50.0,2
202400015798,2024-04-18,après-midi,,,54,54395,1,1,6,4,4,Voie communale,50.0,1
202400015799,2024-12-26,matin,,,83,83137,1,1,2,4,4,Voie communale,50.0,1
202400015800,2024-04-18,après-midi,,,54,54395,1,1,3,4,4,Voie communale,30.0,1
202400015801,2024-09-11,matin,,,52,52227,1,3,1,3,3,Départementale,80.0,2
202400015802,2024-12-26,matin,,,82,82121,1,1,3,3,4,Voie communale,50.0,1
202400015803,2024-04-18,après-midi,,,54,54395,1,1,6,4,4,Voie communale,30.0,1
202400015804,2024-12-26,soirée,,,82,82033,2,1,6,4,3,Départementale,80.0,1
202400015805,2024-09-02,nuit,,,62,62360,3,1,6,2,3,Départementale,80.0,1
202400015806,2024-12-26,soirée,,,81,81004,5,1,7,4,4,Voie communale,50.0,1
202400015807,2024-04-19,matin,,,54,54280,1,2,3,4,4,Voie communale,30.0,2
202400015808,2024-12-26,après-midi,,,81,81004,1,1,6,3,4,Voie communale,50.0,1
202400015809,2024-12-26,après-midi,,,78,78481,1,1,1,4,3,Départementale,50.0,1
202400015810,2024-04-19,matin,,,50,50218,1,1,2,4,3,Départementale,50.0,1
202400015811,2024-09-10,après-midi,,,31,31033,1,1,3,4,3,Départementale,80.0,1
202400015812,2024-09-10,nuit,,,72,72363,3,1,6,4,1,Autoroute,130.0,1
202400015813,2024-12-24,après-midi,,,76,76351,1,2,6,4,4,Voie communale,50.0,2
202400015814,2024-04-18,soirée,,,49,49328,1,1,6,4,3,Départementale,110.0,1
202400015815,2024-12-26,nuit,,,72,72181,5,1,3,3,4,Voie communale,50.0,1
202400015816,2024-04-18,soirée,,,49,49007,1,1,3,4,4,Voie communale,30.0,1
202400015817,2024-12-26,soirée,,,69,69266,5,1,6,4,4,Voie communale,50.0,1
202400015818,2024-04-19,matin,,,47,47323,1,1,7,4,4,Voie communale,50.0,1
202400015819,2024-12-25,après-midi,,,66,66136,1,1,6,4,3,Départementale,50.0,1
202400015820,2024-04-19,après-midi,,,43,43041,1,1,3,4,3,Départementale,50.0,1
202400015821,2024-12-25,après-midi,,,66,66136,1,1,6,4,3,Départementale,50.0,1
202400015822,2024-12-26,matin,,,62,62193,2,2,2,4,4,Voie communale,50.0,2
202400015823,2024-04-18,après-midi,,,39,39150,1,1,3,3,4,Voie communale,50.0,1
202400015824,2024-09-06,après-midi,,,84,84087,1,1,5,4,1,Autoroute,130.0,1
202400015825,2024-04-19,soirée,,,38,38421,1,1,2,3,4,Voie communale,50.0,1
202400015826,2024-12-25,soirée,,,62,62178,5,1,3,4,4,Voie communale,50.0,1
202400015827,2024-09-10,nuit,,,77,77001,5,1,6,4,1,Autoroute,30.0,1
202400015828,2024-04-17,matin,,,37,37261,1,1,3,4,4,Voie communale,50.0,1
202400015829,2024-09-10,après-midi,,,33,33165,1,1,3,4,4,Voie communale,50.0,1
202400015830,2024-12-20,nuit,,,62,62516,5,2,3,4,3,Départementale,50.0,2
202400015831,2024-04-18,matin,,,37,37261,1,1,3,4,4,Voie communale,50.0,1
202400015832,2024-12-26,matin,,,56,56260,1,1,3,4,2,Nationale,90.0,1
202400015833,2024-09-07,nuit,,,77,77508,3,8,2,4,3,Départementale,80.0,1
202400015834,2024-12-12,après-midi,,,49,49328,2,1,2,4,4,Voie communale,50.0,1
202400015835,2024-04-12,matin,,,37,37261,1,1,3,4,4,Voie communale,50.0,1
202400015836,2024-09-09,nuit,,,11,11076,3,1,6,3,3,Départementale,80.0,1
202400015837,2024-12-06,soirée,,,49,49328,5,1,3,4,4,Voie communale,50.0,1
202400015838,2024-04-19,soirée,,,35,35238,3,1,3,4,4,Voie communale,30.0,1
202400015839,2024-12-02,matin,,,49,49328,1,1,3,4,4,Voie communale,50.0,1
202400015840,2024-09-10,après-midi,,,34,34057,1,1,3,3,4,Voie communale,30.0,1
202400015841,2024-12-26,soirée,,,47,47027,3,1,6,4,3,Départementale,80.0,1
202400015842,2024-04-19,soirée,,,34,34172,1,1,3,3,4,Voie communale,30.0,1
202400015843,2024-12-23,soirée,,,40,40192,5,1,2,3,3,Départementale,50.0,1
202400015844,2024-09-10,soirée,,,84,84003,5,1,3,3,3,Départementale,50.0,1
202400015845,2024-12-25,après-midi,,,33,33318,1,1,3,4,4,Voie communale,50.0,1
202400015846,2024-12-26,après-midi,,,15,15014,1,1,7,4,4,Voie communale,30.0,1
202400015847,2024-04-19,matin,,,33,33063,1,1,3,4,4,Voie communale,30.0,1
202400015848,2024-09-10,soirée,,,83,83042,1,1,6,3,3,Départementale,70.0,1
202400015849,2024-12-26,après-midi,,,14,14118,1,1,5,3,3,Départementale,50.0,1
202400015850,2024-04-19,après-midi,,,31,31555,1,1,3,4,7,Autre,50.0,1
202400015851,2024-09-09,matin,,,69,69243,1,2,6,2,3,Départementale,50.0,2
202400015852,2024-12-24,après-midi,,,13,13108,1,1,3,3,3,Départementale,80.0,1
202400015853,2024-04-18,soirée,,,31,31555,1,1,4,3,1,Autoroute,90.0,1
202400015854,2024-12-17,après-midi,,,30,30032,1,1,3,3,3,Départementale,50.0,1
202400015855,2024-09-09,matin,,,17,17385,1,8,3,3,4,Voie communale,80.0,1
202400015856,2024-04-19,soirée,,,29,29019,1,1,3,4,4,Voie communale,50.0,1
202400015857,2024-12-26,soirée,,,13,13039,3,1,7,4,2,Nationale,70.0,1
202400015858,2024-09-04,après-midi,,,33,33240,1,1,2,4,3,Départementale,50.0,1
202400015859,2024-04-17,nuit,,,29,29019,5,1,4,4,4,Voie communale,50.0,1
202400015860,2024-12-26,après-midi,,,13,13208,1,1,5,4,4,Voie communale,50.0,1
202400015861,2024-12-26,matin,,,13,13208,1,1,6,4,4,Voie communale,50.0,1
202400015862,2024-02-17,après-midi,,,27,27681,1,1,2,4,4,Voie communale,50.0,1
202400015863,2024-08-26,matin,,,33,33422,1,1,3,4,3,Départementale,50.0,1
202400015864,2024-04-19,après-midi,,,25,25056,1,2,3,4,4,Voie communale,30.0,2
202400015865,2024-12-26,soirée,,,11,11069,5,1,3,4,4,Voie communale,50.0,1
202400015866,2024-04-19,soirée,,,18,18279,5,1,6,3,4,Voie communale,50.0,1
202400015867,2024-12-25,après-midi,,,06,06029,2,7,6,3,4,Voie communale,50.0,1
202400015868,2024-09-09,après-midi,,,27,27242,1,2,3,3,3,Départementale,50.0,2
202400015869,2024-04-17,soirée,,,14,14118,1,8,3,3,4,Voie communale,50.0,1
202400015870,2024-12-25,après-midi,,,06,06027,2,1,6,4,7,Autre,50.0,1
202400015871,2024-09-07,nuit,,,59,59652,3,1,7,3,3,Départementale,80.0,1
202400015872,2024-12-25,matin,,,75,75116,1,2,2,4,4,Voie communale,50.0,2
202400015873,2024-04-17,après-midi,,,30,30032,1,1,3,4,3,Départementale,80.0,1
202400015874,2024-09-09,matin,,,13,13210,1,1,2,4,1,Autoroute,90.0,1
202400015875,2024-12-25,matin,,,75,75120,1,2,6,4,4,Voie communale,50.0,2
202400015876,2024-04-20,nuit,,,13,13201,5,1,6,4,4,Voie communale,30.0,1
202400015877,2024-09-10,soirée,,,91,91363,1,1,3,4,2,Nationale,90.0,1
202400015878,2024-12-26,après-midi,,,75,75112,1,1,4,4,4,Voie communale,50.0,1
202400015879,2024-04-19,après-midi,,,13,13001,1,1,3,4,4,Voie communale,50.0,1
202400015880,2024-12-23,matin,,,75,75116,5,1,6,4,4,Voie communale,50.0,1
202400015881,2024-09-10,soirée,,,92,92019,1,1,4,3,2,Nationale,3.0,1
202400015882,2024-04-07,matin,,,11,11262,1,1,3,3,4,Voie communale,50.0,1
202400015883,2024-12-25,après-midi,,,75,75116,5,1,6,4,4,Voie communale,30.0,2
202400015884,2024-04-16,après-midi,,,06,06069,1,1,6,4,4,Voie communale,50.0,1
202400015885,2024-12-26,après-midi,,,75,75112,1,1,2,4,4,Voie communale,50.0,1
202400015886,2024-09-10,matin,,,78,78466,1,7,4,4,1,Autoroute,130.0,1
202400015887,2024-04-18,soirée,,,75,75116,1,1,2,4,4,Voie communale,70.0,1
202400015888,2024-12-26,nuit,,,75,75112,5,1,3,4,4,Voie communale,30.0,2
202400015889,2024-04-18,nuit,,,75,75112,5,1,7,4,4,Voie communale,50.0,1
202400015890,2024-09-09,soirée,,,92,92036,2,1,4,4,2,Nationale,70.0,1
202400015891,2024-04-19,après-midi,,,75,75105,1,2,3,4,4,Voie communale,30.0,2
202400015892,2024-12-26,soirée,,,75,75111,5,1,4,4,4,Voie communale,30.0,1
202400015893,2024-09-09,matin,,,78,78158,1,2,3,4,1,Autoroute,110.0,2
202400015894,2024-04-19,matin,,,75,75119,1,1,3,4,4,Voie communale,30.0,1
202400015895,2024-09-10,après-midi,,,95,95151,1,1,6,4,2,Nationale,110.0,1
202400015896,2024-12-26,matin,,,75,75111,1,1,3,4,4,Voie communale,30.0,1
202400015897,2024-12-26,soirée,,,75,75108,2,1,3,4,4,Voie communale,30.0,1
202400015898,2024-04-18,après-midi,,,75,75116,1,1,2,4,4,Voie communale,30.0,1
202400015899,2024-09-10,matin,,,92,92036,1,1,4,4,2,Nationale,90.0,1
202400015900,2024-02-01,nuit,,,06,06161,5,1,3,4,3,Départementale,50.0,1
202400015901,2024-04-19,matin,,,75,75114,1,1,7,4,4,Voie communale,50.0,1
202400015902,2024-12-26,nuit,,,75,75116,5,1,2,4,4,Voie communale,50.0,1
202400015903,2024-04-18,après-midi,,,75,75114,1,1,7,3,4,Voie communale,30.0,1
202400015904,2024-09-09,matin,,,93,93005,1,1,2,4,1,Autoroute,90.0,1
202400015905,2024-02-02,matin,,,31,31445,2,1,3,3,7,Autre,50.0,1
202400015906,2024-12-26,matin,,,94,94078,5,2,3,4,4,Voie communale,50.0,2
202400015907,2024-01-28,soirée,,,972,97223,3,1,7,3,4,Voie communale,70.0,1
202400015908,2024-09-09,nuit,,,95,95241,3,9,6,4,2,Nationale,90.0,2
202400015909,2024-04-19,après-midi,,,75,75113,1,2,2,4,4,Voie communale,30.0,2
202400015910,2024-09-09,nuit,,,92,92036,4,1,6,4,1,Autoroute,70.0,2
202400015911,2024-12-25,après-midi,,,94,94068,1,8,3,4,4,Voie communale,30.0,1
202400015912,2024-09-09,nuit,,,92,92078,3,8,6,4,1,Autoroute,90.0,2
202400015913,2024-02-02,après-midi,,,63,63171,1,1,3,4,3,Départementale,70.0,1
202400015914,2024-04-19,soirée,,,75,75108,5,9,3,4,4,Voie communale,30.0,2
202400015915,2024-12-26,après-midi,,,94,94058,1,1,6,4,3,Départementale,50.0,1
202400015916,2024-09-10,matin,,,77,77059,1,1,2,4,1,Autoroute,80.0,1
202400015917,2024-04-19,soirée,,,75,75103,1,3,2,4,4,Voie communale,30.0,2
202400015918,2024-12-26,après-midi,,,94,94076,1,1,3,3,4,Voie communale,50.0,1
202400015919,2024-09-09,nuit,,,77,77169,3,1,6,4,2,Nationale,90.0,1
202400015920,2024-12-26,nuit,,,94,94041,5,1,3,4,3,Départementale,50.0,1
202400015921,2024-04-18,après-midi,,,75,75104,1,1,5,4,4,Voie communale,30.0,1
202400015922,2024-12-26,soirée,,,94,94079,5,1,6,3,3,Départementale,50.0,1
202400015923,2024-09-09,soirée,,,93,93051,1,2,5,4,1,Autoroute,90.0,2
202400015924,2024-04-17,matin,,,94,94067,1,7,3,3,3,Départementale,50.0,1
202400015925,2024-12-26,nuit,,,94,94002,5,2,6,4,3,Départementale,50.0,2
202400015926,2024-09-09,soirée,,,94,94028,1,2,3,4,1,Autoroute,90.0,2
202400015927,2024-04-19,soirée,,,94,94074,1,2,6,4,5,Autre,50.0,2
202400015928,2024-12-26,soirée,,,93,93071,5,1,6,4,3,Départementale,50.0,1
202400015929,2024-04-19,après-midi,,,94,94078,1,8,6,4,4,Voie communale,,2
202400015930,2024-09-09,après-midi,,,94,94017,1,2,3,4,1,Autoroute,90.0,2
202400015931,2024-09-09,nuit,,,94,94073,3,2,6,4,1,Autoroute,90.0,2
202400015932,2024-12-26,soirée,,,93,93078,5,1,3,4,3,Départementale,50.0,1
202400015933,2024-04-18,soirée,,,94,94028,1,1,3,4,4,Voie communale,,1
202400015934,2024-02-02,matin,,,21,21567,2,5,3,4,3,Départementale,70.0,2
202400015935,2024-09-09,nuit,,,94,94073,3,2,6,4,1,Autoroute,70.0,2