Num_Acc,date,time_of_day,lat,long,dep,com,lum,atm,col,severity_index,catr,catr_label,vma,surf
202400015936,2024-04-19,nuit,,,94,94022,5,1,2,3,3,Départementale,50.0,1
202400015937,2024-02-02,nuit,,,42,42284,3,2,6,2,2,Nationale,80.0,2
202400015938,2024-12-26,après-midi,,,93,93046,1,1,3,4,4,Voie communale,30.0,1
202400015939,2024-01-28,nuit,,,974,97414,3,3,7,2,4,Voie communale,70.0,4
202400015940,2024-12-26,matin,,,93,93015,3,2,6,4,3,Départementale,50.0,2
202400015941,2024-04-19,soirée,,,94,94019,3,2,1,4,3,Départementale,30.0,2
202400015942,2024-02-26,après-midi,,,42,42189,1,1,4,4,7,Autre,,1
202400015943,2024-02-01,après-midi,,,26,26010,1,1,3,3,4,Voie communale,50.0,1
202400015944,2024-12-26,matin,,,93,93001,1,1,7,4,4,Voie communale,30.0,1
202400015945,2024-09-05,après-midi,,,44,44109,1,1,3,4,4,Voie communale,50.0,1
202400015946,2024-04-19,après-midi,,,94,94059,1,2,2,4,4,Voie communale,,2
202400015947,2024-01-31,après-midi,,,63,63241,1,1,2,4,1,Autoroute,90.0,1
202400015948,2024-12-26,soirée,,,92,92078,5,1,3,4,3,Départementale,50.0,1
202400015949,2024-02-02,après-midi,,,62,62198,1,1,1,4,3,Départementale,80.0,1
202400015950,2024-01-05,matin,,,42,42218,5,1,1,4,4,Voie communale,,1
202400015951,2024-12-26,après-midi,,,92,92024,1,1,2,4,3,Départementale,50.0,1
202400015952,2024-04-19,soirée,,,94,94017,5,2,3,4,3,Départementale,50.0,2
202400015953,2024-02-02,nuit,,,79,79066,3,1,7,4,3,Départementale,90.0,1
202400015954,2024-05-19,après-midi,,,38,38487,1,1,3,3,4,Voie communale,50.0,1
202400015955,2024-12-26,soirée,,,92,92023,5,1,6,4,3,Départementale,30.0,1
202400015956,2024-02-02,matin,,,2B,2B319,1,1,5,4,2,Nationale,80.0,1
202400015957,2024-05-13,nuit,,,38,38317,3,1,2,3,1,Autoroute,130.0,1
202400015958,2024-12-25,après-midi,,,92,92023,5,1,6,4,4,Voie communale,50.0,2
202400015959,2024-02-02,après-midi,,,33,33424,1,1,7,3,3,Départementale,80.0,1
202400015960,2024-04-18,après-midi,,,94,94002,1,1,4,4,3,Départementale,50.0,1
202400015961,2024-09-05,matin,,,44,44162,2,1,6,4,4,Voie communale,50.0,1
202400015962,2024-12-24,matin,,,47,47164,2,5,1,4,3,Départementale,80.0,2
202400015963,2024-02-02,matin,,,71,71340,1,1,1,4,2,Nationale,80.0,1
202400015964,2024-04-19,matin,,,93,93078,1,1,1,4,3,Départementale,50.0,1
202400015965,2024-06-29,soirée,,,66,66136,1,1,3,4,4,Voie communale,50.0,1
202400015966,2024-01-29,après-midi,,,71,71316,1,1,6,4,3,Départementale,80.0,1
202400015967,2024-12-23,soirée,,,83,83058,5,1,2,4,3,Départementale,50.0,1
202400015968,2024-04-19,soirée,,,93,93072,5,9,1,4,4,Voie communale,50.0,2
202400015969,2024-02-02,soirée,,,63,63295,5,1,1,3,3,Départementale,50.0,1
202400015970,2024-06-28,matin,,,66,66136,1,1,3,4,4,Voie communale,10.0,1
202400015971,2024-12-23,matin,,,84,84142,1,1,2,3,3,Départementale,80.0,1
202400015972,2024-02-01,après-midi,,,61,61474,1,2,7,4,4,Voie communale,50.0,2
202400015973,2024-04-18,matin,,,93,93072,1,8,3,4,3,Départementale,50.0,1
202400015974,2024-09-04,matin,,,44,44109,2,1,6,4,4,Voie communale,50.0,1
202400015975,2024-02-01,soirée,,,46,46311,3,5,1,3,3,Départementale,80.0,2
202400015976,2024-12-18,matin,,,42,42032,2,1,6,3,7,Autre,80.0,1
202400015977,2024-04-19,après-midi,,,93,93005,1,1,6,4,4,Voie communale,50.0,1
202400015978,2024-09-03,soirée,,,44,44143,1,1,6,4,4,Voie communale,50.0,1
202400015979,2024-02-01,soirée,,,68,68240,2,1,2,4,3,Départementale,50.0,1
202400015980,2024-04-19,soirée,,,93,93070,1,2,3,4,3,Départementale,50.0,2
202400015981,2024-02-02,nuit,,,25,25233,3,1,6,4,3,Départementale,110.0,2
202400015982,2024-09-03,matin,,,44,44162,1,1,3,4,4,Voie communale,50.0,1
202400015983,2024-12-18,matin,,,83,83116,1,1,2,4,3,Départementale,70.0,1
202400015984,2024-01-26,après-midi,,,29,29192,2,7,6,3,4,Voie communale,80.0,1
202400015985,2024-12-21,soirée,,,83,83116,5,1,6,2,4,Voie communale,50.0,1
202400015986,2024-04-18,soirée,,,93,93057,1,1,3,4,3,Départementale,30.0,1
202400015987,2024-09-03,matin,,,44,44114,1,1,2,4,1,Autoroute,90.0,1
202400015988,2024-01-26,soirée,,,38,38431,5,1,7,4,4,Voie communale,50.0,1
202400015989,2024-04-18,après-midi,,,92,92048,1,1,6,4,3,Départementale,30.0,1
202400015990,2024-01-30,après-midi,,,01,01348,1,1,7,3,4,Voie communale,80.0,1
202400015991,2024-09-07,après-midi,,,93,93066,1,2,6,4,4,Voie communale,50.0,2
202400015992,2024-12-23,matin,,,19,19259,1,1,5,3,3,Départementale,90.0,2
202400015993,2024-04-18,matin,,,92,92022,1,8,6,4,4,Voie communale,30.0,2
202400015994,2024-02-02,matin,,,66,66149,1,1,6,4,3,Départementale,80.0,1
202400015995,2024-09-06,après-midi,,,81,81065,1,1,6,3,4,Voie communale,50.0,1
202400015996,2024-12-23,matin,,,65,65161,1,8,1,3,2,Nationale,70.0,2
202400015997,2024-04-19,soirée,,,92,92025,1,3,3,4,3,Départementale,30.0,2
202400015998,2024-02-02,matin,,,54,54368,1,1,3,4,3,Départementale,80.0,1
202400015999,2024-09-02,matin,,,44,44109,1,1,3,4,4,Voie communale,50.0,1
202400016000,2024-12-25,soirée,,,33,33144,3,5,6,2,3,Départementale,80.0,2
202400016001,2024-04-19,matin,,,92,92024,1,1,2,4,4,Voie communale,50.0,1
202400016002,2024-02-01,après-midi,,,50,50550,1,1,1,4,3,Départementale,80.0,6
202400016003,2024-05-30,matin,,,14,14036,1,1,7,4,1,Autoroute,130.0,1
202400016004,2024-12-27,après-midi,,,61,61091,1,1,3,4,3,Départementale,90.0,1
202400016005,2024-04-19,après-midi,,,92,92012,1,1,3,3,4,Voie communale,30.0,1
202400016006,2024-04-19,matin,,,92,92007,1,1,6,4,3,Départementale,50.0,1
202400016007,2024-02-02,après-midi,,,50,50433,1,1,3,4,3,Départementale,80.0,1
202400016008,2024-07-11,matin,,,57,57647,1,1,3,4,4,Voie communale,30.0,1
202400016009,2024-12-26,soirée,,,68,68060,3,5,6,4,3,Départementale,70.0,1
202400016010,2024-09-09,matin,,,974,97416,1,1,3,4,2,Nationale,110.0,1
202400016011,2024-02-01,après-midi,,,60,60368,1,1,3,4,4,Voie communale,30.0,1
202400016012,2024-04-19,soirée,,,72,72243,1,1,6,4,3,Départementale,80.0,1
202400016013,2024-12-27,après-midi,,,39,39013,1,1,6,4,3,Départementale,50.0,1
202400016014,2024-12-26,nuit,,,31,31455,3,1,7,3,3,Départementale,80.0,1
202400016015,2024-02-02,après-midi,,,64,64472,1,1,1,4,3,Départementale,80.0,1
202400016016,2024-09-09,soirée,,,974,97411,2,1,3,4,2,Nationale,70.0,1
202400016017,2024-04-20,après-midi,,,59,59594,1,8,2,3,3,Départementale,80.0,2
202400016018,2024-02-02,après-midi,,,10,10107,1,1,1,4,2,Nationale,80.0,1
202400016019,2024-09-07,soirée,,,974,97407,5,1,2,4,2,Nationale,50.0,1
202400016020,2024-04-20,matin,,,14,14162,1,1,1,3,3,Départementale,90.0,1
202400016021,2024-02-02,matin,,,16,16120,2,8,1,4,3,Départementale,80.0,2
202400016022,2024-09-09,nuit,,,973,97302,4,1,3,4,3,Départementale,50.0,1
202400016023,2024-12-27,nuit,,,06,06108,3,1,1,4,3,Départementale,50.0,1
202400016024,2024-04-19,soirée,,,86,86262,1,1,1,3,3,Départementale,80.0,1
202400016025,2024-02-01,après-midi,,,07,07172,1,1,1,4,3,Départementale,90.0,1
202400016026,2024-09-08,soirée,,,973,97302,5,1,7,4,3,Départementale,50.0,1
202400016027,2024-01-25,matin,,,24,24520,2,1,6,3,4,Voie communale,50.0,3
202400016028,2024-12-26,soirée,,,14,14762,3,5,7,3,4,Voie communale,50.0,1
202400016029,2024-04-20,après-midi,,,974,97422,1,9,3,3,9,Autre,70.0,1
202400016030,2024-09-08,matin,,,973,97302,1,1,3,4,4,Voie communale,30.0,1
202400016031,2024-02-02,après-midi,,,04,04049,1,1,6,4,2,Nationale,50.0,1
202400016032,2024-12-27,après-midi,,,90,90053,1,1,6,2,3,Départementale,50.0,1
202400016033,2024-04-20,matin,,,67,67073,1,2,3,4,4,Voie communale,40.0,2
202400016034,2024-09-09,soirée,,,69,69388,1,9,6,4,4,Voie communale,5.0,9
202400016035,2024-02-01,soirée,,,85,85108,5,1,3,3,3,Départementale,50.0,2
202400016036,2024-12-26,après-midi,,,60,60509,1,1,1,4,3,Départementale,30.0,1
202400016037,2024-08-27,matin,,,972,97209,1,1,6,4,3,Départementale,50.0,1
202400016038,2024-02-01,après-midi,,,27,27049,1,1,1,3,3,Départementale,50.0,1
202400016039,2024-12-20,matin,,,60,60541,2,5,6,4,3,Départementale,50.0,2
202400016040,2024-04-20,matin,,,974,97404,1,1,4,4,2,Nationale,80.0,1
202400016041,2024-09-08,nuit,,,972,97209,3,3,7,4,3,Départementale,30.0,2
202400016042,2024-09-09,après-midi,,,971,97120,2,1,6,4,4,Voie communale,50.0,1
202400016043,2024-12-20,après-midi,,,60,60277,1,7,1,4,4,Voie communale,50.0,1
202400016044,2024-01-31,après-midi,,,28,28189,1,1,3,4,2,Nationale,80.0,1
202400016045,2024-04-19,soirée,,,34,34123,1,1,5,4,2,Nationale,110.0,1
202400016046,2024-09-08,nuit,,,971,97101,2,3,6,4,3,Départementale,50.0,2
202400016047,2024-12-26,soirée,,,10,10368,3,1,7,3,3,Départementale,90.0,1
202400016048,2024-03-16,nuit,,,34,34123,3,1,6,4,2,Nationale,90.0,1
202400016049,2024-02-01,soirée,,,17,17434,5,2,1,3,3,Départementale,30.0,2
202400016050,2024-09-09,soirée,,,95,95252,5,1,3,4,4,Voie communale,50.0,1
202400016051,2024-12-26,soirée,,,16,16360,3,5,6,3,3,Départementale,80.0,1
202400016052,2024-04-19,matin,,,37,37167,3,1,6,3,1,Autoroute,130.0,1
202400016053,2024-12-27,matin,,,53,53147,1,1,6,3,3,Départementale,50.0,1
202400016054,2024-04-20,après-midi,,,19,19004,1,1,6,3,3,Départementale,90.0,1
202400016055,2024-02-01,après-midi,,,08,08184,1,1,6,2,3,Départementale,80.0,1
202400016056,2024-09-05,matin,,,91,91477,1,3,3,4,3,Départementale,50.0,2
202400016057,2024-02-02,nuit,,,18,18279,3,5,6,2,1,Autoroute,110.0,2
202400016058,2024-12-23,après-midi,,,85,85202,1,1,1,4,3,Départementale,80.0,1
202400016059,2024-04-19,après-midi,,,89,89464,1,8,3,3,3,Départementale,90.0,1
202400016060,2024-09-09,nuit,,,91,91114,3,2,2,4,2,Nationale,90.0,2
202400016061,2024-12-26,matin,,,69,69044,1,7,6,3,7,Autre,50.0,1
202400016062,2024-01-30,matin,,,33,33527,2,1,2,4,1,Autoroute,130.0,1
202400016063,2024-04-19,après-midi,,,63,63064,1,1,1,4,3,Départementale,90.0,1
202400016064,2024-09-08,après-midi,,,87,87085,1,2,7,4,4,Voie communale,30.0,2
202400016065,2024-12-27,nuit,,,17,17463,3,5,4,2,3,Départementale,110.0,1
202400016066,2024-02-01,matin,,,974,97418,1,2,5,3,2,Nationale,90.0,2
202400016067,2024-09-08,après-midi,,,87,87048,1,2,7,3,3,Départementale,70.0,2
202400016068,2024-04-19,soirée,,,63,63397,1,1,6,3,3,Départementale,50.0,1
202400016069,2024-12-27,nuit,,,38,38332,3,1,1,3,3,Départementale,80.0,1
202400016070,2024-09-08,après-midi,,,87,87085,1,1,3,4,2,Nationale,50.0,1
202400016071,2024-01-28,soirée,,,971,97121,5,1,5,4,3,Départementale,70.0,1
202400016072,2024-04-18,après-midi,,,61,61491,1,1,5,4,2,Nationale,80.0,1
202400016073,2024-12-27,nuit,,,27,27554,3,5,2,4,1,Autoroute,130.0,1
202400016074,2024-04-20,après-midi,,,61,61369,1,1,6,2,3,Départementale,80.0,1
202400016075,2024-09-06,après-midi,,,87,87085,1,2,6,4,4,Voie communale,30.0,2
202400016076,2024-02-02,nuit,,,34,34145,3,1,6,3,4,Voie communale,50.0,1
202400016077,2024-04-19,après-midi,,,42,42221,1,1,6,4,3,Départementale,50.0,1
202400016078,2024-12-25,soirée,,,987,98754,5,1,1,2,2,Nationale,60.0,1
202400016079,2024-09-08,nuit,,,85,85194,5,1,6,4,3,Départementale,50.0,1
202400016080,2024-01-31,après-midi,,,13,13067,1,1,3,3,6,Autre,30.0,1
202400016081,2024-12-27,matin,,,973,97304,1,1,7,2,2,Nationale,80.0,1
202400016082,2024-04-20,après-midi,,,46,46138,1,1,6,4,3,Départementale,80.0,1
202400016083,2024-12-27,matin,,,77,77142,2,7,6,3,3,Départementale,50.0,1
202400016084,2024-02-02,matin,,,52,52449,2,5,3,4,3,Départementale,50.0,1
202400016085,2024-09-09,après-midi,,,83,83137,1,1,1,3,3,Départementale,50.0,1
202400016086,2024-04-17,soirée,,,47,47065,1,1,3,3,4,Voie communale,50.0,1
202400016087,2024-09-09,matin,,,83,83144,1,1,6,4,4,Voie communale,50.0,1
202400016088,2024-04-17,matin,,,86,86293,1,1,6,3,2,Nationale,110.0,1
202400016089,2024-12-27,après-midi,,,78,78346,1,1,7,2,3,Départementale,50.0,2
202400016090,2024-02-01,soirée,,,67,67033,3,2,4,4,3,Départementale,80.0,2
202400016091,2024-08-30,matin,,,83,83123,1,1,6,3,3,Départementale,50.0,1
202400016092,2024-04-19,soirée,,,44,44021,1,1,3,3,3,Départementale,80.0,1
202400016093,2024-02-01,après-midi,,,73,73157,1,1,6,4,4,Voie communale,50.0,1
202400016094,2024-12-25,soirée,,,2B,2B140,3,1,1,3,2,Nationale,80.0,8
202400016095,2024-09-09,matin,,,81,81018,1,2,7,4,3,Départementale,50.0,2
202400016096,2024-02-02,soirée,,,42,42174,3,1,6,3,3,Départementale,80.0,1
202400016097,2024-04-20,après-midi,,,29,29020,1,1,6,4,3,Départementale,50.0,1
202400016098,2024-09-08,soirée,,,80,80021,2,2,7,4,3,Départementale,90.0,2
202400016099,2024-12-25,après-midi,,,2B,2B199,3,1,1,3,2,Nationale,80.0,1
202400016100,2024-02-01,après-midi,,,38,38562,1,1,6,4,7,Autre,30.0,1
202400016101,2024-09-09,soirée,,,78,78440,1,1,3,4,4,Voie communale,50.0,1
202400016102,2024-12-27,après-midi,,,34,34033,1,1,3,3,3,Départementale,50.0,1
202400016103,2024-01-31,après-midi,,,26,26084,1,1,5,4,3,Départementale,80.0,1
202400016104,2024-09-09,après-midi,,,78,78440,1,1,6,4,4,Voie communale,30.0,1
202400016105,2024-12-27,matin,,,34,34058,2,1,3,4,3,Départementale,,1
202400016106,2024-02-02,matin,,,31,31135,2,1,1,3,3,Départementale,50.0,2
202400016107,2024-09-09,après-midi,,,78,78208,1,2,3,4,4,Voie communale,50.0,2
202400016108,2024-12-23,après-midi,,,83,83042,1,6,6,3,3,Départementale,50.0,1
202400016109,2024-02-01,après-midi,,,16,16232,1,1,6,4,3,Départementale,80.0,1
202400016110,2024-12-27,matin,,,57,57159,1,1,6,2,3,Départementale,50.0,1
202400016111,2024-02-02,soirée,,,14,14530,5,1,3,4,3,Départementale,70.0,2
202400016112,2024-12-27,après-midi,,,73,73150,1,1,3,4,3,Départementale,80.0,7
202400016113,2024-09-09,après-midi,,,77,77083,1,1,6,3,4,Voie communale,50.0,1
202400016114,2024-12-27,après-midi,,,73,73050,1,1,5,3,3,Départementale,70.0,1
202400016115,2024-09-09,soirée,,,77,77389,5,8,4,4,3,Départementale,50.0,2
202400016116,2024-01-31,soirée,,,83,83027,3,1,5,4,1,Autoroute,130.0,1
202400016117,2024-12-26,soirée,,,07,07042,5,1,3,4,4,Voie communale,30.0,1
202400016118,2024-02-01,nuit,,,91,91553,3,1,6,4,2,Nationale,110.0,1
202400016119,2024-09-09,nuit,,,77,77284,5,1,6,3,4,Voie communale,30.0,2
202400016120,2024-02-01,nuit,,,92,92051,5,2,6,3,2,Nationale,50.0,2
202400016121,2024-12-27,après-midi,,,69,69094,2,1,6,3,3,Départementale,50.0,1
202400016122,2024-09-07,matin,,,76,76351,1,2,1,3,4,Voie communale,50.0,2
202400016123,2024-01-31,soirée,,,78,78165,3,1,4,4,2,Nationale,110.0,1
202400016124,2024-09-08,nuit,,,76,76351,5,1,6,4,4,Voie communale,50.0,2
202400016125,2024-12-23,après-midi,,,69,69298,1,2,5,4,3,Départementale,70.0,2
202400016126,2024-01-31,matin,,,78,78362,5,1,4,4,1,Autoroute,90.0,1
202400016127,2024-12-26,après-midi,,,44,44215,1,1,6,3,4,Voie communale,30.0,1
202400016128,2024-09-07,matin,,,76,76351,1,2,3,4,4,Voie communale,50.0,2
202400016129,2024-02-01,soirée,,,95,95572,3,1,2,4,2,Nationale,50.0,1
202400016130,2024-12-26,nuit,,,44,44026,3,2,7,2,7,Autre,80.0,2
202400016131,2024-09-08,nuit,,,76,76351,5,1,6,4,4,Voie communale,50.0,1
202400016132,2024-02-01,après-midi,,,93,93010,1,1,2,4,1,Autoroute,90.0,1
202400016133,2024-12-26,après-midi,,,80,80545,1,1,3,3,3,Départementale,80.0,1
202400016134,2024-12-22,après-midi,,,69,69007,1,3,6,3,1,Autoroute,110.0,2
202400016135,2024-02-01,matin,,,95,95241,1,2,3,3,2,Nationale,110.0,2
202400016136,2024-09-07,après-midi,,,72,72181,1,3,6,4,4,Voie communale,50.0,2
202400016137,2024-12-25,après-midi,,,69,69259,1,1,6,4,7,Autre,70.0,1
202400016138,2024-01-31,soirée,,,95,95527,5,1,4,4,1,Autoroute,110.0,1
202400016139,2024-09-08,après-midi,,,69,69276,1,1,1,4,7,Autre,50.0,2
202400016140,2024-09-08,nuit,,,67,67482,5,2,7,4,4,Voie communale,50.0,2
202400016141,2024-02-01,soirée,,,94,94081,2,2,5,4,1,Autoroute,90.0,2
202400016142,2024-12-26,après-midi,,,33,33550,1,1,2,4,1,Autoroute,90.0,1
202400016143,2024-09-09,après-midi,,,66,66136,1,1,6,4,4,Voie communale,50.0,1
202400016144,2024-01-31,après-midi,,,94,94069,1,1,2,4,1,Autoroute,90.0,1
202400016145,2024-09-09,soirée,,,64,64445,2,2,2,4,4,Voie communale,50.0,2
202400016146,2024-12-26,après-midi,,,91,91064,1,1,6,4,2,Nationale,110.0,1
202400016147,2024-01-31,soirée,,,974,97411,1,1,1,3,4,Voie communale,50.0,1
202400016148,2024-09-09,matin,,,64,64445,1,1,2,4,4,Voie communale,50.0,1
202400016149,2024-01-28,après-midi,,,974,97407,1,1,3,4,4,Voie communale,50.0,1
202400016150,2024-12-26,nuit,,,91,91617,3,2,6,4,2,Nationale,50.0,2
202400016151,2024-01-30,nuit,,,973,97302,4,1,7,4,2,Nationale,50.0,1
202400016152,2024-09-09,matin,,,64,64445,2,1,5,4,4,Voie communale,50.0,2
202400016153,2024-01-31,après-midi,,,69,69388,1,1,3,4,4,Voie communale,50.0,1
202400016154,2024-09-09,nuit,,,64,64102,5,2,6,4,4,Voie communale,30.0,2
202400016155,2024-12-25,nuit,,,91,91235,3,1,4,4,2,Nationale,110.0,2
202400016156,2024-01-31,après-midi,,,69,69142,1,1,3,4,4,Voie communale,30.0,1
202400016157,2024-09-09,soirée,,,64,64102,1,2,2,4,3,Départementale,30.0,2
202400016158,2024-01-31,après-midi,,,69,69389,1,1,6,4,4,Voie communale,50.0,1
202400016159,2024-12-26,après-midi,,,93,93064,1,1,2,3,1,Autoroute,50.0,1
202400016160,2024-09-08,soirée,,,63,63300,5,1,3,4,3,Départementale,50.0,1
202400016161,2024-01-31,soirée,,,2A,2A004,5,1,2,4,2,Nationale,30.0,1
202400016162,2024-09-07,après-midi,,,60,60057,1,1,6,3,4,Voie communale,30.0,1
202400016163,2024-01-31,après-midi,,,2A,2A004,1,1,6,4,4,Voie communale,50.0,1
202400016164,2024-12-26,après-midi,,,93,93078,3,1,4,4,1,Autoroute,90.0,1
202400016165,2024-09-09,matin,,,59,59350,1,8,7,4,7,Autre,30.0,2
202400016166,2024-01-31,après-midi,,,95,95203,1,1,3,4,4,Voie communale,50.0,1
202400016167,2024-12-26,matin,,,93,93008,1,1,2,4,1,Autoroute,50.0,1
202400016168,2024-09-08,nuit,,,56,56098,5,2,3,4,3,Départementale,50.0,2
202400016169,2024-01-31,matin,,,95,95288,1,1,6,4,3,Départementale,50.0,1
202400016170,2024-09-09,après-midi,,,51,51454,1,1,3,4,4,Voie communale,30.0,1
202400016171,2024-01-31,matin,,,91,91689,1,1,3,3,3,Départementale,80.0,1
202400016172,2024-12-26,après-midi,,,93,93064,1,1,2,4,1,Autoroute,90.0,1
202400016173,2024-09-09,matin,,,51,51454,1,1,6,4,4,Voie communale,50.0,2
202400016174,2024-01-29,soirée,,,87,87085,5,1,6,4,4,Voie communale,30.0,1
202400016175,2024-09-06,nuit,,,34,34301,3,1,6,4,3,Départementale,50.0,1
202400016176,2024-09-08,nuit,,,51,51454,5,1,3,4,4,Voie communale,50.0,1
202400016177,2024-01-31,matin,,,83,83069,1,1,2,4,4,Voie communale,50.0,1
202400016178,2024-09-01,soirée,,,34,34108,3,1,1,4,3,Départementale,80.0,1
202400016179,2024-01-31,après-midi,,,82,82121,1,1,3,3,4,Voie communale,50.0,1
202400016180,2024-09-08,matin,,,49,49246,1,1,2,4,4,Voie communale,50.0,1
202400016181,2024-12-24,matin,,,59,59527,1,1,6,4,4,Voie communale,30.0,1
202400016182,2024-01-31,matin,,,81,81004,1,1,6,3,4,Voie communale,50.0,1
202400016183,2024-09-08,matin,,,49,49007,5,1,6,4,4,Voie communale,50.0,1
202400016184,2024-09-30,matin,,,974,97413,1,1,6,3,6,Autre,30.0,1
202400016185,2024-01-13,après-midi,,,77,77373,1,1,3,3,4,Voie communale,50.0,1
202400016186,2024-08-03,matin,,,13,13072,1,1,3,4,3,Départementale,70.0,1
202400016187,2024-09-08,nuit,,,45,45234,3,1,3,4,4,Voie communale,50.0,2
202400016188,2024-08-03,après-midi,,,07,07313,1,1,3,4,3,Départementale,50.0,1
202400016189,2024-01-13,matin,,,77,77350,3,1,5,3,3,Départementale,90.0,2
202400016190,2024-12-24,soirée,,,987,98735,2,8,3,4,4,Voie communale,30.0,1
202400016191,2024-08-31,nuit,,,42,42218,5,1,3,4,4,Voie communale,50.0,1
202400016192,2024-08-03,après-midi,,,07,07308,1,1,3,4,3,Départementale,90.0,1
202400016193,2024-01-31,après-midi,,,77,77284,1,1,2,4,3,Départementale,50.0,1
202400016194,2024-12-25,soirée,,,974,97411,5,1,6,3,4,Voie communale,50.0,1
202400016195,2024-08-02,matin,,,53,53271,1,1,6,4,9,Autre,50.0,1
202400016196,2024-09-09,après-midi,,,35,35238,1,1,6,4,4,Voie communale,30.0,1
202400016197,2024-01-31,matin,,,77,77335,2,1,3,4,2,Nationale,90.0,1
202400016198,2024-12-25,nuit,,,973,97302,2,2,7,4,4,Voie communale,50.0,2
202400016199,2024-08-03,après-midi,,,40,40285,1,1,1,2,3,Départementale,80.0,1
202400016200,2024-09-09,matin,,,35,35238,1,1,3,4,4,Voie communale,30.0,1
202400016201,2024-01-31,après-midi,,,77,77372,1,1,1,4,3,Départementale,50.0,1
202400016202,2024-12-25,soirée,,,69,69388,5,1,6,4,4,Voie communale,30.0,1
202400016203,2024-08-04,après-midi,,,24,24376,1,8,1,4,3,Départementale,90.0,1
202400016204,2024-09-10,nuit,,,34,34172,5,1,3,4,4,Voie communale,50.0,1
202400016205,2024-01-30,après-midi,,,71,71475,1,7,3,3,3,Départementale,50.0,1
202400016206,2024-08-03,après-midi,,,85,85084,1,1,7,2,4,Voie communale,80.0,1
202400016207,2024-12-25,nuit,,,91,91228,4,1,3,4,3,Départementale,50.0,1
202400016208,2024-09-09,matin,,,34,34172,1,1,3,4,4,Voie communale,50.0,1
202400016209,2024-08-03,après-midi,,,87,87195,1,1,7,3,3,Départementale,90.0,1
202400016210,2024-09-09,matin,,,34,34172,1,1,3,4,7,Autre,50.0,1
202400016211,2024-08-03,après-midi,,,30,30339,1,1,7,3,3,Départementale,,1
202400016212,2024-01-17,matin,,,68,68297,1,2,6,4,4,Voie communale,30.0,2
202400016213,2024-08-04,après-midi,,,30,30193,1,1,7,3,9,Autre,,1
202400016214,2024-01-30,soirée,,,67,67482,5,2,3,3,4,Voie communale,50.0,2
202400016215,2024-09-09,après-midi,,,33,33281,1,1,2,3,4,Voie communale,50.0,1
202400016216,2024-12-25,soirée,,,69,69290,5,1,1,4,4,Voie communale,50.0,1
202400016217,2024-08-04,nuit,,,52,52044,3,1,6,3,3,Départementale,80.0,1
202400016218,2024-09-02,matin,,,30,30189,1,1,1,4,2,Nationale,80.0,1
202400016219,2024-01-31,après-midi,,,64,64445,1,1,3,4,4,Voie communale,50.0,1
202400016220,2024-08-04,nuit,,,13,13050,3,1,1,4,3,Départementale,80.0,1
202400016221,2024-12-24,matin,,,67,67462,1,1,3,3,4,Voie communale,40.0,1
202400016222,2024-01-31,nuit,,,64,64445,5,1,3,4,4,Voie communale,50.0,1
202400016223,2024-09-09,soirée,,,22,22187,1,1,3,4,4,Voie communale,30.0,1
202400016224,2024-12-22,après-midi,,,62,62498,1,1,3,4,4,Voie communale,50.0,1
202400016225,2024-08-03,nuit,,,77,77480,3,1,3,4,1,Autoroute,130.0,1
202400016226,2024-09-08,soirée,,,19,19031,1,1,7,4,3,Départementale,90.0,2
202400016227,2024-01-31,matin,,,63,63063,1,1,6,3,4,Voie communale,30.0,1
202400016228,2024-12-26,nuit,,,61,61001,5,8,6,4,3,Départementale,50.0,2
202400016229,2024-08-04,soirée,,,976,97608,5,1,3,4,4,Voie communale,50.0,1
202400016230,2024-09-09,nuit,,,13,13212,5,1,3,4,4,Voie communale,50.0,1
202400016231,2024-08-03,matin,,,971,97112,1,1,6,3,4,Voie communale,80.0,1
202400016232,2024-01-31,matin,,,63,63113,1,1,2,4,7,Autre,30.0,1
202400016233,2024-09-05,après-midi,,,13,13028,1,1,3,4,4,Voie communale,30.0,1
202400016234,2024-12-20,matin,,,59,59350,2,2,3,4,7,Autre,50.0,2
202400016235,2024-08-04,nuit,,,34,34127,3,1,6,3,3,Départementale,50.0,1
202400016236,2024-09-09,soirée,,,75,75113,2,1,2,4,4,Voie communale,70.0,1
202400016237,2024-08-03,soirée,,,83,83068,1,1,7,4,3,Départementale,70.0,1
202400016238,2024-01-30,soirée,,,57,57672,5,1,6,4,4,Voie communale,50.0,1
202400016239,2024-12-21,matin,,,59,59360,1,1,6,4,4,Voie communale,50.0,1
202400016240,2024-08-04,après-midi,,,05,05103,1,1,7,3,3,Départementale,90.0,1
202400016241,2024-09-07,soirée,,,75,75117,1,8,2,4,4,Voie communale,70.0,1
202400016242,2024-01-30,matin,,,54,54395,5,1,1,4,4,Voie communale,50.0,1
202400016243,2024-05-13,nuit,,,13,13052,2,1,7,3,3,Départementale,50.0,1
202400016244,2024-09-07,soirée,,,75,75120,2,1,5,3,4,Voie communale,70.0,1
202400016245,2024-01-31,soirée,,,44,44162,5,1,6,4,4,Voie communale,50.0,1
202400016246,2024-08-04,nuit,,,89,89055,3,1,6,3,3,Départementale,50.0,1
202400016247,2024-12-25,nuit,,,01,01053,5,1,2,4,4,Voie communale,50.0,1
202400016248,2024-09-09,après-midi,,,75,75119,1,1,2,4,4,Voie communale,30.0,1
202400016249,2024-12-25,après-midi,,,75,75118,1,1,6,4,4,Voie communale,50.0,2