Num_Acc,date,time_of_day,lat,long,dep,com,lum,atm,col,severity_index,catr,catr_label,vma,surf
202400016250,2024-01-31,après-midi,,,38,38421,1,1,3,4,4,Voie communale,50.0,1
202400016251,2024-08-04,nuit,,,21,21416,2,1,3,4,3,Départementale,90.0,1
202400016252,2024-01-31,soirée,,,37,37233,5,1,6,4,4,Voie communale,50.0,1
202400016253,2024-12-25,nuit,,,75,75116,5,2,6,4,4,Voie communale,50.0,2
202400016254,2024-09-08,nuit,,,75,75119,5,1,3,4,4,Voie communale,30.0,1
202400016255,2024-08-04,soirée,,,68,68001,1,1,7,4,3,Départementale,80.0,1
202400016256,2024-01-31,après-midi,,,37,37261,1,1,7,4,4,Voie communale,50.0,1
202400016257,2024-09-09,après-midi,,,75,75116,1,1,6,4,4,Voie communale,,1
202400016258,2024-12-25,nuit,,,75,75116,5,2,3,4,4,Voie communale,50.0,2
202400016259,2024-08-03,soirée,,,57,57254,2,1,1,3,3,Départementale,80.0,1
202400016260,2024-01-31,matin,,,36,36159,5,5,1,4,4,Voie communale,50.0,1
202400016261,2024-09-09,matin,,,75,75114,2,2,3,4,4,Voie communale,30.0,2
202400016262,2024-08-04,nuit,,,03,03242,3,1,6,2,2,Nationale,80.0,1
202400016263,2024-12-24,nuit,,,75,75115,5,2,3,4,4,Voie communale,30.0,2
202400016264,2024-01-31,après-midi,,,35,35238,2,1,3,3,4,Voie communale,30.0,1
202400016265,2024-08-03,après-midi,,,38,38148,1,1,6,3,3,Départementale,50.0,1
202400016266,2024-09-07,soirée,,,75,75114,1,1,3,4,4,Voie communale,50.0,1
202400016267,2024-08-03,nuit,,,38,38203,3,1,6,4,2,Nationale,80.0,1
202400016268,2024-12-24,nuit,,,75,75112,5,2,1,4,4,Voie communale,30.0,2
202400016269,2024-09-09,soirée,,,75,75111,1,8,3,4,4,Voie communale,30.0,1
202400016270,2024-01-29,soirée,,,34,34032,5,1,3,3,4,Voie communale,50.0,1
202400016271,2024-08-03,après-midi,,,26,26362,1,1,3,3,4,Voie communale,80.0,1
202400016272,2024-12-24,soirée,,,75,75110,5,2,6,4,4,Voie communale,30.0,2
202400016273,2024-09-09,soirée,,,75,75108,1,8,3,4,4,Voie communale,30.0,1
202400016274,2024-01-29,matin,,,33,33522,1,1,3,4,4,Voie communale,30.0,1
202400016275,2024-08-02,après-midi,,,69,69037,1,1,5,4,3,Départementale,80.0,1
202400016276,2024-01-31,matin,,,31,31069,1,1,3,4,4,Voie communale,50.0,1
202400016277,2024-12-25,soirée,,,93,93073,5,2,3,4,4,Voie communale,50.0,2
202400016278,2024-09-09,matin,,,75,75101,1,8,3,4,4,Voie communale,30.0,2
202400016279,2024-01-31,soirée,,,30,30243,4,1,7,4,3,Départementale,80.0,1
202400016280,2024-09-09,après-midi,,,94,94068,1,1,3,4,3,Départementale,30.0,1
202400016281,2024-08-03,après-midi,,,81,81140,1,1,2,4,3,Départementale,90.0,1
202400016282,2024-12-24,nuit,,,92,92077,5,2,2,4,3,Départementale,30.0,2
202400016283,2024-01-30,matin,,,29,29019,1,1,6,4,4,Voie communale,30.0,1
202400016284,2024-07-17,matin,,,31,31291,2,1,1,4,3,Départementale,80.0,1
202400016285,2024-12-25,après-midi,,,92,92063,1,2,3,4,4,Voie communale,50.0,2
202400016286,2024-09-08,nuit,,,94,94041,5,3,3,4,3,Départementale,50.0,2
202400016287,2024-01-31,matin,,,28,28134,5,1,6,4,4,Voie communale,30.0,1
202400016288,2024-12-26,après-midi,,,60,60318,1,1,2,4,3,Départementale,110.0,1
202400016289,2024-09-09,matin,,,94,94077,1,2,6,4,4,Voie communale,,2
202400016290,2024-08-04,nuit,,,17,17336,4,1,3,4,3,Départementale,70.0,1
202400016291,2024-01-30,après-midi,,,27,27306,1,1,1,4,4,Voie communale,30.0,1
202400016292,2024-12-25,nuit,,,34,34225,3,1,6,2,3,Départementale,90.0,1
202400016293,2024-09-09,matin,,,93,93031,1,8,3,4,3,Départementale,50.0,1
202400016294,2024-08-04,après-midi,,,14,14325,1,1,2,4,3,Départementale,50.0,1
202400016295,2024-01-31,après-midi,,,25,25056,1,7,6,4,4,Voie communale,30.0,1
202400016296,2024-08-03,nuit,,,27,27161,3,1,6,3,3,Départementale,80.0,1
202400016297,2024-09-09,matin,,,93,93062,1,2,3,4,4,Voie communale,50.0,2
202400016298,2024-01-29,nuit,,,17,17415,5,1,6,3,4,Voie communale,30.0,1
202400016299,2024-08-04,nuit,,,60,60028,3,1,6,3,3,Départementale,,1
202400016300,2024-09-09,matin,,,93,93073,5,1,6,4,4,Voie communale,50.0,1
202400016301,2024-12-26,matin,,,974,97422,1,1,7,3,2,Nationale,90.0,1
202400016302,2024-08-03,soirée,,,62,62148,1,1,6,3,3,Départementale,50.0,2
202400016303,2024-02-01,nuit,,,13,13208,5,1,1,3,4,Voie communale,50.0,1
202400016304,2024-09-06,soirée,,,93,93032,5,1,3,4,3,Départementale,50.0,1
202400016305,2024-12-26,matin,,,76,76584,3,5,5,4,1,Autoroute,130.0,1
202400016306,2024-01-31,après-midi,,,13,13209,1,1,3,3,9,Autre,50.0,1
202400016307,2024-09-09,après-midi,,,93,93010,1,2,6,4,4,Voie communale,50.0,2
202400016308,2024-12-20,nuit,,,62,62856,3,2,6,3,4,Voie communale,50.0,2
202400016309,2024-08-02,après-midi,,,13,13106,1,1,2,4,1,Autoroute,90.0,1
202400016310,2024-01-31,matin,,,13,13005,2,1,2,4,4,Voie communale,80.0,1
202400016311,2024-12-25,soirée,,,77,77065,3,2,1,3,3,Départementale,80.0,2
202400016312,2024-08-02,après-midi,,,69,69199,1,1,3,3,7,Autre,70.0,1
202400016313,2024-01-31,nuit,,,13,13005,3,1,7,4,4,Voie communale,50.0,1
202400016314,2024-09-09,après-midi,,,92,92073,1,2,3,4,3,Départementale,50.0,2
202400016315,2024-12-26,après-midi,,,79,79174,1,1,3,4,6,Autre,30.0,1
202400016316,2024-01-31,après-midi,,,04,04112,1,1,1,3,2,Nationale,80.0,1
202400016317,2024-08-02,nuit,,,69,69272,4,1,6,4,1,Autoroute,110.0,1
202400016318,2024-01-31,soirée,,,75,75119,5,1,7,3,4,Voie communale,70.0,1
202400016319,2024-12-25,soirée,,,80,80294,3,2,6,3,3,Départementale,80.0,2
202400016320,2024-09-09,matin,,,92,92036,1,1,2,4,3,Départementale,50.0,1
202400016321,2024-08-03,après-midi,,,91,91161,1,1,7,4,1,Autoroute,110.0,1
202400016322,2024-12-26,après-midi,,,80,80354,5,1,6,3,3,Départementale,50.0,2
202400016323,2024-08-03,après-midi,,,91,91659,1,1,7,4,1,Autoroute,110.0,1
202400016324,2024-01-30,matin,,,75,75108,1,1,3,2,4,Voie communale,30.0,1
202400016325,2024-09-08,soirée,,,92,92035,5,2,3,4,3,Départementale,50.0,2
202400016326,2024-12-25,soirée,,,32,32132,3,9,1,3,3,Départementale,80.0,2
202400016327,2024-08-03,après-midi,,,92,92002,1,1,2,4,2,Nationale,90.0,1
202400016328,2024-09-09,matin,,,92,92012,1,2,7,4,4,Voie communale,50.0,2
202400016329,2024-01-31,nuit,,,75,75111,5,1,3,4,4,Voie communale,30.0,1
202400016330,2024-08-03,après-midi,,,78,78640,1,1,4,4,1,Autoroute,90.0,1
202400016331,2024-12-26,matin,,,49,49323,3,2,3,3,3,Départementale,80.0,2
202400016332,2024-09-09,soirée,,,92,92002,1,8,3,4,3,Départementale,50.0,2
202400016333,2024-08-03,matin,,,78,78545,1,8,7,3,1,Autoroute,90.0,1
202400016334,2024-01-29,soirée,,,75,75117,5,1,6,4,4,Voie communale,50.0,1
202400016335,2024-12-26,matin,,,12,12270,2,7,6,3,4,Voie communale,50.0,1
202400016336,2024-09-09,nuit,,,01,01235,3,2,1,3,3,Départementale,80.0,2
202400016337,2024-08-02,après-midi,,,92,92025,1,1,2,4,1,Autoroute,90.0,1
202400016338,2024-12-25,soirée,,,41,41059,3,2,1,4,3,Départementale,70.0,2
202400016339,2024-01-30,matin,,,75,75115,2,1,2,4,4,Voie communale,30.0,1
202400016340,2024-09-09,après-midi,,,73,73245,1,2,3,3,3,Départementale,50.0,2
202400016341,2024-12-26,après-midi,,,34,34139,1,1,1,4,3,Départementale,80.0,1
202400016342,2024-01-31,soirée,,,75,75112,5,1,6,4,4,Voie communale,30.0,1
202400016343,2024-08-02,nuit,,,78,78571,3,1,2,4,1,Autoroute,110.0,1
202400016344,2024-09-10,matin,,,43,43080,1,1,3,3,4,Voie communale,50.0,1
202400016345,2024-01-31,matin,,,75,75109,2,1,7,4,4,Voie communale,30.0,1
202400016346,2024-08-03,matin,,,93,93001,1,1,2,4,1,Autoroute,70.0,1
202400016347,2024-12-25,matin,,,68,68155,2,1,7,4,3,Départementale,50.0,1
202400016348,2024-09-10,matin,,,57,57479,1,1,1,3,3,Départementale,80.0,2
202400016349,2024-01-30,nuit,,,75,75109,5,1,6,3,4,Voie communale,30.0,1
202400016350,2024-08-03,nuit,,,95,95527,3,1,2,4,1,Autoroute,90.0,1
202400016351,2024-12-26,après-midi,,,39,39285,1,1,1,4,3,Départementale,90.0,1
202400016352,2024-01-31,après-midi,,,75,75102,1,1,6,4,4,Voie communale,30.0,1
202400016353,2024-12-19,soirée,,,44,44052,5,2,1,4,3,Départementale,70.0,2
202400016354,2024-08-02,soirée,,,93,93066,5,1,4,4,1,Autoroute,90.0,1
202400016355,2024-09-07,après-midi,,,972,97214,1,1,3,4,2,Nationale,50.0,1
202400016356,2024-01-31,après-midi,,,75,75102,1,1,3,4,4,Voie communale,30.0,1
202400016357,2024-09-07,matin,,,972,97227,1,3,3,4,3,Départementale,90.0,2
202400016358,2024-12-24,soirée,,,29,29196,3,5,1,4,3,Départementale,80.0,2
202400016359,2024-08-03,après-midi,,,94,94033,1,1,5,4,1,Autoroute,90.0,1
202400016360,2024-12-25,après-midi,,,31,31399,3,2,7,3,3,Départementale,80.0,2
202400016361,2024-09-09,matin,,,21,21214,1,3,6,3,1,Autoroute,110.0,2
202400016362,2024-01-31,matin,,,94,94078,1,1,3,4,2,Nationale,50.0,1
202400016363,2024-12-24,après-midi,,,14,14326,1,2,6,3,3,Départementale,70.0,2
202400016364,2024-08-02,soirée,,,988,98818,5,2,6,4,4,Voie communale,50.0,2
202400016365,2024-09-10,après-midi,,,83,83036,1,1,3,4,3,Départementale,50.0,1
202400016366,2024-01-31,nuit,,,94,94077,5,1,7,4,3,Départementale,50.0,8
202400016367,2024-12-25,matin,,,60,60471,1,8,6,2,3,Départementale,80.0,2
202400016368,2024-08-02,après-midi,,,973,97302,1,1,3,4,4,Voie communale,50.0,1
202400016369,2024-09-10,après-midi,,,62,62506,1,2,6,3,3,Départementale,50.0,2
202400016370,2024-01-30,soirée,,,94,94068,5,1,2,4,3,Départementale,30.0,1
202400016371,2024-12-26,après-midi,,,64,64443,1,1,7,4,3,Départementale,80.0,2
202400016372,2024-09-10,matin,,,06,06064,1,1,1,4,4,Voie communale,30.0,1
202400016373,2024-08-02,soirée,,,69,69387,1,1,6,4,4,Voie communale,30.0,1
202400016374,2024-12-23,après-midi,,,43,43112,2,2,7,3,3,Départementale,50.0,2
202400016375,2024-01-31,matin,,,94,94042,1,1,2,4,3,Départementale,50.0,1
202400016376,2024-09-05,matin,,,14,14389,1,2,4,4,1,Autoroute,90.0,2
202400016377,2024-08-02,matin,,,69,69383,1,1,6,3,4,Voie communale,25.0,1
202400016378,2024-12-19,soirée,,,21,21425,5,2,6,3,3,Départementale,50.0,2
202400016379,2024-01-31,soirée,,,94,94016,5,1,6,4,4,Voie communale,30.0,1
202400016380,2024-08-02,après-midi,,,972,97209,1,1,6,4,1,Autoroute,50.0,1
202400016381,2024-09-10,nuit,,,14,14061,5,1,6,4,1,Autoroute,50.0,1
202400016382,2024-12-24,soirée,,,24,24490,3,1,3,3,3,Départementale,80.0,1
202400016383,2024-09-10,après-midi,,,12,12145,1,1,2,3,1,Autoroute,130.0,1
202400016384,2024-08-02,après-midi,,,972,97209,1,1,3,4,3,Départementale,50.0,1
202400016385,2024-12-24,nuit,,,85,85210,3,2,6,3,3,Départementale,70.0,2
202400016386,2024-08-02,soirée,,,69,69081,1,3,7,4,4,Voie communale,50.0,2
202400016387,2024-01-31,nuit,,,94,94081,5,1,3,4,4,Voie communale,80.0,1
202400016388,2024-09-10,nuit,,,35,35024,3,1,7,2,7,Autre,110.0,1
202400016389,2024-12-25,soirée,,,08,08264,3,1,6,3,3,Départementale,80.0,1
202400016390,2024-08-02,après-midi,,,2B,2B033,1,1,3,4,4,Voie communale,50.0,1
202400016391,2024-12-25,soirée,,,08,08185,3,2,6,3,3,Départementale,80.0,2
202400016392,2024-01-04,après-midi,,,94,94073,5,1,3,4,3,Départementale,50.0,1
202400016393,2024-09-09,après-midi,,,76,76361,1,2,3,4,3,Départementale,,2
202400016394,2024-08-01,soirée,,,971,97101,5,1,5,4,4,Voie communale,50.0,1
202400016395,2024-09-10,soirée,,,2B,2B273,3,1,6,4,3,Départementale,80.0,1
202400016396,2024-01-31,après-midi,,,93,93064,1,1,6,4,4,Voie communale,30.0,1
202400016397,2024-08-01,soirée,,,971,97101,1,1,6,4,4,Voie communale,50.0,1
202400016398,2024-09-09,après-midi,,,65,65169,1,1,6,2,3,Départementale,50.0,1
202400016399,2024-01-31,après-midi,,,92,92078,5,1,3,4,3,Départementale,20.0,1
202400016400,2024-08-02,soirée,,,2A,2A004,2,1,6,4,4,Voie communale,50.0,1
202400016401,2024-12-25,après-midi,,,987,98715,1,1,3,3,2,Nationale,50.0,1
202400016402,2024-09-09,soirée,,,47,47252,1,1,6,4,3,Départementale,70.0,1
202400016403,2024-12-26,nuit,,,49,49223,3,2,6,4,1,Autoroute,130.0,2
202400016404,2024-08-02,matin,,,2A,2A004,1,1,3,4,2,Nationale,50.0,1
202400016405,2024-01-31,matin,,,92,92078,1,1,2,4,3,Départementale,50.0,1
202400016406,2024-08-03,nuit,,,91,91228,3,1,7,4,3,Départementale,50.0,1
202400016407,2024-09-10,matin,,,41,41186,1,1,3,3,3,Départementale,,1
202400016408,2024-01-31,matin,,,92,92062,1,1,6,4,3,Départementale,50.0,1
202400016409,2024-08-02,nuit,,,91,91223,3,1,7,4,2,Nationale,90.0,2
202400016410,2024-08-31,nuit,,,29,29189,5,1,6,4,4,Voie communale,50.0,1
202400016411,2024-08-02,matin,,,87,87085,1,1,3,4,4,Voie communale,50.0,1
202400016412,2024-12-22,après-midi,,,14,14198,1,6,2,4,1,Autoroute,130.0,1
202400016413,2024-01-31,soirée,,,92,92024,5,1,6,4,4,Voie communale,30.0,1
202400016414,2024-09-08,matin,,,25,25367,1,1,3,4,3,Départementale,50.0,1
202400016415,2024-08-01,après-midi,,,87,87075,1,1,1,4,2,Nationale,70.0,1
202400016416,2024-09-08,après-midi,,,44,44175,1,2,6,3,3,Départementale,50.0,2
202400016417,2024-07-30,après-midi,,,84,84007,1,1,3,4,4,Voie communale,50.0,1
202400016418,2024-12-26,matin,,,69,69013,1,1,4,4,1,Autoroute,130.0,1
202400016419,2024-01-31,soirée,,,92,92004,4,1,6,3,4,Voie communale,50.0,1
202400016420,2024-12-26,matin,,,972,97230,1,1,1,4,3,Départementale,50.0,1
202400016421,2024-09-09,après-midi,,,44,44131,1,1,4,4,3,Départementale,90.0,1
202400016422,2024-08-01,après-midi,,,84,84007,1,1,3,4,4,Voie communale,20.0,1
202400016423,2024-02-01,après-midi,,,95,95487,1,1,3,4,3,Départementale,90.0,1
202400016424,2024-09-08,nuit,,,29,29163,5,2,6,4,3,Départementale,50.0,2
202400016425,2024-07-30,après-midi,,,83,83126,1,1,3,4,4,Voie communale,50.0,1
202400016426,2024-12-25,après-midi,,,45,45324,3,1,6,2,3,Départementale,90.0,2
202400016427,2024-02-01,nuit,,,972,97221,3,1,6,4,2,Nationale,80.0,1
202400016428,2024-09-10,après-midi,,,15,15187,1,1,3,4,4,Voie communale,50.0,1
202400016429,2024-12-26,après-midi,,,77,77315,2,1,7,3,3,Départementale,50.0,1
202400016430,2024-01-31,après-midi,,,972,97227,1,1,3,3,2,Nationale,80.0,1
202400016431,2024-08-07,matin,,,26,26278,1,1,7,3,3,Départementale,,1
202400016432,2024-08-02,soirée,,,80,80379,1,1,5,4,3,Départementale,80.0,1
202400016433,2024-12-25,nuit,,,13,13089,3,1,6,4,3,Départementale,80.0,1
202400016434,2024-08-02,après-midi,,,80,80724,1,1,3,4,4,Voie communale,50.0,1
202400016435,2024-01-29,soirée,,,69,69260,3,1,1,3,7,Autre,50.0,1
202400016436,2024-09-08,nuit,,,18,18101,4,5,7,3,3,Départementale,50.0,1
202400016437,2024-12-23,matin,,,13,13105,1,1,3,4,3,Départementale,80.0,1
202400016438,2024-01-31,après-midi,,,62,62452,3,1,7,3,3,Départementale,80.0,1
202400016439,2024-09-10,matin,,,36,36003,1,1,6,4,3,Départementale,80.0,1
202400016440,2024-07-31,matin,,,80,80021,1,1,3,4,4,Voie communale,5.0,1
202400016441,2024-12-24,nuit,,,33,33227,3,2,6,3,2,Nationale,70.0,2
202400016442,2024-08-02,nuit,,,78,78586,3,1,7,3,3,Départementale,80.0,1
202400016443,2024-12-21,nuit,,,29,29103,5,2,6,4,4,Voie communale,50.0,2
202400016444,2024-09-09,matin,,,07,07294,1,1,1,4,3,Départementale,90.0,1
202400016445,2024-01-31,après-midi,,,57,57235,1,8,1,4,3,Départementale,80.0,1
202400016446,2024-12-25,après-midi,,,22,22343,1,5,6,3,3,Départementale,50.0,2
202400016447,2024-09-10,matin,,,53,53097,1,8,2,2,3,Départementale,80.0,1
202400016448,2024-08-02,après-midi,,,78,78621,1,1,2,4,4,Voie communale,50.0,1
202400016449,2024-02-01,matin,,,56,56096,3,8,3,3,4,Voie communale,80.0,2
202400016450,2024-12-24,soirée,,,60,60047,3,2,1,4,3,Départementale,50.0,2
202400016451,2024-09-06,après-midi,,,04,04097,1,1,6,4,3,Départementale,80.0,1
202400016452,2024-08-02,nuit,,,77,77067,3,2,2,3,3,Départementale,70.0,2
202400016453,2024-01-25,soirée,,,76,76685,3,1,5,4,3,Départementale,70.0,1
202400016454,2024-09-09,matin,,,17,17218,1,1,3,4,3,Départementale,50.0,1
202400016455,2024-08-02,nuit,,,72,72181,5,1,3,4,4,Voie communale,50.0,1
202400016456,2024-01-30,matin,,,47,47310,1,1,6,3,3,Départementale,50.0,1
202400016457,2024-08-01,après-midi,,,72,72181,1,7,1,4,4,Voie communale,50.0,1
202400016458,2024-09-03,après-midi,,,37,37050,1,1,1,3,4,Voie communale,50.0,1
202400016459,2024-02-01,nuit,,,47,47140,3,5,6,3,3,Départementale,80.0,2
202400016460,2024-08-02,après-midi,,,71,71306,1,1,3,4,4,Voie communale,,1
202400016461,2024-01-26,matin,,,68,68004,5,1,3,4,3,Départementale,50.0,1
202400016462,2024-09-10,après-midi,,,30,30021,1,1,7,4,3,Départementale,80.0,1
202400016463,2024-08-01,soirée,,,71,71105,1,7,3,4,3,Départementale,50.0,1
202400016464,2024-02-01,soirée,,,25,25578,5,3,6,4,4,Voie communale,,2
202400016465,2024-09-09,soirée,,,13,13080,3,1,3,4,3,Départementale,80.0,1
202400016466,2024-07-31,après-midi,,,71,71270,1,1,7,3,4,Voie communale,50.0,1
202400016467,2024-01-27,après-midi,,,38,38229,1,1,6,3,4,Voie communale,50.0,1
202400016468,2024-08-02,après-midi,,,71,71076,1,1,3,4,4,Voie communale,50.0,1
202400016469,2024-09-10,matin,,,91,91579,1,1,3,3,3,Départementale,80.0,1
202400016470,2024-01-31,après-midi,,,38,38386,1,1,3,4,3,Départementale,80.0,1
202400016471,2024-08-02,après-midi,,,71,71118,1,1,3,4,3,Départementale,50.0,1
202400016472,2024-09-10,après-midi,,,66,66213,1,1,3,2,4,Voie communale,,1
202400016473,2024-07-19,soirée,,,69,69290,1,1,6,3,7,Autre,50.0,1
202400016474,2024-01-31,après-midi,,,01,01352,1,1,3,3,3,Départementale,80.0,1
202400016475,2024-09-10,après-midi,,,27,27701,1,1,2,4,1,Autoroute,130.0,1
202400016476,2024-08-02,après-midi,,,67,67482,1,1,6,4,4,Voie communale,50.0,1
202400016477,2024-02-01,nuit,,,26,26166,3,1,3,3,2,Nationale,80.0,1
202400016478,2024-09-09,après-midi,,,45,45121,1,2,6,4,3,Départementale,80.0,2
202400016479,2024-08-02,après-midi,,,67,67482,1,3,7,4,7,Autre,50.0,3
202400016480,2024-01-21,après-midi,,,83,83102,1,1,7,3,3,Départementale,80.0,1
202400016481,2024-09-07,après-midi,,,95,95012,1,1,6,3,3,Départementale,90.0,1
202400016482,2024-01-31,après-midi,,,64,64411,1,1,7,3,3,Départementale,80.0,1
202400016483,2024-08-02,matin,,,66,66136,1,1,2,4,4,Voie communale,50.0,1
202400016484,2024-09-04,soirée,,,34,34154,3,2,6,3,3,Départementale,90.0,2
202400016485,2024-01-31,après-midi,,,16,16251,1,1,6,4,3,Départementale,80.0,1
202400016486,2024-08-01,matin,,,64,64348,1,1,2,4,3,Départementale,70.0,1
202400016487,2024-08-02,soirée,,,62,62774,1,1,7,4,3,Départementale,30.0,1
202400016488,2024-09-06,nuit,,,13,13085,3,1,2,4,3,Départementale,80.0,1
202400016489,2024-01-31,soirée,,,85,85096,3,1,6,2,3,Départementale,80.0,1
202400016490,2024-08-23,nuit,,,67,67282,3,1,7,4,4,Voie communale,50.0,1
202400016491,2024-08-01,après-midi,,,62,62894,1,1,1,4,3,Départementale,70.0,1
202400016492,2024-01-31,matin,,,85,85025,2,1,2,3,3,Départementale,,1
202400016493,2024-06-27,nuit,,,59,59392,5,1,6,3,4,Voie communale,50.0,1
202400016494,2024-09-10,matin,,,42,42261,1,1,3,3,3,Départementale,50.0,1
202400016495,2024-08-02,soirée,,,56,56164,1,1,3,4,4,Voie communale,50.0,1
202400016496,2024-01-31,après-midi,,,27,27032,1,7,3,4,3,Départementale,80.0,1
202400016497,2024-09-10,matin,,,42,42328,1,1,3,4,3,Départementale,80.0,1
202400016498,2024-08-03,nuit,,,50,50502,3,1,3,4,3,Départementale,50.0,1
202400016499,2024-01-31,après-midi,,,28,28401,1,7,3,3,3,Départementale,90.0,1
202400016500,2024-09-08,après-midi,,,69,69228,1,2,1,4,3,Départementale,50.0,2
202400016501,2024-02-01,après-midi,,,23,23113,1,2,7,2,4,Voie communale,90.0,2
202400016502,2024-08-02,matin,,,50,50147,1,1,3,4,3,Départementale,30.0,1
202400016503,2024-08-02,soirée,,,49,49007,1,1,6,3,4,Voie communale,50.0,1
202400016504,2024-02-01,matin,,,30,30310,1,1,3,4,3,Départementale,80.0,1
202400016505,2024-02-01,après-midi,,,30,30227,1,1,1,4,3,Départementale,70.0,1
202400016506,2024-01-31,matin,,,33,33498,1,1,3,4,1,Autoroute,130.0,1
202400016507,2024-08-02,matin,,,35,35238,1,1,3,4,2,Nationale,50.0,1
202400016508,2024-02-01,après-midi,,,57,57144,2,7,4,4,1,Autoroute,110.0,1
202400016509,2024-08-01,nuit,,,35,35238,5,1,3,4,4,Voie communale,30.0,1
202400016510,2024-01-31,après-midi,,,14,14016,1,1,7,4,1,Autoroute,130.0,1
202400016511,2024-08-01,après-midi,,,35,35238,1,1,3,4,4,Voie communale,30.0,1
202400016512,2024-08-02,matin,,,34,34108,1,1,3,4,4,Voie communale,50.0,1
202400016513,2024-01-31,soirée,,,13,13032,3,1,1,4,3,Départementale,,1
202400016514,2024-08-02,matin,,,34,34301,1,1,6,4,4,Voie communale,50.0,1
202400016515,2024-01-31,après-midi,,,971,97128,1,1,7,2,3,Départementale,80.0,1
202400016516,2024-02-01,après-midi,,,971,97118,1,1,2,4,2,Nationale,90.0,1
202400016517,2024-08-02,soirée,,,34,34172,5,2,2,4,4,Voie communale,50.0,2
202400016518,2024-01-31,soirée,,,77,77005,3,1,6,3,3,Départementale,80.0,1
202400016519,2024-02-01,nuit,,,66,66190,3,1,6,3,3,Départementale,80.0,1
202400016520,2024-08-01,nuit,,,34,34172,5,1,1,3,4,Voie communale,50.0,1
202400016521,2024-08-03,nuit,,,33,33063,5,1,3,4,4,Voie communale,50.0,1
202400016522,2024-01-31,matin,,,34,34154,1,5,3,3,3,Départementale,70.0,1
202400016523,2024-08-01,matin,,,33,33119,1,1,3,4,4,Voie communale,50.0,1
202400016524,2024-08-01,matin,,,32,32013,1,8,1,3,4,Voie communale,50.0,1
202400016525,2024-02-01,nuit,,,67,67125,3,1,3,3,3,Départementale,80.0,2
202400016526,2024-08-02,nuit,,,30,30007,5,1,6,4,4,Voie communale,50.0,1
202400016527,2024-08-02,soirée,,,29,29254,1,1,2,4,3,Départementale,70.0,1
202400016528,2024-02-01,nuit,,,57,57620,3,2,3,3,1,Autoroute,80.0,2
202400016529,2024-08-01,matin,,,29,29039,1,1,6,4,6,Autre,10.0,1
202400016530,2024-02-01,matin,,,73,73215,1,1,2,3,3,Départementale,80.0,1
202400016531,2024-08-01,après-midi,,,29,29019,1,1,2,4,3,Départementale,70.0,1
202400016532,2024-02-01,matin,,,69,69074,1,1,6,3,3,Départementale,70.0,1
202400016533,2024-01-29,nuit,,,29,29094,3,1,7,3,3,Départementale,80.0,1
202400016534,2024-01-31,matin,,,22,22077,1,1,3,4,3,Départementale,80.0,1
202400016535,2024-08-01,après-midi,,,27,27229,1,1,1,4,4,Voie communale,50.0,1
202400016536,2024-08-02,nuit,,,19,19031,2,1,7,3,4,Voie communale,50.0,1
202400016537,2024-02-01,matin,,,57,57588,2,2,1,2,3,Départementale,80.0,2
202400016538,2024-08-01,matin,,,15,15014,1,1,3,4,4,Voie communale,50.0,1
202400016539,2024-02-01,après-midi,,,80,80759,1,1,2,4,3,Départementale,80.0,1
202400016540,2024-07-31,nuit,,,15,15014,3,1,6,4,4,Voie communale,50.0,1
202400016541,2024-02-01,matin,,,62,62014,1,1,6,3,4,Voie communale,50.0,1
202400016542,2024-08-02,matin,,,14,14574,1,1,1,4,3,Départementale,70.0,1
202400016543,2024-01-29,matin,,,59,59012,1,1,1,3,3,Départementale,80.0,1
202400016544,2024-01-31,matin,,,33,33366,1,1,3,4,1,Autoroute,130.0,1
202400016545,2024-08-02,matin,,,13,13108,1,1,3,4,3,Départementale,80.0,1
202400016546,2024-01-31,soirée,,,93,93064,3,1,2,4,1,Autoroute,70.0,1
202400016547,2024-08-02,soirée,,,13,13205,1,1,2,4,4,Voie communale,50.0,1
202400016548,2024-01-31,après-midi,,,95,95351,1,1,7,4,2,Nationale,110.0,1
202400016549,2024-01-31,après-midi,,,92,92078,1,1,7,4,1,Autoroute,70.0,1
202400016550,2024-01-31,soirée,,,94,94017,2,1,5,4,1,Autoroute,90.0,1
202400016551,2024-08-02,matin,,,13,13213,1,1,3,3,4,Voie communale,50.0,1
202400016552,2024-01-29,matin,,,987,98735,1,1,3,3,4,Voie communale,20.0,1
202400016553,2024-08-02,nuit,,,13,13005,4,1,6,4,4,Voie communale,30.0,1
202400016554,2024-01-30,après-midi,,,974,97407,1,1,3,4,4,Voie communale,50.0,1
202400016555,2024-08-02,matin,,,11,11069,1,1,3,3,4,Voie communale,50.0,1
202400016556,2024-01-30,nuit,,,69,69387,4,1,3,3,4,Voie communale,50.0,1
202400016557,2024-01-29,matin,,,972,97209,1,2,7,3,9,Autre,50.0,2
202400016558,2024-07-12,nuit,,,06,06088,5,1,3,3,4,Voie communale,50.0,1
202400016559,2024-01-30,matin,,,69,69034,1,1,6,4,6,Autre,10.0,1
202400016560,2024-01-30,soirée,,,2B,2B033,3,1,6,4,4,Voie communale,50.0,1
202400016561,2024-07-13,soirée,,,02,02408,1,1,6,4,4,Voie communale,30.0,1
202400016562,2024-01-30,soirée,,,971,97101,3,1,2,4,2,Nationale,90.0,1