Num_Acc,date,time_of_day,lat,long,dep,com,lum,atm,col,severity_index,catr,catr_label,vma,surf
202400016563,2024-01-29,matin,,,971,97101,1,1,3,4,3,Départementale,50.0,1
202400016564,2024-08-02,soirée,,,75,75116,1,1,4,4,4,Voie communale,70.0,1
202400016565,2024-08-02,après-midi,,,75,75115,1,1,2,4,4,Voie communale,70.0,1
202400016566,2024-08-02,après-midi,,,75,75116,1,1,2,4,4,Voie communale,70.0,1
202400016567,2024-08-02,après-midi,,,75,75110,1,1,3,3,4,Voie communale,30.0,1
202400016568,2024-08-02,matin,,,75,75112,1,1,4,4,4,Voie communale,70.0,1
202400016569,2024-08-01,soirée,,,75,75118,1,1,3,3,4,Voie communale,30.0,1
202400016570,2024-07-30,soirée,,,75,75103,5,1,4,4,4,Voie communale,30.0,1
202400016571,2024-08-02,après-midi,,,75,75119,1,1,3,4,4,Voie communale,30.0,1
202400016572,2024-08-02,après-midi,,,75,75119,1,1,2,4,4,Voie communale,50.0,1
202400016573,2024-08-02,nuit,,,75,75114,5,1,6,4,4,Voie communale,50.0,2
202400016574,2024-08-02,matin,,,75,75113,1,1,6,4,4,Voie communale,30.0,1
202400016575,2024-08-02,matin,,,75,75113,1,1,3,4,4,Voie communale,30.0,1
202400016576,2024-08-02,matin,,,94,94080,2,1,1,4,3,Départementale,30.0,1
202400016577,2024-08-02,nuit,,,94,94080,5,2,6,4,3,Départementale,30.0,2
202400016578,2024-08-01,après-midi,,,94,94080,1,1,2,4,3,Départementale,30.0,1
202400016579,2024-08-02,soirée,,,94,94055,1,1,3,4,3,Départementale,50.0,1
202400016580,2024-08-01,après-midi,,,94,94079,1,1,3,3,4,Voie communale,50.0,1
202400016581,2024-08-01,soirée,,,93,93078,1,1,3,4,4,Voie communale,50.0,1
202400016582,2024-08-02,après-midi,,,93,93066,1,1,3,4,3,Départementale,50.0,1
202400016583,2024-08-02,après-midi,,,93,93066,1,1,4,4,3,Départementale,50.0,1
202400016584,2024-08-02,après-midi,,,92,92046,1,1,3,4,3,Départementale,50.0,1
202400016585,2024-08-02,nuit,,,92,92072,5,1,6,2,3,Départementale,50.0,2
202400016586,2024-08-01,soirée,,,92,92050,1,1,2,4,3,Départementale,30.0,1
202400016587,2024-08-02,soirée,,,92,92049,1,1,6,4,4,Voie communale,50.0,1
202400016588,2024-08-02,matin,,,92,92020,1,1,1,4,3,Départementale,50.0,1
202400016589,2024-08-01,soirée,,,92,92035,1,1,7,4,4,Voie communale,30.0,1
202400016590,2024-08-02,matin,,,92,92025,1,1,6,4,4,Voie communale,30.0,1
202400016591,2024-08-01,après-midi,,,92,92024,1,1,7,4,4,Voie communale,50.0,1
202400016592,2024-08-02,soirée,,,974,97415,5,1,6,4,4,Voie communale,80.0,1
202400016593,2024-07-23,soirée,,,63,63123,1,1,3,3,3,Départementale,50.0,1
202400016594,2024-08-03,après-midi,,,40,40036,1,1,1,3,3,Départementale,50.0,1
202400016595,2024-08-02,soirée,,,17,17131,1,1,1,3,4,Voie communale,50.0,1
202400016596,2024-08-03,après-midi,,,18,18259,1,1,6,2,3,Départementale,80.0,1
202400016597,2024-07-30,après-midi,,,974,97422,3,1,1,3,2,Nationale,50.0,1
202400016598,2024-08-03,matin,,,51,51217,1,1,6,3,3,Départementale,50.0,1
202400016599,2024-08-02,après-midi,,,972,97214,1,1,7,3,2,Nationale,70.0,1
202400016600,2024-08-01,après-midi,,,972,97231,1,1,2,4,2,Nationale,80.0,1
202400016601,2024-08-02,matin,,,26,26337,2,1,3,4,1,Autoroute,130.0,1
202400016602,2024-08-02,matin,,,86,86254,1,1,3,3,3,Départementale,50.0,1
202400016603,2024-08-02,soirée,,,87,87146,1,1,5,2,1,Autoroute,130.0,1
202400016604,2024-08-03,matin,,,38,38030,1,1,1,4,3,Départementale,95.0,1
202400016605,2024-08-03,matin,,,60,60069,1,1,1,4,3,Départementale,80.0,1
202400016606,2024-08-02,après-midi,,,71,71054,1,1,1,4,3,Départementale,50.0,9
202400016607,2024-08-03,après-midi,,,51,51454,1,1,1,3,4,Voie communale,70.0,1
202400016608,2024-08-02,soirée,,,59,59571,3,8,6,4,3,Départementale,80.0,3
202400016609,2024-08-03,matin,,,19,19080,1,1,1,4,3,Départementale,50.0,1
202400016610,2024-08-02,nuit,,,19,19192,3,1,6,3,3,Départementale,50.0,1
202400016611,2024-08-02,matin,,,56,56179,1,1,6,4,4,Voie communale,30.0,1
202400016612,2024-07-08,matin,,,56,56194,1,1,3,4,3,Départementale,30.0,1
202400016613,2024-08-03,nuit,,,81,81171,3,1,6,3,3,Départementale,80.0,1
202400016614,2024-08-03,matin,,,81,81208,1,1,6,3,3,Départementale,80.0,1
202400016615,2024-08-02,soirée,,,71,71183,2,1,6,3,3,Départementale,80.0,9
202400016616,2024-08-03,matin,,,89,89378,1,1,3,4,3,Départementale,90.0,1
202400016617,2024-08-03,matin,,,42,42156,1,7,6,2,3,Départementale,50.0,1
202400016618,2024-08-03,soirée,,,42,42286,2,1,6,3,3,Départementale,50.0,1
202400016619,2024-08-03,après-midi,,,68,68307,1,1,7,3,3,Départementale,80.0,1
202400016620,2024-08-02,soirée,,,22,22182,1,1,6,3,3,Départementale,80.0,1
202400016621,2024-08-02,après-midi,,,44,44131,1,1,1,4,3,Départementale,80.0,1
202400016622,2024-07-18,nuit,,,29,29031,3,1,6,3,3,Départementale,80.0,1
202400016623,2024-08-03,après-midi,,,29,29024,1,2,3,4,3,Départementale,70.0,2
202400016624,2024-08-02,soirée,,,29,29117,2,1,6,3,4,Voie communale,80.0,1
202400016625,2024-05-28,après-midi,,,56,56098,1,2,3,4,2,Nationale,90.0,2
202400016626,2024-07-18,matin,,,29,29003,1,1,7,4,4,Voie communale,,1
202400016627,2024-05-29,matin,,,54,54395,1,1,6,4,4,Voie communale,30.0,1
202400016628,2024-08-02,soirée,,,02,02305,1,1,3,3,3,Départementale,80.0,1
202400016629,2024-05-28,soirée,,,54,54395,1,8,3,3,4,Voie communale,50.0,1
202400016630,2024-08-02,matin,,,01,01108,1,1,6,4,3,Départementale,50.0,1
202400016631,2024-05-28,après-midi,,,54,54395,1,1,3,4,4,Voie communale,30.0,1
202400016632,2024-08-02,après-midi,,,01,01124,1,1,3,4,3,Départementale,80.0,1
202400016633,2024-05-29,matin,,,54,54099,1,2,2,4,4,Voie communale,50.0,2
202400016634,2024-05-29,après-midi,,,53,53201,1,2,6,4,4,Voie communale,50.0,2
202400016635,2024-08-02,soirée,,,66,66149,2,1,3,4,4,Voie communale,50.0,2
202400016636,2024-08-02,après-midi,,,72,72195,1,1,6,3,3,Départementale,80.0,1
202400016637,2024-05-28,après-midi,,,51,51454,1,8,3,4,4,Voie communale,50.0,1
202400016638,2024-08-03,après-midi,,,06,06151,1,1,2,2,7,Autre,90.0,1
202400016639,2024-05-29,matin,,,45,45169,1,2,3,4,4,Voie communale,50.0,2
202400016640,2024-08-03,matin,,,50,50543,1,1,3,2,3,Départementale,80.0,1
202400016641,2024-05-29,après-midi,,,44,44184,1,8,6,4,6,Autre,30.0,2
202400016642,2024-07-31,matin,,,09,09329,1,1,2,3,3,Départementale,80.0,1
202400016643,2024-05-30,nuit,,,44,44109,5,1,3,4,4,Voie communale,30.0,1
202400016644,2024-08-02,matin,,,43,43026,1,1,7,3,3,Départementale,90.0,1
202400016645,2024-05-29,soirée,,,44,44020,2,2,7,3,2,Nationale,70.0,2
202400016646,2024-07-31,soirée,,,21,21501,1,1,3,4,3,Départementale,50.0,1
202400016647,2024-04-14,soirée,,,42,42218,1,1,6,4,4,Voie communale,50.0,1
202400016648,2024-08-01,soirée,,,85,85001,1,7,3,3,4,Voie communale,50.0,1
202400016649,2024-04-13,soirée,,,42,42218,1,1,3,4,4,Voie communale,30.0,1
202400016650,2024-08-02,soirée,,,85,85131,1,1,6,4,3,Départementale,80.0,1
202400016651,2024-05-29,matin,,,37,37122,1,1,3,4,3,Départementale,30.0,1
202400016652,2024-08-02,soirée,,,85,85042,1,1,7,3,3,Départementale,80.0,1
202400016653,2024-08-03,matin,,,37,37254,1,1,6,3,4,Voie communale,,6
202400016654,2024-05-29,après-midi,,,29,29232,1,2,6,4,4,Voie communale,30.0,2
202400016655,2024-05-29,après-midi,,,27,27681,1,2,4,4,3,Départementale,80.0,2
202400016656,2024-05-29,soirée,,,27,27375,2,2,7,4,3,Départementale,50.0,2
202400016657,2024-05-29,après-midi,,,70,70285,1,2,6,3,3,Départementale,50.0,2
202400016658,2024-05-29,après-midi,,,22,22106,1,1,3,4,4,Voie communale,50.0,1
202400016659,2024-05-28,après-midi,,,19,19031,1,1,2,4,4,Voie communale,50.0,1
202400016660,2024-05-29,soirée,,,17,17306,1,2,7,4,4,Voie communale,50.0,2
202400016661,2024-05-29,après-midi,,,17,17333,1,2,3,4,4,Voie communale,30.0,2
202400016662,2024-05-29,après-midi,,,14,14333,1,2,3,4,3,Départementale,70.0,2
202400016663,2024-05-28,nuit,,,14,14118,3,8,1,3,3,Départementale,70.0,2
202400016664,2024-05-27,soirée,,,13,13213,1,1,2,3,4,Voie communale,50.0,1
202400016665,2024-05-29,matin,,,13,13075,1,1,3,4,4,Voie communale,50.0,1
202400016666,2024-05-29,après-midi,,,07,07102,1,1,7,3,4,Voie communale,50.0,1
202400016667,2024-05-29,après-midi,,,06,06069,1,1,6,4,6,Autre,50.0,1
202400016668,2024-05-28,matin,,,06,06004,1,1,6,4,3,Départementale,50.0,1
202400016669,2024-05-29,matin,,,75,75119,1,2,7,3,4,Voie communale,30.0,2
202400016670,2024-05-29,après-midi,,,75,75118,1,2,3,4,4,Voie communale,30.0,2
202400016671,2024-05-29,après-midi,,,75,75117,1,2,3,4,4,Voie communale,30.0,2
202400016672,2024-05-29,matin,,,75,75116,1,2,3,4,4,Voie communale,30.0,2
202400016673,2024-05-29,soirée,,,75,75115,1,2,6,4,4,Voie communale,30.0,2
202400016674,2024-05-29,après-midi,,,75,75115,1,2,7,4,4,Voie communale,30.0,2
202400016675,2024-05-29,matin,,,75,75113,1,2,3,4,4,Voie communale,30.0,2
202400016676,2024-05-29,matin,,,75,75114,2,2,7,4,4,Voie communale,30.0,2
202400016677,2024-05-29,matin,,,75,75110,1,2,6,4,4,Voie communale,30.0,2
202400016678,2024-05-29,après-midi,,,75,75108,1,2,7,4,4,Voie communale,50.0,2
202400016679,2024-05-29,après-midi,,,75,75107,1,2,6,4,4,Voie communale,30.0,2
202400016680,2024-05-29,matin,,,75,75113,1,2,2,4,4,Voie communale,30.0,2
202400016681,2024-05-29,matin,,,75,75107,1,2,3,4,4,Voie communale,30.0,2
202400016682,2024-05-29,après-midi,,,75,75101,1,2,3,4,4,Voie communale,30.0,2
202400016683,2024-05-29,après-midi,,,94,94058,1,2,1,4,4,Voie communale,30.0,2
202400016684,2024-05-29,après-midi,,,93,93064,1,3,3,4,3,Départementale,50.0,2
202400016685,2024-05-28,nuit,,,93,93064,5,1,3,4,4,Voie communale,50.0,1
202400016686,2024-05-29,matin,,,93,93077,1,2,3,4,4,Voie communale,50.0,2
202400016687,2024-05-29,après-midi,,,93,93046,1,2,2,4,3,Départementale,50.0,3
202400016688,2024-05-29,matin,,,93,93074,1,2,6,4,3,Départementale,30.0,2
202400016689,2024-05-29,soirée,,,93,93010,1,3,3,4,4,Voie communale,30.0,2
202400016690,2024-05-29,soirée,,,92,92064,1,2,6,4,4,Voie communale,50.0,2
202400016691,2024-05-29,après-midi,,,92,92064,1,2,3,4,3,Départementale,50.0,2
202400016692,2024-05-29,matin,,,92,92064,1,2,7,4,4,Voie communale,50.0,2
202400016693,2024-05-29,après-midi,,,92,92063,1,2,7,4,4,Voie communale,50.0,2
202400016694,2024-05-29,après-midi,,,92,92051,1,2,2,4,4,Voie communale,50.0,2
202400016695,2024-05-29,après-midi,,,92,92051,1,2,3,4,3,Départementale,50.0,2
202400016696,2024-05-28,soirée,,,92,92050,1,1,3,4,4,Voie communale,,1
202400016697,2024-05-29,matin,,,92,92020,1,2,3,4,3,Départementale,30.0,2
202400016698,2024-05-29,après-midi,,,92,92026,1,2,3,4,3,Départementale,50.0,2
202400016699,2024-05-29,après-midi,,,92,92012,1,2,3,4,4,Voie communale,30.0,2
202400016700,2024-05-29,après-midi,,,92,92012,1,2,7,4,3,Départementale,50.0,2
202400016701,2024-05-29,matin,,,92,92012,1,2,7,4,3,Départementale,50.0,2
202400016702,2024-05-28,nuit,,,92,92012,5,2,6,4,3,Départementale,50.0,2
202400016703,2024-05-29,nuit,,,54,54350,5,3,7,3,3,Départementale,50.0,2
202400016704,2024-05-26,après-midi,,,24,24448,1,1,3,4,3,Départementale,70.0,1
202400016705,2024-05-30,matin,,,60,60440,1,1,6,3,3,Départementale,80.0,1
202400016706,2024-05-26,nuit,,,45,45293,2,1,6,4,3,Départementale,50.0,1
202400016707,2024-05-29,après-midi,,,86,86070,1,2,3,3,3,Départementale,70.0,2
202400016708,2024-05-30,matin,,,83,83019,2,1,1,3,3,Départementale,70.0,1
202400016709,2024-05-29,après-midi,,,65,65146,1,1,3,4,2,Nationale,70.0,1
202400016710,2024-05-30,matin,,,47,47121,1,8,2,4,3,Départementale,80.0,1
202400016711,2024-05-24,matin,,,89,89471,1,1,5,3,3,Départementale,70.0,1
202400016712,2024-05-29,après-midi,,,56,56248,1,2,3,4,3,Départementale,50.0,2
202400016713,2024-05-30,matin,,,56,56002,1,1,5,4,2,Nationale,110.0,1
202400016714,2024-05-30,après-midi,,,2B,2B207,1,1,6,4,3,Départementale,30.0,1
202400016715,2024-05-30,après-midi,,,71,71313,1,1,6,4,3,Départementale,80.0,1
202400016716,2024-05-30,soirée,,,63,63154,1,1,3,4,3,Départementale,90.0,1
202400016717,2024-05-29,après-midi,,,12,12209,1,1,6,3,3,Départementale,50.0,1
202400016718,2024-05-18,après-midi,,,25,25228,1,1,2,4,4,Voie communale,50.0,1
202400016719,2024-05-24,soirée,,,25,25258,1,1,7,3,3,Départementale,70.0,1
202400016720,2024-05-29,après-midi,,,44,44223,1,8,3,4,3,Départementale,80.0,2
202400016721,2024-05-29,après-midi,,,44,44131,1,2,1,3,3,Départementale,80.0,2
202400016722,2024-05-30,matin,,,38,38311,1,3,6,3,4,Voie communale,50.0,2
202400016723,2024-05-29,soirée,,,38,38361,1,1,6,2,3,Départementale,80.0,1
202400016724,2024-05-29,soirée,,,15,15087,1,3,1,4,3,Départementale,80.0,2
202400016725,2024-05-30,matin,,,72,72068,1,1,6,4,6,Autre,10.0,1
202400016726,2024-05-28,soirée,,,50,50628,3,2,6,4,3,Départementale,80.0,2
202400016727,2024-05-29,après-midi,,,64,64291,1,1,5,4,4,Voie communale,80.0,1
202400016728,2024-05-29,matin,,,07,07346,1,1,3,3,3,Départementale,90.0,1
202400016729,2024-05-28,matin,,,40,40195,1,1,1,4,3,Départementale,80.0,1
202400016730,2024-05-30,après-midi,,,17,17253,1,1,1,3,3,Départementale,80.0,1
202400016731,2024-05-30,après-midi,,,30,30102,1,1,7,3,3,Départementale,70.0,1
202400016732,2024-05-30,après-midi,,,09,09239,1,5,3,4,3,Départementale,80.0,1
202400016733,2024-05-28,matin,,,973,97311,1,3,2,3,3,Départementale,50.0,2
202400016734,2024-05-26,soirée,,,34,34111,2,1,6,3,3,Départementale,50.0,1
202400016735,2024-05-28,soirée,,,67,67336,1,1,7,2,3,Départementale,80.0,1
202400016736,2024-05-30,après-midi,,,55,55122,1,1,6,2,4,Voie communale,30.0,1
202400016737,2024-05-30,après-midi,,,63,63150,1,1,6,3,6,Autre,30.0,1
202400016738,2024-05-10,soirée,,,01,01160,1,1,3,4,3,Départementale,30.0,1
202400016739,2024-04-30,après-midi,,,01,01160,1,1,6,3,3,Départementale,50.0,1
202400016740,2024-05-30,matin,,,33,33449,1,1,6,3,4,Voie communale,50.0,2
202400016741,2024-05-29,soirée,,,14,14658,1,8,3,4,3,Départementale,90.0,2
202400016742,2024-05-27,après-midi,,,14,14488,1,1,6,3,3,Départementale,50.0,1
202400016743,2024-05-27,soirée,,,14,14060,2,1,7,3,3,Départementale,110.0,1
202400016744,2024-05-12,après-midi,,,27,27031,1,1,3,4,4,Voie communale,70.0,1
202400016745,2024-05-30,après-midi,,,80,80034,2,3,5,4,3,Départementale,80.0,2
202400016746,2024-05-29,après-midi,,,83,83144,1,1,2,4,1,Autoroute,70.0,1
202400016747,2024-05-26,après-midi,,,59,59234,1,1,7,3,1,Autoroute,90.0,1
202400016748,2024-05-27,nuit,,,59,59196,3,3,7,4,7,Autre,50.0,2
202400016749,2024-05-26,après-midi,,,59,59328,1,3,7,4,7,Autre,90.0,2
202400016750,2024-05-25,nuit,,,62,62907,3,1,6,4,1,Autoroute,130.0,1
202400016751,2024-05-29,soirée,,,94,94043,1,2,3,4,1,Autoroute,70.0,2
202400016752,2024-05-29,matin,,,94,94076,1,8,3,4,1,Autoroute,90.0,1
202400016753,2024-05-29,matin,,,92,92047,1,2,3,4,1,Autoroute,110.0,2
202400016754,2024-05-29,matin,,,78,78640,1,2,3,4,2,Nationale,90.0,2
202400016755,2024-05-29,matin,,,92,92025,1,1,3,4,1,Autoroute,90.0,2
202400016756,2024-05-28,matin,,,92,92036,1,1,3,3,1,Autoroute,90.0,1
202400016757,2024-05-29,matin,,,95,95572,1,2,5,4,2,Nationale,90.0,2
202400016758,2024-05-29,matin,,,95,95018,1,2,6,4,1,Autoroute,110.0,2
202400016759,2024-05-26,soirée,,,93,93005,1,1,3,4,1,Autoroute,90.0,1
202400016760,2024-05-29,matin,,,77,77517,1,2,2,4,1,Autoroute,90.0,2
202400016761,2024-05-29,nuit,,,77,77258,3,1,4,4,1,Autoroute,110.0,1
202400016762,2024-05-27,matin,,,06,06029,1,1,3,4,4,Voie communale,50.0,1
202400016763,2024-03-01,nuit,,,35,35288,4,1,6,2,4,Voie communale,30.0,1
202400016764,2024-03-19,soirée,,,74,74007,2,1,6,4,3,Départementale,70.0,1
202400016765,2024-03-17,après-midi,,,74,74042,1,1,7,3,6,Autre,50.0,1
202400016766,2024-03-15,matin,,,74,74105,1,1,3,3,3,Départementale,50.0,1
202400016767,2024-03-10,soirée,,,74,74042,3,2,6,3,3,Départementale,80.0,2
202400016768,2024-02-17,soirée,,,74,74260,3,1,1,3,3,Départementale,,1
202400016769,2024-05-27,matin,,,987,98735,1,1,3,4,4,Voie communale,20.0,1
202400016770,2024-05-28,soirée,,,974,97416,3,2,4,4,2,Nationale,80.0,2
202400016771,2024-05-27,après-midi,,,974,97411,1,1,1,4,4,Voie communale,30.0,1
202400016772,2024-05-28,après-midi,,,974,97409,1,1,6,4,4,Voie communale,30.0,1
202400016773,2024-05-27,matin,,,974,97407,1,7,3,4,2,Nationale,50.0,1
202400016774,2024-05-28,matin,,,973,97302,1,3,7,4,3,Départementale,50.0,4
202400016775,2024-05-28,matin,,,973,97302,1,3,2,4,3,Départementale,50.0,2
202400016776,2024-05-28,soirée,,,69,69383,1,1,6,4,4,Voie communale,10.0,1
202400016777,2024-05-27,matin,,,972,97209,1,1,6,4,3,Départementale,30.0,1
202400016778,2024-05-28,soirée,,,971,97101,2,1,6,4,4,Voie communale,50.0,3
202400016779,2024-05-26,soirée,,,971,97113,5,1,6,4,2,Nationale,70.0,1
202400016780,2024-05-28,nuit,,,91,91477,2,1,1,3,3,Départementale,70.0,1
202400016781,2024-05-28,après-midi,,,91,91691,1,2,3,4,3,Départementale,30.0,2
202400016782,2024-05-28,matin,,,91,91421,1,1,3,4,2,Nationale,90.0,1
202400016783,2024-05-28,matin,,,91,91433,1,1,6,4,3,Départementale,90.0,1
202400016784,2024-10-14,après-midi,,,33,33348,1,1,3,4,3,Départementale,50.0,1
202400016785,2024-05-28,après-midi,,,90,90010,1,1,3,4,4,Voie communale,50.0,1
202400016786,2024-10-13,soirée,,,71,71201,2,1,6,3,3,Départementale,80.0,1
202400016787,2024-10-13,soirée,,,68,68135,1,8,6,3,4,Voie communale,50.0,1
202400016788,2024-05-27,soirée,,,87,87085,1,1,7,4,4,Voie communale,30.0,1
202400016789,2024-05-24,après-midi,,,87,87085,1,1,3,4,2,Nationale,50.0,2
202400016790,2024-10-14,après-midi,,,31,31033,1,1,6,3,3,Départementale,50.0,1
202400016791,2024-05-28,soirée,,,84,84087,1,7,7,4,3,Départementale,80.0,1
202400016792,2024-10-13,soirée,,,31,31592,1,7,3,2,3,Départementale,80.0,1
202400016793,2024-05-23,soirée,,,84,84007,5,1,6,4,4,Voie communale,50.0,1
202400016794,2024-10-13,nuit,,,31,31561,5,1,3,4,4,Voie communale,50.0,1
202400016795,2024-05-28,matin,,,78,78401,1,2,3,4,3,Départementale,50.0,2
202400016796,2024-10-13,soirée,,,31,31581,5,1,6,3,3,Départementale,50.0,1
202400016797,2024-05-28,après-midi,,,78,78208,1,2,3,3,3,Départementale,50.0,2
202400016798,2024-10-15,matin,,,38,38303,2,1,3,3,3,Départementale,70.0,1
202400016799,2024-05-28,après-midi,,,77,77284,1,2,7,4,4,Voie communale,50.0,2
202400016800,2024-10-14,soirée,,,72,72296,3,1,1,4,4,Voie communale,90.0,1
202400016801,2024-05-27,après-midi,,,76,76351,1,1,6,3,4,Voie communale,50.0,1
202400016802,2024-10-13,après-midi,,,14,14431,1,1,3,4,3,Départementale,80.0,1
202400016803,2024-10-15,après-midi,,,50,50138,1,2,6,4,3,Départementale,80.0,2
202400016804,2024-05-28,matin,,,72,72181,1,2,3,4,4,Voie communale,50.0,2
202400016805,2024-10-15,matin,,,50,50585,3,5,2,4,3,Départementale,80.0,1
202400016806,2024-05-28,après-midi,,,71,71270,1,1,6,4,4,Voie communale,50.0,1
202400016807,2024-10-14,soirée,,,60,60513,2,8,1,3,3,Départementale,80.0,1
202400016808,2024-05-28,après-midi,,,69,69266,1,1,3,4,4,Voie communale,50.0,1
202400016809,2024-05-26,matin,,,69,69259,1,1,3,4,4,Voie communale,50.0,1
202400016810,2024-10-15,après-midi,,,64,64490,1,2,1,3,3,Départementale,90.0,2
202400016811,2024-05-28,après-midi,,,67,67482,1,1,7,2,4,Voie communale,50.0,1
202400016812,2024-10-11,après-midi,,,43,43244,1,1,2,3,3,Départementale,90.0,1
202400016813,2024-05-28,nuit,,,64,64445,5,1,6,3,3,Départementale,50.0,1
202400016814,2024-10-10,soirée,,,27,27463,3,2,6,3,3,Départementale,80.0,2
202400016815,2024-10-10,soirée,,,27,27481,3,2,6,3,3,Départementale,80.0,2
202400016816,2024-05-28,matin,,,63,63113,1,1,2,4,7,Autre,30.0,1
202400016817,2024-05-25,soirée,,,62,62624,1,1,2,4,3,Départementale,50.0,1
202400016818,2024-10-15,après-midi,,,17,17053,1,1,3,2,3,Départementale,90.0,1
202400016819,2024-10-15,nuit,,,68,68242,3,1,6,2,1,Autoroute,130.0,1
202400016820,2024-05-28,après-midi,,,62,62193,1,2,3,4,4,Voie communale,50.0,2
202400016821,2024-10-15,après-midi,,,18,18140,1,1,7,4,1,Autoroute,130.0,1
202400016822,2024-05-28,matin,,,60,60057,1,2,3,4,4,Voie communale,50.0,2
202400016823,2024-05-28,après-midi,,,59,59527,1,2,1,4,4,Voie communale,50.0,2
202400016824,2024-10-15,matin,,,95,95061,1,1,3,4,3,Départementale,80.0,1
202400016825,2024-05-26,soirée,,,56,56121,2,1,3,4,4,Voie communale,50.0,1
202400016826,2024-10-12,nuit,,,01,01213,3,1,2,3,1,Autoroute,130.0,1
202400016827,2024-05-27,matin,,,56,56098,1,1,2,4,2,Nationale,70.0,2
202400016828,2024-10-14,après-midi,,,987,98715,1,1,3,4,2,Nationale,30.0,1
202400016829,2024-05-27,après-midi,,,54,54395,1,1,3,4,4,Voie communale,50.0,1
202400016830,2024-10-15,matin,,,13,13109,1,1,2,4,1,Autoroute,90.0,1
202400016831,2024-05-27,matin,,,54,54025,1,1,1,3,4,Voie communale,50.0,1
202400016832,2024-10-14,après-midi,,,62,62019,1,2,2,3,1,Autoroute,130.0,2
202400016833,2024-05-27,soirée,,,54,54099,1,1,7,4,3,Départementale,80.0,1
202400016834,2024-05-27,matin,,,49,49007,1,1,3,4,1,Autoroute,90.0,1
202400016835,2024-10-12,soirée,,,971,97118,5,1,2,3,2,Nationale,90.0,1
202400016836,2024-10-12,après-midi,,,978,97801,1,1,6,3,4,Voie communale,50.0,1
202400016837,2024-05-28,soirée,,,44,44109,1,1,1,3,4,Voie communale,30.0,1
202400016838,2024-05-28,matin,,,44,44109,1,1,2,4,4,Voie communale,30.0,1
202400016839,2024-10-15,matin,,,77,77196,2,1,2,4,2,Nationale,110.0,1
202400016840,2024-05-28,matin,,,37,37122,1,1,6,4,4,Voie communale,50.0,1
202400016841,2024-10-15,matin,,,77,77238,2,1,2,4,3,Départementale,70.0,1
202400016842,2024-05-28,matin,,,35,35238,1,2,3,4,7,Autre,30.0,2
202400016843,2024-10-14,matin,,,78,78346,1,1,1,4,3,Départementale,80.0,1
202400016844,2024-05-27,matin,,,34,34003,1,1,1,3,4,Voie communale,30.0,1
202400016845,2024-10-14,soirée,,,84,84054,1,2,6,3,5,Autre,,2
202400016846,2024-05-28,soirée,,,33,33162,1,1,6,4,6,Autre,20.0,1
202400016847,2024-10-14,soirée,,,83,83106,3,1,1,3,3,Départementale,80.0,2
202400016848,2024-05-28,nuit,,,33,33063,5,1,6,4,4,Voie communale,50.0,1
202400016849,2024-10-15,après-midi,,,83,83023,1,1,6,3,4,Voie communale,50.0,1
202400016850,2024-05-28,soirée,,,33,33063,1,1,1,4,4,Voie communale,50.0,1
202400016851,2024-10-11,après-midi,,,06,06077,2,1,7,4,3,Départementale,80.0,1
202400016852,2024-05-28,soirée,,,33,33063,1,1,6,3,4,Voie communale,50.0,1
202400016853,2024-10-15,après-midi,,,06,06048,1,1,5,4,3,Départementale,70.0,1
202400016854,2024-05-28,après-midi,,,33,33529,1,1,3,4,4,Voie communale,50.0,1
202400016855,2024-10-13,après-midi,,,13,13042,1,1,2,4,3,Départementale,50.0,1
202400016856,2024-04-30,matin,,,31,31555,1,1,6,2,4,Voie communale,30.0,1
202400016857,2024-10-13,après-midi,,,69,69228,1,1,1,4,3,Départementale,80.0,1
202400016858,2024-05-27,après-midi,,,29,29232,1,1,2,4,3,Départementale,90.0,1
202400016859,2024-09-21,soirée,,,85,85298,1,2,1,4,3,Départementale,80.0,2
202400016860,2024-05-28,matin,,,29,29019,1,1,3,4,4,Voie communale,50.0,2
202400016861,2024-10-14,après-midi,,,49,49138,1,1,3,3,3,Départementale,90.0,1
202400016862,2024-10-11,après-midi,,,29,29042,1,1,7,3,3,Départementale,50.0,1
202400016863,2024-05-28,matin,,,26,26252,1,1,3,3,2,Nationale,70.0,1
202400016864,2024-05-28,soirée,,,25,25056,1,1,2,4,2,Nationale,,1
202400016865,2024-10-10,après-midi,,,35,35047,1,1,1,3,7,Autre,80.0,1
202400016866,2024-05-28,soirée,,,25,25056,5,1,3,4,4,Voie communale,50.0,1
202400016867,2024-10-14,soirée,,,33,33122,1,1,6,4,1,Autoroute,50.0,1
202400016868,2024-05-28,nuit,,,13,13103,1,1,7,4,3,Départementale,50.0,1
202400016869,2024-05-28,matin,,,13,13213,1,1,3,4,4,Voie communale,50.0,1
202400016870,2024-10-14,matin,,,33,33448,1,1,2,4,1,Autoroute,130.0,1
202400016871,2024-05-27,matin,,,10,10387,1,1,6,4,4,Voie communale,50.0,1
202400016872,2024-10-14,matin,,,33,33487,3,1,4,4,1,Autoroute,130.0,1
202400016873,2024-05-28,après-midi,,,09,09225,1,1,6,4,3,Départementale,50.0,9
202400016874,2024-10-14,matin,,,33,33065,5,1,3,4,2,Nationale,90.0,1