Num_Acc,date,time_of_day,lat,long,dep,com,lum,atm,col,severity_index,catr,catr_label,vma,surf
202400016875,2024-05-28,après-midi,,,03,03190,1,1,3,4,4,Voie communale,50.0,1
202400016876,2024-10-11,soirée,,,33,33249,5,1,2,4,1,Autoroute,90.0,1
202400016877,2024-10-14,matin,,,91,91340,1,1,3,4,1,Autoroute,90.0,1
202400016878,2024-05-28,après-midi,,,75,75119,1,2,4,4,4,Voie communale,30.0,2
202400016879,2024-10-13,après-midi,,,78,78640,1,1,5,4,2,Nationale,50.0,1
202400016880,2024-05-28,matin,,,75,75119,1,8,3,4,4,Voie communale,30.0,1
202400016881,2024-10-13,après-midi,,,78,78498,1,1,6,4,1,Autoroute,110.0,1
202400016882,2024-05-28,après-midi,,,75,75117,1,2,3,4,4,Voie communale,25.0,2
202400016883,2024-10-13,matin,,,78,78206,2,1,2,4,1,Autoroute,130.0,1
202400016884,2024-05-28,matin,,,75,75116,1,2,3,4,4,Voie communale,30.0,2
202400016885,2024-10-12,nuit,,,78,78043,3,1,5,4,1,Autoroute,110.0,2
202400016886,2024-05-28,matin,,,75,75116,1,8,2,4,4,Voie communale,30.0,1
202400016887,2024-10-14,après-midi,,,95,95582,1,1,6,4,1,Autoroute,110.0,1
202400016888,2024-10-14,matin,,,95,95060,1,1,2,4,1,Autoroute,90.0,1
202400016889,2024-05-28,après-midi,,,75,75115,1,8,7,4,4,Voie communale,30.0,1
202400016890,2024-10-14,après-midi,,,93,93010,1,1,2,4,1,Autoroute,90.0,1
202400016891,2024-10-14,matin,,,93,93073,1,1,2,4,1,Autoroute,110.0,1
202400016892,2024-10-10,soirée,,,95,95582,3,2,2,4,1,Autoroute,110.0,2
202400016893,2024-06-24,après-midi,,,84,84042,1,1,6,3,3,Départementale,30.0,1
202400016894,2024-05-23,matin,,,80,80642,1,1,3,3,3,Départementale,50.0,1
202400016895,2024-04-29,soirée,,,80,80159,2,1,7,4,1,Autoroute,130.0,1
202400016896,2024-05-20,soirée,,,32,32227,1,1,2,3,3,Départementale,80.0,1
202400016897,2024-07-20,soirée,,,41,41151,1,1,6,3,6,Autre,,1
202400016898,2024-07-26,nuit,,,24,24301,3,1,6,3,3,Départementale,80.0,1
202400016899,2024-07-25,après-midi,,,57,57620,1,1,1,4,1,Autoroute,80.0,1
202400016900,2024-10-13,soirée,,,69,69152,5,1,6,4,7,Autre,30.0,1
202400016901,2024-10-11,matin,,,69,69034,1,1,3,3,4,Voie communale,50.0,1
202400016902,2024-10-13,après-midi,,,95,95268,1,1,6,4,4,Voie communale,50.0,1
202400016903,2024-10-12,après-midi,,,95,95572,1,2,6,3,4,Voie communale,50.0,2
202400016904,2024-10-11,après-midi,,,95,95323,1,1,6,3,4,Voie communale,50.0,1
202400016905,2024-10-12,matin,,,91,91347,1,8,1,4,4,Voie communale,50.0,1
202400016906,2024-10-13,matin,,,91,91174,5,1,3,4,4,Voie communale,30.0,1
202400016907,2024-10-13,nuit,,,84,84007,4,3,1,4,2,Nationale,80.0,3
202400016908,2024-10-12,après-midi,,,83,83137,1,8,1,4,3,Départementale,70.0,1
202400016909,2024-10-12,après-midi,,,81,81257,1,1,3,4,4,Voie communale,50.0,1
202400016910,2024-10-13,soirée,,,78,78168,4,1,3,4,4,Voie communale,50.0,1
202400016911,2024-10-13,après-midi,,,77,77058,1,1,3,4,3,Départementale,50.0,1
202400016912,2024-09-23,matin,,,76,76114,1,1,6,3,4,Voie communale,50.0,1
202400016913,2024-10-08,après-midi,,,73,73011,1,2,6,4,4,Voie communale,30.0,2
202400016914,2024-10-13,après-midi,,,71,71076,1,1,2,4,4,Voie communale,50.0,1
202400016915,2024-10-13,après-midi,,,69,69091,1,1,5,4,7,Autre,80.0,1
202400016916,2024-10-13,après-midi,,,64,64445,1,1,3,4,4,Voie communale,50.0,1
202400016917,2024-10-13,matin,,,64,64445,1,1,7,4,4,Voie communale,50.0,1
202400016918,2024-10-12,nuit,,,60,60382,5,1,1,3,3,Départementale,80.0,2
202400016919,2024-10-13,nuit,,,44,44143,5,1,1,3,4,Voie communale,50.0,1
202400016920,2024-10-13,matin,,,35,35051,1,1,2,4,2,Nationale,90.0,1
202400016921,2024-10-13,après-midi,,,22,22278,1,1,3,4,4,Voie communale,50.0,1
202400016922,2024-10-13,après-midi,,,17,17415,1,1,6,3,4,Voie communale,30.0,1
202400016923,2024-10-08,après-midi,,,14,14243,1,1,7,4,4,Voie communale,30.0,1
202400016924,2024-10-13,après-midi,,,13,13103,1,1,3,3,4,Voie communale,50.0,1
202400016925,2024-09-05,soirée,,,13,13077,4,1,4,4,4,Voie communale,50.0,1
202400016926,2024-10-13,après-midi,,,13,13204,1,1,1,3,4,Voie communale,50.0,1
202400016927,2024-10-12,matin,,,13,13211,1,1,3,3,4,Voie communale,50.0,1
202400016928,2024-10-13,après-midi,,,13,13047,1,1,1,4,2,Nationale,80.0,1
202400016929,2024-10-12,nuit,,,08,08409,3,1,6,3,3,Départementale,30.0,1
202400016930,2024-10-13,nuit,,,07,07019,5,2,5,4,4,Voie communale,30.0,2
202400016931,2024-10-13,après-midi,,,03,03101,1,1,3,4,3,Départementale,90.0,1
202400016932,2024-10-12,nuit,,,01,01031,5,2,6,4,3,Départementale,50.0,2
202400016933,2024-10-11,après-midi,,,75,75112,1,1,2,4,4,Voie communale,50.0,1
202400016934,2024-10-11,nuit,,,75,75110,5,1,6,3,4,Voie communale,30.0,1
202400016935,2024-10-10,soirée,,,75,75120,5,1,4,4,4,Voie communale,30.0,1
202400016936,2024-10-13,soirée,,,75,75118,5,1,6,4,4,Voie communale,30.0,1
202400016937,2024-10-13,nuit,,,75,75116,5,1,6,3,4,Voie communale,30.0,1
202400016938,2024-10-13,nuit,,,75,75115,5,1,3,4,4,Voie communale,30.0,1
202400016939,2024-10-13,matin,,,75,75113,1,1,7,3,4,Voie communale,30.0,1
202400016940,2024-10-13,après-midi,,,75,75110,1,1,3,4,4,Voie communale,30.0,1
202400016941,2024-10-12,nuit,,,94,94074,5,1,6,3,4,Voie communale,30.0,1
202400016942,2024-10-13,soirée,,,94,94002,5,1,3,3,4,Voie communale,50.0,1
202400016943,2024-10-13,après-midi,,,94,94041,1,1,3,4,3,Départementale,50.0,1
202400016944,2024-10-13,nuit,,,93,93073,5,2,2,4,4,Voie communale,50.0,2
202400016945,2024-10-13,matin,,,93,93066,1,1,1,4,3,Départementale,50.0,1
202400016946,2024-10-13,soirée,,,93,93055,5,1,6,4,3,Départementale,50.0,1
202400016947,2024-10-13,matin,,,93,93053,1,1,6,4,3,Départementale,50.0,1
202400016948,2024-10-11,soirée,,,92,92062,5,1,6,4,4,Voie communale,50.0,2
202400016949,2024-10-13,après-midi,,,92,92050,1,1,3,4,3,Départementale,50.0,1
202400016950,2024-10-13,soirée,,,92,92012,5,1,3,4,4,Voie communale,50.0,1
202400016951,2024-10-14,matin,,,78,78356,1,1,3,3,3,Départementale,70.0,1
202400016952,2024-10-13,après-midi,,,71,71360,1,1,3,4,3,Départementale,80.0,1
202400016953,2024-10-08,après-midi,,,974,97415,1,1,2,3,2,Nationale,90.0,1
202400016954,2024-10-14,matin,,,11,11413,1,1,1,4,3,Départementale,80.0,1
202400016955,2024-10-13,après-midi,,,09,09224,1,1,1,3,3,Départementale,80.0,1
202400016956,2024-10-13,nuit,,,22,22190,3,1,7,3,3,Départementale,80.0,1
202400016957,2024-10-14,matin,,,40,40036,1,1,6,4,3,Départementale,80.0,1
202400016958,2024-10-06,nuit,,,40,40304,5,1,6,3,4,Voie communale,30.0,1
202400016959,2024-10-14,après-midi,,,49,49188,1,1,1,2,4,Voie communale,80.0,1
202400016960,2024-10-10,soirée,,,83,83004,2,1,6,3,4,Voie communale,50.0,1
202400016961,2024-10-14,matin,,,59,59016,1,3,1,3,3,Départementale,80.0,2
202400016962,2024-10-13,matin,,,79,79007,1,1,7,3,3,Départementale,80.0,1
202400016963,2024-10-12,nuit,,,79,79179,4,1,7,3,3,Départementale,80.0,1
202400016964,2024-10-12,nuit,,,79,79061,3,1,7,2,3,Départementale,80.0,1
202400016965,2024-09-15,soirée,,,80,80597,5,1,3,3,3,Départementale,80.0,1
202400016966,2024-10-13,après-midi,,,82,82115,1,1,6,4,3,Départementale,80.0,1
202400016967,2024-10-10,soirée,,,11,11269,3,1,4,4,3,Départementale,90.0,1
202400016968,2024-10-14,soirée,,,41,41106,2,1,3,4,4,Voie communale,50.0,1
202400016969,2024-10-14,après-midi,,,68,68258,1,1,7,4,4,Voie communale,,1
202400016970,2024-10-02,après-midi,,,22,22196,1,1,6,4,3,Départementale,80.0,1
202400016971,2024-10-12,après-midi,,,44,44064,1,1,7,3,3,Départementale,80.0,1
202400016972,2024-10-11,matin,,,44,44096,2,5,3,3,3,Départementale,80.0,1
202400016973,2024-10-06,matin,,,29,29212,5,1,1,4,3,Départementale,80.0,1
202400016974,2024-10-13,après-midi,,,31,31145,1,1,7,3,3,Départementale,50.0,1
202400016975,2024-10-13,soirée,,,50,50487,3,1,1,3,4,Voie communale,80.0,1
202400016976,2024-10-12,après-midi,,,16,16167,1,2,3,4,3,Départementale,50.0,2
202400016977,2024-10-13,après-midi,,,04,04084,1,7,6,4,3,Départementale,80.0,1
202400016978,2024-10-13,nuit,,,85,85204,3,1,7,4,4,Voie communale,80.0,1
202400016979,2024-10-11,après-midi,,,27,27170,1,1,6,3,4,Voie communale,50.0,1
202400016980,2024-10-14,après-midi,,,17,17098,1,1,1,3,3,Départementale,80.0,1
202400016981,2024-10-13,après-midi,,,87,87019,1,1,6,3,3,Départementale,80.0,2
202400016982,2024-10-13,après-midi,,,987,98734,1,1,6,3,4,Voie communale,30.0,1
202400016983,2024-10-09,matin,,,973,97307,1,1,3,3,2,Nationale,70.0,1
202400016984,2024-10-11,après-midi,,,42,42011,1,1,2,3,1,Autoroute,130.0,1
202400016985,2024-10-12,après-midi,,,01,01062,1,3,2,4,1,Autoroute,110.0,2
202400016986,2024-10-13,nuit,,,82,82049,3,1,1,4,1,Autoroute,130.0,1
202400016987,2024-09-30,après-midi,,,36,36101,1,1,3,4,3,Départementale,50.0,1
202400016988,2024-10-11,après-midi,,,14,14712,1,1,2,3,1,Autoroute,130.0,1
202400016989,2024-10-08,après-midi,,,73,73065,1,1,3,4,1,Autoroute,50.0,2
202400016990,2024-10-13,nuit,,,77,77333,3,1,1,4,1,Autoroute,130.0,1
202400016991,2024-10-12,nuit,,,60,60505,3,9,1,3,3,Départementale,80.0,2
202400016992,2024-10-13,nuit,,,977,97701,3,1,6,2,3,Départementale,30.0,1
202400016993,2024-10-12,soirée,,,971,97104,2,1,6,4,2,Nationale,50.0,1
202400016994,2024-10-13,après-midi,,,78,78380,1,1,3,3,4,Voie communale,30.0,1
202400016995,2024-10-13,après-midi,,,83,83071,1,1,2,4,4,Voie communale,50.0,1
202400016996,2024-10-13,soirée,,,83,83104,2,1,1,3,3,Départementale,80.0,2
202400016997,2024-10-14,soirée,,,13,13096,2,2,3,3,3,Départementale,50.0,2
202400016998,2024-10-14,après-midi,,,13,13027,2,2,2,4,3,Départementale,80.0,2
202400016999,2024-10-12,nuit,,,03,03298,5,3,7,4,3,Départementale,50.0,2
202400017000,2024-10-14,après-midi,,,73,73075,1,1,1,3,3,Départementale,70.0,2
202400017001,2024-10-13,soirée,,,69,69140,3,1,7,4,3,Départementale,,1
202400017002,2024-10-13,matin,,,33,33504,1,1,3,3,3,Départementale,80.0,1
202400017003,2024-10-13,soirée,,,49,49301,3,1,6,2,3,Départementale,70.0,1
202400017004,2024-10-14,matin,,,44,44047,2,2,3,3,4,Voie communale,70.0,2
202400017005,2024-10-13,matin,,,50,50505,1,1,2,4,3,Départementale,,1
202400017006,2024-10-04,matin,,,35,35047,1,1,6,4,4,Voie communale,20.0,1
202400017007,2024-10-13,soirée,,,13,13212,1,1,2,4,1,Autoroute,70.0,1
202400017008,2024-10-12,matin,,,13,13026,3,1,3,4,1,Autoroute,90.0,1
202400017009,2024-10-13,après-midi,,,83,83126,1,1,3,4,1,Autoroute,90.0,1
202400017010,2024-10-12,soirée,,,67,67152,1,1,7,4,7,Autre,50.0,1
202400017011,2024-10-12,soirée,,,91,91286,3,1,6,4,1,Autoroute,110.0,2
202400017012,2024-10-13,nuit,,,91,91689,3,1,5,4,1,Autoroute,110.0,1
202400017013,2024-10-12,nuit,,,91,91553,3,1,4,4,2,Nationale,110.0,1
202400017014,2024-10-12,après-midi,,,95,95277,1,2,4,4,1,Autoroute,110.0,2
202400017015,2024-10-12,après-midi,,,93,93078,1,2,7,4,1,Autoroute,90.0,2
202400017016,2024-10-11,soirée,,,95,95061,3,1,2,4,2,Nationale,110.0,1
202400017017,2024-10-12,après-midi,,,93,93010,1,2,3,4,1,Autoroute,90.0,2
202400017018,2024-10-12,après-midi,,,93,93005,1,2,5,4,1,Autoroute,110.0,2
202400017019,2024-10-12,nuit,,,95,95500,3,1,4,4,1,Autoroute,90.0,1
202400017020,2024-10-12,nuit,,,93,93053,3,1,6,3,1,Autoroute,90.0,1
202400017021,2024-10-12,nuit,,,93,93005,3,1,5,4,1,Autoroute,110.0,1
202400017022,2024-10-11,soirée,,,93,93010,3,1,2,4,1,Autoroute,110.0,1
202400017023,2024-10-13,nuit,,,77,77141,3,1,2,4,1,Autoroute,130.0,2
202400017024,2024-10-12,soirée,,,77,77169,3,2,2,4,2,Nationale,90.0,2
202400017025,2024-10-12,après-midi,,,94,94028,1,2,4,4,1,Autoroute,90.0,2
202400017026,2024-10-12,après-midi,,,94,94018,1,3,2,4,1,Autoroute,90.0,2
202400017027,2024-10-06,après-midi,,,44,44009,1,1,2,4,2,Nationale,90.0,1
202400017028,2024-10-03,matin,,,44,44109,2,1,6,4,4,Voie communale,30.0,1
202400017029,2024-09-24,après-midi,,,44,44109,1,1,3,4,4,Voie communale,30.0,1
202400017030,2024-10-11,après-midi,,,14,14366,1,1,6,3,4,Voie communale,50.0,1
202400017031,2024-10-11,après-midi,,,92,92026,1,1,3,4,3,Départementale,50.0,1
202400017032,2024-03-11,après-midi,,,75,75114,1,2,3,4,4,Voie communale,30.0,2
202400017033,2024-03-13,après-midi,,,75,75113,1,8,6,4,4,Voie communale,30.0,1
202400017034,2024-03-13,après-midi,,,75,75101,1,1,3,4,4,Voie communale,30.0,1
202400017035,2024-03-13,matin,,,75,75103,1,8,6,4,4,Voie communale,30.0,1
202400017036,2024-03-13,nuit,,,75,75101,5,2,7,4,4,Voie communale,30.0,2
202400017037,2024-03-12,matin,,,75,75101,1,8,7,4,4,Voie communale,30.0,2
202400017038,2024-03-03,matin,,,94,94058,1,1,1,4,4,Voie communale,,1
202400017039,2024-03-13,après-midi,,,94,94003,1,1,6,4,4,Voie communale,50.0,1
202400017040,2024-03-10,soirée,,,94,94028,5,1,3,4,4,Voie communale,50.0,1
202400017041,2024-03-13,soirée,,,94,94015,5,1,3,4,4,Voie communale,50.0,1
202400017042,2024-03-13,matin,,,93,93051,2,1,6,4,3,Départementale,50.0,2
202400017043,2024-03-13,soirée,,,93,93033,5,2,6,4,4,Voie communale,,2
202400017044,2024-03-13,matin,,,93,93049,2,2,3,4,3,Départementale,50.0,2
202400017045,2024-03-13,matin,,,93,93006,1,1,7,4,4,Voie communale,,1
202400017046,2024-03-12,nuit,,,93,93006,5,1,6,4,3,Départementale,50.0,2
202400017047,2024-03-13,après-midi,,,93,93047,1,1,6,4,4,Voie communale,50.0,1
202400017048,2024-03-13,soirée,,,92,92064,5,1,3,4,3,Départementale,50.0,1
202400017049,2024-03-13,après-midi,,,92,92044,1,8,7,3,4,Voie communale,50.0,2
202400017050,2024-07-01,matin,,,94,94003,1,1,3,4,3,Départementale,50.0,1
202400017051,2024-03-12,après-midi,,,92,92025,1,2,6,4,4,Voie communale,30.0,2
202400017052,2024-07-01,matin,,,94,94076,2,1,3,4,3,Départementale,50.0,1
202400017053,2024-03-12,après-midi,,,92,92060,1,2,6,4,4,Voie communale,30.0,2
202400017054,2024-03-12,soirée,,,92,92012,5,2,6,3,3,Départementale,50.0,2
202400017055,2024-06-30,nuit,,,94,94043,5,1,3,4,4,Voie communale,30.0,1
202400017056,2024-03-12,après-midi,,,12,12140,1,1,6,3,3,Départementale,90.0,1
202400017057,2024-07-01,nuit,,,94,94073,5,1,3,4,3,Départementale,50.0,1
202400017058,2024-03-14,matin,,,08,08239,1,1,6,3,3,Départementale,50.0,1
202400017059,2024-07-01,soirée,,,94,94028,1,1,1,4,4,Voie communale,50.0,1
202400017060,2024-07-01,soirée,,,94,94011,1,1,3,4,3,Départementale,50.0,1
202400017061,2024-03-12,nuit,,,87,87120,3,2,1,3,1,Autoroute,130.0,2
202400017062,2024-07-01,matin,,,94,94060,1,1,6,4,4,Voie communale,50.0,1
202400017063,2024-03-14,matin,,,06,06095,1,1,1,3,3,Départementale,80.0,1
202400017064,2024-06-30,soirée,,,93,93005,1,1,1,4,3,Départementale,50.0,1
202400017065,2024-03-13,après-midi,,,34,34270,1,1,6,2,7,Autre,50.0,1
202400017066,2024-07-01,nuit,,,93,93078,5,1,3,4,4,Voie communale,50.0,1
202400017067,2024-03-02,après-midi,,,51,51248,1,1,1,4,4,Voie communale,50.0,1
202400017068,2024-06-30,soirée,,,93,93047,1,1,3,4,4,Voie communale,50.0,1
202400017069,2024-07-01,après-midi,,,93,93008,1,1,6,4,4,Voie communale,30.0,1
202400017070,2024-03-13,matin,,,31,31541,1,1,3,4,7,Autre,50.0,1
202400017071,2024-06-25,soirée,,,92,92063,1,1,3,4,3,Départementale,50.0,1
202400017072,2024-03-14,matin,,,55,55488,1,1,1,4,4,Voie communale,50.0,1
202400017073,2024-06-30,après-midi,,,92,92049,1,1,7,4,3,Départementale,50.0,1
202400017074,2024-03-13,après-midi,,,72,72103,1,7,6,3,3,Départementale,80.0,1
202400017075,2024-03-14,matin,,,14,14100,1,1,6,3,4,Voie communale,30.0,1
202400017076,2024-06-30,nuit,,,92,92035,5,1,3,4,3,Départementale,50.0,1
202400017077,2024-03-13,soirée,,,27,27304,1,1,3,3,3,Départementale,50.0,1
202400017078,2024-06-30,après-midi,,,92,92035,1,1,3,4,3,Départementale,50.0,1
202400017079,2024-07-01,matin,,,92,92026,1,1,3,4,3,Départementale,50.0,1
202400017080,2024-03-13,soirée,,,80,80131,2,1,6,3,1,Autoroute,110.0,1
202400017081,2024-02-10,soirée,,,67,67326,5,1,7,3,7,Autre,40.0,1
202400017082,2024-07-02,après-midi,,,40,40168,1,1,2,3,1,Autoroute,130.0,1
202400017083,2024-03-14,matin,,,69,69385,1,1,3,4,4,Voie communale,30.0,1
202400017084,2024-07-01,soirée,,,60,60643,1,1,6,4,4,Voie communale,50.0,1
202400017085,2024-03-13,nuit,,,83,83096,3,1,3,4,1,Autoroute,130.0,1
202400017086,2024-07-01,après-midi,,,60,60040,1,1,3,3,3,Départementale,80.0,1
202400017087,2024-03-13,soirée,,,27,27213,5,1,1,3,3,Départementale,50.0,1
202400017088,2024-06-30,soirée,,,39,39487,1,1,1,3,2,Nationale,80.0,2
202400017089,2024-03-09,après-midi,,,42,42330,1,3,2,4,1,Autoroute,110.0,2
202400017090,2024-07-02,après-midi,,,25,25212,1,1,2,4,1,Autoroute,130.0,1
202400017091,2024-07-01,matin,,,17,17245,1,1,7,4,3,Départementale,80.0,1
202400017092,2024-03-13,après-midi,,,33,33013,1,1,5,4,2,Nationale,90.0,1
202400017093,2024-07-01,après-midi,,,16,16186,1,1,7,3,3,Départementale,90.0,1
202400017094,2024-03-08,matin,,,59,59479,1,1,7,3,1,Autoroute,130.0,1
202400017095,2024-06-28,nuit,,,68,68029,2,1,3,4,3,Départementale,50.0,1
202400017096,2024-03-13,matin,,,92,92060,1,1,2,4,2,Nationale,110.0,1
202400017097,2024-07-02,matin,,,68,68023,1,1,7,4,3,Départementale,50.0,1
202400017098,2024-07-02,matin,,,67,67202,1,1,6,2,3,Départementale,80.0,1
202400017099,2024-03-12,nuit,,,92,92050,5,2,7,4,1,Autoroute,50.0,2
202400017100,2024-07-02,après-midi,,,83,83036,1,1,6,3,4,Voie communale,50.0,1
202400017101,2024-03-12,soirée,,,92,92012,5,2,2,4,1,Autoroute,70.0,2
202400017102,2024-03-11,soirée,,,95,95277,3,1,6,4,1,Autoroute,90.0,8
202400017103,2024-06-28,soirée,,,14,14347,1,1,5,4,3,Départementale,80.0,1
202400017104,2024-03-11,soirée,,,93,93066,3,2,2,4,1,Autoroute,90.0,2
202400017105,2024-07-02,après-midi,,,50,50487,1,1,6,3,1,Autoroute,70.0,1
202400017106,2024-07-02,après-midi,,,14,14061,1,1,2,4,1,Autoroute,130.0,1
202400017107,2024-03-13,après-midi,,,94,94058,1,1,5,4,1,Autoroute,90.0,1
202400017108,2024-01-11,soirée,,,74,74010,5,1,3,4,4,Voie communale,50.0,2
202400017109,2024-07-02,matin,,,27,27148,1,8,2,3,1,Autoroute,130.0,1
202400017110,2024-01-11,après-midi,,,74,74010,1,1,1,4,4,Voie communale,50.0,1
202400017111,2024-07-02,matin,,,79,79161,1,1,1,4,3,Départementale,80.0,1
202400017112,2024-03-12,après-midi,,,974,97411,1,1,6,4,4,Voie communale,50.0,1
202400017113,2024-03-12,matin,,,974,97411,1,1,6,4,2,Nationale,50.0,1
202400017114,2024-07-02,après-midi,,,82,82042,1,1,3,4,3,Départementale,80.0,1
202400017115,2024-06-30,après-midi,,,65,65460,1,1,2,3,3,Départementale,50.0,1
202400017116,2024-03-12,après-midi,,,973,97302,1,1,2,4,3,Départementale,50.0,1
202400017117,2024-03-11,matin,,,973,97302,1,1,3,4,3,Départementale,50.0,1
202400017118,2024-06-28,nuit,,,32,32160,3,1,1,4,2,Nationale,80.0,1
202400017119,2024-05-17,soirée,,,42,42048,2,1,1,4,3,Départementale,50.0,2
202400017120,2024-03-13,nuit,,,69,69387,5,1,1,4,4,Voie communale,30.0,1
202400017121,2024-03-12,après-midi,,,69,69387,1,1,3,4,4,Voie communale,50.0,2
202400017122,2024-06-10,matin,,,29,29146,2,1,3,4,3,Départementale,80.0,1
202400017123,2024-03-12,matin,,,69,69034,1,8,3,4,4,Voie communale,50.0,2
202400017124,2024-06-29,matin,,,03,03126,2,5,6,3,3,Départementale,80.0,1
202400017125,2024-03-11,soirée,,,971,97113,1,1,2,4,2,Nationale,70.0,1
202400017126,2024-06-30,après-midi,,,03,03110,1,8,1,4,3,Départementale,90.0,2
202400017127,2024-07-01,après-midi,,,70,70282,1,1,6,3,3,Départementale,90.0,1
202400017128,2024-03-12,matin,,,2A,2A004,1,1,6,4,4,Voie communale,50.0,1
202400017129,2024-07-01,soirée,,,58,58280,1,1,3,4,3,Départementale,,1
202400017130,2024-03-11,après-midi,,,2A,2A004,2,2,2,4,4,Voie communale,50.0,2
202400017131,2024-06-30,matin,,,66,66137,1,1,6,4,3,Départementale,50.0,1
202400017132,2024-03-12,soirée,,,95,95680,5,1,6,4,3,Départementale,50.0,2
202400017133,2024-07-02,matin,,,54,54072,1,1,6,3,3,Départementale,80.0,1
202400017134,2024-03-12,après-midi,,,95,95203,1,2,6,4,3,Départementale,50.0,2
202400017135,2024-07-02,matin,,,72,72139,1,8,1,4,3,Départementale,90.0,1
202400017136,2024-03-11,matin,,,95,95598,1,1,3,4,4,Voie communale,30.0,1
202400017137,2024-06-25,matin,,,72,72071,1,1,6,4,3,Départementale,80.0,1
202400017138,2024-03-12,matin,,,91,91570,1,1,6,4,4,Voie communale,50.0,1
202400017139,2024-06-14,matin,,,06,06108,1,1,3,4,3,Départementale,50.0,1
202400017140,2024-03-12,après-midi,,,91,91471,1,2,3,4,4,Voie communale,50.0,2
202400017141,2024-07-01,après-midi,,,90,90087,1,3,1,4,3,Départementale,50.0,2
202400017142,2024-03-11,après-midi,,,91,91122,1,1,3,4,4,Voie communale,30.0,1
202400017143,2024-07-02,matin,,,36,36006,1,1,6,4,4,Voie communale,50.0,1
202400017144,2024-03-11,soirée,,,91,91345,5,2,6,3,3,Départementale,50.0,2
202400017145,2024-07-02,après-midi,,,16,16181,1,1,1,4,4,Voie communale,80.0,1
202400017146,2024-03-12,après-midi,,,91,91114,1,2,6,4,4,Voie communale,30.0,2
202400017147,2024-07-01,matin,,,17,17197,1,1,3,4,3,Départementale,50.0,1
202400017148,2024-03-11,après-midi,,,91,91201,1,2,6,4,6,Autre,30.0,2
202400017149,2024-03-12,après-midi,,,91,91228,2,2,6,4,4,Voie communale,50.0,2
202400017150,2024-07-01,matin,,,37,37211,1,1,3,3,3,Départementale,80.0,1
202400017151,2024-03-12,matin,,,91,91228,1,8,6,4,4,Voie communale,50.0,1
202400017152,2024-06-25,matin,,,37,37282,1,1,3,3,3,Départementale,80.0,1
202400017153,2024-03-12,soirée,,,91,91223,3,1,2,4,3,Départementale,90.0,1
202400017154,2024-06-25,après-midi,,,37,37273,1,1,3,4,4,Voie communale,50.0,1
202400017155,2024-03-07,après-midi,,,89,89387,1,1,3,4,4,Voie communale,50.0,1
202400017156,2024-03-11,soirée,,,87,87085,1,1,3,4,4,Voie communale,50.0,1
202400017157,2024-07-01,après-midi,,,30,30344,1,1,5,3,3,Départementale,80.0,1
202400017158,2024-03-11,après-midi,,,87,87085,1,1,6,4,4,Voie communale,30.0,1
202400017159,2024-07-01,matin,,,53,53140,1,1,2,3,1,Autoroute,130.0,1
202400017160,2024-03-07,après-midi,,,87,87085,1,1,3,4,4,Voie communale,30.0,1
202400017161,2024-07-02,matin,,,90,90011,1,1,3,3,1,Autoroute,110.0,1
202400017162,2024-03-12,après-midi,,,84,84007,1,1,3,4,4,Voie communale,20.0,1
202400017163,2024-07-02,nuit,,,06,06088,5,1,2,3,1,Autoroute,90.0,1
202400017164,2024-03-12,nuit,,,83,83118,5,1,1,4,3,Départementale,50.0,1
202400017165,2024-07-02,matin,,,13,13087,1,1,2,4,1,Autoroute,,1
202400017166,2024-07-01,après-midi,,,974,97418,1,1,3,2,3,Départementale,,1
202400017167,2024-03-11,après-midi,,,83,83050,1,1,1,4,4,Voie communale,30.0,1
202400017168,2024-06-23,soirée,,,78,78329,1,1,3,3,3,Départementale,80.0,1
202400017169,2024-03-12,soirée,,,78,78440,5,2,6,3,3,Départementale,50.0,2
202400017170,2024-06-30,matin,,,04,04039,1,1,1,3,3,Départementale,80.0,1
202400017171,2024-07-02,matin,,,13,13059,1,1,1,4,3,Départementale,70.0,1
202400017172,2024-03-13,nuit,,,77,77373,3,2,7,4,3,Départementale,90.0,2
202400017173,2024-07-01,soirée,,,21,21517,1,1,7,3,3,Départementale,80.0,1
202400017174,2024-03-12,matin,,,77,77083,5,8,3,4,4,Voie communale,30.0,2
202400017175,2024-02-18,soirée,,,77,77407,2,2,6,2,4,Voie communale,50.0,2
202400017176,2024-06-23,soirée,,,51,51198,1,1,7,4,3,Départementale,80.0,1
202400017177,2024-03-12,nuit,,,76,76540,5,1,6,4,7,Autre,50.0,1
202400017178,2024-07-01,matin,,,44,44209,1,1,3,3,4,Voie communale,80.0,1
202400017179,2024-03-08,soirée,,,76,76296,3,1,7,4,3,Départementale,70.0,1
202400017180,2024-07-02,matin,,,38,38377,1,1,1,4,6,Autre,10.0,1
202400017181,2024-06-30,après-midi,,,38,38415,1,1,7,3,3,Départementale,80.0,9
202400017182,2024-03-11,après-midi,,,73,73008,1,1,4,4,3,Départementale,50.0,1
202400017183,2024-03-11,après-midi,,,72,72181,1,1,6,4,4,Voie communale,50.0,1
202400017184,2024-06-29,après-midi,,,69,69121,1,1,3,4,3,Départementale,70.0,1
202400017185,2024-03-11,après-midi,,,72,72181,1,1,3,4,4,Voie communale,50.0,1
202400017186,2024-03-11,après-midi,,,68,68224,1,1,3,4,4,Voie communale,50.0,1
202400017187,2024-05-19,nuit,,,69,69010,5,1,3,4,2,Nationale,50.0,1