Num_Acc,date,time_of_day,lat,long,dep,com,lum,atm,col,severity_index,catr,catr_label,vma,surf
202400017188,2024-03-11,soirée,,,66,66136,1,1,3,3,4,Voie communale,50.0,1
202400017189,2024-07-01,soirée,,,64,64421,2,2,1,3,2,Nationale,50.0,2
202400017190,2024-03-12,après-midi,,,64,64445,1,1,2,4,4,Voie communale,30.0,1
202400017191,2024-07-01,après-midi,,,33,33075,1,1,4,4,1,Autoroute,90.0,1
202400017192,2024-03-11,soirée,,,64,64102,1,1,3,4,3,Départementale,50.0,1
202400017193,2024-06-27,soirée,,,59,59009,1,1,7,3,1,Autoroute,70.0,1
202400017194,2024-07-01,soirée,,,91,91136,1,1,3,3,1,Autoroute,90.0,1
202400017195,2024-03-12,soirée,,,63,63113,5,1,3,4,4,Voie communale,30.0,1
202400017196,2024-03-11,soirée,,,62,62193,5,1,1,4,3,Départementale,50.0,1
202400017197,2024-02-04,après-midi,,,62,62774,1,2,7,4,3,Départementale,90.0,2
202400017198,2024-07-01,après-midi,,,94,94034,1,1,3,3,1,Autoroute,70.0,1
202400017199,2024-03-11,matin,,,56,56260,1,1,2,4,3,Départementale,50.0,2
202400017200,2024-07-01,matin,,,91,91659,1,1,5,4,1,Autoroute,110.0,1
202400017201,2024-03-10,après-midi,,,56,56121,1,1,3,4,4,Voie communale,30.0,1
202400017202,2024-07-01,matin,,,91,91434,2,1,3,4,1,Autoroute,110.0,2
202400017203,2024-07-01,nuit,,,91,91347,3,1,3,4,2,Nationale,110.0,2
202400017204,2024-03-12,matin,,,51,51454,1,1,3,4,4,Voie communale,30.0,1
202400017205,2024-03-11,soirée,,,50,50129,5,1,7,2,4,Voie communale,50.0,1
202400017206,2024-07-01,après-midi,,,92,92050,1,1,4,4,1,Autoroute,70.0,1
202400017207,2024-03-12,après-midi,,,47,47031,1,1,1,4,3,Départementale,50.0,1
202400017208,2024-07-01,matin,,,92,92048,1,1,2,4,2,Nationale,90.0,1
202400017209,2024-03-11,après-midi,,,45,45147,1,1,3,4,4,Voie communale,50.0,1
202400017210,2024-06-30,soirée,,,92,92036,1,1,4,4,2,Nationale,70.0,1
202400017211,2024-03-12,matin,,,38,38151,1,8,6,4,4,Voie communale,30.0,1
202400017212,2024-06-30,après-midi,,,78,78640,1,1,2,4,1,Autoroute,90.0,1
202400017213,2024-03-11,après-midi,,,37,37122,1,1,4,4,4,Voie communale,30.0,1
202400017214,2024-03-11,matin,,,35,35115,1,7,6,3,4,Voie communale,30.0,1
202400017215,2024-06-30,matin,,,92,92064,1,1,4,4,1,Autoroute,70.0,2
202400017216,2024-03-12,après-midi,,,31,31555,1,8,6,3,4,Voie communale,50.0,1
202400017217,2024-03-12,après-midi,,,29,29019,1,2,2,4,4,Voie communale,50.0,2
202400017218,2024-07-01,nuit,,,93,93027,3,9,2,4,1,Autoroute,90.0,9
202400017219,2024-03-11,soirée,,,19,19031,5,1,6,2,4,Voie communale,50.0,1
202400017220,2024-06-30,nuit,,,95,95582,3,1,6,4,1,Autoroute,70.0,1
202400017221,2024-03-12,matin,,,13,13117,1,1,3,4,3,Départementale,70.0,1
202400017222,2024-06-29,nuit,,,77,77237,3,1,5,4,1,Autoroute,70.0,1
202400017223,2024-03-12,soirée,,,13,13210,5,1,3,3,4,Voie communale,50.0,1
202400017224,2024-03-11,soirée,,,13,13203,2,1,3,3,4,Voie communale,50.0,1
202400017225,2024-01-07,après-midi,,,973,97306,1,1,1,4,2,Nationale,80.0,1
202400017226,2024-03-12,après-midi,,,13,13208,1,1,6,3,4,Voie communale,50.0,1
202400017227,2024-06-25,après-midi,,,44,44109,1,1,6,4,4,Voie communale,50.0,1
202400017228,2024-03-12,après-midi,,,13,13202,1,1,2,4,4,Voie communale,50.0,1
202400017229,2024-03-12,matin,,,13,13209,1,1,3,3,4,Voie communale,50.0,1
202400017230,2024-06-22,après-midi,,,44,44162,1,1,1,4,4,Voie communale,50.0,1
202400017231,2024-03-12,après-midi,,,13,13005,1,1,3,4,7,Autre,70.0,1
202400017232,2024-05-24,après-midi,,,44,44109,1,1,3,4,4,Voie communale,50.0,1
202400017233,2024-03-13,nuit,,,13,13001,5,1,1,4,4,Voie communale,50.0,1
202400017234,2024-05-21,après-midi,,,44,44143,1,1,3,4,4,Voie communale,50.0,1
202400017235,2024-03-11,après-midi,,,11,11069,1,2,2,4,4,Voie communale,50.0,2
202400017236,2024-03-12,matin,,,09,09225,1,1,6,4,3,Départementale,50.0,1
202400017237,2024-06-30,matin,,,987,98735,1,1,6,3,4,Voie communale,50.0,1
202400017238,2024-03-12,matin,,,06,06029,1,1,2,4,4,Voie communale,50.0,1
202400017239,2024-07-01,nuit,,,974,97411,5,1,7,4,2,Nationale,50.0,1
202400017240,2024-03-12,matin,,,06,06030,1,1,6,4,4,Voie communale,50.0,1
202400017241,2024-06-30,nuit,,,2A,2A004,5,1,3,3,2,Nationale,50.0,1
202400017242,2024-06-30,soirée,,,95,95428,1,1,6,4,4,Voie communale,30.0,1
202400017243,2024-03-12,matin,,,06,06027,1,1,4,4,7,Autre,50.0,1
202400017244,2024-06-29,après-midi,,,95,95598,1,1,6,4,3,Départementale,50.0,1
202400017245,2024-03-11,matin,,,04,04112,2,2,6,4,2,Nationale,30.0,2
202400017246,2024-06-30,après-midi,,,95,95127,1,1,6,4,3,Départementale,10.0,1
202400017247,2024-03-12,après-midi,,,75,75118,1,2,6,4,4,Voie communale,50.0,2
202400017248,2024-06-30,matin,,,91,91161,1,1,1,4,4,Voie communale,50.0,1
202400017249,2024-03-12,après-midi,,,75,75115,1,2,6,4,4,Voie communale,30.0,2
202400017250,2024-06-30,après-midi,,,91,91421,1,1,2,4,3,Départementale,50.0,1
202400017251,2024-06-30,après-midi,,,83,83126,1,1,3,4,3,Départementale,50.0,1
202400017252,2024-03-11,soirée,,,75,75112,5,2,3,4,4,Voie communale,30.0,2
202400017253,2024-06-30,matin,,,83,83069,1,1,3,4,4,Voie communale,50.0,1
202400017254,2024-03-12,après-midi,,,75,75109,1,2,1,4,4,Voie communale,30.0,2
202400017255,2024-03-12,matin,,,75,75103,1,8,7,4,4,Voie communale,30.0,2
202400017256,2024-06-30,soirée,,,78,78146,1,1,6,4,4,Voie communale,50.0,1
202400017257,2024-03-11,après-midi,,,94,94078,1,2,2,4,2,Nationale,50.0,2
202400017258,2024-06-30,nuit,,,78,78208,5,1,6,4,4,Voie communale,50.0,2
202400017259,2024-06-30,matin,,,76,76484,1,1,7,4,7,Autre,70.0,1
202400017260,2024-03-09,soirée,,,94,94068,5,2,3,4,3,Départementale,30.0,2
202400017261,2024-06-30,matin,,,76,76640,2,1,6,4,4,Voie communale,50.0,1
202400017262,2024-06-30,matin,,,69,69266,1,1,6,4,6,Autre,30.0,1
202400017263,2024-03-11,après-midi,,,93,93071,1,2,3,4,4,Voie communale,,2
202400017264,2024-06-30,après-midi,,,63,63113,1,8,6,4,4,Voie communale,30.0,1
202400017265,2024-03-12,après-midi,,,93,93008,1,2,6,4,3,Départementale,50.0,2
202400017266,2024-06-30,nuit,,,62,62065,5,1,6,4,2,Nationale,70.0,1
202400017267,2024-06-30,nuit,,,59,59512,5,1,3,4,4,Voie communale,50.0,1
202400017268,2024-03-12,soirée,,,93,93077,5,2,6,4,3,Départementale,50.0,2
202400017269,2024-06-30,après-midi,,,56,56260,1,8,6,4,6,Autre,30.0,1
202400017270,2024-06-28,après-midi,,,46,46095,1,1,7,4,3,Départementale,70.0,1
202400017271,2024-06-30,matin,,,45,45284,1,2,2,4,7,Autre,50.0,2
202400017272,2024-03-12,soirée,,,93,93046,5,2,6,4,4,Voie communale,,2
202400017273,2024-06-29,après-midi,,,37,37261,1,1,6,4,4,Voie communale,50.0,1
202400017274,2024-06-30,après-midi,,,29,29232,1,1,3,4,4,Voie communale,50.0,1
202400017275,2024-11-18,après-midi,,,91,91471,5,2,6,4,3,Départementale,50.0,2
202400017276,2024-06-30,nuit,,,29,29232,3,1,7,4,2,Nationale,90.0,1
202400017277,2024-03-12,nuit,,,93,93010,3,1,2,4,3,Départementale,50.0,1
202400017278,2024-11-19,après-midi,,,91,91479,5,2,6,4,4,Voie communale,50.0,2
202400017279,2024-03-12,matin,,,92,92077,1,1,3,4,3,Départementale,30.0,2
202400017280,2024-11-20,nuit,,,87,87085,5,2,6,3,3,Départementale,50.0,2
202400017281,2024-06-30,après-midi,,,18,18279,1,1,7,4,4,Voie communale,50.0,1
202400017282,2024-03-12,après-midi,,,92,92076,2,2,3,4,3,Départementale,50.0,2
202400017283,2024-06-30,soirée,,,14,14117,1,1,7,4,3,Départementale,50.0,1
202400017284,2024-03-12,matin,,,92,92064,1,2,2,4,3,Départementale,50.0,2
202400017285,2024-11-19,matin,,,84,84007,1,1,6,3,4,Voie communale,20.0,1
202400017286,2024-06-30,nuit,,,13,13071,3,1,1,4,3,Départementale,70.0,1
202400017287,2024-03-12,matin,,,92,92040,1,2,1,4,4,Voie communale,30.0,2
202400017288,2024-06-30,nuit,,,13,13202,5,1,3,3,4,Voie communale,50.0,1
202400017289,2024-11-20,après-midi,,,83,83144,1,6,3,4,4,Voie communale,50.0,1
202400017290,2024-03-12,soirée,,,92,92004,2,2,3,4,3,Départementale,70.0,2
202400017291,2024-06-29,soirée,,,06,06029,1,1,6,2,4,Voie communale,30.0,1
202400017292,2024-11-14,soirée,,,83,83118,5,1,3,3,3,Départementale,,1
202400017293,2024-03-12,matin,,,92,92002,1,1,3,4,3,Départementale,50.0,2
202400017294,2024-06-30,matin,,,05,05023,1,1,3,4,3,Départementale,50.0,1
202400017295,2024-11-20,soirée,,,81,81004,5,2,6,4,4,Voie communale,50.0,2
202400017296,2024-03-13,nuit,,,974,97415,3,1,6,3,3,Départementale,50.0,1
202400017297,2024-06-30,nuit,,,03,03101,2,1,6,4,6,Autre,20.0,1
202400017298,2024-11-19,après-midi,,,80,80021,1,2,6,3,4,Voie communale,30.0,2
202400017299,2024-11-19,après-midi,,,79,79191,1,2,7,2,3,Départementale,50.0,2
202400017300,2024-03-05,matin,,,35,35233,1,1,1,3,3,Départementale,80.0,1
202400017301,2024-06-30,après-midi,,,75,75114,1,1,2,4,4,Voie communale,70.0,1
202400017302,2024-11-17,soirée,,,79,79081,5,1,7,3,3,Départementale,30.0,1
202400017303,2024-03-11,après-midi,,,06,06149,1,1,6,3,7,Autre,70.0,2
202400017304,2024-06-29,nuit,,,75,75116,5,2,2,4,4,Voie communale,70.0,2
202400017305,2024-11-20,matin,,,78,78638,1,1,3,4,3,Départementale,50.0,2
202400017306,2024-03-13,après-midi,,,28,28088,1,1,3,3,4,Voie communale,,1
202400017307,2024-06-30,après-midi,,,75,75117,1,1,3,4,4,Voie communale,30.0,1
202400017308,2024-11-20,matin,,,77,77152,1,1,6,3,4,Voie communale,50.0,1
202400017309,2024-03-12,après-midi,,,69,69285,1,1,1,4,3,Départementale,80.0,1
202400017310,2024-06-30,matin,,,75,75116,3,1,3,4,4,Voie communale,50.0,1
202400017311,2024-11-18,soirée,,,77,77288,3,2,6,4,4,Voie communale,50.0,2
202400017312,2024-06-30,après-midi,,,75,75115,1,1,7,4,4,Voie communale,30.0,1
202400017313,2024-03-12,soirée,,,63,63473,5,1,1,4,3,Départementale,30.0,1
202400017314,2024-11-20,soirée,,,74,74281,3,2,2,4,3,Départementale,90.0,2
202400017315,2024-06-30,après-midi,,,75,75112,1,1,1,4,4,Voie communale,30.0,1
202400017316,2024-03-12,soirée,,,28,28158,3,1,6,3,2,Nationale,90.0,1
202400017317,2024-11-17,nuit,,,74,74010,3,1,6,4,3,Départementale,70.0,1
202400017318,2024-06-30,après-midi,,,75,75112,1,1,4,4,4,Voie communale,30.0,1
202400017319,2024-11-20,après-midi,,,73,73011,3,2,6,4,3,Départementale,30.0,2
202400017320,2024-03-12,après-midi,,,28,28158,1,8,1,4,3,Départementale,80.0,1
202400017321,2024-06-30,après-midi,,,75,75110,1,1,3,4,4,Voie communale,30.0,1
202400017322,2024-11-20,matin,,,67,67218,5,1,6,4,4,Voie communale,30.0,1
202400017323,2024-03-12,nuit,,,974,97410,3,1,6,3,3,Départementale,50.0,1
202400017324,2024-06-30,après-midi,,,75,75108,1,1,3,4,4,Voie communale,30.0,1
202400017325,2024-11-20,matin,,,64,64445,1,3,2,4,4,Voie communale,50.0,4
202400017326,2024-06-28,soirée,,,75,75101,2,1,6,4,9,Autre,10.0,1
202400017327,2024-03-12,matin,,,62,62397,1,1,1,3,3,Départementale,50.0,1
202400017328,2024-11-19,soirée,,,64,64024,5,1,3,4,3,Départementale,50.0,1
202400017329,2024-06-30,nuit,,,94,94078,5,2,2,4,2,Nationale,50.0,2
202400017330,2024-03-13,soirée,,,60,60358,1,1,3,3,3,Départementale,50.0,1
202400017331,2024-11-20,matin,,,59,59152,1,1,6,4,4,Voie communale,50.0,1
202400017332,2024-06-29,nuit,,,94,94071,5,2,6,4,3,Départementale,50.0,2
202400017333,2024-03-13,matin,,,83,83132,1,1,2,3,3,Départementale,50.0,1
202400017334,2024-11-20,matin,,,59,59368,1,7,6,3,4,Voie communale,50.0,1
202400017335,2024-06-30,soirée,,,93,93064,1,1,6,4,4,Voie communale,30.0,1
202400017336,2024-11-16,après-midi,,,56,56098,1,1,3,4,3,Départementale,50.0,1
202400017337,2024-03-13,après-midi,,,83,83116,1,1,1,4,3,Départementale,80.0,1
202400017338,2024-06-30,nuit,,,93,93050,5,2,3,4,3,Départementale,50.0,2
202400017339,2024-03-12,matin,,,57,57171,1,8,6,3,4,Voie communale,80.0,2
202400017340,2024-10-30,après-midi,,,55,55545,1,1,7,3,4,Voie communale,50.0,1
202400017341,2024-03-13,après-midi,,,77,77137,1,1,7,4,3,Départementale,90.0,1
202400017342,2024-06-30,matin,,,93,93046,1,8,3,4,3,Départementale,50.0,2
202400017343,2024-11-19,soirée,,,54,54547,5,3,3,4,4,Voie communale,50.0,2
202400017344,2024-03-13,matin,,,65,65418,1,7,3,4,3,Départementale,50.0,1
202400017345,2024-06-30,soirée,,,92,92050,1,1,6,4,4,Voie communale,30.0,1
202400017346,2024-11-20,après-midi,,,51,51454,1,1,2,4,4,Voie communale,50.0,1
202400017347,2024-03-13,après-midi,,,71,71029,1,1,6,3,3,Départementale,80.0,1
202400017348,2024-11-17,soirée,,,50,50147,5,1,3,4,3,Départementale,50.0,1
202400017349,2024-06-30,matin,,,92,92024,1,1,4,4,3,Départementale,50.0,1
202400017350,2024-11-20,matin,,,49,49007,1,1,6,4,4,Voie communale,30.0,1
202400017351,2024-03-12,après-midi,,,71,71305,1,1,1,4,3,Départementale,80.0,1
202400017352,2024-06-30,soirée,,,92,92012,1,1,7,4,4,Voie communale,30.0,1
202400017353,2024-11-20,matin,,,49,49007,1,1,6,4,4,Voie communale,30.0,1
202400017354,2024-06-30,matin,,,92,92012,1,1,3,4,3,Départementale,50.0,1
202400017355,2024-11-20,matin,,,45,45234,1,1,6,4,4,Voie communale,50.0,1
202400017356,2024-03-13,après-midi,,,63,63040,1,1,6,2,4,Voie communale,50.0,1
202400017357,2024-11-19,soirée,,,44,44109,5,2,6,4,4,Voie communale,50.0,2
202400017358,2024-03-08,après-midi,,,61,61287,1,1,6,3,3,Départementale,90.0,1
202400017359,2024-06-30,après-midi,,,92,92004,1,1,3,4,3,Départementale,50.0,1
202400017360,2024-11-20,matin,,,38,38185,1,2,3,3,4,Voie communale,50.0,2
202400017361,2024-07-01,après-midi,,,34,34276,1,1,3,4,3,Départementale,50.0,1
202400017362,2024-03-12,soirée,,,61,61007,3,2,3,4,4,Voie communale,70.0,2
202400017363,2024-11-20,après-midi,,,38,38185,1,2,6,4,4,Voie communale,50.0,2
202400017364,2024-07-01,soirée,,,974,97415,3,1,1,3,3,Départementale,70.0,1
202400017365,2024-11-20,après-midi,,,35,35055,1,8,3,4,7,Autre,50.0,1
202400017366,2024-03-02,matin,,,55,55216,1,1,1,3,3,Départementale,90.0,1
202400017367,2024-06-29,après-midi,,,49,49192,1,2,1,4,3,Départementale,80.0,2
202400017368,2024-11-20,matin,,,35,35278,1,1,3,4,4,Voie communale,30.0,1
202400017369,2024-03-12,soirée,,,49,49373,3,1,2,2,3,Départementale,90.0,1
202400017370,2024-07-01,matin,,,28,28161,1,1,6,4,1,Autoroute,130.0,1
202400017371,2024-11-20,soirée,,,34,34172,5,1,6,4,4,Voie communale,50.0,1
202400017372,2024-03-12,soirée,,,41,41042,3,1,3,4,3,Départementale,80.0,1
202400017373,2024-06-26,après-midi,,,67,67073,1,1,1,3,4,Voie communale,,1
202400017374,2024-11-20,matin,,,34,34172,1,1,5,4,4,Voie communale,50.0,1
202400017375,2024-03-12,après-midi,,,39,39448,1,8,2,4,3,Départementale,90.0,1
202400017376,2024-04-25,après-midi,,,974,97405,1,1,3,3,2,Nationale,70.0,1
202400017377,2024-11-21,nuit,,,33,33249,5,1,3,4,4,Voie communale,50.0,1
202400017378,2024-06-30,nuit,,,11,11148,5,1,6,3,3,Départementale,,1
202400017379,2024-03-13,après-midi,,,25,25318,1,2,2,3,2,Nationale,80.0,2
202400017380,2024-11-20,soirée,,,33,33063,5,2,3,4,4,Voie communale,50.0,2
202400017381,2024-06-29,après-midi,,,54,54067,1,1,7,2,3,Départementale,80.0,1
202400017382,2024-06-29,après-midi,,,29,29105,1,1,6,3,2,Nationale,110.0,1
202400017383,2024-06-30,après-midi,,,22,22337,1,1,6,3,2,Nationale,110.0,1
202400017384,2024-11-20,nuit,,,31,31555,4,2,4,4,1,Autoroute,90.0,2
202400017385,2024-03-12,après-midi,,,35,35299,1,2,1,3,3,Départementale,50.0,2
202400017386,2024-11-20,soirée,,,31,31555,5,2,3,2,4,Voie communale,50.0,2
202400017387,2024-06-30,après-midi,,,974,97414,1,1,3,4,4,Voie communale,50.0,1
202400017388,2024-03-13,matin,,,29,29146,2,1,6,3,3,Départementale,70.0,2
202400017389,2024-11-17,nuit,,,29,29232,3,1,3,4,3,Départementale,80.0,1
202400017390,2024-05-31,soirée,,,974,97413,3,1,1,3,2,Nationale,50.0,1
202400017391,2024-03-12,après-midi,,,26,26165,1,1,2,3,2,Nationale,70.0,1
202400017392,2024-06-30,nuit,,,24,24462,3,1,6,4,1,Autoroute,130.0,1
202400017393,2024-11-20,soirée,,,29,29039,5,1,6,4,4,Voie communale,30.0,1
202400017394,2024-03-12,nuit,,,05,05170,3,1,2,4,2,Nationale,90.0,1
202400017395,2024-06-30,nuit,,,56,56102,3,1,7,2,3,Départementale,80.0,1
202400017396,2024-11-19,après-midi,,,29,29019,4,2,6,3,4,Voie communale,50.0,2
202400017397,2024-11-19,matin,,,28,28134,1,8,6,4,4,Voie communale,50.0,2
202400017398,2024-06-26,matin,,,56,56078,1,1,7,4,4,Voie communale,70.0,1
202400017399,2024-03-13,matin,,,64,64119,1,1,3,3,4,Voie communale,80.0,1
202400017400,2024-03-13,nuit,,,16,16377,3,1,6,3,3,Départementale,80.0,1
202400017401,2024-11-17,après-midi,,,28,28134,5,1,3,4,3,Départementale,50.0,1
202400017402,2024-07-01,matin,,,56,56179,1,8,3,3,3,Départementale,70.0,1
202400017403,2024-03-13,après-midi,,,07,07215,1,1,6,3,3,Départementale,90.0,9
202400017404,2024-03-12,soirée,,,53,53002,2,1,6,2,3,Départementale,50.0,1
202400017405,2024-11-20,soirée,,,13,13201,5,1,3,4,4,Voie communale,50.0,1
202400017406,2024-07-01,matin,,,11,11397,1,1,2,4,3,Départementale,80.0,1
202400017407,2024-11-20,après-midi,,,13,13005,1,1,3,4,4,Voie communale,50.0,1
202400017408,2024-07-01,nuit,,,71,71558,2,1,6,3,3,Départementale,80.0,1
202400017409,2024-03-10,matin,,,28,28350,1,8,3,3,3,Départementale,,1
202400017410,2024-11-20,après-midi,,,06,06083,1,1,1,4,3,Départementale,50.0,1
202400017411,2024-03-13,après-midi,,,49,49138,1,1,7,4,1,Autoroute,130.0,1
202400017412,2024-11-20,après-midi,,,06,06029,1,1,6,4,6,Autre,10.0,1
202400017413,2024-06-30,soirée,,,71,71014,1,1,6,3,4,Voie communale,30.0,1
202400017414,2024-03-08,matin,,,01,01077,1,1,3,4,1,Autoroute,130.0,1
202400017415,2024-11-15,soirée,,,05,05061,5,1,5,4,3,Départementale,50.0,1
202400017416,2024-06-12,soirée,,,89,89002,1,1,3,4,3,Départementale,90.0,1
202400017417,2024-03-13,matin,,,49,49007,1,1,6,4,3,Départementale,90.0,1
202400017418,2024-03-13,nuit,,,51,51097,3,2,6,4,1,Autoroute,90.0,2
202400017419,2024-11-20,après-midi,,,75,75116,5,1,2,4,4,Voie communale,50.0,1
202400017420,2024-07-01,matin,,,89,89034,1,2,1,4,3,Départementale,90.0,2
202400017421,2024-06-16,matin,,,49,49178,2,1,7,4,3,Départementale,90.0,1
202400017422,2024-11-20,nuit,,,75,75106,5,2,3,4,4,Voie communale,30.0,2
202400017423,2024-03-05,après-midi,,,69,69086,1,1,5,4,3,Départementale,70.0,2
202400017424,2024-06-29,après-midi,,,49,49362,1,1,2,3,3,Départementale,50.0,1
202400017425,2024-11-20,soirée,,,75,75116,5,1,6,4,4,Voie communale,30.0,1
202400017426,2024-03-12,soirée,,,974,97417,2,7,6,4,4,Voie communale,50.0,1
202400017427,2024-06-28,soirée,,,34,34150,2,1,1,4,3,Départementale,50.0,1
202400017428,2024-11-20,matin,,,75,75116,1,8,3,4,4,Voie communale,30.0,2
202400017429,2024-03-06,matin,,,33,33199,1,1,6,3,3,Départementale,30.0,1
202400017430,2024-06-28,après-midi,,,44,44090,1,1,1,4,3,Départementale,80.0,1
202400017431,2024-11-20,après-midi,,,75,75115,1,1,3,4,4,Voie communale,30.0,1
202400017432,2024-03-13,après-midi,,,91,91359,1,1,1,4,3,Départementale,80.0,1
202400017433,2024-06-30,soirée,,,44,44087,1,1,1,3,3,Départementale,80.0,1
202400017434,2024-03-06,après-midi,,,34,34154,1,1,1,4,4,Voie communale,30.0,1
202400017435,2024-06-29,après-midi,,,44,44048,1,1,3,3,4,Voie communale,80.0,1
202400017436,2024-03-13,matin,,,84,84122,1,1,6,3,3,Départementale,50.0,1
202400017437,2024-11-20,après-midi,,,75,75107,1,1,1,4,4,Voie communale,50.0,1
202400017438,2024-06-28,matin,,,35,35297,1,1,6,3,2,Nationale,110.0,1
202400017439,2024-03-13,après-midi,,,83,83115,1,1,6,4,3,Départementale,90.0,1
202400017440,2024-11-18,soirée,,,94,94081,5,3,6,4,3,Départementale,30.0,2
202400017441,2024-06-29,matin,,,38,38272,1,1,3,3,3,Départementale,90.0,1
202400017442,2024-03-12,soirée,,,83,83113,3,1,6,2,3,Départementale,80.0,1
202400017443,2024-11-20,matin,,,94,94046,3,2,6,4,3,Départementale,50.0,2
202400017444,2024-11-17,nuit,,,94,94041,5,1,3,4,3,Départementale,50.0,1
202400017445,2024-03-13,après-midi,,,25,25350,1,1,1,4,3,Départementale,,1
202400017446,2024-06-30,après-midi,,,38,38001,1,1,3,4,3,Départementale,50.0,1
202400017447,2024-11-20,matin,,,94,94073,5,2,6,4,3,Départementale,50.0,2
202400017448,2024-07-01,après-midi,,,38,38287,1,1,1,4,3,Départementale,80.0,1
202400017449,2024-03-12,matin,,,42,42094,2,2,3,4,4,Voie communale,50.0,2
202400017450,2024-11-19,soirée,,,94,94033,5,3,3,4,3,Départementale,50.0,2
202400017451,2024-06-29,après-midi,,,38,38269,1,1,6,4,2,Nationale,50.0,1
202400017452,2024-03-12,soirée,,,42,42113,3,2,6,4,3,Départementale,80.0,2
202400017453,2024-11-18,soirée,,,94,94028,5,2,3,4,3,Départementale,50.0,2
202400017454,2024-11-20,après-midi,,,94,94073,1,1,6,4,3,Départementale,50.0,1
202400017455,2024-11-20,après-midi,,,94,94002,1,1,6,4,4,Voie communale,50.0,1
202400017456,2024-03-11,après-midi,,,26,26057,1,1,3,4,3,Départementale,80.0,2
202400017457,2024-06-29,après-midi,,,03,03149,1,1,1,4,3,Départementale,90.0,1
202400017458,2024-11-20,après-midi,,,95,95527,1,1,2,4,4,Voie communale,10.0,1
202400017459,2024-03-13,soirée,,,50,50531,3,1,3,3,3,Départementale,,1
202400017460,2024-11-19,soirée,,,93,93053,3,3,6,4,4,Voie communale,50.0,3
202400017461,2024-07-01,après-midi,,,03,03258,1,1,6,3,4,Voie communale,50.0,1
202400017462,2024-03-11,soirée,,,60,60134,3,2,6,4,3,Départementale,110.0,2
202400017463,2024-06-30,après-midi,,,15,15021,1,1,7,3,3,Départementale,90.0,1
202400017464,2024-11-20,matin,,,93,93051,1,1,2,4,3,Départementale,50.0,2
202400017465,2024-03-13,matin,,,02,02676,1,2,1,3,3,Départementale,80.0,2
202400017466,2024-07-01,après-midi,,,26,26113,1,1,7,3,4,Voie communale,30.0,1
202400017467,2024-11-20,soirée,,,93,93029,5,1,3,4,3,Départementale,50.0,1
202400017468,2024-06-28,soirée,,,72,72143,1,1,6,3,6,Autre,,1
202400017469,2024-11-19,soirée,,,93,93027,5,2,6,4,3,Départementale,50.0,2
202400017470,2024-06-28,après-midi,,,72,72224,1,1,6,3,3,Départementale,70.0,1
202400017471,2024-06-29,matin,,,14,14138,1,1,6,3,4,Voie communale,50.0,1
202400017472,2024-11-20,matin,,,92,92046,1,8,3,4,3,Départementale,50.0,1
202400017473,2024-11-20,soirée,,,92,92064,5,2,6,4,3,Départementale,50.0,2
202400017474,2024-05-12,après-midi,,,45,45204,1,1,6,3,3,Départementale,80.0,1
202400017475,2024-11-19,soirée,,,92,92020,5,3,6,4,4,Voie communale,30.0,2
202400017476,2024-06-30,matin,,,10,10114,2,2,3,3,3,Départementale,90.0,2
202400017477,2024-06-29,après-midi,,,16,16335,1,1,6,3,9,Autre,,1
202400017478,2024-11-20,matin,,,92,92036,1,1,2,4,4,Voie communale,50.0,2
202400017479,2024-06-26,soirée,,,53,53013,1,1,7,3,3,Départementale,80.0,1
202400017480,2024-11-20,matin,,,92,92012,1,1,6,4,3,Départementale,50.0,1
202400017481,2024-06-28,après-midi,,,40,40284,1,1,6,2,3,Départementale,50.0,1
202400017482,2024-11-20,après-midi,,,92,92009,1,1,3,4,4,Voie communale,30.0,1
202400017483,2024-11-14,soirée,,,91,91648,3,1,1,3,3,Départementale,90.0,1
202400017484,2024-06-29,après-midi,,,24,24356,1,1,1,4,3,Départementale,70.0,1
202400017485,2024-11-20,après-midi,,,84,84094,1,1,1,3,3,Départementale,80.0,1
202400017486,2024-06-30,après-midi,,,24,24355,1,1,3,3,3,Départementale,30.0,1
202400017487,2024-11-20,matin,,,22,22223,1,2,2,4,3,Départementale,110.0,2
202400017488,2024-06-30,soirée,,,08,08264,2,1,6,4,4,Voie communale,80.0,1
202400017489,2024-06-29,nuit,,,69,69050,4,6,6,2,1,Autoroute,110.0,1
202400017490,2024-11-01,soirée,,,34,34217,5,8,1,4,7,Autre,70.0,1
202400017491,2024-11-19,après-midi,,,79,79061,3,2,7,3,3,Départementale,50.0,2
202400017492,2024-11-20,matin,,,49,49018,1,1,6,3,4,Voie communale,50.0,2
202400017493,2024-07-01,nuit,,,51,51617,3,1,6,4,1,Autoroute,130.0,1
202400017494,2024-11-21,matin,,,12,12165,1,2,1,4,4,Voie communale,80.0,2
202400017495,2024-06-15,nuit,,,986,98613,3,1,6,2,2,Nationale,70.0,1
202400017496,2024-11-19,après-midi,,,12,12032,1,5,1,3,3,Départementale,90.0,2
202400017497,2024-06-30,après-midi,,,974,97419,1,1,3,3,2,Nationale,,1
202400017498,2024-11-20,matin,,,46,46279,3,2,6,3,3,Départementale,80.0,2
202400017499,2024-11-20,matin,,,68,68099,1,1,1,4,3,Départementale,50.0,1
202400017500,2024-11-18,après-midi,,,22,22046,2,8,2,4,4,Voie communale,80.0,1