Num_Acc,date,time_of_day,lat,long,dep,com,lum,atm,col,severity_index,catr,catr_label,vma,surf
202400017501,2024-11-20,après-midi,,,44,44036,1,1,7,3,4,Voie communale,50.0,1
202400017502,2024-11-20,soirée,,,29,29259,5,1,6,3,3,Départementale,50.0,1
202400017503,2024-11-20,matin,,,29,29204,2,1,6,4,3,Départementale,,2
202400017504,2024-11-20,soirée,,,29,29054,3,1,6,3,3,Départementale,80.0,1
202400017505,2024-11-20,soirée,,,31,31142,3,3,1,4,3,Départementale,80.0,2
202400017506,2024-11-21,matin,,,38,38384,1,2,3,3,3,Départementale,80.0,2
202400017507,2024-11-20,après-midi,,,02,02215,1,1,3,3,3,Départementale,50.0,1
202400017508,2024-11-20,après-midi,,,01,01098,1,1,3,3,3,Départementale,80.0,2
202400017509,2024-11-21,matin,,,01,01134,3,1,3,4,3,Départementale,80.0,1
202400017510,2024-11-20,soirée,,,70,70405,3,1,3,3,2,Nationale,80.0,1
202400017511,2024-11-20,matin,,,54,54152,1,1,1,4,3,Départementale,50.0,1
202400017512,2024-11-21,après-midi,,,06,06059,1,1,7,4,7,Autre,50.0,1
202400017513,2024-11-21,après-midi,,,50,50452,1,4,2,4,3,Départementale,80.0,5
202400017514,2024-11-19,soirée,,,73,73007,3,3,6,3,3,Départementale,50.0,9
202400017515,2024-11-20,après-midi,,,53,53121,3,1,6,2,3,Départementale,80.0,1
202400017516,2024-11-20,soirée,,,85,85026,4,8,3,3,4,Voie communale,50.0,1
202400017517,2024-07-20,après-midi,,,37,37101,1,1,3,4,3,Départementale,80.0,1
202400017518,2024-11-21,soirée,,,37,37018,3,2,6,2,4,Voie communale,70.0,2
202400017519,2024-11-21,soirée,,,30,30004,3,1,3,3,2,Nationale,,1
202400017520,2024-11-20,après-midi,,,08,08385,1,1,4,4,3,Départementale,80.0,1
202400017521,2024-11-20,après-midi,,,69,69244,1,1,6,3,7,Autre,50.0,2
202400017522,2024-11-20,matin,,,82,82037,1,2,1,4,1,Autoroute,130.0,2
202400017523,2024-11-21,après-midi,,,45,45344,1,4,6,4,1,Autoroute,110.0,5
202400017524,2024-11-21,après-midi,,,84,84078,1,2,2,3,1,Autoroute,130.0,2
202400017525,2024-11-20,matin,,,971,97119,1,1,1,4,4,Voie communale,80.0,1
202400017526,2024-11-18,après-midi,,,971,97117,1,1,6,3,4,Voie communale,80.0,1
202400017527,2024-11-20,après-midi,,,971,97118,3,1,6,2,2,Nationale,110.0,2
202400017528,2024-11-15,matin,,,971,97134,1,1,6,3,2,Nationale,80.0,1
202400017529,2024-11-20,après-midi,,,29,29234,2,8,6,2,3,Départementale,70.0,1
202400017530,2024-10-02,matin,,,91,91461,3,1,2,3,3,Départementale,80.0,1
202400017531,2024-11-20,matin,,,21,21464,1,7,6,4,6,Autre,,1
202400017532,2024-11-02,après-midi,,,42,42005,5,1,3,4,4,Voie communale,50.0,1
202400017533,2024-11-19,soirée,,,38,38344,5,1,3,4,2,Nationale,50.0,1
202400017534,2024-11-21,après-midi,,,38,38377,3,2,7,2,3,Départementale,50.0,2
202400017535,2024-11-20,matin,,,38,38317,1,1,6,3,7,Autre,50.0,2
202400017536,2024-11-21,matin,,,85,85129,1,3,6,4,3,Départementale,50.0,2
202400017537,2024-11-19,nuit,,,49,49301,3,2,7,3,2,Nationale,110.0,2
202400017538,2024-11-20,soirée,,,56,56007,5,1,6,4,3,Départementale,30.0,1
202400017539,2024-11-20,après-midi,,,22,22136,1,1,1,4,4,Voie communale,80.0,1
202400017540,2024-11-21,matin,,,60,60612,2,1,1,4,3,Départementale,80.0,1
202400017541,2024-11-07,soirée,,,54,54304,3,5,2,4,1,Autoroute,90.0,1
202400017542,2024-11-20,matin,,,33,33013,1,2,6,4,2,Nationale,90.0,2
202400017543,2024-11-20,matin,,,94,94034,1,2,2,4,1,Autoroute,70.0,2
202400017544,2024-11-19,matin,,,92,92050,2,8,2,4,1,Autoroute,70.0,2
202400017545,2024-11-21,nuit,,,94,94044,3,4,5,4,2,Nationale,70.0,7
202400017546,2024-11-20,soirée,,,77,77468,2,2,3,4,1,Autoroute,110.0,2
202400017547,2024-09-17,matin,,,24,24193,1,1,1,2,4,Voie communale,80.0,1
202400017548,2024-07-14,nuit,,,73,73227,5,1,1,4,3,Départementale,50.0,1
202400017549,2024-11-16,soirée,,,59,59122,5,1,6,3,4,Voie communale,50.0,1
202400017550,2024-08-16,matin,,,57,57581,1,1,1,3,3,Départementale,80.0,1
202400017551,2024-11-19,après-midi,,,974,97416,1,1,3,4,3,Départementale,50.0,1
202400017552,2024-02-27,après-midi,,,974,97416,1,1,5,3,4,Voie communale,50.0,1
202400017553,2024-11-19,après-midi,,,974,97409,1,1,6,3,3,Départementale,30.0,1
202400017554,2024-11-19,matin,,,69,69386,1,1,6,3,4,Voie communale,30.0,1
202400017555,2024-11-19,soirée,,,972,97209,1,1,2,3,3,Départementale,60.0,1
202400017556,2024-11-19,après-midi,,,69,69202,1,8,2,4,4,Voie communale,50.0,1
202400017557,2024-11-18,matin,,,2B,2B120,1,1,1,4,2,Nationale,90.0,1
202400017558,2024-11-14,soirée,,,95,95585,5,8,1,3,3,Départementale,50.0,1
202400017559,2024-11-18,après-midi,,,91,91570,5,2,2,4,4,Voie communale,50.0,2
202400017560,2024-11-19,nuit,,,91,91286,5,1,3,4,4,Voie communale,50.0,2
202400017561,2024-11-19,soirée,,,91,91174,5,3,6,4,4,Voie communale,30.0,2
202400017562,2024-11-18,après-midi,,,90,90010,2,1,6,4,3,Départementale,50.0,1
202400017563,2024-11-18,après-midi,,,87,87085,1,1,6,4,4,Voie communale,30.0,1
202400017564,2024-11-19,soirée,,,85,85194,3,3,6,3,4,Voie communale,50.0,2
202400017565,2024-11-18,matin,,,83,83137,1,1,6,3,3,Départementale,50.0,1
202400017566,2024-11-18,après-midi,,,80,80674,1,2,1,4,3,Départementale,50.0,2
202400017567,2024-11-18,soirée,,,78,78297,5,2,6,4,4,Voie communale,50.0,2
202400017568,2024-11-18,après-midi,,,77,77258,3,2,4,4,2,Nationale,90.0,2
202400017569,2024-11-19,soirée,,,77,77143,3,3,5,4,3,Départementale,90.0,2
202400017570,2024-11-19,matin,,,76,76451,2,2,6,4,4,Voie communale,50.0,2
202400017571,2024-11-18,après-midi,,,76,76351,1,2,6,4,4,Voie communale,50.0,2
202400017572,2024-11-18,après-midi,,,76,76341,5,3,3,3,3,Départementale,50.0,3
202400017573,2024-11-18,matin,,,76,76351,1,2,6,4,4,Voie communale,30.0,2
202400017574,2024-11-19,soirée,,,70,70388,5,3,6,3,4,Voie communale,50.0,2
202400017575,2024-11-19,soirée,,,70,70261,5,3,6,3,2,Nationale,70.0,2
202400017576,2024-11-19,soirée,,,69,69266,5,1,3,4,4,Voie communale,30.0,1
202400017577,2024-11-19,soirée,,,69,69266,2,1,3,4,4,Voie communale,50.0,1
202400017578,2024-11-19,matin,,,69,69029,2,2,3,4,4,Voie communale,30.0,2
202400017579,2024-11-18,matin,,,69,69290,1,1,5,4,4,Voie communale,15.0,1
202400017580,2024-11-18,après-midi,,,67,67482,5,1,3,4,4,Voie communale,50.0,1
202400017581,2024-11-18,après-midi,,,67,67482,1,1,6,4,7,Autre,30.0,1
202400017582,2024-11-18,soirée,,,66,66136,5,1,3,4,4,Voie communale,30.0,1
202400017583,2024-11-19,soirée,,,64,64335,5,1,2,4,4,Voie communale,50.0,1
202400017584,2024-11-18,après-midi,,,64,64102,5,1,2,4,4,Voie communale,50.0,1
202400017585,2024-11-19,soirée,,,63,63014,5,1,2,3,7,Autre,50.0,1
202400017586,2024-11-09,nuit,,,62,62139,3,2,6,4,3,Départementale,50.0,2
202400017587,2024-11-19,après-midi,,,62,62427,3,1,1,4,3,Départementale,50.0,1
202400017588,2024-11-18,matin,,,62,62048,2,3,6,3,4,Voie communale,50.0,2
202400017589,2024-11-19,matin,,,59,59599,3,2,6,4,4,Voie communale,50.0,2
202400017590,2024-11-12,nuit,,,59,59350,3,9,3,3,7,Autre,50.0,2
202400017591,2024-11-19,après-midi,,,56,56260,1,3,6,4,4,Voie communale,30.0,2
202400017592,2024-11-19,matin,,,56,56260,3,2,4,4,2,Nationale,90.0,2
202400017593,2024-11-17,après-midi,,,56,56121,2,1,7,4,4,Voie communale,30.0,1
202400017594,2024-11-18,après-midi,,,54,54304,1,2,6,4,4,Voie communale,50.0,2
202400017595,2024-11-18,matin,,,54,54578,2,1,3,4,4,Voie communale,50.0,1
202400017596,2024-11-18,matin,,,54,54547,1,1,3,4,4,Voie communale,50.0,1
202400017597,2024-11-19,matin,,,54,54469,1,6,1,4,3,Départementale,80.0,2
202400017598,2024-11-19,après-midi,,,51,51454,5,3,6,4,4,Voie communale,50.0,2
202400017599,2024-11-19,nuit,,,51,51454,5,2,6,4,4,Voie communale,50.0,2
202400017600,2024-11-18,après-midi,,,49,49267,2,2,5,4,3,Départementale,50.0,2
202400017601,2024-04-18,soirée,,,38,38479,1,1,7,4,3,Départementale,80.0,1
202400017602,2024-04-19,nuit,,,07,07261,3,1,6,4,3,Départementale,80.0,1
202400017603,2024-04-20,après-midi,,,85,85025,1,1,7,3,3,Départementale,80.0,1
202400017604,2024-04-11,après-midi,,,37,37213,1,1,5,4,3,Départementale,80.0,1
202400017605,2024-04-20,après-midi,,,30,30271,1,1,1,4,3,Départementale,70.0,1
202400017606,2024-04-20,matin,,,60,60299,1,8,7,3,1,Autoroute,30.0,1
202400017607,2024-04-19,nuit,,,67,67212,5,8,6,2,4,Voie communale,40.0,2
202400017608,2024-04-20,soirée,,,13,13059,1,1,3,4,1,Autoroute,70.0,1
202400017609,2024-04-17,après-midi,,,39,39150,1,2,6,3,1,Autoroute,70.0,2
202400017610,2024-04-20,matin,,,83,83097,2,1,2,3,1,Autoroute,130.0,1
202400017611,2024-04-19,après-midi,,,17,17044,1,1,1,3,3,Départementale,90.0,1
202400017612,2024-04-20,matin,,,988,98821,1,1,7,4,2,Nationale,90.0,1
202400017613,2024-04-19,après-midi,,,978,97801,1,1,3,3,4,Voie communale,50.0,1
202400017614,2024-04-19,après-midi,,,978,97801,1,1,6,3,3,Départementale,50.0,1
202400017615,2024-04-17,après-midi,,,45,45089,1,1,1,3,3,Départementale,50.0,9
202400017616,2024-04-19,après-midi,,,2A,2A247,1,1,3,3,3,Départementale,80.0,1
202400017617,2024-04-19,nuit,,,2A,2A247,3,1,6,3,9,Autre,80.0,1
202400017618,2024-04-20,nuit,,,66,66208,3,1,2,4,3,Départementale,110.0,1
202400017619,2024-04-19,soirée,,,66,66037,1,1,3,3,4,Voie communale,10.0,1
202400017620,2024-04-19,soirée,,,30,30258,2,1,3,4,3,Départementale,50.0,1
202400017621,2024-04-19,après-midi,,,83,83138,1,1,6,4,3,Départementale,,1
202400017622,2024-04-20,après-midi,,,71,71235,1,1,6,3,3,Départementale,80.0,1
202400017623,2024-03-28,soirée,,,67,67345,5,1,2,4,3,Départementale,80.0,1
202400017624,2024-04-05,après-midi,,,01,01397,1,1,2,3,3,Départementale,70.0,1
202400017625,2024-04-15,après-midi,,,27,27568,1,1,7,3,3,Départementale,80.0,1
202400017626,2024-04-19,matin,,,13,13106,1,1,2,4,1,Autoroute,90.0,1
202400017627,2024-04-18,nuit,,,13,13215,3,1,2,4,1,Autoroute,90.0,1
202400017628,2024-04-19,matin,,,13,13023,1,1,2,4,1,Autoroute,130.0,1
202400017629,2024-04-17,après-midi,,,83,83144,1,1,3,4,1,Autoroute,70.0,1
202400017630,2024-04-19,après-midi,,,92,92050,1,1,4,4,1,Autoroute,70.0,1
202400017631,2024-04-19,après-midi,,,92,92025,1,1,2,4,1,Autoroute,90.0,1
202400017632,2024-04-19,soirée,,,92,92078,1,2,6,4,1,Autoroute,50.0,2
202400017633,2024-04-19,après-midi,,,93,93006,1,2,5,4,1,Autoroute,90.0,2
202400017634,2024-04-19,après-midi,,,93,93066,1,1,5,4,1,Autoroute,90.0,1
202400017635,2024-04-19,soirée,,,94,94033,3,2,3,4,1,Autoroute,90.0,2
202400017636,2024-04-19,nuit,,,94,94044,3,1,6,3,2,Nationale,90.0,1
202400017637,2024-02-18,nuit,,,83,83090,5,1,1,4,3,Départementale,50.0,1
202400017638,2024-02-18,nuit,,,76,76447,5,1,7,4,3,Départementale,70.0,1
202400017639,2024-02-17,soirée,,,67,67482,5,1,3,4,4,Voie communale,50.0,1
202400017640,2024-02-17,soirée,,,67,67482,5,1,1,4,4,Voie communale,50.0,1
202400017641,2024-02-18,après-midi,,,64,64260,1,1,3,4,3,Départementale,30.0,1
202400017642,2024-04-18,après-midi,,,973,97302,1,2,6,4,4,Voie communale,50.0,3
202400017643,2024-04-18,après-midi,,,973,97302,1,2,3,4,4,Voie communale,50.0,2
202400017644,2024-04-18,matin,,,973,97302,1,2,5,4,4,Voie communale,50.0,2
202400017645,2024-04-17,soirée,,,973,97302,3,2,3,4,3,Départementale,50.0,2
202400017646,2024-04-18,après-midi,,,69,69383,1,2,2,4,4,Voie communale,50.0,2
202400017647,2024-04-18,après-midi,,,69,69388,1,1,4,4,4,Voie communale,30.0,1
202400017648,2024-04-18,soirée,,,972,97213,5,1,3,4,3,Départementale,50.0,1
202400017649,2024-04-18,matin,,,972,97213,1,1,6,3,3,Départementale,50.0,1
202400017650,2024-04-17,après-midi,,,972,97209,1,1,3,4,2,Nationale,50.0,1
202400017651,2024-04-18,matin,,,2A,2A004,1,1,6,3,2,Nationale,50.0,1
202400017652,2024-04-18,soirée,,,91,91286,5,1,6,3,4,Voie communale,50.0,1
202400017653,2024-12-25,après-midi,,,59,59139,1,2,6,4,9,Autre,30.0,2
202400017654,2024-04-18,après-midi,,,91,91223,1,1,1,4,6,Autre,30.0,1
202400017655,2024-12-26,après-midi,,,59,59106,1,1,1,4,7,Autre,30.0,2
202400017656,2024-04-18,soirée,,,88,88160,1,1,6,2,3,Départementale,90.0,1
202400017657,2024-04-17,matin,,,88,88209,1,8,2,3,6,Autre,30.0,2
202400017658,2024-04-14,après-midi,,,87,87085,1,1,7,3,4,Voie communale,30.0,1
202400017659,2024-12-25,nuit,,,13,13212,5,1,2,4,1,Autoroute,70.0,1
202400017660,2024-04-12,soirée,,,87,87065,1,1,7,4,3,Départementale,80.0,1
202400017661,2024-12-24,nuit,,,13,13117,3,1,3,4,1,Autoroute,90.0,1
202400017662,2024-12-25,après-midi,,,95,95572,1,1,6,4,2,Nationale,50.0,2
202400017663,2024-04-17,après-midi,,,83,83137,1,6,6,4,4,Voie communale,50.0,1
202400017664,2024-12-25,nuit,,,93,93053,4,2,2,4,1,Autoroute,90.0,2
202400017665,2024-12-24,soirée,,,93,93066,3,2,2,4,1,Autoroute,50.0,2
202400017666,2024-04-17,matin,,,83,83144,1,1,3,3,4,Voie communale,50.0,1
202400017667,2024-12-16,après-midi,,,44,44109,1,1,6,4,4,Voie communale,30.0,1
202400017668,2024-04-17,après-midi,,,81,81163,1,1,7,4,3,Départementale,80.0,1
202400017669,2024-12-12,après-midi,,,44,44109,2,1,3,4,4,Voie communale,30.0,1
202400017670,2024-04-17,après-midi,,,80,80021,1,1,2,4,4,Voie communale,30.0,1
202400017671,2024-12-11,matin,,,44,44109,2,1,3,4,4,Voie communale,30.0,1
202400017672,2024-04-17,après-midi,,,80,80021,1,1,3,3,3,Départementale,80.0,1
202400017673,2024-12-10,soirée,,,44,44215,3,1,4,4,2,Nationale,90.0,1
202400017674,2024-04-17,matin,,,77,77040,1,1,1,2,3,Départementale,80.0,1
202400017675,2024-12-05,soirée,,,44,44190,5,1,3,4,4,Voie communale,50.0,1
202400017676,2024-10-24,soirée,,,74,74298,2,1,3,4,3,Départementale,70.0,1
202400017677,2024-04-17,après-midi,,,77,77251,1,1,6,4,3,Départementale,70.0,1
202400017678,2024-12-24,matin,,,976,97611,1,1,1,4,4,Voie communale,50.0,1
202400017679,2024-04-17,après-midi,,,76,76366,1,1,3,4,7,Autre,50.0,1
202400017680,2024-04-18,matin,,,72,72181,5,1,7,4,4,Voie communale,50.0,1
202400017681,2024-12-24,après-midi,,,973,97302,1,1,3,4,4,Voie communale,50.0,1
202400017682,2024-04-18,après-midi,,,69,69259,1,8,3,4,4,Voie communale,50.0,2
202400017683,2024-12-24,matin,,,69,69386,1,1,6,4,4,Voie communale,30.0,1
202400017684,2024-12-24,matin,,,972,97209,1,1,6,4,1,Autoroute,30.0,1
202400017685,2024-04-17,soirée,,,69,69259,1,8,3,4,4,Voie communale,50.0,1
202400017686,2024-12-24,après-midi,,,972,97209,1,1,3,4,1,Autoroute,90.0,2
202400017687,2024-04-17,après-midi,,,69,69091,1,2,5,4,4,Voie communale,50.0,2
202400017688,2024-12-24,nuit,,,69,69382,5,1,6,4,4,Voie communale,30.0,1
202400017689,2024-12-23,après-midi,,,2A,2A004,1,8,3,4,2,Nationale,50.0,2
202400017690,2024-04-17,nuit,,,67,67482,5,1,3,4,4,Voie communale,30.0,1
202400017691,2024-12-24,après-midi,,,91,91457,2,2,3,4,3,Départementale,50.0,2
202400017692,2024-04-17,après-midi,,,62,62737,1,1,6,3,3,Départementale,50.0,1
202400017693,2024-12-24,après-midi,,,91,91201,1,2,5,4,3,Départementale,50.0,2
202400017694,2024-04-13,matin,,,62,62498,1,1,3,4,4,Voie communale,50.0,1
202400017695,2024-12-23,après-midi,,,91,91687,5,2,5,3,3,Départementale,50.0,2
202400017696,2024-04-18,soirée,,,62,62160,1,1,3,3,4,Voie communale,50.0,1
202400017697,2024-11-26,après-midi,,,89,89387,5,2,6,4,4,Voie communale,50.0,2
202400017698,2024-12-24,matin,,,83,83144,1,1,6,4,4,Voie communale,50.0,1
202400017699,2024-12-24,soirée,,,80,80021,5,2,2,4,3,Départementale,30.0,2
202400017700,2024-04-18,matin,,,59,59508,1,1,6,4,7,Autre,50.0,1
202400017701,2024-12-24,matin,,,77,77350,3,2,1,4,3,Départementale,80.0,2
202400017702,2024-04-12,après-midi,,,59,59636,1,1,3,4,7,Autre,50.0,1
202400017703,2024-12-23,soirée,,,77,77058,5,2,6,4,4,Voie communale,50.0,2
202400017704,2024-12-24,après-midi,,,76,76451,1,2,1,4,4,Voie communale,50.0,2
202400017705,2024-04-18,après-midi,,,59,59183,1,1,6,2,3,Départementale,90.0,1
202400017706,2024-12-23,après-midi,,,76,76486,1,1,2,3,7,Autre,50.0,1
202400017707,2024-04-18,matin,,,59,59017,1,1,6,3,7,Autre,30.0,1
202400017708,2024-12-21,soirée,,,76,76447,5,2,6,3,4,Voie communale,50.0,2
202400017709,2024-12-21,nuit,,,76,76351,5,1,6,4,4,Voie communale,50.0,2
202400017710,2024-04-18,matin,,,56,56260,1,1,2,4,4,Voie communale,50.0,1
202400017711,2024-12-24,soirée,,,72,72181,5,1,1,4,4,Voie communale,30.0,2
202400017712,2024-04-17,après-midi,,,56,56036,1,1,2,3,2,Nationale,90.0,1
202400017713,2024-12-23,soirée,,,72,72181,5,1,3,4,4,Voie communale,50.0,1
202400017714,2024-04-17,après-midi,,,56,56121,1,1,3,4,4,Voie communale,30.0,1
202400017715,2024-12-23,après-midi,,,69,69115,1,1,6,4,3,Départementale,50.0,1
202400017716,2024-04-13,après-midi,,,50,50002,1,1,1,3,3,Départementale,80.0,1
202400017717,2024-12-24,après-midi,,,69,69029,1,1,6,4,4,Voie communale,50.0,1
202400017718,2024-04-16,après-midi,,,50,50129,1,1,6,3,3,Départementale,70.0,1
202400017719,2024-12-24,nuit,,,67,67482,5,9,6,4,4,Voie communale,50.0,1
202400017720,2024-01-28,nuit,,,971,97101,3,1,3,4,4,Voie communale,50.0,1
202400017721,2024-04-18,matin,,,49,49099,1,1,3,3,3,Départementale,50.0,1
202400017722,2024-01-30,matin,,,2A,2A004,1,1,3,4,3,Départementale,50.0,1
202400017723,2024-12-23,après-midi,,,67,67482,1,1,3,4,4,Voie communale,30.0,1
202400017724,2024-04-04,après-midi,,,49,49099,1,1,6,3,3,Départementale,70.0,1
202400017725,2024-12-23,soirée,,,64,64445,3,1,3,4,4,Voie communale,50.0,2
202400017726,2024-04-17,après-midi,,,49,49015,1,1,7,4,4,Voie communale,50.0,2
202400017727,2024-01-29,après-midi,,,91,91174,1,1,3,4,4,Voie communale,50.0,1
202400017728,2024-12-22,après-midi,,,63,63224,5,3,6,4,6,Autre,50.0,2
202400017729,2024-04-16,matin,,,49,49007,1,1,5,4,4,Voie communale,30.0,1
202400017730,2024-01-29,soirée,,,91,91589,5,1,3,4,3,Départementale,50.0,1
202400017731,2024-12-24,matin,,,59,59350,1,8,3,4,7,Autre,50.0,2
202400017732,2024-04-18,matin,,,45,45285,1,9,3,4,7,Autre,50.0,1
202400017733,2024-01-29,soirée,,,83,83098,5,1,5,4,3,Départementale,30.0,1
202400017734,2024-12-24,après-midi,,,57,57631,1,1,6,3,4,Voie communale,50.0,1
202400017735,2024-04-17,après-midi,,,45,45234,1,1,3,4,7,Autre,50.0,1
202400017736,2024-01-29,matin,,,83,83137,1,1,3,4,4,Voie communale,,1
202400017737,2024-04-18,après-midi,,,44,44109,1,1,6,4,4,Voie communale,30.0,1
202400017738,2024-12-23,après-midi,,,56,56098,1,1,6,4,3,Départementale,50.0,1
202400017739,2024-01-29,après-midi,,,82,82033,2,1,3,4,4,Voie communale,50.0,1
202400017740,2024-12-24,soirée,,,54,54184,5,2,6,4,4,Voie communale,50.0,2
202400017741,2024-12-23,soirée,,,54,54304,5,2,2,4,4,Voie communale,50.0,2
202400017742,2024-04-16,matin,,,41,41018,1,1,3,4,4,Voie communale,50.0,1
202400017743,2024-04-18,soirée,,,38,38421,1,1,6,4,4,Voie communale,50.0,1
202400017744,2024-12-23,après-midi,,,54,54482,1,1,3,4,4,Voie communale,50.0,1
202400017745,2024-01-30,soirée,,,77,77268,5,1,2,4,3,Départementale,50.0,1
202400017746,2024-04-17,après-midi,,,38,38151,1,1,3,3,4,Voie communale,10.0,1
202400017747,2024-12-23,après-midi,,,51,51108,5,1,3,4,4,Voie communale,50.0,1
202400017748,2024-01-30,matin,,,77,77186,3,1,3,3,3,Départementale,70.0,1
202400017749,2024-04-17,matin,,,37,37122,1,1,6,4,4,Voie communale,50.0,1
202400017750,2024-01-30,nuit,,,77,77186,3,1,6,4,3,Départementale,70.0,1
202400017751,2024-04-18,après-midi,,,35,35238,1,1,3,4,4,Voie communale,50.0,1
202400017752,2024-12-23,soirée,,,50,50129,3,2,4,4,2,Nationale,90.0,2
202400017753,2024-01-30,nuit,,,76,76447,3,1,1,3,3,Départementale,80.0,1
202400017754,2024-12-23,matin,,,42,42218,1,2,6,3,4,Voie communale,30.0,2
202400017755,2024-09-09,après-midi,,,32,32307,1,1,5,4,3,Départementale,80.0,1
202400017756,2024-04-18,matin,,,33,33281,1,1,3,4,4,Voie communale,50.0,1
202400017757,2024-01-30,nuit,,,76,76351,5,1,6,4,4,Voie communale,50.0,1
202400017758,2024-12-23,après-midi,,,35,35051,2,1,2,4,4,Voie communale,50.0,1
202400017759,2024-04-18,après-midi,,,33,33529,1,1,2,3,3,Départementale,30.0,1
202400017760,2024-01-30,après-midi,,,69,69256,1,1,6,4,4,Voie communale,25.0,1
202400017761,2024-12-23,matin,,,35,35115,1,1,6,4,4,Voie communale,30.0,1
202400017762,2024-01-30,matin,,,66,66136,1,1,3,3,4,Voie communale,50.0,1
202400017763,2024-04-18,après-midi,,,30,30007,1,1,2,4,3,Départementale,50.0,1
202400017764,2024-12-23,nuit,,,31,31555,3,1,2,4,7,Autre,90.0,1
202400017765,2024-01-29,matin,,,62,62133,1,1,3,4,4,Voie communale,50.0,1
202400017766,2024-09-09,après-midi,,,33,33550,1,1,4,4,1,Autoroute,90.0,1
202400017767,2024-12-23,matin,,,29,29232,1,1,7,2,3,Départementale,50.0,1
202400017768,2024-04-17,après-midi,,,29,29019,1,1,1,4,4,Voie communale,30.0,1
202400017769,2024-01-30,soirée,,,62,62193,5,1,6,3,3,Départementale,50.0,1
202400017770,2024-12-24,nuit,,,26,26252,5,1,7,3,2,Nationale,80.0,2
202400017771,2024-09-09,matin,,,33,33090,1,2,4,4,1,Autoroute,90.0,2
202400017772,2024-04-18,après-midi,,,22,22187,1,1,3,4,4,Voie communale,30.0,1
202400017773,2024-12-24,matin,,,25,25388,1,1,6,4,3,Départementale,50.0,2
202400017774,2024-01-30,après-midi,,,62,62178,1,1,3,4,3,Départementale,50.0,1
202400017775,2024-12-24,matin,,,22,22215,1,2,6,4,6,Autre,30.0,2
202400017776,2024-01-29,soirée,,,62,62457,3,1,2,3,3,Départementale,90.0,1
202400017777,2024-04-18,matin,,,22,22187,1,1,4,4,2,Nationale,110.0,1
202400017778,2024-09-09,matin,,,94,94034,1,2,5,4,1,Autoroute,70.0,2
202400017779,2024-12-24,après-midi,,,19,19031,1,8,3,3,4,Voie communale,50.0,1
202400017780,2024-04-18,après-midi,,,22,22113,1,1,2,3,4,Voie communale,70.0,1
202400017781,2024-01-30,matin,,,60,60175,5,1,3,4,4,Voie communale,30.0,1
202400017782,2024-09-09,matin,,,91,91339,1,2,3,4,2,Nationale,110.0,2
202400017783,2024-12-23,après-midi,,,14,14366,5,1,3,3,4,Voie communale,50.0,1
202400017784,2024-04-18,soirée,,,14,14220,1,1,6,4,3,Départementale,50.0,1
202400017785,2024-09-09,nuit,,,91,91521,3,2,6,4,2,Nationale,70.0,2
202400017786,2024-01-30,après-midi,,,59,59410,1,8,3,3,4,Voie communale,30.0,1
202400017787,2024-12-23,après-midi,,,14,14333,1,8,7,4,4,Voie communale,10.0,1
202400017788,2024-04-18,matin,,,13,13213,1,1,4,4,4,Voie communale,50.0,1
202400017789,2024-09-09,nuit,,,91,91692,3,2,1,3,1,Autoroute,110.0,2
202400017790,2024-01-26,après-midi,,,54,54167,1,1,3,4,3,Départementale,50.0,1
202400017791,2024-12-24,soirée,,,14,14118,5,2,4,4,4,Voie communale,50.0,2
202400017792,2024-04-17,soirée,,,13,13213,5,1,1,2,4,Voie communale,50.0,1
202400017793,2024-09-07,après-midi,,,93,93029,1,1,5,4,1,Autoroute,90.0,1
202400017794,2024-01-29,après-midi,,,54,54526,1,1,6,3,4,Voie communale,50.0,1
202400017795,2024-12-21,nuit,,,14,14118,5,6,6,4,4,Voie communale,50.0,2
202400017796,2024-04-17,matin,,,13,13206,1,1,3,4,4,Voie communale,50.0,1
202400017797,2024-09-08,nuit,,,93,93048,3,1,4,4,1,Autoroute,90.0,1
202400017798,2024-12-23,soirée,,,13,13212,5,1,3,4,4,Voie communale,50.0,1
202400017799,2024-04-16,soirée,,,13,13202,5,1,2,4,4,Voie communale,50.0,1
202400017800,2024-01-29,après-midi,,,54,54547,1,1,2,4,4,Voie communale,30.0,1
202400017801,2024-12-24,matin,,,13,13201,1,1,1,4,4,Voie communale,50.0,1
202400017802,2024-09-07,après-midi,,,93,93027,1,1,3,4,1,Autoroute,90.0,1
202400017803,2024-04-17,après-midi,,,13,13028,1,1,3,4,4,Voie communale,50.0,1
202400017804,2024-01-26,après-midi,,,52,52125,2,2,1,4,3,Départementale,50.0,2
202400017805,2024-12-24,matin,,,10,10387,1,8,3,4,6,Autre,30.0,1
202400017806,2024-09-06,après-midi,,,93,93007,1,2,4,4,1,Autoroute,90.0,2
202400017807,2024-01-25,soirée,,,49,49328,3,1,6,4,4,Voie communale,80.0,1
202400017808,2024-04-09,après-midi,,,13,13004,1,1,6,3,4,Voie communale,50.0,1
202400017809,2024-12-24,nuit,,,10,10357,3,1,6,4,3,Départementale,90.0,1
202400017810,2024-09-09,matin,,,94,94073,1,2,3,4,1,Autoroute,90.0,2
202400017811,2024-01-30,après-midi,,,49,49007,1,1,3,4,4,Voie communale,30.0,1
202400017812,2024-12-23,après-midi,,,10,10357,1,8,2,4,3,Départementale,90.0,1
202400017813,2024-04-16,après-midi,,,11,11069,1,1,2,4,4,Voie communale,50.0,1