Num_Acc,date,time_of_day,lat,long,dep,com,lum,atm,col,severity_index,catr,catr_label,vma,surf
202400017814,2024-09-07,après-midi,,,70,70482,1,1,6,4,4,Voie communale,50.0,1
202400017815,2024-12-23,matin,,,07,07102,2,2,6,4,4,Voie communale,30.0,2
202400017816,2024-04-18,soirée,,,10,10387,2,1,6,3,4,Voie communale,30.0,1
202400017817,2024-01-30,matin,,,49,49007,5,1,3,3,4,Voie communale,30.0,1
202400017818,2024-09-08,après-midi,,,972,97208,1,2,6,4,2,Nationale,60.0,2
202400017819,2024-04-18,matin,,,06,06029,1,1,6,4,4,Voie communale,,1
202400017820,2024-01-29,matin,,,49,49246,2,1,1,4,4,Voie communale,50.0,1
202400017821,2024-09-08,après-midi,,,972,97209,1,2,7,4,2,Nationale,50.0,2
202400017822,2024-04-17,matin,,,75,75119,1,1,3,4,4,Voie communale,70.0,1
202400017823,2024-09-07,soirée,,,972,97213,2,1,2,3,1,Autoroute,90.0,1
202400017824,2024-04-18,matin,,,75,75120,1,1,3,4,4,Voie communale,50.0,1
202400017825,2024-09-08,après-midi,,,69,69149,1,1,6,4,4,Voie communale,30.0,2
202400017826,2024-04-18,matin,,,75,75117,1,1,6,4,4,Voie communale,30.0,1
202400017827,2024-12-23,après-midi,,,06,06029,1,1,4,4,4,Voie communale,50.0,1
202400017828,2024-09-08,matin,,,971,97101,1,3,2,4,2,Nationale,90.0,2
202400017829,2024-04-18,matin,,,75,75117,1,8,6,4,4,Voie communale,30.0,2
202400017830,2024-01-20,soirée,,,42,42218,5,1,2,4,4,Voie communale,50.0,1
202400017831,2024-12-23,soirée,,,03,03310,5,1,3,3,4,Voie communale,50.0,1
202400017832,2024-09-08,après-midi,,,95,95268,1,1,6,4,3,Départementale,50.0,1
202400017833,2024-04-17,nuit,,,75,75116,5,1,6,4,4,Voie communale,30.0,1
202400017834,2024-01-15,après-midi,,,42,42275,1,2,6,3,4,Voie communale,50.0,2
202400017835,2024-12-23,après-midi,,,75,75120,5,1,2,4,4,Voie communale,50.0,1
202400017836,2024-04-17,soirée,,,75,75116,1,1,3,4,4,Voie communale,30.0,1
202400017837,2024-09-08,matin,,,84,84092,1,2,3,4,4,Voie communale,50.0,2
202400017838,2024-04-18,matin,,,75,75115,1,1,6,4,4,Voie communale,30.0,2
202400017839,2024-12-24,soirée,,,75,75120,5,1,6,4,4,Voie communale,30.0,2
202400017840,2024-09-08,matin,,,83,83137,1,2,3,4,4,Voie communale,50.0,2
202400017841,2024-04-18,soirée,,,75,75112,1,1,6,4,4,Voie communale,30.0,1
202400017842,2024-01-30,après-midi,,,38,38169,1,1,3,4,4,Voie communale,50.0,1
202400017843,2024-09-08,nuit,,,83,83069,3,1,6,4,3,Départementale,70.0,1
202400017844,2024-12-24,après-midi,,,75,75118,5,2,6,3,4,Voie communale,20.0,2
202400017845,2024-04-18,matin,,,75,75110,1,1,6,4,4,Voie communale,30.0,2
202400017846,2024-09-08,nuit,,,83,83050,5,1,6,3,4,Voie communale,50.0,1
202400017847,2024-01-30,soirée,,,38,38053,5,1,2,4,3,Départementale,50.0,1
202400017848,2024-12-24,matin,,,75,75115,1,1,6,4,4,Voie communale,30.0,1
202400017849,2024-04-18,après-midi,,,75,75108,1,1,3,4,4,Voie communale,30.0,1
202400017850,2024-09-08,matin,,,81,81065,1,1,2,3,3,Départementale,50.0,1
202400017851,2024-01-29,après-midi,,,37,37261,5,1,2,4,4,Voie communale,50.0,1
202400017852,2024-12-24,après-midi,,,75,75113,5,2,2,4,4,Voie communale,30.0,2
202400017853,2024-04-18,matin,,,75,75108,1,1,3,4,4,Voie communale,30.0,1
202400017854,2024-01-30,après-midi,,,35,35055,1,1,3,3,7,Autre,80.0,1
202400017855,2024-09-08,après-midi,,,78,78643,1,1,6,3,3,Départementale,50.0,1
202400017856,2024-12-23,après-midi,,,75,75109,1,1,3,4,4,Voie communale,30.0,1
202400017857,2024-01-30,matin,,,35,35051,1,1,4,4,7,Autre,70.0,1
202400017858,2024-04-17,soirée,,,75,75107,5,1,3,4,4,Voie communale,30.0,1
202400017859,2024-01-30,après-midi,,,33,33529,1,1,6,4,4,Voie communale,50.0,1
202400017860,2024-09-08,nuit,,,71,71499,3,1,6,4,4,Voie communale,50.0,1
202400017861,2024-12-23,matin,,,75,75101,1,7,6,4,4,Voie communale,30.0,1
202400017862,2024-04-18,après-midi,,,75,75103,1,1,6,4,4,Voie communale,30.0,1
202400017863,2024-01-29,matin,,,29,29019,5,1,3,4,4,Voie communale,50.0,1
202400017864,2024-09-08,nuit,,,69,69282,5,1,6,3,4,Voie communale,50.0,2
202400017865,2024-12-22,après-midi,,,75,75101,2,8,6,3,4,Voie communale,30.0,2
202400017866,2024-01-30,soirée,,,26,26198,5,1,6,3,3,Départementale,50.0,1
202400017867,2024-09-08,après-midi,,,64,64122,1,8,6,3,4,Voie communale,30.0,2
202400017868,2024-04-17,soirée,,,75,75101,1,1,3,4,4,Voie communale,30.0,1
202400017869,2024-01-31,nuit,,,13,13211,5,1,1,3,4,Voie communale,50.0,1
202400017870,2024-12-24,nuit,,,94,94041,5,2,1,4,4,Voie communale,50.0,2
202400017871,2024-09-08,nuit,,,47,47031,4,1,2,3,3,Départementale,50.0,1
202400017872,2024-04-17,nuit,,,94,94068,5,1,3,4,3,Départementale,30.0,1
202400017873,2024-01-30,soirée,,,13,13212,5,1,3,4,4,Voie communale,50.0,1
202400017874,2024-12-24,soirée,,,94,94028,5,2,4,4,4,Voie communale,50.0,2
202400017875,2024-09-07,après-midi,,,45,45068,1,2,6,3,4,Voie communale,50.0,2
202400017876,2024-04-18,matin,,,94,94041,2,1,3,2,3,Départementale,30.0,1
202400017877,2024-01-30,après-midi,,,13,13215,1,1,3,4,4,Voie communale,50.0,1
202400017878,2024-09-08,nuit,,,44,44143,5,2,6,4,4,Voie communale,50.0,2
202400017879,2024-12-23,après-midi,,,94,94017,1,1,3,4,4,Voie communale,30.0,1
202400017880,2024-04-17,après-midi,,,94,94041,1,2,3,4,3,Départementale,50.0,2
202400017881,2024-01-16,après-midi,,,13,13206,1,1,5,4,4,Voie communale,30.0,1
202400017882,2024-09-08,nuit,,,44,44109,5,2,6,3,4,Voie communale,50.0,2
202400017883,2024-12-24,après-midi,,,93,93064,1,2,3,4,4,Voie communale,50.0,2
202400017884,2024-01-29,après-midi,,,13,13001,1,1,3,4,4,Voie communale,50.0,1
202400017885,2024-04-18,après-midi,,,94,94034,1,1,2,4,3,Départementale,50.0,1
202400017886,2024-09-07,après-midi,,,43,43002,1,1,2,4,4,Voie communale,50.0,1
202400017887,2024-12-23,soirée,,,93,93077,5,1,7,4,6,Autre,15.0,1
202400017888,2024-01-30,après-midi,,,07,07316,1,1,5,4,3,Départementale,90.0,1
202400017889,2024-04-18,après-midi,,,93,93051,1,1,3,4,4,Voie communale,,1
202400017890,2024-09-08,soirée,,,38,38185,5,2,3,4,4,Voie communale,50.0,2
202400017891,2024-12-24,nuit,,,93,93045,5,2,1,3,3,Départementale,30.0,2
202400017892,2024-01-30,après-midi,,,06,06088,1,1,6,4,4,Voie communale,50.0,1
202400017893,2024-09-08,après-midi,,,37,37195,1,1,6,4,4,Voie communale,50.0,1
202400017894,2024-09-07,après-midi,,,37,37261,1,1,6,4,4,Voie communale,50.0,1
202400017895,2024-12-24,matin,,,93,93030,1,2,6,4,3,Départementale,30.0,2
202400017896,2024-01-30,après-midi,,,06,06069,1,1,2,4,4,Voie communale,50.0,1
202400017897,2024-04-17,après-midi,,,93,93046,1,1,3,4,4,Voie communale,50.0,1
202400017898,2024-09-08,après-midi,,,34,34129,1,1,3,3,4,Voie communale,50.0,1
202400017899,2024-01-30,après-midi,,,06,06069,1,1,2,4,4,Voie communale,50.0,1
202400017900,2024-12-23,nuit,,,93,93027,5,1,3,4,3,Départementale,50.0,1
202400017901,2024-04-17,matin,,,93,93045,1,1,6,4,3,Départementale,30.0,1
202400017902,2024-09-08,après-midi,,,29,29232,1,3,7,4,3,Départementale,50.0,2
202400017903,2024-01-30,après-midi,,,06,06030,1,1,6,4,4,Voie communale,50.0,1
202400017904,2024-04-18,après-midi,,,93,93057,1,1,7,3,3,Départementale,50.0,1
202400017905,2024-12-24,après-midi,,,92,92026,2,2,4,4,3,Départementale,50.0,2
202400017906,2024-01-29,après-midi,,,05,05023,1,1,6,4,4,Voie communale,50.0,1
202400017907,2024-04-18,après-midi,,,93,93008,1,1,6,4,3,Départementale,50.0,1
202400017908,2024-09-08,après-midi,,,27,27229,1,1,3,4,4,Voie communale,50.0,1
202400017909,2024-01-30,après-midi,,,75,75115,2,1,3,4,4,Voie communale,70.0,1
202400017910,2024-12-23,nuit,,,92,92024,5,2,1,4,3,Départementale,30.0,2
202400017911,2024-04-17,matin,,,93,93007,1,1,3,4,4,Voie communale,,1
202400017912,2024-01-30,après-midi,,,75,75118,1,1,4,3,4,Voie communale,70.0,1
202400017913,2024-12-24,matin,,,92,92002,5,2,3,4,3,Départementale,50.0,2
202400017914,2024-09-08,matin,,,25,25462,1,1,3,4,3,Départementale,50.0,2
202400017915,2024-04-18,après-midi,,,92,92078,1,1,6,4,4,Voie communale,50.0,1
202400017916,2024-12-24,après-midi,,,31,31184,1,8,6,3,7,Autre,70.0,1
202400017917,2024-01-29,après-midi,,,75,75114,1,1,4,4,4,Voie communale,70.0,1
202400017918,2024-04-18,matin,,,92,92062,1,1,3,4,3,Départementale,50.0,2
202400017919,2024-09-08,après-midi,,,23,23096,1,1,2,4,3,Départementale,50.0,1
202400017920,2024-12-25,matin,,,87,87202,1,1,6,2,3,Départementale,80.0,2
202400017921,2024-04-18,soirée,,,92,92025,1,1,6,4,3,Départementale,50.0,1
202400017922,2024-01-27,soirée,,,75,75105,5,1,6,4,4,Voie communale,30.0,1
202400017923,2024-09-08,après-midi,,,13,13043,1,2,2,4,4,Voie communale,50.0,2
202400017924,2024-12-24,nuit,,,05,05106,3,1,6,4,2,Nationale,80.0,1
202400017925,2024-01-30,après-midi,,,75,75116,1,1,6,4,4,Voie communale,30.0,1
202400017926,2024-04-18,matin,,,92,92024,1,8,2,4,3,Départementale,50.0,1
202400017927,2024-09-08,après-midi,,,13,13213,1,8,7,4,3,Départementale,50.0,2
202400017928,2024-12-25,après-midi,,,07,07330,1,1,1,3,4,Voie communale,50.0,1
202400017929,2024-01-30,soirée,,,75,75111,5,1,1,4,4,Voie communale,30.0,1
202400017930,2024-04-18,soirée,,,92,92012,1,1,1,4,3,Départementale,50.0,1
202400017931,2024-09-08,nuit,,,13,13209,5,1,1,4,4,Voie communale,50.0,1
202400017932,2024-12-24,soirée,,,24,24485,3,2,6,2,3,Départementale,70.0,2
202400017933,2024-01-30,après-midi,,,75,75111,2,1,6,4,4,Voie communale,,1
202400017934,2024-12-25,nuit,,,30,30341,3,1,7,2,3,Départementale,80.0,1
202400017935,2024-09-09,nuit,,,10,10060,3,1,6,4,4,Voie communale,50.0,1
202400017936,2024-04-17,soirée,,,92,92002,2,1,2,4,3,Départementale,50.0,1
202400017937,2024-01-30,matin,,,75,75103,1,1,2,4,4,Voie communale,30.0,1
202400017938,2024-04-19,matin,,,17,17010,1,1,1,2,3,Départementale,80.0,1
202400017939,2024-09-08,matin,,,10,10357,1,7,6,4,4,Voie communale,50.0,1
202400017940,2024-12-25,soirée,,,31,31506,5,1,2,4,7,Autre,30.0,1
202400017941,2024-04-18,soirée,,,22,22302,1,1,6,3,4,Voie communale,,1
202400017942,2024-01-29,soirée,,,75,75101,5,1,1,4,4,Voie communale,30.0,1
202400017943,2024-09-07,après-midi,,,08,08105,1,1,1,3,4,Voie communale,50.0,1
202400017944,2024-04-18,après-midi,,,31,31547,1,1,3,2,3,Départementale,80.0,1
202400017945,2024-01-30,nuit,,,94,94041,5,1,7,4,3,Départementale,30.0,1
202400017946,2024-12-25,nuit,,,30,30169,3,1,5,4,1,Autoroute,130.0,1
202400017947,2024-09-08,matin,,,06,06088,1,1,3,3,4,Voie communale,50.0,1
202400017948,2024-12-25,nuit,,,971,97118,5,1,6,2,4,Voie communale,30.0,1
202400017949,2024-04-19,nuit,,,35,35206,3,1,2,3,2,Nationale,110.0,1
202400017950,2024-01-30,nuit,,,94,94034,5,1,3,4,3,Départementale,30.0,1
202400017951,2024-12-24,nuit,,,33,33199,5,2,6,3,4,Voie communale,50.0,2
202400017952,2024-09-08,nuit,,,06,06088,5,1,3,3,4,Voie communale,50.0,1
202400017953,2024-04-18,après-midi,,,59,59201,1,8,2,4,7,Autre,80.0,2
202400017954,2024-01-30,après-midi,,,94,94070,1,1,4,4,2,Nationale,50.0,1
202400017955,2024-04-18,soirée,,,21,21406,3,1,6,3,3,Départementale,80.0,1
202400017956,2024-09-08,après-midi,,,06,06069,1,2,6,4,4,Voie communale,50.0,2
202400017957,2024-01-30,après-midi,,,93,93064,1,1,6,4,4,Voie communale,50.0,1
202400017958,2024-04-18,après-midi,,,19,19196,1,1,7,3,3,Départementale,90.0,1
202400017959,2024-09-20,matin,,,04,04070,1,1,7,3,4,Voie communale,30.0,1
202400017960,2024-04-19,matin,,,19,19285,2,1,7,3,3,Départementale,90.0,1
202400017961,2024-01-30,matin,,,93,93062,1,1,3,4,4,Voie communale,,1
202400017962,2024-12-24,soirée,,,77,77095,3,2,5,4,3,Départementale,80.0,2
202400017963,2024-04-19,matin,,,59,59580,1,1,6,3,9,Autre,50.0,1
202400017964,2024-04-19,matin,,,81,81081,5,1,6,3,3,Départementale,50.0,1
202400017965,2024-01-29,après-midi,,,93,93048,2,1,6,4,4,Voie communale,30.0,1
202400017966,2024-12-25,après-midi,,,66,66217,1,1,3,4,3,Départementale,50.0,1
202400017967,2024-09-08,après-midi,,,75,75120,1,1,5,4,4,Voie communale,70.0,1
202400017968,2024-01-29,après-midi,,,93,93048,1,1,3,4,4,Voie communale,30.0,1
202400017969,2024-04-12,soirée,,,71,71543,1,1,2,4,3,Départementale,50.0,1
202400017970,2024-12-24,matin,,,04,04242,1,1,2,4,3,Départementale,80.0,1
202400017971,2024-09-07,nuit,,,75,75115,5,1,2,4,4,Voie communale,70.0,1
202400017972,2024-01-30,matin,,,93,93047,1,8,6,4,4,Voie communale,50.0,1
202400017973,2024-04-19,après-midi,,,63,63047,1,1,7,3,4,Voie communale,10.0,1
202400017974,2024-12-24,matin,,,69,69287,1,1,6,3,4,Voie communale,30.0,1
202400017975,2024-09-06,après-midi,,,75,75115,1,1,2,4,4,Voie communale,70.0,1
202400017976,2024-12-23,après-midi,,,27,27397,1,1,7,3,4,Voie communale,50.0,1
202400017977,2024-01-30,matin,,,93,93010,2,1,6,4,4,Voie communale,,1
202400017978,2024-04-17,nuit,,,49,49160,3,1,3,4,3,Départementale,70.0,1
202400017979,2024-04-18,après-midi,,,42,42264,1,1,6,3,3,Départementale,80.0,2
202400017980,2024-01-30,après-midi,,,93,93005,1,1,6,4,4,Voie communale,,1
202400017981,2024-09-08,après-midi,,,75,75120,1,1,2,4,4,Voie communale,,1
202400017982,2024-12-25,matin,,,76,76116,1,1,3,3,7,Autre,70.0,1
202400017983,2024-01-27,après-midi,,,92,92022,2,1,7,4,4,Voie communale,30.0,1
202400017984,2024-04-18,soirée,,,86,86002,1,1,3,2,3,Départementale,80.0,1
202400017985,2024-01-30,matin,,,92,92050,1,8,2,4,3,Départementale,50.0,1
202400017986,2024-12-25,matin,,,60,60211,1,1,1,3,3,Départementale,80.0,2
202400017987,2024-09-08,nuit,,,75,75116,5,1,4,4,4,Voie communale,30.0,1
202400017988,2024-03-15,après-midi,,,34,34150,1,1,7,2,4,Voie communale,,1
202400017989,2024-01-30,après-midi,,,92,92040,1,1,3,4,4,Voie communale,30.0,1
202400017990,2024-09-06,après-midi,,,75,75116,1,1,3,4,4,Voie communale,30.0,1
202400017991,2024-04-05,soirée,,,44,44217,3,1,1,4,3,Départementale,70.0,1
202400017992,2024-12-23,après-midi,,,13,13005,1,1,2,4,1,Autoroute,90.0,1
202400017993,2024-01-30,soirée,,,92,92026,5,1,3,4,3,Départementale,50.0,1
202400017994,2024-09-08,nuit,,,75,75115,5,1,3,4,4,Voie communale,50.0,1
202400017995,2024-12-23,soirée,,,13,13214,5,1,3,4,1,Autoroute,70.0,1
202400017996,2024-04-19,après-midi,,,35,35039,1,1,3,2,7,Autre,50.0,1
202400017997,2024-01-30,après-midi,,,92,92024,1,1,2,4,3,Départementale,50.0,1
202400017998,2024-01-30,après-midi,,,34,34069,1,8,6,3,3,Départementale,80.0,2
202400017999,2024-09-07,nuit,,,75,75115,5,1,3,4,4,Voie communale,30.0,1
202400018000,2024-04-19,après-midi,,,58,58079,1,1,6,3,3,Départementale,50.0,1
202400018001,2024-12-13,soirée,,,13,13071,3,1,4,4,1,Autoroute,90.0,1
202400018002,2024-01-31,matin,,,51,51423,2,1,3,4,3,Départementale,80.0,1
202400018003,2024-04-19,matin,,,72,72247,1,7,1,3,3,Départementale,90.0,1
202400018004,2024-01-30,après-midi,,,33,33087,1,1,6,4,3,Départementale,50.0,1
202400018005,2024-12-21,après-midi,,,57,57356,1,8,2,4,1,Autoroute,110.0,2
202400018006,2024-09-08,après-midi,,,75,75101,1,8,3,4,4,Voie communale,30.0,2
202400018007,2024-01-17,après-midi,,,36,36103,1,1,7,4,3,Départementale,80.0,1
202400018008,2024-04-19,matin,,,14,14740,1,1,6,3,3,Départementale,80.0,1
202400018009,2024-01-30,après-midi,,,972,97231,1,1,1,4,3,Départementale,70.0,1
202400018010,2024-09-08,matin,,,75,75104,1,1,5,4,4,Voie communale,30.0,1
202400018011,2024-04-14,matin,,,64,64238,1,1,3,3,3,Départementale,80.0,1
202400018012,2024-12-23,nuit,,,59,59447,3,1,5,2,1,Autoroute,130.0,1
202400018013,2024-01-31,après-midi,,,72,72008,1,1,1,4,3,Départementale,90.0,1
202400018014,2024-12-24,soirée,,,92,92002,3,1,2,4,1,Autoroute,90.0,2
202400018015,2024-09-08,nuit,,,94,94016,5,1,3,4,3,Départementale,50.0,1
202400018016,2024-01-29,matin,,,82,82185,1,1,7,3,3,Départementale,80.0,1
202400018017,2024-04-13,matin,,,43,43244,1,1,6,3,4,Voie communale,50.0,1
202400018018,2024-01-31,nuit,,,63,63195,3,1,6,4,3,Départementale,90.0,1
202400018019,2024-12-24,soirée,,,91,91228,3,1,2,4,1,Autoroute,110.0,2
202400018020,2024-09-08,matin,,,95,95527,2,1,3,4,4,Voie communale,70.0,1
202400018021,2024-01-30,nuit,,,42,42173,3,1,6,3,3,Départementale,80.0,1
202400018022,2024-04-18,soirée,,,07,07191,3,1,6,3,3,Départementale,90.0,1
202400018023,2024-09-07,matin,,,93,93001,2,2,3,4,3,Départementale,50.0,2
202400018024,2024-01-30,matin,,,29,29241,1,5,6,3,4,Voie communale,30.0,1
202400018025,2024-12-24,après-midi,,,92,92019,1,2,2,4,2,Nationale,90.0,2
202400018026,2024-09-08,soirée,,,92,92036,5,2,6,4,3,Départementale,30.0,2
202400018027,2024-01-31,après-midi,,,38,38538,1,7,3,4,3,Départementale,70.0,1
202400018028,2024-12-24,après-midi,,,78,78640,1,1,2,4,2,Nationale,90.0,1
202400018029,2024-04-18,matin,,,04,04088,1,1,3,4,4,Voie communale,50.0,1
202400018030,2024-01-31,matin,,,15,15243,1,8,6,3,3,Départementale,90.0,7
202400018031,2024-12-24,matin,,,92,92036,1,2,6,4,1,Autoroute,90.0,2
202400018032,2024-09-08,après-midi,,,39,39097,1,1,6,4,4,Voie communale,50.0,1
202400018033,2024-04-19,après-midi,,,85,85029,1,1,6,2,3,Départementale,80.0,1
202400018034,2024-12-24,soirée,,,78,78640,3,2,2,4,1,Autoroute,90.0,2
202400018035,2024-01-31,après-midi,,,70,70149,1,1,1,4,3,Départementale,80.0,1
202400018036,2024-08-29,après-midi,,,57,57028,1,1,1,4,1,Autoroute,70.0,1
202400018037,2024-04-18,nuit,,,85,85089,3,1,1,3,3,Départementale,80.0,1
202400018038,2024-01-31,matin,,,70,70525,3,1,6,3,4,Voie communale,80.0,1
202400018039,2024-12-23,après-midi,,,78,78158,1,1,2,4,1,Autoroute,50.0,1
202400018040,2024-09-09,matin,,,83,83107,1,7,7,3,1,Autoroute,130.0,1
202400018041,2024-01-30,matin,,,54,54405,1,9,6,3,3,Départementale,80.0,1
202400018042,2024-12-24,après-midi,,,95,95500,5,2,3,4,1,Autoroute,90.0,2
202400018043,2024-04-18,soirée,,,37,37203,1,1,3,3,3,Départementale,70.0,1
202400018044,2024-09-07,soirée,,,972,97218,3,1,6,3,2,Nationale,90.0,1
202400018045,2024-01-30,matin,,,72,72352,1,1,1,4,3,Départementale,80.0,2
202400018046,2024-12-24,après-midi,,,95,95365,2,2,3,3,2,Nationale,90.0,2
202400018047,2024-09-08,matin,,,63,63289,1,1,7,3,3,Départementale,90.0,1
202400018048,2024-04-18,soirée,,,61,61497,1,1,3,3,1,Autoroute,130.0,1
202400018049,2024-01-28,après-midi,,,64,64040,1,1,7,4,3,Départementale,80.0,1
202400018050,2024-12-24,matin,,,93,93005,1,2,2,4,1,Autoroute,110.0,2
202400018051,2024-01-23,après-midi,,,73,73188,1,1,2,4,3,Départementale,80.0,1
202400018052,2024-04-19,après-midi,,,42,42041,1,1,2,3,1,Autoroute,130.0,1
202400018053,2024-09-06,après-midi,,,12,12131,1,1,3,4,3,Départementale,50.0,1
202400018054,2024-12-23,nuit,,,93,93053,3,1,2,4,1,Autoroute,110.0,1
202400018055,2024-01-21,matin,,,37,37154,5,2,1,4,3,Départementale,50.0,2
202400018056,2024-04-19,matin,,,973,97309,1,1,3,3,3,Départementale,50.0,1
202400018057,2024-09-08,soirée,,,974,97413,3,1,1,4,3,Départementale,50.0,1
202400018058,2024-01-30,matin,,,987,98734,1,1,3,3,2,Nationale,60.0,1
202400018059,2024-04-18,après-midi,,,69,69244,1,1,3,4,4,Voie communale,30.0,2
202400018060,2024-12-24,soirée,,,77,77294,3,5,6,4,1,Autoroute,90.0,2
202400018061,2024-09-08,soirée,,,50,50467,1,8,6,3,2,Nationale,110.0,1
202400018062,2024-01-31,matin,,,34,34032,1,1,3,4,1,Autoroute,130.0,1
202400018063,2024-04-18,après-midi,,,86,86062,1,1,2,3,1,Autoroute,130.0,1
202400018064,2024-06-20,nuit,,,75,75107,5,1,6,4,4,Voie communale,30.0,1
202400018065,2024-01-30,après-midi,,,987,98729,1,1,6,3,2,Nationale,60.0,6
202400018066,2024-09-09,nuit,,,50,50025,3,1,6,3,2,Nationale,110.0,2
202400018067,2024-09-07,après-midi,,,34,34114,1,1,6,3,1,Autoroute,110.0,2
202400018068,2024-06-29,matin,,,93,93027,1,1,1,3,3,Départementale,50.0,1
202400018069,2024-01-30,soirée,,,973,97312,5,1,1,4,4,Voie communale,50.0,2
202400018070,2024-04-18,après-midi,,,45,45008,1,1,2,4,1,Autoroute,130.0,1
202400018071,2024-06-26,nuit,,,93,93027,5,1,6,4,4,Voie communale,50.0,1
202400018072,2024-01-28,soirée,,,971,97117,5,1,6,4,2,Nationale,50.0,1
202400018073,2024-04-16,nuit,,,59,59047,3,2,6,3,1,Autoroute,130.0,2
202400018074,2024-09-08,soirée,,,87,87122,1,8,1,3,1,Autoroute,130.0,2
202400018075,2024-06-21,matin,,,93,93027,1,2,3,4,4,Voie communale,50.0,2
202400018076,2024-04-19,matin,,,77,77231,2,1,6,4,3,Départementale,80.0,1
202400018077,2024-01-31,après-midi,,,77,77183,1,1,3,3,3,Départementale,50.0,1
202400018078,2024-01-31,matin,,,2B,2B148,1,1,6,4,6,Autre,20.0,1
202400018079,2024-06-14,soirée,,,93,93027,1,1,2,4,3,Départementale,50.0,1
202400018080,2024-09-07,après-midi,,,30,30254,1,1,3,4,2,Nationale,80.0,1
202400018081,2024-04-18,après-midi,,,21,21464,1,1,6,4,3,Départementale,50.0,1
202400018082,2024-01-30,soirée,,,66,66227,3,1,1,3,4,Voie communale,70.0,1
202400018083,2024-06-05,nuit,,,93,93027,5,1,2,3,1,Autoroute,50.0,1
202400018084,2024-09-07,après-midi,,,62,62749,1,1,6,3,3,Départementale,50.0,1
202400018085,2024-04-19,matin,,,21,21390,2,1,6,3,7,Autre,50.0,1
202400018086,2024-01-31,matin,,,84,84074,2,1,2,2,3,Départementale,70.0,1
202400018087,2024-04-17,matin,,,68,68063,1,1,7,3,4,Voie communale,50.0,1
202400018088,2024-12-24,nuit,,,988,98818,5,1,6,4,4,Voie communale,50.0,1
202400018089,2024-01-31,soirée,,,83,83008,3,1,6,2,3,Départementale,80.0,1
202400018090,2024-09-09,matin,,,57,57465,1,8,3,4,3,Départementale,80.0,1
202400018091,2024-12-23,après-midi,,,976,97611,1,1,6,4,2,Nationale,50.0,1
202400018092,2024-04-18,après-midi,,,07,07130,1,4,2,4,2,Nationale,80.0,2
202400018093,2024-01-31,après-midi,,,70,70528,1,1,1,3,3,Départementale,90.0,1
202400018094,2024-09-08,après-midi,,,19,19067,1,2,7,2,3,Départementale,90.0,2
202400018095,2024-12-23,matin,,,974,97411,1,1,6,3,4,Voie communale,50.0,1
202400018096,2024-01-27,après-midi,,,67,67368,1,7,7,2,3,Départementale,80.0,1
202400018097,2024-04-18,matin,,,53,53119,1,7,7,3,3,Départementale,80.0,1
202400018098,2024-09-06,soirée,,,56,56112,1,1,7,3,4,Voie communale,80.0,1
202400018099,2024-12-22,nuit,,,972,97209,5,1,7,4,3,Départementale,50.0,1
202400018100,2024-01-30,après-midi,,,07,07138,2,1,7,3,2,Nationale,90.0,1
202400018101,2024-04-09,soirée,,,44,44110,2,1,2,3,3,Départementale,80.0,1
202400018102,2024-09-07,nuit,,,56,56166,3,1,6,3,4,Voie communale,80.0,1
202400018103,2024-01-30,matin,,,65,65042,1,1,1,4,3,Départementale,80.0,1
202400018104,2024-04-18,matin,,,14,14698,2,1,6,3,3,Départementale,90.0,1
202400018105,2024-12-21,après-midi,,,972,97209,1,1,4,4,2,Nationale,50.0,1
202400018106,2024-09-08,nuit,,,79,79179,3,1,7,3,4,Voie communale,80.0,1
202400018107,2024-01-30,matin,,,86,86137,1,1,1,3,4,Voie communale,80.0,1
202400018108,2024-04-17,après-midi,,,35,35360,1,1,6,3,4,Voie communale,,1
202400018109,2024-12-22,nuit,,,971,97101,3,1,7,4,4,Voie communale,50.0,1
202400018110,2024-01-25,soirée,,,47,47024,3,1,3,3,4,Voie communale,50.0,1
202400018111,2024-04-19,après-midi,,,27,27410,1,2,1,4,2,Nationale,80.0,2
202400018112,2024-12-23,matin,,,91,91027,2,1,3,4,3,Départementale,50.0,1
202400018113,2024-09-07,matin,,,80,80606,1,1,6,3,3,Départementale,80.0,1
202400018114,2024-12-18,après-midi,,,88,88160,1,1,3,4,4,Voie communale,30.0,1
202400018115,2024-09-07,matin,,,82,82186,1,8,6,3,3,Départementale,80.0,9
202400018116,2024-01-31,matin,,,22,22225,1,1,6,4,4,Voie communale,50.0,1
202400018117,2024-12-21,soirée,,,87,87085,5,1,6,4,4,Voie communale,30.0,1
202400018118,2024-09-09,matin,,,71,71379,1,2,1,3,3,Départementale,80.0,2
202400018119,2024-01-31,matin,,,76,76758,2,1,6,3,3,Départementale,50.0,1
202400018120,2024-04-17,après-midi,,,13,13001,1,1,2,4,1,Autoroute,70.0,1
202400018121,2024-12-21,après-midi,,,87,87085,1,1,6,3,3,Départementale,80.0,2
202400018122,2024-01-30,après-midi,,,60,60446,1,1,6,3,2,Nationale,110.0,1
202400018123,2024-04-17,matin,,,13,13071,1,6,2,4,1,Autoroute,90.0,1
202400018124,2024-09-07,après-midi,,,89,89151,1,3,3,4,3,Départementale,90.0,2
202400018125,2024-12-19,soirée,,,87,87085,5,2,2,4,4,Voie communale,50.0,2