Num_Acc,date,time_of_day,lat,long,dep,com,lum,atm,col,severity_index,catr,catr_label,vma,surf
202400018126,2024-01-31,soirée,,,80,80034,3,1,2,4,1,Autoroute,130.0,1
202400018127,2024-12-22,nuit,,,77,77118,3,3,6,2,2,Nationale,90.0,2
202400018128,2024-01-31,nuit,,,62,62793,3,1,6,3,3,Départementale,80.0,1
202400018129,2024-04-14,nuit,,,13,13215,3,1,5,4,1,Autoroute,90.0,1
202400018130,2024-07-18,matin,,,63,63008,1,1,7,4,3,Départementale,90.0,1
202400018131,2024-04-04,soirée,,,42,42097,2,1,6,2,1,Autoroute,110.0,1
202400018132,2024-12-23,nuit,,,76,76540,5,2,3,4,7,Autre,50.0,2
202400018133,2024-01-30,matin,,,83,83123,1,1,4,4,1,Autoroute,90.0,1
202400018134,2024-04-18,après-midi,,,92,92050,1,1,2,4,1,Autoroute,70.0,1
202400018135,2024-04-18,après-midi,,,93,93027,1,2,2,4,1,Autoroute,90.0,2
202400018136,2024-01-30,matin,,,69,69385,1,1,3,3,7,Autre,70.0,1
202400018137,2024-09-07,matin,,,49,49183,1,1,1,3,3,Départementale,80.0,1
202400018138,2024-12-22,matin,,,76,76341,1,1,6,4,3,Départementale,70.0,2
202400018139,2024-12-23,après-midi,,,76,76217,1,1,6,3,4,Voie communale,50.0,1
202400018140,2024-09-09,matin,,,12,12188,1,2,6,3,3,Départementale,90.0,2
202400018141,2024-04-18,après-midi,,,94,94073,1,1,4,4,1,Autoroute,90.0,1
202400018142,2024-03-15,matin,,,54,54115,1,2,4,4,1,Autoroute,110.0,2
202400018143,2024-08-02,soirée,,,31,31022,2,1,2,4,1,Autoroute,110.0,1
202400018144,2024-09-08,matin,,,42,42260,1,1,3,4,3,Départementale,50.0,1
202400018145,2024-12-18,matin,,,76,76114,5,1,3,4,3,Départementale,40.0,2
202400018146,2024-04-17,soirée,,,77,77363,1,1,4,4,1,Autoroute,90.0,1
202400018147,2024-07-31,matin,,,988,98805,1,1,6,3,3,Départementale,90.0,1
202400018148,2024-09-08,matin,,,42,42047,1,1,7,3,3,Départementale,80.0,1
202400018149,2024-01-30,matin,,,91,91468,1,1,2,4,1,Autoroute,110.0,1
202400018150,2024-08-02,soirée,,,67,67067,1,2,7,3,1,Autoroute,30.0,2
202400018151,2024-12-22,soirée,,,67,67482,5,8,6,4,4,Voie communale,50.0,2
202400018152,2024-01-28,nuit,,,92,92050,5,1,7,4,1,Autoroute,50.0,1
202400018153,2024-09-08,nuit,,,46,46322,3,1,1,4,3,Départementale,80.0,1
202400018154,2024-12-21,soirée,,,66,66136,3,1,3,4,4,Voie communale,30.0,1
202400018155,2024-09-09,nuit,,,68,68338,5,2,7,4,3,Départementale,70.0,2
202400018156,2024-01-30,après-midi,,,93,93008,1,1,2,4,1,Autoroute,90.0,1
202400018157,2024-08-02,matin,,,34,34095,1,1,5,4,1,Autoroute,130.0,1
202400018158,2024-12-17,après-midi,,,65,65286,1,1,6,3,6,Autre,30.0,1
202400018159,2024-08-03,nuit,,,60,60432,3,1,6,4,3,Départementale,80.0,1
202400018160,2024-12-23,après-midi,,,64,64445,1,2,2,4,4,Voie communale,30.0,2
202400018161,2024-09-05,soirée,,,39,39510,3,1,2,4,3,Départementale,80.0,2
202400018162,2024-12-22,matin,,,64,64102,1,2,3,4,4,Voie communale,30.0,2
202400018163,2024-08-03,matin,,,975,97502,1,1,1,4,6,Autre,,1
202400018164,2024-01-29,soirée,,,93,93007,4,1,2,4,1,Autoroute,90.0,1
202400018165,2024-09-08,nuit,,,39,39412,4,2,6,4,3,Départementale,50.0,2
202400018166,2024-12-23,soirée,,,59,59426,5,1,6,4,4,Voie communale,50.0,1
202400018167,2024-08-03,matin,,,988,98803,1,1,6,4,2,Nationale,100.0,1
202400018168,2024-12-23,soirée,,,59,59343,5,1,1,4,4,Voie communale,30.0,1
202400018169,2024-01-29,soirée,,,93,93005,3,1,2,4,1,Autoroute,90.0,1
202400018170,2024-09-08,nuit,,,25,25405,3,3,6,3,3,Départementale,90.0,2
202400018171,2024-08-03,nuit,,,973,97305,3,1,1,4,2,Nationale,80.0,1
202400018172,2024-12-23,soirée,,,59,59560,3,1,2,4,7,Autre,70.0,1
202400018173,2024-01-29,nuit,,,974,97416,3,2,6,4,2,Nationale,70.0,2
202400018174,2024-08-02,soirée,,,971,97129,2,1,6,2,3,Départementale,50.0,1
202400018175,2024-09-08,après-midi,,,44,44003,1,8,6,3,4,Voie communale,50.0,1
202400018176,2024-12-23,après-midi,,,56,56260,1,1,6,4,4,Voie communale,30.0,1
202400018177,2024-09-08,matin,,,29,29111,1,3,7,3,3,Départementale,80.0,2
202400018178,2024-11-30,matin,,,56,56260,4,1,6,4,4,Voie communale,50.0,1
202400018179,2024-01-29,après-midi,,,974,97411,1,1,3,4,2,Nationale,50.0,1
202400018180,2024-08-03,matin,,,45,45340,1,8,3,3,3,Départementale,80.0,1
202400018181,2024-09-08,après-midi,,,29,29259,1,2,1,3,3,Départementale,80.0,2
202400018182,2024-12-22,soirée,,,56,56121,5,1,3,4,4,Voie communale,30.0,1
202400018183,2024-02-27,après-midi,,,45,45155,1,1,2,3,3,Départementale,50.0,1
202400018184,2024-01-29,après-midi,,,973,97302,1,2,7,4,4,Voie communale,50.0,2
202400018185,2024-09-07,matin,,,29,29235,1,2,7,3,4,Voie communale,50.0,2
202400018186,2024-12-20,soirée,,,56,56121,5,2,6,4,4,Voie communale,30.0,2
202400018187,2024-01-29,après-midi,,,973,97302,1,3,6,4,4,Voie communale,50.0,2
202400018188,2024-09-08,soirée,,,38,38538,3,3,6,4,3,Départementale,50.0,2
202400018189,2024-12-22,après-midi,,,54,54395,2,1,1,4,4,Voie communale,50.0,1
202400018190,2024-01-27,matin,,,973,97302,1,1,3,4,2,Nationale,50.0,1
202400018191,2024-09-04,après-midi,,,01,01335,1,1,6,4,3,Départementale,80.0,1
202400018192,2024-08-01,soirée,,,11,11188,1,1,1,3,4,Voie communale,30.0,1
202400018193,2024-12-21,soirée,,,54,54116,5,2,6,3,3,Départementale,50.0,2
202400018194,2024-01-29,matin,,,973,97302,1,2,6,4,4,Voie communale,50.0,2
202400018195,2024-09-09,matin,,,26,26324,1,7,6,4,3,Départementale,50.0,1
202400018196,2024-12-22,matin,,,50,50129,5,1,6,4,3,Départementale,70.0,2
202400018197,2024-01-29,matin,,,973,97302,1,3,3,4,3,Départementale,50.0,2
202400018198,2024-08-03,nuit,,,84,84019,3,1,1,4,2,Nationale,80.0,1
202400018199,2024-09-08,après-midi,,,66,66137,1,1,6,2,3,Départementale,80.0,1
202400018200,2024-01-28,soirée,,,972,97209,5,1,2,3,2,Nationale,90.0,1
202400018201,2024-11-16,nuit,,,42,42187,5,1,3,4,3,Départementale,70.0,1
202400018202,2024-09-07,après-midi,,,06,06119,1,1,7,3,7,Autre,50.0,1
202400018203,2024-01-28,après-midi,,,972,97209,2,1,6,4,2,Nationale,50.0,1
202400018204,2024-08-02,matin,,,06,06048,1,1,3,4,3,Départementale,50.0,1
202400018205,2024-12-12,nuit,,,40,40088,5,1,6,3,3,Départementale,50.0,1
202400018206,2024-01-29,après-midi,,,69,69034,1,1,3,4,4,Voie communale,50.0,1
202400018207,2024-08-01,soirée,,,13,13004,1,1,7,3,3,Départementale,80.0,1
202400018208,2024-08-29,après-midi,,,14,14355,1,1,3,3,3,Départementale,80.0,1
202400018209,2024-01-28,nuit,,,971,97101,5,1,1,4,3,Départementale,70.0,2
202400018210,2024-08-02,après-midi,,,71,71299,1,1,6,3,2,Nationale,110.0,1
202400018211,2024-12-23,après-midi,,,37,37261,1,8,3,4,4,Voie communale,50.0,1
202400018212,2024-01-27,soirée,,,971,97120,5,1,1,4,3,Départementale,50.0,1
202400018213,2024-09-07,après-midi,,,14,14535,1,8,7,3,3,Départementale,30.0,2
202400018214,2024-12-23,soirée,,,35,35150,3,2,3,4,3,Départementale,80.0,2
202400018215,2024-07-31,après-midi,,,67,67156,1,1,6,3,4,Voie communale,50.0,1
202400018216,2024-01-29,matin,,,91,91421,1,1,2,4,2,Nationale,50.0,1
202400018217,2024-12-23,matin,,,34,34198,1,1,6,3,4,Voie communale,50.0,1
202400018218,2024-08-02,après-midi,,,57,57415,1,1,7,4,7,Autre,70.0,1
202400018219,2024-12-23,après-midi,,,33,33009,1,1,6,4,4,Voie communale,50.0,1
202400018220,2024-09-07,soirée,,,90,90041,2,1,1,4,3,Départementale,50.0,1
202400018221,2024-01-29,après-midi,,,89,89387,1,1,3,4,4,Voie communale,50.0,1
202400018222,2024-09-07,après-midi,,,09,09005,1,1,7,3,3,Départementale,80.0,1
202400018223,2024-12-23,soirée,,,31,31555,5,1,3,4,4,Voie communale,30.0,1
202400018224,2024-08-03,après-midi,,,63,63038,1,1,1,4,3,Départementale,90.0,1
202400018225,2024-01-25,soirée,,,87,87085,3,1,3,4,1,Autoroute,110.0,1
202400018226,2024-09-08,soirée,,,60,60129,1,1,6,4,3,Départementale,50.0,1
202400018227,2024-12-23,après-midi,,,31,31555,1,1,6,3,4,Voie communale,30.0,1
202400018228,2024-08-03,après-midi,,,38,38295,1,1,7,3,3,Départementale,80.0,1
202400018229,2024-01-29,matin,,,86,86194,1,7,6,3,3,Départementale,30.0,1
202400018230,2024-09-09,matin,,,45,45204,2,8,1,3,4,Voie communale,90.0,2
202400018231,2024-12-23,matin,,,27,27229,1,1,3,4,4,Voie communale,50.0,1
202400018232,2024-07-30,soirée,,,38,38138,1,1,1,3,3,Départementale,80.0,1
202400018233,2024-01-28,matin,,,86,86194,2,1,3,4,4,Voie communale,30.0,1
202400018234,2024-12-23,après-midi,,,25,25462,1,4,6,4,4,Voie communale,50.0,5
202400018235,2024-09-07,soirée,,,64,64375,1,1,1,4,3,Départementale,80.0,1
202400018236,2024-01-29,nuit,,,84,84007,5,1,1,3,4,Voie communale,50.0,1
202400018237,2024-08-03,nuit,,,81,81020,3,1,7,4,3,Départementale,80.0,1
202400018238,2024-09-07,soirée,,,18,18173,2,1,7,3,3,Départementale,80.0,1
202400018239,2024-12-23,soirée,,,25,25056,3,1,3,4,2,Nationale,90.0,2
202400018240,2024-09-08,soirée,,,43,43078,1,3,7,3,3,Départementale,90.0,2
202400018241,2024-12-23,matin,,,14,14327,3,1,1,4,4,Voie communale,50.0,1
202400018242,2024-01-28,soirée,,,84,84092,3,1,1,3,3,Départementale,80.0,1
202400018243,2024-08-01,soirée,,,09,09047,1,1,3,4,3,Départementale,80.0,1
202400018244,2024-12-23,matin,,,08,08480,1,1,6,4,4,Voie communale,30.0,1
202400018245,2024-09-09,après-midi,,,16,16384,1,1,3,4,3,Départementale,80.0,1
202400018246,2024-01-28,matin,,,83,83137,1,1,3,4,4,Voie communale,50.0,1
202400018247,2024-12-20,après-midi,,,02,02722,2,2,3,3,4,Voie communale,30.0,2
202400018248,2024-09-07,après-midi,,,07,07010,1,1,1,3,4,Voie communale,50.0,1
202400018249,2024-08-03,matin,,,17,17351,1,1,3,3,3,Départementale,80.0,1
202400018250,2024-01-29,matin,,,81,81004,2,1,3,4,4,Voie communale,50.0,1
202400018251,2024-08-03,après-midi,,,35,35166,1,1,6,3,3,Départementale,80.0,1
202400018252,2024-01-28,après-midi,,,80,80001,1,1,1,4,4,Voie communale,70.0,1
202400018253,2024-12-23,matin,,,75,75116,2,1,5,4,4,Voie communale,50.0,1
202400018254,2024-09-03,nuit,,,07,07349,5,2,1,4,3,Départementale,70.0,2
202400018255,2024-08-01,soirée,,,13,13019,1,1,3,4,1,Autoroute,90.0,1
202400018256,2024-12-22,matin,,,75,75119,5,2,2,4,4,Voie communale,50.0,2
202400018257,2024-01-29,soirée,,,78,78642,3,1,2,4,3,Départementale,50.0,1
202400018258,2024-09-09,matin,,,21,21250,2,2,1,4,3,Départementale,,2
202400018259,2024-12-23,soirée,,,75,75105,5,1,6,4,4,Voie communale,30.0,1
202400018260,2024-01-29,matin,,,76,76351,1,1,3,4,4,Voie communale,50.0,1
202400018261,2024-08-02,matin,,,13,13070,1,1,4,4,1,Autoroute,90.0,1
202400018262,2024-12-23,après-midi,,,75,75106,1,1,6,4,4,Voie communale,30.0,1
202400018263,2024-09-07,après-midi,,,24,24388,1,2,3,3,3,Départementale,80.0,2
202400018264,2024-01-28,matin,,,76,76351,5,1,6,4,4,Voie communale,50.0,1
202400018265,2024-12-22,nuit,,,75,75120,5,8,6,4,4,Voie communale,30.0,2
202400018266,2024-07-31,soirée,,,13,13106,1,1,4,4,1,Autoroute,90.0,1
202400018267,2024-09-08,nuit,,,27,27367,3,2,6,4,3,Départementale,50.0,2
202400018268,2024-01-28,soirée,,,76,76351,5,1,3,4,4,Voie communale,50.0,1
202400018269,2024-12-23,matin,,,75,75119,1,1,6,4,4,Voie communale,30.0,1
202400018270,2024-01-26,soirée,,,76,76305,5,1,7,4,4,Voie communale,50.0,1
202400018271,2024-09-04,soirée,,,27,27690,2,1,3,3,3,Départementale,80.0,1
202400018272,2024-12-23,soirée,,,75,75117,5,2,2,4,4,Voie communale,30.0,2
202400018273,2024-08-02,soirée,,,69,69266,3,2,3,4,1,Autoroute,50.0,2
202400018274,2024-01-29,soirée,,,69,69266,5,1,3,4,4,Voie communale,30.0,1
202400018275,2024-07-30,nuit,,,01,01275,3,1,7,4,1,Autoroute,70.0,1
202400018276,2024-12-23,après-midi,,,75,75116,1,1,5,4,4,Voie communale,30.0,1
202400018277,2024-01-29,matin,,,69,69282,3,1,1,4,4,Voie communale,50.0,1
202400018278,2024-08-08,après-midi,,,17,17111,1,1,3,4,3,Départementale,80.0,1
202400018279,2024-12-23,après-midi,,,75,75113,1,1,6,4,4,Voie communale,30.0,1
202400018280,2024-01-29,matin,,,69,69264,5,1,1,4,4,Voie communale,50.0,1
202400018281,2024-09-07,après-midi,,,23,23164,1,3,3,4,3,Départementale,90.0,2
202400018282,2024-12-22,soirée,,,75,75111,5,2,3,4,4,Voie communale,30.0,2
202400018283,2024-07-30,après-midi,,,59,59580,1,1,6,3,1,Autoroute,130.0,1
202400018284,2024-01-29,après-midi,,,64,64445,1,1,2,4,4,Voie communale,50.0,1
202400018285,2024-12-22,nuit,,,75,75104,5,2,7,4,4,Voie communale,30.0,2
202400018286,2024-08-02,après-midi,,,94,94021,1,1,2,4,1,Autoroute,90.0,1
202400018287,2024-09-08,après-midi,,,87,87205,1,1,5,2,3,Départementale,80.0,1
202400018288,2024-12-20,après-midi,,,94,94068,2,8,6,4,4,Voie communale,30.0,1
202400018289,2024-01-28,après-midi,,,64,64102,1,1,3,4,3,Départementale,50.0,1
202400018290,2024-12-16,matin,,,94,94033,1,1,2,4,3,Départementale,50.0,1
202400018291,2024-01-29,après-midi,,,63,63113,1,1,3,4,4,Voie communale,50.0,1
202400018292,2024-08-02,matin,,,91,91136,1,1,4,4,1,Autoroute,90.0,1
202400018293,2024-09-07,après-midi,,,30,30210,1,8,6,3,3,Départementale,50.0,1
202400018294,2024-08-02,matin,,,91,91645,1,1,7,4,2,Nationale,90.0,1
202400018295,2024-12-23,après-midi,,,93,93031,1,1,2,2,3,Départementale,50.0,1
202400018296,2024-01-07,nuit,,,62,62774,5,1,2,4,3,Départementale,50.0,1
202400018297,2024-09-08,après-midi,,,39,39017,1,1,3,3,1,Autoroute,130.0,1
202400018298,2024-01-29,soirée,,,61,61001,5,1,6,4,4,Voie communale,30.0,1
202400018299,2024-08-02,matin,,,91,91689,1,1,3,4,1,Autoroute,90.0,1
202400018300,2024-09-08,matin,,,05,05162,1,3,6,3,1,Autoroute,70.0,2
202400018301,2024-12-23,après-midi,,,93,93031,1,7,2,4,4,Voie communale,,1
202400018302,2024-01-29,matin,,,57,57463,2,8,6,4,4,Voie communale,50.0,2
202400018303,2024-08-02,matin,,,91,91174,1,1,3,4,2,Nationale,70.0,1
202400018304,2024-09-07,après-midi,,,978,97801,1,1,1,3,2,Nationale,30.0,1
202400018305,2024-12-23,soirée,,,93,93029,5,1,3,4,3,Départementale,50.0,1
202400018306,2024-01-26,nuit,,,56,56121,5,1,7,4,4,Voie communale,20.0,1
202400018307,2024-08-02,nuit,,,92,92050,3,2,7,4,1,Autoroute,90.0,2
202400018308,2024-12-23,matin,,,93,93010,1,1,3,4,3,Départementale,15.0,1
202400018309,2024-08-02,nuit,,,93,93001,3,1,2,4,1,Autoroute,90.0,2
202400018310,2024-01-29,matin,,,54,54578,1,1,2,4,4,Voie communale,50.0,1
202400018311,2024-09-09,nuit,,,49,49110,3,1,5,4,1,Autoroute,130.0,2
202400018312,2024-08-01,soirée,,,94,94073,2,1,6,3,1,Autoroute,90.0,1
202400018313,2024-01-27,matin,,,51,51108,1,7,6,3,4,Voie communale,50.0,1
202400018314,2024-10-03,soirée,,,92,92078,2,1,3,4,3,Départementale,50.0,1
202400018315,2024-09-09,matin,,,06,06085,3,1,5,3,1,Autoroute,110.0,1
202400018316,2024-08-01,après-midi,,,974,97416,1,1,2,4,2,Nationale,110.0,1
202400018317,2024-08-29,matin,,,67,67202,1,1,7,4,1,Autoroute,130.0,1
202400018318,2024-01-28,après-midi,,,50,50129,1,1,3,4,4,Voie communale,30.0,1
202400018319,2024-12-22,nuit,,,92,92078,5,2,3,4,3,Départementale,50.0,2
202400018320,2024-01-29,soirée,,,49,49353,3,1,5,4,3,Départementale,90.0,1
202400018321,2024-08-01,matin,,,973,97302,1,1,3,4,3,Départementale,50.0,1
202400018322,2024-12-23,après-midi,,,92,92026,1,1,2,4,3,Départementale,50.0,1
202400018323,2024-09-08,nuit,,,11,11370,3,1,5,4,1,Autoroute,130.0,1
202400018324,2024-01-24,après-midi,,,46,46042,2,1,3,4,3,Départementale,50.0,1
202400018325,2024-12-23,matin,,,92,92025,5,1,3,4,3,Départementale,30.0,1
202400018326,2024-09-07,nuit,,,38,38530,3,2,7,3,1,Autoroute,130.0,2
202400018327,2024-08-01,nuit,,,973,97302,3,1,7,4,4,Voie communale,50.0,1
202400018328,2024-01-30,nuit,,,45,45234,4,1,6,2,4,Voie communale,50.0,1
202400018329,2024-09-09,nuit,,,13,13105,3,1,2,3,1,Autoroute,130.0,2
202400018330,2024-08-01,matin,,,972,97213,1,1,3,3,3,Départementale,70.0,1
202400018331,2024-01-29,soirée,,,41,41018,2,1,6,4,4,Voie communale,50.0,1
202400018332,2024-12-20,soirée,,,92,92024,5,2,5,4,3,Départementale,50.0,2
202400018333,2024-09-07,soirée,,,33,33229,3,1,6,2,9,Autre,50.0,1
202400018334,2024-08-01,après-midi,,,972,97209,1,1,3,4,2,Nationale,60.0,1
202400018335,2024-12-23,après-midi,,,92,92019,1,1,2,4,4,Voie communale,30.0,1
202400018336,2024-01-29,soirée,,,38,38185,2,1,3,3,4,Voie communale,50.0,1
202400018337,2024-09-08,nuit,,,988,98833,3,1,7,4,4,Voie communale,50.0,9
202400018338,2024-07-31,soirée,,,69,69034,1,1,6,4,7,Autre,50.0,1
202400018339,2024-12-23,après-midi,,,38,38332,1,2,6,4,3,Départementale,70.0,2
202400018340,2024-01-28,nuit,,,37,37261,5,1,3,4,4,Voie communale,50.0,1
202400018341,2024-09-06,après-midi,,,972,97230,1,1,6,3,2,Nationale,70.0,1
202400018342,2024-07-31,nuit,,,69,69384,5,1,2,4,4,Voie communale,50.0,1
202400018343,2024-01-29,après-midi,,,35,35278,1,1,2,4,7,Autre,80.0,1
202400018344,2024-09-08,après-midi,,,77,77328,1,1,6,3,3,Départementale,90.0,1
202400018345,2024-07-31,soirée,,,971,97113,2,1,6,4,3,Départementale,50.0,1
202400018346,2024-01-29,après-midi,,,35,35238,1,1,2,3,4,Voie communale,30.0,1
202400018347,2024-09-08,après-midi,,,91,91405,1,2,1,3,3,Départementale,70.0,2
202400018348,2024-08-01,après-midi,,,2A,2A004,1,1,3,2,2,Nationale,50.0,1
202400018349,2024-01-26,après-midi,,,31,31555,1,1,3,4,7,Autre,50.0,1
202400018350,2024-09-06,après-midi,,,78,78048,1,1,2,4,2,Nationale,110.0,1
202400018351,2024-08-02,nuit,,,91,91521,5,2,2,4,3,Départementale,30.0,2
202400018352,2024-08-29,après-midi,,,13,13107,1,1,3,4,3,Départementale,80.0,1
202400018353,2024-08-01,soirée,,,84,84007,1,1,3,4,4,Voie communale,50.0,1
202400018354,2024-01-29,matin,,,14,14366,1,1,3,4,4,Voie communale,50.0,1
202400018355,2024-09-08,soirée,,,71,71297,2,1,6,3,3,Départementale,80.0,1
202400018356,2024-08-01,matin,,,77,77464,1,1,7,4,3,Départementale,50.0,1
202400018357,2024-01-27,nuit,,,13,13026,5,1,6,2,3,Départementale,80.0,1
202400018358,2024-09-05,après-midi,,,21,21294,1,3,3,3,3,Départementale,80.0,2
202400018359,2024-01-29,soirée,,,13,13203,5,1,2,4,4,Voie communale,50.0,1
202400018360,2024-09-07,après-midi,,,67,67288,1,1,7,2,4,Voie communale,50.0,1
202400018361,2024-01-29,soirée,,,13,13206,5,1,2,4,4,Voie communale,50.0,1
202400018362,2024-07-23,nuit,,,73,73065,5,1,1,4,4,Voie communale,30.0,1
202400018363,2024-09-08,nuit,,,67,67432,3,1,1,3,3,Départementale,80.0,1
202400018364,2024-01-29,matin,,,13,13214,1,1,3,4,4,Voie communale,50.0,1
202400018365,2024-07-26,nuit,,,73,73029,5,1,1,4,3,Départementale,50.0,1
202400018366,2024-09-09,matin,,,55,55122,2,8,2,3,3,Départementale,90.0,2
202400018367,2024-08-01,soirée,,,73,73065,1,1,6,4,4,Voie communale,50.0,1
202400018368,2024-09-08,matin,,,57,57160,1,1,6,3,4,Voie communale,,1
202400018369,2024-01-28,nuit,,,10,10387,5,1,3,4,4,Voie communale,50.0,1
202400018370,2024-09-06,matin,,,63,63213,1,1,7,3,3,Départementale,80.0,1
202400018371,2024-08-01,matin,,,73,73065,1,1,3,4,4,Voie communale,50.0,1
202400018372,2024-01-28,nuit,,,06,06104,5,1,3,3,3,Départementale,50.0,1
202400018373,2024-09-09,après-midi,,,38,38215,1,8,1,4,4,Voie communale,80.0,2
202400018374,2024-07-26,matin,,,73,73011,1,7,3,3,3,Départementale,50.0,1
202400018375,2024-01-29,matin,,,01,01053,1,1,6,4,4,Voie communale,50.0,1
202400018376,2024-09-08,soirée,,,07,07018,2,3,1,3,2,Nationale,50.0,2
202400018377,2024-08-01,nuit,,,72,72181,5,1,6,3,4,Voie communale,50.0,1
202400018378,2024-01-29,soirée,,,75,75116,5,1,6,4,4,Voie communale,30.0,1
202400018379,2024-09-07,soirée,,,69,69116,1,1,6,2,7,Autre,50.0,1
202400018380,2024-07-31,matin,,,69,69259,1,1,3,4,4,Voie communale,50.0,1
202400018381,2024-01-29,après-midi,,,75,75115,1,1,2,4,4,Voie communale,30.0,1
202400018382,2024-09-06,soirée,,,69,69250,5,1,6,3,4,Voie communale,50.0,1
202400018383,2024-01-26,matin,,,75,75112,5,1,3,4,4,Voie communale,30.0,2
202400018384,2024-07-31,soirée,,,67,67482,1,1,2,4,4,Voie communale,50.0,1
202400018385,2024-09-08,après-midi,,,33,33273,1,1,1,3,4,Voie communale,80.0,1
202400018386,2024-09-08,après-midi,,,49,49021,1,1,6,4,3,Départementale,80.0,1
202400018387,2024-07-31,après-midi,,,67,67482,1,1,3,4,4,Voie communale,50.0,1
202400018388,2024-01-28,après-midi,,,75,75101,1,1,3,4,4,Voie communale,30.0,1
202400018389,2024-07-31,après-midi,,,64,64260,1,1,3,4,3,Départementale,50.0,1
202400018390,2024-09-05,soirée,,,44,44026,2,3,4,4,7,Autre,70.0,2
202400018391,2024-01-27,nuit,,,94,94081,5,1,6,4,4,Voie communale,50.0,1
202400018392,2024-09-04,matin,,,35,35012,2,5,3,4,3,Départementale,80.0,1
202400018393,2024-01-27,après-midi,,,94,94028,1,1,2,4,3,Départementale,50.0,1
202400018394,2024-07-31,après-midi,,,62,62498,1,1,3,3,4,Voie communale,50.0,1
202400018395,2024-07-31,après-midi,,,62,62193,1,1,3,4,4,Voie communale,50.0,1
202400018396,2024-09-08,soirée,,,76,76164,1,3,1,4,3,Départementale,,2
202400018397,2024-01-29,matin,,,94,94003,2,1,3,4,3,Départementale,50.0,1
202400018398,2024-09-09,matin,,,60,60446,1,2,6,4,2,Nationale,110.0,2
202400018399,2024-08-01,après-midi,,,61,61006,1,1,3,4,4,Voie communale,30.0,1
202400018400,2024-01-29,matin,,,94,94021,5,1,6,4,3,Départementale,30.0,1
202400018401,2024-09-07,matin,,,80,80182,1,1,1,4,4,Voie communale,,1
202400018402,2024-08-01,après-midi,,,59,59599,1,1,3,4,4,Voie communale,30.0,1
202400018403,2024-01-29,soirée,,,93,93066,5,1,3,4,4,Voie communale,50.0,1
202400018404,2024-08-01,matin,,,59,59350,1,1,3,3,7,Autre,50.0,1
202400018405,2024-09-07,soirée,,,59,59638,1,1,7,3,3,Départementale,70.0,1
202400018406,2024-01-29,matin,,,93,93032,1,1,3,4,3,Départementale,50.0,1
202400018407,2024-09-08,soirée,,,13,13216,1,8,7,4,1,Autoroute,50.0,2
202400018408,2024-09-08,après-midi,,,13,13085,1,8,3,4,1,Autoroute,110.0,2
202400018409,2024-07-31,soirée,,,59,59271,1,1,3,4,4,Voie communale,50.0,1
202400018410,2024-01-29,après-midi,,,93,93031,1,1,3,4,3,Départementale,,1
202400018411,2024-09-08,après-midi,,,13,13085,1,2,2,4,1,Autoroute,110.0,2
202400018412,2024-08-01,après-midi,,,56,56260,1,1,3,4,4,Voie communale,30.0,1
202400018413,2024-09-08,après-midi,,,13,13071,1,8,2,4,1,Autoroute,90.0,2
202400018414,2024-01-29,nuit,,,93,93008,5,1,7,4,3,Départementale,50.0,1
202400018415,2024-07-31,après-midi,,,54,54304,1,1,6,4,4,Voie communale,30.0,1
202400018416,2024-09-07,soirée,,,13,13026,3,1,2,4,1,Autoroute,90.0,1
202400018417,2024-07-31,soirée,,,50,50129,1,1,3,4,3,Départementale,90.0,1
202400018418,2024-01-29,matin,,,93,93007,5,1,6,4,3,Départementale,50.0,1
202400018419,2024-08-01,nuit,,,47,47001,5,1,3,4,4,Voie communale,50.0,1
202400018420,2024-09-06,soirée,,,83,83069,1,1,3,4,2,Nationale,70.0,1
202400018421,2024-01-29,après-midi,,,92,92024,1,1,3,4,4,Voie communale,,1
202400018422,2024-07-31,après-midi,,,42,42275,1,1,6,3,7,Autre,50.0,1
202400018423,2024-09-08,matin,,,69,69259,3,8,5,4,7,Autre,90.0,2
202400018424,2024-08-02,nuit,,,38,38185,5,1,3,4,4,Voie communale,30.0,1
202400018425,2024-01-29,après-midi,,,92,92019,1,1,3,4,3,Départementale,50.0,1
202400018426,2024-09-08,après-midi,,,33,33122,1,8,4,4,1,Autoroute,90.0,1
202400018427,2024-08-01,matin,,,38,38185,1,1,2,4,4,Voie communale,50.0,1
202400018428,2024-01-29,matin,,,92,92012,1,1,1,4,3,Départementale,50.0,1
202400018429,2024-09-08,après-midi,,,91,91340,1,1,2,4,2,Nationale,90.0,1
202400018430,2024-08-01,soirée,,,37,37261,1,1,3,4,4,Voie communale,50.0,1
202400018431,2024-01-30,matin,,,72,72051,1,2,6,3,3,Départementale,50.0,2
202400018432,2024-08-01,après-midi,,,37,37261,1,1,3,3,4,Voie communale,50.0,1
202400018433,2024-09-08,après-midi,,,78,78043,1,1,2,4,1,Autoroute,90.0,1
202400018434,2024-01-30,nuit,,,40,40152,3,1,2,3,1,Autoroute,130.0,1
202400018435,2024-07-31,après-midi,,,37,37261,1,1,3,4,4,Voie communale,50.0,1
202400018436,2024-07-29,nuit,,,34,34301,5,1,6,3,4,Voie communale,50.0,1
202400018437,2024-09-07,après-midi,,,78,78158,1,1,4,4,1,Autoroute,90.0,1
202400018438,2024-07-31,après-midi,,,22,22106,1,1,2,4,4,Voie communale,50.0,1
202400018439,2024-09-06,soirée,,,92,92025,1,1,2,4,1,Autoroute,70.0,1
202400018440,2024-07-31,soirée,,,19,19031,1,1,2,4,4,Voie communale,50.0,1