Num_Acc,date,time_of_day,lat,long,dep,com,lum,atm,col,severity_index,catr,catr_label,vma,surf
202400018441,2024-09-07,nuit,,,94,94079,3,1,3,4,1,Autoroute,70.0,1
202400018442,2024-07-31,soirée,,,18,18279,1,1,1,4,3,Départementale,50.0,1
202400018443,2024-09-07,soirée,,,973,97302,5,1,3,4,4,Voie communale,50.0,1
202400018444,2024-09-07,après-midi,,,973,97302,1,1,7,4,3,Départementale,50.0,1
202400018445,2024-08-01,après-midi,,,17,17333,1,1,2,4,3,Départementale,80.0,1
202400018446,2024-09-08,nuit,,,69,69383,5,2,3,4,4,Voie communale,30.0,2
202400018447,2024-08-01,après-midi,,,17,17306,1,1,3,4,4,Voie communale,50.0,1
202400018448,2024-09-06,après-midi,,,971,97113,1,1,5,4,2,Nationale,50.0,1
202400018449,2024-07-31,matin,,,14,14117,1,1,3,4,3,Départementale,30.0,1
202400018450,2024-09-06,après-midi,,,91,91657,1,1,3,4,4,Voie communale,50.0,1
202400018451,2024-08-01,après-midi,,,13,13213,1,1,3,4,4,Voie communale,50.0,2
202400018452,2024-09-06,matin,,,91,91421,1,1,3,4,4,Voie communale,30.0,1
202400018453,2024-07-31,soirée,,,13,13208,1,1,3,4,4,Voie communale,50.0,1
202400018454,2024-07-31,après-midi,,,13,13202,1,1,2,4,4,Voie communale,50.0,1
202400018455,2024-09-07,nuit,,,77,77373,3,1,2,4,3,Départementale,90.0,2
202400018456,2024-09-07,soirée,,,77,77276,1,1,6,4,3,Départementale,70.0,2
202400018457,2024-08-01,après-midi,,,11,11069,1,1,3,4,4,Voie communale,50.0,1
202400018458,2024-07-26,nuit,,,08,08409,5,3,6,3,4,Voie communale,50.0,2
202400018459,2024-09-07,matin,,,74,74298,1,1,3,4,4,Voie communale,50.0,1
202400018460,2024-07-31,soirée,,,07,07102,1,1,3,4,4,Voie communale,50.0,1
202400018461,2024-09-07,matin,,,72,72181,2,1,3,4,4,Voie communale,50.0,1
202400018462,2024-07-31,matin,,,07,07116,1,1,3,4,4,Voie communale,50.0,1
202400018463,2024-09-07,soirée,,,71,71153,5,1,3,4,3,Départementale,50.0,1
202400018464,2024-08-01,matin,,,06,06029,1,1,1,4,4,Voie communale,30.0,1
202400018465,2024-07-31,matin,,,06,06123,1,1,6,4,7,Autre,50.0,1
202400018466,2024-08-01,après-midi,,,05,05023,1,1,6,4,3,Départementale,30.0,1
202400018467,2024-09-07,après-midi,,,69,69266,1,1,3,4,4,Voie communale,30.0,1
202400018468,2024-08-01,matin,,,03,03185,1,1,6,4,3,Départementale,50.0,1
202400018469,2024-09-06,après-midi,,,69,69092,1,1,1,3,3,Départementale,50.0,1
202400018470,2024-08-01,nuit,,,01,01283,5,8,6,4,4,Voie communale,50.0,1
202400018471,2024-09-07,nuit,,,68,68224,5,2,1,2,4,Voie communale,50.0,2
202400018472,2024-08-01,soirée,,,75,75116,1,1,4,4,4,Voie communale,70.0,1
202400018473,2024-09-07,après-midi,,,67,67482,1,1,1,4,4,Voie communale,30.0,1
202400018474,2024-07-31,soirée,,,75,75116,1,1,2,4,4,Voie communale,70.0,1
202400018475,2024-09-07,après-midi,,,67,67482,1,1,1,3,7,Autre,25.0,1
202400018476,2024-07-31,nuit,,,75,75120,5,2,1,4,4,Voie communale,30.0,2
202400018477,2024-09-06,après-midi,,,67,67482,1,1,3,4,4,Voie communale,50.0,1
202400018478,2024-08-01,après-midi,,,75,75119,1,1,3,4,4,Voie communale,30.0,1
202400018479,2024-09-07,nuit,,,64,64284,3,1,7,4,4,Voie communale,50.0,1
202400018480,2024-08-01,matin,,,75,75119,1,1,2,4,4,Voie communale,30.0,1
202400018481,2024-09-07,soirée,,,64,64348,1,1,7,4,4,Voie communale,30.0,1
202400018482,2024-07-31,soirée,,,75,75117,5,1,7,3,4,Voie communale,30.0,1
202400018483,2024-09-07,soirée,,,64,64102,1,1,3,4,4,Voie communale,50.0,1
202400018484,2024-08-01,matin,,,75,75116,1,1,6,4,4,Voie communale,50.0,2
202400018485,2024-07-31,après-midi,,,75,75116,1,1,2,4,4,Voie communale,70.0,1
202400018486,2024-09-06,après-midi,,,64,64102,1,1,2,4,3,Départementale,50.0,1
202400018487,2024-09-07,nuit,,,63,63113,3,8,6,4,7,Autre,30.0,2
202400018488,2024-08-01,soirée,,,75,75113,1,1,2,4,4,Voie communale,50.0,1
202400018489,2024-08-01,après-midi,,,75,75112,1,1,3,4,4,Voie communale,50.0,2
202400018490,2024-09-07,après-midi,,,63,63113,1,1,4,4,4,Voie communale,30.0,1
202400018491,2024-08-01,nuit,,,75,75112,2,1,3,4,4,Voie communale,30.0,1
202400018492,2024-07-31,soirée,,,75,75112,5,1,6,4,4,Voie communale,30.0,1
202400018493,2024-09-07,matin,,,58,58194,1,2,3,4,4,Voie communale,50.0,2
202400018494,2024-08-01,nuit,,,75,75111,5,1,2,4,4,Voie communale,30.0,1
202400018495,2024-08-01,matin,,,75,75110,1,1,6,4,4,Voie communale,30.0,1
202400018496,2024-08-01,matin,,,75,75107,2,3,7,4,4,Voie communale,30.0,4
202400018497,2024-08-01,nuit,,,75,75101,5,1,2,4,4,Voie communale,50.0,1
202400018498,2024-08-01,soirée,,,94,94052,1,1,4,4,2,Nationale,50.0,1
202400018499,2024-07-31,après-midi,,,94,94042,1,1,3,4,4,Voie communale,30.0,1
202400018500,2024-08-01,matin,,,94,94046,2,2,6,4,4,Voie communale,30.0,2
202400018501,2024-08-01,nuit,,,94,94018,5,3,7,4,4,Voie communale,30.0,2
202400018502,2024-07-31,soirée,,,94,94071,1,1,3,4,4,Voie communale,,1
202400018503,2024-07-31,après-midi,,,93,93073,1,1,3,4,4,Voie communale,50.0,1
202400018504,2024-08-01,après-midi,,,93,93029,1,1,3,4,3,Départementale,50.0,1
202400018505,2024-08-01,après-midi,,,93,93013,1,1,3,4,3,Départementale,50.0,1
202400018506,2024-08-01,matin,,,93,93010,1,1,6,4,4,Voie communale,30.0,1
202400018507,2024-08-01,matin,,,92,92044,1,1,3,4,4,Voie communale,50.0,2
202400018508,2024-08-01,nuit,,,92,92036,5,1,6,4,3,Départementale,50.0,1
202400018509,2024-08-01,soirée,,,92,92004,1,1,6,4,4,Voie communale,5.0,1
202400018510,2024-08-02,après-midi,,,24,24462,1,1,2,4,3,Départementale,50.0,1
202400018511,2024-07-31,matin,,,06,06161,1,1,7,4,3,Départementale,50.0,1
202400018512,2024-08-02,matin,,,28,28219,2,1,6,4,1,Autoroute,130.0,1
202400018513,2024-08-01,après-midi,,,974,97422,1,1,7,3,9,Autre,40.0,1
202400018514,2024-08-01,après-midi,,,974,97405,1,1,2,3,2,Nationale,80.0,1
202400018515,2024-08-01,soirée,,,972,97218,3,2,2,4,2,Nationale,50.0,2
202400018516,2024-08-02,soirée,,,83,83086,1,1,2,3,3,Départementale,90.0,1
202400018517,2024-08-01,nuit,,,14,14027,3,1,6,4,3,Départementale,80.0,1
202400018518,2024-08-02,après-midi,,,87,87203,1,1,4,4,1,Autoroute,130.0,1
202400018519,2024-08-02,matin,,,76,76312,1,1,7,4,2,Nationale,50.0,1
202400018520,2024-08-01,soirée,,,79,79130,3,1,2,3,3,Départementale,80.0,1
202400018521,2024-08-02,après-midi,,,2A,2A323,1,1,3,3,2,Nationale,80.0,1
202400018522,2024-07-31,matin,,,33,33236,1,1,7,3,4,Voie communale,50.0,1
202400018523,2024-07-31,soirée,,,71,71064,1,1,6,3,4,Voie communale,50.0,1
202400018524,2024-08-02,après-midi,,,71,71391,1,1,6,4,3,Départementale,80.0,2
202400018525,2024-05-28,après-midi,,,75,75113,1,2,2,4,4,Voie communale,30.0,2
202400018526,2024-08-02,après-midi,,,63,63195,1,2,2,4,4,Voie communale,30.0,2
202400018527,2024-05-27,après-midi,,,75,75112,1,1,3,4,4,Voie communale,30.0,2
202400018528,2024-08-02,après-midi,,,61,61402,1,1,3,4,3,Départementale,80.0,1
202400018529,2024-05-27,matin,,,75,75112,1,1,6,4,4,Voie communale,30.0,1
202400018530,2024-07-22,après-midi,,,61,61015,1,1,6,4,3,Départementale,50.0,1
202400018531,2024-05-28,après-midi,,,75,75111,1,2,3,4,4,Voie communale,30.0,2
202400018532,2024-05-28,après-midi,,,75,75110,1,2,7,4,4,Voie communale,30.0,2
202400018533,2024-05-27,après-midi,,,75,75110,1,8,3,4,4,Voie communale,30.0,1
202400018534,2024-08-01,après-midi,,,35,35339,1,1,3,4,3,Départementale,80.0,1
202400018535,2024-07-28,soirée,,,29,29024,2,1,6,4,4,Voie communale,,9
202400018536,2024-05-28,soirée,,,75,75108,1,1,1,4,4,Voie communale,30.0,1
202400018537,2024-07-29,matin,,,31,31071,1,1,3,4,3,Départementale,80.0,1
202400018538,2024-05-28,matin,,,75,75116,1,1,2,4,4,Voie communale,30.0,1
202400018539,2024-08-02,après-midi,,,03,03202,1,1,1,3,3,Départementale,90.0,1
202400018540,2024-05-28,matin,,,75,75104,1,2,6,4,4,Voie communale,30.0,2
202400018541,2024-08-02,matin,,,01,01305,1,1,6,4,6,Autre,30.0,1
202400018542,2024-08-02,après-midi,,,70,70096,1,9,1,3,3,Départementale,50.0,1
202400018543,2024-05-28,matin,,,94,94078,1,2,3,4,2,Nationale,50.0,2
202400018544,2024-05-28,après-midi,,,94,94068,1,2,2,4,3,Départementale,30.0,2
202400018545,2024-08-01,après-midi,,,06,06129,1,1,6,4,7,Autre,80.0,1
202400018546,2024-07-30,après-midi,,,64,64443,1,1,7,3,3,Départementale,80.0,8
202400018547,2024-05-28,après-midi,,,94,94015,1,2,1,4,3,Départementale,50.0,2
202400018548,2024-07-26,après-midi,,,43,43142,1,1,3,3,3,Départementale,80.0,1
202400018549,2024-05-27,nuit,,,94,94076,5,1,3,3,3,Départementale,50.0,1
202400018550,2024-05-28,matin,,,94,94041,1,2,6,4,3,Départementale,50.0,2
202400018551,2024-08-01,après-midi,,,07,07101,1,1,2,4,3,Départementale,90.0,1
202400018552,2024-05-28,matin,,,94,94069,1,2,6,4,3,Départementale,50.0,2
202400018553,2024-07-12,soirée,,,07,07334,1,7,3,3,3,Départementale,50.0,1
202400018554,2024-07-31,après-midi,,,40,40228,1,1,3,3,3,Départementale,80.0,1
202400018555,2024-05-28,après-midi,,,95,95527,1,2,5,4,1,Autoroute,90.0,2
202400018556,2024-07-24,après-midi,,,27,27033,1,1,3,3,3,Départementale,,1
202400018557,2024-08-02,matin,,,23,23100,1,1,3,3,3,Départementale,70.0,1
202400018558,2024-05-28,soirée,,,93,93077,1,1,6,4,3,Départementale,50.0,1
202400018559,2024-08-01,soirée,,,37,37132,1,1,7,3,3,Départementale,70.0,8
202400018560,2024-05-28,nuit,,,93,93050,2,1,3,4,3,Départementale,50.0,1
202400018561,2024-08-02,après-midi,,,30,30284,1,1,4,3,2,Nationale,80.0,1
202400018562,2024-05-28,matin,,,93,93010,1,1,6,4,4,Voie communale,50.0,1
202400018563,2024-08-02,après-midi,,,30,30228,1,1,1,2,3,Départementale,80.0,1
202400018564,2024-05-28,soirée,,,92,92073,1,1,3,4,4,Voie communale,50.0,1
202400018565,2024-08-01,matin,,,48,48146,1,1,7,3,3,Départementale,90.0,1
202400018566,2024-05-28,après-midi,,,92,92072,1,2,2,4,3,Départementale,50.0,2
202400018567,2024-05-28,soirée,,,92,92062,1,1,6,4,3,Départementale,50.0,1
202400018568,2024-08-01,matin,,,35,35210,1,1,3,4,7,Autre,70.0,1
202400018569,2024-05-27,nuit,,,92,92051,5,1,7,4,4,Voie communale,25.0,1
202400018570,2024-05-28,nuit,,,92,92050,5,1,7,4,3,Départementale,50.0,1
202400018571,2024-08-01,après-midi,,,44,44158,1,1,1,4,3,Départementale,70.0,1
202400018572,2024-05-27,soirée,,,92,92050,1,1,6,4,3,Départementale,50.0,1
202400018573,2024-08-02,matin,,,971,97115,1,2,1,3,2,Nationale,80.0,2
202400018574,2024-05-27,après-midi,,,92,92050,1,2,3,4,4,Voie communale,5.0,2
202400018575,2024-05-28,matin,,,92,92048,1,3,7,4,4,Voie communale,30.0,2
202400018576,2024-08-01,après-midi,,,33,33535,1,1,7,4,3,Départementale,90.0,8
202400018577,2024-05-27,soirée,,,92,92044,1,1,3,4,4,Voie communale,50.0,1
202400018578,2024-08-01,après-midi,,,44,44020,1,1,3,3,4,Voie communale,50.0,1
202400018579,2024-07-12,nuit,,,45,45024,5,2,7,3,3,Départementale,90.0,2
202400018580,2024-05-28,nuit,,,92,92036,5,1,3,3,3,Départementale,50.0,1
202400018581,2024-05-28,matin,,,92,92025,1,1,1,4,4,Voie communale,30.0,1
202400018582,2024-08-01,soirée,,,34,34004,1,7,1,3,3,Départementale,90.0,1
202400018583,2024-05-28,après-midi,,,92,92024,1,8,3,4,3,Départementale,50.0,3
202400018584,2024-07-05,soirée,,,84,84064,1,1,7,4,3,Départementale,80.0,1
202400018585,2024-05-28,matin,,,92,92024,1,1,3,4,3,Départementale,50.0,1
202400018586,2024-07-21,matin,,,83,83146,1,2,1,4,3,Départementale,50.0,2
202400018587,2024-08-01,soirée,,,05,05178,1,1,7,4,3,Départementale,90.0,2
202400018588,2024-05-27,après-midi,,,92,92024,1,1,3,4,3,Départementale,50.0,1
202400018589,2024-08-01,soirée,,,21,21194,2,7,1,3,3,Départementale,90.0,1
202400018590,2024-05-28,après-midi,,,92,92012,1,2,6,4,4,Voie communale,50.0,2
202400018591,2024-08-01,soirée,,,68,68154,5,2,3,4,3,Départementale,50.0,2
202400018592,2024-05-27,matin,,,86,86092,1,1,3,3,3,Départementale,50.0,1
202400018593,2024-05-28,soirée,,,973,97353,3,1,7,2,4,Voie communale,50.0,1
202400018594,2024-07-31,après-midi,,,67,67081,1,1,6,3,3,Départementale,30.0,1
202400018595,2024-05-29,après-midi,,,16,16090,1,2,1,4,3,Départementale,80.0,2
202400018596,2024-08-01,après-midi,,,73,73094,1,7,1,3,3,Départementale,80.0,1
202400018597,2024-05-28,après-midi,,,65,65301,1,1,6,3,3,Départementale,90.0,1
202400018598,2024-07-28,nuit,,,38,38085,3,1,7,3,3,Départementale,80.0,1
202400018599,2024-05-29,après-midi,,,03,03025,1,1,1,3,1,Autoroute,130.0,1
202400018600,2024-08-01,soirée,,,44,44052,2,1,7,3,3,Départementale,80.0,1
202400018601,2024-05-27,après-midi,,,19,19113,1,1,7,3,3,Départementale,50.0,1
202400018602,2024-07-30,matin,,,44,44026,2,1,3,3,7,Autre,70.0,1
202400018603,2024-05-28,après-midi,,,82,82112,1,1,6,3,3,Départementale,80.0,1
202400018604,2024-05-28,après-midi,,,65,65129,1,1,5,4,3,Départementale,50.0,1
202400018605,2024-07-25,soirée,,,22,22282,2,3,6,3,3,Départementale,80.0,2
202400018606,2024-05-28,soirée,,,11,11255,5,1,1,3,3,Départementale,30.0,1
202400018607,2024-05-29,matin,,,63,63210,1,2,1,3,3,Départementale,90.0,2
202400018608,2024-08-01,matin,,,59,59249,1,2,3,3,4,Voie communale,50.0,2
202400018609,2024-05-28,soirée,,,49,49218,1,8,3,3,3,Départementale,,1
202400018610,2024-07-31,soirée,,,13,13213,1,1,3,4,1,Autoroute,70.0,1
202400018611,2024-05-29,après-midi,,,68,68062,1,2,3,4,3,Départementale,50.0,2
202400018612,2024-07-17,matin,,,69,69382,1,8,6,4,7,Autre,70.0,1
202400018613,2024-05-28,après-midi,,,22,22055,1,1,6,3,4,Voie communale,30.0,1
202400018614,2024-05-28,soirée,,,39,39101,1,1,3,3,3,Départementale,50.0,1
202400018615,2024-05-28,matin,,,31,31468,1,1,6,3,3,Départementale,80.0,1
202400018616,2024-07-12,après-midi,,,01,01049,1,2,4,4,1,Autoroute,110.0,2
202400018617,2024-08-01,nuit,,,33,33143,5,1,6,4,1,Autoroute,110.0,1
202400018618,2024-05-28,après-midi,,,84,84017,1,1,3,2,3,Départementale,80.0,1
202400018619,2024-07-29,après-midi,,,59,59009,1,1,2,4,2,Nationale,70.0,1
202400018620,2024-05-29,matin,,,84,84020,1,1,5,3,3,Départementale,,1
202400018621,2024-08-01,après-midi,,,91,91645,1,1,2,4,2,Nationale,90.0,1
202400018622,2024-05-29,matin,,,66,66137,1,1,6,4,3,Départementale,50.0,1
202400018623,2024-05-28,soirée,,,05,05045,1,1,3,3,2,Nationale,80.0,1
202400018624,2024-08-01,matin,,,92,92002,1,2,4,4,1,Autoroute,70.0,2
202400018625,2024-05-28,soirée,,,64,64216,1,1,3,4,3,Départementale,80.0,1
202400018626,2024-08-01,après-midi,,,92,92051,1,7,2,4,2,Nationale,70.0,1
202400018627,2024-05-29,soirée,,,36,36088,1,2,6,4,3,Départementale,90.0,2
202400018628,2024-07-31,après-midi,,,92,92050,1,1,6,4,1,Autoroute,90.0,1
202400018629,2024-05-27,après-midi,,,07,07198,1,3,1,3,3,Départementale,90.0,3
202400018630,2024-08-01,soirée,,,93,93027,1,1,3,4,1,Autoroute,50.0,1
202400018631,2024-05-27,nuit,,,24,24291,3,1,6,3,3,Départementale,50.0,1
202400018632,2024-05-29,matin,,,37,37045,2,8,6,3,3,Départementale,50.0,2
202400018633,2024-07-31,après-midi,,,93,93051,1,1,2,4,1,Autoroute,90.0,1
202400018634,2024-05-29,après-midi,,,19,19085,1,8,6,4,1,Autoroute,130.0,1
202400018635,2024-07-28,nuit,,,77,77058,3,1,5,4,1,Autoroute,130.0,1
202400018636,2024-05-29,matin,,,06,06088,1,1,3,3,1,Autoroute,90.0,1
202400018637,2024-03-18,nuit,,,32,32119,3,1,6,4,4,Voie communale,50.0,1
202400018638,2024-05-27,après-midi,,,11,11145,1,1,6,3,3,Départementale,80.0,1
202400018639,2024-07-31,après-midi,,,976,97611,1,1,6,4,2,Nationale,50.0,1
202400018640,2024-05-28,nuit,,,987,98722,3,1,1,4,2,Nationale,60.0,1
202400018641,2024-04-20,nuit,,,13,13007,5,1,1,3,3,Départementale,50.0,1
202400018642,2024-05-29,matin,,,13,13027,1,1,1,4,3,Départementale,50.0,1
202400018643,2024-05-28,après-midi,,,13,13059,1,1,2,4,3,Départementale,80.0,1
202400018644,2024-05-28,matin,,,57,57654,1,1,3,3,3,Départementale,70.0,1
202400018645,2024-05-29,après-midi,,,42,42005,1,1,3,4,4,Voie communale,50.0,1
202400018646,2024-05-29,nuit,,,22,22162,3,1,6,3,3,Départementale,,1
202400018647,2024-05-29,matin,,,76,76276,1,2,6,3,3,Départementale,50.0,2
202400018648,2024-05-27,nuit,,,13,13216,3,1,6,4,1,Autoroute,90.0,1
202400018649,2024-05-23,soirée,,,01,01275,1,1,5,4,1,Autoroute,90.0,1
202400018650,2024-05-27,après-midi,,,54,54150,1,1,6,4,1,Autoroute,110.0,1
202400018651,2024-05-27,après-midi,,,33,33162,1,1,7,4,1,Autoroute,90.0,1
202400018652,2024-05-28,soirée,,,95,95500,1,1,4,4,1,Autoroute,90.0,2
202400018653,2024-05-28,matin,,,95,95277,1,1,4,4,3,Départementale,90.0,1
202400018654,2024-05-27,après-midi,,,95,95351,1,3,2,4,2,Nationale,110.0,2
202400018655,2024-05-28,après-midi,,,94,94052,1,2,4,4,1,Autoroute,90.0,2
202400018656,2024-02-22,après-midi,,,88,88383,1,3,6,4,4,Voie communale,50.0,2
202400018657,2024-02-24,soirée,,,88,88383,5,1,2,3,4,Voie communale,30.0,1
202400018658,2024-01-11,après-midi,,,88,88131,1,1,3,4,3,Départementale,90.0,1
202400018659,2024-02-24,soirée,,,45,45093,3,8,3,3,1,Autoroute,130.0,1
202400018660,2024-05-27,après-midi,,,987,98735,1,1,2,4,4,Voie communale,30.0,1
202400018661,2024-05-27,matin,,,974,97411,1,1,6,4,4,Voie communale,30.0,1
202400018662,2024-05-27,matin,,,974,97407,3,1,3,4,4,Voie communale,50.0,1
202400018663,2024-05-27,soirée,,,69,69388,1,1,3,4,2,Nationale,50.0,1
202400018664,2024-05-27,après-midi,,,91,91589,1,8,6,4,3,Départementale,50.0,2
202400018665,2024-05-26,soirée,,,91,91286,1,8,6,4,4,Voie communale,30.0,1
202400018666,2024-05-27,après-midi,,,91,91521,1,1,6,4,4,Voie communale,30.0,1
202400018667,2024-05-27,soirée,,,84,84007,1,2,4,4,3,Départementale,50.0,2
202400018668,2024-05-26,après-midi,,,78,78029,1,1,3,4,4,Voie communale,50.0,1
202400018669,2024-05-28,nuit,,,77,77350,5,1,1,4,4,Voie communale,50.0,1
202400018670,2024-05-24,soirée,,,76,76552,1,1,7,4,4,Voie communale,50.0,1
202400018671,2024-05-27,matin,,,76,76447,1,1,1,4,3,Départementale,50.0,2
202400018672,2024-05-25,après-midi,,,76,76351,1,1,2,4,4,Voie communale,50.0,1
202400018673,2024-05-25,après-midi,,,76,76351,1,1,3,4,4,Voie communale,50.0,1
202400018674,2024-05-27,soirée,,,65,65440,1,1,1,4,3,Départementale,50.0,1
202400018675,2024-05-27,soirée,,,64,64335,2,1,1,4,3,Départementale,80.0,1
202400018676,2024-05-26,soirée,,,64,64122,1,1,6,4,4,Voie communale,50.0,1
202400018677,2024-05-26,nuit,,,64,64024,5,1,7,4,4,Voie communale,50.0,1
202400018678,2024-05-27,après-midi,,,63,63113,1,1,1,4,7,Autre,50.0,1
202400018679,2024-05-27,après-midi,,,63,63113,1,8,6,4,4,Voie communale,30.0,1
202400018680,2024-05-27,matin,,,62,62041,1,1,6,4,4,Voie communale,30.0,1
202400018681,2024-05-27,matin,,,59,59350,1,1,4,4,4,Voie communale,50.0,1
202400018682,2024-05-27,matin,,,59,59343,1,1,1,4,7,Autre,50.0,1
202400018683,2024-05-27,matin,,,58,58194,1,1,3,4,4,Voie communale,30.0,1
202400018684,2024-05-27,après-midi,,,54,54323,1,1,2,4,3,Départementale,50.0,1
202400018685,2024-05-26,matin,,,49,49007,1,1,2,4,4,Voie communale,50.0,1
202400018686,2024-05-27,après-midi,,,47,47001,1,1,3,4,4,Voie communale,50.0,1
202400018687,2024-05-25,nuit,,,46,46042,5,1,1,3,3,Départementale,30.0,1
202400018688,2024-05-27,soirée,,,45,45075,5,1,3,4,3,Départementale,50.0,1
202400018689,2024-05-27,après-midi,,,42,42095,1,1,2,4,7,Autre,50.0,1
202400018690,2024-05-27,matin,,,41,41226,1,1,3,4,2,Nationale,50.0,1
202400018691,2024-05-27,nuit,,,35,35238,5,1,6,4,4,Voie communale,20.0,1
202400018692,2024-05-27,soirée,,,34,34172,5,1,3,3,7,Autre,50.0,1
202400018693,2024-05-24,soirée,,,34,34032,1,1,1,4,3,Départementale,90.0,1
202400018694,2024-05-27,matin,,,29,29232,1,2,1,3,4,Voie communale,50.0,2
202400018695,2024-05-27,matin,,,28,28134,1,1,3,4,3,Départementale,50.0,1
202400018696,2024-05-27,matin,,,25,25056,1,1,3,4,4,Voie communale,50.0,1
202400018697,2024-05-27,nuit,,,22,22187,2,1,6,4,4,Voie communale,50.0,1
202400018698,2024-05-23,après-midi,,,22,22106,1,1,6,4,4,Voie communale,30.0,1
202400018699,2024-05-27,matin,,,22,22113,1,1,6,4,4,Voie communale,50.0,1
202400018700,2024-05-27,matin,,,14,14117,1,1,3,4,4,Voie communale,50.0,1
202400018701,2024-05-27,matin,,,13,13071,1,1,1,3,3,Départementale,90.0,1
202400018702,2024-05-26,soirée,,,75,75116,2,1,2,4,4,Voie communale,70.0,1
202400018703,2024-10-11,matin,,,93,93070,1,1,6,4,3,Départementale,50.0,1
202400018704,2024-05-25,matin,,,75,75120,1,1,3,4,4,Voie communale,70.0,1
202400018705,2024-07-30,matin,,,76,76351,1,1,1,4,3,Départementale,25.0,1
202400018706,2024-05-25,soirée,,,75,75111,3,1,6,4,4,Voie communale,30.0,1
202400018707,2024-07-22,soirée,,,76,76069,1,1,6,3,7,Autre,50.0,1
202400018708,2024-05-27,soirée,,,75,75119,5,1,3,4,4,Voie communale,30.0,1
202400018709,2024-10-11,soirée,,,17,17415,1,1,6,4,4,Voie communale,50.0,1
202400018710,2024-05-27,nuit,,,75,75116,5,1,3,4,4,Voie communale,30.0,1
202400018711,2024-05-27,matin,,,75,75113,1,1,6,4,4,Voie communale,30.0,1
202400018712,2024-10-10,soirée,,,92,92025,5,1,3,4,3,Départementale,50.0,1
202400018713,2024-05-27,matin,,,75,75110,1,1,6,4,4,Voie communale,50.0,1
202400018714,2024-08-12,matin,,,74,74008,1,1,6,4,4,Voie communale,50.0,1
202400018715,2024-05-27,soirée,,,75,75101,2,1,6,4,4,Voie communale,30.0,2
202400018716,2024-10-11,soirée,,,987,98736,5,1,3,4,4,Voie communale,30.0,1
202400018717,2024-05-26,après-midi,,,94,94028,1,1,3,4,3,Départementale,50.0,1
202400018718,2024-10-12,après-midi,,,974,97416,1,1,3,3,4,Voie communale,50.0,1
202400018719,2024-05-25,nuit,,,94,94028,5,1,4,4,2,Nationale,50.0,1
202400018720,2024-05-27,nuit,,,94,94019,3,8,6,4,3,Départementale,50.0,1
202400018721,2024-10-12,matin,,,974,97416,1,1,2,4,4,Voie communale,50.0,1
202400018722,2024-05-27,matin,,,94,94018,1,1,3,4,3,Départementale,30.0,1
202400018723,2024-10-13,nuit,,,974,97411,3,1,6,3,4,Voie communale,50.0,1
202400018724,2024-05-27,après-midi,,,93,93055,1,1,4,4,4,Voie communale,50.0,2
202400018725,2024-10-12,matin,,,974,97411,1,1,6,4,3,Départementale,50.0,1
202400018726,2024-05-27,après-midi,,,93,93074,1,3,3,4,3,Départementale,50.0,2
202400018727,2024-05-27,matin,,,93,93079,1,8,3,4,3,Départementale,50.0,2
202400018728,2024-10-11,soirée,,,974,97411,3,1,2,4,2,Nationale,90.0,1
202400018729,2024-05-25,soirée,,,93,93014,1,1,3,4,4,Voie communale,30.0,1
202400018730,2024-10-11,après-midi,,,974,97407,1,1,3,4,4,Voie communale,50.0,1
202400018731,2024-05-27,soirée,,,93,93005,1,1,3,4,3,Départementale,50.0,1
202400018732,2024-05-27,matin,,,93,93001,1,1,3,4,3,Départementale,50.0,1
202400018733,2024-10-12,après-midi,,,973,97302,1,1,3,4,4,Voie communale,50.0,1
202400018734,2024-05-27,après-midi,,,92,92050,1,1,1,4,3,Départementale,30.0,1
202400018735,2024-10-12,matin,,,973,97302,1,1,6,4,4,Voie communale,50.0,1
202400018736,2024-05-24,après-midi,,,92,92048,1,1,6,4,3,Départementale,50.0,1
202400018737,2024-10-12,matin,,,69,69387,2,1,6,4,4,Voie communale,30.0,1
202400018738,2024-05-27,nuit,,,92,92004,1,8,1,4,3,Départementale,50.0,1
202400018739,2024-05-28,matin,,,34,34202,1,1,1,3,7,Autre,50.0,1
202400018740,2024-10-11,après-midi,,,972,97209,2,1,6,2,2,Nationale,50.0,1
202400018741,2024-05-28,soirée,,,60,60369,1,1,6,2,3,Départementale,80.0,1
202400018742,2024-05-27,après-midi,,,09,09289,1,8,1,4,3,Départementale,50.0,2
202400018743,2024-10-12,soirée,,,2B,2B033,3,1,1,4,9,Autre,30.0,1
202400018744,2024-05-28,après-midi,,,60,60296,1,2,3,4,3,Départementale,80.0,8
202400018745,2024-05-28,nuit,,,66,66217,3,1,2,4,1,Autoroute,130.0,1
202400018746,2024-05-27,après-midi,,,62,62621,1,1,6,3,4,Voie communale,50.0,1
202400018747,2024-10-12,après-midi,,,971,97113,1,1,3,4,3,Départementale,50.0,1
202400018748,2024-05-28,soirée,,,67,67534,1,1,1,4,4,Voie communale,50.0,1
202400018749,2024-10-11,après-midi,,,971,97105,1,1,6,3,2,Nationale,50.0,1
202400018750,2024-05-25,après-midi,,,54,54011,1,1,3,3,3,Départementale,80.0,1
202400018751,2024-05-26,matin,,,14,14061,1,1,7,3,9,Autre,30.0,9
202400018752,2024-10-12,nuit,,,2A,2A004,5,1,3,4,2,Nationale,50.0,1
202400018753,2024-05-27,après-midi,,,34,34036,1,1,6,3,1,Autoroute,110.0,1