Num_Acc,date,time_of_day,lat,long,dep,com,lum,atm,col,severity_index,catr,catr_label,vma,surf
202400018754,2024-10-12,nuit,,,91,91161,5,1,2,3,4,Voie communale,50.0,1
202400018755,2024-05-26,nuit,,,51,51612,3,1,6,4,3,Départementale,80.0,1
202400018756,2024-05-27,après-midi,,,59,59037,1,3,7,4,3,Départementale,80.0,2
202400018757,2024-05-27,soirée,,,65,65284,2,2,6,3,2,Nationale,70.0,2
202400018758,2024-10-11,après-midi,,,91,91345,1,1,6,4,4,Voie communale,30.0,1
202400018759,2024-05-28,soirée,,,69,69248,1,1,3,4,3,Départementale,80.0,1
202400018760,2024-10-12,soirée,,,91,91479,5,1,3,3,3,Départementale,50.0,1
202400018761,2024-05-28,après-midi,,,71,71254,1,1,3,4,3,Départementale,80.0,1
202400018762,2024-05-27,après-midi,,,12,12294,1,2,6,3,3,Départementale,90.0,2
202400018763,2024-10-12,nuit,,,88,88160,5,1,1,3,4,Voie communale,50.0,1
202400018764,2024-05-28,après-midi,,,41,41161,1,1,2,3,3,Départementale,50.0,1
202400018765,2024-05-28,soirée,,,86,86009,1,1,1,3,3,Départementale,80.0,1
202400018766,2024-05-28,nuit,,,86,86097,4,1,6,2,3,Départementale,50.0,1
202400018767,2024-10-11,nuit,,,84,84007,5,2,3,4,4,Voie communale,50.0,2
202400018768,2024-05-28,après-midi,,,34,34079,1,1,2,3,3,Départementale,50.0,1
202400018769,2024-05-26,matin,,,39,39285,1,1,7,2,4,Voie communale,30.0,1
202400018770,2024-10-12,soirée,,,83,83137,5,2,6,4,4,Voie communale,50.0,2
202400018771,2024-05-10,matin,,,31,31377,1,1,3,4,3,Départementale,80.0,1
202400018772,2024-10-12,après-midi,,,83,83137,1,1,6,3,4,Voie communale,30.0,1
202400018773,2024-05-28,matin,,,31,31107,1,1,1,4,3,Départementale,50.0,1
202400018774,2024-05-28,après-midi,,,01,01024,1,7,3,3,3,Départementale,70.0,1
202400018775,2024-05-27,soirée,,,90,90088,1,1,3,3,3,Départementale,30.0,1
202400018776,2024-10-11,nuit,,,77,77307,5,1,7,3,3,Départementale,50.0,1
202400018777,2024-05-27,soirée,,,60,60030,1,2,3,3,3,Départementale,80.0,2
202400018778,2024-10-11,après-midi,,,72,72181,1,1,3,4,4,Voie communale,30.0,1
202400018779,2024-10-13,nuit,,,71,71270,5,2,6,3,3,Départementale,30.0,2
202400018780,2024-05-28,matin,,,45,45307,1,1,5,4,3,Départementale,80.0,1
202400018781,2024-10-11,après-midi,,,71,71270,1,1,1,4,3,Départementale,30.0,1
202400018782,2024-05-27,après-midi,,,64,64495,1,2,1,3,3,Départementale,80.0,2
202400018783,2024-10-11,après-midi,,,71,71270,1,1,6,3,4,Voie communale,50.0,1
202400018784,2024-05-28,nuit,,,18,18054,3,1,7,2,3,Départementale,50.0,1
202400018785,2024-05-27,après-midi,,,18,18080,1,1,7,3,3,Départementale,80.0,1
202400018786,2024-10-13,nuit,,,64,64102,5,1,2,4,3,Départementale,50.0,1
202400018787,2024-05-28,après-midi,,,36,36181,1,1,3,4,3,Départementale,80.0,1
202400018788,2024-10-12,soirée,,,64,64140,5,1,1,4,3,Départementale,30.0,1
202400018789,2024-05-27,soirée,,,40,40271,1,1,1,3,4,Voie communale,80.0,1
202400018790,2024-10-12,après-midi,,,63,63224,1,1,6,4,4,Voie communale,50.0,1
202400018791,2024-05-28,nuit,,,13,13051,3,1,3,4,3,Départementale,70.0,1
202400018792,2024-10-13,nuit,,,63,63113,3,1,3,4,4,Voie communale,30.0,1
202400018793,2024-05-25,matin,,,01,01142,2,1,2,4,1,Autoroute,130.0,1
202400018794,2024-10-12,soirée,,,59,59286,5,2,3,4,7,Autre,30.0,2
202400018795,2024-05-27,après-midi,,,18,18089,1,1,2,4,1,Autoroute,,1
202400018796,2024-10-12,après-midi,,,54,54357,1,1,2,4,7,Autre,50.0,1
202400018797,2024-05-27,matin,,,51,51147,1,1,7,4,1,Autoroute,130.0,1
202400018798,2024-10-11,après-midi,,,54,54547,1,1,3,4,4,Voie communale,30.0,1
202400018799,2024-10-11,après-midi,,,54,54395,2,1,3,4,4,Voie communale,50.0,1
202400018800,2024-05-26,matin,,,76,76457,1,1,3,3,1,Autoroute,130.0,1
202400018801,2024-10-12,matin,,,46,46042,1,1,6,3,3,Départementale,50.0,1
202400018802,2024-05-27,matin,,,974,97418,1,1,3,3,2,Nationale,110.0,1
202400018803,2024-10-12,matin,,,45,45274,1,1,2,4,3,Départementale,70.0,1
202400018804,2024-05-28,soirée,,,18,18133,1,1,1,4,3,Départementale,70.0,1
202400018805,2024-10-12,matin,,,38,38185,1,1,1,4,4,Voie communale,30.0,1
202400018806,2024-10-13,nuit,,,37,37122,3,1,6,4,3,Départementale,50.0,1
202400018807,2024-05-28,après-midi,,,66,66008,1,1,3,4,4,Voie communale,50.0,1
202400018808,2024-10-12,soirée,,,34,34172,5,2,3,4,4,Voie communale,70.0,2
202400018809,2024-10-12,soirée,,,33,33032,5,1,7,4,4,Voie communale,50.0,1
202400018810,2024-05-28,soirée,,,83,83065,1,1,5,4,3,Départementale,50.0,1
202400018811,2024-10-12,matin,,,33,33318,1,1,6,4,4,Voie communale,50.0,1
202400018812,2024-05-28,matin,,,13,13107,1,1,1,4,3,Départementale,50.0,1
202400018813,2024-04-08,après-midi,,,74,74250,1,1,7,3,4,Voie communale,80.0,1
202400018814,2024-10-12,nuit,,,33,33063,5,1,3,4,4,Voie communale,50.0,1
202400018815,2024-05-28,soirée,,,42,42304,1,1,6,3,3,Départementale,80.0,1
202400018816,2024-10-12,après-midi,,,31,31555,1,1,4,4,1,Autoroute,90.0,1
202400018817,2024-05-24,matin,,,38,38200,1,1,3,3,4,Voie communale,50.0,1
202400018818,2024-05-27,soirée,,,80,80625,1,1,6,3,3,Départementale,50.0,1
202400018819,2024-10-12,après-midi,,,28,28134,1,8,4,4,2,Nationale,70.0,1
202400018820,2024-05-26,soirée,,,59,59212,1,1,7,4,9,Autre,30.0,1
202400018821,2024-10-12,matin,,,27,27306,1,1,2,4,4,Voie communale,50.0,1
202400018822,2024-10-12,nuit,,,26,26198,3,2,6,3,2,Nationale,70.0,2
202400018823,2024-05-23,matin,,,13,13106,1,1,3,3,1,Autoroute,90.0,1
202400018824,2024-10-12,matin,,,15,15014,1,1,6,4,4,Voie communale,30.0,1
202400018825,2024-05-26,soirée,,,13,13005,1,1,2,4,1,Autoroute,90.0,1
202400018826,2024-10-12,soirée,,,14,14215,5,1,6,4,4,Voie communale,50.0,1
202400018827,2024-05-22,nuit,,,42,42237,3,1,1,4,2,Nationale,110.0,1
202400018828,2024-10-11,soirée,,,13,13005,2,1,3,3,3,Départementale,50.0,1
202400018829,2024-05-27,après-midi,,,93,93007,1,8,2,4,1,Autoroute,110.0,2
202400018830,2024-10-12,soirée,,,13,13001,5,2,1,4,3,Départementale,50.0,2
202400018831,2024-05-27,après-midi,,,95,95572,1,1,6,4,2,Nationale,90.0,1
202400018832,2024-09-19,soirée,,,13,13001,2,7,3,3,3,Départementale,70.0,1
202400018833,2024-10-12,matin,,,10,10333,1,1,3,4,3,Départementale,50.0,1
202400018834,2024-10-12,matin,,,03,03190,5,1,3,4,4,Voie communale,50.0,1
202400018835,2024-10-12,nuit,,,75,75116,5,1,5,4,4,Voie communale,50.0,1
202400018836,2024-10-11,après-midi,,,75,75120,1,1,5,4,4,Voie communale,50.0,1
202400018837,2024-10-11,soirée,,,75,75102,5,1,6,3,4,Voie communale,30.0,1
202400018838,2024-10-12,nuit,,,75,75118,5,1,3,4,4,Voie communale,30.0,1
202400018839,2024-10-12,soirée,,,75,75117,2,2,2,4,4,Voie communale,30.0,2
202400018840,2024-10-12,nuit,,,75,75116,5,1,1,4,4,Voie communale,50.0,1
202400018841,2024-10-12,soirée,,,75,75115,5,2,3,4,4,Voie communale,30.0,2
202400018842,2024-10-11,après-midi,,,75,75112,1,1,6,4,4,Voie communale,30.0,1
202400018843,2024-10-12,matin,,,75,75111,1,1,6,4,4,Voie communale,30.0,1
202400018844,2024-10-12,après-midi,,,75,75108,1,3,1,4,4,Voie communale,50.0,2
202400018845,2024-10-11,nuit,,,75,75103,5,1,2,4,4,Voie communale,30.0,1
202400018846,2024-10-12,après-midi,,,94,94046,1,1,3,4,4,Voie communale,10.0,1
202400018847,2024-10-12,soirée,,,94,94034,5,2,6,4,4,Voie communale,50.0,2
202400018848,2024-10-12,nuit,,,94,94054,5,1,3,4,3,Départementale,50.0,1
202400018849,2024-10-12,après-midi,,,94,94022,1,1,6,4,3,Départementale,50.0,1
202400018850,2024-10-12,après-midi,,,94,94071,1,1,6,4,3,Départementale,,1
202400018851,2024-10-12,nuit,,,93,93078,4,1,3,4,4,Voie communale,,1
202400018852,2024-10-12,après-midi,,,93,93064,1,2,2,4,6,Autre,30.0,2
202400018853,2024-10-12,après-midi,,,93,93064,1,2,3,4,3,Départementale,50.0,2
202400018854,2024-10-12,après-midi,,,93,93032,1,1,6,4,3,Départementale,50.0,2
202400018855,2024-10-12,nuit,,,93,93014,5,1,6,4,3,Départementale,,1
202400018856,2024-10-12,matin,,,93,93010,1,1,6,4,4,Voie communale,50.0,1
202400018857,2024-10-12,soirée,,,92,92051,2,2,2,4,4,Voie communale,50.0,2
202400018858,2024-10-12,nuit,,,92,92020,5,1,3,4,3,Départementale,50.0,1
202400018859,2024-10-12,soirée,,,92,92026,5,2,7,4,3,Départementale,50.0,2
202400018860,2024-10-12,soirée,,,92,92026,5,2,3,4,3,Départementale,50.0,2
202400018861,2024-10-12,matin,,,72,72191,2,2,2,4,3,Départementale,90.0,2
202400018862,2024-10-12,nuit,,,60,60338,3,1,6,4,3,Départementale,80.0,1
202400018863,2024-10-13,nuit,,,35,35108,3,1,6,2,3,Départementale,80.0,1
202400018864,2024-10-11,après-midi,,,95,95116,1,1,1,3,3,Départementale,80.0,1
202400018865,2024-10-13,après-midi,,,63,63379,1,1,7,4,3,Départementale,80.0,1
202400018866,2024-10-12,après-midi,,,21,21298,1,8,2,4,1,Autoroute,130.0,1
202400018867,2024-10-13,matin,,,87,87019,3,5,5,3,1,Autoroute,130.0,1
202400018868,2024-10-13,après-midi,,,83,83054,1,1,3,3,3,Départementale,70.0,1
202400018869,2024-10-05,après-midi,,,19,19201,1,1,7,4,3,Départementale,90.0,1
202400018870,2024-10-13,après-midi,,,80,80318,1,1,6,3,3,Départementale,50.0,1
202400018871,2024-10-12,matin,,,82,82051,3,1,6,4,3,Départementale,80.0,1
202400018872,2024-10-12,nuit,,,65,65100,3,1,1,4,3,Départementale,90.0,1
202400018873,2024-10-13,matin,,,71,71591,1,8,7,3,3,Départementale,90.0,8
202400018874,2024-10-13,matin,,,63,63455,1,1,3,4,3,Départementale,50.0,1
202400018875,2024-10-12,soirée,,,49,49271,2,1,3,4,3,Départementale,80.0,1
202400018876,2024-10-08,soirée,,,29,29031,1,1,3,4,3,Départementale,70.0,1
202400018877,2024-10-12,après-midi,,,29,29209,1,2,2,4,3,Départementale,80.0,2
202400018878,2024-09-26,matin,,,31,31175,1,1,3,3,3,Départementale,80.0,1
202400018879,2024-10-13,matin,,,15,15084,2,1,6,2,3,Départementale,90.0,1
202400018880,2024-10-13,après-midi,,,26,26069,1,1,7,3,3,Départementale,80.0,1
202400018881,2024-10-13,matin,,,58,58059,3,1,6,3,3,Départementale,,2
202400018882,2024-10-12,après-midi,,,66,66178,1,1,1,3,3,Départementale,80.0,1
202400018883,2024-10-13,après-midi,,,72,72315,1,1,3,4,3,Départementale,90.0,1
202400018884,2024-10-13,après-midi,,,14,14431,1,1,7,4,3,Départementale,80.0,1
202400018885,2024-10-13,matin,,,50,50109,3,1,1,4,3,Départementale,80.0,1
202400018886,2024-09-30,soirée,,,45,45053,1,1,3,3,3,Départementale,90.0,1
202400018887,2024-10-12,après-midi,,,73,73270,1,2,6,3,3,Départementale,70.0,2
202400018888,2024-10-12,soirée,,,18,18088,3,2,1,4,3,Départementale,90.0,2
202400018889,2024-10-12,après-midi,,,43,43058,1,2,1,3,4,Voie communale,50.0,2
202400018890,2024-10-11,soirée,,,36,36018,5,1,6,3,4,Voie communale,50.0,1
202400018891,2024-10-12,soirée,,,36,36045,1,2,6,2,3,Départementale,50.0,2
202400018892,2024-10-13,nuit,,,16,16070,3,5,6,3,3,Départementale,50.0,1
202400018893,2024-10-12,après-midi,,,04,04109,1,8,7,4,3,Départementale,50.0,1
202400018894,2024-10-13,après-midi,,,04,04174,1,1,3,4,2,Nationale,80.0,1
202400018895,2024-10-13,nuit,,,28,28135,3,1,1,3,3,Départementale,80.0,1
202400018896,2024-09-13,soirée,,,31,31424,1,1,6,4,4,Voie communale,30.0,1
202400018897,2024-10-13,nuit,,,01,01204,3,2,6,4,1,Autoroute,110.0,2
202400018898,2024-10-12,soirée,,,01,01283,3,1,6,4,1,Autoroute,80.0,2
202400018899,2024-10-12,soirée,,,987,98715,5,1,1,3,2,Nationale,30.0,1
202400018900,2024-10-11,soirée,,,06,06004,3,1,2,4,1,Autoroute,110.0,1
202400018901,2024-10-12,matin,,,17,17465,1,1,7,3,1,Autoroute,130.0,2
202400018902,2024-10-13,matin,,,28,28092,1,1,2,4,1,Autoroute,130.0,1
202400018903,2024-10-12,après-midi,,,987,98722,1,1,1,4,2,Nationale,60.0,1
202400018904,2024-10-13,nuit,,,973,97305,3,1,1,3,2,Nationale,90.0,1
202400018905,2024-10-13,matin,,,95,95039,1,1,2,4,3,Départementale,80.0,2
202400018906,2024-10-13,soirée,,,78,78615,2,1,1,4,3,Départementale,70.0,1
202400018907,2024-10-13,après-midi,,,84,84068,1,1,7,3,3,Départementale,80.0,1
202400018908,2024-10-13,matin,,,83,83101,1,1,2,3,3,Départementale,70.0,1
202400018909,2024-10-13,après-midi,,,26,26179,1,1,7,3,1,Autoroute,130.0,1
202400018910,2024-10-12,nuit,,,21,21217,3,2,7,3,4,Voie communale,80.0,2
202400018911,2024-10-13,après-midi,,,73,73005,1,1,6,4,3,Départementale,80.0,1
202400018912,2024-10-11,après-midi,,,19,19236,1,1,3,4,3,Départementale,50.0,1
202400018913,2024-10-13,après-midi,,,61,61341,1,1,6,4,3,Départementale,90.0,1
202400018914,2024-10-13,matin,,,60,60282,1,1,6,4,3,Départementale,70.0,1
202400018915,2024-10-13,soirée,,,60,60628,3,1,6,4,4,Voie communale,80.0,1
202400018916,2024-10-12,nuit,,,13,13001,3,1,2,4,1,Autoroute,90.0,1
202400018917,2024-10-11,soirée,,,13,13106,1,1,2,4,1,Autoroute,90.0,1
202400018918,2024-10-11,après-midi,,,13,13043,1,1,2,4,1,Autoroute,90.0,1
202400018919,2024-10-10,soirée,,,13,13215,3,1,2,4,1,Autoroute,90.0,1
202400018920,2024-10-08,matin,,,69,69290,2,3,6,4,1,Autoroute,90.0,2
202400018921,2024-10-12,après-midi,,,91,91228,1,1,2,4,1,Autoroute,110.0,1
202400018922,2024-10-12,matin,,,91,91161,2,1,6,4,1,Autoroute,110.0,1
202400018923,2024-10-11,nuit,,,91,91477,3,1,1,4,1,Autoroute,70.0,1
202400018924,2024-10-12,après-midi,,,92,92036,1,2,2,4,1,Autoroute,90.0,2
202400018925,2024-10-11,nuit,,,78,78646,3,1,7,4,2,Nationale,110.0,1
202400018926,2024-10-11,soirée,,,77,77294,3,1,3,4,1,Autoroute,90.0,1
202400018927,2024-10-11,soirée,,,94,94028,3,1,3,4,1,Autoroute,90.0,1
202400018928,2024-10-11,après-midi,,,94,94017,1,1,3,4,1,Autoroute,90.0,1
202400018929,2024-10-11,matin,,,94,94017,1,1,3,4,1,Autoroute,90.0,1
202400018930,2024-10-11,matin,,,2B,2B033,1,1,6,4,4,Voie communale,50.0,1
202400018931,2024-10-11,nuit,,,2A,2A004,5,1,6,4,2,Nationale,50.0,1
202400018932,2024-10-11,après-midi,,,95,95277,1,1,6,3,3,Départementale,30.0,1
202400018933,2024-10-11,matin,,,95,95277,1,1,6,4,4,Voie communale,30.0,1
202400018934,2024-10-11,après-midi,,,95,95607,1,1,5,4,3,Départementale,70.0,1
202400018935,2024-10-11,après-midi,,,91,91377,1,1,3,4,4,Voie communale,50.0,1
202400018936,2024-10-11,soirée,,,91,91657,5,1,6,4,4,Voie communale,30.0,1
202400018937,2024-10-11,après-midi,,,91,91432,1,1,2,4,4,Voie communale,50.0,1
202400018938,2024-10-11,soirée,,,91,91228,2,1,2,4,4,Voie communale,50.0,1
202400018939,2024-10-09,soirée,,,87,87114,5,3,6,4,1,Autoroute,90.0,2
202400018940,2024-10-11,après-midi,,,86,86194,1,1,3,4,4,Voie communale,30.0,1
202400018941,2024-10-11,soirée,,,84,84007,5,1,3,3,4,Voie communale,50.0,1
202400018942,2024-10-11,après-midi,,,84,84007,1,1,3,3,4,Voie communale,50.0,1
202400018943,2024-10-10,matin,,,84,84007,1,2,3,4,2,Nationale,90.0,2
202400018944,2024-10-11,nuit,,,83,83126,3,1,3,4,4,Voie communale,50.0,1
202400018945,2024-10-11,après-midi,,,80,80021,1,1,6,4,4,Voie communale,30.0,1
202400018946,2024-10-11,nuit,,,78,78356,5,1,7,4,4,Voie communale,50.0,1
202400018947,2024-10-12,nuit,,,77,77294,5,1,3,2,3,Départementale,50.0,1
202400018948,2024-10-11,après-midi,,,77,77450,1,1,3,3,2,Nationale,50.0,1
202400018949,2024-10-11,matin,,,77,77284,1,1,3,4,4,Voie communale,70.0,1
202400018950,2024-10-11,matin,,,77,77243,4,1,6,3,4,Voie communale,50.0,1
202400018951,2024-10-11,matin,,,76,76351,1,1,6,4,4,Voie communale,50.0,1
202400018952,2024-10-11,matin,,,72,72181,1,1,3,4,4,Voie communale,50.0,1
202400018953,2024-10-10,après-midi,,,72,72181,1,1,4,4,4,Voie communale,70.0,1
202400018954,2024-10-10,matin,,,72,72181,1,8,2,4,4,Voie communale,70.0,2
202400018955,2024-10-11,soirée,,,71,71306,5,1,3,4,2,Nationale,,1
202400018956,2024-10-11,après-midi,,,71,71540,1,1,3,3,3,Départementale,50.0,1
202400018957,2024-10-11,après-midi,,,71,71118,1,1,6,4,4,Voie communale,50.0,1
202400018958,2024-10-11,matin,,,67,67482,2,8,3,4,4,Voie communale,70.0,2
202400018959,2024-10-11,soirée,,,64,64129,2,1,2,4,4,Voie communale,50.0,1
202400018960,2024-10-11,soirée,,,64,64132,5,1,3,4,4,Voie communale,30.0,1
202400018961,2024-06-28,nuit,,,37,37003,3,1,6,3,3,Départementale,90.0,1
202400018962,2024-06-30,soirée,,,45,45244,3,1,6,4,3,Départementale,80.0,1
202400018963,2024-06-30,après-midi,,,91,91129,1,1,1,3,3,Départementale,80.0,1
202400018964,2024-06-30,matin,,,34,34063,2,1,6,4,3,Départementale,80.0,1
202400018965,2024-06-22,après-midi,,,13,13100,1,1,2,3,6,Autre,,1
202400018966,2024-07-01,après-midi,,,13,13059,1,1,5,4,3,Départementale,80.0,1
202400018967,2024-06-30,matin,,,68,68370,1,2,3,4,4,Voie communale,50.0,2
202400018968,2024-06-29,après-midi,,,67,67028,1,8,1,3,4,Voie communale,30.0,1
202400018969,2024-07-01,matin,,,01,01043,1,1,3,3,4,Voie communale,30.0,1
202400018970,2024-07-01,après-midi,,,65,65042,1,2,7,4,5,Autre,,6
202400018971,2024-06-18,matin,,,33,33486,1,1,3,3,3,Départementale,80.0,1
202400018972,2024-06-27,après-midi,,,44,44052,1,1,3,3,4,Voie communale,50.0,1
202400018973,2024-06-27,matin,,,56,56005,1,1,3,3,4,Voie communale,50.0,1
202400018974,2024-06-30,matin,,,27,27448,1,1,1,4,3,Départementale,80.0,1
202400018975,2024-06-30,matin,,,62,62681,1,1,7,3,3,Départementale,70.0,1
202400018976,2024-06-28,après-midi,,,13,13216,1,1,2,4,1,Autoroute,90.0,1
202400018977,2024-06-25,après-midi,,,13,13001,1,1,2,3,1,Autoroute,90.0,1
202400018978,2024-06-28,matin,,,13,13071,1,1,6,4,1,Autoroute,90.0,1
202400018979,2024-06-30,soirée,,,83,83123,1,1,6,4,1,Autoroute,130.0,1
202400018980,2024-06-29,matin,,,83,83027,2,1,6,4,1,Autoroute,130.0,1
202400018981,2024-06-28,matin,,,83,83144,1,1,2,4,1,Autoroute,70.0,1
202400018982,2024-06-30,nuit,,,92,92025,3,2,2,4,1,Autoroute,90.0,2
202400018983,2024-06-30,nuit,,,92,92050,3,1,6,2,1,Autoroute,90.0,1
202400018984,2024-03-12,après-midi,,,59,59363,1,2,5,4,3,Départementale,,2
202400018985,2024-03-12,nuit,,,59,59315,4,2,7,4,3,Départementale,110.0,2
202400018986,2024-06-29,après-midi,,,93,93008,1,1,4,4,1,Autoroute,90.0,1
202400018987,2024-03-08,soirée,,,59,59534,3,1,6,3,3,Départementale,80.0,1
202400018988,2024-06-29,nuit,,,93,93010,3,1,6,4,1,Autoroute,90.0,1
202400018989,2024-03-12,après-midi,,,13,13215,1,1,3,4,1,Autoroute,90.0,1
202400018990,2024-06-29,nuit,,,93,93053,1,1,2,4,1,Autoroute,90.0,1
202400018991,2024-03-12,après-midi,,,13,13106,1,1,4,4,1,Autoroute,90.0,1
202400018992,2024-06-29,matin,,,95,95527,1,1,2,4,1,Autoroute,90.0,1
202400018993,2024-03-11,après-midi,,,13,13071,1,1,2,3,1,Autoroute,90.0,1
202400018994,2024-06-30,après-midi,,,77,77294,1,1,2,4,1,Autoroute,90.0,1
202400018995,2024-03-12,matin,,,13,13071,1,1,2,4,1,Autoroute,90.0,1
202400018996,2024-03-12,matin,,,13,13005,1,1,3,4,1,Autoroute,90.0,1
202400018997,2024-06-29,matin,,,77,77373,1,1,6,2,2,Nationale,70.0,1
202400018998,2024-06-29,nuit,,,77,77372,3,1,6,4,1,Autoroute,90.0,1
202400018999,2024-03-12,matin,,,13,13211,1,1,5,4,1,Autoroute,90.0,1
202400019000,2024-02-17,soirée,,,84,84031,5,1,1,4,4,Voie communale,30.0,1
202400019001,2024-03-12,matin,,,13,13215,1,1,2,4,1,Autoroute,90.0,1
202400019002,2024-01-18,soirée,,,93,93048,5,1,3,4,3,Départementale,50.0,7
202400019003,2024-03-11,soirée,,,13,13212,5,1,4,3,1,Autoroute,70.0,1
202400019004,2024-01-09,après-midi,,,93,93048,1,8,6,4,4,Voie communale,30.0,7
202400019005,2024-03-11,matin,,,13,13056,1,1,4,4,1,Autoroute,50.0,1
202400019006,2024-01-07,après-midi,,,93,93048,1,1,3,4,3,Départementale,50.0,1
202400019007,2024-05-12,après-midi,,,33,33281,1,1,6,2,4,Voie communale,30.0,1
202400019008,2024-03-11,nuit,,,13,13015,3,1,2,4,1,Autoroute,90.0,1
202400019009,2024-04-13,soirée,,,74,74123,5,1,1,4,4,Voie communale,50.0,1
202400019010,2024-03-20,après-midi,,,74,74206,1,1,6,3,3,Départementale,80.0,1
202400019011,2024-03-11,matin,,,67,67152,1,1,4,4,7,Autre,90.0,1
202400019012,2024-03-26,matin,,,74,74081,1,1,6,4,3,Départementale,50.0,1
202400019013,2024-03-07,soirée,,,67,67447,2,1,2,4,7,Autre,90.0,1
202400019014,2024-04-05,matin,,,74,74116,1,1,1,4,3,Départementale,80.0,1
202400019015,2024-03-12,matin,,,33,33448,1,1,3,4,1,Autoroute,130.0,1
202400019016,2024-03-12,nuit,,,33,33080,3,1,6,4,1,Autoroute,130.0,1
202400019017,2024-04-13,soirée,,,74,74288,1,1,3,3,3,Départementale,50.0,1
202400019018,2024-03-12,matin,,,91,91432,1,1,3,4,1,Autoroute,110.0,1
202400019019,2024-04-06,après-midi,,,74,74020,1,1,6,3,3,Départementale,80.0,1
202400019020,2024-03-11,matin,,,92,92050,1,1,4,4,1,Autoroute,90.0,1
202400019021,2024-04-07,soirée,,,74,74112,1,1,6,4,1,Autoroute,110.0,1
202400019022,2024-03-12,après-midi,,,93,93053,1,2,6,4,1,Autoroute,90.0,2
202400019023,2024-03-10,nuit,,,92,92078,3,9,6,4,1,Autoroute,90.0,2
202400019024,2024-03-28,soirée,,,74,74104,4,1,5,4,3,Départementale,80.0,1
202400019025,2024-03-22,après-midi,,,74,74159,1,1,2,3,3,Départementale,80.0,1
202400019026,2024-03-10,nuit,,,95,95154,3,3,4,4,1,Autoroute,130.0,2
202400019027,2024-02-23,soirée,,,74,74196,3,4,7,3,3,Départementale,80.0,5
202400019028,2024-03-12,matin,,,77,77495,1,8,2,4,1,Autoroute,90.0,1
202400019029,2024-02-29,matin,,,44,44109,1,1,7,4,4,Voie communale,50.0,1
202400019030,2024-06-29,nuit,,,973,97302,3,1,2,4,3,Départementale,50.0,1
202400019031,2024-02-28,soirée,,,44,44109,2,8,7,4,4,Voie communale,50.0,2
202400019032,2024-06-28,nuit,,,973,97302,3,1,7,4,4,Voie communale,50.0,1
202400019033,2024-02-25,après-midi,,,44,44109,1,8,2,4,4,Voie communale,50.0,1
202400019034,2024-06-29,après-midi,,,971,97113,1,1,3,4,4,Voie communale,80.0,1
202400019035,2024-02-23,après-midi,,,44,44109,1,8,2,4,2,Nationale,70.0,1
202400019036,2024-02-23,nuit,,,44,44190,3,8,3,4,2,Nationale,90.0,1
202400019037,2024-06-28,après-midi,,,2A,2A004,1,1,3,3,2,Nationale,50.0,1
202400019038,2024-11-18,soirée,,,49,49267,1,1,3,3,4,Voie communale,50.0,1
202400019039,2024-02-22,matin,,,44,44109,1,8,6,4,4,Voie communale,50.0,1
202400019040,2024-11-18,soirée,,,48,48095,5,1,6,3,2,Nationale,50.0,1
202400019041,2024-06-29,nuit,,,95,95252,3,1,2,4,3,Départementale,50.0,1
202400019042,2024-02-21,après-midi,,,44,44109,1,8,6,4,4,Voie communale,50.0,1
202400019043,2024-11-19,soirée,,,44,44109,5,3,6,4,4,Voie communale,30.0,2
202400019044,2024-06-29,soirée,,,95,95127,1,1,6,3,4,Voie communale,50.0,1
202400019045,2024-03-11,matin,,,987,98735,1,1,3,3,2,Nationale,60.0,1
202400019046,2024-11-19,soirée,,,43,43078,3,8,7,3,4,Voie communale,80.0,1
202400019047,2024-06-29,nuit,,,91,91345,5,2,6,4,3,Départementale,50.0,2
202400019048,2024-03-11,matin,,,974,97416,1,1,3,4,2,Nationale,50.0,1
202400019049,2024-11-19,matin,,,37,37261,1,2,1,4,4,Voie communale,50.0,2
202400019050,2024-06-29,matin,,,91,91687,1,1,6,3,3,Départementale,50.0,1
202400019051,2024-11-19,matin,,,37,37261,5,1,3,4,4,Voie communale,50.0,2
202400019052,2024-06-28,après-midi,,,91,91589,1,1,6,4,4,Voie communale,50.0,1
202400019053,2024-03-11,après-midi,,,974,97411,1,1,3,4,3,Départementale,30.0,1
202400019054,2024-11-19,matin,,,37,37122,3,1,6,4,7,Autre,90.0,2
202400019055,2024-03-11,matin,,,974,97411,1,2,1,4,2,Nationale,50.0,2
202400019056,2024-06-29,soirée,,,91,91228,1,2,3,4,4,Voie communale,50.0,2
202400019057,2024-11-19,soirée,,,35,35281,5,2,6,4,4,Voie communale,30.0,2
202400019058,2024-03-11,après-midi,,,974,97409,1,1,7,4,4,Voie communale,50.0,1
202400019059,2024-06-29,nuit,,,91,91469,3,1,7,4,3,Départementale,80.0,1
202400019060,2024-03-10,soirée,,,973,97302,5,1,3,4,4,Voie communale,50.0,1
202400019061,2024-11-18,soirée,,,34,34108,5,1,3,4,3,Départementale,80.0,1
202400019062,2024-06-29,matin,,,78,78383,1,1,2,4,2,Nationale,50.0,1
202400019063,2024-03-09,soirée,,,973,97302,5,1,3,4,4,Voie communale,50.0,1
202400019064,2024-06-28,soirée,,,78,78498,1,1,3,4,4,Voie communale,30.0,1
202400019065,2024-11-18,matin,,,34,34032,1,1,2,3,4,Voie communale,50.0,1
202400019066,2024-03-11,après-midi,,,972,97213,1,1,5,4,2,Nationale,70.0,1
202400019067,2024-11-19,soirée,,,33,33550,5,2,2,4,4,Voie communale,50.0,2
202400019068,2024-06-29,matin,,,77,77438,1,1,6,4,4,Voie communale,30.0,1
202400019069,2024-03-10,matin,,,971,97113,1,1,4,4,2,Nationale,70.0,1