Num_Acc,date,time_of_day,lat,long,dep,com,lum,atm,col,severity_index,catr,catr_label,vma,surf
202400019070,2024-11-19,matin,,,33,33063,2,8,6,3,4,Voie communale,30.0,1
202400019071,2024-06-29,matin,,,76,76540,1,1,6,3,4,Voie communale,50.0,1
202400019072,2024-03-10,matin,,,971,97101,1,1,2,4,2,Nationale,90.0,1
202400019073,2024-11-18,après-midi,,,33,33065,1,1,1,3,4,Voie communale,80.0,1
202400019074,2024-03-10,soirée,,,971,97105,5,2,6,4,4,Voie communale,30.0,2
202400019075,2024-06-29,matin,,,72,72181,1,1,6,4,4,Voie communale,50.0,1
202400019076,2024-03-11,matin,,,95,95582,1,1,6,4,4,Voie communale,50.0,1
202400019077,2024-11-19,soirée,,,31,31555,5,1,3,4,4,Voie communale,30.0,1
202400019078,2024-06-28,après-midi,,,71,71270,1,7,2,3,3,Départementale,70.0,1
202400019079,2024-11-19,matin,,,31,31555,1,1,3,4,4,Voie communale,50.0,1
202400019080,2024-03-11,nuit,,,91,91161,3,1,1,4,3,Départementale,50.0,1
202400019081,2024-11-12,soirée,,,30,30189,5,2,5,4,4,Voie communale,70.0,2
202400019082,2024-03-11,soirée,,,91,91027,5,2,3,4,2,Nationale,50.0,2
202400019083,2024-06-28,après-midi,,,69,69264,1,1,3,3,4,Voie communale,50.0,1
202400019084,2024-11-18,matin,,,29,29019,5,2,6,4,4,Voie communale,30.0,2
202400019085,2024-06-28,nuit,,,69,69029,5,1,6,4,7,Autre,50.0,1
202400019086,2024-03-11,nuit,,,91,91223,5,1,3,4,3,Départementale,50.0,1
202400019087,2024-06-29,matin,,,63,63300,1,1,6,4,3,Départementale,70.0,1
202400019088,2024-11-19,soirée,,,27,27229,5,2,3,4,4,Voie communale,50.0,2
202400019089,2024-03-10,après-midi,,,91,91469,1,1,1,4,3,Départementale,,-1
202400019090,2024-06-28,matin,,,62,62427,1,1,3,3,3,Départementale,80.0,1
202400019091,2024-11-18,après-midi,,,25,25031,1,1,6,3,4,Voie communale,50.0,1
202400019092,2024-03-10,matin,,,91,91223,1,1,4,4,4,Voie communale,50.0,1
202400019093,2024-11-19,soirée,,,15,15014,5,2,3,4,4,Voie communale,30.0,2
202400019094,2024-06-29,nuit,,,62,62051,4,1,2,4,3,Départementale,80.0,1
202400019095,2024-03-11,matin,,,87,87085,1,3,6,4,4,Voie communale,30.0,2
202400019096,2024-11-19,matin,,,15,15014,2,2,7,4,4,Voie communale,50.0,2
202400019097,2024-06-30,nuit,,,61,61006,3,1,6,4,3,Départementale,90.0,1
202400019098,2024-03-09,après-midi,,,87,87085,1,1,2,4,4,Voie communale,30.0,2
202400019099,2024-11-14,matin,,,14,14338,2,1,6,4,3,Départementale,50.0,1
202400019100,2024-06-28,après-midi,,,61,61001,1,1,6,4,4,Voie communale,30.0,1
202400019101,2024-03-11,soirée,,,83,83137,5,1,3,3,3,Départementale,50.0,1
202400019102,2024-11-19,après-midi,,,13,13106,5,1,1,4,4,Voie communale,30.0,1
202400019103,2024-06-29,nuit,,,60,60175,3,1,6,4,3,Départementale,50.0,1
202400019104,2024-03-10,après-midi,,,77,77487,1,1,2,3,4,Voie communale,50.0,1
202400019105,2024-11-19,après-midi,,,13,13103,1,1,3,3,4,Voie communale,30.0,1
202400019106,2024-06-29,soirée,,,59,59153,1,1,1,4,3,Départementale,70.0,2
202400019107,2024-11-19,soirée,,,13,13212,5,1,6,3,4,Voie communale,50.0,1
202400019108,2024-03-11,nuit,,,77,77438,5,1,6,4,4,Voie communale,30.0,2
202400019109,2024-11-19,matin,,,13,13203,1,1,1,4,4,Voie communale,30.0,1
202400019110,2024-06-28,après-midi,,,59,59599,1,1,3,4,7,Autre,50.0,1
202400019111,2024-03-11,matin,,,72,72003,5,1,3,4,3,Départementale,50.0,1
202400019112,2024-11-19,soirée,,,13,13047,3,1,6,4,2,Nationale,90.0,1
202400019113,2024-06-29,matin,,,59,59350,1,1,6,4,4,Voie communale,50.0,1
202400019114,2024-03-11,matin,,,69,69275,1,1,3,4,4,Voie communale,50.0,1
202400019115,2024-11-19,nuit,,,06,06088,3,1,3,4,7,Autre,50.0,1
202400019116,2024-06-28,nuit,,,59,59507,5,1,3,4,4,Voie communale,30.0,1
202400019117,2024-02-18,après-midi,,,68,68224,1,1,3,3,3,Départementale,50.0,1
202400019118,2024-11-19,après-midi,,,03,03190,1,8,3,4,4,Voie communale,50.0,1
202400019119,2024-06-29,soirée,,,56,56260,1,1,7,4,4,Voie communale,,1
202400019120,2024-11-19,après-midi,,,01,01283,2,2,6,3,4,Voie communale,30.0,2
202400019121,2024-03-11,matin,,,66,66136,1,1,3,4,4,Voie communale,50.0,1
202400019122,2024-11-19,après-midi,,,01,01451,1,8,6,3,4,Voie communale,50.0,1
202400019123,2024-06-29,après-midi,,,56,56098,1,1,2,4,3,Départementale,30.0,1
202400019124,2024-03-11,après-midi,,,64,64483,1,2,6,4,4,Voie communale,20.0,2
202400019125,2024-03-11,matin,,,64,64445,1,3,7,4,4,Voie communale,30.0,2
202400019126,2024-11-18,matin,,,94,94068,1,2,6,4,4,Voie communale,30.0,2
202400019127,2024-06-29,nuit,,,34,34172,5,1,3,4,4,Voie communale,50.0,1
202400019128,2024-06-29,nuit,,,33,33063,5,8,7,4,4,Voie communale,50.0,1
202400019129,2024-11-19,soirée,,,94,94058,5,3,6,4,3,Départementale,50.0,2
202400019130,2024-02-22,après-midi,,,62,62498,1,1,4,4,3,Départementale,50.0,1
202400019131,2024-06-29,soirée,,,33,33009,1,2,2,4,4,Voie communale,50.0,2
202400019132,2024-11-18,soirée,,,94,94046,5,2,4,4,3,Départementale,50.0,2
202400019133,2024-03-11,soirée,,,59,59650,5,2,3,4,4,Voie communale,50.0,2
202400019134,2024-06-30,nuit,,,32,32013,3,8,6,4,4,Voie communale,80.0,1
202400019135,2024-03-11,nuit,,,59,59225,4,2,6,3,3,Départementale,50.0,2
202400019136,2024-11-19,soirée,,,94,94021,5,3,6,4,3,Départementale,20.0,2
202400019137,2024-06-28,soirée,,,29,29232,1,1,2,4,4,Voie communale,50.0,1
202400019138,2024-03-08,après-midi,,,57,57672,1,1,3,3,4,Voie communale,50.0,1
202400019139,2024-06-28,matin,,,29,29232,2,1,3,4,3,Départementale,50.0,1
202400019140,2024-11-18,nuit,,,92,92073,5,2,3,4,3,Départementale,50.0,2
202400019141,2024-03-10,matin,,,56,56121,1,8,7,4,4,Voie communale,50.0,4
202400019142,2024-11-19,matin,,,92,92022,1,8,3,4,3,Départementale,50.0,2
202400019143,2024-06-28,après-midi,,,28,28220,1,1,5,4,3,Départementale,50.0,1
202400019144,2024-11-19,matin,,,92,92064,1,3,6,4,4,Voie communale,30.0,2
202400019145,2024-03-10,matin,,,54,54526,1,1,3,4,4,Voie communale,50.0,1
202400019146,2024-06-29,nuit,,,26,26057,3,1,7,3,3,Départementale,50.0,1
202400019147,2024-11-19,soirée,,,92,92063,5,2,6,4,3,Départementale,50.0,2
202400019148,2024-03-10,nuit,,,54,54395,5,1,6,4,4,Voie communale,50.0,1
202400019149,2024-06-29,nuit,,,17,17274,5,1,2,4,4,Voie communale,50.0,1
202400019150,2024-11-19,soirée,,,92,92050,5,1,1,4,3,Départementale,50.0,2
202400019151,2024-03-09,soirée,,,50,50129,1,1,3,4,4,Voie communale,50.0,1
202400019152,2024-06-29,soirée,,,14,14557,1,1,6,4,3,Départementale,80.0,1
202400019153,2024-11-19,matin,,,92,92050,1,2,3,3,3,Départementale,50.0,2
202400019154,2024-03-09,après-midi,,,49,49328,1,1,2,4,3,Départementale,90.0,2
202400019155,2024-06-29,soirée,,,14,14366,1,1,3,4,6,Autre,30.0,1
202400019156,2024-11-19,après-midi,,,92,92026,2,2,6,4,3,Départementale,50.0,2
202400019157,2024-03-11,après-midi,,,45,45234,1,1,6,4,4,Voie communale,50.0,1
202400019158,2024-06-28,après-midi,,,13,13001,1,1,6,4,7,Autre,80.0,1
202400019159,2024-02-24,matin,,,40,40279,1,4,6,3,3,Départementale,110.0,2
202400019160,2024-11-18,après-midi,,,92,92025,5,2,3,4,3,Départementale,50.0,2
202400019161,2024-06-29,après-midi,,,08,08105,1,1,3,4,4,Voie communale,50.0,1
202400019162,2024-11-19,soirée,,,92,92024,5,1,3,4,3,Départementale,50.0,2
202400019163,2024-03-11,après-midi,,,38,38151,1,1,3,4,4,Voie communale,30.0,1
202400019164,2024-06-30,nuit,,,06,06069,3,1,6,4,3,Départementale,70.0,2
202400019165,2024-11-19,après-midi,,,92,92019,1,2,6,4,3,Départementale,30.0,2
202400019166,2024-06-29,matin,,,01,01053,1,1,6,3,6,Autre,30.0,1
202400019167,2024-11-10,nuit,,,34,34179,3,1,6,4,7,Autre,80.0,1
202400019168,2024-03-11,matin,,,36,36159,1,1,4,4,3,Départementale,90.0,1
202400019169,2024-11-19,après-midi,,,974,97415,1,1,4,3,3,Départementale,70.0,1
202400019170,2024-06-29,nuit,,,75,75120,5,1,5,4,4,Voie communale,70.0,1
202400019171,2024-11-08,soirée,,,86,86272,3,5,6,3,3,Départementale,80.0,2
202400019172,2024-06-29,nuit,,,75,75119,5,1,2,4,4,Voie communale,70.0,1
202400019173,2024-11-18,soirée,,,06,06149,5,1,3,4,4,Voie communale,50.0,1
202400019174,2024-06-28,après-midi,,,75,75119,1,1,3,4,4,Voie communale,70.0,1
202400019175,2024-02-18,après-midi,,,35,35238,1,1,2,3,4,Voie communale,30.0,2
202400019176,2024-10-30,après-midi,,,23,23107,1,7,1,4,3,Départementale,90.0,1
202400019177,2024-06-28,nuit,,,75,75117,2,1,6,2,4,Voie communale,30.0,1
202400019178,2024-11-20,matin,,,67,67302,1,7,6,3,3,Départementale,40.0,1
202400019179,2024-06-28,soirée,,,75,75119,1,1,2,4,4,Voie communale,50.0,1
202400019180,2024-06-29,matin,,,75,75118,1,1,2,4,4,Voie communale,30.0,1
202400019181,2024-11-18,après-midi,,,72,72260,5,8,5,4,3,Départementale,50.0,2
202400019182,2024-03-11,après-midi,,,34,34198,1,1,6,3,4,Voie communale,50.0,1
202400019183,2024-11-19,soirée,,,77,77385,5,3,6,3,3,Départementale,50.0,2
202400019184,2024-06-29,soirée,,,75,75116,1,1,6,4,4,Voie communale,30.0,1
202400019185,2024-11-17,nuit,,,56,56140,3,1,6,3,3,Départementale,80.0,1
202400019186,2024-11-19,nuit,,,59,59497,3,6,7,3,3,Départementale,,2
202400019187,2024-06-28,après-midi,,,75,75112,1,1,2,4,4,Voie communale,,1
202400019188,2024-11-19,soirée,,,76,76377,3,2,6,4,7,Autre,80.0,2
202400019189,2024-03-11,soirée,,,31,31555,3,2,2,3,1,Autoroute,90.0,2
202400019190,2024-11-20,matin,,,79,79271,1,1,3,3,3,Départementale,80.0,1
202400019191,2024-06-29,après-midi,,,75,75110,1,1,6,4,4,Voie communale,30.0,1
202400019192,2024-03-10,nuit,,,30,30189,5,1,3,4,3,Départementale,50.0,1
202400019193,2024-10-31,soirée,,,33,33011,2,8,3,3,3,Départementale,50.0,2
202400019194,2024-06-29,après-midi,,,75,75110,1,1,6,4,4,Voie communale,30.0,1
202400019195,2024-11-19,soirée,,,63,63016,5,2,6,4,3,Départementale,50.0,2
202400019196,2024-03-11,après-midi,,,30,30007,1,2,7,4,4,Voie communale,50.0,2
202400019197,2024-06-29,soirée,,,75,75109,1,1,6,4,4,Voie communale,30.0,1
202400019198,2024-11-20,après-midi,,,63,63430,1,2,1,3,3,Départementale,70.0,2
202400019199,2024-06-29,soirée,,,75,75108,1,1,7,4,4,Voie communale,30.0,1
202400019200,2024-11-19,soirée,,,63,63338,4,2,6,4,3,Départementale,,2
202400019201,2024-01-13,matin,,,17,17299,1,1,2,4,3,Départementale,30.0,1
202400019202,2024-11-14,matin,,,42,42224,3,5,1,4,3,Départementale,80.0,2
202400019203,2024-06-29,après-midi,,,75,75108,1,1,6,4,4,Voie communale,50.0,1
202400019204,2024-03-11,matin,,,15,15014,1,2,4,4,2,Nationale,70.0,2
202400019205,2024-06-28,après-midi,,,75,75103,1,1,6,4,4,Voie communale,,1
202400019206,2024-11-19,après-midi,,,44,44015,1,2,6,3,2,Nationale,50.0,2
202400019207,2024-03-10,matin,,,15,15012,1,1,3,4,3,Départementale,50.0,1
202400019208,2024-06-29,après-midi,,,94,94078,1,1,3,4,4,Voie communale,50.0,1
202400019209,2024-11-20,matin,,,45,45203,2,1,3,3,3,Départementale,50.0,1
202400019210,2024-03-11,après-midi,,,13,13047,1,1,2,4,4,Voie communale,50.0,1
202400019211,2024-06-29,matin,,,94,94044,1,1,6,3,4,Voie communale,30.0,1
202400019212,2024-11-16,après-midi,,,07,07078,1,1,2,3,3,Départementale,70.0,1
202400019213,2024-03-11,matin,,,13,13005,1,2,3,4,4,Voie communale,50.0,2
202400019214,2024-11-19,après-midi,,,21,21603,5,3,6,3,3,Départementale,50.0,2
202400019215,2024-06-29,soirée,,,94,94052,1,2,3,4,3,Départementale,50.0,2
202400019216,2024-03-10,après-midi,,,11,11069,1,1,6,4,4,Voie communale,30.0,1
202400019217,2024-11-20,après-midi,,,37,37109,1,1,3,4,7,Autre,30.0,1
202400019218,2024-06-28,après-midi,,,94,94011,1,1,6,4,3,Départementale,50.0,1
202400019219,2024-03-09,après-midi,,,11,11069,1,1,7,3,3,Départementale,,1
202400019220,2024-06-28,après-midi,,,94,94022,1,1,3,4,4,Voie communale,50.0,1
202400019221,2024-03-10,après-midi,,,10,10362,1,1,7,4,4,Voie communale,50.0,1
202400019222,2024-11-17,matin,,,30,30006,1,1,1,4,3,Départementale,50.0,1
202400019223,2024-06-28,nuit,,,94,94022,5,1,7,3,4,Voie communale,50.0,1
202400019224,2024-11-19,soirée,,,77,77305,3,3,6,4,1,Autoroute,130.0,3
202400019225,2024-06-29,après-midi,,,93,93073,1,1,3,4,4,Voie communale,30.0,1
202400019226,2024-03-11,matin,,,06,06088,1,8,2,4,7,Autre,50.0,2
202400019227,2024-11-19,après-midi,,,13,13037,1,1,2,4,3,Départementale,80.0,1
202400019228,2024-11-19,après-midi,,,06,06152,2,1,7,3,3,Départementale,70.0,1
202400019229,2024-03-10,matin,,,06,06088,5,2,6,4,4,Voie communale,50.0,2
202400019230,2024-06-28,soirée,,,93,93078,1,1,6,4,4,Voie communale,30.0,1
202400019231,2024-03-11,soirée,,,06,06069,2,1,6,4,4,Voie communale,50.0,1
202400019232,2024-06-29,après-midi,,,93,93066,1,1,6,4,4,Voie communale,50.0,1
202400019233,2024-11-20,matin,,,973,97305,1,1,5,4,2,Nationale,80.0,1
202400019234,2024-03-10,soirée,,,06,06027,5,1,6,4,4,Voie communale,50.0,1
202400019235,2024-06-29,matin,,,93,93051,1,1,3,4,4,Voie communale,50.0,1
202400019236,2024-11-16,nuit,,,971,97121,5,1,1,3,2,Nationale,50.0,1
202400019237,2024-03-10,matin,,,02,02738,1,1,3,3,4,Voie communale,,1
202400019238,2024-06-29,soirée,,,92,92073,1,1,2,4,3,Départementale,50.0,1
202400019239,2024-11-20,après-midi,,,30,30307,2,1,3,4,2,Nationale,70.0,1
202400019240,2024-03-09,matin,,,75,75117,5,1,6,4,4,Voie communale,50.0,1
202400019241,2024-06-29,matin,,,92,92072,1,1,3,4,3,Départementale,50.0,1
202400019242,2024-11-14,après-midi,,,11,11410,1,1,7,3,3,Départementale,80.0,1
202400019243,2024-03-11,matin,,,75,75106,1,1,3,4,4,Voie communale,30.0,1
202400019244,2024-11-19,après-midi,,,13,13086,1,1,1,3,3,Départementale,50.0,1
202400019245,2024-06-29,après-midi,,,92,92063,1,1,7,4,4,Voie communale,30.0,1
202400019246,2024-03-11,après-midi,,,75,75120,1,2,6,4,4,Voie communale,30.0,2
202400019247,2024-06-29,après-midi,,,92,92040,1,1,6,4,3,Départementale,30.0,1
202400019248,2024-10-28,soirée,,,26,26165,3,1,4,4,1,Autoroute,130.0,1
202400019249,2024-03-11,matin,,,75,75120,1,1,6,3,4,Voie communale,30.0,1
202400019250,2024-06-29,soirée,,,92,92026,1,1,3,4,3,Départementale,50.0,1
202400019251,2024-11-18,soirée,,,67,67078,3,2,1,2,3,Départementale,80.0,2
202400019252,2024-03-11,matin,,,75,75119,1,1,6,4,4,Voie communale,30.0,1
202400019253,2024-11-19,matin,,,42,42285,1,1,6,4,3,Départementale,50.0,1
202400019254,2024-06-29,soirée,,,92,92032,1,1,3,4,3,Départementale,30.0,1
202400019255,2024-03-11,nuit,,,75,75108,5,1,3,4,4,Voie communale,30.0,2
202400019256,2024-11-19,matin,,,42,42147,1,1,6,4,3,Départementale,50.0,1
202400019257,2024-03-11,après-midi,,,75,75117,1,2,7,4,4,Voie communale,30.0,2
202400019258,2024-06-29,matin,,,92,92012,1,1,3,3,3,Départementale,30.0,1
202400019259,2024-03-11,après-midi,,,75,75107,1,1,6,4,4,Voie communale,30.0,1
202400019260,2024-11-15,nuit,,,38,38449,5,5,2,4,4,Voie communale,50.0,1
202400019261,2024-06-29,soirée,,,92,92036,1,1,1,4,4,Voie communale,30.0,1
202400019262,2024-03-11,matin,,,75,75113,1,1,3,4,4,Voie communale,30.0,1
202400019263,2024-06-30,après-midi,,,24,24019,1,1,1,3,3,Départementale,70.0,1
202400019264,2024-11-20,après-midi,,,50,50594,1,2,2,4,3,Départementale,80.0,2
202400019265,2024-03-11,soirée,,,75,75112,1,2,3,4,4,Voie communale,50.0,2
202400019266,2024-11-18,après-midi,,,29,29055,1,2,6,3,3,Départementale,50.0,2
202400019267,2024-06-30,matin,,,35,35145,1,1,1,4,3,Départementale,30.0,1
202400019268,2024-03-11,matin,,,75,75111,1,1,6,4,4,Voie communale,30.0,1
202400019269,2024-11-19,après-midi,,,29,29103,1,2,6,4,3,Départementale,50.0,2
202400019270,2024-06-30,après-midi,,,85,85148,1,1,3,3,3,Départementale,80.0,1
202400019271,2024-03-11,soirée,,,75,75109,5,2,6,4,4,Voie communale,30.0,2
202400019272,2024-06-18,après-midi,,,35,35166,1,1,6,3,4,Voie communale,30.0,1
202400019273,2024-06-30,après-midi,,,2A,2A362,1,1,6,3,3,Départementale,80.0,1
202400019274,2024-03-11,matin,,,75,75109,1,1,6,4,4,Voie communale,30.0,1
202400019275,2024-11-20,après-midi,,,60,60079,1,1,3,4,3,Départementale,80.0,1
202400019276,2024-06-29,soirée,,,972,97232,2,1,1,4,2,Nationale,80.0,1
202400019277,2024-11-20,après-midi,,,60,60439,1,7,6,4,3,Départementale,50.0,1
202400019278,2024-03-11,soirée,,,94,94081,4,2,4,3,3,Départementale,50.0,2
202400019279,2024-06-30,après-midi,,,974,97414,1,1,1,3,4,Voie communale,50.0,1
202400019280,2024-11-20,après-midi,,,62,62318,1,7,6,3,3,Départementale,50.0,1
202400019281,2024-03-11,soirée,,,94,94016,4,2,3,4,3,Départementale,50.0,2
202400019282,2024-06-29,soirée,,,84,84135,1,2,6,4,3,Départementale,80.0,2
202400019283,2024-03-11,après-midi,,,94,94073,1,2,1,4,3,Départementale,50.0,2
202400019284,2024-06-29,soirée,,,59,59278,1,1,6,4,2,Nationale,110.0,2
202400019285,2024-11-19,après-midi,,,62,62560,1,3,3,3,1,Autoroute,,2
202400019286,2024-03-11,matin,,,94,94033,1,1,6,4,4,Voie communale,30.0,1
202400019287,2024-07-18,après-midi,,,26,26360,1,1,1,3,3,Départementale,80.0,1
202400019288,2024-06-29,après-midi,,,87,87181,1,2,3,4,3,Départementale,80.0,2
202400019289,2024-08-25,nuit,,,14,14047,5,1,7,4,4,Voie communale,50.0,1
202400019290,2024-03-11,soirée,,,94,94077,5,2,3,4,3,Départementale,50.0,2
202400019291,2024-06-29,après-midi,,,30,30202,1,1,7,3,3,Départementale,50.0,1
202400019292,2024-08-10,nuit,,,14,14305,3,1,1,4,3,Départementale,80.0,1
202400019293,2024-03-09,soirée,,,94,94019,5,3,2,4,3,Départementale,50.0,2
202400019294,2024-06-30,après-midi,,,30,30286,1,1,1,4,3,Départementale,80.0,1
202400019295,2024-06-30,après-midi,,,62,62761,1,1,6,4,3,Départementale,80.0,1
202400019296,2024-03-11,matin,,,94,94028,1,1,6,4,4,Voie communale,,1
202400019297,2024-04-17,matin,,,14,14530,1,1,3,4,3,Départementale,50.0,1
202400019298,2024-11-18,après-midi,,,974,97416,1,7,1,4,3,Départementale,70.0,1
202400019299,2024-06-28,soirée,,,77,77359,1,7,2,3,3,Départementale,50.0,1
202400019300,2024-03-11,nuit,,,93,93073,3,2,5,4,9,Autre,90.0,2
202400019301,2024-06-30,après-midi,,,95,95026,1,1,1,3,3,Départementale,70.0,1
202400019302,2024-03-11,après-midi,,,93,93073,1,2,6,4,3,Départementale,50.0,2
202400019303,2024-06-30,après-midi,,,51,51369,1,1,7,3,3,Départementale,90.0,1
202400019304,2024-11-18,matin,,,974,97411,1,1,3,4,2,Nationale,70.0,1
202400019305,2024-03-11,soirée,,,93,93072,3,2,3,4,3,Départementale,50.0,2
202400019306,2024-06-29,après-midi,,,51,51161,1,2,7,4,3,Départementale,80.0,2
202400019307,2024-11-18,après-midi,,,973,97302,1,1,3,4,2,Nationale,50.0,1
202400019308,2024-06-29,nuit,,,56,56005,3,1,6,4,4,Voie communale,30.0,1
202400019309,2024-03-11,matin,,,93,93062,1,8,3,3,3,Départementale,30.0,1
202400019310,2024-06-29,après-midi,,,76,76400,1,1,6,3,3,Départementale,50.0,1
202400019311,2024-11-18,matin,,,973,97302,1,1,3,4,3,Départementale,50.0,1
202400019312,2024-11-18,nuit,,,973,97302,2,1,6,2,2,Nationale,90.0,1
202400019313,2024-06-30,nuit,,,79,79329,3,2,6,3,3,Départementale,80.0,2
202400019314,2024-03-11,matin,,,93,93046,1,1,1,4,3,Départementale,50.0,1
202400019315,2024-11-17,matin,,,973,97302,1,1,7,4,3,Départementale,50.0,2
202400019316,2024-06-30,nuit,,,80,80186,5,1,7,3,3,Départementale,50.0,1
202400019317,2024-06-29,après-midi,,,82,82112,1,1,6,3,4,Voie communale,50.0,1
202400019318,2024-03-09,après-midi,,,93,93032,1,1,3,4,4,Voie communale,50.0,1
202400019319,2024-11-17,soirée,,,972,97213,2,3,6,4,3,Départementale,50.0,2
202400019320,2024-03-11,soirée,,,93,93008,5,2,6,4,3,Départementale,50.0,2
202400019321,2024-06-29,soirée,,,82,82094,1,1,6,2,3,Départementale,50.0,1
202400019322,2024-11-18,matin,,,2B,2B033,1,1,3,4,2,Nationale,70.0,1
202400019323,2024-06-30,matin,,,82,82155,1,1,7,2,4,Voie communale,80.0,1
202400019324,2024-03-11,soirée,,,93,93005,5,1,3,4,4,Voie communale,50.0,2
202400019325,2024-11-17,nuit,,,971,97101,5,1,2,4,2,Nationale,90.0,1
202400019326,2024-03-11,nuit,,,92,92049,5,1,6,4,3,Départementale,50.0,1
202400019327,2024-11-16,soirée,,,971,97101,5,1,7,4,2,Nationale,90.0,1
202400019328,2024-04-11,après-midi,,,69,69066,1,1,5,4,3,Départementale,90.0,1
202400019329,2024-03-11,soirée,,,92,92036,1,2,6,4,3,Départementale,50.0,2
202400019330,2024-11-16,soirée,,,971,97101,4,1,6,2,2,Nationale,90.0,1
202400019331,2024-06-29,après-midi,,,61,61081,1,3,1,4,3,Départementale,50.0,2
202400019332,2024-03-11,soirée,,,92,92035,1,8,6,4,3,Départementale,50.0,2
202400019333,2024-11-15,nuit,,,971,97120,5,1,2,3,3,Départementale,50.0,1
202400019334,2024-06-23,après-midi,,,42,42246,1,1,2,4,3,Départementale,80.0,1
202400019335,2024-03-11,matin,,,92,92024,1,1,6,4,4,Voie communale,30.0,1
202400019336,2024-03-11,matin,,,92,92007,1,1,3,4,3,Départementale,30.0,1
202400019337,2024-06-29,nuit,,,44,44153,3,1,2,4,3,Départementale,80.0,1
202400019338,2024-11-18,soirée,,,95,95127,5,2,6,3,4,Voie communale,50.0,3
202400019339,2024-06-28,soirée,,,29,29236,1,1,6,3,3,Départementale,80.0,1
202400019340,2024-06-28,soirée,,,38,38408,2,1,6,4,3,Départementale,70.0,1
202400019341,2024-11-18,soirée,,,85,85191,3,8,4,3,3,Départementale,80.0,1
202400019342,2024-03-10,nuit,,,62,62100,3,2,3,3,3,Départementale,50.0,2
202400019343,2024-11-18,matin,,,83,83137,1,1,6,4,4,Voie communale,30.0,1
202400019344,2024-03-12,matin,,,01,01007,1,1,6,2,3,Départementale,50.0,1
202400019345,2024-06-29,matin,,,85,85008,1,3,7,4,1,Autoroute,110.0,2
202400019346,2024-11-14,après-midi,,,83,83129,1,1,6,3,3,Départementale,30.0,1
202400019347,2024-03-11,après-midi,,,76,76728,1,1,6,4,1,Autoroute,,1
202400019348,2024-06-30,soirée,,,83,83139,1,1,7,4,3,Départementale,70.0,1
202400019349,2024-11-18,après-midi,,,81,81004,1,1,3,4,3,Départementale,50.0,1
202400019350,2024-03-11,soirée,,,76,76210,5,2,1,4,3,Départementale,50.0,2
202400019351,2024-06-30,nuit,,,64,64046,3,2,7,2,3,Départementale,80.0,2
202400019352,2024-11-18,soirée,,,78,78621,4,2,6,4,4,Voie communale,50.0,2
202400019353,2024-03-12,après-midi,,,974,97412,1,1,6,3,6,Autre,30.0,1
202400019354,2024-06-29,soirée,,,10,10326,2,6,7,3,3,Départementale,,2
202400019355,2024-03-12,matin,,,83,83036,1,1,2,2,3,Départementale,70.0,1
202400019356,2024-11-18,après-midi,,,77,77284,5,3,3,3,4,Voie communale,50.0,2
202400019357,2024-06-30,nuit,,,36,36213,3,2,6,4,3,Départementale,50.0,2
202400019358,2024-11-18,soirée,,,77,77058,5,3,6,4,3,Départementale,50.0,2
202400019359,2024-03-12,matin,,,84,84099,1,1,2,3,3,Départementale,80.0,1
202400019360,2024-06-30,soirée,,,07,07052,1,1,7,4,3,Départementale,90.0,1
202400019361,2024-11-14,après-midi,,,77,77320,1,8,6,3,3,Départementale,50.0,1
202400019362,2024-06-30,après-midi,,,04,04141,1,1,7,3,3,Départementale,80.0,1
202400019363,2024-03-10,après-midi,,,38,38226,1,3,1,3,4,Voie communale,50.0,2
202400019364,2024-11-15,soirée,,,76,76351,5,1,6,4,4,Voie communale,50.0,1
202400019365,2024-03-11,matin,,,74,74225,1,1,6,4,3,Départementale,50.0,1
202400019366,2024-06-30,matin,,,04,04172,1,1,1,4,3,Départementale,50.0,1
202400019367,2024-06-30,après-midi,,,04,04135,1,1,6,3,3,Départementale,80.0,1
202400019368,2024-03-10,nuit,,,33,33236,3,2,6,2,3,Départementale,80.0,2
202400019369,2024-11-14,matin,,,76,76351,1,1,3,4,4,Voie communale,30.0,1
202400019370,2024-06-30,matin,,,04,04024,1,1,1,3,3,Départementale,80.0,1
202400019371,2024-03-12,matin,,,11,11027,1,1,1,3,3,Départementale,80.0,1
202400019372,2024-11-18,matin,,,71,71076,1,1,6,4,4,Voie communale,50.0,1
202400019373,2024-06-28,après-midi,,,17,17327,1,1,1,4,3,Départementale,80.0,1
202400019374,2024-03-11,après-midi,,,41,41139,1,1,6,4,3,Départementale,80.0,1
202400019375,2024-06-28,soirée,,,17,17139,1,1,7,3,3,Départementale,80.0,1
202400019376,2024-03-11,après-midi,,,29,29097,1,1,3,4,4,Voie communale,50.0,1
202400019377,2024-06-30,matin,,,17,17017,1,1,7,3,4,Voie communale,30.0,2
202400019378,2024-11-18,après-midi,,,70,70550,5,2,6,4,2,Nationale,50.0,2
202400019379,2024-03-12,matin,,,38,38022,1,1,6,4,3,Départementale,80.0,1
202400019380,2024-06-30,après-midi,,,87,87036,1,1,3,3,3,Départementale,90.0,1