Num_Acc,date,time_of_day,lat,long,dep,com,lum,atm,col,severity_index,catr,catr_label,vma,surf
202400019381,2024-03-12,après-midi,,,58,58024,1,2,6,2,3,Départementale,90.0,2
202400019382,2024-11-18,soirée,,,64,64445,5,1,2,4,4,Voie communale,50.0,1
202400019383,2024-03-12,après-midi,,,05,05046,1,1,6,3,4,Voie communale,50.0,1
202400019384,2024-06-30,après-midi,,,37,37213,1,1,1,3,3,Départementale,90.0,1
202400019385,2024-11-18,matin,,,64,64445,1,1,3,4,4,Voie communale,30.0,1
202400019386,2024-03-10,nuit,,,18,18058,3,1,7,4,3,Départementale,50.0,2
202400019387,2024-06-29,soirée,,,973,97307,3,1,6,2,3,Départementale,,1
202400019388,2024-11-18,matin,,,64,64129,1,1,6,4,4,Voie communale,50.0,1
202400019389,2024-03-12,nuit,,,43,43025,4,8,6,2,3,Départementale,70.0,2
202400019390,2024-06-30,matin,,,67,67389,1,1,6,3,6,Autre,30.0,1
202400019391,2024-11-18,matin,,,64,64445,5,1,1,4,4,Voie communale,30.0,1
202400019392,2024-03-11,soirée,,,10,10107,3,2,2,2,2,Nationale,80.0,2
202400019393,2024-11-14,après-midi,,,62,62510,1,2,6,4,4,Voie communale,50.0,2
202400019394,2024-03-12,matin,,,16,16153,1,1,2,4,2,Nationale,110.0,1
202400019395,2024-06-29,après-midi,,,17,17226,1,3,7,4,1,Autoroute,130.0,2
202400019396,2024-11-18,nuit,,,62,62193,5,2,3,4,4,Voie communale,30.0,2
202400019397,2024-06-30,matin,,,13,13103,1,1,1,3,1,Autoroute,90.0,1
202400019398,2024-03-11,après-midi,,,53,53195,1,1,5,4,3,Départementale,90.0,1
202400019399,2024-06-18,soirée,,,971,97128,3,1,6,3,2,Nationale,80.0,1
202400019400,2024-11-17,matin,,,60,60159,2,1,6,3,3,Départementale,80.0,1
202400019401,2024-03-12,matin,,,53,53122,2,2,6,3,3,Départementale,90.0,2
202400019402,2024-03-11,après-midi,,,17,17430,1,1,3,4,3,Départementale,80.0,1
202400019403,2024-06-29,matin,,,971,97111,1,1,1,4,2,Nationale,70.0,1
202400019404,2024-11-17,nuit,,,56,56121,3,1,5,4,3,Départementale,70.0,1
202400019405,2024-03-10,après-midi,,,30,30249,1,1,2,3,3,Départementale,80.0,1
202400019406,2024-06-29,après-midi,,,971,97106,1,7,6,3,2,Nationale,70.0,1
202400019407,2024-06-24,après-midi,,,33,33099,1,1,6,4,3,Départementale,30.0,1
202400019408,2024-02-23,soirée,,,40,40295,3,4,4,3,1,Autoroute,110.0,2
202400019409,2024-06-28,après-midi,,,33,33245,1,1,6,4,4,Voie communale,80.0,1
202400019410,2024-11-16,soirée,,,56,56098,2,1,4,4,3,Départementale,50.0,1
202400019411,2024-06-29,après-midi,,,66,66065,1,1,2,4,4,Voie communale,50.0,1
202400019412,2024-03-12,après-midi,,,01,01450,1,1,2,4,1,Autoroute,,1
202400019413,2024-11-15,après-midi,,,56,56098,1,1,6,4,3,Départementale,50.0,1
202400019414,2024-06-30,nuit,,,05,05038,2,1,6,4,3,Départementale,90.0,1
202400019415,2024-03-12,matin,,,33,33122,1,1,2,3,1,Autoroute,110.0,1
202400019416,2024-11-18,après-midi,,,50,50147,5,3,6,4,3,Départementale,50.0,2
202400019417,2024-03-12,nuit,,,976,97607,1,1,5,3,2,Nationale,70.0,1
202400019418,2024-11-15,après-midi,,,49,49099,1,1,3,4,4,Voie communale,50.0,1
202400019419,2024-06-30,soirée,,,26,26072,1,1,6,3,1,Autoroute,130.0,1
202400019420,2024-11-17,soirée,,,49,49007,2,1,6,4,4,Voie communale,50.0,1
202400019421,2024-06-29,matin,,,52,52488,1,1,1,3,3,Départementale,50.0,1
202400019422,2024-11-17,nuit,,,49,49267,3,1,2,4,3,Départementale,90.0,1
202400019423,2024-03-10,nuit,,,971,97115,4,1,6,4,2,Nationale,80.0,2
202400019424,2024-06-30,après-midi,,,16,16163,1,1,5,3,2,Nationale,90.0,1
202400019425,2024-03-12,matin,,,972,97228,1,1,2,3,4,Voie communale,50.0,1
202400019426,2024-11-18,après-midi,,,47,47001,1,1,2,4,3,Départementale,50.0,1
202400019427,2024-06-30,après-midi,,,33,33233,1,1,6,3,2,Nationale,110.0,1
202400019428,2024-03-10,soirée,,,95,95462,1,1,7,3,3,Départementale,80.0,1
202400019429,2024-11-18,soirée,,,45,45068,5,2,1,4,4,Voie communale,50.0,2
202400019430,2024-06-24,matin,,,33,33498,2,5,6,3,3,Départementale,80.0,1
202400019431,2024-03-11,matin,,,57,57260,1,1,2,3,2,Nationale,,1
202400019432,2024-11-18,après-midi,,,42,42170,1,1,6,2,3,Départementale,80.0,1
202400019433,2024-06-29,nuit,,,22,22044,5,1,3,3,3,Départementale,50.0,1
202400019434,2024-03-07,soirée,,,73,73089,5,1,6,3,3,Départementale,50.0,1
202400019435,2024-11-14,soirée,,,40,40192,3,1,1,4,4,Voie communale,30.0,1
202400019436,2024-06-30,matin,,,27,27358,1,1,6,3,3,Départementale,,1
202400019437,2024-03-12,après-midi,,,38,38537,1,1,6,4,3,Départementale,50.0,1
202400019438,2024-11-18,soirée,,,33,33281,5,1,2,4,4,Voie communale,50.0,1
202400019439,2024-06-29,nuit,,,69,69276,2,1,2,4,7,Autre,90.0,1
202400019440,2024-03-04,après-midi,,,33,33227,1,2,5,4,4,Voie communale,50.0,2
202400019441,2024-11-18,après-midi,,,33,33065,1,1,3,4,4,Voie communale,50.0,1
202400019442,2024-03-11,après-midi,,,61,61271,1,1,6,4,3,Départementale,50.0,1
202400019443,2024-06-29,après-midi,,,91,91434,1,1,5,4,1,Autoroute,110.0,1
202400019444,2024-03-12,après-midi,,,50,50099,1,2,3,3,3,Départementale,70.0,2
202400019445,2024-11-18,matin,,,33,33075,1,1,5,3,1,Autoroute,50.0,1
202400019446,2024-06-29,matin,,,91,91216,1,1,4,4,1,Autoroute,110.0,1
202400019447,2024-02-09,après-midi,,,60,60612,1,8,6,4,3,Départementale,50.0,1
202400019448,2024-11-18,matin,,,31,31555,1,1,3,3,4,Voie communale,30.0,1
202400019449,2024-06-28,soirée,,,92,92060,1,1,4,4,2,Nationale,90.0,1
202400019450,2024-11-18,soirée,,,29,29232,5,2,2,4,3,Départementale,50.0,2
202400019451,2024-06-28,après-midi,,,95,95394,1,1,7,4,1,Autoroute,30.0,1
202400019452,2024-11-17,soirée,,,27,27229,3,1,3,4,4,Voie communale,50.0,1
202400019453,2024-11-18,soirée,,,25,25031,5,1,6,4,3,Départementale,50.0,1
202400019454,2024-03-10,nuit,,,13,13005,3,2,2,4,1,Autoroute,90.0,2
202400019455,2024-03-10,après-midi,,,57,57067,1,1,6,3,1,Autoroute,110.0,1
202400019456,2024-03-11,matin,,,33,33487,1,3,6,4,1,Autoroute,130.0,2
202400019457,2024-03-10,nuit,,,33,33090,3,1,6,4,1,Autoroute,130.0,1
202400019458,2024-11-16,nuit,,,21,21231,5,1,3,4,4,Voie communale,50.0,1
202400019459,2024-03-11,nuit,,,91,91521,3,1,7,4,2,Nationale,70.0,1
202400019460,2024-11-18,après-midi,,,17,17415,1,8,3,4,3,Départementale,30.0,1
202400019461,2024-11-18,matin,,,14,14069,5,2,7,4,3,Départementale,50.0,2
202400019462,2024-03-10,nuit,,,92,92036,3,2,6,4,1,Autoroute,70.0,2
202400019463,2024-11-08,soirée,,,14,14117,5,1,3,4,3,Départementale,50.0,1
202400019464,2024-03-09,soirée,,,92,92036,1,3,2,4,1,Autoroute,70.0,2
202400019465,2024-11-18,matin,,,13,13213,1,1,6,4,4,Voie communale,50.0,1
202400019466,2024-03-11,nuit,,,93,93029,3,1,6,4,1,Autoroute,90.0,1
202400019467,2024-11-18,après-midi,,,06,06069,1,1,6,4,3,Départementale,70.0,1
202400019468,2024-02-19,après-midi,,,44,44109,1,1,2,4,4,Voie communale,30.0,1
202400019469,2024-11-18,matin,,,06,06069,2,1,7,4,4,Voie communale,50.0,1
202400019470,2024-11-13,matin,,,06,06029,2,1,7,2,3,Départementale,30.0,1
202400019471,2024-02-15,après-midi,,,44,44109,1,8,6,4,4,Voie communale,50.0,1
202400019472,2024-02-14,matin,,,44,44020,1,8,6,4,3,Départementale,90.0,1
202400019473,2024-11-16,après-midi,,,04,04112,1,1,2,4,4,Voie communale,30.0,1
202400019474,2024-11-19,soirée,,,60,60374,3,2,7,4,3,Départementale,80.0,2
202400019475,2024-02-14,matin,,,44,44109,2,8,7,4,4,Voie communale,50.0,1
202400019476,2024-11-04,soirée,,,35,35328,5,5,1,4,3,Départementale,50.0,1
202400019477,2024-02-14,nuit,,,44,44109,5,8,6,4,4,Voie communale,50.0,1
202400019478,2024-02-13,matin,,,44,44109,2,8,3,4,4,Voie communale,50.0,1
202400019479,2024-11-18,matin,,,14,14162,3,2,2,4,3,Départementale,80.0,2
202400019480,2024-11-18,nuit,,,33,33327,4,1,6,3,3,Départementale,50.0,1
202400019481,2024-02-13,soirée,,,44,44143,2,8,6,4,4,Voie communale,50.0,1
202400019482,2024-03-10,soirée,,,974,97416,1,1,3,4,4,Voie communale,30.0,1
202400019483,2024-11-19,matin,,,69,69277,1,2,7,4,4,Voie communale,50.0,2
202400019484,2024-03-10,matin,,,972,97213,1,3,6,4,3,Départementale,70.0,2
202400019485,2024-11-18,soirée,,,23,23245,2,8,1,3,2,Nationale,110.0,2
202400019486,2024-03-09,nuit,,,972,97209,5,1,6,4,1,Autoroute,90.0,1
202400019487,2024-03-08,après-midi,,,86,86066,2,3,6,3,4,Voie communale,50.0,2
202400019488,2024-11-18,après-midi,,,56,56240,1,2,7,4,3,Départementale,80.0,2
202400019489,2024-03-10,matin,,,83,83069,1,1,3,4,3,Départementale,50.0,1
202400019490,2024-03-10,soirée,,,81,81144,3,2,2,4,2,Nationale,110.0,2
202400019491,2024-11-18,après-midi,,,67,67463,5,2,6,3,4,Voie communale,50.0,2
202400019492,2024-03-09,soirée,,,77,77373,5,3,6,4,4,Voie communale,30.0,2
202400019493,2024-11-16,après-midi,,,65,65460,1,1,2,4,3,Départementale,90.0,1
202400019494,2024-11-16,soirée,,,65,65296,3,1,6,3,3,Départementale,80.0,1
202400019495,2024-03-09,après-midi,,,77,77284,1,2,3,4,3,Départementale,50.0,2
202400019496,2024-11-19,après-midi,,,63,63393,1,1,6,3,4,Voie communale,50.0,1
202400019497,2024-03-10,après-midi,,,77,77186,1,1,3,4,3,Départementale,90.0,1
202400019498,2024-03-10,après-midi,,,76,76429,1,1,1,4,7,Autre,50.0,1
202400019499,2024-11-19,matin,,,61,61405,2,2,6,4,3,Départementale,80.0,2
202400019500,2024-03-09,après-midi,,,76,76212,1,1,6,4,7,Autre,30.0,1
202400019501,2024-11-03,nuit,,,12,12122,3,1,6,4,3,Départementale,90.0,1
202400019502,2024-03-10,après-midi,,,71,71486,1,1,2,4,4,Voie communale,50.0,1
202400019503,2024-11-18,soirée,,,42,42097,5,1,3,4,7,Autre,80.0,1
202400019504,2024-03-09,après-midi,,,69,69271,1,1,6,3,4,Voie communale,50.0,1
202400019505,2024-11-19,après-midi,,,68,68201,2,3,6,3,3,Départementale,,2
202400019506,2024-03-09,après-midi,,,65,65286,1,1,6,4,6,Autre,50.0,1
202400019507,2024-11-17,soirée,,,44,44220,3,1,6,3,3,Départementale,80.0,2
202400019508,2024-03-10,matin,,,63,63113,1,1,2,4,4,Voie communale,30.0,1
202400019509,2024-11-18,matin,,,35,35243,1,2,1,4,3,Départementale,80.0,3
202400019510,2024-11-18,matin,,,84,84089,1,1,6,4,4,Voie communale,50.0,1
202400019511,2024-11-18,soirée,,,15,15225,3,2,1,3,3,Départementale,90.0,2
202400019512,2024-03-10,nuit,,,62,62178,5,2,3,4,4,Voie communale,50.0,2
202400019513,2024-11-19,matin,,,01,01272,3,2,1,4,3,Départementale,80.0,2
202400019514,2024-03-10,après-midi,,,59,59367,1,1,6,4,4,Voie communale,30.0,1
202400019515,2024-11-14,après-midi,,,72,72217,1,1,7,4,3,Départementale,70.0,1
202400019516,2024-03-10,après-midi,,,59,59163,1,2,1,3,4,Voie communale,50.0,2
202400019517,2024-11-18,nuit,,,83,83083,3,1,7,3,3,Départementale,80.0,1
202400019518,2024-03-09,matin,,,59,59183,1,1,3,3,4,Voie communale,50.0,1
202400019519,2024-11-14,après-midi,,,36,36121,1,1,3,3,3,Départementale,80.0,1
202400019520,2024-03-10,matin,,,54,54149,1,1,6,4,3,Départementale,50.0,1
202400019521,2024-11-19,matin,,,85,85006,1,2,7,4,3,Départementale,,9
202400019522,2024-03-08,matin,,,46,46042,1,3,6,3,3,Départementale,50.0,2
202400019523,2024-11-16,soirée,,,987,98715,5,1,2,4,9,Autre,10.0,1
202400019524,2024-11-18,après-midi,,,72,72353,1,2,6,3,1,Autoroute,130.0,2
202400019525,2024-11-19,après-midi,,,971,97112,1,1,6,4,2,Nationale,80.0,1
202400019526,2024-11-09,soirée,,,28,28372,2,1,7,3,3,Départementale,90.0,1
202400019527,2024-11-19,après-midi,,,83,83079,1,1,1,4,3,Départementale,80.0,1
202400019528,2024-11-18,soirée,,,26,26179,5,1,6,3,1,Autoroute,50.0,1
202400019529,2024-11-15,matin,,,54,54557,1,1,3,4,3,Départementale,80.0,1
202400019530,2024-11-13,soirée,,,38,38316,5,1,6,4,3,Départementale,50.0,1
202400019531,2024-11-19,matin,,,85,85088,3,8,6,3,3,Départementale,50.0,1
202400019532,2024-11-18,après-midi,,,44,44210,1,2,6,3,4,Voie communale,30.0,2
202400019533,2024-11-18,matin,,,59,59263,3,3,2,4,3,Départementale,80.0,2
202400019534,2024-11-18,après-midi,,,13,13088,1,7,2,4,1,Autoroute,90.0,1
202400019535,2024-11-18,soirée,,,91,91235,3,2,4,4,2,Nationale,110.0,2
202400019536,2024-11-17,après-midi,,,78,78133,2,1,4,4,1,Autoroute,110.0,2
202400019537,2024-11-17,soirée,,,78,78455,3,1,5,4,1,Autoroute,110.0,1
202400019538,2024-11-16,soirée,,,92,92050,3,1,3,4,1,Autoroute,90.0,1
202400019539,2024-11-18,nuit,,,93,93039,5,1,2,4,1,Autoroute,90.0,1
202400019540,2024-04-17,matin,,,94,94018,1,1,2,4,1,Autoroute,90.0,1
202400019541,2024-04-17,matin,,,94,94018,1,1,7,4,1,Autoroute,90.0,1
202400019542,2024-02-16,après-midi,,,87,87085,1,2,1,4,4,Voie communale,50.0,2
202400019543,2024-02-17,soirée,,,76,76351,5,1,1,4,4,Voie communale,50.0,1
202400019544,2024-02-16,matin,,,30,30189,1,1,7,2,2,Nationale,70.0,1
202400019545,2024-02-17,soirée,,,06,06123,5,1,3,3,7,Autre,30.0,1
202400019546,2024-04-12,matin,,,987,98736,1,1,7,4,2,Nationale,50.0,1
202400019547,2024-04-17,après-midi,,,974,97411,1,1,2,4,2,Nationale,50.0,1
202400019548,2024-04-17,après-midi,,,973,97302,1,2,5,4,4,Voie communale,50.0,2
202400019549,2024-04-17,soirée,,,69,69383,1,1,3,4,4,Voie communale,30.0,1
202400019550,2024-04-17,matin,,,69,69386,1,1,3,3,4,Voie communale,50.0,1
202400019551,2024-04-17,matin,,,69,69149,2,8,3,4,4,Voie communale,30.0,2
202400019552,2024-04-14,matin,,,971,97101,1,1,6,4,3,Départementale,50.0,1
202400019553,2024-01-10,matin,,,971,97101,1,1,6,4,3,Départementale,50.0,1
202400019554,2024-04-17,nuit,,,95,95018,3,1,1,2,3,Départementale,70.0,1
202400019555,2024-04-17,nuit,,,91,91027,5,1,5,4,2,Nationale,50.0,1
202400019556,2024-04-16,après-midi,,,91,91174,1,1,6,4,4,Voie communale,50.0,1
202400019557,2024-04-17,matin,,,89,89387,1,1,6,4,3,Départementale,30.0,1
202400019558,2024-04-17,après-midi,,,84,84007,1,1,3,4,3,Départementale,90.0,1
202400019559,2024-04-16,après-midi,,,83,83129,1,1,2,4,3,Départementale,50.0,1
202400019560,2024-04-18,nuit,,,82,82121,5,1,6,3,4,Voie communale,50.0,1
202400019561,2024-04-17,nuit,,,77,77438,5,8,6,4,3,Départementale,50.0,2
202400019562,2024-04-17,soirée,,,69,69256,5,2,7,3,4,Voie communale,20.0,2
202400019563,2024-04-16,après-midi,,,67,67462,1,1,3,3,4,Voie communale,40.0,1
202400019564,2024-04-18,nuit,,,64,64335,5,1,3,4,4,Voie communale,50.0,1
202400019565,2024-04-17,matin,,,64,64269,1,2,3,4,4,Voie communale,50.0,2
202400019566,2024-04-17,soirée,,,59,59205,1,1,3,3,1,Autoroute,50.0,1
202400019567,2024-04-17,soirée,,,59,59360,1,8,6,4,7,Autre,30.0,1
202400019568,2024-04-15,soirée,,,50,50129,1,1,3,4,4,Voie communale,50.0,1
202400019569,2024-04-17,matin,,,49,49267,1,1,2,4,1,Autoroute,130.0,1
202400019570,2024-04-16,après-midi,,,49,49007,1,1,3,4,4,Voie communale,50.0,1
202400019571,2024-04-17,soirée,,,45,45234,5,8,4,4,4,Voie communale,50.0,2
202400019572,2024-04-17,matin,,,45,45075,1,1,2,4,4,Voie communale,50.0,1
202400019573,2024-04-17,nuit,,,42,42187,3,2,6,4,4,Voie communale,30.0,2
202400019574,2024-04-16,après-midi,,,41,41018,1,1,2,4,4,Voie communale,50.0,1
202400019575,2024-12-24,matin,,,974,97413,1,1,1,4,3,Départementale,50.0,1
202400019576,2024-04-17,après-midi,,,37,37261,1,1,3,4,4,Voie communale,50.0,1
202400019577,2024-12-23,après-midi,,,67,67472,2,2,6,3,4,Voie communale,,2
202400019578,2024-04-17,après-midi,,,35,35278,1,2,4,4,7,Autre,80.0,2
202400019579,2024-12-23,soirée,,,15,15108,3,4,6,2,1,Autoroute,110.0,2
202400019580,2024-12-24,après-midi,,,19,19028,1,1,6,3,3,Départementale,50.0,1
202400019581,2024-04-17,soirée,,,34,34172,5,1,3,4,4,Voie communale,50.0,1
202400019582,2024-04-17,soirée,,,33,33162,1,1,3,4,4,Voie communale,50.0,1
202400019583,2024-04-17,matin,,,33,33529,1,1,2,4,4,Voie communale,30.0,1
202400019584,2024-12-24,matin,,,56,56206,1,8,5,3,3,Départementale,80.0,2
202400019585,2024-04-16,nuit,,,31,31555,5,2,3,4,4,Voie communale,50.0,2
202400019586,2024-12-23,nuit,,,79,79147,3,1,7,3,3,Départementale,80.0,1
202400019587,2024-12-23,soirée,,,79,79007,3,8,1,4,3,Départementale,80.0,1
202400019588,2024-04-18,nuit,,,27,27229,5,2,6,4,4,Voie communale,50.0,2
202400019589,2024-10-14,matin,,,2A,2A271,1,1,1,4,2,Nationale,70.0,1
202400019590,2024-04-17,après-midi,,,27,27229,1,1,6,4,4,Voie communale,50.0,1
202400019591,2024-12-23,matin,,,32,32051,1,8,6,4,3,Départementale,80.0,2
202400019592,2024-04-17,après-midi,,,14,14366,1,1,2,4,4,Voie communale,50.0,1
202400019593,2024-12-23,après-midi,,,89,89460,1,1,3,3,3,Départementale,50.0,1
202400019594,2024-04-17,nuit,,,14,14366,5,1,6,4,3,Départementale,50.0,1
202400019595,2024-04-17,après-midi,,,13,13071,1,1,3,3,3,Départementale,80.0,1
202400019596,2024-12-24,après-midi,,,61,61050,1,2,2,4,3,Départementale,90.0,2
202400019597,2024-04-17,matin,,,13,13117,1,1,2,3,4,Voie communale,50.0,1
202400019598,2024-12-24,après-midi,,,12,12056,3,5,3,4,3,Départementale,50.0,2
202400019599,2024-03-15,après-midi,,,13,13215,1,1,2,4,4,Voie communale,50.0,1
202400019600,2024-12-23,soirée,,,44,44175,3,2,6,3,3,Départementale,70.0,2
202400019601,2024-04-17,matin,,,13,13215,1,1,6,3,4,Voie communale,50.0,1
202400019602,2024-04-16,après-midi,,,13,13206,1,1,3,4,4,Voie communale,50.0,1
202400019603,2024-12-22,soirée,,,14,14601,3,6,6,4,3,Départementale,50.0,1
202400019604,2024-04-14,après-midi,,,10,10081,1,1,6,4,6,Autre,30.0,1
202400019605,2024-12-22,matin,,,09,09139,3,4,1,4,2,Nationale,80.0,5
202400019606,2024-04-16,matin,,,10,10387,1,1,7,4,4,Voie communale,50.0,1
202400019607,2024-12-23,soirée,,,64,64206,3,8,1,4,2,Nationale,80.0,1
202400019608,2024-12-18,soirée,,,40,40211,3,1,6,3,3,Départementale,80.0,1
202400019609,2024-04-18,nuit,,,06,06088,5,1,3,4,4,Voie communale,50.0,1
202400019610,2024-04-17,après-midi,,,06,06088,1,1,6,4,4,Voie communale,50.0,1
202400019611,2024-12-20,nuit,,,85,85084,3,2,3,4,3,Départementale,80.0,2
202400019612,2024-04-13,après-midi,,,05,05061,1,1,3,4,3,Départementale,50.0,1
202400019613,2024-12-23,après-midi,,,85,85135,1,1,7,3,3,Départementale,50.0,1
202400019614,2024-12-24,matin,,,27,27243,2,2,1,2,3,Départementale,80.0,2
202400019615,2024-04-17,après-midi,,,02,02408,1,1,3,4,4,Voie communale,50.0,1
202400019616,2024-12-23,soirée,,,27,27157,3,2,1,3,3,Départementale,80.0,2
202400019617,2024-04-17,soirée,,,01,01289,3,1,3,4,4,Voie communale,70.0,2
202400019618,2024-12-22,après-midi,,,10,10084,1,4,7,4,1,Autoroute,,5
202400019619,2024-04-16,soirée,,,75,75116,5,2,3,4,4,Voie communale,70.0,2
202400019620,2024-12-24,soirée,,,01,01089,3,1,2,4,1,Autoroute,130.0,1
202400019621,2024-04-16,nuit,,,75,75120,3,2,3,4,4,Voie communale,50.0,2
202400019622,2024-04-17,après-midi,,,75,75119,1,8,6,4,4,Voie communale,30.0,1
202400019623,2024-12-24,soirée,,,72,72360,3,1,5,4,1,Autoroute,130.0,1
202400019624,2024-04-17,matin,,,75,75115,1,1,3,4,4,Voie communale,30.0,1
202400019625,2024-12-24,matin,,,06,06088,1,1,2,3,1,Autoroute,90.0,1
202400019626,2024-04-17,après-midi,,,75,75114,1,2,6,4,4,Voie communale,50.0,2
202400019627,2024-12-22,après-midi,,,49,49068,2,1,6,4,1,Autoroute,130.0,1
202400019628,2024-12-23,nuit,,,33,33552,3,2,2,4,1,Autoroute,130.0,2
202400019629,2024-04-16,matin,,,75,75114,1,2,7,3,4,Voie communale,30.0,2
202400019630,2024-12-23,après-midi,,,33,33005,2,1,6,4,3,Départementale,50.0,1
202400019631,2024-04-17,matin,,,75,75113,1,1,6,4,4,Voie communale,30.0,1
202400019632,2024-12-24,matin,,,987,98747,1,1,3,3,2,Nationale,60.0,1
202400019633,2024-04-17,après-midi,,,94,94017,1,2,6,2,6,Autre,30.0,2
202400019634,2024-12-21,nuit,,,34,34213,5,1,6,3,3,Départementale,80.0,1
202400019635,2024-04-17,soirée,,,93,93070,1,8,6,4,3,Départementale,50.0,1
202400019636,2024-04-17,soirée,,,93,93039,1,9,7,4,3,Départementale,30.0,2
202400019637,2024-12-23,après-midi,,,13,13100,1,1,3,2,3,Départementale,80.0,1
202400019638,2024-04-17,matin,,,93,93064,5,1,6,4,3,Départementale,,1
202400019639,2024-12-23,matin,,,13,13066,1,1,1,3,9,Autre,,1
202400019640,2024-04-16,soirée,,,93,93032,2,1,2,4,3,Départementale,50.0,1
202400019641,2024-12-21,après-midi,,,89,89380,1,2,6,4,1,Autoroute,110.0,2
202400019642,2024-04-17,matin,,,93,93008,1,1,3,3,3,Départementale,50.0,1
202400019643,2024-01-30,matin,,,65,65193,2,1,1,4,3,Départementale,80.0,1
202400019644,2024-12-24,soirée,,,57,57069,4,2,1,4,3,Départementale,80.0,2
202400019645,2024-04-17,matin,,,93,93008,2,8,6,4,3,Départementale,50.0,1
202400019646,2024-12-23,soirée,,,38,38524,5,3,6,4,4,Voie communale,30.0,2
202400019647,2024-01-29,soirée,,,14,14411,3,1,3,4,3,Départementale,80.0,1
202400019648,2024-04-17,matin,,,92,92064,1,7,6,4,3,Départementale,50.0,1
202400019649,2024-12-23,après-midi,,,17,17409,3,1,1,4,3,Départementale,80.0,1
202400019650,2024-01-27,soirée,,,17,17172,3,1,4,4,3,Départementale,80.0,1
202400019651,2024-04-17,après-midi,,,92,92063,1,1,3,4,3,Départementale,50.0,1
202400019652,2024-12-23,après-midi,,,86,86137,1,1,3,3,3,Départementale,50.0,1
202400019653,2024-01-29,soirée,,,91,91666,2,1,1,4,3,Départementale,50.0,1
202400019654,2024-04-17,après-midi,,,92,92062,1,2,4,4,3,Départementale,50.0,2
202400019655,2024-12-20,nuit,,,85,85226,3,1,1,4,3,Départementale,80.0,1
202400019656,2024-01-28,matin,,,44,44149,1,1,7,3,4,Voie communale,,1
202400019657,2024-12-24,après-midi,,,44,44215,1,1,1,2,7,Autre,70.0,1
202400019658,2024-04-17,matin,,,92,92025,1,1,3,4,4,Voie communale,50.0,1
202400019659,2024-12-23,soirée,,,22,22339,3,2,6,3,3,Départementale,70.0,2
202400019660,2024-04-17,soirée,,,08,08313,1,8,7,3,3,Départementale,,2
202400019661,2024-01-29,soirée,,,62,62297,5,1,3,3,3,Départementale,50.0,1
202400019662,2024-12-24,après-midi,,,60,60589,3,2,4,4,3,Départementale,50.0,2
202400019663,2024-04-17,soirée,,,43,43038,3,1,1,3,2,Nationale,80.0,1
202400019664,2024-01-28,nuit,,,56,56222,4,1,6,3,3,Départementale,80.0,1
202400019665,2024-01-30,nuit,,,56,56101,3,1,6,2,4,Voie communale,80.0,1
202400019666,2024-04-17,après-midi,,,28,28201,1,2,1,3,3,Départementale,80.0,2
202400019667,2024-12-13,après-midi,,,13,13203,3,1,4,4,1,Autoroute,90.0,1
202400019668,2024-04-17,nuit,,,87,87148,3,1,1,3,1,Autoroute,90.0,1
202400019669,2024-01-30,après-midi,,,76,76449,1,1,1,4,3,Départementale,80.0,1
202400019670,2024-01-29,après-midi,,,33,33443,1,1,6,3,3,Départementale,80.0,1
202400019671,2024-12-20,nuit,,,13,13214,5,6,3,4,1,Autoroute,70.0,1
202400019672,2024-04-18,matin,,,59,59016,1,1,3,2,3,Départementale,70.0,1
202400019673,2024-01-30,après-midi,,,69,69070,1,1,1,3,4,Voie communale,50.0,1
202400019674,2024-12-23,nuit,,,83,83137,5,6,2,4,1,Autoroute,70.0,1
202400019675,2024-01-27,nuit,,,69,69109,3,2,6,4,3,Départementale,80.0,2
202400019676,2024-04-17,nuit,,,30,30125,3,1,3,3,3,Départementale,80.0,1
202400019677,2024-01-30,après-midi,,,49,49069,1,1,6,4,3,Départementale,70.0,1
202400019678,2024-04-12,matin,,,89,89239,1,1,3,3,3,Départementale,50.0,1
202400019679,2024-01-30,après-midi,,,12,12045,1,1,7,3,4,Voie communale,50.0,1
202400019680,2024-12-18,après-midi,,,57,57412,1,1,4,4,1,Autoroute,90.0,1
202400019681,2024-04-18,après-midi,,,76,76163,1,7,2,2,3,Départementale,80.0,1
202400019682,2024-01-28,après-midi,,,46,46330,1,1,3,3,4,Voie communale,80.0,1
202400019683,2024-04-18,après-midi,,,2B,2B063,1,1,6,2,4,Voie communale,50.0,1
202400019684,2024-01-28,après-midi,,,84,84079,2,1,3,3,3,Départementale,80.0,1
202400019685,2024-12-21,soirée,,,78,78133,3,2,5,4,1,Autoroute,110.0,2
202400019686,2024-04-18,matin,,,80,80737,1,1,3,2,3,Départementale,50.0,1
202400019687,2024-12-21,soirée,,,92,92025,3,2,2,4,1,Autoroute,90.0,2
202400019688,2024-01-30,nuit,,,03,03319,3,1,3,4,3,Départementale,90.0,1
202400019689,2024-12-21,soirée,,,78,78217,3,2,6,4,1,Autoroute,130.0,2
202400019690,2024-04-17,soirée,,,33,33547,1,1,1,4,3,Départementale,50.0,1
202400019691,2024-01-30,après-midi,,,03,03301,1,1,7,4,4,Voie communale,90.0,6
202400019692,2024-12-23,nuit,,,93,93013,3,9,2,4,1,Autoroute,50.0,2
202400019693,2024-01-30,matin,,,06,06079,1,1,2,3,3,Départementale,80.0,1
202400019694,2024-04-18,matin,,,63,63085,1,1,1,4,3,Départementale,90.0,2
202400019695,2024-12-23,nuit,,,75,75120,4,1,7,4,1,Autoroute,90.0,2