Num_Acc,date,time_of_day,lat,long,dep,com,lum,atm,col,severity_index,catr,catr_label,vma,surf
202400019696,2024-01-29,après-midi,,,14,14209,1,1,2,4,3,Départementale,90.0,1
202400019697,2024-04-17,soirée,,,61,61327,2,1,6,3,3,Départementale,80.0,1
202400019698,2024-12-23,nuit,,,92,92036,3,1,7,4,1,Autoroute,70.0,2
202400019699,2024-01-30,après-midi,,,14,14454,1,1,7,4,4,Voie communale,50.0,1
202400019700,2024-12-22,nuit,,,95,95018,3,1,6,4,1,Autoroute,110.0,2
202400019701,2024-04-18,matin,,,61,61210,2,1,6,4,3,Départementale,90.0,1
202400019702,2024-12-04,matin,,,44,44143,1,7,6,4,4,Voie communale,30.0,1
202400019703,2024-01-30,après-midi,,,18,18005,2,1,4,3,3,Départementale,90.0,1
202400019704,2024-12-04,après-midi,,,44,44109,1,1,3,4,4,Voie communale,50.0,1
202400019705,2024-01-29,après-midi,,,43,43087,1,1,3,3,3,Départementale,80.0,1
202400019706,2024-12-04,après-midi,,,44,44143,1,1,7,4,4,Voie communale,30.0,1
202400019707,2024-12-03,matin,,,44,44109,2,1,6,4,4,Voie communale,30.0,1
202400019708,2024-01-30,matin,,,36,36006,1,1,6,3,3,Départementale,50.0,1
202400019709,2024-04-17,matin,,,44,44116,1,1,3,4,4,Voie communale,50.0,1
202400019710,2024-12-02,matin,,,44,44162,2,1,1,4,4,Voie communale,30.0,1
202400019711,2024-11-27,après-midi,,,44,44190,1,2,7,4,4,Voie communale,50.0,2
202400019712,2024-01-30,après-midi,,,24,24229,1,1,1,4,3,Départementale,90.0,1
202400019713,2024-04-18,après-midi,,,29,29205,1,1,4,3,3,Départementale,80.0,1
202400019714,2024-09-08,matin,,,57,57463,1,8,6,4,4,Voie communale,,1
202400019715,2024-04-17,après-midi,,,29,29011,1,1,1,3,4,Voie communale,80.0,1
202400019716,2024-01-30,matin,,,49,49163,1,2,3,2,3,Départementale,50.0,2
202400019717,2024-12-22,après-midi,,,973,97302,1,2,3,4,3,Départementale,50.0,2
202400019718,2024-04-16,après-midi,,,01,01320,1,1,3,3,3,Départementale,50.0,1
202400019719,2024-12-21,nuit,,,973,97302,5,1,3,4,3,Départementale,50.0,1
202400019720,2024-01-24,matin,,,06,06088,1,1,4,4,1,Autoroute,90.0,1
202400019721,2024-04-17,nuit,,,85,85146,3,1,1,3,3,Départementale,80.0,1
202400019722,2024-12-22,soirée,,,69,69388,5,2,3,4,4,Voie communale,50.0,2
202400019723,2024-04-17,après-midi,,,64,64314,1,2,1,3,3,Départementale,80.0,2
202400019724,2024-01-30,matin,,,38,38239,2,1,2,3,3,Départementale,90.0,1
202400019725,2024-12-22,nuit,,,69,69383,5,1,6,3,4,Voie communale,30.0,2
202400019726,2024-12-21,nuit,,,972,97213,5,1,3,4,3,Départementale,50.0,1
202400019727,2024-01-26,matin,,,45,45302,1,2,3,4,1,Autoroute,50.0,2
202400019728,2024-04-07,matin,,,36,36064,1,1,4,3,3,Départementale,90.0,1
202400019729,2024-01-29,nuit,,,988,98813,3,1,6,2,4,Voie communale,50.0,1
202400019730,2024-12-22,matin,,,69,69382,2,1,2,4,4,Voie communale,30.0,1
202400019731,2024-04-18,après-midi,,,27,27425,1,1,3,4,3,Départementale,80.0,1
202400019732,2024-09-08,nuit,,,56,56260,3,1,7,3,4,Voie communale,30.0,1
202400019733,2024-12-22,matin,,,2B,2B037,5,1,5,4,3,Départementale,70.0,1
202400019734,2024-04-16,après-midi,,,17,17434,1,1,3,3,3,Départementale,80.0,1
202400019735,2024-01-29,soirée,,,971,97107,3,1,2,3,2,Nationale,110.0,1
202400019736,2024-12-22,après-midi,,,971,97105,1,1,6,4,2,Nationale,50.0,1
202400019737,2024-04-17,après-midi,,,17,17323,1,1,3,3,4,Voie communale,80.0,1
202400019738,2024-12-21,après-midi,,,2A,2A004,5,1,6,4,4,Voie communale,50.0,1
202400019739,2024-01-29,après-midi,,,2B,2B042,1,1,3,4,3,Départementale,30.0,1
202400019740,2024-09-07,matin,,,56,56121,1,1,3,4,4,Voie communale,30.0,1
202400019741,2024-04-17,après-midi,,,13,13058,1,1,3,3,3,Départementale,80.0,1
202400019742,2024-01-30,soirée,,,84,84054,2,1,1,3,4,Voie communale,80.0,1
202400019743,2024-12-22,après-midi,,,91,91228,4,2,5,4,2,Nationale,80.0,2
202400019744,2024-09-07,nuit,,,54,54528,5,1,6,3,3,Départementale,50.0,1
202400019745,2024-04-18,matin,,,974,97423,1,1,3,4,3,Départementale,50.0,1
202400019746,2024-04-17,après-midi,,,974,97423,1,1,7,3,3,Départementale,80.0,1
202400019747,2024-01-28,soirée,,,13,13093,3,1,3,4,3,Départementale,50.0,1
202400019748,2024-12-21,soirée,,,89,89338,5,2,3,4,3,Départementale,50.0,2
202400019749,2024-04-18,nuit,,,34,34058,3,1,7,3,7,Autre,80.0,1
202400019750,2024-01-30,matin,,,13,13015,1,1,1,4,4,Voie communale,50.0,1
202400019751,2024-09-08,nuit,,,54,54395,4,2,6,4,7,Autre,70.0,2
202400019752,2024-04-17,soirée,,,06,06021,1,1,6,3,7,Autre,50.0,1
202400019753,2024-01-28,après-midi,,,38,38317,1,1,6,3,4,Voie communale,50.0,1
202400019754,2024-04-14,matin,,,88,88417,1,1,3,3,3,Départementale,80.0,1
202400019755,2024-12-22,après-midi,,,81,81065,5,2,3,4,4,Voie communale,50.0,2
202400019756,2024-01-30,matin,,,81,81128,1,1,6,2,3,Départementale,,1
202400019757,2024-09-07,après-midi,,,54,54300,1,1,2,4,7,Autre,50.0,1
202400019758,2024-12-21,matin,,,79,79191,5,5,7,3,4,Voie communale,50.0,2
202400019759,2024-04-17,matin,,,69,69131,1,3,1,4,3,Départementale,70.0,2
202400019760,2024-01-11,matin,,,72,72016,3,9,7,4,3,Départementale,80.0,7
202400019761,2024-09-07,soirée,,,44,44009,1,2,6,4,2,Nationale,90.0,2
202400019762,2024-04-15,soirée,,,44,44179,2,1,1,4,3,Départementale,70.0,1
202400019763,2024-01-30,soirée,,,22,22136,3,1,6,4,2,Nationale,110.0,9
202400019764,2024-04-17,matin,,,29,29042,2,1,6,3,4,Voie communale,80.0,1
202400019765,2024-09-06,après-midi,,,37,37261,1,1,6,4,4,Voie communale,50.0,1
202400019766,2024-01-29,soirée,,,76,76596,5,1,7,4,3,Départementale,50.0,1
202400019767,2024-12-22,après-midi,,,76,76540,1,1,3,4,2,Nationale,70.0,2
202400019768,2024-04-16,après-midi,,,29,29032,1,1,1,3,3,Départementale,50.0,1
202400019769,2024-04-17,soirée,,,60,60022,1,1,6,3,4,Voie communale,80.0,1
202400019770,2024-12-21,nuit,,,76,76217,5,2,1,4,4,Voie communale,30.0,2
202400019771,2024-01-29,soirée,,,60,60628,5,1,2,4,3,Départementale,50.0,1
202400019772,2024-09-07,après-midi,,,35,35051,1,1,7,4,2,Nationale,90.0,1
202400019773,2024-04-18,soirée,,,80,80561,1,1,3,4,3,Départementale,80.0,1
202400019774,2024-01-29,après-midi,,,83,83137,1,1,6,4,1,Autoroute,70.0,1
202400019775,2024-12-21,après-midi,,,62,62386,1,3,3,3,4,Voie communale,50.0,2
202400019776,2024-04-17,soirée,,,59,59139,1,1,2,4,3,Départementale,50.0,1
202400019777,2024-01-25,matin,,,54,54027,1,1,2,3,1,Autoroute,110.0,1
202400019778,2024-12-20,après-midi,,,62,62239,2,2,4,4,4,Voie communale,70.0,2
202400019779,2024-09-07,matin,,,35,35278,1,1,2,4,7,Autre,90.0,1
202400019780,2024-04-17,nuit,,,92,92072,3,1,2,4,2,Nationale,50.0,1
202400019781,2024-12-22,nuit,,,60,60057,5,3,6,4,4,Voie communale,,2
202400019782,2024-01-27,matin,,,54,54312,1,1,6,3,1,Autoroute,90.0,1
202400019783,2024-04-17,nuit,,,93,93007,3,2,2,4,1,Autoroute,110.0,2
202400019784,2024-12-21,après-midi,,,54,54280,1,1,6,4,4,Voie communale,50.0,1
202400019785,2024-01-29,après-midi,,,33,33192,1,1,2,4,1,Autoroute,90.0,1
202400019786,2024-09-07,soirée,,,33,33162,1,1,3,4,4,Voie communale,90.0,1
202400019787,2024-12-22,après-midi,,,50,50218,1,1,6,4,4,Voie communale,30.0,1
202400019788,2024-04-17,soirée,,,77,77373,1,1,2,4,2,Nationale,90.0,1
202400019789,2024-09-07,soirée,,,31,31555,2,1,6,4,4,Voie communale,30.0,1
202400019790,2024-12-20,après-midi,,,49,49099,1,1,1,4,4,Voie communale,50.0,1
202400019791,2024-04-17,matin,,,94,94069,1,1,2,4,1,Autoroute,90.0,1
202400019792,2024-01-16,après-midi,,,44,44152,1,8,7,2,3,Départementale,80.0,1
202400019793,2024-12-22,soirée,,,35,35334,3,2,6,4,2,Nationale,90.0,2
202400019794,2024-02-16,après-midi,,,74,74298,1,1,6,4,4,Voie communale,50.0,1
202400019795,2024-09-06,après-midi,,,31,31555,1,1,3,3,4,Voie communale,50.0,1
202400019796,2024-02-17,soirée,,,988,98818,5,1,7,4,4,Voie communale,50.0,1
202400019797,2024-12-22,matin,,,34,34301,1,1,3,4,4,Voie communale,30.0,1
202400019798,2024-01-27,nuit,,,988,98818,5,1,6,4,3,Départementale,50.0,1
202400019799,2024-12-21,matin,,,34,34301,1,1,3,4,4,Voie communale,50.0,1
202400019800,2024-08-29,après-midi,,,28,28070,1,1,3,4,3,Départementale,70.0,1
202400019801,2024-12-22,nuit,,,34,34172,5,1,1,4,7,Autre,50.0,1
202400019802,2024-01-28,soirée,,,974,97416,3,3,3,4,4,Voie communale,50.0,2
202400019803,2024-02-16,après-midi,,,974,97416,1,1,5,4,2,Nationale,110.0,1
202400019804,2024-12-22,après-midi,,,33,33281,1,2,6,4,4,Voie communale,30.0,2
202400019805,2024-09-07,nuit,,,26,26058,3,1,6,3,3,Départementale,70.0,1
202400019806,2024-04-16,après-midi,,,976,97611,1,1,6,4,4,Voie communale,50.0,1
202400019807,2024-01-28,matin,,,974,97409,1,1,3,3,4,Voie communale,50.0,1
202400019808,2024-04-15,après-midi,,,976,97611,1,1,3,4,2,Nationale,90.0,1
202400019809,2024-12-22,matin,,,33,33069,1,1,3,4,4,Voie communale,50.0,1
202400019810,2024-12-21,après-midi,,,30,30007,5,1,7,4,4,Voie communale,50.0,1
202400019811,2024-01-28,matin,,,973,97302,1,1,2,4,3,Départementale,50.0,1
202400019812,2024-01-28,nuit,,,973,97302,5,1,7,4,4,Voie communale,50.0,2
202400019813,2024-04-16,soirée,,,974,97416,3,1,4,4,2,Nationale,110.0,1
202400019814,2024-01-28,matin,,,972,97209,1,1,2,4,4,Voie communale,50.0,1
202400019815,2024-12-21,après-midi,,,30,30007,1,1,5,4,4,Voie communale,50.0,1
202400019816,2024-09-07,soirée,,,25,25031,5,3,5,2,3,Départementale,50.0,2
202400019817,2024-12-22,matin,,,25,25462,1,4,6,4,4,Voie communale,50.0,5
202400019818,2024-01-27,après-midi,,,972,97209,1,1,6,4,3,Départementale,50.0,1
202400019819,2024-04-16,après-midi,,,974,97411,1,1,1,3,4,Voie communale,50.0,1
202400019820,2024-12-17,matin,,,18,18033,1,1,6,3,4,Voie communale,50.0,1
202400019821,2024-09-08,nuit,,,22,22360,3,1,6,4,4,Voie communale,30.0,2
202400019822,2024-01-27,nuit,,,84,84035,3,1,7,3,3,Départementale,80.0,1
202400019823,2024-04-16,matin,,,974,97411,1,1,1,4,4,Voie communale,30.0,1
202400019824,2024-12-22,matin,,,13,13202,5,1,7,4,4,Voie communale,50.0,1
202400019825,2024-04-16,matin,,,974,97411,1,1,3,4,2,Nationale,30.0,1
202400019826,2024-12-21,matin,,,07,07019,1,1,6,4,4,Voie communale,50.0,1
202400019827,2024-01-28,après-midi,,,83,83009,1,1,3,4,4,Voie communale,30.0,1
202400019828,2024-09-07,après-midi,,,22,22360,1,1,2,4,4,Voie communale,30.0,1
202400019829,2024-12-22,nuit,,,75,75105,5,3,6,4,4,Voie communale,30.0,2
202400019830,2024-04-15,après-midi,,,974,97411,1,1,2,4,4,Voie communale,50.0,1
202400019831,2024-01-28,matin,,,78,78146,1,1,3,3,4,Voie communale,50.0,1
202400019832,2024-12-22,après-midi,,,75,75116,1,3,1,4,4,Voie communale,30.0,2
202400019833,2024-04-12,nuit,,,69,69382,5,1,3,4,4,Voie communale,50.0,1
202400019834,2024-12-22,nuit,,,75,75112,5,2,1,4,4,Voie communale,30.0,2
202400019835,2024-09-07,soirée,,,16,16089,2,1,3,4,3,Départementale,70.0,1
202400019836,2024-04-16,après-midi,,,971,97113,1,1,3,4,2,Nationale,70.0,1
202400019837,2024-12-22,après-midi,,,75,75108,1,2,6,4,4,Voie communale,30.0,2
202400019838,2024-09-07,nuit,,,13,13026,5,1,1,4,3,Départementale,50.0,1
202400019839,2024-01-09,nuit,,,971,97101,3,1,6,4,4,Voie communale,50.0,9
202400019840,2024-01-28,matin,,,77,77276,1,1,6,4,1,Autoroute,110.0,1
202400019841,2024-12-22,après-midi,,,75,75108,1,1,7,4,4,Voie communale,50.0,2
202400019842,2024-01-28,nuit,,,971,97113,5,1,3,3,2,Nationale,70.0,1
202400019843,2024-09-07,nuit,,,13,13208,5,1,3,3,4,Voie communale,50.0,1
202400019844,2024-01-27,après-midi,,,77,77268,1,1,6,4,4,Voie communale,50.0,1
202400019845,2024-04-16,après-midi,,,2A,2A004,1,1,7,4,4,Voie communale,50.0,1
202400019846,2024-12-22,nuit,,,75,75103,5,3,7,4,4,Voie communale,30.0,2
202400019847,2024-01-29,nuit,,,76,76540,5,1,6,4,7,Autre,50.0,1
202400019848,2024-02-19,matin,,,95,95018,1,1,6,2,3,Départementale,50.0,1
202400019849,2024-12-22,soirée,,,94,94033,5,2,6,4,3,Départementale,50.0,2
202400019850,2024-09-07,nuit,,,13,13004,3,1,2,4,2,Nationale,110.0,1
202400019851,2024-01-28,soirée,,,76,76451,3,1,2,4,7,Autre,80.0,1
202400019852,2024-12-22,après-midi,,,94,94017,1,1,3,4,4,Voie communale,50.0,1
202400019853,2024-01-28,matin,,,74,74281,1,1,6,4,4,Voie communale,50.0,1
202400019854,2024-09-07,nuit,,,13,13001,5,6,7,2,3,Départementale,50.0,1
202400019855,2024-12-22,matin,,,93,93066,5,2,1,4,3,Départementale,50.0,2
202400019856,2024-02-18,soirée,,,91,91691,5,2,4,4,3,Départementale,30.0,2
202400019857,2024-01-28,matin,,,69,69266,1,1,3,4,4,Voie communale,30.0,1
202400019858,2024-12-22,nuit,,,93,93046,5,2,6,3,3,Départementale,50.0,2
202400019859,2024-04-05,matin,,,81,81065,2,1,3,4,4,Voie communale,50.0,1
202400019860,2024-09-06,après-midi,,,11,11069,1,1,4,4,3,Départementale,90.0,1
202400019861,2024-01-28,après-midi,,,64,64125,1,1,2,4,3,Départementale,50.0,1
202400019862,2024-12-22,après-midi,,,93,93006,1,2,6,4,4,Voie communale,30.0,2
202400019863,2024-12-22,soirée,,,93,93031,5,2,1,3,3,Départementale,30.0,2
202400019864,2024-01-27,après-midi,,,64,64024,1,1,1,4,4,Voie communale,30.0,1
202400019865,2024-09-07,matin,,,07,07102,1,1,3,4,4,Voie communale,50.0,1
202400019866,2024-04-16,nuit,,,77,77373,5,6,6,4,3,Départementale,50.0,2
202400019867,2024-12-23,après-midi,,,26,26083,1,2,1,4,3,Départementale,80.0,8
202400019868,2024-12-23,après-midi,,,71,71047,1,1,6,4,3,Départementale,50.0,1
202400019869,2024-04-15,après-midi,,,77,77014,1,1,1,4,3,Départementale,50.0,1
202400019870,2024-01-28,matin,,,63,63032,1,1,5,4,4,Voie communale,50.0,1
202400019871,2024-09-07,nuit,,,06,06088,5,1,2,4,7,Autre,50.0,1
202400019872,2024-12-23,matin,,,95,95487,1,1,6,3,3,Départementale,50.0,1
202400019873,2024-01-28,après-midi,,,62,62907,1,1,3,4,3,Départementale,80.0,1
202400019874,2024-04-16,après-midi,,,74,74298,1,1,5,4,4,Voie communale,50.0,1
202400019875,2024-12-23,après-midi,,,77,77505,1,1,7,4,1,Autoroute,130.0,1
202400019876,2024-09-07,matin,,,06,06069,1,1,6,3,4,Voie communale,30.0,1
202400019877,2024-12-23,matin,,,14,14027,1,1,6,4,3,Départementale,50.0,1
202400019878,2024-01-27,après-midi,,,62,62498,1,1,3,4,4,Voie communale,30.0,1
202400019879,2024-04-15,après-midi,,,72,72181,1,1,3,4,4,Voie communale,50.0,1
202400019880,2024-01-26,après-midi,,,62,62193,1,1,6,3,4,Voie communale,50.0,1
202400019881,2024-12-22,après-midi,,,87,87019,3,3,6,3,1,Autoroute,110.0,2
202400019882,2024-04-15,matin,,,72,72181,1,1,3,4,4,Voie communale,30.0,1
202400019883,2024-09-06,matin,,,04,04070,1,1,5,3,4,Voie communale,50.0,1
202400019884,2024-12-23,soirée,,,42,42271,3,2,6,4,7,Autre,80.0,2
202400019885,2024-01-27,après-midi,,,59,59279,2,1,6,4,4,Voie communale,50.0,1
202400019886,2024-04-16,soirée,,,71,71499,1,1,1,4,3,Départementale,50.0,1
202400019887,2024-12-22,soirée,,,19,19147,3,1,6,4,4,Voie communale,70.0,2
202400019888,2024-09-06,après-midi,,,75,75116,1,1,2,4,4,Voie communale,70.0,1
202400019889,2024-01-28,soirée,,,59,59009,5,1,1,4,4,Voie communale,30.0,1
202400019890,2024-12-17,matin,,,65,65307,1,5,7,3,3,Départementale,80.0,7
202400019891,2024-04-16,soirée,,,69,69282,1,1,3,3,4,Voie communale,50.0,1
202400019892,2024-01-28,après-midi,,,59,59648,1,1,6,4,6,Autre,30.0,1
202400019893,2024-12-22,après-midi,,,63,63050,1,8,6,3,3,Départementale,,2
202400019894,2024-04-16,après-midi,,,69,69259,1,1,6,4,4,Voie communale,50.0,1
202400019895,2024-09-07,après-midi,,,75,75118,1,8,3,3,4,Voie communale,30.0,1
202400019896,2024-01-28,matin,,,59,59122,5,1,3,4,4,Voie communale,50.0,1
202400019897,2024-04-15,soirée,,,69,69199,1,1,6,4,4,Voie communale,50.0,1
202400019898,2024-12-23,après-midi,,,63,63126,1,1,1,2,3,Départementale,90.0,1
202400019899,2024-09-07,nuit,,,75,75114,5,1,2,3,4,Voie communale,70.0,1
202400019900,2024-12-23,après-midi,,,61,61404,1,1,3,3,3,Départementale,80.0,1
202400019901,2024-01-27,soirée,,,59,59122,5,1,3,4,3,Départementale,50.0,1
202400019902,2024-04-15,matin,,,69,69290,2,1,3,4,7,Autre,50.0,1
202400019903,2024-12-20,soirée,,,61,61486,4,2,6,3,3,Départementale,50.0,2
202400019904,2024-04-16,soirée,,,65,65226,1,2,7,4,2,Nationale,50.0,2
202400019905,2024-01-26,après-midi,,,59,59431,1,1,1,3,4,Voie communale,30.0,1
202400019906,2024-09-06,soirée,,,75,75107,4,1,3,4,4,Voie communale,30.0,1
202400019907,2024-12-22,matin,,,55,55119,2,2,2,3,3,Départementale,,2
202400019908,2024-04-16,matin,,,64,64189,1,2,1,4,3,Départementale,50.0,2
202400019909,2024-01-27,matin,,,53,53201,1,1,1,4,3,Départementale,50.0,1
202400019910,2024-12-22,après-midi,,,46,46185,1,2,6,3,3,Départementale,80.0,2
202400019911,2024-04-16,après-midi,,,64,64102,1,8,1,4,4,Voie communale,30.0,1
202400019912,2024-01-28,après-midi,,,35,35238,1,1,3,4,4,Voie communale,30.0,1
202400019913,2024-09-07,après-midi,,,75,75119,1,8,3,4,4,Voie communale,30.0,1
202400019914,2024-01-28,nuit,,,35,35278,3,1,6,4,7,Autre,70.0,1
202400019915,2024-12-22,matin,,,68,68257,3,3,6,4,3,Départementale,80.0,2
202400019916,2024-04-16,après-midi,,,64,64102,1,1,7,4,4,Voie communale,30.0,1
202400019917,2024-12-22,après-midi,,,22,22254,1,6,1,4,4,Voie communale,80.0,2
202400019918,2024-01-27,après-midi,,,35,35238,1,1,3,3,4,Voie communale,30.0,1
202400019919,2024-09-06,après-midi,,,75,75116,1,1,2,4,4,Voie communale,30.0,1
202400019920,2024-12-22,soirée,,,22,22079,3,2,6,3,3,Départementale,80.0,2
202400019921,2024-04-16,après-midi,,,64,64024,1,8,3,4,4,Voie communale,30.0,1
202400019922,2024-01-28,matin,,,25,25204,1,1,3,4,3,Départementale,90.0,7
202400019923,2024-12-23,matin,,,44,44025,1,7,6,3,3,Départementale,30.0,1
202400019924,2024-12-21,après-midi,,,44,44195,1,2,7,3,3,Départementale,50.0,2
202400019925,2024-04-15,après-midi,,,64,64102,1,1,3,3,3,Départementale,50.0,1
202400019926,2024-09-06,après-midi,,,75,75116,1,1,3,4,4,Voie communale,50.0,1
202400019927,2024-01-28,soirée,,,13,13208,5,1,5,4,4,Voie communale,50.0,1
202400019928,2024-12-23,après-midi,,,29,29026,1,2,7,4,4,Voie communale,50.0,2
202400019929,2024-04-16,matin,,,63,63113,1,1,7,4,7,Autre,50.0,1
202400019930,2024-01-28,soirée,,,13,13211,2,1,2,4,4,Voie communale,50.0,1
202400019931,2024-09-07,après-midi,,,75,75113,1,8,6,4,4,Voie communale,30.0,2
202400019932,2024-04-16,matin,,,59,59507,1,8,6,4,7,Autre,30.0,1
202400019933,2024-12-20,après-midi,,,29,29061,1,2,1,4,7,Autre,80.0,2
202400019934,2024-01-28,après-midi,,,13,13204,1,1,1,4,4,Voie communale,50.0,1
202400019935,2024-04-16,matin,,,59,59183,1,6,6,3,3,Départementale,30.0,1
202400019936,2024-12-23,après-midi,,,31,31345,1,8,6,4,3,Départementale,80.0,2
202400019937,2024-09-07,nuit,,,75,75113,5,1,3,4,4,Voie communale,30.0,1
202400019938,2024-04-15,après-midi,,,59,59178,1,1,2,3,3,Départementale,50.0,1
202400019939,2024-04-16,après-midi,,,58,58194,1,1,6,3,4,Voie communale,50.0,1
202400019940,2024-12-22,après-midi,,,14,14326,1,8,1,4,3,Départementale,80.0,2
202400019941,2024-01-26,après-midi,,,13,13207,1,1,3,4,4,Voie communale,50.0,1
202400019942,2024-04-16,matin,,,58,58194,1,1,6,4,4,Voie communale,30.0,1
202400019943,2024-12-23,matin,,,50,50031,1,1,3,4,3,Départementale,50.0,1
202400019944,2024-09-07,matin,,,75,75110,1,1,6,4,4,Voie communale,30.0,1
202400019945,2024-01-27,après-midi,,,13,13208,1,1,5,3,4,Voie communale,50.0,1
202400019946,2024-12-21,nuit,,,36,36133,3,2,6,4,3,Départementale,90.0,2
202400019947,2024-04-16,après-midi,,,56,56260,1,1,3,3,4,Voie communale,50.0,1
202400019948,2024-01-22,matin,,,13,13047,2,1,3,3,4,Voie communale,50.0,1
202400019949,2024-12-21,après-midi,,,53,53228,1,1,3,3,3,Départementale,90.0,1
202400019950,2024-04-15,après-midi,,,54,54174,1,1,3,3,4,Voie communale,50.0,1
202400019951,2024-09-07,matin,,,75,75101,1,1,2,4,4,Voie communale,30.0,1
202400019952,2024-12-22,nuit,,,40,40113,3,2,6,2,3,Départementale,80.0,2
202400019953,2024-01-28,après-midi,,,09,09225,1,1,3,4,4,Voie communale,30.0,1
202400019954,2024-12-22,après-midi,,,40,40141,1,8,6,3,3,Départementale,80.0,2
202400019955,2024-04-15,matin,,,54,54547,3,1,2,4,4,Voie communale,50.0,1
202400019956,2024-12-21,matin,,,30,30259,1,1,6,3,2,Nationale,90.0,1
202400019957,2024-01-27,soirée,,,75,75118,4,1,2,4,4,Voie communale,70.0,1
202400019958,2024-09-06,soirée,,,94,94081,1,1,3,4,3,Départementale,,1
202400019959,2024-12-18,après-midi,,,30,30008,2,1,1,4,3,Départementale,70.0,1
202400019960,2024-01-28,après-midi,,,75,75118,1,1,6,4,4,Voie communale,30.0,1
202400019961,2024-04-15,après-midi,,,50,50129,1,1,6,4,4,Voie communale,30.0,1
202400019962,2024-01-26,matin,,,75,75113,5,1,7,4,4,Voie communale,30.0,1
202400019963,2024-09-06,nuit,,,94,94068,5,1,2,4,3,Départementale,30.0,1
202400019964,2024-04-16,après-midi,,,45,45298,1,1,3,4,3,Départementale,50.0,1
202400019965,2024-12-22,après-midi,,,52,52211,1,2,5,4,3,Départementale,90.0,2
202400019966,2024-01-28,soirée,,,75,75112,5,1,6,3,4,Voie communale,30.0,1
202400019967,2024-12-22,soirée,,,987,98734,5,1,7,3,2,Nationale,40.0,1
202400019968,2024-04-15,après-midi,,,45,45234,1,1,3,4,7,Autre,50.0,1
202400019969,2024-09-07,après-midi,,,93,93073,1,1,2,4,4,Voie communale,70.0,1
202400019970,2024-12-15,nuit,,,31,31433,3,1,2,4,1,Autoroute,90.0,2
202400019971,2024-01-28,après-midi,,,75,75110,1,1,6,4,4,Voie communale,30.0,1
202400019972,2024-04-16,matin,,,38,38185,1,2,3,3,4,Voie communale,30.0,2
202400019973,2024-12-22,soirée,,,60,60030,3,2,2,4,1,Autoroute,130.0,2
202400019974,2024-12-21,nuit,,,988,98805,3,1,6,2,1,Autoroute,110.0,1
202400019975,2024-01-28,soirée,,,94,94028,5,1,6,4,4,Voie communale,50.0,1
202400019976,2024-04-16,soirée,,,34,34172,1,1,1,4,4,Voie communale,50.0,1
202400019977,2024-12-22,après-midi,,,01,01067,1,4,6,4,1,Autoroute,110.0,2
202400019978,2024-09-06,après-midi,,,93,93073,1,1,1,3,4,Voie communale,50.0,1
202400019979,2024-04-16,après-midi,,,34,34172,1,1,6,4,4,Voie communale,50.0,1
202400019980,2024-12-22,après-midi,,,42,42279,3,3,6,4,3,Départementale,110.0,3
202400019981,2024-04-16,après-midi,,,34,34003,1,1,3,4,4,Voie communale,50.0,1
202400019982,2024-12-19,après-midi,,,06,06067,4,1,5,4,1,Autoroute,110.0,1
202400019983,2024-01-28,matin,,,93,93070,1,1,3,4,3,Départementale,50.0,1
202400019984,2024-09-06,soirée,,,93,93032,5,1,3,4,3,Départementale,50.0,1
202400019985,2024-04-16,après-midi,,,33,33063,1,1,3,3,6,Autre,20.0,1
202400019986,2024-12-21,nuit,,,988,98824,3,2,6,3,3,Départementale,50.0,2
202400019987,2024-01-28,nuit,,,93,93014,5,1,7,4,3,Départementale,50.0,1
202400019988,2024-12-22,après-midi,,,33,33097,2,1,1,2,3,Départementale,80.0,2
202400019989,2024-04-15,après-midi,,,29,29019,1,2,6,4,4,Voie communale,50.0,2
202400019990,2024-01-28,soirée,,,92,92044,5,1,6,4,3,Départementale,50.0,1
202400019991,2024-09-07,soirée,,,93,93048,1,1,3,4,3,Départementale,30.0,1
202400019992,2024-04-16,après-midi,,,25,25056,1,1,6,4,4,Voie communale,50.0,1
202400019993,2024-12-23,après-midi,,,77,77031,1,1,3,4,3,Départementale,70.0,1
202400019994,2024-04-15,nuit,,,18,18033,5,8,7,3,3,Départementale,50.0,2
202400019995,2024-01-28,après-midi,,,92,92025,1,1,3,4,3,Départementale,30.0,1
202400019996,2024-12-16,nuit,,,91,91226,3,1,6,3,3,Départementale,90.0,1
202400019997,2024-04-16,nuit,,,13,13208,5,1,1,4,4,Voie communale,50.0,1
202400019998,2024-01-27,nuit,,,92,92024,5,1,6,4,3,Départementale,50.0,1
202400019999,2024-09-06,soirée,,,93,93001,5,1,3,4,3,Départementale,30.0,1
202400020000,2024-01-28,soirée,,,92,92023,5,1,7,3,3,Départementale,50.0,1
202400020001,2024-12-23,soirée,,,42,42180,5,2,3,4,3,Départementale,80.0,2
202400020002,2024-04-15,après-midi,,,13,13005,1,1,2,4,7,Autre,50.0,1
202400020003,2024-12-23,après-midi,,,01,01249,2,8,7,2,4,Voie communale,50.0,2
202400020004,2024-01-29,après-midi,,,71,71166,1,1,7,4,3,Départementale,80.0,1
202400020005,2024-09-07,nuit,,,92,92073,5,2,2,4,3,Départementale,50.0,2
202400020006,2024-04-16,matin,,,06,06088,1,1,3,4,4,Voie communale,50.0,1
202400020007,2024-12-02,matin,,,01,01160,1,1,3,3,3,Départementale,50.0,1