Num_Acc,date,time_of_day,lat,long,dep,com,lum,atm,col,severity_index,catr,catr_label,vma,surf
202400020008,2024-01-29,après-midi,,,81,81284,1,1,3,3,4,Voie communale,30.0,1
202400020009,2024-09-07,après-midi,,,92,92077,1,1,2,4,3,Départementale,30.0,1
202400020010,2024-04-15,matin,,,06,06069,1,1,5,4,3,Départementale,50.0,1
202400020011,2024-12-20,nuit,,,69,69112,5,2,3,4,3,Départementale,30.0,1
202400020012,2024-04-16,soirée,,,75,75117,2,1,2,4,4,Voie communale,70.0,1
202400020013,2024-09-07,après-midi,,,92,92062,1,2,2,4,4,Voie communale,30.0,2
202400020014,2024-12-22,après-midi,,,17,17360,1,1,1,4,3,Départementale,80.0,2
202400020015,2024-01-28,soirée,,,88,88232,3,1,2,3,1,Autoroute,130.0,1
202400020016,2024-09-07,matin,,,92,92040,1,1,7,4,3,Départementale,30.0,2
202400020017,2024-04-16,matin,,,75,75119,1,2,2,4,4,Voie communale,70.0,2
202400020018,2024-12-22,après-midi,,,61,61074,1,2,3,3,3,Départementale,50.0,2
202400020019,2024-12-22,nuit,,,35,35212,3,2,6,2,4,Voie communale,50.0,6
202400020020,2024-04-16,matin,,,75,75113,1,1,2,4,4,Voie communale,70.0,1
202400020021,2024-09-07,après-midi,,,92,92023,1,8,3,4,4,Voie communale,30.0,1
202400020022,2024-01-29,matin,,,28,28388,1,1,5,3,3,Départementale,80.0,1
202400020023,2024-04-15,matin,,,75,75105,1,1,6,4,4,Voie communale,30.0,1
202400020024,2024-12-22,après-midi,,,27,27365,1,2,1,4,3,Départementale,80.0,2
202400020025,2024-09-06,après-midi,,,92,92060,1,1,3,4,3,Départementale,50.0,1
202400020026,2024-01-28,soirée,,,83,83036,3,1,6,3,4,Voie communale,50.0,1
202400020027,2024-12-22,soirée,,,27,27213,3,6,1,3,3,Départementale,80.0,2
202400020028,2024-04-16,après-midi,,,75,75119,1,2,6,3,4,Voie communale,30.0,2
202400020029,2024-01-29,après-midi,,,62,62839,1,1,6,2,3,Départementale,80.0,1
202400020030,2024-09-08,nuit,,,2A,2A212,3,1,6,2,3,Départementale,70.0,1
202400020031,2024-12-03,après-midi,,,27,27016,2,1,3,4,3,Départementale,80.0,1
202400020032,2024-04-16,après-midi,,,75,75119,1,2,3,4,4,Voie communale,30.0,2
202400020033,2024-01-13,nuit,,,51,51643,5,1,7,4,3,Départementale,90.0,1
202400020034,2024-09-08,nuit,,,38,38239,3,8,6,3,3,Départementale,80.0,1
202400020035,2024-09-07,après-midi,,,42,42322,1,1,7,4,7,Autre,80.0,1
202400020036,2024-01-18,soirée,,,59,59663,5,4,6,4,3,Départementale,50.0,5
202400020037,2024-04-16,matin,,,75,75119,1,2,2,4,4,Voie communale,50.0,2
202400020038,2024-12-21,matin,,,59,59400,1,2,1,4,3,Départementale,80.0,2
202400020039,2024-01-28,après-midi,,,63,63267,1,1,7,4,3,Départementale,90.0,1
202400020040,2024-08-26,après-midi,,,19,19178,1,1,2,4,3,Départementale,90.0,1
202400020041,2024-12-22,soirée,,,59,59535,4,1,3,2,3,Départementale,50.0,1
202400020042,2024-04-16,soirée,,,75,75117,1,2,4,4,4,Voie communale,30.0,2
202400020043,2024-09-07,après-midi,,,63,63040,1,2,6,3,3,Départementale,90.0,2
202400020044,2024-01-28,après-midi,,,63,63271,1,1,2,4,3,Départementale,90.0,1
202400020045,2024-04-16,après-midi,,,75,75117,1,1,6,3,4,Voie communale,30.0,1
202400020046,2024-12-21,nuit,,,13,13026,3,1,2,4,1,Autoroute,90.0,1
202400020047,2024-09-08,nuit,,,31,31052,3,1,6,3,3,Départementale,80.0,1
202400020048,2024-01-28,après-midi,,,49,49132,1,1,7,3,3,Départementale,80.0,1
202400020049,2024-04-15,après-midi,,,75,75114,1,3,6,4,4,Voie communale,50.0,2
202400020050,2024-09-07,soirée,,,03,03127,1,2,6,4,3,Départementale,90.0,2
202400020051,2024-01-28,après-midi,,,12,12257,2,1,7,4,3,Départementale,90.0,1
202400020052,2024-12-11,après-midi,,,69,69275,1,1,4,4,2,Nationale,90.0,1
202400020053,2024-04-16,matin,,,75,75111,1,2,3,4,4,Voie communale,30.0,2
202400020054,2024-09-08,nuit,,,18,18248,3,8,7,3,3,Départementale,50.0,2
202400020055,2024-01-29,après-midi,,,68,68140,1,1,6,3,3,Départementale,80.0,1
202400020056,2024-04-16,soirée,,,75,75109,1,1,6,4,4,Voie communale,30.0,1
202400020057,2024-09-07,après-midi,,,36,36168,1,2,6,3,3,Départementale,80.0,2
202400020058,2024-12-22,après-midi,,,91,91174,1,3,5,4,2,Nationale,90.0,2
202400020059,2024-01-28,après-midi,,,44,44069,1,1,1,3,3,Départementale,70.0,1
202400020060,2024-07-31,matin,,,976,97611,1,1,3,4,4,Voie communale,50.0,1
202400020061,2024-04-16,après-midi,,,75,75109,1,1,3,4,4,Voie communale,30.0,2
202400020062,2024-09-06,après-midi,,,16,16258,1,2,2,3,3,Départementale,50.0,2
202400020063,2024-12-22,matin,,,91,91521,1,2,6,4,2,Nationale,50.0,2
202400020064,2024-01-28,après-midi,,,02,02235,1,1,7,3,3,Départementale,80.0,1
202400020065,2024-09-08,matin,,,85,85197,2,2,6,3,4,Voie communale,50.0,2
202400020066,2024-04-15,soirée,,,75,75109,5,1,6,4,4,Voie communale,30.0,1
202400020067,2024-07-31,après-midi,,,974,97416,1,1,3,4,4,Voie communale,50.0,1
202400020068,2024-01-27,matin,,,72,72289,2,1,6,3,3,Départementale,70.0,1
202400020069,2024-12-22,nuit,,,91,91161,3,2,4,4,1,Autoroute,100.0,4
202400020070,2024-09-08,nuit,,,973,97309,3,1,6,4,3,Départementale,70.0,1
202400020071,2024-04-16,soirée,,,75,75108,1,2,3,4,4,Voie communale,50.0,2
202400020072,2024-07-31,après-midi,,,974,97411,1,1,6,4,4,Voie communale,30.0,1
202400020073,2024-04-16,matin,,,75,75101,1,1,6,4,4,Voie communale,30.0,1
202400020074,2024-01-28,après-midi,,,14,14614,1,1,4,3,3,Départementale,90.0,1
202400020075,2024-12-22,matin,,,95,95527,2,2,2,4,1,Autoroute,90.0,2
202400020076,2024-07-31,après-midi,,,974,97407,1,1,3,3,4,Voie communale,30.0,1
202400020077,2024-04-15,après-midi,,,75,75101,1,2,6,4,4,Voie communale,30.0,2
202400020078,2024-01-29,matin,,,18,18111,1,1,7,3,3,Départementale,80.0,1
202400020079,2024-12-22,nuit,,,93,93078,3,2,6,4,1,Autoroute,90.0,2
202400020080,2024-09-06,matin,,,38,38485,1,1,3,3,7,Autre,90.0,1
202400020081,2024-04-16,après-midi,,,94,94081,1,1,3,4,4,Voie communale,,1
202400020082,2024-07-30,soirée,,,974,97407,3,1,1,4,2,Nationale,50.0,1
202400020083,2024-12-22,nuit,,,93,93005,3,1,6,4,1,Autoroute,110.0,2
202400020084,2024-01-27,après-midi,,,18,18223,1,1,1,4,3,Départementale,70.0,1
202400020085,2024-04-15,après-midi,,,94,94067,1,2,3,4,3,Départementale,50.0,2
202400020086,2024-12-21,après-midi,,,95,95252,3,3,6,4,1,Autoroute,50.0,2
202400020087,2024-07-31,après-midi,,,973,97302,1,1,3,4,3,Départementale,50.0,1
202400020088,2024-01-27,matin,,,28,28144,1,1,7,4,3,Départementale,80.0,1
202400020089,2024-09-07,nuit,,,69,69244,5,3,1,4,4,Voie communale,50.0,2
202400020090,2024-04-16,nuit,,,94,94076,5,2,7,4,3,Départementale,50.0,2
202400020091,2024-12-22,soirée,,,94,94042,3,2,2,4,1,Autoroute,90.0,2
202400020092,2024-07-31,soirée,,,69,69387,1,1,3,4,4,Voie communale,30.0,1
202400020093,2024-01-29,après-midi,,,17,17397,1,1,2,3,3,Départementale,50.0,1
202400020094,2024-04-16,après-midi,,,94,94021,1,2,6,4,3,Départementale,50.0,2
202400020095,2024-12-21,après-midi,,,77,77450,1,2,2,4,2,Nationale,90.0,2
202400020096,2024-09-07,après-midi,,,988,98814,1,1,1,4,4,Voie communale,90.0,1
202400020097,2024-01-27,nuit,,,17,17353,3,1,7,3,3,Départementale,70.0,1
202400020098,2024-04-16,après-midi,,,94,94028,1,1,3,4,3,Départementale,50.0,1
202400020099,2024-07-31,soirée,,,69,69149,1,1,3,4,4,Voie communale,50.0,1
202400020100,2024-12-21,matin,,,94,94073,1,1,3,4,1,Autoroute,90.0,1
202400020101,2024-09-08,matin,,,988,98802,1,1,6,2,2,Nationale,110.0,1
202400020102,2024-01-29,nuit,,,17,17322,3,1,7,3,3,Départementale,80.0,1
202400020103,2024-07-31,après-midi,,,2B,2B033,1,1,6,4,2,Nationale,50.0,1
202400020104,2024-11-27,après-midi,,,44,44109,1,1,3,4,4,Voie communale,50.0,1
202400020105,2024-09-07,matin,,,988,98802,1,1,6,3,2,Nationale,110.0,1
202400020106,2024-01-29,matin,,,72,72386,1,1,2,4,1,Autoroute,130.0,1
202400020107,2024-11-26,matin,,,44,44143,2,1,6,4,4,Voie communale,30.0,1
202400020108,2024-09-07,nuit,,,971,97118,3,2,6,4,2,Nationale,110.0,2
202400020109,2024-07-31,matin,,,2B,2B033,1,1,4,4,4,Voie communale,50.0,1
202400020110,2024-11-25,matin,,,44,44114,2,1,6,4,4,Voie communale,30.0,1
202400020111,2024-01-29,après-midi,,,30,30036,1,1,2,4,4,Voie communale,30.0,1
202400020112,2024-09-03,matin,,,83,83115,1,1,2,4,3,Départementale,50.0,1
202400020113,2024-07-31,après-midi,,,84,84031,1,1,6,4,3,Départementale,90.0,1
202400020114,2024-07-31,soirée,,,971,97101,3,2,2,4,2,Nationale,50.0,2
202400020115,2024-08-01,matin,,,84,84004,1,1,6,3,3,Départementale,80.0,1
202400020116,2024-07-30,soirée,,,91,91223,1,1,7,3,3,Départementale,90.0,1
202400020117,2024-01-28,après-midi,,,987,98738,1,1,3,2,2,Nationale,60.0,1
202400020118,2024-09-08,nuit,,,57,57591,5,2,7,4,3,Départementale,,9
202400020119,2024-12-21,matin,,,988,98818,1,8,3,4,3,Départementale,,1
202400020120,2024-07-29,soirée,,,91,91433,1,1,6,4,3,Départementale,90.0,1
202400020121,2024-01-19,nuit,,,05,05162,3,1,6,4,1,Autoroute,70.0,1
202400020122,2024-09-08,matin,,,38,38464,2,8,6,4,3,Départementale,80.0,2
202400020123,2024-07-30,matin,,,91,91223,1,1,7,4,3,Départementale,50.0,1
202400020124,2024-01-28,nuit,,,978,97801,3,1,1,4,2,Nationale,80.0,1
202400020125,2024-12-21,après-midi,,,974,97411,1,1,2,4,4,Voie communale,30.0,1
202400020126,2024-01-27,matin,,,06,06152,5,1,7,4,3,Départementale,70.0,1
202400020127,2024-09-07,après-midi,,,49,49023,1,1,6,3,3,Départementale,50.0,2
202400020128,2024-07-28,après-midi,,,88,88428,1,7,1,3,4,Voie communale,50.0,1
202400020129,2024-12-21,après-midi,,,974,97411,1,1,2,4,4,Voie communale,50.0,1
202400020130,2024-09-07,après-midi,,,22,22178,1,1,6,4,3,Départementale,80.0,1
202400020131,2024-07-31,matin,,,87,87075,1,1,1,4,4,Voie communale,70.0,1
202400020132,2024-01-29,matin,,,51,51118,2,1,4,4,1,Autoroute,130.0,1
202400020133,2024-12-22,nuit,,,974,97407,3,1,7,4,2,Nationale,110.0,1
202400020134,2024-01-26,après-midi,,,34,34213,1,1,3,4,3,Départementale,70.0,1
202400020135,2024-09-07,soirée,,,35,35066,1,2,3,4,7,Autre,80.0,2
202400020136,2024-07-28,après-midi,,,87,87085,1,1,3,4,4,Voie communale,30.0,1
202400020137,2024-01-27,soirée,,,45,45302,3,1,7,3,1,Autoroute,130.0,1
202400020138,2024-12-20,matin,,,973,97302,1,2,5,4,2,Nationale,90.0,2
202400020139,2024-07-31,matin,,,85,85194,1,1,3,3,4,Voie communale,50.0,1
202400020140,2024-09-07,matin,,,60,60612,1,1,2,3,3,Départementale,50.0,1
202400020141,2024-01-26,après-midi,,,974,97422,1,3,3,3,2,Nationale,70.0,2
202400020142,2024-09-07,nuit,,,80,80236,3,1,7,4,3,Départementale,80.0,1
202400020143,2024-12-21,matin,,,69,69149,1,1,3,4,7,Autre,30.0,1
202400020144,2024-07-31,après-midi,,,84,84007,1,1,3,4,4,Voie communale,50.0,1
202400020145,2024-01-29,après-midi,,,973,97311,1,8,6,3,2,Nationale,50.0,1
202400020146,2024-08-10,matin,,,13,13015,1,1,7,3,1,Autoroute,90.0,1
202400020147,2024-12-21,après-midi,,,95,95424,1,2,6,3,4,Voie communale,30.0,2
202400020148,2024-07-28,après-midi,,,83,83126,1,1,6,4,3,Départementale,50.0,1
202400020149,2024-01-28,après-midi,,,33,33097,1,1,3,4,3,Départementale,80.0,1
202400020150,2024-09-03,nuit,,,69,69297,3,1,2,4,1,Autoroute,70.0,1
202400020151,2024-01-28,soirée,,,45,45171,3,1,6,3,3,Départementale,90.0,1
202400020152,2024-12-21,après-midi,,,95,95427,1,2,3,4,3,Départementale,30.0,2
202400020153,2024-07-30,matin,,,80,80160,1,1,3,4,4,Voie communale,30.0,1
202400020154,2024-12-20,matin,,,91,91514,1,7,6,4,4,Voie communale,30.0,1
202400020155,2024-01-12,matin,,,77,77508,3,1,6,3,3,Départementale,80.0,1
202400020156,2024-09-06,nuit,,,69,69296,3,1,2,4,1,Autoroute,90.0,1
202400020157,2024-01-27,matin,,,2B,2B307,1,1,6,3,2,Nationale,50.0,1
202400020158,2024-09-07,après-midi,,,92,92050,1,2,6,4,1,Autoroute,70.0,2
202400020159,2024-12-21,nuit,,,91,91286,3,2,1,4,3,Départementale,50.0,2
202400020160,2024-07-31,nuit,,,76,76540,5,1,6,4,7,Autre,50.0,1
202400020161,2024-01-27,matin,,,66,66171,1,1,1,4,4,Voie communale,50.0,1
202400020162,2024-09-06,après-midi,,,78,78640,1,1,6,4,1,Autoroute,110.0,1
202400020163,2024-12-22,nuit,,,91,91432,3,2,7,4,3,Départementale,50.0,2
202400020164,2024-01-28,après-midi,,,13,13115,1,1,6,3,3,Départementale,80.0,1
202400020165,2024-12-21,nuit,,,91,91228,3,1,2,2,3,Départementale,90.0,1
202400020166,2024-07-31,matin,,,71,71270,1,1,6,4,4,Voie communale,50.0,1
202400020167,2024-09-06,après-midi,,,95,95241,1,1,4,4,2,Nationale,90.0,1
202400020168,2024-12-21,soirée,,,85,85191,5,2,2,3,4,Voie communale,50.0,2
202400020169,2024-07-31,après-midi,,,69,69286,1,1,2,4,4,Voie communale,50.0,1
202400020170,2024-09-06,matin,,,93,93007,1,1,2,4,1,Autoroute,90.0,1
202400020171,2024-01-28,après-midi,,,33,33073,1,1,1,3,4,Voie communale,80.0,1
202400020172,2024-08-30,soirée,,,94,94028,1,1,2,4,1,Autoroute,90.0,1
202400020173,2024-07-30,après-midi,,,69,69259,1,1,3,4,4,Voie communale,50.0,1
202400020174,2024-01-26,soirée,,,22,22156,3,1,3,3,3,Départementale,80.0,1
202400020175,2024-09-06,après-midi,,,77,77083,1,1,6,4,1,Autoroute,90.0,1
202400020176,2024-01-28,après-midi,,,13,13071,1,1,2,4,1,Autoroute,110.0,1
202400020177,2024-09-06,après-midi,,,94,94042,1,1,2,4,1,Autoroute,90.0,1
202400020178,2024-07-31,après-midi,,,64,64483,1,1,4,4,3,Départementale,50.0,1
202400020179,2024-01-28,matin,,,83,83129,3,1,6,4,1,Autoroute,110.0,1
202400020180,2024-09-05,soirée,,,987,98735,5,1,3,4,2,Nationale,50.0,1
202400020181,2024-01-28,nuit,,,69,69271,3,1,6,4,7,Autre,50.0,1
202400020182,2024-07-30,soirée,,,62,62099,1,1,1,4,3,Départementale,80.0,1
202400020183,2024-09-06,après-midi,,,974,97411,1,1,3,4,2,Nationale,50.0,1
202400020184,2024-01-28,soirée,,,91,91161,3,1,4,4,1,Autoroute,110.0,1
202400020185,2024-07-31,soirée,,,56,56260,1,1,3,4,4,Voie communale,30.0,1
202400020186,2024-09-06,soirée,,,973,97302,3,1,3,4,3,Départementale,50.0,1
202400020187,2024-01-28,matin,,,94,94034,3,1,5,4,1,Autoroute,110.0,1
202400020188,2024-07-30,matin,,,51,51454,1,1,6,4,4,Voie communale,30.0,1
202400020189,2024-07-30,après-midi,,,50,50129,1,1,6,4,4,Voie communale,50.0,1
202400020190,2024-09-06,après-midi,,,973,97302,1,1,2,4,3,Départementale,50.0,1
202400020191,2024-07-31,après-midi,,,50,50129,1,1,6,4,4,Voie communale,50.0,1
202400020192,2024-01-27,soirée,,,91,91340,3,1,5,4,2,Nationale,90.0,1
202400020193,2024-09-05,soirée,,,973,97302,5,1,3,4,6,Autre,30.0,1
202400020194,2024-07-06,nuit,,,49,49007,5,1,1,3,4,Voie communale,50.0,1
202400020195,2024-01-27,après-midi,,,91,91064,1,1,2,4,2,Nationale,90.0,1
202400020196,2024-09-06,après-midi,,,69,69387,1,1,4,4,4,Voie communale,30.0,1
202400020197,2024-07-30,soirée,,,49,49007,1,1,1,4,4,Voie communale,50.0,1
202400020198,2024-01-27,après-midi,,,94,94077,1,1,4,4,2,Nationale,70.0,1
202400020199,2024-09-06,matin,,,972,97213,1,1,6,4,6,Autre,30.0,1
202400020200,2024-01-28,matin,,,78,78124,1,1,6,4,1,Autoroute,90.0,1
202400020201,2024-07-31,après-midi,,,45,45147,1,1,1,4,4,Voie communale,50.0,1
202400020202,2024-01-28,nuit,,,78,78362,3,1,2,4,1,Autoroute,50.0,1
202400020203,2024-09-06,matin,,,2B,2B120,1,1,4,4,2,Nationale,70.0,1
202400020204,2024-07-31,nuit,,,37,37261,5,1,3,4,4,Voie communale,50.0,1
202400020205,2024-01-28,soirée,,,93,93005,3,1,6,4,1,Autoroute,90.0,1
202400020206,2024-01-28,soirée,,,95,95277,3,1,7,4,1,Autoroute,50.0,1
202400020207,2024-09-06,nuit,,,971,97113,4,1,2,3,2,Nationale,70.0,1
202400020208,2024-07-13,soirée,,,34,34108,1,1,2,4,4,Voie communale,50.0,1
202400020209,2024-01-28,soirée,,,93,93006,3,1,2,4,1,Autoroute,90.0,1
202400020210,2024-07-31,soirée,,,32,32013,2,1,6,4,2,Nationale,70.0,1
202400020211,2024-01-28,après-midi,,,95,95424,1,1,3,4,1,Autoroute,110.0,1
202400020212,2024-09-06,après-midi,,,91,91201,1,1,1,3,3,Départementale,50.0,1
202400020213,2024-01-28,matin,,,93,93073,3,1,6,3,1,Autoroute,110.0,1
202400020214,2024-09-06,matin,,,91,91521,1,1,3,4,3,Départementale,50.0,1
202400020215,2024-07-31,soirée,,,31,31069,1,1,4,4,1,Autoroute,70.0,1
202400020216,2024-01-26,après-midi,,,987,98735,1,1,3,4,4,Voie communale,50.0,1
202400020217,2024-07-31,après-midi,,,31,31555,1,1,6,4,4,Voie communale,50.0,1
202400020218,2024-09-06,après-midi,,,84,84007,1,1,2,4,2,Nationale,50.0,1
202400020219,2024-01-27,matin,,,973,97302,1,1,3,4,4,Voie communale,50.0,1
202400020220,2024-06-19,soirée,,,83,83069,5,1,3,4,4,Voie communale,50.0,1
202400020221,2024-07-31,soirée,,,16,16015,5,1,3,4,4,Voie communale,50.0,1
202400020222,2024-09-06,soirée,,,80,80021,1,1,6,4,4,Voie communale,50.0,1
202400020223,2024-01-26,matin,,,973,97302,1,1,3,4,4,Voie communale,50.0,1
202400020224,2024-01-27,soirée,,,972,97213,5,1,7,4,1,Autoroute,90.0,1
202400020225,2024-07-31,après-midi,,,13,13213,1,1,2,4,3,Départementale,50.0,1
202400020226,2024-07-31,nuit,,,13,13209,5,1,6,3,4,Voie communale,50.0,1
202400020227,2024-09-06,matin,,,80,80021,1,1,3,4,4,Voie communale,50.0,1
202400020228,2024-01-27,soirée,,,972,97213,5,1,1,4,4,Voie communale,30.0,1
202400020229,2024-07-28,après-midi,,,04,04112,1,1,3,4,3,Départementale,50.0,1
202400020230,2024-09-06,matin,,,80,80674,1,1,3,4,4,Voie communale,50.0,1
202400020231,2024-09-05,après-midi,,,80,80489,1,2,7,4,3,Départementale,50.0,2
202400020232,2024-01-27,nuit,,,2B,2B033,5,1,1,4,4,Voie communale,50.0,1
202400020233,2024-07-31,matin,,,75,75112,1,1,4,4,4,Voie communale,50.0,1
202400020234,2024-09-05,après-midi,,,79,79191,1,1,3,3,4,Voie communale,50.0,1
202400020235,2024-07-31,nuit,,,75,75110,5,3,3,3,4,Voie communale,30.0,2
202400020236,2024-01-27,après-midi,,,2B,2B033,1,1,3,4,4,Voie communale,50.0,1
202400020237,2024-07-31,après-midi,,,75,75101,1,8,7,4,4,Voie communale,30.0,1
202400020238,2024-01-27,nuit,,,971,97101,4,1,1,4,3,Départementale,50.0,1
202400020239,2024-07-30,après-midi,,,94,94081,1,1,6,4,4,Voie communale,50.0,1
202400020240,2024-09-06,après-midi,,,77,77221,1,1,1,4,3,Départementale,50.0,1
202400020241,2024-07-31,après-midi,,,94,94052,1,1,3,4,4,Voie communale,50.0,1
202400020242,2024-01-27,après-midi,,,95,95582,1,1,3,4,3,Départementale,50.0,1
202400020243,2024-09-05,matin,,,77,77442,1,2,6,3,3,Départementale,50.0,2
202400020244,2024-07-30,nuit,,,94,94052,5,1,3,4,4,Voie communale,50.0,1
202400020245,2024-01-26,matin,,,95,95598,1,1,3,4,4,Voie communale,30.0,1
202400020246,2024-07-30,soirée,,,94,94011,5,1,3,4,3,Départementale,50.0,1
202400020247,2024-09-06,matin,,,76,76351,1,1,3,4,4,Voie communale,50.0,1
202400020248,2024-01-27,après-midi,,,91,91425,3,1,2,4,4,Voie communale,50.0,1
202400020249,2024-09-05,après-midi,,,76,76305,1,2,1,3,4,Voie communale,50.0,2
202400020250,2024-01-27,matin,,,91,91657,5,9,3,4,3,Départementale,50.0,1
202400020251,2024-07-29,nuit,,,94,94011,5,1,3,4,3,Départementale,,1
202400020252,2024-09-06,matin,,,69,69275,1,1,6,4,4,Voie communale,50.0,1
202400020253,2024-01-27,matin,,,91,91027,2,1,3,4,2,Nationale,50.0,1
202400020254,2024-07-31,après-midi,,,93,93073,1,1,3,4,4,Voie communale,50.0,1
202400020255,2024-09-07,nuit,,,69,69199,5,1,3,4,7,Autre,50.0,1
202400020256,2024-01-27,nuit,,,91,91479,5,1,3,4,4,Voie communale,50.0,1
202400020257,2024-07-31,matin,,,93,93066,1,1,6,3,3,Départementale,50.0,1
202400020258,2024-01-27,soirée,,,83,83129,5,1,6,3,3,Départementale,50.0,1
202400020259,2024-09-06,matin,,,69,69029,1,1,3,4,4,Voie communale,50.0,1
202400020260,2024-07-31,après-midi,,,93,93048,1,1,6,3,3,Départementale,50.0,1
202400020261,2024-01-27,nuit,,,83,83069,5,1,3,4,3,Départementale,50.0,1
202400020262,2024-09-05,soirée,,,69,69259,1,1,2,4,4,Voie communale,50.0,1
202400020263,2024-07-31,après-midi,,,93,93048,1,1,6,3,3,Départementale,50.0,1
202400020264,2024-09-06,nuit,,,68,68297,5,1,7,4,4,Voie communale,50.0,1
202400020265,2024-01-27,après-midi,,,77,77058,1,1,3,3,4,Voie communale,30.0,1
202400020266,2024-07-31,nuit,,,92,92051,5,2,7,4,4,Voie communale,10.0,2
202400020267,2024-01-27,nuit,,,76,76575,5,1,6,4,4,Voie communale,50.0,1
202400020268,2024-09-06,après-midi,,,64,64122,1,2,3,4,4,Voie communale,,2
202400020269,2024-07-31,nuit,,,92,92036,5,2,6,4,3,Départementale,50.0,2
202400020270,2024-01-27,après-midi,,,76,76259,2,1,6,4,4,Voie communale,20.0,1
202400020271,2024-09-06,après-midi,,,62,62427,1,2,6,4,4,Voie communale,50.0,2
202400020272,2024-09-06,matin,,,60,60057,1,1,6,4,3,Départementale,50.0,1
202400020273,2024-01-26,après-midi,,,76,76217,1,1,1,4,4,Voie communale,50.0,1
202400020274,2024-07-30,soirée,,,92,92025,1,1,1,4,4,Voie communale,30.0,1
202400020275,2024-01-27,matin,,,72,72181,5,1,6,4,4,Voie communale,50.0,1
202400020276,2024-09-06,après-midi,,,59,59599,1,2,6,3,7,Autre,50.0,2
202400020277,2024-01-27,soirée,,,69,69259,5,1,3,4,7,Autre,50.0,1
202400020278,2024-07-31,matin,,,92,92007,1,1,3,4,4,Voie communale,50.0,1
202400020279,2024-09-06,soirée,,,59,59009,2,8,3,4,7,Autre,50.0,1
202400020280,2024-01-27,matin,,,67,67180,1,1,1,3,4,Voie communale,50.0,1
202400020281,2024-09-06,matin,,,59,59378,2,2,6,4,7,Autre,50.0,2
202400020282,2024-08-01,après-midi,,,24,24188,1,1,1,3,3,Départementale,90.0,1
202400020283,2024-09-05,soirée,,,56,56121,1,1,3,4,4,Voie communale,30.0,1
202400020284,2024-01-26,matin,,,60,60057,5,2,1,4,4,Voie communale,50.0,2
202400020285,2024-07-31,après-midi,,,37,37232,1,1,3,3,3,Départementale,80.0,1
202400020286,2024-09-06,soirée,,,54,54184,1,1,3,4,4,Voie communale,50.0,1
202400020287,2024-01-26,après-midi,,,59,59206,1,1,6,4,3,Départementale,50.0,1
202400020288,2024-07-31,soirée,,,37,37074,2,1,1,4,4,Voie communale,80.0,1
202400020289,2024-09-05,après-midi,,,54,54339,1,1,2,4,4,Voie communale,20.0,1
202400020290,2024-01-27,soirée,,,49,49007,5,1,3,4,4,Voie communale,50.0,1
202400020291,2024-09-06,matin,,,54,54280,1,2,3,4,4,Voie communale,50.0,2
202400020292,2024-08-01,nuit,,,2A,2A249,3,1,1,4,3,Départementale,70.0,1
202400020293,2024-01-27,nuit,,,44,44109,5,1,6,4,4,Voie communale,50.0,1
202400020294,2024-09-06,après-midi,,,51,51454,1,1,3,4,4,Voie communale,50.0,1
202400020295,2024-06-25,matin,,,84,84116,1,1,3,3,4,Voie communale,50.0,1
202400020296,2024-01-27,nuit,,,41,41226,3,1,2,4,2,Nationale,50.0,1
202400020297,2024-09-06,nuit,,,51,51454,5,2,7,4,4,Voie communale,50.0,2
202400020298,2024-01-27,matin,,,35,35238,5,1,3,3,4,Voie communale,30.0,1
202400020299,2024-08-01,matin,,,05,05133,1,1,3,3,4,Voie communale,50.0,1
202400020300,2024-09-05,soirée,,,51,51454,1,8,7,3,4,Voie communale,10.0,1
202400020301,2024-01-27,soirée,,,34,34172,5,1,1,4,4,Voie communale,30.0,1
202400020302,2024-09-05,après-midi,,,51,51454,1,2,6,4,4,Voie communale,30.0,2
202400020303,2024-07-30,soirée,,,62,62571,1,1,1,4,3,Départementale,80.0,1
202400020304,2024-01-27,soirée,,,33,33063,5,1,6,4,4,Voie communale,30.0,1
202400020305,2024-09-05,après-midi,,,51,51454,1,1,2,4,4,Voie communale,50.0,1
202400020306,2024-07-31,nuit,,,57,57100,3,1,7,4,9,Autre,50.0,1
202400020307,2024-01-27,matin,,,33,33281,5,1,6,3,4,Voie communale,50.0,1
202400020308,2024-08-30,soirée,,,51,51108,1,1,3,4,4,Voie communale,50.0,1
202400020309,2024-07-31,soirée,,,59,59037,1,1,7,3,4,Voie communale,50.0,1
202400020310,2024-01-27,nuit,,,27,27701,3,1,3,4,3,Départementale,90.0,1
202400020311,2024-09-06,matin,,,49,49007,1,1,1,4,4,Voie communale,50.0,1
202400020312,2024-08-01,soirée,,,56,56117,1,1,6,3,4,Voie communale,50.0,1
202400020313,2024-09-05,après-midi,,,49,49015,1,1,3,3,4,Voie communale,50.0,1
202400020314,2024-07-31,après-midi,,,77,77444,1,1,6,3,3,Départementale,80.0,1
202400020315,2024-09-06,nuit,,,45,45286,5,1,3,3,3,Départementale,50.0,1
202400020316,2024-01-27,après-midi,,,25,25056,1,1,1,4,4,Voie communale,50.0,1
202400020317,2024-07-31,après-midi,,,2A,2A362,1,1,1,4,3,Départementale,80.0,1
202400020318,2024-01-26,après-midi,,,25,25056,1,2,6,4,4,Voie communale,50.0,2
202400020319,2024-09-06,matin,,,41,41018,1,1,3,2,4,Voie communale,50.0,1
202400020320,2024-01-25,nuit,,,23,23096,3,1,6,4,2,Nationale,110.0,1