Num_Acc,date,time_of_day,lat,long,dep,com,lum,atm,col,severity_index,catr,catr_label,vma,surf
202400020321,2024-07-30,après-midi,,,2B,2B251,1,1,3,4,2,Nationale,50.0,1
202400020322,2024-09-06,soirée,,,37,37261,1,1,6,4,4,Voie communale,50.0,1
202400020323,2024-08-01,nuit,,,89,89417,3,1,6,3,3,Départementale,90.0,1
202400020324,2024-01-27,après-midi,,,13,13209,1,1,1,4,4,Voie communale,50.0,1
202400020325,2024-09-06,matin,,,34,34198,1,1,3,3,4,Voie communale,50.0,1
202400020326,2024-08-01,matin,,,63,63128,1,7,1,3,3,Départementale,90.0,1
202400020327,2024-09-06,soirée,,,33,33281,5,1,1,4,4,Voie communale,50.0,1
202400020328,2024-09-05,nuit,,,33,33063,5,1,7,3,4,Voie communale,50.0,1
202400020329,2024-07-28,après-midi,,,49,49261,1,1,1,3,3,Départementale,70.0,1
202400020330,2024-07-28,après-midi,,,42,42287,1,1,7,3,3,Départementale,80.0,1
202400020331,2024-09-01,nuit,,,30,30189,5,1,3,3,3,Départementale,50.0,1
202400020332,2024-09-06,matin,,,29,29019,2,1,1,4,4,Voie communale,30.0,1
202400020333,2024-08-01,après-midi,,,39,39492,1,1,2,2,3,Départementale,90.0,1
202400020334,2024-07-31,matin,,,25,25463,1,1,1,3,3,Départementale,50.0,1
202400020335,2024-09-06,après-midi,,,27,27229,1,1,7,4,4,Voie communale,30.0,1
202400020336,2024-09-06,matin,,,27,27229,1,1,3,4,4,Voie communale,50.0,1
202400020337,2024-08-01,après-midi,,,66,66187,1,1,1,4,3,Départementale,80.0,1
202400020338,2024-09-05,nuit,,,19,19031,5,1,7,4,4,Voie communale,20.0,1
202400020339,2024-07-31,matin,,,50,50484,1,7,6,4,4,Voie communale,50.0,1
202400020340,2024-09-06,après-midi,,,17,17291,1,1,2,4,2,Nationale,70.0,1
202400020341,2024-07-28,soirée,,,60,60572,1,1,1,4,3,Départementale,80.0,1
202400020342,2024-09-05,soirée,,,15,15012,3,1,3,4,3,Départementale,70.0,1
202400020343,2024-09-05,matin,,,14,14366,1,2,7,4,3,Départementale,70.0,2
202400020344,2024-07-28,soirée,,,18,18227,1,1,2,4,3,Départementale,80.0,1
202400020345,2024-07-26,après-midi,,,07,07139,1,1,1,4,3,Départementale,80.0,1
202400020346,2024-09-07,nuit,,,13,13206,5,1,3,4,4,Voie communale,50.0,2
202400020347,2024-07-31,soirée,,,27,27467,1,1,6,2,4,Voie communale,50.0,1
202400020348,2024-09-06,nuit,,,13,13204,5,1,3,4,4,Voie communale,50.0,1
202400020349,2024-08-01,matin,,,13,13069,1,1,4,4,3,Départementale,80.0,1
202400020350,2024-09-03,après-midi,,,12,12028,1,3,1,4,3,Départementale,90.0,2
202400020351,2024-08-01,matin,,,13,13112,1,1,2,3,3,Départementale,,1
202400020352,2024-09-06,après-midi,,,10,10081,1,1,2,4,4,Voie communale,50.0,1
202400020353,2024-09-06,après-midi,,,10,10325,1,1,6,4,3,Départementale,90.0,1
202400020354,2024-08-01,matin,,,21,21194,1,1,2,4,1,Autoroute,130.0,1
202400020355,2024-09-05,soirée,,,10,10362,1,1,3,4,4,Voie communale,30.0,1
202400020356,2024-07-27,soirée,,,11,11202,1,1,6,3,3,Départementale,80.0,1
202400020357,2024-09-06,après-midi,,,06,06088,1,1,6,4,4,Voie communale,30.0,1
202400020358,2024-07-31,après-midi,,,974,97420,1,1,2,4,2,Nationale,110.0,1
202400020359,2024-09-06,après-midi,,,06,06088,1,1,6,3,4,Voie communale,30.0,1
202400020360,2024-09-05,après-midi,,,06,06069,1,1,6,4,4,Voie communale,50.0,2
202400020361,2024-08-24,soirée,,,05,05061,1,1,7,3,2,Nationale,50.0,1
202400020362,2024-07-30,soirée,,,11,11076,2,1,3,3,3,Départementale,80.0,1
202400020363,2024-05-27,nuit,,,94,94069,3,9,4,4,1,Autoroute,90.0,2
202400020364,2024-07-31,matin,,,34,34189,1,1,1,2,3,Départementale,80.0,1
202400020365,2024-09-06,matin,,,01,01053,5,1,2,4,4,Voie communale,50.0,1
202400020366,2024-09-06,après-midi,,,75,75112,1,1,2,4,4,Voie communale,70.0,1
202400020367,2024-07-26,après-midi,,,01,01262,1,1,3,4,3,Départementale,50.0,1
202400020368,2024-05-27,après-midi,,,94,94073,1,1,4,4,1,Autoroute,90.0,1
202400020369,2024-09-06,matin,,,75,75116,1,1,2,4,4,Voie communale,70.0,1
202400020370,2024-07-30,après-midi,,,17,17307,1,1,3,3,4,Voie communale,80.0,1
202400020371,2024-05-26,nuit,,,77,77363,3,2,2,4,1,Autoroute,110.0,2
202400020372,2024-09-05,soirée,,,75,75113,1,1,2,4,4,Voie communale,70.0,1
202400020373,2024-07-23,après-midi,,,33,33417,1,1,1,4,3,Départementale,80.0,1
202400020374,2024-01-15,soirée,,,84,84031,5,1,3,3,4,Voie communale,50.0,1
202400020375,2024-07-31,après-midi,,,76,76418,1,1,6,3,3,Départementale,90.0,1
202400020376,2024-09-06,nuit,,,75,75110,5,1,6,3,4,Voie communale,,1
202400020377,2024-01-10,soirée,,,84,84080,5,2,3,4,4,Voie communale,50.0,2
202400020378,2024-05-26,soirée,,,974,97409,3,2,7,4,3,Départementale,90.0,2
202400020379,2024-07-31,après-midi,,,83,83123,1,1,4,3,1,Autoroute,90.0,1
202400020380,2024-09-06,matin,,,75,75120,1,1,3,4,4,Voie communale,,1
202400020381,2024-05-26,après-midi,,,69,69388,1,1,6,4,4,Voie communale,30.0,1
202400020382,2024-09-04,après-midi,,,75,75120,1,1,6,4,4,Voie communale,,1
202400020383,2024-05-26,nuit,,,69,69389,5,1,3,4,4,Voie communale,50.0,1
202400020384,2024-07-29,matin,,,83,83137,1,1,4,4,1,Autoroute,70.0,1
202400020385,2024-09-06,soirée,,,75,75119,2,1,6,4,4,Voie communale,30.0,1
202400020386,2024-05-26,matin,,,2B,2B120,1,1,3,4,3,Départementale,70.0,1
202400020387,2024-07-29,après-midi,,,59,59603,1,1,4,4,1,Autoroute,130.0,1
202400020388,2024-09-06,après-midi,,,75,75119,1,1,5,4,4,Voie communale,30.0,1
202400020389,2024-05-25,après-midi,,,971,97101,1,1,6,4,2,Nationale,110.0,1
202400020390,2024-07-31,soirée,,,94,94065,1,1,3,4,2,Nationale,90.0,1
202400020391,2024-09-06,nuit,,,75,75119,5,1,2,4,4,Voie communale,30.0,1
202400020392,2024-07-31,après-midi,,,92,92002,1,1,4,4,2,Nationale,90.0,1
202400020393,2024-05-25,après-midi,,,971,97101,1,1,2,4,2,Nationale,90.0,1
202400020394,2024-09-06,soirée,,,75,75118,1,1,3,4,4,Voie communale,,1
202400020395,2024-07-31,après-midi,,,91,91086,1,1,2,4,2,Nationale,110.0,1
202400020396,2024-05-25,matin,,,971,97120,1,1,6,4,4,Voie communale,30.0,1
202400020397,2024-07-31,après-midi,,,91,91340,1,1,1,4,1,Autoroute,110.0,1
202400020398,2024-09-06,nuit,,,75,75118,5,1,3,4,4,Voie communale,30.0,1
202400020399,2024-05-26,matin,,,95,95572,1,2,6,4,4,Voie communale,50.0,2
202400020400,2024-07-30,après-midi,,,78,78124,1,1,7,4,1,Autoroute,90.0,1
202400020401,2024-09-06,soirée,,,75,75116,1,1,3,4,4,Voie communale,50.0,1
202400020402,2024-07-31,soirée,,,93,93007,1,1,2,4,1,Autoroute,50.0,1
202400020403,2024-05-26,soirée,,,91,91064,1,1,3,3,4,Voie communale,50.0,1
202400020404,2024-09-06,après-midi,,,75,75116,1,1,2,4,4,Voie communale,70.0,1
202400020405,2024-07-31,soirée,,,92,92036,1,1,6,4,1,Autoroute,90.0,1
202400020406,2024-05-26,après-midi,,,88,88160,1,1,3,4,4,Voie communale,50.0,1
202400020407,2024-09-06,matin,,,75,75108,1,1,3,4,4,Voie communale,50.0,1
202400020408,2024-07-31,matin,,,93,93013,1,2,4,4,1,Autoroute,90.0,2
202400020409,2024-05-26,matin,,,81,81163,1,1,7,4,3,Départementale,50.0,1
202400020410,2024-07-31,soirée,,,94,94069,1,1,7,4,1,Autoroute,90.0,1
202400020411,2024-05-26,nuit,,,81,81004,3,1,3,4,2,Nationale,90.0,1
202400020412,2024-09-06,après-midi,,,75,75115,1,1,3,4,4,Voie communale,50.0,1
202400020413,2024-07-31,nuit,,,94,94073,4,2,4,4,1,Autoroute,90.0,2
202400020414,2024-05-26,soirée,,,77,77111,1,1,3,4,4,Voie communale,50.0,1
202400020415,2024-09-06,après-midi,,,75,75109,1,1,6,4,4,Voie communale,,1
202400020416,2024-07-30,nuit,,,77,77495,3,1,7,4,2,Nationale,70.0,1
202400020417,2024-04-29,après-midi,,,50,50099,1,1,3,4,4,Voie communale,50.0,1
202400020418,2024-09-04,après-midi,,,94,94081,1,1,3,4,3,Départementale,50.0,1
202400020419,2024-07-30,matin,,,974,97416,1,1,6,3,4,Voie communale,50.0,1
202400020420,2024-05-25,nuit,,,77,77186,3,1,1,3,3,Départementale,90.0,1
202400020421,2024-09-06,matin,,,94,94068,2,1,3,4,4,Voie communale,30.0,1
202400020422,2024-05-26,matin,,,77,77070,1,1,2,4,3,Départementale,80.0,1
202400020423,2024-07-30,matin,,,974,97411,1,1,3,4,2,Nationale,50.0,1
202400020424,2024-09-06,après-midi,,,94,94042,1,1,1,3,3,Départementale,30.0,1
202400020425,2024-05-26,soirée,,,69,69266,1,1,3,4,4,Voie communale,50.0,1
202400020426,2024-07-30,après-midi,,,973,97302,1,1,2,4,4,Voie communale,30.0,1
202400020427,2024-09-06,après-midi,,,94,94052,1,1,2,4,4,Voie communale,30.0,1
202400020428,2024-07-30,après-midi,,,69,69388,1,1,2,3,4,Voie communale,50.0,1
202400020429,2024-05-26,après-midi,,,69,69256,1,1,3,4,4,Voie communale,30.0,1
202400020430,2024-09-06,après-midi,,,94,94041,1,1,6,4,3,Départementale,10.0,1
202400020431,2024-07-30,nuit,,,69,69388,5,1,6,3,4,Voie communale,30.0,1
202400020432,2024-09-05,matin,,,94,94077,1,2,6,4,3,Départementale,50.0,2
202400020433,2024-05-26,après-midi,,,66,66136,1,8,3,4,4,Voie communale,30.0,1
202400020434,2024-07-30,après-midi,,,69,69382,1,1,3,4,4,Voie communale,,1
202400020435,2024-09-06,matin,,,94,94018,1,1,1,4,4,Voie communale,30.0,1
202400020436,2024-07-30,après-midi,,,95,95585,1,1,6,4,3,Départementale,50.0,1
202400020437,2024-05-26,après-midi,,,64,64284,1,1,1,4,2,Nationale,50.0,1
202400020438,2024-07-30,soirée,,,91,91286,1,1,3,4,4,Voie communale,50.0,1
202400020439,2024-09-06,après-midi,,,94,94079,1,1,1,4,4,Voie communale,30.0,1
202400020440,2024-07-30,matin,,,87,87085,1,1,7,4,4,Voie communale,50.0,1
202400020441,2024-05-26,soirée,,,63,63113,1,1,2,4,4,Voie communale,50.0,1
202400020442,2024-07-26,matin,,,87,87085,1,1,3,4,3,Départementale,50.0,1
202400020443,2024-09-05,soirée,,,93,93073,5,1,5,4,9,Autre,90.0,1
202400020444,2024-09-06,matin,,,93,93072,1,1,6,4,3,Départementale,50.0,1
202400020445,2024-05-26,nuit,,,59,59421,5,1,3,4,7,Autre,50.0,1
202400020446,2024-07-30,matin,,,83,83137,1,1,7,4,4,Voie communale,50.0,1
202400020447,2024-09-06,après-midi,,,93,93066,1,1,3,3,3,Départementale,50.0,1
202400020448,2024-07-25,matin,,,83,83123,1,1,6,4,3,Départementale,50.0,1
202400020449,2024-05-26,soirée,,,57,57463,1,1,3,3,4,Voie communale,50.0,1
202400020450,2024-09-06,matin,,,93,93046,1,1,3,4,4,Voie communale,50.0,1
202400020451,2024-07-28,après-midi,,,83,83061,1,1,2,3,3,Départementale,80.0,1
202400020452,2024-05-25,après-midi,,,47,47323,1,1,7,3,3,Départementale,50.0,1
202400020453,2024-07-30,matin,,,82,82033,1,1,6,4,4,Voie communale,30.0,1
202400020454,2024-09-05,soirée,,,93,93062,5,1,3,4,4,Voie communale,50.0,1
202400020455,2024-04-03,après-midi,,,42,42218,4,1,3,3,4,Voie communale,50.0,1
202400020456,2024-07-30,nuit,,,78,78423,5,2,6,4,4,Voie communale,50.0,2
202400020457,2024-09-06,matin,,,93,93051,1,1,6,4,4,Voie communale,50.0,1
202400020458,2024-05-25,après-midi,,,38,38185,1,1,3,4,4,Voie communale,30.0,1
202400020459,2024-07-30,matin,,,78,78208,1,1,6,4,4,Voie communale,50.0,1
202400020460,2024-09-06,après-midi,,,93,93046,1,1,2,4,3,Départementale,50.0,1
202400020461,2024-05-21,après-midi,,,38,38185,1,1,6,3,4,Voie communale,30.0,1
202400020462,2024-09-06,après-midi,,,93,93029,1,1,2,3,3,Départementale,50.0,1
202400020463,2024-05-26,après-midi,,,35,35281,1,1,3,4,4,Voie communale,30.0,1
202400020464,2024-09-06,après-midi,,,93,93029,1,1,3,3,4,Voie communale,50.0,1
202400020465,2024-05-25,soirée,,,34,34301,1,1,3,4,4,Voie communale,50.0,1
202400020466,2024-09-06,matin,,,93,93029,1,1,3,4,4,Voie communale,50.0,1
202400020467,2024-07-30,après-midi,,,77,77306,1,1,1,3,3,Départementale,70.0,1
202400020468,2024-05-12,soirée,,,34,34301,1,1,3,4,4,Voie communale,50.0,1
202400020469,2024-05-26,matin,,,34,34301,1,1,6,4,4,Voie communale,30.0,1
202400020470,2024-07-30,matin,,,77,77053,1,1,6,3,3,Départementale,70.0,1
202400020471,2024-05-25,après-midi,,,33,33063,1,1,3,4,4,Voie communale,50.0,1
202400020472,2024-07-30,après-midi,,,77,77475,1,1,2,4,3,Départementale,50.0,1
202400020473,2024-05-25,après-midi,,,29,29232,1,1,7,4,4,Voie communale,50.0,1
202400020474,2024-07-30,soirée,,,76,76681,1,1,1,4,4,Voie communale,30.0,1
202400020475,2024-05-24,soirée,,,29,29151,1,1,3,4,4,Voie communale,50.0,1
202400020476,2024-07-28,soirée,,,76,76447,1,1,6,3,4,Voie communale,50.0,1
202400020477,2024-07-30,nuit,,,73,73065,3,1,6,4,3,Départementale,80.0,1
202400020478,2024-05-26,soirée,,,22,22278,1,1,6,4,4,Voie communale,,1
202400020479,2024-07-29,après-midi,,,72,72181,1,1,3,4,3,Départementale,50.0,1
202400020480,2024-05-21,après-midi,,,22,22113,1,1,2,4,4,Voie communale,50.0,1
202400020481,2024-07-30,matin,,,71,71475,2,1,6,4,4,Voie communale,50.0,1
202400020482,2024-05-26,après-midi,,,16,16358,1,1,6,4,2,Nationale,70.0,1
202400020483,2024-05-25,après-midi,,,13,13117,1,1,1,3,4,Voie communale,50.0,1
202400020484,2024-07-15,nuit,,,69,69266,5,1,3,4,4,Voie communale,30.0,1
202400020485,2024-07-29,soirée,,,69,69290,1,1,2,4,4,Voie communale,50.0,1
202400020486,2024-05-25,matin,,,13,13043,1,1,3,4,4,Voie communale,50.0,1
202400020487,2024-07-29,après-midi,,,67,67267,1,1,3,4,7,Autre,50.0,1
202400020488,2024-05-25,soirée,,,13,13103,5,1,1,4,6,Autre,30.0,1
202400020489,2024-05-25,après-midi,,,13,13047,1,1,1,3,2,Nationale,80.0,1
202400020490,2024-07-29,matin,,,67,67204,1,1,1,4,7,Autre,50.0,1
202400020491,2024-07-29,soirée,,,64,64545,2,8,1,4,3,Départementale,50.0,1
202400020492,2024-05-26,soirée,,,13,13001,1,1,5,4,3,Départementale,80.0,1
202400020493,2024-07-30,nuit,,,64,64445,5,1,3,4,4,Voie communale,50.0,1
202400020494,2024-05-25,après-midi,,,75,75115,1,1,4,4,4,Voie communale,70.0,1
202400020495,2024-07-29,soirée,,,64,64024,1,1,3,4,4,Voie communale,50.0,1
202400020496,2024-07-29,matin,,,62,62510,1,1,6,2,4,Voie communale,30.0,1
202400020497,2024-05-25,matin,,,75,75113,1,1,6,4,4,Voie communale,30.0,1
202400020498,2024-07-30,soirée,,,61,61001,1,1,6,4,4,Voie communale,30.0,1
202400020499,2024-05-26,après-midi,,,75,75118,1,2,6,4,4,Voie communale,50.0,2
202400020500,2024-07-24,après-midi,,,60,60057,1,1,6,3,4,Voie communale,50.0,1
202400020501,2024-05-26,soirée,,,75,75116,1,1,6,4,4,Voie communale,30.0,1
202400020502,2024-07-30,nuit,,,59,59650,1,1,3,4,4,Voie communale,30.0,1
202400020503,2024-07-30,matin,,,58,58194,1,1,5,3,4,Voie communale,50.0,1
202400020504,2024-07-27,après-midi,,,57,57672,1,2,6,3,3,Départementale,50.0,2
202400020505,2024-07-12,après-midi,,,55,55545,1,1,7,4,4,Voie communale,50.0,1
202400020506,2024-05-26,après-midi,,,75,75116,1,1,6,4,4,Voie communale,30.0,1
202400020507,2024-05-26,après-midi,,,75,75116,1,1,6,4,4,Voie communale,30.0,1
202400020508,2024-07-15,soirée,,,55,55545,1,1,3,4,4,Voie communale,,1
202400020509,2024-07-29,après-midi,,,54,54079,1,1,6,4,3,Départementale,50.0,1
202400020510,2024-05-26,après-midi,,,75,75115,1,1,3,4,4,Voie communale,30.0,2
202400020511,2024-05-25,après-midi,,,75,75114,1,1,3,4,4,Voie communale,50.0,1
202400020512,2024-07-29,matin,,,54,54395,1,1,3,4,4,Voie communale,50.0,1
202400020513,2024-05-26,après-midi,,,75,75113,1,1,2,4,4,Voie communale,30.0,1
202400020514,2024-05-26,après-midi,,,75,75113,1,1,6,4,4,Voie communale,30.0,1
202400020515,2024-07-29,matin,,,52,52448,1,7,6,3,4,Voie communale,50.0,1
202400020516,2024-05-26,nuit,,,94,94081,5,1,2,3,3,Départementale,50.0,1
202400020517,2024-06-26,après-midi,,,49,49099,1,1,6,4,4,Voie communale,50.0,1
202400020518,2024-07-30,nuit,,,45,45285,5,1,1,4,4,Voie communale,50.0,1
202400020519,2024-05-26,matin,,,93,93055,1,1,3,4,3,Départementale,50.0,1
202400020520,2024-07-30,soirée,,,44,44055,1,7,6,3,4,Voie communale,50.0,1
202400020521,2024-05-26,soirée,,,93,93051,1,1,6,4,3,Départementale,50.0,1
202400020522,2024-07-23,nuit,,,42,42218,5,1,3,4,4,Voie communale,50.0,1
202400020523,2024-05-26,soirée,,,93,93057,1,1,6,4,3,Départementale,50.0,1
202400020524,2024-07-30,après-midi,,,41,41295,1,1,5,4,3,Départementale,70.0,1
202400020525,2024-05-26,matin,,,93,93007,1,1,6,4,3,Départementale,50.0,1
202400020526,2024-07-29,matin,,,37,37261,1,1,6,4,4,Voie communale,50.0,1
202400020527,2024-05-26,nuit,,,92,92023,5,1,7,4,4,Voie communale,50.0,1
202400020528,2024-07-30,après-midi,,,35,35281,1,1,6,4,4,Voie communale,30.0,1
202400020529,2024-05-26,matin,,,92,92032,1,1,6,4,4,Voie communale,30.0,1
202400020530,2024-07-30,après-midi,,,35,35278,1,1,2,4,2,Nationale,90.0,1
202400020531,2024-05-26,après-midi,,,92,92012,1,1,5,4,3,Départementale,50.0,1
202400020532,2024-07-30,après-midi,,,35,35238,1,1,4,4,2,Nationale,90.0,1
202400020533,2024-05-26,nuit,,,92,92012,5,1,3,4,3,Départementale,30.0,1
202400020534,2024-07-29,soirée,,,35,35115,1,1,2,4,4,Voie communale,30.0,1
202400020535,2024-05-26,nuit,,,92,92012,5,1,6,3,4,Voie communale,30.0,1
202400020536,2024-07-29,soirée,,,34,34301,1,1,6,3,4,Voie communale,50.0,1
202400020537,2024-07-30,soirée,,,34,34172,2,1,3,4,4,Voie communale,50.0,1
202400020538,2024-07-29,après-midi,,,34,34003,1,1,7,3,4,Voie communale,20.0,1
202400020539,2024-05-27,matin,,,68,68026,1,8,2,3,3,Départementale,50.0,1
202400020540,2024-07-30,soirée,,,33,33162,1,1,3,4,4,Voie communale,50.0,1
202400020541,2024-05-27,après-midi,,,974,97412,1,2,1,4,2,Nationale,90.0,2
202400020542,2024-05-26,nuit,,,67,67530,5,1,7,3,3,Départementale,50.0,1
202400020543,2024-07-30,après-midi,,,33,33063,1,1,3,4,4,Voie communale,20.0,1
202400020544,2024-05-26,après-midi,,,22,22190,1,2,6,4,2,Nationale,110.0,2
202400020545,2024-07-27,après-midi,,,33,33039,1,1,3,2,4,Voie communale,50.0,1
202400020546,2024-07-30,matin,,,29,29232,1,1,3,4,4,Voie communale,50.0,1
202400020547,2024-05-27,matin,,,87,87148,1,1,1,3,1,Autoroute,130.0,1
202400020548,2024-07-30,matin,,,29,29232,1,1,6,4,3,Départementale,70.0,1
202400020549,2024-05-27,matin,,,06,06034,1,1,6,3,7,Autre,90.0,1
202400020550,2024-07-29,après-midi,,,29,29019,1,1,7,3,3,Départementale,70.0,1
202400020551,2024-05-26,nuit,,,85,85109,3,1,7,3,3,Départementale,80.0,1
202400020552,2024-05-27,matin,,,91,91679,1,1,3,3,3,Départementale,50.0,1
202400020553,2024-05-26,soirée,,,51,51310,1,1,7,3,3,Départementale,90.0,1
202400020554,2024-07-30,nuit,,,17,17300,5,1,3,4,4,Voie communale,30.0,1
202400020555,2024-07-20,après-midi,,,14,14117,1,1,6,4,4,Voie communale,50.0,1
202400020556,2024-05-25,soirée,,,79,79164,1,1,3,3,4,Voie communale,50.0,1
202400020557,2024-07-30,soirée,,,13,13117,3,1,3,4,3,Départementale,90.0,1
202400020558,2024-05-26,matin,,,82,82171,2,1,1,3,3,Départementale,50.0,1
202400020559,2024-07-31,nuit,,,13,13208,5,1,1,4,4,Voie communale,50.0,1
202400020560,2024-05-26,nuit,,,89,89235,3,1,1,4,3,Départementale,90.0,1
202400020561,2024-07-30,matin,,,13,13215,1,1,3,4,4,Voie communale,50.0,1
202400020562,2024-05-26,matin,,,61,61484,2,1,7,3,3,Départementale,90.0,1
202400020563,2024-07-30,nuit,,,13,13063,5,1,2,4,4,Voie communale,50.0,1
202400020564,2024-05-25,soirée,,,61,61486,1,1,7,4,3,Départementale,50.0,2
202400020565,2024-07-30,nuit,,,13,13004,5,1,3,3,4,Voie communale,50.0,1
202400020566,2024-05-27,matin,,,61,61028,1,1,5,3,3,Départementale,90.0,1
202400020567,2024-07-30,après-midi,,,11,11262,1,1,5,4,4,Voie communale,50.0,1
202400020568,2024-05-09,soirée,,,55,55551,1,1,7,4,3,Départementale,90.0,1
202400020569,2024-07-30,matin,,,11,11024,1,1,6,4,3,Départementale,50.0,1
202400020570,2024-05-27,nuit,,,49,49121,3,1,7,4,3,Départementale,80.0,1
202400020571,2024-07-29,matin,,,08,08409,1,7,6,3,4,Voie communale,50.0,1
202400020572,2024-05-27,après-midi,,,42,42092,1,1,6,4,7,Autre,30.0,1
202400020573,2024-05-25,après-midi,,,44,44131,1,1,3,3,3,Départementale,30.0,1
202400020574,2024-07-29,après-midi,,,06,06004,1,1,3,3,4,Voie communale,50.0,1
202400020575,2024-07-30,matin,,,05,05061,1,1,6,3,4,Voie communale,50.0,1
202400020576,2024-05-25,après-midi,,,29,29236,1,1,3,4,3,Départementale,70.0,1
202400020577,2024-07-30,après-midi,,,04,04112,1,1,6,4,4,Voie communale,30.0,1
202400020578,2024-05-18,nuit,,,29,29173,3,1,3,4,3,Départementale,80.0,1
202400020579,2024-07-29,après-midi,,,01,01344,1,1,1,4,4,Voie communale,80.0,1
202400020580,2024-07-30,après-midi,,,75,75114,1,1,4,4,4,Voie communale,70.0,1
202400020581,2024-05-26,nuit,,,38,38062,5,1,1,4,3,Départementale,70.0,1
202400020582,2024-05-26,matin,,,84,84079,1,1,7,3,3,Départementale,80.0,1
202400020583,2024-07-30,après-midi,,,75,75115,1,1,4,4,4,Voie communale,70.0,1
202400020584,2024-05-25,après-midi,,,03,03019,1,1,3,4,3,Départementale,50.0,1
202400020585,2024-07-29,matin,,,75,75112,1,1,2,4,4,Voie communale,70.0,1
202400020586,2024-05-26,après-midi,,,01,01303,1,1,3,4,3,Départementale,50.0,1
202400020587,2024-07-30,matin,,,75,75115,1,1,2,3,4,Voie communale,30.0,1
202400020588,2024-05-27,après-midi,,,66,66147,1,5,1,3,2,Nationale,80.0,2
202400020589,2024-05-23,après-midi,,,05,05132,1,1,6,3,3,Départementale,80.0,1
202400020590,2024-05-26,matin,,,09,09065,1,1,6,3,3,Départementale,80.0,1
202400020591,2024-05-27,nuit,,,21,21704,3,1,6,4,4,Voie communale,50.0,1
202400020592,2024-05-20,après-midi,,,27,27294,1,1,7,3,3,Départementale,50.0,1
202400020593,2024-05-26,soirée,,,30,30059,1,1,3,3,3,Départementale,50.0,1
202400020594,2024-05-27,matin,,,13,13091,1,1,3,3,3,Départementale,50.0,1
202400020595,2024-05-21,après-midi,,,06,06018,1,1,1,4,3,Départementale,50.0,1
202400020596,2024-05-27,après-midi,,,95,95580,1,1,1,4,3,Départementale,80.0,1
202400020597,2024-05-27,après-midi,,,77,77339,1,1,2,3,1,Autoroute,130.0,1
202400020598,2024-05-26,après-midi,,,973,97304,1,1,1,4,2,Nationale,80.0,1
202400020599,2024-03-16,matin,,,78,78615,1,1,3,3,3,Départementale,80.0,1
202400020600,2024-05-27,après-midi,,,66,66115,1,8,7,3,4,Voie communale,30.0,1
202400020601,2024-05-23,après-midi,,,06,06077,1,1,1,4,3,Départementale,80.0,1
202400020602,2024-05-27,après-midi,,,26,26084,1,1,5,4,1,Autoroute,130.0,1
202400020603,2024-05-27,après-midi,,,89,89085,1,1,3,4,3,Départementale,50.0,1
202400020604,2024-05-27,après-midi,,,71,71342,1,1,3,2,3,Départementale,80.0,1
202400020605,2024-05-26,après-midi,,,71,71062,1,1,7,3,3,Départementale,80.0,1
202400020606,2024-05-26,après-midi,,,67,67351,1,1,7,3,4,Voie communale,30.0,1
202400020607,2024-05-23,après-midi,,,54,54111,1,1,1,4,3,Départementale,50.0,1
202400020608,2024-05-26,soirée,,,38,38236,1,1,7,3,4,Voie communale,80.0,1
202400020609,2024-05-25,après-midi,,,69,69116,1,1,3,4,4,Voie communale,50.0,1
202400020610,2024-05-27,après-midi,,,81,81081,1,1,6,3,3,Départementale,50.0,1
202400020611,2024-02-28,matin,,,65,65059,1,1,6,4,6,Autre,30.0,7
202400020612,2024-05-26,matin,,,14,14530,2,1,6,2,4,Voie communale,50.0,1
202400020613,2024-05-27,soirée,,,80,80410,2,1,3,4,3,Départementale,50.0,2
202400020614,2024-05-26,soirée,,,59,59419,1,1,7,4,3,Départementale,80.0,1
202400020615,2024-05-26,matin,,,59,59477,1,1,6,3,7,Autre,50.0,1
202400020616,2024-05-26,soirée,,,13,13214,1,1,3,4,1,Autoroute,70.0,1
202400020617,2024-05-25,soirée,,,13,13215,1,1,2,4,1,Autoroute,90.0,1
202400020618,2024-05-24,soirée,,,13,13214,1,1,2,4,1,Autoroute,70.0,1
202400020619,2024-05-25,après-midi,,,13,13088,1,1,6,4,1,Autoroute,50.0,1
202400020620,2024-05-24,soirée,,,13,13106,1,1,3,3,1,Autoroute,70.0,1
202400020621,2024-05-26,nuit,,,69,69275,3,1,2,4,2,Nationale,90.0,1
202400020622,2024-05-24,matin,,,67,67482,1,1,2,4,7,Autre,70.0,1
202400020623,2024-05-26,matin,,,94,94021,1,1,6,4,1,Autoroute,90.0,1
202400020624,2024-05-26,matin,,,91,91659,1,1,2,4,1,Autoroute,110.0,1
202400020625,2024-05-25,nuit,,,92,92064,3,1,1,4,1,Autoroute,90.0,1
202400020626,2024-05-25,soirée,,,78,78117,1,1,2,3,2,Nationale,110.0,1
202400020627,2024-05-26,après-midi,,,92,92036,1,1,6,4,1,Autoroute,90.0,1
202400020628,2024-05-26,après-midi,,,93,93007,1,1,4,4,1,Autoroute,110.0,1
202400020629,2024-05-25,soirée,,,93,93007,1,1,2,4,1,Autoroute,90.0,1
202400020630,2024-10-11,après-midi,,,64,64284,1,1,3,4,3,Départementale,50.0,1
202400020631,2024-05-25,matin,,,77,77514,1,1,6,4,1,Autoroute,90.0,1
202400020632,2024-05-12,matin,,,57,57240,1,1,1,3,4,Voie communale,50.0,1