Num_Acc,date,time_of_day,lat,long,dep,com,lum,atm,col,severity_index,catr,catr_label,vma,surf
202400020633,2024-10-11,matin,,,64,64269,2,1,4,4,3,Départementale,50.0,1
202400020634,2024-01-20,après-midi,,,62,62826,1,4,6,3,4,Voie communale,30.0,7
202400020635,2024-02-09,après-midi,,,14,14258,1,1,7,4,4,Voie communale,50.0,1
202400020636,2024-02-08,nuit,,,14,14216,3,1,2,3,3,Départementale,80.0,1
202400020637,2024-10-12,nuit,,,64,64024,5,1,3,4,3,Départementale,50.0,1
202400020638,2024-05-25,matin,,,974,97416,1,1,1,4,4,Voie communale,30.0,2
202400020639,2024-05-25,matin,,,974,97416,1,2,3,4,4,Voie communale,30.0,2
202400020640,2024-05-25,après-midi,,,974,97411,1,1,7,4,4,Voie communale,50.0,1
202400020641,2024-10-10,après-midi,,,64,64102,1,1,3,4,3,Départementale,50.0,1
202400020642,2024-05-25,matin,,,974,97407,1,1,2,4,2,Nationale,50.0,1
202400020643,2024-05-25,nuit,,,69,69383,5,1,6,4,4,Voie communale,30.0,1
202400020644,2024-10-10,matin,,,64,64102,1,2,1,4,4,Voie communale,50.0,2
202400020645,2024-05-25,nuit,,,69,69387,5,1,6,4,4,Voie communale,30.0,1
202400020646,2024-05-25,soirée,,,69,69034,3,1,3,4,4,Voie communale,50.0,1
202400020647,2024-10-11,matin,,,63,63113,5,1,3,4,4,Voie communale,30.0,2
202400020648,2024-05-25,soirée,,,69,69034,1,8,1,4,7,Autre,50.0,1
202400020649,2024-05-25,après-midi,,,971,97101,1,1,3,4,3,Départementale,30.0,1
202400020650,2024-10-10,soirée,,,62,62083,1,1,6,3,4,Voie communale,50.0,2
202400020651,2024-10-08,après-midi,,,62,62250,1,1,6,3,4,Voie communale,40.0,1
202400020652,2024-05-24,après-midi,,,2A,2A004,1,1,3,4,2,Nationale,50.0,1
202400020653,2024-10-11,matin,,,62,62186,1,1,3,3,4,Voie communale,50.0,1
202400020654,2024-05-25,nuit,,,84,84031,5,1,3,4,4,Voie communale,50.0,1
202400020655,2024-10-11,matin,,,62,62523,1,1,7,3,3,Départementale,50.0,1
202400020656,2024-05-25,après-midi,,,83,83062,1,1,3,3,4,Voie communale,50.0,1
202400020657,2024-05-25,matin,,,83,83009,1,1,6,3,4,Voie communale,50.0,1
202400020658,2024-10-11,soirée,,,62,62120,1,1,6,4,3,Départementale,50.0,1
202400020659,2024-05-25,après-midi,,,80,80021,1,1,3,4,4,Voie communale,50.0,1
202400020660,2024-10-11,après-midi,,,60,60057,1,2,6,4,4,Voie communale,50.0,2
202400020661,2024-05-25,matin,,,78,78650,1,1,3,4,3,Départementale,50.0,1
202400020662,2024-05-24,matin,,,77,77216,1,1,7,4,4,Voie communale,30.0,1
202400020663,2024-10-11,après-midi,,,59,59426,1,1,6,4,4,Voie communale,30.0,1
202400020664,2024-05-25,nuit,,,76,76165,5,1,3,4,4,Voie communale,50.0,1
202400020665,2024-10-07,après-midi,,,57,57227,1,1,6,3,4,Voie communale,50.0,1
202400020666,2024-10-12,nuit,,,56,56260,5,2,7,4,4,Voie communale,30.0,2
202400020667,2024-05-25,soirée,,,76,76114,1,1,6,4,6,Autre,20.0,1
202400020668,2024-05-24,après-midi,,,74,74010,1,8,3,3,4,Voie communale,30.0,1
202400020669,2024-10-11,soirée,,,56,56260,1,1,7,4,4,Voie communale,50.0,1
202400020670,2024-05-25,après-midi,,,72,72181,1,8,6,4,4,Voie communale,30.0,1
202400020671,2024-10-11,matin,,,56,56098,3,1,6,4,4,Voie communale,50.0,1
202400020672,2024-05-25,après-midi,,,67,67218,1,1,1,4,7,Autre,50.0,1
202400020673,2024-10-10,soirée,,,56,56121,5,1,6,4,4,Voie communale,30.0,1
202400020674,2024-05-25,après-midi,,,67,67180,1,1,3,3,3,Départementale,80.0,1
202400020675,2024-05-24,après-midi,,,65,65440,1,1,3,4,4,Voie communale,50.0,1
202400020676,2024-10-10,matin,,,56,56083,1,1,3,4,4,Voie communale,30.0,1
202400020677,2024-05-25,après-midi,,,64,64348,1,1,2,4,3,Départementale,70.0,1
202400020678,2024-05-25,matin,,,64,64445,1,1,6,4,4,Voie communale,50.0,1
202400020679,2024-10-09,nuit,,,54,54149,3,3,3,4,3,Départementale,70.0,3
202400020680,2024-05-20,après-midi,,,59,59350,1,1,6,4,7,Autre,50.0,1
202400020681,2024-10-11,après-midi,,,51,51454,1,1,6,4,4,Voie communale,50.0,1
202400020682,2024-05-25,nuit,,,56,56260,5,2,3,4,4,Voie communale,50.0,2
202400020683,2024-05-24,matin,,,56,56260,1,1,3,4,4,Voie communale,50.0,1
202400020684,2024-10-11,après-midi,,,50,50532,1,1,2,4,3,Départementale,80.0,1
202400020685,2024-05-25,soirée,,,54,54304,1,1,3,4,4,Voie communale,50.0,1
202400020686,2024-10-10,après-midi,,,50,50129,1,1,3,4,6,Autre,30.0,1
202400020687,2024-05-25,après-midi,,,54,54575,1,1,6,4,2,Nationale,110.0,1
202400020688,2024-05-24,après-midi,,,54,54036,1,3,6,4,3,Départementale,80.0,2
202400020689,2024-05-25,nuit,,,49,49007,5,1,6,4,4,Voie communale,30.0,1
202400020690,2024-10-11,matin,,,49,49328,2,5,3,4,4,Voie communale,50.0,1
202400020691,2024-05-25,après-midi,,,49,49246,1,1,3,4,3,Départementale,50.0,1
202400020692,2024-05-25,après-midi,,,49,49007,1,1,7,4,3,Départementale,50.0,1
202400020693,2024-10-11,matin,,,47,47001,1,2,2,4,4,Voie communale,50.0,2
202400020694,2024-05-24,après-midi,,,36,36159,1,1,6,4,6,Autre,30.0,1
202400020695,2024-10-11,matin,,,45,45298,1,8,1,3,4,Voie communale,50.0,2
202400020696,2024-05-25,nuit,,,35,35051,3,1,3,3,4,Voie communale,50.0,1
202400020697,2024-10-11,matin,,,45,45234,1,1,6,4,4,Voie communale,50.0,1
202400020698,2024-05-26,nuit,,,34,34172,5,1,2,4,4,Voie communale,50.0,1
202400020699,2024-10-11,après-midi,,,45,45338,1,1,2,4,4,Voie communale,50.0,1
202400020700,2024-05-25,nuit,,,33,33063,5,1,2,3,4,Voie communale,50.0,1
202400020701,2024-10-11,matin,,,45,45068,1,1,3,4,4,Voie communale,50.0,1
202400020702,2024-05-25,nuit,,,33,33550,3,1,1,4,4,Voie communale,50.0,1
202400020703,2024-05-24,après-midi,,,33,33063,1,1,3,4,4,Voie communale,50.0,1
202400020704,2024-10-10,matin,,,45,45068,1,1,1,3,4,Voie communale,50.0,2
202400020705,2024-05-23,soirée,,,33,33039,1,1,3,4,4,Voie communale,50.0,1
202400020706,2024-10-11,nuit,,,44,44109,3,1,3,4,4,Voie communale,50.0,1
202400020707,2024-05-25,nuit,,,31,31555,2,1,1,4,7,Autre,50.0,1
202400020708,2024-05-25,soirée,,,29,29232,1,2,3,4,4,Voie communale,70.0,2
202400020709,2024-10-11,soirée,,,44,44109,5,1,3,4,4,Voie communale,50.0,1
202400020710,2024-05-24,soirée,,,29,29254,2,1,2,4,2,Nationale,110.0,1
202400020711,2024-10-08,après-midi,,,42,42127,1,1,4,4,2,Nationale,50.0,1
202400020712,2024-05-25,nuit,,,22,22360,3,2,3,4,3,Départementale,70.0,2
202400020713,2024-05-24,nuit,,,13,13208,5,1,3,4,4,Voie communale,50.0,1
202400020714,2024-10-11,soirée,,,42,42095,5,1,6,3,4,Voie communale,,1
202400020715,2024-05-24,après-midi,,,13,13208,1,2,3,4,4,Voie communale,50.0,2
202400020716,2024-10-08,après-midi,,,42,42044,1,1,7,4,7,Autre,50.0,1
202400020717,2024-05-25,nuit,,,08,08105,2,1,6,3,3,Départementale,70.0,1
202400020718,2024-09-24,après-midi,,,39,39300,1,1,1,2,4,Voie communale,30.0,1
202400020719,2024-05-25,après-midi,,,05,05023,1,1,3,4,2,Nationale,50.0,1
202400020720,2024-10-11,après-midi,,,38,38053,1,1,3,4,4,Voie communale,50.0,1
202400020721,2024-05-25,matin,,,04,04112,1,1,2,4,4,Voie communale,50.0,1
202400020722,2024-05-25,soirée,,,01,01053,1,1,3,4,4,Voie communale,50.0,1
202400020723,2024-10-11,nuit,,,37,37261,5,1,2,4,4,Voie communale,30.0,1
202400020724,2024-05-25,soirée,,,75,75120,1,1,2,4,4,Voie communale,70.0,1
202400020725,2024-10-10,nuit,,,34,34172,5,2,1,3,4,Voie communale,50.0,2
202400020726,2024-05-24,soirée,,,75,75120,5,1,2,4,4,Voie communale,70.0,1
202400020727,2024-10-11,soirée,,,33,33063,1,1,6,4,4,Voie communale,50.0,1
202400020728,2024-05-25,matin,,,75,75118,1,1,3,4,4,Voie communale,30.0,1
202400020729,2024-10-11,après-midi,,,31,31555,1,1,3,3,7,Autre,50.0,1
202400020730,2024-05-25,nuit,,,75,75118,5,1,3,4,4,Voie communale,30.0,1
202400020731,2024-10-12,nuit,,,30,30007,4,1,7,4,4,Voie communale,70.0,1
202400020732,2024-10-11,nuit,,,29,29173,5,1,7,4,3,Départementale,50.0,1
202400020733,2024-10-11,matin,,,29,29019,1,1,6,4,4,Voie communale,50.0,1
202400020734,2024-10-11,après-midi,,,25,25462,1,1,6,4,6,Autre,30.0,1
202400020735,2024-10-10,après-midi,,,23,23096,1,1,3,3,4,Voie communale,50.0,1
202400020736,2024-10-09,après-midi,,,22,22278,1,2,1,4,4,Voie communale,30.0,2
202400020737,2024-10-11,après-midi,,,19,19031,1,1,6,4,4,Voie communale,50.0,1
202400020738,2024-10-11,après-midi,,,17,17415,1,1,3,4,4,Voie communale,50.0,1
202400020739,2024-10-11,après-midi,,,14,14326,1,1,3,4,4,Voie communale,50.0,1
202400020740,2024-10-09,après-midi,,,14,14587,1,3,6,3,2,Nationale,90.0,2
202400020741,2024-10-09,après-midi,,,14,14341,1,2,3,4,4,Voie communale,50.0,2
202400020742,2024-10-12,nuit,,,13,13056,5,1,5,4,4,Voie communale,30.0,1
202400020743,2024-10-11,matin,,,13,13205,5,1,3,4,4,Voie communale,50.0,1
202400020744,2024-10-11,nuit,,,13,13208,5,1,2,4,4,Voie communale,50.0,1
202400020745,2024-10-11,nuit,,,10,10387,5,1,3,4,4,Voie communale,50.0,1
202400020746,2024-10-10,matin,,,10,10387,1,2,6,4,4,Voie communale,50.0,2
202400020747,2024-10-10,nuit,,,06,06104,5,1,6,3,3,Départementale,50.0,1
202400020748,2024-10-08,matin,,,05,05061,2,3,6,3,2,Nationale,50.0,2
202400020749,2024-10-11,nuit,,,75,75119,5,1,2,4,4,Voie communale,30.0,1
202400020750,2024-10-11,après-midi,,,75,75118,1,1,3,4,4,Voie communale,5.0,1
202400020751,2024-10-11,matin,,,75,75116,1,1,6,4,4,Voie communale,30.0,1
202400020752,2024-10-11,matin,,,75,75115,1,1,6,3,4,Voie communale,30.0,1
202400020753,2024-10-11,nuit,,,75,75115,5,1,3,4,4,Voie communale,30.0,1
202400020754,2024-10-11,après-midi,,,75,75114,1,1,7,4,4,Voie communale,30.0,1
202400020755,2024-10-11,matin,,,75,75114,1,1,7,4,4,Voie communale,30.0,1
202400020756,2024-10-10,soirée,,,75,75114,1,2,4,4,4,Voie communale,30.0,2
202400020757,2024-10-10,matin,,,75,75114,1,8,6,4,4,Voie communale,30.0,2
202400020758,2024-10-11,nuit,,,75,75109,5,1,6,4,4,Voie communale,30.0,1
202400020759,2024-10-11,soirée,,,75,75108,5,1,3,4,4,Voie communale,30.0,1
202400020760,2024-10-11,soirée,,,75,75108,5,1,3,4,4,Voie communale,30.0,1
202400020761,2024-10-11,matin,,,94,94037,1,1,6,4,4,Voie communale,10.0,1
202400020762,2024-10-10,nuit,,,94,94017,5,1,3,4,3,Départementale,50.0,2
202400020763,2024-10-11,après-midi,,,93,93078,1,1,3,4,3,Départementale,50.0,1
202400020764,2024-10-10,soirée,,,93,93053,1,1,1,3,4,Voie communale,30.0,1
202400020765,2024-10-10,après-midi,,,93,93053,1,3,2,4,3,Départementale,50.0,2
202400020766,2024-10-10,soirée,,,93,93050,5,8,3,4,3,Départementale,50.0,2
202400020767,2024-10-10,soirée,,,93,93050,5,8,6,4,3,Départementale,50.0,2
202400020768,2024-10-11,matin,,,93,93049,2,1,6,4,4,Voie communale,50.0,1
202400020769,2024-10-11,matin,,,93,93063,1,1,6,4,4,Voie communale,30.0,1
202400020770,2024-10-11,après-midi,,,92,92076,1,1,3,4,3,Départementale,50.0,1
202400020771,2024-10-11,matin,,,92,92064,1,1,6,3,3,Départementale,50.0,1
202400020772,2024-10-11,matin,,,92,92020,1,1,2,4,3,Départementale,50.0,1
202400020773,2024-10-11,soirée,,,92,92036,1,1,2,4,3,Départementale,50.0,1
202400020774,2024-10-10,après-midi,,,92,92035,1,2,3,4,3,Départementale,50.0,2
202400020775,2024-10-11,matin,,,92,92026,1,1,2,4,3,Départementale,50.0,1
202400020776,2024-10-11,matin,,,92,92025,1,8,1,4,3,Départementale,50.0,1
202400020777,2024-10-10,après-midi,,,92,92025,1,1,2,4,4,Voie communale,50.0,1
202400020778,2024-10-11,matin,,,92,92024,1,1,7,4,4,Voie communale,50.0,1
202400020779,2024-10-11,matin,,,92,92012,2,1,3,4,3,Départementale,50.0,1
202400020780,2024-10-11,après-midi,,,92,92004,1,1,6,4,4,Voie communale,20.0,1
202400020781,2024-10-11,soirée,,,37,37126,3,1,6,2,3,Départementale,80.0,1
202400020782,2024-10-11,matin,,,60,60269,1,1,3,4,3,Départementale,90.0,1
202400020783,2024-10-11,matin,,,35,35180,1,5,3,4,7,Autre,80.0,1
202400020784,2024-10-11,soirée,,,51,51224,3,1,2,4,2,Nationale,110.0,1
202400020785,2024-10-12,après-midi,,,62,62882,1,1,1,2,3,Départementale,80.0,1
202400020786,2024-10-12,après-midi,,,06,06006,1,1,7,3,7,Autre,70.0,1
202400020787,2024-10-12,matin,,,50,50553,1,1,6,3,1,Autoroute,130.0,1
202400020788,2024-10-11,nuit,,,30,30286,3,1,7,4,3,Départementale,80.0,1
202400020789,2024-10-11,après-midi,,,83,83131,1,1,5,2,3,Départementale,50.0,1
202400020790,2024-10-11,soirée,,,51,51564,2,2,7,4,3,Départementale,50.0,2
202400020791,2024-10-11,après-midi,,,76,76292,1,1,2,4,3,Départementale,,1
202400020792,2024-10-11,après-midi,,,2A,2A271,1,1,3,3,2,Nationale,50.0,1
202400020793,2024-10-10,après-midi,,,82,82126,1,2,1,3,3,Départementale,80.0,2
202400020794,2024-10-12,nuit,,,65,65360,3,1,6,3,3,Départementale,80.0,1
202400020795,2024-09-30,matin,,,65,65235,1,1,1,3,3,Départementale,50.0,1
202400020796,2024-09-28,nuit,,,49,49331,5,1,1,4,3,Départementale,30.0,1
202400020797,2024-10-11,après-midi,,,42,42273,1,1,3,3,4,Voie communale,80.0,1
202400020798,2024-10-12,après-midi,,,25,25200,1,2,5,4,3,Départementale,70.0,2
202400020799,2024-10-12,après-midi,,,29,29037,1,1,3,4,4,Voie communale,,1
202400020800,2024-10-12,après-midi,,,66,66036,1,1,7,2,3,Départementale,80.0,1
202400020801,2024-10-12,après-midi,,,64,64018,1,1,3,3,3,Départementale,80.0,1
202400020802,2024-10-09,matin,,,16,16295,5,3,6,3,3,Départementale,50.0,2
202400020803,2024-10-12,nuit,,,16,16065,3,1,3,2,3,Départementale,80.0,1
202400020804,2024-10-11,après-midi,,,21,21603,1,1,6,3,3,Départementale,50.0,1
202400020805,2024-10-11,après-midi,,,85,85102,1,1,6,2,3,Départementale,80.0,1
202400020806,2024-10-11,après-midi,,,27,27333,1,1,6,3,3,Départementale,80.0,1
202400020807,2024-10-12,après-midi,,,27,27113,1,8,6,3,3,Départementale,80.0,1
202400020808,2024-10-12,soirée,,,30,30088,2,2,6,3,3,Départementale,80.0,2
202400020809,2024-10-12,soirée,,,30,30184,2,2,7,3,3,Départementale,80.0,2
202400020810,2024-10-11,matin,,,31,31395,1,1,6,3,1,Autoroute,130.0,1
202400020811,2024-10-08,après-midi,,,31,31424,1,1,2,3,3,Départementale,50.0,1
202400020812,2024-10-11,après-midi,,,35,35352,1,1,3,3,7,Autre,50.0,1
202400020813,2024-10-11,soirée,,,06,06085,5,1,3,4,4,Voie communale,30.0,1
202400020814,2024-10-11,après-midi,,,34,34113,1,1,5,4,1,Autoroute,130.0,1
202400020815,2024-10-12,après-midi,,,11,11014,1,1,1,2,3,Départementale,80.0,1
202400020816,2024-10-10,après-midi,,,11,11170,1,1,2,4,3,Départementale,80.0,1
202400020817,2024-10-11,après-midi,,,13,13114,1,1,3,4,3,Départementale,70.0,1
202400020818,2024-10-10,matin,,,66,66049,1,1,2,4,3,Départementale,80.0,1
202400020819,2024-10-12,nuit,,,69,69235,3,1,7,4,3,Départementale,80.0,2
202400020820,2024-10-10,après-midi,,,988,98823,1,1,6,3,2,Nationale,110.0,1
202400020821,2024-10-12,après-midi,,,988,98804,1,1,3,2,3,Départementale,,1
202400020822,2024-10-11,après-midi,,,77,77257,1,1,3,4,3,Départementale,50.0,1
202400020823,2024-10-12,soirée,,,66,66140,2,1,2,4,3,Départementale,90.0,1
202400020824,2024-10-12,nuit,,,34,34154,3,1,6,3,3,Départementale,80.0,1
202400020825,2024-10-11,soirée,,,06,06128,3,1,6,2,3,Départementale,70.0,1
202400020826,2024-10-10,après-midi,,,38,38003,2,1,6,3,3,Départementale,50.0,1
202400020827,2024-10-12,nuit,,,38,38545,3,1,6,3,7,Autre,80.0,1
202400020828,2024-10-04,nuit,,,14,14762,3,1,7,3,3,Départementale,90.0,1
202400020829,2024-10-11,après-midi,,,29,29055,1,1,6,3,3,Départementale,50.0,1
202400020830,2024-10-12,nuit,,,22,22162,4,1,7,3,4,Voie communale,50.0,1
202400020831,2024-10-08,matin,,,13,13056,1,2,5,4,1,Autoroute,90.0,2
202400020832,2024-10-09,matin,,,33,33550,1,2,4,4,1,Autoroute,90.0,2
202400020833,2024-10-11,soirée,,,91,91617,3,1,2,4,2,Nationale,110.0,1
202400020834,2024-10-11,après-midi,,,91,91377,1,1,2,4,1,Autoroute,110.0,1
202400020835,2024-10-11,nuit,,,91,91174,3,1,7,3,2,Nationale,110.0,2
202400020836,2024-10-11,après-midi,,,92,92048,1,1,2,4,2,Nationale,70.0,1
202400020837,2024-10-11,matin,,,92,92025,1,1,4,3,1,Autoroute,90.0,1
202400020838,2024-10-10,soirée,,,78,78640,3,1,2,4,2,Nationale,70.0,2
202400020839,2024-10-10,après-midi,,,92,92072,1,2,6,4,2,Nationale,90.0,2
202400020840,2024-10-10,après-midi,,,92,92036,1,1,7,4,1,Autoroute,90.0,3
202400020841,2024-10-11,après-midi,,,93,93027,1,1,2,4,1,Autoroute,50.0,1
202400020842,2024-10-11,après-midi,,,93,93005,1,1,3,4,1,Autoroute,90.0,1
202400020843,2024-10-08,soirée,,,93,93078,1,1,5,4,1,Autoroute,90.0,1
202400020844,2024-10-11,matin,,,93,93066,1,1,2,4,1,Autoroute,90.0,1
202400020845,2024-10-10,après-midi,,,95,95572,1,1,2,4,1,Autoroute,90.0,2
202400020846,2024-10-10,après-midi,,,95,95572,1,2,2,4,2,Nationale,90.0,2
202400020847,2024-10-09,soirée,,,95,95604,3,3,2,4,1,Autoroute,130.0,2
202400020848,2024-10-09,après-midi,,,95,95582,1,3,6,4,1,Autoroute,110.0,3
202400020849,2024-10-09,après-midi,,,95,95582,1,3,6,3,1,Autoroute,110.0,3
202400020850,2024-10-10,nuit,,,94,94073,3,2,5,4,1,Autoroute,90.0,2
202400020851,2024-10-10,soirée,,,974,97411,5,1,6,4,4,Voie communale,50.0,1
202400020852,2024-10-09,après-midi,,,974,97409,1,1,6,4,4,Voie communale,50.0,1
202400020853,2024-10-10,après-midi,,,69,69388,1,1,6,4,4,Voie communale,50.0,1
202400020854,2024-10-10,matin,,,69,69388,1,1,3,4,4,Voie communale,30.0,2
202400020855,2024-10-10,matin,,,69,69383,4,1,1,4,4,Voie communale,30.0,1
202400020856,2024-10-10,soirée,,,69,69382,1,8,3,4,4,Voie communale,50.0,1
202400020857,2024-10-10,matin,,,91,91201,1,2,1,4,3,Départementale,50.0,2
202400020858,2024-10-10,soirée,,,91,91479,5,1,2,4,3,Départementale,50.0,2
202400020859,2024-10-09,après-midi,,,90,90010,1,1,3,4,4,Voie communale,50.0,3
202400020860,2024-10-09,après-midi,,,84,84035,1,1,1,4,4,Voie communale,30.0,1
202400020861,2024-10-09,après-midi,,,84,84031,1,1,4,4,4,Voie communale,50.0,1
202400020862,2024-10-09,matin,,,84,84007,1,1,2,4,4,Voie communale,50.0,1
202400020863,2024-10-10,soirée,,,83,83137,5,1,1,4,4,Voie communale,50.0,1
202400020864,2024-10-09,après-midi,,,83,83137,1,1,3,4,4,Voie communale,,1
202400020865,2024-10-09,matin,,,83,83098,1,1,3,4,4,Voie communale,25.0,1
202400020866,2024-10-10,matin,,,83,83069,1,1,6,3,4,Voie communale,50.0,1
202400020867,2024-10-10,après-midi,,,82,82121,1,1,3,4,4,Voie communale,50.0,1
202400020868,2024-10-09,matin,,,79,79191,5,3,3,4,3,Départementale,50.0,2
202400020869,2024-10-10,matin,,,78,78498,1,1,5,4,3,Départementale,70.0,1
202400020870,2024-10-09,matin,,,77,77288,2,2,6,4,4,Voie communale,50.0,2
202400020871,2024-10-10,nuit,,,76,76540,5,1,2,4,4,Voie communale,30.0,1
202400020872,2024-10-08,matin,,,76,76351,1,1,6,3,4,Voie communale,50.0,1
202400020873,2024-10-08,soirée,,,76,76351,5,1,3,4,4,Voie communale,50.0,1
202400020874,2024-10-09,après-midi,,,72,72181,1,2,6,4,4,Voie communale,10.0,2
202400020875,2024-10-09,soirée,,,71,71540,1,1,1,4,3,Départementale,50.0,1
202400020876,2024-10-10,matin,,,69,69266,1,3,3,4,4,Voie communale,50.0,2
202400020877,2024-10-10,après-midi,,,67,67482,1,1,3,4,4,Voie communale,50.0,1
202400020878,2024-10-10,après-midi,,,67,67482,1,1,3,4,4,Voie communale,50.0,1
202400020879,2024-10-09,matin,,,64,64125,1,1,3,4,9,Autre,50.0,1
202400020880,2024-10-10,après-midi,,,63,63300,1,1,6,3,4,Voie communale,50.0,1
202400020881,2024-06-28,soirée,,,95,95018,1,1,2,4,1,Autoroute,110.0,1
202400020882,2024-06-28,soirée,,,95,95256,1,1,5,4,2,Nationale,90.0,1
202400020883,2024-06-28,après-midi,,,93,93010,1,1,2,3,1,Autoroute,70.0,1
202400020884,2024-06-29,matin,,,77,77258,2,1,6,4,1,Autoroute,110.0,1
202400020885,2024-06-28,soirée,,,974,97411,5,1,6,4,4,Voie communale,50.0,1
202400020886,2024-06-28,soirée,,,973,97302,1,1,7,4,4,Voie communale,50.0,1
202400020887,2024-06-27,soirée,,,973,97302,2,1,2,4,3,Départementale,50.0,1
202400020888,2024-06-27,après-midi,,,973,97302,1,1,2,4,4,Voie communale,50.0,1
202400020889,2024-06-28,soirée,,,69,69387,1,1,3,4,4,Voie communale,30.0,1
202400020890,2024-06-28,après-midi,,,69,69383,1,1,3,4,4,Voie communale,30.0,1
202400020891,2024-06-28,matin,,,69,69386,1,1,2,3,4,Voie communale,30.0,1
202400020892,2024-06-28,nuit,,,69,69386,5,1,3,4,4,Voie communale,30.0,1
202400020893,2024-06-27,soirée,,,972,97213,2,1,2,3,4,Voie communale,50.0,1
202400020894,2024-06-28,matin,,,972,97209,1,1,5,4,1,Autoroute,90.0,1
202400020895,2024-06-28,matin,,,971,97113,1,1,4,4,2,Nationale,50.0,1
202400020896,2024-06-28,après-midi,,,95,95585,1,1,3,4,3,Départementale,50.0,1
202400020897,2024-06-28,soirée,,,95,95277,1,1,7,4,4,Voie communale,50.0,8
202400020898,2024-06-28,après-midi,,,95,95582,1,1,6,3,3,Départementale,50.0,1
202400020899,2024-06-28,matin,,,91,91027,1,7,6,4,3,Départementale,50.0,1
202400020900,2024-06-25,après-midi,,,90,90029,1,1,3,4,3,Départementale,50.0,1
202400020901,2024-06-27,soirée,,,87,87085,1,1,3,4,4,Voie communale,30.0,1
202400020902,2024-06-28,nuit,,,30,30351,5,1,1,4,3,Départementale,50.0,1
202400020903,2024-06-27,après-midi,,,84,84007,1,1,2,4,4,Voie communale,50.0,1
202400020904,2024-06-27,matin,,,84,84007,1,1,4,4,4,Voie communale,50.0,1
202400020905,2024-06-28,après-midi,,,81,81065,1,1,6,4,4,Voie communale,50.0,1
202400020906,2024-06-27,matin,,,80,80021,1,1,6,4,4,Voie communale,20.0,1
202400020907,2024-06-28,après-midi,,,78,78586,1,1,6,3,6,Autre,15.0,1
202400020908,2024-06-28,soirée,,,78,78418,1,1,1,4,3,Départementale,50.0,1
202400020909,2024-06-28,matin,,,78,78481,1,1,6,4,4,Voie communale,30.0,1
202400020910,2024-06-28,nuit,,,78,78146,5,1,6,4,4,Voie communale,50.0,1
202400020911,2024-06-25,après-midi,,,78,78517,1,1,3,2,3,Départementale,50.0,1
202400020912,2024-06-27,après-midi,,,78,78621,1,1,6,4,3,Départementale,50.0,1
202400020913,2024-06-28,nuit,,,78,78172,5,1,3,4,2,Nationale,50.0,1
202400020914,2024-06-28,soirée,,,77,77350,1,1,6,3,3,Départementale,15.0,1
202400020915,2024-06-28,nuit,,,77,77067,3,1,3,4,3,Départementale,70.0,1
202400020916,2024-06-28,après-midi,,,77,77053,1,1,7,4,3,Départementale,50.0,1
202400020917,2024-06-28,après-midi,,,77,77288,1,1,3,4,4,Voie communale,70.0,1
202400020918,2024-06-28,après-midi,,,77,77122,1,1,3,3,4,Voie communale,50.0,1
202400020919,2024-06-27,après-midi,,,76,76351,1,1,6,3,4,Voie communale,50.0,1
202400020920,2024-06-28,nuit,,,72,72181,5,1,3,4,4,Voie communale,50.0,1
202400020921,2024-06-28,soirée,,,71,71270,2,1,6,3,4,Voie communale,30.0,1
202400020922,2024-06-27,après-midi,,,69,69290,1,1,3,4,4,Voie communale,70.0,1
202400020923,2024-11-17,matin,,,95,95018,1,2,3,4,1,Autoroute,110.0,2
202400020924,2024-06-28,matin,,,69,69096,1,7,3,4,4,Voie communale,30.0,1
202400020925,2024-06-27,après-midi,,,67,67482,1,1,6,4,4,Voie communale,50.0,1
202400020926,2024-11-16,soirée,,,93,93053,5,1,3,4,1,Autoroute,70.0,1
202400020927,2024-06-28,matin,,,64,64445,1,8,3,4,4,Voie communale,50.0,2
202400020928,2024-06-27,soirée,,,64,64122,2,1,2,4,4,Voie communale,30.0,1
202400020929,2024-06-28,nuit,,,64,64102,5,1,6,4,4,Voie communale,30.0,1
202400020930,2024-11-16,soirée,,,95,95252,2,1,3,4,1,Autoroute,90.0,1
202400020931,2024-06-28,après-midi,,,63,63032,1,3,3,4,4,Voie communale,30.0,2
202400020932,2024-11-16,soirée,,,93,93007,3,1,3,4,1,Autoroute,110.0,1
202400020933,2024-06-28,après-midi,,,62,62510,1,1,6,2,3,Départementale,50.0,1
202400020934,2024-11-17,nuit,,,94,94065,5,1,6,4,2,Nationale,90.0,1
202400020935,2024-06-24,après-midi,,,62,62510,1,1,3,4,4,Voie communale,50.0,1
202400020936,2024-06-27,soirée,,,62,62193,1,1,3,4,4,Voie communale,50.0,1
202400020937,2024-06-25,après-midi,,,59,59426,1,1,6,4,7,Autre,70.0,1
202400020938,2024-08-31,matin,,,38,38185,2,1,3,4,4,Voie communale,30.0,1
202400020939,2024-06-26,après-midi,,,59,59354,1,1,3,3,4,Voie communale,50.0,1
202400020940,2024-06-28,après-midi,,,56,56121,1,1,3,3,4,Voie communale,30.0,1
202400020941,2024-08-20,soirée,,,38,38185,5,1,5,4,4,Voie communale,50.0,1
202400020942,2024-06-28,après-midi,,,51,51055,1,1,2,4,4,Voie communale,50.0,1
202400020943,2024-06-28,après-midi,,,50,50532,1,1,6,3,3,Départementale,30.0,1
202400020944,2024-06-27,matin,,,50,50129,1,1,2,4,4,Voie communale,50.0,1