Num_Acc,date,time_of_day,lat,long,dep,com,lum,atm,col,severity_index,catr,catr_label,vma,surf
202400020945,2024-08-08,après-midi,,,38,38169,1,1,3,4,4,Voie communale,50.0,1
202400020946,2024-06-26,après-midi,,,50,50129,1,1,3,4,4,Voie communale,50.0,1
202400020947,2024-06-28,après-midi,,,49,49015,1,1,4,4,3,Départementale,70.0,1
202400020948,2024-08-18,après-midi,,,14,14705,1,7,3,4,3,Départementale,80.0,1
202400020949,2024-06-27,soirée,,,49,49007,1,1,3,4,4,Voie communale,30.0,1
202400020950,2024-06-25,soirée,,,49,49007,1,1,7,4,4,Voie communale,30.0,1
202400020951,2024-11-15,après-midi,,,75,75112,1,8,2,3,4,Voie communale,50.0,1
202400020952,2024-06-27,matin,,,49,49007,1,1,6,4,4,Voie communale,30.0,1
202400020953,2024-11-17,nuit,,,75,75120,5,1,3,4,4,Voie communale,30.0,1
202400020954,2024-03-10,nuit,,,44,44184,3,9,2,4,3,Départementale,90.0,1
202400020955,2024-11-17,nuit,,,75,75119,5,1,3,4,4,Voie communale,30.0,1
202400020956,2024-03-10,matin,,,37,37233,5,5,6,4,4,Voie communale,50.0,1
202400020957,2024-06-27,matin,,,49,49007,1,1,3,4,4,Voie communale,50.0,1
202400020958,2024-03-10,matin,,,37,37261,2,5,6,4,7,Autre,50.0,2
202400020959,2024-11-17,après-midi,,,75,75117,1,2,6,4,4,Voie communale,50.0,2
202400020960,2024-06-28,soirée,,,37,37208,1,1,2,4,4,Voie communale,50.0,1
202400020961,2024-03-10,soirée,,,28,28134,3,1,6,4,4,Voie communale,50.0,1
202400020962,2024-11-17,matin,,,75,75117,1,8,7,4,4,Voie communale,30.0,2
202400020963,2024-06-28,après-midi,,,35,35238,1,1,3,4,4,Voie communale,30.0,1
202400020964,2024-11-17,après-midi,,,75,75115,1,1,3,4,4,Voie communale,30.0,1
202400020965,2024-06-29,nuit,,,33,33063,5,1,2,3,4,Voie communale,30.0,1
202400020966,2024-03-10,après-midi,,,13,13005,1,1,6,4,4,Voie communale,50.0,1
202400020967,2024-11-17,matin,,,75,75115,1,2,3,4,4,Voie communale,30.0,2
202400020968,2024-06-28,nuit,,,33,33032,4,1,7,4,4,Voie communale,50.0,1
202400020969,2024-03-10,nuit,,,13,13001,5,8,3,4,4,Voie communale,50.0,1
202400020970,2024-06-28,après-midi,,,27,27681,1,1,6,4,4,Voie communale,50.0,1
202400020971,2024-11-16,après-midi,,,75,75110,1,1,3,3,4,Voie communale,30.0,1
202400020972,2024-06-28,matin,,,27,27229,1,1,6,3,4,Voie communale,50.0,1
202400020973,2024-03-09,soirée,,,01,01283,5,1,3,4,4,Voie communale,50.0,1
202400020974,2024-11-17,après-midi,,,75,75103,2,1,6,4,4,Voie communale,30.0,1
202400020975,2024-06-28,soirée,,,25,25056,2,1,6,4,4,Voie communale,,1
202400020976,2024-11-17,nuit,,,94,94078,3,1,7,3,4,Voie communale,50.0,1
202400020977,2024-06-26,après-midi,,,18,18033,1,1,7,4,4,Voie communale,30.0,1
202400020978,2024-03-10,après-midi,,,75,75118,1,1,4,4,4,Voie communale,70.0,1
202400020979,2024-11-17,nuit,,,94,94046,5,1,3,4,3,Départementale,50.0,1
202400020980,2024-06-25,après-midi,,,16,16102,1,1,5,4,4,Voie communale,50.0,1
202400020981,2024-03-09,matin,,,75,75118,1,1,1,3,4,Voie communale,50.0,1
202400020982,2024-11-17,soirée,,,94,94038,5,1,6,4,3,Départementale,50.0,1
202400020983,2024-03-08,après-midi,,,75,75114,1,1,6,4,4,Voie communale,30.0,1
202400020984,2024-06-27,soirée,,,15,15014,1,1,6,4,4,Voie communale,30.0,1
202400020985,2024-11-17,matin,,,93,93049,1,2,3,4,3,Départementale,50.0,2
202400020986,2024-03-10,nuit,,,75,75115,5,2,3,4,4,Voie communale,30.0,2
202400020987,2024-06-27,après-midi,,,15,15014,1,1,2,4,3,Départementale,90.0,1
202400020988,2024-11-16,après-midi,,,93,93029,1,1,2,4,3,Départementale,50.0,1
202400020989,2024-06-28,matin,,,13,13212,1,1,3,4,4,Voie communale,50.0,1
202400020990,2024-03-10,nuit,,,75,75119,5,2,3,4,4,Voie communale,30.0,2
202400020991,2024-11-16,nuit,,,93,93005,3,1,6,4,3,Départementale,50.0,1
202400020992,2024-03-10,soirée,,,75,75118,1,1,6,4,4,Voie communale,30.0,1
202400020993,2024-06-28,matin,,,13,13214,1,1,1,4,4,Voie communale,50.0,1
202400020994,2024-11-17,après-midi,,,92,92012,1,1,6,4,3,Départementale,50.0,1
202400020995,2024-03-10,nuit,,,75,75117,5,2,2,4,4,Voie communale,30.0,2
202400020996,2024-06-28,matin,,,13,13207,1,1,2,4,4,Voie communale,50.0,1
202400020997,2024-03-10,matin,,,75,75114,1,8,3,4,4,Voie communale,70.0,2
202400020998,2024-11-16,nuit,,,92,92002,5,1,3,4,4,Voie communale,50.0,1
202400020999,2024-03-10,nuit,,,75,75110,5,2,3,4,4,Voie communale,30.0,2
202400021000,2024-06-28,matin,,,13,13004,1,1,6,4,4,Voie communale,50.0,1
202400021001,2024-11-17,nuit,,,51,51567,5,5,7,4,2,Nationale,90.0,1
202400021002,2024-03-09,soirée,,,75,75109,5,2,6,4,4,Voie communale,30.0,2
202400021003,2024-06-26,nuit,,,06,06088,5,1,3,3,4,Voie communale,50.0,1
202400021004,2024-11-17,nuit,,,36,36233,3,1,6,3,3,Départementale,80.0,1
202400021005,2024-03-10,matin,,,75,75107,1,2,6,4,4,Voie communale,30.0,2
202400021006,2024-11-17,matin,,,31,31053,2,1,3,4,7,Autre,50.0,1
202400021007,2024-06-28,après-midi,,,06,06069,1,1,3,4,4,Voie communale,,1
202400021008,2024-03-10,soirée,,,75,75104,5,1,6,4,4,Voie communale,30.0,1
202400021009,2024-11-16,après-midi,,,81,81218,1,1,6,3,6,Autre,50.0,1
202400021010,2024-06-28,matin,,,75,75119,1,1,3,4,4,Voie communale,30.0,1
202400021011,2024-03-10,nuit,,,75,75101,5,1,6,4,4,Voie communale,30.0,2
202400021012,2024-11-16,soirée,,,68,68157,5,1,3,4,3,Départementale,50.0,1
202400021013,2024-03-10,soirée,,,94,94078,1,1,1,4,3,Départementale,50.0,1
202400021014,2024-06-28,après-midi,,,75,75118,1,1,6,3,4,Voie communale,,1
202400021015,2024-03-10,soirée,,,94,94041,2,1,2,4,3,Départementale,50.0,1
202400021016,2024-11-17,après-midi,,,68,68376,1,1,7,3,9,Autre,,6
202400021017,2024-06-28,nuit,,,75,75117,5,1,7,4,4,Voie communale,30.0,1
202400021018,2024-03-10,après-midi,,,94,94022,1,8,3,4,3,Départementale,50.0,1
202400021019,2024-11-17,matin,,,69,69283,1,5,1,4,7,Autre,70.0,2
202400021020,2024-03-10,soirée,,,94,94048,1,1,6,4,3,Départementale,50.0,1
202400021021,2024-11-18,nuit,,,971,97109,3,2,6,2,2,Nationale,70.0,2
202400021022,2024-06-28,nuit,,,75,75115,5,1,1,4,4,Voie communale,30.0,1
202400021023,2024-03-10,après-midi,,,93,93008,1,1,6,4,4,Voie communale,50.0,1
202400021024,2024-11-17,nuit,,,26,26216,3,5,7,3,3,Départementale,80.0,1
202400021025,2024-03-10,après-midi,,,93,93001,1,1,3,4,3,Départementale,50.0,1
202400021026,2024-06-27,soirée,,,75,75114,1,1,2,4,4,Voie communale,30.0,1
202400021027,2024-03-10,après-midi,,,92,92044,1,8,3,4,3,Départementale,30.0,1
202400021028,2024-06-27,matin,,,75,75113,1,1,6,4,4,Voie communale,30.0,1
202400021029,2024-11-16,après-midi,,,42,42322,3,1,1,3,7,Autre,80.0,1
202400021030,2024-03-10,nuit,,,92,92050,5,2,2,4,3,Départementale,50.0,2
202400021031,2024-06-27,nuit,,,75,75112,5,1,6,4,4,Voie communale,30.0,1
202400021032,2024-11-17,matin,,,50,50137,1,8,6,3,1,Autoroute,130.0,2
202400021033,2024-03-10,après-midi,,,92,92044,1,2,6,4,4,Voie communale,,2
202400021034,2024-11-16,soirée,,,57,57269,5,1,6,3,4,Voie communale,50.0,1
202400021035,2024-06-28,après-midi,,,75,75110,1,1,3,4,4,Voie communale,30.0,1
202400021036,2024-03-10,soirée,,,92,92035,5,1,3,4,3,Départementale,50.0,1
202400021037,2024-11-17,nuit,,,51,51596,5,1,2,4,4,Voie communale,50.0,1
202400021038,2024-03-10,matin,,,92,92023,1,8,6,4,4,Voie communale,30.0,1
202400021039,2024-06-28,matin,,,75,75108,1,1,2,4,4,Voie communale,30.0,1
202400021040,2024-11-18,soirée,,,80,80318,5,2,6,3,3,Départementale,50.0,2
202400021041,2024-03-10,après-midi,,,92,92012,1,1,1,4,3,Départementale,50.0,1
202400021042,2024-06-28,après-midi,,,75,75108,1,1,3,4,4,Voie communale,50.0,1
202400021043,2024-11-17,soirée,,,80,80711,5,1,7,3,4,Voie communale,50.0,2
202400021044,2024-03-10,matin,,,92,92012,1,2,2,4,3,Départementale,50.0,2
202400021045,2024-11-17,nuit,,,65,65026,3,2,6,4,3,Départementale,70.0,2
202400021046,2024-06-28,soirée,,,75,75107,1,1,3,4,4,Voie communale,30.0,1
202400021047,2024-03-09,après-midi,,,92,92012,1,2,3,4,3,Départementale,30.0,2
202400021048,2024-11-14,soirée,,,33,33229,3,1,6,2,3,Départementale,110.0,1
202400021049,2024-06-28,soirée,,,75,75107,1,1,7,4,4,Voie communale,30.0,1
202400021050,2024-03-09,soirée,,,92,92002,5,2,6,4,4,Voie communale,30.0,2
202400021051,2024-11-16,après-midi,,,63,63201,1,1,6,4,3,Départementale,50.0,1
202400021052,2024-06-28,après-midi,,,75,75103,1,1,3,4,4,Voie communale,30.0,1
202400021053,2024-03-10,nuit,,,86,86153,3,1,2,4,2,Nationale,80.0,1
202400021054,2024-11-16,soirée,,,63,63368,3,1,7,4,3,Départementale,90.0,1
202400021055,2024-06-27,soirée,,,75,75104,1,1,3,4,4,Voie communale,30.0,1
202400021056,2024-03-10,matin,,,71,71481,2,3,6,4,1,Autoroute,130.0,2
202400021057,2024-11-17,matin,,,61,61484,2,2,6,4,3,Départementale,90.0,2
202400021058,2024-06-28,matin,,,94,94044,1,1,6,3,3,Départementale,50.0,1
202400021059,2024-03-08,matin,,,58,58086,1,1,6,3,4,Voie communale,50.0,1
202400021060,2024-11-16,matin,,,61,61194,1,1,7,4,4,Voie communale,80.0,1
202400021061,2024-06-28,soirée,,,75,75112,1,1,3,4,4,Voie communale,50.0,1
202400021062,2024-03-11,après-midi,,,974,97413,1,1,1,3,3,Départementale,50.0,1
202400021063,2024-11-08,après-midi,,,49,49248,1,1,1,3,3,Départementale,110.0,1
202400021064,2024-03-10,matin,,,34,34114,1,1,6,4,1,Autoroute,110.0,2
202400021065,2024-11-06,après-midi,,,49,49331,1,1,3,4,4,Voie communale,50.0,1
202400021066,2024-03-11,soirée,,,30,30312,3,2,1,4,3,Départementale,80.0,2
202400021067,2024-11-15,matin,,,49,49369,1,8,3,3,3,Départementale,50.0,1
202400021068,2024-06-28,nuit,,,94,94041,5,1,3,4,3,Départementale,50.0,1
202400021069,2024-03-10,nuit,,,30,30131,2,3,7,2,3,Départementale,80.0,4
202400021070,2024-06-28,soirée,,,94,94073,1,1,6,4,4,Voie communale,50.0,1
202400021071,2024-11-17,soirée,,,12,12022,3,1,2,4,3,Départementale,90.0,1
202400021072,2024-03-10,après-midi,,,34,34270,1,1,3,3,7,Autre,50.0,1
202400021073,2024-11-16,après-midi,,,42,42234,1,1,6,3,4,Voie communale,80.0,1
202400021074,2024-03-10,après-midi,,,89,89411,1,1,7,3,3,Départementale,80.0,1
202400021075,2024-06-28,soirée,,,94,94028,1,1,3,4,3,Départementale,30.0,1
202400021076,2024-11-17,nuit,,,41,41135,3,1,6,4,3,Départementale,50.0,1
202400021077,2024-03-10,après-midi,,,51,51054,1,1,6,4,3,Départementale,90.0,1
202400021078,2024-06-28,après-midi,,,94,94019,1,1,3,4,3,Départementale,30.0,1
202400021079,2024-11-09,matin,,,34,34300,1,3,1,4,2,Nationale,80.0,2
202400021080,2024-03-10,soirée,,,79,79220,3,1,2,3,2,Nationale,110.0,2
202400021081,2024-11-16,après-midi,,,34,34339,1,1,7,3,3,Départementale,80.0,1
202400021082,2024-06-28,nuit,,,94,94079,5,1,3,4,3,Départementale,50.0,1
202400021083,2024-03-10,soirée,,,2B,2B043,3,1,3,4,3,Départementale,80.0,1
202400021084,2024-11-15,après-midi,,,34,34312,1,1,6,4,3,Départementale,90.0,1
202400021085,2024-06-28,matin,,,93,93077,1,1,6,4,3,Départementale,50.0,1
202400021086,2024-03-11,matin,,,32,32147,1,3,7,3,3,Départementale,80.0,2
202400021087,2024-11-15,soirée,,,22,22137,3,1,1,3,3,Départementale,80.0,1
202400021088,2024-03-10,soirée,,,32,32269,3,8,6,3,3,Départementale,90.0,2
202400021089,2024-06-28,après-midi,,,93,93050,1,1,2,4,3,Départementale,50.0,1
202400021090,2024-11-16,après-midi,,,72,72023,1,1,1,3,3,Départementale,80.0,1
202400021091,2024-06-28,matin,,,93,93049,1,1,3,4,3,Départementale,50.0,1
202400021092,2024-03-10,après-midi,,,11,11206,1,1,3,4,4,Voie communale,,1
202400021093,2024-11-17,nuit,,,50,50431,3,2,3,4,3,Départementale,80.0,2
202400021094,2024-06-28,soirée,,,93,93015,1,1,3,4,4,Voie communale,50.0,1
202400021095,2024-03-10,après-midi,,,61,61402,1,4,5,4,3,Départementale,90.0,2
202400021096,2024-11-16,soirée,,,18,18197,5,1,3,3,3,Départementale,50.0,1
202400021097,2024-06-27,soirée,,,93,93046,1,1,2,4,4,Voie communale,50.0,1
202400021098,2024-03-11,nuit,,,42,42039,3,8,6,3,3,Départementale,80.0,2
202400021099,2024-03-10,après-midi,,,42,42227,1,1,6,3,3,Départementale,80.0,1
202400021100,2024-06-27,soirée,,,93,93046,1,1,6,4,4,Voie communale,50.0,1
202400021101,2024-03-11,après-midi,,,39,39201,1,1,6,2,6,Autre,30.0,6
202400021102,2024-11-16,matin,,,07,07237,1,1,3,3,3,Départementale,50.0,1
202400021103,2024-03-11,matin,,,29,29031,1,7,1,4,3,Départementale,70.0,1
202400021104,2024-11-16,après-midi,,,53,53147,5,1,3,3,3,Départementale,50.0,1
202400021105,2024-06-28,soirée,,,93,93072,2,7,6,4,3,Départementale,50.0,1
202400021106,2024-11-14,après-midi,,,53,53137,1,1,3,3,3,Départementale,90.0,1
202400021107,2024-03-10,soirée,,,31,31258,1,1,1,3,3,Départementale,80.0,1
202400021108,2024-06-27,nuit,,,92,92046,5,1,3,4,3,Départementale,50.0,1
202400021109,2024-11-17,matin,,,21,21408,3,1,6,4,3,Départementale,30.0,1
202400021110,2024-03-11,soirée,,,50,50400,2,1,6,3,3,Départementale,,1
202400021111,2024-06-26,nuit,,,92,92051,5,1,3,4,3,Départementale,50.0,1
202400021112,2024-11-16,matin,,,40,40094,1,1,7,4,3,Départementale,30.0,1
202400021113,2024-03-10,soirée,,,64,64029,3,3,6,4,3,Départementale,50.0,2
202400021114,2024-11-16,matin,,,17,17197,1,1,2,3,3,Départementale,50.0,1
202400021115,2024-03-10,soirée,,,18,18075,3,1,2,2,3,Départementale,80.0,1
202400021116,2024-06-28,soirée,,,92,92050,1,1,3,4,4,Voie communale,50.0,1
202400021117,2024-11-17,soirée,,,30,30006,3,1,7,2,3,Départementale,80.0,1
202400021118,2024-06-28,matin,,,92,92050,1,1,3,4,3,Départementale,50.0,1
202400021119,2024-03-11,matin,,,10,10198,1,5,7,4,3,Départementale,80.0,1
202400021120,2024-11-17,matin,,,76,76660,2,1,2,3,2,Nationale,70.0,2
202400021121,2024-03-10,soirée,,,36,36109,3,2,1,4,3,Départementale,90.0,2
202400021122,2024-06-27,soirée,,,92,92020,1,1,2,4,3,Départementale,50.0,1
202400021123,2024-11-18,matin,,,13,13091,1,7,1,3,4,Voie communale,50.0,1
202400021124,2024-03-08,après-midi,,,40,40284,1,1,7,3,3,Départementale,50.0,1
202400021125,2024-11-17,nuit,,,34,34333,3,1,6,2,3,Départementale,80.0,1
202400021126,2024-02-17,nuit,,,85,85204,3,5,6,3,3,Départementale,110.0,1
202400021127,2024-11-17,après-midi,,,973,97309,2,1,3,4,3,Départementale,50.0,1
202400021128,2024-06-27,soirée,,,92,92044,2,1,3,3,3,Départementale,50.0,1
202400021129,2024-03-08,matin,,,85,85034,1,1,7,4,3,Départementale,80.0,1
202400021130,2024-11-18,matin,,,06,06152,1,1,3,4,3,Départementale,50.0,1
202400021131,2024-02-28,après-midi,,,17,17116,1,1,7,3,3,Départementale,80.0,1
202400021132,2024-11-16,après-midi,,,63,63195,2,7,1,3,3,Départementale,90.0,2
202400021133,2024-06-28,après-midi,,,92,92036,1,1,3,4,3,Départementale,50.0,1
202400021134,2024-03-10,soirée,,,23,23112,3,2,6,2,4,Voie communale,90.0,2
202400021135,2024-11-16,après-midi,,,83,83133,2,1,6,4,1,Autoroute,110.0,1
202400021136,2024-06-25,soirée,,,92,92036,1,1,3,4,3,Départementale,50.0,1
202400021137,2024-03-11,après-midi,,,30,30062,1,1,3,3,4,Voie communale,,1
202400021138,2024-11-16,matin,,,67,67460,2,1,3,3,1,Autoroute,70.0,1
202400021139,2024-03-09,soirée,,,30,30120,3,3,7,2,4,Voie communale,30.0,4
202400021140,2024-06-27,après-midi,,,92,92012,1,1,6,4,4,Voie communale,50.0,1
202400021141,2024-11-15,après-midi,,,987,98712,1,1,2,3,3,Départementale,50.0,1
202400021142,2024-03-08,après-midi,,,973,97307,1,1,3,3,3,Départementale,,1
202400021143,2024-06-28,soirée,,,92,92007,1,1,3,4,3,Départementale,50.0,1
202400021144,2024-11-16,après-midi,,,78,78349,1,1,7,3,1,Autoroute,130.0,1
202400021145,2024-03-10,soirée,,,978,97801,3,1,7,3,2,Nationale,70.0,1
202400021146,2024-11-16,matin,,,987,98714,1,1,2,2,2,Nationale,,1
202400021147,2024-06-28,après-midi,,,92,92007,1,1,3,4,3,Départementale,50.0,1
202400021148,2024-03-11,matin,,,13,13037,1,1,3,3,3,Départementale,80.0,1
202400021149,2024-11-17,matin,,,988,98803,1,1,6,3,2,Nationale,110.0,1
202400021150,2024-06-28,soirée,,,92,92004,1,1,2,4,3,Départementale,70.0,1
202400021151,2024-03-10,après-midi,,,973,97309,1,1,3,4,3,Départementale,,1
202400021152,2024-11-16,nuit,,,986,98613,3,1,1,3,2,Nationale,70.0,1
202400021153,2024-06-27,nuit,,,92,92004,2,1,6,4,3,Départementale,70.0,1
202400021154,2024-03-10,nuit,,,42,42279,5,8,3,4,3,Départementale,50.0,1
202400021155,2024-06-29,nuit,,,54,54262,2,1,6,3,3,Départementale,50.0,1
202400021156,2024-11-15,nuit,,,986,98613,3,1,1,2,2,Nationale,70.0,1
202400021157,2024-06-28,après-midi,,,31,31271,1,1,7,3,3,Départementale,80.0,1
202400021158,2024-03-11,matin,,,17,17140,1,1,1,2,3,Départementale,80.0,1
202400021159,2024-11-18,matin,,,973,97305,1,1,1,4,2,Nationale,80.0,1
202400021160,2024-06-28,soirée,,,86,86289,1,1,6,4,3,Départementale,80.0,1
202400021161,2024-03-09,après-midi,,,976,97609,1,1,7,4,3,Départementale,50.0,1
202400021162,2024-06-28,nuit,,,16,16297,3,1,6,3,3,Départementale,70.0,1
202400021163,2024-11-17,soirée,,,29,29233,5,1,3,4,3,Départementale,30.0,1
202400021164,2024-03-11,après-midi,,,73,73182,1,1,6,3,1,Autoroute,130.0,1
202400021165,2024-06-28,nuit,,,49,49127,4,1,6,3,3,Départementale,30.0,1
202400021166,2024-11-18,après-midi,,,45,45155,3,2,1,4,3,Départementale,90.0,2
202400021167,2024-03-10,soirée,,,95,95371,5,1,2,4,3,Départementale,30.0,2
202400021168,2024-11-14,soirée,,,45,45179,3,1,2,4,3,Départementale,80.0,1
202400021169,2024-03-10,après-midi,,,971,97125,1,1,1,3,4,Voie communale,80.0,1
202400021170,2024-11-15,après-midi,,,77,77315,1,1,3,4,4,Voie communale,30.0,1
202400021171,2024-03-11,matin,,,45,45155,1,1,6,4,4,Voie communale,30.0,1
202400021172,2024-03-11,après-midi,,,2A,2A041,3,2,7,3,2,Nationale,80.0,2
202400021173,2024-06-29,après-midi,,,51,51298,1,1,7,4,3,Départementale,80.0,1
202400021174,2024-06-27,matin,,,62,62399,1,1,6,3,3,Départementale,50.0,1
202400021175,2024-11-17,matin,,,95,95039,1,8,4,4,4,Voie communale,30.0,2
202400021176,2024-02-16,après-midi,,,06,06147,1,1,3,4,7,Autre,70.0,1
202400021177,2024-06-29,matin,,,51,51002,1,1,6,3,4,Voie communale,50.0,1
202400021178,2024-11-16,matin,,,78,78057,1,1,2,3,3,Départementale,50.0,1
202400021179,2024-03-07,matin,,,13,13022,1,1,1,3,3,Départementale,80.0,1
202400021180,2024-11-15,matin,,,2B,2B042,1,7,1,3,4,Voie communale,80.0,1
202400021181,2024-06-28,matin,,,19,19213,1,1,5,4,3,Départementale,90.0,1
202400021182,2024-03-08,après-midi,,,71,71090,1,1,3,4,3,Départementale,50.0,1
202400021183,2024-11-16,après-midi,,,2A,2A288,1,1,1,4,3,Départementale,30.0,1
202400021184,2024-06-28,nuit,,,65,65342,3,1,7,4,3,Départementale,80.0,9
202400021185,2024-03-08,après-midi,,,54,54123,1,7,1,3,3,Départementale,50.0,1
202400021186,2024-06-27,soirée,,,33,33361,1,1,1,3,3,Départementale,80.0,1
202400021187,2024-02-26,après-midi,,,33,33433,1,2,6,3,3,Départementale,80.0,2
202400021188,2024-06-28,après-midi,,,32,32132,1,1,2,4,2,Nationale,80.0,1
202400021189,2024-11-16,soirée,,,34,34329,3,1,6,3,3,Départementale,90.0,1
202400021190,2024-02-24,matin,,,44,44047,1,3,6,4,4,Voie communale,30.0,2
202400021191,2024-06-27,après-midi,,,11,11258,1,7,6,3,3,Départementale,80.0,1
202400021192,2024-03-10,soirée,,,29,29087,1,1,6,2,4,Voie communale,50.0,1
202400021193,2024-11-14,après-midi,,,06,06047,2,1,1,3,3,Départementale,50.0,1
202400021194,2024-03-10,nuit,,,13,13015,3,3,6,4,1,Autoroute,90.0,4
202400021195,2024-11-17,après-midi,,,05,05117,1,1,6,3,3,Départementale,90.0,1
202400021196,2024-03-09,matin,,,13,13005,1,2,3,4,1,Autoroute,90.0,2
202400021197,2024-06-29,matin,,,49,49224,1,3,1,3,3,Départementale,90.0,2
202400021198,2024-03-09,nuit,,,13,13071,3,2,2,4,1,Autoroute,90.0,2
202400021199,2024-06-26,après-midi,,,42,42038,1,1,6,3,3,Départementale,80.0,1
202400021200,2024-11-17,après-midi,,,05,05070,5,1,3,4,3,Départementale,50.0,1
202400021201,2024-03-10,soirée,,,33,33249,5,2,6,4,1,Autoroute,30.0,2
202400021202,2024-11-16,soirée,,,05,05078,3,1,1,3,3,Départementale,90.0,1
202400021203,2024-06-28,après-midi,,,47,47058,1,1,3,4,3,Départementale,80.0,1
202400021204,2024-03-10,après-midi,,,91,91689,1,1,5,4,1,Autoroute,110.0,1
202400021205,2024-09-04,matin,,,13,13089,1,8,3,3,3,Départementale,80.0,1
202400021206,2024-06-29,matin,,,86,86009,1,7,3,3,3,Départementale,80.0,1
202400021207,2024-03-10,après-midi,,,95,95582,1,1,2,4,1,Autoroute,70.0,1
202400021208,2024-06-29,nuit,,,29,29218,3,1,2,3,3,Départementale,,1
202400021209,2024-11-15,après-midi,,,70,70026,1,1,6,4,3,Départementale,30.0,1
202400021210,2024-03-10,matin,,,95,95582,3,1,5,4,1,Autoroute,110.0,2
202400021211,2024-11-17,après-midi,,,21,21469,3,1,6,3,3,Départementale,70.0,1
202400021212,2024-03-10,nuit,,,93,93066,3,2,6,2,1,Autoroute,90.0,2
202400021213,2024-06-29,matin,,,02,02159,1,1,3,3,3,Départementale,80.0,1
202400021214,2024-11-17,matin,,,54,54063,1,2,6,3,3,Départementale,80.0,2
202400021215,2024-06-28,après-midi,,,14,14570,1,1,6,3,4,Voie communale,80.0,1
202400021216,2024-03-10,soirée,,,77,77450,2,1,6,4,2,Nationale,90.0,2
202400021217,2024-11-16,matin,,,73,73284,1,1,6,3,3,Départementale,80.0,1
202400021218,2024-06-29,matin,,,05,05045,1,1,1,4,2,Nationale,80.0,1
202400021219,2024-03-10,après-midi,,,94,94065,1,1,4,4,2,Nationale,90.0,1
202400021220,2024-11-18,après-midi,,,42,42037,1,1,1,3,3,Départementale,80.0,1
202400021221,2024-06-28,après-midi,,,90,90065,1,1,6,3,3,Départementale,80.0,1
202400021222,2024-11-17,soirée,,,38,38537,3,1,7,2,4,Voie communale,50.0,1
202400021223,2024-03-10,après-midi,,,94,94017,5,1,5,3,1,Autoroute,90.0,1
202400021224,2024-06-28,après-midi,,,18,18004,1,1,1,3,3,Départementale,50.0,1
202400021225,2024-01-07,nuit,,,74,74173,5,1,6,3,3,Départementale,,2
202400021226,2024-11-16,après-midi,,,44,44035,1,1,6,4,4,Voie communale,50.0,1
202400021227,2024-11-15,après-midi,,,38,38545,1,1,7,2,7,Autre,50.0,1
202400021228,2024-06-29,nuit,,,36,36088,5,1,3,4,4,Voie communale,50.0,1
202400021229,2024-03-08,nuit,,,973,97302,5,1,3,4,4,Voie communale,50.0,1
202400021230,2024-06-28,soirée,,,07,07010,2,1,6,4,3,Départementale,90.0,1
202400021231,2024-03-05,après-midi,,,75,75116,1,1,6,4,4,Voie communale,50.0,1
202400021232,2024-11-16,matin,,,26,26084,2,5,7,4,4,Voie communale,80.0,1
202400021233,2024-03-09,après-midi,,,987,98736,1,1,2,4,4,Voie communale,30.0,1
202400021234,2024-11-17,nuit,,,81,81099,3,5,6,2,3,Départementale,70.0,1
202400021235,2024-06-28,nuit,,,17,17365,3,1,2,3,3,Départementale,80.0,1
202400021236,2024-02-28,après-midi,,,987,98735,1,1,6,4,4,Voie communale,40.0,1
202400021237,2024-06-28,matin,,,37,37167,1,1,6,3,3,Départementale,80.0,1
202400021238,2024-11-16,matin,,,65,65059,1,1,2,4,4,Voie communale,50.0,1
202400021239,2024-03-09,soirée,,,973,97302,5,1,2,4,3,Départementale,50.0,1
202400021240,2024-06-28,soirée,,,30,30182,1,1,3,3,3,Départementale,80.0,1
202400021241,2024-11-17,soirée,,,33,33322,3,8,4,4,3,Départementale,80.0,1
202400021242,2024-06-28,après-midi,,,14,14229,1,1,7,3,1,Autoroute,130.0,1
202400021243,2024-03-09,matin,,,973,97302,1,1,3,4,3,Départementale,50.0,1
202400021244,2024-11-17,après-midi,,,33,33256,1,1,7,4,3,Départementale,50.0,1
202400021245,2024-06-29,nuit,,,78,78569,3,1,2,3,1,Autoroute,110.0,1
202400021246,2024-11-17,après-midi,,,29,29091,1,7,3,3,3,Départementale,80.0,1
202400021247,2024-03-08,soirée,,,972,97213,3,1,1,4,3,Départementale,70.0,1
202400021248,2024-06-28,après-midi,,,987,98748,2,1,1,2,2,Nationale,60.0,1
202400021249,2024-10-27,nuit,,,76,76743,3,1,7,3,3,Départementale,30.0,1
202400021250,2024-03-08,soirée,,,972,97209,5,1,2,4,4,Voie communale,50.0,1
202400021251,2024-06-28,après-midi,,,95,95489,1,1,7,3,3,Départementale,50.0,1
202400021252,2024-03-09,matin,,,971,97113,1,2,7,4,4,Voie communale,90.0,2
202400021253,2024-03-09,après-midi,,,971,97101,1,1,6,4,2,Nationale,50.0,1
202400021254,2024-06-28,soirée,,,78,78478,1,1,2,3,2,Nationale,70.0,1
202400021255,2024-10-09,soirée,,,59,59268,2,1,3,4,3,Départementale,50.0,2
202400021256,2024-03-09,matin,,,971,97113,1,2,1,4,2,Nationale,50.0,2
202400021257,2024-06-27,soirée,,,34,34162,1,1,7,4,3,Départementale,30.0,1