Num_Acc,date,time_of_day,lat,long,dep,com,lum,atm,col,severity_index,catr,catr_label,vma,surf
202400021258,2024-11-17,soirée,,,13,13071,2,1,2,3,1,Autoroute,90.0,1
202400021259,2024-03-09,nuit,,,971,97113,5,2,6,2,2,Nationale,90.0,2
202400021260,2024-06-17,soirée,,,06,06075,1,1,1,3,7,Autre,50.0,1
202400021261,2024-11-15,après-midi,,,13,13211,2,1,4,4,1,Autoroute,70.0,1
202400021262,2024-03-08,après-midi,,,971,97113,1,1,2,4,2,Nationale,50.0,1
202400021263,2024-06-28,après-midi,,,52,52457,1,1,1,4,3,Départementale,80.0,1
202400021264,2024-11-17,après-midi,,,13,13212,1,1,2,4,1,Autoroute,70.0,1
202400021265,2024-03-08,matin,,,971,97101,1,1,3,4,3,Départementale,50.0,1
202400021266,2024-11-17,matin,,,13,13106,3,1,2,4,1,Autoroute,90.0,2
202400021267,2024-06-29,matin,,,68,68123,1,1,3,4,3,Départementale,30.0,1
202400021268,2024-03-08,matin,,,971,97101,1,1,2,4,3,Départementale,50.0,1
202400021269,2024-11-17,nuit,,,13,13071,3,1,1,4,1,Autoroute,90.0,1
202400021270,2024-06-29,après-midi,,,03,03235,1,1,6,3,3,Départementale,70.0,1
202400021271,2024-03-09,matin,,,95,95197,1,1,6,4,6,Autre,30.0,1
202400021272,2024-11-16,soirée,,,13,13071,3,1,6,4,1,Autoroute,90.0,1
202400021273,2024-06-28,matin,,,56,56176,1,7,6,3,4,Voie communale,30.0,1
202400021274,2024-11-17,nuit,,,67,67365,3,1,6,4,7,Autre,90.0,1
202400021275,2024-02-19,soirée,,,91,91377,2,2,2,4,3,Départementale,50.0,2
202400021276,2024-06-28,après-midi,,,22,22291,1,1,3,3,3,Départementale,50.0,1
202400021277,2024-11-16,nuit,,,91,91659,3,1,2,3,1,Autoroute,110.0,1
202400021278,2024-03-09,nuit,,,86,86194,5,2,7,3,4,Voie communale,30.0,2
202400021279,2024-06-28,matin,,,35,35047,1,1,3,3,4,Voie communale,,1
202400021280,2024-11-17,après-midi,,,92,92036,1,1,2,4,2,Nationale,90.0,1
202400021281,2024-03-10,nuit,,,84,84007,5,1,3,4,4,Voie communale,20.0,1
202400021282,2024-11-17,matin,,,77,77141,5,1,6,3,1,Autoroute,70.0,1
202400021283,2024-06-29,nuit,,,60,60695,3,1,6,4,3,Départementale,70.0,1
202400021284,2024-03-09,soirée,,,84,84007,2,1,2,4,4,Voie communale,20.0,1
202400021285,2024-06-29,nuit,,,60,60695,3,1,6,4,3,Départementale,70.0,1
202400021286,2024-11-16,nuit,,,94,94017,5,1,2,4,1,Autoroute,50.0,1
202400021287,2024-11-16,soirée,,,94,94028,5,1,6,4,1,Autoroute,90.0,1
202400021288,2024-03-09,après-midi,,,30,30351,1,2,3,4,3,Départementale,50.0,2
202400021289,2024-06-26,soirée,,,69,69029,1,1,2,4,7,Autre,70.0,1
202400021290,2024-06-28,matin,,,93,93008,1,1,3,4,3,Départementale,50.0,1
202400021291,2024-06-28,après-midi,,,33,33550,1,1,3,4,1,Autoroute,90.0,1
202400021292,2024-03-09,matin,,,84,84007,1,1,3,4,4,Voie communale,30.0,1
202400021293,2024-06-28,soirée,,,94,94034,1,1,2,4,1,Autoroute,70.0,1
202400021294,2024-06-19,soirée,,,93,93048,1,1,3,4,4,Voie communale,,1
202400021295,2024-03-09,après-midi,,,83,83137,1,3,2,4,3,Départementale,50.0,2
202400021296,2024-06-15,matin,,,93,93048,1,1,6,4,4,Voie communale,50.0,1
202400021297,2024-06-28,après-midi,,,91,91161,1,1,2,4,1,Autoroute,110.0,1
202400021298,2024-03-09,nuit,,,82,82033,3,1,6,3,3,Départementale,80.0,1
202400021299,2024-06-28,matin,,,91,91589,1,1,6,4,1,Autoroute,110.0,1
202400021300,2024-06-05,nuit,,,93,93048,5,1,3,4,3,Départementale,50.0,1
202400021301,2024-06-28,matin,,,94,94021,1,1,3,4,1,Autoroute,90.0,1
202400021302,2024-06-03,après-midi,,,93,93048,1,1,5,4,3,Départementale,50.0,1
202400021303,2024-06-28,matin,,,93,93029,1,1,1,3,1,Autoroute,90.0,1
202400021304,2024-03-09,après-midi,,,81,81033,1,1,3,4,3,Départementale,30.0,1
202400021305,2024-06-28,après-midi,,,93,93048,1,1,6,3,3,Départementale,30.0,1
202400021306,2024-06-28,matin,,,95,95395,1,1,3,4,2,Nationale,90.0,1
202400021307,2024-06-30,après-midi,,,93,93048,1,1,3,4,3,Départementale,30.0,1
202400021308,2024-06-28,matin,,,95,95018,1,1,5,4,1,Autoroute,110.0,1
202400021309,2024-03-09,après-midi,,,74,74118,1,1,5,4,4,Voie communale,50.0,1
202400021310,2024-05-16,soirée,,,93,93048,1,1,3,4,4,Voie communale,50.0,1
202400021311,2024-06-28,après-midi,,,94,94022,1,1,4,4,1,Autoroute,90.0,1
202400021312,2024-05-14,après-midi,,,93,93071,1,2,6,4,4,Voie communale,50.0,2
202400021313,2024-03-08,après-midi,,,74,74305,1,1,2,4,4,Voie communale,50.0,1
202400021314,2024-06-28,après-midi,,,94,94028,1,1,2,4,1,Autoroute,90.0,1
202400021315,2024-05-05,après-midi,,,93,93048,1,2,3,4,3,Départementale,50.0,2
202400021316,2024-03-09,après-midi,,,69,69256,1,1,2,4,4,Voie communale,50.0,1
202400021317,2024-02-29,matin,,,14,14228,1,1,7,3,3,Départementale,30.0,1
202400021318,2024-05-04,après-midi,,,93,93048,1,8,3,4,3,Départementale,50.0,1
202400021319,2024-03-09,soirée,,,69,69264,5,1,1,4,4,Voie communale,50.0,1
202400021320,2024-06-27,après-midi,,,974,97411,2,1,7,4,4,Voie communale,50.0,1
202400021321,2024-06-01,matin,,,93,93048,1,2,6,4,4,Voie communale,30.0,2
202400021322,2024-06-17,après-midi,,,974,97411,1,8,6,4,4,Voie communale,30.0,1
202400021323,2024-03-09,nuit,,,64,64483,3,1,7,4,3,Départementale,30.0,1
202400021324,2024-03-30,après-midi,,,93,93051,1,2,7,4,1,Autoroute,110.0,2
202400021325,2024-06-27,après-midi,,,974,97411,1,1,2,4,2,Nationale,50.0,1
202400021326,2024-07-10,après-midi,,,43,43158,1,1,7,3,4,Voie communale,,1
202400021327,2024-06-08,après-midi,,,43,43003,2,1,7,3,3,Départementale,90.0,1
202400021328,2024-06-27,matin,,,974,97407,1,1,3,4,2,Nationale,30.0,1
202400021329,2024-03-09,soirée,,,64,64102,1,1,3,4,3,Départementale,50.0,1
202400021330,2024-08-13,après-midi,,,43,43135,1,1,7,3,3,Départementale,90.0,1
202400021331,2024-06-27,après-midi,,,69,69387,1,1,6,4,4,Voie communale,50.0,1
202400021332,2024-03-09,après-midi,,,63,63113,1,2,3,4,4,Voie communale,30.0,2
202400021333,2024-08-11,après-midi,,,43,43017,1,7,1,3,3,Départementale,,1
202400021334,2024-06-26,soirée,,,69,69383,1,1,3,4,4,Voie communale,30.0,1
202400021335,2024-06-27,après-midi,,,69,69388,1,1,6,3,4,Voie communale,30.0,1
202400021336,2024-08-11,matin,,,43,43115,1,1,3,4,3,Départementale,80.0,1
202400021337,2024-03-08,soirée,,,59,59467,1,1,7,3,4,Voie communale,30.0,1
202400021338,2024-06-27,matin,,,69,69387,1,1,3,4,4,Voie communale,30.0,1
202400021339,2024-08-03,matin,,,43,43059,1,1,1,3,3,Départementale,80.0,9
202400021340,2024-03-09,matin,,,59,59386,1,1,7,3,4,Voie communale,30.0,1
202400021341,2024-06-26,après-midi,,,972,97209,1,1,7,4,4,Voie communale,30.0,1
202400021342,2024-03-09,après-midi,,,59,59155,1,1,3,4,4,Voie communale,50.0,1
202400021343,2024-11-07,matin,,,56,56260,1,1,3,4,4,Voie communale,50.0,1
202400021344,2024-06-27,après-midi,,,2B,2B033,1,1,6,4,4,Voie communale,50.0,1
202400021345,2024-03-08,après-midi,,,54,54357,1,1,3,4,4,Voie communale,50.0,1
202400021346,2024-07-08,matin,,,55,55008,1,1,1,3,3,Départementale,90.0,1
202400021347,2024-06-27,matin,,,971,97101,1,1,6,4,4,Voie communale,15.0,1
202400021348,2024-07-09,soirée,,,55,55122,1,1,6,2,3,Départementale,90.0,1
202400021349,2024-03-09,matin,,,54,54549,1,8,3,4,4,Voie communale,50.0,1
202400021350,2024-11-16,soirée,,,974,97416,3,1,6,3,4,Voie communale,50.0,1
202400021351,2024-06-27,soirée,,,95,95277,2,1,2,4,3,Départementale,90.0,1
202400021352,2024-03-09,après-midi,,,51,51454,1,1,2,4,4,Voie communale,30.0,1
202400021353,2024-11-16,soirée,,,974,97411,1,1,6,4,4,Voie communale,30.0,1
202400021354,2024-03-08,matin,,,51,51454,1,1,7,4,4,Voie communale,50.0,1
202400021355,2024-06-26,soirée,,,95,95277,1,1,3,4,4,Voie communale,50.0,1
202400021356,2024-11-15,après-midi,,,974,97407,1,1,3,4,2,Nationale,50.0,1
202400021357,2024-03-09,soirée,,,49,49007,5,2,6,3,4,Voie communale,50.0,2
202400021358,2024-06-27,soirée,,,95,95607,1,1,6,3,3,Départementale,50.0,1
202400021359,2024-03-09,matin,,,47,47031,1,2,6,3,4,Voie communale,50.0,2
202400021360,2024-11-15,soirée,,,972,97213,3,1,3,4,3,Départementale,30.0,1
202400021361,2024-06-27,matin,,,91,91667,1,1,6,4,4,Voie communale,50.0,1
202400021362,2024-03-09,soirée,,,46,46042,5,1,3,4,3,Départementale,30.0,1
202400021363,2024-11-16,après-midi,,,2B,2B037,1,1,3,4,4,Voie communale,50.0,1
202400021364,2024-06-26,après-midi,,,91,91021,1,1,4,4,3,Départementale,50.0,1
202400021365,2024-03-09,nuit,,,35,35238,5,2,2,4,4,Voie communale,50.0,2
202400021366,2024-11-16,soirée,,,971,97101,5,1,6,3,3,Départementale,70.0,1
202400021367,2024-06-26,après-midi,,,91,91421,1,1,3,4,4,Voie communale,30.0,1
202400021368,2024-03-07,soirée,,,35,35278,2,1,2,4,4,Voie communale,50.0,1
202400021369,2024-06-27,soirée,,,91,91027,1,1,2,3,3,Départementale,50.0,1
202400021370,2024-11-16,après-midi,,,2A,2A004,1,1,2,4,4,Voie communale,50.0,1
202400021371,2024-03-05,après-midi,,,33,33063,1,8,6,4,4,Voie communale,50.0,1
202400021372,2024-06-27,soirée,,,91,91027,1,1,3,4,2,Nationale,50.0,1
202400021373,2024-06-27,après-midi,,,91,91340,1,1,6,4,3,Départementale,50.0,1
202400021374,2024-11-15,après-midi,,,2A,2A004,1,1,4,4,2,Nationale,90.0,1
202400021375,2024-03-09,matin,,,31,31483,1,1,3,4,3,Départementale,5.0,1
202400021376,2024-06-27,matin,,,86,86194,1,7,2,4,3,Départementale,50.0,1
202400021377,2024-11-15,après-midi,,,2A,2A004,2,1,2,4,4,Voie communale,50.0,1
202400021378,2024-03-09,soirée,,,13,13215,5,3,1,4,4,Voie communale,50.0,2
202400021379,2024-11-13,soirée,,,95,95197,5,1,3,4,3,Départementale,30.0,1
202400021380,2024-03-09,matin,,,13,13210,1,1,1,4,4,Voie communale,50.0,1
202400021381,2024-03-08,après-midi,,,13,13208,1,2,3,4,4,Voie communale,50.0,2
202400021382,2024-11-16,nuit,,,83,83126,3,1,1,4,3,Départementale,50.0,1
202400021383,2024-03-08,matin,,,13,13028,1,3,1,3,4,Voie communale,50.0,2
202400021384,2024-11-16,nuit,,,83,83129,5,1,1,4,4,Voie communale,50.0,1
202400021385,2024-03-09,après-midi,,,13,13001,1,3,2,4,3,Départementale,80.0,2
202400021386,2024-11-17,nuit,,,82,82121,4,1,1,4,4,Voie communale,50.0,1
202400021387,2024-03-09,matin,,,13,13001,2,1,1,4,6,Autre,30.0,2
202400021388,2024-11-16,soirée,,,80,80021,5,1,3,4,4,Voie communale,50.0,1
202400021389,2024-03-08,après-midi,,,11,11069,1,1,2,4,4,Voie communale,50.0,1
202400021390,2024-03-09,après-midi,,,75,75120,1,1,3,4,4,Voie communale,30.0,1
202400021391,2024-11-16,après-midi,,,78,78551,1,1,6,3,4,Voie communale,50.0,1
202400021392,2024-03-09,nuit,,,75,75119,5,1,3,4,4,Voie communale,30.0,1
202400021393,2024-11-16,après-midi,,,77,77258,1,1,3,4,4,Voie communale,30.0,1
202400021394,2024-11-16,soirée,,,77,77284,5,1,1,4,4,Voie communale,50.0,1
202400021395,2024-03-08,après-midi,,,75,75119,1,1,3,4,4,Voie communale,30.0,1
202400021396,2024-11-16,nuit,,,76,76540,5,1,2,4,7,Autre,50.0,1
202400021397,2024-03-09,matin,,,75,75108,5,1,6,4,4,Voie communale,50.0,1
202400021398,2024-11-16,soirée,,,76,76540,5,1,3,4,7,Autre,50.0,1
202400021399,2024-03-09,matin,,,75,75107,1,1,6,3,4,Voie communale,30.0,1
202400021400,2024-11-16,soirée,,,73,73029,5,1,1,4,3,Départementale,50.0,1
202400021401,2024-03-08,soirée,,,75,75107,2,1,7,3,4,Voie communale,30.0,1
202400021402,2024-11-16,après-midi,,,64,64545,1,1,2,4,3,Départementale,50.0,1
202400021403,2024-11-16,matin,,,64,64445,1,1,1,4,4,Voie communale,50.0,1
202400021404,2024-03-09,après-midi,,,94,94081,1,1,6,4,3,Départementale,50.0,1
202400021405,2024-11-15,après-midi,,,64,64445,1,1,6,3,4,Voie communale,50.0,1
202400021406,2024-03-09,soirée,,,94,94076,5,2,5,4,4,Voie communale,50.0,2
202400021407,2024-11-15,soirée,,,64,64445,5,1,2,4,4,Voie communale,50.0,1
202400021408,2024-03-09,après-midi,,,94,94076,1,2,6,4,3,Départementale,50.0,2
202400021409,2024-11-16,soirée,,,64,64024,5,1,2,4,4,Voie communale,50.0,1
202400021410,2024-03-09,matin,,,94,94073,1,1,3,4,3,Départementale,50.0,1
202400021411,2024-11-16,soirée,,,63,63113,5,1,3,4,4,Voie communale,30.0,1
202400021412,2024-03-09,après-midi,,,93,93055,1,1,6,4,4,Voie communale,30.0,1
202400021413,2024-11-16,après-midi,,,62,62624,1,1,3,4,4,Voie communale,50.0,1
202400021414,2024-11-15,nuit,,,60,60057,3,1,6,3,4,Voie communale,70.0,2
202400021415,2024-03-09,matin,,,93,93032,1,1,3,4,4,Voie communale,50.0,1
202400021416,2024-11-15,après-midi,,,59,59508,2,1,6,4,4,Voie communale,20.0,1
202400021417,2024-03-09,après-midi,,,93,93057,1,1,2,4,3,Départementale,50.0,1
202400021418,2024-11-16,après-midi,,,56,56260,1,1,7,4,2,Nationale,90.0,1
202400021419,2024-03-08,après-midi,,,92,92063,1,1,7,4,4,Voie communale,50.0,1
202400021420,2024-11-16,matin,,,56,56121,1,1,6,4,4,Voie communale,30.0,1
202400021421,2024-03-09,après-midi,,,92,92050,1,2,3,4,4,Voie communale,50.0,2
202400021422,2024-03-09,nuit,,,92,92036,5,1,6,4,4,Voie communale,50.0,1
202400021423,2024-11-16,nuit,,,51,51242,3,1,1,3,3,Départementale,90.0,1
202400021424,2024-11-16,matin,,,49,49267,1,1,7,4,4,Voie communale,30.0,1
202400021425,2024-03-10,matin,,,41,41204,1,5,1,4,3,Départementale,90.0,2
202400021426,2024-03-10,matin,,,33,33072,2,2,6,3,3,Départementale,80.0,2
202400021427,2024-03-10,matin,,,10,10412,2,3,7,2,3,Départementale,110.0,2
202400021428,2024-11-16,après-midi,,,45,45234,1,1,2,4,4,Voie communale,50.0,1
202400021429,2024-03-09,après-midi,,,22,22364,1,1,7,4,2,Nationale,110.0,2
202400021430,2024-03-08,après-midi,,,59,59653,1,1,7,3,4,Voie communale,50.0,1
202400021431,2024-11-15,nuit,,,45,45234,5,1,3,2,4,Voie communale,50.0,1
202400021432,2024-10-30,nuit,,,44,44184,3,1,6,4,4,Voie communale,70.0,1
202400021433,2024-03-10,nuit,,,44,44089,3,8,6,3,2,Nationale,110.0,2
202400021434,2024-03-09,après-midi,,,62,62306,1,1,7,3,3,Départementale,80.0,1
202400021435,2024-11-15,après-midi,,,42,42218,2,1,6,3,4,Voie communale,50.0,1
202400021436,2024-03-09,nuit,,,30,30302,3,3,7,2,3,Départementale,80.0,2
202400021437,2024-03-09,après-midi,,,51,51380,1,2,6,4,3,Départementale,50.0,2
202400021438,2024-11-15,après-midi,,,35,35278,2,1,4,4,2,Nationale,90.0,1
202400021439,2024-03-08,après-midi,,,76,76577,1,1,6,3,3,Départementale,50.0,1
202400021440,2024-03-10,nuit,,,76,76273,3,9,7,4,7,Autre,80.0,2
202400021441,2024-03-09,matin,,,32,32032,1,8,6,4,4,Voie communale,50.0,1
202400021442,2024-11-16,soirée,,,34,34172,5,1,1,4,4,Voie communale,50.0,1
202400021443,2024-03-10,nuit,,,71,71353,3,3,6,3,3,Départementale,80.0,2
202400021444,2024-03-10,nuit,,,89,89380,3,2,7,2,3,Départementale,90.0,2
202400021445,2024-11-16,soirée,,,34,34172,5,1,2,4,7,Autre,50.0,1
202400021446,2024-03-09,après-midi,,,63,63276,1,6,1,3,3,Départementale,90.0,1
202400021447,2024-11-16,nuit,,,34,34172,5,1,3,4,4,Voie communale,50.0,1
202400021448,2024-03-10,après-midi,,,61,61287,1,1,2,4,3,Départementale,90.0,1
202400021449,2024-11-15,après-midi,,,34,34172,1,1,6,3,4,Voie communale,30.0,1
202400021450,2024-03-10,matin,,,03,03236,1,8,6,4,3,Départementale,90.0,9
202400021451,2024-11-16,après-midi,,,33,33013,1,1,2,4,4,Voie communale,50.0,1
202400021452,2024-03-10,après-midi,,,66,66015,1,1,3,3,3,Départementale,80.0,1
202400021453,2024-11-16,nuit,,,33,33063,5,1,6,4,4,Voie communale,50.0,1
202400021454,2024-03-09,après-midi,,,54,54022,1,1,1,4,3,Départementale,80.0,2
202400021455,2024-03-10,après-midi,,,36,36102,1,1,3,4,3,Départementale,80.0,1
202400021456,2024-03-08,matin,,,16,16145,2,1,2,3,2,Nationale,110.0,1
202400021457,2024-03-10,matin,,,07,07265,3,2,6,3,3,Départementale,90.0,2
202400021458,2024-03-09,soirée,,,04,04116,3,3,1,3,3,Départementale,90.0,2
202400021459,2024-03-10,matin,,,27,27578,1,1,3,3,3,Départementale,80.0,1
202400021460,2024-03-09,nuit,,,17,17327,3,1,7,4,3,Départementale,50.0,1
202400021461,2024-12-21,matin,,,85,85191,1,1,1,3,3,Départementale,70.0,1
202400021462,2024-12-21,après-midi,,,83,83069,1,1,2,3,3,Départementale,50.0,1
202400021463,2024-12-22,nuit,,,81,81065,5,1,2,4,3,Départementale,50.0,1
202400021464,2024-12-20,après-midi,,,81,81004,1,8,6,3,2,Nationale,90.0,2
202400021465,2024-12-21,après-midi,,,77,77447,1,1,3,4,4,Voie communale,50.0,1
202400021466,2024-12-17,soirée,,,77,77243,3,1,4,4,3,Départementale,70.0,1
202400021467,2024-12-21,après-midi,,,69,69282,2,8,6,3,4,Voie communale,50.0,1
202400021468,2024-12-21,soirée,,,69,69290,5,2,6,4,4,Voie communale,30.0,2
202400021469,2024-12-21,après-midi,,,68,68066,1,1,3,4,3,Départementale,70.0,1
202400021470,2024-12-20,après-midi,,,68,68066,1,1,6,4,4,Voie communale,50.0,1
202400021471,2024-12-21,nuit,,,66,66136,3,1,3,4,4,Voie communale,50.0,1
202400021472,2024-12-21,après-midi,,,66,66136,5,1,3,4,4,Voie communale,50.0,1
202400021473,2024-12-21,nuit,,,63,63300,3,2,6,3,3,Départementale,50.0,2
202400021474,2024-12-21,soirée,,,63,63300,5,2,3,4,3,Départementale,50.0,2
202400021475,2024-12-21,soirée,,,63,63113,3,2,6,3,4,Voie communale,30.0,2
202400021476,2024-12-21,soirée,,,63,63113,5,1,3,3,6,Autre,10.0,1
202400021477,2024-12-20,après-midi,,,62,62193,1,2,3,3,4,Voie communale,50.0,2
202400021478,2024-12-16,matin,,,61,61006,3,2,2,4,3,Départementale,70.0,2
202400021479,2024-12-21,matin,,,59,59155,5,8,1,2,3,Départementale,50.0,2
202400021480,2024-12-15,après-midi,,,57,57227,1,2,5,4,3,Départementale,70.0,2
202400021481,2024-12-22,nuit,,,54,54578,5,2,3,4,4,Voie communale,50.0,2
202400021482,2024-12-21,soirée,,,54,54547,3,2,6,4,4,Voie communale,30.0,2
202400021483,2024-12-21,nuit,,,51,51058,3,2,6,4,4,Voie communale,50.0,2
202400021484,2024-12-22,nuit,,,49,49007,5,2,6,4,4,Voie communale,50.0,2
202400021485,2024-12-21,après-midi,,,45,45004,1,1,3,4,3,Départementale,80.0,1
202400021486,2024-12-22,nuit,,,35,35238,5,2,2,4,4,Voie communale,30.0,2
202400021487,2024-12-21,après-midi,,,35,35051,1,1,3,4,7,Autre,50.0,1
202400021488,2024-12-21,après-midi,,,35,35238,1,1,5,4,2,Nationale,90.0,1
202400021489,2024-12-20,après-midi,,,33,33063,2,2,1,4,4,Voie communale,30.0,2
202400021490,2024-12-21,nuit,,,31,31555,5,1,2,4,7,Autre,30.0,1
202400021491,2024-12-20,soirée,,,31,31555,5,1,3,4,7,Autre,90.0,2
202400021492,2024-12-20,soirée,,,29,29232,5,2,6,4,4,Voie communale,30.0,2
202400021493,2024-12-20,matin,,,29,29232,3,1,6,4,3,Départementale,110.0,1
202400021494,2024-12-21,soirée,,,28,28404,5,2,6,4,3,Départementale,50.0,2
202400021495,2024-12-21,après-midi,,,27,27229,1,2,6,3,9,Autre,30.0,2
202400021496,2024-12-20,nuit,,,25,25056,5,8,6,4,4,Voie communale,50.0,1
202400021497,2024-12-21,matin,,,22,22360,1,2,3,4,4,Voie communale,50.0,2
202400021498,2024-12-21,matin,,,15,15014,5,2,6,3,4,Voie communale,30.0,2
202400021499,2024-12-22,nuit,,,13,13205,5,1,3,4,4,Voie communale,50.0,1
202400021500,2024-12-21,matin,,,13,13063,3,1,7,4,2,Nationale,90.0,1
202400021501,2024-12-21,matin,,,13,13001,5,1,3,4,4,Voie communale,50.0,1
202400021502,2024-12-21,après-midi,,,11,11069,1,2,6,4,4,Voie communale,50.0,2
202400021503,2024-12-21,matin,,,10,10333,1,8,3,4,4,Voie communale,50.0,2
202400021504,2024-12-21,matin,,,08,08480,3,5,5,4,1,Autoroute,110.0,1
202400021505,2024-12-21,nuit,,,07,07102,3,1,7,4,4,Voie communale,70.0,9
202400021506,2024-12-20,soirée,,,06,06088,5,1,4,4,4,Voie communale,70.0,1
202400021507,2024-12-20,après-midi,,,05,05023,1,1,6,4,2,Nationale,80.0,1
202400021508,2024-12-21,après-midi,,,03,03185,1,1,6,4,6,Autre,30.0,1
202400021509,2024-12-21,nuit,,,75,75116,5,1,5,4,4,Voie communale,50.0,1
202400021510,2024-12-20,nuit,,,75,75115,5,1,3,4,4,Voie communale,30.0,2
202400021511,2024-12-21,matin,,,75,75119,2,8,6,4,4,Voie communale,30.0,2
202400021512,2024-12-21,matin,,,75,75117,5,1,3,4,4,Voie communale,30.0,2
202400021513,2024-12-21,nuit,,,75,75116,5,2,3,3,4,Voie communale,50.0,2
202400021514,2024-12-21,soirée,,,75,75113,5,2,6,4,4,Voie communale,,2
202400021515,2024-12-21,nuit,,,75,75110,5,2,3,4,4,Voie communale,30.0,2
202400021516,2024-12-21,soirée,,,75,75103,5,1,3,4,4,Voie communale,30.0,2
202400021517,2024-12-21,nuit,,,75,75103,5,2,7,4,4,Voie communale,30.0,2
202400021518,2024-12-19,nuit,,,75,75104,5,2,6,4,4,Voie communale,30.0,2
202400021519,2024-12-21,soirée,,,94,94078,5,2,3,4,4,Voie communale,50.0,2
202400021520,2024-12-21,matin,,,94,94041,5,2,6,4,3,Départementale,50.0,2
202400021521,2024-12-21,nuit,,,94,94079,5,2,1,4,3,Départementale,50.0,2
202400021522,2024-12-21,matin,,,93,93072,5,1,7,4,3,Départementale,30.0,2
202400021523,2024-12-21,matin,,,93,93077,5,8,3,4,4,Voie communale,50.0,2
202400021524,2024-12-21,après-midi,,,93,93048,1,2,3,4,3,Départementale,30.0,2
202400021525,2024-12-21,après-midi,,,93,93074,1,1,2,4,3,Départementale,110.0,1
202400021526,2024-12-21,après-midi,,,93,93046,1,2,6,4,4,Voie communale,50.0,2
202400021527,2024-12-21,matin,,,93,93031,2,8,6,4,3,Départementale,50.0,2
202400021528,2024-12-21,soirée,,,93,93014,5,2,3,4,4,Voie communale,50.0,2
202400021529,2024-12-21,nuit,,,93,93008,5,8,1,4,3,Départementale,50.0,2
202400021530,2024-12-20,après-midi,,,92,92020,5,2,1,4,3,Départementale,50.0,2
202400021531,2024-12-20,soirée,,,92,92071,5,2,6,4,4,Voie communale,30.0,2
202400021532,2024-12-21,nuit,,,92,92012,5,2,6,4,4,Voie communale,50.0,2
202400021533,2024-12-20,après-midi,,,60,60669,1,1,1,4,3,Départementale,90.0,1
202400021534,2024-12-20,après-midi,,,35,35128,1,1,2,3,3,Départementale,80.0,1
202400021535,2024-04-16,matin,,,94,94018,1,8,3,4,3,Départementale,30.0,2
202400021536,2024-12-21,matin,,,35,35356,3,1,6,2,3,Départementale,110.0,1
202400021537,2024-04-16,matin,,,94,94071,1,2,2,4,3,Départementale,50.0,2
202400021538,2024-12-19,après-midi,,,67,67061,3,3,1,4,3,Départementale,80.0,2
202400021539,2024-12-20,soirée,,,28,28161,3,2,6,3,1,Autoroute,130.0,2
202400021540,2024-04-16,après-midi,,,93,93070,1,8,3,4,3,Départementale,50.0,1
202400021541,2024-12-22,matin,,,972,97220,1,1,6,3,2,Nationale,,1
202400021542,2024-12-19,soirée,,,14,14061,3,1,6,3,4,Voie communale,80.0,2
202400021543,2024-04-16,après-midi,,,93,93070,1,2,3,4,4,Voie communale,30.0,2
202400021544,2024-04-16,après-midi,,,93,93066,1,3,6,4,4,Voie communale,50.0,2
202400021545,2024-12-22,nuit,,,62,62397,3,6,6,3,3,Départementale,80.0,1
202400021546,2024-04-16,matin,,,93,93027,1,2,6,4,3,Départementale,50.0,2
202400021547,2024-12-21,matin,,,38,38239,2,1,2,3,3,Départementale,70.0,1
202400021548,2024-12-21,après-midi,,,83,83049,1,1,2,3,3,Départementale,30.0,1
202400021549,2024-04-16,après-midi,,,93,93062,1,1,3,4,3,Départementale,50.0,1
202400021550,2024-12-22,matin,,,72,72287,3,2,6,3,4,Voie communale,50.0,2
202400021551,2024-04-16,après-midi,,,93,93005,1,1,1,4,3,Départementale,50.0,1
202400021552,2024-12-22,matin,,,50,50393,1,8,6,3,3,Départementale,80.0,2
202400021553,2024-04-16,matin,,,92,92062,1,1,6,4,4,Voie communale,50.0,2
202400021554,2024-12-21,après-midi,,,51,51111,1,2,2,4,3,Départementale,80.0,2
202400021555,2024-04-15,soirée,,,92,92020,1,1,6,4,3,Départementale,50.0,1
202400021556,2024-12-22,nuit,,,56,56094,3,2,6,3,2,Nationale,110.0,2
202400021557,2024-04-16,matin,,,92,92044,1,2,3,4,3,Départementale,50.0,2
202400021558,2024-12-22,après-midi,,,67,67543,3,2,2,2,3,Départementale,70.0,2
202400021559,2024-04-16,après-midi,,,92,92040,1,1,6,4,3,Départementale,30.0,1
202400021560,2024-12-21,après-midi,,,67,67144,3,2,7,4,3,Départementale,80.0,2
202400021561,2024-04-16,matin,,,92,92040,1,1,3,4,4,Voie communale,20.0,1
202400021562,2024-12-21,après-midi,,,79,79172,1,1,1,2,3,Départementale,90.0,1
202400021563,2024-12-22,nuit,,,32,32160,5,2,7,4,2,Nationale,110.0,2
202400021564,2024-04-14,après-midi,,,92,92036,1,1,1,4,3,Départementale,50.0,1
202400021565,2024-12-21,soirée,,,63,63418,3,2,7,3,3,Départementale,,2
202400021566,2024-04-16,après-midi,,,92,92023,1,2,2,4,3,Départementale,50.0,2
202400021567,2024-12-20,après-midi,,,61,61330,3,2,6,3,3,Départementale,90.0,2
202400021568,2024-04-16,soirée,,,92,92019,1,1,1,4,4,Voie communale,50.0,1
202400021569,2024-04-16,après-midi,,,92,92012,1,1,3,4,4,Voie communale,50.0,1