Num_Acc,date,time_of_day,lat,long,dep,com,lum,atm,col,severity_index,catr,catr_label,vma,surf
202400021570,2024-12-22,après-midi,,,39,39017,1,8,3,3,3,Départementale,30.0,2
202400021571,2024-04-16,matin,,,92,92004,2,2,3,4,4,Voie communale,50.0,2
202400021572,2024-12-12,après-midi,,,44,44050,1,7,3,4,3,Départementale,50.0,1
202400021573,2024-04-15,nuit,,,92,92009,5,1,5,4,3,Départementale,30.0,2
202400021574,2024-12-21,nuit,,,31,31546,3,1,6,3,3,Départementale,80.0,1
202400021575,2024-04-16,soirée,,,92,92014,5,1,3,4,3,Départementale,50.0,1
202400021576,2024-12-21,soirée,,,02,02503,3,2,1,3,3,Départementale,80.0,2
202400021577,2024-04-12,après-midi,,,01,01244,1,1,4,4,3,Départementale,80.0,1
202400021578,2024-12-22,après-midi,,,15,15073,1,2,6,2,9,Autre,80.0,3
202400021579,2024-04-16,soirée,,,974,97422,2,1,2,3,2,Nationale,50.0,1
202400021580,2024-12-22,matin,,,26,26143,1,2,6,4,3,Départementale,80.0,2
202400021581,2024-12-21,soirée,,,26,26006,3,1,7,4,3,Départementale,80.0,1
202400021582,2024-04-17,matin,,,972,97201,1,2,1,3,2,Nationale,50.0,2
202400021583,2024-12-22,nuit,,,58,58281,3,2,6,3,3,Départementale,50.0,2
202400021584,2024-04-15,après-midi,,,54,54151,1,2,6,3,3,Départementale,80.0,2
202400021585,2024-12-21,après-midi,,,06,06074,1,1,6,3,7,Autre,80.0,1
202400021586,2024-12-21,après-midi,,,07,07337,1,1,7,3,3,Départementale,90.0,1
202400021587,2024-04-14,soirée,,,51,51326,1,1,7,4,3,Départementale,50.0,1
202400021588,2024-12-20,après-midi,,,07,07172,3,1,7,3,4,Voie communale,90.0,1
202400021589,2024-12-21,matin,,,40,40287,1,3,3,3,3,Départementale,70.0,2
202400021590,2024-04-17,après-midi,,,83,83049,1,6,5,4,3,Départementale,90.0,1
202400021591,2024-12-21,après-midi,,,40,40021,1,8,1,3,3,Départementale,70.0,2
202400021592,2024-04-16,après-midi,,,50,50592,1,2,6,3,3,Départementale,50.0,2
202400021593,2024-12-22,matin,,,85,85295,3,3,6,2,3,Départementale,80.0,2
202400021594,2024-04-17,nuit,,,79,79013,3,1,7,3,3,Départementale,50.0,1
202400021595,2024-12-21,après-midi,,,973,97307,1,1,5,3,3,Départementale,80.0,1
202400021596,2024-04-17,matin,,,65,65316,2,2,1,4,3,Départementale,90.0,2
202400021597,2024-12-21,après-midi,,,44,44028,1,8,6,3,1,Autoroute,130.0,1
202400021598,2024-04-16,nuit,,,11,11255,3,1,6,2,3,Départementale,80.0,1
202400021599,2024-04-16,nuit,,,89,89025,5,2,1,3,3,Départementale,50.0,2
202400021600,2024-12-21,nuit,,,34,34240,3,1,4,4,1,Autoroute,90.0,1
202400021601,2024-04-17,matin,,,01,01034,1,2,1,4,3,Départementale,80.0,2
202400021602,2024-04-16,après-midi,,,86,86082,1,1,7,3,3,Départementale,80.0,1
202400021603,2024-12-21,nuit,,,34,34022,3,1,5,2,1,Autoroute,90.0,1
202400021604,2024-04-17,après-midi,,,35,35009,1,1,3,3,3,Départementale,80.0,1
202400021605,2024-12-20,soirée,,,988,98828,3,8,6,2,3,Départementale,70.0,2
202400021606,2024-04-17,après-midi,,,38,38130,1,1,3,4,3,Départementale,80.0,1
202400021607,2024-04-17,après-midi,,,38,38517,1,2,6,3,3,Départementale,50.0,2
202400021608,2024-12-19,nuit,,,77,77100,3,2,5,4,3,Départementale,90.0,2
202400021609,2024-12-22,après-midi,,,78,78398,1,2,7,3,4,Voie communale,50.0,2
202400021610,2024-04-17,après-midi,,,58,58112,1,2,1,4,3,Départementale,80.0,2
202400021611,2024-04-17,après-midi,,,50,50569,1,1,3,2,3,Départementale,80.0,1
202400021612,2024-12-21,matin,,,26,26124,1,1,2,3,1,Autoroute,130.0,1
202400021613,2024-04-17,matin,,,50,50215,1,1,6,3,4,Voie communale,50.0,1
202400021614,2024-12-22,soirée,,,73,73054,3,4,1,4,3,Départementale,80.0,5
202400021615,2024-04-13,après-midi,,,09,09265,1,1,2,3,2,Nationale,110.0,1
202400021616,2024-04-17,soirée,,,60,60025,1,1,7,3,3,Départementale,50.0,1
202400021617,2024-04-16,soirée,,,60,60220,1,2,3,4,3,Départementale,80.0,2
202400021618,2024-03-26,après-midi,,,27,27302,1,3,3,3,3,Départementale,50.0,2
202400021619,2024-12-21,après-midi,,,73,73150,1,1,5,4,2,Nationale,80.0,1
202400021620,2024-12-22,nuit,,,01,01418,3,1,6,4,3,Départementale,50.0,2
202400021621,2024-12-22,après-midi,,,01,01185,1,4,6,3,3,Départementale,70.0,5
202400021622,2024-04-16,après-midi,,,87,87017,1,1,1,4,2,Nationale,80.0,1
202400021623,2024-12-21,après-midi,,,69,69040,5,1,6,3,7,Autre,50.0,1
202400021624,2024-04-14,après-midi,,,30,30109,1,1,7,3,3,Départementale,80.0,1
202400021625,2024-12-20,après-midi,,,81,81215,1,1,6,3,3,Départementale,80.0,1
202400021626,2024-04-17,matin,,,67,67084,1,2,7,3,1,Autoroute,90.0,2
202400021627,2024-12-21,nuit,,,49,49194,4,2,7,3,4,Voie communale,50.0,2
202400021628,2024-04-12,après-midi,,,06,06085,1,1,1,3,3,Départementale,50.0,1
202400021629,2024-04-17,après-midi,,,68,68297,1,2,2,4,1,Autoroute,130.0,2
202400021630,2024-11-25,matin,,,14,14258,1,1,6,3,3,Départementale,50.0,1
202400021631,2024-12-22,nuit,,,14,14066,3,3,6,3,3,Départementale,80.0,2
202400021632,2024-04-13,soirée,,,51,51058,3,1,3,4,1,Autoroute,130.0,1
202400021633,2024-12-21,après-midi,,,29,29058,1,1,2,4,3,Départementale,50.0,1
202400021634,2024-04-14,nuit,,,51,51657,3,1,6,2,1,Autoroute,130.0,1
202400021635,2024-12-21,nuit,,,76,76099,3,2,6,2,3,Départementale,70.0,2
202400021636,2024-04-15,après-midi,,,971,97111,1,1,1,4,3,Départementale,80.0,1
202400021637,2024-04-11,après-midi,,,33,33234,1,1,3,3,3,Départementale,50.0,1
202400021638,2024-12-20,après-midi,,,13,13213,1,1,2,4,1,Autoroute,70.0,1
202400021639,2024-04-12,matin,,,77,77173,1,1,7,3,3,Départementale,50.0,1
202400021640,2024-04-16,matin,,,13,13100,4,1,6,3,9,Autre,50.0,1
202400021641,2024-12-20,nuit,,,83,83090,3,6,2,3,1,Autoroute,110.0,1
202400021642,2024-04-02,matin,,,67,67300,1,1,3,3,4,Voie communale,30.0,1
202400021643,2024-12-07,après-midi,,,01,01238,1,3,3,4,1,Autoroute,130.0,2
202400021644,2024-04-16,nuit,,,33,33182,3,1,6,3,3,Départementale,50.0,1
202400021645,2024-12-17,matin,,,67,67043,1,1,4,4,7,Autre,70.0,1
202400021646,2024-04-16,après-midi,,,49,49194,1,1,3,4,3,Départementale,80.0,1
202400021647,2024-04-17,après-midi,,,80,80383,1,1,3,3,3,Départementale,80.0,1
202400021648,2024-12-21,après-midi,,,77,77251,1,2,2,4,1,Autoroute,70.0,2
202400021649,2024-04-17,nuit,,,59,59035,3,1,3,3,3,Départementale,50.0,1
202400021650,2024-04-16,soirée,,,59,59586,1,2,6,3,3,Départementale,50.0,2
202400021651,2024-12-21,matin,,,91,91521,3,1,7,4,2,Nationale,70.0,2
202400021652,2024-04-14,nuit,,,13,13211,3,1,7,4,1,Autoroute,90.0,1
202400021653,2024-12-20,soirée,,,94,94003,3,2,2,4,1,Autoroute,50.0,2
202400021654,2024-04-16,soirée,,,13,13026,3,1,2,4,1,Autoroute,110.0,1
202400021655,2024-12-21,après-midi,,,78,78297,2,2,6,4,2,Nationale,110.0,2
202400021656,2024-04-16,matin,,,13,13005,1,1,2,4,1,Autoroute,70.0,1
202400021657,2024-12-21,après-midi,,,78,78297,1,2,4,4,2,Nationale,110.0,2
202400021658,2024-04-15,matin,,,83,83137,1,1,4,4,1,Autoroute,70.0,1
202400021659,2024-12-21,matin,,,78,78238,5,1,2,4,1,Autoroute,110.0,2
202400021660,2024-12-21,nuit,,,92,92036,3,2,6,4,1,Autoroute,110.0,2
202400021661,2024-04-16,matin,,,33,33039,1,1,2,4,1,Autoroute,90.0,1
202400021662,2024-04-16,matin,,,33,33096,2,1,3,3,1,Autoroute,110.0,2
202400021663,2024-12-20,matin,,,93,93066,5,1,5,4,1,Autoroute,70.0,1
202400021664,2024-04-15,après-midi,,,33,33550,1,1,4,4,1,Autoroute,70.0,1
202400021665,2024-12-20,nuit,,,95,95277,3,1,3,4,1,Autoroute,90.0,1
202400021666,2024-04-12,soirée,,,62,62628,1,1,2,4,1,Autoroute,90.0,1
202400021667,2024-03-15,nuit,,,94,94071,3,2,2,4,3,Départementale,50.0,2
202400021668,2024-04-08,soirée,,,62,62907,3,3,6,4,1,Autoroute,130.0,2
202400021669,2024-04-16,après-midi,,,91,91377,1,1,2,4,1,Autoroute,110.0,1
202400021670,2024-04-16,matin,,,94,94034,1,1,2,4,1,Autoroute,90.0,1
202400021671,2024-12-19,soirée,,,987,98735,5,1,1,4,2,Nationale,50.0,1
202400021672,2024-04-15,nuit,,,91,91553,3,2,2,4,2,Nationale,110.0,2
202400021673,2024-12-06,après-midi,,,974,97407,1,1,2,4,4,Voie communale,30.0,1
202400021674,2024-04-16,soirée,,,92,92050,1,2,2,4,1,Autoroute,90.0,2
202400021675,2024-12-20,soirée,,,973,97302,4,1,3,4,3,Départementale,50.0,1
202400021676,2024-04-16,matin,,,78,78158,1,2,2,4,1,Autoroute,110.0,2
202400021677,2024-12-20,matin,,,973,97302,1,2,3,4,3,Départementale,50.0,2
202400021678,2024-04-15,après-midi,,,92,92050,1,2,3,3,1,Autoroute,90.0,2
202400021679,2024-01-27,après-midi,,,13,13203,1,1,7,4,4,Voie communale,50.0,1
202400021680,2024-12-09,après-midi,,,69,69387,1,8,6,2,4,Voie communale,30.0,1
202400021681,2024-04-15,matin,,,92,92023,1,1,3,4,2,Nationale,90.0,1
202400021682,2024-01-27,matin,,,13,13208,1,1,1,3,4,Voie communale,30.0,1
202400021683,2024-12-20,matin,,,69,69387,2,1,1,4,4,Voie communale,50.0,2
202400021684,2024-04-16,soirée,,,93,93066,1,8,3,4,1,Autoroute,90.0,2
202400021685,2024-12-20,nuit,,,972,97209,5,2,6,3,3,Départementale,80.0,2
202400021686,2024-01-27,soirée,,,13,13005,5,1,3,3,9,Autre,50.0,1
202400021687,2024-04-15,après-midi,,,93,93007,1,2,4,4,1,Autoroute,90.0,2
202400021688,2024-12-20,matin,,,69,69202,1,8,3,4,4,Voie communale,50.0,2
202400021689,2024-01-27,nuit,,,12,12145,3,5,1,4,3,Départementale,90.0,2
202400021690,2024-12-20,nuit,,,971,97101,4,1,7,4,3,Départementale,60.0,1
202400021691,2024-04-15,après-midi,,,93,93066,1,1,2,4,1,Autoroute,70.0,1
202400021692,2024-09-06,après-midi,,,93,93010,1,1,1,3,3,Départementale,50.0,1
202400021693,2024-01-27,soirée,,,01,01031,2,8,7,4,3,Départementale,80.0,2
202400021694,2024-12-19,soirée,,,971,97113,5,1,3,3,2,Nationale,90.0,1
202400021695,2024-04-15,matin,,,92,92036,1,1,2,4,1,Autoroute,70.0,1
202400021696,2024-01-23,après-midi,,,75,75116,1,2,7,4,4,Voie communale,30.0,2
202400021697,2024-12-20,nuit,,,2A,2A004,5,1,7,4,3,Départementale,50.0,1
202400021698,2024-09-06,nuit,,,93,93005,5,1,3,4,3,Départementale,50.0,1
202400021699,2024-04-16,après-midi,,,94,94028,1,2,3,4,1,Autoroute,90.0,2
202400021700,2024-01-27,soirée,,,75,75113,5,1,6,4,4,Voie communale,30.0,1
202400021701,2024-12-20,soirée,,,95,95268,5,2,3,4,3,Départementale,50.0,2
202400021702,2024-09-06,matin,,,92,92049,1,1,3,4,3,Départementale,30.0,1
202400021703,2024-01-26,après-midi,,,75,75111,1,1,2,4,4,Voie communale,30.0,1
202400021704,2024-04-16,matin,,,75,75112,1,2,3,4,1,Autoroute,90.0,2
202400021705,2024-12-19,après-midi,,,87,87085,1,2,2,4,2,Nationale,50.0,2
202400021706,2024-04-15,soirée,,,94,94065,1,1,3,4,2,Nationale,90.0,1
202400021707,2024-01-27,matin,,,75,75108,5,1,1,4,4,Voie communale,30.0,1
202400021708,2024-09-06,matin,,,92,92020,1,1,1,4,3,Départementale,50.0,1
202400021709,2024-12-16,soirée,,,84,84007,3,1,3,4,4,Voie communale,50.0,1
202400021710,2024-02-15,matin,,,74,74012,1,1,6,4,4,Voie communale,50.0,1
202400021711,2024-01-27,nuit,,,75,75107,4,1,7,4,4,Voie communale,30.0,1
202400021712,2024-09-06,après-midi,,,92,92036,1,1,6,3,5,Autre,,1
202400021713,2024-02-03,après-midi,,,74,74010,1,1,1,4,4,Voie communale,50.0,1
202400021714,2024-12-20,soirée,,,84,84007,3,1,3,4,4,Voie communale,50.0,1
202400021715,2024-01-27,après-midi,,,75,75104,1,1,7,4,4,Voie communale,30.0,1
202400021716,2024-02-15,après-midi,,,59,59646,1,1,6,4,4,Voie communale,30.0,1
202400021717,2024-09-06,après-midi,,,92,92026,1,7,2,4,3,Départementale,50.0,1
202400021718,2024-12-20,après-midi,,,83,83137,1,6,6,3,7,Autre,30.0,1
202400021719,2024-01-26,après-midi,,,75,75104,1,1,5,3,4,Voie communale,30.0,1
202400021720,2024-09-06,soirée,,,92,92025,2,1,6,3,3,Départementale,30.0,1
202400021721,2024-02-15,soirée,,,59,59574,5,1,3,3,4,Voie communale,50.0,1
202400021722,2024-12-20,matin,,,83,83137,5,6,6,3,3,Départementale,50.0,1
202400021723,2024-01-25,matin,,,75,75101,2,1,3,4,4,Voie communale,30.0,1
202400021724,2024-09-05,soirée,,,92,92025,3,1,6,4,4,Voie communale,30.0,1
202400021725,2024-02-15,après-midi,,,27,27229,1,1,6,2,4,Voie communale,50.0,1
202400021726,2024-01-26,nuit,,,94,94068,5,1,6,4,4,Voie communale,30.0,1
202400021727,2024-12-19,après-midi,,,80,80021,1,1,2,2,3,Départementale,80.0,1
202400021728,2024-09-06,matin,,,92,92014,1,1,6,4,6,Autre,10.0,1
202400021729,2024-04-15,matin,,,976,97611,1,1,3,4,2,Nationale,50.0,1
202400021730,2024-09-07,nuit,,,28,28012,3,2,6,2,3,Départementale,80.0,2
202400021731,2024-01-27,matin,,,94,94046,1,1,3,4,3,Départementale,50.0,1
202400021732,2024-12-20,après-midi,,,78,78517,1,8,3,4,3,Départementale,80.0,1
202400021733,2024-04-11,après-midi,,,976,97611,1,1,1,4,2,Nationale,50.0,1
202400021734,2024-12-20,matin,,,77,77121,3,1,6,4,3,Départementale,80.0,1
202400021735,2024-01-27,matin,,,94,94017,5,1,2,4,3,Départementale,30.0,1
202400021736,2024-09-07,après-midi,,,14,14712,1,1,3,4,3,Départementale,90.0,1
202400021737,2024-04-15,après-midi,,,974,97411,1,1,7,4,4,Voie communale,30.0,1
202400021738,2024-12-20,après-midi,,,77,77284,1,1,3,3,3,Départementale,50.0,1
202400021739,2024-09-07,après-midi,,,59,59335,1,1,7,3,3,Départementale,50.0,1
202400021740,2024-04-15,soirée,,,973,97302,5,1,7,4,2,Nationale,90.0,9
202400021741,2024-01-26,nuit,,,93,93005,5,1,3,4,3,Départementale,50.0,1
202400021742,2024-04-15,nuit,,,973,97302,5,1,6,4,3,Départementale,50.0,1
202400021743,2024-12-20,matin,,,72,72181,5,8,3,4,4,Voie communale,50.0,2
202400021744,2024-01-09,soirée,,,93,93066,5,1,3,4,3,Départementale,50.0,1
202400021745,2024-09-07,matin,,,60,60374,2,1,3,3,3,Départementale,80.0,1
202400021746,2024-04-15,après-midi,,,69,69381,1,1,1,4,4,Voie communale,30.0,1
202400021747,2024-01-27,après-midi,,,93,93050,1,1,7,4,3,Départementale,,1
202400021748,2024-08-27,matin,,,60,60539,1,1,7,4,4,Voie communale,50.0,1
202400021749,2024-12-19,après-midi,,,72,72181,1,8,3,4,4,Voie communale,50.0,2
202400021750,2024-04-15,après-midi,,,971,97101,1,1,3,4,3,Départementale,30.0,1
202400021751,2024-01-27,après-midi,,,93,93031,1,1,6,4,3,Départementale,50.0,1
202400021752,2024-09-07,après-midi,,,39,39389,1,1,2,3,3,Départementale,80.0,1
202400021753,2024-12-20,après-midi,,,69,69256,1,1,3,4,4,Voie communale,50.0,1
202400021754,2024-01-27,matin,,,93,93031,1,1,6,4,4,Voie communale,50.0,1
202400021755,2024-04-15,matin,,,971,97101,1,2,3,4,4,Voie communale,50.0,2
202400021756,2024-04-15,nuit,,,971,97113,3,9,7,4,2,Nationale,90.0,2
202400021757,2024-09-06,soirée,,,42,42187,1,1,2,3,4,Voie communale,50.0,1
202400021758,2024-12-20,soirée,,,69,69290,5,1,3,4,4,Voie communale,50.0,1
202400021759,2024-04-14,nuit,,,971,97113,3,2,1,4,4,Voie communale,50.0,2
202400021760,2024-12-20,matin,,,69,69096,1,1,6,4,7,Autre,50.0,1
202400021761,2024-03-22,après-midi,,,971,97105,1,1,6,4,2,Nationale,50.0,1
202400021762,2024-01-26,matin,,,93,93057,1,1,6,4,3,Départementale,50.0,1
202400021763,2024-09-07,matin,,,31,31454,1,8,1,3,4,Voie communale,50.0,1
202400021764,2024-04-15,après-midi,,,91,91345,1,1,6,4,3,Départementale,50.0,1
202400021765,2024-12-20,soirée,,,67,67447,5,1,3,4,4,Voie communale,50.0,1
202400021766,2024-01-27,après-midi,,,92,92073,1,1,3,4,3,Départementale,50.0,1
202400021767,2024-09-06,après-midi,,,77,77401,1,1,6,3,1,Autoroute,50.0,1
202400021768,2024-04-15,soirée,,,91,91687,1,1,6,4,4,Voie communale,50.0,1
202400021769,2024-12-20,après-midi,,,64,64024,1,1,7,4,4,Voie communale,50.0,1
202400021770,2024-01-27,matin,,,92,92022,1,1,3,4,3,Départementale,50.0,1
202400021771,2024-09-07,nuit,,,44,44198,3,8,1,3,3,Départementale,80.0,1
202400021772,2024-04-15,après-midi,,,91,91223,1,3,3,3,3,Départementale,50.0,2
202400021773,2024-12-20,matin,,,62,62548,1,1,3,4,1,Autoroute,50.0,1
202400021774,2024-09-07,après-midi,,,10,10003,1,1,1,4,4,Voie communale,50.0,1
202400021775,2024-01-26,après-midi,,,92,92049,1,1,3,4,3,Départementale,50.0,1
202400021776,2024-04-15,après-midi,,,90,90010,1,1,1,4,4,Voie communale,50.0,1
202400021777,2024-12-20,après-midi,,,59,59508,1,1,6,4,7,Autre,50.0,1
202400021778,2024-01-27,après-midi,,,92,92026,1,1,6,4,3,Départementale,50.0,1
202400021779,2024-09-05,après-midi,,,83,83086,1,1,2,4,3,Départementale,80.0,1
202400021780,2024-04-14,après-midi,,,86,86194,1,1,3,4,4,Voie communale,30.0,1
202400021781,2024-12-20,soirée,,,59,59350,5,2,1,4,4,Voie communale,50.0,2
202400021782,2024-04-12,après-midi,,,80,80001,1,1,3,4,4,Voie communale,50.0,1
202400021783,2024-01-26,soirée,,,92,92024,5,1,3,4,3,Départementale,50.0,1
202400021784,2024-02-27,soirée,,,974,97402,5,1,3,3,2,Nationale,50.0,1
202400021785,2024-12-20,soirée,,,56,56121,5,2,3,4,4,Voie communale,30.0,2
202400021786,2024-01-26,nuit,,,92,92007,5,1,7,4,3,Départementale,50.0,1
202400021787,2024-04-15,après-midi,,,77,77438,1,1,2,4,3,Départementale,70.0,1
202400021788,2024-09-07,nuit,,,72,72124,3,1,7,3,3,Départementale,90.0,1
202400021789,2024-01-27,matin,,,92,92002,1,1,3,4,3,Départementale,50.0,1
202400021790,2024-12-19,soirée,,,56,56121,5,2,3,4,4,Voie communale,50.0,2
202400021791,2024-04-14,soirée,,,76,76351,1,1,2,4,4,Voie communale,50.0,1
202400021792,2024-01-28,nuit,,,47,47132,3,5,6,2,3,Départementale,80.0,1
202400021793,2024-12-19,après-midi,,,56,56083,1,7,2,4,3,Départementale,50.0,1
202400021794,2024-01-28,matin,,,14,14713,1,1,6,4,3,Départementale,50.0,1
202400021795,2024-04-13,nuit,,,76,76305,5,1,3,3,4,Voie communale,10.0,1
202400021796,2024-09-07,après-midi,,,50,50487,1,1,4,4,1,Autoroute,130.0,2
202400021797,2024-01-27,soirée,,,62,62150,2,1,6,4,3,Départementale,110.0,1
202400021798,2024-04-12,après-midi,,,76,76351,1,1,7,4,4,Voie communale,50.0,1
202400021799,2024-12-20,après-midi,,,54,54395,1,1,3,4,4,Voie communale,30.0,1
202400021800,2024-01-27,matin,,,95,95205,1,1,6,3,4,Voie communale,30.0,6
202400021801,2024-12-19,soirée,,,54,54526,5,2,6,4,7,Autre,70.0,2
202400021802,2024-01-28,matin,,,17,17425,1,1,7,3,3,Départementale,90.0,1
202400021803,2024-09-07,après-midi,,,2B,2B143,1,1,6,2,2,Nationale,80.0,1
202400021804,2024-04-15,nuit,,,73,73065,3,1,6,4,4,Voie communale,50.0,1
202400021805,2024-09-06,après-midi,,,2B,2B074,1,1,6,3,2,Nationale,80.0,1
202400021806,2024-12-20,nuit,,,54,54367,5,1,1,4,4,Voie communale,50.0,1
202400021807,2024-04-15,après-midi,,,71,71486,1,1,3,4,4,Voie communale,50.0,1
202400021808,2024-01-28,après-midi,,,36,36244,1,1,6,3,3,Départementale,80.0,1
202400021809,2024-09-06,après-midi,,,82,82110,1,7,6,3,3,Départementale,80.0,1
202400021810,2024-12-20,matin,,,51,51454,1,1,6,4,4,Voie communale,50.0,7
202400021811,2024-01-28,nuit,,,84,84044,5,1,6,3,3,Départementale,50.0,1
202400021812,2024-04-15,après-midi,,,71,71486,1,1,1,4,4,Voie communale,50.0,1
202400021813,2024-01-28,nuit,,,10,10240,3,9,7,2,3,Départementale,90.0,7
202400021814,2024-12-20,matin,,,51,51454,1,1,2,4,4,Voie communale,50.0,1
202400021815,2024-08-29,soirée,,,65,65072,1,1,7,4,3,Départementale,70.0,1
202400021816,2024-04-13,matin,,,71,71497,1,1,6,3,3,Départementale,50.0,1
202400021817,2024-01-28,matin,,,972,97204,1,1,1,3,2,Nationale,70.0,1
202400021818,2024-09-07,après-midi,,,71,71428,1,1,7,4,3,Départementale,80.0,1
202400021819,2024-12-19,soirée,,,51,51454,5,1,6,4,4,Voie communale,30.0,2
202400021820,2024-01-27,après-midi,,,46,46148,1,1,6,4,3,Départementale,50.0,1
202400021821,2024-04-15,soirée,,,69,69286,1,1,2,4,7,Autre,50.0,1
202400021822,2024-09-06,après-midi,,,89,89093,1,1,3,3,3,Départementale,,1
202400021823,2024-01-28,après-midi,,,974,97414,1,1,3,3,4,Voie communale,,1
202400021824,2024-04-15,matin,,,69,69092,1,1,3,4,3,Départementale,50.0,1
202400021825,2024-12-18,soirée,,,50,50129,5,3,2,4,4,Voie communale,30.0,2
202400021826,2024-09-06,après-midi,,,89,89081,1,1,3,3,3,Départementale,90.0,1
202400021827,2024-01-27,après-midi,,,23,23075,1,1,6,4,3,Départementale,90.0,1
202400021828,2024-04-15,après-midi,,,69,69290,1,1,3,4,4,Voie communale,50.0,1
202400021829,2024-09-07,matin,,,63,63232,1,2,7,3,4,Voie communale,50.0,2
202400021830,2024-12-20,nuit,,,49,49007,4,1,3,3,4,Voie communale,50.0,2
202400021831,2024-01-28,après-midi,,,79,79320,1,1,3,2,3,Départementale,80.0,1
202400021832,2024-04-15,après-midi,,,69,69091,1,1,3,3,4,Voie communale,50.0,1
202400021833,2024-01-27,soirée,,,63,63199,3,1,6,4,3,Départementale,,1
202400021834,2024-09-07,après-midi,,,68,68266,1,1,7,4,3,Départementale,80.0,1
202400021835,2024-12-20,matin,,,47,47001,2,1,5,4,3,Départementale,50.0,2
202400021836,2024-04-14,matin,,,67,67482,1,1,6,3,4,Voie communale,50.0,1
202400021837,2024-01-27,matin,,,61,61091,4,9,6,4,3,Départementale,80.0,9
202400021838,2024-09-06,après-midi,,,68,68338,1,7,3,3,3,Départementale,50.0,1
202400021839,2024-04-15,après-midi,,,63,63113,1,1,6,3,4,Voie communale,30.0,1
202400021840,2024-12-20,après-midi,,,45,45234,1,1,3,4,4,Voie communale,50.0,1
202400021841,2024-01-28,nuit,,,49,49200,3,1,7,4,3,Départementale,110.0,1
202400021842,2024-04-14,matin,,,63,63164,1,1,7,4,7,Autre,50.0,1
202400021843,2024-09-06,après-midi,,,22,22055,1,1,6,4,3,Départementale,,1
202400021844,2024-12-10,après-midi,,,39,39362,5,1,6,3,4,Voie communale,50.0,1
202400021845,2024-01-28,après-midi,,,49,49125,1,1,3,3,3,Départementale,80.0,1
202400021846,2024-04-14,soirée,,,62,62035,1,1,3,3,3,Départementale,50.0,1
202400021847,2024-12-21,nuit,,,37,37122,3,2,6,4,7,Autre,50.0,2
202400021848,2024-09-07,après-midi,,,25,25320,1,1,2,3,3,Départementale,90.0,1
202400021849,2024-12-20,matin,,,34,34108,1,1,2,4,3,Départementale,90.0,1
202400021850,2024-01-27,soirée,,,68,68374,3,1,2,4,3,Départementale,90.0,1
202400021851,2024-09-07,après-midi,,,25,25282,1,1,2,3,2,Nationale,70.0,1
202400021852,2024-04-15,matin,,,59,59009,1,1,3,4,4,Voie communale,30.0,1
202400021853,2024-12-20,après-midi,,,34,34172,1,1,3,4,4,Voie communale,50.0,1
202400021854,2024-01-26,soirée,,,22,22025,3,1,6,3,4,Voie communale,50.0,1
202400021855,2024-04-14,après-midi,,,59,59170,1,1,6,3,3,Départementale,50.0,1
202400021856,2024-12-20,matin,,,33,33119,1,1,6,3,4,Voie communale,30.0,1
202400021857,2024-04-14,soirée,,,56,56098,1,1,7,4,4,Voie communale,20.0,1
202400021858,2024-09-07,matin,,,29,29061,1,2,3,4,3,Départementale,80.0,2
202400021859,2024-04-15,après-midi,,,51,51454,1,2,7,4,4,Voie communale,50.0,2
202400021860,2024-12-20,matin,,,33,33063,3,5,6,4,4,Voie communale,70.0,1
202400021861,2024-04-13,soirée,,,51,51454,1,1,7,4,9,Autre,50.0,6
202400021862,2024-12-20,matin,,,31,31555,1,1,6,3,4,Voie communale,50.0,1
202400021863,2024-09-07,après-midi,,,58,58309,1,8,7,4,3,Départementale,80.0,2
202400021864,2024-01-27,soirée,,,25,25036,3,1,5,3,2,Nationale,70.0,1
202400021865,2024-04-12,matin,,,50,50129,2,1,3,4,4,Voie communale,30.0,1
202400021866,2024-09-07,après-midi,,,58,58151,1,2,2,4,3,Départementale,90.0,2
202400021867,2024-12-20,soirée,,,29,29019,5,3,3,4,4,Voie communale,50.0,2
202400021868,2024-01-27,soirée,,,29,29202,3,5,7,3,3,Départementale,90.0,1
202400021869,2024-09-07,matin,,,14,14654,1,1,6,2,6,Autre,15.0,1
202400021870,2024-01-27,après-midi,,,02,02106,1,1,7,3,4,Voie communale,80.0,6
202400021871,2024-04-11,soirée,,,49,49328,1,1,3,4,4,Voie communale,50.0,1
202400021872,2024-09-06,soirée,,,50,50267,5,1,6,2,3,Départementale,70.0,1
202400021873,2024-12-19,après-midi,,,29,29019,1,1,3,4,4,Voie communale,50.0,1
202400021874,2024-04-14,matin,,,49,49267,1,1,6,4,4,Voie communale,50.0,1
202400021875,2024-01-26,matin,,,01,01245,2,1,3,4,3,Départementale,80.0,1
202400021876,2024-04-15,matin,,,45,45147,1,1,3,4,4,Voie communale,50.0,1
202400021877,2024-09-06,après-midi,,,50,50378,1,1,3,4,3,Départementale,80.0,1
202400021878,2024-12-18,soirée,,,29,29019,5,2,3,4,4,Voie communale,30.0,2
202400021879,2024-01-26,après-midi,,,70,70329,1,2,1,4,2,Nationale,80.0,2
202400021880,2024-07-30,matin,,,75,75120,1,1,3,4,4,Voie communale,70.0,1
202400021881,2024-04-15,soirée,,,44,44109,1,1,1,4,4,Voie communale,30.0,1
202400021882,2024-09-07,matin,,,50,50274,1,3,3,3,3,Départementale,,2