Num_Acc,date,time_of_day,lat,long,dep,com,lum,atm,col,severity_index,catr,catr_label,vma,surf
202400021883,2024-04-15,soirée,,,42,42044,1,1,7,4,4,Voie communale,50.0,1
202400021884,2024-07-30,matin,,,75,75112,1,1,4,4,4,Voie communale,70.0,1
202400021885,2024-04-11,après-midi,,,40,40088,1,1,3,4,4,Voie communale,50.0,1
202400021886,2024-01-28,après-midi,,,50,50227,1,1,3,3,3,Départementale,50.0,1
202400021887,2024-09-06,soirée,,,18,18189,1,1,7,4,4,Voie communale,80.0,1
202400021888,2024-07-30,nuit,,,75,75102,5,1,7,3,4,Voie communale,30.0,1
202400021889,2024-04-15,soirée,,,35,35206,1,1,2,4,2,Nationale,90.0,1
202400021890,2024-01-28,matin,,,60,60068,1,1,6,4,6,Autre,30.0,1
202400021891,2024-09-07,matin,,,43,43051,1,1,2,4,3,Départementale,50.0,1
202400021892,2024-01-28,après-midi,,,07,07009,1,1,7,4,3,Départementale,90.0,1
202400021893,2024-07-29,matin,,,75,75120,1,1,3,4,4,Voie communale,70.0,1
202400021894,2024-04-15,après-midi,,,35,35238,1,1,6,4,4,Voie communale,30.0,1
202400021895,2024-01-28,nuit,,,85,85182,3,1,2,3,3,Départementale,80.0,1
202400021896,2024-07-30,nuit,,,75,75119,5,1,3,4,4,Voie communale,30.0,1
202400021897,2024-08-31,après-midi,,,43,43244,1,1,1,4,3,Départementale,50.0,1
202400021898,2024-04-15,matin,,,35,35051,1,1,2,4,2,Nationale,90.0,1
202400021899,2024-01-27,après-midi,,,37,37270,1,1,1,3,4,Voie communale,80.0,1
202400021900,2024-07-30,soirée,,,75,75119,2,1,3,4,4,Voie communale,30.0,1
202400021901,2024-04-15,après-midi,,,33,33063,1,1,6,4,4,Voie communale,50.0,1
202400021902,2024-09-07,matin,,,16,16106,1,2,3,3,3,Départementale,90.0,2
202400021903,2024-01-25,matin,,,30,30114,2,1,1,4,3,Départementale,80.0,1
202400021904,2024-04-15,après-midi,,,33,33529,1,1,3,4,4,Voie communale,30.0,1
202400021905,2024-09-06,après-midi,,,07,07110,1,1,6,3,9,Autre,,1
202400021906,2024-07-29,après-midi,,,75,75117,1,1,3,4,4,Voie communale,30.0,1
202400021907,2024-01-27,après-midi,,,68,68015,1,1,7,3,1,Autoroute,50.0,1
202400021908,2024-04-15,après-midi,,,28,28134,1,1,2,4,2,Nationale,90.0,1
202400021909,2024-07-29,après-midi,,,75,75117,1,1,6,4,4,Voie communale,30.0,1
202400021910,2024-09-06,matin,,,21,21099,1,1,1,3,3,Départementale,,1
202400021911,2024-07-30,après-midi,,,75,75114,1,1,3,4,4,Voie communale,30.0,1
202400021912,2024-01-27,soirée,,,13,13086,3,1,2,4,1,Autoroute,,1
202400021913,2024-04-16,nuit,,,17,17380,3,1,7,3,4,Voie communale,50.0,1
202400021914,2024-09-07,après-midi,,,04,04144,1,1,5,4,3,Départementale,80.0,1
202400021915,2024-04-15,matin,,,17,17306,1,1,2,4,4,Voie communale,50.0,1
202400021916,2024-01-27,nuit,,,66,66026,5,1,6,3,3,Départementale,50.0,1
202400021917,2024-09-07,après-midi,,,04,04135,1,1,3,4,3,Départementale,80.0,1
202400021918,2024-07-30,soirée,,,75,75112,1,1,4,4,4,Voie communale,50.0,1
202400021919,2024-07-30,après-midi,,,75,75107,1,1,7,4,4,Voie communale,30.0,1
202400021920,2024-04-15,matin,,,14,14366,1,1,3,4,4,Voie communale,50.0,1
202400021921,2024-01-28,soirée,,,13,13076,3,1,1,3,3,Départementale,,1
202400021922,2024-09-06,soirée,,,28,28290,1,1,1,3,3,Départementale,50.0,1
202400021923,2024-07-30,soirée,,,94,94033,1,7,6,4,4,Voie communale,30.0,1
202400021924,2024-01-28,nuit,,,13,13014,5,1,1,3,3,Départementale,50.0,1
202400021925,2024-04-15,après-midi,,,13,13216,1,1,2,4,3,Départementale,50.0,1
202400021926,2024-07-30,nuit,,,94,94077,5,1,6,3,3,Départementale,50.0,1
202400021927,2024-01-27,après-midi,,,13,13031,1,1,1,4,3,Départementale,50.0,1
202400021928,2024-08-01,matin,,,08,08090,1,1,6,3,4,Voie communale,50.0,1
202400021929,2024-04-15,soirée,,,13,13004,3,1,5,4,3,Départementale,80.0,1
202400021930,2024-07-30,matin,,,93,93078,1,1,3,4,3,Départementale,50.0,1
202400021931,2024-01-28,nuit,,,71,71433,3,5,6,3,4,Voie communale,80.0,6
202400021932,2024-09-06,après-midi,,,06,06088,5,1,2,4,1,Autoroute,90.0,1
202400021933,2024-04-14,matin,,,10,10375,1,1,1,3,3,Départementale,90.0,1
202400021934,2024-01-28,matin,,,03,03186,4,5,6,2,3,Départementale,80.0,2
202400021935,2024-07-29,nuit,,,93,93072,3,1,5,4,3,Départementale,50.0,1
202400021936,2024-09-05,soirée,,,38,38065,2,1,2,4,1,Autoroute,130.0,1
202400021937,2024-04-15,soirée,,,06,06088,1,1,3,4,4,Voie communale,50.0,1
202400021938,2024-07-30,après-midi,,,93,93064,1,1,6,4,3,Départementale,50.0,1
202400021939,2024-01-27,soirée,,,63,63335,3,1,5,4,3,Départementale,90.0,1
202400021940,2024-04-15,après-midi,,,06,06069,1,1,6,4,3,Départementale,30.0,1
202400021941,2024-09-04,après-midi,,,34,34146,1,1,3,3,1,Autoroute,130.0,1
202400021942,2024-07-30,matin,,,93,93001,1,1,6,4,3,Départementale,30.0,1
202400021943,2024-09-07,nuit,,,988,98822,3,1,6,4,2,Nationale,70.0,1
202400021944,2024-04-14,après-midi,,,06,06027,1,1,6,4,7,Autre,50.0,1
202400021945,2024-01-27,soirée,,,63,63204,5,1,1,4,3,Départementale,50.0,1
202400021946,2024-01-28,matin,,,63,63226,1,1,7,4,3,Départementale,50.0,2
202400021947,2024-09-07,nuit,,,974,97418,3,1,2,3,2,Nationale,110.0,1
202400021948,2024-07-31,après-midi,,,84,84088,1,1,3,2,4,Voie communale,30.0,1
202400021949,2024-04-12,soirée,,,03,03310,1,1,6,3,4,Voie communale,50.0,1
202400021950,2024-09-06,nuit,,,971,97115,3,2,1,4,2,Nationale,90.0,2
202400021951,2024-07-30,soirée,,,67,67149,1,1,3,4,3,Départementale,80.0,1
202400021952,2024-01-28,après-midi,,,73,73249,1,1,3,4,3,Départementale,80.0,1
202400021953,2024-04-15,après-midi,,,75,75115,1,1,2,4,4,Voie communale,70.0,1
202400021954,2024-09-06,matin,,,971,97124,1,1,7,3,2,Nationale,50.0,1
202400021955,2024-01-28,après-midi,,,07,07131,1,1,6,2,4,Voie communale,50.0,1
202400021956,2024-07-29,matin,,,22,22093,1,1,3,4,2,Nationale,110.0,1
202400021957,2024-04-15,après-midi,,,75,75105,1,1,2,4,4,Voie communale,30.0,1
202400021958,2024-01-28,matin,,,01,01386,1,1,6,2,3,Départementale,50.0,2
202400021959,2024-07-31,matin,,,83,83049,1,1,6,2,3,Départementale,90.0,1
202400021960,2024-01-27,après-midi,,,16,16019,1,8,7,3,4,Voie communale,30.0,2
202400021961,2024-09-07,nuit,,,91,91386,5,2,1,4,3,Départementale,50.0,2
202400021962,2024-04-15,après-midi,,,75,75120,1,2,6,4,4,Voie communale,30.0,2
202400021963,2024-07-30,soirée,,,62,62752,1,1,3,4,3,Départementale,50.0,1
202400021964,2024-01-27,matin,,,86,86054,1,5,1,3,3,Départementale,90.0,2
202400021965,2024-01-27,après-midi,,,64,64230,1,1,7,4,3,Départementale,80.0,1
202400021966,2024-07-30,après-midi,,,68,68043,1,1,2,4,3,Départementale,,1
202400021967,2024-04-15,nuit,,,75,75116,3,1,1,4,4,Voie communale,50.0,1
202400021968,2024-09-06,matin,,,06,06048,1,1,2,4,3,Départementale,50.0,1
202400021969,2024-07-30,matin,,,83,83089,2,1,7,2,3,Départementale,50.0,1
202400021970,2024-07-28,soirée,,,51,51210,1,1,7,4,3,Départementale,,1
202400021971,2024-09-07,matin,,,13,13004,1,1,3,3,3,Départementale,50.0,1
202400021972,2024-04-15,soirée,,,75,75114,1,1,7,4,4,Voie communale,50.0,1
202400021973,2024-01-28,après-midi,,,76,76631,1,1,3,4,7,Autre,80.0,1
202400021974,2024-09-06,soirée,,,52,52276,2,1,7,3,3,Départementale,90.0,1
202400021975,2024-07-31,après-midi,,,56,56174,1,1,1,3,3,Départementale,80.0,1
202400021976,2024-01-28,matin,,,80,80090,2,1,6,4,1,Autoroute,130.0,1
202400021977,2024-09-07,après-midi,,,68,68089,1,1,7,3,3,Départementale,80.0,1
202400021978,2024-04-15,matin,,,75,75113,1,1,3,4,4,Voie communale,30.0,1
202400021979,2024-01-27,nuit,,,83,83123,3,1,6,4,1,Autoroute,90.0,1
202400021980,2024-07-30,après-midi,,,56,56165,1,1,3,4,2,Nationale,110.0,1
202400021981,2024-09-07,matin,,,88,88367,1,1,3,3,3,Départementale,50.0,1
202400021982,2024-01-22,soirée,,,83,83137,5,1,3,4,1,Autoroute,70.0,1
202400021983,2024-04-15,soirée,,,75,75110,1,1,6,4,4,Voie communale,30.0,1
202400021984,2024-07-29,après-midi,,,56,56062,1,7,2,3,3,Départementale,70.0,1
202400021985,2024-09-06,après-midi,,,88,88078,1,1,1,3,3,Départementale,50.0,1
202400021986,2024-01-26,après-midi,,,95,95018,1,1,2,4,1,Autoroute,110.0,1
202400021987,2024-09-06,matin,,,73,73023,1,1,1,3,3,Départementale,80.0,1
202400021988,2024-07-30,après-midi,,,56,56026,1,1,3,4,3,Départementale,50.0,1
202400021989,2024-04-02,matin,,,987,98736,1,2,7,3,2,Nationale,30.0,2
202400021990,2024-04-15,soirée,,,75,75110,1,1,3,4,4,Voie communale,30.0,1
202400021991,2024-09-07,matin,,,42,42285,1,1,2,4,3,Départementale,70.0,1
202400021992,2024-01-26,matin,,,974,97411,1,2,2,4,3,Départementale,30.0,2
202400021993,2024-09-06,soirée,,,69,69216,3,1,1,3,3,Départementale,80.0,1
202400021994,2024-04-15,après-midi,,,75,75110,1,2,3,4,4,Voie communale,30.0,2
202400021995,2024-07-31,matin,,,76,76629,1,1,7,3,4,Voie communale,80.0,6
202400021996,2024-01-25,matin,,,974,97411,1,1,3,4,4,Voie communale,50.0,1
202400021997,2024-07-31,matin,,,32,32076,1,1,7,3,3,Départementale,90.0,1
202400021998,2024-04-15,nuit,,,75,75107,5,1,6,4,4,Voie communale,30.0,1
202400021999,2024-09-06,après-midi,,,46,46102,1,1,6,4,4,Voie communale,20.0,1
202400022000,2024-07-31,nuit,,,71,71263,3,1,6,3,3,Départementale,80.0,1
202400022001,2024-04-14,soirée,,,75,75107,5,1,6,4,4,Voie communale,30.0,1
202400022002,2024-01-26,soirée,,,973,97302,1,1,3,4,4,Voie communale,30.0,1
202400022003,2024-09-06,après-midi,,,87,87005,1,8,2,2,3,Départementale,70.0,1
202400022004,2024-07-31,nuit,,,71,71310,2,1,7,3,2,Nationale,110.0,1
202400022005,2024-09-07,nuit,,,79,79049,3,1,6,4,4,Voie communale,50.0,1
202400022006,2024-04-14,nuit,,,75,75102,5,1,3,3,4,Voie communale,30.0,1
202400022007,2024-01-26,après-midi,,,973,97302,1,1,3,4,4,Voie communale,50.0,1
202400022008,2024-07-31,après-midi,,,63,63381,1,1,2,3,3,Départementale,90.0,1
202400022009,2024-09-07,nuit,,,64,64304,3,2,7,3,3,Départementale,80.0,2
202400022010,2024-01-26,matin,,,973,97302,1,1,3,4,3,Départementale,50.0,1
202400022011,2024-04-13,après-midi,,,75,75104,1,1,3,4,4,Voie communale,30.0,1
202400022012,2024-07-30,après-midi,,,42,42023,1,1,7,3,3,Départementale,80.0,1
202400022013,2024-09-06,soirée,,,49,49299,3,2,7,3,3,Départementale,110.0,2
202400022014,2024-01-26,après-midi,,,973,97309,1,1,3,4,3,Départementale,50.0,1
202400022015,2024-07-30,après-midi,,,47,47222,1,1,1,4,3,Départementale,80.0,1
202400022016,2024-04-14,soirée,,,94,94068,1,1,2,4,4,Voie communale,30.0,1
202400022017,2024-01-25,matin,,,973,97302,1,2,6,4,2,Nationale,90.0,2
202400022018,2024-09-06,après-midi,,,27,27016,1,7,3,4,3,Départementale,50.0,1
202400022019,2024-07-31,matin,,,47,47066,1,1,6,4,3,Départementale,80.0,1
202400022020,2024-04-15,matin,,,93,93072,1,1,6,4,3,Départementale,50.0,1
202400022021,2024-07-31,matin,,,34,34008,1,1,7,4,3,Départementale,50.0,1
202400022022,2024-01-26,soirée,,,69,69387,5,2,3,4,4,Voie communale,30.0,2
202400022023,2024-04-15,après-midi,,,93,93066,1,3,6,4,3,Départementale,50.0,2
202400022024,2024-09-07,après-midi,,,76,76261,1,1,5,3,3,Départementale,80.0,1
202400022025,2024-09-07,après-midi,,,60,60666,1,2,7,4,4,Voie communale,50.0,2
202400022026,2024-01-26,matin,,,972,97209,1,2,2,4,3,Départementale,50.0,2
202400022027,2024-04-15,matin,,,93,93051,1,1,2,4,4,Voie communale,50.0,1
202400022028,2024-07-30,soirée,,,22,22046,1,1,5,4,3,Départementale,80.0,1
202400022029,2024-09-06,soirée,,,60,60628,1,1,2,4,2,Nationale,70.0,1
202400022030,2024-07-30,après-midi,,,39,39283,1,1,7,3,3,Départementale,,1
202400022031,2024-04-15,après-midi,,,92,92062,1,1,3,4,3,Départementale,50.0,1
202400022032,2024-01-26,matin,,,972,97209,1,1,2,4,1,Autoroute,90.0,1
202400022033,2024-07-30,nuit,,,44,44083,3,1,2,2,3,Départementale,80.0,2
202400022034,2024-04-16,nuit,,,95,95205,3,1,1,4,4,Voie communale,50.0,1
202400022035,2024-01-23,matin,,,971,97120,1,1,6,4,3,Départementale,50.0,1
202400022036,2024-09-07,après-midi,,,02,02381,1,1,1,4,3,Départementale,80.0,1
202400022037,2024-01-24,après-midi,,,971,97113,1,1,7,4,4,Voie communale,50.0,1
202400022038,2024-04-16,matin,,,66,66164,1,1,3,3,1,Autoroute,,1
202400022039,2024-07-30,soirée,,,38,38269,5,1,1,3,3,Départementale,80.0,1
202400022040,2024-09-04,après-midi,,,13,13212,1,2,3,4,1,Autoroute,70.0,2
202400022041,2024-04-14,après-midi,,,51,51425,1,1,7,3,3,Départementale,90.0,1
202400022042,2024-07-31,après-midi,,,02,02184,1,1,6,4,3,Départementale,50.0,1
202400022043,2024-01-26,après-midi,,,95,95563,1,1,1,4,4,Voie communale,50.0,1
202400022044,2024-07-30,après-midi,,,84,84017,1,1,7,3,3,Départementale,80.0,1
202400022045,2024-01-26,matin,,,91,91122,1,2,6,4,4,Voie communale,30.0,2
202400022046,2024-09-05,matin,,,69,69199,1,3,5,4,7,Autre,70.0,2
202400022047,2024-04-14,après-midi,,,35,35193,1,1,6,3,3,Départementale,80.0,1
202400022048,2024-01-26,après-midi,,,91,91027,1,1,3,4,4,Voie communale,50.0,1
202400022049,2024-07-31,matin,,,15,15189,1,7,3,3,3,Départementale,90.0,1
202400022050,2024-09-06,matin,,,33,33003,1,2,2,4,1,Autoroute,130.0,2
202400022051,2024-04-12,après-midi,,,79,79127,1,1,3,4,3,Départementale,80.0,1
202400022052,2024-01-26,matin,,,91,91174,1,2,6,4,4,Voie communale,50.0,2
202400022053,2024-07-30,matin,,,26,26108,2,1,3,3,4,Voie communale,50.0,1
202400022054,2024-09-05,matin,,,59,59566,1,1,6,3,1,Autoroute,70.0,1
202400022055,2024-04-15,soirée,,,2B,2B342,1,1,3,4,2,Nationale,70.0,1
202400022056,2024-01-25,après-midi,,,87,87085,1,1,3,3,4,Voie communale,50.0,1
202400022057,2024-04-16,soirée,,,71,71332,1,1,7,4,4,Voie communale,50.0,1
202400022058,2024-09-06,nuit,,,91,91161,3,1,2,4,1,Autoroute,110.0,1
202400022059,2024-07-31,après-midi,,,05,05164,1,1,3,4,2,Nationale,80.0,1
202400022060,2024-01-21,après-midi,,,87,87085,1,2,2,4,1,Autoroute,110.0,2
202400022061,2024-09-06,après-midi,,,92,92025,1,1,6,4,1,Autoroute,90.0,1
202400022062,2024-01-25,matin,,,86,86157,2,1,3,4,2,Nationale,50.0,1
202400022063,2024-04-12,après-midi,,,55,55527,1,1,6,4,4,Voie communale,50.0,1
202400022064,2024-07-31,matin,,,50,50227,1,1,3,3,3,Départementale,50.0,1
202400022065,2024-09-06,après-midi,,,93,93064,1,1,3,4,1,Autoroute,90.0,1
202400022066,2024-07-30,nuit,,,50,50239,3,1,7,3,3,Départementale,80.0,1
202400022067,2024-04-15,après-midi,,,49,49214,1,1,7,3,3,Départementale,50.0,1
202400022068,2024-09-05,matin,,,93,93001,1,3,6,3,1,Autoroute,90.0,2
202400022069,2024-01-26,matin,,,86,86066,1,1,3,4,3,Départementale,30.0,1
202400022070,2024-07-30,après-midi,,,90,90088,1,1,7,4,3,Départementale,50.0,1
202400022071,2024-04-16,matin,,,25,25160,1,8,6,3,3,Départementale,50.0,2
202400022072,2024-09-05,matin,,,95,95572,2,3,6,4,2,Nationale,90.0,3
202400022073,2024-01-25,soirée,,,85,85194,5,1,3,4,3,Départementale,50.0,1
202400022074,2024-07-30,matin,,,64,64160,1,1,3,4,3,Départementale,50.0,1
202400022075,2024-04-15,soirée,,,25,25578,1,1,1,4,4,Voie communale,50.0,1
202400022076,2024-09-04,matin,,,95,95212,1,1,3,4,2,Nationale,90.0,1
202400022077,2024-01-25,soirée,,,84,84007,5,1,6,3,4,Voie communale,20.0,1
202400022078,2024-04-16,après-midi,,,25,25195,1,2,1,3,4,Voie communale,50.0,2
202400022079,2024-07-30,soirée,,,40,40091,1,1,1,4,4,Voie communale,70.0,1
202400022080,2024-09-04,matin,,,93,93005,1,1,2,4,1,Autoroute,90.0,1
202400022081,2024-01-26,après-midi,,,83,83034,1,1,6,4,3,Départementale,70.0,1
202400022082,2024-03-30,nuit,,,44,44018,5,2,6,3,7,Autre,30.0,2
202400022083,2024-07-29,soirée,,,17,17091,1,1,3,4,3,Départementale,80.0,1
202400022084,2024-09-06,matin,,,77,77169,1,1,2,4,1,Autoroute,90.0,1
202400022085,2024-01-26,après-midi,,,82,82121,1,8,3,3,4,Voie communale,50.0,2
202400022086,2024-04-15,soirée,,,01,01374,1,1,1,4,4,Voie communale,80.0,1
202400022087,2024-07-30,après-midi,,,23,23089,1,1,7,4,3,Départementale,90.0,1
202400022088,2024-04-16,matin,,,01,01204,1,2,1,4,3,Départementale,80.0,2
202400022089,2024-01-25,matin,,,81,81021,1,1,3,4,4,Voie communale,50.0,1
202400022090,2024-04-12,soirée,,,14,14456,1,1,1,4,3,Départementale,80.0,1
202400022091,2024-04-14,après-midi,,,53,53190,1,1,7,3,2,Nationale,80.0,1
202400022092,2024-04-16,après-midi,,,27,27258,1,1,7,3,3,Départementale,80.0,1
202400022093,2024-01-22,après-midi,,,81,81065,1,1,6,4,4,Voie communale,50.0,1
202400022094,2024-04-16,matin,,,27,27032,1,1,6,2,4,Voie communale,80.0,2
202400022095,2024-07-26,matin,,,37,37109,1,1,1,4,3,Départementale,70.0,1
202400022096,2024-04-15,soirée,,,23,23015,3,3,6,3,3,Départementale,90.0,2
202400022097,2024-01-26,soirée,,,78,78498,5,1,2,4,3,Départementale,50.0,1
202400022098,2024-03-05,matin,,,13,13077,1,1,3,4,4,Voie communale,50.0,1
202400022099,2024-07-30,après-midi,,,88,88158,1,1,7,2,4,Voie communale,50.0,1
202400022100,2024-04-15,après-midi,,,37,37050,1,8,6,4,4,Voie communale,50.0,1
202400022101,2024-09-05,matin,,,974,97416,1,1,2,4,4,Voie communale,50.0,1
202400022102,2024-01-26,après-midi,,,77,77083,1,1,6,4,4,Voie communale,30.0,1
202400022103,2024-07-17,après-midi,,,10,10045,1,1,2,4,1,Autoroute,130.0,1
202400022104,2024-04-16,matin,,,38,38530,1,1,5,3,3,Départementale,70.0,1
202400022105,2024-09-05,matin,,,974,97416,1,1,2,4,2,Nationale,110.0,1
202400022106,2024-01-25,soirée,,,77,77394,3,1,7,3,3,Départementale,90.0,2
202400022107,2024-04-15,soirée,,,01,01301,2,1,6,4,3,Départementale,50.0,1
202400022108,2024-07-31,après-midi,,,13,13044,1,1,1,4,3,Départementale,80.0,1
202400022109,2024-09-04,après-midi,,,974,97416,1,1,3,4,3,Départementale,50.0,1
202400022110,2024-07-29,soirée,,,33,33284,1,1,6,4,1,Autoroute,130.0,1
202400022111,2024-01-26,après-midi,,,77,77276,1,1,3,4,1,Autoroute,80.0,1
202400022112,2024-04-16,nuit,,,988,98827,3,1,6,3,2,Nationale,110.0,1
202400022113,2024-01-26,après-midi,,,76,76705,1,1,6,4,7,Autre,80.0,1
202400022114,2024-07-30,soirée,,,11,11076,1,8,1,3,3,Départementale,50.0,1
202400022115,2024-09-03,après-midi,,,974,97411,1,1,3,4,4,Voie communale,50.0,1
202400022116,2024-04-16,après-midi,,,45,45324,1,1,6,3,3,Départementale,50.0,1
202400022117,2024-01-26,matin,,,76,76575,5,2,6,4,4,Voie communale,50.0,2
202400022118,2024-07-31,soirée,,,34,34022,1,1,3,3,2,Nationale,50.0,1
202400022119,2024-09-05,après-midi,,,69,69388,1,1,3,4,4,Voie communale,50.0,1
202400022120,2024-04-06,nuit,,,77,77440,5,1,1,4,3,Départementale,50.0,1
202400022121,2024-07-30,après-midi,,,83,83150,1,1,2,4,3,Départementale,80.0,1
202400022122,2024-01-25,matin,,,76,76351,2,1,6,4,4,Voie communale,50.0,1
202400022123,2024-07-30,après-midi,,,83,83008,1,1,6,2,4,Voie communale,50.0,1
202400022124,2024-04-16,matin,,,2A,2A114,1,1,1,3,4,Voie communale,80.0,1
202400022125,2024-09-04,après-midi,,,69,69387,1,1,7,4,4,Voie communale,30.0,1
202400022126,2024-01-26,nuit,,,76,76351,5,1,6,4,4,Voie communale,30.0,1
202400022127,2024-07-31,après-midi,,,04,04143,1,1,3,4,3,Départementale,80.0,1
202400022128,2024-01-25,matin,,,76,76351,2,1,7,3,4,Voie communale,50.0,1
202400022129,2024-09-05,après-midi,,,972,97209,1,2,6,3,3,Départementale,50.0,2
202400022130,2024-01-26,soirée,,,76,76217,5,1,6,4,2,Nationale,50.0,1
202400022131,2024-07-25,après-midi,,,13,13015,1,1,1,4,3,Départementale,90.0,1
202400022132,2024-09-05,après-midi,,,2A,2A004,1,1,3,4,3,Départementale,50.0,1
202400022133,2024-07-30,soirée,,,67,67205,5,1,7,3,4,Voie communale,50.0,1
202400022134,2024-01-26,matin,,,74,74305,1,1,6,4,4,Voie communale,50.0,1
202400022135,2024-07-28,soirée,,,55,55366,1,1,1,4,3,Départementale,90.0,1
202400022136,2024-09-04,après-midi,,,2A,2A004,1,1,3,4,4,Voie communale,50.0,1
202400022137,2024-01-26,nuit,,,72,72181,5,1,6,3,4,Voie communale,50.0,1
202400022138,2024-07-27,nuit,,,38,38565,2,1,6,4,3,Départementale,50.0,1
202400022139,2024-09-05,matin,,,95,95585,1,3,6,4,3,Départementale,50.0,2
202400022140,2024-01-26,matin,,,72,72181,1,2,6,4,4,Voie communale,30.0,2
202400022141,2024-07-30,soirée,,,38,38382,2,1,3,4,7,Autre,50.0,1
202400022142,2024-09-04,après-midi,,,95,95252,1,1,3,4,4,Voie communale,50.0,1
202400022143,2024-01-26,après-midi,,,69,69256,1,1,6,4,4,Voie communale,50.0,1
202400022144,2024-07-30,après-midi,,,26,26271,1,1,3,3,2,Nationale,70.0,1
202400022145,2024-09-05,matin,,,91,91377,1,2,1,4,4,Voie communale,50.0,8
202400022146,2024-01-24,matin,,,67,67462,1,2,3,4,4,Voie communale,30.0,2
202400022147,2024-07-30,matin,,,69,69204,1,1,6,3,7,Autre,50.0,1
202400022148,2024-01-26,après-midi,,,64,64445,1,1,7,4,4,Voie communale,50.0,1
202400022149,2024-07-31,matin,,,33,33056,1,1,3,3,4,Voie communale,30.0,1
202400022150,2024-09-05,soirée,,,84,84007,2,1,1,4,4,Voie communale,50.0,1
202400022151,2024-01-25,après-midi,,,64,64102,1,1,6,4,4,Voie communale,30.0,1
202400022152,2024-07-21,après-midi,,,14,14762,1,1,1,3,4,Voie communale,80.0,1
202400022153,2024-09-05,soirée,,,83,83126,1,1,6,4,4,Voie communale,50.0,1
202400022154,2024-01-26,soirée,,,63,63113,5,2,6,4,7,Autre,,2
202400022155,2024-07-30,soirée,,,56,56241,1,1,2,4,4,Voie communale,50.0,1
202400022156,2024-09-04,nuit,,,83,83129,5,8,3,3,3,Départementale,50.0,2
202400022157,2024-07-29,soirée,,,22,22008,1,1,1,4,3,Départementale,70.0,1
202400022158,2024-01-18,après-midi,,,63,63113,1,1,3,4,4,Voie communale,,1
202400022159,2024-09-04,après-midi,,,80,80021,1,1,3,3,4,Voie communale,50.0,1
202400022160,2024-01-26,soirée,,,59,59599,3,1,6,4,4,Voie communale,30.0,1
202400022161,2024-07-26,après-midi,,,62,62014,1,1,1,4,4,Voie communale,50.0,1
202400022162,2024-09-06,nuit,,,78,78299,3,1,6,3,3,Départementale,50.0,1
202400022163,2024-01-26,matin,,,59,59378,2,2,6,4,7,Autre,50.0,2
202400022164,2024-07-26,après-midi,,,59,59614,1,1,6,4,3,Départementale,80.0,1
202400022165,2024-09-05,soirée,,,77,77326,1,1,6,3,3,Départementale,50.0,1
202400022166,2024-01-26,nuit,,,54,54395,3,1,6,4,4,Voie communale,30.0,2
202400022167,2024-07-30,soirée,,,13,13212,1,1,2,4,1,Autoroute,70.0,1
202400022168,2024-09-05,matin,,,77,77186,3,3,1,4,3,Départementale,70.0,2
202400022169,2024-01-25,soirée,,,54,54304,5,2,3,4,4,Voie communale,30.0,2
202400022170,2024-07-30,matin,,,13,13211,1,1,2,4,1,Autoroute,90.0,1
202400022171,2024-09-04,soirée,,,76,76351,5,1,3,4,3,Départementale,50.0,1
202400022172,2024-01-25,après-midi,,,54,54274,1,1,3,4,4,Voie communale,30.0,1
202400022173,2024-07-30,matin,,,13,13033,1,1,3,4,1,Autoroute,90.0,1
202400022174,2024-09-03,après-midi,,,76,76351,1,1,3,3,3,Départementale,50.0,1
202400022175,2024-01-26,matin,,,51,51454,5,2,6,4,4,Voie communale,50.0,2
202400022176,2024-09-05,nuit,,,73,73065,3,3,1,4,4,Voie communale,50.0,2
202400022177,2024-01-26,matin,,,51,51454,5,1,6,4,4,Voie communale,30.0,2
202400022178,2024-09-05,soirée,,,67,67218,2,3,6,4,4,Voie communale,50.0,2
202400022179,2024-07-30,matin,,,83,83144,1,1,4,4,1,Autoroute,70.0,1
202400022180,2024-01-25,soirée,,,50,50129,5,1,6,2,3,Départementale,50.0,2
202400022181,2024-09-05,nuit,,,67,67043,5,2,3,4,7,Autre,50.0,2
202400022182,2024-01-25,nuit,,,49,49007,5,2,3,4,4,Voie communale,50.0,2
202400022183,2024-09-05,matin,,,66,66136,1,1,6,4,4,Voie communale,50.0,1
202400022184,2024-07-24,nuit,,,69,69266,5,1,4,4,7,Autre,70.0,1
202400022185,2024-01-25,matin,,,49,49007,5,1,2,3,4,Voie communale,90.0,2
202400022186,2024-09-05,après-midi,,,65,65440,1,1,3,4,2,Nationale,50.0,1
202400022187,2024-07-24,après-midi,,,59,59343,1,1,2,3,1,Autoroute,90.0,1
202400022188,2024-01-24,matin,,,49,49007,5,2,3,4,4,Voie communale,50.0,2
202400022189,2024-09-05,après-midi,,,64,64545,1,1,1,4,3,Départementale,70.0,2
202400022190,2024-01-26,soirée,,,44,44109,5,1,6,3,4,Voie communale,30.0,1
202400022191,2024-09-05,après-midi,,,64,64445,1,1,7,4,4,Voie communale,50.0,9
202400022192,2024-07-30,après-midi,,,93,93078,1,1,4,4,1,Autoroute,90.0,1
202400022193,2024-01-26,après-midi,,,43,43157,1,1,7,4,4,Voie communale,50.0,1
202400022194,2024-09-05,après-midi,,,64,64445,1,1,3,4,4,Voie communale,50.0,1
202400022195,2024-09-05,matin,,,64,64445,1,1,6,4,4,Voie communale,50.0,1