Num_Acc,date,time_of_day,lat,long,dep,com,lum,atm,col,severity_index,catr,catr_label,vma,surf
202400022196,2024-01-25,après-midi,,,42,42223,1,1,2,3,7,Autre,50.0,1
202400022197,2024-07-30,après-midi,,,93,93078,1,1,5,4,1,Autoroute,90.0,1
202400022198,2024-01-26,matin,,,41,41018,2,1,6,3,4,Voie communale,50.0,1
202400022199,2024-08-21,après-midi,,,62,62765,1,7,6,3,4,Voie communale,50.0,1
202400022200,2024-01-26,matin,,,38,38185,5,1,3,4,4,Voie communale,50.0,1
202400022201,2024-09-01,après-midi,,,62,62757,1,1,2,3,3,Départementale,50.0,1
202400022202,2024-01-26,après-midi,,,37,37261,1,3,6,4,4,Voie communale,50.0,2
202400022203,2024-07-30,après-midi,,,93,93066,1,1,4,4,1,Autoroute,90.0,1
202400022204,2024-09-05,après-midi,,,62,62523,1,1,3,3,3,Départementale,50.0,1
202400022205,2024-01-25,soirée,,,37,37261,5,1,6,4,4,Voie communale,50.0,1
202400022206,2024-09-04,après-midi,,,62,62570,1,1,3,3,3,Départementale,50.0,1
202400022207,2024-01-26,après-midi,,,35,35281,1,1,3,4,2,Nationale,90.0,1
202400022208,2024-07-30,après-midi,,,93,93013,1,1,2,4,1,Autoroute,50.0,1
202400022209,2024-08-23,après-midi,,,62,62498,1,1,3,4,4,Voie communale,50.0,1
202400022210,2024-01-26,matin,,,35,35238,5,2,6,4,4,Voie communale,30.0,2
202400022211,2024-07-30,matin,,,93,93066,1,1,4,4,1,Autoroute,90.0,1
202400022212,2024-09-05,après-midi,,,62,62193,1,1,3,3,4,Voie communale,50.0,1
202400022213,2024-01-26,nuit,,,34,34301,5,1,2,3,4,Voie communale,50.0,1
202400022214,2024-07-30,nuit,,,93,93008,3,1,6,4,1,Autoroute,90.0,1
202400022215,2024-09-04,matin,,,60,60159,1,1,6,4,4,Voie communale,30.0,1
202400022216,2024-01-26,matin,,,33,33063,1,5,6,4,4,Voie communale,30.0,2
202400022217,2024-07-30,nuit,,,95,95351,3,1,3,4,2,Nationale,90.0,1
202400022218,2024-01-25,après-midi,,,33,33069,1,1,3,3,4,Voie communale,50.0,1
202400022219,2024-09-06,nuit,,,59,59350,5,1,6,4,4,Voie communale,30.0,1
202400022220,2024-07-29,nuit,,,95,95527,5,1,2,4,1,Autoroute,90.0,1
202400022221,2024-09-05,soirée,,,56,56260,1,1,6,4,4,Voie communale,50.0,1
202400022222,2024-01-26,après-midi,,,29,29232,1,1,4,4,3,Départementale,50.0,1
202400022223,2024-09-04,après-midi,,,51,51454,1,1,7,4,4,Voie communale,50.0,1
202400022224,2024-07-29,après-midi,,,93,93013,1,1,4,4,1,Autoroute,110.0,1
202400022225,2024-07-29,après-midi,,,95,95488,1,1,6,4,1,Autoroute,50.0,1
202400022226,2024-01-26,soirée,,,26,26198,5,1,3,3,2,Nationale,70.0,1
202400022227,2024-08-31,soirée,,,50,50502,1,1,3,3,4,Voie communale,50.0,1
202400022228,2024-01-25,soirée,,,25,25284,5,2,6,3,3,Départementale,50.0,2
202400022229,2024-08-19,nuit,,,49,49099,3,1,2,4,3,Départementale,70.0,1
202400022230,2024-07-30,soirée,,,77,77058,1,1,4,4,1,Autoroute,130.0,1
202400022231,2024-01-26,matin,,,25,25056,5,1,1,4,4,Voie communale,50.0,1
202400022232,2024-09-05,nuit,,,49,49007,5,1,6,4,4,Voie communale,50.0,1
202400022233,2024-07-29,après-midi,,,77,77373,1,1,6,3,2,Nationale,90.0,1
202400022234,2024-09-04,nuit,,,49,49007,5,1,3,4,4,Voie communale,50.0,1
202400022235,2024-07-29,après-midi,,,45,45208,1,1,6,4,3,Départementale,50.0,1
202400022236,2024-01-25,soirée,,,14,14118,5,1,2,4,4,Voie communale,50.0,1
202400022237,2024-09-05,matin,,,45,45232,1,2,3,4,7,Autre,90.0,2
202400022238,2024-05-28,après-midi,,,43,43089,1,1,7,4,3,Départementale,50.0,1
202400022239,2024-01-25,soirée,,,14,14118,5,1,3,4,4,Voie communale,50.0,2
202400022240,2024-05-30,nuit,,,43,43157,5,7,6,4,4,Voie communale,50.0,2
202400022241,2024-09-05,matin,,,45,45234,1,2,1,4,4,Voie communale,50.0,2
202400022242,2024-01-25,soirée,,,14,14118,5,2,7,3,4,Voie communale,50.0,2
202400022243,2024-05-30,après-midi,,,74,74012,1,1,4,4,3,Départementale,50.0,1
202400022244,2024-09-05,matin,,,45,45284,1,2,3,4,3,Départementale,90.0,2
202400022245,2024-01-26,matin,,,13,13043,1,1,2,4,4,Voie communale,70.0,1
202400022246,2024-09-05,après-midi,,,45,45208,1,1,2,4,4,Voie communale,50.0,1
202400022247,2024-05-25,nuit,,,57,57019,5,1,7,3,3,Départementale,50.0,1
202400022248,2024-07-29,matin,,,973,97302,2,1,7,4,2,Nationale,50.0,8
202400022249,2024-01-25,après-midi,,,13,13054,1,1,3,4,4,Voie communale,50.0,1
202400022250,2024-09-05,matin,,,44,44184,2,3,3,4,4,Voie communale,50.0,2
202400022251,2024-07-28,nuit,,,973,97302,5,1,2,4,4,Voie communale,50.0,1
202400022252,2024-01-25,matin,,,11,11069,1,1,3,4,4,Voie communale,50.0,1
202400022253,2024-09-03,soirée,,,44,44109,2,1,1,4,4,Voie communale,30.0,1
202400022254,2024-07-27,matin,,,972,97209,1,1,3,4,4,Voie communale,50.0,1
202400022255,2024-09-05,matin,,,37,37214,1,2,2,4,4,Voie communale,50.0,2
202400022256,2024-01-23,après-midi,,,06,06027,5,1,4,4,7,Autre,50.0,1
202400022257,2024-09-05,soirée,,,36,36159,1,8,1,4,3,Départementale,70.0,1
202400022258,2024-07-29,nuit,,,69,69387,5,1,6,4,4,Voie communale,30.0,1
202400022259,2024-01-26,soirée,,,01,01053,5,2,6,4,4,Voie communale,50.0,2
202400022260,2024-09-05,nuit,,,35,35238,5,2,3,4,4,Voie communale,50.0,2
202400022261,2024-01-25,nuit,,,75,75120,5,1,7,4,4,Voie communale,70.0,1
202400022262,2024-07-29,nuit,,,2B,2B033,5,1,3,4,4,Voie communale,50.0,1
202400022263,2024-09-05,après-midi,,,34,34172,1,1,3,4,4,Voie communale,50.0,1
202400022264,2024-01-26,matin,,,75,75105,5,2,6,4,4,Voie communale,30.0,2
202400022265,2024-07-29,soirée,,,2B,2B120,1,1,2,4,4,Voie communale,70.0,1
202400022266,2024-09-04,matin,,,34,34003,1,1,3,3,4,Voie communale,50.0,1
202400022267,2024-07-27,après-midi,,,971,97101,1,1,6,4,3,Départementale,50.0,1
202400022268,2024-01-26,matin,,,75,75120,2,2,5,4,4,Voie communale,30.0,2
202400022269,2024-09-05,matin,,,33,33318,1,1,2,4,4,Voie communale,50.0,1
202400022270,2024-01-26,matin,,,75,75117,5,2,6,4,4,Voie communale,50.0,2
202400022271,2024-07-29,matin,,,2A,2A004,1,1,2,4,4,Voie communale,50.0,1
202400022272,2024-09-05,après-midi,,,27,27681,1,3,3,4,4,Voie communale,70.0,2
202400022273,2024-07-29,après-midi,,,95,95277,1,1,6,4,4,Voie communale,50.0,1
202400022274,2024-01-26,nuit,,,75,75115,5,1,1,4,4,Voie communale,30.0,2
202400022275,2024-09-05,soirée,,,27,27229,1,1,2,4,4,Voie communale,50.0,1
202400022276,2024-07-29,matin,,,95,95280,1,1,1,4,4,Voie communale,50.0,1
202400022277,2024-01-24,après-midi,,,75,75114,1,1,3,3,4,Voie communale,30.0,1
202400022278,2024-09-05,après-midi,,,27,27229,1,2,7,4,4,Voie communale,50.0,2
202400022279,2024-07-29,matin,,,95,95555,1,1,6,2,4,Voie communale,50.0,1
202400022280,2024-09-05,soirée,,,26,26362,1,1,6,3,4,Voie communale,50.0,1
202400022281,2024-07-29,matin,,,95,95127,1,1,3,4,4,Voie communale,50.0,1
202400022282,2024-01-26,matin,,,75,75113,1,1,6,4,4,Voie communale,30.0,2
202400022283,2024-09-05,matin,,,26,26362,1,3,6,3,4,Voie communale,50.0,2
202400022284,2024-01-26,soirée,,,75,75112,3,1,3,4,4,Voie communale,30.0,1
202400022285,2024-09-05,soirée,,,26,26198,1,1,1,4,4,Voie communale,50.0,1
202400022286,2024-07-29,nuit,,,95,95218,5,1,2,4,2,Nationale,50.0,1
202400022287,2024-05-25,nuit,,,75,75117,1,1,7,3,4,Voie communale,50.0,1
202400022288,2024-01-25,nuit,,,75,75111,5,2,3,4,4,Voie communale,30.0,2
202400022289,2024-05-24,matin,,,75,75114,1,1,7,4,4,Voie communale,50.0,1
202400022290,2024-09-05,matin,,,25,25204,1,3,3,4,4,Voie communale,50.0,2
202400022291,2024-07-29,après-midi,,,95,95018,1,1,2,3,3,Départementale,50.0,1
202400022292,2024-01-25,matin,,,75,75103,1,8,6,4,4,Voie communale,30.0,2
202400022293,2024-07-29,matin,,,91,91421,2,1,6,4,3,Départementale,30.0,1
202400022294,2024-05-06,soirée,,,75,75111,1,1,3,4,4,Voie communale,30.0,1
202400022295,2024-09-05,matin,,,19,19031,5,1,3,4,4,Voie communale,50.0,1
202400022296,2024-01-26,après-midi,,,94,94058,5,1,2,4,4,Voie communale,30.0,1
202400022297,2024-07-29,matin,,,91,91027,1,1,3,4,3,Départementale,30.0,1
202400022298,2024-05-25,matin,,,75,75110,1,1,3,4,4,Voie communale,30.0,1
202400022299,2024-09-04,matin,,,19,19031,1,1,3,4,4,Voie communale,50.0,1
202400022300,2024-01-26,soirée,,,94,94022,5,1,6,3,3,Départementale,30.0,1
202400022301,2024-07-29,soirée,,,89,89236,1,1,2,4,4,Voie communale,50.0,1
202400022302,2024-05-25,matin,,,75,75108,1,1,7,4,4,Voie communale,50.0,1
202400022303,2024-01-25,après-midi,,,94,94073,2,1,3,4,3,Départementale,30.0,1
202400022304,2024-09-05,matin,,,18,18033,1,1,1,4,4,Voie communale,50.0,1
202400022305,2024-05-25,soirée,,,75,75115,1,1,3,4,4,Voie communale,30.0,1
202400022306,2024-07-09,après-midi,,,88,88160,1,1,3,4,4,Voie communale,50.0,1
202400022307,2024-07-26,après-midi,,,87,87085,1,1,6,3,4,Voie communale,50.0,1
202400022308,2024-01-26,soirée,,,93,93046,5,1,2,4,4,Voie communale,50.0,1
202400022309,2024-05-25,après-midi,,,75,75107,1,1,2,3,4,Voie communale,30.0,1
202400022310,2024-09-05,matin,,,13,13054,1,1,3,4,4,Voie communale,50.0,1
202400022311,2024-07-29,nuit,,,85,85194,3,1,7,3,4,Voie communale,50.0,1
202400022312,2024-01-26,après-midi,,,93,93070,1,1,2,4,4,Voie communale,50.0,1
202400022313,2024-05-25,soirée,,,75,75103,1,1,6,4,4,Voie communale,30.0,1
202400022314,2024-07-29,après-midi,,,85,85191,1,1,6,4,4,Voie communale,50.0,1
202400022315,2024-09-05,soirée,,,13,13209,1,1,3,4,4,Voie communale,50.0,1
202400022316,2024-01-26,matin,,,93,93066,2,2,3,4,4,Voie communale,50.0,2
202400022317,2024-05-25,matin,,,75,75101,1,1,4,4,4,Voie communale,30.0,1
202400022318,2024-07-12,soirée,,,84,84007,1,1,3,4,4,Voie communale,50.0,1
202400022319,2024-01-26,matin,,,93,93064,3,2,6,4,4,Voie communale,30.0,2
202400022320,2024-09-05,matin,,,13,13213,2,1,5,4,4,Voie communale,50.0,2
202400022321,2024-05-25,matin,,,94,94074,2,1,2,4,2,Nationale,50.0,1
202400022322,2024-09-04,matin,,,13,13215,1,2,2,3,4,Voie communale,50.0,2
202400022323,2024-07-29,après-midi,,,84,84007,1,1,3,4,4,Voie communale,50.0,1
202400022324,2024-01-26,après-midi,,,93,93047,1,1,3,4,3,Départementale,50.0,1
202400022325,2024-05-25,après-midi,,,94,94071,1,1,6,4,3,Départementale,,1
202400022326,2024-01-26,nuit,,,93,93010,3,1,3,4,4,Voie communale,30.0,1
202400022327,2024-09-05,soirée,,,13,13001,5,1,3,3,4,Voie communale,50.0,1
202400022328,2024-07-29,soirée,,,83,83137,1,1,4,4,4,Voie communale,50.0,1
202400022329,2024-05-25,après-midi,,,93,93078,1,1,3,4,3,Départementale,50.0,1
202400022330,2024-01-26,nuit,,,93,93007,5,2,7,4,3,Départementale,50.0,2
202400022331,2024-08-30,matin,,,11,11262,1,1,3,4,4,Voie communale,50.0,1
202400022332,2024-07-29,après-midi,,,81,81065,1,7,3,4,4,Voie communale,50.0,1
202400022333,2024-05-25,après-midi,,,93,93064,1,1,1,4,4,Voie communale,50.0,1
202400022334,2024-09-04,matin,,,10,10387,1,1,2,4,4,Voie communale,50.0,1
202400022335,2024-01-26,après-midi,,,93,93005,1,1,7,4,4,Voie communale,50.0,1
202400022336,2024-07-29,matin,,,78,78688,1,1,2,3,4,Voie communale,,1
202400022337,2024-05-25,soirée,,,93,93033,2,1,3,4,3,Départementale,45.0,1
202400022338,2024-01-26,après-midi,,,92,92022,1,7,2,4,4,Voie communale,20.0,1
202400022339,2024-09-05,après-midi,,,09,09122,1,1,3,4,3,Départementale,50.0,1
202400022340,2024-07-28,soirée,,,77,77251,1,1,1,3,4,Voie communale,50.0,1
202400022341,2024-01-23,matin,,,92,92022,1,1,6,4,3,Départementale,50.0,1
202400022342,2024-05-25,après-midi,,,93,93079,1,1,6,4,4,Voie communale,,1
202400022343,2024-08-27,après-midi,,,05,05061,1,1,2,4,2,Nationale,50.0,1
202400022344,2024-07-29,matin,,,77,77058,1,1,1,4,3,Départementale,80.0,1
202400022345,2024-01-26,matin,,,92,92064,1,2,3,3,3,Départementale,50.0,2
202400022346,2024-05-25,après-midi,,,93,93001,1,1,3,4,3,Départementale,50.0,1
202400022347,2024-09-05,soirée,,,75,75117,1,2,3,4,4,Voie communale,70.0,2
202400022348,2024-05-25,matin,,,92,92022,1,1,7,4,3,Départementale,50.0,1
202400022349,2024-07-29,soirée,,,76,76540,1,1,3,4,4,Voie communale,50.0,1
202400022350,2024-09-05,matin,,,75,75112,1,2,3,4,4,Voie communale,70.0,2
202400022351,2024-01-26,après-midi,,,92,92036,1,1,3,4,4,Voie communale,50.0,1
202400022352,2024-05-24,après-midi,,,92,92048,1,1,7,3,3,Départementale,50.0,1
202400022353,2024-07-29,matin,,,76,76640,1,1,2,4,7,Autre,80.0,1
202400022354,2024-05-25,nuit,,,92,92019,5,1,6,4,3,Départementale,50.0,2
202400022355,2024-09-05,nuit,,,75,75120,5,2,5,3,4,Voie communale,70.0,2
202400022356,2024-01-26,matin,,,92,92036,1,2,4,4,3,Départementale,50.0,2
202400022357,2024-05-25,après-midi,,,92,92012,1,1,2,4,4,Voie communale,50.0,1
202400022358,2024-07-29,nuit,,,76,76351,5,1,3,4,4,Voie communale,50.0,1
202400022359,2024-09-05,nuit,,,75,75115,5,1,6,3,4,Voie communale,70.0,1
202400022360,2024-01-26,soirée,,,92,92025,5,1,3,4,4,Voie communale,30.0,1
202400022361,2024-07-25,nuit,,,76,76351,5,1,7,4,4,Voie communale,50.0,3
202400022362,2024-05-25,après-midi,,,92,92007,1,1,2,4,3,Départementale,50.0,1
202400022363,2024-09-04,matin,,,75,75112,1,1,3,4,4,Voie communale,70.0,1
202400022364,2024-01-26,après-midi,,,92,92023,1,8,6,4,3,Départementale,50.0,2
202400022365,2024-07-28,soirée,,,76,76351,1,1,7,3,4,Voie communale,50.0,1
202400022366,2024-05-25,soirée,,,37,37200,1,1,3,3,3,Départementale,50.0,1
202400022367,2024-09-05,soirée,,,75,75106,1,1,3,4,4,Voie communale,30.0,1
202400022368,2024-01-26,soirée,,,92,92002,5,1,3,4,4,Voie communale,50.0,1
202400022369,2024-07-28,nuit,,,69,69271,4,1,6,4,7,Autre,70.0,1
202400022370,2024-05-26,matin,,,76,76115,1,1,3,3,3,Départementale,80.0,1
202400022371,2024-07-28,après-midi,,,66,66136,1,1,6,3,4,Voie communale,50.0,1
202400022372,2024-01-26,après-midi,,,92,92002,2,1,3,4,3,Départementale,50.0,1
202400022373,2024-09-05,soirée,,,75,75120,5,1,2,4,4,Voie communale,30.0,1
202400022374,2024-07-29,après-midi,,,64,64260,1,1,7,4,3,Départementale,50.0,1
202400022375,2024-05-26,nuit,,,11,11193,5,1,6,4,3,Départementale,50.0,1
202400022376,2024-01-26,après-midi,,,92,92002,1,1,6,4,3,Départementale,50.0,1
202400022377,2024-09-05,soirée,,,75,75120,4,1,3,4,4,Voie communale,50.0,1
202400022378,2024-07-28,soirée,,,64,64102,1,1,2,4,4,Voie communale,30.0,1
202400022379,2024-01-26,soirée,,,39,39487,5,2,6,3,3,Départementale,50.0,2
202400022380,2024-09-05,après-midi,,,75,75120,1,2,2,4,4,Voie communale,70.0,2
202400022381,2024-05-26,matin,,,71,71047,1,2,3,4,3,Départementale,80.0,2
202400022382,2024-09-04,après-midi,,,75,75120,1,1,3,4,4,Voie communale,50.0,1
202400022383,2024-05-26,après-midi,,,2A,2A362,1,1,6,2,3,Départementale,80.0,1
202400022384,2024-07-25,après-midi,,,61,61169,1,1,3,4,3,Départementale,50.0,1
202400022385,2024-01-26,après-midi,,,62,62461,2,7,2,4,3,Départementale,50.0,1
202400022386,2024-05-24,après-midi,,,57,57177,1,1,6,3,3,Départementale,70.0,1
202400022387,2024-07-29,soirée,,,59,59656,1,1,6,4,4,Voie communale,30.0,1
202400022388,2024-09-05,après-midi,,,75,75119,1,2,2,4,4,Voie communale,30.0,8
202400022389,2024-05-25,matin,,,27,27306,1,1,1,4,4,Voie communale,70.0,1
202400022390,2024-07-29,soirée,,,59,59599,1,1,1,3,4,Voie communale,50.0,1
202400022391,2024-09-04,soirée,,,75,75116,5,1,2,4,4,Voie communale,,1
202400022392,2024-05-26,après-midi,,,54,54213,1,1,7,3,3,Départementale,80.0,1
202400022393,2024-07-28,nuit,,,58,58194,4,2,6,3,4,Voie communale,50.0,2
202400022394,2024-09-05,après-midi,,,75,75115,1,2,6,4,4,Voie communale,,2
202400022395,2024-05-26,matin,,,974,97413,1,1,6,3,3,Départementale,50.0,1
202400022396,2024-07-27,matin,,,58,58194,1,1,7,3,4,Voie communale,50.0,1
202400022397,2024-09-05,après-midi,,,75,75114,1,2,6,4,4,Voie communale,30.0,2
202400022398,2024-05-25,après-midi,,,65,65101,1,1,2,4,3,Départementale,90.0,1
202400022399,2024-07-25,après-midi,,,56,56260,1,1,6,4,4,Voie communale,50.0,1
202400022400,2024-09-04,après-midi,,,75,75115,1,1,1,4,4,Voie communale,,1
202400022401,2024-07-28,matin,,,54,54395,2,1,6,2,4,Voie communale,50.0,2
202400022402,2024-09-05,matin,,,75,75113,1,2,6,4,4,Voie communale,30.0,2
202400022403,2024-05-25,soirée,,,56,56137,1,8,3,4,3,Départementale,70.0,1
202400022404,2024-09-05,matin,,,75,75114,2,3,6,4,4,Voie communale,50.0,2
202400022405,2024-07-27,après-midi,,,54,54257,1,2,1,4,7,Autre,50.0,2
202400022406,2024-09-05,matin,,,75,75113,1,3,6,4,4,Voie communale,30.0,2
202400022407,2024-05-26,matin,,,76,76441,1,1,1,4,3,Départementale,50.0,1
202400022408,2024-07-29,après-midi,,,54,54261,1,1,2,3,4,Voie communale,80.0,1
202400022409,2024-09-05,matin,,,75,75114,2,3,6,4,4,Voie communale,30.0,2
202400022410,2024-05-25,matin,,,2B,2B050,1,1,6,3,9,Autre,50.0,1
202400022411,2024-07-28,matin,,,51,51454,1,1,7,3,4,Voie communale,50.0,1
202400022412,2024-09-05,matin,,,94,94044,1,3,3,4,4,Voie communale,50.0,2
202400022413,2024-05-25,matin,,,82,82171,1,1,6,3,3,Départementale,80.0,1
202400022414,2024-07-16,soirée,,,49,49099,1,1,3,4,4,Voie communale,50.0,1
202400022415,2024-09-05,matin,,,94,94018,1,8,1,4,3,Départementale,50.0,2
202400022416,2024-07-27,matin,,,46,46042,1,1,2,4,3,Départementale,50.0,1
202400022417,2024-09-04,après-midi,,,93,93073,1,1,3,4,4,Voie communale,,1
202400022418,2024-05-25,soirée,,,63,63265,1,1,3,3,4,Voie communale,,1
202400022419,2024-07-21,soirée,,,45,45068,1,1,6,4,3,Départementale,50.0,1
202400022420,2024-09-05,après-midi,,,93,93062,1,2,3,4,4,Voie communale,50.0,2
202400022421,2024-07-28,nuit,,,40,40279,3,1,6,3,3,Départementale,80.0,1
202400022422,2024-05-26,après-midi,,,34,34186,1,1,7,4,3,Départementale,50.0,9
202400022423,2024-09-05,après-midi,,,93,93051,1,2,3,4,3,Départementale,50.0,2
202400022424,2024-07-29,matin,,,38,38516,1,1,2,4,7,Autre,70.0,1
202400022425,2024-05-26,nuit,,,25,25356,2,1,6,3,3,Départementale,90.0,1
202400022426,2024-09-05,matin,,,93,93062,1,3,3,4,4,Voie communale,,2
202400022427,2024-07-29,nuit,,,34,34301,5,1,6,3,4,Voie communale,50.0,1
202400022428,2024-07-14,soirée,,,34,34301,1,1,2,4,4,Voie communale,50.0,1
202400022429,2024-05-19,nuit,,,25,25015,5,1,3,4,3,Départementale,70.0,1
202400022430,2024-05-25,après-midi,,,29,29293,1,1,6,3,3,Départementale,50.0,1
202400022431,2024-07-29,matin,,,29,29232,1,1,4,4,3,Départementale,70.0,1
202400022432,2024-05-25,nuit,,,29,29106,3,3,6,3,3,Départementale,80.0,2
202400022433,2024-05-07,nuit,,,29,29212,3,1,6,3,4,Voie communale,70.0,1
202400022434,2024-07-29,après-midi,,,29,29019,1,1,3,4,4,Voie communale,30.0,1
202400022435,2024-07-25,après-midi,,,22,22113,1,1,2,4,4,Voie communale,50.0,1
202400022436,2024-07-27,après-midi,,,14,14333,1,1,6,4,6,Autre,20.0,1
202400022437,2024-05-26,après-midi,,,02,02422,1,1,3,4,3,Départementale,50.0,1
202400022438,2024-05-25,après-midi,,,03,03292,1,1,6,3,3,Départementale,90.0,1
202400022439,2024-07-29,soirée,,,13,13054,1,1,2,4,4,Voie communale,30.0,1
202400022440,2024-05-26,soirée,,,05,05164,1,1,3,4,2,Nationale,70.0,1
202400022441,2024-07-30,nuit,,,13,13212,5,1,3,4,4,Voie communale,30.0,1
202400022442,2024-05-26,nuit,,,60,60692,3,1,7,4,4,Voie communale,50.0,1
202400022443,2024-07-29,soirée,,,13,13207,1,1,3,4,4,Voie communale,50.0,1
202400022444,2024-05-26,soirée,,,16,16181,2,1,7,3,3,Départementale,80.0,1
202400022445,2024-05-26,nuit,,,21,21423,2,1,6,3,4,Voie communale,80.0,1
202400022446,2024-07-29,soirée,,,13,13206,1,1,2,4,4,Voie communale,50.0,1
202400022447,2024-05-26,après-midi,,,87,87132,1,1,6,2,3,Départementale,80.0,1
202400022448,2024-05-18,après-midi,,,52,52407,1,3,1,2,3,Départementale,90.0,2
202400022449,2024-07-29,matin,,,13,13047,3,1,6,3,3,Départementale,70.0,1
202400022450,2024-05-25,soirée,,,06,06152,1,1,3,3,3,Départementale,,1
202400022451,2024-07-29,soirée,,,13,13004,1,1,4,3,3,Départementale,80.0,1
202400022452,2024-07-28,après-midi,,,10,10357,1,1,6,3,3,Départementale,90.0,1
202400022453,2024-05-26,matin,,,63,63195,2,1,2,4,1,Autoroute,130.0,1
202400022454,2024-07-29,après-midi,,,09,09225,1,1,1,4,4,Voie communale,50.0,1
202400022455,2024-05-25,après-midi,,,83,83001,1,1,6,3,1,Autoroute,90.0,1
202400022456,2024-05-26,matin,,,68,68059,1,1,3,4,1,Autoroute,130.0,1
202400022457,2024-07-29,soirée,,,06,06004,1,1,3,4,3,Départementale,50.0,1
202400022458,2024-05-25,soirée,,,06,06088,1,1,7,3,1,Autoroute,50.0,1
202400022459,2024-07-29,après-midi,,,75,75115,1,1,3,4,4,Voie communale,30.0,1
202400022460,2024-05-24,matin,,,06,06088,1,1,6,4,1,Autoroute,110.0,1
202400022461,2024-07-28,soirée,,,75,75117,1,1,6,3,4,Voie communale,70.0,1
202400022462,2024-05-25,nuit,,,77,77333,3,1,6,4,1,Autoroute,130.0,1
202400022463,2024-07-29,après-midi,,,75,75119,1,1,3,4,4,Voie communale,30.0,1
202400022464,2024-07-29,soirée,,,75,75118,2,1,6,4,4,Voie communale,30.0,1
202400022465,2024-05-25,après-midi,,,974,97417,1,2,2,3,2,Nationale,80.0,2
202400022466,2024-07-28,nuit,,,75,75115,5,1,6,4,4,Voie communale,30.0,1
202400022467,2024-05-25,matin,,,972,97224,1,1,1,4,4,Voie communale,50.0,1
202400022468,2024-07-28,matin,,,75,75115,1,1,6,4,4,Voie communale,30.0,1
202400022469,2024-05-26,nuit,,,77,77192,3,1,1,3,3,Départementale,80.0,1
202400022470,2024-07-29,matin,,,75,75113,1,1,3,4,4,Voie communale,30.0,1
202400022471,2024-05-25,après-midi,,,34,34135,1,1,3,3,3,Départementale,,1
202400022472,2024-07-29,soirée,,,75,75111,1,1,6,4,4,Voie communale,30.0,1
202400022473,2024-05-26,soirée,,,83,83071,1,1,3,4,4,Voie communale,30.0,1
202400022474,2024-05-26,matin,,,83,83035,1,1,3,3,3,Départementale,50.0,1
202400022475,2024-07-29,matin,,,94,94042,1,1,3,4,3,Départementale,50.0,1
202400022476,2024-05-20,après-midi,,,68,68329,1,1,7,3,3,Départementale,50.0,1
202400022477,2024-05-25,soirée,,,67,67303,1,7,7,3,3,Départementale,80.0,1
202400022478,2024-07-29,matin,,,94,94041,1,1,3,4,4,Voie communale,50.0,1
202400022479,2024-07-29,nuit,,,94,94041,5,1,6,4,3,Départementale,50.0,1
202400022480,2024-05-25,soirée,,,54,54397,1,1,6,4,3,Départementale,50.0,1
202400022481,2024-07-29,après-midi,,,94,94060,1,7,6,4,4,Voie communale,50.0,1
202400022482,2024-07-29,matin,,,94,94079,1,1,2,4,3,Départementale,50.0,1
202400022483,2024-05-26,matin,,,69,69106,1,1,1,4,3,Départementale,80.0,1
202400022484,2024-07-27,soirée,,,94,94055,1,2,5,4,3,Départementale,50.0,2
202400022485,2024-05-25,matin,,,69,69112,2,7,3,3,3,Départementale,80.0,1
202400022486,2024-07-29,matin,,,95,95527,1,1,3,4,1,Autoroute,70.0,1
202400022487,2024-05-25,soirée,,,29,29001,2,2,1,4,3,Départementale,70.0,2
202400022488,2024-07-29,soirée,,,93,93062,1,1,6,4,4,Voie communale,30.0,1
202400022489,2024-05-25,après-midi,,,78,78640,1,1,4,4,1,Autoroute,90.0,1
202400022490,2024-07-28,après-midi,,,93,93006,1,1,1,3,3,Départementale,50.0,1
202400022491,2024-05-25,matin,,,92,92072,1,1,3,4,2,Nationale,50.0,1
202400022492,2024-07-29,matin,,,93,93005,1,1,3,4,4,Voie communale,50.0,1
202400022493,2024-05-24,après-midi,,,78,78646,1,1,5,4,2,Nationale,110.0,1
202400022494,2024-05-25,nuit,,,78,78321,5,1,6,4,2,Nationale,90.0,1
202400022495,2024-07-29,après-midi,,,93,93001,1,1,3,4,3,Départementale,50.0,1
202400022496,2024-05-24,après-midi,,,95,95580,1,1,6,4,1,Autoroute,50.0,1
202400022497,2024-07-29,matin,,,92,92040,1,1,6,4,3,Départementale,30.0,1
202400022498,2024-05-24,après-midi,,,974,97416,1,1,3,4,4,Voie communale,50.0,1
202400022499,2024-07-29,matin,,,92,92036,1,1,3,4,1,Autoroute,50.0,1
202400022500,2024-07-29,soirée,,,92,92024,1,1,3,4,3,Départementale,50.0,1
202400022501,2024-05-24,matin,,,974,97411,1,1,7,2,4,Voie communale,50.0,1
202400022502,2024-07-29,matin,,,92,92009,1,1,6,4,3,Départementale,50.0,1
202400022503,2024-05-23,soirée,,,974,97411,5,1,2,4,2,Nationale,90.0,1
202400022504,2024-07-29,matin,,,92,92014,1,1,6,4,9,Autre,50.0,1
202400022505,2024-05-24,soirée,,,974,97409,3,2,3,4,4,Voie communale,50.0,2
202400022506,2024-07-27,nuit,,,14,14741,2,1,7,4,3,Départementale,80.0,1
202400022507,2024-05-24,matin,,,974,97409,1,1,2,4,2,Nationale,90.0,2
202400022508,2024-07-30,matin,,,81,81087,1,1,6,2,3,Départementale,80.0,1