Num_Acc,date,time_of_day,lat,long,dep,com,lum,atm,col,severity_index,catr,catr_label,vma,surf
202400022509,2024-07-25,soirée,,,95,95052,1,1,6,3,3,Départementale,70.0,1
202400022510,2024-05-24,matin,,,973,97302,1,1,3,4,4,Voie communale,50.0,1
202400022511,2024-07-30,nuit,,,40,40004,3,1,6,3,3,Départementale,70.0,1
202400022512,2024-05-24,soirée,,,972,97209,1,1,2,4,2,Nationale,50.0,1
202400022513,2024-07-29,après-midi,,,974,97404,1,7,3,3,3,Départementale,30.0,1
202400022514,2024-05-24,après-midi,,,972,97209,1,1,2,4,1,Autoroute,90.0,1
202400022515,2024-05-24,nuit,,,2B,2B033,5,1,6,4,3,Départementale,50.0,1
202400022516,2024-05-23,après-midi,,,971,97120,1,1,6,4,4,Voie communale,50.0,1
202400022517,2024-07-29,matin,,,26,26191,1,1,3,4,1,Autoroute,130.0,1
202400022518,2024-05-23,après-midi,,,971,97120,1,2,6,3,3,Départementale,50.0,2
202400022519,2024-05-24,matin,,,2A,2A004,1,1,4,4,2,Nationale,50.0,1
202400022520,2024-05-24,après-midi,,,95,95427,1,1,1,4,3,Départementale,50.0,1
202400022521,2024-05-21,après-midi,,,95,95127,1,2,6,4,2,Nationale,50.0,2
202400022522,2024-05-24,après-midi,,,91,91027,1,1,3,4,3,Départementale,50.0,1
202400022523,2024-05-24,matin,,,91,91479,1,1,2,4,3,Départementale,50.0,1
202400022524,2024-05-24,matin,,,91,91027,1,1,3,4,4,Voie communale,30.0,1
202400022525,2024-05-24,après-midi,,,89,89342,1,2,3,4,3,Départementale,50.0,2
202400022526,2024-05-23,après-midi,,,87,87085,1,1,3,4,4,Voie communale,30.0,1
202400022527,2024-05-22,soirée,,,87,87085,2,1,7,4,4,Voie communale,30.0,1
202400022528,2024-05-24,après-midi,,,85,85194,1,1,6,4,4,Voie communale,50.0,1
202400022529,2024-05-24,après-midi,,,85,85191,1,1,6,3,4,Voie communale,50.0,1
202400022530,2024-05-24,nuit,,,83,83129,2,1,3,4,3,Départementale,50.0,1
202400022531,2024-05-24,après-midi,,,82,82033,1,1,6,2,4,Voie communale,50.0,1
202400022532,2024-05-24,matin,,,79,79329,1,1,3,4,3,Départementale,50.0,1
202400022533,2024-05-24,matin,,,79,79191,1,1,3,3,4,Voie communale,50.0,1
202400022534,2024-05-24,matin,,,77,77284,1,1,3,4,3,Départementale,50.0,1
202400022535,2024-05-24,soirée,,,74,74012,1,8,3,4,4,Voie communale,50.0,2
202400022536,2024-05-09,après-midi,,,73,73065,1,1,6,3,4,Voie communale,30.0,1
202400022537,2024-05-24,soirée,,,71,71153,1,1,3,4,4,Voie communale,50.0,1
202400022538,2024-05-24,nuit,,,69,69199,3,1,3,4,7,Autre,50.0,1
202400022539,2024-05-24,nuit,,,69,69259,5,1,3,4,4,Voie communale,50.0,1
202400022540,2024-05-24,nuit,,,67,67482,5,1,3,4,4,Voie communale,50.0,1
202400022541,2024-05-24,matin,,,67,67482,1,8,3,4,4,Voie communale,50.0,2
202400022542,2024-05-24,nuit,,,64,64445,5,1,3,4,4,Voie communale,50.0,1
202400022543,2024-05-24,après-midi,,,64,64445,1,1,3,4,4,Voie communale,50.0,1
202400022544,2024-05-24,matin,,,64,64445,1,1,3,4,4,Voie communale,30.0,1
202400022545,2024-05-24,nuit,,,64,64445,5,1,7,4,4,Voie communale,50.0,1
202400022546,2024-05-23,soirée,,,64,64445,1,1,6,4,4,Voie communale,50.0,1
202400022547,2024-05-16,matin,,,62,62771,2,2,3,4,4,Voie communale,50.0,2
202400022548,2024-05-21,après-midi,,,61,61169,1,1,3,4,3,Départementale,80.0,1
202400022549,2024-05-24,après-midi,,,59,59650,1,1,7,2,7,Autre,50.0,1
202400022550,2024-05-24,après-midi,,,59,59648,1,1,6,4,7,Autre,50.0,1
202400022551,2024-05-23,soirée,,,58,58194,1,1,3,3,4,Voie communale,50.0,1
202400022552,2024-05-24,matin,,,56,56260,1,1,6,4,4,Voie communale,50.0,1
202400022553,2024-05-23,nuit,,,56,56121,3,1,1,4,3,Départementale,70.0,1
202400022554,2024-05-23,après-midi,,,56,56107,1,1,1,4,4,Voie communale,30.0,1
202400022555,2024-05-24,après-midi,,,54,54395,1,1,3,4,4,Voie communale,30.0,1
202400022556,2024-05-23,après-midi,,,54,54547,1,3,3,4,4,Voie communale,30.0,2
202400022557,2024-05-23,matin,,,54,54526,1,1,2,4,4,Voie communale,50.0,1
202400022558,2024-05-24,après-midi,,,51,51454,1,1,5,4,4,Voie communale,70.0,1
202400022559,2024-05-24,après-midi,,,51,51454,1,1,6,4,4,Voie communale,30.0,1
202400022560,2024-05-23,matin,,,51,51454,1,1,3,4,4,Voie communale,50.0,1
202400022561,2024-05-23,soirée,,,51,51506,3,1,7,3,2,Nationale,90.0,1
202400022562,2024-05-23,après-midi,,,49,49007,1,1,3,4,4,Voie communale,50.0,1
202400022563,2024-05-24,matin,,,45,45232,1,1,3,4,3,Départementale,50.0,1
202400022564,2024-05-24,matin,,,45,45004,1,1,6,4,3,Départementale,50.0,1
202400022565,2024-05-25,nuit,,,35,35238,5,1,3,4,4,Voie communale,50.0,1
202400022566,2024-05-24,matin,,,33,33063,1,1,3,4,4,Voie communale,30.0,1
202400022567,2024-05-24,matin,,,31,31555,1,1,3,4,1,Autoroute,90.0,1
202400022568,2024-05-23,soirée,,,31,31555,2,1,3,4,7,Autre,50.0,1
202400022569,2024-05-24,après-midi,,,27,27229,1,1,3,2,4,Voie communale,50.0,1
202400022570,2024-05-24,matin,,,22,22360,1,1,3,3,4,Voie communale,30.0,1
202400022571,2024-05-23,après-midi,,,22,22278,1,1,1,4,4,Voie communale,50.0,1
202400022572,2024-05-24,soirée,,,17,17300,2,1,3,4,4,Voie communale,30.0,1
202400022573,2024-05-24,matin,,,16,16089,1,1,2,2,2,Nationale,50.0,1
202400022574,2024-05-23,après-midi,,,15,15014,1,1,3,4,4,Voie communale,50.0,2
202400022575,2024-05-23,après-midi,,,14,14118,1,1,2,4,2,Nationale,50.0,1
202400022576,2024-05-24,matin,,,13,13216,2,8,2,4,3,Départementale,50.0,1
202400022577,2024-05-24,soirée,,,13,13001,1,1,3,4,4,Voie communale,50.0,1
202400022578,2024-05-24,matin,,,13,13001,1,1,3,4,3,Départementale,70.0,1
202400022579,2024-05-23,après-midi,,,10,10362,1,1,3,4,4,Voie communale,50.0,1
202400022580,2024-05-23,après-midi,,,10,10333,1,2,2,4,4,Voie communale,50.0,2
202400022581,2024-10-10,après-midi,,,63,63113,1,1,6,4,4,Voie communale,30.0,1
202400022582,2024-05-24,matin,,,06,06069,1,1,3,4,3,Départementale,50.0,1
202400022583,2024-05-24,après-midi,,,04,04070,1,8,7,4,4,Voie communale,30.0,1
202400022584,2024-10-10,après-midi,,,60,60159,1,3,3,4,4,Voie communale,30.0,2
202400022585,2024-05-09,matin,,,02,02722,1,1,7,3,4,Voie communale,50.0,1
202400022586,2024-05-23,soirée,,,75,75113,1,2,2,4,4,Voie communale,70.0,2
202400022587,2024-10-09,après-midi,,,59,59009,1,1,6,4,7,Autre,50.0,1
202400022588,2024-05-22,après-midi,,,75,75115,1,1,3,4,4,Voie communale,70.0,1
202400022589,2024-05-23,soirée,,,75,75106,1,1,3,4,4,Voie communale,30.0,1
202400022590,2024-10-10,matin,,,59,59343,1,2,6,4,7,Autre,50.0,2
202400022591,2024-05-24,matin,,,75,75119,1,1,7,4,4,Voie communale,30.0,1
202400022592,2024-05-23,soirée,,,75,75119,5,1,3,4,4,Voie communale,30.0,1
202400022593,2024-10-09,après-midi,,,59,59350,1,3,5,4,7,Autre,50.0,2
202400022594,2024-10-05,après-midi,,,59,59183,1,1,7,2,3,Départementale,50.0,1
202400022595,2024-05-24,nuit,,,75,75117,5,1,6,4,4,Voie communale,30.0,1
202400022596,2024-10-10,après-midi,,,58,58194,1,1,4,4,4,Voie communale,50.0,1
202400022597,2024-05-24,nuit,,,75,75116,5,1,2,4,4,Voie communale,50.0,1
202400022598,2024-10-08,après-midi,,,54,54549,1,8,2,3,3,Départementale,50.0,1
202400022599,2024-05-24,matin,,,75,75114,1,1,3,4,4,Voie communale,50.0,1
202400022600,2024-05-23,matin,,,75,75112,1,1,6,3,4,Voie communale,30.0,1
202400022601,2024-10-10,soirée,,,51,51454,5,2,7,4,4,Voie communale,30.0,2
202400022602,2024-05-23,matin,,,75,75112,1,1,3,3,4,Voie communale,50.0,1
202400022603,2024-05-24,après-midi,,,94,94068,1,1,6,4,3,Départementale,30.0,1
202400022604,2024-10-10,après-midi,,,51,51454,1,8,3,4,2,Nationale,90.0,2
202400022605,2024-05-24,matin,,,94,94068,1,1,3,4,4,Voie communale,30.0,1
202400022606,2024-10-08,soirée,,,50,50502,1,1,1,3,4,Voie communale,50.0,2
202400022607,2024-05-24,matin,,,94,94068,1,1,6,4,4,Voie communale,30.0,1
202400022608,2024-05-22,après-midi,,,94,94016,1,1,6,3,3,Départementale,30.0,1
202400022609,2024-10-09,matin,,,50,50129,1,2,3,4,3,Départementale,50.0,2
202400022610,2024-05-23,matin,,,94,94028,1,1,6,3,9,Autre,30.0,1
202400022611,2024-05-24,après-midi,,,94,94017,1,1,6,4,4,Voie communale,30.0,1
202400022612,2024-10-10,matin,,,49,49328,2,1,3,3,3,Départementale,70.0,2
202400022613,2024-05-24,après-midi,,,93,93070,1,1,5,3,4,Voie communale,,1
202400022614,2024-05-24,matin,,,93,93055,1,1,3,4,3,Départementale,30.0,1
202400022615,2024-10-10,matin,,,49,49328,5,1,6,4,4,Voie communale,50.0,1
202400022616,2024-05-24,après-midi,,,93,93057,1,1,3,4,4,Voie communale,50.0,1
202400022617,2024-05-24,matin,,,93,93010,1,1,1,4,3,Départementale,50.0,1
202400022618,2024-05-24,après-midi,,,92,92072,1,1,7,3,3,Départementale,30.0,1
202400022619,2024-08-19,nuit,,,49,49099,3,2,6,4,2,Nationale,70.0,2
202400022620,2024-05-23,nuit,,,92,92064,5,1,1,4,3,Départementale,50.0,1
202400022621,2024-10-09,après-midi,,,49,49007,1,3,6,4,4,Voie communale,2.0,2
202400022622,2024-05-23,matin,,,92,92050,1,1,3,4,4,Voie communale,50.0,1
202400022623,2024-05-22,soirée,,,92,92050,1,1,3,4,3,Départementale,50.0,1
202400022624,2024-10-09,matin,,,49,49007,1,3,2,4,4,Voie communale,50.0,2
202400022625,2024-05-24,après-midi,,,92,92026,1,1,3,4,3,Départementale,70.0,1
202400022626,2024-05-24,nuit,,,92,92012,5,1,7,3,3,Départementale,50.0,1
202400022627,2024-10-10,soirée,,,45,45147,5,1,6,4,4,Voie communale,50.0,1
202400022628,2024-05-25,nuit,,,33,33531,3,1,7,2,3,Départementale,80.0,1
202400022629,2024-10-09,matin,,,44,44109,1,3,7,3,4,Voie communale,50.0,2
202400022630,2024-05-25,matin,,,80,80583,1,1,3,4,3,Départementale,80.0,1
202400022631,2024-10-10,matin,,,43,43190,5,8,6,4,2,Nationale,80.0,2
202400022632,2024-05-24,après-midi,,,12,12301,1,1,3,3,3,Départementale,90.0,1
202400022633,2024-10-10,matin,,,38,38544,1,1,3,4,4,Voie communale,50.0,1
202400022634,2024-05-23,après-midi,,,67,67352,1,2,1,4,3,Départementale,80.0,2
202400022635,2024-10-09,après-midi,,,37,37233,1,3,1,4,4,Voie communale,50.0,2
202400022636,2024-10-10,matin,,,36,36044,1,1,6,2,4,Voie communale,50.0,1
202400022637,2024-05-24,soirée,,,76,76621,1,1,4,4,1,Autoroute,130.0,1
202400022638,2024-10-10,soirée,,,35,35238,1,1,3,4,4,Voie communale,30.0,1
202400022639,2024-05-23,après-midi,,,57,57102,1,1,6,4,6,Autre,,1
202400022640,2024-05-25,après-midi,,,51,51621,1,1,5,4,3,Départementale,80.0,1
202400022641,2024-05-24,matin,,,51,51210,1,8,7,4,3,Départementale,70.0,1
202400022642,2024-04-29,soirée,,,78,78591,1,1,1,3,3,Départementale,50.0,1
202400022643,2024-10-10,après-midi,,,35,35238,1,1,4,4,2,Nationale,50.0,1
202400022644,2024-05-25,après-midi,,,76,76528,1,1,3,3,3,Départementale,80.0,1
202400022645,2024-05-24,après-midi,,,79,79029,1,1,1,2,3,Départementale,80.0,1
202400022646,2024-05-23,après-midi,,,33,33033,1,1,3,3,3,Départementale,80.0,1
202400022647,2024-10-09,après-midi,,,35,35055,1,2,2,4,2,Nationale,90.0,2
202400022648,2024-05-25,après-midi,,,71,71014,1,1,3,4,3,Départementale,50.0,1
202400022649,2024-10-10,après-midi,,,34,34172,1,1,5,3,7,Autre,50.0,1
202400022650,2024-10-10,matin,,,34,34172,1,1,2,3,7,Autre,70.0,1
202400022651,2024-10-08,après-midi,,,34,34172,1,1,3,2,4,Voie communale,50.0,1
202400022652,2024-10-10,soirée,,,33,33063,5,1,2,4,4,Voie communale,50.0,1
202400022653,2024-10-10,après-midi,,,29,29232,1,1,6,4,4,Voie communale,50.0,1
202400022654,2024-10-06,après-midi,,,29,29232,1,2,1,3,4,Voie communale,50.0,2
202400022655,2024-10-10,après-midi,,,27,27229,1,1,3,4,4,Voie communale,50.0,1
202400022656,2024-10-01,soirée,,,25,25388,5,3,7,2,4,Voie communale,50.0,4
202400022657,2024-10-09,après-midi,,,24,24322,1,1,6,3,3,Départementale,30.0,1
202400022658,2024-10-02,soirée,,,18,18033,5,1,3,4,4,Voie communale,30.0,1
202400022659,2024-10-09,après-midi,,,15,15014,1,3,2,4,4,Voie communale,50.0,2
202400022660,2024-10-10,matin,,,13,13203,2,1,3,4,4,Voie communale,50.0,1
202400022661,2024-10-10,matin,,,06,06088,1,1,3,3,7,Autre,50.0,1
202400022662,2024-10-10,matin,,,75,75113,1,2,3,4,4,Voie communale,50.0,2
202400022663,2024-10-10,matin,,,75,75120,1,2,6,4,4,Voie communale,50.0,2
202400022664,2024-10-09,matin,,,75,75120,3,2,3,4,4,Voie communale,30.0,2
202400022665,2024-10-10,nuit,,,75,75119,5,1,1,4,4,Voie communale,30.0,1
202400022666,2024-10-09,après-midi,,,75,75119,2,3,2,4,4,Voie communale,30.0,2
202400022667,2024-10-10,nuit,,,75,75117,5,1,7,4,4,Voie communale,,2
202400022668,2024-10-10,matin,,,75,75116,1,2,1,4,4,Voie communale,30.0,2
202400022669,2024-10-09,soirée,,,75,75116,5,3,6,4,4,Voie communale,30.0,2
202400022670,2024-10-10,matin,,,75,75115,5,2,6,4,4,Voie communale,30.0,2
202400022671,2024-10-10,matin,,,75,75110,1,1,2,4,4,Voie communale,30.0,1
202400022672,2024-10-10,soirée,,,75,75114,5,1,3,4,4,Voie communale,30.0,1
202400022673,2024-10-10,après-midi,,,75,75107,1,8,1,4,4,Voie communale,30.0,2
202400022674,2024-10-10,matin,,,75,75101,1,8,6,4,4,Voie communale,30.0,2
202400022675,2024-10-09,matin,,,75,75104,1,3,3,4,4,Voie communale,30.0,2
202400022676,2024-10-09,soirée,,,94,94042,5,3,2,4,3,Départementale,50.0,2
202400022677,2024-10-10,après-midi,,,94,94041,1,2,3,4,3,Départementale,50.0,2
202400022678,2024-10-10,après-midi,,,94,94065,1,2,5,4,3,Départementale,50.0,2
202400022679,2024-10-10,matin,,,94,94002,1,2,3,4,4,Voie communale,,2
202400022680,2024-10-10,matin,,,93,93071,5,2,1,4,4,Voie communale,50.0,2
202400022681,2024-10-10,après-midi,,,93,93048,1,1,6,3,4,Voie communale,30.0,1
202400022682,2024-10-10,soirée,,,93,93006,1,2,5,4,3,Départementale,50.0,2
202400022683,2024-10-10,matin,,,93,93029,1,1,6,4,4,Voie communale,50.0,1
202400022684,2024-10-10,matin,,,93,93010,2,2,6,4,4,Voie communale,30.0,2
202400022685,2024-10-09,après-midi,,,92,92063,1,2,1,4,3,Départementale,50.0,2
202400022686,2024-10-10,matin,,,92,92036,5,2,6,4,3,Départementale,25.0,2
202400022687,2024-10-07,soirée,,,92,92035,1,3,6,3,3,Départementale,50.0,2
202400022688,2024-10-09,après-midi,,,92,92023,1,3,6,4,4,Voie communale,50.0,2
202400022689,2024-10-09,matin,,,92,92023,1,2,6,4,3,Départementale,50.0,2
202400022690,2024-10-09,après-midi,,,92,92012,2,3,6,4,3,Départementale,30.0,2
202400022691,2024-10-10,matin,,,92,92004,2,2,6,4,3,Départementale,50.0,2
202400022692,2024-10-09,après-midi,,,92,92004,1,3,2,4,3,Départementale,50.0,2
202400022693,2024-10-11,après-midi,,,976,97610,1,1,6,4,2,Nationale,50.0,1
202400022694,2024-10-09,nuit,,,50,50565,3,2,6,3,3,Départementale,80.0,2
202400022695,2024-10-10,soirée,,,22,22182,1,2,3,3,4,Voie communale,80.0,2
202400022696,2024-10-11,nuit,,,01,01071,5,2,6,2,3,Départementale,70.0,2
202400022697,2024-10-11,nuit,,,29,29020,3,1,1,2,2,Nationale,80.0,1
202400022698,2024-10-08,après-midi,,,59,59463,1,1,3,4,3,Départementale,80.0,1
202400022699,2024-10-10,après-midi,,,30,30334,1,1,5,4,3,Départementale,80.0,1
202400022700,2024-10-10,soirée,,,95,95352,2,3,5,4,3,Départementale,70.0,2
202400022701,2024-10-10,soirée,,,19,19289,3,1,6,3,3,Départementale,90.0,1
202400022702,2024-10-11,nuit,,,80,80318,5,5,3,4,4,Voie communale,50.0,2
202400022703,2024-10-09,après-midi,,,63,63364,1,1,2,3,3,Départementale,90.0,1
202400022704,2024-10-11,après-midi,,,63,63003,1,1,6,4,3,Départementale,50.0,1
202400022705,2024-10-11,après-midi,,,46,46237,1,1,1,3,3,Départementale,80.0,1
202400022706,2024-10-10,après-midi,,,41,41275,1,8,3,2,3,Départementale,90.0,1
202400022707,2024-10-11,nuit,,,22,22195,3,2,6,3,3,Départementale,50.0,2
202400022708,2024-10-06,après-midi,,,39,39270,1,8,3,4,4,Voie communale,80.0,1
202400022709,2024-10-11,matin,,,25,25147,2,1,6,4,3,Départementale,50.0,2
202400022710,2024-10-10,soirée,,,29,29284,5,1,3,3,4,Voie communale,50.0,1
202400022711,2024-10-10,matin,,,38,38263,1,1,7,3,4,Voie communale,50.0,2
202400022712,2024-10-11,nuit,,,02,02450,3,1,1,2,3,Départementale,80.0,1
202400022713,2024-10-11,matin,,,15,15142,3,5,3,4,3,Départementale,90.0,2
202400022714,2024-10-11,après-midi,,,01,01028,1,1,3,3,3,Départementale,,1
202400022715,2024-10-09,après-midi,,,72,72183,1,3,3,4,3,Départementale,90.0,2
202400022716,2024-10-09,après-midi,,,14,14431,1,3,1,3,3,Départementale,50.0,2
202400022717,2024-10-10,après-midi,,,14,14102,1,2,1,4,3,Départementale,50.0,2
202400022718,2024-10-08,matin,,,14,14077,1,1,3,4,3,Départementale,80.0,1
202400022719,2024-10-10,après-midi,,,85,85246,1,1,6,3,3,Départementale,,1
202400022720,2024-10-11,matin,,,30,30071,1,1,7,2,3,Départementale,80.0,1
202400022721,2024-09-21,nuit,,,08,08331,4,1,6,4,3,Départementale,50.0,1
202400022722,2024-10-11,après-midi,,,69,69044,1,1,3,3,7,Autre,30.0,1
202400022723,2024-10-06,soirée,,,78,78010,5,1,1,4,4,Voie communale,30.0,1
202400022724,2024-10-12,nuit,,,988,98811,3,1,1,3,2,Nationale,110.0,1
202400022725,2024-10-10,matin,,,29,29031,2,1,6,3,3,Départementale,80.0,1
202400022726,2024-10-10,matin,,,77,77183,1,2,6,4,3,Départementale,30.0,2
202400022727,2024-10-10,nuit,,,34,34162,3,1,6,3,3,Départementale,80.0,1
202400022728,2024-10-08,matin,,,13,13014,1,8,1,4,3,Départementale,80.0,1
202400022729,2024-10-11,matin,,,68,68063,1,1,6,4,4,Voie communale,50.0,1
202400022730,2024-10-09,soirée,,,67,67363,2,1,5,3,3,Départementale,80.0,1
202400022731,2024-10-01,nuit,,,73,73006,3,2,7,3,4,Voie communale,80.0,2
202400022732,2024-09-29,nuit,,,73,73095,3,1,6,3,3,Départementale,70.0,2
202400022733,2024-10-11,après-midi,,,42,42148,1,1,7,3,3,Départementale,80.0,1
202400022734,2024-10-10,matin,,,44,44035,1,1,3,3,7,Autre,70.0,1
202400022735,2024-10-10,soirée,,,38,38281,5,1,2,4,4,Voie communale,80.0,1
202400022736,2024-10-11,matin,,,69,69241,5,1,1,4,3,Départementale,70.0,1
202400022737,2024-10-09,après-midi,,,69,69204,1,1,6,3,7,Autre,50.0,1
202400022738,2024-10-11,après-midi,,,65,65059,1,1,7,4,3,Départementale,50.0,9
202400022739,2024-10-11,matin,,,33,33240,2,1,3,3,3,Départementale,50.0,1
202400022740,2024-10-11,après-midi,,,33,33322,1,1,4,4,3,Départementale,80.0,1
202400022741,2024-10-11,matin,,,33,33051,2,1,1,4,3,Départementale,80.0,1
202400022742,2024-10-11,matin,,,60,60628,1,5,5,4,2,Nationale,110.0,2
202400022743,2024-10-10,après-midi,,,13,13005,1,1,2,4,1,Autoroute,90.0,1
202400022744,2024-10-10,matin,,,13,13071,1,1,2,4,1,Autoroute,90.0,1
202400022745,2024-10-10,matin,,,33,33013,4,8,2,4,2,Nationale,50.0,2
202400022746,2024-10-10,soirée,,,91,91553,2,1,5,4,2,Nationale,110.0,2
202400022747,2024-10-10,après-midi,,,91,91549,1,2,2,4,2,Nationale,110.0,2
202400022748,2024-10-10,matin,,,91,91617,1,2,6,4,2,Nationale,70.0,2
202400022749,2024-10-10,matin,,,94,94021,1,2,1,4,1,Autoroute,90.0,2
202400022750,2024-10-10,matin,,,94,94038,1,2,4,4,1,Autoroute,90.0,2
202400022751,2024-10-09,matin,,,92,92047,1,3,7,3,1,Autoroute,110.0,2
202400022752,2024-10-09,matin,,,92,92025,1,2,3,4,1,Autoroute,90.0,2
202400022753,2024-10-09,nuit,,,78,78423,3,1,6,4,2,Nationale,50.0,1
202400022754,2024-10-08,nuit,,,78,78217,3,1,2,4,1,Autoroute,130.0,1
202400022755,2024-10-10,après-midi,,,95,95582,1,2,3,4,1,Autoroute,50.0,2
202400022756,2024-10-09,matin,,,95,95641,1,3,2,4,1,Autoroute,110.0,2
202400022757,2024-10-08,soirée,,,93,93005,3,1,6,3,1,Autoroute,90.0,2
202400022758,2024-10-09,nuit,,,93,93064,5,1,3,4,1,Autoroute,90.0,1
202400022759,2024-10-10,après-midi,,,94,94028,1,3,2,4,1,Autoroute,90.0,2
202400022760,2024-10-02,matin,,,44,44162,2,1,2,4,4,Voie communale,50.0,1
202400022761,2024-09-20,soirée,,,44,44143,1,1,3,4,4,Voie communale,30.0,1
202400022762,2024-08-03,soirée,,,74,74008,1,1,2,4,4,Voie communale,50.0,1
202400022763,2024-05-14,matin,,,92,92051,2,2,2,4,4,Voie communale,30.0,2
202400022764,2024-07-22,soirée,,,92,92050,1,1,2,4,1,Autoroute,90.0,1
202400022765,2024-10-09,nuit,,,974,97416,2,1,5,4,2,Nationale,110.0,1
202400022766,2024-10-09,nuit,,,974,97416,2,1,2,4,2,Nationale,90.0,1
202400022767,2024-10-08,après-midi,,,974,97411,1,1,7,4,4,Voie communale,50.0,1
202400022768,2024-10-09,soirée,,,973,97302,5,1,2,4,3,Départementale,50.0,1
202400022769,2024-10-09,après-midi,,,973,97302,1,1,1,4,4,Voie communale,50.0,1
202400022770,2024-10-09,matin,,,972,97213,2,2,6,4,3,Départementale,50.0,2
202400022771,2024-10-09,après-midi,,,69,69389,1,6,6,4,4,Voie communale,50.0,1
202400022772,2024-10-09,matin,,,971,97120,1,1,6,3,3,Départementale,80.0,1
202400022773,2024-10-08,matin,,,971,97101,1,1,7,4,3,Départementale,50.0,1
202400022774,2024-10-01,soirée,,,95,95268,5,1,1,4,3,Départementale,50.0,1
202400022775,2024-10-09,nuit,,,95,95277,5,3,6,3,3,Départementale,50.0,2
202400022776,2024-10-09,soirée,,,95,95500,1,3,3,4,3,Départementale,50.0,2
202400022777,2024-10-09,soirée,,,91,91549,2,3,3,4,4,Voie communale,50.0,2
202400022778,2024-10-09,nuit,,,91,91645,4,1,6,4,4,Voie communale,50.0,2
202400022779,2024-10-09,après-midi,,,84,84080,1,1,6,4,4,Voie communale,50.0,1
202400022780,2024-10-08,matin,,,84,84007,2,3,6,4,4,Voie communale,30.0,3
202400022781,2024-10-08,matin,,,84,84007,2,2,6,4,4,Voie communale,50.0,2
202400022782,2024-08-27,soirée,,,83,83126,2,1,6,3,4,Voie communale,50.0,1
202400022783,2024-10-09,matin,,,79,79191,1,3,2,4,3,Départementale,50.0,2
202400022784,2024-10-09,matin,,,78,78551,1,3,6,4,4,Voie communale,30.0,2
202400022785,2024-10-08,matin,,,78,78401,1,1,4,4,3,Départementale,50.0,1
202400022786,2024-10-09,matin,,,77,77335,1,3,3,4,3,Départementale,80.0,2
202400022787,2024-10-09,matin,,,77,77513,2,3,6,4,4,Voie communale,50.0,2
202400022788,2024-10-09,après-midi,,,76,76474,1,3,1,4,7,Autre,70.0,2
202400022789,2024-08-14,après-midi,,,76,76540,1,1,3,4,7,Autre,50.0,1
202400022790,2024-10-08,après-midi,,,76,76259,1,1,4,4,4,Voie communale,50.0,1
202400022791,2024-10-09,matin,,,76,76217,1,2,2,4,4,Voie communale,50.0,2
202400022792,2024-10-09,matin,,,73,73065,1,1,3,4,3,Départementale,50.0,1
202400022793,2024-10-09,matin,,,73,73065,1,1,3,3,9,Autre,,1
202400022794,2024-10-08,après-midi,,,72,72003,1,2,2,4,4,Voie communale,70.0,2
202400022795,2024-10-09,matin,,,71,71540,1,2,6,4,3,Départementale,50.0,2
202400022796,2024-10-09,matin,,,71,71076,1,1,2,4,4,Voie communale,50.0,1
202400022797,2024-10-09,matin,,,71,71076,2,1,6,4,4,Voie communale,50.0,1
202400022798,2024-10-09,soirée,,,69,69282,1,6,3,4,4,Voie communale,50.0,1
202400022799,2024-10-06,après-midi,,,69,69264,1,1,3,4,4,Voie communale,50.0,1
202400022800,2024-10-06,matin,,,69,69264,1,1,2,3,4,Voie communale,50.0,1
202400022801,2024-10-08,après-midi,,,67,67482,1,3,1,4,4,Voie communale,50.0,2
202400022802,2024-10-09,après-midi,,,66,66136,1,1,3,4,4,Voie communale,50.0,1
202400022803,2024-10-09,matin,,,66,66136,1,1,6,4,4,Voie communale,30.0,1
202400022804,2024-10-09,après-midi,,,64,64445,1,2,3,4,4,Voie communale,50.0,2
202400022805,2024-10-08,soirée,,,64,64129,5,1,7,4,4,Voie communale,50.0,9
202400022806,2024-10-09,matin,,,63,63113,5,2,3,4,4,Voie communale,30.0,2
202400022807,2024-10-09,matin,,,63,63113,5,1,3,4,4,Voie communale,50.0,1
202400022808,2024-10-09,soirée,,,62,62186,5,3,6,4,3,Départementale,50.0,2
202400022809,2024-10-09,matin,,,60,60057,1,2,6,4,6,Autre,30.0,2
202400022810,2024-10-08,nuit,,,59,59650,5,1,3,4,4,Voie communale,50.0,1
202400022811,2024-06-27,matin,,,84,84035,1,1,3,3,4,Voie communale,50.0,1
202400022812,2024-06-24,après-midi,,,84,84007,1,1,7,4,4,Voie communale,30.0,1
202400022813,2024-06-08,matin,,,84,84007,1,1,6,4,4,Voie communale,50.0,1
202400022814,2024-06-27,matin,,,83,83137,1,1,2,4,4,Voie communale,50.0,1
202400022815,2024-06-27,après-midi,,,81,81163,1,1,6,4,3,Départementale,50.0,1
202400022816,2024-06-27,après-midi,,,81,81065,1,1,1,4,2,Nationale,80.0,1
202400022817,2024-06-26,soirée,,,78,78208,1,1,6,4,3,Départementale,50.0,1
202400022818,2024-06-26,après-midi,,,78,78644,1,1,3,4,4,Voie communale,30.0,1
202400022819,2024-06-27,soirée,,,77,77373,1,1,3,3,4,Voie communale,30.0,1
202400022820,2024-06-27,après-midi,,,77,77373,1,1,1,3,3,Départementale,70.0,1
202400022821,2024-06-22,après-midi,,,77,77083,1,1,1,4,4,Voie communale,50.0,1