Num_Acc,date,time_of_day,lat,long,dep,com,lum,atm,col,severity_index,catr,catr_label,vma,surf
202400022822,2024-06-27,après-midi,,,77,77378,1,1,6,3,3,Départementale,30.0,1
202400022823,2024-06-27,après-midi,,,77,77122,1,1,2,4,4,Voie communale,30.0,1
202400022824,2024-06-27,matin,,,77,77458,1,1,6,3,4,Voie communale,50.0,1
202400022825,2024-06-27,soirée,,,76,76498,1,1,4,4,2,Nationale,50.0,1
202400022826,2024-06-27,soirée,,,76,76540,1,1,6,4,7,Autre,50.0,1
202400022827,2024-06-27,matin,,,73,73065,1,1,1,4,4,Voie communale,,1
202400022828,2024-06-26,matin,,,73,73008,1,1,3,4,3,Départementale,50.0,1
202400022829,2024-06-26,après-midi,,,71,71153,1,1,7,4,4,Voie communale,50.0,1
202400022830,2024-06-27,après-midi,,,69,69266,1,1,6,4,4,Voie communale,50.0,1
202400022831,2024-06-26,après-midi,,,69,69266,1,1,1,4,4,Voie communale,50.0,1
202400022832,2024-06-26,après-midi,,,67,67218,1,1,3,4,4,Voie communale,50.0,1
202400022833,2024-06-26,après-midi,,,67,67482,1,1,6,4,4,Voie communale,50.0,1
202400022834,2024-06-28,nuit,,,65,65100,3,2,3,4,3,Départementale,80.0,2
202400022835,2024-06-26,après-midi,,,64,64102,1,1,4,4,3,Départementale,50.0,1
202400022836,2024-06-27,soirée,,,62,62119,1,1,1,4,4,Voie communale,50.0,1
202400022837,2024-06-21,matin,,,62,62126,1,1,6,4,3,Départementale,50.0,1
202400022838,2024-06-27,matin,,,59,59648,1,1,3,4,4,Voie communale,50.0,1
202400022839,2024-06-27,soirée,,,57,57751,1,1,3,4,7,Autre,50.0,1
202400022840,2024-06-26,après-midi,,,56,56260,1,1,3,3,4,Voie communale,50.0,1
202400022841,2024-06-26,soirée,,,56,56162,1,1,1,4,3,Départementale,80.0,1
202400022842,2024-06-26,après-midi,,,54,54367,1,1,2,4,2,Nationale,110.0,1
202400022843,2024-06-27,soirée,,,54,54280,1,1,3,3,4,Voie communale,50.0,1
202400022844,2024-06-27,nuit,,,51,51454,4,1,6,4,4,Voie communale,50.0,1
202400022845,2024-06-26,soirée,,,51,51454,1,1,3,4,4,Voie communale,30.0,1
202400022846,2024-06-27,après-midi,,,45,45232,1,1,3,3,3,Départementale,50.0,1
202400022847,2024-06-27,soirée,,,43,43251,1,1,7,4,3,Départementale,80.0,1
202400022848,2024-06-27,après-midi,,,37,37261,1,1,3,4,4,Voie communale,30.0,1
202400022849,2024-06-27,après-midi,,,35,35238,1,1,3,3,4,Voie communale,30.0,1
202400022850,2024-06-27,après-midi,,,35,35238,1,1,3,4,4,Voie communale,30.0,1
202400022851,2024-06-26,après-midi,,,34,34172,1,1,3,3,7,Autre,50.0,1
202400022852,2024-06-26,matin,,,34,34172,1,1,3,3,4,Voie communale,50.0,1
202400022853,2024-06-27,après-midi,,,33,33167,1,1,3,3,4,Voie communale,50.0,1
202400022854,2024-06-27,après-midi,,,33,33281,1,1,6,4,4,Voie communale,50.0,1
202400022855,2024-06-26,soirée,,,28,28134,4,1,7,4,4,Voie communale,50.0,1
202400022856,2024-06-27,après-midi,,,27,27681,1,1,1,4,4,Voie communale,50.0,1
202400022857,2024-06-27,soirée,,,26,26058,1,1,7,3,4,Voie communale,30.0,1
202400022858,2024-06-27,soirée,,,26,26198,1,1,2,4,2,Nationale,70.0,1
202400022859,2024-06-26,après-midi,,,25,25388,1,1,6,3,4,Voie communale,50.0,1
202400022860,2024-06-27,après-midi,,,19,19272,1,1,6,3,3,Départementale,30.0,1
202400022861,2024-06-26,après-midi,,,15,15012,1,1,7,4,3,Départementale,50.0,9
202400022862,2024-06-26,nuit,,,13,13043,5,1,3,4,3,Départementale,50.0,1
202400022863,2024-06-27,soirée,,,13,13213,1,1,3,4,4,Voie communale,50.0,1
202400022864,2024-06-27,soirée,,,13,13047,1,1,3,3,4,Voie communale,50.0,1
202400022865,2024-06-26,après-midi,,,11,11069,1,1,6,4,4,Voie communale,50.0,1
202400022866,2024-06-26,après-midi,,,09,09225,1,1,2,4,2,Nationale,30.0,1
202400022867,2024-06-27,nuit,,,06,06029,5,1,1,4,4,Voie communale,30.0,1
202400022868,2024-06-26,nuit,,,01,01053,5,1,2,4,4,Voie communale,30.0,1
202400022869,2024-06-27,soirée,,,75,75116,1,1,3,4,4,Voie communale,70.0,1
202400022870,2024-06-27,après-midi,,,75,75113,1,1,3,4,4,Voie communale,70.0,1
202400022871,2024-06-27,matin,,,75,75116,1,1,2,4,4,Voie communale,70.0,1
202400022872,2024-06-27,matin,,,75,75112,1,1,4,4,4,Voie communale,70.0,1
202400022873,2024-06-26,après-midi,,,75,75112,1,1,5,4,4,Voie communale,70.0,1
202400022874,2024-06-26,après-midi,,,75,75114,1,8,6,4,4,Voie communale,30.0,1
202400022875,2024-06-27,nuit,,,75,75106,5,1,6,4,4,Voie communale,30.0,1
202400022876,2024-06-27,après-midi,,,75,75105,1,1,6,4,4,Voie communale,30.0,1
202400022877,2024-11-15,nuit,,,29,29151,5,1,2,4,4,Voie communale,30.0,1
202400022878,2024-06-27,après-midi,,,75,75120,1,1,6,4,4,Voie communale,30.0,1
202400022879,2024-11-16,matin,,,28,28220,1,1,6,2,6,Autre,50.0,1
202400022880,2024-06-27,après-midi,,,75,75119,1,1,6,4,4,Voie communale,30.0,1
202400022881,2024-06-27,après-midi,,,75,75118,1,1,6,4,4,Voie communale,30.0,1
202400022882,2024-11-15,soirée,,,25,25462,5,1,2,4,2,Nationale,50.0,1
202400022883,2024-06-26,après-midi,,,75,75117,1,1,3,4,4,Voie communale,30.0,1
202400022884,2024-11-15,après-midi,,,19,19031,1,1,3,4,4,Voie communale,30.0,1
202400022885,2024-06-26,après-midi,,,75,75116,1,1,3,4,4,Voie communale,30.0,1
202400022886,2024-11-15,après-midi,,,17,17306,1,1,3,4,4,Voie communale,50.0,1
202400022887,2024-06-26,soirée,,,75,75116,2,1,3,4,4,Voie communale,30.0,1
202400022888,2024-06-27,après-midi,,,75,75115,1,1,6,4,4,Voie communale,30.0,1
202400022889,2024-06-27,après-midi,,,75,75115,1,1,6,4,4,Voie communale,30.0,1
202400022890,2024-11-15,après-midi,,,16,16166,1,1,6,4,4,Voie communale,50.0,1
202400022891,2024-11-15,après-midi,,,15,15014,5,1,6,3,4,Voie communale,50.0,1
202400022892,2024-06-27,après-midi,,,75,75114,1,1,2,4,4,Voie communale,70.0,1
202400022893,2024-11-15,nuit,,,13,13103,3,1,3,3,3,Départementale,80.0,1
202400022894,2024-06-24,après-midi,,,75,75112,1,1,6,2,4,Voie communale,50.0,1
202400022895,2024-11-16,soirée,,,13,13208,5,1,3,4,4,Voie communale,50.0,1
202400022896,2024-11-16,soirée,,,13,13210,5,1,1,3,4,Voie communale,50.0,1
202400022897,2024-06-27,après-midi,,,75,75111,1,1,2,4,4,Voie communale,30.0,1
202400022898,2024-11-16,soirée,,,13,13004,5,1,3,4,4,Voie communale,50.0,1
202400022899,2024-11-16,soirée,,,10,10357,5,1,3,3,3,Départementale,50.0,1
202400022900,2024-06-27,après-midi,,,75,75110,1,1,6,4,4,Voie communale,30.0,1
202400022901,2024-11-15,après-midi,,,10,10362,5,1,3,4,4,Voie communale,50.0,1
202400022902,2024-06-27,matin,,,75,75110,1,1,6,4,4,Voie communale,30.0,1
202400022903,2024-11-16,après-midi,,,06,06088,1,1,7,4,7,Autre,50.0,1
202400022904,2024-11-16,soirée,,,06,06069,5,1,3,4,4,Voie communale,50.0,1
202400022905,2024-11-16,soirée,,,06,06027,5,1,3,3,7,Autre,50.0,1
202400022906,2024-11-16,matin,,,06,06123,1,1,1,4,7,Autre,30.0,1
202400022907,2024-11-16,après-midi,,,06,06004,1,1,3,2,4,Voie communale,50.0,1
202400022908,2024-06-27,matin,,,75,75108,1,1,3,4,4,Voie communale,30.0,1
202400022909,2024-11-16,soirée,,,75,75112,5,1,3,4,4,Voie communale,50.0,1
202400022910,2024-06-26,après-midi,,,75,75108,1,1,6,4,4,Voie communale,30.0,1
202400022911,2024-11-15,soirée,,,75,75119,5,1,3,3,4,Voie communale,50.0,1
202400022912,2024-06-27,matin,,,75,75104,1,1,1,4,4,Voie communale,30.0,1
202400022913,2024-11-15,après-midi,,,75,75120,1,1,2,4,4,Voie communale,50.0,1
202400022914,2024-06-25,après-midi,,,94,94081,1,1,6,4,4,Voie communale,50.0,1
202400022915,2024-11-16,soirée,,,75,75117,5,1,3,4,4,Voie communale,30.0,1
202400022916,2024-06-27,matin,,,94,94078,1,1,6,4,4,Voie communale,50.0,1
202400022917,2024-11-16,matin,,,75,75116,1,1,3,4,4,Voie communale,30.0,1
202400022918,2024-06-26,soirée,,,94,94068,1,1,2,4,4,Voie communale,30.0,1
202400022919,2024-11-16,soirée,,,75,75113,5,1,3,4,4,Voie communale,30.0,1
202400022920,2024-06-27,matin,,,94,94073,1,1,3,3,4,Voie communale,30.0,1
202400022921,2024-06-26,après-midi,,,94,94017,1,1,1,4,3,Départementale,50.0,1
202400022922,2024-11-16,matin,,,75,75113,1,1,3,4,4,Voie communale,50.0,1
202400022923,2024-06-27,après-midi,,,93,93070,1,1,6,4,3,Départementale,,1
202400022924,2024-11-16,nuit,,,75,75113,5,1,3,4,4,Voie communale,30.0,1
202400022925,2024-06-26,matin,,,93,93039,1,1,2,4,3,Départementale,50.0,1
202400022926,2024-11-16,après-midi,,,75,75110,1,1,6,4,4,Voie communale,30.0,1
202400022927,2024-06-27,après-midi,,,93,93051,1,1,3,4,4,Voie communale,,2
202400022928,2024-11-16,soirée,,,94,94076,5,1,3,4,3,Départementale,50.0,1
202400022929,2024-06-27,nuit,,,93,93049,5,1,6,4,3,Départementale,50.0,1
202400022930,2024-11-16,après-midi,,,94,94043,1,1,6,4,4,Voie communale,30.0,1
202400022931,2024-06-27,nuit,,,93,93046,5,1,7,4,3,Départementale,50.0,1
202400022932,2024-11-16,après-midi,,,94,94073,1,1,6,3,4,Voie communale,50.0,1
202400022933,2024-06-27,matin,,,93,93005,1,1,6,4,4,Voie communale,50.0,1
202400022934,2024-11-15,nuit,,,94,94017,5,1,6,3,3,Départementale,50.0,1
202400022935,2024-06-27,matin,,,93,93001,1,1,2,4,3,Départementale,50.0,1
202400022936,2024-11-16,après-midi,,,94,94048,1,8,1,4,2,Nationale,80.0,1
202400022937,2024-06-27,matin,,,92,92063,1,1,1,4,4,Voie communale,30.0,1
202400022938,2024-11-16,après-midi,,,92,92062,1,1,3,3,4,Voie communale,50.0,1
202400022939,2024-06-26,matin,,,92,92062,1,1,6,4,4,Voie communale,50.0,1
202400022940,2024-11-16,après-midi,,,92,92072,1,1,3,4,3,Départementale,50.0,1
202400022941,2024-06-26,après-midi,,,92,92025,1,1,6,4,4,Voie communale,50.0,1
202400022942,2024-11-16,matin,,,92,92051,1,1,7,3,3,Départementale,50.0,1
202400022943,2024-06-27,matin,,,92,92004,1,1,3,4,3,Départementale,50.0,1
202400022944,2024-11-03,soirée,,,92,92050,5,1,7,4,3,Départementale,50.0,1
202400022945,2024-06-27,soirée,,,92,92002,1,1,3,4,3,Départementale,50.0,1
202400022946,2024-11-15,nuit,,,92,92025,3,1,3,4,3,Départementale,30.0,1
202400022947,2024-06-27,soirée,,,60,60152,1,1,7,4,3,Départementale,80.0,1
202400022948,2024-06-28,matin,,,34,34248,2,1,6,4,3,Départementale,90.0,1
202400022949,2024-11-16,matin,,,92,92023,1,1,6,4,4,Voie communale,50.0,1
202400022950,2024-11-15,soirée,,,92,92060,5,1,6,4,3,Départementale,50.0,1
202400022951,2024-06-24,soirée,,,11,11203,1,7,3,3,3,Départementale,50.0,1
202400022952,2024-11-16,soirée,,,40,40046,3,5,6,3,4,Voie communale,70.0,1
202400022953,2024-06-27,soirée,,,26,26005,3,1,2,3,1,Autoroute,130.0,1
202400022954,2024-11-16,après-midi,,,27,27022,1,1,1,3,3,Départementale,,1
202400022955,2024-06-27,après-midi,,,38,38105,1,1,3,4,3,Départementale,70.0,1
202400022956,2024-06-28,nuit,,,44,44195,3,1,7,4,2,Nationale,110.0,1
202400022957,2024-11-16,après-midi,,,93,93027,1,1,2,4,1,Autoroute,90.0,1
202400022958,2024-06-28,matin,,,15,15188,1,1,3,3,1,Autoroute,130.0,1
202400022959,2024-11-16,matin,,,95,95641,1,1,3,4,1,Autoroute,110.0,1
202400022960,2024-06-28,matin,,,95,95214,1,1,3,3,3,Départementale,80.0,1
202400022961,2024-11-15,soirée,,,95,95572,3,1,6,4,1,Autoroute,110.0,1
202400022962,2024-06-28,matin,,,56,56175,1,1,3,2,3,Départementale,80.0,1
202400022963,2024-11-15,soirée,,,93,93010,3,1,5,4,1,Autoroute,90.0,1
202400022964,2024-06-27,après-midi,,,59,59094,1,1,3,3,3,Départementale,,1
202400022965,2024-11-15,après-midi,,,93,93064,5,1,2,3,1,Autoroute,90.0,1
202400022966,2024-11-15,matin,,,93,93007,1,1,7,4,1,Autoroute,90.0,1
202400022967,2024-06-28,après-midi,,,79,79066,1,1,1,3,3,Départementale,80.0,1
202400022968,2024-11-15,soirée,,,77,77514,3,1,6,4,1,Autoroute,90.0,1
202400022969,2024-06-27,soirée,,,2A,2A006,1,1,6,3,3,Départementale,,1
202400022970,2024-06-27,nuit,,,80,80296,1,1,7,3,3,Départementale,50.0,1
202400022971,2024-06-26,après-midi,,,69,69256,1,1,1,4,4,Voie communale,50.0,1
202400022972,2024-05-25,nuit,,,82,82089,5,1,6,3,3,Départementale,80.0,1
202400022973,2024-11-15,après-midi,,,974,97411,1,1,2,4,4,Voie communale,30.0,1
202400022974,2024-06-28,après-midi,,,71,71014,1,1,6,3,4,Voie communale,50.0,1
202400022975,2024-11-15,matin,,,974,97411,1,1,6,4,4,Voie communale,30.0,1
202400022976,2024-06-27,matin,,,63,63236,1,1,1,3,3,Départementale,90.0,1
202400022977,2024-11-15,après-midi,,,973,97302,1,1,3,4,4,Voie communale,50.0,1
202400022978,2024-06-26,après-midi,,,63,63031,1,1,7,3,3,Départementale,50.0,1
202400022979,2024-06-26,matin,,,42,42159,1,1,7,3,4,Voie communale,80.0,1
202400022980,2024-11-15,après-midi,,,973,97302,1,1,3,3,4,Voie communale,50.0,1
202400022981,2024-11-15,après-midi,,,973,97302,1,1,2,4,3,Départementale,50.0,1
202400022982,2024-06-28,matin,,,47,47271,1,1,3,4,3,Départementale,80.0,1
202400022983,2024-06-26,après-midi,,,39,39491,1,1,6,3,3,Départementale,50.0,1
202400022984,2024-11-16,nuit,,,69,69383,5,1,1,3,4,Voie communale,50.0,1
202400022985,2024-06-27,après-midi,,,25,25592,1,1,6,3,3,Départementale,,1
202400022986,2024-11-15,soirée,,,972,97209,5,1,3,4,1,Autoroute,90.0,1
202400022987,2024-06-27,matin,,,25,25238,1,3,7,3,3,Départementale,80.0,2
202400022988,2024-06-25,soirée,,,25,25283,1,1,7,3,3,Départementale,80.0,1
202400022989,2024-11-15,soirée,,,69,69389,5,1,3,4,4,Voie communale,30.0,1
202400022990,2024-06-28,matin,,,25,25415,1,1,5,4,3,Départementale,90.0,1
202400022991,2024-11-15,soirée,,,69,69389,5,1,3,4,4,Voie communale,30.0,1
202400022992,2024-06-28,matin,,,02,02419,1,1,3,4,3,Départementale,80.0,1
202400022993,2024-11-15,soirée,,,69,69034,5,1,1,4,4,Voie communale,30.0,1
202400022994,2024-11-15,soirée,,,69,69081,5,1,6,4,4,Voie communale,50.0,1
202400022995,2024-06-27,nuit,,,01,01319,2,1,3,4,3,Départementale,80.0,1
202400022996,2024-11-15,matin,,,69,69034,1,2,6,4,6,Autre,10.0,2
202400022997,2024-06-24,après-midi,,,01,01195,1,1,6,3,3,Départementale,50.0,1
202400022998,2024-11-15,soirée,,,971,97105,3,1,6,4,4,Voie communale,50.0,1
202400022999,2024-06-28,soirée,,,66,66149,1,1,2,4,3,Départementale,80.0,1
202400023000,2024-06-28,matin,,,66,66074,1,1,5,4,3,Départementale,80.0,1
202400023001,2024-11-15,matin,,,2A,2A004,1,1,4,4,2,Nationale,90.0,1
202400023002,2024-06-27,après-midi,,,54,54435,1,1,7,4,4,Voie communale,80.0,1
202400023003,2024-11-15,nuit,,,91,91514,5,1,1,4,4,Voie communale,50.0,1
202400023004,2024-06-27,soirée,,,50,50078,1,8,3,4,3,Départementale,,1
202400023005,2024-11-15,après-midi,,,91,91589,1,1,3,4,3,Départementale,50.0,1
202400023006,2024-06-27,après-midi,,,50,50582,1,1,6,3,3,Départementale,50.0,1
202400023007,2024-11-15,soirée,,,91,91228,3,1,4,4,3,Départementale,50.0,1
202400023008,2024-06-27,soirée,,,40,40129,1,1,1,4,3,Départementale,80.0,1
202400023009,2024-11-14,soirée,,,91,91228,5,1,3,4,3,Départementale,50.0,1
202400023010,2024-06-27,matin,,,04,04130,1,1,7,4,3,Départementale,80.0,1
202400023011,2024-11-15,après-midi,,,86,86194,1,1,6,3,4,Voie communale,30.0,1
202400023012,2024-06-28,matin,,,85,85157,1,1,1,3,4,Voie communale,,1
202400023013,2024-11-15,après-midi,,,86,86194,1,1,3,4,4,Voie communale,30.0,1
202400023014,2024-06-27,après-midi,,,17,17347,1,1,2,3,3,Départementale,90.0,1
202400023015,2024-11-12,après-midi,,,84,84080,5,3,7,4,3,Départementale,50.0,2
202400023016,2024-06-24,après-midi,,,24,24517,1,1,7,3,3,Départementale,90.0,1
202400023017,2024-11-08,après-midi,,,84,84007,5,1,1,4,4,Voie communale,50.0,1
202400023018,2024-06-27,après-midi,,,03,03010,1,1,6,4,3,Départementale,90.0,9
202400023019,2024-11-15,après-midi,,,84,84007,1,1,3,4,4,Voie communale,50.0,1
202400023020,2024-11-15,matin,,,83,83137,1,1,6,3,4,Voie communale,30.0,1
202400023021,2024-06-27,après-midi,,,49,49110,1,1,5,3,3,Départementale,90.0,1
202400023022,2024-11-15,après-midi,,,83,83069,1,1,6,4,4,Voie communale,50.0,1
202400023023,2024-06-27,soirée,,,42,42279,1,1,6,4,4,Voie communale,30.0,1
202400023024,2024-11-15,matin,,,80,80021,1,1,3,4,4,Voie communale,20.0,1
202400023025,2024-06-26,matin,,,06,06085,1,1,3,4,3,Départementale,50.0,1
202400023026,2024-06-28,matin,,,13,13032,1,7,2,3,3,Départementale,80.0,1
202400023027,2024-11-16,nuit,,,78,78440,5,1,3,4,3,Départementale,50.0,1
202400023028,2024-06-27,après-midi,,,17,17213,1,1,2,4,1,Autoroute,130.0,1
202400023029,2024-11-15,après-midi,,,78,78440,1,1,6,4,4,Voie communale,,1
202400023030,2024-06-25,après-midi,,,973,97303,1,2,2,3,2,Nationale,80.0,2
202400023031,2024-11-12,soirée,,,78,78123,5,1,3,4,3,Départementale,50.0,1
202400023032,2024-06-26,soirée,,,973,97312,3,1,3,3,2,Nationale,80.0,2
202400023033,2024-11-15,nuit,,,78,78498,5,1,7,2,3,Départementale,30.0,1
202400023034,2024-06-23,soirée,,,971,97116,3,2,7,2,3,Départementale,80.0,2
202400023035,2024-11-15,soirée,,,77,77350,3,1,6,4,3,Départementale,80.0,1
202400023036,2024-06-28,nuit,,,971,97117,2,1,3,3,4,Voie communale,50.0,1
202400023037,2024-11-13,après-midi,,,76,76351,1,1,3,3,4,Voie communale,50.0,1
202400023038,2024-06-27,nuit,,,77,77153,5,1,3,4,3,Départementale,50.0,1
202400023039,2024-06-28,nuit,,,2A,2A247,5,1,6,3,3,Départementale,50.0,1
202400023040,2024-11-14,soirée,,,72,72181,5,1,3,4,4,Voie communale,50.0,1
202400023041,2024-11-14,soirée,,,72,72181,5,1,3,4,4,Voie communale,50.0,1
202400023042,2024-06-28,après-midi,,,2A,2A041,1,1,1,3,2,Nationale,70.0,1
202400023043,2024-06-28,soirée,,,66,66145,1,1,7,3,3,Départementale,80.0,1
202400023044,2024-11-14,après-midi,,,72,72181,1,1,3,4,4,Voie communale,50.0,1
202400023045,2024-06-13,matin,,,34,34145,1,1,3,3,3,Départementale,80.0,1
202400023046,2024-11-15,après-midi,,,64,64348,1,1,3,3,3,Départementale,50.0,1
202400023047,2024-03-08,soirée,,,08,08146,3,1,6,3,3,Départementale,50.0,1
202400023048,2024-06-23,après-midi,,,06,06157,1,1,6,4,7,Autre,50.0,2
202400023049,2024-11-15,après-midi,,,64,64445,1,1,3,4,4,Voie communale,50.0,1
202400023050,2024-03-09,soirée,,,31,31117,3,1,5,2,1,Autoroute,130.0,1
202400023051,2024-06-28,après-midi,,,13,13022,1,1,1,4,3,Départementale,50.0,1
202400023052,2024-06-27,après-midi,,,13,13041,1,1,2,3,3,Départementale,90.0,1
202400023053,2024-03-09,après-midi,,,33,33122,1,1,5,4,3,Départementale,80.0,1
202400023054,2024-11-14,après-midi,,,64,64284,1,1,6,4,4,Voie communale,30.0,1
202400023055,2024-03-09,nuit,,,60,60494,3,1,6,3,1,Autoroute,70.0,1
202400023056,2024-06-28,matin,,,89,89388,1,1,3,4,1,Autoroute,130.0,1
202400023057,2024-11-14,matin,,,63,63224,3,1,7,3,3,Départementale,90.0,1
202400023058,2024-06-27,après-midi,,,21,21292,1,1,3,3,4,Voie communale,,1
202400023059,2024-11-06,après-midi,,,62,62510,1,1,6,2,4,Voie communale,50.0,1
202400023060,2024-03-10,après-midi,,,13,13103,1,1,2,4,1,Autoroute,70.0,1
202400023061,2024-03-08,matin,,,987,98712,1,1,3,3,2,Nationale,60.0,1
202400023062,2024-06-27,soirée,,,67,67246,1,1,1,3,3,Départementale,50.0,1
202400023063,2024-11-15,après-midi,,,59,59599,1,8,3,4,4,Voie communale,50.0,1
202400023064,2024-03-10,matin,,,974,97420,2,1,6,3,2,Nationale,110.0,2
202400023065,2024-11-15,après-midi,,,56,56036,1,1,2,4,2,Nationale,90.0,1
202400023066,2024-03-09,matin,,,973,97311,1,1,3,4,3,Départementale,80.0,1
202400023067,2024-06-28,après-midi,,,55,55351,1,1,5,4,3,Départementale,80.0,1
202400023068,2024-03-08,après-midi,,,971,97128,3,1,2,4,2,Nationale,80.0,1
202400023069,2024-11-14,soirée,,,56,56098,5,1,3,4,4,Voie communale,30.0,1
202400023070,2024-06-27,après-midi,,,55,55351,1,1,6,4,4,Voie communale,30.0,1
202400023071,2024-03-10,matin,,,33,33199,1,2,3,3,3,Départementale,50.0,2
202400023072,2024-11-12,après-midi,,,54,54528,3,1,6,4,6,Autre,30.0,1
202400023073,2024-03-09,soirée,,,13,13021,1,3,7,3,3,Départementale,110.0,2
202400023074,2024-01-26,après-midi,,,63,63213,1,2,1,4,3,Départementale,90.0,2
202400023075,2024-11-15,après-midi,,,54,54395,1,1,3,4,4,Voie communale,30.0,1
202400023076,2024-03-10,matin,,,29,29234,1,1,6,4,3,Départementale,70.0,2
202400023077,2024-06-27,nuit,,,42,42022,5,1,3,4,4,Voie communale,70.0,1
202400023078,2024-11-15,après-midi,,,54,54395,1,1,2,4,4,Voie communale,50.0,1
202400023079,2024-03-10,nuit,,,06,06143,5,3,1,4,3,Départementale,80.0,2
202400023080,2024-04-27,après-midi,,,01,01249,1,1,7,3,3,Départementale,,1
202400023081,2024-11-14,matin,,,54,54159,1,2,3,4,3,Départementale,30.0,2
202400023082,2024-03-10,après-midi,,,13,13110,1,1,3,3,4,Voie communale,80.0,6
202400023083,2024-03-09,nuit,,,71,71232,3,3,7,3,3,Départementale,80.0,2
202400023084,2024-06-28,après-midi,,,69,69078,1,1,5,4,3,Départementale,80.0,1
202400023085,2024-11-13,matin,,,52,52045,1,1,6,2,4,Voie communale,30.0,1
202400023086,2024-06-27,soirée,,,81,81142,1,1,3,3,3,Départementale,80.0,1
202400023087,2024-11-15,matin,,,51,51454,1,1,4,4,4,Voie communale,70.0,1
202400023088,2024-06-27,après-midi,,,33,33496,1,1,6,4,3,Départementale,70.0,1
202400023089,2024-03-10,après-midi,,,69,69019,1,1,6,4,4,Voie communale,,1
202400023090,2024-06-28,matin,,,53,53082,1,1,3,3,4,Voie communale,80.0,1
202400023091,2024-03-10,matin,,,17,17058,1,1,6,3,4,Voie communale,50.0,1
202400023092,2024-11-14,après-midi,,,51,51454,1,1,3,4,3,Départementale,90.0,1
202400023093,2024-03-10,nuit,,,27,27275,3,1,6,3,4,Voie communale,50.0,1
202400023094,2024-11-14,après-midi,,,51,51454,1,1,2,4,4,Voie communale,50.0,1
202400023095,2024-06-27,soirée,,,14,14640,1,1,2,4,3,Départementale,90.0,1
202400023096,2024-11-15,après-midi,,,51,51108,1,1,1,4,4,Voie communale,50.0,1
202400023097,2024-06-28,après-midi,,,35,35015,1,1,1,3,3,Départementale,80.0,1
202400023098,2024-03-09,matin,,,33,33063,1,1,4,4,1,Autoroute,70.0,1
202400023099,2024-11-13,soirée,,,50,50647,5,1,7,3,4,Voie communale,30.0,1
202400023100,2024-06-28,matin,,,02,02697,2,1,3,4,3,Départementale,80.0,1
202400023101,2024-11-14,soirée,,,50,50129,5,2,2,4,4,Voie communale,50.0,2
202400023102,2024-03-09,matin,,,91,91286,1,1,4,4,1,Autoroute,110.0,1
202400023103,2024-06-28,soirée,,,80,80561,1,1,7,4,3,Départementale,,1
202400023104,2024-03-09,nuit,,,91,91377,3,1,2,4,1,Autoroute,110.0,1
202400023105,2024-11-12,après-midi,,,50,50129,1,1,3,4,4,Voie communale,50.0,1
202400023106,2024-06-28,matin,,,62,62443,1,1,6,2,3,Départementale,50.0,1
202400023107,2024-11-15,nuit,,,49,49267,5,1,2,3,4,Voie communale,50.0,1
202400023108,2024-06-22,soirée,,,59,59482,1,1,3,3,7,Autre,30.0,1
202400023109,2024-03-08,après-midi,,,92,92023,1,1,4,4,1,Autoroute,90.0,1
202400023110,2024-11-15,nuit,,,49,49267,5,1,2,4,3,Départementale,50.0,1
202400023111,2024-06-27,matin,,,13,13117,1,1,2,4,1,Autoroute,90.0,1
202400023112,2024-03-09,après-midi,,,95,95563,1,2,6,3,1,Autoroute,90.0,2
202400023113,2024-03-09,soirée,,,77,77121,3,2,6,4,1,Autoroute,70.0,2
202400023114,2024-11-16,nuit,,,44,44109,5,1,3,4,2,Nationale,50.0,1
202400023115,2024-06-26,matin,,,13,13211,1,1,4,4,1,Autoroute,90.0,1
202400023116,2024-03-08,matin,,,974,97411,1,1,5,3,2,Nationale,50.0,1
202400023117,2024-06-27,matin,,,83,83137,1,1,4,4,1,Autoroute,70.0,1
202400023118,2024-11-15,après-midi,,,43,43157,1,1,6,4,4,Voie communale,30.0,1
202400023119,2024-06-26,nuit,,,69,69072,3,1,6,4,1,Autoroute,90.0,1
202400023120,2024-03-08,soirée,,,973,97302,5,1,2,4,4,Voie communale,50.0,1
202400023121,2024-03-07,soirée,,,973,97302,3,1,2,4,3,Départementale,50.0,1
202400023122,2024-11-15,soirée,,,42,42237,3,1,6,4,7,Autre,80.0,1
202400023123,2024-06-26,matin,,,67,67482,1,1,4,4,7,Autre,70.0,1
202400023124,2024-03-06,après-midi,,,69,69385,1,1,6,4,4,Voie communale,50.0,1
202400023125,2024-03-07,nuit,,,971,97120,5,1,4,4,2,Nationale,50.0,1
202400023126,2024-11-15,après-midi,,,41,41018,1,1,2,4,4,Voie communale,20.0,1
202400023127,2024-06-27,soirée,,,94,94034,1,1,4,4,1,Autoroute,70.0,1
202400023128,2024-03-06,nuit,,,971,97113,3,1,3,4,3,Départementale,50.0,1
202400023129,2024-11-14,après-midi,,,41,41018,2,1,1,4,4,Voie communale,50.0,1
202400023130,2024-03-08,matin,,,95,95369,1,1,3,4,4,Voie communale,50.0,1
202400023131,2024-06-27,après-midi,,,91,91312,1,1,5,4,3,Départementale,70.0,1
202400023132,2024-03-09,nuit,,,91,91552,3,1,7,4,3,Départementale,70.0,1