Num_Acc,date,time_of_day,lat,long,dep,com,lum,atm,col,severity_index,catr,catr_label,vma,surf
202400023133,2024-06-27,après-midi,,,94,94034,1,1,2,4,1,Autoroute,70.0,1
202400023134,2024-03-07,après-midi,,,88,88209,1,1,2,4,3,Départementale,50.0,1
202400023135,2024-11-15,matin,,,37,37261,1,1,4,4,4,Voie communale,50.0,1
202400023136,2024-11-15,matin,,,37,37233,1,1,7,4,4,Voie communale,50.0,1
202400023137,2024-06-27,matin,,,91,91553,1,1,4,4,2,Nationale,90.0,1
202400023138,2024-03-09,nuit,,,84,84007,5,1,6,3,4,Voie communale,50.0,1
202400023139,2024-11-15,après-midi,,,36,36044,1,1,3,4,4,Voie communale,50.0,1
202400023140,2024-03-08,après-midi,,,83,83062,1,3,3,3,4,Voie communale,50.0,2
202400023141,2024-06-27,nuit,,,91,91161,3,1,4,4,1,Autoroute,110.0,1
202400023142,2024-03-07,après-midi,,,80,80489,1,1,7,3,4,Voie communale,50.0,1
202400023143,2024-11-15,soirée,,,35,35238,5,1,3,4,4,Voie communale,30.0,1
202400023144,2024-06-27,après-midi,,,78,78238,1,1,6,4,1,Autoroute,130.0,1
202400023145,2024-03-07,après-midi,,,80,80021,1,1,2,4,4,Voie communale,50.0,1
202400023146,2024-06-26,soirée,,,78,78640,1,1,3,4,2,Nationale,90.0,1
202400023147,2024-03-08,matin,,,78,78238,1,1,3,3,4,Voie communale,30.0,1
202400023148,2024-06-27,soirée,,,93,93013,1,1,2,4,1,Autoroute,90.0,1
202400023149,2024-03-08,après-midi,,,77,77378,1,1,6,3,4,Voie communale,50.0,1
202400023150,2024-11-15,soirée,,,35,35238,3,1,2,4,2,Nationale,90.0,1
202400023151,2024-03-08,après-midi,,,77,77487,1,1,6,4,4,Voie communale,50.0,1
202400023152,2024-06-27,après-midi,,,93,93066,1,1,5,4,1,Autoroute,90.0,1
202400023153,2024-03-07,matin,,,76,76305,1,1,6,4,4,Voie communale,70.0,1
202400023154,2024-11-15,matin,,,35,35238,1,1,6,4,4,Voie communale,30.0,1
202400023155,2024-06-27,matin,,,92,92036,1,1,2,4,1,Autoroute,90.0,1
202400023156,2024-03-05,après-midi,,,73,73065,1,2,5,4,2,Nationale,90.0,2
202400023157,2024-06-27,nuit,,,95,95582,3,1,2,4,1,Autoroute,110.0,1
202400023158,2024-11-15,matin,,,34,34172,1,1,3,3,4,Voie communale,50.0,1
202400023159,2024-03-08,matin,,,71,71270,1,1,3,3,3,Départementale,50.0,1
202400023160,2024-06-27,soirée,,,77,77058,1,1,4,4,1,Autoroute,110.0,1
202400023161,2024-11-15,après-midi,,,34,34032,1,1,7,4,4,Voie communale,50.0,1
202400023162,2024-03-08,après-midi,,,69,69259,1,1,2,4,4,Voie communale,50.0,1
202400023163,2024-11-15,après-midi,,,33,33063,1,1,6,4,4,Voie communale,30.0,1
202400023164,2024-06-27,après-midi,,,75,75112,1,1,1,4,1,Autoroute,50.0,1
202400023165,2024-03-07,après-midi,,,69,69290,1,1,6,4,7,Autre,50.0,1
202400023166,2024-11-14,matin,,,29,29019,3,1,6,4,4,Voie communale,50.0,1
202400023167,2024-06-27,matin,,,94,94018,1,1,3,4,1,Autoroute,90.0,1
202400023168,2024-03-09,soirée,,,67,67482,5,1,1,4,4,Voie communale,80.0,1
202400023169,2024-11-15,après-midi,,,27,27229,3,1,1,4,4,Voie communale,50.0,1
202400023170,2024-03-07,matin,,,67,67482,1,8,3,4,4,Voie communale,50.0,1
202400023171,2024-06-26,après-midi,,,77,77258,1,1,4,4,1,Autoroute,90.0,1
202400023172,2024-11-15,après-midi,,,27,27229,1,1,3,4,4,Voie communale,50.0,1
202400023173,2024-03-08,après-midi,,,66,66136,1,1,3,4,4,Voie communale,50.0,1
202400023174,2024-04-03,matin,,,82,82013,1,7,3,3,3,Départementale,50.0,1
202400023175,2024-11-15,après-midi,,,25,25204,3,1,3,4,2,Nationale,50.0,1
202400023176,2024-03-07,soirée,,,64,64140,1,1,5,4,3,Départementale,80.0,1
202400023177,2024-03-08,matin,,,63,63113,1,1,6,4,4,Voie communale,30.0,1
202400023178,2024-11-15,matin,,,25,25056,1,1,6,4,4,Voie communale,50.0,1
202400023179,2024-03-08,soirée,,,62,62510,5,1,1,4,3,Départementale,50.0,1
202400023180,2024-11-15,matin,,,14,14137,2,1,2,4,2,Nationale,90.0,1
202400023181,2024-03-05,après-midi,,,60,60057,1,3,6,4,4,Voie communale,50.0,2
202400023182,2024-11-15,nuit,,,13,13206,5,1,3,3,4,Voie communale,50.0,1
202400023183,2024-03-02,après-midi,,,59,59350,1,2,6,4,4,Voie communale,30.0,2
202400023184,2024-03-08,soirée,,,54,54184,2,1,7,4,4,Voie communale,50.0,1
202400023185,2024-03-07,soirée,,,54,54395,3,1,1,4,4,Voie communale,30.0,1
202400023186,2024-11-15,nuit,,,13,13203,5,1,3,4,4,Voie communale,50.0,1
202400023187,2024-03-08,soirée,,,54,54280,5,1,3,4,4,Voie communale,50.0,1
202400023188,2024-11-15,matin,,,13,13047,3,1,1,4,4,Voie communale,50.0,1
202400023189,2024-03-08,après-midi,,,51,51454,1,1,6,3,4,Voie communale,50.0,1
202400023190,2024-11-14,nuit,,,13,13047,3,1,1,2,2,Nationale,80.0,1
202400023191,2024-03-06,soirée,,,50,50129,1,1,6,3,3,Départementale,50.0,1
202400023192,2024-11-15,soirée,,,13,13028,5,1,3,4,4,Voie communale,50.0,1
202400023193,2024-03-07,après-midi,,,49,49007,1,1,3,4,4,Voie communale,30.0,1
202400023194,2024-03-08,après-midi,,,45,45147,1,1,6,4,4,Voie communale,50.0,1
202400023195,2024-11-14,matin,,,11,11069,2,1,2,4,3,Départementale,30.0,1
202400023196,2024-11-15,après-midi,,,09,09225,1,1,7,4,4,Voie communale,50.0,1
202400023197,2024-03-08,nuit,,,44,44109,5,1,1,3,4,Voie communale,30.0,1
202400023198,2024-11-15,nuit,,,06,06088,4,1,2,3,7,Autre,90.0,1
202400023199,2024-03-08,matin,,,43,43041,1,8,2,4,4,Voie communale,50.0,1
202400023200,2024-03-08,nuit,,,36,36044,5,1,6,4,4,Voie communale,70.0,1
202400023201,2024-11-15,soirée,,,06,06088,3,1,6,2,7,Autre,90.0,1
202400023202,2024-11-15,soirée,,,75,75120,5,1,7,4,4,Voie communale,30.0,1
202400023203,2024-03-08,après-midi,,,35,35238,1,2,3,4,2,Nationale,90.0,2
202400023204,2024-11-15,nuit,,,75,75110,5,1,3,4,4,Voie communale,30.0,1
202400023205,2024-03-08,après-midi,,,35,35238,1,1,7,4,4,Voie communale,50.0,1
202400023206,2024-03-08,matin,,,34,34172,1,3,6,3,4,Voie communale,30.0,4
202400023207,2024-11-15,après-midi,,,75,75117,5,7,3,4,4,Voie communale,50.0,1
202400023208,2024-03-08,nuit,,,33,33063,5,1,6,4,4,Voie communale,50.0,1
202400023209,2024-02-23,soirée,,,30,30189,1,1,1,4,3,Départementale,50.0,1
202400023210,2024-11-15,soirée,,,75,75116,5,1,3,4,4,Voie communale,30.0,1
202400023211,2024-03-02,soirée,,,30,30189,5,1,7,3,4,Voie communale,50.0,1
202400023212,2024-03-08,matin,,,29,29019,1,1,3,4,4,Voie communale,50.0,1
202400023213,2024-11-15,après-midi,,,75,75116,1,1,3,4,4,Voie communale,30.0,1
202400023214,2024-03-07,nuit,,,27,27229,5,1,3,4,4,Voie communale,50.0,1
202400023215,2024-11-15,matin,,,75,75116,1,1,3,4,4,Voie communale,30.0,1
202400023216,2024-03-08,nuit,,,26,26058,3,1,2,4,4,Voie communale,50.0,1
202400023217,2024-11-14,après-midi,,,75,75115,1,1,1,4,4,Voie communale,30.0,1
202400023218,2024-03-09,nuit,,,17,17028,3,1,2,4,4,Voie communale,50.0,1
202400023219,2024-11-15,soirée,,,75,75105,5,1,3,4,4,Voie communale,30.0,1
202400023220,2024-11-15,soirée,,,75,75113,5,1,6,4,4,Voie communale,30.0,1
202400023221,2024-02-17,soirée,,,15,15012,2,1,3,4,3,Départementale,90.0,1
202400023222,2024-11-15,matin,,,75,75113,1,1,3,4,4,Voie communale,50.0,1
202400023223,2024-03-08,matin,,,14,14366,1,1,1,4,4,Voie communale,50.0,1
202400023224,2024-11-15,nuit,,,75,75114,5,1,3,4,4,Voie communale,30.0,1
202400023225,2024-03-08,nuit,,,13,13205,5,1,3,4,4,Voie communale,50.0,1
202400023226,2024-11-14,nuit,,,75,75113,5,1,6,3,4,Voie communale,30.0,1
202400023227,2024-03-07,matin,,,13,13205,1,1,3,4,4,Voie communale,10.0,1
202400023228,2024-11-15,soirée,,,75,75110,5,1,3,4,4,Voie communale,30.0,1
202400023229,2024-03-06,après-midi,,,13,13202,1,1,2,4,4,Voie communale,50.0,1
202400023230,2024-11-15,après-midi,,,94,94080,1,1,6,4,5,Autre,10.0,1
202400023231,2024-03-08,soirée,,,06,06088,5,3,6,4,4,Voie communale,50.0,2
202400023232,2024-11-15,soirée,,,94,94052,5,1,6,4,3,Départementale,,1
202400023233,2024-03-07,matin,,,03,03095,1,1,3,3,4,Voie communale,50.0,1
202400023234,2024-11-15,après-midi,,,94,94046,5,1,3,4,3,Départementale,50.0,1
202400023235,2024-03-07,matin,,,75,75113,1,1,2,4,4,Voie communale,70.0,1
202400023236,2024-11-13,après-midi,,,94,94028,1,8,6,4,4,Voie communale,50.0,1
202400023237,2024-03-08,soirée,,,75,75105,5,1,2,4,4,Voie communale,30.0,1
202400023238,2024-11-15,après-midi,,,94,94073,1,1,3,4,3,Départementale,50.0,1
202400023239,2024-11-15,après-midi,,,94,94022,1,1,3,4,3,Départementale,,1
202400023240,2024-03-07,matin,,,75,75106,1,7,6,4,4,Voie communale,30.0,1
202400023241,2024-03-08,matin,,,75,75120,1,1,6,4,4,Voie communale,30.0,1
202400023242,2024-11-15,soirée,,,93,93059,5,1,3,4,3,Départementale,50.0,1
202400023243,2024-03-08,nuit,,,75,75120,5,1,3,4,4,Voie communale,30.0,1
202400023244,2024-11-15,soirée,,,93,93007,5,1,3,4,4,Voie communale,50.0,1
202400023245,2024-11-15,soirée,,,93,93005,5,1,6,4,4,Voie communale,50.0,1
202400023246,2024-11-15,après-midi,,,93,93005,1,1,6,4,4,Voie communale,30.0,1
202400023247,2024-03-08,après-midi,,,75,75119,1,1,3,4,4,Voie communale,30.0,1
202400023248,2024-11-15,nuit,,,92,92064,5,1,6,4,3,Départementale,50.0,1
202400023249,2024-11-15,matin,,,92,92049,1,1,6,4,3,Départementale,50.0,1
202400023250,2024-03-08,après-midi,,,75,75118,1,1,6,4,4,Voie communale,30.0,1
202400023251,2024-11-15,après-midi,,,92,92044,1,1,3,4,3,Départementale,50.0,1
202400023252,2024-03-07,nuit,,,75,75117,5,1,3,4,4,Voie communale,30.0,1
202400023253,2024-11-15,matin,,,92,92040,1,1,1,3,3,Départementale,50.0,1
202400023254,2024-03-06,soirée,,,75,75117,5,1,1,4,4,Voie communale,30.0,1
202400023255,2024-11-16,matin,,,34,34069,1,1,6,2,3,Départementale,80.0,1
202400023256,2024-03-08,après-midi,,,75,75116,1,1,2,4,4,Voie communale,30.0,1
202400023257,2024-11-13,après-midi,,,38,38425,1,1,6,4,4,Voie communale,20.0,1
202400023258,2024-03-08,matin,,,75,75116,1,1,2,4,4,Voie communale,30.0,1
202400023259,2024-11-15,après-midi,,,83,83130,5,1,3,3,1,Autoroute,90.0,1
202400023260,2024-03-08,soirée,,,75,75114,2,1,7,4,4,Voie communale,30.0,1
202400023261,2024-11-16,nuit,,,974,97410,2,1,5,4,2,Nationale,90.0,2
202400023262,2024-03-08,après-midi,,,75,75114,1,1,6,4,4,Voie communale,30.0,1
202400023263,2024-11-15,après-midi,,,971,97109,3,1,6,2,2,Nationale,80.0,1
202400023264,2024-03-08,matin,,,75,75114,1,1,3,4,4,Voie communale,30.0,1
202400023265,2024-11-15,matin,,,83,83019,1,7,3,3,3,Départementale,70.0,1
202400023266,2024-11-13,après-midi,,,85,85109,1,1,6,3,3,Départementale,80.0,1
202400023267,2024-03-08,soirée,,,75,75111,5,1,3,4,4,Voie communale,30.0,1
202400023268,2024-11-11,matin,,,23,23257,1,8,6,3,4,Voie communale,90.0,2
202400023269,2024-03-08,matin,,,75,75111,1,1,6,3,4,Voie communale,30.0,1
202400023270,2024-11-15,matin,,,62,62297,1,1,7,4,3,Départementale,50.0,2
202400023271,2024-03-08,après-midi,,,75,75108,1,1,3,4,4,Voie communale,30.0,1
202400023272,2024-11-11,soirée,,,57,57374,3,2,6,3,3,Départementale,70.0,2
202400023273,2024-11-15,soirée,,,51,51303,3,1,1,3,3,Départementale,80.0,1
202400023274,2024-03-08,après-midi,,,75,75108,1,1,3,4,4,Voie communale,30.0,1
202400023275,2024-11-11,soirée,,,19,19123,5,1,1,4,3,Départementale,30.0,1
202400023276,2024-03-08,après-midi,,,75,75107,1,1,3,4,4,Voie communale,30.0,1
202400023277,2024-03-08,après-midi,,,75,75101,1,1,2,4,4,Voie communale,30.0,1
202400023278,2024-03-07,après-midi,,,75,75101,1,1,6,4,4,Voie communale,30.0,1
202400023279,2024-11-10,après-midi,,,65,65460,2,8,5,4,3,Départementale,90.0,1
202400023280,2024-03-08,soirée,,,94,94041,5,1,6,4,3,Départementale,50.0,1
202400023281,2024-03-08,matin,,,94,94044,1,1,6,4,4,Voie communale,50.0,1
202400023282,2024-11-15,après-midi,,,61,61214,1,1,2,3,3,Départementale,30.0,1
202400023283,2024-03-08,soirée,,,94,94068,1,1,3,4,3,Départementale,30.0,1
202400023284,2024-03-07,après-midi,,,94,94068,1,1,2,4,3,Départementale,30.0,1
202400023285,2024-11-15,soirée,,,49,49248,3,1,5,4,3,Départementale,80.0,1
202400023286,2024-11-16,nuit,,,44,44096,3,5,6,3,3,Départementale,80.0,1
202400023287,2024-11-16,après-midi,,,02,02822,1,1,7,3,3,Départementale,80.0,1
202400023288,2024-03-06,après-midi,,,94,94068,1,1,1,4,3,Départementale,30.0,1
202400023289,2024-03-07,nuit,,,94,94028,5,1,6,4,3,Départementale,30.0,1
202400023290,2024-11-16,nuit,,,84,84041,3,1,6,4,3,Départementale,80.0,1
202400023291,2024-03-08,matin,,,93,93066,1,1,6,4,3,Départementale,50.0,1
202400023292,2024-11-16,matin,,,72,72094,1,1,6,4,3,Départementale,50.0,1
202400023293,2024-03-08,après-midi,,,93,93051,1,1,2,4,3,Départementale,50.0,1
202400023294,2024-03-08,matin,,,93,93050,1,1,6,4,3,Départementale,50.0,1
202400023295,2024-10-22,après-midi,,,83,83028,1,1,3,4,3,Départementale,70.0,1
202400023296,2024-03-08,matin,,,93,93014,2,1,6,4,3,Départementale,50.0,1
202400023297,2024-11-16,nuit,,,60,60622,3,1,7,4,3,Départementale,80.0,1
202400023298,2024-11-16,après-midi,,,07,07005,1,8,5,3,3,Départementale,90.0,1
202400023299,2024-03-08,après-midi,,,93,93001,1,1,3,4,4,Voie communale,50.0,1
202400023300,2024-11-15,matin,,,04,04217,1,1,6,3,3,Départementale,80.0,1
202400023301,2024-03-08,soirée,,,92,92046,5,1,7,4,3,Départementale,50.0,1
202400023302,2024-11-13,soirée,,,85,85292,3,1,1,4,4,Voie communale,80.0,1
202400023303,2024-03-07,nuit,,,92,92073,5,1,3,4,3,Départementale,50.0,1
202400023304,2024-03-08,soirée,,,92,92051,1,1,3,4,4,Voie communale,30.0,1
202400023305,2024-11-15,matin,,,48,48128,2,5,3,4,3,Départementale,90.0,1
202400023306,2024-11-15,après-midi,,,68,68375,1,1,3,4,3,Départementale,30.0,1
202400023307,2024-03-08,soirée,,,92,92050,5,1,1,4,3,Départementale,,1
202400023308,2024-11-17,nuit,,,988,98805,3,2,6,4,4,Voie communale,50.0,2
202400023309,2024-03-02,soirée,,,92,92044,2,1,6,4,4,Voie communale,50.0,2
202400023310,2024-11-16,après-midi,,,06,06088,1,1,3,3,1,Autoroute,90.0,1
202400023311,2024-03-08,après-midi,,,92,92035,1,1,3,4,3,Départementale,50.0,1
202400023312,2024-03-08,après-midi,,,95,95529,1,1,7,4,4,Voie communale,50.0,1
202400023313,2024-11-16,après-midi,,,62,62718,1,1,2,3,1,Autoroute,130.0,1
202400023314,2024-03-08,nuit,,,68,68005,5,1,7,3,3,Départementale,50.0,1
202400023315,2024-11-14,nuit,,,987,98712,5,1,7,3,2,Nationale,50.0,1
202400023316,2024-03-09,nuit,,,972,97227,3,1,7,3,3,Départementale,70.0,1
202400023317,2024-11-15,matin,,,988,98808,3,1,6,3,3,Départementale,,1
202400023318,2024-11-15,après-midi,,,972,97228,1,1,3,3,3,Départementale,70.0,1
202400023319,2024-03-08,après-midi,,,57,57465,1,1,4,2,3,Départementale,80.0,1
202400023320,2024-02-24,après-midi,,,56,56021,1,1,3,4,3,Départementale,70.0,2
202400023321,2024-03-01,après-midi,,,2A,2A040,1,5,1,4,2,Nationale,80.0,2
202400023322,2024-03-09,après-midi,,,65,65395,1,1,1,4,3,Départementale,50.0,1
202400023323,2024-03-09,nuit,,,32,32106,3,1,6,4,3,Départementale,50.0,1
202400023324,2024-03-08,soirée,,,63,63430,5,1,6,4,3,Départementale,50.0,1
202400023325,2024-03-07,soirée,,,61,61007,1,1,3,3,3,Départementale,90.0,1
202400023326,2024-03-09,nuit,,,55,55445,3,1,7,4,3,Départementale,90.0,1
202400023327,2024-03-07,après-midi,,,49,49218,1,8,1,3,4,Voie communale,50.0,1
202400023328,2024-03-07,soirée,,,39,39462,3,1,2,3,3,Départementale,90.0,1
202400023329,2024-03-08,après-midi,,,25,25261,1,1,7,3,4,Voie communale,90.0,1
202400023330,2024-03-09,matin,,,25,25193,2,1,6,4,3,Départementale,90.0,9
202400023331,2024-03-09,matin,,,25,25147,3,1,1,4,3,Départementale,110.0,1
202400023332,2024-03-04,nuit,,,02,02410,2,1,6,2,2,Nationale,80.0,1
202400023333,2024-03-08,après-midi,,,01,01412,1,8,3,4,3,Départementale,,1
202400023334,2024-03-08,nuit,,,45,45282,4,1,6,2,4,Voie communale,50.0,2
202400023335,2024-03-06,matin,,,36,36031,1,2,7,3,3,Départementale,80.0,2
202400023336,2024-03-08,soirée,,,16,16353,2,2,7,3,3,Départementale,90.0,2
202400023337,2024-03-08,soirée,,,17,17105,3,2,1,3,3,Départementale,80.0,2
202400023338,2024-03-08,matin,,,17,17434,1,2,2,4,3,Départementale,80.0,2
202400023339,2024-03-07,matin,,,68,68252,1,1,2,4,3,Départementale,,1
202400023340,2024-03-08,après-midi,,,77,77164,1,1,6,3,1,Autoroute,130.0,1
202400023341,2024-03-08,matin,,,976,97617,1,1,3,3,3,Départementale,70.0,1
202400023342,2024-03-08,après-midi,,,62,62718,1,1,6,3,1,Autoroute,130.0,1
202400023343,2024-03-08,soirée,,,973,97311,3,1,2,2,4,Voie communale,80.0,1
202400023344,2024-03-07,soirée,,,971,97117,5,1,1,4,3,Départementale,80.0,1
202400023345,2024-03-09,après-midi,,,978,97801,1,1,3,3,2,Nationale,70.0,1
202400023346,2024-03-08,nuit,,,95,95241,3,1,3,4,3,Départementale,80.0,1
202400023347,2024-03-09,après-midi,,,83,83066,1,3,6,4,3,Départementale,80.0,2
202400023348,2024-03-08,soirée,,,52,52269,5,1,6,2,2,Nationale,50.0,1
202400023349,2024-03-08,soirée,,,38,38064,3,2,6,2,3,Départementale,90.0,2
202400023350,2024-03-08,après-midi,,,01,01249,1,1,2,4,6,Autre,50.0,1
202400023351,2024-03-06,après-midi,,,69,69148,1,1,1,4,3,Départementale,80.0,1
202400023352,2024-03-08,soirée,,,76,76503,2,1,3,3,3,Départementale,,1
202400023353,2024-03-09,soirée,,,60,60446,3,2,1,4,2,Nationale,110.0,2
202400023354,2024-03-08,après-midi,,,59,59400,1,1,3,4,3,Départementale,50.0,1
202400023355,2024-12-20,matin,,,27,27681,1,1,1,4,4,Voie communale,30.0,1
202400023356,2024-03-07,soirée,,,13,13005,5,1,2,3,1,Autoroute,90.0,1
202400023357,2024-12-19,après-midi,,,27,27229,1,2,3,4,3,Départementale,50.0,2
202400023358,2024-03-07,après-midi,,,13,13071,1,1,2,4,1,Autoroute,90.0,1
202400023359,2024-03-08,soirée,,,33,33003,3,1,6,4,1,Autoroute,130.0,2
202400023360,2024-03-08,soirée,,,33,33013,2,2,4,4,2,Nationale,90.0,2
202400023361,2024-12-20,nuit,,,22,22113,4,2,6,4,3,Départementale,70.0,2
202400023362,2024-03-08,matin,,,33,33550,1,2,5,4,1,Autoroute,90.0,2
202400023363,2024-12-20,après-midi,,,16,16015,1,1,6,3,3,Départementale,30.0,1
202400023364,2024-03-07,soirée,,,33,33075,3,1,2,4,1,Autoroute,90.0,1
202400023365,2024-12-20,nuit,,,13,13039,5,1,3,4,4,Voie communale,50.0,1
202400023366,2024-03-08,soirée,,,91,91553,3,1,2,4,2,Nationale,90.0,1
202400023367,2024-12-20,soirée,,,13,13209,5,1,6,2,4,Voie communale,50.0,1
202400023368,2024-03-08,soirée,,,94,94043,3,1,2,4,1,Autoroute,70.0,1
202400023369,2024-03-08,matin,,,91,91339,3,1,6,4,2,Nationale,110.0,1
202400023370,2024-12-20,après-midi,,,13,13203,1,1,3,4,4,Voie communale,50.0,1
202400023371,2024-03-08,nuit,,,92,92060,3,1,6,3,2,Nationale,110.0,1
202400023372,2024-12-20,matin,,,13,13209,1,6,6,4,7,Autre,50.0,1
202400023373,2024-03-08,soirée,,,92,92036,2,1,5,4,1,Autoroute,90.0,1
202400023374,2024-03-08,matin,,,92,92025,1,1,2,4,1,Autoroute,90.0,1
202400023375,2024-12-20,matin,,,13,13201,5,6,3,3,4,Voie communale,50.0,1
202400023376,2024-03-07,nuit,,,91,91064,3,1,2,4,2,Nationale,90.0,1
202400023377,2024-12-19,nuit,,,13,13204,5,6,3,4,4,Voie communale,50.0,1
202400023378,2024-03-07,matin,,,78,78646,1,1,2,4,2,Nationale,90.0,1
202400023379,2024-12-19,après-midi,,,10,10387,2,2,3,4,6,Autre,30.0,2
202400023380,2024-03-07,matin,,,92,92050,2,1,2,4,1,Autoroute,70.0,1
202400023381,2024-12-19,matin,,,10,10081,5,2,3,4,4,Voie communale,50.0,2
202400023382,2024-03-08,matin,,,93,93008,1,1,2,3,1,Autoroute,90.0,1
202400023383,2024-03-08,soirée,,,77,77018,3,1,2,4,1,Autoroute,130.0,1
202400023384,2024-12-20,après-midi,,,06,06029,1,1,6,3,4,Voie communale,30.0,1
202400023385,2024-03-06,après-midi,,,974,97409,1,8,6,3,2,Nationale,90.0,2
202400023386,2024-12-20,matin,,,06,06123,2,1,3,4,4,Voie communale,50.0,1
202400023387,2024-12-20,après-midi,,,03,03185,1,1,3,3,3,Départementale,50.0,1
202400023388,2024-03-07,après-midi,,,973,97302,1,1,3,4,3,Départementale,50.0,1
202400023389,2024-03-07,matin,,,973,97302,1,1,6,4,3,Départementale,50.0,1
202400023390,2024-12-20,après-midi,,,75,75105,5,1,6,4,4,Voie communale,30.0,1
202400023391,2024-03-07,après-midi,,,69,69386,1,1,6,4,4,Voie communale,30.0,1
202400023392,2024-12-20,après-midi,,,75,75105,2,1,3,4,4,Voie communale,30.0,1
202400023393,2024-03-07,soirée,,,69,69389,5,1,3,4,4,Voie communale,,1
202400023394,2024-12-20,nuit,,,75,75116,5,1,1,4,4,Voie communale,50.0,1
202400023395,2024-03-07,matin,,,69,69389,1,1,3,4,4,Voie communale,30.0,1
202400023396,2024-12-19,matin,,,75,75114,4,8,3,4,4,Voie communale,50.0,2
202400023397,2024-03-07,soirée,,,2B,2B033,5,1,6,4,2,Nationale,50.0,1
202400023398,2024-02-18,nuit,,,971,97113,5,1,1,4,3,Départementale,70.0,1
202400023399,2024-12-20,matin,,,75,75106,1,1,6,4,4,Voie communale,30.0,1
202400023400,2024-03-07,après-midi,,,2A,2A004,1,1,3,4,2,Nationale,,1
202400023401,2024-12-20,après-midi,,,75,75111,1,1,6,4,4,Voie communale,30.0,1
202400023402,2024-03-07,après-midi,,,2A,2A004,1,1,6,4,2,Nationale,50.0,1
202400023403,2024-12-20,matin,,,75,75117,5,1,2,4,4,Voie communale,50.0,1
202400023404,2024-03-06,après-midi,,,95,95277,1,1,2,4,3,Départementale,50.0,1
202400023405,2024-12-20,matin,,,75,75102,1,1,3,4,4,Voie communale,30.0,1
202400023406,2024-03-07,soirée,,,95,95252,5,1,6,3,3,Départementale,50.0,1
202400023407,2024-12-20,nuit,,,94,94081,2,5,6,4,4,Voie communale,50.0,2
202400023408,2024-03-07,après-midi,,,95,95598,1,1,4,4,3,Départementale,50.0,1
202400023409,2024-12-20,après-midi,,,94,94080,1,1,3,4,3,Départementale,30.0,1
202400023410,2024-03-07,matin,,,91,91103,1,1,3,4,3,Départementale,50.0,1
202400023411,2024-12-19,après-midi,,,94,94068,2,1,6,4,4,Voie communale,30.0,1
202400023412,2024-03-07,nuit,,,91,91161,5,1,3,3,3,Départementale,50.0,1
202400023413,2024-12-19,soirée,,,94,94028,5,1,3,4,4,Voie communale,50.0,1
202400023414,2024-03-07,après-midi,,,91,91027,1,1,1,4,3,Départementale,50.0,1
202400023415,2024-12-20,matin,,,94,94073,2,1,2,4,3,Départementale,50.0,1
202400023416,2024-03-07,après-midi,,,91,91027,1,1,6,4,3,Départementale,50.0,1
202400023417,2024-12-19,après-midi,,,94,94018,1,4,3,4,4,Voie communale,50.0,2
202400023418,2024-02-18,soirée,,,91,91027,5,2,4,4,4,Voie communale,30.0,2
202400023419,2024-12-20,après-midi,,,93,93073,1,1,3,4,4,Voie communale,50.0,1
202400023420,2024-03-07,matin,,,90,90010,1,1,6,4,4,Voie communale,50.0,1
202400023421,2024-12-20,soirée,,,93,93055,3,2,3,4,3,Départementale,30.0,2
202400023422,2024-03-07,matin,,,85,85191,1,1,3,4,3,Départementale,50.0,1
202400023423,2024-12-19,nuit,,,93,93048,5,1,1,4,3,Départementale,50.0,1
202400023424,2024-12-20,matin,,,93,93063,2,1,6,4,4,Voie communale,30.0,1
202400023425,2024-12-20,matin,,,93,93029,1,1,3,4,3,Départementale,30.0,1
202400023426,2024-02-26,soirée,,,84,84007,5,1,4,4,4,Voie communale,50.0,1
202400023427,2024-12-20,matin,,,93,93047,1,1,2,4,4,Voie communale,50.0,1
202400023428,2024-12-20,soirée,,,92,92063,5,1,2,4,3,Départementale,50.0,1
202400023429,2024-12-20,matin,,,92,92063,1,8,3,4,3,Départementale,50.0,1
202400023430,2024-12-20,matin,,,92,92063,1,1,6,4,4,Voie communale,30.0,1
202400023431,2024-12-20,matin,,,92,92063,2,1,6,4,4,Voie communale,50.0,1
202400023432,2024-12-20,matin,,,92,92062,1,1,2,4,3,Départementale,50.0,1
202400023433,2024-12-16,matin,,,92,92048,3,2,6,4,3,Départementale,50.0,2
202400023434,2024-12-20,après-midi,,,92,92025,1,1,6,4,3,Départementale,50.0,1
202400023435,2024-12-20,soirée,,,92,92007,2,1,2,4,4,Voie communale,50.0,1
202400023436,2024-12-20,après-midi,,,92,92007,1,1,3,4,3,Départementale,50.0,1
202400023437,2024-12-19,matin,,,11,11059,1,8,7,3,3,Départementale,80.0,2
202400023438,2024-12-20,matin,,,80,80016,2,1,6,3,4,Voie communale,,1
202400023439,2024-12-20,après-midi,,,81,81271,1,1,3,3,4,Voie communale,50.0,1
202400023440,2024-12-21,après-midi,,,87,87178,1,1,6,3,3,Départementale,80.0,2
202400023441,2024-12-20,après-midi,,,73,73085,3,1,1,4,3,Départementale,50.0,1
202400023442,2024-12-20,après-midi,,,40,40065,1,1,3,3,4,Voie communale,50.0,1
202400023443,2024-12-21,soirée,,,06,06161,5,1,6,4,3,Départementale,50.0,1
202400023444,2024-12-20,nuit,,,972,97221,3,2,6,3,2,Nationale,70.0,2
202400023445,2024-12-21,matin,,,57,57731,2,3,1,4,3,Départementale,80.0,2