Num_Acc,date,time_of_day,lat,long,dep,com,lum,atm,col,severity_index,catr,catr_label,vma,surf
202400023446,2024-12-18,matin,,,57,57195,1,1,7,3,3,Départementale,80.0,1
202400023447,2024-12-20,après-midi,,,51,51118,3,1,2,4,3,Départementale,,1
202400023448,2024-12-21,matin,,,51,51281,1,8,1,4,3,Départementale,50.0,2
202400023449,2024-12-20,soirée,,,56,56165,5,1,1,4,3,Départementale,50.0,1
202400023450,2024-12-20,soirée,,,76,76128,3,2,5,4,3,Départementale,70.0,2
202400023451,2024-12-20,soirée,,,76,76377,5,2,6,4,7,Autre,50.0,2
202400023452,2024-12-18,après-midi,,,76,76517,5,1,3,4,3,Départementale,,2
202400023453,2024-12-16,après-midi,,,79,79079,3,1,3,3,3,Départementale,90.0,1
202400023454,2024-12-20,après-midi,,,82,82117,1,7,6,2,6,Autre,,1
202400023455,2024-12-20,après-midi,,,11,11401,1,1,6,3,4,Voie communale,50.0,1
202400023456,2024-12-20,matin,,,63,63172,1,8,1,4,3,Départementale,90.0,2
202400023457,2024-12-20,soirée,,,63,63178,5,1,2,4,3,Départementale,,1
202400023458,2024-12-21,matin,,,55,55500,1,1,7,3,3,Départementale,90.0,6
202400023459,2024-12-08,après-midi,,,46,46208,2,2,6,3,3,Départementale,80.0,2
202400023460,2024-12-20,matin,,,46,46046,1,1,3,3,3,Départementale,80.0,7
202400023461,2024-12-20,soirée,,,47,47252,3,1,2,4,3,Départementale,80.0,1
202400023462,2024-12-20,matin,,,29,29189,1,8,5,4,2,Nationale,50.0,1
202400023463,2024-12-21,nuit,,,25,25519,3,1,1,4,3,Départementale,90.0,2
202400023464,2024-11-25,soirée,,,44,44036,5,2,7,3,4,Voie communale,50.0,2
202400023465,2024-12-21,matin,,,29,29037,3,9,6,4,3,Départementale,110.0,2
202400023466,2024-12-20,soirée,,,38,38517,3,1,5,3,3,Départementale,50.0,2
202400023467,2024-12-14,matin,,,02,02141,1,2,3,4,3,Départementale,80.0,2
202400023468,2024-12-20,matin,,,58,58296,2,1,1,2,2,Nationale,70.0,1
202400023469,2024-12-20,après-midi,,,72,72228,1,1,1,4,3,Départementale,80.0,1
202400023470,2024-12-20,soirée,,,06,06105,5,1,4,4,3,Départementale,70.0,1
202400023471,2024-12-21,nuit,,,73,73300,3,1,6,3,3,Départementale,70.0,1
202400023472,2024-12-20,nuit,,,53,53087,4,2,3,3,3,Départementale,80.0,2
202400023473,2024-12-21,nuit,,,24,24180,3,5,6,4,4,Voie communale,80.0,2
202400023474,2024-12-16,après-midi,,,27,27226,5,2,6,4,3,Départementale,50.0,2
202400023475,2024-12-20,après-midi,,,17,17048,1,1,7,3,3,Départementale,80.0,1
202400023476,2024-12-21,après-midi,,,48,48132,1,8,1,4,3,Départementale,90.0,2
202400023477,2024-12-20,après-midi,,,48,48002,1,8,6,3,3,Départementale,90.0,5
202400023478,2024-12-21,nuit,,,987,98752,5,1,1,2,2,Nationale,60.0,1
202400023479,2024-12-21,nuit,,,77,77195,3,2,2,2,1,Autoroute,130.0,2
202400023480,2024-12-20,après-midi,,,63,63113,3,8,2,4,1,Autoroute,110.0,1
202400023481,2024-12-20,soirée,,,13,13069,3,1,3,4,3,Départementale,80.0,1
202400023482,2024-12-09,après-midi,,,01,01451,1,8,2,4,1,Autoroute,130.0,1
202400023483,2024-12-21,après-midi,,,973,97309,1,1,1,4,3,Départementale,50.0,1
202400023484,2024-12-20,soirée,,,38,38253,3,1,6,3,3,Départementale,70.0,1
202400023485,2024-12-20,après-midi,,,06,06027,1,1,6,4,1,Autoroute,110.0,1
202400023486,2024-12-17,soirée,,,67,67506,3,1,2,4,1,Autoroute,110.0,1
202400023487,2024-04-15,après-midi,,,83,83023,1,1,1,4,3,Départementale,,1
202400023488,2024-04-08,matin,,,13,13015,1,1,2,3,3,Départementale,50.0,1
202400023489,2024-12-21,matin,,,84,84091,1,1,4,4,1,Autoroute,,1
202400023490,2024-04-13,après-midi,,,70,70279,1,1,6,4,4,Voie communale,50.0,1
202400023491,2024-12-21,soirée,,,988,98827,3,1,7,2,2,Nationale,70.0,2
202400023492,2024-12-20,nuit,,,29,29230,3,5,6,2,3,Départementale,80.0,2
202400023493,2024-12-21,nuit,,,45,45096,4,2,6,3,3,Départementale,50.0,2
202400023494,2024-04-16,nuit,,,21,21390,3,2,6,4,4,Voie communale,30.0,2
202400023495,2024-12-20,soirée,,,66,66165,3,1,3,4,3,Départementale,70.0,1
202400023496,2024-12-21,après-midi,,,30,30132,1,1,1,4,3,Départementale,50.0,1
202400023497,2024-04-14,soirée,,,68,68255,1,1,3,4,3,Départementale,,1
202400023498,2024-12-20,soirée,,,89,89438,3,1,1,4,3,Départementale,80.0,1
202400023499,2024-12-21,nuit,,,68,68063,3,1,6,3,3,Départementale,50.0,1
202400023500,2024-12-20,après-midi,,,73,73187,3,1,1,3,2,Nationale,90.0,1
202400023501,2024-12-19,nuit,,,42,42168,3,3,6,4,3,Départementale,90.0,2
202400023502,2024-12-21,nuit,,,42,42046,3,1,6,4,4,Voie communale,50.0,1
202400023503,2024-04-15,matin,,,38,38565,1,1,3,3,3,Départementale,70.0,1
202400023504,2024-12-21,nuit,,,38,38215,3,1,6,3,4,Voie communale,80.0,1
202400023505,2024-04-15,matin,,,29,29237,1,2,3,4,3,Départementale,50.0,2
202400023506,2024-12-13,après-midi,,,38,38545,3,1,6,3,4,Voie communale,50.0,1
202400023507,2024-04-15,soirée,,,60,60103,2,1,4,4,2,Nationale,110.0,2
202400023508,2024-12-18,après-midi,,,26,26313,4,1,7,3,2,Nationale,110.0,1
202400023509,2024-03-28,après-midi,,,69,69290,1,1,3,4,2,Nationale,90.0,1
202400023510,2024-04-15,soirée,,,95,95582,2,1,6,4,1,Autoroute,70.0,1
202400023511,2024-12-20,soirée,,,26,26173,3,1,3,4,3,Départementale,80.0,1
202400023512,2024-04-15,matin,,,93,93078,1,1,5,4,1,Autoroute,110.0,1
202400023513,2024-12-21,après-midi,,,01,01249,1,1,6,2,4,Voie communale,30.0,1
202400023514,2024-04-15,nuit,,,93,93078,3,1,6,4,1,Autoroute,70.0,1
202400023515,2024-12-20,soirée,,,69,69191,5,1,3,3,4,Voie communale,50.0,1
202400023516,2024-04-14,soirée,,,92,92036,1,1,3,4,1,Autoroute,70.0,1
202400023517,2024-12-20,après-midi,,,69,69089,5,1,5,4,4,Voie communale,30.0,1
202400023518,2024-04-14,soirée,,,77,77237,3,1,2,4,1,Autoroute,130.0,1
202400023519,2024-12-21,nuit,,,81,81038,3,1,6,3,3,Départementale,80.0,2
202400023520,2024-12-20,soirée,,,17,17083,3,2,7,3,3,Départementale,50.0,2
202400023521,2024-12-20,après-midi,,,44,44210,2,1,3,4,4,Voie communale,30.0,1
202400023522,2024-01-21,soirée,,,74,74010,5,1,5,4,4,Voie communale,50.0,1
202400023523,2024-12-21,après-midi,,,29,29042,2,2,3,2,3,Départementale,80.0,2
202400023524,2024-01-14,soirée,,,50,50188,5,1,6,4,3,Départementale,50.0,1
202400023525,2024-12-20,après-midi,,,59,59237,1,1,7,4,4,Voie communale,80.0,2
202400023526,2024-01-27,nuit,,,57,57413,3,1,6,3,3,Départementale,110.0,7
202400023527,2024-12-19,après-midi,,,13,13215,1,1,2,4,1,Autoroute,90.0,1
202400023528,2024-01-22,soirée,,,57,57047,3,2,6,4,4,Voie communale,50.0,2
202400023529,2024-04-14,matin,,,973,97302,2,2,6,4,4,Voie communale,50.0,2
202400023530,2024-12-19,matin,,,13,13005,2,1,2,4,1,Autoroute,90.0,1
202400023531,2024-04-14,soirée,,,69,69383,5,1,3,4,4,Voie communale,50.0,1
202400023532,2024-12-15,nuit,,,13,13213,5,1,2,4,1,Autoroute,70.0,1
202400023533,2024-04-14,après-midi,,,69,69386,1,7,3,4,4,Voie communale,30.0,1
202400023534,2024-12-20,nuit,,,69,69266,3,1,2,4,7,Autre,70.0,1
202400023535,2024-04-14,nuit,,,972,97209,1,1,7,4,4,Voie communale,50.0,1
202400023536,2024-12-19,nuit,,,69,69081,3,3,2,4,7,Autre,70.0,2
202400023537,2024-04-14,soirée,,,69,69389,5,1,1,4,4,Voie communale,30.0,1
202400023538,2024-12-20,après-midi,,,33,33122,1,1,4,4,1,Autoroute,110.0,1
202400023539,2024-04-12,matin,,,69,69385,1,1,3,4,4,Voie communale,30.0,1
202400023540,2024-12-20,matin,,,92,92019,2,1,2,4,2,Nationale,90.0,1
202400023541,2024-04-14,après-midi,,,2B,2B120,1,1,2,4,2,Nationale,50.0,1
202400023542,2024-12-20,matin,,,78,78431,1,1,4,4,1,Autoroute,130.0,1
202400023543,2024-12-20,matin,,,78,78431,1,1,6,4,1,Autoroute,130.0,1
202400023544,2024-04-13,après-midi,,,2A,2A004,1,1,1,3,3,Départementale,50.0,1
202400023545,2024-12-20,nuit,,,92,92036,3,1,6,4,1,Autoroute,90.0,1
202400023546,2024-04-14,après-midi,,,95,95680,1,1,6,3,3,Départementale,50.0,1
202400023547,2024-12-19,soirée,,,92,92036,3,1,3,4,2,Nationale,70.0,2
202400023548,2024-04-14,matin,,,95,95074,1,1,2,4,3,Départementale,50.0,1
202400023549,2024-12-19,après-midi,,,78,78402,2,8,2,4,1,Autoroute,130.0,2
202400023550,2024-09-05,après-midi,,,93,93006,1,2,3,4,3,Départementale,30.0,2
202400023551,2024-04-14,après-midi,,,91,91645,1,1,2,4,4,Voie communale,50.0,1
202400023552,2024-12-19,matin,,,78,78238,2,2,2,4,1,Autoroute,130.0,2
202400023553,2024-04-14,après-midi,,,85,85194,1,1,7,4,3,Départementale,110.0,1
202400023554,2024-09-05,matin,,,93,93029,1,2,2,4,4,Voie communale,,2
202400023555,2024-12-19,matin,,,78,78238,1,2,4,4,1,Autoroute,130.0,2
202400023556,2024-04-14,après-midi,,,84,84007,1,1,3,3,4,Voie communale,50.0,1
202400023557,2024-11-19,nuit,,,92,92062,5,1,6,4,2,Nationale,70.0,1
202400023558,2024-04-14,matin,,,83,83137,1,1,3,4,3,Départementale,50.0,1
202400023559,2024-11-18,soirée,,,92,92072,3,2,6,4,2,Nationale,70.0,2
202400023560,2024-09-05,soirée,,,93,93008,1,2,3,4,3,Départementale,50.0,2
202400023561,2024-04-14,après-midi,,,79,79191,1,1,1,3,4,Voie communale,80.0,1
202400023562,2024-11-18,soirée,,,92,92064,3,3,2,4,1,Autoroute,90.0,2
202400023563,2024-09-05,matin,,,93,93008,1,2,3,4,4,Voie communale,50.0,2
202400023564,2024-12-20,après-midi,,,93,93027,1,1,3,4,1,Autoroute,110.0,1
202400023565,2024-12-20,après-midi,,,93,93064,1,1,3,4,1,Autoroute,90.0,1
202400023566,2024-09-05,soirée,,,93,93001,1,1,3,4,3,Départementale,50.0,1
202400023567,2024-09-05,nuit,,,92,92064,5,1,6,4,3,Départementale,50.0,1
202400023568,2024-12-20,après-midi,,,93,93053,2,1,2,4,1,Autoroute,90.0,1
202400023569,2024-04-14,après-midi,,,73,73029,1,1,3,4,4,Voie communale,50.0,1
202400023570,2024-08-17,nuit,,,92,92063,5,1,6,4,4,Voie communale,50.0,1
202400023571,2024-04-14,après-midi,,,73,73065,1,1,6,3,4,Voie communale,50.0,1
202400023572,2024-12-20,matin,,,93,93066,1,1,4,4,1,Autoroute,50.0,1
202400023573,2024-04-13,après-midi,,,73,73137,1,1,3,4,4,Voie communale,50.0,1
202400023574,2024-09-05,après-midi,,,92,92025,1,1,3,4,4,Voie communale,30.0,2
202400023575,2024-12-20,matin,,,95,95365,2,1,7,4,2,Nationale,50.0,7
202400023576,2024-04-14,nuit,,,73,73065,3,1,6,4,4,Voie communale,30.0,1
202400023577,2024-08-20,nuit,,,13,13208,5,1,2,4,4,Voie communale,50.0,1
202400023578,2024-09-05,matin,,,92,92004,1,2,3,4,3,Départementale,50.0,2
202400023579,2024-08-07,après-midi,,,13,13104,1,1,3,4,3,Départementale,,1
202400023580,2024-04-14,soirée,,,73,73011,5,1,3,4,4,Voie communale,50.0,1
202400023581,2024-12-19,soirée,,,988,98818,5,1,6,4,4,Voie communale,30.0,1
202400023582,2024-04-14,soirée,,,73,73011,5,1,6,4,6,Autre,30.0,1
202400023583,2024-09-05,matin,,,80,80627,1,8,4,4,3,Départementale,80.0,2
202400023584,2024-12-18,nuit,,,987,98735,5,1,6,3,2,Nationale,30.0,1
202400023585,2024-09-01,soirée,,,17,17230,1,1,7,3,3,Départementale,80.0,1
202400023586,2024-04-13,après-midi,,,70,70388,1,1,3,3,3,Départementale,,1
202400023587,2024-12-19,soirée,,,974,97416,2,1,2,3,2,Nationale,80.0,1
202400023588,2024-09-06,nuit,,,31,31269,5,1,6,2,3,Départementale,50.0,1
202400023589,2024-09-06,après-midi,,,974,97422,1,1,6,3,6,Autre,50.0,1
202400023590,2024-12-18,après-midi,,,974,97416,1,1,4,4,2,Nationale,110.0,1
202400023591,2024-04-14,soirée,,,69,69256,1,1,6,4,4,Voie communale,50.0,1
202400023592,2024-09-06,après-midi,,,50,50487,1,1,6,3,1,Autoroute,110.0,1
202400023593,2024-12-19,soirée,,,974,97409,3,1,4,4,3,Départementale,50.0,1
202400023594,2024-04-14,après-midi,,,67,67482,1,7,3,4,4,Voie communale,50.0,1
202400023595,2024-12-19,soirée,,,974,97407,1,1,5,4,2,Nationale,110.0,1
202400023596,2024-04-13,après-midi,,,64,64335,1,1,3,4,4,Voie communale,50.0,1
202400023597,2024-09-06,nuit,,,83,83067,3,1,7,4,3,Départementale,70.0,1
202400023598,2024-04-13,après-midi,,,64,64024,1,1,7,4,3,Départementale,30.0,1
202400023599,2024-12-19,matin,,,973,97302,1,1,6,4,4,Voie communale,50.0,1
202400023600,2024-08-27,soirée,,,51,51115,1,1,3,3,4,Voie communale,80.0,1
202400023601,2024-12-09,après-midi,,,973,97302,1,2,7,4,4,Voie communale,50.0,2
202400023602,2024-01-26,matin,,,67,67222,1,2,3,4,3,Départementale,80.0,2
202400023603,2024-04-14,nuit,,,63,63014,5,1,6,4,4,Voie communale,50.0,1
202400023604,2024-09-06,nuit,,,76,76755,4,1,6,3,3,Départementale,50.0,1
202400023605,2024-12-19,matin,,,972,97213,1,1,2,4,1,Autoroute,90.0,1
202400023606,2024-04-14,après-midi,,,63,63113,1,1,1,4,4,Voie communale,50.0,1
202400023607,2024-01-27,après-midi,,,42,42338,1,1,3,3,3,Départementale,70.0,1
202400023608,2024-09-04,soirée,,,33,33036,1,1,1,3,2,Nationale,80.0,1
202400023609,2024-12-18,après-midi,,,972,97209,1,1,3,4,2,Nationale,70.0,1
202400023610,2024-04-13,nuit,,,62,62041,5,1,3,4,4,Voie communale,50.0,1
202400023611,2024-09-06,soirée,,,63,63187,1,1,7,4,3,Départementale,90.0,1
202400023612,2024-01-26,soirée,,,28,28104,3,1,6,3,3,Départementale,80.0,1
202400023613,2024-09-03,matin,,,63,63022,1,1,7,3,3,Départementale,90.0,1
202400023614,2024-04-13,après-midi,,,59,59343,1,1,2,4,4,Voie communale,50.0,1
202400023615,2024-12-16,nuit,,,972,97209,5,1,6,3,3,Départementale,60.0,1
202400023616,2024-01-25,après-midi,,,33,33036,2,7,1,3,4,Voie communale,50.0,1
202400023617,2024-12-19,soirée,,,69,69382,5,9,6,4,4,Voie communale,30.0,2
202400023618,2024-09-05,après-midi,,,12,12090,1,1,6,4,3,Départementale,90.0,1
202400023619,2024-04-13,après-midi,,,59,59360,1,1,3,4,4,Voie communale,50.0,1
202400023620,2024-09-05,matin,,,22,22271,1,1,7,4,3,Départementale,80.0,1
202400023621,2024-12-19,après-midi,,,69,69384,5,2,6,4,4,Voie communale,30.0,2
202400023622,2024-01-26,nuit,,,32,32448,3,1,1,4,3,Départementale,80.0,1
202400023623,2024-04-14,nuit,,,59,59527,5,1,2,4,7,Autre,50.0,1
202400023624,2024-09-06,matin,,,29,29274,2,1,6,3,4,Voie communale,80.0,1
202400023625,2024-12-19,après-midi,,,69,69384,1,3,3,4,4,Voie communale,50.0,2
202400023626,2024-01-26,après-midi,,,89,89345,1,2,1,4,3,Départementale,90.0,2
202400023627,2024-04-14,après-midi,,,57,57660,1,1,3,3,3,Départementale,50.0,1
202400023628,2024-09-04,soirée,,,29,29199,1,1,1,4,3,Départementale,80.0,1
202400023629,2024-12-19,matin,,,69,69034,5,2,6,4,4,Voie communale,50.0,2
202400023630,2024-04-13,après-midi,,,56,56260,1,1,7,2,2,Nationale,80.0,1
202400023631,2024-01-26,soirée,,,61,61464,1,1,5,3,3,Départementale,50.0,1
202400023632,2024-09-05,matin,,,38,38048,1,2,1,4,3,Départementale,80.0,2
202400023633,2024-12-18,après-midi,,,69,69034,3,1,2,4,4,Voie communale,50.0,1
202400023634,2024-04-14,après-midi,,,54,54357,1,1,2,4,4,Voie communale,50.0,1
202400023635,2024-12-18,nuit,,,69,69389,5,1,6,3,7,Autre,30.0,1
202400023636,2024-09-05,après-midi,,,03,03082,1,1,2,3,3,Départementale,50.0,1
202400023637,2024-04-13,matin,,,47,47323,1,1,6,3,4,Voie communale,50.0,1
202400023638,2024-01-26,soirée,,,55,55527,5,1,3,4,4,Voie communale,50.0,1
202400023639,2024-12-19,après-midi,,,2A,2A004,1,1,3,4,4,Voie communale,50.0,1
202400023640,2024-09-06,matin,,,58,58123,2,5,3,3,3,Départementale,80.0,1
202400023641,2024-04-13,soirée,,,45,45208,5,1,3,4,4,Voie communale,50.0,1
202400023642,2024-01-27,soirée,,,49,49086,3,1,3,3,3,Départementale,,1
202400023643,2024-12-19,matin,,,95,95127,5,3,6,4,4,Voie communale,50.0,2
202400023644,2024-09-05,soirée,,,50,50311,2,7,2,3,3,Départementale,80.0,1
202400023645,2024-01-27,après-midi,,,44,44102,1,1,3,4,3,Départementale,50.0,1
202400023646,2024-04-14,après-midi,,,44,44184,1,1,3,4,4,Voie communale,50.0,1
202400023647,2024-12-19,après-midi,,,91,91691,1,2,3,4,4,Voie communale,30.0,2
202400023648,2024-01-27,soirée,,,29,29106,3,1,3,3,3,Départementale,80.0,1
202400023649,2024-09-06,après-midi,,,50,50410,1,1,3,4,2,Nationale,110.0,1
202400023650,2024-04-14,soirée,,,44,44109,1,1,1,4,4,Voie communale,50.0,1
202400023651,2024-12-19,après-midi,,,91,91657,1,1,4,4,3,Départementale,20.0,1
202400023652,2024-01-26,soirée,,,31,31311,5,1,3,2,3,Départementale,80.0,1
202400023653,2024-09-06,après-midi,,,60,60471,1,2,1,4,3,Départementale,80.0,2
202400023654,2024-04-14,après-midi,,,43,43157,1,1,3,4,3,Départementale,50.0,1
202400023655,2024-12-18,soirée,,,91,91286,5,2,6,4,4,Voie communale,50.0,2
202400023656,2024-01-26,après-midi,,,84,84082,1,1,7,2,3,Départementale,80.0,1
202400023657,2024-12-14,après-midi,,,87,87085,1,1,7,4,4,Voie communale,50.0,1
202400023658,2024-04-12,après-midi,,,42,42187,1,7,6,3,4,Voie communale,,1
202400023659,2024-08-30,après-midi,,,45,45130,1,1,3,3,3,Départementale,50.0,1
202400023660,2024-04-14,soirée,,,38,38185,2,1,3,3,4,Voie communale,50.0,1
202400023661,2024-09-06,matin,,,07,07300,1,1,6,4,3,Départementale,90.0,1
202400023662,2024-01-26,soirée,,,03,03108,3,2,7,4,3,Départementale,90.0,2
202400023663,2024-12-19,nuit,,,83,83137,5,1,3,3,4,Voie communale,50.0,1
202400023664,2024-04-14,nuit,,,38,38151,5,1,6,4,4,Voie communale,50.0,1
202400023665,2024-04-14,après-midi,,,35,35115,1,1,7,3,4,Voie communale,50.0,1
202400023666,2024-01-26,après-midi,,,70,70031,1,3,1,3,3,Départementale,80.0,2
202400023667,2024-09-06,après-midi,,,21,21682,1,1,3,3,3,Départementale,80.0,1
202400023668,2024-12-19,après-midi,,,83,83069,5,8,3,4,4,Voie communale,50.0,1
202400023669,2024-04-13,après-midi,,,34,34108,1,7,6,3,4,Voie communale,50.0,1
202400023670,2024-01-27,matin,,,70,70121,2,8,6,4,3,Départementale,50.0,2
202400023671,2024-09-05,soirée,,,85,85026,1,2,6,3,3,Départementale,80.0,2
202400023672,2024-04-14,matin,,,31,31555,1,1,6,3,7,Autre,50.0,1
202400023673,2024-12-19,après-midi,,,82,82121,1,1,3,3,4,Voie communale,50.0,1
202400023674,2024-04-14,soirée,,,30,30007,1,1,7,4,4,Voie communale,50.0,1
202400023675,2024-06-04,soirée,,,27,27105,1,1,1,3,3,Départementale,,1
202400023676,2024-12-19,matin,,,81,81065,1,1,6,2,3,Départementale,50.0,1
202400023677,2024-01-26,soirée,,,58,58095,2,1,5,4,6,Autre,30.0,1
202400023678,2024-12-19,matin,,,77,77379,1,2,3,3,6,Autre,30.0,2
202400023679,2024-04-13,après-midi,,,27,27681,1,1,6,4,6,Autre,30.0,1
202400023680,2024-08-29,après-midi,,,27,27284,1,8,3,4,6,Autre,50.0,1
202400023681,2024-12-18,soirée,,,77,77373,5,2,3,4,4,Voie communale,30.0,2
202400023682,2024-01-27,après-midi,,,14,14179,1,1,3,4,3,Départementale,70.0,1
202400023683,2024-04-13,après-midi,,,27,27562,1,1,2,4,4,Voie communale,50.0,1
202400023684,2024-09-05,matin,,,27,27286,4,2,7,3,3,Départementale,80.0,2
202400023685,2024-12-19,après-midi,,,77,77279,5,5,3,3,4,Voie communale,50.0,2
202400023686,2024-04-14,après-midi,,,26,26362,1,1,1,4,4,Voie communale,50.0,1
202400023687,2024-12-19,matin,,,77,77284,5,2,3,4,4,Voie communale,50.0,2
202400023688,2024-01-27,après-midi,,,64,64477,1,1,1,4,3,Départementale,80.0,1
202400023689,2024-04-14,soirée,,,25,25056,1,1,3,4,4,Voie communale,50.0,1
202400023690,2024-09-05,nuit,,,37,37139,3,1,2,3,3,Départementale,80.0,2
202400023691,2024-04-13,matin,,,18,18033,1,1,7,3,4,Voie communale,15.0,1
202400023692,2024-01-26,nuit,,,64,64558,3,5,6,3,3,Départementale,80.0,1
202400023693,2024-12-18,matin,,,76,76447,1,1,3,4,4,Voie communale,50.0,1
202400023694,2024-01-27,après-midi,,,10,10051,1,1,7,3,4,Voie communale,80.0,1
202400023695,2024-09-05,après-midi,,,68,68375,1,1,1,4,4,Voie communale,50.0,1
202400023696,2024-04-14,après-midi,,,17,17415,1,1,4,4,2,Nationale,80.0,1
202400023697,2024-04-14,soirée,,,14,14715,1,1,2,4,3,Départementale,50.0,1
202400023698,2024-01-26,après-midi,,,07,07334,1,1,3,3,3,Départementale,50.0,1
202400023699,2024-12-19,soirée,,,73,73222,5,2,6,4,4,Voie communale,50.0,2
202400023700,2024-09-06,après-midi,,,06,06152,1,1,3,3,3,Départementale,70.0,1
202400023701,2024-09-06,après-midi,,,68,68278,1,1,6,2,1,Autoroute,130.0,1
202400023702,2024-12-19,soirée,,,69,69266,5,2,1,4,4,Voie communale,30.0,2
202400023703,2024-04-12,après-midi,,,13,13208,1,1,2,4,4,Voie communale,50.0,1
202400023704,2024-01-27,après-midi,,,07,07132,1,1,3,4,3,Départementale,70.0,1
202400023705,2024-04-13,soirée,,,13,13216,1,1,6,3,4,Voie communale,50.0,1
202400023706,2024-09-05,soirée,,,987,98738,5,1,2,4,2,Nationale,50.0,1
202400023707,2024-12-19,matin,,,69,69264,1,1,6,4,3,Départementale,50.0,1
202400023708,2024-01-19,après-midi,,,17,17394,1,1,3,4,3,Départementale,50.0,1
202400023709,2024-04-13,après-midi,,,13,13028,1,1,3,3,3,Départementale,80.0,1
202400023710,2024-09-06,matin,,,45,45232,1,1,2,3,1,Autoroute,130.0,1
202400023711,2024-12-19,soirée,,,69,69276,3,2,3,4,4,Voie communale,50.0,2
202400023712,2024-01-25,soirée,,,87,87014,3,1,3,3,3,Départementale,80.0,1
202400023713,2024-04-14,matin,,,07,07072,2,1,7,4,3,Départementale,70.0,1
202400023714,2024-09-06,après-midi,,,45,45155,1,1,3,3,4,Voie communale,70.0,1
202400023715,2024-01-26,soirée,,,26,26088,3,1,6,3,1,Autoroute,130.0,1
202400023716,2024-12-19,après-midi,,,69,69259,1,2,6,4,7,Autre,30.0,2
202400023717,2024-04-12,soirée,,,06,06029,2,1,2,3,4,Voie communale,50.0,1
202400023718,2024-09-05,nuit,,,34,34344,5,1,1,3,4,Voie communale,50.0,1
202400023719,2024-04-14,matin,,,06,06029,1,1,3,4,4,Voie communale,50.0,1
202400023720,2024-01-22,soirée,,,38,38193,3,1,3,4,4,Voie communale,20.0,2
202400023721,2024-12-19,matin,,,69,69259,5,2,3,4,4,Voie communale,30.0,2
202400023722,2024-09-06,matin,,,34,34022,1,1,6,4,2,Nationale,50.0,1
202400023723,2024-04-14,matin,,,06,06155,1,1,3,3,4,Voie communale,30.0,1
202400023724,2024-01-27,nuit,,,40,40210,3,5,6,4,1,Autoroute,130.0,1
202400023725,2024-12-19,nuit,,,67,67482,5,1,6,4,4,Voie communale,50.0,2
202400023726,2024-01-27,après-midi,,,13,13069,1,1,3,4,4,Voie communale,50.0,1
202400023727,2024-09-05,après-midi,,,83,83127,1,1,3,3,3,Départementale,70.0,1
202400023728,2024-04-12,matin,,,02,02168,1,1,3,3,4,Voie communale,50.0,1
202400023729,2024-09-01,après-midi,,,83,83023,1,1,6,3,6,Autre,30.0,1
202400023730,2024-01-26,soirée,,,69,69244,5,2,3,4,7,Autre,,2
202400023731,2024-12-19,matin,,,67,67482,1,2,4,4,4,Voie communale,50.0,2
202400023732,2024-12-18,soirée,,,67,67482,5,1,6,4,4,Voie communale,50.0,1
202400023733,2024-09-06,après-midi,,,05,05118,1,1,2,3,4,Voie communale,50.0,1
202400023734,2024-04-14,après-midi,,,75,75118,1,1,4,4,4,Voie communale,70.0,1
202400023735,2024-12-19,nuit,,,66,66136,5,1,6,2,4,Voie communale,50.0,1
202400023736,2024-01-26,soirée,,,63,63193,2,1,4,2,1,Autoroute,80.0,1
202400023737,2024-09-02,soirée,,,13,13109,2,1,3,4,3,Départementale,80.0,9
202400023738,2024-04-12,soirée,,,75,75113,2,1,2,4,4,Voie communale,70.0,1
202400023739,2024-01-26,matin,,,34,34129,1,1,2,3,1,Autoroute,90.0,1
202400023740,2024-09-02,après-midi,,,32,32207,1,1,7,3,3,Départementale,80.0,1
202400023741,2024-04-14,après-midi,,,75,75108,1,1,3,4,4,Voie communale,30.0,1
202400023742,2024-01-26,matin,,,28,28367,1,3,7,3,1,Autoroute,130.0,2
202400023743,2024-12-18,matin,,,66,66136,1,1,3,3,4,Voie communale,30.0,1
202400023744,2024-04-14,matin,,,75,75114,2,1,6,3,4,Voie communale,70.0,1
202400023745,2024-08-25,matin,,,19,19146,1,1,3,3,3,Départementale,70.0,1
202400023746,2024-12-19,après-midi,,,64,64130,1,1,2,4,3,Départementale,50.0,1
202400023747,2024-01-27,après-midi,,,11,11379,1,1,2,4,3,Départementale,80.0,1
202400023748,2024-04-14,matin,,,75,75119,1,1,3,4,4,Voie communale,30.0,1
202400023749,2024-04-14,soirée,,,75,75115,1,1,6,4,4,Voie communale,30.0,1
202400023750,2024-09-04,soirée,,,85,85092,5,1,3,4,4,Voie communale,50.0,1
202400023751,2024-12-14,matin,,,62,62540,2,2,3,3,3,Départementale,90.0,2
202400023752,2024-01-27,matin,,,974,97408,1,1,2,3,4,Voie communale,50.0,1
202400023753,2024-04-14,après-midi,,,75,75112,1,1,6,4,4,Voie communale,30.0,1
202400023754,2024-12-19,après-midi,,,62,62041,5,1,6,4,3,Départementale,50.0,1
202400023755,2024-09-04,après-midi,,,27,27412,1,1,3,3,3,Départementale,80.0,1
202400023756,2024-01-26,matin,,,77,77315,1,2,6,3,4,Voie communale,50.0,2
202400023757,2024-12-19,matin,,,62,62041,1,3,6,4,3,Départementale,50.0,2
202400023758,2024-04-14,soirée,,,75,75120,1,1,3,4,4,Voie communale,30.0,1
202400023759,2024-09-04,nuit,,,13,13214,5,2,7,4,1,Autoroute,70.0,2