Num_Acc,date,time_of_day,lat,long,dep,com,lum,atm,col,severity_index,catr,catr_label,vma,surf
202400023760,2024-01-27,matin,,,2B,2B140,1,1,6,3,3,Départementale,80.0,1
202400023761,2024-12-12,après-midi,,,61,61169,1,1,6,2,3,Départementale,50.0,1
202400023762,2024-04-14,matin,,,75,75118,1,1,3,4,4,Voie communale,30.0,1
202400023763,2024-01-27,matin,,,13,13081,1,7,3,2,4,Voie communale,50.0,1
202400023764,2024-09-05,après-midi,,,13,13214,1,1,7,4,1,Autoroute,70.0,8
202400023765,2024-12-19,matin,,,61,61001,2,2,3,4,3,Départementale,50.0,2
202400023766,2024-04-14,après-midi,,,75,75110,1,1,6,4,4,Voie communale,30.0,1
202400023767,2024-01-26,après-midi,,,13,13014,1,1,1,4,3,Départementale,,1
202400023768,2024-12-16,matin,,,60,60159,2,1,6,4,4,Voie communale,50.0,1
202400023769,2024-09-05,matin,,,13,13215,1,1,4,4,1,Autoroute,90.0,1
202400023770,2024-04-13,nuit,,,75,75110,5,1,3,4,4,Voie communale,30.0,1
202400023771,2024-12-18,matin,,,59,59599,1,1,6,2,7,Autre,20.0,1
202400023772,2024-01-26,après-midi,,,13,13100,1,1,3,3,3,Départementale,80.0,1
202400023773,2024-09-04,matin,,,13,13071,1,2,2,4,1,Autoroute,90.0,2
202400023774,2024-04-13,après-midi,,,75,75110,1,1,2,4,4,Voie communale,30.0,1
202400023775,2024-09-05,soirée,,,69,69290,2,1,2,4,1,Autoroute,90.0,1
202400023776,2024-12-19,nuit,,,59,59650,5,1,1,4,7,Autre,50.0,2
202400023777,2024-01-27,matin,,,03,03201,3,5,7,4,3,Départementale,90.0,2
202400023778,2024-04-14,matin,,,75,75107,1,1,3,4,4,Voie communale,30.0,1
202400023779,2024-11-25,après-midi,,,59,59350,1,2,3,4,4,Voie communale,50.0,2
202400023780,2024-09-05,matin,,,67,67482,1,1,4,4,7,Autre,70.0,1
202400023781,2024-04-14,nuit,,,75,75107,5,1,6,4,4,Voie communale,30.0,1
202400023782,2024-01-27,matin,,,86,86024,1,1,7,2,3,Départementale,50.0,1
202400023783,2024-09-05,matin,,,33,33550,1,1,4,4,1,Autoroute,90.0,1
202400023784,2024-12-19,nuit,,,56,56260,5,8,3,4,4,Voie communale,50.0,1
202400023785,2024-01-26,après-midi,,,72,72154,1,1,3,3,4,Voie communale,50.0,1
202400023786,2024-04-13,après-midi,,,75,75107,1,1,6,4,4,Voie communale,30.0,1
202400023787,2024-09-02,nuit,,,62,62766,3,1,2,4,1,Autoroute,130.0,1
202400023788,2024-09-05,soirée,,,91,91479,5,1,3,4,2,Nationale,70.0,1
202400023789,2024-01-26,après-midi,,,13,13211,1,1,2,4,1,Autoroute,70.0,1
202400023790,2024-04-14,nuit,,,75,75102,5,1,2,4,4,Voie communale,30.0,1
202400023791,2024-09-05,après-midi,,,91,91228,1,2,3,4,2,Nationale,90.0,2
202400023792,2024-01-19,après-midi,,,69,69256,1,1,2,2,2,Nationale,90.0,1
202400023793,2024-04-13,soirée,,,75,75102,1,1,6,4,4,Voie communale,30.0,1
202400023794,2024-01-26,nuit,,,33,33143,3,1,2,4,1,Autoroute,130.0,1
202400023795,2024-09-05,matin,,,91,91136,1,3,2,4,1,Autoroute,70.0,2
202400023796,2024-01-25,soirée,,,33,33013,5,1,2,4,2,Nationale,50.0,1
202400023797,2024-09-05,matin,,,94,94021,2,3,3,4,1,Autoroute,110.0,2
202400023798,2024-04-14,soirée,,,94,94078,1,1,2,4,2,Nationale,50.0,1
202400023799,2024-01-26,après-midi,,,92,92036,1,1,2,4,2,Nationale,70.0,1
202400023800,2024-09-05,matin,,,92,92047,1,2,2,4,1,Autoroute,110.0,2
202400023801,2024-04-14,après-midi,,,94,94065,1,1,6,4,4,Voie communale,50.0,1
202400023802,2024-01-26,matin,,,78,78672,1,8,4,4,1,Autoroute,110.0,2
202400023803,2024-09-05,nuit,,,78,78238,3,3,2,4,1,Autoroute,130.0,2
202400023804,2024-04-14,nuit,,,94,94073,3,1,6,4,5,Autre,10.0,1
202400023805,2024-01-26,matin,,,92,92036,2,1,3,4,2,Nationale,70.0,2
202400023806,2024-09-05,après-midi,,,95,95582,1,2,6,4,3,Départementale,70.0,2
202400023807,2024-04-14,après-midi,,,94,94028,1,1,2,4,3,Départementale,50.0,1
202400023808,2024-01-25,après-midi,,,92,92019,1,1,3,4,2,Nationale,70.0,2
202400023809,2024-01-25,après-midi,,,92,92050,1,1,6,4,1,Autoroute,70.0,1
202400023810,2024-04-14,soirée,,,93,93059,1,1,1,4,3,Départementale,50.0,1
202400023811,2024-09-05,matin,,,93,93027,1,3,5,4,1,Autoroute,90.0,2
202400023812,2024-04-14,soirée,,,93,93050,1,1,1,4,4,Voie communale,50.0,1
202400023813,2024-01-25,soirée,,,95,95277,3,1,4,4,3,Départementale,110.0,2
202400023814,2024-04-14,après-midi,,,92,92050,1,1,6,4,3,Départementale,50.0,1
202400023815,2024-01-26,après-midi,,,94,94081,1,1,2,4,1,Autoroute,50.0,1
202400023816,2024-04-14,après-midi,,,92,92020,1,1,2,4,4,Voie communale,50.0,1
202400023817,2024-09-05,matin,,,93,93001,1,3,5,4,1,Autoroute,90.0,2
202400023818,2024-01-25,soirée,,,94,94069,3,2,2,4,1,Autoroute,90.0,2
202400023819,2024-04-14,nuit,,,92,92071,5,1,6,4,3,Départementale,30.0,1
202400023820,2024-04-14,soirée,,,51,51001,3,1,6,4,3,Départementale,80.0,1
202400023821,2024-09-05,matin,,,93,93007,1,3,2,4,1,Autoroute,90.0,2
202400023822,2024-01-25,nuit,,,77,77175,3,2,4,4,2,Nationale,90.0,2
202400023823,2024-04-09,soirée,,,71,71075,2,1,1,4,3,Départementale,50.0,1
202400023824,2024-01-25,matin,,,988,98818,1,1,6,4,4,Voie communale,30.0,1
202400023825,2024-09-04,matin,,,92,92036,1,1,3,4,1,Autoroute,90.0,1
202400023826,2024-01-25,matin,,,976,97611,1,1,6,4,3,Départementale,30.0,1
202400023827,2024-04-12,soirée,,,40,40296,1,1,1,3,3,Départementale,50.0,1
202400023828,2024-01-25,après-midi,,,972,97213,1,1,7,4,2,Nationale,70.0,1
202400023829,2024-04-14,soirée,,,57,57177,1,7,3,4,3,Départementale,50.0,1
202400023830,2024-08-30,matin,,,93,93053,1,1,3,4,1,Autoroute,90.0,1
202400023831,2024-01-23,soirée,,,972,97209,5,1,5,3,2,Nationale,50.0,1
202400023832,2024-04-14,après-midi,,,83,83086,1,1,4,3,3,Départementale,50.0,1
202400023833,2024-04-14,après-midi,,,83,83148,1,1,6,4,3,Départementale,80.0,1
202400023834,2024-01-25,soirée,,,69,69149,5,1,1,3,7,Autre,50.0,1
202400023835,2024-09-05,matin,,,77,77018,1,2,2,2,1,Autoroute,130.0,2
202400023836,2024-04-14,matin,,,11,11203,1,1,6,4,3,Départementale,80.0,1
202400023837,2024-01-24,après-midi,,,2B,2B033,1,1,2,4,4,Voie communale,50.0,1
202400023838,2024-04-11,après-midi,,,57,57620,1,1,3,4,1,Autoroute,130.0,1
202400023839,2024-09-05,matin,,,94,94069,1,2,5,4,1,Autoroute,90.0,2
202400023840,2024-01-25,nuit,,,95,95598,5,8,3,4,3,Départementale,50.0,2
202400023841,2024-04-14,après-midi,,,86,86202,1,1,1,4,3,Départementale,80.0,1
202400023842,2024-09-04,matin,,,94,94017,1,1,3,4,1,Autoroute,90.0,1
202400023843,2024-04-15,nuit,,,71,71081,3,1,6,4,1,Autoroute,130.0,1
202400023844,2024-01-25,après-midi,,,95,95598,1,8,1,4,3,Départementale,50.0,1
202400023845,2024-09-05,matin,,,988,98818,1,1,6,4,4,Voie communale,,1
202400023846,2024-01-24,soirée,,,91,91021,3,8,6,3,3,Départementale,90.0,1
202400023847,2024-04-15,après-midi,,,54,54581,1,7,3,3,3,Départementale,80.0,1
202400023848,2024-09-04,matin,,,988,98818,1,1,3,4,4,Voie communale,50.0,1
202400023849,2024-01-24,soirée,,,91,91347,5,2,2,4,3,Départementale,50.0,2
202400023850,2024-04-15,après-midi,,,41,41172,1,8,3,4,3,Départementale,80.0,1
202400023851,2024-09-04,matin,,,974,97416,1,1,3,3,3,Départementale,70.0,1
202400023852,2024-01-25,après-midi,,,91,91228,1,1,2,4,4,Voie communale,50.0,1
202400023853,2024-04-14,après-midi,,,57,57235,1,1,7,4,3,Départementale,50.0,1
202400023854,2024-04-14,soirée,,,51,51191,1,1,3,3,3,Départementale,80.0,1
202400023855,2024-09-03,soirée,,,974,97411,5,1,3,4,4,Voie communale,50.0,1
202400023856,2024-01-25,soirée,,,89,89387,5,1,3,4,4,Voie communale,50.0,1
202400023857,2024-09-03,soirée,,,972,97209,5,1,2,4,3,Départementale,50.0,1
202400023858,2024-01-23,après-midi,,,87,87113,1,1,1,4,3,Départementale,90.0,1
202400023859,2024-04-15,après-midi,,,80,80024,1,2,1,3,3,Départementale,80.0,2
202400023860,2024-09-04,matin,,,2B,2B037,1,1,3,4,2,Nationale,50.0,1
202400023861,2024-01-23,après-midi,,,87,87085,1,1,3,4,4,Voie communale,50.0,1
202400023862,2024-04-14,matin,,,69,69012,1,1,4,3,3,Départementale,80.0,1
202400023863,2024-04-11,après-midi,,,32,32132,1,1,1,3,4,Voie communale,50.0,1
202400023864,2024-01-20,après-midi,,,87,87085,1,1,6,3,2,Nationale,50.0,1
202400023865,2024-09-04,matin,,,2A,2A004,1,1,2,3,4,Voie communale,50.0,1
202400023866,2024-04-13,nuit,,,71,71073,3,1,2,4,3,Départementale,90.0,1
202400023867,2024-01-24,nuit,,,83,83123,5,1,2,3,3,Départementale,50.0,1
202400023868,2024-04-15,matin,,,49,49307,1,7,5,4,3,Départementale,80.0,1
202400023869,2024-09-03,après-midi,,,87,87050,1,3,6,4,3,Départementale,70.0,2
202400023870,2024-01-25,matin,,,82,82033,5,2,2,4,3,Départementale,50.0,2
202400023871,2024-04-14,matin,,,46,46128,1,1,7,4,3,Départementale,80.0,1
202400023872,2024-01-24,soirée,,,82,82033,5,1,7,4,4,Voie communale,50.0,1
202400023873,2024-04-14,nuit,,,46,46214,3,1,6,3,3,Départementale,80.0,1
202400023874,2024-09-04,après-midi,,,85,85191,1,1,1,3,3,Départementale,50.0,1
202400023875,2024-04-13,matin,,,47,47251,1,1,7,3,3,Départementale,80.0,1
202400023876,2024-01-25,après-midi,,,78,78029,1,1,3,4,3,Départementale,50.0,1
202400023877,2024-04-14,après-midi,,,47,47273,1,1,1,3,3,Départementale,80.0,1
202400023878,2024-09-04,soirée,,,84,84007,1,3,6,4,3,Départementale,90.0,3
202400023879,2024-04-12,matin,,,29,29189,1,1,6,3,6,Autre,5.0,1
202400023880,2024-09-04,après-midi,,,84,84007,1,3,6,4,4,Voie communale,50.0,3
202400023881,2024-04-15,nuit,,,68,68135,2,1,3,3,4,Voie communale,70.0,1
202400023882,2024-04-14,soirée,,,22,22251,1,2,7,4,4,Voie communale,80.0,2
202400023883,2024-09-04,matin,,,30,30351,1,1,3,4,4,Voie communale,30.0,1
202400023884,2024-04-13,soirée,,,44,44025,2,1,3,3,4,Voie communale,80.0,1
202400023885,2024-04-11,après-midi,,,44,44187,1,1,1,3,4,Voie communale,80.0,1
202400023886,2024-09-04,matin,,,80,80261,1,1,3,4,4,Voie communale,50.0,1
202400023887,2024-07-29,après-midi,,,21,21210,1,1,6,4,1,Autoroute,130.0,1
202400023888,2024-04-15,après-midi,,,44,44131,1,1,6,2,4,Voie communale,50.0,1
202400023889,2024-09-04,après-midi,,,78,78168,1,1,2,3,2,Nationale,70.0,1
202400023890,2024-07-30,matin,,,01,01204,1,1,6,4,1,Autoroute,110.0,1
202400023891,2024-04-14,nuit,,,35,35223,3,1,2,3,2,Nationale,110.0,1
202400023892,2024-01-25,matin,,,77,77053,1,1,6,3,4,Voie communale,50.0,1
202400023893,2024-08-29,après-midi,,,78,78621,1,1,6,4,6,Autre,15.0,1
202400023894,2024-04-14,après-midi,,,29,29135,1,1,6,4,4,Voie communale,50.0,1
202400023895,2024-09-05,nuit,,,77,77373,5,1,6,4,4,Voie communale,30.0,1
202400023896,2024-07-29,après-midi,,,42,42242,1,1,1,4,7,Autre,50.0,1
202400023897,2024-01-25,soirée,,,77,77132,5,2,1,4,4,Voie communale,50.0,2
202400023898,2024-09-04,nuit,,,74,74012,5,2,7,4,3,Départementale,30.0,2
202400023899,2024-07-30,nuit,,,30,30041,3,1,7,2,3,Départementale,80.0,1
202400023900,2024-04-14,après-midi,,,31,31471,1,1,3,3,3,Départementale,50.0,1
202400023901,2024-01-25,matin,,,77,77464,1,8,6,4,3,Départementale,50.0,2
202400023902,2024-04-14,après-midi,,,31,31280,2,1,7,3,3,Départementale,80.0,1
202400023903,2024-09-04,matin,,,72,72181,1,7,6,4,4,Voie communale,50.0,1
202400023904,2024-07-26,après-midi,,,62,62280,1,1,1,3,4,Voie communale,50.0,1
202400023905,2024-04-14,après-midi,,,02,02636,1,1,7,3,3,Départementale,80.0,1
202400023906,2024-01-24,soirée,,,76,76351,2,1,6,4,4,Voie communale,50.0,1
202400023907,2024-09-03,matin,,,72,72095,1,1,6,4,4,Voie communale,50.0,1
202400023908,2024-04-15,matin,,,02,02153,1,1,1,4,3,Départementale,80.0,1
202400023909,2024-09-02,soirée,,,72,72181,1,1,2,4,4,Voie communale,70.0,1
202400023910,2024-01-24,soirée,,,72,72181,5,2,3,4,4,Voie communale,50.0,2
202400023911,2024-04-12,après-midi,,,84,84020,1,1,7,4,3,Départementale,80.0,1
202400023912,2024-04-12,après-midi,,,15,15138,1,1,6,3,3,Départementale,90.0,1
202400023913,2024-07-30,après-midi,,,41,41181,1,1,1,3,1,Autoroute,130.0,1
202400023914,2024-01-24,après-midi,,,72,72095,1,2,3,4,4,Voie communale,50.0,2
202400023915,2024-04-13,soirée,,,15,15033,1,1,6,3,3,Départementale,70.0,1
202400023916,2024-09-04,après-midi,,,71,71270,1,8,3,4,4,Voie communale,50.0,1
202400023917,2024-07-30,après-midi,,,65,65388,1,1,3,4,3,Départementale,90.0,1
202400023918,2024-01-24,après-midi,,,71,71475,1,1,6,4,4,Voie communale,50.0,1
202400023919,2024-04-14,soirée,,,26,26229,3,1,7,3,3,Départementale,80.0,1
202400023920,2024-09-04,soirée,,,69,69275,5,2,3,4,4,Voie communale,50.0,2
202400023921,2024-04-13,soirée,,,26,26146,1,1,3,4,3,Départementale,80.0,1
202400023922,2024-01-24,matin,,,71,71076,2,1,2,4,4,Voie communale,50.0,1
202400023923,2024-07-29,après-midi,,,71,71310,1,1,4,3,2,Nationale,110.0,1
202400023924,2024-09-03,soirée,,,67,67447,5,1,6,3,4,Voie communale,50.0,1
202400023925,2024-04-14,après-midi,,,26,26183,1,1,1,4,3,Départementale,80.0,1
202400023926,2024-07-30,matin,,,71,71377,1,1,7,4,3,Départementale,80.0,1
202400023927,2024-01-24,après-midi,,,69,69259,1,1,3,4,7,Autre,70.0,1
202400023928,2024-04-13,après-midi,,,14,14174,1,1,7,3,4,Voie communale,50.0,1
202400023929,2024-09-04,après-midi,,,64,64129,1,1,2,4,4,Voie communale,50.0,1
202400023930,2024-01-05,matin,,,68,68166,1,1,1,4,4,Voie communale,30.0,1
202400023931,2024-04-15,matin,,,07,07155,1,1,1,3,3,Départementale,80.0,1
202400023932,2024-09-04,matin,,,64,64445,1,3,6,4,4,Voie communale,50.0,2
202400023933,2024-04-14,nuit,,,40,40135,3,1,7,3,4,Voie communale,80.0,1
202400023934,2024-07-30,après-midi,,,55,55573,1,7,3,4,3,Départementale,70.0,1
202400023935,2024-01-05,après-midi,,,68,68166,1,1,2,4,4,Voie communale,30.0,1
202400023936,2024-04-14,soirée,,,28,28407,1,1,6,3,5,Autre,,3
202400023937,2024-09-03,après-midi,,,64,64445,1,2,3,4,4,Voie communale,50.0,2
202400023938,2024-07-28,soirée,,,42,42154,1,1,6,4,3,Départementale,80.0,1
202400023939,2024-01-25,soirée,,,67,67482,5,8,3,4,4,Voie communale,50.0,1
202400023940,2024-04-15,après-midi,,,87,87073,1,1,7,4,4,Voie communale,80.0,1
202400023941,2024-09-02,après-midi,,,64,64125,1,1,1,4,3,Départementale,50.0,1
202400023942,2024-07-29,après-midi,,,86,86161,1,1,6,4,4,Voie communale,80.0,1
202400023943,2024-04-15,après-midi,,,87,87199,1,1,1,2,3,Départementale,90.0,1
202400023944,2024-01-25,soirée,,,67,67482,2,1,3,4,4,Voie communale,50.0,1
202400023945,2024-04-15,après-midi,,,48,48061,1,1,6,4,4,Voie communale,50.0,1
202400023946,2024-09-03,matin,,,64,64024,1,2,2,4,4,Voie communale,30.0,2
202400023947,2024-01-25,matin,,,67,67482,1,2,3,4,4,Voie communale,50.0,2
202400023948,2024-07-30,matin,,,86,86082,1,1,3,3,3,Départementale,90.0,1
202400023949,2024-08-30,après-midi,,,60,60057,1,1,6,3,4,Voie communale,50.0,1
202400023950,2024-04-09,matin,,,10,10084,2,1,3,4,1,Autoroute,130.0,1
202400023951,2024-01-25,après-midi,,,66,66136,1,1,6,4,4,Voie communale,50.0,1
202400023952,2024-05-11,matin,,,34,34139,1,1,1,3,3,Départementale,80.0,1
202400023953,2024-09-04,après-midi,,,59,59426,1,1,6,2,4,Voie communale,30.0,1
202400023954,2024-09-04,après-midi,,,57,57463,1,1,6,4,4,Voie communale,50.0,1
202400023955,2024-01-25,après-midi,,,66,66136,1,1,3,4,4,Voie communale,50.0,1
202400023956,2024-04-15,matin,,,44,44003,3,1,2,4,1,Autoroute,130.0,1
202400023957,2024-09-04,matin,,,56,56260,1,1,3,4,6,Autre,30.0,1
202400023958,2024-07-29,après-midi,,,34,34252,1,1,1,4,3,Départementale,80.0,1
202400023959,2024-04-14,nuit,,,987,98715,5,1,6,3,2,Nationale,90.0,1
202400023960,2024-01-24,soirée,,,66,66136,5,1,5,3,4,Voie communale,50.0,1
202400023961,2024-07-29,nuit,,,68,68258,4,1,6,4,4,Voie communale,50.0,1
202400023962,2024-09-04,soirée,,,54,54321,1,1,6,4,4,Voie communale,30.0,1
202400023963,2024-07-30,nuit,,,25,25514,3,1,6,3,3,Départementale,90.0,1
202400023964,2024-09-03,soirée,,,51,51454,1,2,3,3,4,Voie communale,30.0,2
202400023965,2024-04-14,soirée,,,38,38401,1,1,4,4,1,Autoroute,130.0,1
202400023966,2024-07-30,soirée,,,25,25578,1,1,6,3,4,Voie communale,50.0,1
202400023967,2024-04-14,nuit,,,38,38053,3,1,6,3,1,Autoroute,130.0,1
202400023968,2024-01-25,après-midi,,,64,64102,1,1,4,4,4,Voie communale,50.0,1
202400023969,2024-09-03,matin,,,51,51454,1,1,3,4,4,Voie communale,50.0,1
202400023970,2024-01-25,nuit,,,64,64024,5,1,7,4,3,Départementale,30.0,1
202400023971,2024-04-12,après-midi,,,987,98712,2,1,6,4,2,Nationale,50.0,1
202400023972,2024-09-03,après-midi,,,50,50147,1,1,3,4,3,Départementale,50.0,1
202400023973,2024-07-29,soirée,,,29,29031,1,1,3,3,3,Départementale,80.0,1
202400023974,2024-07-28,après-midi,,,29,29155,1,1,7,4,3,Départementale,50.0,1
202400023975,2024-01-24,matin,,,64,64102,5,1,3,3,3,Départementale,50.0,1
202400023976,2024-09-03,soirée,,,49,49353,1,1,3,4,4,Voie communale,50.0,1
202400023977,2024-04-14,soirée,,,973,97308,4,1,1,4,2,Nationale,70.0,1
202400023978,2024-09-03,matin,,,49,49007,1,1,6,4,4,Voie communale,50.0,1
202400023979,2024-01-25,soirée,,,62,62570,5,2,3,4,4,Voie communale,50.0,2
202400023980,2024-04-14,après-midi,,,77,77476,1,1,7,3,3,Départementale,80.0,1
202400023981,2024-09-04,matin,,,45,45234,1,1,2,4,4,Voie communale,50.0,1
202400023982,2024-07-30,soirée,,,03,03052,1,1,3,4,3,Départementale,90.0,1
202400023983,2024-01-24,soirée,,,62,62523,5,1,3,4,4,Voie communale,50.0,1
202400023984,2024-04-14,après-midi,,,91,91184,1,1,5,4,3,Départementale,80.0,1
202400023985,2024-07-29,matin,,,15,15127,1,1,6,3,2,Nationale,80.0,1
202400023986,2024-08-26,soirée,,,42,42218,1,1,3,4,4,Voie communale,50.0,1
202400023987,2024-01-25,matin,,,59,59350,1,8,6,4,4,Voie communale,30.0,2
202400023988,2024-01-24,soirée,,,59,59183,5,1,6,4,4,Voie communale,50.0,1
202400023989,2024-09-04,soirée,,,35,35278,2,8,6,4,6,Autre,30.0,1
202400023990,2024-04-14,nuit,,,83,83115,5,1,3,3,3,Départementale,50.0,1
202400023991,2024-07-26,matin,,,70,70509,1,1,2,4,3,Départementale,90.0,1
202400023992,2024-01-24,après-midi,,,59,59178,2,1,6,4,4,Voie communale,50.0,1
202400023993,2024-09-04,après-midi,,,35,35238,1,1,6,3,4,Voie communale,30.0,1
202400023994,2024-01-23,matin,,,59,59165,1,1,6,4,3,Départementale,50.0,1
202400023995,2024-07-29,soirée,,,54,54416,2,1,7,4,3,Départementale,80.0,1
202400023996,2024-04-14,soirée,,,71,71513,1,1,3,3,3,Départementale,50.0,1
202400023997,2024-01-24,soirée,,,56,56121,5,1,3,4,4,Voie communale,30.0,1
202400023998,2024-04-13,soirée,,,73,73262,1,1,1,4,3,Départementale,80.0,1
202400023999,2024-09-04,soirée,,,13,13206,5,2,3,4,4,Voie communale,50.0,2
202400024000,2024-01-24,après-midi,,,54,54578,2,1,6,4,4,Voie communale,50.0,1
202400024001,2024-04-14,matin,,,42,42005,1,7,3,4,4,Voie communale,30.0,1
202400024002,2024-07-28,après-midi,,,06,06079,1,1,4,4,3,Départementale,,1
202400024003,2024-09-04,après-midi,,,13,13202,1,3,6,3,4,Voie communale,30.0,2
202400024004,2024-01-24,soirée,,,54,54328,5,2,3,4,4,Voie communale,50.0,2
202400024005,2024-04-14,après-midi,,,07,07077,1,1,1,4,3,Départementale,90.0,1
202400024006,2024-07-29,après-midi,,,14,14431,1,1,7,3,3,Départementale,80.0,1
202400024007,2024-09-01,matin,,,13,13005,1,1,3,4,4,Voie communale,50.0,1
202400024008,2024-01-25,soirée,,,51,51454,5,2,6,4,4,Voie communale,30.0,2
202400024009,2024-07-28,matin,,,05,05068,1,1,7,3,3,Départementale,50.0,1
202400024010,2024-04-15,après-midi,,,87,87062,1,1,1,4,3,Départementale,90.0,1
202400024011,2024-09-03,soirée,,,11,11069,1,1,5,4,4,Voie communale,50.0,1
202400024012,2024-01-24,après-midi,,,49,49328,1,1,3,3,4,Voie communale,30.0,1
202400024013,2024-07-23,après-midi,,,64,64160,1,1,6,4,6,Autre,15.0,1
202400024014,2024-04-04,après-midi,,,17,17476,1,1,3,4,3,Départementale,80.0,1
202400024015,2024-09-03,après-midi,,,10,10387,1,8,1,4,4,Voie communale,50.0,1
202400024016,2024-07-29,nuit,,,64,64502,3,1,1,4,3,Départementale,50.0,1
202400024017,2024-01-25,après-midi,,,47,47323,1,1,3,3,3,Départementale,50.0,1
202400024018,2024-04-14,matin,,,85,85119,1,1,7,4,3,Départementale,50.0,1
202400024019,2024-09-03,matin,,,10,10321,1,1,6,4,4,Voie communale,50.0,1
202400024020,2024-01-25,soirée,,,47,47031,5,1,3,4,3,Départementale,50.0,1
202400024021,2024-04-14,soirée,,,35,35052,1,1,3,3,3,Départementale,80.0,1
202400024022,2024-09-04,après-midi,,,05,05061,1,2,3,4,2,Nationale,50.0,2
202400024023,2024-01-25,matin,,,47,47001,1,1,1,4,3,Départementale,50.0,1
202400024024,2024-07-30,après-midi,,,07,07288,1,7,6,3,3,Départementale,90.0,1
202400024025,2024-04-14,après-midi,,,76,76727,1,1,3,3,3,Départementale,70.0,1
202400024026,2024-09-04,matin,,,75,75116,1,1,3,4,4,Voie communale,70.0,1
202400024027,2024-01-25,après-midi,,,45,45234,1,1,3,4,3,Départementale,50.0,1
202400024028,2024-04-13,après-midi,,,59,59323,1,1,6,3,3,Départementale,,1
202400024029,2024-07-29,matin,,,04,04172,1,1,3,4,3,Départementale,80.0,1
202400024030,2024-09-03,après-midi,,,75,75114,1,1,6,2,4,Voie communale,30.0,1
202400024031,2024-01-24,matin,,,38,38053,1,1,2,4,4,Voie communale,50.0,1
202400024032,2024-04-14,matin,,,13,13005,1,1,2,4,1,Autoroute,90.0,1
202400024033,2024-07-30,soirée,,,85,85172,1,7,1,3,3,Départementale,80.0,1
202400024034,2024-01-25,après-midi,,,35,35051,1,1,6,3,4,Voie communale,50.0,1
202400024035,2024-09-04,matin,,,75,75106,1,1,6,4,4,Voie communale,,1
202400024036,2024-07-29,soirée,,,85,85031,1,1,4,4,3,Départementale,70.0,1
202400024037,2024-04-14,nuit,,,13,13056,3,1,2,4,1,Autoroute,50.0,1
202400024038,2024-01-25,après-midi,,,35,35206,1,1,6,4,2,Nationale,90.0,1
202400024039,2024-09-03,après-midi,,,75,75106,1,1,6,4,4,Voie communale,30.0,1
202400024040,2024-01-25,matin,,,35,35238,3,8,7,4,4,Voie communale,80.0,2
202400024041,2024-01-25,matin,,,34,34172,1,1,6,4,7,Autre,50.0,1
202400024042,2024-09-04,soirée,,,75,75119,1,1,6,4,4,Voie communale,30.0,1
202400024043,2024-07-29,matin,,,27,27340,2,1,4,4,3,Départementale,70.0,1
202400024044,2024-04-12,après-midi,,,13,13214,1,1,5,4,1,Autoroute,90.0,1
202400024045,2024-09-04,matin,,,75,75117,1,1,7,4,4,Voie communale,30.0,1
202400024046,2024-07-29,nuit,,,28,28331,3,1,1,3,4,Voie communale,80.0,1
202400024047,2024-01-20,soirée,,,33,33039,5,1,2,3,4,Voie communale,30.0,1
202400024048,2024-04-13,nuit,,,69,69199,3,1,2,4,1,Autoroute,70.0,1
202400024049,2024-09-02,soirée,,,75,75116,5,1,3,4,4,Voie communale,30.0,1
202400024050,2024-07-14,nuit,,,28,28099,4,1,1,4,3,Départementale,70.0,1
202400024051,2024-04-13,après-midi,,,67,67482,1,1,2,4,7,Autre,90.0,1
202400024052,2024-09-02,matin,,,75,75115,1,1,3,4,4,Voie communale,30.0,1
202400024053,2024-04-14,soirée,,,91,91521,3,1,7,4,2,Nationale,90.0,1
202400024054,2024-07-29,après-midi,,,48,48045,1,1,6,3,2,Nationale,80.0,1
202400024055,2024-01-22,soirée,,,30,30189,5,1,7,4,3,Départementale,50.0,1
202400024056,2024-04-14,après-midi,,,93,93027,1,1,6,4,1,Autoroute,70.0,1
202400024057,2024-09-04,après-midi,,,75,75111,1,1,6,4,4,Voie communale,30.0,1
202400024058,2024-04-14,après-midi,,,95,95582,1,1,6,4,1,Autoroute,50.0,1
202400024059,2024-01-25,matin,,,29,29019,2,2,3,4,4,Voie communale,50.0,2
202400024060,2024-07-30,matin,,,13,13091,1,1,2,4,3,Départementale,80.0,1
202400024061,2024-09-04,après-midi,,,75,75111,1,1,6,4,4,Voie communale,30.0,1
202400024062,2024-01-25,matin,,,29,29019,2,2,1,4,4,Voie communale,50.0,2
202400024063,2024-04-14,matin,,,95,95241,1,1,5,4,2,Nationale,110.0,1
202400024064,2024-09-04,soirée,,,75,75110,1,1,1,4,4,Voie communale,30.0,1
202400024065,2024-04-14,nuit,,,93,93027,3,1,6,4,1,Autoroute,90.0,1
202400024066,2024-01-24,matin,,,29,29019,1,1,1,4,4,Voie communale,50.0,1
202400024067,2024-09-04,matin,,,75,75110,1,1,6,4,4,Voie communale,,1
202400024068,2024-04-13,après-midi,,,93,93066,1,1,3,4,1,Autoroute,90.0,1
202400024069,2024-09-04,matin,,,75,75108,1,1,3,4,4,Voie communale,50.0,1
202400024070,2024-04-14,nuit,,,94,94004,5,1,2,4,2,Nationale,90.0,1
202400024071,2024-09-04,matin,,,75,75107,1,1,7,4,4,Voie communale,30.0,1
202400024072,2024-01-20,après-midi,,,19,19031,1,9,6,3,3,Départementale,50.0,1