Num_Acc,date,time_of_day,lat,long,dep,com,lum,atm,col,severity_index,catr,catr_label,vma,surf
202400024073,2024-01-17,nuit,,,19,19031,5,2,6,2,3,Départementale,50.0,2
202400024074,2024-09-04,matin,,,75,75113,2,1,1,4,4,Voie communale,30.0,1
202400024075,2024-04-13,après-midi,,,77,77083,1,1,3,4,1,Autoroute,110.0,1
202400024076,2024-01-17,après-midi,,,19,19031,1,2,3,4,3,Départementale,50.0,2
202400024077,2024-07-30,matin,,,45,45317,1,1,2,3,1,Autoroute,130.0,1
202400024078,2024-09-04,matin,,,94,94017,1,1,3,4,3,Départementale,50.0,1
202400024079,2024-04-12,après-midi,,,94,94028,1,1,2,3,1,Autoroute,90.0,1
202400024080,2024-07-29,nuit,,,38,38509,3,1,6,4,1,Autoroute,130.0,1
202400024081,2024-09-04,après-midi,,,94,94041,1,1,2,4,4,Voie communale,50.0,1
202400024082,2024-04-13,nuit,,,974,97416,5,1,3,4,4,Voie communale,50.0,1
202400024083,2024-01-25,matin,,,13,13210,1,1,3,4,4,Voie communale,,1
202400024084,2024-09-02,après-midi,,,94,94028,1,1,2,3,3,Départementale,50.0,1
202400024085,2024-04-13,soirée,,,69,69383,1,1,2,4,4,Voie communale,30.0,1
202400024086,2024-07-27,après-midi,,,13,13067,1,1,3,4,1,Autoroute,130.0,1
202400024087,2024-04-13,nuit,,,69,69382,5,1,1,3,4,Voie communale,50.0,1
202400024088,2024-07-29,soirée,,,45,45265,1,1,7,4,1,Autoroute,130.0,1
202400024089,2024-09-04,soirée,,,94,94046,5,1,3,4,4,Voie communale,30.0,1
202400024090,2024-01-25,matin,,,13,13208,1,1,2,4,4,Voie communale,50.0,1
202400024091,2024-09-03,soirée,,,94,94071,1,8,6,4,4,Voie communale,50.0,1
202400024092,2024-07-28,soirée,,,33,33005,1,1,6,4,4,Voie communale,30.0,1
202400024093,2024-04-12,après-midi,,,69,69034,1,1,3,4,4,Voie communale,30.0,1
202400024094,2024-09-04,soirée,,,93,93064,1,8,6,4,3,Départementale,50.0,1
202400024095,2024-04-13,après-midi,,,2B,2B033,1,1,6,3,4,Voie communale,50.0,1
202400024096,2024-01-25,après-midi,,,12,12013,1,1,3,3,3,Départementale,50.0,1
202400024097,2024-07-28,nuit,,,971,97111,5,1,2,4,2,Nationale,70.0,1
202400024098,2024-09-04,après-midi,,,92,92064,1,1,6,4,3,Départementale,50.0,1
202400024099,2024-04-12,soirée,,,2B,2B033,1,1,3,3,4,Voie communale,50.0,1
202400024100,2024-07-30,matin,,,45,45063,1,1,1,4,3,Départementale,90.0,1
202400024101,2024-01-24,matin,,,11,11069,1,1,3,4,3,Départementale,,1
202400024102,2024-09-04,matin,,,92,92050,1,1,5,4,3,Départementale,50.0,1
202400024103,2024-01-25,matin,,,06,06027,1,1,6,4,7,Autre,50.0,1
202400024104,2024-07-30,après-midi,,,77,77382,1,1,1,4,4,Voie communale,50.0,1
202400024105,2024-09-04,après-midi,,,92,92036,1,1,3,4,4,Voie communale,50.0,1
202400024106,2024-07-29,après-midi,,,34,34103,1,1,7,3,3,Départementale,80.0,1
202400024107,2024-01-16,après-midi,,,04,04112,1,1,2,4,3,Départementale,50.0,1
202400024108,2024-01-25,après-midi,,,03,03185,1,1,3,3,3,Départementale,50.0,1
202400024109,2024-09-03,soirée,,,92,92025,2,8,4,4,3,Départementale,30.0,1
202400024110,2024-07-30,après-midi,,,34,34240,1,1,6,3,4,Voie communale,,1
202400024111,2024-01-25,après-midi,,,01,01451,5,1,6,4,4,Voie communale,50.0,1
202400024112,2024-09-02,soirée,,,92,92025,1,1,1,4,3,Départementale,30.0,1
202400024113,2024-01-24,après-midi,,,75,75119,2,1,3,4,4,Voie communale,70.0,1
202400024114,2024-07-29,après-midi,,,83,83023,1,1,5,4,3,Départementale,90.0,1
202400024115,2024-09-04,après-midi,,,92,92012,1,1,3,4,3,Départementale,30.0,1
202400024116,2024-01-24,soirée,,,75,75115,5,1,1,4,4,Voie communale,70.0,1
202400024117,2024-07-20,soirée,,,13,13086,1,1,1,4,3,Départementale,50.0,1
202400024118,2024-07-29,nuit,,,21,21038,5,1,6,3,3,Départementale,50.0,1
202400024119,2024-01-25,matin,,,75,75113,1,1,6,3,4,Voie communale,30.0,1
202400024120,2024-09-05,soirée,,,22,22190,2,1,6,3,4,Voie communale,30.0,1
202400024121,2024-01-24,nuit,,,75,75118,3,1,6,3,4,Voie communale,30.0,1
202400024122,2024-07-29,soirée,,,68,68269,3,1,3,4,3,Départementale,,1
202400024123,2024-09-04,après-midi,,,68,68162,1,1,1,3,3,Départementale,,1
202400024124,2024-01-25,matin,,,75,75117,1,2,6,4,4,Voie communale,30.0,2
202400024125,2024-07-29,après-midi,,,55,55366,1,1,7,4,3,Départementale,90.0,1
202400024126,2024-09-04,après-midi,,,41,41046,1,1,6,3,1,Autoroute,130.0,1
202400024127,2024-07-30,matin,,,81,81140,1,1,6,3,3,Départementale,50.0,1
202400024128,2024-01-24,après-midi,,,75,75116,1,1,5,4,4,Voie communale,30.0,1
202400024129,2024-09-05,nuit,,,12,12131,3,2,1,4,3,Départementale,80.0,2
202400024130,2024-01-25,matin,,,75,75115,1,1,6,4,4,Voie communale,30.0,1
202400024131,2024-07-29,nuit,,,61,61080,3,1,3,3,3,Départementale,80.0,1
202400024132,2024-01-24,soirée,,,75,75115,5,8,3,4,4,Voie communale,30.0,2
202400024133,2024-07-30,après-midi,,,14,14066,1,1,6,3,4,Voie communale,30.0,1
202400024134,2024-01-24,après-midi,,,75,75114,1,1,7,4,4,Voie communale,30.0,1
202400024135,2024-09-03,nuit,,,35,35206,3,1,5,4,2,Nationale,110.0,1
202400024136,2024-07-21,après-midi,,,56,56023,1,1,6,3,4,Voie communale,80.0,1
202400024137,2024-07-29,après-midi,,,22,22171,1,1,6,3,4,Voie communale,30.0,1
202400024138,2024-09-05,matin,,,60,60176,1,3,6,4,4,Voie communale,50.0,2
202400024139,2024-01-25,matin,,,75,75111,1,1,3,4,4,Voie communale,30.0,2
202400024140,2024-07-28,après-midi,,,22,22210,1,1,6,4,4,Voie communale,50.0,1
202400024141,2024-09-04,après-midi,,,65,65447,1,1,3,4,3,Départementale,50.0,1
202400024142,2024-01-24,après-midi,,,75,75110,1,1,3,4,4,Voie communale,30.0,1
202400024143,2024-07-30,matin,,,76,76684,1,1,1,4,3,Départementale,50.0,1
202400024144,2024-09-03,matin,,,77,77406,1,1,7,3,3,Départementale,80.0,1
202400024145,2024-01-25,après-midi,,,75,75109,1,1,6,4,4,Voie communale,30.0,1
202400024146,2024-07-27,soirée,,,13,13070,1,1,2,4,1,Autoroute,90.0,1
202400024147,2024-09-02,après-midi,,,19,19138,1,1,7,3,3,Départementale,70.0,1
202400024148,2024-01-25,matin,,,75,75108,1,1,3,4,4,Voie communale,50.0,1
202400024149,2024-07-25,matin,,,69,69266,1,1,2,4,7,Autre,70.0,1
202400024150,2024-07-11,après-midi,,,56,56198,1,2,6,2,3,Départementale,50.0,2
202400024151,2024-07-29,matin,,,33,33281,1,1,6,3,1,Autoroute,90.0,1
202400024152,2024-01-25,matin,,,75,75108,1,8,6,4,4,Voie communale,30.0,2
202400024153,2024-07-29,matin,,,94,94021,1,1,3,3,1,Autoroute,110.0,1
202400024154,2024-09-04,après-midi,,,31,31032,1,2,3,4,7,Autre,50.0,2
202400024155,2024-01-24,après-midi,,,94,94004,1,1,3,4,3,Départementale,50.0,1
202400024156,2024-07-29,matin,,,91,91553,1,1,6,4,2,Nationale,90.0,1
202400024157,2024-07-29,matin,,,93,93005,1,1,3,4,1,Autoroute,90.0,1
202400024158,2024-09-04,nuit,,,11,11397,5,2,3,4,4,Voie communale,,2
202400024159,2024-07-18,matin,,,44,44143,1,1,1,4,4,Voie communale,50.0,1
202400024160,2024-09-05,matin,,,71,71093,1,2,6,3,3,Départementale,80.0,2
202400024161,2024-01-25,soirée,,,93,93031,5,1,2,4,3,Départementale,50.0,2
202400024162,2024-02-14,nuit,,,974,97411,5,1,2,3,2,Nationale,70.0,1
202400024163,2024-09-05,matin,,,12,12204,1,2,6,2,3,Départementale,90.0,2
202400024164,2024-09-05,après-midi,,,46,46034,1,1,6,3,3,Départementale,80.0,1
202400024165,2024-01-24,après-midi,,,93,93030,1,1,3,4,3,Départementale,50.0,1
202400024166,2024-03-21,après-midi,,,18,18279,1,1,3,4,4,Voie communale,50.0,1
202400024167,2024-09-03,après-midi,,,39,39322,1,1,7,3,3,Départementale,80.0,1
202400024168,2024-01-25,matin,,,92,92063,1,1,6,4,4,Voie communale,30.0,1
202400024169,2024-09-04,après-midi,,,29,29163,1,1,6,3,4,Voie communale,,1
202400024170,2024-07-28,après-midi,,,92,92078,1,1,3,3,3,Départementale,50.0,1
202400024171,2024-01-25,après-midi,,,92,92050,5,2,2,4,3,Départementale,50.0,2
202400024172,2024-08-22,après-midi,,,01,01019,1,1,6,3,4,Voie communale,80.0,1
202400024173,2024-05-27,nuit,,,57,57521,2,1,1,4,3,Départementale,50.0,1
202400024174,2024-01-25,après-midi,,,92,92020,1,2,1,4,4,Voie communale,30.0,2
202400024175,2024-08-28,nuit,,,01,01246,2,1,3,4,3,Départementale,80.0,1
202400024176,2024-07-28,soirée,,,988,98818,5,1,6,4,4,Voie communale,30.0,1
202400024177,2024-01-24,soirée,,,92,92020,2,1,1,4,3,Départementale,30.0,1
202400024178,2024-07-27,après-midi,,,987,98735,1,2,7,4,2,Nationale,50.0,2
202400024179,2024-01-24,après-midi,,,92,92026,1,1,3,4,3,Départementale,50.0,1
202400024180,2024-07-28,après-midi,,,69,69152,1,1,6,3,7,Autre,50.0,1
202400024181,2024-08-30,matin,,,14,14299,1,1,3,3,3,Départementale,80.0,1
202400024182,2024-09-04,soirée,,,14,14312,2,2,6,3,6,Autre,50.0,2
202400024183,2024-01-25,après-midi,,,92,92025,2,2,6,4,3,Départementale,50.0,2
202400024184,2024-07-28,soirée,,,2A,2A004,1,1,2,4,4,Voie communale,50.0,1
202400024185,2024-09-05,matin,,,16,16002,2,5,7,4,2,Nationale,110.0,1
202400024186,2024-01-25,après-midi,,,92,92024,1,1,6,4,4,Voie communale,50.0,1
202400024187,2024-07-28,nuit,,,2A,2A004,5,1,3,4,4,Voie communale,50.0,1
202400024188,2024-09-05,matin,,,07,07188,2,2,6,3,3,Départementale,50.0,2
202400024189,2024-01-24,soirée,,,92,92012,5,1,2,3,3,Départementale,50.0,1
202400024190,2024-09-04,soirée,,,07,07009,1,2,1,4,3,Départementale,50.0,8
202400024191,2024-07-28,nuit,,,95,95424,5,1,3,3,3,Départementale,50.0,1
202400024192,2024-01-25,après-midi,,,33,33138,1,1,1,3,3,Départementale,80.0,1
202400024193,2024-08-31,matin,,,40,40001,1,1,3,3,3,Départementale,50.0,1
202400024194,2024-07-27,après-midi,,,86,86066,1,2,7,4,3,Départementale,90.0,2
202400024195,2024-02-23,soirée,,,33,33447,5,2,6,3,3,Départementale,50.0,2
202400024196,2024-09-04,soirée,,,30,30009,2,3,7,4,3,Départementale,80.0,2
202400024197,2024-07-28,matin,,,83,83144,1,1,3,4,3,Départementale,30.0,1
202400024198,2024-09-05,matin,,,88,88176,2,1,1,2,3,Départementale,,1
202400024199,2024-01-26,matin,,,71,71481,3,8,2,4,1,Autoroute,130.0,1
202400024200,2024-07-27,soirée,,,83,83050,1,1,4,4,3,Départementale,50.0,1
202400024201,2024-07-28,nuit,,,76,76391,3,1,6,4,7,Autre,70.0,1
202400024202,2024-07-28,après-midi,,,76,76540,1,1,6,3,4,Voie communale,30.0,1
202400024203,2024-09-04,après-midi,,,987,98738,1,1,1,4,2,Nationale,60.0,1
202400024204,2024-01-23,matin,,,28,28330,1,1,1,3,3,Départementale,90.0,1
202400024205,2024-07-23,après-midi,,,73,73065,1,1,6,3,4,Voie communale,50.0,1
202400024206,2024-09-03,matin,,,987,98738,1,7,1,3,4,Voie communale,30.0,1
202400024207,2024-01-20,matin,,,11,11164,1,1,3,4,3,Départementale,80.0,1
202400024208,2024-07-28,nuit,,,71,71153,5,1,3,4,4,Voie communale,50.0,1
202400024209,2024-01-22,soirée,,,971,97132,3,2,6,3,2,Nationale,80.0,2
202400024210,2024-09-05,matin,,,13,13001,1,5,2,3,1,Autoroute,110.0,2
202400024211,2024-01-23,soirée,,,01,01357,5,2,6,3,3,Départementale,50.0,2
202400024212,2024-07-27,soirée,,,68,68376,1,2,6,3,4,Voie communale,50.0,2
202400024213,2024-01-25,matin,,,83,83031,1,1,3,3,3,Départementale,80.0,1
202400024214,2024-09-04,soirée,,,973,97309,5,1,3,4,3,Départementale,50.0,1
202400024215,2024-07-28,soirée,,,63,63113,1,1,3,3,7,Autre,50.0,1
202400024216,2024-05-24,après-midi,,,89,89297,1,1,7,3,3,Départementale,80.0,9
202400024217,2024-01-25,matin,,,51,51111,1,2,6,3,3,Départementale,90.0,2
202400024218,2024-07-29,nuit,,,62,62765,5,1,3,4,3,Départementale,50.0,1
202400024219,2024-09-04,après-midi,,,33,33050,1,1,2,4,1,Autoroute,130.0,1
202400024220,2024-05-24,après-midi,,,63,63343,1,1,3,4,3,Départementale,90.0,1
202400024221,2024-01-26,nuit,,,56,56034,3,2,2,2,3,Départementale,80.0,2
202400024222,2024-09-04,soirée,,,2A,2A041,3,1,6,2,3,Départementale,80.0,1
202400024223,2024-07-29,nuit,,,62,62427,3,1,7,4,4,Voie communale,50.0,1
202400024224,2024-05-25,après-midi,,,61,61052,1,1,7,2,4,Voie communale,50.0,1
202400024225,2024-01-25,matin,,,79,79202,1,1,6,4,3,Départementale,50.0,1
202400024226,2024-07-27,après-midi,,,62,62548,1,7,7,3,4,Voie communale,50.0,1
202400024227,2024-09-05,après-midi,,,34,34289,1,1,3,3,3,Départementale,80.0,1
202400024228,2024-07-28,soirée,,,59,59367,1,1,1,4,4,Voie communale,50.0,1
202400024229,2024-05-25,matin,,,55,55551,1,1,7,4,3,Départementale,90.0,1
202400024230,2024-01-25,matin,,,82,82049,2,2,5,3,3,Départementale,80.0,2
202400024231,2024-09-04,après-midi,,,67,67101,1,1,6,3,4,Voie communale,50.0,1
202400024232,2024-07-28,soirée,,,47,47031,1,1,6,3,3,Départementale,50.0,1
202400024233,2024-05-25,matin,,,42,42092,1,1,3,4,4,Voie communale,50.0,1
202400024234,2024-09-04,après-midi,,,67,67154,1,1,7,3,3,Départementale,80.0,1
202400024235,2024-05-24,après-midi,,,68,68082,1,3,6,4,3,Départementale,50.0,3
202400024236,2024-01-26,matin,,,71,71038,2,2,5,3,3,Départementale,80.0,2
202400024237,2024-07-28,matin,,,37,37122,1,1,3,4,4,Voie communale,50.0,1
202400024238,2024-09-04,après-midi,,,31,31451,1,1,3,4,3,Départementale,50.0,2
202400024239,2024-01-25,après-midi,,,12,12102,1,1,1,4,3,Départementale,90.0,1
202400024240,2024-07-27,soirée,,,35,35238,1,1,2,4,4,Voie communale,30.0,1
202400024241,2024-05-24,après-midi,,,68,68340,1,1,7,4,3,Départementale,,1
202400024242,2024-01-26,matin,,,42,42029,1,1,7,3,3,Départementale,80.0,1
202400024243,2024-07-28,soirée,,,34,34172,5,1,6,4,4,Voie communale,30.0,1
202400024244,2024-09-04,après-midi,,,17,17283,1,1,4,3,3,Départementale,90.0,1
202400024245,2024-05-25,nuit,,,39,39476,3,1,6,2,3,Départementale,50.0,1
202400024246,2024-01-24,matin,,,42,42059,1,1,7,4,4,Voie communale,50.0,1
202400024247,2024-05-22,matin,,,25,25151,1,3,6,3,3,Départementale,70.0,2
202400024248,2024-07-28,soirée,,,33,33281,1,1,3,4,4,Voie communale,5.0,1
202400024249,2024-01-25,après-midi,,,31,31232,2,1,1,4,3,Départementale,50.0,1
202400024250,2024-09-05,matin,,,56,56178,1,1,3,3,4,Voie communale,50.0,1
202400024251,2024-07-28,nuit,,,29,29039,3,1,6,4,4,Voie communale,50.0,1
202400024252,2024-07-28,nuit,,,19,19272,5,1,6,4,3,Départementale,30.0,1
202400024253,2024-05-25,après-midi,,,35,35299,1,1,3,4,3,Départementale,70.0,1
202400024254,2024-01-26,matin,,,01,01040,2,1,2,3,3,Départementale,80.0,1
202400024255,2024-05-25,matin,,,31,31396,1,1,6,3,3,Départementale,80.0,1
202400024256,2024-01-26,matin,,,60,60189,1,1,6,3,3,Départementale,80.0,2
202400024257,2024-07-28,matin,,,14,14059,1,1,7,4,3,Départementale,50.0,1
202400024258,2024-08-17,soirée,,,13,13106,1,1,2,4,1,Autoroute,90.0,1
202400024259,2024-05-24,soirée,,,38,38034,1,1,6,3,3,Départementale,80.0,1
202400024260,2024-01-25,après-midi,,,10,10019,2,8,3,3,3,Départementale,80.0,2
202400024261,2024-07-28,soirée,,,13,13117,1,1,1,4,4,Voie communale,50.0,1
202400024262,2024-09-04,après-midi,,,13,13028,1,1,6,4,1,Autoroute,130.0,1
202400024263,2024-05-24,nuit,,,02,02558,3,1,7,3,3,Départementale,80.0,1
202400024264,2024-01-18,matin,,,40,40002,2,1,5,3,4,Voie communale,30.0,1
202400024265,2024-09-04,matin,,,78,78043,1,1,5,4,1,Autoroute,110.0,1
202400024266,2024-07-17,soirée,,,13,13043,1,1,3,4,3,Départementale,50.0,1
202400024267,2024-05-25,matin,,,02,02322,1,1,3,3,3,Départementale,80.0,1
202400024268,2024-01-15,après-midi,,,27,27009,1,1,3,3,4,Voie communale,80.0,1
202400024269,2024-05-24,après-midi,,,72,72089,1,1,6,3,4,Voie communale,80.0,1
202400024270,2024-07-26,après-midi,,,07,07019,1,1,3,4,4,Voie communale,50.0,1
202400024271,2024-01-23,soirée,,,17,17347,5,2,6,4,3,Départementale,50.0,2
202400024272,2024-05-25,matin,,,06,06041,1,1,1,4,3,Départementale,,1
202400024273,2024-07-27,soirée,,,75,75112,5,8,2,4,4,Voie communale,70.0,2
202400024274,2024-05-24,nuit,,,06,06079,5,1,3,3,3,Départementale,50.0,1
202400024275,2024-07-27,après-midi,,,75,75120,1,3,6,4,4,Voie communale,50.0,2
202400024276,2024-01-25,après-midi,,,17,17020,1,1,3,4,3,Départementale,80.0,1
202400024277,2024-07-28,soirée,,,75,75116,1,1,6,4,4,Voie communale,30.0,1
202400024278,2024-05-24,après-midi,,,50,50029,1,1,2,4,3,Départementale,80.0,1
202400024279,2024-05-24,après-midi,,,60,60291,1,1,1,3,3,Départementale,80.0,1
202400024280,2024-01-02,matin,,,08,08096,1,3,1,4,3,Départementale,80.0,2
202400024281,2024-07-28,matin,,,75,75116,1,1,4,4,4,Voie communale,30.0,1
202400024282,2024-05-25,matin,,,64,64469,1,1,6,4,3,Départementale,50.0,1
202400024283,2024-01-24,nuit,,,08,08336,3,1,6,3,3,Départementale,80.0,1
202400024284,2024-07-28,matin,,,75,75115,1,1,3,4,4,Voie communale,30.0,1
202400024285,2024-05-24,après-midi,,,36,36018,1,1,3,4,3,Départementale,50.0,1
202400024286,2024-01-26,matin,,,88,88468,1,2,1,2,2,Nationale,50.0,2
202400024287,2024-07-28,nuit,,,75,75113,5,1,2,4,4,Voie communale,30.0,1
202400024288,2024-05-21,après-midi,,,53,53012,1,1,1,4,3,Départementale,90.0,1
202400024289,2024-01-16,matin,,,67,67388,2,1,6,4,4,Voie communale,50.0,7
202400024290,2024-07-28,après-midi,,,75,75109,1,1,6,4,4,Voie communale,30.0,1
202400024291,2024-05-24,soirée,,,40,40005,3,1,6,3,3,Départementale,80.0,1
202400024292,2024-01-25,après-midi,,,49,49123,1,8,3,3,3,Départementale,80.0,1
202400024293,2024-05-24,soirée,,,27,27656,1,1,7,4,3,Départementale,50.0,1
202400024294,2024-07-27,après-midi,,,75,75107,1,2,6,4,4,Voie communale,30.0,2
202400024295,2024-05-24,soirée,,,28,28362,1,1,7,3,3,Départementale,90.0,1
202400024296,2024-07-28,soirée,,,94,94076,1,1,2,4,3,Départementale,50.0,1
202400024297,2024-05-24,soirée,,,37,37050,1,1,6,4,4,Voie communale,50.0,1
202400024298,2024-07-28,nuit,,,94,94041,5,1,6,4,4,Voie communale,50.0,1
202400024299,2024-05-24,soirée,,,30,30259,5,1,3,4,3,Départementale,50.0,1
202400024300,2024-07-28,soirée,,,93,93070,1,1,2,4,3,Départementale,50.0,1
202400024301,2024-05-24,après-midi,,,52,52060,1,2,7,3,3,Départementale,90.0,2
202400024302,2024-07-27,soirée,,,93,93045,1,2,3,4,4,Voie communale,,2
202400024303,2024-05-25,soirée,,,31,31044,1,1,3,3,7,Autre,50.0,1
202400024304,2024-07-28,après-midi,,,93,93010,1,1,1,4,3,Départementale,30.0,1
202400024305,2024-05-25,soirée,,,06,06155,1,1,3,3,1,Autoroute,50.0,1
202400024306,2024-07-19,après-midi,,,93,93007,1,1,2,4,3,Départementale,50.0,1
202400024307,2024-05-25,matin,,,06,06027,1,1,7,3,1,Autoroute,70.0,1
202400024308,2024-05-12,matin,,,988,98815,1,1,7,3,4,Voie communale,50.0,1
202400024309,2024-07-27,après-midi,,,92,92020,1,2,6,4,3,Départementale,50.0,2
202400024310,2024-05-24,soirée,,,84,84028,1,1,7,4,3,Départementale,80.0,1
202400024311,2024-07-27,nuit,,,92,92036,3,8,3,4,4,Voie communale,30.0,1
202400024312,2024-05-24,matin,,,13,13027,1,1,3,4,3,Départementale,50.0,1
202400024313,2024-07-28,soirée,,,11,11367,3,1,6,4,3,Départementale,80.0,1
202400024314,2024-05-25,après-midi,,,57,57155,1,1,1,3,4,Voie communale,30.0,1
202400024315,2024-07-28,soirée,,,86,86140,1,1,6,4,3,Départementale,80.0,1
202400024316,2024-05-25,après-midi,,,73,73249,1,1,6,3,9,Autre,,1
202400024317,2024-07-22,après-midi,,,31,31253,1,1,2,4,3,Départementale,50.0,1
202400024318,2024-05-24,après-midi,,,81,81271,1,1,1,3,3,Départementale,50.0,1
202400024319,2024-07-28,nuit,,,81,81078,3,1,6,3,3,Départementale,80.0,1
202400024320,2024-05-24,soirée,,,69,69089,1,1,1,4,4,Voie communale,50.0,1
202400024321,2024-07-28,soirée,,,71,71550,2,1,6,4,1,Autoroute,130.0,1
202400024322,2024-05-24,après-midi,,,19,19082,1,1,6,4,4,Voie communale,50.0,1
202400024323,2024-07-29,nuit,,,83,83048,3,1,6,3,3,Départementale,50.0,1
202400024324,2024-05-13,soirée,,,33,33473,1,1,6,3,3,Départementale,80.0,1
202400024325,2024-07-27,nuit,,,01,01401,3,1,2,3,3,Départementale,80.0,1
202400024326,2024-07-28,soirée,,,974,97413,5,1,7,3,4,Voie communale,50.0,1
202400024327,2024-05-24,après-midi,,,60,60346,1,1,6,4,4,Voie communale,50.0,1
202400024328,2024-07-29,après-midi,,,30,30282,1,1,2,3,3,Départementale,50.0,1
202400024329,2024-05-24,après-midi,,,62,62014,1,1,3,4,3,Départementale,50.0,1
202400024330,2024-07-28,matin,,,83,83130,1,1,1,3,4,Voie communale,,1
202400024331,2024-07-28,après-midi,,,83,83073,1,1,3,3,3,Départementale,50.0,1
202400024332,2024-05-24,soirée,,,13,13212,1,1,3,4,1,Autoroute,70.0,1
202400024333,2024-07-28,soirée,,,57,57603,2,7,2,3,3,Départementale,50.0,1
202400024334,2024-05-20,soirée,,,59,59501,1,1,3,3,1,Autoroute,130.0,1
202400024335,2024-07-29,matin,,,56,56031,1,1,3,3,3,Départementale,80.0,1
202400024336,2024-05-21,soirée,,,59,59203,1,1,2,4,1,Autoroute,110.0,1
202400024337,2024-07-27,après-midi,,,56,56251,1,1,2,4,4,Voie communale,70.0,1
202400024338,2024-07-28,soirée,,,67,67072,1,1,7,4,3,Départementale,50.0,9
202400024339,2024-05-24,après-midi,,,92,92050,1,1,4,4,1,Autoroute,70.0,1
202400024340,2024-07-29,matin,,,79,79351,1,1,6,4,3,Départementale,80.0,1
202400024341,2024-07-28,après-midi,,,2B,2B150,1,1,7,3,2,Nationale,70.0,1
202400024342,2024-05-24,soirée,,,93,93010,1,1,5,4,1,Autoroute,70.0,1
202400024343,2024-07-27,après-midi,,,69,69130,1,1,1,3,3,Départementale,80.0,1
202400024344,2024-05-24,matin,,,93,93053,1,1,2,4,1,Autoroute,70.0,1
202400024345,2024-07-28,soirée,,,32,32107,1,1,6,3,3,Départementale,90.0,1
202400024346,2024-07-28,soirée,,,41,41095,1,1,7,4,4,Voie communale,,1
202400024347,2024-05-23,nuit,,,94,94018,4,1,6,2,1,Autoroute,90.0,1
202400024348,2024-07-27,matin,,,34,34239,1,1,3,3,3,Départementale,50.0,1
202400024349,2024-01-13,après-midi,,,84,84031,1,1,3,4,3,Départementale,30.0,1
202400024350,2024-07-28,soirée,,,34,34284,1,1,7,4,3,Départementale,90.0,1
202400024351,2024-03-13,après-midi,,,29,29232,1,1,6,2,4,Voie communale,50.0,1
202400024352,2024-07-18,après-midi,,,39,39470,1,1,7,3,4,Voie communale,50.0,9
202400024353,2024-02-10,après-midi,,,57,57474,1,2,3,4,3,Départementale,,2
202400024354,2024-07-29,matin,,,25,25372,1,1,2,4,3,Départementale,90.0,1
202400024355,2024-05-23,après-midi,,,976,97611,1,1,2,4,2,Nationale,50.0,1
202400024356,2024-07-28,matin,,,25,25328,3,1,6,3,2,Nationale,80.0,2
202400024357,2024-05-23,après-midi,,,974,97411,2,1,2,3,2,Nationale,70.0,1
202400024358,2024-07-22,après-midi,,,25,25036,1,1,3,4,4,Voie communale,50.0,1
202400024359,2024-05-23,après-midi,,,974,97409,1,1,2,4,4,Voie communale,50.0,1
202400024360,2024-07-28,soirée,,,38,38504,1,1,7,4,3,Départementale,50.0,1
202400024361,2024-05-22,matin,,,974,97409,1,1,3,4,4,Voie communale,50.0,1
202400024362,2024-07-27,nuit,,,15,15141,2,1,6,4,3,Départementale,90.0,1
202400024363,2024-05-23,matin,,,974,97407,1,1,3,4,4,Voie communale,50.0,1
202400024364,2024-05-23,après-midi,,,973,97302,1,1,6,4,3,Départementale,50.0,1
202400024365,2024-07-29,soirée,,,01,01123,1,1,3,3,4,Voie communale,50.0,1
202400024366,2024-05-23,soirée,,,972,97213,5,1,6,4,3,Départementale,50.0,1
202400024367,2024-07-19,après-midi,,,01,01319,1,1,3,4,3,Départementale,80.0,1
202400024368,2024-05-23,matin,,,972,97213,1,2,6,4,3,Départementale,50.0,2
202400024369,2024-07-27,matin,,,58,58302,1,1,6,3,4,Voie communale,50.0,1
202400024370,2024-05-22,après-midi,,,972,97209,1,1,7,3,3,Départementale,50.0,1
202400024371,2024-07-25,nuit,,,54,54504,3,1,6,4,3,Départementale,80.0,9
202400024372,2024-05-21,après-midi,,,972,97209,2,1,3,4,3,Départementale,50.0,1
202400024373,2024-07-27,matin,,,06,06148,1,1,1,4,3,Départementale,50.0,1
202400024374,2024-07-28,après-midi,,,05,05127,1,1,7,3,3,Départementale,80.0,1
202400024375,2024-05-23,soirée,,,69,69389,1,1,3,4,4,Voie communale,30.0,1
202400024376,2024-07-29,nuit,,,50,50603,3,1,6,3,3,Départementale,70.0,1
202400024377,2024-05-23,matin,,,971,97101,1,2,2,4,2,Nationale,90.0,2
202400024378,2024-05-23,après-midi,,,2A,2A004,1,1,2,4,3,Départementale,50.0,1
202400024379,2024-07-28,soirée,,,64,64133,2,1,3,4,3,Départementale,80.0,1
202400024380,2024-05-23,après-midi,,,2A,2A004,1,1,6,4,4,Voie communale,50.0,1
202400024381,2024-07-29,matin,,,18,18076,1,1,3,3,3,Départementale,50.0,1
202400024382,2024-07-28,soirée,,,10,10358,1,1,3,3,4,Voie communale,50.0,1
202400024383,2024-05-23,après-midi,,,95,95598,1,1,3,4,3,Départementale,50.0,1
202400024384,2024-07-28,nuit,,,07,07010,3,1,3,4,3,Départementale,80.0,1