Num_Acc,date,time_of_day,lat,long,dep,com,lum,atm,col,severity_index,catr,catr_label,vma,surf
202400024385,2024-05-23,matin,,,91,91161,1,1,6,4,3,Départementale,30.0,1
202400024386,2024-07-29,matin,,,21,21412,1,1,6,3,3,Départementale,90.0,1
202400024387,2024-05-23,après-midi,,,91,91201,1,1,3,3,4,Voie communale,10.0,1
202400024388,2024-07-28,soirée,,,28,28154,1,1,2,3,3,Départementale,50.0,1
202400024389,2024-07-28,après-midi,,,08,08202,1,1,2,3,3,Départementale,80.0,1
202400024390,2024-05-22,matin,,,91,91027,1,1,3,4,2,Nationale,50.0,1
202400024391,2024-07-29,après-midi,,,88,88037,1,9,7,2,4,Voie communale,80.0,1
202400024392,2024-05-23,après-midi,,,91,91223,1,1,2,4,4,Voie communale,30.0,1
202400024393,2024-07-29,après-midi,,,88,88200,1,1,1,3,3,Départementale,50.0,1
202400024394,2024-07-29,matin,,,63,63311,1,1,2,3,1,Autoroute,130.0,1
202400024395,2024-05-15,matin,,,89,89024,1,1,5,4,2,Nationale,50.0,1
202400024396,2024-07-29,après-midi,,,35,35210,1,1,1,3,7,Autre,70.0,1
202400024397,2024-05-24,soirée,,,88,88087,1,1,3,4,4,Voie communale,50.0,1
202400024398,2024-05-22,matin,,,85,85194,1,1,3,3,3,Départementale,50.0,1
202400024399,2024-07-25,après-midi,,,31,31254,1,1,1,4,3,Départementale,80.0,1
202400024400,2024-05-23,après-midi,,,85,85191,1,1,2,4,4,Voie communale,50.0,1
202400024401,2024-07-28,soirée,,,45,45278,2,1,6,4,3,Départementale,80.0,1
202400024402,2024-07-23,matin,,,66,66103,1,1,5,4,3,Départementale,80.0,1
202400024403,2024-05-22,soirée,,,84,84007,1,1,5,4,3,Départementale,70.0,1
202400024404,2024-05-23,matin,,,78,78551,1,8,6,3,3,Départementale,80.0,1
202400024405,2024-05-23,après-midi,,,77,77305,1,1,3,3,3,Départementale,30.0,1
202400024406,2024-07-29,après-midi,,,66,66008,1,1,3,4,3,Départementale,50.0,1
202400024407,2024-05-22,après-midi,,,77,77131,1,2,6,4,4,Voie communale,50.0,2
202400024408,2024-07-29,après-midi,,,13,13100,1,1,2,4,3,Départementale,80.0,1
202400024409,2024-05-23,matin,,,76,76351,1,1,3,4,4,Voie communale,50.0,1
202400024410,2024-07-29,matin,,,38,38449,1,1,1,4,3,Départementale,80.0,1
202400024411,2024-07-26,soirée,,,38,38382,1,1,3,4,7,Autre,50.0,1
202400024412,2024-05-22,soirée,,,76,76351,1,1,3,4,4,Voie communale,50.0,1
202400024413,2024-05-22,après-midi,,,71,71270,1,1,6,4,4,Voie communale,50.0,1
202400024414,2024-07-28,matin,,,01,01049,1,1,3,4,3,Départementale,,1
202400024415,2024-07-28,après-midi,,,69,69208,1,7,7,3,4,Voie communale,80.0,1
202400024416,2024-05-23,soirée,,,69,69266,1,1,6,4,4,Voie communale,30.0,1
202400024417,2024-07-28,matin,,,17,17102,2,1,7,4,3,Départementale,80.0,1
202400024418,2024-07-29,après-midi,,,27,27240,1,1,6,2,3,Départementale,50.0,1
202400024419,2024-05-23,nuit,,,69,69290,5,1,6,4,4,Voie communale,50.0,1
202400024420,2024-07-29,après-midi,,,02,02381,1,1,2,4,3,Départementale,80.0,1
202400024421,2024-05-22,soirée,,,69,69259,2,2,3,4,4,Voie communale,50.0,2
202400024422,2024-07-27,soirée,,,13,13106,1,1,2,4,1,Autoroute,90.0,1
202400024423,2024-05-22,après-midi,,,69,69271,1,1,2,4,4,Voie communale,50.0,1
202400024424,2024-05-21,après-midi,,,67,67482,1,1,6,3,4,Voie communale,50.0,1
202400024425,2024-07-28,matin,,,83,83047,1,1,1,4,1,Autoroute,110.0,1
202400024426,2024-07-28,nuit,,,78,78029,3,1,2,4,1,Autoroute,130.0,1
202400024427,2024-05-23,matin,,,65,65440,1,1,3,3,4,Voie communale,50.0,1
202400024428,2024-07-27,après-midi,,,92,92063,1,2,3,4,1,Autoroute,70.0,2
202400024429,2024-05-23,après-midi,,,64,64249,1,1,4,4,3,Départementale,70.0,1
202400024430,2024-07-28,après-midi,,,93,93078,1,1,5,4,1,Autoroute,50.0,1
202400024431,2024-05-23,après-midi,,,64,64445,1,1,6,4,4,Voie communale,50.0,1
202400024432,2024-07-28,nuit,,,95,95218,2,1,6,4,1,Autoroute,90.0,1
202400024433,2024-07-28,nuit,,,93,93010,3,1,3,4,1,Autoroute,90.0,1
202400024434,2024-05-23,après-midi,,,63,63113,1,2,3,4,4,Voie communale,30.0,2
202400024435,2024-07-28,nuit,,,95,95351,3,1,6,3,2,Nationale,110.0,1
202400024436,2024-07-27,soirée,,,95,95277,1,1,6,4,1,Autoroute,70.0,1
202400024437,2024-05-23,après-midi,,,62,62250,1,1,4,4,3,Départementale,80.0,1
202400024438,2024-05-22,après-midi,,,62,62498,1,2,6,4,3,Départementale,50.0,2
202400024439,2024-07-27,soirée,,,93,93066,2,1,5,4,1,Autoroute,90.0,1
202400024440,2024-07-27,matin,,,95,95572,1,2,6,4,2,Nationale,70.0,2
202400024441,2024-05-23,après-midi,,,62,62193,1,1,6,4,4,Voie communale,30.0,1
202400024442,2024-07-27,matin,,,987,98735,1,1,3,3,4,Voie communale,30.0,1
202400024443,2024-05-22,matin,,,62,62160,2,1,6,3,4,Voie communale,50.0,1
202400024444,2024-07-27,matin,,,976,97611,1,1,3,4,2,Nationale,50.0,1
202400024445,2024-05-23,matin,,,59,59599,1,1,3,4,4,Voie communale,50.0,1
202400024446,2024-07-27,matin,,,974,97411,1,1,7,4,4,Voie communale,50.0,1
202400024447,2024-05-23,après-midi,,,59,59328,1,1,2,4,7,Autre,50.0,1
202400024448,2024-07-27,nuit,,,69,69388,5,1,6,4,4,Voie communale,50.0,1
202400024449,2024-07-27,nuit,,,972,97213,5,2,1,4,4,Voie communale,30.0,2
202400024450,2024-05-23,matin,,,54,54375,1,1,1,4,3,Départementale,50.0,1
202400024451,2024-07-26,soirée,,,972,97213,3,1,3,4,4,Voie communale,70.0,1
202400024452,2024-05-22,soirée,,,54,54395,1,1,3,4,4,Voie communale,30.0,1
202400024453,2024-07-28,nuit,,,69,69034,5,1,6,4,4,Voie communale,50.0,1
202400024454,2024-05-23,après-midi,,,54,54149,1,1,3,4,3,Départementale,80.0,1
202400024455,2024-07-15,nuit,,,971,97120,5,1,3,3,3,Départementale,50.0,1
202400024456,2024-05-22,soirée,,,49,49246,1,1,3,4,1,Autoroute,130.0,1
202400024457,2024-05-22,après-midi,,,49,49015,1,8,3,4,4,Voie communale,50.0,1
202400024458,2024-05-22,soirée,,,42,42218,1,1,4,4,4,Voie communale,50.0,1
202400024459,2024-05-23,après-midi,,,41,41018,1,1,6,4,4,Voie communale,50.0,1
202400024460,2024-05-23,matin,,,37,37261,1,8,3,4,4,Voie communale,50.0,1
202400024461,2024-05-21,après-midi,,,37,37233,1,2,3,4,4,Voie communale,50.0,2
202400024462,2024-05-22,après-midi,,,35,35281,1,1,2,4,2,Nationale,90.0,1
202400024463,2024-05-23,après-midi,,,34,34301,1,1,3,4,4,Voie communale,50.0,1
202400024464,2024-05-22,nuit,,,33,33063,5,1,3,4,4,Voie communale,50.0,2
202400024465,2024-05-23,après-midi,,,31,31557,1,1,3,4,7,Autre,50.0,1
202400024466,2024-05-23,après-midi,,,31,31149,1,1,3,4,4,Voie communale,50.0,1
202400024467,2024-05-23,après-midi,,,30,30007,1,1,3,4,4,Voie communale,50.0,1
202400024468,2024-05-23,après-midi,,,29,29019,1,1,3,4,4,Voie communale,30.0,1
202400024469,2024-05-23,soirée,,,27,27375,1,1,3,4,4,Voie communale,50.0,1
202400024470,2024-05-23,matin,,,25,25204,1,2,1,4,2,Nationale,80.0,2
202400024471,2024-05-23,après-midi,,,19,19031,1,1,3,3,3,Départementale,50.0,1
202400024472,2024-05-23,matin,,,19,19031,1,1,3,4,4,Voie communale,30.0,2
202400024473,2024-05-22,matin,,,17,17415,1,8,2,4,3,Départementale,50.0,1
202400024474,2024-05-22,après-midi,,,30,30032,1,1,1,2,3,Départementale,70.0,1
202400024475,2024-05-23,matin,,,13,13056,1,1,7,4,3,Départementale,50.0,1
202400024476,2024-05-23,après-midi,,,13,13203,1,1,3,4,4,Voie communale,50.0,1
202400024477,2024-05-23,après-midi,,,13,13211,1,1,3,2,7,Autre,50.0,1
202400024478,2024-05-23,matin,,,13,13208,1,1,3,3,4,Voie communale,50.0,1
202400024479,2024-05-24,nuit,,,11,11069,3,1,6,4,4,Voie communale,70.0,1
202400024480,2024-05-23,après-midi,,,06,06088,1,1,4,4,4,Voie communale,50.0,1
202400024481,2024-05-22,après-midi,,,06,06030,1,1,1,4,3,Départementale,50.0,1
202400024482,2024-05-18,nuit,,,03,03310,5,1,3,4,4,Voie communale,50.0,1
202400024483,2024-05-23,après-midi,,,03,03321,1,3,6,3,3,Départementale,50.0,2
202400024484,2024-05-23,soirée,,,01,01289,1,1,3,4,4,Voie communale,50.0,1
202400024485,2024-05-22,après-midi,,,01,01053,1,1,3,4,4,Voie communale,50.0,1
202400024486,2024-05-23,matin,,,75,75116,1,1,2,4,4,Voie communale,70.0,1
202400024487,2024-05-23,matin,,,75,75112,1,1,3,4,4,Voie communale,70.0,1
202400024488,2024-05-23,matin,,,75,75117,1,1,2,4,4,Voie communale,70.0,1
202400024489,2024-05-23,matin,,,75,75113,1,1,2,4,4,Voie communale,70.0,1
202400024490,2024-05-23,après-midi,,,75,75114,1,1,6,4,4,Voie communale,30.0,1
202400024491,2024-05-22,matin,,,75,75111,1,1,2,3,4,Voie communale,30.0,1
202400024492,2024-05-23,soirée,,,75,75119,1,1,6,4,4,Voie communale,30.0,1
202400024493,2024-05-23,après-midi,,,75,75118,1,1,6,4,4,Voie communale,30.0,2
202400024494,2024-05-22,après-midi,,,75,75117,1,1,6,4,4,Voie communale,30.0,1
202400024495,2024-05-23,après-midi,,,75,75116,1,2,6,4,4,Voie communale,50.0,2
202400024496,2024-05-22,nuit,,,75,75115,5,1,6,4,4,Voie communale,30.0,1
202400024497,2024-05-22,nuit,,,75,75115,5,1,6,4,4,Voie communale,30.0,1
202400024498,2024-05-22,nuit,,,75,75114,5,1,2,4,4,Voie communale,30.0,1
202400024499,2024-05-22,soirée,,,75,75113,5,1,6,3,4,Voie communale,30.0,1
202400024500,2024-05-23,après-midi,,,75,75112,1,1,6,4,4,Voie communale,30.0,1
202400024501,2024-05-23,après-midi,,,75,75111,1,8,6,4,4,Voie communale,30.0,1
202400024502,2024-05-22,après-midi,,,75,75111,1,1,3,4,4,Voie communale,30.0,1
202400024503,2024-05-23,matin,,,75,75105,1,1,3,4,4,Voie communale,30.0,1
202400024504,2024-05-22,après-midi,,,75,75109,1,3,6,4,4,Voie communale,30.0,2
202400024505,2024-05-22,matin,,,75,75103,1,1,6,4,4,Voie communale,30.0,1
202400024506,2024-05-23,après-midi,,,94,94080,1,1,6,4,4,Voie communale,30.0,1
202400024507,2024-05-23,matin,,,94,94068,1,1,3,4,3,Départementale,30.0,1
202400024508,2024-05-22,soirée,,,94,94068,1,1,3,4,4,Voie communale,30.0,1
202400024509,2024-05-22,après-midi,,,94,94068,1,1,3,4,3,Départementale,30.0,1
202400024510,2024-05-22,matin,,,94,94003,1,1,6,3,3,Départementale,50.0,1
202400024511,2024-05-23,soirée,,,94,94022,1,1,6,4,4,Voie communale,50.0,1
202400024512,2024-05-23,matin,,,94,94022,1,1,6,4,4,Voie communale,50.0,1
202400024513,2024-05-22,après-midi,,,94,94055,1,1,6,4,3,Départementale,50.0,1
202400024514,2024-10-06,après-midi,,,57,57631,1,1,2,3,3,Départementale,70.0,1
202400024515,2024-05-23,nuit,,,94,94018,4,1,6,4,1,Autoroute,30.0,1
202400024516,2024-10-08,soirée,,,56,56083,5,2,6,4,3,Départementale,50.0,2
202400024517,2024-05-22,soirée,,,94,94017,1,1,3,4,3,Départementale,50.0,1
202400024518,2024-10-08,après-midi,,,56,56107,1,1,6,4,4,Voie communale,30.0,1
202400024519,2024-04-23,soirée,,,93,93031,1,1,6,4,4,Voie communale,,1
202400024520,2024-10-08,après-midi,,,52,52121,1,1,6,3,3,Départementale,50.0,1
202400024521,2024-05-23,soirée,,,93,93005,1,1,3,4,3,Départementale,50.0,1
202400024522,2024-10-08,après-midi,,,51,51454,1,1,7,4,4,Voie communale,30.0,1
202400024523,2024-05-22,soirée,,,92,92022,1,1,3,4,3,Départementale,50.0,1
202400024524,2024-05-23,après-midi,,,92,92036,1,1,3,4,3,Départementale,50.0,1
202400024525,2024-10-08,matin,,,51,51454,1,1,3,3,4,Voie communale,50.0,2
202400024526,2024-05-23,après-midi,,,92,92012,1,8,2,3,3,Départementale,50.0,1
202400024527,2024-10-08,soirée,,,50,50129,5,8,6,3,3,Départementale,50.0,2
202400024528,2024-05-23,soirée,,,92,92004,1,1,3,4,3,Départementale,50.0,1
202400024529,2024-10-08,matin,,,50,50129,2,8,2,4,3,Départementale,50.0,2
202400024530,2024-05-24,matin,,,57,57028,2,1,3,4,3,Départementale,50.0,2
202400024531,2024-10-07,matin,,,50,50129,5,1,1,4,3,Départementale,25.0,2
202400024532,2024-05-23,après-midi,,,40,40133,1,1,6,3,3,Départementale,80.0,1
202400024533,2024-05-24,matin,,,21,21452,1,1,6,4,1,Autoroute,130.0,1
202400024534,2024-05-30,après-midi,,,49,49328,1,1,6,4,4,Voie communale,50.0,1
202400024535,2024-05-23,après-midi,,,21,21599,1,8,6,3,1,Autoroute,130.0,1
202400024536,2024-05-23,matin,,,46,46148,1,1,2,3,3,Départementale,50.0,1
202400024537,2024-10-08,après-midi,,,49,49007,1,1,2,4,4,Voie communale,30.0,2
202400024538,2024-05-11,nuit,,,01,01157,3,1,6,2,3,Départementale,80.0,1
202400024539,2024-10-09,après-midi,,,45,45208,1,3,3,4,4,Voie communale,50.0,2
202400024540,2024-05-24,nuit,,,26,26009,4,1,7,3,3,Départementale,50.0,1
202400024541,2024-10-09,matin,,,45,45004,1,3,2,4,3,Départementale,50.0,2
202400024542,2024-05-24,soirée,,,42,42307,1,1,1,4,7,Autre,80.0,1
202400024543,2024-08-30,matin,,,44,44114,1,1,1,4,4,Voie communale,50.0,1
202400024544,2024-05-24,après-midi,,,44,44209,1,1,6,4,2,Nationale,110.0,1
202400024545,2024-05-24,nuit,,,34,34036,3,1,2,4,1,Autoroute,130.0,1
202400024546,2024-05-23,après-midi,,,57,57038,1,1,2,3,3,Départementale,70.0,2
202400024547,2024-05-22,soirée,,,56,56129,1,3,6,3,3,Départementale,80.0,2
202400024548,2024-10-05,nuit,,,42,42218,5,1,6,2,4,Voie communale,50.0,1
202400024549,2024-05-17,matin,,,56,56013,1,2,3,3,3,Départementale,50.0,2
202400024550,2024-10-09,matin,,,37,37261,1,2,6,4,4,Voie communale,50.0,2
202400024551,2024-05-22,matin,,,65,65446,1,1,3,3,3,Départementale,50.0,1
202400024552,2024-05-22,après-midi,,,32,32158,1,1,6,3,3,Départementale,80.0,1
202400024553,2024-10-09,nuit,,,37,37261,5,3,3,4,4,Voie communale,50.0,2
202400024554,2024-05-24,nuit,,,32,32262,3,1,6,3,3,Départementale,80.0,1
202400024555,2024-05-24,après-midi,,,71,71479,1,1,1,3,3,Départementale,80.0,1
202400024556,2024-05-21,nuit,,,61,61207,3,2,7,3,3,Départementale,80.0,2
202400024557,2024-10-09,soirée,,,33,33192,5,2,4,4,4,Voie communale,50.0,2
202400024558,2024-05-23,après-midi,,,68,68338,1,1,3,4,3,Départementale,70.0,1
202400024559,2024-05-23,soirée,,,29,29013,1,1,3,4,3,Départementale,80.0,1
202400024560,2024-10-08,nuit,,,29,29019,5,2,3,4,4,Voie communale,50.0,2
202400024561,2024-05-21,matin,,,29,29081,1,1,6,3,4,Voie communale,,1
202400024562,2024-10-08,soirée,,,29,29019,2,2,6,4,4,Voie communale,50.0,2
202400024563,2024-05-24,après-midi,,,29,29263,1,1,3,4,2,Nationale,80.0,1
202400024564,2024-05-23,après-midi,,,38,38399,1,2,1,3,3,Départementale,80.0,2
202400024565,2024-10-08,après-midi,,,29,29019,1,2,6,4,4,Voie communale,20.0,2
202400024566,2024-05-24,après-midi,,,02,02608,1,1,3,2,3,Départementale,80.0,1
202400024567,2024-10-09,matin,,,27,27681,1,3,3,4,4,Voie communale,50.0,4
202400024568,2024-05-23,après-midi,,,02,02232,1,1,6,3,3,Départementale,80.0,1
202400024569,2024-10-08,après-midi,,,27,27229,1,1,6,4,4,Voie communale,50.0,1
202400024570,2024-05-24,après-midi,,,15,15049,1,1,6,3,4,Voie communale,90.0,1
202400024571,2024-05-23,soirée,,,58,58095,1,1,7,4,3,Départementale,90.0,1
202400024572,2024-10-08,matin,,,27,27229,2,2,6,3,4,Voie communale,50.0,2
202400024573,2024-05-23,soirée,,,66,66149,1,1,1,4,4,Voie communale,80.0,9
202400024574,2024-10-09,soirée,,,25,25056,5,2,2,4,2,Nationale,90.0,2
202400024575,2024-05-24,soirée,,,54,54010,1,1,3,3,4,Voie communale,80.0,1
202400024576,2024-10-09,matin,,,13,13056,1,1,3,4,4,Voie communale,30.0,1
202400024577,2024-10-09,nuit,,,13,13202,5,1,1,4,4,Voie communale,50.0,1
202400024578,2024-10-09,soirée,,,13,13210,5,2,2,4,4,Voie communale,50.0,2
202400024579,2024-10-05,soirée,,,13,13028,5,1,2,4,4,Voie communale,30.0,1
202400024580,2024-10-09,soirée,,,10,10387,5,2,6,4,4,Voie communale,50.0,2
202400024581,2024-10-09,matin,,,06,06029,1,1,2,3,3,Départementale,50.0,1
202400024582,2024-10-09,après-midi,,,75,75105,1,3,3,4,4,Voie communale,30.0,2
202400024583,2024-10-09,après-midi,,,75,75118,1,3,3,4,4,Voie communale,30.0,2
202400024584,2024-10-09,soirée,,,75,75113,5,2,4,4,4,Voie communale,30.0,2
202400024585,2024-10-09,soirée,,,75,75110,5,3,2,4,4,Voie communale,30.0,2
202400024586,2024-10-07,nuit,,,75,75109,5,2,3,3,4,Voie communale,30.0,2
202400024587,2024-10-09,soirée,,,75,75108,5,3,6,4,4,Voie communale,30.0,2
202400024588,2024-10-09,après-midi,,,75,75108,1,3,6,3,4,Voie communale,30.0,2
202400024589,2024-10-09,matin,,,75,75101,2,2,1,4,4,Voie communale,30.0,2
202400024590,2024-10-08,après-midi,,,75,75101,1,1,3,4,4,Voie communale,30.0,1
202400024591,2024-10-08,nuit,,,75,75103,5,8,3,4,4,Voie communale,30.0,1
202400024592,2024-10-09,après-midi,,,94,94003,1,2,6,4,4,Voie communale,30.0,2
202400024593,2024-10-08,matin,,,93,93053,3,1,6,4,4,Voie communale,30.0,2
202400024594,2024-10-09,soirée,,,93,93049,5,3,3,4,3,Départementale,30.0,2
202400024595,2024-10-09,soirée,,,93,93048,2,3,6,4,3,Départementale,15.0,2
202400024596,2024-10-09,après-midi,,,93,93029,1,3,3,4,4,Voie communale,50.0,2
202400024597,2024-10-09,matin,,,93,93029,1,2,3,4,4,Voie communale,50.0,2
202400024598,2024-10-09,après-midi,,,93,93008,1,3,3,4,3,Départementale,50.0,2
202400024599,2024-10-09,soirée,,,93,93005,2,3,1,4,4,Voie communale,50.0,2
202400024600,2024-10-09,nuit,,,92,92073,5,1,1,4,4,Voie communale,50.0,2
202400024601,2024-10-04,après-midi,,,92,92063,1,1,3,4,3,Départementale,50.0,1
202400024602,2024-10-08,matin,,,92,92063,1,8,4,4,3,Départementale,50.0,2
202400024603,2024-10-07,matin,,,92,92049,1,1,7,4,3,Départementale,50.0,2
202400024604,2024-10-09,matin,,,92,92026,1,3,2,4,4,Voie communale,50.0,2
202400024605,2024-10-09,matin,,,92,92026,2,2,6,3,3,Départementale,50.0,2
202400024606,2024-10-09,soirée,,,92,92004,5,3,6,4,4,Voie communale,30.0,3
202400024607,2024-10-09,après-midi,,,34,34295,1,1,7,4,7,Autre,70.0,1
202400024608,2024-10-10,après-midi,,,974,97415,1,1,1,3,4,Voie communale,50.0,1
202400024609,2024-10-10,nuit,,,84,84088,3,2,6,2,3,Départementale,70.0,2
202400024610,2024-10-09,après-midi,,,22,22206,1,1,3,4,4,Voie communale,30.0,1
202400024611,2024-10-10,matin,,,51,51609,2,2,6,4,4,Voie communale,50.0,6
202400024612,2024-10-10,matin,,,37,37077,2,1,2,4,1,Autoroute,130.0,1
202400024613,2024-10-10,matin,,,30,30047,1,1,7,4,3,Départementale,50.0,1
202400024614,2024-10-10,matin,,,04,04033,1,1,6,4,3,Départementale,90.0,2
202400024615,2024-10-10,nuit,,,51,51507,3,2,2,4,3,Départementale,90.0,2
202400024616,2024-10-10,matin,,,51,51436,1,1,6,2,3,Départementale,80.0,2
202400024617,2024-10-09,après-midi,,,56,56219,1,3,1,4,2,Nationale,50.0,2
202400024618,2024-10-09,matin,,,77,77025,2,3,1,3,3,Départementale,90.0,2
202400024619,2024-10-09,après-midi,,,2B,2B329,1,1,6,4,2,Nationale,80.0,1
202400024620,2024-10-08,après-midi,,,80,80706,1,1,1,3,3,Départementale,80.0,1
202400024621,2024-10-10,soirée,,,63,63229,1,1,2,3,9,Autre,80.0,9
202400024622,2024-10-10,matin,,,68,68049,1,1,6,3,3,Départementale,80.0,2
202400024623,2024-09-21,après-midi,,,29,29185,1,1,6,4,4,Voie communale,50.0,2
202400024624,2024-10-09,soirée,,,31,31170,3,6,3,2,3,Départementale,80.0,2
202400024625,2024-10-07,soirée,,,70,70311,3,3,7,3,2,Nationale,80.0,2
202400024626,2024-10-10,après-midi,,,50,50151,1,1,3,3,3,Départementale,80.0,1
202400024627,2024-10-10,matin,,,45,45166,1,1,1,4,3,Départementale,80.0,2
202400024628,2024-10-09,après-midi,,,18,18008,1,1,3,4,3,Départementale,80.0,2
202400024629,2024-10-10,nuit,,,36,36021,3,2,3,4,3,Départementale,80.0,2
202400024630,2024-10-09,nuit,,,36,36140,5,3,7,3,3,Départementale,50.0,2
202400024631,2024-10-09,après-midi,,,16,16175,1,3,6,3,2,Nationale,110.0,2
202400024632,2024-10-08,matin,,,21,21610,1,2,7,3,3,Départementale,80.0,4
202400024633,2024-10-09,soirée,,,23,23240,3,6,6,3,4,Voie communale,90.0,2
202400024634,2024-10-10,matin,,,30,30322,1,1,7,2,3,Départementale,50.0,1
202400024635,2024-08-20,matin,,,79,79355,1,1,2,3,1,Autoroute,130.0,1
202400024636,2024-10-10,après-midi,,,85,85102,1,1,6,4,3,Départementale,80.0,1
202400024637,2024-10-09,matin,,,24,24077,1,1,1,3,2,Nationale,80.0,1
202400024638,2024-10-10,matin,,,45,45032,2,9,2,4,1,Autoroute,130.0,2
202400024639,2024-10-09,après-midi,,,971,97118,1,1,1,4,3,Départementale,50.0,1
202400024640,2024-10-10,matin,,,41,41220,3,1,1,4,3,Départementale,50.0,2
202400024641,2024-10-07,après-midi,,,13,13062,1,1,3,3,3,Départementale,80.0,1
202400024642,2024-10-09,matin,,,26,26252,1,1,5,4,1,Autoroute,130.0,1
202400024643,2024-09-24,soirée,,,68,68309,1,1,6,3,4,Voie communale,50.0,1
202400024644,2024-10-09,après-midi,,,46,46109,1,2,2,3,1,Autoroute,110.0,2
202400024645,2024-10-10,après-midi,,,16,16061,1,1,3,4,2,Nationale,80.0,1
202400024646,2024-10-09,après-midi,,,47,47094,1,3,1,3,3,Départementale,80.0,2
202400024647,2024-10-08,soirée,,,33,33293,1,1,7,4,4,Voie communale,30.0,1
202400024648,2024-10-08,après-midi,,,33,33312,1,1,3,3,4,Voie communale,30.0,2
202400024649,2024-10-10,matin,,,85,85071,1,7,6,2,3,Départementale,50.0,1
202400024650,2024-10-09,soirée,,,50,50612,1,1,6,4,3,Départementale,,2
202400024651,2024-10-10,après-midi,,,14,14658,1,1,6,3,4,Voie communale,80.0,1
202400024652,2024-10-09,soirée,,,22,22093,3,2,1,2,3,Départementale,80.0,2
202400024653,2024-10-10,matin,,,76,76099,4,3,1,3,3,Départementale,80.0,2
202400024654,2024-10-08,après-midi,,,54,54197,1,8,6,4,1,Autoroute,90.0,1
202400024655,2024-09-20,après-midi,,,33,33013,1,1,4,4,2,Nationale,90.0,1
202400024656,2024-10-09,après-midi,,,91,91479,1,3,4,4,2,Nationale,70.0,2
202400024657,2024-10-09,après-midi,,,92,92002,1,1,4,4,1,Autoroute,70.0,1
202400024658,2024-10-08,nuit,,,92,92051,5,1,3,4,2,Nationale,70.0,2
202400024659,2024-10-08,après-midi,,,92,92050,1,9,5,4,1,Autoroute,70.0,1
202400024660,2024-10-07,matin,,,93,93078,1,8,2,4,1,Autoroute,90.0,2
202400024661,2024-07-13,nuit,,,91,91477,3,1,2,4,1,Autoroute,70.0,2
202400024662,2024-07-12,après-midi,,,91,91223,1,1,6,4,3,Départementale,90.0,1
202400024663,2024-07-11,après-midi,,,91,91064,1,1,6,4,2,Nationale,70.0,1
202400024664,2024-08-07,après-midi,,,74,74305,1,1,6,4,3,Départementale,30.0,1
202400024665,2024-07-28,après-midi,,,29,29234,1,7,3,4,2,Nationale,80.0,1
202400024666,2024-10-08,après-midi,,,974,97416,1,1,1,4,4,Voie communale,50.0,1
202400024667,2024-10-07,après-midi,,,974,97416,1,1,2,4,4,Voie communale,70.0,1
202400024668,2024-10-07,après-midi,,,974,97416,1,1,6,3,4,Voie communale,30.0,1
202400024669,2024-10-08,nuit,,,974,97411,3,1,7,3,4,Voie communale,50.0,1
202400024670,2024-10-08,matin,,,974,97411,1,1,2,4,2,Nationale,90.0,1
202400024671,2024-10-08,matin,,,974,97411,1,1,3,4,2,Nationale,50.0,1
202400024672,2024-10-08,matin,,,974,97407,1,1,6,4,4,Voie communale,30.0,1
202400024673,2024-10-08,matin,,,974,97407,1,1,7,3,5,Autre,30.0,1
202400024674,2024-10-08,soirée,,,973,97302,5,1,3,4,3,Départementale,50.0,1
202400024675,2024-10-08,matin,,,973,97302,1,1,3,4,3,Départementale,50.0,1
202400024676,2024-10-08,matin,,,973,97302,1,1,5,4,3,Départementale,50.0,1
202400024677,2024-10-08,matin,,,973,97302,1,1,2,4,2,Nationale,50.0,1
202400024678,2024-10-08,après-midi,,,69,69387,1,2,6,4,4,Voie communale,30.0,2
202400024679,2024-10-08,matin,,,69,69383,1,3,3,4,4,Voie communale,30.0,2
202400024680,2024-10-08,matin,,,69,69383,1,1,3,4,4,Voie communale,30.0,2
202400024681,2024-10-08,matin,,,972,97209,1,1,7,3,3,Départementale,70.0,1
202400024682,2024-10-08,soirée,,,2B,2B120,3,1,6,4,2,Nationale,50.0,1
202400024683,2024-10-07,après-midi,,,971,97101,1,1,4,4,2,Nationale,90.0,1
202400024684,2024-10-07,après-midi,,,971,97120,1,1,3,4,3,Départementale,50.0,1
202400024685,2024-10-08,après-midi,,,95,95197,1,8,1,4,4,Voie communale,30.0,1
202400024686,2024-10-08,nuit,,,95,95500,5,8,1,4,3,Départementale,50.0,1
202400024687,2024-10-08,matin,,,91,91103,1,1,6,4,3,Départementale,50.0,2
202400024688,2024-10-08,matin,,,91,91201,1,2,7,4,4,Voie communale,50.0,2
202400024689,2024-10-05,après-midi,,,85,85194,1,2,7,3,4,Voie communale,20.0,2
202400024690,2024-10-08,matin,,,85,85194,2,1,6,4,4,Voie communale,50.0,2
202400024691,2024-10-07,soirée,,,84,84007,1,1,2,4,4,Voie communale,50.0,1
202400024692,2024-10-07,après-midi,,,83,83062,1,1,3,3,3,Départementale,,1
202400024693,2024-10-06,soirée,,,80,80021,5,2,7,4,4,Voie communale,50.0,2
202400024694,2024-10-08,matin,,,77,77374,1,8,1,2,3,Départementale,80.0,1
202400024695,2024-10-07,après-midi,,,77,77058,1,2,1,4,3,Départementale,80.0,2
202400024696,2024-10-08,soirée,,,77,77433,3,3,1,4,3,Départementale,70.0,2