Num_Acc,date,time_of_day,lat,long,dep,com,lum,atm,col,severity_index,catr,catr_label,vma,surf
202400024697,2024-10-08,matin,,,69,69266,2,3,6,4,4,Voie communale,50.0,4
202400024698,2024-10-07,matin,,,67,67447,1,3,7,4,4,Voie communale,50.0,2
202400024699,2024-10-08,matin,,,66,66136,1,1,2,4,4,Voie communale,50.0,1
202400024700,2024-10-07,matin,,,66,66136,1,2,2,4,4,Voie communale,50.0,2
202400024701,2024-10-07,soirée,,,65,65440,1,1,3,4,4,Voie communale,50.0,1
202400024702,2024-10-03,soirée,,,62,62765,1,1,2,4,4,Voie communale,50.0,1
202400024703,2024-10-08,après-midi,,,61,61006,1,1,3,4,3,Départementale,30.0,1
202400024704,2024-10-08,après-midi,,,59,59560,1,1,3,4,7,Autre,50.0,1
202400024705,2024-10-08,après-midi,,,59,59350,1,1,3,4,4,Voie communale,30.0,1
202400024706,2024-10-08,après-midi,,,56,56260,1,1,6,4,4,Voie communale,50.0,1
202400024707,2024-10-07,après-midi,,,56,56260,1,8,6,4,4,Voie communale,20.0,1
202400024708,2024-10-08,après-midi,,,56,56121,1,1,6,4,4,Voie communale,30.0,1
202400024709,2024-10-08,matin,,,56,56121,1,1,3,4,4,Voie communale,30.0,1
202400024710,2024-10-04,matin,,,50,50129,1,1,1,3,3,Départementale,80.0,1
202400024711,2024-10-07,soirée,,,49,49328,1,2,2,4,4,Voie communale,50.0,2
202400024712,2024-10-06,après-midi,,,49,49099,1,8,2,4,4,Voie communale,50.0,2
202400024713,2024-10-07,soirée,,,49,49246,5,1,6,4,4,Voie communale,50.0,1
202400024714,2024-10-07,matin,,,49,49007,2,1,2,4,3,Départementale,90.0,2
202400024715,2024-10-08,nuit,,,45,45285,5,9,7,3,4,Voie communale,50.0,2
202400024716,2024-10-09,nuit,,,45,45147,4,2,6,4,4,Voie communale,50.0,2
202400024717,2024-10-08,après-midi,,,45,45302,1,1,4,4,3,Départementale,50.0,1
202400024718,2024-10-08,matin,,,45,45286,1,2,4,4,4,Voie communale,50.0,2
202400024719,2024-10-07,après-midi,,,45,45075,1,2,2,4,4,Voie communale,50.0,2
202400024720,2024-10-08,soirée,,,45,45068,5,2,1,4,3,Départementale,50.0,2
202400024721,2024-10-07,matin,,,45,45338,1,1,3,3,4,Voie communale,30.0,1
202400024722,2024-10-08,après-midi,,,43,43157,1,1,6,4,2,Nationale,90.0,2
202400024723,2024-10-08,matin,,,37,37261,1,1,3,2,4,Voie communale,50.0,1
202400024724,2024-10-08,matin,,,37,37261,2,2,3,4,4,Voie communale,50.0,2
202400024725,2024-10-08,matin,,,37,37195,3,2,6,4,4,Voie communale,90.0,2
202400024726,2024-10-08,après-midi,,,36,36044,1,1,3,4,4,Voie communale,50.0,2
202400024727,2024-10-08,après-midi,,,34,34301,1,1,3,3,4,Voie communale,50.0,1
202400024728,2024-10-08,après-midi,,,31,31555,1,1,6,4,7,Autre,50.0,1
202400024729,2024-10-08,matin,,,31,31555,2,1,1,3,4,Voie communale,50.0,2
202400024730,2024-10-08,matin,,,31,31149,2,1,3,3,4,Voie communale,30.0,2
202400024731,2024-10-08,après-midi,,,30,30028,1,1,7,4,4,Voie communale,50.0,1
202400024732,2024-10-08,matin,,,29,29232,1,1,2,4,4,Voie communale,50.0,1
202400024733,2024-10-03,soirée,,,70,70285,2,9,7,4,3,Départementale,50.0,1
202400024734,2024-10-08,matin,,,23,23096,1,1,6,4,4,Voie communale,50.0,2
202400024735,2024-10-08,nuit,,,14,14220,5,1,7,4,3,Départementale,50.0,1
202400024736,2024-10-08,matin,,,13,13117,1,2,4,4,3,Départementale,90.0,2
202400024737,2024-10-08,après-midi,,,13,13208,1,1,6,4,4,Voie communale,50.0,1
202400024738,2024-10-08,après-midi,,,13,13215,1,1,1,4,4,Voie communale,50.0,1
202400024739,2024-10-08,après-midi,,,13,13212,1,1,1,4,4,Voie communale,50.0,1
202400024740,2024-10-08,après-midi,,,13,13047,1,1,7,4,4,Voie communale,50.0,1
202400024741,2024-10-08,nuit,,,13,13005,4,3,7,2,3,Départementale,50.0,2
202400024742,2024-10-08,matin,,,13,13001,2,3,3,4,4,Voie communale,30.0,2
202400024743,2024-10-05,nuit,,,11,11262,3,1,1,3,3,Départementale,80.0,1
202400024744,2024-10-08,matin,,,11,11069,1,1,1,4,4,Voie communale,50.0,1
202400024745,2024-01-26,après-midi,,,74,74056,1,1,6,3,9,Autre,50.0,1
202400024746,2024-06-06,soirée,,,44,44109,1,1,6,4,4,Voie communale,50.0,1
202400024747,2024-04-23,après-midi,,,82,82125,1,1,6,3,4,Voie communale,30.0,1
202400024748,2024-06-25,nuit,,,973,97309,2,8,6,4,4,Voie communale,50.0,1
202400024749,2024-06-26,matin,,,69,69386,1,1,6,4,4,Voie communale,30.0,1
202400024750,2024-06-18,après-midi,,,69,69381,1,1,2,4,4,Voie communale,50.0,1
202400024751,2024-06-25,soirée,,,69,69384,1,1,6,4,4,Voie communale,50.0,1
202400024752,2024-06-26,nuit,,,2B,2B033,1,1,6,4,2,Nationale,50.0,1
202400024753,2024-06-26,matin,,,971,97113,1,1,2,4,3,Départementale,50.0,1
202400024754,2024-06-26,matin,,,95,95539,1,7,6,4,6,Autre,30.0,1
202400024755,2024-06-25,soirée,,,95,95428,1,1,3,3,3,Départementale,50.0,1
202400024756,2024-06-26,nuit,,,91,91161,5,1,7,4,4,Voie communale,50.0,1
202400024757,2024-06-26,matin,,,91,91326,1,1,3,3,3,Départementale,50.0,1
202400024758,2024-06-12,après-midi,,,91,91687,1,1,6,4,3,Départementale,50.0,1
202400024759,2024-06-26,après-midi,,,84,84031,1,1,6,4,4,Voie communale,30.0,1
202400024760,2024-06-26,soirée,,,83,83129,1,1,6,3,9,Autre,30.0,9
202400024761,2024-06-23,après-midi,,,83,83069,1,1,1,3,4,Voie communale,50.0,1
202400024762,2024-06-25,matin,,,80,80021,1,1,3,4,4,Voie communale,50.0,1
202400024763,2024-06-26,après-midi,,,79,79329,1,1,3,4,4,Voie communale,70.0,1
202400024764,2024-06-25,après-midi,,,77,77152,1,1,6,4,4,Voie communale,50.0,1
202400024765,2024-06-26,matin,,,72,72181,1,1,3,4,4,Voie communale,30.0,1
202400024766,2024-06-25,soirée,,,72,72181,1,1,6,4,4,Voie communale,30.0,1
202400024767,2024-06-25,matin,,,69,69290,1,1,3,4,4,Voie communale,30.0,1
202400024768,2024-06-25,soirée,,,67,67482,1,1,3,4,4,Voie communale,50.0,1
202400024769,2024-06-25,matin,,,67,67482,1,1,6,4,4,Voie communale,50.0,1
202400024770,2024-06-25,matin,,,67,67043,1,1,6,4,7,Autre,40.0,1
202400024771,2024-06-25,soirée,,,65,65286,1,1,3,4,4,Voie communale,50.0,1
202400024772,2024-06-26,après-midi,,,64,64348,1,1,6,3,4,Voie communale,50.0,1
202400024773,2024-06-26,nuit,,,64,64024,5,1,6,4,4,Voie communale,50.0,1
202400024774,2024-06-25,après-midi,,,64,64102,1,1,7,4,4,Voie communale,50.0,8
202400024775,2024-06-25,après-midi,,,64,64140,1,1,2,3,3,Départementale,30.0,1
202400024776,2024-06-26,soirée,,,63,63014,1,1,3,4,4,Voie communale,50.0,1
202400024777,2024-06-26,nuit,,,61,61006,4,1,6,4,4,Voie communale,50.0,1
202400024778,2024-06-25,après-midi,,,60,60665,1,1,6,4,4,Voie communale,50.0,1
202400024779,2024-06-26,soirée,,,59,59183,1,1,3,4,4,Voie communale,50.0,1
202400024780,2024-06-25,après-midi,,,59,59178,1,1,3,3,3,Départementale,50.0,1
202400024781,2024-06-25,matin,,,59,59574,1,1,6,3,3,Départementale,50.0,1
202400024782,2024-06-25,après-midi,,,57,57368,1,1,6,3,3,Départementale,50.0,1
202400024783,2024-06-26,matin,,,56,56260,1,1,6,4,4,Voie communale,30.0,1
202400024784,2024-06-25,après-midi,,,56,56121,1,1,2,4,3,Départementale,50.0,1
202400024785,2024-06-25,après-midi,,,54,54482,1,1,6,4,4,Voie communale,50.0,1
202400024786,2024-06-25,matin,,,51,51108,1,1,3,3,4,Voie communale,20.0,1
202400024787,2024-06-24,après-midi,,,51,51108,1,1,7,4,4,Voie communale,50.0,1
202400024788,2024-05-23,soirée,,,49,49099,2,1,6,3,3,Départementale,50.0,1
202400024789,2024-06-09,nuit,,,49,49099,3,1,3,4,4,Voie communale,50.0,1
202400024790,2024-06-26,matin,,,49,49007,1,1,6,4,4,Voie communale,30.0,1
202400024791,2024-05-01,nuit,,,42,42071,5,1,6,4,4,Voie communale,50.0,1
202400024792,2024-06-26,soirée,,,38,38185,1,1,6,4,4,Voie communale,30.0,1
202400024793,2024-06-25,après-midi,,,37,37214,1,1,3,4,4,Voie communale,50.0,1
202400024794,2024-06-26,matin,,,35,35278,1,1,2,3,4,Voie communale,50.0,1
202400024795,2024-06-26,matin,,,35,35238,1,1,1,4,4,Voie communale,30.0,1
202400024796,2024-06-26,soirée,,,34,34172,1,1,3,4,4,Voie communale,30.0,1
202400024797,2024-06-25,matin,,,34,34003,1,1,2,3,4,Voie communale,30.0,1
202400024798,2024-06-26,matin,,,33,33318,1,1,3,4,4,Voie communale,50.0,1
202400024799,2024-06-24,après-midi,,,33,33119,1,1,6,3,4,Voie communale,50.0,1
202400024800,2024-06-26,nuit,,,31,31555,5,1,6,3,4,Voie communale,50.0,1
202400024801,2024-06-25,nuit,,,15,15012,3,1,3,4,3,Départementale,90.0,1
202400024802,2024-06-25,matin,,,15,15014,1,1,3,4,3,Départementale,50.0,1
202400024803,2024-06-25,après-midi,,,15,15014,1,1,6,3,4,Voie communale,50.0,1
202400024804,2024-06-26,nuit,,,13,13204,5,1,3,4,9,Autre,50.0,1
202400024805,2024-06-26,matin,,,13,13205,1,1,3,4,4,Voie communale,50.0,1
202400024806,2024-06-26,nuit,,,13,13216,5,1,1,2,4,Voie communale,50.0,1
202400024807,2024-06-26,nuit,,,13,13204,5,1,2,4,4,Voie communale,50.0,1
202400024808,2024-06-26,nuit,,,13,13005,5,1,1,4,7,Autre,50.0,1
202400024809,2024-06-26,après-midi,,,13,13001,1,1,1,4,4,Voie communale,50.0,1
202400024810,2024-06-21,après-midi,,,13,13001,1,1,1,2,4,Voie communale,50.0,1
202400024811,2024-06-26,soirée,,,11,11262,1,1,6,4,4,Voie communale,50.0,1
202400024812,2024-06-26,matin,,,11,11262,1,1,6,3,4,Voie communale,50.0,1
202400024813,2024-06-25,après-midi,,,11,11069,1,1,6,4,6,Autre,30.0,1
202400024814,2024-06-26,nuit,,,06,06088,5,1,6,3,9,Autre,50.0,1
202400024815,2024-06-26,après-midi,,,06,06088,1,1,3,4,4,Voie communale,50.0,1
202400024816,2024-06-25,nuit,,,06,06088,5,2,2,4,7,Autre,50.0,2
202400024817,2024-06-26,matin,,,01,01053,1,1,6,4,4,Voie communale,,1
202400024818,2024-11-16,après-midi,,,21,21605,1,1,6,2,4,Voie communale,30.0,1
202400024819,2024-11-11,après-midi,,,77,77238,1,1,7,4,3,Départementale,80.0,1
202400024820,2024-06-26,matin,,,75,75113,1,1,3,4,4,Voie communale,70.0,1
202400024821,2024-11-15,soirée,,,77,77317,3,1,6,3,4,Voie communale,30.0,9
202400024822,2024-06-26,matin,,,75,75116,1,1,2,4,4,Voie communale,70.0,1
202400024823,2024-11-15,nuit,,,84,84118,3,1,6,2,3,Départementale,80.0,1
202400024824,2024-06-26,après-midi,,,75,75105,1,1,6,3,4,Voie communale,30.0,1
202400024825,2024-11-13,après-midi,,,67,67282,1,1,2,3,4,Voie communale,50.0,1
202400024826,2024-06-26,matin,,,75,75119,1,1,6,4,4,Voie communale,20.0,1
202400024827,2024-11-15,après-midi,,,38,38449,3,8,6,2,4,Voie communale,50.0,1
202400024828,2024-06-26,après-midi,,,75,75118,1,1,6,4,4,Voie communale,30.0,1
202400024829,2024-11-14,soirée,,,33,33164,3,1,6,3,3,Départementale,70.0,1
202400024830,2024-06-26,matin,,,75,75118,1,1,5,4,4,Voie communale,70.0,1
202400024831,2024-11-15,matin,,,49,49023,2,5,1,4,3,Départementale,80.0,2
202400024832,2024-06-26,soirée,,,75,75117,1,1,6,4,4,Voie communale,30.0,1
202400024833,2024-11-15,après-midi,,,61,61165,1,1,2,4,3,Départementale,80.0,1
202400024834,2024-06-26,matin,,,75,75117,1,1,3,4,4,Voie communale,30.0,1
202400024835,2024-06-26,soirée,,,75,75116,1,1,3,4,4,Voie communale,30.0,1
202400024836,2024-11-14,soirée,,,13,13213,5,1,2,4,1,Autoroute,70.0,1
202400024837,2024-06-25,soirée,,,75,75117,1,1,3,4,4,Voie communale,30.0,1
202400024838,2024-11-15,matin,,,13,13211,2,1,2,3,1,Autoroute,70.0,1
202400024839,2024-06-26,après-midi,,,75,75115,1,1,6,4,4,Voie communale,30.0,1
202400024840,2024-11-14,matin,,,13,13216,3,1,3,4,1,Autoroute,90.0,1
202400024841,2024-11-14,nuit,,,13,13215,3,1,6,4,1,Autoroute,70.0,1
202400024842,2024-06-26,après-midi,,,75,75115,1,1,6,4,4,Voie communale,30.0,1
202400024843,2024-11-14,soirée,,,13,13005,3,1,6,4,1,Autoroute,70.0,1
202400024844,2024-06-26,matin,,,75,75115,1,1,6,4,4,Voie communale,30.0,1
202400024845,2024-11-14,après-midi,,,13,13005,1,1,2,4,1,Autoroute,90.0,1
202400024846,2024-06-26,nuit,,,75,75112,5,1,2,4,4,Voie communale,50.0,1
202400024847,2024-11-13,après-midi,,,13,13216,1,1,3,3,1,Autoroute,90.0,1
202400024848,2024-06-25,soirée,,,75,75112,1,1,2,4,4,Voie communale,30.0,1
202400024849,2024-11-14,soirée,,,83,83137,5,1,2,4,1,Autoroute,70.0,1
202400024850,2024-06-25,après-midi,,,75,75112,1,1,3,4,4,Voie communale,30.0,1
202400024851,2024-06-26,après-midi,,,75,75107,1,1,6,4,4,Voie communale,30.0,1
202400024852,2024-11-09,nuit,,,69,69266,3,1,4,4,7,Autre,70.0,1
202400024853,2024-06-26,matin,,,75,75107,1,1,3,4,4,Voie communale,30.0,1
202400024854,2024-11-15,soirée,,,33,33063,5,1,2,4,1,Autoroute,70.0,1
202400024855,2024-06-25,nuit,,,75,75107,5,1,3,4,4,Voie communale,30.0,1
202400024856,2024-11-13,matin,,,33,33550,1,1,2,4,1,Autoroute,90.0,1
202400024857,2024-06-25,nuit,,,94,94081,5,1,7,3,4,Voie communale,30.0,9
202400024858,2024-06-26,après-midi,,,94,94080,1,1,6,4,4,Voie communale,30.0,1
202400024859,2024-11-15,matin,,,62,62249,3,1,2,4,1,Autoroute,110.0,1
202400024860,2024-11-15,soirée,,,78,78466,3,1,1,4,1,Autoroute,110.0,1
202400024861,2024-06-26,matin,,,94,94074,1,1,5,4,2,Nationale,50.0,1
202400024862,2024-06-26,après-midi,,,94,94041,1,1,3,4,3,Départementale,30.0,1
202400024863,2024-11-15,après-midi,,,92,92064,1,1,4,4,1,Autoroute,90.0,1
202400024864,2024-06-26,après-midi,,,94,94038,1,1,3,4,3,Départementale,50.0,1
202400024865,2024-11-15,après-midi,,,92,92025,1,1,2,4,1,Autoroute,90.0,1
202400024866,2024-06-26,matin,,,77,77291,1,1,3,4,6,Autre,30.0,1
202400024867,2024-11-15,matin,,,92,92025,1,8,3,4,1,Autoroute,90.0,1
202400024868,2024-06-26,matin,,,93,93066,1,1,6,4,4,Voie communale,,1
202400024869,2024-11-14,matin,,,92,92036,1,1,3,4,1,Autoroute,90.0,1
202400024870,2024-06-26,matin,,,93,93066,1,1,3,4,3,Départementale,50.0,1
202400024871,2024-11-15,matin,,,95,95061,1,1,6,4,2,Nationale,110.0,1
202400024872,2024-06-26,après-midi,,,93,93064,1,1,2,4,4,Voie communale,50.0,1
202400024873,2024-11-14,nuit,,,95,95306,3,1,2,4,1,Autoroute,110.0,1
202400024874,2024-11-15,soirée,,,94,94015,3,1,2,4,1,Autoroute,110.0,1
202400024875,2024-06-26,après-midi,,,93,93055,1,1,3,4,3,Départementale,30.0,1
202400024876,2024-06-25,après-midi,,,93,93053,1,1,6,4,4,Voie communale,30.0,1
202400024877,2024-11-15,soirée,,,77,77053,3,1,2,4,2,Nationale,90.0,1
202400024878,2024-06-26,matin,,,93,93032,1,1,3,4,3,Départementale,50.0,1
202400024879,2024-07-06,après-midi,,,13,13038,1,1,3,3,3,Départementale,80.0,1
202400024880,2024-11-15,matin,,,988,98818,1,7,6,4,4,Voie communale,50.0,1
202400024881,2024-06-26,après-midi,,,93,93079,1,1,3,4,4,Voie communale,,1
202400024882,2024-06-26,après-midi,,,93,93029,1,1,7,4,4,Voie communale,30.0,1
202400024883,2024-11-14,soirée,,,976,97611,5,1,3,4,4,Voie communale,50.0,1
202400024884,2024-06-26,soirée,,,93,93008,1,1,2,4,3,Départementale,50.0,1
202400024885,2024-11-14,matin,,,974,97416,1,1,1,4,4,Voie communale,50.0,1
202400024886,2024-11-14,soirée,,,973,97302,5,1,3,4,3,Départementale,50.0,1
202400024887,2024-11-14,soirée,,,69,69386,5,1,6,4,4,Voie communale,50.0,1
202400024888,2024-06-26,matin,,,92,92062,1,1,3,4,3,Départementale,50.0,1
202400024889,2024-06-25,nuit,,,92,92040,5,1,2,4,3,Départementale,50.0,1
202400024890,2024-06-26,soirée,,,92,92024,2,1,6,4,3,Départementale,30.0,1
202400024891,2024-11-14,après-midi,,,69,69386,1,1,3,4,4,Voie communale,30.0,1
202400024892,2024-06-26,soirée,,,92,92004,1,1,3,4,4,Voie communale,50.0,1
202400024893,2024-06-27,matin,,,60,60402,1,1,1,3,3,Départementale,50.0,1
202400024894,2024-06-27,soirée,,,76,76115,1,1,7,3,3,Départementale,50.0,1
202400024895,2024-11-14,matin,,,69,69387,1,1,6,4,4,Voie communale,30.0,1
202400024896,2024-06-26,soirée,,,37,37031,1,7,3,4,3,Départementale,50.0,1
202400024897,2024-11-05,matin,,,972,97213,1,1,4,4,1,Autoroute,90.0,1
202400024898,2024-06-27,soirée,,,12,12300,1,1,1,3,4,Voie communale,50.0,1
202400024899,2024-11-13,matin,,,972,97209,1,1,3,4,2,Nationale,50.0,1
202400024900,2024-06-26,soirée,,,36,36097,1,1,6,2,3,Départementale,80.0,1
202400024901,2024-11-13,matin,,,972,97209,1,1,6,4,3,Départementale,60.0,1
202400024902,2024-06-27,matin,,,86,86165,1,1,1,3,3,Départementale,90.0,1
202400024903,2024-11-14,soirée,,,69,69382,5,1,3,4,4,Voie communale,30.0,1
202400024904,2024-11-13,matin,,,2B,2B033,1,1,2,4,3,Départementale,50.0,1
202400024905,2024-06-27,matin,,,65,65337,1,1,3,3,3,Départementale,80.0,1
202400024906,2024-11-14,après-midi,,,971,97101,1,1,3,3,3,Départementale,50.0,1
202400024907,2024-11-14,matin,,,971,97101,1,1,3,3,3,Départementale,70.0,1
202400024908,2024-06-26,matin,,,14,14738,2,1,2,3,1,Autoroute,130.0,1
202400024909,2024-11-13,après-midi,,,971,97120,1,1,2,4,3,Départementale,50.0,1
202400024910,2024-11-14,après-midi,,,2A,2A004,1,1,3,4,4,Voie communale,50.0,1
202400024911,2024-11-12,nuit,,,95,95607,3,1,2,2,4,Voie communale,50.0,1
202400024912,2024-11-14,après-midi,,,95,95210,1,1,3,3,3,Départementale,50.0,1
202400024913,2024-06-27,après-midi,,,44,44113,1,1,3,2,3,Départementale,80.0,1
202400024914,2024-11-14,matin,,,95,95306,1,8,6,4,4,Voie communale,50.0,1
202400024915,2024-11-14,soirée,,,91,91425,5,1,6,4,4,Voie communale,50.0,1
202400024916,2024-06-27,matin,,,71,71456,1,1,3,4,3,Départementale,80.0,1
202400024917,2024-06-27,matin,,,62,62458,1,1,7,3,4,Voie communale,50.0,1
202400024918,2024-11-14,matin,,,91,91521,1,1,3,4,4,Voie communale,30.0,1
202400024919,2024-06-26,soirée,,,56,56079,1,1,7,3,4,Voie communale,,1
202400024920,2024-06-26,après-midi,,,56,56124,1,1,6,3,3,Départementale,20.0,1
202400024921,2024-11-14,après-midi,,,84,84007,1,1,3,4,4,Voie communale,50.0,1
202400024922,2024-06-27,matin,,,56,56053,1,1,3,4,3,Départementale,80.0,1
202400024923,2024-11-14,après-midi,,,83,83144,1,1,6,3,3,Départementale,30.0,1
202400024924,2024-06-26,matin,,,56,56206,1,1,6,3,4,Voie communale,50.0,1
202400024925,2024-11-14,après-midi,,,83,83137,1,1,3,4,4,Voie communale,50.0,1
202400024926,2024-11-08,après-midi,,,82,82121,1,1,6,4,3,Départementale,50.0,1
202400024927,2024-06-26,soirée,,,59,59580,1,1,1,3,4,Voie communale,80.0,1
202400024928,2024-11-13,après-midi,,,80,80021,1,1,7,3,4,Voie communale,50.0,1
202400024929,2024-11-13,après-midi,,,78,78440,1,1,6,4,3,Départementale,50.0,1
202400024930,2024-11-13,soirée,,,77,77251,5,1,6,3,6,Autre,50.0,1
202400024931,2024-11-13,soirée,,,76,76351,3,1,3,4,4,Voie communale,50.0,1
202400024932,2024-06-26,soirée,,,59,59268,1,1,3,2,4,Voie communale,80.0,1
202400024933,2024-11-14,soirée,,,73,73065,3,1,2,4,2,Nationale,70.0,1
202400024934,2024-11-13,après-midi,,,72,72181,1,1,3,4,4,Voie communale,50.0,1
202400024935,2024-11-14,après-midi,,,71,71306,1,1,3,4,4,Voie communale,50.0,1
202400024936,2024-06-27,après-midi,,,67,67310,1,1,1,3,3,Départementale,80.0,1
202400024937,2024-11-13,après-midi,,,67,67482,2,2,6,4,4,Voie communale,50.0,2
202400024938,2024-11-13,après-midi,,,65,65440,2,8,3,3,4,Voie communale,50.0,1
202400024939,2024-06-27,soirée,,,76,76159,1,1,6,3,3,Départementale,80.0,1
202400024940,2024-11-14,soirée,,,64,64445,5,1,6,4,4,Voie communale,50.0,1
202400024941,2024-11-14,après-midi,,,64,64445,1,1,2,4,3,Départementale,70.0,1
202400024942,2024-06-26,après-midi,,,2A,2A008,1,1,1,3,3,Départementale,90.0,1
202400024943,2024-11-14,matin,,,64,64373,1,8,6,2,4,Voie communale,50.0,1
202400024944,2024-06-27,matin,,,2B,2B252,1,1,1,4,3,Départementale,80.0,1
202400024945,2024-11-13,après-midi,,,64,64125,1,1,1,3,4,Voie communale,30.0,1
202400024946,2024-06-27,matin,,,89,89446,1,1,6,3,4,Voie communale,80.0,1
202400024947,2024-06-27,matin,,,89,89419,1,1,2,3,3,Départementale,50.0,1
202400024948,2024-06-27,soirée,,,89,89292,2,3,6,3,3,Départementale,90.0,2
202400024949,2024-11-13,après-midi,,,62,62108,1,1,3,4,4,Voie communale,50.0,1
202400024950,2024-11-14,soirée,,,60,60463,5,2,6,4,4,Voie communale,50.0,2
202400024951,2024-06-25,soirée,,,63,63172,1,1,7,3,3,Départementale,80.0,9
202400024952,2024-11-14,après-midi,,,59,59426,1,1,3,4,4,Voie communale,50.0,2
202400024953,2024-11-14,après-midi,,,59,59350,1,8,6,4,4,Voie communale,50.0,1
202400024954,2024-06-26,soirée,,,63,63146,2,1,3,3,3,Départementale,90.0,1
202400024955,2024-06-26,soirée,,,61,61050,2,1,6,4,3,Départementale,80.0,1
202400024956,2024-11-14,après-midi,,,56,56260,1,1,4,4,3,Départementale,50.0,1
202400024957,2024-11-14,nuit,,,56,56098,3,1,7,4,3,Départementale,50.0,1
202400024958,2024-06-27,après-midi,,,61,61507,1,1,6,3,3,Départementale,80.0,1
202400024959,2024-03-07,soirée,,,83,83137,5,1,1,4,3,Départementale,50.0,1
202400024960,2024-06-23,matin,,,41,41209,1,7,6,3,3,Départementale,80.0,1
202400024961,2024-11-14,après-midi,,,54,54495,5,1,6,4,4,Voie communale,30.0,1
202400024962,2024-03-07,après-midi,,,80,80021,2,1,1,3,4,Voie communale,50.0,1
202400024963,2024-06-25,matin,,,29,29185,1,1,3,4,3,Départementale,50.0,1
202400024964,2024-03-07,soirée,,,78,78551,2,1,6,4,3,Départementale,70.0,1
202400024965,2024-11-13,après-midi,,,54,54395,1,1,3,4,4,Voie communale,30.0,1
202400024966,2024-06-26,soirée,,,02,02014,2,1,3,4,4,Voie communale,30.0,1
202400024967,2024-03-07,nuit,,,77,77373,3,1,2,4,3,Départementale,70.0,1
202400024968,2024-11-13,après-midi,,,54,54395,1,1,7,3,4,Voie communale,50.0,1
202400024969,2024-11-14,soirée,,,51,51230,5,1,6,4,4,Voie communale,50.0,1
202400024970,2024-06-27,matin,,,54,54157,1,1,2,4,3,Départementale,50.0,1
202400024971,2024-03-07,matin,,,77,77288,2,1,6,4,4,Voie communale,50.0,1
202400024972,2024-11-07,après-midi,,,51,51108,1,1,6,4,4,Voie communale,50.0,1
202400024973,2024-03-07,soirée,,,77,77284,5,1,3,4,4,Voie communale,50.0,1
202400024974,2024-06-26,soirée,,,06,06023,1,1,7,4,3,Départementale,80.0,1
202400024975,2024-03-06,après-midi,,,77,77132,2,2,1,4,4,Voie communale,50.0,2
202400024976,2024-11-10,après-midi,,,49,49099,1,8,6,3,3,Départementale,50.0,1
202400024977,2024-06-22,matin,,,14,14169,1,1,6,3,3,Départementale,90.0,1
202400024978,2024-03-07,matin,,,77,77333,1,1,6,3,3,Départementale,50.0,1
202400024979,2024-11-14,nuit,,,49,49007,5,1,6,4,4,Voie communale,50.0,1
202400024980,2024-03-07,matin,,,76,76498,5,1,6,4,7,Autre,50.0,1
202400024981,2024-06-27,après-midi,,,60,60616,1,7,3,3,3,Départementale,50.0,1
202400024982,2024-11-13,matin,,,49,49246,2,1,3,4,4,Voie communale,50.0,1
202400024983,2024-03-07,matin,,,74,74010,1,1,3,3,4,Voie communale,30.0,1
202400024984,2024-06-27,matin,,,16,16308,1,1,3,3,3,Départementale,80.0,1
202400024985,2024-11-14,après-midi,,,47,47031,1,1,3,4,4,Voie communale,50.0,1
202400024986,2024-03-07,après-midi,,,69,69264,1,1,2,4,4,Voie communale,50.0,1
202400024987,2024-06-27,matin,,,07,07304,2,1,7,2,4,Voie communale,30.0,1
202400024988,2024-11-14,matin,,,47,47001,1,1,6,3,4,Voie communale,50.0,1
202400024989,2024-02-19,nuit,,,69,69259,5,2,6,4,4,Voie communale,50.0,2
202400024990,2024-11-14,après-midi,,,45,45234,1,1,6,3,4,Voie communale,50.0,1
202400024991,2024-06-26,soirée,,,07,07330,1,1,3,3,3,Départementale,90.0,1
202400024992,2024-03-07,après-midi,,,66,66136,1,1,6,4,4,Voie communale,50.0,1
202400024993,2024-06-25,nuit,,,17,17026,3,1,7,3,3,Départementale,80.0,1
202400024994,2024-03-07,soirée,,,64,64445,5,1,2,3,4,Voie communale,50.0,1
202400024995,2024-11-13,après-midi,,,44,44184,1,1,5,4,4,Voie communale,50.0,1
202400024996,2024-03-07,matin,,,64,64445,1,1,2,4,4,Voie communale,50.0,1
202400024997,2024-06-26,après-midi,,,88,88372,1,7,1,4,3,Départementale,80.0,2
202400024998,2024-11-12,matin,,,44,44143,1,1,6,4,4,Voie communale,50.0,1
202400024999,2024-03-07,matin,,,64,64125,1,1,2,4,3,Départementale,50.0,1
202400025000,2024-06-26,après-midi,,,987,98734,1,7,2,3,2,Nationale,60.0,1
202400025001,2024-11-14,matin,,,34,34172,1,1,6,3,4,Voie communale,50.0,1
202400025002,2024-03-07,matin,,,63,63113,1,1,3,4,7,Autre,30.0,1
202400025003,2024-06-26,après-midi,,,10,10438,1,1,6,3,1,Autoroute,130.0,1
202400025004,2024-03-07,soirée,,,62,62528,5,1,6,4,4,Voie communale,50.0,1
202400025005,2024-11-14,soirée,,,33,33063,5,1,3,4,4,Voie communale,30.0,1
202400025006,2024-03-07,après-midi,,,59,59599,1,1,6,4,4,Voie communale,50.0,1
202400025007,2024-06-27,après-midi,,,24,24091,1,1,3,3,3,Départementale,70.0,1