Num_Acc,date,time_of_day,lat,long,dep,com,lum,atm,col,severity_index,catr,catr_label,vma,surf
202400025008,2024-11-14,soirée,,,33,33162,5,1,3,4,4,Voie communale,50.0,1
202400025009,2024-06-27,matin,,,06,06085,1,1,2,4,3,Départementale,50.0,1
202400025010,2024-03-06,après-midi,,,59,59350,1,8,2,3,4,Voie communale,50.0,1
202400025011,2024-06-26,après-midi,,,53,53001,1,1,3,3,3,Départementale,80.0,1
202400025012,2024-11-14,matin,,,33,33032,1,1,3,4,4,Voie communale,10.0,1
202400025013,2024-03-07,matin,,,59,59017,1,7,6,4,4,Voie communale,50.0,1
202400025014,2024-06-26,soirée,,,987,98715,5,1,3,3,2,Nationale,40.0,1
202400025015,2024-11-13,après-midi,,,33,33162,1,1,3,3,4,Voie communale,50.0,1
202400025016,2024-03-07,après-midi,,,56,56260,1,1,2,4,4,Voie communale,50.0,1
202400025017,2024-06-26,après-midi,,,06,06088,1,8,3,4,1,Autoroute,90.0,2
202400025018,2024-11-13,matin,,,33,33529,3,1,2,4,3,Départementale,30.0,1
202400025019,2024-03-06,après-midi,,,56,56098,1,2,3,4,3,Départementale,50.0,2
202400025020,2024-06-26,nuit,,,38,38348,3,1,2,4,1,Autoroute,130.0,1
202400025021,2024-11-14,soirée,,,31,31555,2,1,3,3,4,Voie communale,50.0,1
202400025022,2024-06-26,après-midi,,,78,78569,1,1,6,3,1,Autoroute,110.0,1
202400025023,2024-03-06,après-midi,,,51,51454,1,1,1,4,4,Voie communale,30.0,1
202400025024,2024-11-14,après-midi,,,28,28134,1,7,4,4,2,Nationale,50.0,1
202400025025,2024-03-06,après-midi,,,50,50218,1,1,6,4,6,Autre,15.0,1
202400025026,2024-06-24,matin,,,988,98805,1,1,1,4,1,Autoroute,110.0,1
202400025027,2024-06-26,matin,,,971,97124,1,1,6,3,2,Nationale,50.0,1
202400025028,2024-11-13,matin,,,27,27299,5,1,2,4,3,Départementale,50.0,1
202400025029,2024-03-06,soirée,,,50,50129,1,1,2,4,3,Départementale,70.0,1
202400025030,2024-06-26,matin,,,77,77493,1,1,6,4,3,Départementale,50.0,1
202400025031,2024-11-14,après-midi,,,25,25204,1,1,3,4,3,Départementale,70.0,1
202400025032,2024-03-06,après-midi,,,49,49007,1,1,6,4,4,Voie communale,50.0,1
202400025033,2024-11-10,après-midi,,,15,15012,1,1,6,4,3,Départementale,90.0,1
202400025034,2024-06-26,après-midi,,,34,34199,1,1,1,3,4,Voie communale,50.0,1
202400025035,2024-03-06,soirée,,,49,49007,5,1,2,4,4,Voie communale,50.0,1
202400025036,2024-11-14,après-midi,,,13,13210,5,1,3,4,4,Voie communale,50.0,1
202400025037,2024-03-06,soirée,,,49,49007,5,1,6,4,4,Voie communale,70.0,1
202400025038,2024-06-23,matin,,,84,84092,2,7,1,3,4,Voie communale,,1
202400025039,2024-11-13,après-midi,,,13,13204,1,1,6,4,4,Voie communale,30.0,1
202400025040,2024-11-14,soirée,,,13,13005,5,1,2,4,3,Départementale,50.0,1
202400025041,2024-03-07,soirée,,,42,42184,1,1,3,3,3,Départementale,50.0,1
202400025042,2024-06-26,après-midi,,,83,83077,1,1,3,4,3,Départementale,80.0,1
202400025043,2024-11-13,soirée,,,10,10387,5,1,6,4,4,Voie communale,50.0,1
202400025044,2024-05-24,matin,,,83,83055,1,1,6,3,3,Départementale,70.0,1
202400025045,2024-03-06,après-midi,,,39,39198,1,1,3,4,4,Voie communale,30.0,1
202400025046,2024-11-14,matin,,,06,06069,1,1,5,4,4,Voie communale,50.0,1
202400025047,2024-03-07,matin,,,37,37261,1,1,3,4,4,Voie communale,50.0,1
202400025048,2024-06-26,matin,,,13,13110,1,1,3,2,3,Départementale,80.0,1
202400025049,2024-11-14,matin,,,06,06069,1,1,3,4,4,Voie communale,50.0,1
202400025050,2024-03-07,nuit,,,35,35238,5,1,3,4,4,Voie communale,30.0,1
202400025051,2024-11-13,matin,,,02,02691,1,1,6,4,4,Voie communale,50.0,1
202400025052,2024-03-07,après-midi,,,35,35238,1,1,3,4,4,Voie communale,30.0,1
202400025053,2024-06-27,matin,,,69,69019,1,1,6,4,3,Départementale,70.0,1
202400025054,2024-11-05,soirée,,,01,01031,5,1,3,3,3,Départementale,50.0,1
202400025055,2024-03-07,après-midi,,,34,34172,1,1,3,4,4,Voie communale,50.0,1
202400025056,2024-06-26,soirée,,,64,64407,1,1,7,4,3,Départementale,50.0,1
202400025057,2024-06-26,matin,,,33,33548,1,1,7,3,3,Départementale,80.0,1
202400025058,2024-03-07,après-midi,,,34,34172,1,1,3,4,4,Voie communale,30.0,1
202400025059,2024-11-13,après-midi,,,75,75113,1,1,3,3,4,Voie communale,30.0,1
202400025060,2024-03-07,soirée,,,33,33063,5,1,2,3,4,Voie communale,50.0,1
202400025061,2024-06-26,nuit,,,50,50095,3,1,6,4,3,Départementale,80.0,1
202400025062,2024-11-14,matin,,,75,75120,1,1,3,4,4,Voie communale,30.0,1
202400025063,2024-06-20,après-midi,,,76,76057,1,1,3,4,6,Autre,40.0,1
202400025064,2024-03-07,soirée,,,33,33162,1,1,3,4,4,Voie communale,50.0,1
202400025065,2024-06-26,après-midi,,,62,62235,1,7,1,3,3,Départementale,80.0,1
202400025066,2024-03-06,après-midi,,,33,33009,1,1,3,4,4,Voie communale,50.0,1
202400025067,2024-11-14,matin,,,75,75116,1,1,3,4,4,Voie communale,50.0,1
202400025068,2024-06-24,soirée,,,59,59378,1,1,6,3,1,Autoroute,70.0,1
202400025069,2024-11-14,matin,,,75,75115,1,1,2,4,4,Voie communale,30.0,1
202400025070,2024-03-07,matin,,,31,31555,1,1,3,3,4,Voie communale,50.0,1
202400025071,2024-06-25,soirée,,,91,91471,2,1,2,3,2,Nationale,90.0,1
202400025072,2024-03-07,après-midi,,,31,31069,1,1,3,4,7,Autre,30.0,1
202400025073,2024-11-14,soirée,,,75,75113,5,1,3,4,4,Voie communale,50.0,1
202400025074,2024-03-07,nuit,,,28,28134,5,1,6,4,3,Départementale,50.0,1
202400025075,2024-06-26,après-midi,,,92,92036,1,1,2,4,1,Autoroute,90.0,1
202400025076,2024-06-26,soirée,,,93,93001,2,1,6,3,1,Autoroute,90.0,1
202400025077,2024-11-14,matin,,,75,75113,1,1,3,4,4,Voie communale,30.0,1
202400025078,2024-03-07,nuit,,,25,25462,5,1,3,4,4,Voie communale,50.0,1
202400025079,2024-06-26,matin,,,93,93053,1,1,3,4,1,Autoroute,90.0,1
202400025080,2024-11-14,soirée,,,75,75108,5,1,6,3,4,Voie communale,50.0,1
202400025081,2024-02-26,soirée,,,24,24037,1,1,4,2,3,Départementale,80.0,1
202400025082,2024-06-25,nuit,,,93,93053,3,1,3,4,1,Autoroute,90.0,1
202400025083,2024-11-14,matin,,,75,75108,5,1,7,4,4,Voie communale,50.0,1
202400025084,2024-06-26,matin,,,94,94018,1,1,3,4,1,Autoroute,70.0,1
202400025085,2024-06-26,nuit,,,94,94042,3,1,2,4,1,Autoroute,90.0,1
202400025086,2024-11-13,après-midi,,,75,75108,1,1,3,4,4,Voie communale,30.0,1
202400025087,2024-03-30,après-midi,,,14,14425,1,1,7,3,3,Départementale,80.0,1
202400025088,2024-01-02,soirée,,,14,14666,3,1,3,3,3,Départementale,50.0,1
202400025089,2024-11-14,soirée,,,75,75101,5,1,6,4,4,Voie communale,30.0,1
202400025090,2024-02-03,matin,,,13,13056,1,1,3,3,7,Autre,50.0,1
202400025091,2024-11-14,matin,,,75,75103,1,1,3,4,4,Voie communale,30.0,1
202400025092,2024-06-24,après-midi,,,974,97411,1,1,1,3,4,Voie communale,50.0,1
202400025093,2024-11-14,matin,,,75,75103,1,1,2,4,4,Voie communale,30.0,1
202400025094,2024-06-24,nuit,,,974,97411,2,1,7,4,2,Nationale,50.0,2
202400025095,2024-11-13,soirée,,,94,94081,5,1,6,4,3,Départementale,30.0,1
202400025096,2024-11-14,après-midi,,,94,94044,1,1,6,4,4,Voie communale,50.0,1
202400025097,2024-06-25,soirée,,,69,69387,1,1,3,4,4,Voie communale,30.0,1
202400025098,2024-06-25,matin,,,972,97213,1,2,6,3,3,Départementale,70.0,2
202400025099,2024-11-14,matin,,,94,94078,5,1,3,4,2,Nationale,50.0,1
202400025100,2024-06-24,matin,,,972,97209,1,1,4,4,3,Départementale,30.0,1
202400025101,2024-11-14,matin,,,94,94068,1,1,6,4,3,Départementale,30.0,1
202400025102,2024-06-24,matin,,,971,97113,1,2,1,4,2,Nationale,50.0,2
202400025103,2024-11-14,après-midi,,,94,94042,1,1,6,4,3,Départementale,50.0,1
202400025104,2024-06-23,soirée,,,971,97101,5,3,6,3,4,Voie communale,50.0,2
202400025105,2024-11-13,nuit,,,94,94046,5,1,3,4,3,Départementale,50.0,1
202400025106,2024-11-14,soirée,,,93,93062,1,1,3,4,3,Départementale,50.0,1
202400025107,2024-06-25,matin,,,2A,2A004,1,1,3,4,4,Voie communale,50.0,1
202400025108,2024-11-12,soirée,,,93,93051,5,8,3,4,3,Départementale,50.0,1
202400025109,2024-11-14,soirée,,,93,93050,5,1,3,3,3,Départementale,50.0,1
202400025110,2024-11-13,après-midi,,,93,93079,1,1,6,4,4,Voie communale,25.0,1
202400025111,2024-11-14,matin,,,93,93007,1,1,3,4,3,Départementale,50.0,1
202400025112,2024-11-14,après-midi,,,92,92064,5,1,6,4,3,Départementale,50.0,1
202400025113,2024-11-12,matin,,,92,92051,1,2,3,4,3,Départementale,50.0,2
202400025114,2024-10-07,soirée,,,92,92035,5,3,6,4,3,Départementale,50.0,2
202400025115,2024-11-14,matin,,,92,92026,1,1,2,4,4,Voie communale,50.0,1
202400025116,2024-11-14,matin,,,92,92023,1,1,6,4,3,Départementale,50.0,1
202400025117,2024-11-13,après-midi,,,92,92004,2,1,6,4,3,Départementale,50.0,1
202400025118,2024-11-15,après-midi,,,86,86153,2,1,6,2,3,Départementale,80.0,1
202400025119,2024-11-15,nuit,,,01,01248,4,1,3,4,3,Départementale,80.0,1
202400025120,2024-11-14,après-midi,,,33,33154,1,1,2,4,3,Départementale,80.0,1
202400025121,2024-11-14,soirée,,,972,97217,5,1,6,3,2,Nationale,50.0,1
202400025122,2024-11-12,après-midi,,,38,38373,1,1,6,3,4,Voie communale,30.0,1
202400025123,2024-11-08,matin,,,83,83054,1,1,3,3,4,Voie communale,50.0,1
202400025124,2024-11-14,matin,,,83,83087,1,1,3,3,3,Départementale,70.0,1
202400025125,2024-03-07,soirée,,,18,18033,5,1,7,3,4,Voie communale,50.0,1
202400025126,2024-11-14,soirée,,,62,62819,5,1,6,3,3,Départementale,50.0,1
202400025127,2024-11-14,nuit,,,51,51105,3,5,7,3,1,Autoroute,110.0,2
202400025128,2024-11-06,après-midi,,,56,56167,1,1,2,4,2,Nationale,110.0,1
202400025129,2024-03-06,soirée,,,18,18033,5,1,3,4,4,Voie communale,50.0,1
202400025130,2024-11-15,nuit,,,76,76159,5,8,6,2,3,Départementale,50.0,1
202400025131,2024-11-14,soirée,,,76,76263,5,2,6,3,3,Départementale,50.0,2
202400025132,2024-03-06,après-midi,,,17,17415,1,1,1,4,4,Voie communale,50.0,1
202400025133,2024-11-05,après-midi,,,80,80373,1,1,1,4,3,Départementale,50.0,1
202400025134,2024-11-15,matin,,,11,11206,1,1,3,4,4,Voie communale,50.0,1
202400025135,2024-11-15,après-midi,,,63,63430,1,7,6,3,3,Départementale,50.0,1
202400025136,2024-11-15,nuit,,,63,63357,3,1,6,3,3,Départementale,90.0,1
202400025137,2024-03-07,après-midi,,,14,14118,1,1,4,4,4,Voie communale,50.0,1
202400025138,2024-03-07,après-midi,,,13,13202,1,1,3,4,4,Voie communale,30.0,1
202400025139,2024-11-14,matin,,,41,41002,1,1,1,3,4,Voie communale,50.0,1
202400025140,2024-11-11,nuit,,,34,34101,5,1,7,2,4,Voie communale,50.0,1
202400025141,2024-03-07,après-midi,,,13,13216,1,1,3,4,4,Voie communale,50.0,1
202400025142,2024-11-09,après-midi,,,38,38315,1,1,3,3,3,Départementale,50.0,1
202400025143,2024-11-14,matin,,,02,02227,5,2,3,3,3,Départementale,50.0,2
202400025144,2024-03-07,matin,,,13,13075,1,1,1,3,4,Voie communale,50.0,1
202400025145,2024-03-06,après-midi,,,13,13047,1,1,3,3,4,Voie communale,50.0,1
202400025146,2024-11-14,matin,,,01,01183,2,1,3,4,3,Départementale,50.0,1
202400025147,2024-03-07,après-midi,,,12,12084,1,1,2,3,3,Départementale,90.0,1
202400025148,2024-11-15,matin,,,09,09056,1,1,2,2,3,Départementale,80.0,1
202400025149,2024-03-06,matin,,,10,10387,1,1,6,4,4,Voie communale,50.0,1
202400025150,2024-11-14,après-midi,,,45,45046,2,1,5,4,3,Départementale,90.0,1
202400025151,2024-03-06,après-midi,,,75,75120,5,2,5,4,4,Voie communale,70.0,2
202400025152,2024-03-07,matin,,,75,75115,3,1,6,4,4,Voie communale,70.0,1
202400025153,2024-11-14,après-midi,,,36,36053,1,1,3,4,3,Départementale,80.0,1
202400025154,2024-03-07,matin,,,75,75105,1,1,7,4,4,Voie communale,30.0,1
202400025155,2024-11-15,après-midi,,,36,36208,1,1,7,3,3,Départementale,80.0,1
202400025156,2024-03-07,après-midi,,,75,75119,1,1,3,4,4,Voie communale,30.0,1
202400025157,2024-11-14,après-midi,,,07,07117,1,1,5,4,3,Départementale,80.0,1
202400025158,2024-03-07,matin,,,75,75117,1,1,3,4,4,Voie communale,30.0,1
202400025159,2024-11-14,soirée,,,40,40303,2,1,3,3,3,Départementale,80.0,1
202400025160,2024-03-07,matin,,,75,75116,1,1,2,4,4,Voie communale,50.0,1
202400025161,2024-11-15,après-midi,,,40,40051,1,1,1,3,3,Départementale,30.0,1
202400025162,2024-03-07,matin,,,75,75117,1,1,3,4,4,Voie communale,50.0,1
202400025163,2024-11-13,soirée,,,17,17236,3,1,2,3,3,Départementale,80.0,1
202400025164,2024-03-07,matin,,,75,75115,1,1,6,4,4,Voie communale,30.0,1
202400025165,2024-11-15,matin,,,87,87043,2,1,7,3,3,Départementale,70.0,1
202400025166,2024-11-14,nuit,,,68,68375,3,1,7,4,3,Départementale,110.0,1
202400025167,2024-03-07,matin,,,75,75115,1,1,3,4,4,Voie communale,30.0,1
202400025168,2024-11-15,matin,,,13,13113,1,7,6,2,4,Voie communale,50.0,1
202400025169,2024-03-07,après-midi,,,75,75114,1,1,2,4,4,Voie communale,30.0,1
202400025170,2024-11-15,matin,,,64,64216,1,1,2,3,1,Autoroute,130.0,1
202400025171,2024-11-15,après-midi,,,31,31506,1,1,6,3,7,Autre,30.0,1
202400025172,2024-03-07,matin,,,75,75114,1,1,3,4,4,Voie communale,30.0,1
202400025173,2024-03-04,après-midi,,,75,75114,1,1,3,4,4,Voie communale,30.0,1
202400025174,2024-11-13,soirée,,,62,62369,5,1,6,3,1,Autoroute,50.0,1
202400025175,2024-03-06,soirée,,,75,75112,5,1,6,3,4,Voie communale,30.0,1
202400025176,2024-11-14,après-midi,,,971,97107,5,1,1,4,2,Nationale,80.0,1
202400025177,2024-11-15,matin,,,29,29233,2,1,6,3,4,Voie communale,30.0,1
202400025178,2024-03-07,nuit,,,75,75111,5,1,3,4,4,Voie communale,30.0,1
202400025179,2024-11-13,après-midi,,,78,78381,2,1,1,3,3,Départementale,80.0,1
202400025180,2024-03-07,soirée,,,75,75111,2,1,6,4,4,Voie communale,30.0,1
202400025181,2024-11-15,après-midi,,,84,84092,1,1,3,4,4,Voie communale,50.0,1
202400025182,2024-03-06,soirée,,,75,75109,5,1,3,4,4,Voie communale,30.0,1
202400025183,2024-11-14,matin,,,83,83088,3,1,2,4,3,Départementale,80.0,1
202400025184,2024-03-07,après-midi,,,75,75108,1,1,3,4,4,Voie communale,30.0,1
202400025185,2024-03-07,matin,,,75,75103,1,1,7,4,4,Voie communale,30.0,1
202400025186,2024-11-15,matin,,,68,68113,1,1,3,4,3,Départementale,30.0,1
202400025187,2024-11-14,après-midi,,,67,67520,3,2,1,3,3,Départementale,80.0,2
202400025188,2024-03-05,soirée,,,94,94068,5,8,2,4,3,Départementale,30.0,2
202400025189,2024-11-14,matin,,,57,57752,1,1,6,3,3,Départementale,90.0,2
202400025190,2024-11-11,après-midi,,,57,57039,1,2,6,2,4,Voie communale,30.0,2
202400025191,2024-03-07,après-midi,,,94,94076,1,1,4,4,3,Départementale,50.0,1
202400025192,2024-11-14,après-midi,,,17,17021,1,1,1,4,3,Départementale,50.0,1
202400025193,2024-03-07,après-midi,,,94,94038,1,1,6,3,4,Voie communale,50.0,1
202400025194,2024-11-10,soirée,,,13,13071,3,1,2,4,1,Autoroute,90.0,1
202400025195,2024-03-05,nuit,,,94,94028,5,2,4,4,3,Départementale,50.0,2
202400025196,2024-11-14,matin,,,33,33063,1,1,3,4,1,Autoroute,90.0,1
202400025197,2024-03-05,matin,,,94,94028,1,8,1,3,4,Voie communale,,2
202400025198,2024-11-08,soirée,,,62,62624,3,1,2,3,1,Autoroute,110.0,1
202400025199,2024-03-07,nuit,,,94,94022,5,1,3,4,4,Voie communale,,1
202400025200,2024-11-14,soirée,,,94,94043,5,1,5,4,1,Autoroute,70.0,1
202400025201,2024-11-13,nuit,,,93,93008,5,1,7,4,1,Autoroute,90.0,1
202400025202,2024-03-07,après-midi,,,94,94017,1,1,2,4,3,Départementale,30.0,1
202400025203,2024-11-13,matin,,,93,93066,1,1,2,4,1,Autoroute,90.0,1
202400025204,2024-11-12,après-midi,,,95,95500,1,1,4,4,1,Autoroute,90.0,1
202400025205,2024-03-06,après-midi,,,94,94002,1,1,3,4,3,Départementale,30.0,1
202400025206,2024-11-14,soirée,,,94,94017,3,1,2,4,1,Autoroute,90.0,1
202400025207,2024-03-07,après-midi,,,93,93013,1,1,3,4,4,Voie communale,50.0,1
202400025208,2024-03-06,soirée,,,93,93047,5,1,6,4,4,Voie communale,50.0,2
202400025209,2024-11-14,après-midi,,,94,94073,1,1,4,4,1,Autoroute,90.0,1
202400025210,2024-11-14,matin,,,94,94073,1,1,5,4,1,Autoroute,90.0,1
202400025211,2024-03-07,soirée,,,93,93057,5,1,1,4,3,Départementale,50.0,1
202400025212,2024-11-13,après-midi,,,94,94046,2,1,2,4,1,Autoroute,90.0,1
202400025213,2024-11-13,après-midi,,,94,94069,3,1,2,3,1,Autoroute,90.0,1
202400025214,2024-03-07,après-midi,,,92,92046,1,7,3,4,3,Départementale,50.0,1
202400025215,2024-11-13,après-midi,,,77,77122,3,1,2,4,2,Nationale,90.0,1
202400025216,2024-11-13,matin,,,974,97416,1,1,6,4,4,Voie communale,30.0,1
202400025217,2024-03-07,après-midi,,,92,92073,1,1,3,4,4,Voie communale,50.0,1
202400025218,2024-11-13,après-midi,,,974,97411,1,1,6,2,4,Voie communale,30.0,1
202400025219,2024-03-07,soirée,,,92,92064,5,1,3,4,3,Départementale,50.0,1
202400025220,2024-03-07,matin,,,92,92062,1,1,2,4,3,Départementale,50.0,1
202400025221,2024-03-07,après-midi,,,92,92049,1,1,3,4,3,Départementale,50.0,1
202400025222,2024-03-07,soirée,,,92,92040,5,1,3,4,3,Départementale,30.0,1
202400025223,2024-03-07,après-midi,,,92,92025,1,1,6,4,4,Voie communale,30.0,1
202400025224,2024-03-07,soirée,,,92,92024,2,1,3,4,3,Départementale,50.0,1
202400025225,2024-03-07,soirée,,,92,92023,5,1,1,4,3,Départementale,30.0,1
202400025226,2024-03-07,matin,,,92,92019,1,1,3,4,3,Départementale,50.0,1
202400025227,2024-03-07,matin,,,92,92012,1,1,5,4,3,Départementale,50.0,1
202400025228,2024-03-07,nuit,,,92,92014,5,1,6,4,3,Départementale,50.0,1
202400025229,2024-03-08,matin,,,2A,2A189,2,1,1,2,2,Nationale,80.0,1
202400025230,2024-03-07,soirée,,,22,22368,5,1,1,4,3,Départementale,50.0,1
202400025231,2024-03-08,après-midi,,,10,10030,1,1,3,4,4,Voie communale,50.0,1
202400025232,2024-03-05,nuit,,,972,97207,3,1,5,4,3,Départementale,50.0,1
202400025233,2024-03-08,nuit,,,55,55242,4,1,2,2,1,Autoroute,130.0,1
202400025234,2024-03-07,matin,,,01,01446,1,1,3,4,3,Départementale,70.0,1
202400025235,2024-03-07,soirée,,,86,86165,3,1,6,3,3,Départementale,80.0,1
202400025236,2024-03-07,après-midi,,,60,60083,1,1,6,4,3,Départementale,50.0,1
202400025237,2024-02-18,soirée,,,71,71215,3,2,3,4,3,Départementale,80.0,2
202400025238,2024-03-05,après-midi,,,38,38186,1,1,3,3,3,Départementale,50.0,1
202400025239,2024-03-07,nuit,,,80,80655,3,1,1,3,4,Voie communale,50.0,1
202400025240,2024-02-29,après-midi,,,49,49069,1,1,7,3,3,Départementale,80.0,1
202400025241,2024-03-07,matin,,,12,12102,1,1,7,3,3,Départementale,90.0,1
202400025242,2024-03-08,matin,,,39,39458,1,1,3,4,3,Départementale,70.0,1
202400025243,2024-03-07,après-midi,,,29,29220,1,1,3,3,3,Départementale,80.0,1
202400025244,2024-03-08,après-midi,,,02,02822,1,1,2,3,3,Départementale,80.0,1
202400025245,2024-03-07,soirée,,,02,02131,3,1,6,2,2,Nationale,80.0,1
202400025246,2024-12-19,après-midi,,,56,56121,1,2,4,4,3,Départementale,70.0,2
202400025247,2024-03-06,soirée,,,15,15187,2,7,6,3,3,Départementale,90.0,1
202400025248,2024-12-15,après-midi,,,54,54375,5,2,3,4,3,Départementale,50.0,2
202400025249,2024-03-06,après-midi,,,26,26005,2,1,4,3,3,Départementale,80.0,1
202400025250,2024-12-19,nuit,,,54,54395,5,3,6,4,4,Voie communale,50.0,2
202400025251,2024-03-08,matin,,,66,66016,1,2,6,3,3,Départementale,30.0,2
202400025252,2024-12-19,matin,,,54,54323,5,2,6,4,4,Voie communale,30.0,2
202400025253,2024-12-19,soirée,,,54,54280,5,2,6,4,4,Voie communale,50.0,2
202400025254,2024-03-08,après-midi,,,50,50513,1,1,3,4,3,Départementale,80.0,1
202400025255,2024-12-10,après-midi,,,52,52448,1,1,6,3,4,Voie communale,50.0,1
202400025256,2024-03-07,après-midi,,,90,90094,1,8,5,4,2,Nationale,90.0,1
202400025257,2024-12-19,après-midi,,,50,50218,1,1,6,4,9,Autre,50.0,1
202400025258,2024-12-18,matin,,,50,50129,3,2,6,4,3,Départementale,80.0,2
202400025259,2024-12-18,soirée,,,49,49007,5,2,3,4,4,Voie communale,30.0,2
202400025260,2024-03-07,soirée,,,24,24311,3,1,1,3,3,Départementale,80.0,1
202400025261,2024-12-18,après-midi,,,49,49007,1,2,3,4,4,Voie communale,50.0,2
202400025262,2024-03-08,nuit,,,04,04116,3,1,6,4,3,Départementale,80.0,1
202400025263,2024-12-19,soirée,,,45,45004,5,1,6,4,4,Voie communale,50.0,1
202400025264,2024-12-19,matin,,,43,43041,1,1,3,4,3,Départementale,50.0,1
202400025265,2024-03-07,matin,,,04,04127,1,1,1,4,3,Départementale,50.0,1
202400025266,2024-12-19,matin,,,43,43089,1,1,3,4,3,Départementale,50.0,1
202400025267,2024-12-18,soirée,,,43,43157,5,1,3,4,4,Voie communale,50.0,1
202400025268,2024-03-08,après-midi,,,30,30346,1,2,5,4,3,Départementale,80.0,2
202400025269,2024-12-19,matin,,,38,38185,1,2,6,4,4,Voie communale,30.0,2
202400025270,2024-03-08,après-midi,,,52,52227,1,1,6,3,3,Départementale,50.0,1
202400025271,2024-12-19,matin,,,37,37261,1,1,3,3,4,Voie communale,30.0,2
202400025272,2024-02-29,matin,,,08,08113,1,2,1,4,3,Départementale,50.0,2
202400025273,2024-12-18,après-midi,,,37,37233,5,2,3,4,4,Voie communale,50.0,2
202400025274,2024-03-05,soirée,,,67,67108,3,9,7,3,3,Départementale,80.0,2
202400025275,2024-12-18,matin,,,36,36044,1,8,3,3,4,Voie communale,50.0,1
202400025276,2024-03-06,après-midi,,,13,13001,1,1,3,4,9,Autre,30.0,1
202400025277,2024-12-20,nuit,,,33,33281,3,2,6,4,4,Voie communale,50.0,2
202400025278,2024-03-08,matin,,,06,06149,1,1,6,4,1,Autoroute,90.0,1
202400025279,2024-12-19,soirée,,,33,33318,5,2,3,4,4,Voie communale,50.0,2
202400025280,2024-03-07,matin,,,11,11170,1,1,6,3,3,Départementale,,1
202400025281,2024-12-19,après-midi,,,33,33039,2,2,3,3,4,Voie communale,50.0,2
202400025282,2024-03-07,soirée,,,971,97106,3,1,1,4,3,Départementale,70.0,1
202400025283,2024-12-18,après-midi,,,33,33192,1,1,3,3,4,Voie communale,50.0,1
202400025284,2024-03-07,après-midi,,,28,28094,1,1,6,4,3,Départementale,80.0,1
202400025285,2024-12-19,après-midi,,,33,33063,1,2,2,4,4,Voie communale,50.0,2
202400025286,2024-03-06,soirée,,,77,77490,2,2,5,4,3,Départementale,70.0,2
202400025287,2024-12-19,matin,,,33,33063,5,1,3,4,4,Voie communale,50.0,2
202400025288,2024-03-08,nuit,,,77,77196,4,1,2,3,2,Nationale,110.0,1
202400025289,2024-12-18,après-midi,,,33,33063,1,1,6,4,4,Voie communale,50.0,1
202400025290,2024-01-05,nuit,,,30,30155,3,1,6,3,3,Départementale,90.0,1
202400025291,2024-03-08,nuit,,,83,83023,5,1,3,3,3,Départementale,50.0,1
202400025292,2024-12-19,après-midi,,,31,31555,1,2,3,4,4,Voie communale,30.0,2
202400025293,2024-12-19,après-midi,,,29,29039,1,1,3,4,4,Voie communale,50.0,1
202400025294,2024-03-08,matin,,,08,08188,1,7,1,4,3,Départementale,80.0,1
202400025295,2024-12-18,soirée,,,29,29019,5,8,6,4,4,Voie communale,50.0,2
202400025296,2024-03-08,après-midi,,,54,54217,1,1,3,3,3,Départementale,50.0,1
202400025297,2024-12-18,soirée,,,29,29019,5,2,3,3,4,Voie communale,30.0,2
202400025298,2024-12-18,après-midi,,,29,29019,1,1,3,4,4,Voie communale,50.0,1
202400025299,2024-03-08,nuit,,,54,54215,4,1,1,3,4,Voie communale,50.0,1
202400025300,2024-12-16,après-midi,,,29,29019,1,1,6,4,4,Voie communale,30.0,1
202400025301,2024-03-07,après-midi,,,42,42041,1,1,2,4,3,Départementale,80.0,1
202400025302,2024-03-07,soirée,,,38,38026,3,1,3,4,3,Départementale,80.0,1
202400025303,2024-12-19,matin,,,27,27681,1,2,5,4,3,Départementale,80.0,2
202400025304,2024-03-08,après-midi,,,81,81112,1,1,6,4,3,Départementale,50.0,1
202400025305,2024-12-19,matin,,,25,25056,1,1,3,4,4,Voie communale,50.0,1
202400025306,2024-12-19,matin,,,25,25056,5,2,6,4,4,Voie communale,50.0,2
202400025307,2024-03-07,après-midi,,,19,19041,1,1,1,4,3,Départementale,90.0,1
202400025308,2024-12-19,matin,,,17,17306,1,3,6,4,4,Voie communale,30.0,2
202400025309,2024-03-07,après-midi,,,35,35152,1,1,6,4,6,Autre,50.0,1
202400025310,2024-12-19,après-midi,,,17,17274,1,1,1,4,3,Départementale,80.0,1
202400025311,2024-03-07,après-midi,,,60,60141,1,1,4,4,4,Voie communale,50.0,1
202400025312,2024-12-12,soirée,,,14,14118,5,1,6,3,4,Voie communale,50.0,1
202400025313,2024-03-07,après-midi,,,60,60581,1,1,1,3,4,Voie communale,,1
202400025314,2024-12-18,soirée,,,13,13205,5,1,3,3,4,Voie communale,50.0,1
202400025315,2024-12-18,matin,,,13,13213,2,1,6,4,4,Voie communale,50.0,1
202400025316,2024-03-08,après-midi,,,60,60395,1,1,1,4,4,Voie communale,50.0,1
202400025317,2024-12-05,après-midi,,,12,12100,5,1,2,4,3,Départementale,70.0,1
202400025318,2024-03-06,après-midi,,,13,13202,1,1,3,4,1,Autoroute,50.0,1
202400025319,2024-12-19,matin,,,11,11262,2,1,3,4,4,Voie communale,50.0,1