Num_Acc,date,time_of_day,lat,long,dep,com,lum,atm,col,severity_index,catr,catr_label,vma,surf
202400025320,2024-12-18,après-midi,,,11,11069,5,2,6,4,4,Voie communale,50.0,2
202400025321,2024-12-19,matin,,,11,11069,2,1,6,4,4,Voie communale,50.0,1
202400025322,2024-03-05,après-midi,,,33,33075,1,1,4,4,1,Autoroute,70.0,1
202400025323,2024-12-19,nuit,,,10,10357,5,1,2,4,4,Voie communale,50.0,1
202400025324,2024-03-07,après-midi,,,95,95277,1,1,4,4,1,Autoroute,90.0,1
202400025325,2024-12-19,matin,,,07,07102,5,2,6,4,4,Voie communale,50.0,2
202400025326,2024-12-18,soirée,,,06,06083,5,1,3,4,4,Voie communale,50.0,1
202400025327,2024-03-07,matin,,,93,93027,1,1,4,4,1,Autoroute,90.0,1
202400025328,2024-12-18,après-midi,,,06,06030,1,1,3,3,4,Voie communale,30.0,1
202400025329,2024-03-07,matin,,,93,93039,1,1,3,4,1,Autoroute,90.0,1
202400025330,2024-12-09,matin,,,04,04112,2,1,4,4,3,Départementale,70.0,1
202400025331,2024-03-07,matin,,,93,93013,1,1,2,3,1,Autoroute,90.0,1
202400025332,2024-12-19,soirée,,,75,75115,5,8,3,4,4,Voie communale,50.0,2
202400025333,2024-12-12,soirée,,,75,75118,5,1,3,4,4,Voie communale,50.0,1
202400025334,2024-12-19,matin,,,75,75105,2,2,1,4,4,Voie communale,30.0,2
202400025335,2024-03-07,matin,,,95,95154,1,1,4,4,1,Autoroute,110.0,1
202400025336,2024-12-18,soirée,,,75,75106,5,2,1,4,4,Voie communale,30.0,2
202400025337,2024-03-06,soirée,,,75,75120,3,1,5,3,1,Autoroute,110.0,1
202400025338,2024-12-18,après-midi,,,75,75105,1,1,3,4,4,Voie communale,30.0,1
202400025339,2024-03-06,soirée,,,93,93066,1,1,2,4,1,Autoroute,90.0,1
202400025340,2024-12-19,matin,,,75,75118,1,2,1,4,4,Voie communale,30.0,2
202400025341,2024-03-06,matin,,,93,93007,1,2,2,3,1,Autoroute,90.0,2
202400025342,2024-12-19,soirée,,,75,75117,5,1,3,4,4,Voie communale,30.0,1
202400025343,2024-03-05,soirée,,,93,93005,3,1,4,4,1,Autoroute,110.0,1
202400025344,2024-12-19,matin,,,75,75117,1,1,3,4,4,Voie communale,30.0,1
202400025345,2024-03-07,après-midi,,,94,94046,1,1,3,4,1,Autoroute,90.0,1
202400025346,2024-12-19,nuit,,,75,75116,5,2,6,4,4,Voie communale,30.0,2
202400025347,2024-12-18,après-midi,,,75,75116,1,1,6,4,4,Voie communale,30.0,1
202400025348,2024-03-07,après-midi,,,94,94052,1,1,2,4,1,Autoroute,90.0,1
202400025349,2024-02-12,après-midi,,,44,44109,1,8,6,4,4,Voie communale,30.0,1
202400025350,2024-12-18,matin,,,75,75116,1,8,3,4,4,Voie communale,30.0,2
202400025351,2024-12-19,après-midi,,,75,75115,1,1,2,4,4,Voie communale,30.0,1
202400025352,2024-02-11,matin,,,44,44020,1,8,3,4,2,Nationale,70.0,1
202400025353,2024-12-19,matin,,,75,75115,5,1,6,4,4,Voie communale,30.0,1
202400025354,2024-02-10,après-midi,,,44,44020,1,8,4,4,3,Départementale,90.0,1
202400025355,2024-12-18,matin,,,75,75113,1,1,5,4,4,Voie communale,30.0,1
202400025356,2024-02-09,matin,,,44,44190,1,8,3,4,4,Voie communale,50.0,1
202400025357,2024-02-09,matin,,,44,44190,1,8,7,4,4,Voie communale,50.0,1
202400025358,2024-12-19,après-midi,,,75,75111,1,1,6,4,4,Voie communale,30.0,1
202400025359,2024-12-19,nuit,,,75,75109,5,1,6,4,4,Voie communale,30.0,2
202400025360,2024-02-08,matin,,,44,44109,1,8,3,4,4,Voie communale,50.0,1
202400025361,2024-12-19,soirée,,,75,75107,5,1,6,4,4,Voie communale,30.0,2
202400025362,2024-02-08,après-midi,,,44,44109,1,1,7,4,4,Voie communale,50.0,1
202400025363,2024-12-19,après-midi,,,94,94068,1,1,6,4,4,Voie communale,30.0,1
202400025364,2024-02-08,après-midi,,,44,44109,1,2,3,4,4,Voie communale,50.0,2
202400025365,2024-12-19,soirée,,,94,94058,5,2,6,4,3,Départementale,50.0,2
202400025366,2024-02-08,après-midi,,,44,44143,1,8,7,4,4,Voie communale,50.0,2
202400025367,2024-12-19,soirée,,,94,94043,5,2,6,4,9,Autre,30.0,2
202400025368,2024-02-07,matin,,,44,44109,1,8,3,4,4,Voie communale,50.0,1
202400025369,2024-12-19,matin,,,94,94037,1,2,3,4,3,Départementale,50.0,2
202400025370,2024-02-06,matin,,,44,44109,1,8,3,4,4,Voie communale,50.0,1
202400025371,2024-12-18,après-midi,,,94,94034,5,2,3,4,3,Départementale,50.0,2
202400025372,2024-02-04,soirée,,,44,44109,5,8,3,4,4,Voie communale,50.0,1
202400025373,2024-12-18,soirée,,,94,94028,5,2,6,4,4,Voie communale,50.0,2
202400025374,2024-03-06,matin,,,976,97611,1,1,3,4,4,Voie communale,50.0,1
202400025375,2024-12-17,après-midi,,,94,94028,1,1,1,4,3,Départementale,50.0,1
202400025376,2024-12-19,après-midi,,,93,93059,1,2,3,4,4,Voie communale,30.0,2
202400025377,2024-03-06,matin,,,974,97416,1,1,6,3,3,Départementale,50.0,1
202400025378,2024-12-19,après-midi,,,93,93055,1,2,2,4,4,Voie communale,30.0,2
202400025379,2024-03-06,après-midi,,,69,69383,1,1,6,4,4,Voie communale,30.0,1
202400025380,2024-12-19,soirée,,,93,93051,5,2,6,3,4,Voie communale,30.0,2
202400025381,2024-03-06,matin,,,69,69388,1,1,6,4,4,Voie communale,30.0,2
202400025382,2024-12-19,soirée,,,93,93029,5,1,6,4,4,Voie communale,50.0,1
202400025383,2024-03-06,matin,,,972,97213,2,1,6,4,9,Autre,50.0,1
202400025384,2024-12-19,après-midi,,,93,93010,1,1,6,4,3,Départementale,30.0,1
202400025385,2024-12-13,matin,,,92,92062,1,1,6,4,3,Départementale,50.0,1
202400025386,2024-03-06,soirée,,,69,69382,2,1,3,4,4,Voie communale,30.0,1
202400025387,2024-03-06,après-midi,,,69,69034,1,1,6,3,4,Voie communale,50.0,1
202400025388,2024-12-19,après-midi,,,92,92051,5,1,3,4,4,Voie communale,50.0,1
202400025389,2024-12-19,matin,,,92,92050,5,2,7,4,4,Voie communale,,2
202400025390,2024-03-06,soirée,,,2B,2B120,5,1,2,3,2,Nationale,70.0,1
202400025391,2024-12-19,nuit,,,92,92050,5,2,6,4,3,Départementale,50.0,2
202400025392,2024-02-04,nuit,,,971,97107,5,1,6,2,3,Départementale,50.0,1
202400025393,2024-12-17,matin,,,92,92050,1,1,1,4,3,Départementale,50.0,1
202400025394,2024-03-06,après-midi,,,971,97105,1,1,2,4,3,Départementale,70.0,1
202400025395,2024-12-19,soirée,,,92,92040,5,1,6,3,3,Départementale,30.0,1
202400025396,2024-03-05,soirée,,,91,91021,1,1,6,4,3,Départementale,50.0,1
202400025397,2024-12-19,soirée,,,92,92024,5,8,3,4,3,Départementale,50.0,2
202400025398,2024-03-06,matin,,,91,91161,1,1,2,4,4,Voie communale,30.0,1
202400025399,2024-12-19,soirée,,,92,92009,5,2,3,3,3,Départementale,30.0,2
202400025400,2024-12-19,soirée,,,92,92002,5,1,6,4,3,Départementale,50.0,1
202400025401,2024-03-06,matin,,,91,91514,1,2,6,3,6,Autre,30.0,2
202400025402,2024-12-18,matin,,,63,63302,1,8,1,3,3,Départementale,90.0,1
202400025403,2024-03-06,soirée,,,91,91589,5,8,6,4,3,Départementale,50.0,1
202400025404,2024-03-06,matin,,,91,91027,1,8,3,3,4,Voie communale,50.0,2
202400025405,2024-12-18,matin,,,01,01105,1,1,4,4,3,Départementale,80.0,1
202400025406,2024-12-19,après-midi,,,25,25305,2,6,6,4,2,Nationale,110.0,2
202400025407,2024-12-19,matin,,,05,05079,1,9,7,3,3,Départementale,90.0,7
202400025408,2024-02-18,nuit,,,91,91479,5,1,3,4,4,Voie communale,50.0,1
202400025409,2024-03-06,nuit,,,91,91228,5,3,6,4,3,Départementale,50.0,2
202400025410,2024-12-18,après-midi,,,972,97221,1,1,2,3,2,Nationale,50.0,1
202400025411,2024-12-19,après-midi,,,35,35085,1,1,6,3,3,Départementale,30.0,2
202400025412,2024-03-06,matin,,,84,84031,1,1,3,2,3,Départementale,30.0,1
202400025413,2024-12-16,matin,,,35,35125,2,2,1,4,3,Départementale,80.0,2
202400025414,2024-02-25,soirée,,,84,84007,5,1,1,4,4,Voie communale,50.0,1
202400025415,2024-12-20,après-midi,,,71,71204,1,1,2,4,1,Autoroute,130.0,1
202400025416,2024-03-05,après-midi,,,83,83129,1,1,6,3,4,Voie communale,50.0,1
202400025417,2024-12-18,soirée,,,59,59462,5,8,2,3,3,Départementale,,1
202400025418,2024-03-06,soirée,,,82,82033,5,1,6,4,3,Départementale,50.0,1
202400025419,2024-12-20,après-midi,,,974,97413,1,1,1,4,4,Voie communale,,1
202400025420,2024-12-18,matin,,,23,23065,1,1,7,3,3,Départementale,90.0,1
202400025421,2024-03-06,soirée,,,81,81004,2,1,2,4,2,Nationale,50.0,1
202400025422,2024-12-19,après-midi,,,47,47010,2,1,1,4,3,Départementale,50.0,1
202400025423,2024-03-05,matin,,,77,77326,3,8,3,4,3,Départementale,70.0,2
202400025424,2024-12-19,après-midi,,,35,35197,1,2,1,4,3,Départementale,80.0,2
202400025425,2024-03-05,après-midi,,,76,76351,1,2,6,4,4,Voie communale,50.0,2
202400025426,2024-12-20,après-midi,,,95,95026,1,1,6,4,3,Départementale,80.0,1
202400025427,2024-03-06,soirée,,,69,69256,5,1,6,4,4,Voie communale,30.0,1
202400025428,2024-12-20,matin,,,95,95352,1,7,3,4,3,Départementale,80.0,7
202400025429,2024-12-20,matin,,,19,19107,1,1,1,3,3,Départementale,70.0,2
202400025430,2024-03-06,soirée,,,69,69290,5,1,3,4,7,Autre,50.0,1
202400025431,2024-12-19,après-midi,,,19,19208,2,2,7,3,3,Départementale,90.0,2
202400025432,2024-04-13,nuit,,,2A,2A004,5,1,3,4,2,Nationale,50.0,1
202400025433,2024-12-19,après-midi,,,56,56001,2,1,6,4,3,Départementale,50.0,1
202400025434,2024-04-13,nuit,,,2A,2A004,5,1,3,4,4,Voie communale,,1
202400025435,2024-12-16,soirée,,,80,80253,5,8,7,3,3,Départementale,50.0,2
202400025436,2024-04-13,après-midi,,,2A,2A004,1,1,3,4,2,Nationale,70.0,1
202400025437,2024-04-13,matin,,,2A,2A004,1,1,1,4,2,Nationale,50.0,1
202400025438,2024-12-20,après-midi,,,89,89265,3,1,5,4,2,Nationale,70.0,1
202400025439,2024-04-13,après-midi,,,95,95019,1,1,6,4,4,Voie communale,50.0,1
202400025440,2024-12-20,après-midi,,,39,39219,1,1,1,3,3,Départementale,90.0,1
202400025441,2024-04-12,matin,,,95,95582,1,1,6,4,6,Autre,30.0,1
202400025442,2024-12-19,après-midi,,,44,44084,1,1,3,3,3,Départementale,80.0,1
202400025443,2024-04-13,après-midi,,,95,95428,1,1,6,3,4,Voie communale,50.0,1
202400025444,2024-04-13,nuit,,,91,91552,5,1,3,3,3,Départementale,70.0,1
202400025445,2024-12-19,soirée,,,44,44064,3,1,1,3,3,Départementale,80.0,1
202400025446,2024-04-12,soirée,,,91,91657,1,1,6,4,3,Départementale,50.0,1
202400025447,2024-12-20,matin,,,29,29097,1,1,1,4,3,Départementale,80.0,1
202400025448,2024-04-12,après-midi,,,91,91589,1,1,3,4,3,Départementale,50.0,1
202400025449,2024-12-20,matin,,,29,29264,1,2,1,3,3,Départementale,50.0,2
202400025450,2024-04-12,soirée,,,91,91109,1,1,1,4,3,Départementale,50.0,1
202400025451,2024-12-19,après-midi,,,03,03090,1,2,3,4,3,Départementale,90.0,2
202400025452,2024-12-20,matin,,,15,15061,1,4,6,4,3,Départementale,80.0,5
202400025453,2024-04-13,soirée,,,83,83137,2,1,7,3,3,Départementale,50.0,1
202400025454,2024-12-19,nuit,,,01,01237,3,2,1,3,3,Départementale,80.0,2
202400025455,2024-04-08,après-midi,,,83,83118,1,1,6,3,4,Voie communale,50.0,1
202400025456,2024-12-19,soirée,,,01,01125,3,2,6,4,3,Départementale,80.0,2
202400025457,2024-12-19,après-midi,,,70,70384,3,9,1,4,3,Départementale,80.0,2
202400025458,2024-04-13,matin,,,80,80021,1,1,3,4,4,Voie communale,,1
202400025459,2024-12-20,matin,,,72,72275,2,1,6,4,3,Départementale,30.0,1
202400025460,2024-12-19,soirée,,,50,50349,3,4,1,4,3,Départementale,80.0,2
202400025461,2024-04-13,après-midi,,,77,77294,1,1,3,4,4,Voie communale,30.0,1
202400025462,2024-12-20,matin,,,50,50410,2,1,6,4,3,Départementale,50.0,1
202400025463,2024-04-13,nuit,,,77,77462,3,1,2,3,2,Nationale,110.0,1
202400025464,2024-12-18,soirée,,,90,90020,3,2,7,3,3,Départementale,80.0,2
202400025465,2024-04-13,soirée,,,77,77372,3,1,3,4,3,Départementale,80.0,1
202400025466,2024-12-19,matin,,,43,43268,1,8,6,3,4,Voie communale,50.0,2
202400025467,2024-12-19,après-midi,,,43,43026,1,2,6,3,3,Départementale,80.0,2
202400025468,2024-04-12,après-midi,,,77,77458,1,1,6,4,4,Voie communale,30.0,1
202400025469,2024-04-12,matin,,,77,77431,1,1,6,4,4,Voie communale,50.0,1
202400025470,2024-12-20,matin,,,10,10254,1,1,3,4,3,Départementale,80.0,1
202400025471,2024-12-20,après-midi,,,53,53267,1,1,6,4,3,Départementale,80.0,2
202400025472,2024-04-13,soirée,,,76,76108,2,1,3,4,4,Voie communale,50.0,1
202400025473,2024-12-20,matin,,,85,85008,3,1,3,3,3,Départementale,,1
202400025474,2024-04-12,après-midi,,,73,73065,1,1,2,4,4,Voie communale,50.0,1
202400025475,2024-04-13,après-midi,,,72,72181,1,1,3,4,4,Voie communale,30.0,1
202400025476,2024-12-20,après-midi,,,37,37028,3,2,1,4,3,Départementale,80.0,2
202400025477,2024-04-13,après-midi,,,71,71540,1,1,3,4,3,Départementale,80.0,1
202400025478,2024-12-19,nuit,,,48,48140,3,4,6,4,3,Départementale,70.0,7
202400025479,2024-04-13,soirée,,,69,69092,1,7,3,3,3,Départementale,50.0,1
202400025480,2024-12-19,soirée,,,08,08498,3,1,1,3,3,Départementale,80.0,1
202400025481,2024-04-13,après-midi,,,69,69264,1,1,6,4,3,Départementale,50.0,1
202400025482,2024-12-19,matin,,,68,68375,4,2,6,4,3,Départementale,50.0,2
202400025483,2024-04-13,après-midi,,,69,69290,1,1,7,4,4,Voie communale,50.0,1
202400025484,2024-04-10,matin,,,68,68066,1,1,3,3,3,Départementale,50.0,1
202400025485,2024-12-20,après-midi,,,65,65127,1,1,5,3,1,Autoroute,90.0,1
202400025486,2024-04-13,soirée,,,64,64445,5,1,7,3,4,Voie communale,50.0,1
202400025487,2024-04-13,après-midi,,,64,64122,1,1,2,4,3,Départementale,50.0,1
202400025488,2024-12-20,après-midi,,,13,13051,2,6,5,4,3,Départementale,90.0,1
202400025489,2024-12-19,matin,,,69,69244,1,2,3,3,7,Autre,50.0,2
202400025490,2024-04-13,nuit,,,64,64024,5,1,3,4,4,Voie communale,50.0,1
202400025491,2024-11-22,après-midi,,,73,73128,3,2,2,4,1,Autoroute,130.0,2
202400025492,2024-04-13,soirée,,,63,63113,2,7,3,4,7,Autre,50.0,1
202400025493,2024-12-20,après-midi,,,971,97103,1,1,1,3,4,Voie communale,50.0,1
202400025494,2024-04-13,après-midi,,,62,62274,1,2,6,3,4,Voie communale,50.0,2
202400025495,2024-12-20,nuit,,,13,13110,3,6,2,3,1,Autoroute,130.0,1
202400025496,2024-04-13,matin,,,59,59599,1,1,6,2,7,Autre,50.0,1
202400025497,2024-12-19,après-midi,,,971,97102,2,1,6,3,3,Départementale,80.0,1
202400025498,2024-04-13,soirée,,,54,54395,1,1,6,4,4,Voie communale,10.0,1
202400025499,2024-12-20,après-midi,,,45,45108,4,1,5,4,3,Départementale,90.0,1
202400025500,2024-04-13,matin,,,54,54323,2,1,3,4,4,Voie communale,50.0,1
202400025501,2024-12-20,après-midi,,,77,77010,1,1,3,3,3,Départementale,90.0,1
202400025502,2024-04-13,après-midi,,,51,51454,1,1,6,4,4,Voie communale,30.0,1
202400025503,2024-12-20,nuit,,,21,21292,3,1,7,3,3,Départementale,50.0,1
202400025504,2024-12-14,matin,,,08,08190,1,5,6,4,3,Départementale,50.0,2
202400025505,2024-04-13,après-midi,,,51,51454,1,1,3,4,4,Voie communale,50.0,1
202400025506,2024-04-12,soirée,,,51,51454,1,1,3,4,4,Voie communale,50.0,1
202400025507,2024-12-17,matin,,,74,74094,1,1,5,4,3,Départementale,,1
202400025508,2024-09-03,soirée,,,92,92036,2,1,2,4,2,Nationale,70.0,1
202400025509,2024-12-20,matin,,,01,01275,1,1,6,4,4,Voie communale,50.0,2
202400025510,2024-04-13,nuit,,,51,51168,3,1,2,4,3,Départementale,80.0,1
202400025511,2024-12-20,matin,,,23,23067,1,1,7,4,3,Départementale,70.0,2
202400025512,2024-09-04,après-midi,,,93,93010,1,1,5,4,1,Autoroute,90.0,1
202400025513,2024-04-12,après-midi,,,47,47001,1,1,2,4,3,Départementale,50.0,1
202400025514,2024-12-19,après-midi,,,33,33268,2,2,4,4,3,Départementale,30.0,2
202400025515,2024-04-13,matin,,,45,45302,1,1,6,4,3,Départementale,90.0,1
202400025516,2024-12-20,matin,,,33,33493,2,1,7,3,3,Départementale,80.0,1
202400025517,2024-09-03,nuit,,,93,93066,5,1,2,4,1,Autoroute,90.0,1
202400025518,2024-04-13,matin,,,44,44184,1,1,3,3,4,Voie communale,50.0,1
202400025519,2024-12-19,soirée,,,33,33504,3,3,3,2,3,Départementale,80.0,2
202400025520,2024-04-08,matin,,,42,42218,1,1,3,3,4,Voie communale,50.0,1
202400025521,2024-09-03,après-midi,,,93,93066,1,1,2,3,1,Autoroute,90.0,1
202400025522,2024-12-19,après-midi,,,49,49269,1,1,2,3,3,Départementale,110.0,1
202400025523,2024-09-03,après-midi,,,95,95252,1,1,7,4,1,Autoroute,110.0,1
202400025524,2024-12-20,matin,,,29,29156,3,3,2,4,4,Voie communale,70.0,2
202400025525,2024-04-13,matin,,,35,35238,1,1,3,4,4,Voie communale,30.0,1
202400025526,2024-12-20,matin,,,35,35360,2,1,6,3,4,Voie communale,30.0,2
202400025527,2024-09-03,matin,,,95,95572,2,2,6,4,1,Autoroute,110.0,2
202400025528,2024-12-19,soirée,,,27,27031,3,1,1,3,4,Voie communale,80.0,1
202400025529,2024-04-13,après-midi,,,34,34172,1,1,2,4,4,Voie communale,30.0,1
202400025530,2024-09-03,matin,,,93,93007,1,2,2,4,1,Autoroute,110.0,2
202400025531,2024-12-19,après-midi,,,27,27180,5,1,3,4,4,Voie communale,50.0,1
202400025532,2024-04-12,nuit,,,34,34172,5,1,6,3,4,Voie communale,50.0,1
202400025533,2024-09-02,soirée,,,93,93066,1,1,7,4,1,Autoroute,70.0,1
202400025534,2024-04-13,nuit,,,31,31555,5,1,1,4,7,Autre,50.0,1
202400025535,2024-12-20,après-midi,,,80,80625,2,8,1,4,3,Départementale,50.0,1
202400025536,2024-09-04,après-midi,,,77,77294,1,1,2,4,1,Autoroute,90.0,1
202400025537,2024-04-13,après-midi,,,29,29232,1,1,3,4,4,Voie communale,30.0,1
202400025538,2024-12-16,soirée,,,62,62711,5,1,3,4,3,Départementale,50.0,1
202400025539,2024-04-12,soirée,,,22,22113,1,1,3,4,4,Voie communale,50.0,1
202400025540,2024-08-27,après-midi,,,44,44109,1,1,2,4,4,Voie communale,30.0,1
202400025541,2024-12-18,soirée,,,13,13210,3,1,2,4,1,Autoroute,70.0,1
202400025542,2024-04-13,nuit,,,19,19031,3,1,6,4,3,Départementale,30.0,1
202400025543,2024-12-18,après-midi,,,13,13213,1,1,3,4,1,Autoroute,70.0,1
202400025544,2024-04-13,matin,,,19,19031,1,1,2,4,4,Voie communale,50.0,1
202400025545,2024-05-31,après-midi,,,91,91689,1,2,3,4,1,Autoroute,110.0,2
202400025546,2024-12-18,après-midi,,,13,13071,3,1,5,3,1,Autoroute,90.0,1
202400025547,2024-04-13,matin,,,14,14366,1,1,2,4,3,Départementale,50.0,1
202400025548,2024-04-13,matin,,,13,13205,5,1,1,4,4,Voie communale,50.0,1
202400025549,2024-12-19,après-midi,,,33,33013,1,2,2,4,2,Nationale,90.0,2
202400025550,2024-05-30,soirée,,,91,91174,1,8,2,4,4,Voie communale,50.0,2
202400025551,2024-04-13,nuit,,,13,13210,5,1,2,4,4,Voie communale,50.0,1
202400025552,2024-12-19,matin,,,33,33075,1,2,2,4,1,Autoroute,90.0,2
202400025553,2024-12-19,nuit,,,33,33318,3,3,6,4,1,Autoroute,30.0,2
202400025554,2024-05-30,soirée,,,91,91363,1,1,3,4,2,Nationale,110.0,1
202400025555,2024-04-13,nuit,,,13,13206,5,1,3,3,4,Voie communale,50.0,1
202400025556,2024-04-13,nuit,,,13,13098,5,1,7,4,4,Voie communale,50.0,1
202400025557,2024-12-08,soirée,,,62,62498,3,1,4,4,1,Autoroute,110.0,1
202400025558,2024-12-19,soirée,,,91,91339,3,1,6,4,2,Nationale,110.0,1
202400025559,2024-04-13,soirée,,,13,13005,1,1,1,4,4,Voie communale,50.0,1
202400025560,2024-05-30,après-midi,,,91,91286,1,1,5,4,1,Autoroute,110.0,2
202400025561,2024-04-13,matin,,,13,13001,1,1,1,2,4,Voie communale,50.0,1
202400025562,2024-12-19,après-midi,,,92,92002,3,1,4,4,1,Autoroute,110.0,1
202400025563,2024-04-14,nuit,,,10,10343,3,1,7,4,4,Voie communale,50.0,1
202400025564,2024-12-19,matin,,,91,91235,1,1,2,4,2,Nationale,90.0,2
202400025565,2024-04-13,après-midi,,,10,10081,1,7,6,4,4,Voie communale,50.0,1
202400025566,2024-05-29,nuit,,,91,91103,3,2,7,4,2,Nationale,110.0,2
202400025567,2024-12-19,matin,,,91,91689,3,1,2,4,1,Autoroute,110.0,2
202400025568,2024-05-28,après-midi,,,91,91546,1,2,7,3,4,Voie communale,50.0,2
202400025569,2024-04-13,après-midi,,,10,10387,1,1,3,4,4,Voie communale,30.0,1
202400025570,2024-12-19,nuit,,,91,91377,3,2,6,4,1,Autoroute,70.0,2
202400025571,2024-04-13,matin,,,07,07008,3,1,3,4,3,Départementale,90.0,1
202400025572,2024-12-18,après-midi,,,94,94034,2,1,4,4,1,Autoroute,70.0,1
202400025573,2024-05-28,matin,,,91,91228,1,8,4,4,1,Autoroute,90.0,1
202400025574,2024-04-13,soirée,,,06,06069,1,1,3,4,3,Départementale,10.0,1
202400025575,2024-08-21,après-midi,,,44,44162,1,1,6,4,4,Voie communale,50.0,1
202400025576,2024-12-18,après-midi,,,91,91573,3,1,4,4,2,Nationale,90.0,1
202400025577,2024-04-13,soirée,,,04,04112,1,1,1,4,4,Voie communale,50.0,1
202400025578,2024-05-26,nuit,,,91,91377,3,1,2,4,1,Autoroute,90.0,1
202400025579,2024-12-18,après-midi,,,92,92048,3,1,3,4,2,Nationale,90.0,1
202400025580,2024-04-12,matin,,,02,02691,1,1,3,3,4,Voie communale,50.0,1
202400025581,2024-12-18,soirée,,,78,78423,3,1,2,4,2,Nationale,110.0,1
202400025582,2024-05-25,nuit,,,91,91471,3,1,7,4,2,Nationale,90.0,2
202400025583,2024-12-18,matin,,,92,92012,1,1,2,4,1,Autoroute,70.0,2
202400025584,2024-04-13,nuit,,,75,75112,5,1,5,4,4,Voie communale,70.0,1
202400025585,2024-12-18,soirée,,,95,95527,3,1,2,4,2,Nationale,110.0,1
202400025586,2024-04-13,soirée,,,75,75105,5,1,6,4,4,Voie communale,30.0,1
202400025587,2024-12-18,après-midi,,,93,93066,1,1,2,4,1,Autoroute,90.0,1
202400025588,2024-05-24,après-midi,,,91,91534,1,1,3,4,2,Nationale,110.0,1
202400025589,2024-01-26,soirée,,,988,98805,3,1,1,3,1,Autoroute,70.0,1
202400025590,2024-04-13,après-midi,,,75,75105,1,1,6,4,4,Voie communale,30.0,1
202400025591,2024-12-18,après-midi,,,95,95219,3,1,1,4,1,Autoroute,90.0,1
202400025592,2024-01-25,matin,,,06,06018,1,1,7,4,3,Départementale,50.0,2
202400025593,2024-12-18,après-midi,,,93,93008,1,1,3,4,1,Autoroute,90.0,1
202400025594,2024-04-13,après-midi,,,75,75117,1,1,1,4,4,Voie communale,30.0,1
202400025595,2024-01-02,après-midi,,,987,98738,1,1,1,3,4,Voie communale,40.0,1
202400025596,2024-12-19,matin,,,94,94044,3,2,2,4,2,Nationale,90.0,2
202400025597,2024-05-24,après-midi,,,91,91136,1,1,4,4,1,Autoroute,90.0,1
202400025598,2024-04-11,matin,,,75,75106,1,1,3,4,4,Voie communale,30.0,1
202400025599,2024-12-19,nuit,,,94,94042,4,2,6,4,1,Autoroute,90.0,2
202400025600,2024-01-26,nuit,,,971,97116,3,1,6,4,2,Nationale,50.0,1
202400025601,2024-05-24,après-midi,,,91,91174,1,1,6,3,3,Départementale,50.0,1
202400025602,2024-01-26,nuit,,,977,97701,3,1,7,4,3,Départementale,30.0,1
202400025603,2024-04-13,soirée,,,75,75107,1,1,6,4,4,Voie communale,30.0,1
202400025604,2024-12-18,après-midi,,,77,77468,3,1,6,4,1,Autoroute,110.0,1
202400025605,2024-01-26,après-midi,,,2A,2A247,1,1,6,4,4,Voie communale,,1
202400025606,2024-12-18,nuit,,,77,77495,3,1,7,2,1,Autoroute,90.0,2
202400025607,2024-05-23,soirée,,,91,91226,1,1,3,4,4,Voie communale,50.0,1
202400025608,2024-04-13,matin,,,75,75114,1,1,2,4,4,Voie communale,30.0,1
202400025609,2024-01-26,matin,,,34,34033,1,1,6,4,3,Départementale,30.0,1
202400025610,2024-12-17,nuit,,,94,94079,3,1,6,4,1,Autoroute,110.0,1
202400025611,2024-05-23,matin,,,91,91235,1,1,2,4,2,Nationale,110.0,1
202400025612,2024-04-13,matin,,,75,75110,1,1,3,4,4,Voie communale,30.0,1
202400025613,2024-01-26,matin,,,26,26271,1,1,5,4,2,Nationale,70.0,1
202400025614,2024-05-23,matin,,,91,91339,1,8,6,4,2,Nationale,110.0,1
202400025615,2024-08-11,nuit,,,62,62617,5,1,3,4,3,Départementale,50.0,1
202400025616,2024-01-26,après-midi,,,69,69009,1,1,2,4,3,Départementale,50.0,1
202400025617,2024-04-12,après-midi,,,75,75109,1,1,6,4,4,Voie communale,30.0,1
202400025618,2024-01-26,nuit,,,69,69154,3,1,6,3,3,Départementale,80.0,1
202400025619,2024-08-09,soirée,,,62,62737,1,1,1,4,3,Départementale,50.0,1
202400025620,2024-05-22,soirée,,,91,91553,2,1,5,4,2,Nationale,90.0,1
202400025621,2024-08-06,soirée,,,62,62737,1,1,3,4,3,Départementale,30.0,1
202400025622,2024-04-13,nuit,,,75,75108,5,1,2,4,4,Voie communale,50.0,1
202400025623,2024-01-25,après-midi,,,69,69171,1,1,1,3,3,Départementale,30.0,1
202400025624,2024-01-25,après-midi,,,31,31248,1,1,2,4,3,Départementale,80.0,1
202400025625,2024-07-30,matin,,,59,59569,1,1,3,3,3,Départementale,50.0,1
202400025626,2024-04-13,soirée,,,75,75102,2,1,6,4,4,Voie communale,30.0,1
202400025627,2024-01-25,après-midi,,,85,85302,2,2,5,4,3,Départementale,90.0,2
202400025628,2024-07-24,matin,,,59,59178,1,1,6,4,3,Départementale,50.0,1
202400025629,2024-05-22,après-midi,,,91,91689,1,2,4,4,1,Autoroute,110.0,2
202400025630,2024-04-13,après-midi,,,75,75102,1,1,3,4,4,Voie communale,30.0,1
202400025631,2024-01-26,après-midi,,,76,76464,1,1,6,2,7,Autre,80.0,1
202400025632,2024-07-19,soirée,,,59,59327,1,1,2,3,3,Départementale,50.0,1
202400025633,2024-01-26,après-midi,,,62,62148,1,1,6,2,3,Départementale,50.0,1