Num_Acc,date,time_of_day,lat,long,dep,com,lum,atm,col,severity_index,catr,catr_label,vma,surf
202400025634,2024-05-03,nuit,,,76,76005,3,1,7,4,7,Autre,80.0,1
202400025635,2024-04-13,après-midi,,,75,75103,1,1,3,4,4,Voie communale,30.0,1
202400025636,2024-05-22,matin,,,91,91521,1,1,4,4,1,Autoroute,110.0,1
202400025637,2024-01-26,après-midi,,,62,62810,1,1,1,3,3,Départementale,50.0,1
202400025638,2024-09-19,matin,,,76,76108,1,1,6,2,7,Autre,90.0,1
202400025639,2024-09-22,nuit,,,76,76451,4,1,6,4,4,Voie communale,50.0,2
202400025640,2024-04-13,après-midi,,,75,75101,1,1,3,4,4,Voie communale,30.0,1
202400025641,2024-01-26,matin,,,59,59524,5,2,6,4,7,Autre,30.0,2
202400025642,2024-03-29,soirée,,,76,76540,2,1,6,4,7,Autre,30.0,1
202400025643,2024-05-21,soirée,,,91,91179,1,1,4,4,1,Autoroute,110.0,2
202400025644,2024-01-25,matin,,,13,13015,1,1,3,4,1,Autoroute,90.0,1
202400025645,2024-04-13,après-midi,,,94,94081,1,7,3,4,3,Départementale,50.0,1
202400025646,2024-03-25,après-midi,,,76,76540,1,1,3,4,7,Autre,50.0,1
202400025647,2024-01-25,matin,,,13,13212,1,1,4,4,1,Autoroute,70.0,1
202400025648,2024-02-25,soirée,,,76,76322,5,2,7,4,4,Voie communale,50.0,2
202400025649,2024-05-20,soirée,,,91,91534,1,2,6,4,2,Nationale,110.0,2
202400025650,2024-04-12,soirée,,,94,94081,5,1,3,4,4,Voie communale,50.0,1
202400025651,2024-01-25,matin,,,67,67482,1,1,2,4,7,Autre,90.0,1
202400025652,2024-04-12,soirée,,,94,94076,1,1,6,4,4,Voie communale,30.0,1
202400025653,2024-08-05,nuit,,,84,84080,3,1,2,4,3,Départementale,90.0,1
202400025654,2024-05-20,après-midi,,,91,91377,1,2,2,4,1,Autoroute,90.0,2
202400025655,2024-01-25,matin,,,33,33143,3,1,2,4,1,Autoroute,130.0,1
202400025656,2024-10-19,matin,,,74,74012,1,1,6,4,4,Voie communale,50.0,1
202400025657,2024-04-13,soirée,,,94,94034,1,1,3,4,3,Départementale,,1
202400025658,2024-01-25,matin,,,59,59090,2,1,4,4,1,Autoroute,90.0,1
202400025659,2024-09-26,matin,,,976,97611,1,1,3,4,2,Nationale,50.0,1
202400025660,2024-04-13,soirée,,,94,94021,1,1,2,4,3,Départementale,50.0,1
202400025661,2024-09-13,soirée,,,91,91692,1,1,3,4,3,Départementale,90.0,1
202400025662,2024-01-25,matin,,,91,91339,1,2,5,4,2,Nationale,110.0,2
202400025663,2024-05-20,après-midi,,,91,91434,1,1,5,4,1,Autoroute,110.0,1
202400025664,2024-01-24,soirée,,,78,78043,3,1,6,2,1,Autoroute,110.0,1
202400025665,2024-05-18,après-midi,,,91,91136,1,1,2,4,3,Départementale,50.0,1
202400025666,2024-04-12,après-midi,,,94,94028,1,1,3,4,4,Voie communale,50.0,1
202400025667,2024-01-24,matin,,,92,92036,5,2,2,3,1,Autoroute,90.0,2
202400025668,2024-05-18,matin,,,91,91340,1,7,2,4,1,Autoroute,50.0,1
202400025669,2024-04-13,soirée,,,94,94077,2,1,3,4,3,Départementale,50.0,1
202400025670,2024-01-24,nuit,,,92,92036,3,1,3,4,1,Autoroute,90.0,1
202400025671,2024-01-25,matin,,,95,95678,1,2,3,4,2,Nationale,110.0,2
202400025672,2024-05-16,soirée,,,91,91689,1,1,3,4,1,Autoroute,90.0,1
202400025673,2024-04-13,soirée,,,94,94022,1,1,3,4,3,Départementale,50.0,1
202400025674,2024-04-13,nuit,,,94,94022,5,1,1,4,4,Voie communale,50.0,1
202400025675,2024-05-15,après-midi,,,91,91377,1,1,3,4,1,Autoroute,90.0,1
202400025676,2024-01-25,matin,,,93,93007,3,2,4,4,1,Autoroute,90.0,2
202400025677,2024-04-13,après-midi,,,93,93048,1,1,3,4,3,Départementale,30.0,1
202400025678,2024-01-25,matin,,,93,93078,1,1,3,4,1,Autoroute,90.0,2
202400025679,2024-05-14,après-midi,,,91,91549,1,2,4,4,2,Nationale,110.0,2
202400025680,2024-04-13,nuit,,,93,93046,5,1,3,4,3,Départementale,50.0,1
202400025681,2024-01-25,soirée,,,77,77373,3,2,2,4,2,Nationale,90.0,2
202400025682,2024-01-25,matin,,,94,94015,1,2,3,4,1,Autoroute,110.0,2
202400025683,2024-04-13,après-midi,,,93,93057,1,1,3,3,4,Voie communale,50.0,1
202400025684,2024-05-14,après-midi,,,91,91228,1,1,4,4,1,Autoroute,110.0,1
202400025685,2024-01-25,matin,,,94,94018,2,2,2,4,1,Autoroute,90.0,2
202400025686,2024-04-13,après-midi,,,92,92051,1,1,3,4,4,Voie communale,,1
202400025687,2024-06-06,soirée,,,91,91161,1,1,2,4,1,Autoroute,110.0,1
202400025688,2024-01-24,nuit,,,77,77175,3,2,6,2,2,Nationale,90.0,2
202400025689,2024-04-13,après-midi,,,92,92051,1,1,2,4,4,Voie communale,,1
202400025690,2024-01-24,soirée,,,94,94073,3,1,3,4,1,Autoroute,90.0,1
202400025691,2024-06-06,après-midi,,,91,91174,1,1,6,4,4,Voie communale,50.0,1
202400025692,2024-04-13,après-midi,,,92,92051,1,1,6,4,3,Départementale,50.0,1
202400025693,2024-01-24,après-midi,,,94,94042,1,1,2,4,1,Autoroute,90.0,1
202400025694,2024-04-13,après-midi,,,92,92040,1,1,3,4,3,Départementale,30.0,1
202400025695,2024-06-06,matin,,,91,91228,1,1,6,4,4,Voie communale,50.0,1
202400025696,2024-01-23,matin,,,974,97407,1,1,5,4,2,Nationale,70.0,1
202400025697,2024-04-12,matin,,,92,92035,1,1,3,4,3,Départementale,50.0,1
202400025698,2024-01-22,soirée,,,974,97407,1,1,6,4,4,Voie communale,50.0,1
202400025699,2024-04-12,matin,,,92,92026,1,1,6,4,9,Autre,5.0,1
202400025700,2024-06-05,nuit,,,91,91521,5,1,3,4,3,Départementale,50.0,1
202400025701,2024-01-24,matin,,,973,97302,1,1,3,4,4,Voie communale,50.0,1
202400025702,2024-04-13,après-midi,,,24,24066,1,1,7,3,3,Départementale,80.0,1
202400025703,2024-01-24,soirée,,,69,69387,5,1,3,4,4,Voie communale,30.0,1
202400025704,2024-04-13,soirée,,,83,83058,3,1,7,3,3,Départementale,,1
202400025705,2024-01-24,après-midi,,,69,69381,2,1,1,4,4,Voie communale,30.0,1
202400025706,2024-06-01,après-midi,,,91,91687,1,2,2,4,1,Autoroute,110.0,2
202400025707,2024-04-14,matin,,,52,52422,1,1,6,3,3,Départementale,80.0,1
202400025708,2024-01-24,après-midi,,,69,69384,1,1,6,2,4,Voie communale,30.0,1
202400025709,2024-04-12,après-midi,,,31,31454,1,1,6,3,3,Départementale,80.0,1
202400025710,2024-06-01,nuit,,,91,91521,3,2,6,4,2,Nationale,110.0,2
202400025711,2024-01-24,après-midi,,,2B,2B120,5,1,3,4,4,Voie communale,50.0,1
202400025712,2024-01-24,après-midi,,,95,95428,1,1,6,4,3,Départementale,50.0,1
202400025713,2024-04-13,soirée,,,57,57232,1,1,3,3,3,Départementale,50.0,1
202400025714,2024-04-14,nuit,,,81,81147,3,1,6,3,3,Départementale,80.0,1
202400025715,2024-08-16,matin,,,44,44190,2,1,3,4,4,Voie communale,50.0,1
202400025716,2024-01-25,nuit,,,95,95218,3,2,3,4,2,Nationale,70.0,2
202400025717,2024-04-13,après-midi,,,68,68009,1,1,3,3,4,Voie communale,30.0,1
202400025718,2024-05-28,matin,,,19,19072,1,1,6,4,1,Autoroute,90.0,1
202400025719,2024-01-23,nuit,,,95,95127,5,2,5,4,4,Voie communale,50.0,2
202400025720,2024-04-14,nuit,,,26,26325,5,1,6,4,4,Voie communale,50.0,1
202400025721,2024-01-24,matin,,,95,95176,2,1,1,4,4,Voie communale,50.0,1
202400025722,2024-01-23,après-midi,,,91,91339,1,2,6,4,4,Voie communale,30.0,2
202400025723,2024-09-03,après-midi,,,988,98818,1,8,4,4,3,Départementale,50.0,1
202400025724,2024-04-14,nuit,,,62,62689,5,1,3,3,3,Départementale,50.0,1
202400025725,2024-01-24,matin,,,91,91691,1,1,2,4,3,Départementale,30.0,2
202400025726,2024-01-24,après-midi,,,91,91434,1,8,6,3,4,Voie communale,50.0,1
202400025727,2024-04-14,matin,,,19,19140,1,1,7,2,3,Départementale,90.0,1
202400025728,2024-09-03,matin,,,987,98736,1,1,1,4,2,Nationale,50.0,1
202400025729,2024-01-23,après-midi,,,91,91027,1,1,3,4,3,Départementale,50.0,1
202400025730,2024-04-13,après-midi,,,59,59135,1,1,2,3,4,Voie communale,80.0,1
202400025731,2024-08-30,après-midi,,,973,97302,1,1,3,4,3,Départementale,50.0,1
202400025732,2024-04-14,matin,,,76,76577,1,1,2,3,3,Départementale,,1
202400025733,2024-01-11,après-midi,,,89,89387,1,1,1,4,4,Voie communale,50.0,1
202400025734,2024-08-10,nuit,,,2B,2B037,2,1,2,4,2,Nationale,110.0,1
202400025735,2024-01-20,matin,,,87,87085,1,1,3,4,4,Voie communale,50.0,1
202400025736,2024-04-12,nuit,,,79,79005,3,1,1,4,3,Départementale,90.0,1
202400025737,2024-01-23,matin,,,84,84007,1,1,3,4,4,Voie communale,30.0,1
202400025738,2024-04-14,nuit,,,80,80679,5,1,6,3,3,Départementale,50.0,1
202400025739,2024-09-02,après-midi,,,971,97113,1,1,3,3,2,Nationale,50.0,1
202400025740,2024-04-14,matin,,,33,33482,1,7,6,3,3,Départementale,80.0,1
202400025741,2024-01-22,soirée,,,83,83129,5,1,3,4,4,Voie communale,50.0,1
202400025742,2024-08-31,soirée,,,971,97107,3,1,7,4,4,Voie communale,50.0,1
202400025743,2024-01-23,après-midi,,,83,83069,1,1,7,3,3,Départementale,70.0,1
202400025744,2024-04-14,soirée,,,71,71390,1,1,3,4,3,Départementale,80.0,1
202400025745,2024-09-01,nuit,,,971,97105,5,2,6,3,3,Départementale,50.0,2
202400025746,2024-01-24,après-midi,,,80,80021,1,1,3,4,4,Voie communale,30.0,1
202400025747,2024-09-03,matin,,,95,95306,1,8,6,4,3,Départementale,50.0,1
202400025748,2024-04-13,nuit,,,89,89345,5,1,5,4,3,Départementale,50.0,1
202400025749,2024-04-13,après-midi,,,63,63008,1,1,7,3,3,Départementale,50.0,1
202400025750,2024-09-03,matin,,,91,91377,1,8,3,4,4,Voie communale,50.0,1
202400025751,2024-01-24,matin,,,76,76351,2,1,3,3,4,Voie communale,50.0,1
202400025752,2024-04-12,soirée,,,61,61151,1,1,2,4,3,Départementale,90.0,1
202400025753,2024-09-03,matin,,,91,91228,1,8,4,4,3,Départementale,,1
202400025754,2024-01-23,après-midi,,,76,76351,1,1,7,4,4,Voie communale,50.0,2
202400025755,2024-04-05,après-midi,,,49,49080,1,1,7,3,3,Départementale,80.0,1
202400025756,2024-04-14,après-midi,,,42,42252,1,1,6,4,3,Départementale,80.0,1
202400025757,2024-01-24,après-midi,,,69,69013,1,1,2,4,3,Départementale,70.0,1
202400025758,2024-09-02,soirée,,,87,87085,1,1,3,4,4,Voie communale,30.0,1
202400025759,2024-04-14,après-midi,,,46,46290,1,1,7,3,3,Départementale,80.0,1
202400025760,2024-01-23,matin,,,67,67482,1,8,6,4,4,Voie communale,50.0,2
202400025761,2024-09-02,après-midi,,,86,86066,1,1,1,3,3,Départementale,90.0,1
202400025762,2024-04-13,matin,,,68,68221,1,1,7,3,3,Départementale,50.0,1
202400025763,2024-01-23,soirée,,,64,64260,5,1,3,4,3,Départementale,50.0,1
202400025764,2024-09-03,matin,,,84,84007,1,1,3,4,4,Voie communale,50.0,1
202400025765,2024-04-13,après-midi,,,25,25173,1,7,3,3,3,Départementale,90.0,1
202400025766,2024-01-19,après-midi,,,64,64445,1,1,3,4,4,Voie communale,50.0,1
202400025767,2024-01-19,matin,,,64,64335,1,1,6,3,4,Voie communale,50.0,1
202400025768,2024-09-03,soirée,,,83,83137,1,1,7,3,3,Départementale,50.0,1
202400025769,2024-01-23,soirée,,,64,64122,5,1,7,4,4,Voie communale,50.0,1
202400025770,2024-04-13,soirée,,,25,25283,1,1,6,3,4,Voie communale,50.0,1
202400025771,2024-01-23,après-midi,,,64,64102,1,1,1,4,4,Voie communale,30.0,1
202400025772,2024-08-29,après-midi,,,83,83061,1,1,2,3,3,Départementale,30.0,1
202400025773,2024-04-12,matin,,,29,29262,1,1,1,4,3,Départementale,70.0,1
202400025774,2024-01-24,après-midi,,,63,63113,2,1,6,3,4,Voie communale,50.0,1
202400025775,2024-04-13,après-midi,,,29,29209,1,1,7,3,4,Voie communale,80.0,1
202400025776,2024-04-13,après-midi,,,31,31552,1,1,7,3,3,Départementale,80.0,1
202400025777,2024-01-24,soirée,,,59,59299,5,1,6,4,7,Autre,30.0,1
202400025778,2024-09-03,soirée,,,80,80021,1,1,2,4,4,Voie communale,30.0,1
202400025779,2024-04-13,après-midi,,,31,31443,1,1,6,3,3,Départementale,80.0,1
202400025780,2024-01-24,après-midi,,,54,54431,1,8,1,4,4,Voie communale,50.0,1
202400025781,2024-09-03,matin,,,79,79329,1,1,1,4,9,Autre,50.0,1
202400025782,2024-04-13,après-midi,,,38,38466,1,1,3,4,3,Départementale,90.0,1
202400025783,2024-09-02,après-midi,,,77,77407,1,1,6,3,3,Départementale,90.0,1
202400025784,2024-01-22,matin,,,52,52448,2,1,3,4,4,Voie communale,50.0,1
202400025785,2024-04-14,nuit,,,01,01246,3,1,7,4,4,Voie communale,50.0,1
202400025786,2024-04-13,matin,,,14,14582,1,1,6,3,3,Départementale,80.0,1
202400025787,2024-01-24,soirée,,,51,51454,4,1,3,4,4,Voie communale,50.0,1
202400025788,2024-04-14,après-midi,,,14,14752,1,1,3,4,4,Voie communale,50.0,1
202400025789,2024-01-24,après-midi,,,51,51230,1,1,6,4,4,Voie communale,50.0,1
202400025790,2024-09-03,soirée,,,77,77449,1,1,6,4,4,Voie communale,50.0,1
202400025791,2024-01-23,après-midi,,,49,49015,2,2,4,4,3,Départementale,90.0,2
202400025792,2024-04-13,nuit,,,83,83135,3,1,6,2,3,Départementale,80.0,1
202400025793,2024-06-19,soirée,,,73,73065,1,1,1,4,4,Voie communale,50.0,1
202400025794,2024-04-13,soirée,,,60,60286,1,7,2,4,3,Départementale,80.0,1
202400025795,2024-01-24,matin,,,41,41018,1,2,3,3,4,Voie communale,50.0,2
202400025796,2024-04-13,après-midi,,,60,60233,1,1,6,4,3,Départementale,50.0,1
202400025797,2024-01-24,après-midi,,,38,38185,5,1,6,4,4,Voie communale,30.0,1
202400025798,2024-09-02,après-midi,,,73,73065,2,1,6,3,4,Voie communale,50.0,1
202400025799,2024-04-08,après-midi,,,64,64100,1,3,6,3,3,Départementale,50.0,2
202400025800,2024-01-23,soirée,,,38,38185,5,1,6,3,4,Voie communale,30.0,1
202400025801,2024-04-14,matin,,,43,43223,1,1,7,3,3,Départementale,80.0,1
202400025802,2024-01-24,nuit,,,37,37261,5,2,3,4,4,Voie communale,50.0,2
202400025803,2024-09-03,matin,,,71,71153,1,1,3,4,4,Voie communale,50.0,1
202400025804,2024-04-14,matin,,,07,07010,1,1,2,3,4,Voie communale,50.0,1
202400025805,2024-01-24,après-midi,,,35,35051,1,8,6,3,4,Voie communale,30.0,1
202400025806,2024-04-13,soirée,,,21,21030,2,1,6,3,3,Départementale,80.0,1
202400025807,2024-01-24,après-midi,,,35,35238,1,8,3,4,4,Voie communale,50.0,1
202400025808,2024-04-14,nuit,,,40,40001,3,1,6,3,3,Départementale,50.0,1
202400025809,2024-09-02,après-midi,,,71,71445,1,1,5,4,3,Départementale,80.0,1
202400025810,2024-01-19,soirée,,,34,34301,5,1,3,4,4,Voie communale,50.0,1
202400025811,2024-04-14,après-midi,,,24,24520,1,1,3,3,3,Départementale,50.0,1
202400025812,2024-04-09,matin,,,24,24082,2,8,6,3,3,Départementale,80.0,2
202400025813,2024-01-24,soirée,,,34,34301,5,1,1,3,4,Voie communale,50.0,1
202400025814,2024-09-02,après-midi,,,69,69091,1,1,3,3,4,Voie communale,30.0,1
202400025815,2024-04-13,nuit,,,04,04149,3,1,6,4,3,Départementale,90.0,1
202400025816,2024-01-24,nuit,,,34,34172,5,1,3,4,4,Voie communale,50.0,1
202400025817,2024-04-12,après-midi,,,85,85047,1,1,3,4,4,Voie communale,50.0,1
202400025818,2024-09-03,après-midi,,,67,67482,1,1,3,3,4,Voie communale,30.0,1
202400025819,2024-04-13,après-midi,,,17,17347,1,1,7,3,3,Départementale,50.0,1
202400025820,2024-01-24,matin,,,33,33281,1,1,4,4,4,Voie communale,30.0,1
202400025821,2024-04-14,nuit,,,17,17205,3,1,7,4,4,Voie communale,50.0,1
202400025822,2024-09-02,matin,,,67,67482,1,1,3,4,4,Voie communale,50.0,1
202400025823,2024-04-14,après-midi,,,89,89441,1,1,7,4,1,Autoroute,130.0,1
202400025824,2024-09-03,après-midi,,,64,64445,1,2,6,4,4,Voie communale,50.0,2
202400025825,2024-01-12,soirée,,,36,36070,5,1,6,2,3,Départementale,50.0,1
202400025826,2024-01-15,après-midi,,,33,33119,1,1,6,4,4,Voie communale,30.0,2
202400025827,2024-09-03,matin,,,64,64335,1,2,7,4,4,Voie communale,50.0,2
202400025828,2024-01-24,soirée,,,31,31555,5,1,3,3,7,Autre,30.0,1
202400025829,2024-04-14,nuit,,,34,34166,3,1,5,3,1,Autoroute,130.0,1
202400025830,2024-09-03,après-midi,,,63,63113,1,1,6,4,4,Voie communale,30.0,1
202400025831,2024-01-23,soirée,,,29,29019,5,2,3,4,4,Voie communale,50.0,2
202400025832,2024-04-13,après-midi,,,13,13011,1,1,1,4,3,Départementale,,1
202400025833,2024-01-15,nuit,,,22,22187,3,1,6,4,4,Voie communale,50.0,1
202400025834,2024-04-14,après-midi,,,38,38118,1,1,2,4,1,Autoroute,130.0,1
202400025835,2024-09-03,matin,,,63,63113,1,1,2,4,4,Voie communale,30.0,1
202400025836,2024-01-23,matin,,,15,15014,1,1,6,4,4,Voie communale,50.0,1
202400025837,2024-04-13,après-midi,,,973,97312,1,1,7,3,2,Nationale,80.0,1
202400025838,2024-09-02,après-midi,,,62,62498,1,1,6,3,4,Voie communale,50.0,1
202400025839,2024-04-03,après-midi,,,77,77475,1,1,2,4,3,Départementale,80.0,1
202400025840,2024-01-24,soirée,,,13,13211,5,1,3,4,4,Voie communale,50.0,1
202400025841,2024-09-02,après-midi,,,62,62498,1,1,6,4,4,Voie communale,50.0,1
202400025842,2024-04-14,après-midi,,,2A,2A041,1,1,1,2,2,Nationale,50.0,1
202400025843,2024-01-24,matin,,,13,13211,1,1,1,4,4,Voie communale,50.0,1
202400025844,2024-04-13,soirée,,,66,66180,1,1,7,4,4,Voie communale,50.0,1
202400025845,2024-01-23,soirée,,,13,13212,5,1,1,3,4,Voie communale,50.0,1
202400025846,2024-04-13,soirée,,,84,84054,3,1,1,4,4,Voie communale,50.0,1
202400025847,2024-09-03,nuit,,,62,62035,4,8,3,4,4,Voie communale,30.0,2
202400025848,2024-01-09,soirée,,,12,12202,5,1,3,4,4,Voie communale,30.0,1
202400025849,2024-04-14,soirée,,,13,13081,1,1,1,4,4,Voie communale,50.0,1
202400025850,2024-01-23,après-midi,,,10,10081,1,2,2,4,4,Voie communale,30.0,2
202400025851,2024-09-02,après-midi,,,62,62753,1,1,2,4,4,Voie communale,50.0,1
202400025852,2024-04-14,après-midi,,,13,13096,1,1,2,4,3,Départementale,80.0,1
202400025853,2024-01-23,matin,,,10,10060,1,1,2,4,4,Voie communale,50.0,1
202400025854,2024-04-14,après-midi,,,89,89384,1,1,7,4,1,Autoroute,130.0,1
202400025855,2024-08-29,matin,,,59,59606,1,1,6,2,4,Voie communale,50.0,1
202400025856,2024-04-14,après-midi,,,21,21017,1,1,6,2,3,Départementale,80.0,1
202400025857,2024-01-23,nuit,,,09,09225,3,1,6,4,2,Nationale,110.0,1
202400025858,2024-04-13,après-midi,,,68,68296,1,1,1,3,3,Départementale,30.0,1
202400025859,2024-01-23,soirée,,,75,75120,5,1,4,4,4,Voie communale,70.0,1
202400025860,2024-08-30,nuit,,,59,59574,5,1,3,3,4,Voie communale,50.0,1
202400025861,2024-04-13,après-midi,,,88,88073,1,1,3,3,3,Départementale,80.0,1
202400025862,2024-01-24,soirée,,,75,75117,5,1,7,4,4,Voie communale,30.0,1
202400025863,2024-04-14,soirée,,,54,54460,1,1,7,4,3,Départementale,80.0,1
202400025864,2024-01-24,après-midi,,,75,75117,1,1,2,4,4,Voie communale,30.0,1
202400025865,2024-04-12,soirée,,,54,54043,1,1,7,3,3,Départementale,50.0,1
202400025866,2024-09-02,après-midi,,,56,56260,1,1,3,4,4,Voie communale,50.0,1
202400025867,2024-01-23,soirée,,,75,75116,5,1,6,4,4,Voie communale,50.0,2
202400025868,2024-04-14,nuit,,,26,26004,3,1,7,4,4,Voie communale,80.0,1
202400025869,2024-09-02,après-midi,,,54,54526,1,1,1,4,4,Voie communale,50.0,1
202400025870,2024-01-24,matin,,,75,75115,1,1,2,4,4,Voie communale,30.0,1
202400025871,2024-04-12,soirée,,,26,26235,2,1,6,4,4,Voie communale,50.0,1
202400025872,2024-04-13,après-midi,,,65,65123,1,1,6,3,3,Départementale,80.0,1
202400025873,2024-01-24,matin,,,75,75115,1,2,6,4,4,Voie communale,30.0,2
202400025874,2024-04-14,matin,,,85,85019,1,1,3,3,3,Départementale,70.0,1
202400025875,2024-09-02,matin,,,54,54395,1,1,6,4,7,Autre,70.0,1
202400025876,2024-01-24,après-midi,,,75,75111,1,1,1,4,4,Voie communale,30.0,1
202400025877,2024-04-13,soirée,,,56,56178,1,1,6,3,4,Voie communale,50.0,1
202400025878,2024-04-13,après-midi,,,27,27070,1,1,6,3,3,Départementale,50.0,1
202400025879,2024-01-24,après-midi,,,75,75111,1,1,6,4,4,Voie communale,30.0,1
202400025880,2024-09-03,après-midi,,,54,54382,1,8,3,4,2,Nationale,50.0,1
202400025881,2024-04-13,nuit,,,27,27020,3,1,6,4,3,Départementale,50.0,1
202400025882,2024-01-24,après-midi,,,75,75110,1,1,3,4,4,Voie communale,30.0,1
202400025883,2024-09-02,après-midi,,,54,54521,1,8,6,4,4,Voie communale,50.0,2
202400025884,2024-04-13,après-midi,,,59,59634,1,1,2,3,3,Départementale,80.0,1
202400025885,2024-01-24,matin,,,75,75108,1,1,1,4,4,Voie communale,30.0,1
202400025886,2024-09-03,après-midi,,,51,51454,1,2,6,4,4,Voie communale,50.0,2
202400025887,2024-04-13,après-midi,,,13,13070,1,1,4,4,1,Autoroute,90.0,1
202400025888,2024-01-24,matin,,,75,75108,1,1,3,4,4,Voie communale,30.0,1
202400025889,2024-04-09,soirée,,,13,13215,1,1,2,4,1,Autoroute,90.0,1
202400025890,2024-09-03,matin,,,51,51454,1,1,2,4,4,Voie communale,50.0,1
202400025891,2024-01-24,matin,,,75,75107,5,1,3,4,4,Voie communale,30.0,1
202400025892,2024-09-02,après-midi,,,51,51454,1,1,7,4,4,Voie communale,30.0,1
202400025893,2024-04-12,après-midi,,,13,13214,1,1,4,4,1,Autoroute,70.0,1
202400025894,2024-01-24,matin,,,75,75101,1,2,7,4,4,Voie communale,30.0,2
202400025895,2024-01-23,après-midi,,,94,94080,1,2,6,4,4,Voie communale,50.0,2
202400025896,2024-09-02,après-midi,,,51,51454,1,1,2,4,4,Voie communale,50.0,1
202400025897,2024-04-12,matin,,,13,13215,1,1,2,4,1,Autoroute,90.0,1
202400025898,2024-09-02,après-midi,,,49,49323,1,3,6,4,1,Autoroute,110.0,2
202400025899,2024-01-24,après-midi,,,94,94068,1,1,6,4,4,Voie communale,30.0,1
202400025900,2024-04-12,soirée,,,33,33075,4,1,4,4,1,Autoroute,90.0,1
202400025901,2024-01-24,soirée,,,94,94003,5,1,6,4,4,Voie communale,30.0,1
202400025902,2024-09-03,matin,,,47,47323,1,2,4,4,2,Nationale,80.0,2
202400025903,2024-04-13,soirée,,,92,92002,3,1,3,4,2,Nationale,70.0,1
202400025904,2024-01-23,nuit,,,94,94038,5,2,3,3,3,Départementale,50.0,2
202400025905,2024-09-03,après-midi,,,45,45284,1,8,3,4,4,Voie communale,50.0,2
202400025906,2024-04-13,après-midi,,,91,91136,1,1,4,4,1,Autoroute,90.0,1
202400025907,2024-01-24,nuit,,,93,93070,5,1,2,4,4,Voie communale,50.0,1
202400025908,2024-09-03,matin,,,44,44109,1,1,3,4,4,Voie communale,30.0,1
202400025909,2024-04-12,soirée,,,91,91103,1,1,4,4,2,Nationale,110.0,1
202400025910,2024-01-24,matin,,,93,93066,1,9,6,4,4,Voie communale,,2
202400025911,2024-04-13,nuit,,,78,78242,3,1,2,4,1,Autoroute,110.0,1
202400025912,2024-08-22,après-midi,,,40,40192,1,1,4,3,3,Départementale,50.0,1
202400025913,2024-04-13,après-midi,,,93,93007,1,1,2,4,1,Autoroute,110.0,1
202400025914,2024-01-24,matin,,,93,93066,5,2,6,4,4,Voie communale,,2
202400025915,2024-09-03,matin,,,37,37195,2,9,2,4,4,Voie communale,30.0,2
202400025916,2024-04-13,après-midi,,,93,93064,1,1,5,4,1,Autoroute,90.0,1
202400025917,2024-01-24,matin,,,93,93055,1,1,6,3,4,Voie communale,,1
202400025918,2024-09-03,matin,,,37,37122,2,2,6,4,7,Autre,90.0,2
202400025919,2024-04-13,matin,,,95,95527,3,1,2,4,1,Autoroute,90.0,1
202400025920,2024-09-03,soirée,,,36,36159,1,1,6,4,3,Départementale,50.0,8
202400025921,2024-01-24,matin,,,93,93048,2,2,6,4,4,Voie communale,50.0,2
202400025922,2024-04-13,soirée,,,94,94028,3,1,6,4,1,Autoroute,90.0,1
202400025923,2024-04-12,nuit,,,77,77363,3,1,2,4,1,Autoroute,90.0,1
202400025924,2024-01-23,soirée,,,93,93063,2,1,6,4,4,Voie communale,,1
202400025925,2024-09-03,après-midi,,,34,34172,1,1,3,3,4,Voie communale,50.0,1
202400025926,2024-04-12,soirée,,,94,94028,2,1,7,4,1,Autoroute,40.0,1
202400025927,2024-09-03,après-midi,,,31,31483,1,1,2,4,3,Départementale,50.0,1
202400025928,2024-07-26,soirée,,,971,97120,5,1,6,4,3,Départementale,50.0,1
202400025929,2024-01-24,après-midi,,,93,93007,2,1,3,4,4,Voie communale,50.0,1
202400025930,2024-05-24,après-midi,,,14,14578,1,1,3,4,3,Départementale,50.0,1
202400025931,2024-01-24,matin,,,93,93001,1,1,6,4,4,Voie communale,50.0,1
202400025932,2024-04-12,soirée,,,77,77083,1,1,4,4,1,Autoroute,110.0,1
202400025933,2024-09-03,matin,,,29,29232,1,8,3,4,3,Départementale,110.0,2
202400025934,2024-07-28,nuit,,,2A,2A004,5,2,5,4,4,Voie communale,50.0,2
202400025935,2024-05-23,après-midi,,,14,14676,1,1,2,3,3,Départementale,80.0,1
202400025936,2024-01-24,matin,,,92,92078,1,1,3,4,4,Voie communale,70.0,1
202400025937,2024-09-03,matin,,,27,27229,1,1,3,4,4,Voie communale,50.0,1
202400025938,2024-02-11,après-midi,,,34,34301,1,1,3,3,4,Voie communale,50.0,1
202400025939,2024-07-26,soirée,,,91,91514,5,3,2,4,4,Voie communale,30.0,2
202400025940,2024-01-24,après-midi,,,92,92075,1,1,6,4,4,Voie communale,30.0,1
202400025941,2024-05-23,soirée,,,05,05098,1,2,6,4,3,Départementale,50.0,2
202400025942,2024-04-07,nuit,,,987,98735,5,1,6,3,4,Voie communale,50.0,1
202400025943,2024-09-03,matin,,,25,25056,1,1,6,4,3,Départementale,50.0,1
202400025944,2024-07-27,après-midi,,,91,91174,1,2,2,4,3,Départementale,50.0,2
202400025945,2024-01-24,matin,,,92,92076,1,1,2,4,3,Départementale,50.0,1
202400025946,2024-04-12,nuit,,,974,97411,5,2,3,4,2,Nationale,50.0,2