Num_Acc,date,time_of_day,lat,long,dep,com,lum,atm,col,severity_index,catr,catr_label,vma,surf
202400025947,2024-09-03,après-midi,,,22,22278,1,1,2,4,4,Voie communale,30.0,1
202400025948,2024-07-24,après-midi,,,86,86194,1,9,2,4,4,Voie communale,30.0,1
202400025949,2024-01-24,après-midi,,,92,92063,1,1,2,4,3,Départementale,50.0,1
202400025950,2024-05-24,après-midi,,,45,45258,1,1,1,3,3,Départementale,80.0,1
202400025951,2024-04-13,nuit,,,974,97407,5,1,2,4,4,Voie communale,30.0,1
202400025952,2024-05-24,matin,,,64,64218,1,1,7,4,3,Départementale,80.0,1
202400025953,2024-07-27,après-midi,,,85,85191,1,8,6,4,4,Voie communale,50.0,1
202400025954,2024-09-02,matin,,,19,19031,1,1,2,4,4,Voie communale,50.0,1
202400025955,2024-01-23,soirée,,,92,92050,5,1,3,4,3,Départementale,50.0,1
202400025956,2024-07-27,nuit,,,84,84087,5,1,6,4,4,Voie communale,50.0,1
202400025957,2024-01-23,soirée,,,60,60587,5,1,2,4,3,Départementale,50.0,1
202400025958,2024-04-12,soirée,,,973,97302,1,1,3,4,3,Départementale,50.0,1
202400025959,2024-09-03,nuit,,,17,17200,5,2,7,4,3,Départementale,30.0,2
202400025960,2024-05-23,après-midi,,,18,18196,1,3,3,4,3,Départementale,90.0,2
202400025961,2024-01-24,après-midi,,,65,65130,1,1,3,4,3,Départementale,90.0,1
202400025962,2024-09-03,soirée,,,16,16089,1,1,3,4,4,Voie communale,50.0,9
202400025963,2024-07-27,soirée,,,84,84007,1,1,1,4,4,Voie communale,50.0,1
202400025964,2024-05-23,matin,,,43,43087,1,5,1,4,3,Départementale,80.0,2
202400025965,2024-04-12,après-midi,,,973,97302,1,1,5,4,2,Nationale,90.0,1
202400025966,2024-01-24,matin,,,26,26231,1,1,1,3,3,Départementale,80.0,1
202400025967,2024-05-24,matin,,,28,28387,1,1,6,3,3,Départementale,50.0,1
202400025968,2024-07-27,matin,,,83,83137,1,1,6,3,4,Voie communale,30.0,1
202400025969,2024-09-03,soirée,,,13,13056,5,1,3,4,4,Voie communale,50.0,1
202400025970,2024-01-24,soirée,,,86,86042,3,1,1,4,3,Départementale,80.0,1
202400025971,2024-05-24,matin,,,17,17266,2,1,3,3,3,Départementale,90.0,1
202400025972,2024-07-26,nuit,,,83,83069,5,1,3,3,3,Départementale,70.0,1
202400025973,2024-01-25,après-midi,,,41,41282,1,1,7,3,3,Départementale,80.0,2
202400025974,2024-09-04,nuit,,,13,13214,5,1,2,4,4,Voie communale,50.0,1
202400025975,2024-05-17,après-midi,,,37,37124,1,3,1,4,3,Départementale,70.0,2
202400025976,2024-07-27,après-midi,,,83,83069,1,1,6,4,4,Voie communale,50.0,1
202400025977,2024-01-23,matin,,,31,31418,2,8,3,3,7,Autre,80.0,2
202400025978,2024-09-02,soirée,,,10,10387,1,1,3,4,4,Voie communale,50.0,1
202400025979,2024-05-23,matin,,,37,37203,1,1,2,4,4,Voie communale,50.0,1
202400025980,2024-07-27,nuit,,,79,79191,5,1,1,3,3,Départementale,50.0,1
202400025981,2024-01-24,après-midi,,,974,97405,1,2,3,3,2,Nationale,90.0,2
202400025982,2024-05-23,après-midi,,,33,33052,1,1,2,3,1,Autoroute,130.0,2
202400025983,2024-01-24,nuit,,,66,66050,3,1,7,3,4,Voie communale,80.0,1
202400025984,2024-05-22,soirée,,,987,98738,5,1,3,3,2,Nationale,90.0,1
202400025985,2024-01-25,après-midi,,,51,51237,2,8,6,4,4,Voie communale,50.0,2
202400025986,2024-09-02,soirée,,,10,10362,1,1,3,4,4,Voie communale,50.0,1
202400025987,2024-07-27,matin,,,78,78168,1,2,6,4,3,Départementale,50.0,2
202400025988,2024-01-17,matin,,,51,51237,3,9,6,3,2,Nationale,110.0,7
202400025989,2024-05-21,nuit,,,57,57644,3,1,2,4,1,Autoroute,130.0,1
202400025990,2024-01-24,soirée,,,2B,2B123,5,1,6,4,3,Départementale,50.0,1
202400025991,2024-07-26,soirée,,,77,77216,1,1,6,2,3,Départementale,70.0,1
202400025992,2024-01-21,après-midi,,,2B,2B123,1,1,6,3,3,Départementale,80.0,1
202400025993,2024-05-23,matin,,,976,97617,1,1,1,3,3,Départementale,70.0,1
202400025994,2024-05-23,après-midi,,,33,33229,1,1,2,3,3,Départementale,50.0,1
202400025995,2024-09-02,après-midi,,,10,10387,1,8,7,4,4,Voie communale,50.0,2
202400025996,2024-01-25,matin,,,11,11254,1,1,1,4,3,Départementale,80.0,1
202400025997,2024-07-26,matin,,,71,71153,1,1,1,3,4,Voie communale,50.0,1
202400025998,2024-01-24,soirée,,,61,61214,4,1,6,3,4,Voie communale,50.0,2
202400025999,2024-05-24,après-midi,,,77,77153,1,1,1,4,3,Départementale,90.0,1
202400026000,2024-07-27,après-midi,,,67,67447,1,1,6,2,4,Voie communale,50.0,1
202400026001,2024-05-22,après-midi,,,77,77168,1,1,7,4,4,Voie communale,80.0,1
202400026002,2024-07-26,soirée,,,66,66136,1,1,3,4,4,Voie communale,50.0,1
202400026003,2024-09-03,soirée,,,06,06029,1,1,5,4,4,Voie communale,30.0,1
202400026004,2024-05-22,matin,,,77,77211,1,1,3,3,3,Départementale,90.0,1
202400026005,2024-01-23,soirée,,,22,22183,5,8,3,4,3,Départementale,50.0,2
202400026006,2024-07-27,matin,,,64,64249,1,1,2,4,4,Voie communale,30.0,1
202400026007,2024-09-03,soirée,,,75,75120,1,1,3,4,4,Voie communale,70.0,1
202400026008,2024-01-25,matin,,,25,25262,3,2,1,3,3,Départementale,90.0,2
202400026009,2024-07-27,nuit,,,64,64483,5,1,3,3,4,Voie communale,50.0,1
202400026010,2024-05-23,après-midi,,,2B,2B257,1,1,2,3,3,Départementale,80.0,1
202400026011,2024-01-24,soirée,,,44,44023,2,8,6,3,3,Départementale,50.0,2
202400026012,2024-07-22,soirée,,,61,61006,1,1,7,3,4,Voie communale,50.0,1
202400026013,2024-09-03,après-midi,,,75,75115,1,1,5,4,4,Voie communale,70.0,1
202400026014,2024-01-24,après-midi,,,26,26108,1,1,2,2,3,Départementale,70.0,1
202400026015,2024-05-24,après-midi,,,30,30130,1,3,1,4,3,Départementale,80.0,2
202400026016,2024-07-28,nuit,,,59,59512,5,1,6,3,7,Autre,50.0,1
202400026017,2024-09-03,après-midi,,,75,75120,1,1,3,4,4,Voie communale,70.0,1
202400026018,2024-05-23,après-midi,,,54,54196,1,1,7,3,2,Nationale,110.0,1
202400026019,2024-07-26,après-midi,,,59,59636,1,1,6,4,6,Autre,15.0,1
202400026020,2024-09-03,nuit,,,75,75112,5,1,3,4,4,Voie communale,70.0,1
202400026021,2024-01-24,après-midi,,,72,72331,1,8,2,4,3,Départementale,90.0,2
202400026022,2024-07-27,nuit,,,57,57606,3,3,6,4,3,Départementale,70.0,2
202400026023,2024-05-24,après-midi,,,42,42285,1,1,3,4,3,Départementale,50.0,1
202400026024,2024-01-23,matin,,,05,05010,1,1,6,3,3,Départementale,50.0,1
202400026025,2024-09-03,nuit,,,75,75119,5,1,5,4,4,Voie communale,70.0,1
202400026026,2024-01-24,soirée,,,50,50429,3,2,6,2,3,Départementale,80.0,2
202400026027,2024-07-27,matin,,,56,56083,2,8,6,4,3,Départementale,50.0,1
202400026028,2024-09-03,matin,,,75,75119,1,1,6,4,4,Voie communale,30.0,1
202400026029,2024-05-24,matin,,,31,31248,1,1,6,3,3,Départementale,50.0,1
202400026030,2024-01-21,soirée,,,64,64495,2,1,3,4,3,Départementale,80.0,1
202400026031,2024-07-27,après-midi,,,51,51454,1,3,5,4,4,Voie communale,50.0,2
202400026032,2024-09-03,nuit,,,75,75113,5,1,3,4,4,Voie communale,50.0,1
202400026033,2024-07-27,après-midi,,,51,51454,1,2,6,4,4,Voie communale,30.0,2
202400026034,2024-09-03,après-midi,,,75,75110,1,1,7,4,4,Voie communale,30.0,1
202400026035,2024-01-20,après-midi,,,73,73312,1,7,7,4,3,Départementale,,2
202400026036,2024-05-22,matin,,,13,13088,1,1,2,4,1,Autoroute,90.0,1
202400026037,2024-07-27,nuit,,,49,49007,5,2,7,4,4,Voie communale,30.0,2
202400026038,2024-09-03,matin,,,75,75111,1,1,6,4,4,Voie communale,30.0,1
202400026039,2024-05-22,matin,,,13,13071,1,1,7,4,1,Autoroute,90.0,1
202400026040,2024-01-24,après-midi,,,16,16393,1,1,1,4,3,Départementale,80.0,1
202400026041,2024-09-03,nuit,,,75,75110,5,1,6,4,4,Voie communale,30.0,1
202400026042,2024-07-26,après-midi,,,45,45234,1,1,3,4,4,Voie communale,50.0,1
202400026043,2024-04-12,nuit,,,69,69040,3,1,2,4,7,Autre,70.0,1
202400026044,2024-01-25,après-midi,,,07,07343,1,1,2,2,3,Départementale,90.0,1
202400026045,2024-05-23,nuit,,,33,33318,4,1,7,4,1,Autoroute,90.0,1
202400026046,2024-07-27,après-midi,,,37,37261,1,2,3,4,4,Voie communale,50.0,2
202400026047,2024-01-24,matin,,,37,37109,5,1,6,4,3,Départementale,50.0,1
202400026048,2024-09-03,après-midi,,,75,75108,1,8,3,4,4,Voie communale,30.0,1
202400026049,2024-01-25,soirée,,,30,30212,5,1,7,3,3,Départementale,50.0,1
202400026050,2024-07-26,après-midi,,,37,37261,1,1,3,4,4,Voie communale,50.0,1
202400026051,2024-09-03,matin,,,75,75108,1,2,3,4,4,Voie communale,30.0,2
202400026052,2024-05-23,matin,,,33,33249,1,1,4,4,1,Autoroute,70.0,1
202400026053,2024-01-25,après-midi,,,08,08173,1,2,3,4,3,Départementale,30.0,2
202400026054,2024-07-27,après-midi,,,33,33063,1,1,6,4,4,Voie communale,,1
202400026055,2024-01-25,matin,,,95,95394,5,1,3,3,3,Départementale,50.0,2
202400026056,2024-07-27,nuit,,,33,33063,5,1,6,4,4,Voie communale,30.0,1
202400026057,2024-05-23,matin,,,33,33122,2,1,4,2,1,Autoroute,110.0,1
202400026058,2024-09-02,soirée,,,93,93059,5,1,3,4,3,Départementale,,1
202400026059,2024-01-24,après-midi,,,13,13080,1,1,3,3,3,Départementale,50.0,1
202400026060,2024-07-26,après-midi,,,33,33063,1,7,6,3,4,Voie communale,50.0,1
202400026061,2024-09-03,soirée,,,93,93077,1,1,3,4,3,Départementale,50.0,1
202400026062,2024-05-18,matin,,,62,62766,1,2,5,4,1,Autoroute,130.0,2
202400026063,2024-01-24,après-midi,,,06,06085,1,1,1,4,3,Départementale,50.0,1
202400026064,2024-07-26,nuit,,,27,27229,5,2,3,4,4,Voie communale,50.0,2
202400026065,2024-05-23,matin,,,93,93066,1,1,2,4,1,Autoroute,70.0,1
202400026066,2024-09-03,matin,,,93,93050,1,1,6,4,4,Voie communale,,1
202400026067,2024-01-24,soirée,,,95,95348,3,1,7,3,3,Départementale,110.0,1
202400026068,2024-07-27,matin,,,26,26362,1,1,6,3,4,Voie communale,30.0,1
202400026069,2024-09-03,matin,,,93,93014,1,8,3,4,4,Voie communale,50.0,2
202400026070,2024-05-23,soirée,,,94,94022,1,1,2,3,1,Autoroute,90.0,1
202400026071,2024-01-22,soirée,,,83,83079,3,1,5,4,3,Départementale,,1
202400026072,2024-09-03,après-midi,,,93,93029,1,1,2,3,3,Départementale,50.0,1
202400026073,2024-05-23,nuit,,,94,94042,3,2,4,4,1,Autoroute,90.0,2
202400026074,2024-01-12,matin,,,06,06075,1,1,6,4,7,Autre,70.0,1
202400026075,2024-09-03,matin,,,93,93008,1,8,6,4,4,Voie communale,50.0,2
202400026076,2024-07-27,après-midi,,,17,17415,1,1,4,4,2,Nationale,110.0,1
202400026077,2024-05-22,matin,,,94,94079,2,1,2,4,1,Autoroute,90.0,1
202400026078,2024-09-03,après-midi,,,93,93001,1,1,6,4,4,Voie communale,50.0,1
202400026079,2024-01-25,après-midi,,,13,13034,1,1,3,2,3,Départementale,80.0,1
202400026080,2024-01-07,après-midi,,,14,14231,1,2,6,3,3,Départementale,80.0,2
202400026081,2024-07-27,nuit,,,17,17291,3,1,4,4,2,Nationale,50.0,1
202400026082,2024-01-25,matin,,,57,57582,1,1,2,4,3,Départementale,50.0,1
202400026083,2024-09-03,après-midi,,,93,93001,2,8,5,4,3,Départementale,50.0,2
202400026084,2024-02-18,soirée,,,13,13210,5,1,3,4,4,Voie communale,50.0,1
202400026085,2024-01-24,matin,,,26,26220,1,1,6,3,4,Voie communale,50.0,1
202400026086,2024-08-29,soirée,,,92,92050,2,1,6,4,9,Autre,1.0,1
202400026087,2024-07-27,matin,,,15,15014,1,1,3,4,2,Nationale,50.0,1
202400026088,2024-01-24,matin,,,85,85161,1,1,3,3,3,Départementale,80.0,2
202400026089,2024-09-03,nuit,,,92,92040,5,1,6,4,3,Départementale,30.0,1
202400026090,2024-02-18,matin,,,13,13208,1,1,5,3,4,Voie communale,50.0,1
202400026091,2024-07-27,matin,,,14,14366,1,1,2,4,4,Voie communale,30.0,1
202400026092,2024-01-25,après-midi,,,80,80176,1,1,1,3,3,Départementale,80.0,2
202400026093,2024-09-03,matin,,,92,92036,1,1,7,4,4,Voie communale,30.0,2
202400026094,2024-05-23,nuit,,,974,97416,5,1,6,4,4,Voie communale,50.0,1
202400026095,2024-07-27,nuit,,,13,13207,5,1,3,4,4,Voie communale,50.0,1
202400026096,2024-01-24,matin,,,13,13202,1,1,2,4,1,Autoroute,90.0,1
202400026097,2024-09-03,matin,,,92,92024,1,2,3,4,4,Voie communale,30.0,2
202400026098,2024-07-27,soirée,,,13,13214,1,1,1,4,4,Voie communale,50.0,1
202400026099,2024-05-22,soirée,,,973,97302,5,1,2,4,2,Nationale,90.0,1
202400026100,2024-05-22,matin,,,973,97302,1,2,3,4,3,Départementale,50.0,2
202400026101,2024-09-03,après-midi,,,92,92060,1,1,3,4,4,Voie communale,50.0,1
202400026102,2024-01-23,matin,,,13,13081,1,1,4,4,1,Autoroute,110.0,1
202400026103,2024-07-26,après-midi,,,13,13209,1,1,3,4,4,Voie communale,50.0,1
202400026104,2024-05-22,soirée,,,69,69388,1,2,3,4,4,Voie communale,50.0,2
202400026105,2024-09-03,après-midi,,,92,92004,1,1,3,4,4,Voie communale,30.0,1
202400026106,2024-01-23,matin,,,83,83126,5,1,3,4,1,Autoroute,90.0,1
202400026107,2024-07-26,après-midi,,,13,13028,1,1,3,4,4,Voie communale,50.0,8
202400026108,2024-09-02,matin,,,974,97415,1,1,3,3,2,Nationale,50.0,1
202400026109,2024-05-22,matin,,,69,69383,1,1,6,4,4,Voie communale,30.0,1
202400026110,2024-01-16,nuit,,,69,69029,3,1,2,4,7,Autre,70.0,1
202400026111,2024-07-27,matin,,,11,11262,1,1,7,3,4,Voie communale,50.0,1
202400026112,2024-05-21,après-midi,,,90,90008,1,1,6,4,3,Départementale,30.0,1
202400026113,2024-09-03,après-midi,,,12,12300,1,1,3,3,3,Départementale,50.0,2
202400026114,2024-07-27,après-midi,,,11,11069,1,1,6,4,4,Voie communale,50.0,1
202400026115,2024-01-16,après-midi,,,42,42099,3,1,2,4,2,Nationale,90.0,1
202400026116,2024-05-22,soirée,,,88,88160,1,1,7,4,4,Voie communale,50.0,1
202400026117,2024-08-13,après-midi,,,40,40004,1,1,1,4,3,Départementale,80.0,1
202400026118,2024-07-27,soirée,,,10,10333,1,3,7,4,3,Départementale,50.0,2
202400026119,2024-05-22,après-midi,,,84,84007,1,1,1,4,4,Voie communale,50.0,1
202400026120,2024-07-27,matin,,,06,06069,1,1,3,4,4,Voie communale,50.0,1
202400026121,2024-01-24,après-midi,,,57,57463,1,1,5,4,2,Nationale,110.0,1
202400026122,2024-09-03,après-midi,,,31,31467,1,1,3,3,7,Autre,50.0,1
202400026123,2024-05-21,après-midi,,,84,84007,1,1,3,4,4,Voie communale,50.0,1
202400026124,2024-09-04,après-midi,,,81,81238,1,3,6,3,3,Départementale,50.0,2
202400026125,2024-01-24,après-midi,,,33,33397,1,1,3,4,1,Autoroute,110.0,1
202400026126,2024-07-27,nuit,,,04,04070,3,1,6,4,4,Voie communale,50.0,1
202400026127,2024-05-21,matin,,,84,84007,1,1,3,4,4,Voie communale,50.0,1
202400026128,2024-09-03,nuit,,,10,10240,3,8,6,2,3,Départementale,90.0,1
202400026129,2024-07-27,soirée,,,75,75116,1,2,7,4,4,Voie communale,50.0,2
202400026130,2024-09-04,après-midi,,,46,46103,1,2,7,4,3,Départementale,80.0,2
202400026131,2024-01-24,après-midi,,,94,94003,1,1,5,4,1,Autoroute,90.0,1
202400026132,2024-05-21,nuit,,,83,83137,5,1,3,4,3,Départementale,50.0,1
202400026133,2024-07-27,matin,,,75,75119,1,2,2,4,4,Voie communale,70.0,2
202400026134,2024-09-03,après-midi,,,67,67253,1,1,1,3,3,Départementale,80.0,1
202400026135,2024-01-24,nuit,,,91,91689,3,1,7,4,1,Autoroute,90.0,2
202400026136,2024-07-27,matin,,,75,75120,1,2,6,4,4,Voie communale,70.0,2
202400026137,2024-05-22,matin,,,78,78372,1,8,2,4,3,Départementale,50.0,1
202400026138,2024-09-03,après-midi,,,58,58059,1,1,3,4,1,Autoroute,110.0,1
202400026139,2024-05-22,matin,,,78,78372,1,1,3,4,3,Départementale,50.0,1
202400026140,2024-07-26,après-midi,,,75,75118,1,1,3,4,4,Voie communale,70.0,1
202400026141,2024-01-23,matin,,,78,78206,1,1,3,4,1,Autoroute,130.0,1
202400026142,2024-09-04,nuit,,,30,30334,3,1,7,2,3,Départementale,80.0,1
202400026143,2024-05-21,après-midi,,,77,77288,1,1,6,2,3,Départementale,50.0,1
202400026144,2024-07-26,matin,,,75,75120,1,2,3,4,4,Voie communale,70.0,2
202400026145,2024-01-24,nuit,,,93,93064,3,1,4,4,1,Autoroute,90.0,1
202400026146,2024-08-20,soirée,,,62,62864,1,1,6,4,3,Départementale,80.0,1
202400026147,2024-05-16,matin,,,77,77251,1,1,1,3,4,Voie communale,50.0,1
202400026148,2024-09-04,nuit,,,95,95652,3,1,6,4,4,Voie communale,30.0,1
202400026149,2024-07-27,après-midi,,,75,75114,1,2,3,4,4,Voie communale,70.0,2
202400026150,2024-05-22,soirée,,,69,69282,1,1,6,4,7,Autre,50.0,1
202400026151,2024-09-03,soirée,,,76,76146,1,1,3,4,3,Départementale,50.0,1
202400026152,2024-07-26,soirée,,,75,75115,1,3,6,4,4,Voie communale,30.0,2
202400026153,2024-01-23,matin,,,974,97416,1,1,2,4,4,Voie communale,50.0,1
202400026154,2024-05-22,matin,,,66,66136,1,1,1,4,4,Voie communale,50.0,1
202400026155,2024-01-23,après-midi,,,973,97302,1,1,6,4,4,Voie communale,30.0,1
202400026156,2024-07-27,après-midi,,,75,75114,1,1,3,4,4,Voie communale,30.0,2
202400026157,2024-05-22,soirée,,,59,59650,1,1,3,4,4,Voie communale,70.0,1
202400026158,2024-09-03,après-midi,,,25,25601,1,1,6,4,3,Départementale,50.0,1
202400026159,2024-05-21,après-midi,,,56,56121,1,1,6,4,4,Voie communale,30.0,1
202400026160,2024-07-27,après-midi,,,75,75110,1,3,2,4,4,Voie communale,30.0,2
202400026161,2024-01-24,nuit,,,69,69387,5,1,3,3,4,Voie communale,30.0,1
202400026162,2024-09-04,matin,,,44,44130,1,1,3,4,3,Départementale,90.0,1
202400026163,2024-05-22,soirée,,,54,54547,1,1,3,4,6,Autre,30.0,1
202400026164,2024-01-12,après-midi,,,69,69388,1,1,6,4,4,Voie communale,30.0,1
202400026165,2024-07-26,nuit,,,75,75110,5,2,3,4,4,Voie communale,30.0,2
202400026166,2024-05-22,matin,,,54,54395,1,1,3,4,4,Voie communale,30.0,1
202400026167,2024-09-04,matin,,,44,44002,2,1,3,3,3,Départementale,50.0,1
202400026168,2024-01-23,après-midi,,,972,97209,1,1,6,3,2,Nationale,50.0,1
202400026169,2024-05-21,soirée,,,54,54547,1,1,3,4,4,Voie communale,30.0,1
202400026170,2024-07-26,après-midi,,,75,75109,1,8,6,4,4,Voie communale,30.0,1
202400026171,2024-08-30,matin,,,29,29257,1,1,7,3,4,Voie communale,80.0,1
202400026172,2024-01-23,matin,,,972,97209,1,1,6,4,4,Voie communale,30.0,1
202400026173,2024-07-26,après-midi,,,94,94081,1,1,6,4,3,Départementale,50.0,1
202400026174,2024-05-21,matin,,,54,54395,1,2,3,4,4,Voie communale,50.0,2
202400026175,2024-01-22,après-midi,,,972,97209,1,2,6,4,3,Départementale,50.0,2
202400026176,2024-05-21,matin,,,49,49007,1,2,7,4,4,Voie communale,50.0,2
202400026177,2024-09-04,soirée,,,58,58247,2,1,5,3,3,Départementale,90.0,1
202400026178,2024-07-27,nuit,,,94,94080,5,2,6,4,4,Voie communale,30.0,2
202400026179,2024-01-21,nuit,,,972,97209,5,1,6,4,4,Voie communale,50.0,1
202400026180,2024-05-22,après-midi,,,45,45075,1,1,1,4,4,Voie communale,25.0,1
202400026181,2024-01-23,matin,,,69,69389,2,1,3,4,7,Autre,50.0,2
202400026182,2024-09-04,nuit,,,54,54523,3,2,1,3,3,Départementale,80.0,2
202400026183,2024-07-27,matin,,,94,94034,2,3,3,4,4,Voie communale,50.0,2
202400026184,2024-05-22,soirée,,,41,41226,1,1,7,4,2,Nationale,50.0,1
202400026185,2024-09-04,matin,,,05,05084,1,1,7,3,2,Nationale,80.0,1
202400026186,2024-01-23,matin,,,69,69384,2,1,3,4,4,Voie communale,30.0,2
202400026187,2024-05-20,matin,,,40,40281,1,3,1,3,3,Départementale,50.0,2
202400026188,2024-07-27,soirée,,,94,94017,2,8,3,4,3,Départementale,50.0,1
202400026189,2024-09-03,après-midi,,,21,21016,1,1,1,4,3,Départementale,80.0,1
202400026190,2024-05-17,après-midi,,,40,40192,1,1,3,3,4,Voie communale,50.0,1
202400026191,2024-01-23,après-midi,,,971,97101,1,1,3,4,3,Départementale,50.0,1
202400026192,2024-07-26,nuit,,,94,94004,5,3,6,4,2,Nationale,50.0,2
202400026193,2024-09-03,après-midi,,,37,37214,1,1,3,3,3,Départementale,50.0,1
202400026194,2024-05-22,matin,,,37,37122,1,1,6,4,4,Voie communale,50.0,1
202400026195,2024-01-23,matin,,,971,97101,1,2,7,4,2,Nationale,50.0,2
202400026196,2024-09-04,après-midi,,,30,30095,1,1,3,3,3,Départementale,80.0,1
202400026197,2024-07-27,après-midi,,,95,95527,1,2,1,4,1,Autoroute,90.0,2
202400026198,2024-05-22,matin,,,35,35278,1,1,1,4,4,Voie communale,50.0,1
202400026199,2024-08-29,soirée,,,48,48009,1,1,6,3,3,Départementale,90.0,1
202400026200,2024-01-19,nuit,,,87,87085,5,1,3,4,4,Voie communale,50.0,1
202400026201,2024-07-27,après-midi,,,93,93046,1,2,3,4,3,Départementale,50.0,2
202400026202,2024-05-17,soirée,,,35,35281,1,1,2,4,7,Autre,30.0,1
202400026203,2024-01-19,matin,,,87,87085,5,1,6,4,4,Voie communale,50.0,1
202400026204,2024-09-04,soirée,,,48,48016,2,3,1,3,2,Nationale,70.0,2
202400026205,2024-07-27,après-midi,,,92,92073,1,2,7,4,4,Voie communale,50.0,2
202400026206,2024-05-22,nuit,,,34,34172,5,1,7,3,4,Voie communale,50.0,1
202400026207,2024-01-18,après-midi,,,87,87085,1,2,6,4,4,Voie communale,50.0,2
202400026208,2024-09-04,matin,,,31,31212,1,3,6,3,1,Autoroute,90.0,2
202400026209,2024-07-27,nuit,,,92,92050,5,2,6,4,3,Départementale,50.0,3
202400026210,2024-05-21,matin,,,34,34172,1,1,3,4,4,Voie communale,50.0,1
202400026211,2024-01-17,après-midi,,,87,87085,1,3,6,4,4,Voie communale,30.0,2
202400026212,2024-09-01,nuit,,,38,38530,3,1,1,4,3,Départementale,80.0,1
202400026213,2024-07-27,après-midi,,,92,92036,1,2,6,4,3,Départementale,50.0,2
202400026214,2024-05-21,après-midi,,,34,34032,1,1,6,2,4,Voie communale,50.0,1
202400026215,2024-07-27,soirée,,,92,92023,2,1,6,4,2,Nationale,50.0,2
202400026216,2024-01-22,matin,,,84,84007,1,1,3,3,4,Voie communale,30.0,1
202400026217,2024-09-04,après-midi,,,63,63072,1,2,7,4,1,Autoroute,110.0,2
202400026218,2024-05-22,matin,,,34,34003,1,1,2,4,4,Voie communale,50.0,1
202400026219,2024-01-23,matin,,,83,83126,1,1,6,3,3,Départementale,50.0,1
202400026220,2024-01-23,après-midi,,,83,83069,1,1,7,4,4,Voie communale,50.0,1
202400026221,2024-09-04,nuit,,,976,97603,2,3,6,3,2,Nationale,70.0,2
202400026222,2024-05-22,soirée,,,33,33522,1,1,3,4,4,Voie communale,50.0,1
202400026223,2024-07-27,après-midi,,,92,92012,1,3,1,4,3,Départementale,50.0,2
202400026224,2024-05-22,après-midi,,,28,28404,1,1,-1,4,4,Voie communale,50.0,1
202400026225,2024-07-26,matin,,,47,47145,1,1,7,3,4,Voie communale,80.0,1
202400026226,2024-09-03,matin,,,49,49068,1,1,2,4,1,Autoroute,130.0,1
202400026227,2024-09-04,matin,,,63,63126,1,3,3,4,1,Autoroute,,2
202400026228,2024-05-19,matin,,,22,22278,2,1,6,3,4,Voie communale,30.0,1
202400026229,2024-07-25,après-midi,,,51,51649,1,1,1,3,6,Autre,10.0,1
202400026230,2024-07-26,soirée,,,67,67415,3,2,7,3,3,Départementale,80.0,2
202400026231,2024-05-22,matin,,,13,13208,1,1,4,4,4,Voie communale,50.0,1
202400026232,2024-09-01,après-midi,,,14,14593,1,1,3,4,1,Autoroute,130.0,1
202400026233,2024-05-22,après-midi,,,13,13005,1,1,3,4,4,Voie communale,50.0,1
202400026234,2024-09-04,matin,,,38,38046,1,1,6,4,4,Voie communale,130.0,1
202400026235,2024-07-28,après-midi,,,41,41034,1,1,1,3,3,Départementale,50.0,1
202400026236,2024-09-03,après-midi,,,06,06122,1,1,6,4,7,Autre,50.0,1
202400026237,2024-07-27,matin,,,69,69043,1,1,7,4,3,Départementale,70.0,1
202400026238,2024-05-22,matin,,,13,13005,1,1,3,3,3,Départementale,30.0,1
202400026239,2024-07-28,nuit,,,974,97422,3,1,6,3,2,Nationale,50.0,1
202400026240,2024-05-22,soirée,,,13,13001,1,1,3,4,3,Départementale,90.0,1
202400026241,2024-09-04,matin,,,13,13089,1,8,3,2,3,Départementale,80.0,1
202400026242,2024-09-02,après-midi,,,73,73123,1,8,7,2,3,Départementale,80.0,1
202400026243,2024-05-19,soirée,,,12,12176,1,3,3,3,3,Départementale,70.0,2
202400026244,2024-08-29,après-midi,,,81,81099,1,1,3,3,3,Départementale,70.0,1
202400026245,2024-07-27,matin,,,83,83086,1,1,3,3,3,Départementale,80.0,1
202400026246,2024-05-21,après-midi,,,11,11069,1,1,1,4,3,Départementale,80.0,1
202400026247,2024-07-26,après-midi,,,34,34079,1,1,2,4,1,Autoroute,130.0,1
202400026248,2024-05-22,après-midi,,,10,10387,1,1,6,4,4,Voie communale,50.0,1
202400026249,2024-08-28,matin,,,81,81105,1,1,2,4,3,Départementale,70.0,1
202400026250,2024-05-22,nuit,,,05,05023,5,2,6,4,3,Départementale,50.0,2
202400026251,2024-09-04,nuit,,,31,31229,3,2,6,2,3,Départementale,80.0,2
202400026252,2024-07-27,soirée,,,41,41178,1,1,1,3,3,Départementale,80.0,1
202400026253,2024-07-27,nuit,,,23,23095,3,1,7,3,3,Départementale,90.0,1
202400026254,2024-09-04,matin,,,33,33256,2,1,1,4,3,Départementale,50.0,1
202400026255,2024-05-22,nuit,,,75,75118,5,1,5,4,4,Voie communale,70.0,1
202400026256,2024-07-26,après-midi,,,79,79034,1,1,2,4,3,Départementale,50.0,1
202400026257,2024-08-30,après-midi,,,29,29238,1,1,6,3,3,Départementale,50.0,1
202400026258,2024-05-22,nuit,,,75,75120,5,1,6,3,4,Voie communale,30.0,1
202400026259,2024-07-28,après-midi,,,2B,2B319,1,1,6,3,3,Départementale,80.0,1