Num_Acc,date,time_of_day,lat,long,dep,com,lum,atm,col,severity_index,catr,catr_label,vma,surf
202400026260,2024-09-03,soirée,,,35,35206,1,1,3,3,7,Autre,80.0,1
202400026261,2024-05-22,soirée,,,75,75120,2,9,3,4,4,Voie communale,30.0,1
202400026262,2024-07-26,nuit,,,82,82018,3,1,6,3,3,Départementale,80.0,1
202400026263,2024-09-02,matin,,,80,80410,1,1,3,4,4,Voie communale,50.0,1
202400026264,2024-07-27,nuit,,,61,61153,3,1,7,3,3,Départementale,80.0,1
202400026265,2024-05-22,matin,,,75,75109,1,1,6,4,4,Voie communale,30.0,1
202400026266,2024-07-26,soirée,,,61,61474,1,2,1,3,3,Départementale,90.0,2
202400026267,2024-05-21,après-midi,,,75,75103,1,1,3,4,4,Voie communale,30.0,1
202400026268,2024-07-27,soirée,,,49,49261,1,1,7,4,3,Départementale,70.0,1
202400026269,2024-09-03,après-midi,,,33,33249,1,1,2,4,2,Nationale,90.0,1
202400026270,2024-05-22,matin,,,94,94080,1,8,6,4,3,Départementale,50.0,1
202400026271,2024-07-28,nuit,,,49,49261,3,1,6,3,9,Autre,90.0,1
202400026272,2024-05-22,après-midi,,,94,94016,1,1,7,4,4,Voie communale,,1
202400026273,2024-09-03,matin,,,33,33249,1,2,4,4,2,Nationale,50.0,2
202400026274,2024-07-28,après-midi,,,49,49292,1,1,3,3,3,Départementale,50.0,1
202400026275,2024-05-22,soirée,,,94,94028,1,1,3,4,4,Voie communale,,1
202400026276,2024-08-30,nuit,,,59,59043,3,1,2,4,1,Autoroute,130.0,1
202400026277,2024-07-28,après-midi,,,42,42081,1,1,5,3,3,Départementale,50.0,1
202400026278,2024-05-22,soirée,,,94,94079,1,1,3,4,3,Départementale,50.0,1
202400026279,2024-09-03,matin,,,91,91617,1,2,2,4,2,Nationale,90.0,2
202400026280,2024-07-26,soirée,,,47,47301,1,1,3,3,3,Départementale,80.0,1
202400026281,2024-05-19,après-midi,,,94,94056,1,1,6,3,3,Départementale,70.0,1
202400026282,2024-09-03,matin,,,91,91363,1,2,3,4,2,Nationale,90.0,2
202400026283,2024-05-21,nuit,,,93,93064,5,1,3,3,3,Départementale,50.0,1
202400026284,2024-07-27,après-midi,,,86,86053,1,1,3,3,3,Départementale,80.0,1
202400026285,2024-07-25,soirée,,,68,68059,3,1,7,4,3,Départementale,80.0,1
202400026286,2024-05-22,matin,,,93,93053,1,1,2,4,3,Départementale,50.0,8
202400026287,2024-09-03,matin,,,92,92012,1,2,4,4,1,Autoroute,70.0,2
202400026288,2024-05-22,après-midi,,,93,93046,1,1,3,4,4,Voie communale,50.0,1
202400026289,2024-07-22,nuit,,,44,44217,3,1,3,4,3,Départementale,80.0,2
202400026290,2024-09-02,soirée,,,93,93005,1,1,6,4,1,Autoroute,30.0,1
202400026291,2024-05-21,matin,,,93,93007,1,1,3,4,3,Départementale,50.0,1
202400026292,2024-07-27,après-midi,,,35,35070,1,1,6,3,3,Départementale,50.0,1
202400026293,2024-09-02,après-midi,,,93,93006,1,1,3,4,1,Autoroute,90.0,1
202400026294,2024-07-19,nuit,,,29,29075,5,1,6,4,4,Voie communale,50.0,1
202400026295,2024-05-22,soirée,,,93,93005,2,3,3,4,4,Voie communale,50.0,2
202400026296,2024-05-21,matin,,,92,92073,1,8,6,4,4,Voie communale,10.0,2
202400026297,2024-07-27,après-midi,,,38,38547,1,7,5,3,3,Départementale,30.0,1
202400026298,2024-07-28,après-midi,,,38,38126,1,1,6,3,7,Autre,90.0,1
202400026299,2024-05-22,après-midi,,,92,92062,1,1,3,4,3,Départementale,50.0,1
202400026300,2024-09-02,matin,,,93,93064,1,1,4,4,1,Autoroute,70.0,1
202400026301,2024-07-27,soirée,,,06,06053,1,1,7,4,3,Départementale,80.0,1
202400026302,2024-05-22,nuit,,,92,92020,5,1,6,4,4,Voie communale,30.0,1
202400026303,2024-07-28,nuit,,,06,06079,3,1,7,3,4,Voie communale,50.0,1
202400026304,2024-05-22,soirée,,,92,92048,1,1,6,3,3,Départementale,50.0,1
202400026305,2024-09-03,nuit,,,77,77169,3,1,6,4,2,Nationale,90.0,1
202400026306,2024-05-21,soirée,,,92,92044,1,1,6,3,3,Départementale,50.0,1
202400026307,2024-07-27,nuit,,,50,50529,3,1,6,3,3,Départementale,80.0,1
202400026308,2024-07-28,matin,,,16,16141,1,1,6,3,2,Nationale,110.0,1
202400026309,2024-09-03,après-midi,,,94,94069,1,8,4,4,1,Autoroute,90.0,1
202400026310,2024-05-22,après-midi,,,92,92012,1,1,2,4,3,Départementale,50.0,1
202400026311,2024-07-27,après-midi,,,16,16230,1,1,3,3,3,Départementale,90.0,1
202400026312,2024-09-03,matin,,,77,77450,1,2,3,4,2,Nationale,90.0,2
202400026313,2024-05-23,après-midi,,,33,33539,1,8,1,3,3,Départementale,80.0,2
202400026314,2024-05-17,matin,,,47,47084,1,1,6,3,3,Départementale,80.0,2
202400026315,2024-07-27,soirée,,,24,24563,1,1,1,3,4,Voie communale,80.0,1
202400026316,2024-09-02,après-midi,,,77,77258,1,1,2,4,1,Autoroute,110.0,1
202400026317,2024-05-21,soirée,,,17,17407,1,1,3,4,3,Départementale,50.0,1
202400026318,2024-07-28,après-midi,,,04,04135,1,1,3,4,3,Départementale,70.0,1
202400026319,2024-07-27,soirée,,,85,85096,1,1,3,3,4,Voie communale,50.0,1
202400026320,2024-05-22,après-midi,,,14,14579,1,1,6,3,3,Départementale,80.0,1
202400026321,2024-04-30,nuit,,,79,79230,3,1,7,4,3,Départementale,80.0,2
202400026322,2024-07-27,après-midi,,,28,28008,1,8,6,4,3,Départementale,50.0,2
202400026323,2024-05-23,matin,,,36,36173,1,1,3,2,3,Départementale,80.0,1
202400026324,2024-07-25,soirée,,,28,28386,2,1,1,4,3,Départementale,90.0,1
202400026325,2024-05-22,après-midi,,,87,87177,1,8,1,2,3,Départementale,80.0,2
202400026326,2024-07-26,après-midi,,,30,30212,1,1,3,3,3,Départementale,50.0,1
202400026327,2024-05-23,matin,,,19,19256,1,1,6,3,3,Départementale,80.0,2
202400026328,2024-07-28,nuit,,,90,90010,3,2,6,4,1,Autoroute,110.0,2
202400026329,2024-05-23,après-midi,,,63,63195,1,8,1,4,3,Départementale,90.0,1
202400026330,2024-05-21,soirée,,,61,61046,1,2,1,3,3,Départementale,80.0,2
202400026331,2024-07-28,nuit,,,21,21295,3,1,2,4,1,Autoroute,50.0,1
202400026332,2024-07-28,matin,,,27,27701,1,1,6,4,1,Autoroute,130.0,1
202400026333,2024-05-22,après-midi,,,12,12162,1,1,1,3,3,Départementale,90.0,1
202400026334,2024-05-22,soirée,,,47,47318,3,2,6,3,3,Départementale,80.0,2
202400026335,2024-07-28,nuit,,,11,11202,3,1,1,4,3,Départementale,80.0,1
202400026336,2024-07-25,nuit,,,987,98731,5,1,6,3,2,Nationale,40.0,1
202400026337,2024-05-19,après-midi,,,47,47278,1,1,7,3,4,Voie communale,80.0,2
202400026338,2024-07-27,après-midi,,,971,97112,1,1,3,4,2,Nationale,70.0,1
202400026339,2024-05-23,après-midi,,,68,68332,1,1,3,4,3,Départementale,50.0,1
202400026340,2024-05-16,matin,,,68,68004,1,1,6,4,4,Voie communale,30.0,1
202400026341,2024-07-28,matin,,,66,66115,1,1,1,4,3,Départementale,80.0,1
202400026342,2024-05-23,matin,,,39,39475,1,1,6,2,4,Voie communale,50.0,1
202400026343,2024-07-28,matin,,,30,30130,1,1,1,4,3,Départementale,80.0,1
202400026344,2024-05-23,après-midi,,,25,25411,1,2,7,4,4,Voie communale,30.0,2
202400026345,2024-07-27,après-midi,,,84,84141,1,7,3,3,3,Départementale,50.0,1
202400026346,2024-07-28,nuit,,,13,13082,3,1,5,2,3,Départementale,80.0,1
202400026347,2024-05-23,matin,,,72,72132,1,1,5,3,3,Départementale,50.0,1
202400026348,2024-07-27,matin,,,13,13097,1,1,3,4,3,Départementale,80.0,1
202400026349,2024-05-14,après-midi,,,06,06089,1,1,1,4,3,Départementale,50.0,1
202400026350,2024-07-27,matin,,,70,70205,1,1,2,3,3,Départementale,50.0,1
202400026351,2024-05-23,matin,,,14,14504,2,1,6,3,3,Départementale,80.0,1
202400026352,2024-07-27,après-midi,,,71,71235,1,1,6,3,3,Départementale,80.0,1
202400026353,2024-07-28,matin,,,08,08312,1,1,7,4,1,Autoroute,,1
202400026354,2024-05-23,matin,,,07,07078,1,8,4,4,3,Départementale,50.0,1
202400026355,2024-05-21,soirée,,,24,24563,1,1,3,3,3,Départementale,80.0,1
202400026356,2024-07-28,après-midi,,,38,38003,1,1,3,4,3,Départementale,80.0,1
202400026357,2024-07-28,après-midi,,,26,26116,1,1,7,3,3,Départementale,70.0,1
202400026358,2024-05-23,après-midi,,,27,27226,1,1,6,2,4,Voie communale,50.0,1
202400026359,2024-07-28,soirée,,,69,69052,1,1,7,3,3,Départementale,80.0,1
202400026360,2024-05-22,après-midi,,,27,27117,1,1,1,4,3,Départementale,70.0,1
202400026361,2024-07-23,après-midi,,,81,81105,1,1,3,4,3,Départementale,50.0,1
202400026362,2024-05-22,après-midi,,,24,24126,1,1,1,3,2,Nationale,80.0,1
202400026363,2024-07-05,après-midi,,,33,33517,1,1,1,4,3,Départementale,50.0,1
202400026364,2024-05-22,après-midi,,,31,31476,1,1,3,3,1,Autoroute,130.0,1
202400026365,2024-07-28,matin,,,44,44066,1,1,1,4,3,Départementale,80.0,1
202400026366,2024-05-21,matin,,,88,88022,1,1,3,3,1,Autoroute,130.0,2
202400026367,2024-05-22,soirée,,,971,97103,2,1,3,3,4,Voie communale,50.0,1
202400026368,2024-07-27,soirée,,,29,29022,2,1,5,4,3,Départementale,50.0,1
202400026369,2024-05-22,matin,,,987,98735,1,1,7,3,3,Départementale,40.0,1
202400026370,2024-07-23,après-midi,,,13,13085,1,1,7,4,1,Autoroute,110.0,1
202400026371,2024-05-22,soirée,,,973,97311,4,1,6,3,4,Voie communale,50.0,1
202400026372,2024-07-23,soirée,,,13,13202,1,1,4,4,1,Autoroute,70.0,1
202400026373,2024-05-17,après-midi,,,37,37230,1,1,2,3,3,Départementale,80.0,1
202400026374,2024-07-27,matin,,,33,33162,1,1,6,4,1,Autoroute,50.0,1
202400026375,2024-07-27,nuit,,,33,33318,4,1,6,4,1,Autoroute,90.0,1
202400026376,2024-05-22,soirée,,,91,91179,2,2,1,3,3,Départementale,90.0,2
202400026377,2024-07-27,après-midi,,,91,91521,1,2,7,4,2,Nationale,50.0,2
202400026378,2024-05-21,soirée,,,06,06066,1,1,3,3,7,Autre,50.0,1
202400026379,2024-07-27,après-midi,,,91,91174,1,1,7,4,2,Nationale,50.0,2
202400026380,2024-07-27,après-midi,,,94,94065,1,1,6,4,2,Nationale,70.0,2
202400026381,2024-05-20,après-midi,,,69,69157,1,2,1,3,3,Départementale,80.0,2
202400026382,2024-07-27,matin,,,91,91553,2,3,6,4,2,Nationale,90.0,2
202400026383,2024-05-22,soirée,,,69,69297,1,1,1,4,3,Départementale,50.0,1
202400026384,2024-07-27,nuit,,,91,91136,3,2,7,4,1,Autoroute,70.0,2
202400026385,2024-05-22,après-midi,,,69,69040,1,1,6,3,7,Autre,30.0,1
202400026386,2024-07-26,nuit,,,91,91174,3,3,3,4,2,Nationale,110.0,3
202400026387,2024-05-22,après-midi,,,14,14047,1,1,6,4,6,Autre,20.0,1
202400026388,2024-07-27,matin,,,92,92063,1,2,3,4,1,Autoroute,70.0,2
202400026389,2024-05-22,matin,,,27,27412,1,1,1,3,3,Départementale,80.0,1
202400026390,2024-07-27,soirée,,,95,95572,1,1,2,4,2,Nationale,90.0,2
202400026391,2024-05-22,après-midi,,,27,27165,1,1,3,4,4,Voie communale,50.0,1
202400026392,2024-05-22,matin,,,13,13071,1,1,7,4,1,Autoroute,90.0,1
202400026393,2024-07-27,matin,,,93,93064,1,2,3,4,1,Autoroute,90.0,2
202400026394,2024-07-27,matin,,,92,92078,1,3,6,4,1,Autoroute,90.0,2
202400026395,2024-07-26,soirée,,,95,95527,1,3,7,4,1,Autoroute,110.0,2
202400026396,2024-03-29,nuit,,,54,54197,4,1,3,4,1,Autoroute,110.0,1
202400026397,2024-07-26,matin,,,95,95018,5,3,2,4,1,Autoroute,110.0,2
202400026398,2024-05-22,soirée,,,94,94065,1,2,3,4,1,Autoroute,110.0,2
202400026399,2024-07-27,soirée,,,94,94069,1,3,3,4,1,Autoroute,90.0,2
202400026400,2024-05-22,matin,,,92,92019,1,1,3,4,2,Nationale,90.0,1
202400026401,2024-07-27,après-midi,,,94,94069,1,3,5,4,1,Autoroute,90.0,2
202400026402,2024-05-21,nuit,,,92,92002,3,2,6,4,2,Nationale,70.0,2
202400026403,2024-05-21,nuit,,,78,78043,3,2,6,4,1,Autoroute,110.0,2
202400026404,2024-07-27,après-midi,,,93,93051,1,3,2,4,1,Autoroute,90.0,2
202400026405,2024-05-21,soirée,,,92,92072,1,1,7,4,2,Nationale,70.0,1
202400026406,2024-05-22,matin,,,93,93066,1,1,6,4,1,Autoroute,50.0,1
202400026407,2024-07-27,après-midi,,,77,77373,1,2,2,4,2,Nationale,90.0,2
202400026408,2024-05-21,matin,,,95,95572,1,8,5,4,2,Nationale,90.0,2
202400026409,2024-07-27,après-midi,,,77,77373,1,3,6,4,2,Nationale,90.0,2
202400026410,2024-05-20,soirée,,,95,95277,1,2,2,4,1,Autoroute,90.0,2
202400026411,2024-07-27,après-midi,,,75,75112,1,3,2,4,1,Autoroute,90.0,2
202400026412,2024-05-21,nuit,,,94,94081,3,2,7,4,1,Autoroute,90.0,3
202400026413,2024-07-27,nuit,,,77,77121,3,3,2,4,1,Autoroute,110.0,2
202400026414,2024-03-01,matin,,,45,45187,1,1,6,4,4,Voie communale,50.0,1
202400026415,2024-02-12,soirée,,,18,18033,5,1,3,3,4,Voie communale,50.0,1
202400026416,2024-03-12,après-midi,,,32,32013,1,8,3,4,4,Voie communale,50.0,1
202400026417,2024-01-03,soirée,,,17,17299,5,2,6,3,4,Voie communale,30.0,2
202400026418,2024-07-27,nuit,,,974,97411,5,1,7,4,4,Voie communale,50.0,1
202400026419,2024-05-21,après-midi,,,974,97411,1,1,3,4,4,Voie communale,30.0,1
202400026420,2024-07-26,soirée,,,973,97302,5,3,3,4,3,Départementale,50.0,2
202400026421,2024-05-20,après-midi,,,974,97411,1,1,1,4,3,Départementale,50.0,1
202400026422,2024-07-26,matin,,,69,69387,1,1,6,4,4,Voie communale,50.0,1
202400026423,2024-05-21,après-midi,,,974,97407,1,1,3,3,4,Voie communale,50.0,1
202400026424,2024-07-26,après-midi,,,972,97213,1,1,4,4,3,Départementale,50.0,1
202400026425,2024-05-21,matin,,,973,97302,1,1,6,4,4,Voie communale,50.0,1
202400026426,2024-05-20,nuit,,,973,97302,5,1,7,4,3,Départementale,50.0,2
202400026427,2024-07-25,matin,,,972,97213,1,1,3,4,3,Départementale,30.0,1
202400026428,2024-05-21,après-midi,,,69,69387,1,1,3,4,4,Voie communale,30.0,1
202400026429,2024-07-25,soirée,,,2B,2B033,5,1,2,4,3,Départementale,50.0,1
202400026430,2024-07-26,après-midi,,,971,97101,1,1,2,4,3,Départementale,30.0,1
202400026431,2024-05-21,après-midi,,,69,69383,1,1,1,4,4,Voie communale,30.0,1
202400026432,2024-07-25,soirée,,,971,97113,3,1,1,4,5,Autre,20.0,1
202400026433,2024-05-21,matin,,,69,69386,1,1,3,4,4,Voie communale,30.0,1
202400026434,2024-07-24,soirée,,,971,97113,5,1,1,4,3,Départementale,50.0,1
202400026435,2024-05-21,matin,,,69,69386,1,1,3,4,4,Voie communale,30.0,1
202400026436,2024-07-26,matin,,,91,91433,1,2,6,4,3,Départementale,70.0,2
202400026437,2024-07-09,après-midi,,,88,88160,1,1,6,3,3,Départementale,50.0,1
202400026438,2024-05-20,nuit,,,972,97213,5,1,2,2,1,Autoroute,90.0,1
202400026439,2024-05-21,matin,,,2B,2B037,1,1,6,4,3,Départementale,50.0,1
202400026440,2024-07-25,après-midi,,,87,87050,1,1,4,4,3,Départementale,50.0,1
202400026441,2024-07-25,après-midi,,,87,87085,1,1,2,4,1,Autoroute,110.0,1
202400026442,2024-05-21,après-midi,,,971,97113,1,1,5,4,2,Nationale,70.0,1
202400026443,2024-07-25,après-midi,,,87,87085,1,1,2,4,4,Voie communale,50.0,1
202400026444,2024-05-20,matin,,,971,97113,1,1,3,4,4,Voie communale,50.0,1
202400026445,2024-05-18,nuit,,,971,97101,5,1,7,4,3,Départementale,50.0,1
202400026446,2024-07-25,soirée,,,83,83126,1,1,5,4,4,Voie communale,,1
202400026447,2024-05-18,après-midi,,,85,85194,1,1,6,3,4,Voie communale,50.0,1
202400026448,2024-07-26,après-midi,,,81,81163,1,1,3,4,3,Départementale,50.0,1
202400026449,2024-05-20,matin,,,84,84007,1,1,6,4,4,Voie communale,50.0,1
202400026450,2024-05-21,après-midi,,,80,80021,1,1,7,4,4,Voie communale,50.0,1
202400026451,2024-07-26,après-midi,,,80,80021,1,1,3,4,4,Voie communale,30.0,1
202400026452,2024-05-18,nuit,,,76,76351,2,1,6,3,3,Départementale,90.0,1
202400026453,2024-07-25,nuit,,,80,80021,5,1,6,4,4,Voie communale,30.0,1
202400026454,2024-07-25,matin,,,80,80021,1,1,2,4,3,Départementale,50.0,1
202400026455,2024-05-19,soirée,,,76,76447,1,1,6,4,4,Voie communale,30.0,1
202400026456,2024-05-18,matin,,,76,76351,2,1,7,4,4,Voie communale,50.0,1
202400026457,2024-07-24,après-midi,,,80,80021,1,1,3,4,4,Voie communale,50.0,1
202400026458,2024-05-21,soirée,,,67,67482,1,1,6,4,4,Voie communale,50.0,1
202400026459,2024-07-26,matin,,,79,79329,1,1,2,4,3,Départementale,50.0,1
202400026460,2024-05-21,après-midi,,,66,66136,1,2,3,4,4,Voie communale,50.0,2
202400026461,2024-07-26,après-midi,,,77,77251,1,2,3,2,3,Départementale,70.0,2
202400026462,2024-05-21,après-midi,,,66,66136,1,1,3,4,4,Voie communale,50.0,1
202400026463,2024-07-25,soirée,,,76,76351,1,3,6,3,4,Voie communale,50.0,2
202400026464,2024-05-21,matin,,,66,66136,1,1,2,4,4,Voie communale,50.0,1
202400026465,2024-07-25,après-midi,,,72,72181,1,1,3,4,4,Voie communale,50.0,1
202400026466,2024-05-21,soirée,,,64,64024,1,1,3,4,4,Voie communale,50.0,1
202400026467,2024-07-26,après-midi,,,69,69013,1,1,3,4,3,Départementale,50.0,1
202400026468,2024-07-26,soirée,,,69,69259,2,1,6,4,4,Voie communale,50.0,1
202400026469,2024-05-19,soirée,,,62,62570,1,1,6,3,3,Départementale,50.0,1
202400026470,2024-05-12,nuit,,,62,62239,4,1,6,4,4,Voie communale,50.0,1
202400026471,2024-07-26,soirée,,,69,69276,1,1,3,4,4,Voie communale,50.0,1
202400026472,2024-05-20,après-midi,,,62,62126,1,1,3,4,3,Départementale,50.0,1
202400026473,2024-07-26,matin,,,68,68066,1,1,3,3,4,Voie communale,50.0,1
202400026474,2024-07-26,après-midi,,,64,64445,1,1,2,4,4,Voie communale,50.0,1
202400026475,2024-05-20,après-midi,,,60,60175,1,1,3,4,3,Départementale,50.0,1
202400026476,2024-07-25,soirée,,,64,64122,1,1,7,4,4,Voie communale,30.0,1
202400026477,2024-05-19,nuit,,,56,56098,3,1,6,4,4,Voie communale,30.0,1
202400026478,2024-07-24,après-midi,,,64,64122,1,1,7,4,4,Voie communale,30.0,1
202400026479,2024-05-19,matin,,,56,56162,2,1,6,4,3,Départementale,50.0,1
202400026480,2024-07-25,nuit,,,64,64024,5,1,7,4,4,Voie communale,50.0,1
202400026481,2024-05-20,nuit,,,54,54300,5,5,6,3,4,Voie communale,50.0,2
202400026482,2024-07-24,matin,,,64,64024,1,1,7,4,4,Voie communale,30.0,1
202400026483,2024-07-26,soirée,,,59,59299,1,1,1,4,4,Voie communale,50.0,1
202400026484,2024-07-26,soirée,,,59,59431,1,1,1,4,3,Départementale,70.0,1
202400026485,2024-07-26,après-midi,,,56,56260,1,1,6,4,4,Voie communale,50.0,1
202400026486,2024-07-26,nuit,,,54,54482,5,2,3,3,4,Voie communale,30.0,2
202400026487,2024-07-26,après-midi,,,54,54357,1,1,6,4,4,Voie communale,30.0,1
202400026488,2024-10-07,matin,,,10,10387,1,1,7,4,4,Voie communale,50.0,2
202400026489,2024-10-07,matin,,,03,03023,1,3,3,3,3,Départementale,50.0,2
202400026490,2024-10-08,matin,,,75,75119,1,1,6,2,4,Voie communale,30.0,1
202400026491,2024-10-07,après-midi,,,75,75120,1,1,3,3,4,Voie communale,50.0,2
202400026492,2024-10-08,après-midi,,,75,75105,1,1,6,4,4,Voie communale,30.0,1
202400026493,2024-10-08,soirée,,,75,75118,5,8,3,4,4,Voie communale,30.0,1
202400026494,2024-10-08,matin,,,75,75118,1,1,3,4,4,Voie communale,30.0,1
202400026495,2024-10-08,après-midi,,,75,75117,1,1,2,4,4,Voie communale,30.0,1
202400026496,2024-10-07,après-midi,,,75,75117,1,2,4,4,4,Voie communale,30.0,2
202400026497,2024-10-08,après-midi,,,75,75116,1,3,6,4,4,Voie communale,30.0,4
202400026498,2024-10-08,après-midi,,,75,75113,1,1,6,4,4,Voie communale,30.0,1
202400026499,2024-10-08,soirée,,,75,75111,5,8,3,4,4,Voie communale,30.0,2
202400026500,2024-10-07,après-midi,,,75,75111,1,8,1,4,4,Voie communale,30.0,1
202400026501,2024-10-08,soirée,,,75,75108,5,9,3,4,4,Voie communale,30.0,2
202400026502,2024-10-08,après-midi,,,75,75108,1,1,3,4,4,Voie communale,30.0,1
202400026503,2024-10-07,après-midi,,,75,75108,1,1,6,4,4,Voie communale,30.0,1
202400026504,2024-10-08,après-midi,,,75,75107,1,1,6,4,4,Voie communale,30.0,1
202400026505,2024-10-08,après-midi,,,94,94076,1,1,3,4,3,Départementale,50.0,1
202400026506,2024-10-08,après-midi,,,94,94041,1,1,3,4,4,Voie communale,30.0,1
202400026507,2024-10-08,matin,,,94,94034,1,1,2,4,3,Départementale,50.0,1
202400026508,2024-10-08,matin,,,93,93072,1,1,2,4,3,Départementale,50.0,1
202400026509,2024-10-08,après-midi,,,93,93066,1,1,6,4,4,Voie communale,30.0,1
202400026510,2024-10-08,matin,,,93,93055,1,1,6,4,3,Départementale,30.0,1
202400026511,2024-10-08,après-midi,,,93,93051,1,2,3,4,4,Voie communale,30.0,2
202400026512,2024-10-08,après-midi,,,93,93050,1,1,5,4,3,Départementale,50.0,1
202400026513,2024-10-08,nuit,,,93,93046,5,2,3,4,3,Départementale,50.0,2
202400026514,2024-10-07,après-midi,,,93,93006,1,2,1,4,4,Voie communale,50.0,2
202400026515,2024-10-08,après-midi,,,93,93027,1,1,3,4,3,Départementale,50.0,1
202400026516,2024-10-07,après-midi,,,92,92077,1,2,2,4,3,Départementale,50.0,2
202400026517,2024-10-08,matin,,,92,92050,5,2,3,4,3,Départementale,50.0,2
202400026518,2024-10-07,matin,,,92,92020,1,8,7,4,3,Départementale,50.0,2
202400026519,2024-10-08,soirée,,,92,92040,5,1,1,4,3,Départementale,30.0,2
202400026520,2024-10-08,soirée,,,92,92036,5,2,3,4,3,Départementale,,2
202400026521,2024-10-07,après-midi,,,92,92025,1,2,3,4,3,Départementale,30.0,2
202400026522,2024-10-08,nuit,,,92,92060,5,1,6,4,4,Voie communale,30.0,1
202400026523,2024-10-08,après-midi,,,92,92002,1,1,3,4,3,Départementale,50.0,1
202400026524,2024-10-09,nuit,,,71,71371,3,8,7,3,4,Voie communale,50.0,2
202400026525,2024-10-09,matin,,,15,15066,1,2,7,2,3,Départementale,90.0,2
202400026526,2024-10-08,matin,,,47,47015,1,1,7,2,3,Départementale,50.0,1
202400026527,2024-10-09,matin,,,54,54156,1,2,6,2,3,Départementale,80.0,2
202400026528,2024-10-08,matin,,,01,01244,5,3,6,4,6,Autre,30.0,2
202400026529,2024-10-08,après-midi,,,69,69273,1,1,1,4,4,Voie communale,50.0,2
202400026530,2024-10-08,soirée,,,40,40036,2,2,7,4,4,Voie communale,50.0,2
202400026531,2024-10-04,matin,,,49,49092,1,1,3,3,3,Départementale,90.0,1
202400026532,2024-10-08,après-midi,,,83,83031,1,1,1,2,3,Départementale,80.0,1
202400026533,2024-10-08,après-midi,,,25,25524,1,3,6,4,1,Autoroute,130.0,4
202400026534,2024-10-08,après-midi,,,06,06140,1,1,6,3,4,Voie communale,50.0,1
202400026535,2024-10-08,après-midi,,,87,87003,1,1,3,2,1,Autoroute,130.0,1
202400026536,2024-10-06,soirée,,,51,51171,5,2,3,3,3,Départementale,80.0,2
202400026537,2024-10-08,après-midi,,,2B,2B343,1,1,2,4,2,Nationale,70.0,1
202400026538,2024-10-08,après-midi,,,82,82187,1,1,6,2,3,Départementale,80.0,1
202400026539,2024-10-08,après-midi,,,82,82134,1,1,3,3,3,Départementale,80.0,1
202400026540,2024-10-08,après-midi,,,81,81002,1,1,3,3,2,Nationale,80.0,1
202400026541,2024-10-07,matin,,,71,71345,1,2,3,4,3,Départementale,50.0,2
202400026542,2024-10-08,soirée,,,63,63271,5,1,3,4,3,Départementale,90.0,1
202400026543,2024-10-07,soirée,,,49,49180,3,1,6,2,3,Départementale,90.0,1
202400026544,2024-10-08,après-midi,,,42,42092,1,1,4,4,7,Autre,50.0,2
202400026545,2024-10-08,après-midi,,,47,47252,1,1,3,3,4,Voie communale,50.0,2
202400026546,2024-10-07,matin,,,86,86075,1,2,3,3,3,Départementale,80.0,2
202400026547,2024-10-07,après-midi,,,86,86211,1,2,3,4,3,Départementale,80.0,2
202400026548,2024-10-08,nuit,,,34,34332,5,1,6,2,4,Voie communale,55.0,1
202400026549,2024-10-09,après-midi,,,68,68004,1,1,4,4,3,Départementale,,1
202400026550,2024-10-08,nuit,,,29,29075,4,9,6,4,4,Voie communale,50.0,2
202400026551,2024-10-09,matin,,,29,29075,2,1,6,4,4,Voie communale,50.0,8
202400026552,2024-10-09,après-midi,,,31,31115,1,1,1,3,3,Départementale,80.0,2
202400026553,2024-10-06,nuit,,,38,38422,3,2,3,3,3,Départementale,30.0,2
202400026554,2024-10-08,après-midi,,,26,26063,1,1,3,3,3,Départementale,50.0,1
202400026555,2024-10-07,après-midi,,,66,66178,1,1,3,4,3,Départementale,50.0,1
202400026556,2024-10-07,matin,,,54,54501,1,2,7,3,3,Départementale,80.0,6
202400026557,2024-10-06,après-midi,,,40,40119,1,1,1,3,4,Voie communale,50.0,1
202400026558,2024-10-04,soirée,,,40,40053,2,7,3,3,3,Départementale,80.0,1
202400026559,2024-10-08,après-midi,,,24,24133,1,8,6,4,2,Nationale,80.0,2
202400026560,2024-10-09,matin,,,04,04008,2,1,1,3,2,Nationale,80.0,1
202400026561,2024-10-07,après-midi,,,28,28379,1,1,1,4,3,Départementale,80.0,1
202400026562,2024-10-08,soirée,,,988,98805,3,1,6,4,4,Voie communale,50.0,1
202400026563,2024-10-09,soirée,,,13,13051,5,1,1,4,4,Voie communale,30.0,1
202400026564,2024-09-28,matin,,,01,01027,1,2,4,4,1,Autoroute,130.0,2
202400026565,2024-10-07,nuit,,,34,34240,3,1,6,3,1,Autoroute,110.0,1
202400026566,2024-10-09,matin,,,77,77006,1,3,6,4,1,Autoroute,130.0,3
202400026567,2024-10-08,soirée,,,77,77071,3,2,6,4,1,Autoroute,130.0,2
202400026568,2024-10-08,matin,,,45,45155,1,1,1,4,4,Voie communale,50.0,1
202400026569,2024-10-08,matin,,,83,83068,1,2,6,3,6,Autre,,2
202400026570,2024-10-09,matin,,,68,68130,1,1,7,4,3,Départementale,80.0,2
202400026571,2024-10-08,soirée,,,57,57582,1,1,1,4,3,Départementale,70.0,1
202400026572,2024-10-09,après-midi,,,42,42304,1,1,6,4,3,Départementale,50.0,1