Num_Acc,date,time_of_day,lat,long,dep,com,lum,atm,col,severity_index,catr,catr_label,vma,surf
202400026573,2024-10-04,après-midi,,,01,01262,1,1,6,3,3,Départementale,80.0,1
202400026574,2024-10-08,après-midi,,,69,69140,1,1,7,4,4,Voie communale,50.0,1
202400026575,2024-10-08,soirée,,,69,69052,1,2,3,4,3,Départementale,30.0,2
202400026576,2024-10-08,après-midi,,,69,69021,1,7,1,2,3,Départementale,70.0,1
202400026577,2024-10-08,après-midi,,,81,81112,1,1,3,4,3,Départementale,70.0,1
202400026578,2024-10-09,soirée,,,14,14762,1,2,3,3,3,Départementale,50.0,2
202400026579,2024-10-09,après-midi,,,14,14352,1,2,1,4,4,Voie communale,80.0,2
202400026580,2024-10-09,matin,,,27,27644,3,3,6,2,3,Départementale,80.0,2
202400026581,2024-10-09,après-midi,,,59,59249,1,3,1,4,4,Voie communale,50.0,2
202400026582,2024-10-08,matin,,,13,13212,1,1,2,4,1,Autoroute,70.0,2
202400026583,2024-10-07,soirée,,,83,83047,3,1,6,4,1,Autoroute,110.0,1
202400026584,2024-10-05,nuit,,,69,69142,3,1,4,4,7,Autre,70.0,1
202400026585,2024-10-07,matin,,,57,57582,1,2,6,3,1,Autoroute,110.0,2
202400026586,2024-10-08,soirée,,,91,91228,2,2,7,4,1,Autoroute,110.0,2
202400026587,2024-10-08,après-midi,,,91,91617,1,1,3,4,2,Nationale,90.0,1
202400026588,2024-10-08,nuit,,,91,91103,3,2,6,4,2,Nationale,110.0,2
202400026589,2024-10-08,après-midi,,,78,78646,1,1,5,4,2,Nationale,110.0,1
202400026590,2024-10-07,nuit,,,92,92072,3,1,6,4,2,Nationale,50.0,2
202400026591,2024-10-08,soirée,,,95,95488,1,2,2,4,1,Autoroute,110.0,2
202400026592,2024-10-08,après-midi,,,93,93006,1,2,6,4,1,Autoroute,70.0,2
202400026593,2024-10-08,après-midi,,,93,93008,1,1,2,4,1,Autoroute,90.0,1
202400026594,2024-10-08,après-midi,,,93,93010,1,1,2,4,1,Autoroute,90.0,1
202400026595,2024-10-08,matin,,,93,93027,1,1,3,4,1,Autoroute,70.0,2
202400026596,2024-10-07,après-midi,,,95,95018,1,3,2,4,1,Autoroute,110.0,2
202400026597,2024-10-07,soirée,,,95,95572,1,3,3,4,2,Nationale,90.0,2
202400026598,2024-10-07,soirée,,,93,93063,2,3,6,4,1,Autoroute,90.0,2
202400026599,2024-10-06,soirée,,,93,93078,2,2,6,4,1,Autoroute,90.0,2
202400026600,2024-10-06,soirée,,,95,95252,1,2,6,4,1,Autoroute,70.0,2
202400026601,2024-10-06,après-midi,,,95,95582,1,1,6,4,3,Départementale,50.0,2
202400026602,2024-10-06,matin,,,95,95277,1,1,6,4,1,Autoroute,70.0,2
202400026603,2024-10-08,après-midi,,,77,77258,1,1,2,4,1,Autoroute,110.0,1
202400026604,2024-10-08,matin,,,77,77083,3,1,3,4,1,Autoroute,110.0,2
202400026605,2024-10-07,matin,,,94,94004,1,1,5,4,2,Nationale,90.0,1
202400026606,2024-07-24,après-midi,,,06,06088,1,1,1,3,4,Voie communale,,1
202400026607,2024-07-17,après-midi,,,22,22113,1,1,7,4,3,Départementale,80.0,1
202400026608,2024-06-28,nuit,,,14,14494,2,1,3,3,3,Départementale,80.0,1
202400026609,2024-06-27,après-midi,,,14,14473,1,1,6,3,3,Départementale,70.0,1
202400026610,2024-07-26,soirée,,,18,18255,2,1,2,4,2,Nationale,110.0,1
202400026611,2024-10-05,matin,,,44,44131,3,1,7,2,4,Voie communale,30.0,1
202400026612,2024-08-03,matin,,,57,57019,1,1,2,4,3,Départementale,50.0,1
202400026613,2024-06-26,soirée,,,29,29150,1,1,2,4,3,Départementale,50.0,1
202400026614,2024-10-05,après-midi,,,988,98818,1,1,3,3,4,Voie communale,50.0,1
202400026615,2024-10-07,soirée,,,974,97411,2,1,6,4,4,Voie communale,30.0,1
202400026616,2024-10-07,après-midi,,,973,97302,1,1,7,4,3,Départementale,50.0,1
202400026617,2024-10-07,après-midi,,,973,97302,1,1,3,4,3,Départementale,50.0,1
202400026618,2024-10-07,après-midi,,,973,97302,1,1,7,4,4,Voie communale,50.0,1
202400026619,2024-10-07,matin,,,973,97302,2,1,6,4,4,Voie communale,50.0,1
202400026620,2024-10-04,soirée,,,973,97302,5,1,1,4,3,Départementale,50.0,1
202400026621,2024-10-07,matin,,,973,97302,1,1,3,4,3,Départementale,50.0,1
202400026622,2024-10-07,matin,,,69,69383,2,1,3,4,4,Voie communale,30.0,1
202400026623,2024-10-07,matin,,,2B,2B120,1,1,2,4,2,Nationale,70.0,1
202400026624,2024-10-05,soirée,,,971,97101,5,1,2,2,2,Nationale,90.0,1
202400026625,2024-10-07,après-midi,,,91,91549,1,8,6,3,4,Voie communale,50.0,1
202400026626,2024-10-07,matin,,,91,91161,1,1,6,4,4,Voie communale,50.0,1
202400026627,2024-10-07,matin,,,91,91114,1,8,6,4,4,Voie communale,30.0,2
202400026628,2024-10-07,matin,,,91,91109,1,8,6,4,3,Départementale,30.0,2
202400026629,2024-10-05,soirée,,,87,87085,1,1,6,4,4,Voie communale,50.0,1
202400026630,2024-10-04,après-midi,,,87,87085,1,1,3,3,4,Voie communale,30.0,1
202400026631,2024-10-04,matin,,,87,87085,1,1,3,4,4,Voie communale,50.0,1
202400026632,2024-10-07,soirée,,,83,83126,5,2,6,4,4,Voie communale,50.0,2
202400026633,2024-10-07,soirée,,,81,81004,5,2,1,3,3,Départementale,50.0,2
202400026634,2024-10-07,après-midi,,,78,78029,1,1,6,4,6,Autre,30.0,1
202400026635,2024-10-06,nuit,,,77,77186,5,8,3,4,3,Départementale,50.0,2
202400026636,2024-10-07,matin,,,76,76305,1,1,1,3,4,Voie communale,20.0,1
202400026637,2024-10-07,après-midi,,,74,74010,1,8,3,3,4,Voie communale,50.0,2
202400026638,2024-10-07,soirée,,,71,71306,1,1,7,4,4,Voie communale,50.0,1
202400026639,2024-10-07,matin,,,69,69264,1,1,6,4,4,Voie communale,30.0,1
202400026640,2024-10-06,matin,,,69,69029,1,2,1,4,7,Autre,50.0,2
202400026641,2024-10-06,nuit,,,69,69290,3,1,3,4,7,Autre,90.0,1
202400026642,2024-10-07,après-midi,,,64,64129,1,2,3,4,4,Voie communale,50.0,2
202400026643,2024-10-04,soirée,,,62,62724,5,1,1,3,3,Départementale,50.0,1
202400026644,2024-10-03,soirée,,,62,62041,1,1,6,3,4,Voie communale,30.0,1
202400026645,2024-10-07,nuit,,,60,60057,5,2,1,4,4,Voie communale,50.0,2
202400026646,2024-10-07,matin,,,59,59009,1,1,3,4,4,Voie communale,50.0,1
202400026647,2024-10-04,après-midi,,,56,56121,1,1,6,4,4,Voie communale,30.0,1
202400026648,2024-10-05,nuit,,,56,56121,3,1,6,4,4,Voie communale,30.0,1
202400026649,2024-10-05,après-midi,,,55,55029,1,1,1,2,2,Nationale,50.0,1
202400026650,2024-10-07,matin,,,54,54304,1,1,1,4,4,Voie communale,50.0,1
202400026651,2024-10-06,soirée,,,54,54395,1,2,3,4,4,Voie communale,30.0,2
202400026652,2024-10-06,matin,,,54,54578,1,1,3,4,4,Voie communale,30.0,1
202400026653,2024-10-05,nuit,,,50,50129,3,1,7,4,2,Nationale,50.0,1
202400026654,2024-10-07,matin,,,37,37261,4,2,6,4,4,Voie communale,30.0,2
202400026655,2024-10-07,après-midi,,,35,35238,1,2,2,4,4,Voie communale,30.0,2
202400026656,2024-10-07,matin,,,35,35051,3,2,6,4,7,Autre,90.0,2
202400026657,2024-10-07,après-midi,,,34,34172,1,1,3,4,4,Voie communale,50.0,2
202400026658,2024-10-07,matin,,,31,31483,1,1,7,4,3,Départementale,70.0,1
202400026659,2024-10-05,soirée,,,23,23096,3,1,6,4,3,Départementale,50.0,1
202400026660,2024-10-07,après-midi,,,22,22278,1,1,3,4,4,Voie communale,50.0,1
202400026661,2024-10-07,matin,,,22,22278,2,2,3,4,4,Voie communale,50.0,2
202400026662,2024-10-05,après-midi,,,15,15014,1,1,6,4,4,Voie communale,20.0,1
202400026663,2024-10-02,matin,,,13,13211,5,1,3,4,4,Voie communale,50.0,1
202400026664,2024-10-07,matin,,,06,06029,1,2,3,4,4,Voie communale,30.0,2
202400026665,2024-10-07,matin,,,06,06029,1,2,1,4,4,Voie communale,50.0,2
202400026666,2024-10-03,après-midi,,,04,04112,1,1,2,4,4,Voie communale,50.0,1
202400026667,2024-10-06,soirée,,,75,75112,5,1,7,4,4,Voie communale,50.0,2
202400026668,2024-10-05,soirée,,,75,75117,5,1,3,4,4,Voie communale,70.0,1
202400026669,2024-10-07,après-midi,,,75,75118,1,8,3,4,4,Voie communale,30.0,1
202400026670,2024-10-07,après-midi,,,75,75118,1,8,5,4,4,Voie communale,50.0,1
202400026671,2024-10-07,après-midi,,,75,75116,1,2,6,4,4,Voie communale,30.0,2
202400026672,2024-10-07,après-midi,,,75,75115,1,1,3,4,4,Voie communale,30.0,1
202400026673,2024-10-06,nuit,,,75,75115,5,1,3,4,4,Voie communale,30.0,1
202400026674,2024-10-07,matin,,,75,75114,1,8,6,4,4,Voie communale,30.0,1
202400026675,2024-10-07,matin,,,75,75110,2,1,3,4,4,Voie communale,30.0,1
202400026676,2024-10-07,soirée,,,75,75108,1,2,3,4,4,Voie communale,50.0,2
202400026677,2024-10-07,soirée,,,94,94044,5,3,6,4,4,Voie communale,50.0,2
202400026678,2024-10-07,après-midi,,,94,94078,1,3,6,4,4,Voie communale,30.0,2
202400026679,2024-10-07,soirée,,,94,94003,5,2,1,4,4,Voie communale,10.0,2
202400026680,2024-10-07,après-midi,,,94,94073,1,3,6,4,3,Départementale,50.0,2
202400026681,2024-10-06,après-midi,,,94,94022,1,2,3,4,3,Départementale,50.0,2
202400026682,2024-06-25,après-midi,,,91,91477,2,7,3,4,4,Voie communale,30.0,1
202400026683,2024-06-24,après-midi,,,91,91691,1,1,6,3,4,Voie communale,30.0,1
202400026684,2024-06-25,nuit,,,85,85194,3,1,6,3,3,Départementale,50.0,1
202400026685,2024-06-25,soirée,,,84,84087,1,1,1,4,3,Départementale,80.0,1
202400026686,2024-06-25,matin,,,84,84035,1,1,6,2,4,Voie communale,30.0,1
202400026687,2024-06-25,matin,,,84,84007,1,1,2,4,4,Voie communale,50.0,1
202400026688,2024-06-22,après-midi,,,83,83144,1,1,2,4,4,Voie communale,50.0,1
202400026689,2024-06-25,matin,,,82,82033,1,7,6,4,4,Voie communale,50.0,1
202400026690,2024-06-25,matin,,,81,81060,1,1,3,3,3,Départementale,50.0,1
202400026691,2024-06-16,après-midi,,,80,80021,1,1,7,4,4,Voie communale,50.0,1
202400026692,2024-06-24,après-midi,,,79,79329,1,1,1,3,4,Voie communale,50.0,1
202400026693,2024-06-25,matin,,,78,78383,1,1,3,3,4,Voie communale,50.0,1
202400026694,2024-06-25,soirée,,,77,77373,1,1,3,4,4,Voie communale,30.0,1
202400026695,2024-06-25,après-midi,,,77,77307,1,1,2,4,4,Voie communale,50.0,1
202400026696,2024-06-25,après-midi,,,76,76540,1,1,3,4,4,Voie communale,50.0,1
202400026697,2024-06-24,matin,,,76,76351,1,1,3,3,4,Voie communale,50.0,1
202400026698,2024-06-23,après-midi,,,76,76351,1,1,3,3,4,Voie communale,50.0,1
202400026699,2024-06-25,après-midi,,,74,74013,1,1,4,3,3,Départementale,90.0,1
202400026700,2024-06-24,soirée,,,74,74281,1,1,3,4,4,Voie communale,50.0,1
202400026701,2024-06-24,après-midi,,,74,74118,1,1,3,4,3,Départementale,80.0,1
202400026702,2024-06-24,après-midi,,,69,69290,1,1,3,4,4,Voie communale,50.0,1
202400026703,2024-06-24,après-midi,,,69,69290,1,1,5,4,4,Voie communale,50.0,1
202400026704,2024-06-24,après-midi,,,69,69276,1,1,6,4,4,Voie communale,30.0,1
202400026705,2024-06-24,matin,,,69,69290,1,1,3,4,4,Voie communale,30.0,1
202400026706,2024-06-24,soirée,,,68,68066,1,1,3,3,4,Voie communale,50.0,1
202400026707,2024-06-24,soirée,,,67,67482,1,1,5,4,4,Voie communale,50.0,1
202400026708,2024-06-24,après-midi,,,66,66136,1,1,6,4,4,Voie communale,50.0,1
202400026709,2024-06-26,nuit,,,64,64445,5,1,7,3,4,Voie communale,50.0,1
202400026710,2024-06-24,après-midi,,,64,64125,1,1,7,4,3,Départementale,50.0,1
202400026711,2024-06-24,après-midi,,,64,64102,1,1,7,4,4,Voie communale,50.0,9
202400026712,2024-06-24,après-midi,,,64,64102,1,1,6,4,6,Autre,15.0,1
202400026713,2024-06-25,après-midi,,,63,63113,1,1,3,4,4,Voie communale,30.0,1
202400026714,2024-06-25,matin,,,63,63113,1,7,2,4,7,Autre,50.0,1
202400026715,2024-06-24,après-midi,,,59,59368,1,1,4,3,4,Voie communale,50.0,1
202400026716,2024-06-25,nuit,,,57,57463,5,1,6,2,4,Voie communale,50.0,1
202400026717,2024-06-24,après-midi,,,56,56162,1,1,3,4,4,Voie communale,30.0,1
202400026718,2024-06-25,soirée,,,54,54528,1,1,1,4,3,Départementale,50.0,1
202400026719,2024-06-25,matin,,,54,54329,1,1,6,3,4,Voie communale,30.0,1
202400026720,2024-06-25,après-midi,,,54,54263,1,1,2,4,3,Départementale,50.0,1
202400026721,2024-06-25,matin,,,51,51108,1,1,1,3,4,Voie communale,50.0,1
202400026722,2024-06-25,soirée,,,47,47001,1,1,1,4,3,Départementale,50.0,1
202400026723,2024-06-25,après-midi,,,45,45147,1,1,3,4,4,Voie communale,50.0,1
202400026724,2024-06-25,après-midi,,,43,43157,1,1,3,4,4,Voie communale,50.0,1
202400026725,2024-06-25,soirée,,,42,42183,1,3,6,4,4,Voie communale,50.0,2
202400026726,2024-06-24,après-midi,,,41,41018,1,1,2,4,4,Voie communale,50.0,1
202400026727,2024-05-31,après-midi,,,38,38053,1,1,3,3,3,Départementale,50.0,1
202400026728,2024-06-24,après-midi,,,37,37122,1,1,7,4,4,Voie communale,50.0,1
202400026729,2024-06-25,soirée,,,35,35051,1,1,2,4,4,Voie communale,50.0,1
202400026730,2024-06-24,matin,,,35,35115,1,1,6,3,4,Voie communale,50.0,1
202400026731,2024-11-13,matin,,,974,97411,1,1,6,3,4,Voie communale,30.0,1
202400026732,2024-06-25,nuit,,,34,34172,5,1,3,4,4,Voie communale,30.0,1
202400026733,2024-06-25,matin,,,34,34003,1,1,3,4,4,Voie communale,50.0,1
202400026734,2024-11-13,matin,,,974,97411,1,1,4,4,4,Voie communale,30.0,1
202400026735,2024-11-12,matin,,,973,97302,1,1,3,4,3,Départementale,50.0,1
202400026736,2024-06-25,nuit,,,33,33063,1,1,3,4,4,Voie communale,50.0,1
202400026737,2024-11-13,soirée,,,69,69383,5,1,6,4,4,Voie communale,30.0,1
202400026738,2024-06-25,soirée,,,33,33063,1,1,6,4,4,Voie communale,50.0,1
202400026739,2024-11-13,après-midi,,,69,69388,1,1,6,4,4,Voie communale,50.0,1
202400026740,2024-06-25,après-midi,,,33,33039,1,1,3,4,4,Voie communale,30.0,1
202400026741,2024-11-13,matin,,,69,69387,2,1,3,4,4,Voie communale,30.0,1
202400026742,2024-11-13,soirée,,,2A,2A004,5,1,3,4,2,Nationale,50.0,1
202400026743,2024-06-25,soirée,,,33,33281,1,1,3,4,4,Voie communale,50.0,1
202400026744,2024-11-13,après-midi,,,95,95680,1,8,6,3,3,Départementale,50.0,1
202400026745,2024-11-13,nuit,,,95,95555,5,1,6,4,4,Voie communale,50.0,1
202400026746,2024-06-25,matin,,,30,30007,1,1,7,4,4,Voie communale,50.0,1
202400026747,2024-11-12,après-midi,,,91,91097,5,7,6,4,3,Départementale,50.0,1
202400026748,2024-06-25,soirée,,,26,26362,1,1,1,4,4,Voie communale,50.0,1
202400026749,2024-11-13,soirée,,,30,30351,5,1,6,4,3,Départementale,50.0,1
202400026750,2024-06-25,soirée,,,25,25056,1,7,3,4,3,Départementale,30.0,1
202400026751,2024-11-13,après-midi,,,30,30011,1,1,2,4,3,Départementale,80.0,1
202400026752,2024-06-25,soirée,,,17,17306,2,1,3,4,4,Voie communale,30.0,1
202400026753,2024-11-13,matin,,,30,30351,1,1,1,4,4,Voie communale,50.0,1
202400026754,2024-06-23,matin,,,15,15012,1,1,3,3,3,Départementale,50.0,1
202400026755,2024-06-25,soirée,,,13,13203,1,1,3,4,4,Voie communale,50.0,1
202400026756,2024-06-25,soirée,,,13,13203,1,1,3,4,4,Voie communale,50.0,1
202400026757,2024-11-12,matin,,,77,77487,1,1,3,4,4,Voie communale,50.0,1
202400026758,2024-06-24,matin,,,04,04112,1,1,2,4,4,Voie communale,50.0,1
202400026759,2024-11-12,matin,,,77,77447,1,1,2,4,3,Départementale,70.0,1
202400026760,2024-06-25,après-midi,,,01,01289,1,1,3,3,3,Départementale,70.0,1
202400026761,2024-11-13,matin,,,76,76103,1,7,6,3,4,Voie communale,50.0,1
202400026762,2024-06-25,après-midi,,,75,75115,1,1,2,4,4,Voie communale,70.0,1
202400026763,2024-11-13,après-midi,,,76,76540,1,1,1,3,4,Voie communale,50.0,1
202400026764,2024-06-25,matin,,,75,75120,1,1,3,4,4,Voie communale,70.0,1
202400026765,2024-06-24,soirée,,,75,75117,1,1,7,4,4,Voie communale,70.0,1
202400026766,2024-11-09,après-midi,,,76,76447,1,1,7,3,4,Voie communale,50.0,1
202400026767,2024-06-24,nuit,,,75,75120,5,1,3,4,4,Voie communale,30.0,1
202400026768,2024-11-11,matin,,,76,76351,5,2,6,4,4,Voie communale,50.0,2
202400026769,2024-06-25,matin,,,75,75119,1,1,1,4,4,Voie communale,30.0,1
202400026770,2024-11-12,soirée,,,71,71270,5,1,1,4,4,Voie communale,50.0,1
202400026771,2024-06-24,après-midi,,,75,75117,1,1,7,4,4,Voie communale,30.0,1
202400026772,2024-11-13,après-midi,,,69,69256,1,1,3,4,4,Voie communale,50.0,1
202400026773,2024-06-25,après-midi,,,75,75116,1,1,3,4,4,Voie communale,30.0,1
202400026774,2024-06-25,après-midi,,,75,75115,1,1,2,4,4,Voie communale,30.0,1
202400026775,2024-11-12,matin,,,69,69290,2,8,4,4,7,Autre,50.0,1
202400026776,2024-06-25,après-midi,,,75,75115,1,1,6,4,4,Voie communale,30.0,1
202400026777,2024-11-13,matin,,,66,66136,1,2,2,4,4,Voie communale,50.0,2
202400026778,2024-06-25,après-midi,,,75,75114,1,1,3,4,4,Voie communale,50.0,1
202400026779,2024-06-25,soirée,,,75,75112,1,1,6,4,4,Voie communale,50.0,1
202400026780,2024-11-03,nuit,,,65,65440,5,1,3,4,4,Voie communale,50.0,1
202400026781,2024-06-25,après-midi,,,75,75111,1,1,6,4,4,Voie communale,30.0,1
202400026782,2024-11-13,matin,,,63,63113,1,1,6,4,4,Voie communale,30.0,1
202400026783,2024-06-25,après-midi,,,75,75111,1,1,3,4,4,Voie communale,30.0,1
202400026784,2024-11-13,soirée,,,62,62119,5,1,6,3,3,Départementale,50.0,1
202400026785,2024-06-25,soirée,,,75,75110,1,1,1,4,4,Voie communale,30.0,1
202400026786,2024-11-10,nuit,,,62,62847,3,1,1,2,3,Départementale,50.0,1
202400026787,2024-06-25,soirée,,,75,75108,1,1,3,4,4,Voie communale,30.0,1
202400026788,2024-11-08,après-midi,,,62,62041,1,1,6,3,4,Voie communale,50.0,1
202400026789,2024-06-25,nuit,,,75,75107,5,1,2,4,4,Voie communale,30.0,1
202400026790,2024-11-10,nuit,,,60,60159,5,1,6,3,4,Voie communale,30.0,2
202400026791,2024-06-25,après-midi,,,75,75101,1,1,2,4,4,Voie communale,30.0,1
202400026792,2024-06-25,matin,,,75,75101,1,7,7,3,4,Voie communale,50.0,1
202400026793,2024-11-13,après-midi,,,57,57463,1,1,3,4,4,Voie communale,50.0,1
202400026794,2024-06-25,matin,,,75,75102,2,1,1,3,4,Voie communale,30.0,1
202400026795,2024-11-12,après-midi,,,54,54547,1,1,6,4,6,Autre,30.0,1
202400026796,2024-06-25,matin,,,94,94043,1,1,6,4,3,Départementale,50.0,1
202400026797,2024-11-12,après-midi,,,50,50002,1,1,6,3,4,Voie communale,30.0,2
202400026798,2024-06-25,après-midi,,,94,94021,1,1,7,4,5,Autre,60.0,1
202400026799,2024-11-13,nuit,,,49,49007,4,1,7,3,4,Voie communale,50.0,1
202400026800,2024-06-24,matin,,,94,94073,2,1,3,3,3,Départementale,50.0,1
202400026801,2024-11-12,soirée,,,49,49007,2,1,2,4,4,Voie communale,50.0,1
202400026802,2024-06-24,matin,,,94,94011,1,1,4,4,3,Départementale,50.0,1
202400026803,2024-06-24,après-midi,,,94,94017,1,1,2,4,3,Départementale,50.0,1
202400026804,2024-11-09,après-midi,,,39,39300,1,1,6,3,4,Voie communale,50.0,1
202400026805,2024-06-25,matin,,,94,94004,1,1,1,4,4,Voie communale,30.0,1
202400026806,2024-11-13,matin,,,38,38544,1,8,7,4,3,Départementale,50.0,1
202400026807,2024-06-24,après-midi,,,93,93073,1,1,1,3,4,Voie communale,50.0,1
202400026808,2024-06-24,après-midi,,,93,93070,1,1,6,4,3,Départementale,50.0,1
202400026809,2024-11-13,après-midi,,,38,38151,3,1,4,4,1,Autoroute,70.0,1
202400026810,2024-06-25,après-midi,,,93,93066,1,1,3,4,3,Départementale,,1
202400026811,2024-11-13,après-midi,,,38,38185,2,1,6,4,4,Voie communale,50.0,1
202400026812,2024-06-25,après-midi,,,93,93032,1,1,3,4,3,Départementale,50.0,1
202400026813,2024-11-13,après-midi,,,38,38185,1,8,3,4,4,Voie communale,50.0,1
202400026814,2024-06-24,après-midi,,,93,93047,1,1,3,4,4,Voie communale,30.0,1
202400026815,2024-11-13,soirée,,,34,34301,2,8,3,4,3,Départementale,50.0,1
202400026816,2024-06-25,après-midi,,,93,93005,1,1,3,4,3,Départementale,50.0,1
202400026817,2024-11-13,après-midi,,,34,34301,1,1,3,4,4,Voie communale,50.0,1
202400026818,2024-06-25,matin,,,92,92063,1,1,3,4,4,Voie communale,50.0,1
202400026819,2024-06-25,soirée,,,92,92040,1,1,6,4,3,Départementale,30.0,1
202400026820,2024-11-13,après-midi,,,34,34129,1,1,3,4,4,Voie communale,50.0,1
202400026821,2024-06-21,nuit,,,92,92025,4,1,3,4,3,Départementale,30.0,1
202400026822,2024-11-12,après-midi,,,28,28085,2,1,6,3,4,Voie communale,30.0,1
202400026823,2024-06-25,soirée,,,92,92024,1,1,3,3,3,Départementale,30.0,1
202400026824,2024-11-13,après-midi,,,19,19031,1,1,3,4,4,Voie communale,30.0,1
202400026825,2024-06-26,après-midi,,,60,60308,1,1,1,4,3,Départementale,80.0,1
202400026826,2024-11-08,après-midi,,,18,18279,1,1,3,4,4,Voie communale,50.0,1
202400026827,2024-06-25,soirée,,,60,60539,1,1,3,4,3,Départementale,50.0,1
202400026828,2024-06-25,soirée,,,39,39130,1,3,6,2,3,Départementale,80.0,2
202400026829,2024-06-26,matin,,,14,14162,1,1,6,2,3,Départementale,90.0,1
202400026830,2024-06-26,matin,,,44,44141,1,1,6,2,3,Départementale,70.0,1
202400026831,2024-11-13,soirée,,,13,13001,3,1,3,4,3,Départementale,80.0,1
202400026832,2024-06-15,soirée,,,974,97405,3,2,1,3,2,Nationale,70.0,2
202400026833,2024-11-13,matin,,,06,06069,1,1,2,4,4,Voie communale,50.0,1
202400026834,2024-06-25,soirée,,,972,97232,3,1,6,3,2,Nationale,80.0,1
202400026835,2024-06-25,après-midi,,,27,27507,1,1,1,4,3,Départementale,80.0,1
202400026836,2024-11-13,matin,,,75,75113,5,1,6,3,4,Voie communale,30.0,1
202400026837,2024-11-13,soirée,,,75,75119,5,1,1,4,4,Voie communale,30.0,1
202400026838,2024-06-25,après-midi,,,35,35337,1,1,3,3,3,Départementale,80.0,1
202400026839,2024-06-05,nuit,,,01,01354,3,1,7,4,3,Départementale,80.0,1
202400026840,2024-11-13,après-midi,,,75,75117,1,1,6,4,4,Voie communale,30.0,1
202400026841,2024-06-26,soirée,,,60,60176,1,1,2,4,4,Voie communale,30.0,1
202400026842,2024-11-13,matin,,,75,75117,1,1,3,4,4,Voie communale,30.0,1
202400026843,2024-06-26,matin,,,50,50616,2,1,7,4,2,Nationale,110.0,1
202400026844,2024-11-13,matin,,,75,75111,1,8,6,4,4,Voie communale,30.0,1
202400026845,2024-06-25,nuit,,,30,30287,3,2,7,2,3,Départementale,80.0,2
202400026846,2024-11-13,soirée,,,75,75110,5,1,6,4,4,Voie communale,30.0,1
202400026847,2024-06-26,matin,,,21,21650,1,1,1,4,3,Départementale,80.0,1
202400026848,2024-11-13,après-midi,,,75,75110,2,1,6,4,4,Voie communale,30.0,1
202400026849,2024-06-26,matin,,,30,30034,1,1,3,4,4,Voie communale,30.0,1
202400026850,2024-11-13,après-midi,,,75,75109,1,1,3,4,4,Voie communale,30.0,1
202400026851,2024-06-25,matin,,,76,76070,1,1,6,3,3,Départementale,50.0,1
202400026852,2024-11-13,matin,,,75,75109,1,1,6,4,4,Voie communale,30.0,1
202400026853,2024-06-25,après-midi,,,2A,2A008,1,3,3,3,3,Départementale,80.0,2
202400026854,2024-11-13,soirée,,,75,75103,5,1,6,4,4,Voie communale,30.0,1
202400026855,2024-06-26,matin,,,2A,2A130,1,1,6,3,3,Départementale,30.0,1
202400026856,2024-11-12,soirée,,,75,75102,5,1,7,4,4,Voie communale,,1
202400026857,2024-06-26,après-midi,,,82,82089,1,1,3,3,3,Départementale,70.0,1
202400026858,2024-11-12,soirée,,,94,94044,5,1,6,4,4,Voie communale,50.0,1
202400026859,2024-06-25,soirée,,,81,81069,1,1,7,3,3,Départementale,70.0,1
202400026860,2024-11-12,soirée,,,94,94068,5,1,6,4,4,Voie communale,30.0,1
202400026861,2024-06-26,matin,,,63,63096,1,1,6,3,4,Voie communale,50.0,1
202400026862,2024-11-11,nuit,,,94,94028,5,1,3,4,4,Voie communale,50.0,1
202400026863,2024-06-25,après-midi,,,55,55215,1,9,7,4,3,Départementale,90.0,1
202400026864,2024-11-12,soirée,,,94,94059,5,1,3,4,3,Départementale,50.0,1
202400026865,2024-06-25,soirée,,,47,47138,1,1,3,3,3,Départementale,80.0,1
202400026866,2024-11-13,matin,,,93,93050,1,1,3,4,3,Départementale,50.0,1
202400026867,2024-06-26,après-midi,,,68,68307,1,3,7,3,3,Départementale,80.0,2
202400026868,2024-11-13,après-midi,,,93,93064,1,1,6,4,3,Départementale,50.0,1
202400026869,2024-06-26,matin,,,22,22251,1,1,2,4,4,Voie communale,30.0,1
202400026870,2024-11-12,soirée,,,93,93073,5,1,3,4,4,Voie communale,50.0,1
202400026871,2024-06-25,soirée,,,22,22222,2,1,1,3,3,Départementale,80.0,1
202400026872,2024-06-22,soirée,,,39,39556,1,1,6,3,3,Départementale,80.0,2
202400026873,2024-11-12,soirée,,,93,93079,5,1,2,4,3,Départementale,50.0,1
202400026874,2024-06-25,après-midi,,,25,25367,1,1,6,4,3,Départementale,50.0,1
202400026875,2024-11-13,matin,,,93,93008,1,1,3,3,3,Départementale,50.0,1
202400026876,2024-11-13,après-midi,,,93,93001,2,1,6,4,4,Voie communale,30.0,1
202400026877,2024-06-25,soirée,,,29,29178,1,1,1,4,4,Voie communale,30.0,1
202400026878,2024-11-13,matin,,,92,92076,1,1,1,4,4,Voie communale,50.0,1
202400026879,2024-06-25,soirée,,,02,02361,1,1,6,3,3,Départementale,50.0,1
202400026880,2024-11-13,après-midi,,,92,92050,1,1,6,4,4,Voie communale,50.0,1
202400026881,2024-06-23,soirée,,,03,03074,1,1,3,4,3,Départementale,90.0,1
202400026882,2024-11-12,nuit,,,92,92050,5,1,3,4,3,Départementale,50.0,1