Num_Acc,date,time_of_day,lat,long,dep,com,lum,atm,col,severity_index,catr,catr_label,vma,surf
202400026883,2024-06-26,nuit,,,15,15190,2,1,6,3,3,Départementale,90.0,1
202400026884,2024-11-12,matin,,,92,92050,2,1,2,4,4,Voie communale,30.0,1
202400026885,2024-06-25,soirée,,,70,70152,1,1,1,3,3,Départementale,50.0,1
202400026886,2024-06-25,soirée,,,72,72180,1,1,7,4,3,Départementale,80.0,1
202400026887,2024-11-11,après-midi,,,92,92050,1,1,1,4,4,Voie communale,50.0,1
202400026888,2024-06-26,après-midi,,,06,06144,1,2,6,2,7,Autre,80.0,2
202400026889,2024-11-13,après-midi,,,92,92036,1,1,2,4,3,Départementale,50.0,1
202400026890,2024-11-03,soirée,,,92,92071,5,1,2,4,3,Départementale,50.0,1
202400026891,2024-06-26,matin,,,14,14061,1,1,3,4,3,Départementale,80.0,1
202400026892,2024-11-19,nuit,,,92,92007,5,1,3,4,3,Départementale,50.0,1
202400026893,2024-06-25,matin,,,14,14193,1,1,6,3,3,Départementale,80.0,1
202400026894,2024-11-13,après-midi,,,92,92007,1,1,4,4,4,Voie communale,50.0,1
202400026895,2024-06-25,soirée,,,05,05010,1,2,3,3,3,Départementale,80.0,2
202400026896,2024-11-13,après-midi,,,37,37072,1,1,1,4,3,Départementale,80.0,1
202400026897,2024-06-26,après-midi,,,50,50217,1,7,1,4,3,Départementale,80.0,1
202400026898,2024-11-13,matin,,,971,97114,1,1,5,2,2,Nationale,80.0,1
202400026899,2024-10-28,après-midi,,,974,97415,1,1,1,4,4,Voie communale,50.0,9
202400026900,2024-06-25,soirée,,,60,60518,1,1,3,3,3,Départementale,80.0,1
202400026901,2024-11-05,matin,,,974,97422,1,1,3,3,4,Voie communale,50.0,1
202400026902,2024-06-25,matin,,,64,64160,1,7,3,3,3,Départementale,50.0,1
202400026903,2024-06-26,soirée,,,16,16001,1,7,7,3,3,Départementale,80.0,1
202400026904,2024-10-30,soirée,,,35,35206,3,1,2,4,2,Nationale,110.0,1
202400026905,2024-06-25,matin,,,53,53107,1,1,6,4,4,Voie communale,50.0,1
202400026906,2024-11-13,matin,,,06,06033,2,1,6,3,4,Voie communale,50.0,1
202400026907,2024-06-25,après-midi,,,53,53103,1,1,1,3,4,Voie communale,80.0,1
202400026908,2024-11-13,après-midi,,,26,26002,1,1,1,4,2,Nationale,90.0,1
202400026909,2024-11-13,matin,,,30,30174,1,1,7,3,6,Autre,,1
202400026910,2024-06-25,matin,,,40,40310,2,7,1,3,3,Départementale,80.0,1
202400026911,2024-06-26,nuit,,,30,30259,2,1,7,4,3,Départementale,50.0,1
202400026912,2024-11-12,matin,,,44,44071,1,1,2,4,4,Voie communale,50.0,1
202400026913,2024-06-25,matin,,,17,17415,1,1,7,3,1,Autoroute,130.0,1
202400026914,2024-11-09,matin,,,57,57106,1,1,7,2,3,Départementale,80.0,1
202400026915,2024-11-14,après-midi,,,79,79066,1,1,3,3,3,Départementale,50.0,1
202400026916,2024-06-25,après-midi,,,971,97128,1,1,3,3,2,Nationale,80.0,1
202400026917,2024-11-13,après-midi,,,80,80688,1,1,6,3,3,Départementale,70.0,1
202400026918,2024-06-24,matin,,,971,97128,1,1,3,3,2,Nationale,80.0,1
202400026919,2024-11-13,après-midi,,,82,82125,1,1,2,2,3,Départementale,80.0,1
202400026920,2024-06-26,après-midi,,,77,77382,1,1,6,2,3,Départementale,80.0,1
202400026921,2024-11-13,après-midi,,,65,65218,1,1,6,3,3,Départementale,80.0,1
202400026922,2024-06-24,après-midi,,,66,66164,1,1,3,3,4,Voie communale,10.0,1
202400026923,2024-06-19,nuit,,,66,66227,3,1,6,3,4,Voie communale,80.0,1
202400026924,2024-11-10,après-midi,,,61,61043,1,1,3,4,3,Départementale,50.0,1
202400026925,2024-06-26,après-midi,,,48,48004,1,1,7,4,3,Départementale,90.0,9
202400026926,2024-11-13,après-midi,,,39,39399,1,1,1,4,3,Départementale,90.0,1
202400026927,2024-06-15,soirée,,,34,34127,1,1,3,3,3,Départementale,80.0,1
202400026928,2024-11-14,après-midi,,,25,25245,1,7,6,2,3,Départementale,70.0,1
202400026929,2024-06-25,après-midi,,,84,84034,1,1,5,4,3,Départementale,80.0,1
202400026930,2024-06-24,soirée,,,83,83133,1,2,7,3,3,Départementale,70.0,2
202400026931,2024-11-14,matin,,,29,29201,1,1,1,4,3,Départementale,80.0,1
202400026932,2024-06-22,matin,,,04,04156,1,1,6,3,3,Départementale,70.0,1
202400026933,2024-11-14,matin,,,15,15258,1,1,6,4,3,Départementale,50.0,1
202400026934,2024-06-26,après-midi,,,13,13097,1,1,2,4,3,Départementale,80.0,1
202400026935,2024-10-14,matin,,,26,26112,1,1,3,4,3,Départementale,50.0,1
202400026936,2024-06-26,après-midi,,,69,69204,1,1,6,3,4,Voie communale,30.0,1
202400026937,2024-11-14,matin,,,58,58095,2,1,3,3,3,Départementale,50.0,1
202400026938,2024-06-25,soirée,,,69,69116,1,1,1,3,7,Autre,70.0,1
202400026939,2024-11-11,matin,,,72,72132,1,9,6,3,3,Départementale,90.0,2
202400026940,2024-06-24,matin,,,49,49023,2,1,1,3,3,Départementale,70.0,1
202400026941,2024-11-13,nuit,,,10,10345,3,1,3,3,3,Départementale,80.0,1
202400026942,2024-06-25,après-midi,,,27,27191,1,1,2,4,3,Départementale,,1
202400026943,2024-11-10,après-midi,,,16,16241,1,1,6,2,3,Départementale,80.0,1
202400026944,2024-06-22,matin,,,27,27439,1,2,2,3,2,Nationale,110.0,2
202400026945,2024-11-08,soirée,,,27,27679,3,1,1,3,3,Départementale,80.0,1
202400026946,2024-06-26,matin,,,59,59053,1,1,3,3,3,Départementale,50.0,1
202400026947,2024-11-11,matin,,,27,27017,1,1,2,3,3,Départementale,80.0,1
202400026948,2024-06-25,après-midi,,,59,59075,1,1,1,3,3,Départementale,,1
202400026949,2024-11-14,matin,,,52,52221,2,1,6,2,3,Départementale,80.0,2
202400026950,2024-06-24,après-midi,,,13,13202,1,1,3,3,1,Autoroute,50.0,1
202400026951,2024-06-24,soirée,,,13,13071,1,2,3,4,1,Autoroute,90.0,2
202400026952,2024-11-13,nuit,,,79,79256,3,1,7,4,1,Autoroute,130.0,1
202400026953,2024-11-14,matin,,,45,45331,3,1,1,3,3,Départementale,80.0,1
202400026954,2024-06-20,après-midi,,,13,13071,1,1,3,4,1,Autoroute,90.0,1
202400026955,2024-11-13,après-midi,,,78,78451,3,1,3,3,3,Départementale,,1
202400026956,2024-06-25,après-midi,,,83,83069,1,1,7,4,2,Nationale,70.0,1
202400026957,2024-11-13,soirée,,,30,30156,3,1,7,2,3,Départementale,90.0,1
202400026958,2024-06-25,matin,,,83,83062,1,1,3,4,1,Autoroute,70.0,1
202400026959,2024-11-13,nuit,,,34,34154,3,1,1,4,3,Départementale,80.0,1
202400026960,2024-06-24,matin,,,67,67218,1,1,2,4,7,Autre,110.0,1
202400026961,2024-11-12,après-midi,,,83,83143,1,1,1,4,3,Départementale,70.0,1
202400026962,2024-06-25,matin,,,33,33096,1,1,2,4,1,Autoroute,110.0,1
202400026963,2024-11-14,matin,,,56,56185,3,1,3,3,3,Départementale,,1
202400026964,2024-06-23,soirée,,,59,59636,1,1,2,3,7,Autre,90.0,1
202400026965,2024-11-13,après-midi,,,89,89289,3,1,6,3,3,Départementale,90.0,1
202400026966,2024-06-25,après-midi,,,91,91689,1,1,4,4,1,Autoroute,90.0,1
202400026967,2024-11-13,après-midi,,,68,68217,2,1,4,3,3,Départementale,80.0,1
202400026968,2024-11-13,après-midi,,,68,68318,1,1,1,4,3,Départementale,50.0,1
202400026969,2024-06-25,matin,,,91,91645,1,1,3,4,2,Nationale,90.0,1
202400026970,2024-06-25,matin,,,94,94038,1,1,4,4,1,Autoroute,90.0,1
202400026971,2024-11-13,après-midi,,,38,38562,5,1,6,4,7,Autre,30.0,1
202400026972,2024-06-24,soirée,,,77,77251,3,1,2,4,1,Autoroute,70.0,1
202400026973,2024-11-14,après-midi,,,50,50298,1,1,2,4,3,Départementale,80.0,1
202400026974,2024-06-25,après-midi,,,92,92072,1,1,2,4,2,Nationale,70.0,1
202400026975,2024-06-25,après-midi,,,78,78043,1,1,6,4,1,Autoroute,90.0,1
202400026976,2024-10-30,après-midi,,,22,22076,1,8,1,4,3,Départementale,80.0,1
202400026977,2024-06-24,après-midi,,,78,78571,1,1,2,4,1,Autoroute,110.0,1
202400026978,2024-11-10,nuit,,,83,83047,3,1,6,4,1,Autoroute,110.0,1
202400026979,2024-06-24,soirée,,,92,92048,1,1,6,4,2,Nationale,90.0,1
202400026980,2024-11-13,matin,,,91,91692,1,1,3,4,2,Nationale,90.0,1
202400026981,2024-06-25,soirée,,,93,93027,1,1,3,4,1,Autoroute,90.0,1
202400026982,2024-11-12,matin,,,92,92036,3,8,3,4,1,Autoroute,90.0,1
202400026983,2024-06-24,soirée,,,93,93006,1,1,7,3,1,Autoroute,50.0,1
202400026984,2024-06-24,après-midi,,,95,95277,1,1,3,3,1,Autoroute,90.0,1
202400026985,2024-11-12,soirée,,,95,95678,3,1,5,4,2,Nationale,90.0,1
202400026986,2024-06-24,après-midi,,,93,93008,1,1,2,4,1,Autoroute,90.0,1
202400026987,2024-11-12,matin,,,93,93008,1,1,3,4,1,Autoroute,90.0,1
202400026988,2024-06-25,soirée,,,94,94028,1,1,3,4,1,Autoroute,90.0,1
202400026989,2024-11-13,nuit,,,77,77058,3,1,5,4,1,Autoroute,130.0,1
202400026990,2024-06-25,soirée,,,94,94017,1,1,5,4,1,Autoroute,110.0,1
202400026991,2024-04-12,matin,,,972,97213,1,1,3,4,3,Départementale,50.0,1
202400026992,2024-06-25,soirée,,,94,94042,1,1,4,4,1,Autoroute,90.0,1
202400026993,2024-04-09,soirée,,,972,97213,5,1,5,4,3,Départementale,70.0,1
202400026994,2024-06-25,après-midi,,,77,77363,1,1,4,4,1,Autoroute,90.0,1
202400026995,2024-04-09,après-midi,,,972,97213,1,1,3,3,3,Départementale,50.0,1
202400026996,2024-09-06,après-midi,,,74,74265,1,1,7,3,3,Départementale,80.0,1
202400026997,2024-06-25,matin,,,77,77337,1,1,6,4,1,Autoroute,110.0,1
202400026998,2024-01-20,après-midi,,,82,82030,1,1,6,3,3,Départementale,80.0,1
202400026999,2024-08-10,soirée,,,74,74105,2,1,3,4,3,Départementale,50.0,1
202400027000,2024-06-17,matin,,,44,44109,1,1,6,4,4,Voie communale,50.0,1
202400027001,2024-08-18,après-midi,,,74,74184,1,2,7,3,3,Départementale,80.0,2
202400027002,2024-06-17,soirée,,,44,44109,2,1,3,4,4,Voie communale,50.0,1
202400027003,2024-09-01,après-midi,,,74,74056,1,1,6,4,4,Voie communale,50.0,1
202400027004,2024-06-24,matin,,,87,87065,1,1,3,4,4,Voie communale,50.0,1
202400027005,2024-08-30,matin,,,74,74094,1,1,3,2,4,Voie communale,,1
202400027006,2024-03-09,soirée,,,65,65002,5,4,6,3,2,Nationale,50.0,2
202400027007,2024-08-27,nuit,,,74,74288,5,1,3,2,3,Départementale,50.0,1
202400027008,2024-06-25,matin,,,988,98818,1,1,3,3,4,Voie communale,50.0,1
202400027009,2024-08-31,soirée,,,74,74026,4,1,6,4,3,Départementale,50.0,1
202400027010,2024-06-24,matin,,,987,98736,1,1,3,4,2,Nationale,30.0,1
202400027011,2024-09-02,après-midi,,,74,74299,1,1,1,3,9,Autre,50.0,1
202400027012,2024-06-24,soirée,,,974,97411,3,1,6,4,2,Nationale,50.0,1
202400027013,2024-08-27,nuit,,,74,74001,3,1,7,4,3,Départementale,,1
202400027014,2024-08-21,après-midi,,,74,74067,1,1,5,4,3,Départementale,50.0,1
202400027015,2024-08-31,matin,,,74,74112,1,1,3,3,4,Voie communale,,1
202400027016,2024-08-26,après-midi,,,74,74021,1,1,6,3,3,Départementale,70.0,1
202400027017,2024-07-14,après-midi,,,74,74005,1,1,7,3,3,Départementale,50.0,1
202400027018,2024-06-28,nuit,,,74,74262,3,1,2,4,1,Autoroute,130.0,1
202400027019,2024-11-12,après-midi,,,92,92036,1,8,1,4,4,Voie communale,50.0,1
202400027020,2024-11-07,soirée,,,93,93055,5,1,6,4,3,Départementale,50.0,1
202400027021,2024-05-19,après-midi,,,62,62537,1,1,1,4,3,Départementale,50.0,1
202400027022,2024-06-08,nuit,,,32,32222,3,1,6,2,3,Départementale,80.0,1
202400027023,2024-08-29,après-midi,,,24,24090,2,2,6,3,3,Départementale,70.0,2
202400027024,2024-11-12,matin,,,974,97411,1,1,3,3,2,Nationale,50.0,1
202400027025,2024-11-12,matin,,,974,97409,1,1,7,4,4,Voie communale,50.0,1
202400027026,2024-11-12,après-midi,,,973,97302,1,1,5,4,4,Voie communale,50.0,1
202400027027,2024-11-12,matin,,,973,97302,1,1,2,4,3,Départementale,50.0,1
202400027028,2024-11-12,après-midi,,,69,69386,1,1,6,4,4,Voie communale,30.0,1
202400027029,2024-11-12,soirée,,,972,97213,2,1,2,4,1,Autoroute,90.0,1
202400027030,2024-11-11,nuit,,,972,97209,3,1,6,4,2,Nationale,30.0,1
202400027031,2024-11-11,nuit,,,972,97209,5,2,6,4,3,Départementale,50.0,2
202400027032,2024-11-12,matin,,,971,97101,1,1,6,3,4,Voie communale,50.0,1
202400027033,2024-11-11,matin,,,971,97101,1,2,6,4,4,Voie communale,70.0,2
202400027034,2024-11-10,nuit,,,971,97101,3,1,1,4,3,Départementale,80.0,1
202400027035,2024-11-12,après-midi,,,2A,2A004,1,1,2,4,4,Voie communale,50.0,1
202400027036,2024-11-12,matin,,,2A,2A004,1,1,3,4,2,Nationale,90.0,1
202400027037,2024-11-11,soirée,,,2A,2A004,5,1,6,4,4,Voie communale,30.0,1
202400027038,2024-11-12,nuit,,,95,95582,5,1,3,4,3,Départementale,50.0,1
202400027039,2024-11-12,après-midi,,,95,95555,1,1,2,4,4,Voie communale,30.0,1
202400027040,2024-11-12,après-midi,,,95,95572,1,8,3,3,2,Nationale,50.0,1
202400027041,2024-11-12,après-midi,,,91,91174,1,1,3,4,4,Voie communale,50.0,1
202400027042,2024-11-12,matin,,,91,91174,1,1,3,4,4,Voie communale,50.0,1
202400027043,2024-11-08,matin,,,85,85194,1,1,1,3,4,Voie communale,50.0,1
202400027044,2024-11-06,soirée,,,85,85194,5,1,3,4,4,Voie communale,50.0,1
202400027045,2024-11-04,matin,,,83,83141,2,9,3,3,3,Départementale,70.0,1
202400027046,2024-11-06,après-midi,,,77,77403,1,1,6,2,4,Voie communale,30.0,1
202400027047,2024-11-12,après-midi,,,76,76540,1,1,6,2,4,Voie communale,6.0,1
202400027048,2024-11-11,soirée,,,71,71076,5,1,3,4,3,Départementale,50.0,2
202400027049,2024-03-06,matin,,,66,66136,1,1,6,4,4,Voie communale,30.0,1
202400027050,2024-11-11,après-midi,,,71,71475,2,8,3,4,3,Départementale,50.0,2
202400027051,2024-03-06,soirée,,,65,65100,1,1,3,4,3,Départementale,90.0,1
202400027052,2024-11-11,matin,,,70,70550,5,8,7,3,3,Départementale,50.0,1
202400027053,2024-03-06,après-midi,,,61,61001,1,1,3,4,4,Voie communale,30.0,1
202400027054,2024-11-12,après-midi,,,69,69013,1,1,3,4,3,Départementale,50.0,2
202400027055,2024-03-05,après-midi,,,59,59368,1,8,6,4,7,Autre,50.0,1
202400027056,2024-11-12,soirée,,,67,67482,5,1,3,4,4,Voie communale,50.0,1
202400027057,2024-11-12,matin,,,64,64545,1,1,2,4,3,Départementale,50.0,1
202400027058,2024-03-02,soirée,,,59,59350,5,3,3,4,4,Voie communale,30.0,2
202400027059,2024-11-12,soirée,,,64,64445,3,2,3,4,4,Voie communale,50.0,2
202400027060,2024-03-04,après-midi,,,57,57672,1,1,6,4,3,Départementale,50.0,1
202400027061,2024-11-11,matin,,,64,64132,1,8,7,4,4,Voie communale,50.0,1
202400027062,2024-03-03,après-midi,,,56,56260,1,1,6,3,4,Voie communale,50.0,1
202400027063,2024-11-12,après-midi,,,63,63308,1,2,3,4,4,Voie communale,30.0,2
202400027064,2024-11-06,matin,,,62,62528,1,1,3,4,3,Départementale,30.0,1
202400027065,2024-03-05,après-midi,,,49,49246,1,1,2,4,1,Autoroute,90.0,1
202400027066,2024-11-12,soirée,,,60,60057,3,1,4,4,4,Voie communale,50.0,1
202400027067,2024-03-06,matin,,,45,45068,1,8,3,4,3,Départementale,70.0,2
202400027068,2024-11-12,après-midi,,,59,59599,1,1,6,3,4,Voie communale,30.0,1
202400027069,2024-11-12,après-midi,,,59,59508,1,1,6,4,4,Voie communale,50.0,1
202400027070,2024-03-06,matin,,,44,44109,1,1,3,3,4,Voie communale,50.0,1
202400027071,2024-11-12,matin,,,59,59368,2,1,3,4,7,Autre,50.0,1
202400027072,2024-03-06,soirée,,,38,38185,2,1,6,4,4,Voie communale,50.0,1
202400027073,2024-11-11,matin,,,57,57463,5,5,1,3,7,Autre,70.0,2
202400027074,2024-11-11,soirée,,,54,54304,5,2,1,4,4,Voie communale,70.0,2
202400027075,2024-03-06,soirée,,,37,37261,5,1,3,4,4,Voie communale,50.0,1
202400027076,2024-10-31,après-midi,,,54,54099,1,1,3,4,3,Départementale,80.0,1
202400027077,2024-03-06,matin,,,37,37261,1,1,3,4,4,Voie communale,50.0,2
202400027078,2024-11-11,après-midi,,,51,51454,1,1,6,4,4,Voie communale,30.0,1
202400027079,2024-03-06,nuit,,,36,36063,5,1,6,3,4,Voie communale,50.0,1
202400027080,2024-11-11,après-midi,,,51,51454,1,2,7,4,4,Voie communale,50.0,2
202400027081,2024-11-11,après-midi,,,45,45302,1,1,5,4,3,Départementale,90.0,2
202400027082,2024-03-06,matin,,,34,34172,1,1,4,4,4,Voie communale,50.0,1
202400027083,2024-11-12,après-midi,,,44,44184,1,2,1,4,4,Voie communale,30.0,2
202400027084,2024-11-12,après-midi,,,43,43157,1,8,2,4,3,Départementale,50.0,1
202400027085,2024-03-06,soirée,,,33,33069,5,1,3,4,4,Voie communale,50.0,1
202400027086,2024-03-06,après-midi,,,33,33063,5,1,3,3,4,Voie communale,50.0,1
202400027087,2024-03-06,après-midi,,,33,33063,1,1,3,4,4,Voie communale,50.0,1
202400027088,2024-03-06,soirée,,,30,30007,5,1,1,3,3,Départementale,70.0,1
202400027089,2024-03-05,après-midi,,,29,29039,1,1,2,4,3,Départementale,70.0,1
202400027090,2024-03-05,après-midi,,,29,29039,1,1,2,4,3,Départementale,50.0,1
202400027091,2024-03-06,après-midi,,,27,27681,1,1,6,4,4,Voie communale,50.0,1
202400027092,2024-03-06,matin,,,21,21054,1,1,6,4,4,Voie communale,50.0,1
202400027093,2024-03-05,après-midi,,,13,13207,1,1,3,3,4,Voie communale,50.0,1
202400027094,2024-03-06,matin,,,13,13047,1,1,6,4,4,Voie communale,50.0,1
202400027095,2024-07-29,soirée,,,91,91228,1,1,6,4,6,Autre,20.0,1
202400027096,2024-03-05,après-midi,,,11,11069,1,1,2,4,3,Départementale,50.0,1
202400027097,2024-07-17,après-midi,,,76,76575,1,1,2,4,4,Voie communale,50.0,1
202400027098,2024-03-05,soirée,,,10,10387,5,1,7,4,4,Voie communale,50.0,2
202400027099,2024-03-06,nuit,,,06,06069,5,1,6,4,4,Voie communale,50.0,1
202400027100,2024-03-06,après-midi,,,75,75114,1,1,7,4,4,Voie communale,50.0,1
202400027101,2024-10-11,soirée,,,32,32013,5,1,1,4,3,Départementale,50.0,1
202400027102,2024-03-06,nuit,,,75,75119,5,2,5,4,4,Voie communale,70.0,2
202400027103,2024-03-05,soirée,,,75,75117,5,8,3,4,4,Voie communale,70.0,1
202400027104,2024-08-07,après-midi,,,32,32013,1,1,4,4,4,Voie communale,50.0,1
202400027105,2024-03-04,soirée,,,75,75116,5,1,4,4,4,Voie communale,50.0,1
202400027106,2024-08-06,après-midi,,,32,32013,1,1,7,3,4,Voie communale,50.0,1
202400027107,2024-09-19,matin,,,32,32013,1,1,3,4,4,Voie communale,50.0,1
202400027108,2024-03-06,matin,,,75,75115,1,1,6,4,4,Voie communale,30.0,1
202400027109,2024-09-16,après-midi,,,32,32013,1,1,3,4,3,Départementale,80.0,1
202400027110,2024-03-06,nuit,,,75,75115,3,2,6,4,4,Voie communale,30.0,2
202400027111,2024-03-05,matin,,,75,75115,1,1,6,3,4,Voie communale,30.0,1
202400027112,2024-09-03,matin,,,32,32013,1,2,1,4,4,Voie communale,30.0,2
202400027113,2024-03-05,matin,,,75,75114,1,8,6,4,4,Voie communale,50.0,2
202400027114,2024-03-06,matin,,,75,75113,1,8,3,4,4,Voie communale,30.0,2
202400027115,2024-08-20,matin,,,32,32013,1,1,3,4,4,Voie communale,50.0,1
202400027116,2024-03-06,matin,,,75,75113,1,1,3,4,4,Voie communale,70.0,2
202400027117,2024-03-06,matin,,,75,75112,1,1,3,4,4,Voie communale,30.0,1
202400027118,2024-08-16,nuit,,,32,32013,5,1,3,4,3,Départementale,50.0,1
202400027119,2024-03-06,soirée,,,75,75111,5,1,6,4,4,Voie communale,30.0,1
202400027120,2024-08-15,soirée,,,32,32013,1,1,6,4,3,Départementale,50.0,1
202400027121,2024-03-06,après-midi,,,75,75109,1,1,6,4,4,Voie communale,30.0,1
202400027122,2024-08-11,soirée,,,32,32013,5,1,3,4,2,Nationale,50.0,1
202400027123,2024-03-06,nuit,,,75,75108,3,2,3,4,4,Voie communale,30.0,2
202400027124,2024-05-02,après-midi,,,32,32013,1,1,3,4,4,Voie communale,50.0,1
202400027125,2024-03-06,matin,,,75,75101,1,1,3,4,4,Voie communale,30.0,1
202400027126,2024-03-05,matin,,,94,94081,1,2,3,4,3,Départementale,50.0,2
202400027127,2024-08-30,après-midi,,,27,27681,1,2,3,4,4,Voie communale,50.0,2
202400027128,2024-03-05,soirée,,,94,94028,3,2,6,4,4,Voie communale,50.0,2
202400027129,2024-08-12,après-midi,,,27,27562,1,1,3,3,3,Départementale,50.0,1
202400027130,2024-03-05,matin,,,94,94071,1,8,3,4,3,Départementale,50.0,2
202400027131,2024-06-12,matin,,,75,75110,1,1,6,4,4,Voie communale,30.0,1
202400027132,2024-12-17,après-midi,,,987,98735,1,1,3,3,2,Nationale,50.0,1
202400027133,2024-03-06,après-midi,,,93,93066,1,1,3,4,4,Voie communale,30.0,1
202400027134,2024-12-18,matin,,,974,97416,1,1,3,4,3,Départementale,50.0,1
202400027135,2024-12-18,matin,,,974,97416,1,1,6,4,2,Nationale,80.0,1
202400027136,2024-03-06,après-midi,,,93,93048,1,1,3,4,3,Départementale,15.0,1
202400027137,2024-12-17,soirée,,,974,97416,5,1,7,4,3,Départementale,50.0,1
202400027138,2024-12-17,matin,,,974,97416,1,1,6,4,5,Autre,10.0,1
202400027139,2024-03-05,soirée,,,93,93032,5,2,3,4,4,Voie communale,30.0,2
202400027140,2024-12-17,après-midi,,,973,97302,1,1,3,4,3,Départementale,50.0,1
202400027141,2024-03-05,nuit,,,93,93010,5,2,6,3,4,Voie communale,50.0,2
202400027142,2024-12-17,matin,,,973,97302,1,1,3,4,3,Départementale,50.0,2
202400027143,2024-12-18,matin,,,69,69387,1,1,6,4,4,Voie communale,50.0,1
202400027144,2024-03-06,nuit,,,93,93005,5,2,3,4,3,Départementale,50.0,2
202400027145,2024-12-18,matin,,,69,69388,1,8,6,4,4,Voie communale,50.0,1
202400027146,2024-03-04,matin,,,93,93001,1,1,3,3,3,Départementale,50.0,1
202400027147,2024-12-17,matin,,,69,69387,5,1,3,3,4,Voie communale,30.0,1
202400027148,2024-03-06,soirée,,,92,92050,1,1,6,4,4,Voie communale,35.0,1
202400027149,2024-12-18,après-midi,,,972,97213,1,2,3,4,3,Départementale,50.0,2
202400027150,2024-03-05,matin,,,92,92050,1,2,3,4,3,Départementale,50.0,2
202400027151,2024-12-18,matin,,,972,97213,2,2,6,3,3,Départementale,70.0,2
202400027152,2024-03-06,nuit,,,92,92040,5,1,3,4,4,Voie communale,50.0,1
202400027153,2024-12-17,soirée,,,972,97213,5,1,2,3,1,Autoroute,90.0,1
202400027154,2024-12-16,après-midi,,,972,97213,1,1,7,4,1,Autoroute,50.0,1
202400027155,2024-03-05,soirée,,,92,92026,5,2,3,4,3,Départementale,50.0,2
202400027156,2024-12-17,matin,,,972,97209,1,1,6,4,3,Départementale,60.0,1
202400027157,2024-12-17,après-midi,,,2B,2B037,1,1,3,4,2,Nationale,50.0,1
202400027158,2024-03-05,après-midi,,,92,92004,1,1,2,4,3,Départementale,50.0,1
202400027159,2024-03-05,après-midi,,,92,92004,1,2,6,3,3,Départementale,50.0,2
202400027160,2024-12-17,après-midi,,,2B,2B033,1,1,4,4,3,Départementale,50.0,1
202400027161,2024-12-16,après-midi,,,2B,2B120,1,1,1,4,3,Départementale,50.0,1
202400027162,2024-03-06,soirée,,,92,92014,5,8,3,4,3,Départementale,50.0,1
202400027163,2024-12-17,soirée,,,971,97101,3,3,6,3,4,Voie communale,50.0,2
202400027164,2024-12-17,matin,,,971,97101,1,1,3,4,3,Départementale,50.0,1
202400027165,2024-03-06,après-midi,,,26,26301,1,1,6,3,4,Voie communale,,1
202400027166,2024-12-16,après-midi,,,971,97113,1,2,1,2,4,Voie communale,50.0,2
202400027167,2024-12-18,matin,,,2A,2A004,1,1,6,2,3,Départementale,50.0,1
202400027168,2024-03-07,matin,,,974,97405,1,1,3,4,4,Voie communale,50.0,1
202400027169,2024-12-17,après-midi,,,95,95491,1,1,2,4,4,Voie communale,50.0,1
202400027170,2024-12-17,matin,,,95,95127,2,8,6,4,3,Départementale,50.0,1
202400027171,2024-03-06,après-midi,,,972,97206,1,1,7,2,4,Voie communale,50.0,1
202400027172,2024-03-06,soirée,,,57,57167,3,1,7,4,3,Départementale,80.0,2
202400027173,2024-12-17,matin,,,95,95018,1,1,6,2,3,Départementale,50.0,1
202400027174,2024-12-18,après-midi,,,91,91477,5,8,2,4,3,Départementale,50.0,2
202400027175,2024-03-07,après-midi,,,51,51576,1,7,3,4,3,Départementale,,1
202400027176,2024-12-17,après-midi,,,91,91114,1,8,3,4,4,Voie communale,50.0,2
202400027177,2024-12-17,matin,,,91,91421,1,8,6,4,4,Voie communale,30.0,2
202400027178,2024-03-07,soirée,,,79,79202,4,1,1,3,4,Voie communale,30.0,1
202400027179,2024-12-16,soirée,,,91,91421,5,1,3,4,3,Départementale,50.0,1
202400027180,2024-03-06,soirée,,,31,31150,5,1,6,3,7,Autre,50.0,1
202400027181,2024-12-16,soirée,,,91,91521,5,2,6,4,3,Départementale,50.0,2
202400027182,2024-03-06,matin,,,32,32105,1,1,1,4,3,Départementale,80.0,1
202400027183,2024-12-17,matin,,,87,87085,5,2,7,4,4,Voie communale,30.0,2
202400027184,2024-03-07,matin,,,12,12208,2,1,6,3,3,Départementale,50.0,1
202400027185,2024-12-15,soirée,,,87,87085,5,1,3,3,4,Voie communale,50.0,1
202400027186,2024-03-06,après-midi,,,47,47098,1,1,3,3,3,Départementale,80.0,1
202400027187,2024-12-18,matin,,,85,85191,1,1,3,4,4,Voie communale,50.0,1
202400027188,2024-12-17,soirée,,,84,84007,3,1,6,3,4,Voie communale,30.0,1
202400027189,2024-03-07,matin,,,47,47127,2,1,3,4,3,Départementale,80.0,1
202400027190,2024-03-07,après-midi,,,02,02621,1,1,6,2,3,Départementale,80.0,1
202400027191,2024-12-17,après-midi,,,84,84007,1,1,4,4,3,Départementale,80.0,1
202400027192,2024-03-02,après-midi,,,58,58099,1,1,7,4,3,Départementale,90.0,1
202400027193,2024-12-18,après-midi,,,83,83137,1,1,3,4,4,Voie communale,50.0,1
202400027194,2024-03-05,après-midi,,,14,14061,1,3,3,4,3,Départementale,90.0,2
202400027195,2024-12-16,matin,,,83,83062,1,1,6,3,4,Voie communale,50.0,1