Num_Acc,date,time_of_day,lat,long,dep,com,lum,atm,col,severity_index,catr,catr_label,vma,surf
202400027196,2024-03-06,après-midi,,,50,50142,1,7,7,4,3,Départementale,80.0,1
202400027197,2024-03-06,nuit,,,64,64006,3,1,6,2,2,Nationale,80.0,1
202400027198,2024-03-07,soirée,,,16,16024,3,1,6,3,3,Départementale,80.0,1
202400027199,2024-12-16,soirée,,,83,83069,5,1,1,4,3,Départementale,70.0,1
202400027200,2024-03-07,matin,,,07,07167,1,1,7,4,3,Départementale,90.0,1
202400027201,2024-12-17,après-midi,,,81,81004,2,1,6,4,4,Voie communale,50.0,1
202400027202,2024-03-07,après-midi,,,85,85078,1,1,6,3,3,Départementale,50.0,1
202400027203,2024-12-16,soirée,,,80,80021,5,1,3,4,4,Voie communale,30.0,1
202400027204,2024-03-07,matin,,,27,27246,1,1,1,4,3,Départementale,50.0,1
202400027205,2024-12-17,matin,,,80,80021,2,1,3,3,3,Départementale,50.0,1
202400027206,2024-03-06,après-midi,,,37,37222,1,1,2,3,3,Départementale,90.0,1
202400027207,2024-12-18,après-midi,,,78,78092,1,1,3,4,3,Départementale,50.0,1
202400027208,2024-03-07,matin,,,78,78356,1,7,3,4,3,Départementale,50.0,1
202400027209,2024-12-12,après-midi,,,78,78440,5,1,3,4,3,Départementale,50.0,1
202400027210,2024-03-06,matin,,,62,62355,1,8,2,3,1,Autoroute,130.0,1
202400027211,2024-12-18,après-midi,,,78,78208,5,1,2,4,3,Départementale,50.0,1
202400027212,2024-11-27,soirée,,,78,78015,3,1,3,4,3,Départementale,30.0,2
202400027213,2024-02-26,matin,,,971,97117,1,1,3,4,2,Nationale,80.0,1
202400027214,2024-03-07,après-midi,,,78,78623,1,1,3,4,3,Départementale,80.0,1
202400027215,2024-03-07,matin,,,66,66065,1,1,3,3,4,Voie communale,50.0,1
202400027216,2024-12-17,soirée,,,77,77390,5,1,6,4,3,Départementale,50.0,1
202400027217,2024-03-07,matin,,,13,13100,1,1,1,4,4,Voie communale,50.0,1
202400027218,2024-12-16,après-midi,,,77,77083,5,1,7,4,4,Voie communale,50.0,1
202400027219,2024-03-07,après-midi,,,64,64481,1,1,1,3,3,Départementale,80.0,1
202400027220,2024-12-18,matin,,,77,77268,1,8,2,4,3,Départementale,70.0,1
202400027221,2024-03-07,soirée,,,64,64376,1,1,7,4,3,Départementale,80.0,1
202400027222,2024-12-17,matin,,,77,77058,5,2,3,4,4,Voie communale,50.0,2
202400027223,2024-02-15,après-midi,,,33,33227,1,8,6,3,3,Départementale,20.0,1
202400027224,2024-03-07,après-midi,,,80,80421,1,1,2,3,1,Autoroute,,1
202400027225,2024-12-13,nuit,,,77,77186,3,8,7,4,3,Départementale,70.0,1
202400027226,2024-03-07,après-midi,,,62,62589,2,1,7,3,3,Départementale,80.0,1
202400027227,2024-12-16,soirée,,,76,76341,5,1,6,3,4,Voie communale,50.0,1
202400027228,2024-03-06,soirée,,,59,59268,2,1,1,3,3,Départementale,80.0,1
202400027229,2024-12-18,matin,,,73,73029,5,1,3,4,3,Départementale,50.0,1
202400027230,2024-03-06,après-midi,,,83,83144,1,1,3,4,1,Autoroute,70.0,1
202400027231,2024-12-16,après-midi,,,73,73011,1,7,6,4,4,Voie communale,30.0,1
202400027232,2024-03-05,matin,,,33,33080,1,2,4,4,1,Autoroute,130.0,2
202400027233,2024-03-06,matin,,,78,78321,1,1,2,4,2,Nationale,90.0,1
202400027234,2024-12-17,nuit,,,72,72181,5,1,6,4,3,Départementale,50.0,1
202400027235,2024-03-06,matin,,,78,78158,2,1,4,4,1,Autoroute,110.0,1
202400027236,2024-12-17,soirée,,,71,71486,4,1,1,3,3,Départementale,70.0,1
202400027237,2024-03-05,après-midi,,,78,78423,1,1,3,4,2,Nationale,110.0,2
202400027238,2024-03-05,nuit,,,78,78238,3,2,6,4,1,Autoroute,130.0,2
202400027239,2024-12-17,soirée,,,69,69275,5,1,2,4,7,Autre,30.0,1
202400027240,2024-12-18,matin,,,69,69290,1,1,1,4,4,Voie communale,50.0,1
202400027241,2024-03-05,soirée,,,92,92050,3,2,4,4,1,Autoroute,90.0,2
202400027242,2024-03-05,après-midi,,,92,92050,1,1,7,4,1,Autoroute,50.0,1
202400027243,2024-12-17,matin,,,69,69290,1,5,3,4,7,Autre,50.0,1
202400027244,2024-03-05,matin,,,78,78043,1,1,2,4,1,Autoroute,110.0,1
202400027245,2024-12-16,nuit,,,67,67482,5,1,7,4,4,Voie communale,50.0,1
202400027246,2024-03-05,matin,,,92,92036,1,1,3,4,1,Autoroute,70.0,1
202400027247,2024-03-05,nuit,,,93,93006,3,2,7,4,1,Autoroute,70.0,2
202400027248,2024-12-18,soirée,,,66,66136,4,1,3,4,4,Voie communale,,1
202400027249,2024-12-18,après-midi,,,66,66136,1,1,6,4,4,Voie communale,30.0,1
202400027250,2024-03-06,soirée,,,94,94073,2,1,3,4,1,Autoroute,90.0,1
202400027251,2024-12-16,soirée,,,66,66136,5,1,2,3,3,Départementale,90.0,1
202400027252,2024-12-16,après-midi,,,66,66136,1,1,6,3,4,Voie communale,30.0,1
202400027253,2024-12-16,après-midi,,,66,66136,1,1,6,3,3,Départementale,90.0,1
202400027254,2024-03-06,après-midi,,,93,93051,1,1,4,4,1,Autoroute,110.0,1
202400027255,2024-01-23,matin,,,93,93050,1,2,6,4,4,Voie communale,50.0,2
202400027256,2024-12-18,après-midi,,,64,64373,1,7,3,4,3,Départementale,70.0,1
202400027257,2024-02-04,après-midi,,,44,44109,1,8,3,4,4,Voie communale,50.0,1
202400027258,2024-12-18,matin,,,64,64348,1,1,6,3,4,Voie communale,50.0,1
202400027259,2024-01-03,après-midi,,,74,74237,2,1,6,4,3,Départementale,50.0,1
202400027260,2024-12-18,matin,,,64,64445,1,7,6,4,4,Voie communale,50.0,1
202400027261,2024-01-02,soirée,,,74,74108,5,2,6,2,3,Départementale,50.0,2
202400027262,2024-12-17,matin,,,64,64445,1,1,6,3,6,Autre,30.0,1
202400027263,2024-12-16,après-midi,,,64,64445,1,1,6,4,4,Voie communale,30.0,1
202400027264,2024-01-01,après-midi,,,74,74038,1,1,3,4,3,Départementale,80.0,2
202400027265,2024-12-17,après-midi,,,64,64122,1,1,6,3,6,Autre,30.0,1
202400027266,2024-02-03,soirée,,,44,44109,5,1,6,4,4,Voie communale,50.0,1
202400027267,2024-12-16,soirée,,,64,64102,5,1,6,4,4,Voie communale,50.0,1
202400027268,2024-02-02,après-midi,,,44,44109,1,8,3,4,4,Voie communale,50.0,1
202400027269,2024-12-16,après-midi,,,62,62498,1,1,6,3,4,Voie communale,50.0,1
202400027270,2024-03-05,après-midi,,,973,97302,1,1,3,4,3,Départementale,50.0,1
202400027271,2024-12-17,matin,,,62,62119,1,1,6,4,4,Voie communale,50.0,1
202400027272,2024-12-17,nuit,,,61,61497,3,2,6,4,3,Départementale,80.0,2
202400027273,2024-03-05,après-midi,,,973,97302,1,1,3,4,3,Départementale,50.0,1
202400027274,2024-12-17,après-midi,,,59,59009,5,1,6,4,7,Autre,50.0,1
202400027275,2024-03-05,matin,,,973,97302,1,1,6,4,3,Départementale,50.0,1
202400027276,2024-03-05,matin,,,973,97302,1,2,7,4,3,Départementale,50.0,2
202400027277,2024-12-16,après-midi,,,59,59560,5,2,6,3,4,Voie communale,30.0,2
202400027278,2024-03-05,matin,,,69,69388,1,1,6,4,4,Voie communale,30.0,1
202400027279,2024-12-16,après-midi,,,59,59271,1,1,6,3,4,Voie communale,50.0,1
202400027280,2024-03-05,après-midi,,,972,97213,1,1,3,4,6,Autre,30.0,1
202400027281,2024-12-18,nuit,,,58,58194,4,1,3,4,4,Voie communale,50.0,1
202400027282,2024-03-04,après-midi,,,971,97101,1,1,1,4,3,Départementale,70.0,1
202400027283,2024-12-17,nuit,,,56,56098,3,1,6,4,3,Départementale,50.0,1
202400027284,2024-03-04,matin,,,91,91215,1,1,4,4,4,Voie communale,50.0,1
202400027285,2024-12-17,soirée,,,51,51058,5,1,4,4,4,Voie communale,50.0,1
202400027286,2024-03-04,matin,,,91,91691,1,1,2,4,3,Départementale,30.0,1
202400027287,2024-12-17,matin,,,51,51454,1,1,7,3,4,Voie communale,30.0,1
202400027288,2024-03-05,soirée,,,91,91027,5,1,2,4,4,Voie communale,50.0,2
202400027289,2024-12-16,nuit,,,51,51454,4,2,3,4,4,Voie communale,30.0,2
202400027290,2024-03-05,après-midi,,,91,91589,1,1,3,4,3,Départementale,50.0,1
202400027291,2024-12-16,après-midi,,,51,51454,5,2,1,4,4,Voie communale,30.0,2
202400027292,2024-03-05,matin,,,91,91027,1,1,6,4,3,Départementale,50.0,1
202400027293,2024-03-04,matin,,,87,87048,1,1,7,4,3,Départementale,80.0,1
202400027294,2024-12-14,après-midi,,,51,51242,1,2,3,4,3,Départementale,50.0,2
202400027295,2024-03-05,après-midi,,,86,86194,1,1,6,3,3,Départementale,30.0,1
202400027296,2024-12-18,après-midi,,,49,49007,1,1,6,4,4,Voie communale,30.0,1
202400027297,2024-03-04,matin,,,86,86194,1,7,3,4,4,Voie communale,30.0,1
202400027298,2024-12-16,soirée,,,49,49007,5,1,3,4,4,Voie communale,50.0,1
202400027299,2024-03-03,après-midi,,,86,86194,1,1,3,3,3,Départementale,30.0,2
202400027300,2024-12-17,matin,,,47,47031,1,1,1,3,6,Autre,30.0,1
202400027301,2024-03-05,matin,,,85,85191,1,1,3,4,4,Voie communale,,1
202400027302,2024-12-18,après-midi,,,45,45067,1,1,3,4,4,Voie communale,50.0,1
202400027303,2024-12-17,après-midi,,,45,45147,1,1,3,4,4,Voie communale,50.0,1
202400027304,2024-03-04,après-midi,,,84,84007,1,1,3,4,4,Voie communale,50.0,1
202400027305,2024-12-17,matin,,,45,45004,1,1,1,2,3,Départementale,50.0,1
202400027306,2024-03-05,après-midi,,,83,83137,1,1,3,3,4,Voie communale,,1
202400027307,2024-12-14,nuit,,,44,44184,5,1,1,3,4,Voie communale,50.0,1
202400027308,2024-02-17,après-midi,,,83,83061,1,1,5,4,3,Départementale,70.0,1
202400027309,2024-04-12,matin,,,973,97302,1,1,3,4,3,Départementale,50.0,1
202400027310,2024-12-16,après-midi,,,44,44109,5,1,6,4,4,Voie communale,30.0,1
202400027311,2024-04-12,matin,,,973,97302,1,1,7,4,4,Voie communale,50.0,1
202400027312,2024-03-05,après-midi,,,80,80001,1,2,3,4,4,Voie communale,50.0,2
202400027313,2024-12-17,matin,,,43,43251,1,1,7,4,4,Voie communale,50.0,7
202400027314,2024-03-02,soirée,,,78,78418,3,2,1,4,4,Voie communale,80.0,2
202400027315,2024-12-17,soirée,,,42,42270,5,1,1,4,7,Autre,50.0,1
202400027316,2024-04-12,matin,,,973,97302,1,1,3,4,3,Départementale,50.0,1
202400027317,2024-01-19,soirée,,,78,78383,3,1,6,4,4,Voie communale,50.0,1
202400027318,2024-04-11,matin,,,973,97302,1,1,3,4,3,Départementale,50.0,1
202400027319,2024-12-18,soirée,,,37,37261,5,8,3,3,4,Voie communale,50.0,2
202400027320,2024-03-04,nuit,,,77,77450,5,1,6,4,2,Nationale,90.0,2
202400027321,2024-12-18,après-midi,,,37,37261,1,1,6,4,4,Voie communale,30.0,1
202400027322,2024-04-12,nuit,,,69,69386,5,1,3,4,4,Voie communale,30.0,1
202400027323,2024-03-05,matin,,,77,77372,1,1,2,4,4,Voie communale,50.0,2
202400027324,2024-04-12,après-midi,,,69,69387,1,1,2,4,4,Voie communale,30.0,1
202400027325,2024-12-17,matin,,,35,35238,1,8,2,4,2,Nationale,50.0,1
202400027326,2024-03-04,après-midi,,,77,77186,1,1,7,3,3,Départementale,70.0,1
202400027327,2024-04-12,après-midi,,,69,69388,1,1,6,4,4,Voie communale,30.0,1
202400027328,2024-03-05,après-midi,,,74,74012,1,1,3,4,4,Voie communale,50.0,1
202400027329,2024-12-17,soirée,,,33,33167,5,1,3,4,4,Voie communale,30.0,1
202400027330,2024-03-05,soirée,,,74,74010,5,2,3,4,4,Voie communale,50.0,2
202400027331,2024-04-12,matin,,,971,97113,1,2,2,3,2,Nationale,70.0,2
202400027332,2024-12-17,matin,,,33,33318,5,8,6,4,4,Voie communale,50.0,1
202400027333,2024-03-05,soirée,,,74,74010,5,2,6,4,4,Voie communale,30.0,2
202400027334,2024-04-12,soirée,,,2A,2A004,5,1,6,4,2,Nationale,50.0,1
202400027335,2024-12-17,matin,,,33,33162,3,1,1,3,1,Autoroute,50.0,1
202400027336,2024-03-04,après-midi,,,72,72181,1,8,3,4,4,Voie communale,50.0,1
202400027337,2024-04-12,après-midi,,,2A,2A004,1,1,3,3,2,Nationale,50.0,1
202400027338,2024-12-18,soirée,,,31,31555,5,1,3,4,4,Voie communale,50.0,1
202400027339,2024-04-12,matin,,,91,91377,1,1,6,2,4,Voie communale,50.0,1
202400027340,2024-03-03,après-midi,,,69,69290,1,2,3,4,7,Autre,50.0,2
202400027341,2024-04-12,après-midi,,,91,91027,1,1,3,4,3,Départementale,50.0,1
202400027342,2024-12-18,après-midi,,,31,31555,1,1,3,4,4,Voie communale,50.0,1
202400027343,2024-03-04,après-midi,,,68,68066,1,8,6,4,4,Voie communale,50.0,1
202400027344,2024-12-10,après-midi,,,30,30189,1,1,7,2,4,Voie communale,50.0,1
202400027345,2024-03-04,après-midi,,,67,67482,1,8,6,4,4,Voie communale,5.0,1
202400027346,2024-04-12,nuit,,,91,91479,5,1,1,4,2,Nationale,110.0,1
202400027347,2024-12-16,soirée,,,30,30007,5,1,2,4,4,Voie communale,50.0,1
202400027348,2024-03-05,après-midi,,,66,66136,1,1,6,2,4,Voie communale,50.0,1
202400027349,2024-01-22,soirée,,,83,83069,5,1,3,3,4,Voie communale,30.0,1
202400027350,2024-03-05,matin,,,66,66136,1,1,3,4,4,Voie communale,50.0,1
202400027351,2024-04-12,après-midi,,,91,91228,1,1,4,4,3,Départementale,50.0,1
202400027352,2024-12-16,matin,,,30,30007,2,1,3,4,3,Départementale,50.0,1
202400027353,2024-01-23,soirée,,,78,78015,5,1,6,3,4,Voie communale,30.0,1
202400027354,2024-02-18,après-midi,,,66,66136,1,1,6,2,3,Départementale,90.0,1
202400027355,2024-12-11,après-midi,,,29,29232,5,1,6,2,4,Voie communale,140.0,1
202400027356,2024-04-10,soirée,,,91,91174,1,1,3,4,4,Voie communale,50.0,1
202400027357,2024-03-05,soirée,,,65,65226,1,2,6,3,3,Départementale,50.0,2
202400027358,2024-01-22,après-midi,,,77,77445,1,2,6,4,3,Départementale,50.0,2
202400027359,2024-04-12,après-midi,,,87,87050,1,1,6,3,3,Départementale,90.0,1
202400027360,2024-12-17,matin,,,29,29232,1,1,4,4,3,Départementale,50.0,1
202400027361,2024-03-05,matin,,,64,64024,2,2,6,4,4,Voie communale,30.0,2
202400027362,2024-01-23,après-midi,,,76,76231,2,1,6,4,7,Autre,50.0,1
202400027363,2024-04-12,nuit,,,84,84092,5,1,3,4,4,Voie communale,50.0,1
202400027364,2024-03-05,matin,,,63,63113,1,2,6,4,4,Voie communale,30.0,2
202400027365,2024-12-16,soirée,,,29,29019,3,1,2,4,3,Départementale,90.0,1
202400027366,2024-01-23,matin,,,76,76486,1,1,6,4,7,Autre,50.0,1
202400027367,2024-04-11,nuit,,,83,83137,5,1,3,4,3,Départementale,50.0,1
202400027368,2024-02-24,soirée,,,62,62498,5,2,3,4,4,Voie communale,50.0,2
202400027369,2024-12-17,nuit,,,27,27681,5,1,6,4,4,Voie communale,50.0,1
202400027370,2024-03-19,après-midi,,,80,80021,1,1,7,3,4,Voie communale,50.0,1
202400027371,2024-03-05,matin,,,61,61001,2,1,2,4,3,Départementale,50.0,2
202400027372,2024-12-17,matin,,,27,27375,2,1,3,4,3,Départementale,50.0,2
202400027373,2024-04-11,soirée,,,77,77251,1,1,6,3,4,Voie communale,50.0,1
202400027374,2024-03-04,nuit,,,60,60057,5,2,6,4,4,Voie communale,50.0,2
202400027375,2024-12-18,après-midi,,,27,27229,5,1,7,4,4,Voie communale,50.0,1
202400027376,2024-04-09,soirée,,,77,77288,1,9,1,4,4,Voie communale,25.0,2
202400027377,2024-01-22,après-midi,,,76,76414,1,1,4,4,4,Voie communale,50.0,1
202400027378,2024-03-05,après-midi,,,56,56260,1,1,3,3,4,Voie communale,50.0,1
202400027379,2024-12-18,matin,,,27,27229,2,1,6,4,4,Voie communale,50.0,1
202400027380,2024-12-18,matin,,,27,27229,2,1,6,4,4,Voie communale,30.0,1
202400027381,2024-04-12,nuit,,,77,77438,5,1,3,4,3,Départementale,50.0,1
202400027382,2024-03-05,matin,,,56,56121,1,1,6,4,4,Voie communale,30.0,1
202400027383,2024-01-23,après-midi,,,64,64445,1,1,3,4,4,Voie communale,50.0,1
202400027384,2024-04-12,matin,,,77,77243,1,1,6,4,4,Voie communale,30.0,1
202400027385,2024-03-05,après-midi,,,54,54382,1,1,3,4,3,Départementale,50.0,1
202400027386,2024-12-17,après-midi,,,27,27229,1,1,3,3,4,Voie communale,50.0,1
202400027387,2024-01-23,soirée,,,64,64102,5,1,3,3,4,Voie communale,30.0,1
202400027388,2024-12-17,matin,,,27,27299,1,1,6,4,3,Départementale,50.0,1
202400027389,2024-04-12,matin,,,77,77014,1,1,6,4,3,Départementale,30.0,1
202400027390,2024-03-05,nuit,,,51,51454,5,1,3,4,4,Voie communale,30.0,1
202400027391,2024-01-23,soirée,,,61,61001,5,2,3,3,3,Départementale,50.0,2
202400027392,2024-04-12,soirée,,,76,76540,1,1,2,4,4,Voie communale,50.0,1
202400027393,2024-03-05,matin,,,51,51454,1,1,2,4,4,Voie communale,50.0,1
202400027394,2024-12-18,soirée,,,26,26198,5,1,1,3,3,Départementale,70.0,1
202400027395,2024-04-12,après-midi,,,76,76216,1,1,6,4,4,Voie communale,50.0,1
202400027396,2024-01-23,matin,,,59,59512,5,1,6,4,4,Voie communale,50.0,1
202400027397,2024-12-17,après-midi,,,26,26198,1,1,3,4,4,Voie communale,50.0,1
202400027398,2024-03-04,après-midi,,,47,47323,2,3,3,3,3,Départementale,50.0,2
202400027399,2024-01-23,matin,,,59,59560,1,1,3,4,7,Autre,30.0,1
202400027400,2024-04-12,soirée,,,74,74010,2,1,3,4,4,Voie communale,30.0,1
202400027401,2024-12-18,nuit,,,25,25056,5,1,3,4,4,Voie communale,50.0,1
202400027402,2024-03-05,soirée,,,47,47001,1,1,2,4,4,Voie communale,30.0,1
202400027403,2024-01-23,matin,,,59,59378,1,1,6,4,4,Voie communale,50.0,1
202400027404,2024-04-12,après-midi,,,73,73065,1,1,3,4,4,Voie communale,30.0,1
202400027405,2024-03-05,après-midi,,,47,47201,1,1,3,4,3,Départementale,50.0,1
202400027406,2024-12-13,après-midi,,,22,22106,2,1,2,4,2,Nationale,90.0,1
202400027407,2024-01-22,matin,,,57,57672,5,3,6,3,4,Voie communale,50.0,2
202400027408,2024-03-05,nuit,,,35,35206,3,8,6,2,2,Nationale,90.0,2
202400027409,2024-12-18,après-midi,,,16,16015,1,1,3,4,4,Voie communale,30.0,1
202400027410,2024-04-12,soirée,,,69,69266,1,1,3,4,4,Voie communale,30.0,1
202400027411,2024-01-20,nuit,,,56,56121,5,1,7,4,4,Voie communale,30.0,1
202400027412,2024-03-05,après-midi,,,34,34172,1,1,6,3,4,Voie communale,50.0,1
202400027413,2024-12-18,soirée,,,14,14715,5,2,6,4,4,Voie communale,50.0,2
202400027414,2024-04-12,après-midi,,,69,69266,1,1,1,4,4,Voie communale,30.0,1
202400027415,2024-12-16,nuit,,,13,13117,3,1,7,4,2,Nationale,70.0,1
202400027416,2024-03-05,nuit,,,33,33529,5,2,3,4,3,Départementale,80.0,2
202400027417,2024-01-22,matin,,,54,54578,2,2,2,4,4,Voie communale,50.0,2
202400027418,2024-04-11,après-midi,,,69,69259,1,1,2,4,4,Voie communale,50.0,1
202400027419,2024-12-17,nuit,,,13,13077,3,1,3,4,3,Départementale,80.0,1
202400027420,2024-03-04,après-midi,,,32,32013,1,2,7,4,4,Voie communale,25.0,2
202400027421,2024-01-22,matin,,,54,54526,2,2,5,4,4,Voie communale,50.0,2
202400027422,2024-04-11,après-midi,,,69,69271,1,1,3,4,4,Voie communale,50.0,1
202400027423,2024-03-05,après-midi,,,31,31555,1,1,6,3,4,Voie communale,50.0,1
202400027424,2024-12-18,après-midi,,,13,13203,1,1,2,4,4,Voie communale,50.0,1
202400027425,2024-01-23,soirée,,,51,51454,5,1,6,4,4,Voie communale,50.0,2
202400027426,2024-03-05,matin,,,29,29232,1,1,2,4,3,Départementale,70.0,2
202400027427,2024-12-18,après-midi,,,13,13216,1,1,3,4,4,Voie communale,30.0,1
202400027428,2024-04-11,après-midi,,,69,69259,1,1,3,4,4,Voie communale,50.0,1
202400027429,2024-03-04,matin,,,29,29019,1,3,6,4,4,Voie communale,50.0,2
202400027430,2024-12-17,après-midi,,,13,13214,1,8,3,4,4,Voie communale,50.0,1
202400027431,2024-01-22,après-midi,,,51,51454,1,2,1,4,4,Voie communale,50.0,2
202400027432,2024-04-11,matin,,,69,69259,1,1,2,4,7,Autre,50.0,1
202400027433,2024-12-16,après-midi,,,13,13215,1,1,1,3,4,Voie communale,50.0,1
202400027434,2024-04-12,après-midi,,,69,69091,1,1,7,4,7,Autre,70.0,1
202400027435,2024-03-05,matin,,,26,26252,1,1,4,4,3,Départementale,50.0,1
202400027436,2024-01-23,nuit,,,48,48095,4,8,6,3,4,Voie communale,50.0,2
202400027437,2024-04-13,nuit,,,66,66136,5,1,6,3,4,Voie communale,30.0,1
202400027438,2024-03-05,après-midi,,,25,25204,1,2,3,4,4,Voie communale,50.0,2
202400027439,2024-01-23,après-midi,,,37,37261,1,1,3,4,3,Départementale,50.0,2
202400027440,2024-12-16,nuit,,,13,13206,5,1,7,2,4,Voie communale,50.0,1
202400027441,2024-03-05,matin,,,25,25031,1,8,2,4,4,Voie communale,30.0,2
202400027442,2024-01-23,matin,,,37,37261,5,1,6,4,4,Voie communale,50.0,2
202400027443,2024-04-12,matin,,,66,66136,1,1,6,2,4,Voie communale,50.0,1
202400027444,2024-12-17,soirée,,,13,13028,5,1,6,4,4,Voie communale,50.0,1
202400027445,2024-03-05,soirée,,,25,25056,5,1,4,4,4,Voie communale,50.0,1
202400027446,2024-01-23,soirée,,,35,35238,5,2,3,4,4,Voie communale,50.0,2
202400027447,2024-04-11,soirée,,,64,64024,1,1,3,4,4,Voie communale,50.0,1
202400027448,2024-12-18,nuit,,,13,13001,5,1,3,4,4,Voie communale,50.0,1
202400027449,2024-01-23,soirée,,,35,35238,5,8,6,4,4,Voie communale,30.0,2
202400027450,2024-03-05,après-midi,,,25,25056,1,1,3,4,4,Voie communale,50.0,1
202400027451,2024-04-07,nuit,,,64,64102,5,1,6,3,3,Départementale,50.0,1
202400027452,2024-12-18,matin,,,11,11262,1,1,6,3,4,Voie communale,50.0,1
202400027453,2024-01-23,matin,,,35,35238,2,8,6,4,4,Voie communale,30.0,2
202400027454,2024-04-12,après-midi,,,63,63300,1,1,6,3,3,Départementale,50.0,1
202400027455,2024-01-23,après-midi,,,34,34172,1,1,4,3,4,Voie communale,50.0,1
202400027456,2024-03-05,après-midi,,,22,22360,1,1,3,4,4,Voie communale,50.0,1
202400027457,2024-12-18,matin,,,10,10325,5,1,6,4,4,Voie communale,50.0,1
202400027458,2024-01-19,après-midi,,,33,33039,2,1,6,4,4,Voie communale,50.0,1
202400027459,2024-03-04,après-midi,,,17,17415,1,2,3,4,4,Voie communale,50.0,2
202400027460,2024-04-12,soirée,,,63,63113,1,1,3,4,4,Voie communale,50.0,1
202400027461,2024-12-16,matin,,,10,10387,5,2,6,3,4,Voie communale,50.0,2
202400027462,2024-01-23,matin,,,33,33032,1,1,6,4,6,Autre,10.0,1
202400027463,2024-03-05,matin,,,17,17299,1,1,2,4,3,Départementale,50.0,1
202400027464,2024-04-12,matin,,,63,63113,1,1,3,4,4,Voie communale,50.0,1
202400027465,2024-01-19,matin,,,33,33039,5,1,1,4,4,Voie communale,30.0,1
202400027466,2024-12-17,après-midi,,,06,06004,2,1,6,4,4,Voie communale,50.0,1
202400027467,2024-03-05,soirée,,,13,13209,5,1,3,4,4,Voie communale,30.0,1
202400027468,2024-01-23,matin,,,30,30007,1,1,2,4,4,Voie communale,50.0,1
202400027469,2024-04-12,soirée,,,62,62774,1,1,1,3,3,Départementale,50.0,1
202400027470,2024-12-17,après-midi,,,03,03321,5,1,6,4,3,Départementale,50.0,1
202400027471,2024-04-12,soirée,,,62,62041,1,1,6,3,4,Voie communale,50.0,1
202400027472,2024-03-05,après-midi,,,13,13202,1,1,2,4,9,Autre,50.0,1
202400027473,2024-01-23,matin,,,28,28218,1,1,6,4,4,Voie communale,50.0,1
202400027474,2024-12-15,nuit,,,02,02738,5,1,6,3,4,Voie communale,50.0,2
202400027475,2024-04-09,après-midi,,,59,59636,1,1,6,4,7,Autre,30.0,1
202400027476,2024-01-23,soirée,,,27,27229,5,1,3,4,4,Voie communale,70.0,1
202400027477,2024-03-04,soirée,,,10,10387,5,1,7,4,4,Voie communale,50.0,1
202400027478,2024-12-17,après-midi,,,01,01053,1,1,2,4,3,Départementale,70.0,1
202400027479,2024-04-12,après-midi,,,59,59328,1,1,3,4,7,Autre,30.0,1
202400027480,2024-12-17,après-midi,,,75,75116,1,8,6,2,4,Voie communale,30.0,1
202400027481,2024-03-04,matin,,,10,10387,2,1,3,3,4,Voie communale,50.0,1
202400027482,2024-01-17,matin,,,19,19031,5,2,6,4,4,Voie communale,50.0,2
202400027483,2024-04-12,après-midi,,,58,58194,1,1,3,4,4,Voie communale,50.0,1
202400027484,2024-12-18,matin,,,75,75116,2,1,2,4,4,Voie communale,30.0,1
202400027485,2024-01-22,après-midi,,,17,17415,2,8,3,4,4,Voie communale,30.0,2
202400027486,2024-03-06,nuit,,,06,06088,5,1,1,4,4,Voie communale,50.0,1
202400027487,2024-04-12,nuit,,,51,51454,5,1,1,4,4,Voie communale,30.0,1
202400027488,2024-12-18,soirée,,,75,75112,5,1,6,4,4,Voie communale,30.0,1
202400027489,2024-03-05,après-midi,,,75,75117,1,1,7,4,4,Voie communale,70.0,1
202400027490,2024-01-23,après-midi,,,17,17306,1,2,3,4,3,Départementale,80.0,2
202400027491,2024-04-12,nuit,,,49,49015,5,1,7,4,4,Voie communale,50.0,1
202400027492,2024-12-17,soirée,,,75,75110,5,1,3,4,4,Voie communale,50.0,1
202400027493,2024-03-04,après-midi,,,75,75118,1,1,2,4,4,Voie communale,70.0,1
202400027494,2024-01-18,après-midi,,,17,17306,1,1,6,3,3,Départementale,50.0,1
202400027495,2024-12-17,après-midi,,,94,94067,1,8,6,4,3,Départementale,30.0,1
202400027496,2024-03-04,matin,,,75,75114,1,1,6,4,4,Voie communale,70.0,1
202400027497,2024-04-11,après-midi,,,43,43157,1,1,5,4,4,Voie communale,50.0,1
202400027498,2024-01-23,après-midi,,,17,17291,1,2,3,3,2,Nationale,70.0,2
202400027499,2024-12-17,matin,,,94,94033,2,2,6,4,4,Voie communale,30.0,2
202400027500,2024-12-18,après-midi,,,94,94060,3,2,6,4,4,Voie communale,50.0,2
202400027501,2024-01-22,soirée,,,13,13210,5,1,3,4,4,Voie communale,50.0,1
202400027502,2024-03-04,après-midi,,,75,75115,1,1,3,2,4,Voie communale,30.0,1
202400027503,2024-04-12,soirée,,,38,38185,5,1,3,4,4,Voie communale,50.0,1
202400027504,2024-12-18,matin,,,94,94017,1,1,3,4,3,Départementale,50.0,1
202400027505,2024-01-23,matin,,,13,13001,1,1,7,2,4,Voie communale,50.0,9
202400027506,2024-04-12,soirée,,,37,37261,5,1,7,4,7,Autre,50.0,1