Num_Acc,date,time_of_day,lat,long,dep,com,lum,atm,col,severity_index,catr,catr_label,vma,surf
202400027507,2024-03-05,après-midi,,,75,75119,1,1,2,4,4,Voie communale,30.0,1
202400027508,2024-01-22,soirée,,,13,13001,5,2,1,3,3,Départementale,80.0,2
202400027509,2024-12-17,après-midi,,,94,94002,1,1,6,4,3,Départementale,50.0,1
202400027510,2024-04-12,soirée,,,37,37214,1,1,3,4,4,Voie communale,50.0,1
202400027511,2024-03-05,matin,,,75,75119,1,1,3,4,4,Voie communale,30.0,1
202400027512,2024-01-23,soirée,,,11,11262,5,1,6,4,4,Voie communale,50.0,1
202400027513,2024-04-12,après-midi,,,37,37261,1,1,3,4,4,Voie communale,50.0,1
202400027514,2024-03-05,après-midi,,,75,75118,1,1,6,4,4,Voie communale,30.0,1
202400027515,2024-01-23,matin,,,11,11262,1,1,1,3,4,Voie communale,50.0,2
202400027516,2024-12-18,soirée,,,93,93078,5,8,3,4,4,Voie communale,50.0,2
202400027517,2024-01-21,après-midi,,,11,11069,1,1,6,4,3,Départementale,50.0,1
202400027518,2024-03-04,après-midi,,,75,75114,1,1,7,4,4,Voie communale,50.0,1
202400027519,2024-12-18,après-midi,,,93,93059,5,1,6,4,4,Voie communale,30.0,1
202400027520,2024-04-13,nuit,,,35,35238,5,1,1,4,4,Voie communale,30.0,1
202400027521,2024-01-22,matin,,,10,10297,1,1,2,4,4,Voie communale,50.0,1
202400027522,2024-04-12,matin,,,33,33069,1,1,3,4,4,Voie communale,50.0,1
202400027523,2024-03-05,après-midi,,,75,75108,1,8,2,3,4,Voie communale,30.0,1
202400027524,2024-12-18,après-midi,,,93,93059,1,1,3,4,3,Départementale,50.0,1
202400027525,2024-01-23,après-midi,,,06,06069,1,1,1,4,3,Départementale,50.0,1
202400027526,2024-04-12,nuit,,,33,33281,5,1,6,4,4,Voie communale,50.0,1
202400027527,2024-12-18,après-midi,,,93,93066,1,1,3,4,3,Départementale,50.0,1
202400027528,2024-03-05,soirée,,,75,75107,5,2,6,4,4,Voie communale,30.0,2
202400027529,2024-12-18,soirée,,,93,93055,5,8,1,4,3,Départementale,30.0,1
202400027530,2024-01-22,après-midi,,,01,01053,5,2,3,4,4,Voie communale,50.0,2
202400027531,2024-03-05,matin,,,75,75102,1,1,6,4,4,Voie communale,30.0,1
202400027532,2024-04-11,après-midi,,,33,33119,1,1,3,4,4,Voie communale,30.0,1
202400027533,2024-12-18,soirée,,,93,93051,5,1,3,4,4,Voie communale,30.0,1
202400027534,2024-01-23,matin,,,75,75117,1,1,2,4,4,Voie communale,70.0,1
202400027535,2024-04-12,nuit,,,33,33529,5,1,7,4,4,Voie communale,50.0,1
202400027536,2024-03-05,soirée,,,94,94078,5,2,6,3,3,Départementale,30.0,2
202400027537,2024-12-18,matin,,,93,93047,1,8,6,4,4,Voie communale,30.0,1
202400027538,2024-01-23,après-midi,,,75,75119,1,1,6,4,4,Voie communale,30.0,2
202400027539,2024-04-12,soirée,,,33,33529,1,1,7,2,4,Voie communale,50.0,1
202400027540,2024-03-05,matin,,,94,94068,1,8,3,4,3,Départementale,30.0,2
202400027541,2024-12-18,après-midi,,,92,92062,1,1,3,4,4,Voie communale,50.0,1
202400027542,2024-01-23,soirée,,,75,75118,5,1,3,4,4,Voie communale,30.0,2
202400027543,2024-04-11,soirée,,,27,27229,1,1,4,4,4,Voie communale,50.0,1
202400027544,2024-12-18,soirée,,,92,92020,3,1,3,4,4,Voie communale,50.0,1
202400027545,2024-03-04,après-midi,,,94,94068,1,1,3,4,3,Départementale,30.0,1
202400027546,2024-01-23,matin,,,75,75117,2,1,7,4,4,Voie communale,30.0,1
202400027547,2024-12-18,matin,,,92,92044,1,1,7,4,4,Voie communale,50.0,1
202400027548,2024-04-12,matin,,,19,19031,1,1,2,4,4,Voie communale,50.0,1
202400027549,2024-12-18,soirée,,,92,92040,5,1,6,4,3,Départementale,30.0,1
202400027550,2024-04-11,soirée,,,19,19031,2,1,7,4,4,Voie communale,50.0,1
202400027551,2024-01-22,après-midi,,,75,75116,1,1,3,4,4,Voie communale,30.0,1
202400027552,2024-12-18,nuit,,,92,92036,5,8,6,4,3,Départementale,50.0,1
202400027553,2024-12-18,soirée,,,92,92026,5,1,3,3,3,Départementale,50.0,1
202400027554,2024-01-23,après-midi,,,75,75114,1,1,3,4,4,Voie communale,50.0,2
202400027555,2024-12-18,après-midi,,,92,92026,1,1,2,4,3,Départementale,30.0,1
202400027556,2024-01-23,soirée,,,75,75108,5,2,7,4,4,Voie communale,50.0,2
202400027557,2024-04-11,après-midi,,,15,15014,1,1,3,4,3,Départementale,90.0,1
202400027558,2024-01-23,matin,,,75,75108,1,2,3,3,4,Voie communale,30.0,2
202400027559,2024-12-18,soirée,,,92,92024,5,2,3,4,3,Départementale,50.0,3
202400027560,2024-04-11,après-midi,,,15,15012,1,1,2,4,4,Voie communale,50.0,1
202400027561,2024-12-18,soirée,,,92,92012,5,1,3,4,4,Voie communale,30.0,2
202400027562,2024-01-23,soirée,,,94,94016,5,1,6,4,4,Voie communale,50.0,1
202400027563,2024-12-18,nuit,,,37,37216,4,2,6,3,3,Départementale,50.0,2
202400027564,2024-04-12,nuit,,,13,13204,5,1,6,3,4,Voie communale,50.0,1
202400027565,2024-01-23,après-midi,,,94,94011,1,2,3,4,3,Départementale,50.0,2
202400027566,2024-12-18,après-midi,,,38,38378,2,1,6,3,4,Voie communale,50.0,1
202400027567,2024-01-22,après-midi,,,94,94017,1,1,3,4,3,Départementale,50.0,1
202400027568,2024-04-12,soirée,,,13,13209,1,1,1,4,3,Départementale,70.0,1
202400027569,2024-01-23,matin,,,93,93073,1,1,6,4,4,Voie communale,50.0,1
202400027570,2024-12-19,après-midi,,,52,52058,1,3,1,3,3,Départementale,90.0,2
202400027571,2024-01-23,matin,,,93,93046,5,1,6,4,3,Départementale,,1
202400027572,2024-04-12,matin,,,13,13209,2,1,3,4,4,Voie communale,50.0,1
202400027573,2024-01-23,soirée,,,93,93039,5,1,3,4,3,Départementale,50.0,1
202400027574,2024-12-19,matin,,,26,26169,1,1,3,4,1,Autoroute,130.0,2
202400027575,2024-04-11,soirée,,,13,13213,5,1,3,4,3,Départementale,50.0,1
202400027576,2024-01-22,soirée,,,93,93066,5,1,2,2,3,Départementale,50.0,2
202400027577,2024-12-12,nuit,,,01,01285,5,1,3,4,3,Départementale,70.0,1
202400027578,2024-01-23,matin,,,93,93048,1,1,6,4,3,Départementale,30.0,1
202400027579,2024-01-23,nuit,,,93,93007,5,1,6,4,4,Voie communale,50.0,1
202400027580,2024-04-12,après-midi,,,13,13047,1,1,4,4,2,Nationale,80.0,1
202400027581,2024-01-23,matin,,,93,93001,1,1,6,4,3,Départementale,50.0,1
202400027582,2024-04-11,nuit,,,13,13004,5,6,3,4,4,Voie communale,50.0,1
202400027583,2024-01-23,nuit,,,93,93001,5,1,3,4,3,Départementale,50.0,1
202400027584,2024-04-12,après-midi,,,10,10387,1,1,3,4,4,Voie communale,50.0,1
202400027585,2024-04-12,matin,,,06,06069,1,1,2,4,3,Départementale,50.0,1
202400027586,2024-04-12,après-midi,,,75,75115,1,1,2,4,4,Voie communale,70.0,1
202400027587,2024-01-22,matin,,,93,93001,1,2,5,4,4,Voie communale,50.0,2
202400027588,2024-04-12,matin,,,75,75116,2,1,7,4,4,Voie communale,50.0,3
202400027589,2024-01-23,matin,,,92,92063,1,2,3,4,3,Départementale,50.0,2
202400027590,2024-04-12,matin,,,75,75112,1,1,3,4,4,Voie communale,70.0,1
202400027591,2024-01-23,après-midi,,,92,92050,1,1,2,3,3,Départementale,50.0,1
202400027592,2024-01-23,matin,,,92,92050,1,1,6,4,3,Départementale,50.0,1
202400027593,2024-04-09,nuit,,,75,75114,5,1,5,4,4,Voie communale,70.0,1
202400027594,2024-01-23,matin,,,92,92048,1,1,3,3,4,Voie communale,30.0,1
202400027595,2024-04-07,nuit,,,75,75119,5,1,6,3,4,Voie communale,70.0,1
202400027596,2024-01-23,matin,,,92,92044,1,8,2,4,4,Voie communale,50.0,1
202400027597,2024-01-22,après-midi,,,92,92044,1,1,6,4,4,Voie communale,50.0,1
202400027598,2024-04-12,après-midi,,,75,75120,1,1,6,4,4,Voie communale,30.0,1
202400027599,2024-01-23,matin,,,92,92023,1,2,3,3,4,Voie communale,50.0,2
202400027600,2024-04-12,matin,,,75,75119,1,1,6,4,4,Voie communale,30.0,1
202400027601,2024-01-23,soirée,,,95,95487,3,1,6,3,3,Départementale,,1
202400027602,2024-04-12,après-midi,,,75,75118,1,1,6,4,4,Voie communale,30.0,1
202400027603,2024-04-12,soirée,,,75,75116,1,1,2,4,4,Voie communale,30.0,1
202400027604,2024-01-23,soirée,,,26,26166,3,1,4,4,1,Autoroute,130.0,1
202400027605,2024-04-12,soirée,,,75,75115,1,1,2,4,4,Voie communale,30.0,1
202400027606,2024-01-24,matin,,,86,86028,1,1,7,2,3,Départementale,80.0,1
202400027607,2024-04-12,après-midi,,,75,75115,1,1,6,4,4,Voie communale,30.0,1
202400027608,2024-01-23,matin,,,58,58102,5,8,3,4,3,Départementale,50.0,2
202400027609,2024-01-22,après-midi,,,85,85215,2,8,3,4,3,Départementale,80.0,1
202400027610,2024-04-12,après-midi,,,75,75115,1,1,3,4,4,Voie communale,30.0,1
202400027611,2024-01-23,matin,,,47,47165,1,1,7,4,3,Départementale,50.0,2
202400027612,2024-01-24,matin,,,59,59229,3,8,3,3,3,Départementale,,2
202400027613,2024-04-12,après-midi,,,75,75114,1,1,6,4,4,Voie communale,30.0,1
202400027614,2024-01-24,après-midi,,,56,56185,1,1,3,3,3,Départementale,80.0,1
202400027615,2024-01-24,matin,,,65,65025,1,1,2,4,3,Départementale,50.0,1
202400027616,2024-04-12,après-midi,,,75,75114,1,1,6,4,4,Voie communale,30.0,1
202400027617,2024-04-12,matin,,,75,75113,1,1,6,4,4,Voie communale,30.0,1
202400027618,2024-01-23,matin,,,65,65025,1,1,3,4,3,Départementale,50.0,1
202400027619,2024-04-12,soirée,,,75,75110,5,1,6,4,4,Voie communale,30.0,1
202400027620,2024-04-12,après-midi,,,75,75109,1,1,6,4,4,Voie communale,30.0,1
202400027621,2024-01-23,matin,,,33,33424,1,8,4,2,3,Départementale,80.0,2
202400027622,2024-04-12,après-midi,,,75,75102,1,1,7,4,4,Voie communale,30.0,1
202400027623,2024-01-23,soirée,,,63,63058,5,1,6,4,3,Départementale,50.0,1
202400027624,2024-01-23,soirée,,,42,42323,2,1,3,4,4,Voie communale,50.0,1
202400027625,2024-04-12,après-midi,,,94,94081,1,7,3,4,3,Départementale,50.0,1
202400027626,2024-04-12,après-midi,,,94,94081,1,7,3,4,4,Voie communale,30.0,1
202400027627,2024-01-23,après-midi,,,42,42021,1,1,1,4,3,Départementale,80.0,1
202400027628,2024-04-11,après-midi,,,94,94068,1,1,6,4,3,Départementale,50.0,1
202400027629,2024-01-24,matin,,,41,41233,2,2,1,3,3,Départementale,50.0,2
202400027630,2024-04-08,après-midi,,,94,94058,1,1,6,4,4,Voie communale,30.0,1
202400027631,2024-01-23,après-midi,,,29,29004,1,2,6,3,4,Voie communale,50.0,2
202400027632,2024-04-12,soirée,,,94,94046,1,1,6,4,4,Voie communale,,1
202400027633,2024-01-23,après-midi,,,01,01449,1,1,6,3,3,Départementale,80.0,1
202400027634,2024-04-12,soirée,,,94,94016,1,1,3,4,3,Départementale,50.0,1
202400027635,2024-01-24,après-midi,,,26,26124,1,1,2,2,2,Nationale,90.0,1
202400027636,2024-04-12,soirée,,,94,94073,5,1,3,4,4,Voie communale,,1
202400027637,2024-01-23,nuit,,,58,58095,5,1,3,4,3,Départementale,50.0,1
202400027638,2024-04-11,nuit,,,94,94033,5,1,3,4,3,Départementale,30.0,1
202400027639,2024-01-21,après-midi,,,72,72290,1,2,6,4,4,Voie communale,80.0,2
202400027640,2024-04-11,matin,,,94,94055,2,1,2,4,3,Départementale,50.0,1
202400027641,2024-04-12,matin,,,93,93050,1,1,6,4,4,Voie communale,,1
202400027642,2024-01-24,soirée,,,14,14504,3,1,2,4,3,Départementale,80.0,1
202400027643,2024-01-24,après-midi,,,64,64155,1,1,7,2,3,Départementale,80.0,1
202400027644,2024-04-12,matin,,,93,93048,1,1,3,4,3,Départementale,50.0,1
202400027645,2024-01-23,soirée,,,16,16005,5,2,7,3,6,Autre,30.0,2
202400027646,2024-04-12,matin,,,93,93046,1,1,6,4,4,Voie communale,30.0,1
202400027647,2024-01-23,soirée,,,04,04123,3,1,6,4,4,Voie communale,,1
202400027648,2024-04-12,nuit,,,93,93032,5,1,3,3,3,Départementale,50.0,1
202400027649,2024-01-24,soirée,,,85,85157,3,8,6,2,3,Départementale,80.0,2
202400027650,2024-04-12,matin,,,93,93071,4,1,2,4,4,Voie communale,50.0,1
202400027651,2024-01-24,après-midi,,,87,87057,1,1,3,3,2,Nationale,80.0,2
202400027652,2024-04-12,après-midi,,,92,92036,1,1,3,4,3,Départementale,50.0,1
202400027653,2024-04-12,matin,,,92,92062,2,1,6,4,9,Autre,10.0,1
202400027654,2024-01-23,matin,,,30,30003,1,1,2,3,3,Départementale,90.0,1
202400027655,2024-05-20,après-midi,,,51,51172,1,1,3,4,4,Voie communale,50.0,1
202400027656,2024-04-11,nuit,,,92,92025,5,1,3,4,3,Départementale,30.0,1
202400027657,2024-01-23,matin,,,68,68375,1,1,2,4,3,Départementale,,1
202400027658,2024-09-02,matin,,,93,93051,1,1,2,4,1,Autoroute,90.0,1
202400027659,2024-04-12,après-midi,,,92,92024,1,1,4,4,3,Départementale,30.0,1
202400027660,2024-01-24,matin,,,978,97801,2,1,1,4,2,Nationale,50.0,1
202400027661,2024-05-21,après-midi,,,44,44184,1,1,3,4,4,Voie communale,50.0,1
202400027662,2024-01-16,soirée,,,91,91179,3,1,4,4,3,Départementale,90.0,1
202400027663,2024-04-08,après-midi,,,92,92004,1,1,3,4,3,Départementale,50.0,1
202400027664,2024-01-24,après-midi,,,40,40134,1,1,6,3,1,Autoroute,130.0,1
202400027665,2024-04-12,nuit,,,92,92002,5,1,6,4,3,Départementale,50.0,1
202400027666,2024-08-15,après-midi,,,44,44109,1,1,3,4,4,Voie communale,50.0,1
202400027667,2024-01-23,soirée,,,51,51437,3,1,3,4,1,Autoroute,130.0,2
202400027668,2024-04-12,après-midi,,,60,60374,1,1,3,4,4,Voie communale,50.0,1
202400027669,2024-08-15,après-midi,,,44,44109,1,1,6,4,4,Voie communale,30.0,1
202400027670,2024-01-24,après-midi,,,73,73039,1,1,2,4,1,Autoroute,130.0,1
202400027671,2024-04-04,après-midi,,,51,51141,1,1,3,4,3,Départementale,50.0,1
202400027672,2024-08-14,après-midi,,,44,44109,1,1,7,4,4,Voie communale,50.0,1
202400027673,2024-05-22,nuit,,,44,44109,5,1,3,4,4,Voie communale,30.0,1
202400027674,2024-01-23,après-midi,,,987,98731,1,1,6,3,2,Nationale,40.0,1
202400027675,2024-04-12,matin,,,42,42332,1,7,6,3,4,Voie communale,50.0,1
202400027676,2024-08-14,après-midi,,,44,44143,1,1,6,4,4,Voie communale,50.0,1
202400027677,2024-04-20,matin,,,39,39300,1,1,6,2,4,Voie communale,30.0,2
202400027678,2024-04-12,nuit,,,77,77505,3,1,2,4,1,Autoroute,130.0,1
202400027679,2024-01-22,matin,,,37,37014,1,2,3,4,3,Départementale,50.0,2
202400027680,2024-05-21,matin,,,38,38053,2,1,3,4,4,Voie communale,50.0,1
202400027681,2024-04-13,après-midi,,,83,83148,1,1,3,2,4,Voie communale,70.0,1
202400027682,2024-04-12,matin,,,42,42097,1,1,5,3,1,Autoroute,110.0,1
202400027683,2024-01-19,matin,,,2B,2B093,2,1,3,3,3,Départementale,80.0,1
202400027684,2024-04-12,soirée,,,83,83048,3,1,7,2,4,Voie communale,50.0,1
202400027685,2024-08-11,après-midi,,,44,44109,1,1,3,4,4,Voie communale,50.0,1
202400027686,2024-05-20,matin,,,37,37261,1,1,3,4,4,Voie communale,50.0,1
202400027687,2024-01-23,soirée,,,66,66065,2,1,6,4,4,Voie communale,80.0,1
202400027688,2024-04-12,soirée,,,35,35363,3,1,3,2,2,Nationale,110.0,1
202400027689,2024-08-10,après-midi,,,44,44109,1,1,7,4,4,Voie communale,50.0,1
202400027690,2024-05-21,après-midi,,,35,35238,1,1,6,3,4,Voie communale,50.0,1
202400027691,2024-01-21,après-midi,,,83,83068,1,1,3,3,3,Départementale,80.0,1
202400027692,2024-08-09,nuit,,,44,44109,5,1,7,4,4,Voie communale,50.0,1
202400027693,2024-05-21,après-midi,,,35,35238,1,2,6,4,4,Voie communale,30.0,2
202400027694,2024-04-12,soirée,,,62,62042,1,1,1,4,4,Voie communale,50.0,1
202400027695,2024-08-07,matin,,,44,44109,1,1,3,4,4,Voie communale,50.0,1
202400027696,2024-04-13,soirée,,,56,56094,2,1,7,3,3,Départementale,80.0,1
202400027697,2024-05-21,matin,,,35,35238,1,8,3,4,4,Voie communale,50.0,1
202400027698,2024-01-20,soirée,,,69,69167,3,8,6,4,3,Départementale,80.0,1
202400027699,2024-04-13,nuit,,,76,76405,3,1,1,4,2,Nationale,70.0,1
202400027700,2024-04-13,nuit,,,2B,2B096,3,1,6,3,2,Nationale,80.0,1
202400027701,2024-05-20,nuit,,,34,34172,5,1,7,2,4,Voie communale,50.0,1
202400027702,2024-06-22,matin,,,84,84007,1,1,5,4,4,Voie communale,50.0,1
202400027703,2024-01-23,après-midi,,,35,35240,1,1,3,3,4,Voie communale,50.0,2
202400027704,2024-05-21,matin,,,33,33281,1,1,6,4,4,Voie communale,30.0,1
202400027705,2024-04-13,matin,,,32,32107,1,1,7,3,3,Départementale,50.0,1
202400027706,2024-06-22,nuit,,,84,84007,5,1,3,4,4,Voie communale,50.0,1
202400027707,2024-01-22,nuit,,,69,69389,3,1,2,4,7,Autre,70.0,1
202400027708,2024-04-13,soirée,,,71,71132,1,1,3,3,3,Départementale,80.0,1
202400027709,2024-05-21,matin,,,33,33063,1,1,3,4,4,Voie communale,30.0,2
202400027710,2024-06-21,après-midi,,,84,84007,1,1,1,4,4,Voie communale,20.0,1
202400027711,2024-04-12,soirée,,,89,89309,1,1,6,4,3,Départementale,80.0,1
202400027712,2024-05-21,matin,,,29,29051,1,1,7,4,3,Départementale,50.0,1
202400027713,2024-01-23,après-midi,,,92,92002,1,1,5,4,1,Autoroute,90.0,2
202400027714,2024-04-13,après-midi,,,89,89345,1,1,7,3,3,Départementale,90.0,1
202400027715,2024-05-21,matin,,,29,29039,1,1,6,4,4,Voie communale,30.0,1
202400027716,2024-08-07,soirée,,,44,44109,1,1,3,4,4,Voie communale,50.0,1
202400027717,2024-01-23,matin,,,92,92048,1,1,3,4,2,Nationale,110.0,1
202400027718,2024-04-12,nuit,,,63,63211,3,1,6,4,3,Départementale,90.0,1
202400027719,2024-05-20,matin,,,27,27562,1,1,6,4,3,Départementale,50.0,1
202400027720,2024-01-23,matin,,,78,78545,1,8,4,4,1,Autoroute,110.0,1
202400027721,2024-08-06,matin,,,44,44109,2,1,3,4,4,Voie communale,30.0,1
202400027722,2024-05-21,soirée,,,25,25388,1,1,3,4,3,Départementale,50.0,1
202400027723,2024-04-12,matin,,,76,76711,1,1,3,3,3,Départementale,50.0,1
202400027724,2024-01-23,matin,,,92,92036,1,1,3,4,1,Autoroute,70.0,1
202400027725,2024-05-21,matin,,,13,13019,1,1,1,4,4,Voie communale,50.0,1
202400027726,2024-08-03,après-midi,,,44,44109,1,1,6,4,4,Voie communale,30.0,1
202400027727,2024-04-12,nuit,,,12,12077,3,1,7,2,3,Départementale,90.0,9
202400027728,2024-01-22,après-midi,,,93,93066,1,1,2,4,1,Autoroute,90.0,1
202400027729,2024-05-28,après-midi,,,42,42095,1,1,6,4,6,Autre,30.0,1
202400027730,2024-05-21,après-midi,,,13,13203,1,1,1,3,4,Voie communale,50.0,1
202400027731,2024-01-23,soirée,,,93,93051,3,2,2,4,1,Autoroute,90.0,2
202400027732,2024-04-13,après-midi,,,86,86085,1,1,6,3,3,Départementale,80.0,1
202400027733,2024-05-21,après-midi,,,13,13208,1,1,3,3,4,Voie communale,30.0,1
202400027734,2024-05-25,nuit,,,42,42044,5,1,3,4,4,Voie communale,50.0,1
202400027735,2024-01-23,après-midi,,,94,94069,1,8,3,4,1,Autoroute,70.0,2
202400027736,2024-05-20,soirée,,,13,13207,1,1,3,4,4,Voie communale,50.0,1
202400027737,2024-08-03,matin,,,44,44114,1,1,2,4,4,Voie communale,30.0,1
202400027738,2024-01-23,matin,,,94,94073,1,8,3,4,1,Autoroute,90.0,2
202400027739,2024-04-12,soirée,,,86,86016,1,1,1,4,3,Départementale,80.0,1
202400027740,2024-05-21,après-midi,,,13,13028,1,1,2,3,4,Voie communale,50.0,1
202400027741,2024-07-30,matin,,,44,44162,2,1,3,4,4,Voie communale,50.0,1
202400027742,2024-01-22,nuit,,,971,97120,5,1,6,4,3,Départementale,50.0,1
202400027743,2024-05-21,matin,,,13,13001,1,7,3,4,6,Autre,20.0,1
202400027744,2024-04-12,après-midi,,,22,22377,1,1,3,4,4,Voie communale,50.0,1
202400027745,2024-07-30,nuit,,,44,44109,5,1,3,4,4,Voie communale,50.0,1
202400027746,2024-04-12,après-midi,,,39,39577,1,1,1,3,3,Départementale,80.0,1
202400027747,2024-01-22,soirée,,,974,97416,5,1,3,4,3,Départementale,50.0,1
202400027748,2024-07-27,après-midi,,,44,44109,1,1,2,4,4,Voie communale,50.0,1
202400027749,2024-05-21,après-midi,,,06,06088,1,1,6,4,4,Voie communale,30.0,1
202400027750,2024-01-22,soirée,,,974,97416,5,1,5,4,4,Voie communale,50.0,1
202400027751,2024-04-12,nuit,,,25,25321,3,1,3,3,3,Départementale,90.0,1
202400027752,2024-05-21,matin,,,06,06069,1,1,3,4,3,Départementale,50.0,1
202400027753,2024-01-22,nuit,,,974,97416,1,1,6,4,3,Départementale,50.0,1
202400027754,2024-09-01,matin,,,94,94044,1,1,5,4,2,Nationale,90.0,1
202400027755,2024-01-22,matin,,,974,97409,1,1,3,4,3,Départementale,50.0,1
202400027756,2024-05-21,soirée,,,01,01451,1,8,7,3,3,Départementale,80.0,2
202400027757,2024-04-13,après-midi,,,44,44087,1,1,1,4,3,Départementale,70.0,1
202400027758,2024-04-11,soirée,,,67,67230,1,1,5,4,3,Départementale,80.0,1
202400027759,2024-01-21,soirée,,,973,97302,3,1,6,4,4,Voie communale,50.0,1
202400027760,2024-09-02,soirée,,,974,97416,5,1,6,4,4,Voie communale,30.0,1
202400027761,2024-04-12,après-midi,,,29,29276,1,1,3,3,3,Départementale,50.0,1
202400027762,2024-01-22,soirée,,,69,69388,2,1,3,4,4,Voie communale,50.0,2
202400027763,2024-05-21,matin,,,75,75116,1,1,2,4,4,Voie communale,70.0,1
202400027764,2024-04-12,soirée,,,29,29007,1,1,7,3,3,Départementale,80.0,1
202400027765,2024-09-01,soirée,,,974,97411,3,1,6,3,2,Nationale,90.0,1
202400027766,2024-01-21,soirée,,,972,97209,5,1,6,3,1,Autoroute,90.0,1
202400027767,2024-04-13,matin,,,31,31027,1,1,2,2,3,Départementale,80.0,1
202400027768,2024-01-22,matin,,,971,97120,1,1,7,4,4,Voie communale,50.0,1
202400027769,2024-08-31,après-midi,,,974,97411,1,1,3,3,4,Voie communale,30.0,1
202400027770,2024-05-21,matin,,,75,75119,1,1,4,4,4,Voie communale,70.0,1
202400027771,2024-02-17,soirée,,,38,38463,3,1,7,3,3,Départementale,80.0,1
202400027772,2024-09-01,nuit,,,971,97113,5,1,3,4,2,Nationale,90.0,1
202400027773,2024-01-20,nuit,,,971,97101,5,1,4,4,4,Voie communale,90.0,2
202400027774,2024-04-13,matin,,,38,38183,1,1,6,4,4,Voie communale,80.0,1
202400027775,2024-05-21,nuit,,,75,75118,2,1,2,4,4,Voie communale,70.0,1
202400027776,2024-08-31,soirée,,,971,97113,5,1,2,4,2,Nationale,70.0,1
202400027777,2024-01-22,nuit,,,95,95598,5,1,3,4,3,Départementale,50.0,1
202400027778,2024-05-21,après-midi,,,75,75112,1,2,6,4,4,Voie communale,30.0,2
202400027779,2024-04-13,matin,,,02,02222,1,1,1,4,3,Départementale,80.0,1
202400027780,2024-01-22,après-midi,,,91,91434,1,7,6,4,4,Voie communale,50.0,1
202400027781,2024-08-31,matin,,,971,97113,1,1,6,4,2,Nationale,90.0,1
202400027782,2024-05-21,après-midi,,,75,75119,5,1,6,4,4,Voie communale,50.0,1
202400027783,2024-04-13,matin,,,03,03155,1,1,6,3,3,Départementale,50.0,1
202400027784,2024-01-22,matin,,,91,91286,1,1,6,4,4,Voie communale,50.0,1
202400027785,2024-05-21,après-midi,,,75,75119,1,1,6,4,4,Voie communale,30.0,1
202400027786,2024-01-21,après-midi,,,91,91433,1,8,7,4,3,Départementale,50.0,2
202400027787,2024-05-21,matin,,,75,75117,1,8,2,4,4,Voie communale,30.0,1
202400027788,2024-04-13,matin,,,15,15261,1,7,3,4,3,Départementale,90.0,1
202400027789,2024-09-02,matin,,,91,91477,1,1,2,4,4,Voie communale,50.0,1
202400027790,2024-01-17,après-midi,,,85,85194,1,1,6,3,4,Voie communale,50.0,1
202400027791,2024-05-21,matin,,,75,75116,1,1,1,4,4,Voie communale,30.0,1
202400027792,2024-01-22,matin,,,85,85191,1,2,3,3,3,Départementale,50.0,2
202400027793,2024-08-31,matin,,,87,87085,1,1,3,4,4,Voie communale,50.0,1
202400027794,2024-04-13,après-midi,,,26,26108,1,7,2,3,3,Départementale,80.0,1
202400027795,2024-05-21,après-midi,,,75,75115,1,1,6,4,4,Voie communale,5.0,1
202400027796,2024-01-22,après-midi,,,84,84087,1,2,6,3,4,Voie communale,50.0,2
202400027797,2024-08-22,soirée,,,87,87085,5,1,3,4,4,Voie communale,30.0,1
202400027798,2024-05-20,après-midi,,,75,75114,1,1,3,3,4,Voie communale,50.0,1
202400027799,2024-01-21,matin,,,84,84007,1,1,1,4,3,Départementale,70.0,1
202400027800,2024-09-02,après-midi,,,84,84007,1,1,6,4,4,Voie communale,50.0,1
202400027801,2024-07-26,soirée,,,51,51454,2,2,1,4,4,Voie communale,30.0,2
202400027802,2024-04-13,après-midi,,,54,54536,1,1,3,3,3,Départementale,50.0,1
202400027803,2024-05-21,après-midi,,,75,75113,1,1,3,4,4,Voie communale,30.0,1
202400027804,2024-01-20,après-midi,,,30,30011,1,1,4,4,3,Départementale,80.0,1
202400027805,2024-09-02,matin,,,84,84092,1,1,6,3,4,Voie communale,20.0,1
202400027806,2024-07-24,nuit,,,50,50129,5,1,1,4,3,Départementale,70.0,1
202400027807,2024-04-12,soirée,,,45,45127,2,1,3,3,4,Voie communale,,1
202400027808,2024-05-21,matin,,,75,75112,1,1,6,4,4,Voie communale,30.0,1
202400027809,2024-09-01,après-midi,,,84,84007,1,1,2,4,3,Départementale,70.0,1
202400027810,2024-01-18,soirée,,,83,83126,5,1,3,3,4,Voie communale,50.0,1
202400027811,2024-04-12,matin,,,16,16066,1,1,6,3,3,Départementale,90.0,1
202400027812,2024-09-02,après-midi,,,83,83126,1,1,6,4,4,Voie communale,50.0,1
202400027813,2024-07-24,après-midi,,,50,50129,1,1,3,4,4,Voie communale,50.0,1
202400027814,2024-01-22,matin,,,83,83126,1,1,6,4,4,Voie communale,50.0,1
202400027815,2024-04-13,après-midi,,,16,16223,1,1,6,2,3,Départementale,90.0,1
202400027816,2024-05-21,après-midi,,,75,75111,1,1,3,4,4,Voie communale,30.0,1
202400027817,2024-09-02,matin,,,82,82033,1,1,3,4,3,Départementale,80.0,1