Num_Acc,date,time_of_day,lat,long,dep,com,lum,atm,col,severity_index,catr,catr_label,vma,surf
202400027818,2024-05-21,matin,,,75,75110,1,1,2,4,4,Voie communale,30.0,1
202400027819,2024-07-26,matin,,,47,47001,1,1,1,4,4,Voie communale,50.0,1
202400027820,2024-04-12,après-midi,,,07,07101,1,1,3,4,4,Voie communale,80.0,1
202400027821,2024-09-01,nuit,,,78,78621,5,1,3,4,4,Voie communale,50.0,1
202400027822,2024-07-25,nuit,,,44,44162,2,1,6,3,4,Voie communale,30.0,1
202400027823,2024-05-21,soirée,,,75,75109,1,1,6,4,4,Voie communale,30.0,1
202400027824,2024-04-12,après-midi,,,07,07120,1,1,2,3,9,Autre,50.0,1
202400027825,2024-09-02,matin,,,77,77372,1,7,3,4,3,Départementale,50.0,1
202400027826,2024-05-21,après-midi,,,75,75108,1,1,3,3,4,Voie communale,50.0,1
202400027827,2024-07-23,après-midi,,,40,40281,1,1,5,4,3,Départementale,50.0,1
202400027828,2024-01-22,après-midi,,,77,77258,1,1,1,3,4,Voie communale,30.0,1
202400027829,2024-05-21,nuit,,,75,75108,5,3,2,4,4,Voie communale,30.0,2
202400027830,2024-07-26,matin,,,38,38185,1,1,6,3,4,Voie communale,30.0,1
202400027831,2024-01-21,matin,,,76,76005,1,2,6,4,4,Voie communale,30.0,2
202400027832,2024-09-01,après-midi,,,77,77186,1,1,1,3,3,Départementale,70.0,1
202400027833,2024-04-12,après-midi,,,21,21056,1,7,3,3,3,Départementale,80.0,1
202400027834,2024-05-21,matin,,,75,75107,1,1,4,4,4,Voie communale,30.0,1
202400027835,2024-07-27,nuit,,,33,33063,5,1,2,4,4,Voie communale,,1
202400027836,2024-01-22,matin,,,76,76351,1,1,7,4,4,Voie communale,50.0,2
202400027837,2024-08-07,nuit,,,76,76351,5,1,3,4,4,Voie communale,50.0,1
202400027838,2024-04-12,matin,,,40,40117,1,1,3,3,3,Départementale,80.0,1
202400027839,2024-05-21,nuit,,,75,75102,5,3,3,4,4,Voie communale,30.0,2
202400027840,2024-07-26,après-midi,,,32,32013,1,1,3,4,3,Départementale,50.0,1
202400027841,2024-01-22,matin,,,76,76351,5,2,3,4,4,Voie communale,50.0,2
202400027842,2024-08-29,après-midi,,,76,76351,1,1,7,3,4,Voie communale,50.0,1
202400027843,2024-05-21,après-midi,,,94,94003,1,1,7,4,9,Autre,50.0,1
202400027844,2024-07-26,après-midi,,,31,31555,1,1,7,4,7,Autre,50.0,1
202400027845,2024-04-12,après-midi,,,04,04094,1,1,3,3,3,Départementale,80.0,1
202400027846,2024-01-20,soirée,,,76,76351,5,1,3,4,4,Voie communale,50.0,1
202400027847,2024-08-30,soirée,,,76,76552,1,1,3,4,3,Départementale,30.0,1
202400027848,2024-05-20,matin,,,94,94076,1,1,6,4,3,Départementale,50.0,1
202400027849,2024-07-26,matin,,,29,29254,1,1,6,3,3,Départementale,70.0,1
202400027850,2024-04-12,après-midi,,,30,30228,1,1,3,3,3,Départementale,80.0,1
202400027851,2024-01-19,soirée,,,76,76351,5,1,7,4,4,Voie communale,,1
202400027852,2024-05-21,après-midi,,,94,94073,1,1,3,4,4,Voie communale,,1
202400027853,2024-04-13,matin,,,48,48190,2,1,6,3,3,Départementale,90.0,1
202400027854,2024-09-02,soirée,,,74,74012,5,1,7,4,4,Voie communale,30.0,1
202400027855,2024-01-19,matin,,,76,76351,1,1,6,4,4,Voie communale,50.0,1
202400027856,2024-07-26,matin,,,27,27451,1,1,5,4,4,Voie communale,70.0,1
202400027857,2024-09-02,matin,,,72,72003,1,1,6,4,4,Voie communale,50.0,1
202400027858,2024-04-12,après-midi,,,13,13118,1,1,3,3,3,Départementale,,1
202400027859,2024-01-22,soirée,,,74,74012,5,1,6,4,4,Voie communale,50.0,2
202400027860,2024-09-01,matin,,,72,72181,1,1,6,2,4,Voie communale,30.0,1
202400027861,2024-07-26,soirée,,,26,26252,2,1,2,4,3,Départementale,50.0,1
202400027862,2024-05-13,après-midi,,,94,94017,1,1,4,4,3,Départementale,50.0,1
202400027863,2024-04-13,après-midi,,,01,01049,1,1,6,3,1,Autoroute,130.0,1
202400027864,2024-05-21,matin,,,93,93070,1,1,6,4,3,Départementale,50.0,1
202400027865,2024-07-26,après-midi,,,17,17380,1,1,1,4,4,Voie communale,30.0,1
202400027866,2024-01-21,après-midi,,,72,72181,1,1,3,4,4,Voie communale,50.0,1
202400027867,2024-09-02,matin,,,69,69013,1,1,5,4,3,Départementale,50.0,1
202400027868,2024-04-10,après-midi,,,91,91679,1,1,1,2,3,Départementale,80.0,1
202400027869,2024-08-30,soirée,,,67,67043,2,1,6,3,4,Voie communale,30.0,1
202400027870,2024-05-21,soirée,,,93,93064,1,2,3,4,4,Voie communale,30.0,2
202400027871,2024-04-12,après-midi,,,49,49223,1,1,7,3,1,Autoroute,50.0,1
202400027872,2024-01-21,après-midi,,,72,72181,1,8,2,4,4,Voie communale,50.0,1
202400027873,2024-07-23,soirée,,,14,14225,1,1,2,4,4,Voie communale,30.0,1
202400027874,2024-09-02,nuit,,,67,67482,5,1,7,4,4,Voie communale,30.0,2
202400027875,2024-05-21,après-midi,,,93,93051,1,1,3,4,3,Départementale,50.0,1
202400027876,2024-01-22,soirée,,,69,69266,3,2,6,3,4,Voie communale,50.0,2
202400027877,2024-04-11,matin,,,972,97230,1,1,3,4,3,Départementale,80.0,1
202400027878,2024-07-22,soirée,,,14,14341,1,1,2,3,2,Nationale,90.0,1
202400027879,2024-05-21,après-midi,,,93,93074,1,1,7,4,3,Départementale,90.0,1
202400027880,2024-09-01,matin,,,66,66136,2,8,1,4,3,Départementale,80.0,1
202400027881,2024-04-06,après-midi,,,37,37072,1,1,6,4,6,Autre,50.0,1
202400027882,2024-01-22,soirée,,,69,69286,5,3,3,4,7,Autre,50.0,2
202400027883,2024-05-21,matin,,,93,93074,1,1,2,4,4,Voie communale,50.0,1
202400027884,2024-07-26,nuit,,,13,13117,5,1,3,4,3,Départementale,50.0,1
202400027885,2024-09-01,soirée,,,64,64445,1,1,6,4,4,Voie communale,50.0,1
202400027886,2024-04-13,après-midi,,,45,45085,1,1,1,4,6,Autre,,1
202400027887,2024-05-21,après-midi,,,93,93006,1,2,6,4,3,Départementale,30.0,2
202400027888,2024-01-22,après-midi,,,69,69275,1,2,6,3,4,Voie communale,30.0,2
202400027889,2024-07-27,nuit,,,13,13208,5,1,2,4,4,Voie communale,50.0,1
202400027890,2024-09-02,après-midi,,,64,64024,1,1,3,3,4,Voie communale,50.0,1
202400027891,2024-01-22,soirée,,,69,69091,5,2,6,3,7,Autre,50.0,2
202400027892,2024-04-12,après-midi,,,77,77034,1,7,6,3,3,Départementale,80.0,1
202400027893,2024-05-21,matin,,,93,93047,1,1,6,4,4,Voie communale,,1
202400027894,2024-07-26,nuit,,,13,13206,5,1,3,4,4,Voie communale,50.0,1
202400027895,2024-04-09,soirée,,,2A,2A041,5,1,7,3,4,Voie communale,30.0,1
202400027896,2024-09-01,matin,,,63,63212,1,1,3,4,3,Départementale,90.0,2
202400027897,2024-01-21,après-midi,,,67,67218,1,1,3,4,4,Voie communale,50.0,1
202400027898,2024-07-23,matin,,,13,13208,1,1,1,3,4,Voie communale,50.0,1
202400027899,2024-05-21,après-midi,,,93,93001,1,8,1,4,3,Départementale,50.0,1
202400027900,2024-09-02,soirée,,,63,63113,1,1,3,4,4,Voie communale,50.0,1
202400027901,2024-04-13,matin,,,66,66037,1,1,1,3,4,Voie communale,50.0,1
202400027902,2024-01-22,matin,,,63,63113,1,8,2,4,7,Autre,50.0,1
202400027903,2024-07-26,soirée,,,13,13047,1,1,3,4,4,Voie communale,50.0,1
202400027904,2024-04-30,nuit,,,92,92051,5,1,3,4,4,Voie communale,50.0,1
202400027905,2024-09-02,matin,,,61,61006,1,1,6,4,4,Voie communale,30.0,1
202400027906,2024-05-21,soirée,,,92,92048,1,1,7,4,4,Voie communale,30.0,9
202400027907,2024-01-22,matin,,,62,62498,2,2,5,4,3,Départementale,50.0,2
202400027908,2024-04-13,après-midi,,,30,30330,1,1,3,3,3,Départementale,80.0,1
202400027909,2024-07-26,matin,,,11,11069,1,1,5,4,3,Départementale,70.0,1
202400027910,2024-09-02,soirée,,,59,59512,5,1,1,3,4,Voie communale,50.0,1
202400027911,2024-04-12,après-midi,,,34,34199,1,1,7,3,3,Départementale,90.0,1
202400027912,2024-01-22,soirée,,,60,60057,3,2,3,4,3,Départementale,,2
202400027913,2024-05-21,après-midi,,,34,34202,1,1,4,4,7,Autre,70.0,1
202400027914,2024-07-25,soirée,,,11,11069,1,1,3,4,3,Départementale,80.0,1
202400027915,2024-09-02,soirée,,,59,59350,1,1,6,4,7,Autre,50.0,1
202400027916,2024-01-22,après-midi,,,59,59599,1,1,6,4,7,Autre,50.0,1
202400027917,2024-04-12,après-midi,,,83,83112,1,1,6,3,4,Voie communale,50.0,1
202400027918,2024-05-20,après-midi,,,2A,2A272,1,3,7,3,2,Nationale,70.0,2
202400027919,2024-01-19,matin,,,59,59327,1,4,7,4,4,Voie communale,50.0,5
202400027920,2024-07-25,matin,,,11,11069,1,1,2,4,3,Départementale,70.0,1
202400027921,2024-09-02,matin,,,59,59009,1,1,3,4,7,Autre,50.0,1
202400027922,2024-01-22,matin,,,54,54451,1,4,2,4,4,Voie communale,80.0,7
202400027923,2024-04-13,après-midi,,,58,58214,1,1,1,3,3,Départementale,90.0,1
202400027924,2024-05-22,après-midi,,,30,30334,1,1,1,4,4,Voie communale,50.0,1
202400027925,2024-07-23,matin,,,10,10387,1,2,3,4,4,Voie communale,50.0,2
202400027926,2024-09-02,matin,,,51,51454,1,1,6,4,4,Voie communale,30.0,1
202400027927,2024-01-22,soirée,,,53,53130,5,1,1,3,3,Départementale,50.0,1
202400027928,2024-04-13,après-midi,,,63,63470,1,1,7,3,3,Départementale,90.0,1
202400027929,2024-07-26,matin,,,06,06088,1,1,6,4,7,Autre,20.0,1
202400027930,2024-08-31,matin,,,49,49323,1,3,7,3,1,Autoroute,110.0,2
202400027931,2024-01-22,matin,,,51,51454,1,1,7,4,4,Voie communale,50.0,2
202400027932,2024-05-22,après-midi,,,83,83054,1,1,3,2,3,Départementale,70.0,1
202400027933,2024-04-07,matin,,,38,38072,1,1,7,4,4,Voie communale,50.0,1
202400027934,2024-01-20,nuit,,,49,49007,3,1,7,3,4,Voie communale,50.0,1
202400027935,2024-09-01,nuit,,,49,49007,5,1,3,4,4,Voie communale,50.0,1
202400027936,2024-07-26,après-midi,,,06,06069,1,1,3,4,4,Voie communale,50.0,1
202400027937,2024-05-21,après-midi,,,56,56231,1,3,6,4,2,Nationale,110.0,2
202400027938,2024-04-12,matin,,,38,38138,1,1,7,3,3,Départementale,70.0,1
202400027939,2024-01-19,après-midi,,,49,49007,1,1,7,4,4,Voie communale,50.0,1
202400027940,2024-07-26,matin,,,06,06029,1,1,6,4,6,Autre,50.0,1
202400027941,2024-01-13,après-midi,,,42,42103,2,1,2,3,7,Autre,50.0,1
202400027942,2024-09-02,nuit,,,42,42218,5,1,3,4,4,Voie communale,50.0,1
202400027943,2024-05-21,après-midi,,,79,79216,1,2,3,3,4,Voie communale,80.0,2
202400027944,2024-07-26,matin,,,06,06123,1,1,3,3,7,Autre,50.0,1
202400027945,2024-04-13,matin,,,69,69289,1,1,3,4,3,Départementale,50.0,1
202400027946,2024-01-22,matin,,,37,37122,1,3,2,4,4,Voie communale,50.0,2
202400027947,2024-08-31,après-midi,,,39,39198,1,1,6,4,3,Départementale,50.0,1
202400027948,2024-07-23,après-midi,,,05,05061,1,1,6,3,2,Nationale,50.0,1
202400027949,2024-01-22,après-midi,,,35,35238,1,1,6,4,4,Voie communale,30.0,1
202400027950,2024-04-13,nuit,,,81,81271,3,1,2,4,3,Départementale,80.0,1
202400027951,2024-01-22,soirée,,,34,34172,5,1,6,4,4,Voie communale,50.0,1
202400027952,2024-05-22,après-midi,,,32,32152,1,1,1,3,3,Départementale,80.0,1
202400027953,2024-07-25,après-midi,,,75,75112,1,1,4,4,4,Voie communale,70.0,1
202400027954,2024-04-13,après-midi,,,16,16348,1,1,6,3,2,Nationale,90.0,1
202400027955,2024-09-02,après-midi,,,37,37233,1,1,2,4,4,Voie communale,50.0,1
202400027956,2024-01-22,soirée,,,33,33281,5,9,2,4,4,Voie communale,50.0,2
202400027957,2024-05-21,matin,,,42,42138,1,1,7,2,4,Voie communale,80.0,1
202400027958,2024-07-26,nuit,,,75,75115,5,1,3,4,4,Voie communale,70.0,1
202400027959,2024-04-10,après-midi,,,56,56213,1,2,7,4,3,Départementale,80.0,2
202400027960,2024-09-01,après-midi,,,37,37261,1,1,7,4,4,Voie communale,50.0,1
202400027961,2024-07-25,nuit,,,75,75120,5,1,6,4,4,Voie communale,70.0,1
202400027962,2024-05-21,après-midi,,,46,46334,1,2,1,4,3,Départementale,80.0,2
202400027963,2024-09-02,soirée,,,36,36202,2,1,6,4,3,Départementale,80.0,9
202400027964,2024-07-25,après-midi,,,75,75116,1,1,2,3,4,Voie communale,70.0,1
202400027965,2024-01-22,matin,,,31,31555,1,1,4,3,1,Autoroute,90.0,1
202400027966,2024-04-10,soirée,,,13,13070,1,1,5,4,1,Autoroute,90.0,1
202400027967,2024-05-21,soirée,,,41,41237,1,1,1,3,3,Départementale,90.0,1
202400027968,2024-09-02,après-midi,,,35,35281,1,1,5,4,4,Voie communale,50.0,1
202400027969,2024-01-22,matin,,,29,29232,5,1,2,4,4,Voie communale,50.0,1
202400027970,2024-04-12,soirée,,,33,33249,1,1,2,4,1,Autoroute,70.0,1
202400027971,2024-05-19,matin,,,34,34239,1,1,2,4,3,Départementale,70.0,1
202400027972,2024-09-02,après-midi,,,27,27229,1,1,6,4,4,Voie communale,50.0,1
202400027973,2024-07-26,soirée,,,75,75117,2,2,3,3,4,Voie communale,30.0,2
202400027974,2024-01-22,nuit,,,27,27299,4,2,1,4,4,Voie communale,50.0,2
202400027975,2024-04-12,après-midi,,,33,33063,1,1,3,3,1,Autoroute,70.0,1
202400027976,2024-05-19,après-midi,,,25,25258,1,1,1,4,3,Départementale,,1
202400027977,2024-07-26,matin,,,75,75119,2,2,6,2,4,Voie communale,70.0,2
202400027978,2024-04-12,matin,,,91,91589,3,1,6,4,1,Autoroute,110.0,1
202400027979,2024-09-01,après-midi,,,19,19031,1,2,3,4,4,Voie communale,30.0,2
202400027980,2024-05-22,après-midi,,,35,35010,1,1,1,2,3,Départementale,50.0,1
202400027981,2024-07-26,nuit,,,75,75117,5,3,2,4,4,Voie communale,30.0,2
202400027982,2024-04-12,après-midi,,,92,92047,1,1,3,4,1,Autoroute,110.0,1
202400027983,2024-05-21,soirée,,,29,29302,1,1,6,4,3,Départementale,80.0,1
202400027984,2024-08-31,soirée,,,19,19031,5,1,1,4,4,Voie communale,50.0,1
202400027985,2024-04-12,après-midi,,,78,78646,1,1,3,4,2,Nationale,90.0,1
202400027986,2024-07-25,après-midi,,,75,75120,1,1,4,3,4,Voie communale,70.0,1
202400027987,2024-01-12,après-midi,,,13,13210,1,1,1,3,4,Voie communale,50.0,1
202400027988,2024-04-12,matin,,,78,78640,2,1,7,4,1,Autoroute,110.0,1
202400027989,2024-05-22,soirée,,,02,02583,1,7,1,4,3,Départementale,80.0,1
202400027990,2024-09-02,soirée,,,13,13071,2,1,2,4,4,Voie communale,50.0,1
202400027991,2024-07-24,soirée,,,75,75113,2,1,6,3,4,Voie communale,30.0,1
202400027992,2024-01-22,soirée,,,13,13210,2,1,1,4,4,Voie communale,50.0,1
202400027993,2024-05-21,après-midi,,,03,03109,1,3,7,3,3,Départementale,90.0,2
202400027994,2024-01-22,soirée,,,13,13210,5,1,2,2,4,Voie communale,50.0,1
202400027995,2024-09-02,après-midi,,,13,13214,1,1,3,4,4,Voie communale,50.0,1
202400027996,2024-07-26,après-midi,,,75,75120,1,1,3,4,4,Voie communale,50.0,1
202400027997,2024-05-21,après-midi,,,70,70122,1,1,1,2,3,Départementale,90.0,1
202400027998,2024-04-11,après-midi,,,78,78640,1,1,5,4,1,Autoroute,90.0,1
202400027999,2024-09-02,matin,,,13,13204,1,1,3,4,4,Voie communale,,1
202400028000,2024-05-21,soirée,,,58,58215,1,1,1,3,3,Départementale,50.0,1
202400028001,2024-07-26,matin,,,75,75110,1,1,6,4,4,Voie communale,30.0,1
202400028002,2024-01-22,après-midi,,,13,13215,1,1,5,4,4,Voie communale,50.0,1
202400028003,2024-04-12,après-midi,,,93,93010,1,1,5,4,1,Autoroute,90.0,1
202400028004,2024-09-02,matin,,,13,13028,1,1,3,4,4,Voie communale,50.0,1
202400028005,2024-05-22,nuit,,,06,06138,5,1,6,4,3,Départementale,50.0,1
202400028006,2024-01-21,matin,,,13,13202,1,1,6,3,4,Voie communale,50.0,1
202400028007,2024-07-25,nuit,,,75,75117,5,1,2,4,4,Voie communale,30.0,1
202400028008,2024-04-12,nuit,,,93,93066,5,1,2,4,1,Autoroute,90.0,1
202400028009,2024-08-29,après-midi,,,13,13005,1,1,1,4,3,Départementale,80.0,1
202400028010,2024-05-16,après-midi,,,14,14735,1,1,3,4,3,Départementale,90.0,1
202400028011,2024-01-21,nuit,,,13,13004,5,1,3,4,4,Voie communale,50.0,1
202400028012,2024-07-26,matin,,,75,75115,1,2,3,4,4,Voie communale,30.0,2
202400028013,2024-04-12,après-midi,,,94,94065,1,1,3,3,2,Nationale,90.0,1
202400028014,2024-09-02,après-midi,,,12,12145,1,1,2,4,4,Voie communale,30.0,1
202400028015,2024-05-17,après-midi,,,14,14676,1,1,2,4,3,Départementale,80.0,1
202400028016,2024-07-26,soirée,,,75,75114,1,2,3,4,4,Voie communale,30.0,2
202400028017,2024-09-02,après-midi,,,75,75116,1,1,2,4,4,Voie communale,70.0,1
202400028018,2024-01-18,après-midi,,,13,13001,1,8,3,4,4,Voie communale,50.0,1
202400028019,2024-04-10,soirée,,,976,97611,5,1,3,4,2,Nationale,50.0,1
202400028020,2024-05-17,soirée,,,14,14355,1,1,7,4,3,Départementale,80.0,1
202400028021,2024-07-26,soirée,,,75,75114,1,1,6,3,4,Voie communale,50.0,1
202400028022,2024-09-02,après-midi,,,75,75106,1,1,6,4,4,Voie communale,30.0,1
202400028023,2024-05-21,soirée,,,07,07010,1,1,6,4,4,Voie communale,30.0,1
202400028024,2024-01-22,soirée,,,06,06088,5,1,3,3,4,Voie communale,50.0,1
202400028025,2024-09-01,après-midi,,,75,75105,1,1,6,4,4,Voie communale,30.0,1
202400028026,2024-04-11,matin,,,974,97411,1,8,3,4,4,Voie communale,50.0,1
202400028027,2024-07-26,après-midi,,,75,75110,1,1,6,4,4,Voie communale,30.0,1
202400028028,2024-01-22,après-midi,,,06,06069,1,1,6,4,4,Voie communale,30.0,1
202400028029,2024-05-21,matin,,,24,24259,1,1,1,4,3,Départementale,80.0,2
202400028030,2024-04-11,matin,,,974,97411,1,1,2,4,2,Nationale,50.0,1
202400028031,2024-09-02,matin,,,75,75119,1,1,2,4,4,Voie communale,,1
202400028032,2024-01-22,matin,,,06,06069,5,1,7,4,4,Voie communale,50.0,7
202400028033,2024-07-26,après-midi,,,94,94016,1,8,5,3,4,Voie communale,50.0,1
202400028034,2024-05-11,matin,,,37,37270,1,1,3,3,3,Départementale,70.0,1
202400028035,2024-04-11,matin,,,974,97411,1,1,3,4,4,Voie communale,50.0,1
202400028036,2024-09-02,matin,,,75,75118,1,1,6,4,4,Voie communale,50.0,1
202400028037,2024-01-21,après-midi,,,06,06123,1,1,5,4,7,Autre,50.0,1
202400028038,2024-07-26,matin,,,94,94028,1,2,2,4,3,Départementale,50.0,2
202400028039,2024-05-21,matin,,,06,06088,1,1,2,4,1,Autoroute,90.0,1
202400028040,2024-04-11,après-midi,,,973,97302,1,1,6,2,4,Voie communale,50.0,1
202400028041,2024-09-01,nuit,,,75,75116,5,1,6,4,4,Voie communale,50.0,1
202400028042,2024-05-22,après-midi,,,27,27102,1,1,7,4,1,Autoroute,130.0,1
202400028043,2024-07-26,après-midi,,,94,94002,1,2,6,4,3,Départementale,50.0,2
202400028044,2024-01-08,après-midi,,,02,02304,1,1,2,4,3,Départementale,80.0,1
202400028045,2024-04-11,après-midi,,,973,97302,1,1,1,4,3,Départementale,50.0,1
202400028046,2024-09-02,après-midi,,,75,75115,1,1,3,4,4,Voie communale,,1
202400028047,2024-05-17,après-midi,,,77,77265,1,1,6,4,3,Départementale,30.0,1
202400028048,2024-04-11,matin,,,973,97302,1,1,6,4,3,Départementale,50.0,1
202400028049,2024-07-26,après-midi,,,93,93078,1,1,6,4,4,Voie communale,50.0,1
202400028050,2024-01-21,après-midi,,,75,75105,1,1,6,4,4,Voie communale,30.0,1
202400028051,2024-09-02,nuit,,,75,75112,5,1,2,4,4,Voie communale,50.0,1
202400028052,2024-05-21,soirée,,,30,30211,1,1,3,4,3,Départementale,50.0,1
202400028053,2024-07-26,matin,,,93,93046,1,2,2,4,3,Départementale,50.0,2
202400028054,2024-01-22,après-midi,,,75,75116,1,1,2,4,4,Voie communale,30.0,1
202400028055,2024-07-26,après-midi,,,93,93048,1,2,3,4,4,Voie communale,50.0,2
202400028056,2024-05-21,nuit,,,71,71176,3,8,3,2,3,Départementale,80.0,2
202400028057,2024-09-02,après-midi,,,75,75110,1,1,3,4,4,Voie communale,30.0,1
202400028058,2024-01-22,après-midi,,,75,75115,5,1,7,4,4,Voie communale,30.0,1
202400028059,2024-07-26,matin,,,92,92064,1,2,7,4,3,Départementale,50.0,2
202400028060,2024-05-21,après-midi,,,42,42304,1,1,6,4,3,Départementale,50.0,1
202400028061,2024-09-02,après-midi,,,94,94046,1,1,3,4,3,Départementale,50.0,1
202400028062,2024-05-21,après-midi,,,14,14762,1,2,7,4,3,Départementale,80.0,2
202400028063,2024-01-22,après-midi,,,75,75115,1,1,3,4,4,Voie communale,30.0,1
202400028064,2024-07-26,soirée,,,92,92063,1,3,7,4,4,Voie communale,50.0,2
202400028065,2024-05-22,après-midi,,,22,22050,1,1,6,4,3,Départementale,50.0,1
202400028066,2024-09-02,nuit,,,94,94043,5,1,3,4,3,Départementale,50.0,1
202400028067,2024-01-22,après-midi,,,75,75112,1,8,6,4,4,Voie communale,30.0,2
202400028068,2024-07-26,après-midi,,,92,92062,1,1,3,4,3,Départementale,50.0,1
202400028069,2024-09-02,après-midi,,,94,94038,1,1,6,4,4,Voie communale,30.0,1
202400028070,2024-04-15,soirée,,,60,60628,1,1,2,4,2,Nationale,110.0,1
202400028071,2024-07-22,nuit,,,92,92036,5,1,3,4,1,Autoroute,,1
202400028072,2024-05-21,matin,,,13,13211,1,1,2,4,1,Autoroute,90.0,1
202400028073,2024-09-02,après-midi,,,94,94054,1,1,1,4,3,Départementale,50.0,1
202400028074,2024-07-26,soirée,,,92,92023,1,2,3,4,4,Voie communale,30.0,2
202400028075,2024-09-02,après-midi,,,93,93059,1,1,2,4,3,Départementale,50.0,1
202400028076,2024-04-27,après-midi,,,69,69117,1,1,5,4,1,Autoroute,130.0,1
202400028077,2024-07-26,soirée,,,92,92012,2,2,7,4,3,Départementale,30.0,2
202400028078,2024-09-02,matin,,,93,93051,1,1,6,3,6,Autre,15.0,1
202400028079,2024-07-26,nuit,,,92,92036,5,1,2,4,3,Départementale,70.0,1
202400028080,2024-05-17,soirée,,,59,59109,3,2,2,4,1,Autoroute,130.0,2
202400028081,2024-07-12,matin,,,78,78356,1,1,7,4,3,Départementale,50.0,8
202400028082,2024-09-02,matin,,,93,93031,1,1,3,4,3,Départementale,50.0,1
202400028083,2024-05-21,après-midi,,,92,92002,1,1,3,4,1,Autoroute,90.0,1
202400028084,2024-07-27,après-midi,,,37,37176,1,2,3,4,3,Départementale,80.0,2
202400028085,2024-09-02,après-midi,,,93,93029,1,1,1,4,3,Départementale,50.0,1
202400028086,2024-05-21,soirée,,,91,91179,1,1,3,4,1,Autoroute,110.0,2
202400028087,2024-07-26,après-midi,,,39,39210,1,1,6,3,3,Départementale,90.0,1
202400028088,2024-05-21,matin,,,94,94034,1,2,2,4,1,Autoroute,90.0,2
202400028089,2024-09-01,après-midi,,,93,93027,1,1,1,4,4,Voie communale,50.0,1
202400028090,2024-07-27,après-midi,,,11,11197,1,1,6,2,3,Départementale,80.0,1
202400028091,2024-07-26,après-midi,,,974,97415,1,1,1,3,2,Nationale,50.0,1
202400028092,2024-09-02,matin,,,92,92073,1,1,7,4,3,Départementale,50.0,1
202400028093,2024-05-19,soirée,,,92,92072,1,1,2,4,2,Nationale,70.0,1
202400028094,2024-07-26,après-midi,,,974,97415,1,1,6,3,4,Voie communale,50.0,1
202400028095,2024-05-21,après-midi,,,93,93008,1,1,2,4,1,Autoroute,90.0,1
202400028096,2024-09-02,après-midi,,,92,92064,1,1,3,4,4,Voie communale,50.0,1
202400028097,2024-05-21,matin,,,93,93063,1,1,7,4,1,Autoroute,70.0,1
202400028098,2024-07-26,soirée,,,08,08232,1,8,1,4,3,Départementale,80.0,1
202400028099,2024-09-02,après-midi,,,92,92050,1,1,6,4,3,Départementale,50.0,1
202400028100,2024-09-02,matin,,,92,92048,2,1,6,2,3,Départementale,30.0,1
202400028101,2024-05-21,matin,,,92,92036,1,1,2,4,1,Autoroute,90.0,1
202400028102,2024-07-26,après-midi,,,87,87076,1,1,6,4,9,Autre,,9
202400028103,2024-05-21,matin,,,93,93053,1,8,7,4,1,Autoroute,90.0,2
202400028104,2024-09-02,après-midi,,,92,92040,1,1,3,4,3,Départementale,30.0,1
202400028105,2024-05-21,matin,,,93,93053,1,8,2,4,1,Autoroute,70.0,2
202400028106,2024-07-26,après-midi,,,24,24372,1,1,1,4,3,Départementale,50.0,1
202400028107,2024-09-02,soirée,,,92,92012,1,1,3,3,3,Départementale,30.0,1
202400028108,2024-07-26,soirée,,,24,24367,2,1,7,3,4,Voie communale,80.0,1
202400028109,2024-05-20,après-midi,,,95,95277,1,2,5,4,1,Autoroute,70.0,2
202400028110,2024-09-02,soirée,,,71,71090,3,1,6,4,4,Voie communale,50.0,1
202400028111,2024-07-27,matin,,,17,17010,2,8,2,4,3,Départementale,90.0,1
202400028112,2024-02-05,après-midi,,,50,50454,1,5,2,3,3,Départementale,80.0,2
202400028113,2024-07-27,après-midi,,,85,85209,1,1,6,3,3,Départementale,80.0,1
202400028114,2024-09-03,matin,,,976,97617,1,1,5,2,3,Départementale,70.0,1
202400028115,2024-02-02,matin,,,50,50604,2,5,1,4,3,Départementale,80.0,2
202400028116,2024-07-26,nuit,,,50,50137,3,1,6,3,3,Départementale,80.0,1
202400028117,2024-09-01,soirée,,,11,11221,1,2,6,3,3,Départementale,50.0,2
202400028118,2024-02-27,après-midi,,,59,59560,1,1,3,4,4,Voie communale,50.0,1
202400028119,2024-07-26,nuit,,,57,57330,2,1,1,4,3,Départementale,80.0,1
202400028120,2024-09-01,après-midi,,,63,63084,1,2,7,4,3,Départementale,90.0,2
202400028121,2024-09-01,après-midi,,,47,47175,1,1,7,3,3,Départementale,80.0,9
202400028122,2024-07-25,matin,,,89,89291,1,1,1,3,3,Départementale,90.0,1
202400028123,2024-07-26,après-midi,,,19,19287,1,1,6,3,3,Départementale,90.0,1
202400028124,2024-01-27,soirée,,,50,50579,2,1,3,3,3,Départementale,80.0,1
202400028125,2024-08-28,après-midi,,,17,17407,1,1,3,4,3,Départementale,50.0,1
202400028126,2024-07-26,soirée,,,56,56082,1,1,6,4,3,Départementale,80.0,1
202400028127,2024-09-02,matin,,,18,18256,1,1,7,3,3,Départementale,80.0,1
202400028128,2024-05-20,soirée,,,976,97611,5,1,3,4,4,Voie communale,30.0,1
202400028129,2024-07-27,après-midi,,,79,79203,1,1,1,4,3,Départementale,80.0,1