Num_Acc,date,time_of_day,lat,long,dep,com,lum,atm,col,severity_index,catr,catr_label,vma,surf
202400028130,2024-05-20,après-midi,,,974,97416,1,2,7,4,2,Nationale,50.0,2
202400028131,2024-09-02,soirée,,,31,31044,1,1,6,4,7,Autre,50.0,1
202400028132,2024-07-25,nuit,,,81,81276,3,1,6,3,3,Départementale,80.0,1
202400028133,2024-05-19,nuit,,,973,97302,5,2,3,4,4,Voie communale,50.0,2
202400028134,2024-09-02,après-midi,,,69,69283,1,1,3,2,4,Voie communale,50.0,1
202400028135,2024-07-26,après-midi,,,89,89433,1,1,2,4,3,Départementale,,1
202400028136,2024-05-20,nuit,,,69,69386,5,2,2,3,4,Voie communale,50.0,2
202400028137,2024-09-02,soirée,,,51,51530,1,1,3,4,4,Voie communale,50.0,1
202400028138,2024-07-26,soirée,,,63,63223,1,1,1,4,3,Départementale,90.0,1
202400028139,2024-08-31,soirée,,,19,19019,1,1,7,4,3,Départementale,50.0,1
202400028140,2024-05-20,après-midi,,,69,69382,1,1,6,4,4,Voie communale,50.0,1
202400028141,2024-07-26,nuit,,,68,68215,4,1,7,4,3,Départementale,80.0,1
202400028142,2024-09-02,matin,,,19,19222,1,1,6,4,3,Départementale,90.0,1
202400028143,2024-05-20,soirée,,,2B,2B033,1,2,3,4,3,Départementale,50.0,2
202400028144,2024-07-23,matin,,,29,29225,1,7,3,3,3,Départementale,70.0,1
202400028145,2024-05-20,nuit,,,95,95268,5,1,3,3,3,Départementale,50.0,1
202400028146,2024-09-02,soirée,,,76,76291,1,1,2,4,3,Départementale,50.0,1
202400028147,2024-08-14,après-midi,,,2B,2B058,1,1,7,2,3,Départementale,80.0,1
202400028148,2024-05-16,soirée,,,91,91687,1,1,2,4,4,Voie communale,50.0,1
202400028149,2024-08-29,après-midi,,,33,33506,1,1,6,4,3,Départementale,50.0,1
202400028150,2024-07-27,matin,,,02,02098,1,3,1,3,3,Départementale,80.0,2
202400028151,2024-09-03,matin,,,32,32213,1,8,6,3,3,Départementale,50.0,2
202400028152,2024-09-02,après-midi,,,11,11347,1,1,7,3,3,Départementale,80.0,1
202400028153,2024-05-20,soirée,,,78,78190,1,3,1,3,4,Voie communale,30.0,2
202400028154,2024-07-27,soirée,,,09,09173,1,1,2,3,3,Départementale,80.0,1
202400028155,2024-05-19,nuit,,,77,77350,2,5,7,4,3,Départementale,110.0,1
202400028156,2024-09-02,après-midi,,,63,63236,1,1,3,3,3,Départementale,90.0,1
202400028157,2024-07-27,nuit,,,09,09174,3,1,6,4,4,Voie communale,50.0,1
202400028158,2024-07-27,nuit,,,45,45186,3,2,7,3,3,Départementale,70.0,2
202400028159,2024-09-03,soirée,,,63,63455,1,2,1,3,3,Départementale,30.0,2
202400028160,2024-05-20,matin,,,77,77058,1,1,6,4,4,Voie communale,50.0,1
202400028161,2024-09-02,après-midi,,,76,76618,1,1,6,4,3,Départementale,,1
202400028162,2024-07-26,soirée,,,64,64059,1,7,2,4,3,Départementale,70.0,1
202400028163,2024-09-02,après-midi,,,61,61275,1,2,6,3,4,Voie communale,50.0,2
202400028164,2024-05-20,soirée,,,72,72181,1,1,2,4,4,Voie communale,30.0,1
202400028165,2024-07-27,après-midi,,,07,07103,1,1,5,4,3,Départementale,90.0,1
202400028166,2024-09-01,nuit,,,49,49008,3,3,6,4,3,Départementale,80.0,2
202400028167,2024-05-20,nuit,,,59,59421,5,1,3,4,4,Voie communale,50.0,1
202400028168,2024-09-03,matin,,,49,49183,2,1,3,3,3,Départementale,90.0,2
202400028169,2024-07-27,matin,,,07,07181,1,1,3,4,3,Départementale,90.0,1
202400028170,2024-07-10,soirée,,,40,40312,1,1,6,4,9,Autre,50.0,1
202400028171,2024-05-20,soirée,,,59,59650,1,1,3,4,4,Voie communale,30.0,1
202400028172,2024-09-03,après-midi,,,01,01268,1,1,5,4,3,Départementale,80.0,1
202400028173,2024-09-02,soirée,,,29,29150,1,2,7,3,4,Voie communale,80.0,2
202400028174,2024-07-27,après-midi,,,88,88468,1,1,1,4,4,Voie communale,50.0,1
202400028175,2024-05-11,nuit,,,46,46042,5,2,6,4,4,Voie communale,50.0,2
202400028176,2024-09-03,matin,,,29,29192,1,1,1,3,3,Départementale,80.0,1
202400028177,2024-07-27,nuit,,,78,78455,5,3,1,4,3,Départementale,70.0,2
202400028178,2024-05-20,après-midi,,,35,35238,1,1,6,4,2,Nationale,90.0,1
202400028179,2024-08-21,après-midi,,,31,31495,1,1,3,4,3,Départementale,80.0,1
202400028180,2024-07-27,après-midi,,,67,67115,1,2,2,3,1,Autoroute,110.0,2
202400028181,2024-05-21,nuit,,,33,33281,3,3,2,4,4,Voie communale,50.0,2
202400028182,2024-09-02,soirée,,,31,31341,1,1,3,3,3,Départementale,80.0,1
202400028183,2024-05-08,nuit,,,29,29151,5,1,6,4,4,Voie communale,30.0,1
202400028184,2024-09-02,matin,,,03,03106,1,1,3,4,3,Départementale,90.0,1
202400028185,2024-07-26,matin,,,66,66172,1,1,6,3,4,Voie communale,10.0,1
202400028186,2024-05-16,après-midi,,,14,14701,1,1,2,4,3,Départementale,30.0,1
202400028187,2024-09-02,après-midi,,,15,15265,1,1,3,3,3,Départementale,50.0,1
202400028188,2024-07-26,après-midi,,,976,97606,1,1,6,4,4,Voie communale,30.0,1
202400028189,2024-09-02,après-midi,,,06,06038,1,1,3,3,3,Départementale,70.0,1
202400028190,2024-05-20,après-midi,,,13,13210,1,1,3,4,4,Voie communale,50.0,1
202400028191,2024-07-26,soirée,,,30,30034,1,1,2,4,1,Autoroute,,1
202400028192,2024-09-03,matin,,,64,64371,1,1,3,3,3,Départementale,50.0,1
202400028193,2024-05-20,après-midi,,,06,06030,1,1,2,4,3,Départementale,50.0,1
202400028194,2024-07-27,matin,,,973,97305,2,1,2,2,2,Nationale,80.0,1
202400028195,2024-09-02,soirée,,,18,18219,1,1,3,3,3,Départementale,80.0,1
202400028196,2024-07-27,nuit,,,971,97129,3,1,6,4,2,Nationale,80.0,1
202400028197,2024-05-20,après-midi,,,06,06027,1,1,1,4,7,Autre,50.0,1
202400028198,2024-09-02,nuit,,,18,18087,3,1,7,3,3,Départementale,80.0,1
202400028199,2024-05-19,nuit,,,05,05023,5,1,6,4,3,Départementale,30.0,1
202400028200,2024-09-02,nuit,,,53,53007,3,1,6,3,4,Voie communale,80.0,2
202400028201,2024-05-20,soirée,,,01,01451,1,2,3,4,3,Départementale,80.0,2
202400028202,2024-07-27,matin,,,971,97118,1,1,5,3,3,Départementale,80.0,1
202400028203,2024-09-02,soirée,,,24,24082,2,1,3,4,3,Départementale,80.0,1
202400028204,2024-05-20,après-midi,,,01,01053,1,1,7,3,4,Voie communale,50.0,1
202400028205,2024-09-03,après-midi,,,27,27518,1,1,2,3,3,Départementale,80.0,1
202400028206,2024-07-26,soirée,,,21,21515,2,1,7,3,4,Voie communale,50.0,1
202400028207,2024-05-17,après-midi,,,75,75117,1,1,2,4,4,Voie communale,70.0,1
202400028208,2024-07-27,nuit,,,45,45315,4,2,6,2,3,Départementale,80.0,2
202400028209,2024-05-20,soirée,,,75,75114,1,8,6,4,4,Voie communale,30.0,2
202400028210,2024-09-03,après-midi,,,27,27302,1,1,6,4,3,Départementale,80.0,1
202400028211,2024-07-26,matin,,,91,91100,1,2,6,3,3,Départementale,80.0,2
202400028212,2024-05-20,après-midi,,,75,75108,1,8,7,4,4,Voie communale,30.0,1
202400028213,2024-07-27,après-midi,,,66,66008,1,1,7,4,3,Départementale,70.0,1
202400028214,2024-09-02,soirée,,,30,30294,2,1,2,3,3,Départementale,70.0,1
202400028215,2024-05-20,soirée,,,94,94033,1,2,6,4,4,Voie communale,,2
202400028216,2024-07-27,après-midi,,,83,83068,1,1,1,3,3,Départementale,,1
202400028217,2024-05-20,après-midi,,,93,93078,1,1,6,4,4,Voie communale,,1
202400028218,2024-07-26,soirée,,,06,06157,1,1,7,4,7,Autre,90.0,1
202400028219,2024-05-20,matin,,,93,93064,2,1,3,3,4,Voie communale,50.0,1
202400028220,2024-07-26,matin,,,68,68301,1,1,2,3,3,Départementale,80.0,1
202400028221,2024-09-02,après-midi,,,48,48147,1,1,1,3,2,Nationale,80.0,1
202400028222,2024-07-27,après-midi,,,73,73290,1,1,7,3,3,Départementale,80.0,1
202400028223,2024-09-03,matin,,,72,72047,1,1,6,4,1,Autoroute,130.0,1
202400028224,2024-05-20,soirée,,,93,93046,1,2,3,4,3,Départementale,50.0,2
202400028225,2024-08-31,nuit,,,64,64157,3,1,6,3,3,Départementale,50.0,1
202400028226,2024-07-20,nuit,,,73,73173,3,1,7,2,3,Départementale,80.0,1
202400028227,2024-05-20,matin,,,93,93008,1,1,3,4,3,Départementale,50.0,1
202400028228,2024-07-27,soirée,,,42,42304,1,2,6,4,3,Départementale,30.0,2
202400028229,2024-09-02,après-midi,,,03,03021,1,1,4,4,1,Autoroute,110.0,1
202400028230,2024-05-20,après-midi,,,93,93005,1,1,2,4,1,Autoroute,80.0,1
202400028231,2024-07-27,après-midi,,,42,42147,1,1,6,4,4,Voie communale,,1
202400028232,2024-05-20,après-midi,,,92,92004,1,1,6,4,3,Départementale,30.0,1
202400028233,2024-09-03,après-midi,,,973,97309,1,1,3,3,3,Départementale,50.0,1
202400028234,2024-05-20,après-midi,,,92,92002,1,1,6,3,3,Départementale,50.0,1
202400028235,2024-08-13,soirée,,,57,57606,5,1,6,2,1,Autoroute,130.0,1
202400028236,2024-07-26,soirée,,,38,38349,1,7,4,3,3,Départementale,50.0,1
202400028237,2024-05-20,nuit,,,91,91086,5,1,5,4,3,Départementale,30.0,1
202400028238,2024-07-27,matin,,,38,38565,1,1,3,4,3,Départementale,50.0,1
202400028239,2024-09-02,nuit,,,34,34095,3,1,2,4,1,Autoroute,130.0,1
202400028240,2024-05-21,matin,,,86,86257,1,2,3,4,3,Départementale,80.0,2
202400028241,2024-07-27,soirée,,,01,01249,1,1,7,4,4,Voie communale,50.0,1
202400028242,2024-05-21,matin,,,84,84045,1,1,7,2,4,Voie communale,50.0,1
202400028243,2024-09-02,matin,,,73,73281,5,1,2,4,1,Autoroute,110.0,1
202400028244,2024-05-20,après-midi,,,68,68162,1,1,7,2,4,Voie communale,50.0,1
202400028245,2024-09-02,nuit,,,28,28408,3,1,6,3,1,Autoroute,130.0,1
202400028246,2024-07-27,après-midi,,,69,69255,1,1,1,4,3,Départementale,80.0,1
202400028247,2024-05-20,matin,,,972,97204,1,1,3,3,2,Nationale,80.0,1
202400028248,2024-09-01,nuit,,,987,98744,3,6,1,2,2,Nationale,60.0,1
202400028249,2024-07-27,après-midi,,,81,81104,1,1,7,3,3,Départementale,80.0,1
202400028250,2024-05-20,nuit,,,23,23247,4,1,6,4,3,Départementale,50.0,2
202400028251,2024-07-27,matin,,,09,09251,1,1,6,4,3,Départementale,80.0,1
202400028252,2024-09-02,après-midi,,,77,77471,1,1,1,4,3,Départementale,70.0,1
202400028253,2024-07-26,matin,,,31,31476,1,1,6,3,3,Départementale,80.0,1
202400028254,2024-05-20,soirée,,,52,52114,2,2,2,4,1,Autoroute,50.0,2
202400028255,2024-09-03,après-midi,,,2A,2A247,1,1,3,3,4,Voie communale,50.0,1
202400028256,2024-05-20,après-midi,,,54,54151,1,1,3,4,3,Départementale,80.0,1
202400028257,2024-09-02,après-midi,,,66,66171,1,1,3,4,3,Départementale,50.0,1
202400028258,2024-07-26,matin,,,33,33077,2,1,1,2,3,Départementale,50.0,1
202400028259,2024-05-19,après-midi,,,14,14061,1,1,6,4,4,Voie communale,80.0,1
202400028260,2024-08-27,soirée,,,06,06021,5,1,6,3,7,Autre,30.0,1
202400028261,2024-07-26,soirée,,,33,33382,3,1,6,3,3,Départementale,80.0,1
202400028262,2024-05-20,matin,,,41,41114,1,1,2,3,1,Autoroute,130.0,1
202400028263,2024-09-02,après-midi,,,25,25047,1,1,2,4,4,Voie communale,30.0,1
202400028264,2024-09-01,soirée,,,88,88321,1,1,1,4,4,Voie communale,50.0,1
202400028265,2024-05-20,après-midi,,,62,62043,1,1,1,3,3,Départementale,80.0,1
202400028266,2024-07-26,soirée,,,27,27312,1,2,3,3,3,Départementale,80.0,2
202400028267,2024-09-03,matin,,,01,01032,1,1,3,3,3,Départementale,50.0,1
202400028268,2024-05-20,soirée,,,95,95056,2,3,2,4,3,Départementale,70.0,2
202400028269,2024-05-21,après-midi,,,51,51607,1,1,2,4,3,Départementale,50.0,1
202400028270,2024-09-03,après-midi,,,46,46102,1,1,6,3,3,Départementale,50.0,1
202400028271,2024-07-26,après-midi,,,83,83144,1,1,2,4,1,Autoroute,70.0,1
202400028272,2024-05-20,soirée,,,56,56035,2,2,6,4,3,Départementale,80.0,2
202400028273,2024-08-24,nuit,,,46,46055,3,1,7,3,3,Départementale,80.0,1
202400028274,2024-07-22,après-midi,,,42,42044,1,1,2,4,2,Nationale,90.0,1
202400028275,2024-05-20,nuit,,,56,56197,3,2,6,4,3,Départementale,50.0,2
202400028276,2024-07-26,soirée,,,92,92072,2,2,7,4,2,Nationale,50.0,2
202400028277,2024-09-01,nuit,,,13,13210,3,1,2,4,1,Autoroute,70.0,1
202400028278,2024-05-21,après-midi,,,2B,2B043,1,1,3,3,3,Départementale,80.0,1
202400028279,2024-07-26,soirée,,,92,92050,1,8,7,4,1,Autoroute,50.0,2
202400028280,2024-09-02,nuit,,,69,69259,3,1,6,2,7,Autre,70.0,1
202400028281,2024-07-26,matin,,,92,92025,1,2,6,4,1,Autoroute,90.0,2
202400028282,2024-05-21,matin,,,71,71248,1,1,3,4,3,Départementale,50.0,1
202400028283,2024-09-02,après-midi,,,33,33192,1,1,3,4,1,Autoroute,70.0,1
202400028284,2024-07-26,soirée,,,95,95018,1,2,6,4,1,Autoroute,50.0,2
202400028285,2024-05-21,matin,,,61,61214,1,1,6,3,4,Voie communale,50.0,1
202400028286,2024-07-26,soirée,,,94,94069,2,3,6,4,1,Autoroute,90.0,2
202400028287,2024-08-31,matin,,,95,95582,1,8,3,4,1,Autoroute,90.0,2
202400028288,2024-05-20,soirée,,,49,49367,1,2,2,4,3,Départementale,80.0,2
202400028289,2024-07-26,après-midi,,,77,77294,1,1,6,4,1,Autoroute,90.0,1
202400028290,2024-08-31,matin,,,93,93027,1,1,5,4,1,Autoroute,90.0,1
202400028291,2024-05-20,soirée,,,42,42149,1,8,1,4,4,Voie communale,50.0,2
202400028292,2024-07-25,matin,,,974,97416,1,1,2,4,2,Nationale,90.0,1
202400028293,2024-05-20,matin,,,34,34219,1,1,7,3,4,Voie communale,50.0,1
202400028294,2024-09-02,matin,,,94,94069,1,1,2,4,1,Autoroute,90.0,1
202400028295,2024-05-20,après-midi,,,35,35188,1,2,7,4,4,Voie communale,50.0,2
202400028296,2024-09-02,matin,,,93,93051,3,1,2,4,1,Autoroute,90.0,1
202400028297,2024-07-25,matin,,,973,97302,1,1,3,4,4,Voie communale,30.0,1
202400028298,2024-05-20,soirée,,,35,35169,1,9,6,3,3,Départementale,50.0,2
202400028299,2024-04-13,matin,,,84,84133,2,1,6,3,4,Voie communale,50.0,1
202400028300,2024-07-25,soirée,,,69,69386,1,1,3,4,4,Voie communale,30.0,1
202400028301,2024-05-20,après-midi,,,54,54040,1,1,7,4,3,Départementale,80.0,1
202400028302,2024-04-01,après-midi,,,84,84062,1,1,3,4,3,Départementale,80.0,1
202400028303,2024-07-25,après-midi,,,69,69388,1,1,3,4,4,Voie communale,50.0,1
202400028304,2024-05-21,matin,,,14,14191,1,1,7,4,3,Départementale,50.0,1
202400028305,2024-02-18,nuit,,,84,84003,5,1,6,3,3,Départementale,50.0,1
202400028306,2024-07-25,après-midi,,,972,97209,1,1,2,4,1,Autoroute,90.0,1
202400028307,2024-05-19,après-midi,,,36,36169,1,1,3,4,4,Voie communale,50.0,9
202400028308,2024-01-24,après-midi,,,84,84003,1,1,2,3,4,Voie communale,50.0,1
202400028309,2024-07-25,soirée,,,69,69389,1,1,3,4,4,Voie communale,30.0,1
202400028310,2024-05-20,soirée,,,07,07308,1,3,3,2,3,Départementale,50.0,2
202400028311,2024-07-25,matin,,,69,69385,1,1,1,3,4,Voie communale,30.0,1
202400028312,2024-05-21,soirée,,,53,53126,1,1,2,2,3,Départementale,80.0,1
202400028313,2024-08-30,nuit,,,987,98735,5,2,7,3,3,Départementale,50.0,2
202400028314,2024-07-25,après-midi,,,971,97113,1,1,3,4,3,Départementale,50.0,1
202400028315,2024-05-18,nuit,,,37,37001,5,1,6,3,3,Départementale,80.0,1
202400028316,2024-09-01,soirée,,,69,69385,1,1,3,4,4,Voie communale,30.0,1
202400028317,2024-05-20,soirée,,,80,80754,2,1,6,4,1,Autoroute,130.0,1
202400028318,2024-07-24,après-midi,,,971,97105,1,1,3,4,2,Nationale,50.0,1
202400028319,2024-09-01,soirée,,,95,95183,1,1,3,4,4,Voie communale,50.0,1
202400028320,2024-05-05,nuit,,,88,88327,2,8,6,3,2,Nationale,70.0,2
202400028321,2024-07-25,soirée,,,2A,2A004,5,1,1,3,4,Voie communale,50.0,1
202400028322,2024-05-21,après-midi,,,13,13051,1,1,2,4,3,Départementale,80.0,1
202400028323,2024-07-25,après-midi,,,95,95268,1,1,6,2,4,Voie communale,50.0,1
202400028324,2024-05-20,soirée,,,91,91649,1,1,1,4,3,Départementale,70.0,1
202400028325,2024-09-01,après-midi,,,91,91589,1,1,3,4,4,Voie communale,50.0,1
202400028326,2024-07-25,soirée,,,91,91174,1,1,3,3,4,Voie communale,50.0,1
202400028327,2024-05-21,matin,,,53,53113,1,8,7,4,3,Départementale,80.0,2
202400028328,2024-09-01,après-midi,,,91,91687,1,1,6,4,1,Autoroute,50.0,1
202400028329,2024-07-25,matin,,,91,91174,1,1,3,4,3,Départementale,10.0,1
202400028330,2024-05-21,matin,,,06,06150,5,1,1,3,1,Autoroute,90.0,1
202400028331,2024-05-15,soirée,,,971,97106,5,1,1,3,2,Nationale,70.0,1
202400028332,2024-08-31,après-midi,,,91,91589,1,1,3,3,4,Voie communale,50.0,1
202400028333,2024-07-24,matin,,,89,89024,1,1,6,3,4,Voie communale,50.0,1
202400028334,2024-07-24,soirée,,,87,87085,1,1,7,4,4,Voie communale,30.0,9
202400028335,2024-09-01,après-midi,,,91,91174,1,1,6,4,4,Voie communale,50.0,1
202400028336,2024-05-21,matin,,,91,91540,1,1,6,3,4,Voie communale,50.0,1
202400028337,2024-09-01,après-midi,,,30,30011,1,1,7,4,3,Départementale,80.0,1
202400028338,2024-07-24,après-midi,,,87,87085,1,1,6,4,4,Voie communale,30.0,1
202400028339,2024-07-25,soirée,,,85,85191,1,1,6,3,4,Voie communale,50.0,1
202400028340,2024-05-21,après-midi,,,11,11066,1,1,5,4,3,Départementale,80.0,1
202400028341,2024-09-01,nuit,,,78,78350,5,1,3,3,2,Nationale,,1
202400028342,2024-09-01,soirée,,,67,67218,5,1,6,4,4,Voie communale,50.0,1
202400028343,2024-07-25,après-midi,,,85,85191,1,1,3,4,4,Voie communale,50.0,1
202400028344,2024-05-19,matin,,,83,83042,1,1,1,3,3,Départementale,50.0,1
202400028345,2024-05-20,après-midi,,,52,52401,1,1,7,3,3,Départementale,90.0,1
202400028346,2024-09-01,soirée,,,67,67447,5,1,6,4,7,Autre,40.0,1
202400028347,2024-05-18,soirée,,,57,57474,1,1,2,4,3,Départementale,50.0,1
202400028348,2024-07-24,après-midi,,,84,84007,1,1,3,4,4,Voie communale,50.0,1
202400028349,2024-05-20,après-midi,,,57,57408,1,1,2,3,3,Départementale,50.0,1
202400028350,2024-09-01,après-midi,,,67,67218,1,1,3,3,4,Voie communale,50.0,1
202400028351,2024-07-24,matin,,,84,84007,1,1,2,4,4,Voie communale,50.0,1
202400028352,2024-05-20,après-midi,,,57,57620,1,1,1,4,3,Départementale,90.0,1
202400028353,2024-07-25,soirée,,,83,83137,1,1,3,4,4,Voie communale,50.0,1
202400028354,2024-05-20,après-midi,,,73,73030,1,1,3,3,4,Voie communale,50.0,1
202400028355,2024-08-30,après-midi,,,65,65226,1,1,4,4,3,Départementale,50.0,1
202400028356,2024-07-25,soirée,,,77,77373,1,1,3,4,4,Voie communale,30.0,1
202400028357,2024-05-20,après-midi,,,26,26116,1,1,7,4,3,Départementale,80.0,1
202400028358,2024-09-01,après-midi,,,64,64122,1,1,2,4,4,Voie communale,50.0,1
202400028359,2024-07-25,après-midi,,,77,77058,1,1,3,4,4,Voie communale,50.0,1
202400028360,2024-05-12,matin,,,17,17164,1,2,3,3,3,Départementale,70.0,2
202400028361,2024-09-01,nuit,,,62,62498,5,1,3,3,4,Voie communale,50.0,1
202400028362,2024-07-25,nuit,,,76,76640,3,2,3,4,7,Autre,50.0,2
202400028363,2024-09-01,matin,,,62,62386,1,1,3,4,4,Voie communale,50.0,1
202400028364,2024-05-13,soirée,,,64,64304,1,2,6,3,3,Départementale,70.0,2
202400028365,2024-07-24,après-midi,,,76,76351,1,1,7,4,4,Voie communale,50.0,1
202400028366,2024-08-31,matin,,,62,62457,1,1,3,4,3,Départementale,50.0,1
202400028367,2024-05-18,après-midi,,,29,29288,1,1,3,3,3,Départementale,80.0,1
202400028368,2024-07-23,nuit,,,76,76351,5,2,7,4,4,Voie communale,,2
202400028369,2024-08-31,après-midi,,,62,62119,1,3,1,2,4,Voie communale,50.0,2
202400028370,2024-08-31,matin,,,56,56260,1,8,3,4,4,Voie communale,30.0,1
202400028371,2024-05-21,après-midi,,,76,76122,1,1,3,4,3,Départementale,80.0,1
202400028372,2024-07-24,après-midi,,,72,72181,1,1,3,4,4,Voie communale,50.0,1
202400028373,2024-08-31,nuit,,,50,50502,5,1,3,4,4,Voie communale,30.0,1
202400028374,2024-04-20,après-midi,,,80,80064,3,2,7,3,3,Départementale,,2
202400028375,2024-07-25,après-midi,,,71,71499,1,1,7,4,4,Voie communale,50.0,1
202400028376,2024-09-01,matin,,,49,49007,1,1,6,4,3,Départementale,50.0,1
202400028377,2024-05-20,soirée,,,62,62881,1,1,6,4,3,Départementale,50.0,9
202400028378,2024-07-25,après-midi,,,69,69266,1,1,6,3,4,Voie communale,30.0,1
202400028379,2024-09-01,soirée,,,45,45338,5,1,3,4,4,Voie communale,50.0,1
202400028380,2024-07-24,matin,,,69,69290,1,1,4,4,4,Voie communale,50.0,1
202400028381,2024-09-01,nuit,,,44,44109,5,3,6,3,4,Voie communale,50.0,2
202400028382,2024-07-25,nuit,,,68,68066,5,1,3,4,3,Départementale,30.0,1
202400028383,2024-07-25,matin,,,67,67482,1,1,3,4,4,Voie communale,50.0,1
202400028384,2024-09-01,matin,,,34,34301,1,1,3,4,4,Voie communale,50.0,1
202400028385,2024-07-24,après-midi,,,67,67482,1,1,3,3,4,Voie communale,50.0,1
202400028386,2024-07-24,matin,,,67,67462,1,1,5,4,3,Départementale,80.0,1
202400028387,2024-07-24,après-midi,,,65,65286,1,1,2,3,3,Départementale,50.0,1
202400028388,2024-07-24,après-midi,,,64,64445,1,1,6,4,4,Voie communale,30.0,1
202400028389,2024-07-25,soirée,,,64,64122,1,1,3,4,4,Voie communale,50.0,1
202400028390,2024-07-25,matin,,,64,64122,1,1,2,4,4,Voie communale,30.0,1
202400028391,2024-07-24,nuit,,,64,64125,5,1,1,4,3,Départementale,30.0,1
202400028392,2024-07-25,matin,,,63,63113,1,1,3,4,4,Voie communale,50.0,1
202400028393,2024-07-25,soirée,,,59,59368,2,2,3,4,4,Voie communale,30.0,2
202400028394,2024-07-24,soirée,,,59,59009,1,1,1,4,7,Autre,50.0,1
202400028395,2024-07-24,après-midi,,,59,59566,1,1,6,4,4,Voie communale,30.0,1
202400028396,2024-07-25,après-midi,,,58,58194,1,1,2,4,4,Voie communale,20.0,1
202400028397,2024-07-25,après-midi,,,56,56260,1,1,3,4,3,Départementale,50.0,1
202400028398,2024-07-25,nuit,,,56,56162,4,1,7,4,4,Voie communale,30.0,1
202400028399,2024-07-25,matin,,,54,54395,1,1,3,4,4,Voie communale,50.0,1
202400028400,2024-07-24,soirée,,,54,54395,1,1,1,4,4,Voie communale,50.0,1
202400028401,2024-07-25,nuit,,,54,54575,3,1,6,4,3,Départementale,80.0,1
202400028402,2024-07-22,matin,,,52,52121,1,1,6,4,3,Départementale,50.0,1
202400028403,2024-07-25,soirée,,,50,50647,1,2,3,3,4,Voie communale,50.0,2
202400028404,2024-07-25,matin,,,48,48095,1,1,7,4,2,Nationale,50.0,1
202400028405,2024-07-25,matin,,,45,45285,1,1,6,4,4,Voie communale,50.0,1
202400028406,2024-07-24,après-midi,,,44,44109,1,1,2,4,2,Nationale,70.0,1
202400028407,2024-10-07,matin,,,94,94056,1,8,6,4,3,Départementale,50.0,2
202400028408,2024-07-25,matin,,,42,42207,1,1,3,4,4,Voie communale,50.0,1
202400028409,2024-10-07,matin,,,93,93066,2,8,2,4,3,Départementale,50.0,2
202400028410,2024-07-24,après-midi,,,38,38421,1,1,3,4,4,Voie communale,30.0,1
202400028411,2024-10-06,après-midi,,,93,93066,1,2,5,4,3,Départementale,50.0,2
202400028412,2024-07-24,après-midi,,,36,36044,1,1,6,4,4,Voie communale,30.0,1
202400028413,2024-10-07,nuit,,,93,93048,5,2,3,3,4,Voie communale,50.0,2
202400028414,2024-07-25,matin,,,35,35238,1,1,6,4,4,Voie communale,30.0,1
202400028415,2024-10-07,après-midi,,,93,93050,1,2,1,4,4,Voie communale,50.0,2
202400028416,2024-10-07,matin,,,93,93010,1,1,6,4,3,Départementale,50.0,2
202400028417,2024-07-25,nuit,,,35,35051,3,5,6,4,4,Voie communale,80.0,1
202400028418,2024-10-07,après-midi,,,92,92022,1,8,7,4,4,Voie communale,50.0,2
202400028419,2024-07-25,après-midi,,,34,34172,1,1,6,4,6,Autre,30.0,1
202400028420,2024-10-07,matin,,,92,92072,1,7,6,4,3,Départementale,50.0,2
202400028421,2024-10-07,soirée,,,92,92049,5,2,3,4,3,Départementale,50.0,2
202400028422,2024-07-25,après-midi,,,33,33318,1,1,3,4,4,Voie communale,50.0,1
202400028423,2024-10-05,soirée,,,92,92036,5,1,1,3,3,Départementale,50.0,1
202400028424,2024-10-07,matin,,,92,92026,1,1,3,4,4,Voie communale,30.0,1
202400028425,2024-07-25,matin,,,33,33281,1,1,4,4,4,Voie communale,50.0,1
202400028426,2024-10-07,matin,,,92,92032,1,8,3,4,4,Voie communale,30.0,2
202400028427,2024-10-07,soirée,,,92,92002,5,2,3,4,4,Voie communale,30.0,2
202400028428,2024-07-25,après-midi,,,33,33529,1,1,3,4,4,Voie communale,50.0,1
202400028429,2024-10-07,matin,,,59,59594,1,1,1,4,3,Départementale,50.0,1
202400028430,2024-10-07,soirée,,,63,63425,3,3,1,4,3,Départementale,90.0,2
202400028431,2024-10-05,après-midi,,,21,21021,1,1,4,4,1,Autoroute,130.0,1
202400028432,2024-07-25,matin,,,31,31555,1,1,3,3,7,Autre,50.0,1
202400028433,2024-10-07,après-midi,,,81,81156,1,1,2,3,3,Départementale,50.0,1
202400028434,2024-10-07,après-midi,,,34,34114,1,3,6,3,1,Autoroute,130.0,2
202400028435,2024-07-24,après-midi,,,31,31555,1,7,2,3,4,Voie communale,30.0,1
202400028436,2024-10-07,après-midi,,,80,80006,1,1,3,3,3,Départementale,,1
202400028437,2024-08-13,nuit,,,61,61414,3,1,6,4,3,Départementale,70.0,1
202400028438,2024-10-05,après-midi,,,22,22229,1,1,3,3,3,Départementale,80.0,1
202400028439,2024-10-08,matin,,,44,44015,1,1,1,4,2,Nationale,80.0,2
202400028440,2024-10-07,matin,,,01,01266,1,1,3,4,4,Voie communale,50.0,1
202400028441,2024-10-03,après-midi,,,14,14177,1,1,2,3,3,Départementale,70.0,1