Num_Acc,date,time_of_day,lat,long,dep,com,lum,atm,col,severity_index,catr,catr_label,vma,surf
202400028442,2024-10-08,matin,,,45,45148,2,1,6,3,3,Départementale,50.0,2
202400028443,2024-10-07,après-midi,,,43,43187,1,1,1,4,3,Départementale,90.0,1
202400028444,2024-10-06,nuit,,,53,53143,3,2,7,3,3,Départementale,80.0,2
202400028445,2024-10-07,soirée,,,40,40313,5,1,6,2,3,Départementale,30.0,1
202400028446,2024-10-06,après-midi,,,85,85221,1,1,6,3,4,Voie communale,50.0,1
202400028447,2024-10-04,soirée,,,01,01033,2,1,3,4,1,Autoroute,110.0,1
202400028448,2024-10-03,après-midi,,,83,83023,1,1,1,3,3,Départementale,90.0,1
202400028449,2024-10-07,après-midi,,,48,48004,1,2,6,4,3,Départementale,90.0,2
202400028450,2024-10-07,matin,,,13,13041,1,1,1,3,3,Départementale,70.0,1
202400028451,2024-10-07,après-midi,,,21,21295,1,2,3,3,4,Voie communale,50.0,2
202400028452,2024-10-07,soirée,,,57,57271,5,2,5,4,3,Départementale,50.0,2
202400028453,2024-10-07,soirée,,,01,01386,1,1,1,4,3,Départementale,80.0,1
202400028454,2024-10-07,après-midi,,,69,69068,1,8,1,3,4,Voie communale,50.0,2
202400028455,2024-10-08,matin,,,81,81070,3,5,2,3,1,Autoroute,130.0,2
202400028456,2024-10-08,matin,,,33,33056,1,1,7,4,4,Voie communale,50.0,1
202400028457,2024-10-04,matin,,,44,44047,3,2,2,4,2,Nationale,110.0,2
202400028458,2024-09-19,après-midi,,,29,29161,1,1,6,4,6,Autre,,1
202400028459,2024-09-24,après-midi,,,83,83090,1,1,2,4,1,Autoroute,110.0,1
202400028460,2024-10-06,nuit,,,33,33023,3,2,5,4,1,Autoroute,130.0,2
202400028461,2024-09-20,après-midi,,,59,59560,1,1,2,4,1,Autoroute,110.0,1
202400028462,2024-10-06,nuit,,,62,62351,3,1,6,2,1,Autoroute,110.0,1
202400028463,2024-10-04,soirée,,,59,59183,3,1,6,3,1,Autoroute,90.0,1
202400028464,2024-10-06,après-midi,,,78,78362,1,2,5,4,1,Autoroute,110.0,2
202400028465,2024-10-06,après-midi,,,92,92047,1,1,2,4,1,Autoroute,110.0,1
202400028466,2024-10-06,après-midi,,,78,78007,1,2,7,4,1,Autoroute,110.0,2
202400028467,2024-10-06,nuit,,,78,78140,3,2,7,4,1,Autoroute,130.0,2
202400028468,2024-10-04,soirée,,,92,92050,1,1,3,4,1,Autoroute,70.0,1
202400028469,2024-10-07,nuit,,,93,93078,3,2,6,4,1,Autoroute,90.0,2
202400028470,2024-10-06,après-midi,,,92,92036,1,2,2,4,1,Autoroute,90.0,2
202400028471,2024-10-06,après-midi,,,95,95582,1,1,6,4,1,Autoroute,70.0,2
202400028472,2024-10-06,après-midi,,,95,95212,1,2,6,4,1,Autoroute,50.0,2
202400028473,2024-10-06,nuit,,,93,93078,3,1,2,4,1,Autoroute,70.0,1
202400028474,2024-10-05,nuit,,,93,93005,3,1,2,4,1,Autoroute,110.0,1
202400028475,2024-10-07,matin,,,77,77468,3,1,2,4,1,Autoroute,110.0,2
202400028476,2024-10-06,nuit,,,94,94044,3,2,6,4,2,Nationale,70.0,2
202400028477,2024-10-06,nuit,,,94,94074,3,2,6,4,2,Nationale,90.0,2
202400028478,2024-05-16,après-midi,,,93,93070,1,1,3,4,3,Départementale,50.0,1
202400028479,2024-05-03,soirée,,,93,93070,1,1,2,4,3,Départementale,50.0,1
202400028480,2024-04-24,nuit,,,93,93070,5,1,3,4,3,Départementale,50.0,1
202400028481,2024-06-29,après-midi,,,974,97407,1,1,3,4,4,Voie communale,50.0,1
202400028482,2024-10-06,matin,,,974,97416,1,1,1,4,3,Départementale,70.0,1
202400028483,2024-10-06,matin,,,974,97411,1,1,7,4,3,Départementale,50.0,1
202400028484,2024-09-30,après-midi,,,69,69388,1,1,3,4,4,Voie communale,30.0,1
202400028485,2024-10-06,nuit,,,69,69387,5,1,6,4,4,Voie communale,30.0,1
202400028486,2024-10-05,matin,,,972,97209,1,1,6,4,4,Voie communale,50.0,1
202400028487,2024-10-05,après-midi,,,972,97209,1,1,6,3,2,Nationale,50.0,1
202400028488,2024-10-06,matin,,,972,97209,1,1,7,4,4,Voie communale,50.0,1
202400028489,2024-10-05,soirée,,,95,95280,1,1,6,3,4,Voie communale,50.0,1
202400028490,2024-10-06,matin,,,95,95219,1,2,4,4,3,Départementale,50.0,2
202400028491,2024-10-06,après-midi,,,91,91687,1,2,6,4,4,Voie communale,50.0,2
202400028492,2024-10-06,après-midi,,,91,91027,1,2,3,4,4,Voie communale,30.0,2
202400028493,2024-10-05,soirée,,,90,90010,2,1,3,4,3,Départementale,50.0,1
202400028494,2024-10-06,matin,,,84,84035,1,1,1,4,3,Départementale,90.0,1
202400028495,2024-10-06,après-midi,,,79,79191,1,1,3,4,3,Départementale,50.0,1
202400028496,2024-10-05,matin,,,78,78224,1,1,1,4,4,Voie communale,30.0,1
202400028497,2024-10-06,nuit,,,77,77249,5,1,6,2,4,Voie communale,50.0,1
202400028498,2024-10-05,après-midi,,,73,73065,1,1,1,4,4,Voie communale,50.0,1
202400028499,2024-10-06,soirée,,,69,69282,5,1,1,4,4,Voie communale,30.0,1
202400028500,2024-10-06,matin,,,64,64140,2,2,3,4,4,Voie communale,50.0,2
202400028501,2024-10-05,soirée,,,64,64102,1,1,3,4,3,Départementale,50.0,1
202400028502,2024-10-06,matin,,,59,59488,5,1,6,4,3,Départementale,50.0,1
202400028503,2024-10-05,soirée,,,59,59122,1,1,3,4,4,Voie communale,40.0,1
202400028504,2024-10-06,nuit,,,57,57606,5,1,6,4,4,Voie communale,50.0,1
202400028505,2024-10-06,après-midi,,,56,56260,1,2,5,4,2,Nationale,70.0,2
202400028506,2024-10-05,après-midi,,,51,51108,1,1,6,3,4,Voie communale,50.0,1
202400028507,2024-10-06,soirée,,,45,45147,5,8,1,4,4,Voie communale,50.0,2
202400028508,2024-10-06,matin,,,45,45075,1,2,2,4,3,Départementale,50.0,2
202400028509,2024-10-06,soirée,,,38,38185,3,2,6,4,4,Voie communale,50.0,2
202400028510,2024-10-06,soirée,,,37,37122,3,8,6,4,7,Autre,80.0,2
202400028511,2024-10-06,matin,,,37,37122,1,2,6,4,4,Voie communale,50.0,2
202400028512,2024-10-06,après-midi,,,35,35238,1,1,3,4,4,Voie communale,50.0,1
202400028513,2024-10-06,matin,,,35,35238,1,2,2,4,4,Voie communale,30.0,2
202400028514,2024-10-06,soirée,,,34,34108,1,1,3,4,4,Voie communale,50.0,1
202400028515,2024-10-06,nuit,,,33,33200,3,8,6,4,4,Voie communale,90.0,2
202400028516,2024-10-06,après-midi,,,33,33529,1,1,3,4,3,Départementale,,1
202400028517,2024-10-06,soirée,,,27,27375,2,2,7,4,4,Voie communale,50.0,2
202400028518,2024-10-04,après-midi,,,22,22113,1,1,2,4,4,Voie communale,50.0,1
202400028519,2024-10-05,après-midi,,,13,13212,1,1,3,4,4,Voie communale,50.0,1
202400028520,2024-10-05,soirée,,,13,13047,4,1,1,3,2,Nationale,50.0,1
202400028521,2024-09-30,après-midi,,,04,04070,1,1,7,4,4,Voie communale,50.0,1
202400028522,2024-10-06,soirée,,,75,75113,5,1,3,4,4,Voie communale,70.0,1
202400028523,2024-10-06,matin,,,75,75120,1,2,6,4,4,Voie communale,30.0,2
202400028524,2024-10-06,soirée,,,75,75119,5,2,3,4,4,Voie communale,30.0,2
202400028525,2024-10-06,après-midi,,,75,75119,1,2,6,3,4,Voie communale,30.0,2
202400028526,2024-10-06,matin,,,75,75118,1,2,6,4,4,Voie communale,30.0,2
202400028527,2024-10-06,matin,,,75,75118,1,2,6,4,4,Voie communale,30.0,2
202400028528,2024-10-05,soirée,,,75,75118,5,1,3,4,4,Voie communale,30.0,1
202400028529,2024-10-06,soirée,,,75,75116,5,2,6,4,4,Voie communale,30.0,2
202400028530,2024-10-06,matin,,,75,75116,1,2,6,4,4,Voie communale,30.0,2
202400028531,2024-10-05,après-midi,,,75,75116,1,1,3,4,4,Voie communale,30.0,1
202400028532,2024-10-05,après-midi,,,75,75112,1,1,6,4,4,Voie communale,50.0,1
202400028533,2024-10-06,soirée,,,75,75111,5,2,3,4,4,Voie communale,30.0,2
202400028534,2024-10-06,nuit,,,75,75109,5,1,6,4,4,Voie communale,30.0,1
202400028535,2024-10-06,nuit,,,75,75109,5,1,6,4,4,Voie communale,30.0,1
202400028536,2024-10-06,après-midi,,,75,75115,1,2,6,4,4,Voie communale,30.0,2
202400028537,2024-10-05,soirée,,,75,75102,5,1,6,3,4,Voie communale,30.0,1
202400028538,2024-10-06,nuit,,,94,94052,5,1,3,4,3,Départementale,50.0,1
202400028539,2024-10-07,nuit,,,94,94041,5,2,7,4,3,Départementale,50.0,2
202400028540,2024-10-05,soirée,,,93,93073,1,1,2,4,4,Voie communale,50.0,1
202400028541,2024-10-05,nuit,,,93,93062,5,1,7,3,4,Voie communale,50.0,1
202400028542,2024-10-05,soirée,,,93,93029,5,1,6,4,4,Voie communale,50.0,1
202400028543,2024-10-06,après-midi,,,92,92075,1,2,3,4,4,Voie communale,50.0,2
202400028544,2024-10-06,après-midi,,,92,92073,1,2,3,4,3,Départementale,50.0,2
202400028545,2024-10-06,après-midi,,,92,92064,1,2,3,4,3,Départementale,50.0,2
202400028546,2024-10-05,matin,,,92,92064,1,1,6,4,3,Départementale,30.0,1
202400028547,2024-10-06,matin,,,92,92048,1,2,6,4,4,Voie communale,30.0,2
202400028548,2024-10-06,soirée,,,92,92024,2,1,2,4,3,Départementale,50.0,2
202400028549,2024-10-06,soirée,,,92,92004,5,2,4,4,3,Départementale,50.0,2
202400028550,2024-10-05,après-midi,,,37,37022,1,1,6,3,3,Départementale,50.0,2
202400028551,2024-10-07,matin,,,72,72051,1,2,3,4,3,Départementale,90.0,2
202400028552,2024-10-06,après-midi,,,12,12287,1,1,6,3,3,Départementale,50.0,1
202400028553,2024-10-07,matin,,,54,54089,1,2,6,3,3,Départementale,80.0,2
202400028554,2024-10-07,après-midi,,,26,26353,1,2,7,2,3,Départementale,80.0,2
202400028555,2024-10-05,matin,,,17,17010,1,1,3,3,3,Départementale,50.0,1
202400028556,2024-10-05,soirée,,,45,45104,3,1,7,3,3,Départementale,80.0,1
202400028557,2024-10-06,après-midi,,,31,31418,1,1,6,4,7,Autre,50.0,9
202400028558,2024-10-05,matin,,,31,31044,1,1,6,4,4,Voie communale,50.0,1
202400028559,2024-10-06,matin,,,81,81299,1,1,1,3,3,Départementale,90.0,2
202400028560,2024-10-05,matin,,,972,97221,1,7,6,3,3,Départementale,50.0,1
202400028561,2024-10-06,nuit,,,28,28024,3,2,2,2,2,Nationale,110.0,2
202400028562,2024-10-07,matin,,,01,01033,2,5,3,3,4,Voie communale,50.0,2
202400028563,2024-10-05,soirée,,,2B,2B009,3,1,1,4,2,Nationale,80.0,1
202400028564,2024-09-27,après-midi,,,62,62763,1,2,3,3,3,Départementale,50.0,2
202400028565,2024-10-05,matin,,,66,66050,2,1,6,3,3,Départementale,90.0,1
202400028566,2024-10-07,matin,,,83,83021,1,2,6,3,3,Départementale,70.0,2
202400028567,2024-10-07,matin,,,56,56047,1,2,7,4,3,Départementale,80.0,2
202400028568,2024-10-07,nuit,,,80,80620,5,8,6,2,3,Départementale,50.0,2
202400028569,2024-10-04,soirée,,,80,80373,5,1,3,4,3,Départementale,50.0,1
202400028570,2024-10-06,soirée,,,82,82142,5,1,3,4,3,Départementale,,1
202400028571,2024-10-06,soirée,,,65,65054,1,1,1,4,3,Départementale,80.0,1
202400028572,2024-10-06,matin,,,63,63125,1,1,4,3,3,Départementale,90.0,1
202400028573,2024-10-05,soirée,,,27,27027,2,7,1,4,3,Départementale,90.0,1
202400028574,2024-10-07,matin,,,63,63227,2,1,6,3,3,Départementale,90.0,1
202400028575,2024-10-06,après-midi,,,61,61394,1,1,7,4,3,Départementale,30.0,2
202400028576,2024-10-06,après-midi,,,49,49008,1,1,1,3,3,Départementale,90.0,8
202400028577,2024-10-07,après-midi,,,49,49018,1,2,6,4,3,Départementale,80.0,2
202400028578,2024-10-06,soirée,,,12,12264,3,1,6,3,3,Départementale,90.0,1
202400028579,2024-10-07,après-midi,,,39,39441,1,1,3,4,3,Départementale,80.0,2
202400028580,2024-10-06,nuit,,,39,39405,3,8,6,3,3,Départementale,70.0,2
202400028581,2024-10-06,après-midi,,,44,44115,1,2,5,4,3,Départementale,80.0,2
202400028582,2024-10-06,soirée,,,29,29300,1,1,7,4,3,Départementale,70.0,1
202400028583,2024-10-05,soirée,,,02,02713,1,7,2,2,3,Départementale,80.0,1
202400028584,2024-10-07,après-midi,,,01,01083,1,1,3,4,3,Départementale,80.0,1
202400028585,2024-10-07,matin,,,26,26365,1,8,6,3,3,Départementale,80.0,2
202400028586,2024-10-07,matin,,,26,26165,1,1,7,2,3,Départementale,80.0,2
202400028587,2024-10-06,après-midi,,,58,58059,1,2,7,3,3,Départementale,,3
202400028588,2024-10-06,nuit,,,06,06079,5,1,1,3,3,Départementale,50.0,1
202400028589,2024-10-06,nuit,,,64,64405,3,1,7,3,3,Départementale,80.0,1
202400028590,2024-10-01,matin,,,18,18059,1,3,7,3,3,Départementale,80.0,4
202400028591,2024-10-06,après-midi,,,18,18229,1,8,6,3,4,Voie communale,50.0,2
202400028592,2024-10-04,après-midi,,,36,36138,1,1,3,3,3,Départementale,90.0,1
202400028593,2024-10-06,soirée,,,36,36088,5,2,7,4,4,Voie communale,50.0,2
202400028594,2024-10-07,après-midi,,,07,07236,1,2,7,2,4,Voie communale,50.0,2
202400028595,2024-10-06,matin,,,21,21670,1,1,7,2,3,Départementale,80.0,1
202400028596,2024-10-03,après-midi,,,04,04116,1,1,6,3,3,Départementale,80.0,1
202400028597,2024-10-06,après-midi,,,28,28215,1,2,2,4,3,Départementale,80.0,2
202400028598,2024-10-06,nuit,,,37,37146,3,2,1,3,3,Départementale,90.0,3
202400028599,2024-10-06,nuit,,,37,37167,3,2,6,2,3,Départementale,80.0,2
202400028600,2024-10-06,nuit,,,52,52140,3,1,7,3,3,Départementale,90.0,1
202400028601,2024-10-06,après-midi,,,95,95678,1,2,3,4,2,Nationale,90.0,2
202400028602,2024-10-07,matin,,,973,97309,1,1,1,4,3,Départementale,50.0,1
202400028603,2024-10-07,nuit,,,51,51454,3,1,1,4,1,Autoroute,90.0,2
202400028604,2024-10-06,après-midi,,,45,45006,1,2,6,3,1,Autoroute,110.0,2
202400028605,2024-10-07,après-midi,,,45,45169,1,3,5,4,1,Autoroute,130.0,2
202400028606,2024-10-05,matin,,,69,69119,2,1,6,2,3,Départementale,80.0,1
202400028607,2024-10-06,après-midi,,,974,97419,1,1,6,3,2,Nationale,50.0,1
202400028608,2024-10-05,soirée,,,971,97129,5,1,6,2,4,Voie communale,50.0,1
202400028609,2024-10-06,après-midi,,,971,97118,1,1,3,3,4,Voie communale,50.0,1
202400028610,2024-10-04,matin,,,971,97121,2,7,5,4,3,Départementale,70.0,1
202400028611,2024-10-06,soirée,,,28,28001,3,8,5,4,3,Départementale,80.0,2
202400028612,2024-10-07,matin,,,78,78380,1,1,6,3,3,Départementale,30.0,1
202400028613,2024-10-05,soirée,,,2B,2B307,1,1,2,4,2,Nationale,70.0,1
202400028614,2024-10-06,soirée,,,34,34209,5,2,7,3,3,Départementale,30.0,2
202400028615,2024-10-07,nuit,,,06,06092,3,1,7,3,4,Voie communale,70.0,1
202400028616,2024-06-23,nuit,,,973,97302,3,8,3,4,4,Voie communale,50.0,1
202400028617,2024-06-23,matin,,,971,97120,1,1,1,4,3,Départementale,50.0,1
202400028618,2024-06-24,après-midi,,,2A,2A004,1,1,6,4,4,Voie communale,50.0,1
202400028619,2024-06-24,après-midi,,,95,95607,1,1,2,4,3,Départementale,50.0,1
202400028620,2024-06-24,après-midi,,,95,95197,1,7,6,4,4,Voie communale,20.0,1
202400028621,2024-06-24,matin,,,95,95427,1,1,6,4,3,Départementale,50.0,1
202400028622,2024-06-24,matin,,,91,91201,1,1,3,4,3,Départementale,50.0,1
202400028623,2024-06-24,matin,,,91,91223,1,1,6,4,3,Départementale,50.0,1
202400028624,2024-06-23,après-midi,,,90,90010,1,1,2,4,3,Départementale,50.0,1
202400028625,2024-06-24,matin,,,87,87085,1,1,7,4,4,Voie communale,50.0,1
202400028626,2024-06-24,nuit,,,86,86066,5,1,7,2,3,Départementale,30.0,1
202400028627,2024-06-24,matin,,,84,84007,1,1,3,4,4,Voie communale,50.0,1
202400028628,2024-06-24,matin,,,83,83069,1,8,3,4,4,Voie communale,50.0,1
202400028629,2024-06-24,matin,,,81,81065,1,1,7,4,4,Voie communale,30.0,1
202400028630,2024-06-23,après-midi,,,80,80256,1,1,6,4,4,Voie communale,80.0,1
202400028631,2024-06-23,nuit,,,80,80021,2,1,7,4,4,Voie communale,50.0,1
202400028632,2024-06-24,nuit,,,78,78481,5,1,3,3,3,Départementale,50.0,1
202400028633,2024-06-24,soirée,,,78,78217,1,7,2,4,3,Départementale,70.0,1
202400028634,2024-06-24,matin,,,78,78423,1,1,2,4,4,Voie communale,50.0,1
202400028635,2024-06-24,matin,,,78,78423,1,1,6,4,4,Voie communale,50.0,1
202400028636,2024-06-22,matin,,,77,77258,1,1,3,4,4,Voie communale,30.0,1
202400028637,2024-06-23,après-midi,,,77,77487,1,1,1,4,3,Départementale,50.0,1
202400028638,2024-06-21,soirée,,,76,76351,1,1,3,4,4,Voie communale,30.0,1
202400028639,2024-06-21,soirée,,,76,76552,1,1,3,4,3,Départementale,50.0,1
202400028640,2024-06-22,soirée,,,67,67267,1,8,3,4,4,Voie communale,50.0,2
202400028641,2024-06-24,après-midi,,,64,64260,1,1,2,4,3,Départementale,50.0,1
202400028642,2024-06-27,après-midi,,,62,62427,1,1,6,4,3,Départementale,50.0,1
202400028643,2024-06-24,soirée,,,59,59299,1,1,6,4,3,Départementale,80.0,1
202400028644,2024-06-23,matin,,,51,51454,1,1,6,4,4,Voie communale,50.0,1
202400028645,2024-06-21,soirée,,,50,50129,1,1,3,3,4,Voie communale,50.0,1
202400028646,2024-06-22,nuit,,,49,49007,3,1,3,4,4,Voie communale,50.0,1
202400028647,2024-06-24,matin,,,43,43046,1,1,6,3,6,Autre,20.0,1
202400028648,2024-06-24,nuit,,,41,41018,5,1,7,4,4,Voie communale,30.0,1
202400028649,2024-06-23,matin,,,41,41018,1,1,6,3,4,Voie communale,50.0,1
202400028650,2024-06-24,soirée,,,37,37261,1,1,3,4,4,Voie communale,50.0,1
202400028651,2024-06-24,matin,,,35,35238,1,1,3,4,4,Voie communale,30.0,1
202400028652,2024-06-23,nuit,,,34,34172,3,1,7,3,7,Autre,50.0,1
202400028653,2024-06-24,matin,,,25,25388,1,1,6,4,4,Voie communale,30.0,1
202400028654,2024-06-24,après-midi,,,25,25056,1,1,2,4,3,Départementale,50.0,1
202400028655,2024-06-20,après-midi,,,22,22113,1,1,7,3,4,Voie communale,50.0,1
202400028656,2024-06-24,après-midi,,,13,13005,1,1,3,4,4,Voie communale,50.0,1
202400028657,2024-06-24,après-midi,,,13,13005,1,1,6,3,4,Voie communale,,1
202400028658,2024-06-24,matin,,,13,13005,1,1,3,4,4,Voie communale,50.0,1
202400028659,2024-06-24,après-midi,,,12,12145,1,1,1,3,3,Départementale,70.0,1
202400028660,2024-06-24,matin,,,11,11262,1,1,6,3,4,Voie communale,50.0,1
202400028661,2024-06-24,matin,,,11,11262,1,1,3,4,4,Voie communale,50.0,1
202400028662,2024-06-24,après-midi,,,07,07102,1,1,3,3,4,Voie communale,50.0,1
202400028663,2024-06-23,après-midi,,,06,06088,1,1,6,4,7,Autre,50.0,1
202400028664,2024-06-23,matin,,,06,06027,1,1,3,4,7,Autre,50.0,1
202400028665,2024-06-23,nuit,,,75,75112,5,1,2,4,4,Voie communale,70.0,1
202400028666,2024-06-22,nuit,,,75,75119,5,1,6,3,4,Voie communale,30.0,1
202400028667,2024-06-24,matin,,,75,75106,1,1,3,4,4,Voie communale,30.0,1
202400028668,2024-06-23,soirée,,,75,75118,1,1,3,4,4,Voie communale,30.0,1
202400028669,2024-06-23,soirée,,,75,75117,1,1,3,4,4,Voie communale,30.0,1
202400028670,2024-06-24,après-midi,,,75,75116,1,1,3,4,4,Voie communale,30.0,1
202400028671,2024-06-24,matin,,,75,75116,1,1,3,4,4,Voie communale,30.0,1
202400028672,2024-06-24,après-midi,,,75,75115,1,1,6,4,4,Voie communale,30.0,1
202400028673,2024-06-24,matin,,,75,75115,1,1,6,4,4,Voie communale,30.0,1
202400028674,2024-06-23,soirée,,,75,75114,1,1,2,4,4,Voie communale,50.0,1
202400028675,2024-06-24,soirée,,,75,75109,1,1,6,4,4,Voie communale,30.0,1
202400028676,2024-06-24,soirée,,,75,75108,1,1,3,4,4,Voie communale,30.0,1
202400028677,2024-06-23,soirée,,,94,94068,2,1,3,4,3,Départementale,30.0,1
202400028678,2024-06-23,nuit,,,94,94052,5,1,3,4,3,Départementale,50.0,1
202400028679,2024-06-22,soirée,,,94,94068,1,1,2,4,3,Départementale,50.0,1
202400028680,2024-06-24,après-midi,,,95,95527,1,7,6,4,4,Voie communale,30.0,1
202400028681,2024-06-24,après-midi,,,93,93072,1,1,1,4,3,Départementale,50.0,1
202400028682,2024-06-23,nuit,,,93,93059,5,1,1,4,4,Voie communale,50.0,1
202400028683,2024-06-24,matin,,,93,93066,1,1,3,4,3,Départementale,50.0,1
202400028684,2024-06-23,matin,,,93,93053,1,1,6,4,3,Départementale,50.0,1
202400028685,2024-11-12,après-midi,,,42,42183,1,2,3,4,4,Voie communale,30.0,2
202400028686,2024-11-12,matin,,,42,42183,1,2,6,3,4,Voie communale,5.0,2
202400028687,2024-06-23,après-midi,,,93,93053,1,1,2,4,3,Départementale,50.0,1
202400028688,2024-11-12,matin,,,37,37261,5,1,7,4,4,Voie communale,50.0,1
202400028689,2024-06-24,matin,,,93,93071,1,1,6,4,4,Voie communale,50.0,1
202400028690,2024-11-12,nuit,,,35,35238,3,1,6,4,2,Nationale,70.0,1
202400028691,2024-06-24,après-midi,,,93,93031,1,1,3,4,3,Départementale,50.0,1
202400028692,2024-11-12,après-midi,,,35,35238,1,1,3,4,4,Voie communale,30.0,1
202400028693,2024-06-23,après-midi,,,92,92050,1,1,3,4,3,Départementale,50.0,1
202400028694,2024-11-12,matin,,,35,35055,1,1,3,4,7,Autre,90.0,1
202400028695,2024-06-23,soirée,,,92,92007,1,7,7,4,3,Départementale,50.0,1
202400028696,2024-11-12,matin,,,35,35278,2,1,2,4,2,Nationale,90.0,1
202400028697,2024-06-18,après-midi,,,92,92036,1,1,3,4,3,Départementale,50.0,1
202400028698,2024-06-24,après-midi,,,92,92035,1,1,7,3,3,Départementale,50.0,1
202400028699,2024-11-12,matin,,,35,35238,1,1,3,4,4,Voie communale,30.0,1
202400028700,2024-11-12,soirée,,,34,34172,5,2,3,4,4,Voie communale,50.0,2
202400028701,2024-06-24,après-midi,,,92,92023,1,1,3,4,3,Départementale,50.0,1
202400028702,2024-11-12,après-midi,,,34,34172,1,1,3,3,4,Voie communale,50.0,1
202400028703,2024-11-12,soirée,,,33,33318,5,1,6,4,4,Voie communale,50.0,1
202400028704,2024-06-24,matin,,,92,92012,1,1,6,4,3,Départementale,30.0,1
202400028705,2024-11-12,nuit,,,33,33063,5,1,6,3,4,Voie communale,50.0,1
202400028706,2024-06-24,après-midi,,,37,37271,1,1,7,3,3,Départementale,50.0,1
202400028707,2024-11-12,matin,,,32,32013,1,1,6,4,4,Voie communale,50.0,1
202400028708,2024-06-21,matin,,,63,63026,1,8,3,3,3,Départementale,90.0,2
202400028709,2024-11-12,soirée,,,29,29232,5,2,4,4,4,Voie communale,50.0,2
202400028710,2024-06-22,nuit,,,08,08115,3,1,7,3,3,Départementale,50.0,1
202400028711,2024-11-12,matin,,,29,29232,1,1,6,4,4,Voie communale,30.0,1
202400028712,2024-06-18,après-midi,,,01,01362,1,1,3,4,3,Départementale,80.0,1
202400028713,2024-11-12,matin,,,29,29039,3,1,6,4,3,Départementale,70.0,1
202400028714,2024-06-24,après-midi,,,95,95205,1,1,3,3,3,Départementale,80.0,1
202400028715,2024-11-12,matin,,,26,26058,1,2,2,4,2,Nationale,50.0,2
202400028716,2024-06-25,matin,,,22,22011,1,1,3,3,4,Voie communale,80.0,1
202400028717,2024-11-12,soirée,,,26,26281,5,2,6,4,4,Voie communale,50.0,2
202400028718,2024-11-12,soirée,,,22,22106,5,2,6,4,4,Voie communale,30.0,2
202400028719,2024-06-24,soirée,,,42,42145,1,1,3,3,4,Voie communale,30.0,1
202400028720,2024-06-22,nuit,,,88,88478,2,1,2,4,1,Autoroute,130.0,1
202400028721,2024-06-25,matin,,,974,97404,1,1,1,3,4,Voie communale,50.0,1
202400028722,2024-11-12,après-midi,,,22,22360,1,1,2,4,3,Départementale,70.0,1
202400028723,2024-06-23,matin,,,54,54138,1,1,7,3,3,Départementale,80.0,1
202400028724,2024-06-25,soirée,,,974,97414,3,1,2,3,2,Nationale,70.0,1
202400028725,2024-11-07,après-midi,,,14,14118,2,8,3,3,4,Voie communale,50.0,1
202400028726,2024-11-12,matin,,,13,13039,1,8,3,4,2,Nationale,70.0,1
202400028727,2024-06-22,matin,,,71,71420,1,3,3,4,3,Départementale,70.0,2
202400028728,2024-06-21,soirée,,,56,56061,1,1,7,3,4,Voie communale,80.0,1
202400028729,2024-11-12,soirée,,,13,13213,5,1,2,4,4,Voie communale,50.0,1
202400028730,2024-06-24,après-midi,,,56,56029,1,1,3,2,3,Départementale,80.0,1
202400028731,2024-11-12,après-midi,,,13,13208,1,2,3,4,4,Voie communale,50.0,2
202400028732,2024-11-12,soirée,,,13,13005,5,2,1,4,4,Voie communale,30.0,2
202400028733,2024-06-25,matin,,,56,56259,1,1,1,3,3,Départementale,80.0,1
202400028734,2024-11-12,après-midi,,,13,13070,1,2,7,4,4,Voie communale,50.0,2
202400028735,2024-06-24,après-midi,,,76,76312,1,1,3,4,4,Voie communale,,1
202400028736,2024-11-11,soirée,,,11,11262,5,1,3,4,4,Voie communale,50.0,1
202400028737,2024-06-25,matin,,,80,80620,1,1,4,4,3,Départementale,80.0,1
202400028738,2024-11-11,après-midi,,,06,06083,5,1,6,4,3,Départementale,50.0,1
202400028739,2024-06-24,après-midi,,,11,11165,1,1,6,4,3,Départementale,80.0,1
202400028740,2024-11-12,soirée,,,06,06004,4,1,3,4,3,Départementale,50.0,1
202400028741,2024-06-25,après-midi,,,71,71013,1,1,3,3,3,Départementale,80.0,1
202400028742,2024-06-25,matin,,,61,61079,1,1,6,3,3,Départementale,90.0,1
202400028743,2024-11-11,soirée,,,75,75118,5,1,4,4,4,Voie communale,50.0,1
202400028744,2024-06-25,matin,,,61,61314,1,1,1,2,3,Départementale,90.0,1
202400028745,2024-11-11,soirée,,,75,75113,5,1,7,3,4,Voie communale,30.0,1
202400028746,2024-06-24,matin,,,42,42323,1,1,6,3,3,Départementale,50.0,1
202400028747,2024-11-10,nuit,,,75,75117,5,1,7,3,4,Voie communale,50.0,1
202400028748,2024-06-25,après-midi,,,68,68062,1,1,3,4,3,Départementale,80.0,1
202400028749,2024-11-12,nuit,,,75,75119,5,1,3,4,4,Voie communale,30.0,1
202400028750,2024-06-25,après-midi,,,22,22296,1,7,3,2,3,Départementale,70.0,1
202400028751,2024-11-12,après-midi,,,75,75119,2,1,2,4,4,Voie communale,30.0,1
202400028752,2024-06-25,matin,,,39,39520,1,1,6,3,3,Départementale,80.0,1
202400028753,2024-11-11,soirée,,,75,75119,5,1,3,4,4,Voie communale,30.0,1