Num_Acc,date,time_of_day,lat,long,dep,com,lum,atm,col,severity_index,catr,catr_label,vma,surf
202400028754,2024-11-12,après-midi,,,75,75117,1,1,7,4,4,Voie communale,30.0,1
202400028755,2024-06-20,nuit,,,29,29197,5,1,3,3,3,Départementale,50.0,1
202400028756,2024-06-25,matin,,,06,06079,1,1,7,3,4,Voie communale,50.0,1
202400028757,2024-11-12,après-midi,,,75,75114,1,1,3,4,4,Voie communale,30.0,1
202400028758,2024-06-20,matin,,,45,45341,1,1,2,4,3,Départementale,80.0,1
202400028759,2024-11-12,après-midi,,,75,75113,1,8,6,4,4,Voie communale,,1
202400028760,2024-06-25,après-midi,,,64,64417,1,1,6,4,3,Départementale,50.0,1
202400028761,2024-11-12,matin,,,75,75113,1,8,3,4,4,Voie communale,30.0,2
202400028762,2024-06-24,après-midi,,,18,18087,1,1,7,3,3,Départementale,50.0,1
202400028763,2024-11-12,soirée,,,75,75109,5,1,6,4,4,Voie communale,30.0,1
202400028764,2024-06-24,soirée,,,07,07237,1,1,2,3,3,Départementale,90.0,1
202400028765,2024-11-12,soirée,,,75,75109,5,1,3,4,4,Voie communale,30.0,1
202400028766,2024-06-24,après-midi,,,21,21020,1,1,1,3,3,Départementale,80.0,1
202400028767,2024-11-12,soirée,,,75,75107,5,1,7,4,4,Voie communale,,1
202400028768,2024-06-24,après-midi,,,40,40110,1,1,1,4,3,Départementale,50.0,1
202400028769,2024-06-24,après-midi,,,24,24077,1,1,1,4,2,Nationale,80.0,1
202400028770,2024-11-12,matin,,,75,75103,1,8,3,4,4,Voie communale,30.0,2
202400028771,2024-11-12,matin,,,94,94044,5,2,6,4,4,Voie communale,50.0,2
202400028772,2024-06-25,après-midi,,,48,48178,1,1,1,4,2,Nationale,80.0,1
202400028773,2024-11-12,après-midi,,,94,94038,1,1,3,4,4,Voie communale,,1
202400028774,2024-06-25,après-midi,,,48,48016,1,1,3,4,2,Nationale,50.0,1
202400028775,2024-11-12,matin,,,94,94033,1,1,6,4,3,Départementale,50.0,1
202400028776,2024-11-12,nuit,,,94,94065,3,2,2,3,5,Autre,50.0,2
202400028777,2024-11-11,matin,,,93,93070,1,8,6,4,3,Départementale,50.0,1
202400028778,2024-06-24,après-midi,,,31,31169,1,1,5,4,3,Départementale,80.0,1
202400028779,2024-11-12,après-midi,,,93,93048,1,1,3,3,3,Départementale,50.0,1
202400028780,2024-06-25,après-midi,,,14,14620,1,1,2,4,1,Autoroute,130.0,1
202400028781,2024-06-25,après-midi,,,55,55117,1,1,6,4,1,Autoroute,130.0,1
202400028782,2024-11-12,après-midi,,,93,93046,1,1,1,4,4,Voie communale,50.0,1
202400028783,2024-06-24,nuit,,,62,62369,5,1,6,3,1,Autoroute,30.0,1
202400028784,2024-11-12,matin,,,93,93032,1,2,3,4,4,Voie communale,50.0,2
202400028785,2024-06-25,matin,,,77,77196,1,1,6,4,2,Nationale,110.0,1
202400028786,2024-06-24,soirée,,,91,91099,1,1,6,3,9,Autre,5.0,6
202400028787,2024-11-12,matin,,,93,93005,1,2,4,4,3,Départementale,50.0,2
202400028788,2024-06-25,matin,,,2A,2A215,1,1,3,3,2,Nationale,80.0,1
202400028789,2024-11-11,soirée,,,93,93005,5,1,3,4,4,Voie communale,50.0,1
202400028790,2024-11-12,après-midi,,,92,92073,1,8,3,4,3,Départementale,50.0,1
202400028791,2024-06-24,après-midi,,,11,11295,1,1,1,4,3,Départementale,80.0,1
202400028792,2024-11-12,matin,,,92,92073,1,2,6,4,3,Départementale,50.0,2
202400028793,2024-06-25,matin,,,11,11022,1,1,3,4,3,Départementale,80.0,1
202400028794,2024-11-11,après-midi,,,92,92020,1,1,4,4,4,Voie communale,50.0,1
202400028795,2024-06-24,après-midi,,,34,34327,1,1,3,4,7,Autre,50.0,1
202400028796,2024-11-12,matin,,,92,92048,1,8,6,4,3,Départementale,50.0,1
202400028797,2024-11-12,après-midi,,,92,92026,5,1,3,4,3,Départementale,50.0,1
202400028798,2024-06-23,après-midi,,,83,83071,1,1,3,3,3,Départementale,80.0,1
202400028799,2024-11-12,matin,,,92,92019,1,2,7,4,4,Voie communale,25.0,2
202400028800,2024-06-24,après-midi,,,83,83119,1,1,3,3,3,Départementale,50.0,1
202400028801,2024-11-11,soirée,,,92,92012,5,1,6,4,3,Départementale,50.0,1
202400028802,2024-06-15,après-midi,,,83,83133,1,1,1,4,4,Voie communale,,1
202400028803,2024-11-12,matin,,,92,92004,1,8,3,4,4,Voie communale,50.0,1
202400028804,2024-06-25,après-midi,,,05,05053,1,1,1,3,3,Départementale,90.0,1
202400028805,2024-11-12,après-midi,,,92,92002,1,8,6,3,3,Départementale,50.0,1
202400028806,2024-11-09,soirée,,,08,08343,3,1,1,3,3,Départementale,80.0,1
202400028807,2024-06-23,soirée,,,13,13007,2,1,1,3,4,Voie communale,50.0,1
202400028808,2024-11-11,après-midi,,,09,09061,1,2,7,3,9,Autre,5.0,2
202400028809,2024-06-25,nuit,,,81,81099,3,1,7,4,4,Voie communale,80.0,1
202400028810,2024-11-13,après-midi,,,06,06161,1,1,1,4,3,Départementale,,1
202400028811,2024-06-24,soirée,,,31,31395,1,1,1,4,3,Départementale,50.0,1
202400028812,2024-11-13,après-midi,,,62,62634,1,1,7,4,4,Voie communale,80.0,6
202400028813,2024-11-12,après-midi,,,21,21634,1,1,6,4,1,Autoroute,130.0,1
202400028814,2024-06-24,soirée,,,33,33051,1,1,3,3,3,Départementale,70.0,1
202400028815,2024-11-12,matin,,,44,44086,1,1,6,2,3,Départementale,80.0,1
202400028816,2024-06-21,soirée,,,22,22136,1,1,6,3,4,Voie communale,80.0,1
202400028817,2024-11-12,soirée,,,34,34194,3,3,5,4,1,Autoroute,110.0,2
202400028818,2024-11-13,nuit,,,41,41245,4,1,6,3,9,Autre,50.0,1
202400028819,2024-06-20,soirée,,,35,35360,1,1,3,4,3,Départementale,50.0,1
202400028820,2024-06-24,matin,,,33,33075,1,1,3,3,1,Autoroute,50.0,1
202400028821,2024-11-13,matin,,,50,50159,2,1,3,4,3,Départementale,,2
202400028822,2024-11-12,soirée,,,62,62168,5,1,3,3,3,Départementale,50.0,1
202400028823,2024-06-22,nuit,,,59,59260,3,1,6,2,1,Autoroute,130.0,1
202400028824,2024-06-22,après-midi,,,59,59378,1,1,6,4,1,Autoroute,70.0,1
202400028825,2024-11-12,soirée,,,56,56013,5,2,6,2,3,Départementale,50.0,2
202400028826,2024-06-24,après-midi,,,91,91345,1,1,2,4,1,Autoroute,110.0,1
202400028827,2024-06-24,matin,,,91,91553,1,1,4,4,2,Nationale,110.0,1
202400028828,2024-11-09,soirée,,,82,82112,3,1,1,4,3,Départementale,90.0,1
202400028829,2024-10-12,matin,,,65,65258,1,1,3,4,3,Départementale,50.0,1
202400028830,2024-06-24,matin,,,94,94043,1,1,4,4,1,Autoroute,70.0,1
202400028831,2024-11-12,soirée,,,32,32213,3,8,6,2,3,Départementale,70.0,2
202400028832,2024-06-24,après-midi,,,93,93007,1,1,2,4,1,Autoroute,90.0,1
202400028833,2024-11-12,après-midi,,,61,61168,1,1,7,4,3,Départementale,50.0,1
202400028834,2024-11-13,matin,,,42,42011,2,1,3,3,4,Voie communale,50.0,1
202400028835,2024-06-24,soirée,,,94,94069,1,1,4,4,1,Autoroute,90.0,1
202400028836,2024-11-09,soirée,,,41,41185,3,1,1,4,4,Voie communale,70.0,2
202400028837,2024-06-24,après-midi,,,77,77169,1,1,3,4,2,Nationale,90.0,1
202400028838,2024-11-12,soirée,,,39,39042,3,1,1,3,3,Départementale,80.0,1
202400028839,2024-06-24,après-midi,,,93,93051,1,1,2,4,1,Autoroute,110.0,1
202400028840,2024-06-24,nuit,,,94,94046,3,1,6,4,1,Autoroute,70.0,1
202400028841,2024-11-12,soirée,,,25,25454,5,2,6,3,6,Autre,15.0,2
202400028842,2024-11-13,matin,,,44,44024,2,1,3,4,7,Autre,70.0,1
202400028843,2024-06-24,nuit,,,94,94022,3,1,2,4,1,Autoroute,90.0,1
202400028844,2024-11-03,nuit,,,29,29278,3,8,6,3,4,Voie communale,80.0,1
202400028845,2024-11-13,matin,,,02,02814,1,1,1,2,3,Départementale,,1
202400028846,2024-06-23,nuit,,,94,94028,3,1,2,4,1,Autoroute,90.0,1
202400028847,2024-11-11,soirée,,,70,70538,5,1,6,4,3,Départementale,30.0,2
202400028848,2024-06-12,soirée,,,44,44109,1,1,7,4,4,Voie communale,50.0,1
202400028849,2024-11-13,matin,,,26,26330,1,8,2,3,3,Départementale,30.0,1
202400028850,2024-11-13,après-midi,,,58,58088,1,1,7,4,4,Voie communale,30.0,1
202400028851,2024-04-20,matin,,,44,44109,2,1,6,4,4,Voie communale,30.0,1
202400028852,2024-11-12,après-midi,,,06,06108,1,1,6,4,3,Départementale,50.0,1
202400028853,2024-02-04,après-midi,,,44,44109,1,1,6,4,4,Voie communale,50.0,1
202400028854,2024-11-12,après-midi,,,14,14431,1,1,6,4,3,Départementale,50.0,1
202400028855,2024-01-30,après-midi,,,04,04070,1,1,1,4,3,Départementale,50.0,1
202400028856,2024-11-13,après-midi,,,14,14623,2,1,1,4,4,Voie communale,80.0,1
202400028857,2024-02-06,nuit,,,974,97415,2,1,3,2,4,Voie communale,50.0,1
202400028858,2024-03-19,matin,,,14,14191,1,1,7,3,6,Autre,20.0,1
202400028859,2024-11-10,soirée,,,14,14542,5,1,3,4,3,Départementale,50.0,1
202400028860,2024-11-11,soirée,,,50,50215,5,1,7,4,3,Départementale,50.0,1
202400028861,2024-03-18,soirée,,,14,14341,1,1,7,4,2,Nationale,50.0,1
202400028862,2024-02-14,soirée,,,14,14130,3,2,1,4,3,Départementale,90.0,2
202400028863,2024-11-12,après-midi,,,10,10054,1,1,3,3,3,Départementale,80.0,1
202400028864,2024-11-12,après-midi,,,16,16167,1,2,7,4,4,Voie communale,50.0,2
202400028865,2024-01-15,matin,,,32,32279,1,1,6,4,4,Voie communale,50.0,1
202400028866,2024-11-12,après-midi,,,07,07094,1,2,7,3,4,Voie communale,90.0,2
202400028867,2024-11-05,après-midi,,,04,04008,2,1,7,3,2,Nationale,80.0,1
202400028868,2024-11-12,nuit,,,48,48080,5,1,1,3,2,Nationale,50.0,1
202400028869,2024-06-23,matin,,,976,97611,1,1,1,3,3,Départementale,50.0,1
202400028870,2024-11-11,après-midi,,,13,13112,1,1,3,4,3,Départementale,,1
202400028871,2024-06-23,soirée,,,69,69387,5,1,3,4,4,Voie communale,30.0,1
202400028872,2024-11-12,après-midi,,,69,69027,1,1,7,3,4,Voie communale,50.0,1
202400028873,2024-06-23,matin,,,972,97213,1,1,2,4,1,Autoroute,90.0,1
202400028874,2024-11-13,après-midi,,,973,97304,1,1,3,4,4,Voie communale,50.0,1
202400028875,2024-06-22,après-midi,,,972,97209,1,1,6,4,3,Départementale,50.0,1
202400028876,2024-11-12,soirée,,,77,77086,5,1,6,4,3,Départementale,50.0,1
202400028877,2024-06-23,soirée,,,69,69202,1,1,6,3,4,Voie communale,30.0,1
202400028878,2024-11-08,matin,,,78,78506,3,2,3,4,3,Départementale,80.0,2
202400028879,2024-06-23,nuit,,,69,69034,5,1,3,4,4,Voie communale,50.0,1
202400028880,2024-11-12,après-midi,,,13,13030,1,1,6,4,3,Départementale,90.0,2
202400028881,2024-06-23,matin,,,971,97113,1,1,4,4,2,Nationale,70.0,1
202400028882,2024-11-11,soirée,,,31,31451,5,1,6,3,4,Voie communale,50.0,1
202400028883,2024-06-23,matin,,,91,91691,1,1,6,4,4,Voie communale,50.0,1
202400028884,2024-06-23,soirée,,,91,91174,1,1,6,4,4,Voie communale,50.0,1
202400028885,2024-11-12,matin,,,17,17421,1,1,3,2,4,Voie communale,50.0,1
202400028886,2024-11-12,matin,,,72,72264,1,1,6,3,3,Départementale,50.0,1
202400028887,2024-06-22,soirée,,,84,84035,1,1,6,3,4,Voie communale,,1
202400028888,2024-11-12,matin,,,27,27447,2,2,3,4,3,Départementale,80.0,2
202400028889,2024-06-22,matin,,,83,83069,1,1,3,4,3,Départementale,50.0,1
202400028890,2024-11-13,soirée,,,59,59134,3,1,3,4,4,Voie communale,50.0,1
202400028891,2024-06-23,matin,,,83,83118,1,1,3,3,3,Départementale,50.0,1
202400028892,2024-06-23,après-midi,,,78,78190,1,1,6,4,4,Voie communale,30.0,1
202400028893,2024-11-12,soirée,,,59,59602,5,1,3,3,7,Autre,50.0,1
202400028894,2024-11-12,après-midi,,,13,13085,1,2,3,4,1,Autoroute,90.0,2
202400028895,2024-06-23,soirée,,,78,78299,1,1,3,4,3,Départementale,,1
202400028896,2024-11-12,après-midi,,,13,13212,1,2,7,4,1,Autoroute,70.0,2
202400028897,2024-06-23,nuit,,,77,77186,3,1,6,4,3,Départementale,90.0,1
202400028898,2024-05-12,matin,,,73,73065,1,1,6,4,9,Autre,,1
202400028899,2024-11-12,matin,,,33,33013,1,1,3,4,2,Nationale,90.0,1
202400028900,2024-06-17,soirée,,,73,73008,1,1,1,4,4,Voie communale,50.0,1
202400028901,2024-11-12,après-midi,,,78,78073,1,8,4,4,2,Nationale,110.0,1
202400028902,2024-11-10,soirée,,,78,78431,3,1,3,4,1,Autoroute,130.0,1
202400028903,2024-06-23,nuit,,,71,71270,5,1,1,4,4,Voie communale,50.0,1
202400028904,2024-11-12,nuit,,,92,92078,3,1,6,4,1,Autoroute,70.0,1
202400028905,2024-06-23,soirée,,,69,69286,5,1,3,4,4,Voie communale,50.0,1
202400028906,2024-11-11,après-midi,,,95,95252,2,1,4,4,1,Autoroute,110.0,1
202400028907,2024-06-23,après-midi,,,63,63113,1,1,6,4,7,Autre,,1
202400028908,2024-09-06,matin,,,74,74298,1,1,3,4,4,Voie communale,50.0,1
202400028909,2024-08-21,soirée,,,74,74276,4,1,6,3,3,Départementale,80.0,1
202400028910,2024-06-18,nuit,,,62,62119,2,8,3,4,3,Départementale,50.0,2
202400028911,2024-08-05,matin,,,74,74197,1,1,2,3,3,Départementale,90.0,1
202400028912,2024-06-23,matin,,,60,60057,1,1,3,4,4,Voie communale,50.0,1
202400028913,2024-08-02,soirée,,,74,74225,5,8,6,3,4,Voie communale,30.0,1
202400028914,2024-06-23,matin,,,59,59378,1,1,2,4,6,Autre,30.0,1
202400028915,2024-06-17,soirée,,,74,74021,3,1,7,3,3,Départementale,,1
202400028916,2024-06-23,soirée,,,54,54521,1,7,6,4,4,Voie communale,30.0,1
202400028917,2024-07-15,après-midi,,,19,19173,1,1,3,4,3,Départementale,90.0,1
202400028918,2024-06-23,nuit,,,50,50218,3,1,6,3,3,Départementale,70.0,1
202400028919,2024-11-10,après-midi,,,973,97302,1,1,3,4,3,Départementale,50.0,1
202400028920,2024-06-23,après-midi,,,49,49328,1,1,3,4,3,Départementale,80.0,1
202400028921,2024-11-11,après-midi,,,69,69383,2,1,1,4,4,Voie communale,,1
202400028922,2024-06-23,après-midi,,,45,45234,1,1,6,4,7,Autre,30.0,1
202400028923,2024-11-11,après-midi,,,69,69383,1,1,1,3,4,Voie communale,30.0,1
202400028924,2024-06-23,matin,,,45,45075,1,1,6,4,4,Voie communale,50.0,1
202400028925,2024-11-11,après-midi,,,69,69388,1,1,3,3,4,Voie communale,30.0,1
202400028926,2024-06-22,après-midi,,,44,44109,1,1,6,2,6,Autre,20.0,1
202400028927,2024-11-11,nuit,,,69,69385,5,1,3,3,4,Voie communale,30.0,1
202400028928,2024-06-21,après-midi,,,42,42170,1,1,6,4,4,Voie communale,80.0,1
202400028929,2024-11-11,nuit,,,971,97113,3,2,2,4,2,Nationale,50.0,2
202400028930,2024-06-23,matin,,,37,37122,1,1,7,4,7,Autre,90.0,1
202400028931,2024-11-11,soirée,,,91,91286,5,1,5,4,3,Départementale,50.0,1
202400028932,2024-06-23,après-midi,,,31,31555,1,1,1,4,4,Voie communale,50.0,1
202400028933,2024-11-11,matin,,,91,91174,2,1,6,4,4,Voie communale,50.0,1
202400028934,2024-06-23,matin,,,29,29232,2,2,6,4,3,Départementale,70.0,2
202400028935,2024-11-11,soirée,,,84,84080,3,1,2,4,3,Départementale,110.0,1
202400028936,2024-06-22,soirée,,,29,29254,1,1,2,4,3,Départementale,110.0,1
202400028937,2024-11-10,soirée,,,78,78621,5,1,3,4,3,Départementale,50.0,1
202400028938,2024-06-22,nuit,,,27,27554,3,2,3,4,3,Départementale,80.0,2
202400028939,2024-11-11,après-midi,,,77,77379,2,1,6,4,4,Voie communale,50.0,1
202400028940,2024-06-21,nuit,,,27,27681,5,1,1,4,4,Voie communale,50.0,1
202400028941,2024-11-11,après-midi,,,77,77042,1,2,1,4,3,Départementale,50.0,2
202400028942,2024-06-22,soirée,,,17,17300,1,1,3,4,4,Voie communale,30.0,1
202400028943,2024-11-11,soirée,,,76,76540,5,1,3,4,7,Autre,50.0,1
202400028944,2024-06-23,après-midi,,,13,13209,1,1,1,4,3,Départementale,70.0,1
202400028945,2024-11-11,nuit,,,72,72181,3,1,3,4,4,Voie communale,50.0,1
202400028946,2024-06-23,après-midi,,,13,13210,1,1,3,4,4,Voie communale,50.0,1
202400028947,2024-11-11,soirée,,,71,71486,5,1,6,4,4,Voie communale,50.0,1
202400028948,2024-06-23,matin,,,13,13205,1,1,2,4,4,Voie communale,50.0,1
202400028949,2024-11-11,soirée,,,69,69259,5,9,6,4,7,Autre,50.0,1
202400028950,2024-11-11,matin,,,67,67482,1,8,6,4,4,Voie communale,50.0,1
202400028951,2024-11-11,soirée,,,47,47031,5,1,6,4,3,Départementale,50.0,1
202400028952,2024-10-09,après-midi,,,42,42275,1,1,6,3,7,Autre,50.0,1
202400028953,2024-11-11,après-midi,,,37,37261,1,1,7,4,4,Voie communale,50.0,1
202400028954,2024-11-11,après-midi,,,33,33069,1,1,6,3,4,Voie communale,30.0,1
202400028955,2024-11-11,nuit,,,32,32013,5,1,3,4,3,Départementale,50.0,1
202400028956,2024-11-11,nuit,,,29,29232,5,1,7,4,4,Voie communale,50.0,1
202400028957,2024-11-11,soirée,,,29,29232,5,1,3,4,4,Voie communale,50.0,1
202400028958,2024-11-11,après-midi,,,29,29019,1,1,3,4,4,Voie communale,50.0,1
202400028959,2024-11-11,soirée,,,25,25056,3,2,3,4,4,Voie communale,20.0,2
202400028960,2024-11-11,matin,,,22,22360,3,1,6,4,3,Départementale,110.0,1
202400028961,2024-11-11,soirée,,,13,13203,5,1,3,4,4,Voie communale,50.0,1
202400028962,2024-11-11,soirée,,,13,13207,5,1,3,4,4,Voie communale,50.0,1
202400028963,2024-11-11,nuit,,,13,13214,5,1,3,4,4,Voie communale,50.0,1
202400028964,2024-11-11,nuit,,,75,75108,4,1,2,4,4,Voie communale,30.0,1
202400028965,2024-11-11,après-midi,,,75,75106,1,1,3,4,4,Voie communale,30.0,1
202400028966,2024-11-11,après-midi,,,75,75119,1,1,6,3,4,Voie communale,,1
202400028967,2024-11-11,matin,,,75,75119,5,1,2,4,4,Voie communale,30.0,1
202400028968,2024-11-11,matin,,,75,75108,1,1,3,4,4,Voie communale,,1
202400028969,2024-11-11,soirée,,,75,75115,5,1,3,4,4,Voie communale,50.0,1
202400028970,2024-11-10,soirée,,,75,75115,3,1,6,3,4,Voie communale,30.0,1
202400028971,2024-11-11,après-midi,,,75,75110,5,1,3,4,4,Voie communale,30.0,1
202400028972,2024-11-11,soirée,,,75,75107,5,1,3,4,4,Voie communale,30.0,1
202400028973,2024-11-11,après-midi,,,94,94046,1,1,3,4,3,Départementale,50.0,1
202400028974,2024-11-11,soirée,,,94,94077,5,1,6,4,3,Départementale,50.0,1
202400028975,2024-11-11,soirée,,,94,94075,5,1,3,4,3,Départementale,30.0,1
202400028976,2024-11-11,après-midi,,,93,93059,1,1,3,4,3,Départementale,50.0,1
202400028977,2024-11-10,soirée,,,93,93051,5,1,1,4,4,Voie communale,50.0,1
202400028978,2024-11-11,matin,,,93,93050,3,1,6,4,3,Départementale,50.0,1
202400028979,2024-11-11,matin,,,93,93031,3,1,6,3,3,Départementale,50.0,1
202400028980,2024-11-11,soirée,,,93,93001,5,1,2,4,4,Voie communale,50.0,1
202400028981,2024-11-10,après-midi,,,34,34088,1,1,7,4,7,Autre,80.0,1
202400028982,2024-11-11,soirée,,,71,71360,5,1,3,3,3,Départementale,80.0,1
202400028983,2024-11-12,matin,,,47,47075,3,1,5,2,2,Nationale,80.0,1
202400028984,2024-09-18,après-midi,,,39,39494,1,1,3,4,3,Départementale,80.0,1
202400028985,2024-11-10,nuit,,,24,24059,3,1,6,4,3,Départementale,50.0,1
202400028986,2024-11-11,après-midi,,,01,01381,1,1,6,3,3,Départementale,50.0,1
202400028987,2024-11-10,soirée,,,86,86086,3,1,6,4,3,Départementale,80.0,1
202400028988,2024-11-11,après-midi,,,01,01007,5,1,1,4,3,Départementale,80.0,1
202400028989,2024-11-11,après-midi,,,33,33352,1,1,1,3,4,Voie communale,50.0,1
202400028990,2024-11-10,après-midi,,,57,57066,5,1,3,3,3,Départementale,70.0,1
202400028991,2024-11-11,soirée,,,28,28141,3,1,4,4,1,Autoroute,130.0,1
202400028992,2024-11-08,soirée,,,28,28403,3,1,6,4,1,Autoroute,130.0,1
202400028993,2024-11-11,après-midi,,,01,01353,1,1,5,4,3,Départementale,80.0,1
202400028994,2024-11-12,soirée,,,30,30217,3,2,7,4,4,Voie communale,50.0,2
202400028995,2024-11-11,après-midi,,,41,41265,5,1,6,4,3,Départementale,50.0,1
202400028996,2024-11-11,après-midi,,,62,62773,1,1,6,3,3,Départementale,80.0,2
202400028997,2024-11-12,après-midi,,,51,51516,1,1,3,4,3,Départementale,80.0,1
202400028998,2024-11-10,après-midi,,,19,19150,1,1,3,4,3,Départementale,90.0,1
202400028999,2024-12-18,après-midi,,,06,06064,1,1,3,3,7,Autre,50.0,1
202400029000,2024-12-17,matin,,,2A,2A271,1,1,6,4,2,Nationale,70.0,1
202400029001,2024-11-10,matin,,,79,79355,1,1,3,3,4,Voie communale,50.0,1
202400029002,2024-12-02,nuit,,,11,11325,3,1,6,3,3,Départementale,90.0,1
202400029003,2024-12-19,après-midi,,,71,71522,1,3,6,3,4,Voie communale,80.0,2
202400029004,2024-11-11,soirée,,,2B,2B207,5,1,2,4,3,Départementale,30.0,1
202400029005,2024-12-19,matin,,,84,84051,1,1,6,2,3,Départementale,80.0,2
202400029006,2024-11-12,soirée,,,82,82155,2,1,3,3,3,Départementale,50.0,1
202400029007,2024-12-19,matin,,,58,58210,3,2,7,3,3,Départementale,80.0,2
202400029008,2024-12-18,après-midi,,,64,64499,1,1,6,3,4,Voie communale,30.0,1
202400029009,2024-10-27,après-midi,,,63,63457,1,1,6,3,3,Départementale,90.0,1
202400029010,2024-12-19,matin,,,16,16085,1,3,6,4,3,Départementale,50.0,2
202400029011,2024-10-12,soirée,,,86,86244,3,1,3,4,4,Voie communale,70.0,1
202400029012,2024-12-13,matin,,,04,04139,2,2,2,4,3,Départementale,80.0,7
202400029013,2024-12-19,après-midi,,,85,85081,1,1,6,3,3,Départementale,80.0,1
202400029014,2024-12-17,matin,,,72,72320,1,1,6,4,1,Autoroute,50.0,1
202400029015,2024-12-19,nuit,,,987,98738,5,1,1,3,2,Nationale,50.0,1
202400029016,2024-12-18,nuit,,,63,63113,3,1,2,3,1,Autoroute,110.0,1
202400029017,2024-12-19,après-midi,,,72,72123,1,1,2,4,1,Autoroute,130.0,1
202400029018,2024-12-11,soirée,,,33,33199,3,1,2,4,1,Autoroute,130.0,1
202400029019,2024-12-18,matin,,,14,14555,1,8,6,3,1,Autoroute,130.0,1
202400029020,2024-12-18,soirée,,,77,77126,3,2,1,2,3,Départementale,90.0,2
202400029021,2024-12-03,après-midi,,,78,78089,5,1,3,2,3,Départementale,30.0,2
202400029022,2024-12-19,nuit,,,66,66165,3,2,6,4,3,Départementale,80.0,2
202400029023,2024-12-18,après-midi,,,34,34329,1,1,6,3,3,Départementale,90.0,1
202400029024,2024-12-18,soirée,,,83,83047,4,1,6,4,3,Départementale,30.0,1
202400029025,2024-12-19,matin,,,13,13030,1,1,6,4,3,Départementale,50.0,1
202400029026,2024-11-30,matin,,,63,63284,1,1,3,4,4,Voie communale,50.0,1
202400029027,2024-12-19,matin,,,38,38407,1,3,1,3,3,Départementale,70.0,2
202400029028,2024-12-18,matin,,,26,26347,5,1,1,4,2,Nationale,50.0,1
202400029029,2024-12-16,après-midi,,,07,07245,1,1,6,3,6,Autre,50.0,1
202400029030,2024-12-18,matin,,,01,01275,1,5,2,4,4,Voie communale,30.0,2
202400029031,2024-12-18,après-midi,,,49,49023,2,2,6,3,4,Voie communale,50.0,2
202400029032,2024-12-19,matin,,,56,56151,1,2,3,3,4,Voie communale,80.0,2
202400029033,2024-12-19,nuit,,,80,80582,3,3,6,3,4,Voie communale,80.0,2
202400029034,2024-12-19,matin,,,80,80708,1,1,2,4,1,Autoroute,130.0,1
202400029035,2024-12-19,après-midi,,,59,59449,3,2,1,4,3,Départementale,50.0,2
202400029036,2024-12-19,après-midi,,,59,59168,3,2,7,3,3,Départementale,80.0,2
202400029037,2024-12-15,après-midi,,,13,13071,1,1,2,4,1,Autoroute,90.0,1
202400029038,2024-12-15,nuit,,,13,13043,3,1,2,4,1,Autoroute,90.0,1
202400029039,2024-12-17,soirée,,,57,57416,3,8,7,3,1,Autoroute,110.0,2
202400029040,2024-03-05,nuit,,,94,94069,5,2,2,4,1,Autoroute,110.0,2
202400029041,2024-11-29,matin,,,54,54215,2,5,5,4,1,Autoroute,90.0,1
202400029042,2024-03-05,matin,,,94,94017,1,1,3,4,3,Départementale,50.0,1
202400029043,2024-12-18,matin,,,33,33281,1,1,4,4,1,Autoroute,90.0,1
202400029044,2024-12-18,après-midi,,,91,91432,3,1,5,4,1,Autoroute,110.0,1
202400029045,2024-03-05,matin,,,93,93051,1,8,3,4,3,Départementale,50.0,2
202400029046,2024-12-18,après-midi,,,91,91689,1,1,3,4,1,Autoroute,90.0,1
202400029047,2024-12-18,matin,,,91,91161,1,1,2,4,1,Autoroute,90.0,1
202400029048,2024-03-04,après-midi,,,93,93048,1,1,6,4,3,Départementale,50.0,1
202400029049,2024-12-18,nuit,,,91,91340,4,1,6,4,1,Autoroute,110.0,1
202400029050,2024-12-18,matin,,,78,78242,5,1,3,4,1,Autoroute,90.0,1
202400029051,2024-03-03,soirée,,,93,93048,5,1,6,4,3,Départementale,50.0,1
202400029052,2024-12-17,après-midi,,,78,78073,2,1,6,3,2,Nationale,50.0,1
202400029053,2024-03-04,après-midi,,,93,93005,1,1,3,4,3,Départementale,50.0,1
202400029054,2024-12-17,matin,,,92,92047,1,8,3,4,1,Autoroute,110.0,1
202400029055,2024-12-18,soirée,,,94,94033,5,1,2,4,1,Autoroute,90.0,1
202400029056,2024-03-04,matin,,,92,92050,1,1,6,4,3,Départementale,50.0,1
202400029057,2024-12-18,après-midi,,,94,94017,1,8,3,4,1,Autoroute,90.0,1
202400029058,2024-11-24,nuit,,,64,64545,3,6,6,2,3,Départementale,80.0,2
202400029059,2024-03-05,après-midi,,,92,92020,1,1,3,4,3,Départementale,50.0,1
202400029060,2024-08-17,après-midi,,,27,27284,1,1,5,4,4,Voie communale,50.0,1
202400029061,2024-03-05,après-midi,,,35,35239,1,8,3,3,4,Voie communale,50.0,2
202400029062,2024-10-15,après-midi,,,74,74012,1,1,1,4,4,Voie communale,50.0,1
202400029063,2024-01-29,après-midi,,,35,35002,1,1,1,4,3,Départementale,80.0,1
202400029064,2024-09-30,après-midi,,,91,91086,1,1,7,3,3,Départementale,80.0,1
202400029065,2024-03-05,matin,,,51,51066,1,1,7,4,3,Départementale,80.0,1
202400029066,2024-09-18,soirée,,,76,76575,1,1,1,4,7,Autre,50.0,1
202400029067,2024-09-13,nuit,,,76,76540,5,1,6,3,7,Autre,50.0,1
202400029068,2024-09-10,après-midi,,,76,76540,1,1,6,4,4,Voie communale,30.0,1