Num_Acc,date,time_of_day,lat,long,dep,com,lum,atm,col,severity_index,catr,catr_label,vma,surf
202400029069,2024-03-05,après-midi,,,28,28100,1,2,1,2,3,Départementale,80.0,2
202400029070,2024-09-06,nuit,,,76,76178,4,1,1,4,7,Autre,50.0,2
202400029071,2024-08-29,nuit,,,76,76540,5,1,6,3,4,Voie communale,50.0,1
202400029072,2024-03-05,après-midi,,,19,19162,1,9,2,4,1,Autoroute,130.0,9
202400029073,2024-08-27,matin,,,76,76540,1,1,6,2,4,Voie communale,30.0,1
202400029074,2024-03-06,matin,,,30,30135,1,1,3,4,3,Départementale,,1
202400029075,2024-08-08,nuit,,,76,76540,5,1,1,2,7,Autre,50.0,1
202400029076,2024-03-06,après-midi,,,62,62566,1,1,1,3,4,Voie communale,50.0,1
202400029077,2024-03-05,après-midi,,,56,56243,1,1,7,4,4,Voie communale,50.0,1
202400029078,2024-08-28,après-midi,,,13,13004,1,1,1,4,3,Départementale,80.0,1
202400029079,2024-03-05,soirée,,,80,80361,3,1,7,4,3,Départementale,80.0,1
202400029080,2024-08-01,nuit,,,13,13004,3,1,2,4,2,Nationale,110.0,1
202400029081,2024-03-06,matin,,,71,71295,1,8,3,3,3,Départementale,50.0,2
202400029082,2024-07-10,après-midi,,,13,13004,1,7,2,3,3,Départementale,80.0,1
202400029083,2024-03-05,matin,,,71,71520,1,3,1,3,3,Départementale,50.0,2
202400029084,2024-03-06,matin,,,61,61093,1,1,6,3,3,Départementale,50.0,1
202400029085,2024-12-16,après-midi,,,973,97302,1,1,3,4,4,Voie communale,50.0,1
202400029086,2024-03-05,après-midi,,,01,01015,1,2,6,2,3,Départementale,80.0,2
202400029087,2024-12-16,soirée,,,69,69387,5,1,3,4,4,Voie communale,50.0,1
202400029088,2024-02-06,soirée,,,58,58011,5,1,3,3,3,Départementale,50.0,1
202400029089,2024-12-16,matin,,,972,97213,1,1,1,4,4,Voie communale,50.0,1
202400029090,2024-03-06,nuit,,,54,54029,3,9,6,3,3,Départementale,80.0,7
202400029091,2024-12-16,matin,,,69,69034,2,1,3,3,4,Voie communale,,1
202400029092,2024-03-06,après-midi,,,72,72132,1,1,6,4,6,Autre,,1
202400029093,2024-12-16,après-midi,,,971,97101,1,1,4,4,4,Voie communale,50.0,1
202400029094,2024-03-05,matin,,,72,72360,1,1,1,4,4,Voie communale,80.0,1
202400029095,2024-12-14,soirée,,,971,97101,3,1,2,4,2,Nationale,110.0,1
202400029096,2024-03-06,nuit,,,60,60132,3,1,6,2,3,Départementale,80.0,1
202400029097,2024-12-14,soirée,,,971,97101,3,1,6,3,2,Nationale,70.0,1
202400029098,2024-03-05,soirée,,,45,45204,3,2,7,3,3,Départementale,70.0,2
202400029099,2024-12-16,après-midi,,,2A,2A004,1,1,3,4,4,Voie communale,30.0,1
202400029100,2024-03-04,matin,,,18,18265,1,7,2,4,3,Départementale,80.0,1
202400029101,2024-12-16,matin,,,2A,2A004,1,1,6,4,4,Voie communale,50.0,1
202400029102,2024-03-06,après-midi,,,10,10106,1,8,6,2,3,Départementale,90.0,2
202400029103,2024-12-16,soirée,,,95,95203,5,2,2,4,3,Départementale,50.0,2
202400029104,2024-02-25,nuit,,,36,36005,3,1,6,4,3,Départementale,80.0,1
202400029105,2024-03-06,matin,,,07,07334,1,1,6,3,4,Voie communale,50.0,1
202400029106,2024-03-05,après-midi,,,85,85128,1,1,2,3,4,Voie communale,50.0,1
202400029107,2024-12-16,après-midi,,,91,91479,1,2,3,4,3,Départementale,50.0,2
202400029108,2024-12-15,soirée,,,91,91589,5,2,3,4,4,Voie communale,50.0,2
202400029109,2024-03-05,matin,,,27,27660,1,2,3,4,3,Départementale,70.0,2
202400029110,2024-12-16,après-midi,,,91,91228,1,8,6,3,4,Voie communale,30.0,1
202400029111,2024-03-05,soirée,,,24,24167,3,1,2,3,3,Départementale,80.0,1
202400029112,2024-12-15,après-midi,,,90,90010,1,1,2,4,4,Voie communale,50.0,1
202400029113,2024-03-04,matin,,,987,98738,1,1,1,2,1,Autoroute,60.0,1
202400029114,2024-12-14,après-midi,,,89,89024,1,8,3,3,4,Voie communale,50.0,1
202400029115,2024-02-17,après-midi,,,06,06152,1,1,4,4,3,Départementale,50.0,1
202400029116,2024-12-13,après-midi,,,87,87085,1,2,6,4,4,Voie communale,30.0,2
202400029117,2024-03-06,nuit,,,42,42304,3,1,1,4,3,Départementale,50.0,1
202400029118,2024-12-13,soirée,,,87,87085,5,2,3,4,4,Voie communale,30.0,2
202400029119,2024-03-05,soirée,,,82,82037,1,4,5,4,1,Autoroute,130.0,5
202400029120,2024-12-13,après-midi,,,87,87085,1,1,3,4,2,Nationale,50.0,1
202400029121,2024-03-06,matin,,,53,53262,1,1,5,4,3,Départementale,90.0,1
202400029122,2024-12-16,soirée,,,84,84031,3,1,5,4,3,Départementale,80.0,1
202400029123,2024-03-06,nuit,,,68,68015,3,2,6,4,1,Autoroute,130.0,2
202400029124,2024-12-16,après-midi,,,84,84007,1,1,3,4,2,Nationale,50.0,1
202400029125,2024-12-16,matin,,,84,84007,1,1,3,4,4,Voie communale,50.0,1
202400029126,2024-12-16,après-midi,,,83,83137,1,1,6,3,4,Voie communale,30.0,1
202400029127,2024-03-03,après-midi,,,64,64521,1,4,4,4,1,Autoroute,130.0,9
202400029128,2024-12-14,après-midi,,,83,83137,1,1,1,3,4,Voie communale,50.0,1
202400029129,2024-03-06,nuit,,,60,60254,3,1,2,2,1,Autoroute,130.0,1
202400029130,2024-03-05,soirée,,,988,98817,5,1,6,4,3,Départementale,,1
202400029131,2024-12-14,après-midi,,,83,83144,1,1,1,4,3,Départementale,,1
202400029132,2024-12-13,après-midi,,,83,83126,1,1,6,3,6,Autre,50.0,1
202400029133,2024-03-05,soirée,,,971,97118,3,1,6,3,3,Départementale,70.0,1
202400029134,2024-03-04,matin,,,978,97801,1,1,1,3,3,Départementale,50.0,1
202400029135,2024-12-12,après-midi,,,83,83061,1,1,3,3,4,Voie communale,50.0,1
202400029136,2024-03-05,soirée,,,972,97228,2,1,7,3,3,Départementale,70.0,1
202400029137,2024-03-05,après-midi,,,2B,2B307,1,1,7,3,3,Départementale,70.0,1
202400029138,2024-12-16,nuit,,,79,79191,5,1,3,4,4,Voie communale,50.0,1
202400029139,2024-03-04,soirée,,,34,34285,3,1,6,4,3,Départementale,50.0,1
202400029140,2024-12-16,matin,,,77,77285,2,2,6,4,3,Départementale,70.0,2
202400029141,2024-12-16,après-midi,,,76,76165,1,1,6,4,4,Voie communale,50.0,1
202400029142,2024-03-06,matin,,,89,89298,1,2,4,4,1,Autoroute,70.0,2
202400029143,2024-12-16,matin,,,74,74012,2,1,7,4,4,Voie communale,50.0,1
202400029144,2024-03-05,soirée,,,68,68072,5,1,1,3,3,Départementale,50.0,1
202400029145,2024-12-16,après-midi,,,73,73065,1,1,2,4,4,Voie communale,50.0,1
202400029146,2024-03-06,matin,,,42,42094,1,1,2,3,3,Départementale,30.0,1
202400029147,2024-12-16,après-midi,,,73,73065,1,1,4,4,4,Voie communale,50.0,1
202400029148,2024-03-05,après-midi,,,26,26309,1,4,6,4,3,Départementale,80.0,7
202400029149,2024-12-16,nuit,,,72,72003,3,8,7,4,3,Départementale,90.0,2
202400029150,2024-03-06,après-midi,,,49,49301,1,1,7,3,3,Départementale,80.0,1
202400029151,2024-03-01,matin,,,56,56167,1,3,5,4,2,Nationale,110.0,2
202400029152,2024-12-14,après-midi,,,70,70261,1,2,5,4,2,Nationale,80.0,2
202400029153,2024-03-05,matin,,,29,29103,1,1,6,4,4,Voie communale,50.0,2
202400029154,2024-12-16,après-midi,,,64,64445,1,1,6,4,4,Voie communale,30.0,1
202400029155,2024-12-16,matin,,,64,64335,1,1,2,4,3,Départementale,70.0,1
202400029156,2024-03-06,après-midi,,,27,27525,1,1,6,3,3,Départementale,80.0,1
202400029157,2024-12-16,matin,,,64,64129,2,1,2,4,4,Voie communale,50.0,1
202400029158,2024-03-06,après-midi,,,60,60103,1,1,2,4,2,Nationale,110.0,1
202400029159,2024-12-16,matin,,,64,64445,1,1,3,4,4,Voie communale,50.0,1
202400029160,2024-03-05,après-midi,,,13,13106,1,1,3,4,1,Autoroute,90.0,1
202400029161,2024-12-16,matin,,,64,64445,5,1,3,4,4,Voie communale,50.0,1
202400029162,2024-12-16,matin,,,60,60057,5,1,6,4,4,Voie communale,50.0,1
202400029163,2024-03-04,soirée,,,13,13211,3,1,2,4,1,Autoroute,90.0,1
202400029164,2024-12-12,après-midi,,,59,59324,5,1,3,3,3,Départementale,50.0,1
202400029165,2024-03-05,après-midi,,,13,13071,1,1,4,4,1,Autoroute,110.0,1
202400029166,2024-12-16,matin,,,59,59527,1,2,6,4,7,Autre,30.0,2
202400029167,2024-12-13,après-midi,,,57,57683,1,1,6,3,3,Départementale,50.0,1
202400029168,2024-03-04,matin,,,13,13213,1,1,2,4,1,Autoroute,70.0,1
202400029169,2024-12-16,matin,,,56,56260,1,1,3,4,4,Voie communale,50.0,2
202400029170,2024-03-05,nuit,,,13,13117,3,1,6,4,1,Autoroute,90.0,1
202400029171,2024-12-14,nuit,,,56,56036,4,1,6,4,4,Voie communale,30.0,1
202400029172,2024-03-04,après-midi,,,13,13071,1,1,2,2,1,Autoroute,70.0,9
202400029173,2024-12-15,après-midi,,,56,56121,1,1,3,4,4,Voie communale,30.0,1
202400029174,2024-12-15,soirée,,,54,54395,5,1,6,4,4,Voie communale,30.0,1
202400029175,2024-03-05,après-midi,,,91,91228,1,2,3,4,2,Nationale,90.0,2
202400029176,2024-12-16,après-midi,,,54,54323,5,2,6,4,3,Départementale,50.0,2
202400029177,2024-03-05,nuit,,,94,94076,3,2,2,4,1,Autoroute,90.0,2
202400029178,2024-12-16,après-midi,,,54,54273,1,8,6,2,4,Voie communale,50.0,2
202400029179,2024-03-05,matin,,,93,93005,1,8,5,4,1,Autoroute,110.0,2
202400029180,2024-12-15,nuit,,,51,51454,5,1,3,4,4,Voie communale,50.0,2
202400029181,2024-02-01,après-midi,,,44,44143,1,1,7,4,4,Voie communale,50.0,1
202400029182,2024-12-14,après-midi,,,51,51474,3,2,1,4,4,Voie communale,50.0,2
202400029183,2024-12-14,après-midi,,,51,51108,1,8,6,4,4,Voie communale,50.0,1
202400029184,2024-01-31,soirée,,,44,44190,3,8,4,4,2,Nationale,70.0,1
202400029185,2024-12-16,après-midi,,,45,45169,1,8,3,4,4,Voie communale,50.0,1
202400029186,2024-12-16,matin,,,45,45286,1,1,6,4,4,Voie communale,50.0,2
202400029187,2024-12-16,nuit,,,44,44109,5,1,3,4,4,Voie communale,50.0,1
202400029188,2024-01-30,après-midi,,,44,44143,1,8,3,4,4,Voie communale,50.0,1
202400029189,2024-12-07,nuit,,,43,43041,5,1,6,4,3,Départementale,50.0,1
202400029190,2024-12-16,nuit,,,41,41018,5,5,1,4,4,Voie communale,50.0,2
202400029191,2024-01-31,matin,,,44,44109,1,8,4,4,4,Voie communale,50.0,1
202400029192,2024-12-16,matin,,,37,37261,1,2,6,4,4,Voie communale,50.0,2
202400029193,2024-12-15,soirée,,,36,36044,5,8,6,4,4,Voie communale,50.0,1
202400029194,2024-01-30,matin,,,44,44109,2,1,3,4,4,Voie communale,30.0,1
202400029195,2024-12-16,soirée,,,34,34301,5,1,6,4,4,Voie communale,30.0,1
202400029196,2024-12-16,après-midi,,,34,34172,1,1,6,3,4,Voie communale,30.0,1
202400029197,2024-01-30,matin,,,44,44109,1,8,3,4,4,Voie communale,50.0,1
202400029198,2024-12-16,soirée,,,33,33550,5,1,3,3,4,Voie communale,50.0,1
202400029199,2024-01-30,matin,,,44,44109,1,8,3,4,4,Voie communale,50.0,1
202400029200,2024-01-29,matin,,,44,44109,1,8,6,4,4,Voie communale,30.0,1
202400029201,2024-01-24,après-midi,,,44,44109,1,8,2,4,4,Voie communale,50.0,1
202400029202,2024-12-16,après-midi,,,33,33069,1,1,3,4,4,Voie communale,50.0,1
202400029203,2024-01-24,matin,,,44,44109,1,8,6,4,4,Voie communale,50.0,2
202400029204,2024-01-21,nuit,,,44,44109,5,8,3,4,4,Voie communale,50.0,1
202400029205,2024-12-16,matin,,,33,33522,1,1,3,4,4,Voie communale,30.0,1
202400029206,2024-01-19,après-midi,,,44,44143,5,8,2,4,4,Voie communale,50.0,1
202400029207,2024-12-16,après-midi,,,32,32013,1,1,7,3,4,Voie communale,50.0,1
202400029208,2024-01-19,matin,,,44,44162,2,8,6,4,6,Autre,30.0,1
202400029209,2024-03-04,matin,,,976,97611,1,1,1,4,4,Voie communale,50.0,1
202400029210,2024-12-16,soirée,,,22,22113,3,1,3,4,3,Départementale,70.0,2
202400029211,2024-03-04,soirée,,,974,97411,5,1,3,4,2,Nationale,50.0,1
202400029212,2024-03-04,matin,,,973,97302,1,1,3,4,4,Voie communale,50.0,1
202400029213,2024-12-16,après-midi,,,19,19031,1,1,1,4,4,Voie communale,50.0,1
202400029214,2024-03-01,nuit,,,69,69387,2,1,3,4,4,Voie communale,30.0,1
202400029215,2024-12-16,matin,,,19,19031,1,1,3,4,4,Voie communale,50.0,1
202400029216,2024-03-04,matin,,,69,69383,1,1,3,4,4,Voie communale,30.0,1
202400029217,2024-03-04,matin,,,971,97113,1,1,3,4,2,Nationale,70.0,1
202400029218,2024-12-16,après-midi,,,13,13213,1,1,3,4,4,Voie communale,50.0,1
202400029219,2024-03-03,soirée,,,971,97101,5,1,2,3,3,Départementale,50.0,1
202400029220,2024-12-16,matin,,,13,13215,1,1,1,4,4,Voie communale,50.0,1
202400029221,2024-03-03,après-midi,,,971,97113,1,1,6,3,3,Départementale,50.0,2
202400029222,2024-12-16,après-midi,,,13,13047,1,1,3,3,4,Voie communale,50.0,1
202400029223,2024-12-16,soirée,,,10,10081,5,2,6,4,4,Voie communale,50.0,2
202400029224,2024-03-03,nuit,,,971,97120,5,1,1,4,4,Voie communale,50.0,1
202400029225,2024-12-16,matin,,,07,07281,1,1,1,4,3,Départementale,90.0,1
202400029226,2024-02-29,soirée,,,971,97107,3,1,6,4,4,Voie communale,50.0,1
202400029227,2024-03-04,après-midi,,,95,95060,1,1,6,4,4,Voie communale,50.0,1
202400029228,2024-12-16,matin,,,07,07070,1,1,6,4,4,Voie communale,50.0,1
202400029229,2024-12-16,matin,,,06,06030,1,7,6,3,4,Voie communale,50.0,1
202400029230,2024-03-03,soirée,,,95,95051,5,1,3,4,4,Voie communale,50.0,1
202400029231,2024-12-15,matin,,,06,06155,1,1,3,3,3,Départementale,50.0,1
202400029232,2024-03-04,matin,,,95,95607,1,1,3,4,4,Voie communale,50.0,1
202400029233,2024-12-16,matin,,,75,75114,1,8,2,4,4,Voie communale,50.0,2
202400029234,2024-03-04,matin,,,95,95252,1,1,6,4,3,Départementale,50.0,1
202400029235,2024-03-04,après-midi,,,95,95210,1,1,6,4,4,Voie communale,30.0,1
202400029236,2024-12-17,matin,,,75,75118,1,1,3,4,4,Voie communale,30.0,1
202400029237,2024-03-04,matin,,,95,95063,1,1,3,4,4,Voie communale,30.0,1
202400029238,2024-12-17,soirée,,,75,75117,5,1,3,4,4,Voie communale,30.0,1
202400029239,2024-02-29,matin,,,91,91021,1,2,2,3,3,Départementale,50.0,2
202400029240,2024-12-17,soirée,,,75,75117,5,1,6,4,4,Voie communale,30.0,1
202400029241,2024-03-04,matin,,,91,91657,1,1,3,4,4,Voie communale,50.0,1
202400029242,2024-03-03,nuit,,,91,91114,5,2,3,4,3,Départementale,50.0,2
202400029243,2024-12-16,après-midi,,,75,75116,1,1,1,4,4,Voie communale,50.0,1
202400029244,2024-03-04,après-midi,,,91,91174,1,1,6,4,4,Voie communale,50.0,1
202400029245,2024-12-17,après-midi,,,75,75115,5,1,6,4,4,Voie communale,30.0,1
202400029246,2024-03-04,nuit,,,85,85191,5,1,7,3,4,Voie communale,50.0,1
202400029247,2024-12-17,après-midi,,,75,75115,1,2,6,4,4,Voie communale,30.0,2
202400029248,2024-03-03,après-midi,,,84,84007,1,3,6,4,4,Voie communale,80.0,3
202400029249,2024-12-16,après-midi,,,75,75115,1,1,7,4,4,Voie communale,30.0,1
202400029250,2024-03-04,après-midi,,,83,83137,1,1,3,3,3,Départementale,70.0,1
202400029251,2024-12-17,soirée,,,75,75113,5,1,3,4,4,Voie communale,30.0,1
202400029252,2024-03-04,matin,,,82,82033,1,1,2,4,3,Départementale,50.0,1
202400029253,2024-12-17,soirée,,,75,75113,5,1,2,4,4,Voie communale,30.0,1
202400029254,2024-03-04,matin,,,78,78350,1,1,3,4,3,Départementale,50.0,1
202400029255,2024-12-17,après-midi,,,75,75112,1,1,3,4,4,Voie communale,50.0,1
202400029256,2024-03-04,nuit,,,78,78350,3,1,1,4,3,Départementale,50.0,1
202400029257,2024-12-17,matin,,,75,75110,1,8,6,4,4,Voie communale,30.0,1
202400029258,2024-12-17,soirée,,,75,75107,5,1,1,4,4,Voie communale,30.0,1
202400029259,2024-03-04,matin,,,77,77132,2,1,3,4,4,Voie communale,50.0,2
202400029260,2024-03-01,matin,,,76,76270,1,2,6,4,3,Départementale,4.0,2
202400029261,2024-12-17,soirée,,,94,94003,5,1,1,4,3,Départementale,30.0,1
202400029262,2024-03-03,après-midi,,,71,71040,1,1,7,4,3,Départementale,50.0,1
202400029263,2024-12-17,après-midi,,,94,94017,1,8,6,4,3,Départementale,30.0,2
202400029264,2024-03-02,nuit,,,71,71486,3,2,6,4,4,Voie communale,50.0,2
202400029265,2024-12-17,matin,,,94,94071,1,8,3,4,9,Autre,50.0,2
202400029266,2024-03-04,soirée,,,71,71540,5,1,3,4,3,Départementale,50.0,1
202400029267,2024-12-17,matin,,,93,93066,2,1,3,4,3,Départementale,50.0,1
202400029268,2024-02-25,après-midi,,,71,71076,1,1,1,4,4,Voie communale,50.0,1
202400029269,2024-12-17,après-midi,,,93,93051,5,1,6,4,4,Voie communale,50.0,1
202400029270,2024-03-03,matin,,,69,69266,5,1,4,4,4,Voie communale,50.0,1
202400029271,2024-12-17,matin,,,93,93051,1,8,3,4,4,Voie communale,50.0,2
202400029272,2024-03-03,soirée,,,69,69259,5,2,3,4,4,Voie communale,30.0,2
202400029273,2024-12-17,après-midi,,,93,93046,1,1,6,4,4,Voie communale,50.0,1
202400029274,2024-03-03,soirée,,,69,69271,5,2,1,4,4,Voie communale,50.0,2
202400029275,2024-12-17,matin,,,93,93032,2,2,6,4,4,Voie communale,50.0,2
202400029276,2024-03-03,soirée,,,69,69271,5,3,3,4,7,Autre,50.0,2
202400029277,2024-12-17,après-midi,,,93,93008,5,1,1,4,3,Départementale,50.0,1
202400029278,2024-03-03,après-midi,,,69,69271,1,3,3,4,4,Voie communale,50.0,2
202400029279,2024-12-17,après-midi,,,93,93005,2,1,6,4,3,Départementale,50.0,1
202400029280,2024-03-04,matin,,,64,64102,5,1,2,4,3,Départementale,50.0,2
202400029281,2024-12-17,matin,,,92,92078,1,1,3,4,3,Départementale,50.0,1
202400029282,2024-03-04,soirée,,,59,59599,1,1,6,4,4,Voie communale,30.0,1
202400029283,2024-12-17,après-midi,,,92,92046,1,1,6,4,3,Départementale,50.0,1
202400029284,2024-12-17,après-midi,,,92,92073,5,1,5,3,3,Départementale,70.0,1
202400029285,2024-03-04,matin,,,59,59508,1,1,6,4,4,Voie communale,50.0,1
202400029286,2024-12-17,soirée,,,92,92077,5,1,3,4,3,Départementale,50.0,1
202400029287,2024-03-04,matin,,,59,59183,1,1,6,3,4,Voie communale,50.0,1
202400029288,2024-12-16,nuit,,,92,92051,5,1,6,3,3,Départementale,50.0,1
202400029289,2024-03-04,après-midi,,,54,54257,1,8,6,4,4,Voie communale,50.0,1
202400029290,2024-12-17,matin,,,92,92040,1,1,6,4,3,Départementale,30.0,1
202400029291,2024-03-04,après-midi,,,54,54395,1,8,1,4,4,Voie communale,50.0,1
202400029292,2024-12-16,soirée,,,92,92025,3,2,3,3,3,Départementale,30.0,2
202400029293,2024-03-04,matin,,,54,54547,2,1,2,4,4,Voie communale,50.0,1
202400029294,2024-12-17,matin,,,92,92002,1,1,6,4,3,Départementale,50.0,1
202400029295,2024-03-04,soirée,,,51,51573,5,1,7,4,6,Autre,30.0,1
202400029296,2024-12-18,matin,,,60,60553,2,1,3,3,3,Départementale,80.0,1
202400029297,2024-02-25,soirée,,,42,42170,3,8,3,4,3,Départementale,80.0,2
202400029298,2024-12-12,matin,,,35,35120,1,1,3,3,7,Autre,80.0,1
202400029299,2024-03-04,matin,,,42,42095,2,1,7,4,4,Voie communale,50.0,2
202400029300,2024-12-17,après-midi,,,16,16316,1,1,7,2,4,Voie communale,80.0,1
202400029301,2024-02-29,après-midi,,,42,42044,1,1,6,4,4,Voie communale,50.0,1
202400029302,2024-12-17,après-midi,,,06,06161,1,1,6,3,3,Départementale,50.0,1
202400029303,2024-03-03,matin,,,37,37261,1,1,7,4,4,Voie communale,50.0,2
202400029304,2024-12-18,nuit,,,31,31547,3,1,6,4,3,Départementale,50.0,1
202400029305,2024-03-04,matin,,,34,34172,5,1,3,3,4,Voie communale,50.0,1
202400029306,2024-12-12,nuit,,,59,59011,3,1,1,4,7,Autre,50.0,1
202400029307,2024-03-04,soirée,,,33,33063,5,2,3,4,4,Voie communale,30.0,2
202400029308,2024-12-17,après-midi,,,60,60176,2,1,1,3,4,Voie communale,50.0,1
202400029309,2024-03-04,après-midi,,,33,33063,1,2,3,4,4,Voie communale,50.0,2
202400029310,2024-07-10,après-midi,,,56,56185,1,1,1,4,3,Départementale,30.0,1
202400029311,2024-03-04,matin,,,31,31555,1,1,2,4,4,Voie communale,30.0,1
202400029312,2024-12-07,après-midi,,,76,76243,1,2,1,4,3,Départementale,80.0,2
202400029313,2024-12-18,matin,,,2B,2B286,2,1,3,3,2,Nationale,80.0,1
202400029314,2024-03-04,soirée,,,28,28134,2,1,6,4,4,Voie communale,50.0,1
202400029315,2024-03-04,soirée,,,27,27681,3,2,6,4,3,Départementale,80.0,2
202400029316,2024-12-18,matin,,,33,33424,2,1,1,2,3,Départementale,80.0,2
202400029317,2024-12-18,après-midi,,,89,89025,5,1,1,4,4,Voie communale,50.0,1
202400029318,2024-03-04,matin,,,27,27681,1,1,3,4,4,Voie communale,50.0,1
202400029319,2024-12-17,nuit,,,89,89233,3,1,1,2,3,Départementale,,1
202400029320,2024-03-04,après-midi,,,27,27229,1,1,3,4,4,Voie communale,50.0,1
202400029321,2024-12-18,matin,,,63,63211,1,1,1,3,3,Départementale,90.0,2
202400029322,2024-03-04,matin,,,26,26313,1,1,2,4,2,Nationale,90.0,1
202400029323,2024-04-10,matin,,,973,97302,1,1,3,4,4,Voie communale,50.0,1
202400029324,2024-12-18,matin,,,61,61462,2,2,1,4,3,Départementale,70.0,2
202400029325,2024-04-11,nuit,,,972,97209,5,1,7,4,3,Départementale,50.0,1
202400029326,2024-12-18,après-midi,,,42,42313,3,1,1,3,3,Départementale,80.0,1
202400029327,2024-04-11,matin,,,69,69389,1,1,6,4,4,Voie communale,30.0,1
202400029328,2024-12-18,matin,,,34,34096,1,5,6,2,3,Départementale,90.0,2
202400029329,2024-03-04,soirée,,,13,13215,5,1,2,4,4,Voie communale,50.0,1
202400029330,2024-12-18,après-midi,,,29,29202,1,1,1,2,3,Départementale,80.0,1
202400029331,2024-04-11,matin,,,69,69034,1,1,2,4,7,Autre,50.0,1
202400029332,2024-02-24,après-midi,,,13,13203,1,1,3,3,1,Autoroute,50.0,1
202400029333,2024-12-10,nuit,,,02,02820,3,2,7,3,3,Départementale,80.0,2
202400029334,2024-12-17,matin,,,15,15184,1,1,7,3,2,Nationale,80.0,1
202400029335,2024-04-11,matin,,,69,69385,1,1,3,4,4,Voie communale,30.0,1
202400029336,2024-03-04,après-midi,,,13,13005,1,1,3,4,6,Autre,50.0,1
202400029337,2024-12-17,soirée,,,43,43153,5,1,6,3,4,Voie communale,50.0,1
202400029338,2024-12-18,matin,,,973,97309,1,3,7,4,3,Départementale,80.0,2
202400029339,2024-04-11,après-midi,,,2A,2A004,1,1,3,4,4,Voie communale,50.0,1
202400029340,2024-03-04,matin,,,13,13001,1,1,3,4,4,Voie communale,50.0,1
202400029341,2024-04-10,matin,,,95,95252,1,1,6,4,4,Voie communale,50.0,1
202400029342,2024-02-20,après-midi,,,04,04112,1,1,3,4,4,Voie communale,70.0,1
202400029343,2024-04-11,soirée,,,91,91425,1,1,6,3,3,Départementale,50.0,1
202400029344,2024-02-29,après-midi,,,02,02738,1,1,5,4,3,Départementale,50.0,1
202400029345,2024-04-11,matin,,,91,91692,1,1,3,4,3,Départementale,70.0,1
202400029346,2024-03-03,soirée,,,75,75119,4,1,3,4,4,Voie communale,70.0,1
202400029347,2024-03-03,matin,,,75,75120,2,1,7,4,4,Voie communale,50.0,2
202400029348,2024-04-11,matin,,,91,91477,2,1,2,4,4,Voie communale,50.0,1
202400029349,2024-03-02,nuit,,,75,75119,5,2,4,4,4,Voie communale,70.0,2
202400029350,2024-04-10,matin,,,89,89387,1,7,1,3,4,Voie communale,80.0,1
202400029351,2024-03-04,matin,,,75,75105,1,1,3,4,4,Voie communale,30.0,1
202400029352,2024-04-10,matin,,,89,89024,1,1,1,3,4,Voie communale,50.0,1
202400029353,2024-03-04,soirée,,,75,75120,1,1,6,4,4,Voie communale,30.0,1
202400029354,2024-04-11,matin,,,88,88160,1,1,3,4,4,Voie communale,50.0,1
202400029355,2024-03-04,matin,,,75,75119,1,7,6,4,4,Voie communale,30.0,1
202400029356,2024-03-04,soirée,,,75,75115,5,1,2,4,4,Voie communale,30.0,1
202400029357,2024-04-11,matin,,,87,87085,1,1,3,4,4,Voie communale,30.0,1
202400029358,2024-03-04,après-midi,,,75,75115,1,1,3,4,4,Voie communale,30.0,1
202400029359,2024-04-09,après-midi,,,87,87085,1,3,6,4,4,Voie communale,30.0,2
202400029360,2024-04-09,après-midi,,,87,87085,1,3,2,3,4,Voie communale,50.0,2
202400029361,2024-03-04,après-midi,,,75,75113,1,1,3,4,4,Voie communale,30.0,1
202400029362,2024-04-11,matin,,,84,84035,1,1,2,4,4,Voie communale,50.0,1
202400029363,2024-03-03,nuit,,,75,75112,5,1,3,4,4,Voie communale,30.0,1
202400029364,2024-04-11,matin,,,84,84007,1,1,1,4,3,Départementale,80.0,1
202400029365,2024-03-04,après-midi,,,75,75103,1,1,3,4,4,Voie communale,30.0,1
202400029366,2024-04-11,après-midi,,,83,83137,1,1,5,4,4,Voie communale,50.0,1
202400029367,2024-03-04,matin,,,75,75103,1,1,6,4,4,Voie communale,30.0,1
202400029368,2024-03-04,matin,,,94,94044,1,1,2,4,3,Départementale,50.0,1
202400029369,2024-04-11,matin,,,83,83137,1,1,3,4,4,Voie communale,50.0,1
202400029370,2024-03-04,nuit,,,94,94078,3,1,3,3,2,Nationale,50.0,1
202400029371,2024-04-10,soirée,,,80,80021,1,1,3,4,3,Départementale,50.0,1
202400029372,2024-03-04,matin,,,94,94076,1,1,3,4,3,Départementale,50.0,1
202400029373,2024-03-03,après-midi,,,94,94028,1,1,3,4,6,Autre,10.0,1
202400029374,2024-04-11,après-midi,,,78,78440,1,1,6,3,3,Départementale,50.0,1
202400029375,2024-03-03,après-midi,,,94,94028,1,1,5,4,3,Départementale,50.0,1
202400029376,2024-04-10,soirée,,,77,77258,1,1,1,4,4,Voie communale,50.0,1
202400029377,2024-03-04,après-midi,,,94,94022,1,1,6,4,4,Voie communale,30.0,1
202400029378,2024-04-11,matin,,,77,77251,1,1,7,4,3,Départementale,50.0,1
202400029379,2024-03-03,soirée,,,94,94079,5,1,2,4,3,Départementale,,1
202400029380,2024-03-04,matin,,,94,94060,1,1,6,2,4,Voie communale,50.0,1