Num_Acc,date,time_of_day,lat,long,dep,com,lum,atm,col,severity_index,catr,catr_label,vma,surf
202400029381,2024-04-10,matin,,,77,77296,1,1,6,4,4,Voie communale,30.0,1
202400029382,2024-03-04,matin,,,93,93070,1,1,3,4,4,Voie communale,50.0,1
202400029383,2024-04-11,matin,,,77,77284,1,1,6,4,3,Départementale,50.0,1
202400029384,2024-03-04,après-midi,,,93,93066,1,1,3,4,3,Départementale,50.0,1
202400029385,2024-04-11,nuit,,,77,77186,3,1,7,4,3,Départementale,90.0,1
202400029386,2024-03-04,matin,,,93,93051,1,1,3,4,4,Voie communale,50.0,1
202400029387,2024-04-11,soirée,,,76,76157,1,1,6,4,7,Autre,50.0,1
202400029388,2024-03-04,après-midi,,,93,93064,1,1,6,2,1,Autoroute,,1
202400029389,2024-03-03,après-midi,,,93,93006,1,8,3,4,3,Départementale,30.0,1
202400029390,2024-04-11,soirée,,,74,74305,1,1,3,3,4,Voie communale,50.0,1
202400029391,2024-03-03,soirée,,,93,93027,5,1,3,4,4,Voie communale,50.0,1
202400029392,2024-04-11,soirée,,,74,74010,2,1,3,4,3,Départementale,50.0,1
202400029393,2024-04-11,matin,,,72,72181,1,2,3,4,4,Voie communale,70.0,2
202400029394,2024-03-03,matin,,,92,92076,2,8,3,4,3,Départementale,50.0,1
202400029395,2024-04-10,après-midi,,,72,72181,1,1,3,4,4,Voie communale,20.0,1
202400029396,2024-03-04,après-midi,,,92,92051,1,1,6,4,4,Voie communale,50.0,1
202400029397,2024-04-11,après-midi,,,71,71153,1,1,6,3,4,Voie communale,50.0,1
202400029398,2024-03-04,après-midi,,,92,92050,1,1,3,3,4,Voie communale,30.0,1
202400029399,2024-04-10,après-midi,,,69,69264,1,1,6,4,4,Voie communale,50.0,1
202400029400,2024-03-04,matin,,,92,92050,1,1,1,4,3,Départementale,50.0,1
202400029401,2024-04-11,après-midi,,,67,67482,1,1,3,4,4,Voie communale,50.0,1
202400029402,2024-03-04,matin,,,92,92020,1,1,2,4,3,Départementale,50.0,1
202400029403,2024-04-10,après-midi,,,67,67447,1,1,6,4,7,Autre,30.0,1
202400029404,2024-03-04,matin,,,92,92048,1,7,6,4,4,Voie communale,50.0,1
202400029405,2024-04-10,matin,,,66,66136,1,2,3,3,4,Voie communale,50.0,2
202400029406,2024-03-04,matin,,,92,92036,1,1,1,4,1,Autoroute,50.0,1
202400029407,2024-03-02,nuit,,,92,92024,5,8,3,4,3,Départementale,50.0,2
202400029408,2024-04-11,après-midi,,,64,64445,1,1,2,4,4,Voie communale,50.0,1
202400029409,2024-03-04,matin,,,92,92002,1,1,3,4,3,Départementale,50.0,1
202400029410,2024-04-10,matin,,,64,64024,1,1,7,4,4,Voie communale,30.0,1
202400029411,2024-03-04,après-midi,,,24,24329,1,3,3,3,3,Départementale,50.0,2
202400029412,2024-04-11,après-midi,,,63,63075,1,1,2,4,4,Voie communale,30.0,1
202400029413,2024-02-09,matin,,,17,17425,3,2,7,3,3,Départementale,80.0,2
202400029414,2024-03-05,matin,,,06,06044,1,1,1,3,3,Départementale,50.0,1
202400029415,2024-04-11,après-midi,,,63,63113,1,1,3,4,4,Voie communale,30.0,1
202400029416,2024-03-04,matin,,,06,06130,1,4,1,4,3,Départementale,80.0,2
202400029417,2024-04-11,après-midi,,,63,63113,1,1,4,4,7,Autre,50.0,1
202400029418,2024-03-04,soirée,,,41,41252,3,2,2,3,1,Autoroute,110.0,2
202400029419,2024-03-04,nuit,,,56,56251,3,2,7,4,3,Départementale,80.0,2
202400029420,2024-04-10,matin,,,62,62570,2,1,6,4,3,Départementale,70.0,1
202400029421,2024-03-05,après-midi,,,11,11264,1,1,5,3,3,Départementale,90.0,1
202400029422,2024-03-05,après-midi,,,71,71543,1,1,1,3,4,Voie communale,50.0,2
202400029423,2024-03-05,nuit,,,49,49183,3,2,6,2,3,Départementale,80.0,2
202400029424,2024-04-11,soirée,,,62,62758,1,5,1,4,3,Départementale,50.0,1
202400029425,2024-03-04,après-midi,,,39,39448,1,1,3,3,3,Départementale,70.0,2
202400029426,2024-03-05,nuit,,,25,25039,3,2,2,2,3,Départementale,110.0,2
202400029427,2024-04-11,nuit,,,59,59599,5,1,3,4,4,Voie communale,30.0,1
202400029428,2024-03-04,soirée,,,85,85008,1,2,1,4,1,Autoroute,70.0,2
202400029429,2024-03-04,matin,,,70,70252,1,1,6,3,3,Départementale,80.0,1
202400029430,2024-03-04,soirée,,,14,14614,4,2,7,4,3,Départementale,50.0,2
202400029431,2024-04-11,matin,,,59,59378,2,2,1,3,4,Voie communale,30.0,2
202400029432,2024-03-04,nuit,,,09,09182,5,1,6,4,3,Départementale,50.0,2
202400029433,2024-03-04,nuit,,,38,38048,3,1,6,3,3,Départementale,80.0,2
202400029434,2024-03-05,nuit,,,06,06085,1,1,2,4,3,Départementale,50.0,1
202400029435,2024-04-11,matin,,,56,56260,1,1,3,4,3,Départementale,50.0,2
202400029436,2024-04-11,soirée,,,54,54431,1,1,3,4,4,Voie communale,50.0,1
202400029437,2024-04-11,après-midi,,,54,54431,1,1,6,3,3,Départementale,50.0,1
202400029438,2024-04-10,après-midi,,,54,54304,1,1,2,4,4,Voie communale,50.0,1
202400029439,2024-04-11,après-midi,,,51,51454,1,1,7,4,4,Voie communale,50.0,1
202400029440,2024-04-11,matin,,,51,51454,1,8,3,4,4,Voie communale,30.0,1
202400029441,2024-01-22,soirée,,,75,75101,5,1,3,4,4,Voie communale,30.0,1
202400029442,2024-04-10,après-midi,,,51,51454,1,1,6,4,4,Voie communale,30.0,1
202400029443,2024-01-21,après-midi,,,75,75104,5,1,7,4,4,Voie communale,30.0,2
202400029444,2024-04-10,matin,,,50,50129,1,1,7,4,4,Voie communale,50.0,1
202400029445,2024-01-22,matin,,,94,94078,1,2,4,4,2,Nationale,50.0,2
202400029446,2024-04-11,soirée,,,47,47323,1,1,3,4,3,Départementale,50.0,1
202400029447,2024-01-21,nuit,,,94,94068,5,9,7,4,4,Voie communale,,7
202400029448,2024-04-10,après-midi,,,47,47201,1,1,6,4,4,Voie communale,30.0,1
202400029449,2024-01-22,après-midi,,,94,94073,1,1,3,4,3,Départementale,50.0,1
202400029450,2024-01-21,nuit,,,94,94033,5,1,6,4,3,Départementale,50.0,1
202400029451,2024-04-11,soirée,,,43,43041,1,1,3,4,3,Départementale,50.0,1
202400029452,2024-01-19,nuit,,,94,94074,5,8,6,4,3,Départementale,50.0,7
202400029453,2024-04-11,soirée,,,37,37195,1,1,6,4,4,Voie communale,30.0,1
202400029454,2024-01-22,après-midi,,,93,93066,1,1,3,4,3,Départementale,50.0,2
202400029455,2024-04-11,après-midi,,,37,37122,1,1,2,4,3,Départementale,50.0,1
202400029456,2024-01-22,soirée,,,93,93064,5,1,6,4,4,Voie communale,50.0,1
202400029457,2024-04-10,après-midi,,,37,37261,1,1,2,4,4,Voie communale,50.0,1
202400029458,2024-01-22,après-midi,,,93,93062,1,1,6,4,4,Voie communale,,1
202400029459,2024-04-10,après-midi,,,37,37261,1,1,6,4,4,Voie communale,50.0,1
202400029460,2024-01-22,après-midi,,,93,93049,1,2,3,4,4,Voie communale,,2
202400029461,2024-01-22,après-midi,,,93,93006,1,2,3,4,3,Départementale,50.0,2
202400029462,2024-04-11,après-midi,,,35,35051,1,1,3,4,4,Voie communale,50.0,1
202400029463,2024-01-22,soirée,,,93,93008,5,1,6,4,3,Départementale,50.0,1
202400029464,2024-04-11,nuit,,,34,34154,5,1,7,4,4,Voie communale,50.0,1
202400029465,2024-01-22,soirée,,,93,93005,5,1,3,4,4,Voie communale,50.0,1
202400029466,2024-04-09,après-midi,,,34,34032,1,1,3,4,4,Voie communale,20.0,9
202400029467,2024-01-22,matin,,,92,92046,2,8,3,3,3,Départementale,50.0,2
202400029468,2024-01-22,matin,,,92,92064,1,2,5,4,3,Départementale,50.0,2
202400029469,2024-04-10,après-midi,,,29,29019,1,2,2,4,4,Voie communale,50.0,2
202400029470,2024-01-22,après-midi,,,92,92063,1,1,2,4,4,Voie communale,50.0,1
202400029471,2024-01-22,matin,,,92,92051,1,2,3,4,4,Voie communale,50.0,2
202400029472,2024-01-22,soirée,,,92,92050,5,1,6,4,4,Voie communale,30.0,1
202400029473,2024-04-11,après-midi,,,25,25056,2,1,3,4,4,Voie communale,30.0,1
202400029474,2024-01-22,après-midi,,,92,92019,1,1,3,4,3,Départementale,30.0,1
202400029475,2024-04-11,après-midi,,,25,25056,1,1,3,4,3,Départementale,50.0,1
202400029476,2024-01-22,soirée,,,92,92012,5,8,4,4,3,Départementale,50.0,1
202400029477,2024-04-10,après-midi,,,24,24322,1,1,3,4,3,Départementale,50.0,1
202400029478,2024-01-22,matin,,,92,92012,5,1,6,4,3,Départementale,50.0,1
202400029479,2024-04-11,soirée,,,19,19031,1,9,1,4,4,Voie communale,50.0,1
202400029480,2024-01-21,soirée,,,92,92036,5,1,5,4,3,Départementale,50.0,1
202400029481,2024-04-11,soirée,,,15,15014,3,1,6,4,3,Départementale,90.0,1
202400029482,2024-01-22,soirée,,,92,92002,5,1,3,4,3,Départementale,50.0,1
202400029483,2024-01-22,après-midi,,,35,35126,1,1,6,3,3,Départementale,30.0,1
202400029484,2024-04-10,matin,,,15,15014,1,1,5,4,2,Nationale,50.0,1
202400029485,2024-01-22,matin,,,47,47169,3,8,7,4,3,Départementale,70.0,1
202400029486,2024-04-11,nuit,,,13,13208,5,1,2,4,4,Voie communale,50.0,1
202400029487,2024-04-10,matin,,,13,13213,1,7,1,3,4,Voie communale,50.0,1
202400029488,2024-01-22,soirée,,,68,68300,3,2,4,4,3,Départementale,90.0,2
202400029489,2024-01-18,soirée,,,01,01173,3,4,1,3,3,Départementale,80.0,5
202400029490,2024-04-11,après-midi,,,13,13004,1,1,3,4,4,Voie communale,50.0,1
202400029491,2024-01-21,matin,,,06,06095,1,1,7,2,4,Voie communale,30.0,1
202400029492,2024-04-10,soirée,,,10,10081,1,1,3,4,4,Voie communale,50.0,1
202400029493,2024-01-23,matin,,,60,60176,3,1,6,4,3,Départementale,80.0,2
202400029494,2024-01-23,matin,,,51,51569,2,1,5,4,2,Nationale,90.0,1
202400029495,2024-04-10,soirée,,,10,10343,1,1,3,3,4,Voie communale,50.0,1
202400029496,2024-01-22,matin,,,79,79195,1,2,6,3,4,Voie communale,50.0,2
202400029497,2024-04-11,matin,,,06,06029,2,1,3,4,4,Voie communale,50.0,1
202400029498,2024-01-18,après-midi,,,2A,2A271,1,7,2,4,3,Départementale,70.0,2
202400029499,2024-04-11,soirée,,,01,01053,1,1,3,3,4,Voie communale,50.0,1
202400029500,2024-01-22,après-midi,,,80,80253,1,1,2,3,3,Départementale,50.0,1
202400029501,2024-04-10,après-midi,,,75,75114,1,1,2,4,4,Voie communale,70.0,1
202400029502,2024-01-21,après-midi,,,65,65004,1,1,3,4,3,Départementale,110.0,1
202400029503,2024-01-15,après-midi,,,32,32096,1,3,6,3,2,Nationale,50.0,2
202400029504,2024-04-09,soirée,,,75,75117,2,1,4,4,4,Voie communale,70.0,1
202400029505,2024-01-19,matin,,,32,32088,1,1,6,3,3,Départementale,80.0,1
202400029506,2024-04-11,nuit,,,75,75119,5,1,3,4,4,Voie communale,30.0,1
202400029507,2024-01-22,après-midi,,,61,61448,1,1,3,4,4,Voie communale,50.0,1
202400029508,2024-01-22,après-midi,,,34,34300,1,1,1,4,3,Départementale,90.0,1
202400029509,2024-04-10,soirée,,,75,75120,1,1,6,4,4,Voie communale,30.0,1
202400029510,2024-04-10,après-midi,,,75,75120,1,1,6,4,4,Voie communale,30.0,1
202400029511,2024-01-23,nuit,,,39,39103,3,1,5,2,3,Départementale,80.0,2
202400029512,2024-04-11,après-midi,,,75,75119,1,8,6,4,4,Voie communale,30.0,1
202400029513,2024-01-23,après-midi,,,66,66090,1,1,1,4,3,Départementale,80.0,1
202400029514,2024-04-11,matin,,,75,75119,1,1,3,4,4,Voie communale,30.0,1
202400029515,2024-01-20,matin,,,72,72193,1,9,6,4,3,Départementale,80.0,1
202400029516,2024-04-10,après-midi,,,75,75116,1,1,3,4,4,Voie communale,50.0,1
202400029517,2024-01-23,après-midi,,,06,06079,1,1,6,4,4,Voie communale,50.0,1
202400029518,2024-04-11,matin,,,75,75115,1,1,6,4,4,Voie communale,20.0,1
202400029519,2024-01-23,matin,,,64,64005,1,1,1,4,3,Départementale,80.0,1
202400029520,2024-04-11,nuit,,,75,75113,5,1,3,4,4,Voie communale,30.0,1
202400029521,2024-01-21,matin,,,27,27304,1,1,6,4,3,Départementale,50.0,7
202400029522,2024-04-10,nuit,,,75,75113,5,1,6,3,4,Voie communale,30.0,1
202400029523,2024-01-22,matin,,,30,30133,1,1,3,2,3,Départementale,30.0,1
202400029524,2024-04-11,après-midi,,,75,75112,1,1,1,4,4,Voie communale,30.0,1
202400029525,2024-01-22,après-midi,,,71,71506,1,2,6,3,1,Autoroute,130.0,2
202400029526,2024-04-11,nuit,,,75,75111,5,1,2,3,4,Voie communale,30.0,1
202400029527,2024-01-21,nuit,,,988,98817,5,1,6,3,3,Départementale,50.0,1
202400029528,2024-01-22,matin,,,971,97116,1,1,6,4,2,Nationale,50.0,1
202400029529,2024-04-11,matin,,,75,75110,1,1,6,4,4,Voie communale,30.0,1
202400029530,2024-01-22,matin,,,78,78389,5,2,6,4,4,Voie communale,50.0,2
202400029531,2024-01-22,après-midi,,,68,68154,1,2,6,3,3,Départementale,50.0,2
202400029532,2024-01-22,soirée,,,01,01202,5,2,6,3,4,Voie communale,50.0,2
202400029533,2024-04-11,après-midi,,,75,75107,1,1,3,4,4,Voie communale,30.0,1
202400029534,2024-01-22,après-midi,,,69,69159,2,2,3,3,3,Départementale,70.0,2
202400029535,2024-01-23,soirée,,,69,69287,5,2,2,4,3,Départementale,50.0,2
202400029536,2024-04-11,nuit,,,75,75107,5,1,6,4,4,Voie communale,30.0,1
202400029537,2024-01-23,matin,,,17,17225,3,1,6,2,3,Départementale,50.0,2
202400029538,2024-01-21,matin,,,86,86019,3,1,2,3,3,Départementale,90.0,1
202400029539,2024-01-16,matin,,,29,29057,1,1,7,4,3,Départementale,50.0,1
202400029540,2024-04-10,nuit,,,75,75107,5,1,3,4,4,Voie communale,30.0,1
202400029541,2024-01-23,nuit,,,60,60612,3,1,2,4,3,Départementale,90.0,1
202400029542,2024-04-09,soirée,,,75,75107,5,1,3,4,4,Voie communale,30.0,1
202400029543,2024-04-10,après-midi,,,75,75102,1,1,3,4,4,Voie communale,30.0,1
202400029544,2024-01-22,après-midi,,,62,62503,3,1,5,4,1,Autoroute,130.0,1
202400029545,2024-04-09,matin,,,94,94068,1,8,3,4,4,Voie communale,30.0,1
202400029546,2024-01-20,soirée,,,59,59188,3,4,1,4,4,Voie communale,80.0,7
202400029547,2024-05-21,après-midi,,,59,59524,1,1,1,3,7,Autre,30.0,1
202400029548,2024-04-11,après-midi,,,94,94033,1,1,1,4,4,Voie communale,50.0,1
202400029549,2024-01-17,soirée,,,13,13210,3,1,3,4,1,Autoroute,70.0,1
202400029550,2024-05-19,soirée,,,69,69266,1,1,3,4,7,Autre,70.0,1
202400029551,2024-01-03,après-midi,,,67,67204,1,1,6,3,7,Autre,70.0,1
202400029552,2024-05-19,matin,,,54,54150,2,1,6,3,1,Autoroute,110.0,1
202400029553,2024-04-11,soirée,,,94,94079,1,1,3,4,4,Voie communale,30.0,1
202400029554,2024-05-16,après-midi,,,67,67447,1,1,2,4,7,Autre,90.0,1
202400029555,2024-01-22,après-midi,,,91,91345,1,2,4,4,1,Autoroute,110.0,2
202400029556,2024-04-10,soirée,,,94,94055,1,1,3,4,4,Voie communale,50.0,1
202400029557,2024-05-20,matin,,,33,33063,1,1,4,4,1,Autoroute,70.0,1
202400029558,2024-01-22,matin,,,78,78362,1,3,4,4,1,Autoroute,110.0,2
202400029559,2024-04-10,après-midi,,,94,94018,1,1,2,4,3,Départementale,50.0,1
202400029560,2024-01-21,après-midi,,,78,78029,1,1,6,4,1,Autoroute,130.0,1
202400029561,2024-05-20,soirée,,,94,94017,1,2,5,4,1,Autoroute,110.0,2
202400029562,2024-04-10,après-midi,,,93,93071,1,1,2,4,3,Départementale,50.0,1
202400029563,2024-05-18,nuit,,,77,77058,3,1,2,4,1,Autoroute,130.0,1
202400029564,2024-04-10,soirée,,,93,93064,1,1,7,4,6,Autre,50.0,1
202400029565,2024-01-21,matin,,,78,78291,3,9,5,4,1,Autoroute,110.0,7
202400029566,2024-03-03,après-midi,,,80,80001,1,1,6,3,3,Départementale,50.0,1
202400029567,2024-01-24,après-midi,,,04,04070,1,1,6,4,4,Voie communale,50.0,1
202400029568,2024-04-10,soirée,,,93,93050,5,1,6,3,4,Voie communale,50.0,1
202400029569,2024-01-22,matin,,,95,95607,1,2,2,4,1,Autoroute,90.0,2
202400029570,2024-02-05,après-midi,,,88,88429,1,1,3,3,3,Départementale,50.0,1
202400029571,2024-04-10,après-midi,,,77,77083,1,7,6,4,4,Voie communale,50.0,1
202400029572,2024-01-22,nuit,,,95,95277,3,6,6,3,1,Autoroute,70.0,2
202400029573,2024-05-17,nuit,,,987,98735,5,1,7,4,3,Départementale,30.0,1
202400029574,2024-01-21,nuit,,,972,97209,5,2,6,4,3,Départementale,30.0,2
202400029575,2024-04-10,matin,,,93,93007,1,1,2,4,4,Voie communale,30.0,1
202400029576,2024-05-19,après-midi,,,974,97411,1,1,3,4,2,Nationale,50.0,1
202400029577,2024-01-21,nuit,,,69,69149,5,8,3,4,7,Autre,50.0,2
202400029578,2024-05-16,après-midi,,,973,97302,1,1,1,4,4,Voie communale,50.0,1
202400029579,2024-04-10,soirée,,,92,92063,5,1,3,4,3,Départementale,50.0,1
202400029580,2024-01-21,après-midi,,,971,97101,1,1,1,4,4,Voie communale,50.0,1
202400029581,2024-05-19,après-midi,,,69,69034,1,1,2,4,4,Voie communale,30.0,1
202400029582,2024-04-11,nuit,,,92,92020,5,1,2,4,3,Départementale,20.0,1
202400029583,2024-01-21,après-midi,,,91,91114,1,1,3,4,2,Nationale,50.0,1
202400029584,2024-05-19,soirée,,,69,69381,1,1,1,4,4,Voie communale,30.0,1
202400029585,2024-01-21,soirée,,,84,84087,3,1,3,3,6,Autre,50.0,1
202400029586,2024-04-11,après-midi,,,92,92048,1,1,3,4,4,Voie communale,50.0,1
202400029587,2024-05-18,nuit,,,971,97101,5,1,3,3,4,Voie communale,30.0,1
202400029588,2024-01-16,soirée,,,83,83050,5,1,6,3,4,Voie communale,6.0,1
202400029589,2024-04-11,soirée,,,92,92036,5,1,6,4,3,Départementale,50.0,1
202400029590,2024-05-17,après-midi,,,971,97113,1,1,3,4,3,Départementale,50.0,1
202400029591,2024-01-21,après-midi,,,81,81021,1,1,1,4,2,Nationale,50.0,1
202400029592,2024-05-19,soirée,,,2A,2A004,1,1,7,4,9,Autre,50.0,1
202400029593,2024-04-11,matin,,,92,92026,1,1,3,4,3,Départementale,50.0,1
202400029594,2024-05-19,matin,,,2A,2A004,1,1,3,4,3,Départementale,50.0,1
202400029595,2024-01-20,après-midi,,,81,81065,1,1,3,4,4,Voie communale,50.0,1
202400029596,2024-04-11,après-midi,,,92,92025,1,1,6,4,3,Départementale,50.0,1
202400029597,2024-05-19,nuit,,,2A,2A004,5,1,6,4,4,Voie communale,50.0,1
202400029598,2024-01-21,après-midi,,,74,74012,1,1,2,4,4,Voie communale,50.0,1
202400029599,2024-04-10,après-midi,,,75,75116,1,1,3,4,4,Voie communale,50.0,1
202400029600,2024-01-19,après-midi,,,69,69275,1,8,3,3,7,Autre,50.0,1
202400029601,2024-05-19,matin,,,91,91657,1,1,3,4,4,Voie communale,50.0,1
202400029602,2024-01-21,soirée,,,63,63113,5,1,1,4,4,Voie communale,50.0,1
202400029603,2024-05-14,soirée,,,88,88160,1,1,3,3,4,Voie communale,30.0,1
202400029604,2024-01-21,nuit,,,45,45232,3,1,2,4,3,Départementale,90.0,1
202400029605,2024-04-12,après-midi,,,39,39364,1,1,1,4,2,Nationale,80.0,1
202400029606,2024-01-20,après-midi,,,38,38151,1,1,3,4,4,Voie communale,30.0,1
202400029607,2024-05-19,soirée,,,84,84007,1,1,1,4,4,Voie communale,50.0,1
202400029608,2024-04-12,après-midi,,,40,40304,1,1,3,2,3,Départementale,50.0,1
202400029609,2024-05-19,après-midi,,,83,83034,1,1,3,3,4,Voie communale,50.0,1
202400029610,2024-01-21,nuit,,,37,37261,5,1,3,4,4,Voie communale,50.0,1
202400029611,2024-04-12,matin,,,17,17133,1,1,3,4,3,Départementale,30.0,1
202400029612,2024-01-20,après-midi,,,34,34172,1,1,7,3,4,Voie communale,30.0,1
202400029613,2024-05-19,après-midi,,,78,78517,1,8,3,3,4,Voie communale,30.0,1
202400029614,2024-01-21,soirée,,,32,32013,5,1,6,3,2,Nationale,50.0,1
202400029615,2024-04-12,après-midi,,,71,71448,1,1,2,4,1,Autoroute,130.0,1
202400029616,2024-05-19,après-midi,,,77,77377,1,1,2,4,3,Départementale,80.0,1
202400029617,2024-01-21,nuit,,,25,25388,3,1,6,2,3,Départementale,50.0,1
202400029618,2024-04-12,matin,,,68,68145,1,1,7,3,3,Départementale,80.0,1
202400029619,2024-01-21,soirée,,,22,22360,1,2,6,4,3,Départementale,50.0,2
202400029620,2024-04-12,nuit,,,57,57690,4,1,6,3,3,Départementale,80.0,1
202400029621,2024-01-20,après-midi,,,22,22113,1,1,6,4,4,Voie communale,50.0,1
202400029622,2024-04-11,soirée,,,01,01427,1,1,3,4,3,Départementale,50.0,1
202400029623,2024-05-19,après-midi,,,77,77518,1,1,6,4,9,Autre,15.0,1
202400029624,2024-01-19,après-midi,,,22,22113,1,4,6,4,3,Départementale,70.0,7
202400029625,2024-01-21,après-midi,,,13,13102,1,1,3,3,4,Voie communale,50.0,1
202400029626,2024-04-12,matin,,,51,51078,1,1,7,4,3,Départementale,80.0,1
202400029627,2024-05-18,après-midi,,,76,76476,1,1,3,4,4,Voie communale,30.0,1
202400029628,2024-01-21,après-midi,,,13,13075,1,1,2,4,4,Voie communale,50.0,1
202400029629,2024-05-19,nuit,,,71,71040,3,5,7,4,4,Voie communale,30.0,2
202400029630,2024-04-11,après-midi,,,38,38239,1,1,1,4,3,Départementale,50.0,1
202400029631,2024-04-10,après-midi,,,72,72008,1,1,2,3,4,Voie communale,70.0,1
202400029632,2024-01-20,après-midi,,,13,13209,1,1,3,4,4,Voie communale,30.0,1
202400029633,2024-05-18,après-midi,,,71,71270,1,1,3,4,3,Départementale,70.0,1
202400029634,2024-04-10,matin,,,72,72350,1,1,6,3,4,Voie communale,50.0,1
202400029635,2024-01-21,nuit,,,13,13001,3,1,2,4,3,Départementale,90.0,1
202400029636,2024-05-20,nuit,,,69,69286,5,1,6,4,7,Autre,50.0,1
202400029637,2024-05-19,nuit,,,69,69266,4,1,2,4,4,Voie communale,50.0,1
202400029638,2024-01-21,après-midi,,,75,75118,5,1,2,4,4,Voie communale,70.0,2
202400029639,2024-04-11,soirée,,,76,76295,1,1,1,4,3,Départementale,80.0,1
202400029640,2024-09-01,nuit,,,33,33318,5,2,6,4,4,Voie communale,50.0,2
202400029641,2024-05-18,après-midi,,,69,69266,1,3,1,3,4,Voie communale,50.0,2
202400029642,2024-01-21,nuit,,,75,75115,5,2,2,4,4,Voie communale,70.0,2
202400029643,2024-04-12,après-midi,,,76,76509,1,1,5,4,3,Départementale,,1
202400029644,2024-09-01,après-midi,,,33,33063,1,8,3,4,4,Voie communale,50.0,1
202400029645,2024-05-18,matin,,,68,68066,1,1,6,4,3,Départementale,50.0,1
202400029646,2024-01-20,après-midi,,,75,75112,5,1,2,4,4,Voie communale,70.0,1
202400029647,2024-04-10,matin,,,2A,2A324,1,2,7,4,2,Nationale,70.0,2
202400029648,2024-05-19,soirée,,,64,64335,2,2,7,4,4,Voie communale,70.0,2
202400029649,2024-08-31,après-midi,,,33,33200,1,1,3,4,4,Voie communale,50.0,1
202400029650,2024-04-12,après-midi,,,71,71340,1,1,2,2,3,Départementale,50.0,1
202400029651,2024-01-19,après-midi,,,75,75112,1,4,3,4,4,Voie communale,70.0,2
202400029652,2024-05-19,après-midi,,,63,63113,1,1,3,3,4,Voie communale,30.0,1
202400029653,2024-04-12,nuit,,,71,71582,3,1,6,3,3,Départementale,80.0,1
202400029654,2024-05-18,après-midi,,,62,62764,1,1,6,4,4,Voie communale,30.0,1
202400029655,2024-09-01,après-midi,,,33,33529,1,1,7,4,4,Voie communale,50.0,1
202400029656,2024-05-19,nuit,,,59,59152,5,1,6,4,4,Voie communale,50.0,1
202400029657,2024-04-12,soirée,,,63,63125,1,1,1,3,3,Départementale,90.0,1
202400029658,2024-01-19,après-midi,,,75,75117,1,1,3,4,4,Voie communale,70.0,1
202400029659,2024-04-12,après-midi,,,49,49336,1,1,7,3,3,Départementale,90.0,1
202400029660,2024-05-19,soirée,,,59,59599,1,1,3,4,4,Voie communale,50.0,1
202400029661,2024-01-21,après-midi,,,75,75117,1,1,7,4,4,Voie communale,30.0,1
202400029662,2024-04-12,soirée,,,12,12167,1,1,6,2,3,Départementale,90.0,1
202400029663,2024-05-19,soirée,,,59,59512,2,1,3,4,4,Voie communale,50.0,1
202400029664,2024-04-12,matin,,,44,44061,2,8,6,3,3,Départementale,80.0,1
202400029665,2024-01-20,nuit,,,75,75117,5,1,7,4,4,Voie communale,30.0,1
202400029666,2024-04-12,après-midi,,,38,38029,1,1,3,4,3,Départementale,50.0,1
202400029667,2024-05-19,après-midi,,,59,59560,1,1,1,4,4,Voie communale,30.0,1
202400029668,2024-01-21,après-midi,,,75,75115,1,1,1,4,4,Voie communale,50.0,1
202400029669,2024-09-01,après-midi,,,31,31555,1,1,3,4,4,Voie communale,50.0,1
202400029670,2024-05-19,après-midi,,,59,59009,1,7,7,3,4,Voie communale,50.0,1
202400029671,2024-04-12,après-midi,,,02,02286,1,1,1,4,3,Départementale,50.0,1
202400029672,2024-01-21,après-midi,,,75,75112,1,1,3,4,4,Voie communale,30.0,1
202400029673,2024-05-19,après-midi,,,59,59350,1,1,1,3,4,Voie communale,30.0,1
202400029674,2024-01-21,après-midi,,,75,75110,1,1,6,4,4,Voie communale,30.0,1
202400029675,2024-04-11,après-midi,,,72,72146,1,1,3,4,3,Départementale,90.0,1
202400029676,2024-05-17,après-midi,,,59,59410,1,1,6,4,4,Voie communale,30.0,1
202400029677,2024-05-19,après-midi,,,56,56260,1,1,7,4,4,Voie communale,50.0,2
202400029678,2024-09-01,nuit,,,18,18033,3,1,2,4,4,Voie communale,70.0,1
202400029679,2024-04-12,soirée,,,14,14610,1,1,1,3,3,Départementale,50.0,1
202400029680,2024-01-21,matin,,,75,75110,5,1,3,4,4,Voie communale,30.0,1
202400029681,2024-01-21,soirée,,,75,75116,5,1,6,4,4,Voie communale,50.0,1
202400029682,2024-04-12,matin,,,73,73010,1,1,3,3,3,Départementale,30.0,1
202400029683,2024-05-19,après-midi,,,54,54395,1,1,3,4,4,Voie communale,50.0,1
202400029684,2024-01-21,matin,,,75,75101,5,1,6,4,4,Voie communale,30.0,1
202400029685,2024-04-11,soirée,,,10,10268,5,1,2,2,4,Voie communale,70.0,1
202400029686,2024-01-20,nuit,,,75,75104,5,1,1,4,4,Voie communale,30.0,1
202400029687,2024-05-19,après-midi,,,31,31555,1,2,2,4,4,Voie communale,50.0,2
202400029688,2024-09-01,après-midi,,,14,14333,1,1,3,4,4,Voie communale,30.0,1
202400029689,2024-05-19,matin,,,31,31483,1,1,6,4,4,Voie communale,50.0,2
202400029690,2024-04-11,nuit,,,85,85234,5,1,7,4,3,Départementale,70.0,1