Num_Acc,date,time_of_day,lat,long,dep,com,lum,atm,col,severity_index,catr,catr_label,vma,surf
202400029691,2024-01-21,soirée,,,94,94046,5,8,1,4,4,Voie communale,,2
202400029692,2024-09-01,nuit,,,14,14437,3,1,7,3,3,Départementale,50.0,1
202400029693,2024-05-18,matin,,,22,22113,1,1,2,4,3,Départementale,80.0,1
202400029694,2024-04-12,après-midi,,,28,28323,1,1,3,2,3,Départementale,80.0,1
202400029695,2024-01-21,nuit,,,94,94046,5,1,3,4,3,Départementale,,1
202400029696,2024-04-12,après-midi,,,48,48105,1,1,3,3,3,Départementale,80.0,1
202400029697,2024-05-17,matin,,,17,17306,1,2,3,4,4,Voie communale,50.0,2
202400029698,2024-09-01,matin,,,13,13206,4,1,2,3,4,Voie communale,80.0,1
202400029699,2024-01-21,soirée,,,94,94003,5,8,2,4,3,Départementale,30.0,2
202400029700,2024-04-11,après-midi,,,88,88486,1,1,1,4,3,Départementale,50.0,1
202400029701,2024-09-01,après-midi,,,13,13209,1,1,1,2,3,Départementale,70.0,1
202400029702,2024-04-11,matin,,,44,44069,1,1,1,3,3,Départementale,80.0,1
202400029703,2024-04-11,après-midi,,,63,63014,1,1,6,3,1,Autoroute,50.0,1
202400029704,2024-08-31,matin,,,12,12145,1,1,1,2,3,Départementale,50.0,1
202400029705,2024-05-19,nuit,,,13,13214,5,1,3,4,4,Voie communale,50.0,1
202400029706,2024-01-20,après-midi,,,94,94073,1,1,3,4,3,Départementale,50.0,1
202400029707,2024-04-11,soirée,,,69,69204,1,1,1,4,7,Autre,70.0,1
202400029708,2024-05-19,matin,,,13,13211,1,1,3,4,4,Voie communale,50.0,1
202400029709,2024-01-21,soirée,,,93,93031,5,1,3,4,3,Départementale,50.0,2
202400029710,2024-04-12,matin,,,91,91111,1,1,2,4,1,Autoroute,110.0,1
202400029711,2024-08-31,après-midi,,,09,09122,1,1,2,4,3,Départementale,50.0,1
202400029712,2024-05-18,après-midi,,,13,13001,1,1,2,4,3,Départementale,90.0,1
202400029713,2024-01-20,nuit,,,92,92078,5,1,3,4,3,Départementale,50.0,1
202400029714,2024-09-01,nuit,,,06,06088,5,1,3,4,4,Voie communale,50.0,1
202400029715,2024-05-20,nuit,,,06,06088,5,1,3,4,4,Voie communale,50.0,1
202400029716,2024-04-11,après-midi,,,971,97118,1,1,5,3,3,Départementale,50.0,1
202400029717,2024-05-18,matin,,,04,04070,1,1,7,4,4,Voie communale,50.0,1
202400029718,2024-09-01,matin,,,03,03101,1,1,1,3,4,Voie communale,50.0,1
202400029719,2024-01-21,soirée,,,92,92046,5,1,6,4,3,Départementale,50.0,1
202400029720,2024-04-11,matin,,,13,13005,1,1,3,3,3,Départementale,80.0,1
202400029721,2024-05-17,matin,,,03,03190,1,7,3,4,4,Voie communale,50.0,1
202400029722,2024-04-11,après-midi,,,52,52280,1,1,6,3,4,Voie communale,50.0,1
202400029723,2024-05-19,nuit,,,03,03185,3,1,6,4,4,Voie communale,50.0,1
202400029724,2024-09-01,après-midi,,,75,75116,1,1,2,4,4,Voie communale,70.0,1
202400029725,2024-01-21,soirée,,,92,92024,5,1,2,4,3,Départementale,50.0,1
202400029726,2024-04-11,après-midi,,,88,88412,1,1,3,2,3,Départementale,80.0,1
202400029727,2024-05-19,après-midi,,,01,01053,1,1,6,2,4,Voie communale,50.0,1
202400029728,2024-05-19,soirée,,,75,75114,1,1,3,4,4,Voie communale,70.0,1
202400029729,2024-09-01,matin,,,75,75117,5,1,6,4,4,Voie communale,70.0,1
202400029730,2024-04-12,après-midi,,,63,63247,1,7,7,3,3,Départementale,90.0,1
202400029731,2024-05-19,nuit,,,75,75119,4,1,2,4,4,Voie communale,70.0,1
202400029732,2024-01-18,soirée,,,01,01244,5,2,6,3,3,Départementale,50.0,2
202400029733,2024-04-12,après-midi,,,42,42324,1,1,6,4,4,Voie communale,80.0,1
202400029734,2024-05-18,soirée,,,75,75113,1,2,3,4,4,Voie communale,70.0,2
202400029735,2024-04-12,soirée,,,42,42046,1,1,6,4,3,Départementale,80.0,1
202400029736,2024-01-21,après-midi,,,43,43189,1,1,2,3,3,Départementale,90.0,2
202400029737,2024-04-12,après-midi,,,69,69121,1,1,1,3,3,Départementale,80.0,1
202400029738,2024-01-20,après-midi,,,33,33081,1,7,3,3,3,Départementale,50.0,1
202400029739,2024-08-30,après-midi,,,75,75118,1,2,4,4,4,Voie communale,50.0,2
202400029740,2024-05-19,après-midi,,,75,75110,1,1,3,3,4,Voie communale,30.0,1
202400029741,2024-04-11,après-midi,,,64,64422,1,1,1,3,4,Voie communale,50.0,1
202400029742,2024-01-21,après-midi,,,31,31547,1,1,3,3,3,Départementale,80.0,1
202400029743,2024-05-18,après-midi,,,75,75115,1,1,3,4,4,Voie communale,30.0,1
202400029744,2024-09-01,après-midi,,,75,75118,1,1,6,4,4,Voie communale,,1
202400029745,2024-04-12,nuit,,,33,33114,3,1,2,4,2,Nationale,110.0,1
202400029746,2024-01-22,matin,,,44,44173,2,2,1,2,3,Départementale,80.0,2
202400029747,2024-05-19,nuit,,,75,75117,5,1,6,4,4,Voie communale,30.0,1
202400029748,2024-04-10,après-midi,,,14,14354,1,1,1,3,4,Voie communale,50.0,1
202400029749,2024-01-21,matin,,,972,97229,1,1,3,3,2,Nationale,50.0,1
202400029750,2024-04-11,soirée,,,60,60241,1,1,7,4,3,Départementale,80.0,1
202400029751,2024-09-01,après-midi,,,75,75117,1,1,2,4,4,Voie communale,30.0,1
202400029752,2024-05-18,après-midi,,,75,75116,1,1,6,4,4,Voie communale,30.0,1
202400029753,2024-01-21,nuit,,,61,61497,3,9,6,4,1,Autoroute,130.0,7
202400029754,2024-04-05,matin,,,59,59092,1,1,6,4,4,Voie communale,50.0,1
202400029755,2024-05-18,nuit,,,75,75116,5,1,6,4,4,Voie communale,30.0,1
202400029756,2024-09-01,après-midi,,,75,75114,1,1,3,4,4,Voie communale,30.0,1
202400029757,2024-04-11,soirée,,,13,13213,1,1,2,4,1,Autoroute,70.0,1
202400029758,2024-05-19,après-midi,,,75,75115,1,1,6,4,4,Voie communale,30.0,1
202400029759,2024-01-22,matin,,,56,56243,1,1,3,4,4,Voie communale,,1
202400029760,2024-04-10,soirée,,,13,13212,1,1,2,4,1,Autoroute,70.0,1
202400029761,2024-01-21,après-midi,,,76,76689,1,1,7,3,4,Voie communale,80.0,1
202400029762,2024-08-31,après-midi,,,75,75114,1,1,3,4,4,Voie communale,50.0,1
202400029763,2024-05-19,nuit,,,75,75113,3,1,6,4,4,Voie communale,30.0,1
202400029764,2024-04-11,matin,,,13,13211,1,1,2,4,1,Autoroute,90.0,1
202400029765,2024-01-22,matin,,,89,89273,3,2,6,3,3,Départementale,70.0,2
202400029766,2024-05-19,après-midi,,,75,75110,1,1,3,4,4,Voie communale,30.0,1
202400029767,2024-01-22,nuit,,,46,46175,3,1,7,4,3,Départementale,80.0,1
202400029768,2024-04-10,après-midi,,,13,13215,1,1,4,4,1,Autoroute,90.0,1
202400029769,2024-09-01,nuit,,,75,75112,5,1,3,4,4,Voie communale,50.0,1
202400029770,2024-01-21,nuit,,,86,86177,3,1,6,4,3,Départementale,90.0,1
202400029771,2024-04-10,soirée,,,67,67482,1,7,7,4,7,Autre,50.0,1
202400029772,2024-05-19,nuit,,,75,75102,5,1,3,4,4,Voie communale,30.0,1
202400029773,2024-08-31,nuit,,,75,75112,5,2,6,4,4,Voie communale,50.0,2
202400029774,2024-05-18,nuit,,,75,75104,5,1,3,4,4,Voie communale,30.0,1
202400029775,2024-04-10,matin,,,67,67218,1,1,4,4,7,Autre,70.0,1
202400029776,2024-01-21,après-midi,,,38,38422,2,1,7,4,3,Départementale,80.0,5
202400029777,2024-05-19,nuit,,,94,94074,2,1,3,4,2,Nationale,50.0,1
202400029778,2024-01-22,nuit,,,03,03264,5,1,6,4,3,Départementale,50.0,1
202400029779,2024-04-10,matin,,,67,67482,1,1,2,4,7,Autre,50.0,1
202400029780,2024-09-01,après-midi,,,75,75111,1,1,3,4,4,Voie communale,30.0,1
202400029781,2024-01-22,matin,,,15,15122,1,2,6,2,2,Nationale,50.0,2
202400029782,2024-04-11,soirée,,,77,77384,1,1,7,4,1,Autoroute,110.0,1
202400029783,2024-05-19,nuit,,,94,94076,5,1,3,4,4,Voie communale,50.0,1
202400029784,2024-01-19,matin,,,01,01034,1,1,6,2,4,Voie communale,50.0,1
202400029785,2024-04-11,nuit,,,91,91689,3,1,2,4,1,Autoroute,110.0,1
202400029786,2024-05-19,après-midi,,,94,94003,1,1,2,4,3,Départementale,,1
202400029787,2024-08-31,nuit,,,75,75108,5,8,3,4,4,Voie communale,50.0,2
202400029788,2024-01-17,matin,,,72,72054,1,2,6,3,4,Voie communale,50.0,2
202400029789,2024-04-11,après-midi,,,92,92036,1,1,2,4,1,Autoroute,110.0,1
202400029790,2024-05-19,après-midi,,,94,94028,1,1,6,4,4,Voie communale,,1
202400029791,2024-01-22,matin,,,43,43020,1,1,6,3,3,Départementale,70.0,1
202400029792,2024-04-11,soirée,,,94,94017,1,1,6,4,1,Autoroute,90.0,1
202400029793,2024-05-19,après-midi,,,94,94022,1,1,6,4,4,Voie communale,30.0,1
202400029794,2024-01-21,soirée,,,10,10353,3,1,1,3,3,Départementale,90.0,1
202400029795,2024-04-11,soirée,,,94,94069,1,1,2,4,1,Autoroute,90.0,1
202400029796,2024-09-01,nuit,,,75,75102,5,1,3,4,4,Voie communale,30.0,2
202400029797,2024-01-22,soirée,,,07,07010,5,1,7,4,3,Départementale,50.0,2
202400029798,2024-05-19,soirée,,,93,93078,1,1,1,4,4,Voie communale,50.0,1
202400029799,2024-04-11,après-midi,,,94,94018,1,1,4,4,1,Autoroute,90.0,1
202400029800,2024-09-01,matin,,,94,94069,1,1,6,4,9,Autre,10.0,1
202400029801,2024-01-22,matin,,,40,40284,3,1,6,2,3,Départementale,50.0,1
202400029802,2024-01-22,matin,,,85,85149,5,3,6,2,3,Départementale,80.0,2
202400029803,2024-04-10,après-midi,,,94,94028,1,1,3,4,1,Autoroute,90.0,1
202400029804,2024-05-19,après-midi,,,93,93071,1,1,3,4,4,Voie communale,30.0,1
202400029805,2024-09-01,matin,,,94,94075,1,1,3,4,3,Départementale,50.0,1
202400029806,2024-01-21,après-midi,,,17,17261,1,1,7,4,3,Départementale,80.0,1
202400029807,2024-04-10,matin,,,77,77363,1,1,2,4,1,Autoroute,90.0,1
202400029808,2024-05-19,soirée,,,93,93050,1,1,3,4,3,Départementale,30.0,1
202400029809,2024-08-31,nuit,,,93,93077,5,2,2,4,3,Départementale,50.0,2
202400029810,2024-01-21,matin,,,987,98734,1,1,2,3,2,Nationale,30.0,2
202400029811,2024-04-10,après-midi,,,976,97611,1,1,3,4,4,Voie communale,50.0,1
202400029812,2024-05-19,après-midi,,,93,93050,1,1,1,3,3,Départementale,50.0,1
202400029813,2024-09-01,matin,,,93,93048,1,1,6,4,3,Départementale,50.0,1
202400029814,2024-05-19,matin,,,93,93031,1,1,6,4,3,Départementale,50.0,1
202400029815,2024-01-18,après-midi,,,31,31424,1,1,6,3,3,Départementale,30.0,1
202400029816,2024-04-09,matin,,,974,97416,1,7,5,4,2,Nationale,110.0,1
202400029817,2024-08-31,soirée,,,93,93013,5,2,6,4,4,Voie communale,50.0,2
202400029818,2024-07-25,nuit,,,25,25388,5,1,6,4,3,Départementale,50.0,1
202400029819,2024-05-19,après-midi,,,93,93057,1,1,1,4,4,Voie communale,30.0,1
202400029820,2024-01-19,nuit,,,35,35353,5,1,3,2,2,Nationale,50.0,1
202400029821,2024-04-10,après-midi,,,974,97411,1,1,3,4,4,Voie communale,30.0,1
202400029822,2024-08-31,après-midi,,,93,93008,1,1,3,4,3,Départementale,50.0,1
202400029823,2024-05-18,soirée,,,92,92078,1,1,1,4,3,Départementale,50.0,1
202400029824,2024-07-24,soirée,,,17,17415,1,1,4,4,2,Nationale,70.0,1
202400029825,2024-01-22,matin,,,13,13038,1,1,1,3,3,Départementale,30.0,1
202400029826,2024-04-10,après-midi,,,973,97302,1,1,3,4,3,Départementale,50.0,1
202400029827,2024-05-18,nuit,,,92,92024,5,1,1,4,3,Départementale,50.0,1
202400029828,2024-09-01,après-midi,,,93,93005,1,1,1,4,4,Voie communale,50.0,1
202400029829,2024-07-24,matin,,,15,15012,1,1,3,4,3,Départementale,70.0,1
202400029830,2024-01-22,nuit,,,27,27005,4,2,2,4,1,Autoroute,130.0,2
202400029831,2024-05-18,après-midi,,,92,92012,1,1,6,4,4,Voie communale,50.0,1
202400029832,2024-04-10,après-midi,,,69,69034,1,1,6,4,4,Voie communale,50.0,1
202400029833,2024-07-25,après-midi,,,13,13117,1,1,2,4,3,Départementale,90.0,1
202400029834,2024-01-21,nuit,,,13,13051,3,1,2,4,1,Autoroute,130.0,1
202400029835,2024-05-18,nuit,,,92,92002,5,1,3,4,3,Départementale,50.0,1
202400029836,2024-04-10,matin,,,69,69034,1,1,2,4,4,Voie communale,50.0,1
202400029837,2024-09-01,après-midi,,,92,92047,1,1,4,4,3,Départementale,70.0,1
202400029838,2024-01-21,nuit,,,51,51617,3,1,6,4,1,Autoroute,130.0,1
202400029839,2024-05-17,soirée,,,24,24262,1,1,6,3,3,Départementale,70.0,1
202400029840,2024-07-25,matin,,,13,13054,1,1,1,3,4,Voie communale,50.0,1
202400029841,2024-04-10,après-midi,,,971,97113,1,1,6,3,3,Départementale,50.0,9
202400029842,2024-01-21,nuit,,,988,98813,2,1,6,3,2,Nationale,110.0,1
202400029843,2024-05-20,matin,,,49,49244,1,2,7,3,3,Départementale,50.0,2
202400029844,2024-09-01,matin,,,92,92012,1,1,6,4,3,Départementale,30.0,1
202400029845,2024-01-20,nuit,,,974,97415,3,1,2,3,2,Nationale,90.0,1
202400029846,2024-07-25,soirée,,,13,13103,1,1,3,4,4,Voie communale,30.0,1
202400029847,2024-04-10,nuit,,,2A,2A004,5,8,1,4,4,Voie communale,50.0,2
202400029848,2024-05-20,nuit,,,01,01383,3,2,1,4,3,Départementale,80.0,2
202400029849,2024-09-02,nuit,,,35,35239,3,2,6,3,3,Départementale,110.0,2
202400029850,2024-01-21,soirée,,,971,97129,3,1,1,2,2,Nationale,80.0,1
202400029851,2024-05-20,nuit,,,52,52206,3,1,1,4,3,Départementale,90.0,1
202400029852,2024-04-10,matin,,,95,95252,1,1,2,4,4,Voie communale,50.0,1
202400029853,2024-07-25,soirée,,,13,13214,2,1,2,3,4,Voie communale,50.0,1
202400029854,2024-01-19,soirée,,,34,34057,2,1,3,3,4,Voie communale,50.0,1
202400029855,2024-09-01,après-midi,,,39,39258,1,1,3,3,3,Départementale,80.0,1
202400029856,2024-04-10,matin,,,91,91570,1,7,6,3,3,Départementale,50.0,1
202400029857,2024-07-25,soirée,,,13,13209,1,1,1,4,3,Départementale,50.0,1
202400029858,2024-05-19,après-midi,,,22,22209,1,1,3,4,4,Voie communale,80.0,1
202400029859,2024-01-19,après-midi,,,84,84019,1,1,4,4,3,Départementale,50.0,1
202400029860,2024-05-18,soirée,,,972,97222,3,1,7,3,2,Nationale,70.0,2
202400029861,2024-07-25,matin,,,13,13203,1,1,1,4,4,Voie communale,50.0,1
202400029862,2024-01-22,matin,,,71,71555,4,6,6,3,3,Départementale,70.0,1
202400029863,2024-04-10,soirée,,,91,91421,1,1,3,4,3,Départementale,30.0,1
202400029864,2024-08-31,après-midi,,,81,81163,1,1,3,4,3,Départementale,80.0,1
202400029865,2024-07-25,nuit,,,13,13203,4,1,7,4,4,Voie communale,50.0,1
202400029866,2024-01-21,matin,,,71,71150,1,1,1,4,3,Départementale,90.0,1
202400029867,2024-04-09,après-midi,,,87,87085,1,2,7,3,4,Voie communale,30.0,2
202400029868,2024-05-19,soirée,,,46,46082,1,2,6,3,4,Voie communale,80.0,2
202400029869,2024-07-25,après-midi,,,13,13047,1,1,3,4,4,Voie communale,50.0,1
202400029870,2024-05-19,soirée,,,64,64254,3,3,6,3,3,Départementale,70.0,2
202400029871,2024-01-22,matin,,,55,55170,2,1,7,4,4,Voie communale,80.0,7
202400029872,2024-05-20,après-midi,,,38,38182,1,1,7,3,3,Départementale,80.0,1
202400029873,2024-09-01,nuit,,,06,06149,5,1,2,4,7,Autre,50.0,1
202400029874,2024-04-10,nuit,,,83,83137,5,1,1,4,3,Départementale,50.0,1
202400029875,2024-05-20,soirée,,,83,83070,5,1,6,3,4,Voie communale,30.0,1
202400029876,2024-01-22,après-midi,,,54,54397,2,1,6,3,3,Départementale,50.0,2
202400029877,2024-07-24,après-midi,,,13,13047,1,1,2,4,4,Voie communale,50.0,1
202400029878,2024-04-08,soirée,,,83,83103,1,1,6,3,3,Départementale,70.0,1
202400029879,2024-01-20,nuit,,,13,13106,3,9,2,4,1,Autoroute,90.0,9
202400029880,2024-05-20,matin,,,12,12002,1,2,3,4,1,Autoroute,90.0,2
202400029881,2024-04-09,matin,,,83,83137,1,2,3,4,4,Voie communale,50.0,2
202400029882,2024-08-30,après-midi,,,42,42338,1,1,3,3,3,Départementale,70.0,1
202400029883,2024-07-25,matin,,,13,13028,1,1,2,3,3,Départementale,80.0,1
202400029884,2024-05-19,soirée,,,22,22312,1,1,1,3,3,Départementale,80.0,1
202400029885,2024-09-02,nuit,,,31,31454,3,1,6,3,3,Départementale,80.0,1
202400029886,2024-05-20,matin,,,62,62306,2,1,7,4,3,Départementale,80.0,1
202400029887,2024-04-09,soirée,,,80,80021,1,1,3,4,4,Voie communale,30.0,1
202400029888,2024-01-20,soirée,,,13,13215,3,1,2,4,1,Autoroute,90.0,1
202400029889,2024-05-20,après-midi,,,59,59562,1,1,7,4,4,Voie communale,50.0,1
202400029890,2024-09-02,matin,,,14,14579,1,1,1,4,4,Voie communale,50.0,1
202400029891,2024-04-10,après-midi,,,78,78224,1,1,3,4,3,Départementale,50.0,1
202400029892,2024-05-19,après-midi,,,19,19132,1,2,7,4,3,Départementale,90.0,2
202400029893,2024-01-21,nuit,,,69,69266,5,1,2,4,7,Autre,70.0,1
202400029894,2024-07-25,après-midi,,,06,06069,1,1,2,4,4,Voie communale,50.0,1
202400029895,2024-05-19,après-midi,,,59,59580,1,1,7,3,3,Départementale,,1
202400029896,2024-01-21,après-midi,,,94,94034,3,1,2,4,1,Autoroute,70.0,1
202400029897,2024-07-25,matin,,,06,06029,1,1,3,4,4,Voie communale,50.0,1
202400029898,2024-09-02,matin,,,71,71475,1,1,3,4,1,Autoroute,70.0,1
202400029899,2024-05-18,soirée,,,2B,2B305,2,1,5,4,3,Départementale,50.0,1
202400029900,2024-01-21,matin,,,91,91617,1,1,6,4,2,Nationale,110.0,2
202400029901,2024-07-24,soirée,,,04,04070,2,1,6,4,4,Voie communale,50.0,1
202400029902,2024-05-19,soirée,,,82,82056,1,1,6,2,3,Départementale,80.0,1
202400029903,2024-04-09,après-midi,,,76,76351,1,1,4,4,3,Départementale,50.0,1
202400029904,2024-09-01,nuit,,,71,71245,3,1,7,3,1,Autoroute,130.0,1
202400029905,2024-01-20,nuit,,,78,78158,4,1,3,4,1,Autoroute,110.0,9
202400029906,2024-05-20,matin,,,65,65388,1,1,6,4,3,Départementale,80.0,9
202400029907,2024-04-09,après-midi,,,76,76351,1,2,7,3,4,Voie communale,50.0,2
202400029908,2024-07-24,après-midi,,,03,03190,1,1,3,4,3,Départementale,50.0,1
202400029909,2024-01-21,soirée,,,93,93027,3,2,3,4,1,Autoroute,70.0,2
202400029910,2024-05-13,matin,,,33,33437,1,1,3,3,4,Voie communale,50.0,1
202400029911,2024-07-19,après-midi,,,02,02168,1,1,6,3,3,Départementale,50.0,1
202400029912,2024-01-21,matin,,,95,95678,3,2,6,4,2,Nationale,90.0,7
202400029913,2024-05-19,nuit,,,89,89309,3,1,6,3,3,Départementale,90.0,1
202400029914,2024-07-24,après-midi,,,01,01053,1,1,6,4,4,Voie communale,50.0,1
202400029915,2024-01-20,après-midi,,,93,93007,1,1,2,4,1,Autoroute,110.0,1
202400029916,2024-05-20,après-midi,,,49,49200,1,2,7,2,4,Voie communale,50.0,2
202400029917,2024-08-30,soirée,,,44,44129,3,2,7,4,2,Nationale,110.0,2
202400029918,2024-01-21,après-midi,,,95,95241,1,2,3,3,2,Nationale,90.0,2
202400029919,2024-07-25,soirée,,,75,75120,1,1,2,4,4,Voie communale,70.0,1
202400029920,2024-09-01,soirée,,,71,71341,2,1,6,2,9,Autre,30.0,1
202400029921,2024-01-21,nuit,,,95,95641,5,1,6,4,1,Autoroute,15.0,7
202400029922,2024-05-17,soirée,,,49,49307,1,1,5,3,3,Départementale,,1
202400029923,2024-08-29,matin,,,62,62115,1,1,7,2,2,Nationale,80.0,1
202400029924,2024-07-25,matin,,,75,75112,1,1,3,4,4,Voie communale,50.0,1
202400029925,2024-05-10,soirée,,,41,41097,1,1,3,4,3,Départementale,90.0,1
202400029926,2024-01-20,soirée,,,95,95018,3,1,7,4,1,Autoroute,110.0,1
202400029927,2024-07-25,matin,,,75,75119,1,1,3,4,4,Voie communale,70.0,1
202400029928,2024-05-20,après-midi,,,86,86053,1,8,1,4,3,Départementale,80.0,1
202400029929,2024-08-31,après-midi,,,2A,2A130,1,1,1,4,2,Nationale,80.0,1
202400029930,2024-05-19,soirée,,,22,22006,1,1,7,2,4,Voie communale,50.0,1
202400029931,2024-01-20,après-midi,,,93,93064,1,1,4,4,1,Autoroute,90.0,1
202400029932,2024-07-24,soirée,,,75,75119,1,1,3,4,4,Voie communale,70.0,1
202400029933,2024-09-01,nuit,,,80,80443,3,1,6,4,3,Départementale,80.0,1
202400029934,2024-05-18,nuit,,,25,25024,3,1,7,3,3,Départementale,80.0,2
202400029935,2024-01-19,soirée,,,93,93066,3,1,5,4,1,Autoroute,90.0,1
202400029936,2024-05-19,après-midi,,,25,25187,1,1,7,3,3,Départementale,50.0,1
202400029937,2024-07-24,matin,,,75,75112,1,1,5,4,4,Voie communale,70.0,1
202400029938,2024-09-02,après-midi,,,82,82132,1,1,1,4,3,Départementale,50.0,1
202400029939,2024-01-21,après-midi,,,75,75112,1,1,4,4,1,Autoroute,90.0,2
202400029940,2024-05-19,après-midi,,,25,25434,1,1,1,4,3,Départementale,50.0,1
202400029941,2024-07-25,soirée,,,75,75119,1,1,3,4,4,Voie communale,30.0,1
202400029942,2024-01-20,nuit,,,93,93051,3,1,2,4,1,Autoroute,110.0,1
202400029943,2024-08-31,soirée,,,32,32178,1,1,7,3,3,Départementale,80.0,1
202400029944,2024-05-19,matin,,,25,25467,2,1,6,3,3,Départementale,30.0,1
202400029945,2024-07-24,matin,,,75,75113,1,1,2,4,4,Voie communale,30.0,1
202400029946,2024-01-20,après-midi,,,976,97611,1,1,2,4,2,Nationale,50.0,1
202400029947,2024-05-18,nuit,,,35,35069,3,1,1,3,3,Départementale,80.0,1
202400029948,2024-01-20,après-midi,,,974,97416,1,1,3,4,4,Voie communale,50.0,1
202400029949,2024-07-25,matin,,,75,75110,1,1,6,4,4,Voie communale,30.0,1
202400029950,2024-09-02,après-midi,,,63,63250,1,7,1,2,3,Départementale,80.0,1
202400029951,2024-05-19,nuit,,,29,29173,2,1,6,3,4,Voie communale,80.0,2
202400029952,2024-01-20,nuit,,,974,97411,3,1,4,3,2,Nationale,90.0,1
202400029953,2024-07-24,matin,,,75,75107,1,1,3,4,4,Voie communale,30.0,1
202400029954,2024-05-20,matin,,,31,31356,2,1,6,2,3,Départementale,80.0,2
202400029955,2024-01-19,après-midi,,,69,69382,2,1,6,4,4,Voie communale,30.0,1
202400029956,2024-09-01,nuit,,,42,42020,3,1,6,4,3,Départementale,50.0,1
202400029957,2024-05-20,nuit,,,38,38338,3,1,2,3,3,Départementale,90.0,1
202400029958,2024-07-24,matin,,,94,94081,1,1,1,4,4,Voie communale,50.0,1
202400029959,2024-01-20,après-midi,,,69,69149,1,1,3,4,7,Autre,30.0,1
202400029960,2024-05-19,nuit,,,38,38370,3,1,6,3,3,Départementale,80.0,1
202400029961,2024-01-19,après-midi,,,971,97101,1,1,7,4,2,Nationale,90.0,1
202400029962,2024-07-25,soirée,,,94,94054,1,1,1,4,4,Voie communale,50.0,1
202400029963,2024-04-25,nuit,,,02,02369,3,1,1,3,3,Départementale,80.0,1
202400029964,2024-08-29,matin,,,34,34163,1,1,3,3,3,Départementale,50.0,1
202400029965,2024-07-25,après-midi,,,93,93073,1,1,6,4,3,Départementale,50.0,1
202400029966,2024-05-19,nuit,,,05,05040,3,1,1,4,2,Nationale,70.0,1
202400029967,2024-05-20,nuit,,,50,50403,3,1,7,4,4,Voie communale,50.0,1
202400029968,2024-01-19,nuit,,,91,91552,5,1,2,4,3,Départementale,70.0,1
202400029969,2024-09-01,après-midi,,,25,25271,1,1,7,4,3,Départementale,90.0,8
202400029970,2024-01-20,nuit,,,91,91174,5,1,6,4,3,Départementale,50.0,7
202400029971,2024-07-25,nuit,,,93,93066,5,1,3,4,3,Départementale,50.0,1
202400029972,2024-05-19,soirée,,,18,18221,1,1,7,4,4,Voie communale,70.0,1
202400029973,2024-08-31,soirée,,,44,44032,1,1,3,4,3,Départementale,80.0,1
202400029974,2024-07-25,matin,,,93,93046,1,1,1,4,3,Départementale,,1
202400029975,2024-01-20,nuit,,,91,91174,5,1,2,4,4,Voie communale,50.0,1
202400029976,2024-05-20,soirée,,,07,07292,1,2,3,4,3,Départementale,70.0,2
202400029977,2024-07-25,après-midi,,,93,93006,1,1,6,4,4,Voie communale,30.0,1
202400029978,2024-09-01,matin,,,29,29130,1,1,7,2,4,Voie communale,80.0,1
202400029979,2024-01-20,après-midi,,,85,85191,1,7,6,3,4,Voie communale,50.0,2
202400029980,2024-05-20,soirée,,,07,07007,1,3,7,4,3,Départementale,90.0,2
202400029981,2024-01-20,soirée,,,83,83137,5,1,6,4,3,Départementale,80.0,1
202400029982,2024-07-25,matin,,,93,93032,1,1,2,4,4,Voie communale,50.0,1
202400029983,2024-05-20,après-midi,,,53,53251,1,3,7,3,3,Départementale,80.0,2
202400029984,2024-01-20,matin,,,81,81163,1,9,7,4,3,Départementale,50.0,7
202400029985,2024-09-01,matin,,,38,38504,1,1,2,3,3,Départementale,80.0,1
202400029986,2024-01-20,matin,,,78,78642,1,4,6,4,4,Voie communale,50.0,7
202400029987,2024-07-25,après-midi,,,93,93005,1,1,3,4,4,Voie communale,50.0,1
202400029988,2024-05-19,après-midi,,,30,30210,1,1,1,3,3,Départementale,,1
202400029989,2024-01-20,soirée,,,76,76217,5,1,1,3,4,Voie communale,50.0,1
202400029990,2024-07-24,soirée,,,92,92078,1,1,3,3,4,Voie communale,50.0,1
202400029991,2024-09-02,soirée,,,84,84041,1,1,7,3,3,Départementale,80.0,1
202400029992,2024-07-24,soirée,,,92,92050,1,1,7,4,4,Voie communale,50.0,1
202400029993,2024-09-01,après-midi,,,85,85081,1,1,6,4,3,Départementale,60.0,1
202400029994,2024-01-19,après-midi,,,74,74305,1,1,5,4,4,Voie communale,50.0,1
202400029995,2024-07-25,matin,,,92,92026,1,1,3,4,3,Départementale,30.0,1
202400029996,2024-09-01,après-midi,,,70,70299,1,1,6,3,3,Départementale,50.0,1
202400029997,2024-01-20,nuit,,,72,72181,5,1,6,4,4,Voie communale,50.0,1
202400029998,2024-07-24,après-midi,,,92,92025,1,1,2,4,3,Départementale,50.0,1
202400029999,2024-05-20,matin,,,31,31254,1,1,6,3,3,Départementale,70.0,1
202400030000,2024-08-31,matin,,,58,58031,1,1,3,3,3,Départementale,50.0,1
202400030001,2024-01-19,après-midi,,,72,72181,1,1,6,3,4,Voie communale,30.0,1
202400030002,2024-07-25,après-midi,,,34,34202,1,1,2,4,7,Autre,80.0,1
202400030003,2024-08-31,après-midi,,,54,54518,1,1,7,4,3,Départementale,70.0,1
202400030004,2024-01-20,soirée,,,69,69286,5,1,3,4,7,Autre,50.0,1