Num_Acc,date,time_of_day,lat,long,dep,com,lum,atm,col,severity_index,catr,catr_label,vma,surf
202400030005,2024-05-08,matin,,,69,69206,1,1,2,4,1,Autoroute,130.0,1
202400030006,2024-01-20,nuit,,,69,69275,5,1,6,4,7,Autre,50.0,1
202400030007,2024-07-24,soirée,,,35,35120,2,1,3,4,7,Autre,50.0,1
202400030008,2024-09-01,après-midi,,,54,54400,1,1,7,3,3,Départementale,80.0,1
202400030009,2024-05-19,nuit,,,971,97125,3,1,1,2,2,Nationale,80.0,1
202400030010,2024-01-20,nuit,,,63,63113,4,9,6,4,7,Autre,50.0,9
202400030011,2024-05-20,nuit,,,971,97129,3,1,1,3,2,Nationale,70.0,2
202400030012,2024-07-22,après-midi,,,26,26177,1,1,3,3,3,Départementale,80.0,1
202400030013,2024-01-20,nuit,,,59,59009,5,5,1,4,7,Autre,50.0,1
202400030014,2024-08-30,soirée,,,72,72087,2,1,3,4,3,Départementale,90.0,1
202400030015,2024-05-19,soirée,,,77,77196,1,1,7,4,2,Nationale,110.0,1
202400030016,2024-01-09,soirée,,,57,57606,3,8,6,4,4,Voie communale,50.0,1
202400030017,2024-07-24,soirée,,,40,40296,1,1,1,4,3,Départementale,30.0,1
202400030018,2024-09-02,matin,,,14,14672,1,1,1,4,3,Départementale,70.0,1
202400030019,2024-07-25,matin,,,972,97221,1,1,1,3,3,Départementale,80.0,1
202400030020,2024-01-20,soirée,,,54,54323,2,1,3,4,3,Départementale,50.0,1
202400030021,2024-05-19,soirée,,,2B,2B335,3,1,5,4,2,Nationale,80.0,1
202400030022,2024-09-01,après-midi,,,05,05149,1,3,1,4,3,Départementale,80.0,2
202400030023,2024-01-20,matin,,,45,45147,1,1,3,4,4,Voie communale,30.0,1
202400030024,2024-07-26,nuit,,,64,64184,3,8,6,3,3,Départementale,80.0,1
202400030025,2024-05-20,après-midi,,,83,83099,1,1,1,4,3,Départementale,70.0,1
202400030026,2024-01-20,matin,,,44,44184,1,7,6,4,4,Voie communale,50.0,1
202400030027,2024-05-20,nuit,,,83,83066,3,1,6,4,3,Départementale,50.0,1
202400030028,2024-08-31,après-midi,,,50,50613,1,1,7,3,3,Départementale,80.0,1
202400030029,2024-07-10,après-midi,,,34,34247,1,1,3,3,3,Départementale,80.0,1
202400030030,2024-05-19,matin,,,13,13092,1,1,3,3,3,Départementale,50.0,1
202400030031,2024-07-26,après-midi,,,83,83097,1,1,3,2,3,Départementale,80.0,1
202400030032,2024-09-01,soirée,,,73,73270,2,3,1,4,3,Départementale,80.0,2
202400030033,2024-05-18,nuit,,,13,13030,3,1,1,4,3,Départementale,80.0,1
202400030034,2024-07-26,après-midi,,,51,51030,1,1,7,3,9,Autre,50.0,1
202400030035,2024-07-21,nuit,,,56,56036,3,2,6,4,4,Voie communale,80.0,2
202400030036,2024-09-02,après-midi,,,53,53029,1,8,1,3,4,Voie communale,80.0,2
202400030037,2024-05-19,après-midi,,,13,13094,1,1,3,4,3,Départementale,70.0,1
202400030038,2024-07-25,matin,,,65,65291,1,1,7,3,3,Départementale,80.0,9
202400030039,2024-05-19,soirée,,,71,71086,3,1,1,3,3,Départementale,80.0,1
202400030040,2024-09-02,matin,,,53,53136,1,1,1,3,4,Voie communale,80.0,1
202400030041,2024-07-25,après-midi,,,32,32132,1,1,1,4,3,Départementale,90.0,1
202400030042,2024-07-25,nuit,,,55,55551,5,1,7,2,3,Départementale,90.0,1
202400030043,2024-05-20,nuit,,,08,08110,3,5,2,3,1,Autoroute,130.0,1
202400030044,2024-08-29,matin,,,85,85090,1,1,2,4,3,Départementale,,1
202400030045,2024-07-26,matin,,,42,42019,1,7,6,4,3,Départementale,50.0,1
202400030046,2024-05-20,après-midi,,,88,88064,1,2,3,4,3,Départementale,80.0,2
202400030047,2024-07-25,après-midi,,,47,47138,1,1,3,3,3,Départementale,80.0,1
202400030048,2024-09-01,soirée,,,27,27246,2,1,6,4,4,Voie communale,50.0,1
202400030049,2024-07-21,matin,,,34,34150,1,2,1,4,4,Voie communale,70.0,2
202400030050,2024-05-20,après-midi,,,26,26220,1,1,3,4,4,Voie communale,30.0,1
202400030051,2024-09-01,nuit,,,87,87061,3,1,1,4,2,Nationale,80.0,1
202400030052,2024-05-12,soirée,,,01,01297,2,1,6,4,4,Voie communale,50.0,1
202400030053,2024-07-25,après-midi,,,44,44123,1,1,3,4,3,Départementale,80.0,1
202400030054,2024-05-02,matin,,,81,81076,1,2,3,3,2,Nationale,80.0,2
202400030055,2024-09-02,matin,,,13,13044,1,7,3,2,3,Départementale,,1
202400030056,2024-07-25,soirée,,,38,38503,1,1,3,4,3,Départementale,80.0,1
202400030057,2024-07-25,matin,,,03,03297,1,1,6,4,3,Départementale,80.0,1
202400030058,2024-05-19,soirée,,,50,50041,1,1,3,4,3,Départementale,50.0,1
202400030059,2024-07-26,matin,,,15,15124,1,1,7,3,3,Départementale,80.0,1
202400030060,2024-09-01,soirée,,,987,98715,5,1,7,4,2,Nationale,50.0,1
202400030061,2024-07-24,matin,,,26,26115,1,1,1,4,3,Départementale,80.0,1
202400030062,2024-05-20,matin,,,80,80002,1,1,7,4,1,Autoroute,130.0,1
202400030063,2024-07-26,après-midi,,,58,58145,1,1,7,4,3,Départementale,80.0,1
202400030064,2024-08-31,après-midi,,,51,51572,1,1,7,3,1,Autoroute,130.0,1
202400030065,2024-05-15,soirée,,,13,13015,3,1,1,4,1,Autoroute,90.0,1
202400030066,2024-07-23,nuit,,,14,14460,3,2,6,4,3,Départementale,70.0,2
202400030067,2024-04-08,nuit,,,13,13001,3,1,7,4,1,Autoroute,90.0,1
202400030068,2024-08-31,après-midi,,,988,98821,1,1,6,3,2,Nationale,90.0,1
202400030069,2024-07-25,matin,,,14,14020,1,1,2,3,3,Départementale,80.0,1
202400030070,2024-05-19,après-midi,,,13,13215,1,1,2,4,1,Autoroute,90.0,1
202400030071,2024-07-18,soirée,,,45,45269,1,1,6,3,3,Départementale,70.0,1
202400030072,2024-09-02,après-midi,,,77,77176,1,1,1,3,3,Départementale,80.0,1
202400030073,2024-05-18,soirée,,,83,83047,1,1,2,3,1,Autoroute,110.0,1
202400030074,2024-07-23,nuit,,,73,73122,3,1,6,4,3,Départementale,80.0,1
202400030075,2024-02-25,soirée,,,66,66114,3,1,6,4,4,Voie communale,70.0,1
202400030076,2024-07-26,matin,,,40,40046,1,1,5,3,3,Départementale,50.0,1
202400030077,2024-05-18,après-midi,,,987,98735,1,1,7,4,4,Voie communale,30.0,1
202400030078,2024-07-25,soirée,,,04,04138,3,1,6,3,3,Départementale,90.0,1
202400030079,2024-09-02,matin,,,13,13052,1,1,1,2,3,Départementale,80.0,1
202400030080,2024-05-18,soirée,,,974,97416,3,1,2,4,4,Voie communale,30.0,1
202400030081,2024-09-01,matin,,,70,70402,1,1,6,4,4,Voie communale,50.0,1
202400030082,2024-07-25,après-midi,,,85,85277,1,1,3,4,3,Départementale,50.0,1
202400030083,2024-05-18,matin,,,973,97302,1,2,3,4,4,Voie communale,50.0,2
202400030084,2024-07-25,soirée,,,37,37250,2,1,6,2,3,Départementale,50.0,1
202400030085,2024-09-01,matin,,,67,67001,2,1,7,3,7,Autre,40.0,1
202400030086,2024-05-18,nuit,,,973,97302,5,2,7,4,3,Départementale,50.0,2
202400030087,2024-07-25,après-midi,,,08,08004,1,1,6,3,3,Départementale,80.0,1
202400030088,2024-05-18,soirée,,,69,69384,1,1,3,4,4,Voie communale,30.0,1
202400030089,2024-07-24,après-midi,,,01,01128,1,1,2,3,3,Départementale,80.0,1
202400030090,2024-09-01,soirée,,,88,88076,1,1,1,3,3,Départementale,80.0,1
202400030091,2024-05-17,soirée,,,2B,2B033,1,1,1,4,3,Départementale,50.0,1
202400030092,2024-07-24,après-midi,,,06,06059,1,1,2,4,7,Autre,70.0,1
202400030093,2024-08-31,après-midi,,,57,57445,1,1,2,3,7,Autre,80.0,1
202400030094,2024-07-25,après-midi,,,45,45270,1,1,6,3,3,Départementale,80.0,1
202400030095,2024-05-18,nuit,,,971,97101,5,1,6,4,3,Départementale,50.0,1
202400030096,2024-07-26,soirée,,,77,77103,1,2,1,4,3,Départementale,90.0,2
202400030097,2024-08-25,matin,,,73,73054,2,5,1,4,3,Départementale,70.0,2
202400030098,2024-05-18,nuit,,,95,95476,3,1,5,4,2,Nationale,110.0,1
202400030099,2024-07-25,après-midi,,,95,95028,1,1,5,3,3,Départementale,70.0,1
202400030100,2024-05-18,après-midi,,,91,91549,1,1,6,4,4,Voie communale,50.0,1
202400030101,2024-09-02,après-midi,,,38,38487,1,1,3,3,3,Départementale,70.0,1
202400030102,2024-07-25,soirée,,,95,95141,3,2,6,3,3,Départementale,80.0,2
202400030103,2024-07-25,soirée,,,34,34058,1,1,7,3,3,Départementale,90.0,1
202400030104,2024-05-18,après-midi,,,83,83062,1,1,7,4,3,Départementale,50.0,1
202400030105,2024-09-02,matin,,,69,69299,1,1,3,4,3,Départementale,90.0,1
202400030106,2024-08-23,après-midi,,,33,33551,1,1,7,4,3,Départementale,50.0,1
202400030107,2024-07-26,soirée,,,83,83065,1,1,3,4,4,Voie communale,50.0,1
202400030108,2024-05-18,après-midi,,,77,77284,1,1,2,4,3,Départementale,50.0,1
202400030109,2024-07-26,matin,,,05,05122,1,1,6,4,2,Nationale,80.0,1
202400030110,2024-09-02,matin,,,33,33019,1,1,3,4,4,Voie communale,30.0,1
202400030111,2024-05-18,nuit,,,77,77058,5,1,6,4,6,Autre,30.0,1
202400030112,2024-07-26,matin,,,13,13042,1,7,3,2,3,Départementale,90.0,1
202400030113,2024-05-18,nuit,,,72,72181,5,2,6,4,3,Départementale,50.0,2
202400030114,2024-09-02,après-midi,,,35,35240,1,1,2,4,2,Nationale,80.0,2
202400030115,2024-07-25,après-midi,,,13,13004,1,1,2,4,3,Départementale,80.0,1
202400030116,2024-05-18,nuit,,,72,72181,5,1,6,2,4,Voie communale,30.0,1
202400030117,2024-09-02,matin,,,60,60462,1,1,6,4,3,Départementale,50.0,1
202400030118,2024-07-25,soirée,,,21,21297,1,1,6,3,3,Départementale,80.0,1
202400030119,2024-05-18,après-midi,,,69,69266,1,1,7,4,4,Voie communale,50.0,1
202400030120,2024-07-25,nuit,,,52,52037,3,1,7,3,3,Départementale,90.0,1
202400030121,2024-08-31,soirée,,,59,59321,1,1,1,4,3,Départementale,80.0,1
202400030122,2024-05-18,nuit,,,69,69276,5,1,3,4,4,Voie communale,50.0,1
202400030123,2024-08-30,soirée,,,59,59059,1,2,6,4,3,Départementale,50.0,2
202400030124,2024-07-26,après-midi,,,73,73179,1,1,3,3,4,Voie communale,30.0,1
202400030125,2024-05-18,après-midi,,,66,66136,1,2,2,4,3,Départementale,50.0,2
202400030126,2024-08-31,après-midi,,,13,13215,1,1,2,4,1,Autoroute,90.0,1
202400030127,2024-04-25,soirée,,,64,64269,1,1,1,4,3,Départementale,80.0,1
202400030128,2024-07-23,après-midi,,,85,85035,1,1,1,4,3,Départementale,80.0,1
202400030129,2024-08-30,après-midi,,,13,13215,1,1,2,4,1,Autoroute,90.0,1
202400030130,2024-05-18,soirée,,,64,64335,1,2,3,4,3,Départementale,80.0,2
202400030131,2024-07-24,soirée,,,29,29181,1,1,3,4,3,Départementale,50.0,1
202400030132,2024-09-01,nuit,,,69,69382,5,1,2,4,7,Autre,50.0,1
202400030133,2024-09-01,matin,,,69,69142,2,1,1,4,7,Autre,50.0,1
202400030134,2024-05-18,matin,,,63,63075,1,2,3,4,7,Autre,30.0,2
202400030135,2024-07-26,matin,,,22,22059,2,1,1,3,4,Voie communale,80.0,2
202400030136,2024-07-26,nuit,,,60,60313,5,3,6,4,4,Voie communale,,2
202400030137,2024-09-01,matin,,,91,91689,3,1,4,4,1,Autoroute,110.0,1
202400030138,2024-05-18,après-midi,,,59,59367,1,1,1,4,7,Autre,50.0,1
202400030139,2024-05-18,nuit,,,59,59646,3,2,7,4,4,Voie communale,30.0,2
202400030140,2024-09-01,matin,,,91,91286,2,1,2,4,1,Autoroute,110.0,2
202400030141,2024-07-26,matin,,,80,80467,1,1,2,4,1,Autoroute,130.0,1
202400030142,2024-08-31,soirée,,,92,92002,1,1,2,3,1,Autoroute,110.0,1
202400030143,2024-05-18,après-midi,,,59,59350,1,1,3,4,4,Voie communale,30.0,1
202400030144,2024-09-01,nuit,,,93,93013,3,1,6,4,1,Autoroute,50.0,1
202400030145,2024-07-26,après-midi,,,59,59312,1,8,7,3,3,Départementale,80.0,1
202400030146,2024-08-31,soirée,,,93,93066,1,1,2,4,1,Autoroute,90.0,1
202400030147,2024-05-18,matin,,,56,56260,1,1,3,3,4,Voie communale,50.0,1
202400030148,2024-07-25,matin,,,13,13211,1,1,2,4,1,Autoroute,70.0,1
202400030149,2024-05-18,après-midi,,,56,56121,1,1,2,4,4,Voie communale,30.0,1
202400030150,2024-07-24,soirée,,,13,13212,1,1,2,4,1,Autoroute,70.0,1
202400030151,2024-08-31,soirée,,,93,93027,1,1,4,4,1,Autoroute,90.0,1
202400030152,2024-07-24,après-midi,,,13,13212,1,1,7,4,1,Autoroute,70.0,1
202400030153,2024-05-17,après-midi,,,54,54547,1,1,3,4,4,Voie communale,30.0,1
202400030154,2024-08-31,après-midi,,,93,93078,1,1,4,4,1,Autoroute,90.0,1
202400030155,2024-05-18,soirée,,,51,51454,2,1,2,4,4,Voie communale,50.0,1
202400030156,2024-07-25,après-midi,,,33,33167,1,1,2,4,2,Nationale,50.0,1
202400030157,2024-07-24,nuit,,,33,33063,2,1,7,4,1,Autoroute,50.0,1
202400030158,2024-09-01,matin,,,77,77083,1,1,4,4,1,Autoroute,90.0,1
202400030159,2024-05-18,après-midi,,,49,49007,1,1,6,4,4,Voie communale,50.0,1
202400030160,2024-07-25,après-midi,,,91,91661,1,1,3,4,1,Autoroute,110.0,1
202400030161,2024-09-01,nuit,,,77,77294,3,1,3,4,1,Autoroute,70.0,1
202400030162,2024-07-25,après-midi,,,91,91161,1,1,2,4,1,Autoroute,110.0,1
202400030163,2024-05-17,après-midi,,,47,47001,1,1,5,4,4,Voie communale,50.0,1
202400030164,2024-08-30,après-midi,,,77,77121,1,1,4,4,1,Autoroute,110.0,1
202400030165,2024-07-25,nuit,,,91,91228,3,1,2,4,1,Autoroute,110.0,1
202400030166,2024-07-24,nuit,,,91,91174,3,1,2,4,2,Nationale,90.0,1
202400030167,2024-08-30,nuit,,,77,77384,3,1,6,4,1,Autoroute,110.0,2
202400030168,2024-05-19,nuit,,,44,44109,5,1,3,3,4,Voie communale,30.0,1
202400030169,2024-07-25,soirée,,,95,95582,2,1,7,3,3,Départementale,90.0,1
202400030170,2024-04-08,après-midi,,,62,62765,1,1,6,4,4,Voie communale,50.0,1
202400030171,2024-05-18,après-midi,,,41,41018,1,2,6,4,4,Voie communale,30.0,2
202400030172,2024-05-10,matin,,,52,52235,1,1,1,4,3,Départementale,80.0,1
202400030173,2024-07-25,après-midi,,,93,93066,2,1,4,4,1,Autoroute,90.0,1
202400030174,2024-05-18,matin,,,37,37261,1,1,2,4,4,Voie communale,50.0,1
202400030175,2024-08-30,après-midi,,,92,92025,1,2,3,4,4,Voie communale,30.0,2
202400030176,2024-07-24,après-midi,,,93,93006,1,1,2,4,1,Autoroute,90.0,1
202400030177,2024-05-17,après-midi,,,37,37214,1,3,6,4,4,Voie communale,50.0,2
202400030178,2024-04-23,après-midi,,,74,74013,1,1,7,3,3,Départementale,50.0,1
202400030179,2024-07-25,après-midi,,,94,94046,1,1,2,4,1,Autoroute,90.0,1
202400030180,2024-05-18,soirée,,,31,31555,2,1,3,4,7,Autre,30.0,1
202400030181,2024-07-24,soirée,,,94,94028,1,1,7,4,1,Autoroute,90.0,1
202400030182,2024-08-31,soirée,,,974,97407,5,1,3,4,4,Voie communale,50.0,1
202400030183,2024-05-18,nuit,,,31,31555,5,2,7,3,1,Autoroute,50.0,2
202400030184,2024-07-17,matin,,,44,44109,1,8,3,4,4,Voie communale,30.0,1
202400030185,2024-08-31,après-midi,,,972,97209,1,1,6,4,4,Voie communale,50.0,1
202400030186,2024-07-16,après-midi,,,44,44143,1,8,4,4,4,Voie communale,70.0,1
202400030187,2024-05-18,nuit,,,31,31555,3,2,4,4,1,Autoroute,90.0,2
202400030188,2024-08-31,matin,,,972,97209,1,1,4,4,3,Départementale,50.0,1
202400030189,2024-07-12,nuit,,,44,44109,5,8,7,4,4,Voie communale,,1
202400030190,2024-07-24,soirée,,,974,97411,5,1,6,3,4,Voie communale,50.0,1
202400030191,2024-08-31,après-midi,,,971,97113,1,1,4,4,3,Départementale,30.0,1
202400030192,2024-07-24,soirée,,,974,97411,5,1,7,4,4,Voie communale,50.0,1
202400030193,2024-07-23,soirée,,,974,97411,5,1,6,4,4,Voie communale,30.0,1
202400030194,2024-08-31,matin,,,971,97101,1,1,4,4,3,Départementale,70.0,1
202400030195,2024-07-23,après-midi,,,974,97411,1,1,3,4,3,Départementale,50.0,1
202400030196,2024-08-31,nuit,,,971,97120,1,1,6,4,3,Départementale,50.0,1
202400030197,2024-07-24,soirée,,,973,97302,3,3,6,4,4,Voie communale,50.0,3
202400030198,2024-07-24,matin,,,69,69386,1,1,3,4,4,Voie communale,30.0,1
202400030199,2024-08-30,après-midi,,,971,97101,1,2,4,4,2,Nationale,90.0,2
202400030200,2024-07-19,nuit,,,972,97209,3,1,7,2,9,Autre,10.0,4
202400030201,2024-07-24,soirée,,,69,69381,1,1,3,4,4,Voie communale,50.0,1
202400030202,2024-08-30,après-midi,,,971,97101,1,2,5,4,3,Départementale,50.0,2
202400030203,2024-07-23,après-midi,,,971,97120,1,1,6,4,4,Voie communale,50.0,1
202400030204,2024-08-31,soirée,,,971,97107,3,1,3,4,4,Voie communale,30.0,1
202400030205,2024-07-23,matin,,,971,97101,1,1,3,4,3,Départementale,50.0,1
202400030206,2024-08-31,soirée,,,95,95388,1,8,1,4,4,Voie communale,50.0,2
202400030207,2024-07-20,après-midi,,,89,89342,1,1,3,4,4,Voie communale,50.0,1
202400030208,2024-07-24,matin,,,87,87050,1,1,2,4,3,Départementale,50.0,1
202400030209,2024-08-31,nuit,,,91,91114,5,1,2,4,4,Voie communale,50.0,1
202400030210,2024-07-23,matin,,,87,87085,1,1,6,4,4,Voie communale,50.0,1
202400030211,2024-07-23,matin,,,84,84007,1,1,3,4,4,Voie communale,50.0,1
202400030212,2024-08-30,après-midi,,,91,91421,1,2,4,4,2,Nationale,90.0,2
202400030213,2024-07-23,après-midi,,,83,83062,1,1,2,4,4,Voie communale,50.0,1
202400030214,2024-08-30,soirée,,,91,91521,5,2,1,3,3,Départementale,50.0,2
202400030215,2024-07-24,soirée,,,78,78650,1,1,3,4,3,Départementale,50.0,1
202400030216,2024-09-01,nuit,,,84,84007,5,1,6,4,6,Autre,20.0,1
202400030217,2024-07-25,nuit,,,78,78440,5,1,3,4,4,Voie communale,50.0,1
202400030218,2024-08-31,après-midi,,,83,83137,1,1,2,4,4,Voie communale,50.0,1
202400030219,2024-07-24,nuit,,,77,77475,3,1,1,3,3,Départementale,80.0,1
202400030220,2024-08-31,nuit,,,83,83098,5,1,6,4,3,Départementale,50.0,1
202400030221,2024-07-23,matin,,,72,72181,1,1,6,4,4,Voie communale,50.0,1
202400030222,2024-08-30,après-midi,,,83,83129,1,1,3,4,3,Départementale,50.0,1
202400030223,2024-08-30,après-midi,,,81,81065,1,1,6,4,3,Départementale,50.0,1
202400030224,2024-07-24,après-midi,,,69,69266,1,1,1,4,4,Voie communale,30.0,1
202400030225,2024-07-23,soirée,,,69,69259,1,1,3,4,4,Voie communale,30.0,1
202400030226,2024-08-31,soirée,,,77,77358,3,1,1,4,2,Nationale,80.0,1
202400030227,2024-08-31,nuit,,,76,76384,3,1,3,3,3,Départementale,80.0,1
202400030228,2024-07-24,après-midi,,,68,68376,1,1,3,4,3,Départementale,50.0,1
202400030229,2024-08-31,soirée,,,72,72181,1,1,6,4,4,Voie communale,50.0,1
202400030230,2024-07-23,soirée,,,67,67482,1,8,7,3,4,Voie communale,50.0,1
202400030231,2024-07-24,soirée,,,64,64102,1,1,6,4,4,Voie communale,50.0,1
202400030232,2024-08-31,soirée,,,72,72181,1,1,3,4,4,Voie communale,50.0,1
202400030233,2024-07-24,matin,,,60,60463,1,1,6,2,4,Voie communale,50.0,1
202400030234,2024-07-23,après-midi,,,56,56121,1,1,3,4,4,Voie communale,30.0,1
202400030235,2024-08-30,après-midi,,,69,69115,1,1,3,4,3,Départementale,50.0,1
202400030236,2024-07-23,après-midi,,,56,56121,1,1,3,4,4,Voie communale,30.0,1
202400030237,2024-08-31,nuit,,,67,67218,5,1,7,4,4,Voie communale,50.0,1
202400030238,2024-08-31,après-midi,,,64,64445,1,1,7,3,4,Voie communale,50.0,1
202400030239,2024-07-24,matin,,,51,51172,1,1,3,4,6,Autre,30.0,1
202400030240,2024-07-23,après-midi,,,51,51172,1,1,3,4,4,Voie communale,50.0,1
202400030241,2024-08-31,nuit,,,59,59650,5,1,3,4,4,Voie communale,50.0,1
202400030242,2024-07-24,matin,,,51,51431,1,1,3,4,3,Départementale,50.0,1
202400030243,2024-09-01,nuit,,,59,59350,5,1,2,4,7,Autre,50.0,1
202400030244,2024-07-23,soirée,,,49,49007,1,1,6,4,4,Voie communale,30.0,1
202400030245,2024-08-30,après-midi,,,58,58194,1,1,1,4,4,Voie communale,30.0,1
202400030246,2024-07-24,soirée,,,45,45234,1,1,6,3,4,Voie communale,50.0,1
202400030247,2024-08-31,après-midi,,,57,57463,1,1,6,4,4,Voie communale,50.0,1
202400030248,2024-07-24,matin,,,45,45284,1,1,4,3,3,Départementale,70.0,1
202400030249,2024-08-31,après-midi,,,54,54395,1,1,3,4,4,Voie communale,30.0,1
202400030250,2024-07-19,soirée,,,42,42275,1,1,3,4,4,Voie communale,50.0,1
202400030251,2024-08-31,nuit,,,49,49328,2,1,3,4,3,Départementale,50.0,1
202400030252,2024-07-23,après-midi,,,40,40281,1,1,3,3,4,Voie communale,30.0,1
202400030253,2024-08-31,matin,,,49,49007,1,3,1,4,4,Voie communale,50.0,2
202400030254,2024-07-24,matin,,,35,35238,2,1,3,4,4,Voie communale,30.0,1
202400030255,2024-08-22,matin,,,45,45004,1,1,6,4,3,Départementale,50.0,1
202400030256,2024-07-23,soirée,,,35,35051,1,1,6,3,7,Autre,80.0,1
202400030257,2024-08-31,après-midi,,,44,44184,1,1,6,4,4,Voie communale,6.0,1
202400030258,2024-07-24,après-midi,,,34,34301,1,1,3,4,3,Départementale,50.0,1
202400030259,2024-08-31,après-midi,,,41,41018,1,1,7,3,4,Voie communale,30.0,2
202400030260,2024-08-30,après-midi,,,37,37122,1,1,7,4,4,Voie communale,50.0,1
202400030261,2024-07-24,soirée,,,33,33522,1,1,3,4,4,Voie communale,30.0,1
202400030262,2024-08-31,matin,,,35,35051,1,2,6,4,7,Autre,70.0,2
202400030263,2024-07-24,après-midi,,,33,33318,1,1,7,4,4,Voie communale,50.0,1
202400030264,2024-08-30,après-midi,,,35,35238,1,3,3,3,4,Voie communale,30.0,2
202400030265,2024-07-23,nuit,,,33,33162,5,1,6,4,4,Voie communale,50.0,1
202400030266,2024-07-24,matin,,,31,31555,1,1,6,4,1,Autoroute,70.0,1
202400030267,2024-08-30,après-midi,,,34,34301,1,1,2,4,4,Voie communale,70.0,1
202400030268,2024-08-22,après-midi,,,34,34301,1,1,6,4,4,Voie communale,30.0,1
202400030269,2024-07-23,après-midi,,,29,29232,1,1,6,4,3,Départementale,70.0,1
202400030270,2024-08-31,matin,,,34,34172,1,1,3,4,4,Voie communale,50.0,1
202400030271,2024-07-23,soirée,,,29,29232,1,1,3,4,4,Voie communale,,1
202400030272,2024-08-31,matin,,,30,30007,1,1,7,3,4,Voie communale,50.0,1
202400030273,2024-08-31,matin,,,29,29051,1,1,7,4,3,Départementale,50.0,1
202400030274,2024-07-24,nuit,,,17,17291,3,1,2,4,2,Nationale,90.0,1
202400030275,2024-08-30,après-midi,,,15,15014,1,1,4,4,2,Nationale,50.0,1
202400030276,2024-06-14,soirée,,,16,16015,1,2,6,3,4,Voie communale,50.0,2
202400030277,2024-08-31,après-midi,,,14,14137,1,7,3,3,3,Départementale,70.0,1
202400030278,2024-07-24,après-midi,,,13,13117,1,1,3,4,3,Départementale,50.0,1
202400030279,2024-08-31,après-midi,,,13,13206,1,1,3,4,4,Voie communale,50.0,1
202400030280,2024-08-31,matin,,,13,13215,1,1,3,4,4,Voie communale,50.0,1
202400030281,2024-07-24,matin,,,13,13004,1,1,3,4,3,Départementale,50.0,1
202400030282,2024-07-24,après-midi,,,13,13001,1,7,1,4,3,Départementale,80.0,1
202400030283,2024-08-30,après-midi,,,13,13001,1,1,2,4,3,Départementale,110.0,1
202400030284,2024-07-23,matin,,,10,10333,1,8,6,4,4,Voie communale,50.0,2
202400030285,2024-08-31,nuit,,,06,06069,3,1,6,4,3,Départementale,30.0,1
202400030286,2024-02-17,soirée,,,07,07231,3,1,3,4,3,Départementale,90.0,1
202400030287,2024-08-31,soirée,,,06,06069,1,1,3,4,4,Voie communale,50.0,1
202400030288,2024-07-24,après-midi,,,75,75113,1,1,3,4,4,Voie communale,70.0,1
202400030289,2024-08-31,soirée,,,75,75120,2,1,4,4,4,Voie communale,70.0,1
202400030290,2024-07-22,soirée,,,75,75113,1,1,3,4,4,Voie communale,70.0,1
202400030291,2024-08-31,matin,,,75,75119,1,1,3,4,4,Voie communale,30.0,1
202400030292,2024-07-24,après-midi,,,75,75116,1,1,3,4,4,Voie communale,70.0,1
202400030293,2024-07-23,soirée,,,75,75120,1,1,6,3,4,Voie communale,30.0,1
202400030294,2024-08-31,nuit,,,75,75118,5,1,3,4,4,Voie communale,30.0,1
202400030295,2024-07-24,nuit,,,75,75106,5,1,7,4,4,Voie communale,30.0,1
202400030296,2024-08-31,matin,,,75,75117,1,1,1,4,4,Voie communale,50.0,1
202400030297,2024-07-24,après-midi,,,75,75106,1,1,6,4,4,Voie communale,30.0,1
202400030298,2024-08-31,nuit,,,75,75117,5,1,6,4,4,Voie communale,30.0,2
202400030299,2024-07-24,après-midi,,,75,75116,1,1,6,4,4,Voie communale,30.0,1
202400030300,2024-08-31,après-midi,,,75,75113,1,1,6,4,4,Voie communale,30.0,1
202400030301,2024-07-24,après-midi,,,75,75116,1,1,1,4,4,Voie communale,30.0,1
202400030302,2024-08-31,après-midi,,,75,75112,1,1,6,3,4,Voie communale,30.0,1
202400030303,2024-07-24,matin,,,75,75115,1,1,2,4,4,Voie communale,30.0,1
202400030304,2024-08-31,nuit,,,75,75111,5,1,3,4,4,Voie communale,30.0,1
202400030305,2024-07-23,soirée,,,75,75115,1,1,2,4,4,Voie communale,30.0,1
202400030306,2024-08-30,soirée,,,75,75102,2,2,1,4,4,Voie communale,30.0,2
202400030307,2024-07-23,après-midi,,,75,75114,1,1,3,3,4,Voie communale,30.0,1
202400030308,2024-08-31,après-midi,,,94,94078,1,1,6,4,4,Voie communale,50.0,1
202400030309,2024-07-24,après-midi,,,75,75111,1,1,6,4,4,Voie communale,30.0,1
202400030310,2024-07-24,matin,,,75,75111,1,1,3,4,4,Voie communale,30.0,1
202400030311,2024-08-31,matin,,,94,94021,1,1,3,4,5,Autre,,1
202400030312,2024-07-23,nuit,,,75,75110,5,1,3,4,4,Voie communale,30.0,1
202400030313,2024-08-31,matin,,,94,94021,1,1,3,4,5,Autre,50.0,1
202400030314,2024-07-24,matin,,,75,75109,1,1,3,4,4,Voie communale,30.0,1
202400030315,2024-08-31,matin,,,94,94011,1,1,3,4,3,Départementale,50.0,1
202400030316,2024-07-24,nuit,,,94,94068,5,1,7,4,4,Voie communale,30.0,1
202400030317,2024-08-31,après-midi,,,93,93064,1,1,5,4,3,Départementale,,1
202400030318,2024-07-23,soirée,,,94,94028,1,1,3,4,4,Voie communale,50.0,1