Num_Acc,date,time_of_day,lat,long,dep,com,lum,atm,col,severity_index,catr,catr_label,vma,surf
202400030319,2024-08-30,matin,,,93,93053,5,1,6,4,4,Voie communale,30.0,1
202400030320,2024-07-23,matin,,,94,94028,1,2,2,3,4,Voie communale,50.0,2
202400030321,2024-08-30,matin,,,93,93053,1,2,6,4,4,Voie communale,30.0,2
202400030322,2024-07-24,soirée,,,94,94077,1,1,3,4,3,Départementale,50.0,1
202400030323,2024-08-30,soirée,,,92,92012,1,8,3,4,4,Voie communale,30.0,2
202400030324,2024-07-23,après-midi,,,94,94018,1,1,6,4,3,Départementale,30.0,1
202400030325,2024-08-31,après-midi,,,08,08357,1,7,2,3,3,Départementale,80.0,1
202400030326,2024-07-24,soirée,,,93,93066,1,1,1,4,4,Voie communale,30.0,1
202400030327,2024-08-31,matin,,,62,62843,1,1,3,4,3,Départementale,80.0,1
202400030328,2024-07-23,soirée,,,93,93057,1,1,3,3,4,Voie communale,30.0,1
202400030329,2024-08-31,soirée,,,09,09167,1,1,6,2,3,Départementale,80.0,1
202400030330,2024-07-24,matin,,,92,92072,1,1,6,4,3,Départementale,50.0,1
202400030331,2024-09-01,nuit,,,05,05161,3,1,7,4,3,Départementale,90.0,1
202400030332,2024-07-24,nuit,,,92,92063,2,1,7,4,4,Voie communale,50.0,1
202400030333,2024-08-30,après-midi,,,05,05085,1,1,7,4,2,Nationale,50.0,1
202400030334,2024-07-19,matin,,,92,92063,1,1,6,4,3,Départementale,50.0,1
202400030335,2024-07-24,après-midi,,,92,92051,1,1,2,4,2,Nationale,50.0,1
202400030336,2024-08-22,après-midi,,,21,21192,1,1,2,4,7,Autre,80.0,1
202400030337,2024-07-24,matin,,,92,92050,1,1,3,4,3,Départementale,50.0,1
202400030338,2024-08-28,matin,,,37,37193,1,1,6,4,1,Autoroute,70.0,1
202400030339,2024-07-23,après-midi,,,92,92036,1,1,6,4,4,Voie communale,50.0,1
202400030340,2024-08-31,nuit,,,56,56166,3,1,6,4,3,Départementale,80.0,1
202400030341,2024-08-30,nuit,,,56,56205,3,1,7,3,3,Départementale,80.0,1
202400030342,2024-09-01,matin,,,80,80262,2,1,6,4,3,Départementale,50.0,1
202400030343,2024-07-24,matin,,,92,92026,1,1,4,4,3,Départementale,70.0,1
202400030344,2024-08-31,après-midi,,,65,65039,1,1,1,4,3,Départementale,80.0,1
202400030345,2024-07-23,soirée,,,92,92036,1,1,2,4,3,Départementale,50.0,1
202400030346,2024-08-31,après-midi,,,33,33036,1,1,6,3,2,Nationale,50.0,1
202400030347,2024-07-22,après-midi,,,92,92036,1,1,6,4,4,Voie communale,50.0,1
202400030348,2024-08-31,après-midi,,,71,71111,1,1,3,3,3,Départementale,80.0,1
202400030349,2024-10-02,après-midi,,,04,04039,1,1,6,3,4,Voie communale,50.0,1
202400030350,2024-07-25,après-midi,,,78,78356,1,1,1,4,3,Départementale,80.0,1
202400030351,2024-09-01,matin,,,71,71148,1,1,3,4,3,Départementale,50.0,1
202400030352,2024-09-24,soirée,,,68,68309,1,1,6,4,3,Départementale,80.0,2
202400030353,2024-09-01,matin,,,89,89131,1,1,7,2,3,Départementale,90.0,1
202400030354,2024-05-23,après-midi,,,974,97415,1,1,3,3,3,Départementale,50.0,1
202400030355,2024-10-06,après-midi,,,68,68287,1,1,2,2,3,Départementale,110.0,1
202400030356,2024-07-23,matin,,,49,49089,1,5,6,3,3,Départementale,90.0,2
202400030357,2024-07-24,après-midi,,,01,01443,1,1,3,4,3,Départementale,70.0,1
202400030358,2024-10-06,soirée,,,67,67104,1,1,1,4,3,Départementale,,1
202400030359,2024-10-06,après-midi,,,73,73150,1,8,6,4,3,Départementale,80.0,2
202400030360,2024-07-24,soirée,,,67,67073,5,1,6,4,4,Voie communale,,1
202400030361,2024-10-07,après-midi,,,73,73006,1,1,6,4,2,Nationale,80.0,1
202400030362,2024-10-06,soirée,,,38,38097,1,1,7,2,3,Départementale,80.0,1
202400030363,2024-10-07,matin,,,69,69296,1,8,5,4,7,Autre,70.0,1
202400030364,2024-10-06,matin,,,86,86156,2,2,6,4,3,Départementale,80.0,6
202400030365,2024-08-28,après-midi,,,33,33322,1,1,5,4,4,Voie communale,50.0,1
202400030366,2024-10-07,matin,,,85,85247,1,1,3,4,3,Départementale,80.0,2
202400030367,2024-10-05,après-midi,,,44,44026,1,7,6,3,4,Voie communale,50.0,1
202400030368,2024-10-05,après-midi,,,14,14047,1,1,3,4,4,Voie communale,30.0,1
202400030369,2024-10-07,après-midi,,,14,14456,1,1,1,2,3,Départementale,80.0,1
202400030370,2024-10-06,nuit,,,22,22081,3,1,6,2,3,Départementale,70.0,2
202400030371,2024-10-06,après-midi,,,76,76559,1,1,3,3,3,Départementale,50.0,1
202400030372,2024-10-06,après-midi,,,76,76237,1,1,3,4,7,Autre,80.0,1
202400030373,2024-10-07,nuit,,,60,60282,3,1,7,3,3,Départementale,50.0,2
202400030374,2024-10-03,soirée,,,62,62543,5,1,6,4,3,Départementale,,1
202400030375,2024-10-04,soirée,,,62,62560,1,1,3,3,3,Départementale,80.0,1
202400030376,2024-09-23,matin,,,62,62103,1,2,1,4,3,Départementale,80.0,2
202400030377,2024-10-06,matin,,,13,13215,1,2,6,4,1,Autoroute,70.0,2
202400030378,2024-10-05,soirée,,,13,13216,3,1,6,2,1,Autoroute,90.0,1
202400030379,2024-10-05,nuit,,,13,13001,3,1,4,4,1,Autoroute,90.0,1
202400030380,2024-10-05,matin,,,69,69389,1,1,2,4,4,Voie communale,70.0,1
202400030381,2024-10-06,après-midi,,,91,91521,1,2,6,4,2,Nationale,50.0,2
202400030382,2024-10-06,matin,,,91,91136,1,2,6,4,1,Autoroute,70.0,2
202400030383,2024-10-06,nuit,,,94,94003,5,1,2,4,1,Autoroute,70.0,1
202400030384,2024-10-05,après-midi,,,91,91434,1,1,5,4,1,Autoroute,110.0,1
202400030385,2024-10-05,matin,,,91,91377,1,1,6,4,1,Autoroute,110.0,1
202400030386,2024-10-06,matin,,,78,78490,1,2,2,4,2,Nationale,90.0,2
202400030387,2024-10-06,soirée,,,94,94028,3,2,4,4,1,Autoroute,90.0,2
202400030388,2024-10-06,soirée,,,77,77337,1,2,6,4,2,Nationale,50.0,2
202400030389,2024-05-20,matin,,,88,88383,1,1,1,4,3,Départementale,80.0,1
202400030390,2024-06-15,après-midi,,,62,62737,1,1,7,3,3,Départementale,80.0,1
202400030391,2024-06-22,nuit,,,43,43234,3,1,7,3,3,Départementale,80.0,1
202400030392,2024-06-22,matin,,,43,43267,1,8,5,4,3,Départementale,80.0,1
202400030393,2024-06-24,après-midi,,,74,74070,1,1,1,4,3,Départementale,70.0,1
202400030394,2024-08-05,après-midi,,,74,74012,1,1,4,4,4,Voie communale,50.0,1
202400030395,2024-07-20,matin,,,74,74134,1,1,6,3,4,Voie communale,50.0,1
202400030396,2024-07-10,soirée,,,74,74010,1,1,1,3,4,Voie communale,50.0,1
202400030397,2024-08-02,après-midi,,,74,74012,1,1,2,4,4,Voie communale,50.0,1
202400030398,2024-07-29,après-midi,,,74,74012,1,1,3,4,3,Départementale,50.0,1
202400030399,2024-07-22,nuit,,,74,74297,3,1,1,4,3,Départementale,50.0,1
202400030400,2024-08-04,nuit,,,74,74010,5,1,3,4,3,Départementale,50.0,1
202400030401,2024-07-17,soirée,,,74,74108,1,1,7,3,4,Voie communale,50.0,1
202400030402,2024-07-14,matin,,,74,74159,1,1,3,3,3,Départementale,70.0,1
202400030403,2024-07-14,après-midi,,,74,74278,1,1,3,3,4,Voie communale,,1
202400030404,2024-07-14,matin,,,74,74001,2,1,6,3,3,Départementale,80.0,1
202400030405,2024-07-12,après-midi,,,74,74267,1,1,6,4,3,Départementale,50.0,1
202400030406,2024-07-22,matin,,,74,74236,1,1,6,4,3,Départementale,50.0,1
202400030407,2024-07-13,nuit,,,74,74256,3,1,1,3,4,Voie communale,50.0,1
202400030408,2024-07-12,après-midi,,,74,74238,1,1,5,3,3,Départementale,80.0,1
202400030409,2024-07-11,après-midi,,,74,74293,1,1,3,4,3,Départementale,50.0,1
202400030410,2024-07-02,après-midi,,,74,74201,1,1,2,4,1,Autoroute,110.0,1
202400030411,2024-07-07,nuit,,,74,74263,5,1,1,3,3,Départementale,80.0,1
202400030412,2024-07-08,matin,,,74,74191,2,1,7,2,4,Voie communale,80.0,1
202400030413,2024-06-28,matin,,,74,74295,1,1,3,3,3,Départementale,80.0,1
202400030414,2024-06-25,après-midi,,,74,74264,1,1,2,3,4,Voie communale,50.0,2
202400030415,2024-07-06,matin,,,74,74137,1,3,6,3,3,Départementale,80.0,2
202400030416,2024-06-28,après-midi,,,74,74095,1,1,1,3,3,Départementale,80.0,1
202400030417,2024-06-24,après-midi,,,74,74311,1,1,7,3,4,Voie communale,50.0,1
202400030418,2024-06-20,matin,,,74,74164,1,2,2,3,3,Départementale,50.0,2
202400030419,2024-06-19,matin,,,74,74233,1,1,2,4,1,Autoroute,130.0,1
202400030420,2024-10-04,après-midi,,,973,97302,1,1,6,4,4,Voie communale,50.0,1
202400030421,2024-10-04,nuit,,,973,97302,5,1,3,4,3,Départementale,50.0,1
202400030422,2024-10-04,soirée,,,973,97302,5,1,3,4,3,Départementale,50.0,1
202400030423,2024-10-05,soirée,,,69,69387,5,1,3,4,4,Voie communale,30.0,1
202400030424,2024-10-05,matin,,,971,97120,1,1,6,4,4,Voie communale,30.0,1
202400030425,2024-10-05,matin,,,971,97113,2,1,7,4,3,Départementale,80.0,1
202400030426,2024-10-05,nuit,,,2A,2A004,3,1,1,4,2,Nationale,50.0,1
202400030427,2024-10-05,après-midi,,,91,91228,1,7,6,4,3,Départementale,50.0,1
202400030428,2024-10-05,après-midi,,,91,91174,1,1,3,4,3,Départementale,15.0,1
202400030429,2024-10-05,après-midi,,,30,30011,1,1,3,4,2,Nationale,50.0,1
202400030430,2024-10-05,après-midi,,,83,83061,1,1,3,4,3,Départementale,50.0,1
202400030431,2024-10-05,après-midi,,,78,78224,1,1,2,4,3,Départementale,30.0,1
202400030432,2024-10-04,nuit,,,78,78172,5,1,3,4,2,Nationale,70.0,1
202400030433,2024-10-05,soirée,,,77,77083,1,1,6,4,4,Voie communale,30.0,1
202400030434,2024-10-04,après-midi,,,73,73065,1,1,6,4,4,Voie communale,30.0,1
202400030435,2024-10-05,après-midi,,,72,72181,1,1,1,4,4,Voie communale,50.0,1
202400030436,2024-10-04,nuit,,,71,71270,5,1,6,2,3,Départementale,50.0,1
202400030437,2024-10-05,nuit,,,67,67482,5,1,3,4,4,Voie communale,50.0,1
202400030438,2024-10-04,après-midi,,,64,64122,1,1,2,4,3,Départementale,50.0,1
202400030439,2024-10-05,après-midi,,,63,63113,1,1,2,4,7,Autre,50.0,1
202400030440,2024-10-05,après-midi,,,63,63113,1,1,4,4,4,Voie communale,,1
202400030441,2024-10-04,soirée,,,59,59636,1,1,6,4,4,Voie communale,50.0,1
202400030442,2024-10-04,matin,,,59,59560,1,1,6,4,7,Autre,30.0,1
202400030443,2024-10-05,soirée,,,59,59122,1,1,6,4,4,Voie communale,50.0,1
202400030444,2024-10-05,après-midi,,,56,56121,1,1,1,4,4,Voie communale,30.0,1
202400030445,2024-10-05,soirée,,,51,51454,5,1,3,4,4,Voie communale,50.0,1
202400030446,2024-10-05,après-midi,,,49,49007,1,1,2,4,4,Voie communale,50.0,1
202400030447,2024-10-05,après-midi,,,49,49353,1,1,2,4,4,Voie communale,50.0,1
202400030448,2024-10-05,nuit,,,44,44109,5,1,1,3,4,Voie communale,30.0,1
202400030449,2024-10-05,matin,,,37,37261,1,1,6,3,4,Voie communale,50.0,1
202400030450,2024-10-05,nuit,,,37,37261,5,1,3,4,4,Voie communale,50.0,1
202400030451,2024-10-04,après-midi,,,34,34172,1,1,3,3,7,Autre,25.0,1
202400030452,2024-10-05,soirée,,,33,33063,5,1,1,3,4,Voie communale,30.0,1
202400030453,2024-10-05,après-midi,,,33,33550,1,1,5,4,4,Voie communale,50.0,1
202400030454,2024-10-05,nuit,,,33,33069,5,1,6,4,4,Voie communale,50.0,1
202400030455,2024-10-04,nuit,,,31,31555,5,1,2,4,1,Autoroute,90.0,1
202400030456,2024-10-05,nuit,,,31,31555,5,1,6,4,7,Autre,90.0,1
202400030457,2024-10-05,après-midi,,,25,25056,1,1,2,4,4,Voie communale,50.0,1
202400030458,2024-10-05,nuit,,,17,17300,5,3,3,4,4,Voie communale,30.0,2
202400030459,2024-10-04,après-midi,,,15,15014,1,1,3,4,4,Voie communale,50.0,1
202400030460,2024-10-05,après-midi,,,13,13205,1,1,3,4,4,Voie communale,50.0,1
202400030461,2024-10-05,matin,,,06,06088,1,1,3,4,7,Autre,50.0,1
202400030462,2024-10-05,matin,,,06,06069,1,1,1,4,3,Départementale,70.0,1
202400030463,2024-10-05,soirée,,,01,01053,5,1,3,4,3,Départementale,50.0,1
202400030464,2024-10-04,après-midi,,,01,01053,1,1,2,4,3,Départementale,50.0,1
202400030465,2024-10-05,soirée,,,75,75113,1,1,2,4,4,Voie communale,50.0,1
202400030466,2024-10-05,matin,,,75,75119,5,1,6,4,4,Voie communale,30.0,1
202400030467,2024-10-05,matin,,,75,75119,1,1,6,3,4,Voie communale,30.0,1
202400030468,2024-10-05,après-midi,,,75,75117,1,1,6,4,4,Voie communale,30.0,1
202400030469,2024-10-04,après-midi,,,75,75114,1,1,2,4,4,Voie communale,50.0,1
202400030470,2024-10-05,nuit,,,75,75107,5,1,7,4,4,Voie communale,30.0,1
202400030471,2024-10-05,nuit,,,75,75107,5,1,3,4,4,Voie communale,30.0,1
202400030472,2024-10-05,soirée,,,94,94078,1,1,7,4,4,Voie communale,30.0,1
202400030473,2024-10-05,après-midi,,,94,94042,1,1,6,4,3,Départementale,50.0,1
202400030474,2024-10-05,matin,,,94,94038,5,2,1,4,3,Départementale,50.0,2
202400030475,2024-10-05,soirée,,,94,94069,1,1,2,4,3,Départementale,30.0,1
202400030476,2024-10-05,après-midi,,,94,94071,1,1,6,4,4,Voie communale,30.0,1
202400030477,2024-10-04,soirée,,,94,94071,1,1,6,3,4,Voie communale,30.0,1
202400030478,2024-10-05,soirée,,,93,93078,1,1,2,4,4,Voie communale,30.0,1
202400030479,2024-10-05,soirée,,,93,93073,5,1,3,4,3,Départementale,50.0,1
202400030480,2024-10-05,après-midi,,,93,93066,1,1,3,4,3,Départementale,50.0,1
202400030481,2024-10-04,matin,,,93,93048,1,1,1,4,3,Départementale,50.0,1
202400030482,2024-10-05,après-midi,,,93,93045,1,1,3,3,4,Voie communale,30.0,1
202400030483,2024-10-05,matin,,,93,93079,1,1,1,4,4,Voie communale,50.0,1
202400030484,2024-10-04,soirée,,,93,93029,2,1,3,4,3,Départementale,50.0,1
202400030485,2024-10-05,après-midi,,,93,93001,1,1,6,4,3,Départementale,50.0,1
202400030486,2024-10-05,nuit,,,92,92064,5,1,6,4,3,Départementale,50.0,1
202400030487,2024-10-05,nuit,,,92,92050,5,1,3,4,3,Départementale,50.0,1
202400030488,2024-10-06,matin,,,38,38019,1,2,3,4,3,Départementale,80.0,2
202400030489,2024-10-04,matin,,,17,17030,1,1,4,3,3,Départementale,90.0,1
202400030490,2024-10-02,nuit,,,22,22209,3,2,1,3,3,Départementale,80.0,2
202400030491,2024-10-04,matin,,,06,06006,1,1,6,3,7,Autre,50.0,1
202400030492,2024-10-06,après-midi,,,974,97413,1,1,7,3,4,Voie communale,50.0,1
202400030493,2024-10-04,après-midi,,,34,34282,1,1,7,3,1,Autoroute,130.0,1
202400030494,2024-10-05,nuit,,,87,87191,3,1,6,4,2,Nationale,80.0,1
202400030495,2024-10-05,après-midi,,,62,62870,1,1,2,4,3,Départementale,50.0,1
202400030496,2024-10-05,après-midi,,,62,62172,1,1,3,4,3,Départementale,70.0,1
202400030497,2024-10-04,matin,,,89,89483,1,1,7,3,3,Départementale,90.0,9
202400030498,2024-10-03,après-midi,,,51,51030,1,1,7,3,4,Voie communale,30.0,1
202400030499,2024-10-05,soirée,,,2A,2A271,5,1,3,3,2,Nationale,70.0,1
202400030500,2024-10-05,après-midi,,,69,69006,1,1,6,4,3,Départementale,80.0,1
202400030501,2024-10-06,nuit,,,71,71343,4,1,7,4,3,Départementale,50.0,1
202400030502,2024-10-05,soirée,,,63,63419,2,1,1,3,3,Départementale,90.0,1
202400030503,2024-10-05,après-midi,,,63,63155,2,7,1,3,3,Départementale,,1
202400030504,2024-10-04,matin,,,49,49323,1,1,3,3,3,Départementale,50.0,1
202400030505,2024-10-01,soirée,,,41,41280,1,2,3,3,3,Départementale,70.0,2
202400030506,2024-10-05,après-midi,,,39,39478,1,1,6,3,3,Départementale,80.0,1
202400030507,2024-10-06,nuit,,,39,39156,3,1,7,4,3,Départementale,80.0,2
202400030508,2024-10-05,après-midi,,,25,25029,1,1,7,2,3,Départementale,90.0,1
202400030509,2024-10-04,soirée,,,35,35224,3,1,1,4,3,Départementale,80.0,1
202400030510,2024-07-13,matin,,,29,29056,1,1,3,4,3,Départementale,50.0,1
202400030511,2024-10-04,après-midi,,,29,29167,1,1,3,4,3,Départementale,70.0,1
202400030512,2024-10-05,après-midi,,,31,31033,1,1,6,3,3,Départementale,50.0,1
202400030513,2024-10-06,matin,,,31,31211,2,2,6,3,3,Départementale,80.0,2
202400030514,2024-10-06,nuit,,,31,31490,3,2,6,3,7,Autre,80.0,2
202400030515,2024-10-05,nuit,,,02,02160,3,1,6,2,3,Départementale,80.0,1
202400030516,2024-10-05,matin,,,02,02503,1,1,7,3,3,Départementale,80.0,1
202400030517,2024-10-05,après-midi,,,03,03103,1,1,1,3,4,Voie communale,90.0,1
202400030518,2024-10-05,après-midi,,,03,03103,1,7,3,4,3,Départementale,50.0,1
202400030519,2024-10-04,soirée,,,72,72386,1,7,1,4,3,Départementale,90.0,1
202400030520,2024-10-05,matin,,,05,05040,1,1,2,3,2,Nationale,70.0,1
202400030521,2024-10-04,nuit,,,83,83039,3,1,6,4,3,Départementale,80.0,1
202400030522,2024-10-05,après-midi,,,60,60265,1,1,3,3,3,Départementale,80.0,1
202400030523,2024-10-05,matin,,,64,64420,1,1,1,4,3,Départementale,80.0,1
202400030524,2024-10-05,après-midi,,,73,73162,1,1,1,4,3,Départementale,80.0,1
202400030525,2024-10-04,après-midi,,,16,16039,1,1,2,3,3,Départementale,50.0,1
202400030526,2024-10-05,soirée,,,16,16287,3,2,6,3,4,Voie communale,80.0,2
202400030527,2024-10-05,matin,,,07,07296,1,1,7,4,3,Départementale,80.0,1
202400030528,2024-10-06,matin,,,40,40178,3,1,6,2,3,Départementale,80.0,2
202400030529,2024-10-05,soirée,,,85,85047,2,2,7,3,4,Voie communale,,2
202400030530,2024-10-04,après-midi,,,27,27153,1,7,7,3,3,Départementale,80.0,1
202400030531,2024-09-27,après-midi,,,17,17107,1,2,3,3,3,Départementale,80.0,2
202400030532,2024-10-05,après-midi,,,23,23152,1,1,1,4,3,Départementale,90.0,1
202400030533,2024-10-05,soirée,,,37,37050,5,1,6,3,7,Autre,50.0,1
202400030534,2024-10-04,après-midi,,,30,30263,1,1,7,3,4,Voie communale,50.0,1
202400030535,2024-10-05,nuit,,,48,48064,3,1,6,4,3,Départementale,90.0,1
202400030536,2024-10-05,après-midi,,,31,31296,1,1,6,4,1,Autoroute,130.0,1
202400030537,2024-10-04,matin,,,987,98715,1,1,7,2,2,Nationale,40.0,1
202400030538,2024-10-04,après-midi,,,06,06027,1,2,7,4,1,Autoroute,90.0,2
202400030539,2024-10-06,matin,,,57,57227,1,1,6,3,1,Autoroute,110.0,1
202400030540,2024-10-04,après-midi,,,988,98808,1,1,6,4,2,Nationale,70.0,1
202400030541,2024-10-04,matin,,,971,97116,1,1,3,3,2,Nationale,70.0,1
202400030542,2024-10-05,nuit,,,977,97701,3,1,6,4,3,Départementale,30.0,1
202400030543,2024-10-04,soirée,,,33,33535,2,1,7,3,3,Départementale,50.0,1
202400030544,2024-10-05,après-midi,,,91,91226,1,1,5,4,3,Départementale,90.0,1
202400030545,2024-10-05,après-midi,,,91,91226,1,1,5,3,3,Départementale,90.0,1
202400030546,2024-10-05,soirée,,,2A,2A247,1,1,1,3,2,Nationale,50.0,1
202400030547,2024-10-04,après-midi,,,66,66037,1,1,3,3,4,Voie communale,50.0,1
202400030548,2024-10-05,après-midi,,,34,34162,1,1,3,3,3,Départementale,90.0,1
202400030549,2024-06-23,matin,,,13,13210,1,1,3,3,4,Voie communale,50.0,1
202400030550,2024-06-23,nuit,,,13,13216,5,1,1,4,4,Voie communale,50.0,1
202400030551,2024-06-23,après-midi,,,12,12305,1,1,6,3,4,Voie communale,50.0,1
202400030552,2024-06-23,soirée,,,06,06088,1,2,3,3,4,Voie communale,50.0,1
202400030553,2024-06-23,nuit,,,06,06088,5,1,3,3,4,Voie communale,50.0,1
202400030554,2024-06-22,nuit,,,06,06004,5,1,3,4,3,Départementale,50.0,1
202400030555,2024-06-21,après-midi,,,75,75116,1,2,2,4,4,Voie communale,70.0,2
202400030556,2024-06-23,soirée,,,75,75116,1,1,6,4,4,Voie communale,30.0,1
202400030557,2024-06-23,après-midi,,,75,75111,1,1,6,4,4,Voie communale,30.0,1
202400030558,2024-06-22,après-midi,,,75,75101,1,1,6,4,4,Voie communale,30.0,1
202400030559,2024-06-23,après-midi,,,94,94016,1,1,3,3,3,Départementale,50.0,1
202400030560,2024-06-23,matin,,,94,94041,2,1,2,3,3,Départementale,50.0,1
202400030561,2024-06-23,soirée,,,93,93051,1,7,3,4,4,Voie communale,30.0,1
202400030562,2024-06-23,après-midi,,,93,93010,1,1,2,4,3,Départementale,50.0,1
202400030563,2024-06-23,soirée,,,93,93001,1,1,3,4,3,Départementale,20.0,1
202400030564,2024-06-23,matin,,,92,92046,1,1,6,4,3,Départementale,5.0,1
202400030565,2024-06-23,après-midi,,,92,92025,1,1,3,4,3,Départementale,30.0,1
202400030566,2024-06-23,nuit,,,92,92004,2,1,7,2,4,Voie communale,50.0,1
202400030567,2024-06-21,après-midi,,,33,33243,1,2,3,3,4,Voie communale,50.0,2
202400030568,2024-06-23,matin,,,15,15066,1,1,7,3,3,Départementale,90.0,1
202400030569,2024-06-23,après-midi,,,65,65049,1,1,7,3,3,Départementale,80.0,1
202400030570,2024-06-23,après-midi,,,14,14150,1,1,6,3,3,Départementale,80.0,1
202400030571,2024-06-23,nuit,,,52,52087,3,1,3,4,3,Départementale,50.0,1
202400030572,2024-06-24,après-midi,,,40,40036,1,1,3,3,3,Départementale,80.0,1
202400030573,2024-06-23,nuit,,,40,40036,2,1,6,3,3,Départementale,70.0,1
202400030574,2024-06-22,soirée,,,972,97218,3,2,1,3,2,Nationale,90.0,2
202400030575,2024-06-23,nuit,,,59,59037,5,1,1,3,3,Départementale,50.0,1
202400030576,2024-06-23,soirée,,,19,19274,1,1,7,3,4,Voie communale,90.0,9
202400030577,2024-06-19,soirée,,,56,56021,1,2,4,3,2,Nationale,110.0,2
202400030578,2024-06-23,nuit,,,56,56153,3,1,1,3,3,Départementale,80.0,1
202400030579,2024-06-22,après-midi,,,2A,2A017,1,1,1,3,3,Départementale,70.0,1
202400030580,2024-06-23,soirée,,,2B,2B050,1,1,6,2,2,Nationale,70.0,1
202400030581,2024-06-22,après-midi,,,80,80245,1,2,6,3,3,Départementale,,2
202400030582,2024-06-23,soirée,,,32,32143,3,1,7,2,4,Voie communale,80.0,9
202400030583,2024-06-23,matin,,,89,89309,1,1,3,4,3,Départementale,50.0,1
202400030584,2024-06-24,après-midi,,,63,63390,1,1,7,4,3,Départementale,90.0,1
202400030585,2024-06-22,soirée,,,55,55248,1,1,6,4,3,Départementale,30.0,1
202400030586,2024-06-23,nuit,,,39,39434,3,1,7,4,3,Départementale,80.0,1
202400030587,2024-06-18,après-midi,,,31,31232,1,1,2,3,3,Départementale,80.0,1
202400030588,2024-06-23,après-midi,,,03,03019,1,1,7,4,3,Départementale,90.0,1
202400030589,2024-06-23,après-midi,,,15,15196,1,8,6,4,2,Nationale,80.0,1
202400030590,2024-06-23,nuit,,,01,01140,3,2,7,4,4,Voie communale,80.0,2
202400030591,2024-06-24,nuit,,,58,58267,3,1,6,3,3,Départementale,,1
202400030592,2024-06-24,matin,,,58,58296,1,1,1,2,2,Nationale,,1
202400030593,2024-06-23,après-midi,,,83,83007,1,1,7,3,3,Départementale,50.0,1
202400030594,2024-06-22,après-midi,,,83,83083,1,1,6,3,3,Départementale,70.0,1
202400030595,2024-06-23,après-midi,,,09,09032,1,1,6,3,2,Nationale,80.0,1
202400030596,2024-06-23,soirée,,,73,73301,2,1,3,4,3,Départementale,80.0,1
202400030597,2024-06-23,matin,,,10,10140,1,1,2,4,3,Départementale,80.0,1
202400030598,2024-06-24,après-midi,,,16,16221,1,1,6,3,4,Voie communale,80.0,1
202400030599,2024-06-24,après-midi,,,53,53068,1,1,3,4,3,Départementale,80.0,1
202400030600,2024-06-20,soirée,,,21,21127,1,1,3,3,3,Départementale,80.0,1
202400030601,2024-06-24,nuit,,,30,30165,3,1,7,4,3,Départementale,70.0,1
202400030602,2024-06-24,après-midi,,,88,88237,1,1,6,2,4,Voie communale,50.0,1
202400030603,2024-06-18,après-midi,,,68,68300,1,1,3,4,1,Autoroute,110.0,1
202400030604,2024-06-24,nuit,,,06,06149,3,1,7,4,1,Autoroute,90.0,2
202400030605,2024-06-23,soirée,,,51,51172,1,1,2,3,1,Autoroute,90.0,1
202400030606,2024-06-24,nuit,,,28,28367,3,1,7,4,1,Autoroute,130.0,1
202400030607,2024-11-11,après-midi,,,22,22183,1,2,2,3,4,Voie communale,50.0,2
202400030608,2024-11-11,nuit,,,35,35351,3,1,6,3,7,Autre,70.0,1
202400030609,2024-06-23,nuit,,,45,45146,3,1,4,4,1,Autoroute,130.0,1
202400030610,2024-11-10,matin,,,29,29204,1,1,7,4,3,Départementale,80.0,1
202400030611,2024-06-24,nuit,,,83,83097,2,1,6,4,1,Autoroute,130.0,1
202400030612,2024-11-12,après-midi,,,29,29220,1,1,3,3,3,Départementale,70.0,1
202400030613,2024-06-23,après-midi,,,987,98750,1,1,7,3,2,Nationale,60.0,1
202400030614,2024-11-10,après-midi,,,84,84014,1,1,6,3,3,Départementale,50.0,1
202400030615,2024-06-21,après-midi,,,971,97117,1,1,1,3,3,Départementale,80.0,1
202400030616,2024-11-11,après-midi,,,01,01363,1,8,2,3,3,Départementale,80.0,1
202400030617,2024-06-22,soirée,,,971,97118,3,1,3,4,3,Départementale,70.0,1
202400030618,2024-11-10,soirée,,,90,90093,5,8,6,4,6,Autre,50.0,1
202400030619,2024-06-22,après-midi,,,972,97230,1,1,3,4,2,Nationale,90.0,1
202400030620,2024-11-12,matin,,,60,60086,2,8,1,3,3,Départementale,80.0,1
202400030621,2024-06-23,après-midi,,,28,28185,1,1,2,3,2,Nationale,110.0,1
202400030622,2024-11-10,après-midi,,,18,18110,1,1,7,3,3,Départementale,70.0,1
202400030623,2024-11-11,après-midi,,,16,16104,1,1,6,3,4,Voie communale,50.0,1
202400030624,2024-06-23,soirée,,,77,77183,5,1,1,4,3,Départementale,50.0,1
202400030625,2024-11-11,matin,,,27,27104,1,1,3,3,3,Départementale,80.0,1
202400030626,2024-06-08,matin,,,77,77183,1,1,3,4,3,Départementale,50.0,1
202400030627,2024-11-11,après-midi,,,87,87140,1,1,7,3,3,Départementale,80.0,1
202400030628,2024-06-08,soirée,,,77,77451,1,1,7,3,4,Voie communale,50.0,1
202400030629,2024-11-10,soirée,,,08,08275,3,1,6,4,4,Voie communale,80.0,1
202400030630,2024-06-23,soirée,,,95,95351,1,1,3,4,3,Départementale,50.0,1
202400030631,2024-11-12,nuit,,,973,97307,3,1,7,4,2,Nationale,80.0,1