Num_Acc,date,time_of_day,lat,long,dep,com,lum,atm,col,severity_index,catr,catr_label,vma,surf
202400030632,2024-06-23,soirée,,,2B,2B034,1,1,2,4,2,Nationale,70.0,1
202400030633,2024-11-12,matin,,,01,01352,2,1,6,3,3,Départementale,80.0,1
202400030634,2024-06-24,matin,,,13,13097,1,1,2,4,2,Nationale,110.0,1
202400030635,2024-11-12,matin,,,37,37131,3,1,1,4,3,Départementale,90.0,1
202400030636,2024-06-22,nuit,,,13,13048,3,1,6,2,3,Départementale,80.0,1
202400030637,2024-06-21,après-midi,,,26,26313,1,1,2,4,3,Départementale,50.0,1
202400030638,2024-11-12,nuit,,,53,53034,3,1,6,4,1,Autoroute,130.0,1
202400030639,2024-06-04,matin,,,44,44110,1,1,2,3,4,Voie communale,50.0,1
202400030640,2024-11-11,matin,,,51,51428,1,1,2,3,1,Autoroute,130.0,1
202400030641,2024-06-24,après-midi,,,60,60103,1,7,2,4,3,Départementale,80.0,1
202400030642,2024-11-06,après-midi,,,68,68118,3,5,3,4,4,Voie communale,50.0,1
202400030643,2024-06-18,après-midi,,,13,13215,1,1,2,4,1,Autoroute,90.0,1
202400030644,2024-06-21,soirée,,,13,13215,1,1,3,3,1,Autoroute,90.0,1
202400030645,2024-11-10,soirée,,,69,69242,3,1,5,4,1,Autoroute,130.0,1
202400030646,2024-06-23,matin,,,69,69081,1,1,6,4,1,Autoroute,70.0,1
202400030647,2024-11-11,soirée,,,987,98748,3,1,2,4,2,Nationale,40.0,1
202400030648,2024-06-23,nuit,,,69,69250,3,1,3,4,1,Autoroute,110.0,2
202400030649,2024-11-10,nuit,,,973,97303,3,3,1,4,2,Nationale,80.0,2
202400030650,2024-06-23,nuit,,,69,69297,3,8,6,4,1,Autoroute,90.0,2
202400030651,2024-11-10,matin,,,2B,2B079,1,1,6,4,2,Nationale,50.0,1
202400030652,2024-06-23,après-midi,,,91,91477,1,1,2,4,1,Autoroute,90.0,1
202400030653,2024-06-22,soirée,,,91,91521,1,1,6,4,3,Départementale,50.0,1
202400030654,2024-11-11,matin,,,06,06157,1,1,7,3,7,Autre,80.0,1
202400030655,2024-06-23,après-midi,,,78,78531,1,1,2,4,1,Autoroute,90.0,1
202400030656,2024-11-11,après-midi,,,13,13110,1,1,3,3,3,Départementale,50.0,1
202400030657,2024-11-12,matin,,,13,13059,1,2,2,4,3,Départementale,80.0,2
202400030658,2024-06-22,après-midi,,,92,92048,1,1,4,4,2,Nationale,90.0,1
202400030659,2024-11-08,après-midi,,,63,63226,1,1,6,4,3,Départementale,90.0,1
202400030660,2024-06-23,après-midi,,,93,93005,1,1,4,4,1,Autoroute,70.0,1
202400030661,2024-11-11,nuit,,,38,38392,3,5,1,2,3,Départementale,80.0,2
202400030662,2024-06-23,matin,,,93,93005,1,1,2,4,1,Autoroute,90.0,1
202400030663,2024-06-23,nuit,,,95,95582,2,1,6,4,3,Départementale,90.0,1
202400030664,2024-06-23,nuit,,,75,75120,2,1,7,4,1,Autoroute,90.0,1
202400030665,2024-11-11,après-midi,,,38,38548,1,8,1,4,3,Départementale,70.0,1
202400030666,2024-06-22,nuit,,,95,95675,3,1,3,4,1,Autoroute,130.0,1
202400030667,2024-11-11,après-midi,,,69,69228,3,1,3,3,3,Départementale,70.0,1
202400030668,2024-06-21,après-midi,,,92,92036,1,2,7,4,1,Autoroute,50.0,2
202400030669,2024-11-12,matin,,,79,79049,1,2,7,3,3,Départementale,80.0,2
202400030670,2024-06-22,après-midi,,,93,93064,1,1,2,4,1,Autoroute,90.0,1
202400030671,2024-11-11,après-midi,,,16,16320,1,1,6,3,3,Départementale,80.0,1
202400030672,2024-06-21,soirée,,,94,94022,2,1,6,4,1,Autoroute,90.0,1
202400030673,2024-11-11,après-midi,,,72,72154,1,1,1,4,3,Départementale,80.0,1
202400030674,2024-06-21,après-midi,,,94,94028,1,1,2,4,1,Autoroute,90.0,1
202400030675,2024-11-10,soirée,,,56,56023,3,1,4,4,2,Nationale,110.0,1
202400030676,2024-06-21,soirée,,,987,98735,5,1,7,4,3,Départementale,50.0,1
202400030677,2024-11-10,après-midi,,,35,35229,5,1,2,3,3,Départementale,80.0,1
202400030678,2024-06-22,après-midi,,,974,97416,1,1,7,4,4,Voie communale,30.0,1
202400030679,2024-11-10,après-midi,,,80,80570,2,1,3,4,3,Départementale,30.0,1
202400030680,2024-06-21,nuit,,,973,97302,5,1,7,4,3,Départementale,50.0,1
202400030681,2024-11-07,soirée,,,13,13210,5,1,3,4,1,Autoroute,70.0,1
202400030682,2024-06-21,soirée,,,973,97302,5,1,2,4,2,Nationale,90.0,1
202400030683,2024-06-22,nuit,,,972,97209,5,1,6,4,2,Nationale,50.0,1
202400030684,2024-11-11,après-midi,,,92,92002,1,1,4,4,1,Autoroute,110.0,1
202400030685,2024-06-22,après-midi,,,2B,2B033,1,1,3,4,4,Voie communale,50.0,1
202400030686,2024-06-22,après-midi,,,95,95428,1,1,6,3,6,Autre,30.0,1
202400030687,2024-11-11,après-midi,,,91,91689,1,1,6,4,1,Autoroute,90.0,1
202400030688,2024-06-22,nuit,,,95,95074,3,2,1,4,3,Départementale,50.0,2
202400030689,2024-11-11,matin,,,91,91235,1,1,7,4,2,Nationale,110.0,1
202400030690,2024-06-22,soirée,,,95,95063,1,1,6,4,4,Voie communale,50.0,1
202400030691,2024-06-21,soirée,,,91,91589,1,1,6,4,4,Voie communale,50.0,1
202400030692,2024-11-11,nuit,,,77,77296,3,1,2,4,1,Autoroute,110.0,1
202400030693,2024-10-30,après-midi,,,44,44109,1,1,7,4,4,Voie communale,30.0,1
202400030694,2024-06-22,nuit,,,88,88160,1,1,3,4,4,Voie communale,30.0,1
202400030695,2024-10-30,après-midi,,,44,44109,1,1,7,4,4,Voie communale,30.0,1
202400030696,2024-08-21,nuit,,,84,84019,3,1,2,4,1,Autoroute,130.0,1
202400030697,2024-06-22,soirée,,,84,84035,1,1,3,4,3,Départementale,80.0,1
202400030698,2024-07-28,nuit,,,84,84003,5,1,1,4,4,Voie communale,50.0,1
202400030699,2024-07-25,après-midi,,,84,84054,1,1,7,3,4,Voie communale,30.0,1
202400030700,2024-06-22,nuit,,,84,84035,4,1,1,4,3,Départementale,50.0,1
202400030701,2024-07-11,nuit,,,84,84031,5,1,7,2,4,Voie communale,30.0,1
202400030702,2024-06-22,soirée,,,84,84007,1,1,1,4,4,Voie communale,50.0,1
202400030703,2024-06-24,soirée,,,84,84052,2,1,1,3,3,Départementale,80.0,1
202400030704,2024-06-22,après-midi,,,83,83137,1,1,3,3,3,Départementale,50.0,1
202400030705,2024-06-22,nuit,,,81,81065,2,1,2,4,4,Voie communale,50.0,1
202400030706,2024-07-03,matin,,,14,14322,1,1,6,4,3,Départementale,80.0,1
202400030707,2024-06-22,soirée,,,80,80021,1,1,6,4,4,Voie communale,50.0,1
202400030708,2024-11-10,matin,,,2B,2B120,1,1,2,3,4,Voie communale,30.0,1
202400030709,2024-06-22,nuit,,,78,78372,3,8,6,4,4,Voie communale,50.0,1
202400030710,2024-06-22,soirée,,,77,77296,1,1,6,3,4,Voie communale,50.0,1
202400030711,2024-11-09,soirée,,,971,97113,3,2,5,4,3,Départementale,50.0,2
202400030712,2024-06-22,nuit,,,77,77445,5,1,6,4,4,Voie communale,50.0,1
202400030713,2024-06-21,après-midi,,,76,76108,1,1,3,4,4,Voie communale,50.0,1
202400030714,2024-11-09,soirée,,,971,97101,3,1,4,4,2,Nationale,90.0,1
202400030715,2024-11-10,matin,,,2A,2A004,2,1,6,4,4,Voie communale,50.0,1
202400030716,2024-06-21,après-midi,,,76,76324,1,1,2,4,3,Départementale,80.0,1
202400030717,2024-11-10,nuit,,,90,90075,3,5,7,4,3,Départementale,50.0,2
202400030718,2024-06-21,nuit,,,73,73065,5,2,2,4,4,Voie communale,,2
202400030719,2024-06-21,soirée,,,73,73011,1,2,6,3,3,Départementale,80.0,2
202400030720,2024-11-10,après-midi,,,80,80021,1,1,3,4,4,Voie communale,50.0,1
202400030721,2024-11-10,soirée,,,77,77373,5,1,2,4,4,Voie communale,50.0,1
202400030722,2024-06-22,soirée,,,69,69266,2,8,3,4,4,Voie communale,50.0,2
202400030723,2024-06-21,soirée,,,66,66136,1,1,2,4,3,Départementale,50.0,1
202400030724,2024-11-10,soirée,,,77,77096,5,1,6,4,3,Départementale,50.0,1
202400030725,2024-06-22,nuit,,,61,61001,4,1,3,4,4,Voie communale,30.0,1
202400030726,2024-06-21,après-midi,,,59,59122,1,9,1,3,4,Voie communale,40.0,2
202400030727,2024-11-09,soirée,,,77,77169,1,1,2,4,3,Départementale,50.0,1
202400030728,2024-06-22,après-midi,,,56,56121,1,1,1,4,4,Voie communale,30.0,1
202400030729,2024-11-10,nuit,,,76,76575,3,2,2,4,7,Autre,90.0,2
202400030730,2024-06-22,après-midi,,,54,54578,1,2,3,4,4,Voie communale,50.0,2
202400030731,2024-06-22,soirée,,,51,51454,2,8,7,4,4,Voie communale,50.0,2
202400030732,2024-06-22,soirée,,,51,51573,1,1,2,4,3,Départementale,50.0,1
202400030733,2024-11-10,après-midi,,,74,74298,1,1,3,4,4,Voie communale,50.0,1
202400030734,2024-11-10,soirée,,,73,73065,5,1,3,4,3,Départementale,50.0,1
202400030735,2024-06-21,après-midi,,,51,51454,1,1,4,4,4,Voie communale,70.0,1
202400030736,2024-06-22,matin,,,49,49267,1,1,7,4,4,Voie communale,50.0,8
202400030737,2024-11-10,nuit,,,68,68066,5,8,3,3,3,Départementale,50.0,1
202400030738,2024-06-22,nuit,,,42,42218,5,1,6,4,4,Voie communale,50.0,2
202400030739,2024-11-10,matin,,,64,64269,1,1,1,4,3,Départementale,50.0,1
202400030740,2024-06-22,nuit,,,41,41295,2,2,7,4,3,Départementale,90.0,2
202400030741,2024-11-10,nuit,,,64,64445,5,1,6,4,4,Voie communale,50.0,2
202400030742,2024-06-22,soirée,,,38,38179,1,8,3,4,2,Nationale,50.0,2
202400030743,2024-06-22,soirée,,,38,38185,1,1,6,4,4,Voie communale,50.0,1
202400030744,2024-11-10,nuit,,,59,59017,5,1,3,4,7,Autre,50.0,1
202400030745,2024-11-04,après-midi,,,54,54280,5,1,6,4,4,Voie communale,50.0,1
202400030746,2024-06-22,après-midi,,,37,37233,1,1,6,4,4,Voie communale,50.0,1
202400030747,2024-06-21,après-midi,,,37,37261,1,1,2,4,4,Voie communale,50.0,1
202400030748,2024-06-22,nuit,,,34,34129,3,1,1,4,7,Autre,50.0,1
202400030749,2024-11-09,après-midi,,,50,50218,1,1,4,4,3,Départementale,50.0,1
202400030750,2024-06-21,après-midi,,,31,31555,1,1,3,3,7,Autre,30.0,1
202400030751,2024-06-22,nuit,,,29,29232,3,1,6,4,3,Départementale,50.0,1
202400030752,2024-11-08,soirée,,,47,47323,3,1,3,4,2,Nationale,50.0,1
202400030753,2024-06-22,après-midi,,,28,28134,1,1,3,4,4,Voie communale,50.0,1
202400030754,2024-06-23,nuit,,,22,22278,5,1,6,4,4,Voie communale,30.0,1
202400030755,2024-11-10,matin,,,42,42187,1,8,3,4,4,Voie communale,30.0,1
202400030756,2024-06-21,après-midi,,,21,21054,1,1,3,4,4,Voie communale,50.0,1
202400030757,2024-06-22,soirée,,,19,19031,5,1,6,4,4,Voie communale,50.0,1
202400030758,2024-06-22,après-midi,,,19,19031,1,2,3,4,4,Voie communale,50.0,2
202400030759,2024-11-10,soirée,,,38,38185,5,1,4,4,4,Voie communale,30.0,1
202400030760,2024-06-21,soirée,,,19,19031,1,1,6,4,4,Voie communale,50.0,1
202400030761,2024-11-10,soirée,,,38,38185,5,1,2,4,4,Voie communale,50.0,1
202400030762,2024-06-22,après-midi,,,14,14366,1,1,3,4,4,Voie communale,30.0,1
202400030763,2024-06-22,nuit,,,13,13210,5,2,6,4,4,Voie communale,,2
202400030764,2024-11-10,matin,,,37,37261,5,1,1,2,4,Voie communale,50.0,1
202400030765,2024-06-22,nuit,,,13,13208,5,1,5,4,4,Voie communale,50.0,1
202400030766,2024-06-22,nuit,,,13,13203,2,1,1,4,4,Voie communale,50.0,1
202400030767,2024-11-10,nuit,,,35,35238,5,1,6,3,4,Voie communale,30.0,1
202400030768,2024-06-18,après-midi,,,13,13205,1,1,5,3,4,Voie communale,50.0,1
202400030769,2024-11-09,nuit,,,35,35278,3,1,6,4,4,Voie communale,80.0,1
202400030770,2024-06-23,nuit,,,10,10387,5,1,7,4,4,Voie communale,50.0,9
202400030771,2024-06-22,soirée,,,10,10387,1,1,7,3,4,Voie communale,50.0,1
202400030772,2024-06-21,soirée,,,07,07102,1,1,3,3,4,Voie communale,50.0,1
202400030773,2024-11-11,nuit,,,34,34172,5,1,3,4,4,Voie communale,50.0,1
202400030774,2024-06-21,matin,,,75,75116,1,2,2,4,4,Voie communale,70.0,2
202400030775,2024-06-21,matin,,,75,75120,1,2,6,3,4,Voie communale,30.0,2
202400030776,2024-11-08,après-midi,,,34,34116,1,1,6,3,4,Voie communale,50.0,1
202400030777,2024-06-22,nuit,,,75,75106,5,1,3,4,4,Voie communale,30.0,2
202400030778,2024-06-22,nuit,,,75,75111,5,2,1,4,4,Voie communale,30.0,2
202400030779,2024-06-22,après-midi,,,75,75118,1,1,3,4,4,Voie communale,30.0,1
202400030780,2024-11-10,après-midi,,,29,29232,1,1,3,4,3,Départementale,50.0,1
202400030781,2024-06-22,soirée,,,75,75115,1,1,6,3,4,Voie communale,30.0,1
202400030782,2024-11-09,après-midi,,,29,29232,1,1,1,4,4,Voie communale,50.0,1
202400030783,2024-11-10,nuit,,,25,25056,5,1,6,4,3,Départementale,50.0,1
202400030784,2024-06-22,après-midi,,,75,75115,1,1,3,4,4,Voie communale,30.0,1
202400030785,2024-11-10,matin,,,17,17306,1,1,6,4,4,Voie communale,30.0,1
202400030786,2024-06-22,soirée,,,75,75112,1,1,2,3,4,Voie communale,30.0,1
202400030787,2024-06-22,soirée,,,75,75111,1,1,3,4,4,Voie communale,30.0,1
202400030788,2024-11-10,nuit,,,15,15014,5,5,6,3,4,Voie communale,50.0,1
202400030789,2024-06-22,matin,,,75,75110,1,1,7,3,4,Voie communale,30.0,2
202400030790,2024-06-22,nuit,,,75,75108,5,1,3,4,4,Voie communale,30.0,1
202400030791,2024-11-10,soirée,,,13,13056,3,1,7,4,4,Voie communale,80.0,1
202400030792,2024-06-22,nuit,,,75,75107,5,2,2,4,4,Voie communale,30.0,2
202400030793,2024-06-22,après-midi,,,94,94076,1,1,1,4,3,Départementale,50.0,1
202400030794,2024-06-21,soirée,,,94,94073,1,1,2,4,3,Départementale,,1
202400030795,2024-11-09,après-midi,,,13,13001,5,1,3,4,4,Voie communale,50.0,1
202400030796,2024-06-21,nuit,,,94,94054,5,2,6,2,9,Autre,30.0,2
202400030797,2024-06-22,nuit,,,77,77291,5,2,1,4,4,Voie communale,50.0,2
202400030798,2024-11-10,matin,,,10,10081,1,1,6,4,4,Voie communale,50.0,1
202400030799,2024-06-22,soirée,,,93,93066,1,1,6,4,4,Voie communale,30.0,1
202400030800,2024-06-22,nuit,,,93,93046,5,1,7,4,3,Départementale,70.0,2
202400030801,2024-06-22,nuit,,,93,93015,4,2,1,4,4,Voie communale,50.0,2
202400030802,2024-06-22,soirée,,,93,93057,1,1,3,4,3,Départementale,30.0,1
202400030803,2024-11-10,après-midi,,,08,08105,1,1,3,3,4,Voie communale,50.0,1
202400030804,2024-06-22,nuit,,,92,92072,5,2,6,3,3,Départementale,50.0,2
202400030805,2024-06-22,nuit,,,92,92044,5,1,3,3,4,Voie communale,50.0,1
202400030806,2024-06-22,nuit,,,92,92036,4,2,6,4,3,Départementale,30.0,2
202400030807,2024-06-21,nuit,,,92,92004,5,1,3,4,3,Départementale,30.0,1
202400030808,2024-06-22,matin,,,92,92032,1,2,6,4,4,Voie communale,50.0,2
202400030809,2024-06-22,après-midi,,,92,92007,1,3,6,4,4,Voie communale,50.0,2
202400030810,2024-06-22,nuit,,,92,92007,5,2,3,3,4,Voie communale,50.0,2
202400030811,2024-11-10,après-midi,,,75,75118,1,1,2,4,4,Voie communale,50.0,1
202400030812,2024-06-22,nuit,,,54,54509,5,1,6,3,3,Départementale,50.0,1
202400030813,2024-06-15,nuit,,,35,35168,3,1,6,3,3,Départementale,80.0,1
202400030814,2024-11-10,après-midi,,,75,75119,1,1,3,4,4,Voie communale,30.0,1
202400030815,2024-06-23,nuit,,,2A,2A127,3,1,6,2,2,Nationale,80.0,1
202400030816,2024-11-08,après-midi,,,75,75116,1,1,6,4,4,Voie communale,30.0,1
202400030817,2024-06-22,matin,,,06,06149,1,1,1,4,7,Autre,70.0,1
202400030818,2024-06-23,soirée,,,95,95487,1,1,6,2,4,Voie communale,50.0,1
202400030819,2024-11-10,après-midi,,,75,75115,1,1,3,4,4,Voie communale,30.0,1
202400030820,2024-06-21,matin,,,36,36233,1,3,1,3,3,Départementale,90.0,2
202400030821,2024-06-23,après-midi,,,63,63004,1,1,6,3,3,Départementale,70.0,1
202400030822,2024-11-10,après-midi,,,75,75115,1,1,3,4,4,Voie communale,30.0,1
202400030823,2024-06-23,matin,,,974,97414,1,1,3,4,3,Départementale,,1
202400030824,2024-06-22,nuit,,,58,58048,3,2,6,3,4,Voie communale,90.0,2
202400030825,2024-11-10,après-midi,,,75,75114,1,1,6,3,4,Voie communale,30.0,1
202400030826,2024-06-13,après-midi,,,06,06046,1,1,4,4,7,Autre,50.0,1
202400030827,2024-11-09,nuit,,,75,75108,5,1,6,4,4,Voie communale,30.0,1
202400030828,2024-11-10,nuit,,,75,75108,5,1,2,4,4,Voie communale,50.0,1
202400030829,2024-06-21,après-midi,,,971,97132,1,1,2,4,3,Départementale,50.0,1
202400030830,2024-06-23,nuit,,,68,68156,3,8,6,4,3,Départementale,90.0,2
202400030831,2024-11-09,nuit,,,75,75102,5,1,3,4,4,Voie communale,50.0,1
202400030832,2024-06-22,après-midi,,,37,37170,1,1,2,3,1,Autoroute,130.0,1
202400030833,2024-11-10,nuit,,,94,94033,5,1,3,4,3,Départementale,30.0,1
202400030834,2024-06-22,matin,,,35,35024,1,1,6,4,4,Voie communale,70.0,1
202400030835,2024-06-23,nuit,,,56,56234,3,1,2,4,3,Départementale,,1
202400030836,2024-11-10,après-midi,,,94,94022,1,1,3,4,3,Départementale,50.0,1
202400030837,2024-06-23,matin,,,77,77066,1,1,3,3,3,Départementale,80.0,1
202400030838,2024-11-09,après-midi,,,94,94054,1,8,1,4,4,Voie communale,,1
202400030839,2024-06-22,nuit,,,79,79220,3,3,7,3,3,Départementale,80.0,2
202400030840,2024-11-10,soirée,,,93,93078,5,1,6,4,3,Départementale,50.0,1
202400030841,2024-06-23,après-midi,,,2B,2B208,1,8,7,4,3,Départementale,80.0,2
202400030842,2024-11-10,après-midi,,,93,93039,5,1,5,4,4,Voie communale,30.0,1
202400030843,2024-12-18,matin,,,34,34270,2,1,3,4,1,Autoroute,,1
202400030844,2024-11-10,nuit,,,93,93077,3,5,3,4,3,Départementale,50.0,1
202400030845,2024-12-06,après-midi,,,77,77295,1,7,1,4,4,Voie communale,50.0,1
202400030846,2024-11-10,après-midi,,,93,93055,2,1,3,4,3,Départementale,30.0,1
202400030847,2024-12-03,nuit,,,78,78601,2,1,3,4,2,Nationale,110.0,1
202400030848,2024-11-10,nuit,,,93,93031,5,2,6,3,3,Départementale,50.0,2
202400030849,2024-12-18,matin,,,2B,2B057,1,1,3,2,2,Nationale,80.0,1
202400030850,2024-12-12,après-midi,,,30,30258,2,1,7,4,3,Départementale,50.0,1
202400030851,2024-11-10,nuit,,,93,93029,5,5,3,4,4,Voie communale,30.0,2
202400030852,2024-12-16,après-midi,,,13,13041,1,7,3,4,3,Départementale,50.0,1
202400030853,2024-11-10,soirée,,,92,92049,5,1,2,4,4,Voie communale,50.0,1
202400030854,2024-12-18,nuit,,,89,89206,3,1,6,3,3,Départementale,90.0,1
202400030855,2024-11-10,après-midi,,,92,92002,1,2,2,4,3,Départementale,50.0,2
202400030856,2024-12-18,matin,,,55,55122,1,1,6,4,3,Départementale,50.0,1
202400030857,2024-11-11,nuit,,,972,97204,3,2,3,4,2,Nationale,,2
202400030858,2024-12-11,après-midi,,,63,63263,3,2,4,4,3,Départementale,90.0,2
202400030859,2024-11-09,nuit,,,971,97109,3,2,1,4,2,Nationale,80.0,2
202400030860,2024-11-06,soirée,,,34,34036,3,1,6,3,1,Autoroute,110.0,1
202400030861,2024-11-05,matin,,,63,63141,1,1,6,3,7,Autre,50.0,1
202400030862,2024-11-10,après-midi,,,30,30135,5,1,3,3,4,Voie communale,30.0,1
202400030863,2024-12-17,après-midi,,,69,69216,3,5,6,4,3,Départementale,80.0,1
202400030864,2024-11-08,après-midi,,,06,06108,1,1,6,3,3,Départementale,,1
202400030865,2024-12-18,après-midi,,,09,09306,2,1,6,4,2,Nationale,50.0,1
202400030866,2024-11-10,matin,,,45,45088,2,5,1,4,3,Départementale,50.0,2
202400030867,2024-12-17,matin,,,17,17240,1,1,6,3,3,Départementale,50.0,1
202400030868,2024-11-11,nuit,,,27,27179,3,2,6,4,3,Départementale,70.0,2
202400030869,2024-12-17,matin,,,64,64501,3,9,6,3,3,Départementale,80.0,2
202400030870,2024-12-18,matin,,,29,29042,5,1,6,3,3,Départementale,50.0,1
202400030871,2024-12-18,après-midi,,,76,76541,1,8,1,3,3,Départementale,80.0,1
202400030872,2024-12-16,après-midi,,,13,13088,1,1,7,4,1,Autoroute,110.0,1
202400030873,2024-12-16,après-midi,,,13,13005,1,1,6,4,1,Autoroute,10.0,1
202400030874,2024-12-16,nuit,,,13,13026,3,1,2,4,1,Autoroute,110.0,1
202400030875,2024-11-07,après-midi,,,30,30037,1,1,3,4,3,Départementale,50.0,1
202400030876,2024-11-08,nuit,,,987,98738,5,1,7,3,3,Départementale,30.0,1
202400030877,2024-12-17,matin,,,83,83137,1,1,5,4,1,Autoroute,70.0,1
202400030878,2024-10-21,matin,,,04,04127,1,1,2,4,1,Autoroute,130.0,1
202400030879,2024-12-16,soirée,,,83,83062,3,1,2,4,1,Autoroute,110.0,1
202400030880,2024-11-10,après-midi,,,06,06152,3,1,7,3,5,Autre,,3
202400030881,2024-11-04,soirée,,,01,01249,5,1,7,3,4,Voie communale,15.0,1
202400030882,2024-12-16,matin,,,33,33192,1,1,4,4,1,Autoroute,90.0,1
202400030883,2024-12-14,soirée,,,62,62634,3,1,6,2,1,Autoroute,130.0,1
202400030884,2024-11-10,nuit,,,14,14762,3,1,6,3,3,Départementale,90.0,1
202400030885,2024-11-13,matin,,,59,59431,2,1,3,4,1,Autoroute,130.0,1
202400030886,2024-11-08,matin,,,56,56178,1,1,6,3,4,Voie communale,50.0,1
202400030887,2024-11-11,nuit,,,59,59582,3,1,3,3,3,Départementale,110.0,1
202400030888,2024-12-17,matin,,,91,91661,2,2,5,4,1,Autoroute,90.0,2
202400030889,2024-11-08,matin,,,13,13056,1,1,2,4,1,Autoroute,110.0,1
202400030890,2024-12-17,nuit,,,91,91570,3,2,2,4,2,Nationale,110.0,2
202400030891,2024-11-10,nuit,,,13,13215,3,1,2,4,1,Autoroute,90.0,1
202400030892,2024-12-16,matin,,,92,92036,1,8,2,4,1,Autoroute,90.0,2
202400030893,2024-11-10,nuit,,,13,13211,3,1,3,3,1,Autoroute,90.0,1
202400030894,2024-12-17,soirée,,,95,95527,3,1,2,4,1,Autoroute,90.0,1
202400030895,2024-11-10,nuit,,,13,13211,3,1,6,4,1,Autoroute,3.0,1
202400030896,2024-12-17,soirée,,,95,95351,3,1,2,4,2,Nationale,70.0,1
202400030897,2024-12-17,matin,,,93,93010,1,1,2,4,1,Autoroute,110.0,1
202400030898,2024-12-16,après-midi,,,93,93008,3,1,3,4,1,Autoroute,90.0,1
202400030899,2024-11-09,soirée,,,13,13210,2,1,2,4,1,Autoroute,70.0,1
202400030900,2024-12-16,nuit,,,95,95604,3,1,6,4,1,Autoroute,20.0,1
202400030901,2024-11-08,soirée,,,13,13215,3,2,2,3,1,Autoroute,90.0,2
202400030902,2024-12-15,soirée,,,93,93027,3,2,2,4,1,Autoroute,90.0,2
202400030903,2024-11-09,soirée,,,69,69276,3,1,5,4,7,Autre,90.0,1
202400030904,2024-12-17,après-midi,,,94,94046,1,1,3,4,1,Autoroute,70.0,1
202400030905,2024-11-09,nuit,,,42,42207,3,1,6,4,2,Nationale,110.0,1
202400030906,2024-12-16,soirée,,,93,93051,3,2,3,4,1,Autoroute,110.0,2
202400030907,2024-12-16,matin,,,77,77249,1,2,1,4,2,Nationale,90.0,2
202400030908,2024-11-09,nuit,,,42,42207,3,1,4,4,2,Nationale,110.0,1
202400030909,2024-12-16,matin,,,77,77122,2,2,6,4,2,Nationale,90.0,2
202400030910,2024-11-10,matin,,,92,92002,2,1,2,4,1,Autoroute,90.0,1
202400030911,2024-08-17,après-midi,,,974,97411,1,1,7,4,4,Voie communale,20.0,1
202400030912,2024-11-09,après-midi,,,92,92025,1,1,2,4,1,Autoroute,90.0,1
202400030913,2024-06-08,soirée,,,974,97411,5,1,6,4,4,Voie communale,50.0,1
202400030914,2024-11-10,matin,,,95,95212,1,1,6,4,2,Nationale,50.0,2
202400030915,2024-05-29,après-midi,,,974,97411,2,8,2,4,4,Voie communale,30.0,1
202400030916,2024-11-09,matin,,,95,95582,3,1,6,4,1,Autoroute,110.0,1
202400030917,2024-11-09,soirée,,,988,98818,5,1,1,4,4,Voie communale,50.0,1
202400030918,2024-03-14,soirée,,,974,97409,5,1,5,4,2,Nationale,50.0,1
202400030919,2024-11-09,nuit,,,987,98735,5,1,7,4,4,Voie communale,50.0,1
202400030920,2024-12-16,nuit,,,75,75119,5,2,6,4,4,Voie communale,50.0,2
202400030921,2024-11-09,après-midi,,,974,97416,1,1,2,4,2,Nationale,110.0,1
202400030922,2024-12-16,après-midi,,,75,75117,4,1,3,4,4,Voie communale,30.0,2
202400030923,2024-11-08,après-midi,,,974,97416,1,1,3,4,4,Voie communale,50.0,1
202400030924,2024-12-16,matin,,,75,75118,1,2,3,4,4,Voie communale,50.0,2
202400030925,2024-12-16,soirée,,,75,75116,5,1,3,3,4,Voie communale,30.0,1
202400030926,2024-11-08,après-midi,,,974,97407,1,1,3,4,4,Voie communale,50.0,1
202400030927,2024-12-16,matin,,,75,75114,5,2,6,4,4,Voie communale,50.0,2
202400030928,2024-11-01,matin,,,973,97302,5,1,3,4,4,Voie communale,50.0,1
202400030929,2024-12-16,matin,,,75,75113,2,2,2,4,4,Voie communale,30.0,2
202400030930,2024-11-08,soirée,,,69,69383,5,1,1,3,4,Voie communale,30.0,1
202400030931,2024-12-16,après-midi,,,75,75110,1,8,3,3,4,Voie communale,30.0,2
202400030932,2024-12-16,matin,,,75,75110,1,2,3,4,4,Voie communale,30.0,2
202400030933,2024-11-09,nuit,,,69,69387,5,1,3,4,4,Voie communale,50.0,1
202400030934,2024-12-16,après-midi,,,75,75109,1,1,3,4,4,Voie communale,30.0,1
202400030935,2024-11-09,matin,,,972,97209,1,1,5,4,9,Autre,50.0,1
202400030936,2024-12-14,soirée,,,94,94081,5,2,2,4,3,Départementale,50.0,2
202400030937,2024-11-09,après-midi,,,2B,2B037,1,3,3,4,3,Départementale,50.0,2
202400030938,2024-12-16,matin,,,94,94074,1,2,1,4,3,Départementale,50.0,2
202400030939,2024-11-09,matin,,,91,91027,4,2,1,4,4,Voie communale,30.0,2
202400030940,2024-12-15,soirée,,,94,94068,5,2,1,4,3,Départementale,30.0,2
202400030941,2024-11-09,matin,,,84,84007,1,1,6,4,4,Voie communale,50.0,1
202400030942,2024-12-15,soirée,,,94,94018,5,2,3,4,3,Départementale,,2
202400030943,2024-11-08,après-midi,,,81,81004,2,1,3,4,3,Départementale,50.0,1
202400030944,2024-12-16,nuit,,,94,94041,5,2,3,4,3,Départementale,50.0,2
202400030945,2024-11-09,soirée,,,78,78208,5,1,6,4,4,Voie communale,50.0,1
202400030946,2024-12-15,nuit,,,93,93059,5,2,1,4,3,Départementale,50.0,2
202400030947,2024-11-09,après-midi,,,77,77288,1,1,2,4,4,Voie communale,50.0,1