Num_Acc,date,time_of_day,lat,long,dep,com,lum,atm,col,severity_index,catr,catr_label,vma,surf
202400030948,2024-12-15,matin,,,93,93053,5,1,6,4,3,Départementale,50.0,1
202400030949,2024-12-16,matin,,,93,93050,1,2,6,4,4,Voie communale,50.0,2
202400030950,2024-11-08,après-midi,,,73,73011,5,1,4,4,3,Départementale,50.0,1
202400030951,2024-12-16,nuit,,,93,93010,5,2,6,4,3,Départementale,50.0,2
202400030952,2024-12-16,soirée,,,92,92040,3,1,3,4,3,Départementale,30.0,1
202400030953,2024-11-08,matin,,,72,72181,5,2,3,4,4,Voie communale,50.0,2
202400030954,2024-12-15,nuit,,,92,92012,5,2,1,4,3,Départementale,30.0,2
202400030955,2024-11-08,après-midi,,,69,69282,2,1,6,3,4,Voie communale,30.0,1
202400030956,2024-11-09,nuit,,,67,67482,5,1,6,2,4,Voie communale,50.0,1
202400030957,2024-12-16,soirée,,,31,31567,3,1,3,3,3,Départementale,80.0,1
202400030958,2024-11-09,soirée,,,65,65440,5,2,6,3,3,Départementale,50.0,2
202400030959,2024-12-17,nuit,,,59,59335,5,2,1,3,3,Départementale,50.0,2
202400030960,2024-11-09,soirée,,,64,64445,4,2,6,3,6,Autre,15.0,2
202400030961,2024-12-09,après-midi,,,35,35216,2,1,6,3,7,Autre,80.0,1
202400030962,2024-11-09,matin,,,64,64445,1,2,3,4,4,Voie communale,50.0,2
202400030963,2024-12-14,matin,,,83,83031,1,1,3,4,1,Autoroute,90.0,2
202400030964,2024-11-09,matin,,,63,63113,1,1,6,4,4,Voie communale,30.0,1
202400030965,2024-11-09,matin,,,59,59352,2,2,6,3,7,Autre,50.0,2
202400030966,2024-12-16,après-midi,,,14,14061,1,1,6,3,1,Autoroute,130.0,2
202400030967,2024-11-09,soirée,,,59,59350,4,2,4,4,7,Autre,30.0,2
202400030968,2024-12-16,après-midi,,,22,22305,2,2,2,4,3,Départementale,80.0,2
202400030969,2024-11-09,matin,,,58,58194,1,1,3,4,4,Voie communale,50.0,1
202400030970,2024-12-16,nuit,,,51,51576,3,2,6,4,3,Départementale,80.0,2
202400030971,2024-11-09,soirée,,,49,49099,5,1,6,4,4,Voie communale,50.0,1
202400030972,2024-11-09,soirée,,,47,47032,5,2,3,4,4,Voie communale,50.0,2
202400030973,2024-12-16,après-midi,,,61,61168,2,1,3,4,4,Voie communale,50.0,1
202400030974,2024-11-09,matin,,,45,45234,1,7,6,4,4,Voie communale,30.0,1
202400030975,2024-12-16,soirée,,,34,34338,3,1,1,3,3,Départementale,90.0,1
202400030976,2024-11-09,matin,,,45,45302,3,5,3,4,3,Départementale,70.0,1
202400030977,2024-11-09,soirée,,,45,45068,5,1,6,4,4,Voie communale,50.0,2
202400030978,2024-12-17,matin,,,44,44187,3,1,1,3,3,Départementale,80.0,1
202400030979,2024-11-09,soirée,,,34,34172,5,2,6,4,4,Voie communale,50.0,2
202400030980,2024-12-15,après-midi,,,70,70399,1,1,6,3,3,Départementale,80.0,1
202400030981,2024-11-09,soirée,,,33,33119,5,1,3,4,4,Voie communale,50.0,2
202400030982,2024-12-16,après-midi,,,14,14578,2,1,5,4,3,Départementale,80.0,1
202400030983,2024-11-09,soirée,,,33,33039,5,1,3,3,4,Voie communale,50.0,1
202400030984,2024-10-14,matin,,,10,10231,3,2,1,4,3,Départementale,80.0,2
202400030985,2024-11-08,après-midi,,,33,33069,1,1,6,4,4,Voie communale,30.0,1
202400030986,2024-12-16,soirée,,,10,10029,3,2,6,4,3,Départementale,80.0,2
202400030987,2024-11-08,après-midi,,,33,33522,1,1,1,4,4,Voie communale,50.0,1
202400030988,2024-12-16,soirée,,,07,07347,3,9,7,4,3,Départementale,90.0,7
202400030989,2024-11-08,après-midi,,,33,33522,1,1,5,4,4,Voie communale,50.0,1
202400030990,2024-12-17,après-midi,,,30,30294,2,1,1,3,3,Départementale,80.0,1
202400030991,2024-11-13,après-midi,,,29,29019,1,1,7,4,6,Autre,10.0,1
202400030992,2024-12-13,matin,,,67,67204,2,8,7,3,7,Autre,70.0,1
202400030993,2024-11-09,après-midi,,,27,27681,1,1,3,4,4,Voie communale,50.0,1
202400030994,2024-12-16,matin,,,67,67112,1,1,4,4,1,Autoroute,110.0,1
202400030995,2024-12-16,après-midi,,,44,44082,3,1,1,3,3,Départementale,80.0,1
202400030996,2024-11-05,après-midi,,,22,22113,1,1,6,3,3,Départementale,70.0,1
202400030997,2024-12-14,après-midi,,,73,73065,1,8,6,3,1,Autoroute,50.0,2
202400030998,2024-11-08,après-midi,,,17,17306,1,1,2,3,3,Départementale,50.0,1
202400030999,2024-12-16,après-midi,,,27,27701,1,1,2,4,1,Autoroute,130.0,1
202400031000,2024-12-17,matin,,,27,27518,2,1,6,3,1,Autoroute,130.0,1
202400031001,2024-11-09,matin,,,17,17299,1,1,3,4,4,Voie communale,30.0,1
202400031002,2024-12-17,matin,,,973,97305,1,1,3,2,2,Nationale,80.0,2
202400031003,2024-12-16,matin,,,41,41136,3,1,6,3,3,Départementale,70.0,2
202400031004,2024-11-09,soirée,,,13,13210,5,2,5,4,4,Voie communale,50.0,2
202400031005,2024-11-09,nuit,,,06,06069,3,2,6,4,3,Départementale,50.0,2
202400031006,2024-11-05,après-midi,,,06,06069,1,1,6,3,4,Voie communale,50.0,1
202400031007,2024-12-11,matin,,,77,77508,1,1,3,4,3,Départementale,80.0,1
202400031008,2024-11-09,soirée,,,03,03013,2,1,3,4,4,Voie communale,50.0,1
202400031009,2024-12-16,après-midi,,,77,77318,1,8,3,3,3,Départementale,80.0,2
202400031010,2024-11-08,après-midi,,,01,01289,1,1,3,4,3,Départementale,50.0,1
202400031011,2024-12-16,après-midi,,,78,78164,3,2,3,4,3,Départementale,70.0,2
202400031012,2024-11-08,après-midi,,,75,75117,1,1,6,4,4,Voie communale,50.0,1
202400031013,2024-12-15,matin,,,06,06157,2,7,4,4,7,Autre,50.0,1
202400031014,2024-12-16,après-midi,,,10,10004,1,2,1,4,3,Départementale,90.0,2
202400031015,2024-12-17,matin,,,67,67084,3,5,1,4,3,Départementale,80.0,1
202400031016,2024-11-25,soirée,,,57,57663,5,3,6,4,3,Départementale,50.0,2
202400031017,2024-11-08,après-midi,,,75,75120,1,1,6,4,4,Voie communale,30.0,1
202400031018,2024-12-17,matin,,,69,69246,1,5,3,3,3,Départementale,,1
202400031019,2024-11-08,après-midi,,,75,75120,1,8,3,4,4,Voie communale,,2
202400031020,2024-12-16,après-midi,,,17,17385,1,7,7,3,4,Voie communale,50.0,1
202400031021,2024-12-16,après-midi,,,33,33248,1,1,6,4,3,Départementale,50.0,1
202400031022,2024-11-09,nuit,,,75,75119,5,1,2,4,4,Voie communale,50.0,1
202400031023,2024-12-16,après-midi,,,33,33056,1,1,6,3,4,Voie communale,50.0,1
202400031024,2024-11-09,soirée,,,75,75115,5,1,3,4,4,Voie communale,30.0,1
202400031025,2024-12-16,matin,,,14,14529,1,2,6,4,3,Départementale,80.0,2
202400031026,2024-11-08,soirée,,,75,75115,5,1,2,4,4,Voie communale,30.0,1
202400031027,2024-12-17,nuit,,,22,22068,3,1,7,2,3,Départementale,80.0,1
202400031028,2024-11-08,soirée,,,75,75114,5,1,3,4,4,Voie communale,50.0,1
202400031029,2024-12-17,matin,,,76,76503,3,1,5,3,3,Départementale,80.0,2
202400031030,2024-11-08,soirée,,,75,75113,5,1,6,3,4,Voie communale,30.0,1
202400031031,2024-12-15,soirée,,,60,60139,3,2,2,4,3,Départementale,90.0,2
202400031032,2024-11-09,soirée,,,75,75109,5,1,3,4,4,Voie communale,30.0,1
202400031033,2024-12-16,après-midi,,,60,60120,3,2,2,4,3,Départementale,80.0,2
202400031034,2024-11-09,nuit,,,94,94078,5,1,1,4,2,Nationale,50.0,1
202400031035,2024-11-09,nuit,,,94,94068,5,1,1,3,3,Départementale,30.0,1
202400031036,2024-11-09,après-midi,,,94,94041,1,1,6,4,3,Départementale,50.0,1
202400031037,2024-11-09,matin,,,94,94041,1,1,3,4,3,Départementale,50.0,1
202400031038,2024-11-09,après-midi,,,94,94028,2,1,6,4,4,Voie communale,50.0,1
202400031039,2024-10-17,matin,,,69,69290,2,3,2,4,1,Autoroute,90.0,2
202400031040,2024-12-16,matin,,,33,33249,5,1,3,4,1,Autoroute,90.0,1
202400031041,2024-12-16,matin,,,91,91363,1,8,2,4,2,Nationale,110.0,2
202400031042,2024-12-16,nuit,,,78,78571,3,2,2,4,1,Autoroute,110.0,2
202400031043,2024-12-15,après-midi,,,92,92048,1,2,2,4,2,Nationale,90.0,2
202400031044,2024-12-15,nuit,,,78,78238,4,1,6,4,1,Autoroute,130.0,2
202400031045,2024-12-14,soirée,,,78,78640,3,2,2,4,1,Autoroute,90.0,2
202400031046,2024-11-18,soirée,,,92,92050,3,2,6,4,1,Autoroute,90.0,2
202400031047,2024-12-14,après-midi,,,95,95277,1,1,4,4,1,Autoroute,90.0,1
202400031048,2024-12-16,après-midi,,,94,94073,1,2,4,4,1,Autoroute,90.0,2
202400031049,2024-12-16,nuit,,,77,77438,3,2,6,4,1,Autoroute,90.0,2
202400031050,2024-09-27,après-midi,,,24,24322,1,1,3,3,4,Voie communale,50.0,1
202400031051,2024-05-16,après-midi,,,93,93029,1,8,6,4,4,Voie communale,,1
202400031052,2024-05-11,matin,,,93,93029,1,1,2,4,3,Départementale,50.0,1
202400031053,2024-05-09,soirée,,,93,93029,1,1,6,4,4,Voie communale,,1
202400031054,2024-09-27,matin,,,43,43157,1,1,3,4,4,Voie communale,50.0,1
202400031055,2024-09-19,soirée,,,43,43157,1,2,6,4,4,Voie communale,50.0,2
202400031056,2024-09-05,soirée,,,43,43157,1,1,3,4,4,Voie communale,50.0,1
202400031057,2024-09-11,soirée,,,14,14054,2,8,5,4,3,Départementale,50.0,2
202400031058,2024-07-13,matin,,,25,25315,1,1,6,3,4,Voie communale,50.0,1
202400031059,2024-12-15,matin,,,987,98735,1,1,3,3,4,Voie communale,50.0,1
202400031060,2024-12-15,après-midi,,,974,97409,1,1,3,4,3,Départementale,30.0,1
202400031061,2024-12-15,après-midi,,,972,97209,1,1,3,4,4,Voie communale,30.0,1
202400031062,2024-12-15,matin,,,972,97209,1,1,1,4,3,Départementale,50.0,1
202400031063,2024-12-15,après-midi,,,2B,2B037,1,1,3,3,2,Nationale,110.0,1
202400031064,2024-12-15,après-midi,,,971,97107,1,2,3,4,3,Départementale,50.0,2
202400031065,2024-12-14,après-midi,,,2A,2A004,1,8,2,4,3,Départementale,50.0,2
202400031066,2024-12-15,nuit,,,95,95539,5,1,4,4,3,Départementale,70.0,1
202400031067,2024-12-14,après-midi,,,95,95051,1,1,6,4,4,Voie communale,50.0,1
202400031068,2024-12-15,après-midi,,,91,91477,1,1,3,4,3,Départementale,50.0,1
202400031069,2024-12-15,après-midi,,,91,91687,1,1,3,4,3,Départementale,50.0,1
202400031070,2024-12-15,nuit,,,91,91286,5,1,6,4,3,Départementale,50.0,2
202400031071,2024-12-14,soirée,,,89,89387,5,1,3,3,3,Départementale,50.0,1
202400031072,2024-12-15,soirée,,,88,88160,5,8,3,4,3,Départementale,30.0,9
202400031073,2024-12-15,nuit,,,86,86194,5,1,6,4,4,Voie communale,30.0,1
202400031074,2024-12-14,après-midi,,,77,77284,5,1,6,4,3,Départementale,50.0,1
202400031075,2024-12-14,matin,,,74,74012,1,2,3,4,4,Voie communale,50.0,2
202400031076,2024-12-15,après-midi,,,67,67482,2,1,6,4,4,Voie communale,30.0,1
202400031077,2024-12-14,matin,,,65,65286,1,8,1,4,4,Voie communale,50.0,2
202400031078,2024-12-15,après-midi,,,64,64445,2,1,6,3,4,Voie communale,50.0,1
202400031079,2024-12-15,après-midi,,,64,64102,1,1,3,4,4,Voie communale,50.0,1
202400031080,2024-11-26,soirée,,,62,62765,5,1,3,4,4,Voie communale,50.0,2
202400031081,2024-12-15,après-midi,,,59,59378,1,1,3,4,7,Autre,50.0,1
202400031082,2024-12-14,après-midi,,,59,59566,1,1,2,3,7,Autre,50.0,1
202400031083,2024-12-14,nuit,,,59,59648,5,1,3,4,7,Autre,50.0,1
202400031084,2024-12-14,soirée,,,54,54079,4,8,3,4,3,Départementale,50.0,1
202400031085,2024-12-14,après-midi,,,54,54099,5,2,7,4,3,Départementale,50.0,2
202400031086,2024-12-13,après-midi,,,50,50502,1,8,3,4,4,Voie communale,50.0,1
202400031087,2024-12-14,nuit,,,47,47323,3,8,7,2,3,Départementale,80.0,1
202400031088,2024-12-15,soirée,,,42,42095,5,1,3,4,7,Autre,50.0,1
202400031089,2024-12-15,après-midi,,,37,37261,2,2,3,4,4,Voie communale,50.0,2
202400031090,2024-12-15,matin,,,33,33063,1,1,3,4,4,Voie communale,50.0,1
202400031091,2024-12-15,matin,,,29,29232,3,1,7,4,3,Départementale,50.0,2
202400031092,2024-12-15,nuit,,,29,29254,3,2,7,4,4,Voie communale,110.0,2
202400031093,2024-12-14,soirée,,,29,29039,4,1,1,3,4,Voie communale,50.0,1
202400031094,2024-12-16,nuit,,,26,26198,3,1,6,3,2,Nationale,80.0,1
202400031095,2024-12-13,après-midi,,,26,26198,1,1,6,4,4,Voie communale,50.0,1
202400031096,2024-12-10,après-midi,,,22,22113,3,2,3,4,4,Voie communale,50.0,2
202400031097,2024-12-15,après-midi,,,13,13212,1,1,7,3,4,Voie communale,30.0,1
202400031098,2024-12-15,soirée,,,06,06027,5,1,3,4,4,Voie communale,50.0,1
202400031099,2024-11-01,après-midi,,,05,05061,1,1,3,4,4,Voie communale,50.0,1
202400031100,2024-12-14,après-midi,,,01,01344,5,2,3,4,4,Voie communale,50.0,2
202400031101,2024-12-15,matin,,,75,75116,1,1,2,4,4,Voie communale,50.0,1
202400031102,2024-12-15,nuit,,,75,75120,5,1,2,4,4,Voie communale,50.0,2
202400031103,2024-12-14,après-midi,,,75,75113,5,1,3,4,4,Voie communale,50.0,1
202400031104,2024-12-14,après-midi,,,75,75120,2,1,2,4,4,Voie communale,50.0,2
202400031105,2024-12-13,matin,,,75,75115,1,1,4,3,4,Voie communale,50.0,1
202400031106,2024-03-05,matin,,,38,38052,1,1,3,4,3,Départementale,70.0,1
202400031107,2024-12-15,après-midi,,,75,75119,1,8,7,4,4,Voie communale,30.0,2
202400031108,2024-12-15,nuit,,,75,75119,5,2,3,4,4,Voie communale,30.0,2
202400031109,2024-03-04,matin,,,60,60494,1,1,5,3,3,Départementale,80.0,2
202400031110,2024-03-05,nuit,,,976,97608,3,1,7,3,3,Départementale,50.0,1
202400031111,2024-12-15,matin,,,75,75113,2,1,6,4,4,Voie communale,30.0,2
202400031112,2024-03-03,nuit,,,971,97116,5,2,6,3,2,Nationale,50.0,2
202400031113,2024-12-15,nuit,,,75,75112,5,2,2,4,4,Voie communale,30.0,2
202400031114,2024-02-29,matin,,,77,77107,1,2,1,3,3,Départementale,80.0,2
202400031115,2024-12-15,après-midi,,,75,75109,1,1,3,4,4,Voie communale,30.0,1
202400031116,2024-03-01,après-midi,,,95,95039,1,1,3,4,3,Départementale,50.0,1
202400031117,2024-12-15,matin,,,75,75107,1,1,6,4,4,Voie communale,30.0,2
202400031118,2024-03-05,soirée,,,83,83068,1,1,1,3,3,Départementale,70.0,1
202400031119,2024-12-15,après-midi,,,75,75101,5,1,6,4,4,Voie communale,30.0,1
202400031120,2024-12-08,nuit,,,75,75102,5,1,6,4,4,Voie communale,30.0,1
202400031121,2024-03-05,après-midi,,,83,83068,1,1,3,3,3,Départementale,70.0,1
202400031122,2024-12-14,soirée,,,94,94074,5,1,2,4,2,Nationale,50.0,1
202400031123,2024-03-05,matin,,,13,13015,1,1,3,4,3,Départementale,90.0,1
202400031124,2024-03-05,soirée,,,89,89099,5,1,1,4,4,Voie communale,50.0,1
202400031125,2024-12-14,après-midi,,,94,94073,5,2,5,4,3,Départementale,,2
202400031126,2024-12-15,après-midi,,,94,94055,1,1,1,4,3,Départementale,15.0,1
202400031127,2024-03-04,après-midi,,,69,69171,1,1,4,4,3,Départementale,50.0,1
202400031128,2024-03-04,matin,,,86,86123,1,7,6,3,3,Départementale,70.0,1
202400031129,2024-12-15,après-midi,,,93,93046,5,2,2,4,3,Départementale,50.0,2
202400031130,2024-03-05,matin,,,64,64230,1,2,6,3,6,Autre,50.0,2
202400031131,2024-12-15,matin,,,93,93027,1,1,2,4,3,Départementale,50.0,1
202400031132,2024-12-13,soirée,,,92,92050,5,8,6,3,3,Départementale,50.0,1
202400031133,2024-03-05,après-midi,,,22,22093,1,1,3,3,3,Départementale,50.0,1
202400031134,2024-12-15,après-midi,,,92,92040,1,1,1,4,3,Départementale,20.0,1
202400031135,2024-12-15,soirée,,,92,92026,5,2,2,4,3,Départementale,50.0,2
202400031136,2024-03-04,matin,,,83,83027,1,1,6,4,1,Autoroute,130.0,1
202400031137,2024-12-09,matin,,,33,33243,5,1,6,3,4,Voie communale,30.0,1
202400031138,2024-12-10,après-midi,,,33,33346,3,1,1,3,3,Départementale,80.0,1
202400031139,2024-03-03,soirée,,,78,78402,3,1,2,4,1,Autoroute,110.0,1
202400031140,2024-12-14,après-midi,,,41,41276,1,8,6,3,4,Voie communale,50.0,2
202400031141,2024-03-03,soirée,,,78,78007,3,1,2,4,1,Autoroute,110.0,1
202400031142,2024-12-13,après-midi,,,31,31299,1,2,6,3,3,Départementale,80.0,2
202400031143,2024-12-16,matin,,,05,05085,1,1,2,4,2,Nationale,80.0,7
202400031144,2024-03-02,soirée,,,78,78423,3,2,4,4,2,Nationale,110.0,2
202400031145,2024-12-13,soirée,,,01,01250,3,3,1,4,3,Départementale,70.0,2
202400031146,2024-12-15,nuit,,,83,83036,5,1,6,3,3,Départementale,50.0,1
202400031147,2024-12-14,soirée,,,83,83091,5,1,1,3,3,Départementale,30.0,1
202400031148,2024-03-04,matin,,,93,93005,3,1,5,4,1,Autoroute,90.0,1
202400031149,2024-12-15,soirée,,,57,57038,5,2,6,3,3,Départementale,30.0,2
202400031150,2024-03-03,nuit,,,93,93008,5,1,6,4,1,Autoroute,90.0,1
202400031151,2024-12-08,matin,,,80,80710,1,1,3,4,3,Départementale,80.0,1
202400031152,2024-03-04,soirée,,,77,77121,3,1,2,4,1,Autoroute,90.0,1
202400031153,2024-12-16,nuit,,,65,65116,3,1,7,4,3,Départementale,90.0,1
202400031154,2024-02-23,matin,,,47,47215,1,1,7,2,3,Départementale,50.0,1
202400031155,2024-12-14,matin,,,69,69169,1,2,6,4,3,Départementale,80.0,2
202400031156,2024-12-15,après-midi,,,11,11262,1,3,1,3,3,Départementale,80.0,2
202400031157,2024-01-17,matin,,,44,44109,1,1,3,4,2,Nationale,90.0,1
202400031158,2024-01-12,après-midi,,,44,44109,1,8,6,4,4,Voie communale,50.0,1
202400031159,2024-01-12,matin,,,44,44162,1,8,6,4,4,Voie communale,50.0,1
202400031160,2024-01-11,après-midi,,,44,44109,1,8,3,4,4,Voie communale,50.0,1
202400031161,2024-01-03,après-midi,,,44,44172,1,8,7,4,2,Nationale,90.0,1
202400031162,2024-03-03,matin,,,974,97416,1,2,2,4,2,Nationale,90.0,2
202400031163,2024-03-02,après-midi,,,974,97409,1,1,2,4,3,Départementale,50.0,1
202400031164,2024-03-02,nuit,,,973,97302,3,1,3,4,3,Départementale,50.0,1
202400031165,2024-03-03,soirée,,,69,69387,3,2,6,4,4,Voie communale,50.0,2
202400031166,2024-03-03,soirée,,,971,97105,3,1,3,4,3,Départementale,50.0,1
202400031167,2024-03-03,matin,,,95,95277,1,2,1,4,3,Départementale,50.0,2
202400031168,2024-03-03,matin,,,91,91687,1,1,5,4,3,Départementale,50.0,1
202400031169,2024-03-02,après-midi,,,83,83069,1,1,6,3,3,Départementale,50.0,1
202400031170,2024-03-03,matin,,,77,77517,2,2,1,4,3,Départementale,90.0,2
202400031171,2024-03-03,soirée,,,64,64445,5,3,3,4,4,Voie communale,30.0,2
202400031172,2024-03-03,matin,,,63,63113,5,2,3,3,4,Voie communale,30.0,2
202400031173,2024-03-03,nuit,,,62,62215,5,2,3,4,4,Voie communale,50.0,2
202400031174,2024-03-02,après-midi,,,45,45234,1,3,7,4,7,Autre,50.0,2
202400031175,2024-03-03,après-midi,,,45,45004,1,8,6,4,3,Départementale,50.0,2
202400031176,2024-03-03,après-midi,,,42,42044,1,4,3,4,7,Autre,50.0,5
202400031177,2024-03-03,après-midi,,,35,35278,1,1,2,4,4,Voie communale,50.0,1
202400031178,2024-03-03,soirée,,,31,31555,1,1,3,4,7,Autre,30.0,1
202400031179,2024-03-03,soirée,,,29,29039,5,1,7,3,4,Voie communale,50.0,1
202400031180,2024-03-03,nuit,,,28,28404,3,1,7,4,2,Nationale,80.0,2
202400031181,2024-03-03,après-midi,,,14,14118,1,1,3,4,4,Voie communale,50.0,1
202400031182,2024-03-03,nuit,,,13,13208,5,2,6,3,4,Voie communale,50.0,2
202400031183,2024-03-03,soirée,,,13,13005,5,2,3,4,4,Voie communale,50.0,2
202400031184,2024-03-03,soirée,,,75,75112,4,1,3,4,4,Voie communale,70.0,1
202400031185,2024-03-02,soirée,,,75,75116,3,2,2,4,4,Voie communale,70.0,2
202400031186,2024-03-02,après-midi,,,75,75115,1,2,3,4,4,Voie communale,70.0,2
202400031187,2024-03-02,après-midi,,,75,75112,2,2,4,4,4,Voie communale,70.0,2
202400031188,2024-03-01,après-midi,,,75,75116,5,1,2,4,4,Voie communale,70.0,1
202400031189,2024-03-03,après-midi,,,75,75117,1,1,6,4,4,Voie communale,30.0,1
202400031190,2024-03-03,matin,,,75,75116,5,2,3,4,4,Voie communale,50.0,2
202400031191,2024-03-03,après-midi,,,75,75115,1,1,4,4,4,Voie communale,30.0,1
202400031192,2024-03-03,matin,,,75,75114,1,8,3,4,4,Voie communale,30.0,1
202400031193,2024-03-02,nuit,,,75,75113,5,1,7,4,4,Voie communale,30.0,2
202400031194,2024-03-03,matin,,,75,75108,1,1,6,4,4,Voie communale,30.0,2
202400031195,2024-03-03,nuit,,,94,94078,5,2,2,4,2,Nationale,50.0,2
202400031196,2024-03-03,soirée,,,94,94043,5,1,6,4,3,Départementale,50.0,1
202400031197,2024-03-03,matin,,,94,94043,5,2,2,4,3,Départementale,,2
202400031198,2024-03-03,nuit,,,94,94041,5,2,6,4,3,Départementale,50.0,2
202400031199,2024-03-02,nuit,,,93,93008,5,2,3,4,3,Départementale,50.0,2
202400031200,2024-03-03,nuit,,,60,60531,3,1,1,3,3,Départementale,80.0,2
202400031201,2024-02-03,soirée,,,974,97404,3,1,6,3,3,Départementale,80.0,1
202400031202,2024-03-03,nuit,,,76,76404,3,1,6,4,3,Départementale,80.0,1
202400031203,2024-03-03,soirée,,,974,97410,3,2,4,4,2,Nationale,70.0,2
202400031204,2024-03-02,matin,,,56,56047,3,1,6,3,3,Départementale,80.0,2
202400031205,2024-03-04,après-midi,,,79,79216,1,2,1,3,3,Départementale,80.0,2
202400031206,2024-03-02,après-midi,,,82,82180,1,1,3,4,3,Départementale,80.0,1
202400031207,2024-03-03,soirée,,,82,82114,4,1,6,3,4,Voie communale,50.0,1
202400031208,2024-03-03,soirée,,,32,32301,3,1,3,3,3,Départementale,80.0,2
202400031209,2024-03-04,matin,,,71,71543,1,1,1,4,3,Départementale,50.0,1
202400031210,2024-03-03,matin,,,63,63432,1,2,7,3,3,Départementale,90.0,2
202400031211,2024-03-03,matin,,,68,68320,3,1,6,4,3,Départementale,80.0,1
202400031212,2024-03-04,matin,,,70,70421,1,1,1,3,2,Nationale,80.0,1
202400031213,2024-03-04,nuit,,,54,54491,3,1,7,4,3,Départementale,80.0,2
202400031214,2024-02-17,matin,,,14,14654,1,1,1,4,3,Départementale,80.0,1
202400031215,2024-03-02,soirée,,,14,14716,2,1,3,3,3,Départementale,80.0,1
202400031216,2024-03-04,après-midi,,,60,60245,1,1,3,4,3,Départementale,50.0,1
202400031217,2024-03-02,après-midi,,,45,45062,1,3,2,4,3,Départementale,90.0,2
202400031218,2024-03-02,nuit,,,43,43163,3,1,7,3,3,Départementale,90.0,1
202400031219,2024-03-03,après-midi,,,21,21416,1,1,7,3,3,Départementale,90.0,1
202400031220,2024-02-26,après-midi,,,87,87133,1,2,3,4,2,Nationale,80.0,2
202400031221,2024-03-04,après-midi,,,08,08121,1,1,1,4,3,Départementale,80.0,1
202400031222,2024-04-09,après-midi,,,76,76351,1,1,3,4,4,Voie communale,50.0,1
202400031223,2024-03-03,soirée,,,973,97309,5,1,1,4,3,Départementale,50.0,1
202400031224,2024-03-04,nuit,,,64,64141,3,3,2,4,1,Autoroute,130.0,2
202400031225,2024-04-10,après-midi,,,73,73011,1,1,2,4,3,Départementale,50.0,1
202400031226,2024-02-21,matin,,,67,67506,1,1,2,3,1,Autoroute,110.0,1
202400031227,2024-04-10,après-midi,,,71,71540,1,1,6,4,4,Voie communale,50.0,1
202400031228,2024-04-10,soirée,,,69,69259,1,1,6,4,4,Voie communale,30.0,1
202400031229,2024-03-03,après-midi,,,06,06150,1,3,6,4,1,Autoroute,90.0,2
202400031230,2024-03-03,nuit,,,987,98748,5,1,2,4,2,Nationale,40.0,1
202400031231,2024-04-10,soirée,,,69,69290,1,1,6,4,4,Voie communale,50.0,1
202400031232,2024-03-03,matin,,,987,98722,1,1,1,2,2,Nationale,80.0,1
202400031233,2024-04-10,après-midi,,,69,69290,1,1,3,4,7,Autre,50.0,1
202400031234,2024-03-02,soirée,,,987,98733,5,1,1,2,2,Nationale,60.0,1
202400031235,2024-04-10,matin,,,66,66136,1,6,6,4,4,Voie communale,50.0,1
202400031236,2024-04-09,après-midi,,,66,66136,1,1,3,4,3,Départementale,110.0,1
202400031237,2024-03-02,soirée,,,77,77145,3,3,3,4,3,Départementale,80.0,2
202400031238,2024-04-08,matin,,,65,65440,1,1,3,3,3,Départementale,50.0,1
202400031239,2024-02-22,nuit,,,73,73285,3,4,6,2,3,Départementale,80.0,5
202400031240,2024-04-10,après-midi,,,63,63113,1,1,6,4,4,Voie communale,30.0,1
202400031241,2024-02-27,matin,,,26,26313,1,1,3,3,4,Voie communale,50.0,1
202400031242,2024-04-10,après-midi,,,62,62894,1,1,3,3,3,Départementale,50.0,1
202400031243,2024-03-03,soirée,,,64,64430,4,2,3,3,4,Voie communale,50.0,2
202400031244,2024-04-10,après-midi,,,59,59009,1,7,1,3,4,Voie communale,50.0,1
202400031245,2024-03-04,après-midi,,,60,60612,1,1,6,3,3,Départementale,,1
202400031246,2024-04-10,soirée,,,59,59043,1,1,6,3,4,Voie communale,50.0,1
202400031247,2024-03-03,soirée,,,13,13210,5,1,2,4,1,Autoroute,90.0,2
202400031248,2024-04-10,après-midi,,,59,59043,1,1,6,4,3,Départementale,80.0,1
202400031249,2024-03-01,matin,,,83,83123,1,1,4,4,1,Autoroute,130.0,1
202400031250,2024-03-02,nuit,,,69,69149,3,1,3,4,7,Autre,70.0,1
202400031251,2024-04-09,soirée,,,58,58194,1,1,3,4,4,Voie communale,50.0,1
202400031252,2024-04-10,après-midi,,,57,57480,1,1,6,4,4,Voie communale,50.0,1
202400031253,2024-03-02,nuit,,,42,42207,3,1,5,4,1,Autoroute,110.0,1
202400031254,2024-03-03,matin,,,94,94037,4,2,3,4,1,Autoroute,50.0,2
202400031255,2024-04-09,après-midi,,,54,54482,1,1,2,4,4,Voie communale,50.0,1
202400031256,2024-03-03,nuit,,,91,91553,3,2,6,4,2,Nationale,90.0,2
202400031257,2024-04-09,après-midi,,,54,54482,1,1,6,4,4,Voie communale,50.0,1
202400031258,2024-03-02,soirée,,,92,92036,3,3,2,4,1,Autoroute,90.0,2
202400031259,2024-03-03,après-midi,,,95,95572,1,1,2,4,1,Autoroute,110.0,1
202400031260,2024-04-09,après-midi,,,54,54395,1,1,2,4,4,Voie communale,50.0,1