Num_Acc,date,time_of_day,lat,long,dep,com,lum,atm,col,severity_index,catr,catr_label,vma,surf
202400031261,2024-04-09,après-midi,,,54,54547,1,1,3,4,6,Autre,20.0,1
202400031262,2024-02-21,après-midi,,,93,93048,1,2,4,4,1,Autoroute,50.0,2
202400031263,2024-04-09,après-midi,,,54,54274,1,1,6,3,4,Voie communale,30.0,1
202400031264,2024-02-02,soirée,,,92,92036,3,2,3,4,1,Autoroute,90.0,2
202400031265,2024-04-10,matin,,,50,50218,1,1,2,4,3,Départementale,30.0,1
202400031266,2024-03-02,soirée,,,93,93027,3,2,3,3,1,Autoroute,90.0,2
202400031267,2024-04-10,matin,,,49,49007,2,1,3,4,4,Voie communale,50.0,1
202400031268,2024-03-02,soirée,,,95,95604,3,2,1,4,1,Autoroute,130.0,2
202400031269,2024-04-09,après-midi,,,49,49007,1,1,3,4,4,Voie communale,50.0,2
202400031270,2024-03-02,après-midi,,,93,93064,1,3,7,4,1,Autoroute,90.0,2
202400031271,2024-04-09,nuit,,,44,44184,3,1,2,3,3,Départementale,80.0,1
202400031272,2024-03-03,soirée,,,77,77438,3,1,6,4,1,Autoroute,110.0,1
202400031273,2024-04-10,soirée,,,42,42071,1,1,6,3,4,Voie communale,50.0,1
202400031274,2024-03-03,après-midi,,,77,77053,1,1,2,4,2,Nationale,90.0,1
202400031275,2024-04-09,soirée,,,41,41018,1,1,3,4,4,Voie communale,50.0,1
202400031276,2024-03-03,après-midi,,,94,94028,1,2,5,4,1,Autoroute,90.0,2
202400031277,2024-04-09,matin,,,38,38185,2,3,6,4,4,Voie communale,30.0,3
202400031278,2024-03-02,après-midi,,,94,94022,1,3,2,4,1,Autoroute,90.0,2
202400031279,2024-03-01,soirée,,,77,77169,3,3,2,4,2,Nationale,70.0,2
202400031280,2024-04-10,soirée,,,37,37261,2,1,3,4,4,Voie communale,50.0,1
202400031281,2024-03-02,soirée,,,92,92025,5,3,3,4,3,Départementale,30.0,2
202400031282,2024-02-28,matin,,,87,87065,1,1,3,4,3,Départementale,50.0,1
202400031283,2024-04-10,matin,,,37,37261,1,1,3,4,4,Voie communale,50.0,1
202400031284,2024-03-02,nuit,,,974,97407,3,1,7,4,2,Nationale,110.0,1
202400031285,2024-04-10,matin,,,37,37122,2,7,6,4,3,Départementale,70.0,1
202400031286,2024-03-02,matin,,,973,97302,1,1,3,4,2,Nationale,50.0,1
202400031287,2024-03-02,nuit,,,69,69382,5,1,6,3,7,Autre,50.0,1
202400031288,2024-04-09,après-midi,,,37,37261,1,1,3,4,4,Voie communale,50.0,1
202400031289,2024-02-16,après-midi,,,971,97101,1,1,5,4,2,Nationale,90.0,1
202400031290,2024-04-10,matin,,,35,35238,1,1,6,4,4,Voie communale,30.0,1
202400031291,2024-03-02,matin,,,91,91549,1,3,2,4,3,Départementale,50.0,2
202400031292,2024-02-26,après-midi,,,84,84031,1,1,3,4,4,Voie communale,50.0,1
202400031293,2024-04-10,nuit,,,33,33200,3,1,6,3,4,Voie communale,50.0,1
202400031294,2024-03-02,après-midi,,,30,30011,1,1,3,4,3,Départementale,70.0,1
202400031295,2024-04-10,nuit,,,31,31555,5,1,6,4,4,Voie communale,30.0,2
202400031296,2024-03-01,après-midi,,,83,83098,1,1,6,3,3,Départementale,50.0,1
202400031297,2024-03-02,après-midi,,,78,78551,1,2,3,4,2,Nationale,45.0,2
202400031298,2024-04-09,après-midi,,,31,31555,1,2,3,3,4,Voie communale,30.0,2
202400031299,2024-03-02,nuit,,,74,74012,5,1,3,4,4,Voie communale,50.0,1
202400031300,2024-04-10,matin,,,29,29232,1,2,6,4,3,Départementale,50.0,2
202400031301,2024-03-02,après-midi,,,71,71076,1,1,2,4,4,Voie communale,50.0,1
202400031302,2024-04-09,soirée,,,29,29019,1,1,6,4,4,Voie communale,50.0,1
202400031303,2024-01-20,après-midi,,,35,35238,1,1,6,4,4,Voie communale,30.0,1
202400031304,2024-03-01,nuit,,,65,65440,3,8,3,4,3,Départementale,50.0,1
202400031305,2024-04-09,matin,,,29,29019,1,1,3,4,4,Voie communale,50.0,1
202400031306,2024-01-20,après-midi,,,34,34172,1,1,3,4,4,Voie communale,50.0,1
202400031307,2024-03-02,après-midi,,,64,64445,1,2,6,4,4,Voie communale,50.0,2
202400031308,2024-01-19,après-midi,,,34,34172,1,1,2,4,4,Voie communale,50.0,1
202400031309,2024-04-09,après-midi,,,28,28134,1,1,5,4,2,Nationale,90.0,1
202400031310,2024-01-20,après-midi,,,31,31483,1,1,2,4,3,Départementale,50.0,1
202400031311,2024-04-10,soirée,,,28,28220,5,1,3,4,4,Voie communale,50.0,1
202400031312,2024-03-02,après-midi,,,63,63113,1,1,3,4,7,Autre,30.0,1
202400031313,2024-03-02,nuit,,,63,63014,3,1,7,4,7,Autre,50.0,1
202400031314,2024-01-20,après-midi,,,28,28220,1,1,3,3,4,Voie communale,50.0,1
202400031315,2024-03-01,matin,,,62,62753,2,1,7,4,3,Départementale,90.0,1
202400031316,2024-04-10,matin,,,27,27229,1,1,3,4,4,Voie communale,50.0,1
202400031317,2024-03-01,après-midi,,,61,61001,1,1,6,4,4,Voie communale,30.0,1
202400031318,2024-04-10,matin,,,26,26362,1,1,6,3,4,Voie communale,30.0,1
202400031319,2024-03-02,après-midi,,,59,59650,1,3,6,3,7,Autre,50.0,2
202400031320,2024-01-20,soirée,,,14,14118,5,1,3,4,4,Voie communale,50.0,1
202400031321,2024-02-12,matin,,,59,59368,1,1,3,4,7,Autre,50.0,1
202400031322,2024-04-10,matin,,,25,25462,1,1,6,4,4,Voie communale,50.0,1
202400031323,2024-03-01,nuit,,,59,59043,5,2,6,3,3,Départementale,50.0,2
202400031324,2024-01-19,après-midi,,,14,14118,1,9,3,4,4,Voie communale,50.0,7
202400031325,2024-01-20,nuit,,,13,13209,5,1,6,4,4,Voie communale,50.0,1
202400031326,2024-01-20,matin,,,11,11069,1,1,6,4,4,Voie communale,30.0,1
202400031327,2024-01-20,nuit,,,75,75116,5,1,6,4,4,Voie communale,70.0,1
202400031328,2024-03-02,matin,,,56,56162,1,7,6,3,3,Départementale,50.0,1
202400031329,2024-01-19,matin,,,75,75119,1,1,6,4,4,Voie communale,30.0,7
202400031330,2024-04-10,matin,,,25,25462,1,1,3,4,2,Nationale,80.0,1
202400031331,2024-03-02,soirée,,,54,54395,5,2,1,3,4,Voie communale,30.0,2
202400031332,2024-01-19,nuit,,,75,75116,5,1,6,4,4,Voie communale,30.0,1
202400031333,2024-03-02,après-midi,,,51,51172,1,1,2,4,4,Voie communale,50.0,1
202400031334,2024-01-20,après-midi,,,75,75115,5,1,6,4,4,Voie communale,30.0,1
202400031335,2024-04-10,matin,,,25,25056,1,1,3,4,4,Voie communale,50.0,1
202400031336,2024-03-03,nuit,,,44,44109,5,1,6,4,4,Voie communale,30.0,1
202400031337,2024-01-20,après-midi,,,75,75114,1,1,6,4,4,Voie communale,30.0,1
202400031338,2024-03-03,nuit,,,44,44035,3,1,1,4,2,Nationale,70.0,1
202400031339,2024-04-10,matin,,,25,25056,1,1,3,4,4,Voie communale,50.0,1
202400031340,2024-03-02,après-midi,,,38,38185,1,8,1,4,4,Voie communale,50.0,1
202400031341,2024-01-20,nuit,,,75,75114,5,1,2,4,4,Voie communale,50.0,1
202400031342,2024-04-10,après-midi,,,24,24037,1,1,6,3,4,Voie communale,30.0,1
202400031343,2024-04-10,matin,,,22,22187,1,8,6,4,4,Voie communale,50.0,1
202400031344,2024-01-20,après-midi,,,75,75113,1,1,7,4,4,Voie communale,30.0,1
202400031345,2024-03-02,après-midi,,,37,37261,1,3,4,4,4,Voie communale,50.0,3
202400031346,2024-03-28,matin,,,19,19272,1,1,3,4,3,Départementale,30.0,1
202400031347,2024-03-01,après-midi,,,37,37261,1,1,6,4,4,Voie communale,50.0,2
202400031348,2024-01-19,matin,,,75,75113,1,1,6,4,4,Voie communale,30.0,1
202400031349,2024-04-10,matin,,,13,13209,1,1,2,4,4,Voie communale,50.0,1
202400031350,2024-01-20,soirée,,,75,75111,5,1,6,4,4,Voie communale,30.0,1
202400031351,2024-03-02,après-midi,,,35,35278,1,1,3,4,4,Voie communale,80.0,1
202400031352,2024-04-10,après-midi,,,13,13063,1,1,3,4,7,Autre,50.0,1
202400031353,2024-01-20,nuit,,,75,75111,5,1,2,4,4,Voie communale,30.0,1
202400031354,2024-04-10,matin,,,11,11069,2,2,7,4,3,Départementale,80.0,2
202400031355,2024-03-02,après-midi,,,35,35238,1,1,4,4,2,Nationale,90.0,2
202400031356,2024-04-09,après-midi,,,11,11069,1,2,6,4,4,Voie communale,80.0,2
202400031357,2024-03-02,nuit,,,31,31555,5,1,7,2,4,Voie communale,30.0,1
202400031358,2024-01-20,nuit,,,94,94041,5,2,3,4,4,Voie communale,50.0,2
202400031359,2024-03-02,soirée,,,26,26362,2,1,1,4,4,Voie communale,50.0,1
202400031360,2024-04-09,matin,,,11,11069,1,8,1,4,3,Départementale,70.0,2
202400031361,2024-01-20,après-midi,,,94,94033,1,1,3,3,3,Départementale,50.0,1
202400031362,2024-04-09,soirée,,,10,10387,1,1,6,3,4,Voie communale,50.0,1
202400031363,2024-05-18,nuit,,,29,29254,3,1,6,4,2,Nationale,110.0,1
202400031364,2024-03-03,nuit,,,25,25056,5,1,3,4,4,Voie communale,50.0,1
202400031365,2024-05-18,matin,,,29,29019,1,1,6,4,4,Voie communale,30.0,1
202400031366,2024-01-20,soirée,,,94,94017,5,8,2,4,3,Départementale,50.0,7
202400031367,2024-04-10,après-midi,,,06,06088,1,1,1,4,4,Voie communale,50.0,1
202400031368,2024-03-02,après-midi,,,25,25056,1,1,3,3,3,Départementale,50.0,1
202400031369,2024-05-18,matin,,,29,29019,1,1,6,3,4,Voie communale,50.0,1
202400031370,2024-01-20,après-midi,,,94,94069,1,1,2,4,3,Départementale,50.0,1
202400031371,2024-04-10,soirée,,,06,06069,1,2,2,4,3,Départementale,50.0,2
202400031372,2024-05-17,après-midi,,,27,27375,1,1,6,4,4,Voie communale,50.0,1
202400031373,2024-01-19,soirée,,,94,94028,5,8,3,4,4,Voie communale,50.0,7
202400031374,2024-03-02,matin,,,22,22278,1,1,4,4,4,Voie communale,30.0,1
202400031375,2024-05-18,après-midi,,,22,22278,1,1,1,4,4,Voie communale,50.0,1
202400031376,2024-04-10,matin,,,06,06069,1,1,3,4,3,Départementale,30.0,1
202400031377,2024-01-20,matin,,,93,93066,5,1,1,4,3,Départementale,50.0,1
202400031378,2024-03-02,après-midi,,,18,18279,1,2,2,4,4,Voie communale,50.0,2
202400031379,2024-05-17,après-midi,,,22,22360,1,1,2,4,3,Départementale,70.0,1
202400031380,2024-03-13,matin,,,05,05061,1,1,6,3,3,Départementale,90.0,1
202400031381,2024-05-18,nuit,,,14,14225,5,1,1,3,4,Voie communale,50.0,1
202400031382,2024-01-20,soirée,,,93,93064,5,1,6,4,3,Départementale,50.0,1
202400031383,2024-05-17,nuit,,,11,11069,3,3,3,4,3,Départementale,70.0,2
202400031384,2024-04-10,soirée,,,75,75119,2,1,3,4,4,Voie communale,30.0,1
202400031385,2024-01-20,soirée,,,93,93031,5,9,3,4,3,Départementale,50.0,7
202400031386,2024-03-03,nuit,,,13,13206,5,3,3,3,4,Voie communale,50.0,2
202400031387,2024-04-10,matin,,,75,75119,1,1,6,4,4,Voie communale,30.0,1
202400031388,2024-05-19,nuit,,,10,10387,5,1,6,4,4,Voie communale,50.0,1
202400031389,2024-01-20,soirée,,,93,93014,5,9,6,4,3,Départementale,50.0,2
202400031390,2024-03-02,nuit,,,13,13213,5,2,1,3,4,Voie communale,50.0,2
202400031391,2024-01-20,après-midi,,,93,93005,1,1,6,4,6,Autre,30.0,1
202400031392,2024-04-10,matin,,,75,75118,1,1,6,4,4,Voie communale,30.0,1
202400031393,2024-03-02,matin,,,13,13201,1,1,2,4,4,Voie communale,50.0,1
202400031394,2024-01-20,après-midi,,,92,92062,1,1,2,4,3,Départementale,30.0,1
202400031395,2024-05-18,matin,,,09,09225,1,1,4,4,2,Nationale,80.0,1
202400031396,2024-04-10,matin,,,75,75115,1,1,6,4,4,Voie communale,30.0,1
202400031397,2024-03-02,nuit,,,13,13208,5,1,1,3,4,Voie communale,50.0,1
202400031398,2024-01-20,soirée,,,92,92024,5,1,6,4,3,Départementale,30.0,1
202400031399,2024-04-10,après-midi,,,75,75110,1,1,7,4,4,Voie communale,30.0,1
202400031400,2024-05-18,après-midi,,,06,06069,1,1,2,4,4,Voie communale,50.0,1
202400031401,2024-02-18,matin,,,13,13209,1,1,2,4,4,Voie communale,50.0,1
202400031402,2024-01-20,après-midi,,,01,01261,1,7,3,4,3,Départementale,80.0,1
202400031403,2024-05-17,après-midi,,,06,06123,1,1,2,4,7,Autre,70.0,1
202400031404,2024-04-10,soirée,,,75,75108,1,1,4,4,4,Voie communale,30.0,1
202400031405,2024-03-02,soirée,,,13,13001,3,2,1,4,4,Voie communale,50.0,2
202400031406,2024-05-18,nuit,,,05,05023,5,1,6,4,3,Départementale,30.0,1
202400031407,2024-01-20,nuit,,,62,62053,5,4,6,4,3,Départementale,50.0,7
202400031408,2024-03-02,matin,,,13,13001,1,1,2,3,4,Voie communale,50.0,1
202400031409,2024-04-10,après-midi,,,75,75108,1,1,6,4,4,Voie communale,30.0,1
202400031410,2024-05-17,après-midi,,,01,01053,1,1,3,4,4,Voie communale,50.0,1
202400031411,2024-01-21,matin,,,77,77235,1,1,6,4,1,Autoroute,110.0,1
202400031412,2024-03-01,après-midi,,,11,11262,1,1,3,4,4,Voie communale,30.0,1
202400031413,2024-05-18,soirée,,,75,75120,1,1,3,4,4,Voie communale,50.0,1
202400031414,2024-04-10,après-midi,,,75,75102,1,1,2,4,4,Voie communale,30.0,1
202400031415,2024-01-19,après-midi,,,972,97231,1,1,1,3,3,Départementale,50.0,1
202400031416,2024-03-02,soirée,,,06,06069,5,2,2,4,4,Voie communale,50.0,2
202400031417,2024-05-18,matin,,,75,75114,1,1,5,4,4,Voie communale,70.0,1
202400031418,2024-04-09,soirée,,,94,94081,1,2,3,4,3,Départementale,50.0,2
202400031419,2024-01-21,nuit,,,63,63116,3,8,6,3,3,Départementale,80.0,2
202400031420,2024-02-22,matin,,,05,05061,1,2,2,4,2,Nationale,50.0,2
202400031421,2024-04-08,soirée,,,94,94068,1,1,6,4,5,Autre,30.0,1
202400031422,2024-01-20,après-midi,,,86,86070,2,1,6,3,3,Départementale,80.0,1
202400031423,2024-05-17,soirée,,,75,75116,1,1,5,4,4,Voie communale,70.0,1
202400031424,2024-03-02,après-midi,,,05,05023,1,2,6,4,4,Voie communale,50.0,2
202400031425,2024-01-20,après-midi,,,85,85215,1,1,7,3,3,Départementale,80.0,1
202400031426,2024-04-10,matin,,,93,93078,1,1,2,4,3,Départementale,50.0,1
202400031427,2024-01-20,soirée,,,30,30315,3,1,7,3,2,Nationale,80.0,1
202400031428,2024-05-17,après-midi,,,75,75104,1,1,4,3,4,Voie communale,30.0,1
202400031429,2024-04-10,nuit,,,93,93071,5,1,6,4,4,Voie communale,30.0,1
202400031430,2024-03-01,après-midi,,,75,75112,1,1,2,4,4,Voie communale,70.0,1
202400031431,2024-05-18,nuit,,,75,75120,4,1,2,4,4,Voie communale,30.0,2
202400031432,2024-01-21,après-midi,,,30,30286,1,1,3,3,3,Départementale,80.0,1
202400031433,2024-03-01,après-midi,,,75,75106,2,8,6,3,4,Voie communale,30.0,1
202400031434,2024-04-10,après-midi,,,93,93048,1,1,6,4,4,Voie communale,30.0,1
202400031435,2024-05-18,nuit,,,75,75119,5,1,3,4,4,Voie communale,30.0,1
202400031436,2024-01-19,soirée,,,62,62817,3,4,1,3,3,Départementale,80.0,7
202400031437,2024-01-21,nuit,,,61,61303,3,4,6,3,1,Autoroute,130.0,7
202400031438,2024-05-18,matin,,,75,75116,1,1,6,4,4,Voie communale,30.0,1
202400031439,2024-04-10,après-midi,,,93,93046,1,1,3,4,3,Départementale,50.0,1
202400031440,2024-03-02,après-midi,,,75,75106,1,2,3,4,4,Voie communale,30.0,2
202400031441,2024-01-20,soirée,,,56,56040,3,1,1,3,3,Départementale,80.0,1
202400031442,2024-04-10,après-midi,,,93,93057,1,1,6,4,4,Voie communale,30.0,1
202400031443,2024-01-20,matin,,,11,11206,1,7,6,3,4,Voie communale,30.0,1
202400031444,2024-05-18,nuit,,,75,75116,5,1,3,4,4,Voie communale,30.0,1
202400031445,2024-03-02,après-midi,,,75,75118,2,3,6,4,4,Voie communale,30.0,2
202400031446,2024-05-18,nuit,,,75,75116,5,1,6,4,4,Voie communale,50.0,1
202400031447,2024-03-02,soirée,,,75,75117,5,2,1,4,4,Voie communale,30.0,2
202400031448,2024-04-10,soirée,,,93,93007,5,1,3,3,3,Départementale,50.0,1
202400031449,2024-05-18,après-midi,,,75,75115,1,1,6,4,4,Voie communale,30.0,1
202400031450,2024-03-02,nuit,,,75,75117,5,1,2,4,4,Voie communale,30.0,1
202400031451,2024-04-10,après-midi,,,93,93007,1,1,3,4,3,Départementale,50.0,1
202400031452,2024-01-20,après-midi,,,71,71468,1,1,3,3,3,Départementale,80.0,1
202400031453,2024-05-18,matin,,,75,75112,1,1,3,4,4,Voie communale,50.0,1
202400031454,2024-03-01,soirée,,,75,75116,5,2,6,4,4,Voie communale,30.0,2
202400031455,2024-04-10,matin,,,92,92073,1,1,2,4,3,Départementale,50.0,1
202400031456,2024-01-20,après-midi,,,63,63457,1,1,1,3,3,Départementale,90.0,1
202400031457,2024-03-02,après-midi,,,75,75115,1,3,7,4,4,Voie communale,30.0,2
202400031458,2024-05-18,nuit,,,75,75112,5,1,2,4,4,Voie communale,,1
202400031459,2024-04-10,matin,,,92,92062,1,1,6,4,3,Départementale,50.0,1
202400031460,2024-01-20,soirée,,,49,49125,5,1,3,3,4,Voie communale,50.0,1
202400031461,2024-05-18,soirée,,,75,75110,1,1,1,4,4,Voie communale,30.0,1
202400031462,2024-03-01,après-midi,,,75,75114,1,8,5,4,4,Voie communale,30.0,1
202400031463,2024-01-21,nuit,,,12,12167,3,1,7,4,3,Départementale,90.0,2
202400031464,2024-05-18,matin,,,75,75110,1,1,6,4,4,Voie communale,30.0,1
202400031465,2024-04-10,soirée,,,92,92051,1,1,2,3,2,Nationale,70.0,1
202400031466,2024-01-21,soirée,,,47,47239,2,1,6,4,3,Départementale,80.0,1
202400031467,2024-02-29,soirée,,,75,75114,5,2,2,4,4,Voie communale,50.0,2
202400031468,2024-05-17,soirée,,,75,75110,1,1,2,4,4,Voie communale,30.0,1
202400031469,2024-04-09,après-midi,,,92,92020,1,2,3,4,4,Voie communale,50.0,2
202400031470,2024-01-21,après-midi,,,44,44005,1,2,7,3,4,Voie communale,80.0,8
202400031471,2024-01-20,matin,,,03,03176,2,8,6,3,4,Voie communale,90.0,1
202400031472,2024-03-02,soirée,,,75,75104,5,2,3,4,4,Voie communale,30.0,2
202400031473,2024-05-17,nuit,,,75,75108,5,1,3,4,4,Voie communale,30.0,1
202400031474,2024-04-09,après-midi,,,92,92004,1,1,4,4,3,Départementale,50.0,1
202400031475,2024-01-19,après-midi,,,70,70428,3,1,2,3,2,Nationale,110.0,1
202400031476,2024-05-18,matin,,,75,75107,1,1,6,4,4,Voie communale,30.0,1
202400031477,2024-03-02,après-midi,,,75,75102,1,2,5,4,4,Voie communale,50.0,2
202400031478,2024-04-05,nuit,,,974,97415,3,1,3,3,2,Nationale,90.0,1
202400031479,2024-05-18,matin,,,94,94022,1,1,6,4,3,Départementale,50.0,1
202400031480,2024-01-20,nuit,,,70,70163,3,1,6,4,2,Nationale,70.0,1
202400031481,2024-04-10,après-midi,,,64,64061,1,1,7,4,3,Départementale,50.0,1
202400031482,2024-03-01,nuit,,,94,94081,5,2,5,4,3,Départementale,50.0,2
202400031483,2024-01-20,après-midi,,,72,72035,1,7,3,4,3,Départementale,90.0,1
202400031484,2024-05-18,matin,,,93,93050,1,1,1,4,3,Départementale,50.0,1
202400031485,2024-03-02,nuit,,,94,94068,5,2,6,3,3,Départementale,30.0,2
202400031486,2024-01-21,nuit,,,14,14591,3,9,6,3,4,Voie communale,80.0,7
202400031487,2024-04-10,soirée,,,38,38105,2,1,5,4,3,Départementale,80.0,1
202400031488,2024-05-18,nuit,,,93,93049,5,1,3,4,4,Voie communale,30.0,1
202400031489,2024-03-02,soirée,,,94,94041,5,2,3,4,4,Voie communale,,2
202400031490,2024-04-11,après-midi,,,56,56165,1,1,6,3,2,Nationale,30.0,1
202400031491,2024-05-18,après-midi,,,93,93031,1,1,6,4,3,Départementale,,1
202400031492,2024-01-16,matin,,,05,05017,2,1,1,3,3,Départementale,80.0,1
202400031493,2024-04-11,matin,,,74,74010,1,1,6,4,3,Départementale,50.0,1
202400031494,2024-01-20,après-midi,,,64,64010,1,1,3,3,3,Départementale,80.0,1
202400031495,2024-03-02,soirée,,,94,94046,5,2,1,4,3,Départementale,50.0,2
202400031496,2024-05-17,nuit,,,93,93031,5,1,3,3,3,Départementale,50.0,1
202400031497,2024-04-10,soirée,,,77,77026,1,1,7,4,3,Départementale,90.0,1
202400031498,2024-01-21,après-midi,,,07,07009,1,1,6,4,3,Départementale,90.0,1
202400031499,2024-05-17,nuit,,,92,92077,5,1,6,4,3,Départementale,30.0,1
202400031500,2024-03-02,matin,,,94,94017,2,2,2,4,4,Voie communale,50.0,2
202400031501,2024-05-18,après-midi,,,92,92048,1,1,2,4,3,Départementale,50.0,1
202400031502,2024-01-21,matin,,,40,40230,3,1,6,4,3,Départementale,30.0,9
202400031503,2024-05-18,nuit,,,92,92026,5,1,6,4,4,Voie communale,50.0,1
202400031504,2024-03-02,après-midi,,,93,93070,1,2,2,4,4,Voie communale,30.0,2
202400031505,2024-01-21,après-midi,,,40,40248,1,1,6,3,4,Voie communale,50.0,1
202400031506,2024-04-10,après-midi,,,49,49125,1,1,2,4,3,Départementale,80.0,1
202400031507,2024-03-02,soirée,,,93,93066,1,3,3,4,4,Voie communale,50.0,2
202400031508,2024-01-20,soirée,,,24,24408,3,1,1,3,3,Départementale,80.0,1
202400031509,2024-04-11,après-midi,,,68,68182,1,1,1,4,3,Départementale,80.0,1
202400031510,2024-05-18,après-midi,,,63,63026,1,1,2,4,3,Départementale,50.0,1
202400031511,2024-01-20,après-midi,,,28,28391,1,1,6,4,3,Départementale,80.0,1
202400031512,2024-03-02,après-midi,,,93,93057,1,2,3,4,3,Départementale,50.0,2
202400031513,2024-04-10,soirée,,,39,39510,2,1,2,4,3,Départementale,80.0,1
202400031514,2024-05-19,nuit,,,83,83154,5,1,6,3,3,Départementale,50.0,1
202400031515,2024-03-02,après-midi,,,93,93005,3,3,3,4,4,Voie communale,50.0,2
202400031516,2024-05-18,après-midi,,,41,41208,1,2,7,3,3,Départementale,80.0,2
202400031517,2024-04-09,matin,,,38,38399,1,3,5,4,3,Départementale,70.0,2
202400031518,2024-01-21,matin,,,80,80318,3,1,5,4,1,Autoroute,130.0,7
202400031519,2024-03-02,nuit,,,93,93005,5,2,2,4,4,Voie communale,50.0,2
202400031520,2024-01-21,après-midi,,,18,18148,1,1,7,2,1,Autoroute,130.0,1
202400031521,2024-05-18,nuit,,,972,97207,2,1,1,4,2,Nationale,90.0,1
202400031522,2024-03-02,après-midi,,,92,92046,1,3,3,4,3,Départementale,50.0,2
202400031523,2024-04-11,après-midi,,,01,01273,1,1,3,4,3,Départementale,50.0,1
202400031524,2024-01-20,nuit,,,987,98745,5,1,6,3,2,Nationale,60.0,1
202400031525,2024-05-18,nuit,,,972,97227,3,2,2,4,2,Nationale,80.0,2
202400031526,2024-01-20,après-midi,,,34,34172,1,1,7,3,1,Autoroute,90.0,1
202400031527,2024-05-18,soirée,,,88,88115,1,2,6,4,3,Départementale,50.0,2
202400031528,2024-03-02,après-midi,,,92,92033,1,2,3,4,4,Voie communale,50.0,2
202400031529,2024-04-11,matin,,,07,07078,1,1,3,4,4,Voie communale,50.0,1
202400031530,2024-01-21,nuit,,,28,28169,3,1,2,4,1,Autoroute,130.0,2
202400031531,2024-05-18,nuit,,,35,35152,3,1,2,4,1,Autoroute,130.0,1
202400031532,2024-05-17,matin,,,24,24309,1,1,3,3,1,Autoroute,130.0,1
202400031533,2024-04-10,après-midi,,,53,53062,1,1,1,4,3,Départementale,90.0,1
202400031534,2024-01-20,soirée,,,77,77343,3,1,3,4,3,Départementale,80.0,7
202400031535,2024-03-02,nuit,,,92,92012,5,1,3,4,3,Départementale,50.0,2
202400031536,2024-05-19,matin,,,56,56175,1,1,1,3,3,Départementale,50.0,1
202400031537,2024-01-21,matin,,,2B,2B055,3,1,6,3,2,Nationale,80.0,1
202400031538,2024-04-11,matin,,,30,30073,1,1,2,3,3,Départementale,80.0,1
202400031539,2024-01-20,nuit,,,54,54397,5,1,6,4,3,Départementale,50.0,1
202400031540,2024-03-02,nuit,,,39,39271,3,1,1,3,3,Départementale,50.0,1
202400031541,2024-05-19,matin,,,56,56251,1,1,2,4,2,Nationale,110.0,1
202400031542,2024-01-21,nuit,,,42,42304,5,1,6,4,4,Voie communale,50.0,1
202400031543,2024-04-05,après-midi,,,34,34116,1,1,3,3,7,Autre,,1
202400031544,2024-05-19,après-midi,,,69,69066,1,1,7,3,4,Voie communale,,1
202400031545,2024-03-03,après-midi,,,52,52469,1,1,7,4,3,Départementale,80.0,1
202400031546,2024-01-19,après-midi,,,42,42304,1,2,3,3,3,Départementale,50.0,2
202400031547,2024-05-19,matin,,,32,32242,1,1,7,4,3,Départementale,90.0,2
202400031548,2024-04-10,soirée,,,987,98715,4,1,1,3,4,Voie communale,40.0,2
202400031549,2024-05-19,nuit,,,22,22042,2,1,1,4,3,Départementale,80.0,1
202400031550,2024-01-21,matin,,,80,80421,1,1,2,4,1,Autoroute,130.0,1
202400031551,2024-04-10,soirée,,,38,38212,1,1,6,4,3,Départementale,50.0,1
202400031552,2024-04-25,soirée,,,29,29197,1,1,1,3,3,Départementale,50.0,1
202400031553,2024-01-20,après-midi,,,59,59315,1,9,3,3,3,Départementale,110.0,2
202400031554,2024-04-11,matin,,,01,01363,1,1,3,4,3,Départementale,80.0,1
202400031555,2024-05-18,soirée,,,38,38265,1,8,2,3,3,Départementale,30.0,1
202400031556,2024-01-19,soirée,,,13,13214,3,1,2,4,1,Autoroute,90.0,1
202400031557,2024-05-19,nuit,,,13,13045,5,1,1,4,4,Voie communale,30.0,1
202400031558,2024-04-11,matin,,,34,34295,1,1,2,4,7,Autre,90.0,1
202400031559,2024-05-19,après-midi,,,02,02558,1,1,7,3,3,Départementale,80.0,1
202400031560,2024-01-20,après-midi,,,94,94021,2,1,3,4,1,Autoroute,110.0,1
202400031561,2024-04-09,matin,,,13,13037,1,1,3,4,1,Autoroute,110.0,2
202400031562,2024-01-20,matin,,,91,91689,1,1,2,4,1,Autoroute,70.0,2
202400031563,2024-05-19,nuit,,,14,14057,3,1,6,4,3,Départementale,80.0,1
202400031564,2024-04-11,matin,,,34,34123,1,1,6,2,4,Voie communale,50.0,1
202400031565,2024-01-20,matin,,,91,91086,2,1,6,4,2,Nationale,110.0,1
202400031566,2024-05-19,matin,,,50,50076,1,1,7,4,4,Voie communale,,1
202400031567,2024-04-10,matin,,,987,98714,1,1,3,4,2,Nationale,40.0,1
202400031568,2024-01-19,soirée,,,94,94018,2,1,4,4,1,Autoroute,90.0,1
202400031569,2024-05-18,nuit,,,50,50082,5,1,1,3,3,Départementale,50.0,1
202400031570,2024-01-20,matin,,,988,98818,1,1,1,4,4,Voie communale,20.0,1
202400031571,2024-05-19,après-midi,,,83,83007,1,1,1,3,3,Départementale,90.0,1
202400031572,2024-01-19,matin,,,973,97302,1,1,2,4,2,Nationale,50.0,1
202400031573,2024-04-10,après-midi,,,988,98821,1,1,7,4,1,Autoroute,110.0,1