Num_Acc,date,time_of_day,lat,long,dep,com,lum,atm,col,severity_index,catr,catr_label,vma,surf
202400031574,2024-05-19,nuit,,,60,60471,3,1,7,4,3,Départementale,70.0,1
202400031575,2024-04-11,matin,,,33,33165,1,1,3,3,3,Départementale,80.0,1
202400031576,2024-01-18,soirée,,,973,97302,4,1,3,4,3,Départementale,50.0,1
202400031577,2024-05-18,après-midi,,,18,18164,1,1,3,3,3,Départementale,80.0,1
202400031578,2024-04-10,nuit,,,66,66176,3,1,7,3,3,Départementale,80.0,1
202400031579,2024-01-19,matin,,,69,69385,1,1,7,4,4,Voie communale,50.0,1
202400031580,2024-04-11,soirée,,,83,83047,2,7,6,3,3,Départementale,50.0,1
202400031581,2024-05-19,matin,,,07,07129,1,1,1,3,3,Départementale,90.0,1
202400031582,2024-01-18,après-midi,,,971,97105,1,1,3,4,3,Départementale,50.0,1
202400031583,2024-04-11,matin,,,13,13066,1,9,3,3,3,Départementale,80.0,1
202400031584,2024-01-19,nuit,,,91,91161,3,1,6,4,5,Autre,30.0,1
202400031585,2024-05-19,matin,,,17,17235,1,1,7,3,3,Départementale,50.0,1
202400031586,2024-05-19,nuit,,,23,23025,3,1,6,3,3,Départementale,90.0,2
202400031587,2024-01-19,matin,,,91,91097,2,1,3,4,3,Départementale,50.0,7
202400031588,2024-04-10,après-midi,,,13,13027,1,6,1,4,4,Voie communale,50.0,1
202400031589,2024-05-18,après-midi,,,87,87103,1,1,1,4,3,Départementale,70.0,1
202400031590,2024-04-11,nuit,,,26,26165,3,6,7,3,1,Autoroute,130.0,1
202400031591,2024-01-19,après-midi,,,91,91228,1,1,3,4,3,Départementale,50.0,1
202400031592,2024-01-16,soirée,,,91,91228,5,1,6,4,3,Départementale,50.0,1
202400031593,2024-01-19,après-midi,,,91,91223,1,1,7,4,3,Départementale,50.0,2
202400031594,2024-05-16,après-midi,,,30,30133,1,7,3,4,3,Départementale,80.0,1
202400031595,2024-04-10,après-midi,,,68,68300,1,1,3,4,1,Autoroute,,1
202400031596,2024-01-03,soirée,,,84,84007,5,1,6,3,4,Voie communale,50.0,1
202400031597,2024-05-01,soirée,,,67,67324,1,1,7,4,3,Départementale,,1
202400031598,2024-01-18,après-midi,,,83,83137,1,1,6,3,4,Voie communale,30.0,1
202400031599,2024-04-11,après-midi,,,42,42261,1,1,1,4,3,Départementale,70.0,1
202400031600,2024-05-18,matin,,,73,73068,1,1,6,4,1,Autoroute,130.0,1
202400031601,2024-04-11,matin,,,79,79048,1,8,1,4,3,Départementale,80.0,1
202400031602,2024-04-09,matin,,,14,14258,1,2,7,2,6,Autre,15.0,2
202400031603,2024-01-18,soirée,,,77,77458,5,2,6,4,4,Voie communale,50.0,2
202400031604,2024-05-19,soirée,,,69,69244,1,1,2,4,4,Voie communale,30.0,1
202400031605,2024-04-10,nuit,,,13,13206,5,1,7,3,1,Autoroute,50.0,1
202400031606,2024-01-19,nuit,,,76,76705,4,5,6,4,7,Autre,80.0,2
202400031607,2024-01-18,nuit,,,76,76351,5,4,3,4,3,Départementale,50.0,5
202400031608,2024-04-09,soirée,,,33,33122,1,1,2,3,1,Autoroute,110.0,1
202400031609,2024-05-17,après-midi,,,06,06085,1,1,3,4,4,Voie communale,50.0,1
202400031610,2024-01-19,après-midi,,,72,72181,1,1,2,4,3,Départementale,80.0,1
202400031611,2024-04-09,après-midi,,,33,33122,1,1,2,3,1,Autoroute,90.0,1
202400031612,2024-05-18,après-midi,,,14,14012,1,1,6,3,1,Autoroute,130.0,1
202400031613,2024-01-19,après-midi,,,72,72181,1,1,6,3,4,Voie communale,50.0,1
202400031614,2024-01-18,soirée,,,72,72181,3,9,7,4,4,Voie communale,70.0,7
202400031615,2024-05-18,nuit,,,971,97103,5,1,2,2,2,Nationale,90.0,1
202400031616,2024-04-10,soirée,,,91,91689,1,1,4,4,1,Autoroute,110.0,1
202400031617,2024-01-19,après-midi,,,69,69264,1,1,3,4,3,Départementale,50.0,1
202400031618,2024-04-10,après-midi,,,91,91174,1,1,2,4,2,Nationale,70.0,1
202400031619,2024-05-18,après-midi,,,973,97310,1,2,3,4,2,Nationale,70.0,2
202400031620,2024-01-19,après-midi,,,69,69290,1,1,3,4,7,Autre,50.0,1
202400031621,2024-04-09,matin,,,92,92048,1,1,3,4,2,Nationale,90.0,1
202400031622,2024-05-19,nuit,,,973,97305,3,2,1,3,2,Nationale,80.0,2
202400031623,2024-04-10,soirée,,,93,93064,2,1,7,4,1,Autoroute,90.0,9
202400031624,2024-01-18,après-midi,,,69,69290,1,2,3,4,4,Voie communale,30.0,2
202400031625,2024-05-19,matin,,,971,97116,1,1,2,3,4,Voie communale,50.0,1
202400031626,2024-04-10,soirée,,,95,95394,1,1,3,4,1,Autoroute,70.0,1
202400031627,2024-01-18,après-midi,,,66,66136,1,1,2,4,3,Départementale,70.0,1
202400031628,2024-05-18,soirée,,,971,97134,3,1,1,3,2,Nationale,80.0,1
202400031629,2024-04-10,matin,,,92,92036,1,1,2,4,1,Autoroute,90.0,1
202400031630,2024-01-18,soirée,,,63,63103,3,4,6,2,4,Voie communale,50.0,5
202400031631,2024-05-19,matin,,,83,83106,1,1,6,4,3,Départementale,80.0,1
202400031632,2024-04-10,matin,,,95,95527,1,1,6,4,1,Autoroute,110.0,1
202400031633,2024-01-16,après-midi,,,62,62771,1,7,6,4,4,Voie communale,30.0,1
202400031634,2024-01-19,matin,,,56,56162,3,8,6,4,4,Voie communale,50.0,7
202400031635,2024-05-18,matin,,,13,13099,1,1,2,4,3,Départementale,80.0,1
202400031636,2024-04-10,matin,,,77,77146,1,1,3,4,1,Autoroute,110.0,1
202400031637,2024-05-18,après-midi,,,71,71150,1,1,6,4,3,Départementale,50.0,2
202400031638,2024-05-18,nuit,,,88,88160,3,2,7,3,2,Nationale,110.0,2
202400031639,2024-01-18,après-midi,,,56,56121,1,1,3,4,4,Voie communale,30.0,1
202400031640,2024-05-17,soirée,,,88,88253,1,1,7,3,3,Départementale,50.0,1
202400031641,2024-04-09,matin,,,974,97411,1,1,3,3,3,Départementale,50.0,1
202400031642,2024-05-18,nuit,,,54,54351,3,1,6,3,3,Départementale,80.0,2
202400031643,2024-01-18,après-midi,,,56,56121,1,7,3,4,4,Voie communale,30.0,1
202400031644,2024-05-19,matin,,,63,63470,1,1,6,3,3,Départementale,20.0,1
202400031645,2024-04-08,après-midi,,,974,97411,1,1,5,4,4,Voie communale,30.0,1
202400031646,2024-05-19,nuit,,,38,38223,3,1,7,2,3,Départementale,50.0,1
202400031647,2024-01-18,matin,,,54,54495,2,2,4,4,7,Autre,80.0,2
202400031648,2024-05-19,nuit,,,69,69287,5,1,6,4,4,Voie communale,50.0,1
202400031649,2024-04-09,après-midi,,,974,97407,1,1,3,4,2,Nationale,90.0,1
202400031650,2024-01-19,soirée,,,53,53130,5,1,3,3,4,Voie communale,30.0,1
202400031651,2024-05-18,matin,,,33,33056,1,1,1,3,4,Voie communale,50.0,1
202400031652,2024-04-07,matin,,,974,97407,1,1,3,4,4,Voie communale,50.0,1
202400031653,2024-01-19,matin,,,51,51454,1,4,2,4,4,Voie communale,50.0,7
202400031654,2024-05-19,nuit,,,56,56152,3,1,6,2,4,Voie communale,70.0,1
202400031655,2024-04-09,après-midi,,,973,97302,1,2,7,4,3,Départementale,50.0,2
202400031656,2024-04-09,soirée,,,69,69387,1,2,7,3,4,Voie communale,30.0,2
202400031657,2024-05-19,soirée,,,02,02381,1,1,6,4,3,Départementale,80.0,1
202400031658,2024-01-18,soirée,,,49,49099,5,1,3,3,4,Voie communale,50.0,1
202400031659,2024-05-18,après-midi,,,59,59031,1,1,3,4,3,Départementale,50.0,1
202400031660,2024-01-19,après-midi,,,49,49007,1,1,6,4,4,Voie communale,50.0,1
202400031661,2024-04-09,matin,,,69,69388,1,2,1,4,4,Voie communale,30.0,2
202400031662,2024-05-18,après-midi,,,13,13207,1,1,7,4,1,Autoroute,50.0,1
202400031663,2024-01-18,après-midi,,,49,49007,1,1,2,4,4,Voie communale,50.0,1
202400031664,2024-04-09,matin,,,972,97213,1,1,2,4,3,Départementale,50.0,1
202400031665,2024-05-17,soirée,,,13,13015,1,1,2,4,1,Autoroute,90.0,1
202400031666,2024-01-19,matin,,,45,45169,3,1,6,4,4,Voie communale,,1
202400031667,2024-04-09,après-midi,,,972,97209,1,1,3,4,3,Départementale,50.0,1
202400031668,2024-01-19,après-midi,,,44,44184,1,1,4,4,4,Voie communale,50.0,1
202400031669,2024-05-17,après-midi,,,13,13071,1,1,2,4,1,Autoroute,90.0,1
202400031670,2024-04-09,après-midi,,,69,69384,1,8,1,4,4,Voie communale,30.0,2
202400031671,2024-01-19,soirée,,,44,44114,5,1,6,4,4,Voie communale,50.0,1
202400031672,2024-05-17,après-midi,,,13,13117,1,1,3,4,1,Autoroute,110.0,1
202400031673,2024-04-09,matin,,,2B,2B037,1,8,2,3,3,Départementale,70.0,1
202400031674,2024-01-19,après-midi,,,37,37261,1,1,2,4,7,Autre,70.0,1
202400031675,2024-05-17,nuit,,,83,83126,3,1,6,4,1,Autoroute,130.0,1
202400031676,2024-04-08,après-midi,,,2B,2B033,1,1,5,4,4,Voie communale,50.0,1
202400031677,2024-01-19,matin,,,37,37208,5,9,3,4,4,Voie communale,50.0,7
202400031678,2024-04-08,soirée,,,95,95585,1,1,6,4,4,Voie communale,50.0,1
202400031679,2024-01-20,nuit,,,35,35238,5,1,6,3,4,Voie communale,30.0,1
202400031680,2024-05-18,après-midi,,,33,33143,1,1,4,4,1,Autoroute,130.0,1
202400031681,2024-04-08,matin,,,91,91103,1,8,6,4,4,Voie communale,50.0,1
202400031682,2024-01-19,après-midi,,,35,35238,1,1,2,3,4,Voie communale,30.0,1
202400031683,2024-05-18,matin,,,94,94038,1,1,5,4,1,Autoroute,90.0,1
202400031684,2024-04-09,soirée,,,91,91326,1,1,3,4,3,Départementale,50.0,1
202400031685,2024-01-18,nuit,,,34,34172,5,1,2,4,4,Voie communale,50.0,1
202400031686,2024-07-24,matin,,,51,51217,1,1,5,3,3,Départementale,90.0,1
202400031687,2024-05-18,matin,,,93,93066,1,1,2,4,1,Autoroute,90.0,1
202400031688,2024-01-19,soirée,,,29,29232,5,1,7,4,4,Voie communale,50.0,7
202400031689,2024-04-09,nuit,,,91,91174,5,1,3,3,4,Voie communale,30.0,2
202400031690,2024-05-18,nuit,,,93,93048,3,1,2,4,1,Autoroute,70.0,1
202400031691,2024-01-19,après-midi,,,29,29232,1,1,3,4,3,Départementale,50.0,1
202400031692,2024-04-07,soirée,,,90,90099,2,1,3,3,4,Voie communale,50.0,1
202400031693,2024-05-17,matin,,,95,95277,1,1,2,4,1,Autoroute,90.0,1
202400031694,2024-01-17,matin,,,29,29019,1,3,6,4,7,Autre,50.0,2
202400031695,2024-07-25,matin,,,83,83086,1,1,2,3,3,Départementale,80.0,1
202400031696,2024-05-18,nuit,,,94,94052,5,1,6,4,1,Autoroute,90.0,1
202400031697,2024-04-08,matin,,,87,87085,2,2,6,4,4,Voie communale,30.0,2
202400031698,2024-02-17,après-midi,,,13,13106,1,1,2,3,4,Voie communale,50.0,1
202400031699,2024-04-07,soirée,,,87,87085,1,1,1,4,4,Voie communale,50.0,1
202400031700,2024-01-19,nuit,,,25,25056,5,1,1,4,3,Départementale,70.0,1
202400031701,2024-05-17,soirée,,,988,98818,3,2,6,2,1,Autoroute,50.0,2
202400031702,2024-01-19,nuit,,,22,22360,3,9,6,4,4,Voie communale,50.0,1
202400031703,2024-04-07,matin,,,87,87085,1,1,6,3,6,Autre,10.0,1
202400031704,2024-07-25,après-midi,,,26,26010,1,1,2,3,3,Départementale,80.0,1
202400031705,2024-05-17,matin,,,987,98736,1,1,2,4,4,Voie communale,30.0,1
202400031706,2024-01-19,après-midi,,,14,14118,1,1,7,2,4,Voie communale,50.0,1
202400031707,2024-04-09,après-midi,,,84,84007,1,8,6,4,4,Voie communale,50.0,2
202400031708,2024-05-17,après-midi,,,976,97611,1,1,7,4,4,Voie communale,30.0,1
202400031709,2024-07-25,matin,,,38,38419,1,1,6,3,3,Départementale,80.0,1
202400031710,2024-01-19,soirée,,,13,13019,3,1,1,4,7,Autre,70.0,1
202400031711,2024-04-09,matin,,,83,83069,1,2,2,4,3,Départementale,90.0,2
202400031712,2024-05-17,soirée,,,974,97416,5,1,3,4,4,Voie communale,50.0,1
202400031713,2024-01-19,soirée,,,13,13210,5,1,3,4,4,Voie communale,50.0,1
202400031714,2024-05-18,nuit,,,974,97411,5,1,7,4,2,Nationale,70.0,1
202400031715,2024-04-09,matin,,,81,81004,2,8,4,4,3,Départementale,70.0,2
202400031716,2024-01-19,matin,,,13,13208,1,1,3,3,4,Voie communale,50.0,1
202400031717,2024-04-08,soirée,,,80,80021,3,3,7,4,3,Départementale,80.0,2
202400031718,2024-07-13,matin,,,56,56102,1,1,7,2,4,Voie communale,80.0,1
202400031719,2024-01-18,nuit,,,13,13213,5,1,3,4,4,Voie communale,70.0,2
202400031720,2024-05-16,soirée,,,974,97411,5,1,1,4,4,Voie communale,50.0,1
202400031721,2024-04-08,après-midi,,,80,80021,1,1,3,4,4,Voie communale,50.0,1
202400031722,2024-01-18,matin,,,13,13201,4,1,3,4,4,Voie communale,50.0,2
202400031723,2024-07-25,soirée,,,2B,2B050,1,1,1,3,4,Voie communale,50.0,1
202400031724,2024-04-08,soirée,,,78,78440,1,1,6,4,3,Départementale,50.0,1
202400031725,2024-05-17,matin,,,973,97302,1,2,3,4,3,Départementale,50.0,2
202400031726,2024-01-19,soirée,,,13,13001,3,1,7,2,3,Départementale,90.0,2
202400031727,2024-01-19,après-midi,,,11,11069,1,1,6,4,4,Voie communale,30.0,1
202400031728,2024-05-15,après-midi,,,973,97302,1,1,5,4,4,Voie communale,50.0,1
202400031729,2024-04-09,après-midi,,,77,77288,1,1,6,4,4,Voie communale,80.0,1
202400031730,2024-01-19,matin,,,06,06088,1,1,6,3,4,Voie communale,30.0,1
202400031731,2024-07-24,matin,,,80,80005,1,1,3,4,3,Départementale,80.0,1
202400031732,2024-05-16,soirée,,,972,97213,5,1,3,4,2,Nationale,70.0,1
202400031733,2024-04-08,après-midi,,,73,73008,1,1,3,4,4,Voie communale,50.0,1
202400031734,2024-01-18,matin,,,06,06123,1,1,3,4,7,Autre,50.0,2
202400031735,2024-04-03,matin,,,73,73008,5,2,3,4,3,Départementale,50.0,2
202400031736,2024-01-18,soirée,,,75,75114,5,1,2,4,4,Voie communale,50.0,2
202400031737,2024-05-15,matin,,,971,97101,1,1,3,4,2,Nationale,90.0,1
202400031738,2024-07-25,matin,,,32,32107,1,1,5,4,3,Départementale,80.0,1
202400031739,2024-01-19,après-midi,,,75,75119,1,1,3,4,4,Voie communale,30.0,1
202400031740,2024-04-08,soirée,,,72,72181,1,1,7,4,3,Départementale,70.0,1
202400031741,2024-05-17,après-midi,,,95,95585,1,1,4,4,3,Départementale,80.0,1
202400031742,2024-01-19,nuit,,,75,75118,5,1,1,4,4,Voie communale,30.0,1
202400031743,2024-04-09,après-midi,,,71,71153,1,2,2,4,4,Voie communale,50.0,2
202400031744,2024-05-17,nuit,,,95,95555,5,1,3,4,3,Départementale,50.0,1
202400031745,2024-07-24,matin,,,11,11045,1,1,7,3,3,Départementale,80.0,1
202400031746,2024-01-19,soirée,,,75,75117,3,1,7,4,4,Voie communale,30.0,5
202400031747,2024-04-09,après-midi,,,69,69290,1,1,6,4,4,Voie communale,30.0,1
202400031748,2024-05-16,nuit,,,95,95127,3,1,6,3,3,Départementale,50.0,1
202400031749,2024-01-18,matin,,,75,75112,1,1,3,4,4,Voie communale,50.0,2
202400031750,2024-04-09,nuit,,,69,69029,3,3,3,4,4,Voie communale,50.0,2
202400031751,2024-05-17,après-midi,,,91,91201,1,1,3,4,6,Autre,30.0,1
202400031752,2024-01-21,matin,,,75,75110,5,1,3,4,4,Voie communale,30.0,7
202400031753,2024-07-25,matin,,,63,63148,1,5,3,4,3,Départementale,,1
202400031754,2024-04-08,soirée,,,69,69259,1,1,3,4,4,Voie communale,50.0,1
202400031755,2024-05-17,après-midi,,,91,91326,1,1,6,4,4,Voie communale,50.0,1
202400031756,2024-01-19,nuit,,,75,75108,5,1,1,4,4,Voie communale,30.0,2
202400031757,2024-05-17,matin,,,91,91326,1,1,3,4,3,Départementale,50.0,1
202400031758,2024-04-08,après-midi,,,67,67482,1,1,3,4,4,Voie communale,50.0,1
202400031759,2024-05-16,après-midi,,,89,89387,1,1,6,4,4,Voie communale,50.0,1
202400031760,2024-04-09,soirée,,,64,64445,2,1,6,4,4,Voie communale,50.0,1
202400031761,2024-07-24,matin,,,41,41059,1,1,1,3,3,Départementale,80.0,1
202400031762,2024-01-19,nuit,,,75,75103,5,1,6,4,4,Voie communale,30.0,1
202400031763,2024-05-17,soirée,,,88,88160,1,1,1,3,4,Voie communale,80.0,9
202400031764,2024-01-18,soirée,,,75,75103,5,1,2,4,4,Voie communale,30.0,1
202400031765,2024-05-16,nuit,,,87,87065,4,1,3,4,1,Autoroute,110.0,1
202400031766,2024-06-26,soirée,,,44,44108,1,1,3,4,3,Départementale,80.0,1
202400031767,2024-04-08,soirée,,,64,64269,1,8,4,4,3,Départementale,80.0,1
202400031768,2024-01-19,après-midi,,,94,94081,1,1,3,4,3,Départementale,50.0,1
202400031769,2024-05-17,matin,,,84,84035,1,1,3,4,3,Départementale,80.0,1
202400031770,2024-01-19,soirée,,,94,94042,5,1,3,4,3,Départementale,30.0,1
202400031771,2024-04-06,après-midi,,,63,63300,1,1,3,4,3,Départementale,50.0,1
202400031772,2024-05-16,matin,,,84,84007,1,1,1,4,4,Voie communale,50.0,1
202400031773,2024-01-19,matin,,,93,93049,1,1,6,4,3,Départementale,50.0,1
202400031774,2024-05-17,après-midi,,,80,80021,1,1,7,4,4,Voie communale,50.0,1
202400031775,2024-04-09,nuit,,,63,63113,5,1,3,4,4,Voie communale,50.0,1
202400031776,2024-07-25,matin,,,44,44128,1,1,5,3,3,Départementale,80.0,1
202400031777,2024-01-19,matin,,,94,94046,2,4,2,4,3,Départementale,50.0,7
202400031778,2024-05-16,nuit,,,80,80021,5,1,1,4,4,Voie communale,50.0,1
202400031779,2024-04-09,après-midi,,,63,63113,1,1,3,4,4,Voie communale,30.0,1
202400031780,2024-01-18,soirée,,,93,93073,3,9,6,4,4,Voie communale,70.0,7
202400031781,2024-05-17,matin,,,78,78481,1,1,6,4,3,Départementale,50.0,1
202400031782,2024-07-23,matin,,,35,35243,1,8,1,4,4,Voie communale,80.0,2
202400031783,2024-05-17,soirée,,,78,78297,5,1,6,4,4,Voie communale,50.0,1
202400031784,2024-01-19,matin,,,93,93064,1,1,6,4,3,Départementale,,7
202400031785,2024-04-06,soirée,,,62,62498,5,1,3,4,4,Voie communale,30.0,1
202400031786,2024-01-18,nuit,,,93,93051,5,8,3,4,4,Voie communale,50.0,9
202400031787,2024-04-09,soirée,,,62,62193,1,1,2,3,4,Voie communale,50.0,1
202400031788,2024-07-25,après-midi,,,29,29105,1,2,3,4,3,Départementale,50.0,2
202400031789,2024-05-17,nuit,,,77,77450,3,1,3,3,2,Nationale,70.0,1
202400031790,2024-01-19,matin,,,93,93007,5,4,3,4,4,Voie communale,50.0,2
202400031791,2024-05-17,soirée,,,77,77474,1,1,6,4,2,Nationale,90.0,1
202400031792,2024-09-01,après-midi,,,12,12059,1,1,1,4,3,Départementale,90.0,2
202400031793,2024-03-29,après-midi,,,62,62193,1,1,3,4,4,Voie communale,30.0,1
202400031794,2024-07-24,soirée,,,31,31341,2,1,3,3,3,Départementale,50.0,1
202400031795,2024-01-19,nuit,,,93,93005,5,4,1,4,4,Voie communale,50.0,7
202400031796,2024-05-16,après-midi,,,76,76552,1,1,2,4,4,Voie communale,50.0,1
202400031797,2024-01-19,soirée,,,92,92073,5,1,6,4,3,Départementale,50.0,2
202400031798,2024-08-31,après-midi,,,12,12208,1,1,3,3,3,Départementale,50.0,1
202400031799,2024-04-09,soirée,,,61,61143,1,1,3,4,3,Départementale,80.0,1
202400031800,2024-05-16,matin,,,71,71105,1,2,6,4,4,Voie communale,50.0,2
202400031801,2024-01-18,matin,,,92,92063,1,4,1,4,4,Voie communale,50.0,5
202400031802,2024-08-31,après-midi,,,41,41043,1,1,6,3,4,Voie communale,50.0,9
202400031803,2024-04-09,matin,,,59,59599,1,1,6,4,4,Voie communale,30.0,1
202400031804,2024-05-17,soirée,,,69,69266,1,1,6,3,4,Voie communale,30.0,1
202400031805,2024-07-25,soirée,,,58,58083,1,1,1,3,3,Départementale,30.0,1
202400031806,2024-05-17,soirée,,,69,69256,1,1,6,4,4,Voie communale,50.0,1
202400031807,2024-01-19,soirée,,,92,92050,5,8,2,4,3,Départementale,50.0,2
202400031808,2024-01-19,matin,,,92,92020,1,4,6,4,4,Voie communale,50.0,2
202400031809,2024-04-09,après-midi,,,59,59350,1,1,1,4,4,Voie communale,50.0,1
202400031810,2024-07-20,après-midi,,,14,14371,1,1,2,3,3,Départementale,90.0,1
202400031811,2024-05-17,matin,,,69,69290,1,1,3,4,4,Voie communale,50.0,1
202400031812,2024-01-19,après-midi,,,92,92048,1,1,2,4,4,Voie communale,50.0,2
202400031813,2024-05-16,matin,,,69,69199,1,2,3,3,4,Voie communale,30.0,2
202400031814,2024-07-24,après-midi,,,83,83147,1,1,1,3,3,Départementale,80.0,1
202400031815,2024-01-19,matin,,,92,92026,1,1,6,4,4,Voie communale,5.0,1
202400031816,2024-01-19,matin,,,92,92026,5,1,6,4,3,Départementale,50.0,7
202400031817,2024-05-16,après-midi,,,69,69259,1,3,3,4,7,Autre,50.0,2
202400031818,2024-07-25,après-midi,,,18,18061,1,1,2,2,2,Nationale,80.0,1
202400031819,2024-08-31,matin,,,44,44057,1,8,5,3,3,Départementale,80.0,2
202400031820,2024-07-24,matin,,,85,85234,2,1,1,3,3,Départementale,80.0,1
202400031821,2024-04-06,soirée,,,57,57221,5,1,5,4,3,Départementale,50.0,1
202400031822,2024-08-31,après-midi,,,38,38029,1,1,2,4,3,Départementale,70.0,1
202400031823,2024-07-25,après-midi,,,85,85051,1,7,3,3,3,Départementale,80.0,1
202400031824,2024-01-19,soirée,,,92,92024,5,4,7,4,3,Départementale,50.0,7
202400031825,2024-05-16,après-midi,,,69,69096,1,1,6,4,7,Autre,50.0,2
202400031826,2024-04-09,après-midi,,,56,56260,1,1,3,4,3,Départementale,50.0,2
202400031827,2024-08-31,nuit,,,02,02006,3,1,6,4,3,Départementale,50.0,1
202400031828,2024-07-23,après-midi,,,27,27192,1,1,1,3,3,Départementale,80.0,1
202400031829,2024-01-20,après-midi,,,60,60154,1,1,6,4,3,Départementale,50.0,2
202400031830,2024-04-08,après-midi,,,56,56121,1,1,6,4,4,Voie communale,30.0,1
202400031831,2024-05-17,après-midi,,,66,66136,1,1,5,3,4,Voie communale,50.0,1
202400031832,2024-01-19,matin,,,24,24297,1,9,2,3,3,Départementale,50.0,7
202400031833,2024-05-15,matin,,,37,37018,2,1,3,4,7,Autre,50.0,1
202400031834,2024-09-01,soirée,,,03,03212,1,1,1,3,3,Départementale,50.0,1
202400031835,2024-05-16,matin,,,64,64125,1,1,7,4,3,Départementale,50.0,1
202400031836,2024-04-08,matin,,,54,54395,1,1,3,4,4,Voie communale,50.0,1
202400031837,2024-01-19,après-midi,,,33,33327,1,1,1,4,3,Départementale,80.0,1
202400031838,2024-05-17,matin,,,63,63113,1,1,6,4,4,Voie communale,30.0,1
202400031839,2024-09-01,matin,,,01,01010,1,1,6,2,3,Départementale,80.0,1
202400031840,2024-07-25,après-midi,,,38,38195,1,1,1,2,3,Départementale,50.0,1
202400031841,2024-04-08,matin,,,54,54300,5,1,6,3,4,Voie communale,50.0,1
202400031842,2024-01-17,matin,,,01,01446,1,2,1,4,3,Départementale,80.0,2
202400031843,2024-05-09,soirée,,,62,62624,1,1,1,3,4,Voie communale,50.0,1
202400031844,2024-07-24,nuit,,,63,63082,2,1,6,4,1,Autoroute,50.0,1
202400031845,2024-08-31,matin,,,01,01280,1,1,3,3,3,Départementale,80.0,1
202400031846,2024-01-12,nuit,,,87,87122,3,1,2,3,1,Autoroute,130.0,1
202400031847,2024-04-08,soirée,,,51,51454,1,2,3,4,4,Voie communale,50.0,2
202400031848,2024-05-16,soirée,,,62,62186,1,1,3,4,3,Départementale,50.0,1
202400031849,2024-01-20,nuit,,,83,83131,3,1,6,3,3,Départementale,70.0,1
202400031850,2024-07-24,après-midi,,,18,18096,1,1,2,4,1,Autoroute,130.0,1
202400031851,2024-04-08,matin,,,50,50129,1,1,3,4,3,Départementale,80.0,1
202400031852,2024-05-16,soirée,,,62,62563,1,1,3,4,3,Départementale,50.0,1
202400031853,2024-08-31,après-midi,,,14,14754,1,1,3,4,3,Départementale,50.0,1
202400031854,2024-01-19,soirée,,,37,37233,5,1,6,2,1,Autoroute,90.0,1
202400031855,2024-04-07,après-midi,,,50,50129,1,1,6,4,9,Autre,50.0,1
202400031856,2024-05-15,après-midi,,,59,59178,2,1,6,4,4,Voie communale,50.0,1
202400031857,2024-07-18,nuit,,,30,30156,3,1,7,3,1,Autoroute,130.0,1
202400031858,2024-01-18,après-midi,,,51,51100,2,1,3,3,3,Départementale,80.0,5
202400031859,2024-05-16,soirée,,,57,57463,5,8,6,4,7,Autre,50.0,2
202400031860,2024-04-06,après-midi,,,50,50129,1,1,7,4,3,Départementale,50.0,1
202400031861,2024-01-20,après-midi,,,79,79225,1,1,3,3,3,Départementale,50.0,1
202400031862,2024-09-01,matin,,,09,09318,1,9,2,4,2,Nationale,80.0,2
202400031863,2024-05-16,après-midi,,,57,57463,1,1,6,4,4,Voie communale,50.0,1
202400031864,2024-04-04,soirée,,,49,49328,1,1,6,4,4,Voie communale,50.0,1
202400031865,2024-07-24,nuit,,,33,33005,5,1,7,3,4,Voie communale,30.0,1
202400031866,2024-05-17,matin,,,56,56098,2,1,3,4,3,Départementale,50.0,2
202400031867,2024-01-19,après-midi,,,79,79304,2,1,1,3,3,Départementale,50.0,1
202400031868,2024-04-08,matin,,,49,49007,1,1,3,4,4,Voie communale,30.0,2
202400031869,2024-01-20,après-midi,,,49,49048,2,1,1,3,3,Départementale,70.0,1
202400031870,2024-07-24,matin,,,77,77094,1,1,1,4,3,Départementale,50.0,1
202400031871,2024-08-31,soirée,,,18,18023,1,1,3,4,3,Départementale,50.0,1
202400031872,2024-05-16,après-midi,,,54,54265,1,1,6,4,7,Autre,50.0,1
202400031873,2024-04-08,matin,,,44,44114,1,1,6,2,6,Autre,30.0,1
202400031874,2024-01-19,après-midi,,,49,49167,2,1,7,3,3,Départementale,90.0,1
202400031875,2024-07-19,soirée,,,95,95675,1,1,6,4,4,Voie communale,50.0,1
202400031876,2024-08-25,soirée,,,10,10140,2,1,3,4,4,Voie communale,70.0,1
202400031877,2024-01-19,soirée,,,47,47271,3,1,3,3,3,Départementale,80.0,1
202400031878,2024-05-16,après-midi,,,54,54395,1,1,3,3,4,Voie communale,50.0,1
202400031879,2024-09-01,après-midi,,,07,07225,1,1,2,3,3,Départementale,80.0,1
202400031880,2024-04-09,soirée,,,38,38185,1,1,6,4,4,Voie communale,30.0,1
202400031881,2024-01-19,nuit,,,22,22289,3,9,6,2,3,Départementale,80.0,7
202400031882,2024-05-17,après-midi,,,51,51454,1,1,1,4,4,Voie communale,50.0,1
202400031883,2024-08-30,après-midi,,,27,27009,1,2,6,3,3,Départementale,80.0,2
202400031884,2024-02-16,après-midi,,,38,38151,1,1,6,3,4,Voie communale,50.0,1
202400031885,2024-01-19,après-midi,,,35,35329,1,7,1,4,3,Départementale,80.0,1
202400031886,2024-07-11,soirée,,,13,13076,1,1,3,3,3,Départementale,80.0,1
202400031887,2024-05-17,après-midi,,,51,51454,1,1,1,4,4,Voie communale,50.0,1