Num_Acc,date,time_of_day,lat,long,dep,com,lum,atm,col,severity_index,catr,catr_label,vma,surf
202400031888,2024-01-18,après-midi,,,29,29216,1,1,6,3,4,Voie communale,50.0,1
202400031889,2024-08-30,matin,,,87,87135,1,1,2,4,3,Départementale,80.0,1
202400031890,2024-04-04,après-midi,,,38,38053,1,2,3,4,3,Départementale,50.0,2
202400031891,2024-05-17,après-midi,,,49,49267,1,3,3,4,4,Voie communale,50.0,2
202400031892,2024-01-20,soirée,,,03,03212,3,1,1,4,2,Nationale,110.0,1
202400031893,2024-07-24,après-midi,,,70,70220,1,7,1,3,3,Départementale,90.0,1
202400031894,2024-09-01,matin,,,48,48099,1,1,7,3,4,Voie communale,50.0,1
202400031895,2024-04-09,soirée,,,35,35238,1,1,6,2,6,Autre,10.0,1
202400031896,2024-01-20,nuit,,,66,66142,3,1,6,3,3,Départementale,80.0,1
202400031897,2024-05-17,après-midi,,,37,37233,1,1,2,4,4,Voie communale,50.0,1
202400031898,2024-01-19,soirée,,,83,83025,3,1,7,4,3,Départementale,80.0,1
202400031899,2024-04-09,matin,,,35,35238,1,1,6,4,4,Voie communale,30.0,1
202400031900,2024-05-17,matin,,,37,37261,1,1,6,4,4,Voie communale,50.0,1
202400031901,2024-04-16,matin,,,68,68255,1,1,3,4,4,Voie communale,50.0,1
202400031902,2024-01-16,soirée,,,88,88010,3,1,3,4,1,Autoroute,130.0,1
202400031903,2024-04-07,nuit,,,34,34336,3,1,1,4,3,Départementale,90.0,1
202400031904,2024-05-17,matin,,,37,37233,2,1,3,4,4,Voie communale,50.0,1
202400031905,2024-09-01,après-midi,,,52,52182,1,1,1,3,3,Départementale,90.0,1
202400031906,2024-01-18,après-midi,,,987,98715,1,1,2,4,2,Nationale,90.0,1
202400031907,2024-05-17,nuit,,,34,34172,5,1,3,4,4,Voie communale,50.0,1
202400031908,2024-04-09,soirée,,,33,33550,5,2,1,4,4,Voie communale,80.0,2
202400031909,2024-01-20,soirée,,,13,13112,3,1,1,3,1,Autoroute,130.0,1
202400031910,2024-05-17,nuit,,,33,33522,5,1,2,4,4,Voie communale,50.0,1
202400031911,2024-07-25,matin,,,69,69023,1,1,3,4,3,Départementale,80.0,1
202400031912,2024-09-01,matin,,,08,08386,1,1,3,4,3,Départementale,80.0,1
202400031913,2024-04-09,après-midi,,,33,33162,1,8,1,4,4,Voie communale,50.0,1
202400031914,2024-01-19,après-midi,,,974,97420,1,1,5,3,3,Départementale,50.0,1
202400031915,2024-01-20,soirée,,,974,97408,5,1,6,3,3,Départementale,50.0,1
202400031916,2024-07-24,après-midi,,,81,81200,1,1,3,3,3,Départementale,90.0,1
202400031917,2024-08-31,soirée,,,08,08366,1,1,6,3,3,Départementale,50.0,1
202400031918,2024-05-17,après-midi,,,29,29039,1,1,3,3,3,Départementale,70.0,1
202400031919,2024-04-08,après-midi,,,33,33550,1,1,3,3,4,Voie communale,50.0,1
202400031920,2024-01-19,matin,,,972,97228,1,1,1,4,3,Départementale,80.0,1
202400031921,2024-08-30,soirée,,,13,13080,2,1,1,2,3,Départementale,90.0,1
202400031922,2024-05-23,après-midi,,,29,29019,1,1,2,4,4,Voie communale,50.0,1
202400031923,2024-07-24,matin,,,31,31395,1,1,2,3,4,Voie communale,50.0,1
202400031924,2024-01-19,après-midi,,,95,95139,1,4,1,4,3,Départementale,80.0,5
202400031925,2024-07-23,matin,,,76,76053,1,1,6,3,3,Départementale,80.0,1
202400031926,2024-05-17,après-midi,,,28,28134,1,1,3,4,4,Voie communale,50.0,1
202400031927,2024-09-01,nuit,,,978,97801,5,2,5,3,2,Nationale,50.0,2
202400031928,2024-01-19,soirée,,,91,91547,3,5,3,4,3,Départementale,80.0,1
202400031929,2024-04-08,après-midi,,,28,28085,1,1,2,4,4,Voie communale,30.0,1
202400031930,2024-07-25,après-midi,,,60,60116,1,1,5,4,3,Départementale,80.0,1
202400031931,2024-01-12,matin,,,34,34154,3,9,3,3,3,Départementale,50.0,7
202400031932,2024-01-01,soirée,,,06,06048,5,1,6,4,3,Départementale,,1
202400031933,2024-07-24,nuit,,,80,80561,4,1,7,4,3,Départementale,80.0,1
202400031934,2024-09-01,soirée,,,18,18138,1,1,2,4,1,Autoroute,50.0,1
202400031935,2024-05-17,après-midi,,,27,27229,1,1,6,4,4,Voie communale,50.0,1
202400031936,2024-07-17,nuit,,,80,80212,3,1,6,4,3,Départementale,80.0,1
202400031937,2024-05-17,soirée,,,25,25031,1,1,6,3,3,Départementale,20.0,1
202400031938,2024-08-31,après-midi,,,44,44048,1,1,6,3,1,Autoroute,130.0,1
202400031939,2024-01-19,soirée,,,13,13076,3,1,3,3,3,Départementale,80.0,1
202400031940,2024-07-22,soirée,,,57,57663,1,1,2,4,1,Autoroute,110.0,1
202400031941,2024-01-20,nuit,,,26,26179,3,1,2,4,1,Autoroute,130.0,1
202400031942,2024-05-17,soirée,,,25,25056,1,1,5,3,4,Voie communale,50.0,1
202400031943,2024-08-30,après-midi,,,44,44180,1,8,3,3,3,Départementale,80.0,1
202400031944,2024-07-24,après-midi,,,91,91687,1,1,3,4,1,Autoroute,110.0,1
202400031945,2024-05-17,matin,,,22,22113,1,8,6,4,4,Voie communale,80.0,1
202400031946,2024-08-31,soirée,,,33,33284,1,1,7,3,1,Autoroute,50.0,1
202400031947,2024-07-24,matin,,,91,91434,1,1,2,4,1,Autoroute,110.0,1
202400031948,2024-01-19,nuit,,,89,89438,3,1,4,3,1,Autoroute,130.0,1
202400031949,2024-05-17,matin,,,17,17306,1,8,3,4,4,Voie communale,50.0,2
202400031950,2024-07-23,nuit,,,92,92036,3,2,6,4,1,Autoroute,90.0,2
202400031951,2024-05-17,matin,,,14,14118,1,1,1,3,4,Voie communale,50.0,1
202400031952,2024-07-23,matin,,,92,92025,1,2,2,4,1,Autoroute,90.0,2
202400031953,2024-09-01,matin,,,64,64269,3,2,5,4,1,Autoroute,130.0,2
202400031954,2024-05-15,soirée,,,14,14118,1,1,7,3,4,Voie communale,50.0,1
202400031955,2024-07-22,matin,,,92,92047,1,1,5,4,1,Autoroute,90.0,1
202400031956,2024-08-31,nuit,,,49,49298,3,1,2,4,1,Autoroute,110.0,1
202400031957,2024-05-17,matin,,,13,13214,1,1,3,4,4,Voie communale,50.0,1
202400031958,2024-07-24,soirée,,,93,93008,1,1,3,4,1,Autoroute,90.0,1
202400031959,2024-07-24,après-midi,,,95,95682,1,1,7,4,2,Nationale,110.0,1
202400031960,2024-01-04,matin,,,13,13213,2,1,3,4,4,Voie communale,50.0,1
202400031961,2024-08-31,soirée,,,34,34123,1,1,1,3,7,Autre,50.0,1
202400031962,2024-05-22,après-midi,,,74,74012,1,1,3,4,4,Voie communale,50.0,1
202400031963,2024-05-17,matin,,,13,13215,1,1,1,4,4,Voie communale,50.0,1
202400031964,2024-07-26,matin,,,987,98714,1,1,3,4,2,Nationale,,1
202400031965,2024-05-21,matin,,,74,74118,1,1,3,4,4,Voie communale,50.0,1
202400031966,2024-05-17,nuit,,,13,13215,5,1,3,4,4,Voie communale,50.0,1
202400031967,2024-08-31,soirée,,,973,97304,2,1,7,2,4,Voie communale,80.0,1
202400031968,2024-03-28,après-midi,,,73,73011,1,1,2,4,4,Voie communale,50.0,1
202400031969,2024-05-16,après-midi,,,13,13208,1,1,5,2,4,Voie communale,30.0,1
202400031970,2024-08-31,soirée,,,77,77257,3,1,6,2,3,Départementale,80.0,1
202400031971,2024-03-19,matin,,,73,73011,1,1,3,4,3,Départementale,50.0,1
202400031972,2024-04-30,soirée,,,14,14480,1,1,3,4,3,Départementale,70.0,1
202400031973,2024-05-17,après-midi,,,11,11262,1,1,2,3,3,Départementale,70.0,1
202400031974,2024-09-01,soirée,,,2B,2B134,2,1,7,3,3,Départementale,50.0,1
202400031975,2024-01-01,nuit,,,974,97409,3,3,7,3,4,Voie communale,50.0,2
202400031976,2024-08-31,matin,,,34,34289,1,1,7,3,3,Départementale,50.0,8
202400031977,2024-05-17,après-midi,,,11,11262,1,1,6,3,4,Voie communale,50.0,1
202400031978,2024-08-31,nuit,,,83,83115,5,1,6,3,3,Départementale,50.0,1
202400031979,2024-07-23,matin,,,974,97416,1,1,4,4,2,Nationale,110.0,1
202400031980,2024-05-17,matin,,,11,11069,1,1,2,4,3,Départementale,80.0,1
202400031981,2024-09-01,après-midi,,,83,83008,1,1,7,2,3,Départementale,50.0,1
202400031982,2024-07-23,matin,,,974,97411,1,1,6,4,4,Voie communale,30.0,1
202400031983,2024-05-17,matin,,,10,10387,1,1,3,4,4,Voie communale,50.0,1
202400031984,2024-07-23,matin,,,69,69386,1,1,5,4,4,Voie communale,50.0,1
202400031985,2024-08-31,matin,,,21,21200,1,1,2,3,4,Voie communale,30.0,1
202400031986,2024-05-16,après-midi,,,10,10333,1,1,2,4,4,Voie communale,30.0,1
202400031987,2024-07-23,matin,,,972,97213,1,3,4,4,1,Autoroute,90.0,2
202400031988,2024-09-01,soirée,,,03,03298,1,1,3,4,3,Départementale,50.0,1
202400031989,2024-05-17,soirée,,,09,09013,1,8,4,4,2,Nationale,70.0,1
202400031990,2024-07-19,soirée,,,972,97213,1,3,4,4,1,Autoroute,90.0,2
202400031991,2024-09-01,après-midi,,,60,60619,1,1,7,3,4,Voie communale,80.0,1
202400031992,2024-07-23,nuit,,,69,69382,5,1,3,4,4,Voie communale,30.0,1
202400031993,2024-05-15,matin,,,06,06069,1,1,4,4,4,Voie communale,50.0,1
202400031994,2024-05-17,matin,,,01,01053,1,1,6,3,4,Voie communale,50.0,1
202400031995,2024-04-06,matin,,,971,97101,1,1,7,3,4,Voie communale,50.0,1
202400031996,2024-08-25,nuit,,,13,13022,3,1,3,4,1,Autoroute,90.0,1
202400031997,2024-05-17,soirée,,,75,75118,1,2,2,4,4,Voie communale,50.0,2
202400031998,2024-07-20,après-midi,,,971,97101,1,1,2,4,2,Nationale,50.0,1
202400031999,2024-08-31,matin,,,13,13215,3,1,7,4,1,Autoroute,90.0,1
202400032000,2024-05-17,matin,,,75,75117,1,1,2,4,4,Voie communale,70.0,1
202400032001,2024-07-22,soirée,,,91,91114,1,1,3,3,3,Départementale,50.0,1
202400032002,2024-08-30,soirée,,,13,13202,1,1,3,4,1,Autoroute,50.0,1
202400032003,2024-05-17,soirée,,,75,75120,1,2,3,4,4,Voie communale,30.0,2
202400032004,2024-07-22,soirée,,,87,87085,1,1,7,3,4,Voie communale,50.0,1
202400032005,2024-05-17,après-midi,,,75,75118,1,1,3,4,4,Voie communale,30.0,1
202400032006,2024-08-30,soirée,,,83,83126,1,1,5,4,1,Autoroute,70.0,1
202400032007,2024-07-22,après-midi,,,86,86066,1,1,3,4,4,Voie communale,50.0,1
202400032008,2024-05-17,soirée,,,75,75117,1,8,6,4,4,Voie communale,30.0,1
202400032009,2024-07-22,nuit,,,83,83069,5,1,6,4,3,Départementale,50.0,1
202400032010,2024-05-17,après-midi,,,75,75114,1,1,2,4,4,Voie communale,50.0,1
202400032011,2024-08-31,soirée,,,69,69091,3,1,4,4,1,Autoroute,70.0,1
202400032012,2024-07-15,nuit,,,83,83118,5,1,6,3,3,Départementale,50.0,1
202400032013,2024-05-17,matin,,,75,75113,1,1,3,4,4,Voie communale,30.0,1
202400032014,2024-07-21,matin,,,80,80021,1,1,7,4,4,Voie communale,50.0,1
202400032015,2024-08-07,matin,,,69,69009,1,1,3,4,1,Autoroute,110.0,1
202400032016,2024-05-17,après-midi,,,75,75112,1,1,6,4,4,Voie communale,50.0,1
202400032017,2024-07-23,nuit,,,78,78299,5,1,3,4,3,Départementale,50.0,1
202400032018,2024-05-16,soirée,,,75,75112,5,1,6,4,4,Voie communale,50.0,1
202400032019,2024-08-31,nuit,,,69,69029,3,1,2,4,1,Autoroute,90.0,1
202400032020,2024-07-23,après-midi,,,77,77390,1,1,3,4,4,Voie communale,30.0,2
202400032021,2024-05-17,nuit,,,75,75108,5,1,6,4,4,Voie communale,30.0,1
202400032022,2024-07-23,nuit,,,77,77243,5,1,7,4,4,Voie communale,30.0,1
202400032023,2024-05-16,soirée,,,75,75108,1,1,1,4,4,Voie communale,30.0,1
202400032024,2024-08-19,nuit,,,67,67482,3,1,4,4,7,Autre,90.0,1
202400032025,2024-07-21,matin,,,76,76157,1,1,1,3,7,Autre,50.0,1
202400032026,2024-08-31,soirée,,,33,33122,1,1,2,4,1,Autoroute,130.0,1
202400032027,2024-07-19,soirée,,,76,76447,1,1,6,4,3,Départementale,90.0,1
202400032028,2024-07-19,nuit,,,76,76351,5,1,3,4,4,Voie communale,50.0,1
202400032029,2024-08-31,après-midi,,,33,33487,1,1,2,4,1,Autoroute,130.0,1
202400032030,2024-07-23,après-midi,,,73,73065,1,1,3,4,4,Voie communale,50.0,1
202400032031,2024-08-31,soirée,,,91,91136,1,1,7,4,2,Nationale,90.0,1
202400032032,2024-07-22,après-midi,,,72,72181,1,1,6,3,4,Voie communale,1.0,1
202400032033,2024-08-31,matin,,,94,94038,1,1,3,4,1,Autoroute,90.0,1
202400032034,2024-07-22,après-midi,,,72,72181,1,1,6,4,4,Voie communale,70.0,1
202400032035,2024-08-30,après-midi,,,92,92072,1,2,6,4,2,Nationale,70.0,2
202400032036,2024-07-22,soirée,,,71,71270,1,1,7,4,4,Voie communale,50.0,9
202400032037,2024-08-31,après-midi,,,93,93010,1,1,2,4,1,Autoroute,90.0,1
202400032038,2024-07-22,nuit,,,71,71076,5,1,3,4,4,Voie communale,50.0,1
202400032039,2024-08-31,après-midi,,,95,95277,1,1,2,4,3,Départementale,110.0,1
202400032040,2024-07-23,matin,,,69,69092,1,1,3,2,3,Départementale,50.0,1
202400032041,2024-08-31,nuit,,,93,93053,3,1,3,4,1,Autoroute,90.0,1
202400032042,2024-08-31,nuit,,,93,93027,5,1,6,4,1,Autoroute,90.0,1
202400032043,2024-07-22,soirée,,,69,69029,1,1,1,4,4,Voie communale,50.0,1
202400032044,2024-08-31,nuit,,,93,93066,3,1,2,4,1,Autoroute,90.0,1
202400032045,2024-07-22,matin,,,67,67447,1,1,3,4,7,Autre,50.0,1
202400032046,2024-08-30,soirée,,,95,95154,3,2,6,4,1,Autoroute,50.0,2
202400032047,2024-07-22,après-midi,,,66,66136,1,1,3,4,3,Départementale,80.0,1
202400032048,2024-08-30,après-midi,,,93,93008,1,9,4,4,1,Autoroute,90.0,2
202400032049,2024-07-23,matin,,,65,65286,1,1,6,4,4,Voie communale,50.0,1
202400032050,2024-08-30,matin,,,95,95604,1,1,3,4,1,Autoroute,130.0,1
202400032051,2024-07-23,matin,,,64,64445,1,1,3,4,3,Départementale,70.0,1
202400032052,2024-07-22,après-midi,,,64,64445,1,7,3,4,4,Voie communale,,1
202400032053,2024-08-30,soirée,,,94,94069,3,1,4,4,1,Autoroute,90.0,1
202400032054,2024-08-29,après-midi,,,987,98735,1,1,3,4,4,Voie communale,50.0,1
202400032055,2024-07-23,après-midi,,,64,64122,1,1,2,4,3,Départementale,30.0,1
202400032056,2024-07-23,après-midi,,,64,64024,1,1,3,4,4,Voie communale,30.0,1
202400032057,2024-08-30,nuit,,,974,97411,5,2,3,4,4,Voie communale,50.0,2
202400032058,2024-08-30,matin,,,973,97302,1,1,3,4,2,Nationale,50.0,1
202400032059,2024-07-22,après-midi,,,62,62826,1,1,2,4,4,Voie communale,50.0,1
202400032060,2024-08-30,nuit,,,973,97302,5,1,6,4,4,Voie communale,50.0,1
202400032061,2024-07-23,matin,,,59,59527,1,1,3,4,7,Autre,50.0,1
202400032062,2024-08-29,matin,,,973,97302,1,1,3,4,3,Départementale,50.0,1
202400032063,2024-07-14,matin,,,59,59272,1,1,3,4,4,Voie communale,50.0,1
202400032064,2024-08-30,après-midi,,,69,69387,1,1,3,4,4,Voie communale,30.0,1
202400032065,2024-07-22,après-midi,,,59,59122,1,1,3,3,3,Départementale,50.0,1
202400032066,2024-08-30,après-midi,,,972,97209,1,1,7,4,4,Voie communale,50.0,1
202400032067,2024-07-22,après-midi,,,54,54395,1,1,2,4,4,Voie communale,50.0,1
202400032068,2024-08-30,matin,,,971,97101,1,1,2,4,3,Départementale,50.0,1
202400032069,2024-07-22,nuit,,,51,51573,5,1,7,4,4,Voie communale,30.0,1
202400032070,2024-07-12,après-midi,,,51,51663,1,1,3,3,3,Départementale,50.0,1
202400032071,2024-08-30,après-midi,,,91,91027,1,2,2,4,3,Départementale,50.0,2
202400032072,2024-07-23,matin,,,49,49328,1,8,3,3,4,Voie communale,30.0,1
202400032073,2024-08-29,nuit,,,83,83123,5,1,7,3,4,Voie communale,50.0,1
202400032074,2024-08-30,matin,,,81,81033,1,1,2,4,3,Départementale,50.0,1
202400032075,2024-07-23,soirée,,,46,46191,1,1,3,4,4,Voie communale,50.0,1
202400032076,2024-08-29,matin,,,80,80021,1,1,6,4,6,Autre,30.0,1
202400032077,2024-08-29,nuit,,,80,80021,5,1,7,3,4,Voie communale,50.0,1
202400032078,2024-07-22,après-midi,,,44,44109,1,1,3,4,4,Voie communale,50.0,1
202400032079,2024-07-23,soirée,,,44,44055,1,1,6,4,4,Voie communale,30.0,1
202400032080,2024-08-29,après-midi,,,76,76351,1,1,3,4,4,Voie communale,50.0,1
202400032081,2024-07-22,matin,,,42,42110,1,1,3,3,4,Voie communale,30.0,1
202400032082,2024-08-29,soirée,,,76,76481,1,1,7,2,3,Départementale,50.0,1
202400032083,2024-07-23,nuit,,,42,42184,5,1,6,4,4,Voie communale,50.0,1
202400032084,2024-08-30,soirée,,,69,69266,1,1,6,4,4,Voie communale,30.0,1
202400032085,2024-08-30,après-midi,,,67,67218,1,1,3,4,7,Autre,50.0,1
202400032086,2024-07-22,soirée,,,37,37122,2,1,3,4,4,Voie communale,50.0,1
202400032087,2024-08-30,soirée,,,64,64445,1,1,2,4,3,Départementale,20.0,1
202400032088,2024-07-22,matin,,,34,34301,1,1,2,3,4,Voie communale,50.0,1
202400032089,2024-08-30,après-midi,,,64,64125,1,1,7,4,3,Départementale,50.0,1
202400032090,2024-08-27,soirée,,,62,62193,1,1,6,3,4,Voie communale,20.0,1
202400032091,2024-07-23,nuit,,,34,34003,3,1,1,4,3,Départementale,90.0,1
202400032092,2024-08-30,nuit,,,59,59512,5,1,3,4,4,Voie communale,50.0,1
202400032093,2024-07-23,nuit,,,33,33039,5,1,3,4,4,Voie communale,50.0,1
202400032094,2024-08-30,après-midi,,,56,56260,1,2,6,4,4,Voie communale,50.0,2
202400032095,2024-07-23,matin,,,31,31149,1,1,1,4,7,Autre,50.0,1
202400032096,2024-08-30,nuit,,,54,54493,5,1,1,4,3,Départementale,50.0,1
202400032097,2024-08-30,nuit,,,51,51454,3,1,3,4,4,Voie communale,50.0,1
202400032098,2024-07-22,après-midi,,,31,31069,1,1,2,4,1,Autoroute,90.0,1
202400032099,2024-08-30,après-midi,,,51,51454,1,1,3,4,4,Voie communale,50.0,1
202400032100,2024-07-19,matin,,,30,30189,1,1,3,3,3,Départementale,70.0,1
202400032101,2024-07-22,soirée,,,29,29232,1,1,6,4,4,Voie communale,50.0,1
202400032102,2024-08-30,matin,,,51,51454,1,8,3,4,4,Voie communale,50.0,2
202400032103,2024-07-22,après-midi,,,29,29232,1,1,6,4,4,Voie communale,30.0,2
202400032104,2024-08-30,matin,,,51,51454,1,1,6,4,4,Voie communale,20.0,2
202400032105,2024-07-22,après-midi,,,29,29232,1,1,3,4,3,Départementale,,2
202400032106,2024-08-29,soirée,,,51,51454,5,1,1,4,4,Voie communale,50.0,1
202400032107,2024-07-23,après-midi,,,25,25204,1,1,3,4,3,Départementale,30.0,1
202400032108,2024-08-29,matin,,,51,51454,2,1,1,4,4,Voie communale,50.0,1
202400032109,2024-07-22,après-midi,,,19,19031,1,1,3,4,4,Voie communale,50.0,1
202400032110,2024-08-29,soirée,,,51,51454,1,1,6,2,4,Voie communale,50.0,1
202400032111,2024-07-23,matin,,,17,17415,1,7,3,4,3,Départementale,50.0,1
202400032112,2024-08-29,soirée,,,51,51172,1,1,6,4,6,Autre,30.0,1
202400032113,2024-07-22,soirée,,,14,14715,4,2,6,4,3,Départementale,50.0,2
202400032114,2024-07-23,matin,,,14,14118,1,1,7,3,4,Voie communale,50.0,1
202400032115,2024-08-30,soirée,,,45,45234,1,1,4,4,7,Autre,50.0,1
202400032116,2024-07-23,soirée,,,13,13208,1,1,3,4,4,Voie communale,50.0,1
202400032117,2024-08-29,soirée,,,44,44184,1,1,6,4,4,Voie communale,50.0,1
202400032118,2024-07-23,soirée,,,13,13214,1,1,1,4,9,Autre,1.0,1
202400032119,2024-07-23,matin,,,13,13215,1,1,1,3,6,Autre,20.0,1
202400032120,2024-08-29,soirée,,,44,44109,1,1,3,4,4,Voie communale,30.0,1
202400032121,2024-08-30,après-midi,,,41,41018,1,1,6,4,4,Voie communale,,1
202400032122,2024-07-22,après-midi,,,13,13213,1,1,3,4,4,Voie communale,50.0,1
202400032123,2024-07-23,soirée,,,11,11262,5,1,6,4,4,Voie communale,50.0,1
202400032124,2024-08-30,après-midi,,,38,38185,1,1,3,4,4,Voie communale,30.0,1
202400032125,2024-08-30,après-midi,,,34,34172,1,1,1,4,7,Autre,,1
202400032126,2024-07-23,après-midi,,,06,06069,1,1,4,4,3,Départementale,50.0,1
202400032127,2024-08-30,soirée,,,33,33550,5,1,6,4,4,Voie communale,30.0,1
202400032128,2024-07-23,matin,,,06,06069,1,1,5,4,4,Voie communale,50.0,1
202400032129,2024-08-30,matin,,,29,29232,1,1,6,3,4,Voie communale,30.0,1
202400032130,2024-08-30,après-midi,,,29,29019,1,1,1,4,4,Voie communale,30.0,1
202400032131,2024-07-23,soirée,,,75,75114,1,1,5,4,4,Voie communale,70.0,1
202400032132,2024-08-30,après-midi,,,29,29019,1,1,2,4,4,Voie communale,50.0,1
202400032133,2024-07-23,après-midi,,,75,75116,1,1,2,4,4,Voie communale,70.0,1
202400032134,2024-07-23,matin,,,75,75118,1,1,2,4,4,Voie communale,70.0,1
202400032135,2024-08-29,soirée,,,29,29019,1,1,3,4,4,Voie communale,50.0,1
202400032136,2024-07-23,matin,,,75,75120,1,2,3,4,4,Voie communale,70.0,2
202400032137,2024-08-30,après-midi,,,25,25462,1,1,2,4,4,Voie communale,50.0,1
202400032138,2024-07-22,soirée,,,75,75112,1,1,4,4,4,Voie communale,70.0,1
202400032139,2024-08-30,matin,,,25,25462,1,1,6,3,4,Voie communale,50.0,1
202400032140,2024-07-22,matin,,,75,75114,1,1,2,3,4,Voie communale,70.0,1
202400032141,2024-08-30,matin,,,17,17415,1,1,1,4,4,Voie communale,50.0,2
202400032142,2024-07-21,soirée,,,75,75119,1,1,5,4,4,Voie communale,70.0,1
202400032143,2024-08-28,matin,,,14,14699,1,1,7,3,3,Départementale,50.0,1
202400032144,2024-07-23,après-midi,,,75,75116,1,1,2,3,4,Voie communale,70.0,1
202400032145,2024-08-30,matin,,,13,13043,2,1,7,3,3,Départementale,80.0,1
202400032146,2024-07-23,après-midi,,,75,75119,1,1,2,4,4,Voie communale,30.0,1
202400032147,2024-08-29,après-midi,,,13,13054,2,1,1,4,4,Voie communale,50.0,1
202400032148,2024-08-30,soirée,,,13,13213,1,1,6,3,4,Voie communale,50.0,1
202400032149,2024-07-23,matin,,,75,75119,1,2,3,4,4,Voie communale,30.0,2
202400032150,2024-08-30,matin,,,13,13213,1,1,3,4,4,Voie communale,50.0,1
202400032151,2024-07-23,soirée,,,75,75117,2,1,3,4,4,Voie communale,30.0,1
202400032152,2024-08-30,nuit,,,13,13047,5,1,2,3,3,Départementale,90.0,1
202400032153,2024-07-23,après-midi,,,75,75116,1,8,3,4,4,Voie communale,50.0,1
202400032154,2024-08-30,matin,,,10,10387,1,1,3,4,4,Voie communale,50.0,1
202400032155,2024-07-23,matin,,,75,75116,1,2,2,4,4,Voie communale,50.0,2
202400032156,2024-07-23,matin,,,75,75116,1,2,6,4,4,Voie communale,50.0,2
202400032157,2024-08-29,soirée,,,10,10387,2,1,3,4,4,Voie communale,50.0,1
202400032158,2024-07-23,matin,,,75,75115,1,2,2,4,4,Voie communale,30.0,2
202400032159,2024-08-29,soirée,,,10,10387,1,1,4,4,4,Voie communale,50.0,1
202400032160,2024-07-23,matin,,,75,75115,1,2,6,4,4,Voie communale,50.0,2
202400032161,2024-08-29,soirée,,,06,06155,1,1,6,2,3,Départementale,50.0,1
202400032162,2024-07-23,après-midi,,,75,75101,1,1,6,4,4,Voie communale,30.0,1
202400032163,2024-08-21,après-midi,,,03,03185,1,1,3,3,4,Voie communale,50.0,1
202400032164,2024-07-21,matin,,,94,94015,1,1,6,4,3,Départementale,50.0,1
202400032165,2024-08-30,matin,,,75,75116,1,1,4,4,4,Voie communale,70.0,1
202400032166,2024-07-22,après-midi,,,94,94038,1,1,1,3,4,Voie communale,50.0,1
202400032167,2024-08-27,après-midi,,,75,75120,1,1,2,4,4,Voie communale,70.0,1
202400032168,2024-07-23,après-midi,,,94,94033,1,2,2,4,3,Départementale,50.0,2
202400032169,2024-08-30,matin,,,75,75115,1,8,3,3,4,Voie communale,50.0,1
202400032170,2024-07-23,nuit,,,93,93073,5,2,3,4,4,Voie communale,50.0,2
202400032171,2024-08-30,après-midi,,,75,75120,1,2,1,4,4,Voie communale,30.0,2
202400032172,2024-08-30,après-midi,,,75,75115,1,3,3,4,4,Voie communale,30.0,2
202400032173,2024-07-22,matin,,,93,93078,1,1,4,4,3,Départementale,5.0,1
202400032174,2024-07-22,matin,,,93,93073,1,1,6,4,4,Voie communale,30.0,1
202400032175,2024-08-30,soirée,,,75,75108,1,2,2,4,4,Voie communale,30.0,2
202400032176,2024-07-23,après-midi,,,93,93071,1,1,6,4,4,Voie communale,50.0,1
202400032177,2024-08-30,matin,,,75,75103,1,1,2,4,4,Voie communale,50.0,1
202400032178,2024-07-23,matin,,,93,93066,1,2,3,4,4,Voie communale,50.0,2
202400032179,2024-08-30,après-midi,,,94,94052,1,2,6,4,3,Départementale,30.0,2
202400032180,2024-08-30,soirée,,,94,94003,3,2,6,4,4,Voie communale,30.0,2
202400032181,2024-07-23,après-midi,,,93,93074,1,1,3,4,3,Départementale,50.0,1
202400032182,2024-08-30,soirée,,,94,94043,1,2,3,4,3,Départementale,30.0,2
202400032183,2024-07-23,matin,,,93,93046,1,1,3,4,4,Voie communale,50.0,1
202400032184,2024-07-23,après-midi,,,93,93008,1,1,2,4,3,Départementale,50.0,1
202400032185,2024-08-30,matin,,,94,94018,1,1,2,3,3,Départementale,50.0,1
202400032186,2024-07-04,après-midi,,,92,92078,1,1,6,4,4,Voie communale,30.0,1
202400032187,2024-08-30,soirée,,,94,94028,1,2,3,4,3,Départementale,50.0,2
202400032188,2024-08-30,après-midi,,,93,93072,1,3,3,4,3,Départementale,50.0,2
202400032189,2024-07-23,nuit,,,92,92078,5,1,3,4,3,Départementale,50.0,1
202400032190,2024-07-23,matin,,,92,92077,2,2,6,4,3,Départementale,80.0,2
202400032191,2024-08-29,après-midi,,,93,93064,1,1,3,4,4,Voie communale,50.0,1
202400032192,2024-07-23,matin,,,92,92051,1,2,2,4,4,Voie communale,30.0,2
202400032193,2024-08-30,soirée,,,93,93014,5,8,6,4,3,Départementale,30.0,1
202400032194,2024-07-23,matin,,,92,92049,1,2,7,4,3,Départementale,50.0,2
202400032195,2024-08-30,nuit,,,93,93014,5,1,6,4,4,Voie communale,30.0,1
202400032196,2024-07-22,soirée,,,92,92035,1,1,1,4,3,Départementale,50.0,1
202400032197,2024-08-29,nuit,,,93,93014,5,1,3,4,4,Voie communale,30.0,1
202400032198,2024-08-31,matin,,,92,92078,1,1,6,4,3,Départementale,50.0,1
202400032199,2024-08-29,soirée,,,92,92051,1,1,2,4,2,Nationale,50.0,1
202400032200,2024-08-29,après-midi,,,92,92040,1,1,7,4,3,Départementale,30.0,1
202400032201,2024-07-22,matin,,,92,92035,1,1,3,4,3,Départementale,50.0,1