Num_Acc,date,time_of_day,lat,long,dep,com,lum,atm,col,severity_index,catr,catr_label,vma,surf
202400032202,2024-08-29,soirée,,,92,92036,1,1,7,4,4,Voie communale,50.0,1
202400032203,2024-07-21,après-midi,,,92,92025,1,1,1,4,4,Voie communale,50.0,1
202400032204,2024-08-29,nuit,,,92,92012,5,1,3,4,4,Voie communale,30.0,1
202400032205,2024-07-23,après-midi,,,92,92007,1,1,2,4,3,Départementale,50.0,1
202400032206,2024-08-30,soirée,,,92,92004,1,8,5,4,4,Voie communale,50.0,2
202400032207,2024-07-23,après-midi,,,54,54571,1,1,1,4,3,Départementale,80.0,1
202400032208,2024-07-23,après-midi,,,40,40004,1,1,3,3,3,Départementale,80.0,1
202400032209,2024-08-27,matin,,,92,92004,1,1,3,4,3,Départementale,50.0,1
202400032210,2024-07-24,matin,,,68,68300,1,1,3,4,3,Départementale,80.0,1
202400032211,2024-08-31,après-midi,,,49,49244,1,1,3,4,3,Départementale,70.0,1
202400032212,2024-08-30,matin,,,2A,2A100,1,1,6,3,3,Départementale,80.0,1
202400032213,2024-08-31,matin,,,2A,2A276,1,7,1,2,3,Départementale,80.0,1
202400032214,2024-07-23,nuit,,,34,34032,3,1,2,2,1,Autoroute,130.0,1
202400032215,2024-08-31,après-midi,,,06,06114,1,1,6,4,7,Autre,30.0,1
202400032216,2024-07-23,après-midi,,,34,34270,1,1,6,3,4,Voie communale,50.0,1
202400032217,2024-08-30,après-midi,,,57,57161,1,1,3,4,3,Départementale,80.0,1
202400032218,2024-07-10,après-midi,,,31,31203,1,1,2,4,3,Départementale,50.0,1
202400032219,2024-08-31,matin,,,52,52384,1,1,2,4,1,Autoroute,130.0,1
202400032220,2024-07-23,après-midi,,,59,59394,1,1,1,4,3,Départementale,50.0,1
202400032221,2024-08-31,nuit,,,974,97410,3,1,6,3,2,Nationale,50.0,1
202400032222,2024-08-30,nuit,,,06,06095,3,1,7,4,4,Voie communale,30.0,1
202400032223,2024-07-24,matin,,,77,77301,1,1,4,3,3,Départementale,50.0,1
202400032224,2024-08-30,soirée,,,06,06033,5,1,6,3,7,Autre,80.0,1
202400032225,2024-07-23,soirée,,,77,77519,1,1,2,4,3,Départementale,50.0,1
202400032226,2024-08-30,après-midi,,,974,97413,1,1,2,3,2,Nationale,90.0,1
202400032227,2024-07-23,après-midi,,,79,79179,1,1,1,3,3,Départementale,80.0,1
202400032228,2024-08-30,nuit,,,23,23217,3,1,6,2,3,Départementale,90.0,1
202400032229,2024-07-23,soirée,,,79,79202,1,1,3,2,3,Départementale,80.0,1
202400032230,2024-08-31,nuit,,,47,47114,3,1,7,4,4,Voie communale,80.0,1
202400032231,2024-07-24,après-midi,,,79,79265,1,1,1,2,3,Départementale,80.0,1
202400032232,2024-08-30,après-midi,,,37,37203,1,1,5,3,1,Autoroute,130.0,1
202400032233,2024-08-31,après-midi,,,41,41100,1,3,7,3,3,Départementale,90.0,2
202400032234,2024-07-19,après-midi,,,2A,2A269,1,1,1,4,3,Départementale,80.0,1
202400032235,2024-08-30,matin,,,62,62268,1,1,6,3,3,Départementale,50.0,1
202400032236,2024-07-18,matin,,,65,65314,1,1,2,4,3,Départementale,80.0,1
202400032237,2024-08-31,matin,,,56,56047,5,1,6,4,6,Autre,,1
202400032238,2024-07-22,soirée,,,81,81149,1,1,7,4,3,Départementale,80.0,1
202400032239,2024-08-30,nuit,,,61,61411,3,1,6,3,3,Départementale,80.0,1
202400032240,2024-07-24,après-midi,,,71,71346,1,1,1,3,4,Voie communale,80.0,1
202400032241,2024-08-31,après-midi,,,86,86039,1,1,1,3,4,Voie communale,90.0,1
202400032242,2024-07-23,soirée,,,71,71248,1,1,6,2,3,Départementale,80.0,2
202400032243,2024-08-31,matin,,,68,68374,1,1,3,3,4,Voie communale,,1
202400032244,2024-07-24,après-midi,,,89,89418,1,1,6,3,3,Départementale,50.0,1
202400032245,2024-08-31,matin,,,25,25434,1,1,1,4,3,Départementale,90.0,1
202400032246,2024-07-23,soirée,,,89,89237,1,1,7,3,3,Départementale,80.0,1
202400032247,2024-07-23,après-midi,,,63,63382,1,1,7,4,3,Départementale,90.0,1
202400032248,2024-08-30,matin,,,44,44029,1,2,3,3,3,Départementale,80.0,2
202400032249,2024-07-23,après-midi,,,63,63178,1,1,3,3,3,Départementale,50.0,1
202400032250,2024-08-30,après-midi,,,44,44014,1,1,3,4,3,Départementale,80.0,1
202400032251,2024-07-11,matin,,,63,63321,1,1,6,3,3,Départementale,90.0,1
202400032252,2024-07-10,soirée,,,44,44061,1,2,3,3,3,Départementale,80.0,2
202400032253,2024-08-30,soirée,,,29,29272,1,1,7,3,4,Voie communale,,1
202400032254,2024-07-23,après-midi,,,12,12088,1,1,3,3,3,Départementale,90.0,1
202400032255,2024-08-30,après-midi,,,58,58311,1,1,3,4,3,Départementale,80.0,1
202400032256,2024-07-23,nuit,,,34,34205,3,1,7,3,3,Départementale,90.0,1
202400032257,2024-08-30,matin,,,54,54105,1,7,7,2,3,Départementale,80.0,1
202400032258,2024-08-31,après-midi,,,72,72021,1,1,7,3,3,Départementale,90.0,9
202400032259,2024-07-24,après-midi,,,25,25320,1,1,1,4,3,Départementale,90.0,1
202400032260,2024-08-30,soirée,,,73,73124,1,1,2,3,3,Départementale,90.0,1
202400032261,2024-07-23,soirée,,,44,44142,1,1,3,3,3,Départementale,80.0,1
202400032262,2024-08-31,nuit,,,07,07334,3,1,6,3,3,Départementale,90.0,1
202400032263,2024-07-21,matin,,,44,44057,1,1,7,3,3,Départementale,80.0,2
202400032264,2024-08-29,nuit,,,30,30133,5,1,3,3,4,Voie communale,50.0,1
202400032265,2024-07-24,matin,,,35,35184,1,1,6,3,2,Nationale,110.0,1
202400032266,2024-08-31,matin,,,30,30321,1,1,7,3,3,Départementale,50.0,1
202400032267,2024-07-23,après-midi,,,38,38399,1,1,6,3,6,Autre,30.0,1
202400032268,2024-08-30,matin,,,30,30350,1,7,7,3,6,Autre,10.0,1
202400032269,2024-08-31,après-midi,,,48,48068,1,1,7,3,4,Voie communale,80.0,1
202400032270,2024-07-19,soirée,,,38,38288,1,1,1,3,3,Départementale,80.0,1
202400032271,2024-08-31,nuit,,,30,30036,4,5,7,4,3,Départementale,80.0,1
202400032272,2024-07-24,après-midi,,,15,15028,1,1,3,3,3,Départementale,80.0,1
202400032273,2024-08-28,après-midi,,,33,33284,1,1,5,4,1,Autoroute,130.0,1
202400032274,2024-07-24,après-midi,,,01,01128,1,1,2,4,3,Départementale,70.0,1
202400032275,2024-08-30,après-midi,,,987,98715,1,2,3,3,2,Nationale,30.0,2
202400032276,2024-07-23,soirée,,,66,66107,1,1,1,3,3,Départementale,80.0,1
202400032277,2024-08-28,nuit,,,987,98738,5,1,1,3,2,Nationale,40.0,1
202400032278,2024-08-30,après-midi,,,17,17307,1,1,1,3,3,Départementale,80.0,1
202400032279,2024-08-30,matin,,,988,98831,1,1,7,3,2,Nationale,110.0,1
202400032280,2024-08-31,nuit,,,988,98825,3,1,6,4,4,Voie communale,50.0,1
202400032281,2024-08-30,après-midi,,,976,97608,1,1,3,4,4,Voie communale,50.0,1
202400032282,2024-08-30,après-midi,,,33,33199,1,1,3,4,3,Départementale,50.0,1
202400032283,2024-08-31,après-midi,,,83,83107,1,1,6,3,3,Départementale,50.0,1
202400032284,2024-08-31,après-midi,,,06,06101,1,1,4,4,3,Départementale,80.0,1
202400032285,2024-08-31,matin,,,26,26252,1,1,6,4,1,Autoroute,,1
202400032286,2024-08-31,matin,,,71,71571,1,1,3,3,3,Départementale,80.0,1
202400032287,2024-08-31,nuit,,,57,57222,3,1,7,2,3,Départementale,80.0,1
202400032288,2024-08-30,matin,,,42,42094,1,1,6,3,6,Autre,50.0,1
202400032289,2024-08-30,soirée,,,69,69105,3,1,1,3,3,Départementale,80.0,1
202400032290,2024-08-29,soirée,,,85,85009,1,2,1,4,3,Départementale,,2
202400032291,2024-08-31,matin,,,85,85302,1,1,3,4,3,Départementale,,1
202400032292,2024-08-30,après-midi,,,49,49260,1,1,7,3,4,Voie communale,80.0,2
202400032293,2024-08-30,soirée,,,56,56046,1,3,4,4,2,Nationale,110.0,2
202400032294,2024-10-05,après-midi,,,06,06134,1,1,6,3,3,Départementale,80.0,1
202400032295,2024-10-05,matin,,,13,13024,1,1,1,4,4,Voie communale,50.0,1
202400032296,2024-10-02,après-midi,,,13,13027,1,1,1,3,3,Départementale,50.0,1
202400032297,2024-10-05,matin,,,21,21564,1,1,3,3,3,Départementale,80.0,1
202400032298,2024-10-05,après-midi,,,44,44066,1,1,7,3,3,Départementale,80.0,1
202400032299,2024-10-05,après-midi,,,26,26084,1,1,3,3,3,Départementale,80.0,1
202400032300,2024-09-30,après-midi,,,81,81105,1,1,3,3,3,Départementale,50.0,1
202400032301,2024-10-05,soirée,,,33,33425,3,2,1,3,3,Départementale,80.0,2
202400032302,2024-10-05,matin,,,33,33293,3,1,2,4,2,Nationale,110.0,1
202400032303,2024-10-05,soirée,,,85,85016,2,1,3,3,3,Départementale,50.0,1
202400032304,2024-10-04,après-midi,,,44,44026,1,1,3,3,1,Autoroute,50.0,1
202400032305,2024-10-01,après-midi,,,27,27439,1,1,6,4,4,Voie communale,50.0,1
202400032306,2024-10-05,après-midi,,,76,76516,1,1,3,2,3,Départementale,80.0,1
202400032307,2024-10-06,matin,,,76,76541,3,8,6,3,3,Départementale,80.0,1
202400032308,2024-10-05,soirée,,,60,60469,5,1,1,4,4,Voie communale,30.0,9
202400032309,2024-10-04,après-midi,,,02,02309,1,1,2,3,3,Départementale,80.0,1
202400032310,2024-10-04,nuit,,,13,13202,5,1,2,4,1,Autoroute,60.0,1
202400032311,2024-10-04,soirée,,,83,83137,5,1,2,4,1,Autoroute,70.0,1
202400032312,2024-09-26,après-midi,,,69,69287,1,2,3,4,1,Autoroute,110.0,2
202400032313,2024-10-04,nuit,,,57,57463,3,1,2,4,1,Autoroute,90.0,1
202400032314,2024-10-05,après-midi,,,94,94038,1,1,5,4,1,Autoroute,90.0,1
202400032315,2024-10-05,nuit,,,91,91179,3,1,2,4,1,Autoroute,110.0,1
202400032316,2024-10-05,après-midi,,,92,92051,1,7,2,4,2,Nationale,50.0,1
202400032317,2024-10-05,après-midi,,,92,92064,1,1,2,4,1,Autoroute,90.0,1
202400032318,2024-10-05,nuit,,,78,78217,3,1,2,4,1,Autoroute,130.0,1
202400032319,2024-10-05,après-midi,,,93,93005,1,1,2,4,1,Autoroute,70.0,1
202400032320,2024-10-05,après-midi,,,94,94028,1,1,5,4,1,Autoroute,90.0,1
202400032321,2024-10-05,après-midi,,,77,77373,1,1,6,4,2,Nationale,90.0,1
202400032322,2024-10-05,après-midi,,,94,94017,1,1,2,4,1,Autoroute,90.0,1
202400032323,2024-10-05,matin,,,77,77058,1,1,6,4,1,Autoroute,90.0,1
202400032324,2024-10-04,matin,,,987,98735,1,1,3,3,4,Voie communale,60.0,1
202400032325,2024-10-04,après-midi,,,974,97416,1,3,3,4,4,Voie communale,50.0,2
202400032326,2024-10-04,matin,,,974,97411,1,1,2,3,2,Nationale,90.0,1
202400032327,2024-10-04,après-midi,,,973,97302,1,1,3,4,3,Départementale,30.0,1
202400032328,2024-10-04,nuit,,,973,97302,5,1,1,4,3,Départementale,50.0,1
202400032329,2024-10-04,matin,,,69,69149,2,8,6,4,7,Autre,50.0,1
202400032330,2024-10-04,matin,,,2B,2B033,5,1,3,4,3,Départementale,50.0,1
202400032331,2024-10-04,matin,,,971,97120,1,1,3,4,3,Départementale,50.0,1
202400032332,2024-10-04,matin,,,2A,2A004,1,1,3,4,2,Nationale,70.0,1
202400032333,2024-10-04,nuit,,,91,91161,4,1,6,4,3,Départementale,50.0,1
202400032334,2024-10-04,après-midi,,,91,91471,1,1,6,4,3,Départementale,50.0,1
202400032335,2024-10-04,matin,,,91,91174,1,1,3,4,4,Voie communale,50.0,1
202400032336,2024-10-03,soirée,,,90,90010,5,1,3,4,3,Départementale,50.0,1
202400032337,2024-10-03,après-midi,,,87,87085,1,1,7,4,4,Voie communale,50.0,2
202400032338,2024-10-02,matin,,,87,87113,2,1,1,4,3,Départementale,50.0,2
202400032339,2024-10-04,après-midi,,,86,86158,1,1,1,4,4,Voie communale,50.0,1
202400032340,2024-10-01,après-midi,,,86,86066,1,2,6,4,3,Départementale,50.0,2
202400032341,2024-10-04,matin,,,84,84007,2,1,3,4,4,Voie communale,50.0,1
202400032342,2024-10-03,après-midi,,,84,84007,1,1,2,4,4,Voie communale,50.0,1
202400032343,2024-10-02,matin,,,84,84007,1,1,2,4,4,Voie communale,50.0,1
202400032344,2024-10-03,nuit,,,83,83137,5,1,1,3,4,Voie communale,30.0,1
202400032345,2024-10-04,après-midi,,,83,83137,1,1,3,3,3,Départementale,50.0,1
202400032346,2024-10-04,nuit,,,83,83153,3,1,7,2,3,Départementale,50.0,1
202400032347,2024-10-04,matin,,,79,79191,2,1,7,4,4,Voie communale,30.0,1
202400032348,2024-10-04,après-midi,,,78,78621,1,1,6,4,3,Départementale,50.0,1
202400032349,2024-09-30,après-midi,,,77,77053,1,1,6,4,4,Voie communale,50.0,1
202400032350,2024-10-04,soirée,,,76,76231,1,8,3,4,4,Voie communale,50.0,1
202400032351,2024-10-04,soirée,,,72,72181,1,1,5,4,4,Voie communale,90.0,1
202400032352,2024-10-04,soirée,,,72,72181,1,1,3,4,4,Voie communale,50.0,1
202400032353,2024-10-04,après-midi,,,72,72181,1,1,6,4,4,Voie communale,30.0,1
202400032354,2024-10-04,soirée,,,71,71306,2,1,7,4,2,Nationale,50.0,1
202400032355,2024-10-03,après-midi,,,71,71270,1,1,1,4,3,Départementale,50.0,1
202400032356,2024-10-04,nuit,,,69,69199,5,1,6,4,7,Autre,30.0,1
202400032357,2024-10-04,matin,,,64,64445,1,1,6,3,4,Voie communale,50.0,1
202400032358,2024-10-04,matin,,,64,64445,1,1,3,4,4,Voie communale,50.0,1
202400032359,2024-10-04,matin,,,64,64373,2,5,1,4,3,Départementale,70.0,1
202400032360,2024-10-03,après-midi,,,64,64445,1,1,6,4,4,Voie communale,30.0,1
202400032361,2024-10-03,après-midi,,,64,64102,1,1,2,4,4,Voie communale,50.0,1
202400032362,2024-10-03,matin,,,63,63300,2,3,6,4,3,Départementale,50.0,2
202400032363,2024-10-05,nuit,,,63,63113,5,1,3,4,4,Voie communale,50.0,1
202400032364,2024-10-04,matin,,,63,63113,1,1,3,4,4,Voie communale,30.0,1
202400032365,2024-10-04,matin,,,59,59560,1,1,6,4,4,Voie communale,50.0,1
202400032366,2024-10-04,après-midi,,,59,59350,1,1,3,4,7,Autre,50.0,1
202400032367,2024-09-14,soirée,,,58,58194,1,1,5,4,4,Voie communale,50.0,1
202400032368,2024-10-04,matin,,,56,56260,1,1,3,4,4,Voie communale,30.0,1
202400032369,2024-10-04,après-midi,,,56,56260,1,1,3,4,4,Voie communale,30.0,1
202400032370,2024-10-03,après-midi,,,56,56098,1,1,6,4,6,Autre,30.0,1
202400032371,2024-10-04,matin,,,56,56121,2,1,3,4,4,Voie communale,30.0,1
202400032372,2024-09-28,matin,,,55,55545,2,1,1,4,4,Voie communale,50.0,1
202400032373,2024-10-04,nuit,,,54,54395,5,1,3,4,4,Voie communale,50.0,1
202400032374,2024-10-04,après-midi,,,54,54395,1,1,3,4,4,Voie communale,50.0,1
202400032375,2024-10-04,soirée,,,51,51454,5,1,3,4,4,Voie communale,30.0,1
202400032376,2024-10-04,après-midi,,,51,51454,1,1,6,4,4,Voie communale,50.0,1
202400032377,2024-10-03,soirée,,,51,51454,1,1,6,4,4,Voie communale,30.0,1
202400032378,2024-10-03,après-midi,,,50,50129,1,1,2,4,2,Nationale,90.0,1
202400032379,2024-10-04,soirée,,,49,49007,1,1,3,4,4,Voie communale,50.0,2
202400032380,2024-10-03,soirée,,,49,49007,5,1,2,4,4,Voie communale,50.0,1
202400032381,2024-10-04,soirée,,,47,47032,2,1,2,3,4,Voie communale,50.0,1
202400032382,2024-10-04,après-midi,,,45,45234,1,1,3,4,4,Voie communale,50.0,1
202400032383,2024-10-04,matin,,,45,45284,1,7,6,4,4,Voie communale,50.0,1
202400032384,2024-10-04,soirée,,,44,44184,5,1,3,4,4,Voie communale,50.0,1
202400032385,2024-10-04,matin,,,44,44109,1,1,1,4,4,Voie communale,30.0,1
202400032386,2024-10-04,soirée,,,38,38185,5,8,1,4,4,Voie communale,30.0,2
202400032387,2024-10-04,matin,,,38,38185,1,1,6,2,4,Voie communale,30.0,1
202400032388,2024-09-25,après-midi,,,38,38053,1,1,3,4,4,Voie communale,50.0,1
202400032389,2024-10-05,nuit,,,37,37261,5,1,3,4,4,Voie communale,50.0,1
202400032390,2024-10-04,soirée,,,37,37122,5,1,7,4,4,Voie communale,50.0,1
202400032391,2024-10-04,après-midi,,,37,37261,1,1,1,4,4,Voie communale,50.0,1
202400032392,2024-10-04,soirée,,,35,35281,3,1,4,4,2,Nationale,90.0,1
202400032393,2024-10-04,soirée,,,35,35055,1,1,3,4,7,Autre,90.0,1
202400032394,2024-10-04,matin,,,35,35238,1,1,2,4,2,Nationale,50.0,1
202400032395,2024-10-05,nuit,,,34,34172,5,1,2,4,4,Voie communale,30.0,1
202400032396,2024-09-30,matin,,,34,34032,1,1,3,4,3,Départementale,50.0,1
202400032397,2024-10-04,après-midi,,,33,33063,1,1,1,4,4,Voie communale,30.0,1
202400032398,2024-10-04,matin,,,33,33063,1,1,3,4,4,Voie communale,50.0,1
202400032399,2024-10-04,après-midi,,,31,31555,1,1,3,4,4,Voie communale,50.0,1
202400032400,2024-10-03,matin,,,29,29019,2,1,6,4,4,Voie communale,50.0,1
202400032401,2024-10-04,après-midi,,,27,27681,1,1,3,4,4,Voie communale,50.0,1
202400032402,2024-10-04,soirée,,,27,27375,5,1,7,4,4,Voie communale,50.0,1
202400032403,2024-10-04,matin,,,27,27229,1,1,3,3,4,Voie communale,50.0,1
202400032404,2024-10-04,après-midi,,,14,14181,1,1,2,4,2,Nationale,90.0,1
202400032405,2024-10-04,matin,,,14,14118,1,1,3,3,4,Voie communale,50.0,1
202400032406,2024-10-04,soirée,,,13,13071,5,1,2,4,3,Départementale,50.0,1
202400032407,2024-10-04,nuit,,,13,13206,5,1,3,3,4,Voie communale,50.0,1
202400032408,2024-10-04,nuit,,,13,13211,5,1,6,3,4,Voie communale,50.0,1
202400032409,2024-10-04,après-midi,,,10,10387,1,1,3,4,4,Voie communale,50.0,1
202400032410,2024-10-04,nuit,,,08,08105,5,1,6,2,3,Départementale,50.0,1
202400032411,2024-10-04,matin,,,07,07019,1,1,3,4,4,Voie communale,50.0,1
202400032412,2024-10-04,matin,,,06,06083,1,1,3,3,3,Départementale,50.0,2
202400032413,2024-10-04,soirée,,,04,04112,1,1,7,4,4,Voie communale,50.0,1
202400032414,2024-10-04,nuit,,,75,75113,5,1,6,2,4,Voie communale,30.0,1
202400032415,2024-10-04,après-midi,,,75,75105,1,1,3,4,4,Voie communale,50.0,1
202400032416,2024-10-04,après-midi,,,75,75120,1,1,6,4,4,Voie communale,30.0,1
202400032417,2024-10-04,soirée,,,75,75119,5,1,6,4,4,Voie communale,30.0,1
202400032418,2024-10-04,après-midi,,,75,75118,1,1,6,4,4,Voie communale,30.0,1
202400032419,2024-10-04,nuit,,,75,75116,5,1,3,4,4,Voie communale,50.0,1
202400032420,2024-10-04,après-midi,,,75,75114,1,1,3,4,4,Voie communale,30.0,1
202400032421,2024-10-03,soirée,,,75,75114,1,1,3,4,4,Voie communale,30.0,1
202400032422,2024-10-03,matin,,,75,75114,1,1,2,4,4,Voie communale,30.0,1
202400032423,2024-10-04,après-midi,,,75,75111,1,1,3,4,4,Voie communale,30.0,1
202400032424,2024-10-04,nuit,,,75,75104,5,1,1,4,4,Voie communale,30.0,1
202400032425,2024-10-03,après-midi,,,94,94078,1,8,3,4,2,Nationale,50.0,1
202400032426,2024-10-02,après-midi,,,94,94068,1,1,3,4,3,Départementale,30.0,1
202400032427,2024-10-02,après-midi,,,94,94068,1,2,3,4,3,Départementale,30.0,2
202400032428,2024-10-04,soirée,,,94,94058,1,1,3,4,3,Départementale,50.0,1
202400032429,2024-10-04,après-midi,,,94,94018,1,1,3,4,4,Voie communale,50.0,1
202400032430,2024-10-04,matin,,,93,93078,1,1,3,4,4,Voie communale,50.0,1
202400032431,2024-10-04,après-midi,,,93,93072,1,1,3,4,3,Départementale,50.0,1
202400032432,2024-10-04,après-midi,,,93,93070,1,1,3,4,4,Voie communale,30.0,1
202400032433,2024-10-04,après-midi,,,93,93070,1,1,3,4,3,Départementale,50.0,1
202400032434,2024-10-04,après-midi,,,93,93066,1,1,6,4,4,Voie communale,30.0,1
202400032435,2024-10-04,nuit,,,93,93077,5,1,6,4,3,Départementale,50.0,1
202400032436,2024-10-03,soirée,,,93,93033,5,1,1,4,3,Départementale,45.0,1
202400032437,2024-10-03,soirée,,,93,93048,5,1,6,4,4,Voie communale,50.0,1
202400032438,2024-10-03,matin,,,93,93032,1,1,3,4,4,Voie communale,50.0,1
202400032439,2024-10-04,soirée,,,93,93010,1,1,2,4,4,Voie communale,30.0,1
202400032440,2024-10-04,nuit,,,93,93010,5,1,3,3,3,Départementale,30.0,1
202400032441,2024-10-01,nuit,,,92,92073,3,2,2,4,3,Départementale,50.0,2
202400032442,2024-10-04,matin,,,92,92040,1,1,7,4,4,Voie communale,30.0,1
202400032443,2024-10-04,nuit,,,92,92012,5,1,7,4,3,Départementale,30.0,2
202400032444,2024-10-02,soirée,,,92,92004,1,1,6,4,3,Départementale,50.0,1
202400032445,2024-10-05,nuit,,,34,34048,3,1,6,2,3,Départementale,90.0,1
202400032446,2024-10-04,après-midi,,,52,52147,1,1,3,4,1,Autoroute,130.0,1
202400032447,2024-10-05,matin,,,91,91363,1,1,2,3,3,Départementale,50.0,1
202400032448,2024-10-05,nuit,,,91,91425,5,1,6,4,3,Départementale,,1
202400032449,2024-10-05,nuit,,,42,42271,3,1,6,4,4,Voie communale,80.0,1
202400032450,2024-10-04,soirée,,,77,77228,2,1,1,4,3,Départementale,80.0,2
202400032451,2024-09-29,soirée,,,59,59384,3,1,7,3,4,Voie communale,80.0,1
202400032452,2024-10-04,après-midi,,,19,19250,1,1,7,3,3,Départementale,90.0,8
202400032453,2024-10-04,après-midi,,,71,71542,1,1,1,4,3,Départementale,50.0,1
202400032454,2024-10-05,nuit,,,71,71412,3,1,6,4,3,Départementale,80.0,1
202400032455,2024-10-03,matin,,,47,47143,1,1,1,3,3,Départementale,50.0,1
202400032456,2024-09-29,nuit,,,29,29041,2,1,6,3,3,Départementale,50.0,1
202400032457,2024-10-05,matin,,,50,50487,1,1,3,3,3,Départementale,80.0,1
202400032458,2024-09-22,après-midi,,,83,83013,1,1,7,3,3,Départementale,,1
202400032459,2024-10-05,matin,,,60,60150,1,5,7,2,3,Départementale,80.0,2
202400032460,2024-10-04,après-midi,,,18,18108,1,1,3,3,3,Départementale,50.0,1
202400032461,2024-10-04,nuit,,,24,24340,3,1,3,4,3,Départementale,80.0,1
202400032462,2024-10-04,soirée,,,17,17397,1,1,1,3,3,Départementale,80.0,1
202400032463,2024-10-05,nuit,,,23,23040,3,5,6,2,3,Départementale,90.0,1
202400032464,2024-10-04,après-midi,,,87,87119,1,1,3,4,3,Départementale,50.0,1
202400032465,2024-10-04,matin,,,88,88075,2,8,6,3,3,Départementale,80.0,2
202400032466,2024-10-02,soirée,,,987,98738,5,1,3,4,3,Départementale,50.0,1
202400032467,2024-09-23,matin,,,987,98738,1,1,3,3,2,Nationale,60.0,1
202400032468,2024-10-04,soirée,,,33,33321,1,1,1,3,1,Autoroute,130.0,1
202400032469,2024-10-03,nuit,,,89,89208,3,1,2,3,1,Autoroute,130.0,1
202400032470,2024-10-05,nuit,,,51,51282,3,1,6,3,1,Autoroute,130.0,1
202400032471,2024-10-04,soirée,,,83,83023,5,1,3,3,4,Voie communale,50.0,1
202400032472,2024-10-04,après-midi,,,50,50099,1,1,1,4,3,Départementale,80.0,1
202400032473,2024-10-04,soirée,,,13,13211,3,1,4,4,1,Autoroute,70.0,1
202400032474,2024-10-04,soirée,,,91,91161,2,1,4,4,1,Autoroute,90.0,1
202400032475,2024-10-04,nuit,,,91,91521,3,1,1,4,1,Autoroute,110.0,1
202400032476,2024-10-03,nuit,,,78,78640,3,1,3,4,1,Autoroute,90.0,1
202400032477,2024-10-03,soirée,,,92,92050,5,1,2,4,1,Autoroute,70.0,1
202400032478,2024-10-03,après-midi,,,92,92012,1,1,6,4,1,Autoroute,70.0,1
202400032479,2024-10-01,soirée,,,93,93066,1,1,2,4,1,Autoroute,90.0,1
202400032480,2024-10-04,nuit,,,93,93064,3,1,2,4,1,Autoroute,90.0,1
202400032481,2024-10-03,après-midi,,,95,95018,1,1,2,4,1,Autoroute,90.0,1
202400032482,2024-10-03,après-midi,,,95,95500,1,1,5,4,1,Autoroute,110.0,1
202400032483,2024-10-02,soirée,,,93,93005,1,1,3,4,1,Autoroute,110.0,1
202400032484,2024-10-03,matin,,,95,95572,2,1,3,4,2,Nationale,90.0,1
202400032485,2024-10-02,après-midi,,,95,95572,1,1,2,4,2,Nationale,90.0,1
202400032486,2024-10-03,matin,,,974,97411,1,1,3,4,2,Nationale,30.0,1
202400032487,2024-10-03,matin,,,973,97302,1,1,3,4,3,Départementale,50.0,1
202400032488,2024-10-03,matin,,,973,97302,1,1,5,4,3,Départementale,50.0,1
202400032489,2024-10-02,après-midi,,,973,97302,1,1,3,4,2,Nationale,90.0,1
202400032490,2024-10-03,après-midi,,,69,69387,1,1,1,4,4,Voie communale,30.0,1
202400032491,2024-06-23,nuit,,,55,55570,3,1,6,2,3,Départementale,90.0,1
202400032492,2024-06-22,matin,,,49,49125,1,1,7,3,3,Départementale,90.0,1
202400032493,2024-06-23,matin,,,12,12090,1,1,7,3,9,Autre,50.0,6
202400032494,2024-06-07,après-midi,,,41,41224,1,1,7,3,3,Départementale,80.0,1
202400032495,2024-06-19,après-midi,,,34,34114,1,1,6,3,4,Voie communale,50.0,1
202400032496,2024-06-23,nuit,,,68,68186,4,1,6,4,6,Autre,20.0,1
202400032497,2024-06-22,après-midi,,,44,44072,1,1,3,4,3,Départementale,80.0,1
202400032498,2024-06-22,après-midi,,,44,44007,1,1,6,3,3,Départementale,80.0,1
202400032499,2024-06-22,après-midi,,,29,29047,1,1,1,3,4,Voie communale,50.0,1
202400032500,2024-06-22,après-midi,,,29,29170,1,1,3,4,4,Voie communale,50.0,1
202400032501,2024-06-22,après-midi,,,02,02770,1,1,5,4,2,Nationale,90.0,2
202400032502,2024-06-23,après-midi,,,84,84123,1,1,6,3,3,Départementale,80.0,1
202400032503,2024-06-22,matin,,,01,01304,1,8,6,3,3,Départementale,50.0,1
202400032504,2024-06-23,soirée,,,01,01216,1,1,6,2,3,Départementale,80.0,1
202400032505,2024-06-22,soirée,,,01,01227,1,2,6,3,3,Départementale,80.0,2
202400032506,2024-06-23,après-midi,,,45,45118,1,1,3,4,4,Voie communale,80.0,1
202400032507,2024-06-23,nuit,,,45,45030,5,2,6,3,3,Départementale,50.0,2
202400032508,2024-06-21,après-midi,,,64,64313,1,1,1,4,3,Départementale,80.0,1
202400032509,2024-06-22,nuit,,,24,24587,3,1,6,3,3,Départementale,90.0,2
202400032510,2024-06-23,nuit,,,85,85200,3,1,6,2,3,Départementale,80.0,1
202400032511,2024-06-22,matin,,,85,85022,2,2,7,4,3,Départementale,80.0,2
202400032512,2024-06-23,nuit,,,85,85051,3,1,7,4,3,Départementale,50.0,1
202400032513,2024-06-22,après-midi,,,27,27425,1,1,1,3,4,Voie communale,50.0,1
202400032514,2024-06-23,matin,,,87,87105,1,1,6,3,3,Départementale,80.0,1