Num_Acc,date,time_of_day,lat,long,dep,com,lum,atm,col,severity_index,catr,catr_label,vma,surf
202400032515,2024-06-21,matin,,,30,30065,1,1,3,4,3,Départementale,80.0,1
202400032516,2024-06-23,matin,,,30,30274,2,1,7,3,3,Départementale,50.0,1
202400032517,2024-05-18,matin,,,31,31555,2,2,6,3,1,Autoroute,90.0,2
202400032518,2024-06-22,soirée,,,04,04242,1,1,6,3,1,Autoroute,130.0,1
202400032519,2024-06-23,après-midi,,,38,38062,1,1,7,4,1,Autoroute,130.0,1
202400032520,2024-06-23,après-midi,,,69,69027,1,1,3,4,4,Voie communale,,1
202400032521,2024-06-22,après-midi,,,971,97128,1,1,1,4,3,Départementale,70.0,1
202400032522,2024-06-16,après-midi,,,971,97111,1,1,3,4,2,Nationale,80.0,1
202400032523,2024-06-22,soirée,,,77,77315,1,1,3,3,3,Départementale,50.0,1
202400032524,2024-06-23,après-midi,,,91,91482,1,1,3,3,3,Départementale,90.0,1
202400032525,2024-06-22,nuit,,,2B,2B148,3,1,2,4,2,Nationale,110.0,1
202400032526,2024-06-18,après-midi,,,34,34299,1,7,2,3,3,Départementale,90.0,1
202400032527,2024-06-22,après-midi,,,73,73187,1,1,2,3,3,Départementale,80.0,1
202400032528,2024-06-22,après-midi,,,38,38565,1,1,3,4,3,Départementale,70.0,1
202400032529,2024-06-22,après-midi,,,01,01301,1,1,3,4,3,Départementale,50.0,1
202400032530,2024-06-22,matin,,,17,17452,1,1,5,3,3,Départementale,90.0,1
202400032531,2024-06-23,après-midi,,,86,86237,1,1,6,2,3,Départementale,50.0,1
202400032532,2024-06-23,matin,,,53,53099,1,1,7,3,3,Départementale,50.0,1
202400032533,2024-06-22,après-midi,,,50,50025,1,1,3,4,3,Départementale,50.0,1
202400032534,2024-06-23,soirée,,,29,29001,1,2,3,3,3,Départementale,80.0,2
202400032535,2024-06-23,nuit,,,59,59289,3,1,2,4,3,Départementale,80.0,1
202400032536,2024-06-21,soirée,,,13,13001,1,1,3,4,1,Autoroute,90.0,1
202400032537,2024-06-22,matin,,,13,13026,1,1,2,4,1,Autoroute,110.0,1
202400032538,2024-06-22,nuit,,,13,13043,3,1,2,3,1,Autoroute,110.0,1
202400032539,2024-06-22,matin,,,33,33013,1,2,1,4,2,Nationale,90.0,2
202400032540,2024-06-22,après-midi,,,91,91174,1,1,2,4,2,Nationale,90.0,1
202400032541,2024-06-21,après-midi,,,78,78466,1,1,3,4,1,Autoroute,110.0,1
202400032542,2024-06-21,soirée,,,78,78217,1,1,2,4,1,Autoroute,130.0,1
202400032543,2024-06-21,après-midi,,,93,93010,1,8,2,4,1,Autoroute,90.0,2
202400032544,2024-04-22,après-midi,,,45,45232,1,1,2,2,4,Voie communale,50.0,1
202400032545,2024-06-21,matin,,,974,97411,1,1,7,3,2,Nationale,30.0,1
202400032546,2024-06-20,après-midi,,,974,97407,1,1,3,4,4,Voie communale,50.0,1
202400032547,2024-06-21,après-midi,,,973,97302,1,8,7,4,3,Départementale,50.0,3
202400032548,2024-06-20,soirée,,,973,97302,5,2,3,4,4,Voie communale,50.0,2
202400032549,2024-06-21,matin,,,69,69383,1,3,3,4,4,Voie communale,30.0,2
202400032550,2024-06-21,soirée,,,69,69381,1,1,2,4,4,Voie communale,30.0,1
202400032551,2024-06-21,soirée,,,69,69389,1,8,2,4,4,Voie communale,30.0,1
202400032552,2024-06-20,soirée,,,2B,2B120,2,1,4,4,3,Départementale,70.0,1
202400032553,2024-06-21,matin,,,971,97105,1,1,3,4,4,Voie communale,30.0,1
202400032554,2024-06-21,matin,,,91,91339,1,3,4,4,3,Départementale,50.0,2
202400032555,2024-06-21,soirée,,,91,91191,1,1,3,3,4,Voie communale,30.0,1
202400032556,2024-06-21,après-midi,,,91,91421,1,2,2,4,2,Nationale,90.0,2
202400032557,2024-06-21,nuit,,,91,91027,2,1,6,4,4,Voie communale,50.0,1
202400032558,2024-06-21,après-midi,,,91,91174,1,3,2,4,3,Départementale,50.0,2
202400032559,2024-06-21,nuit,,,89,89387,5,8,6,4,4,Voie communale,50.0,2
202400032560,2024-11-09,après-midi,,,94,94017,1,1,6,4,3,Départementale,50.0,1
202400032561,2024-06-20,après-midi,,,87,87085,1,1,6,4,4,Voie communale,50.0,1
202400032562,2024-11-09,nuit,,,77,77291,5,2,7,4,4,Voie communale,50.0,9
202400032563,2024-11-09,nuit,,,93,93013,3,1,6,4,4,Voie communale,50.0,1
202400032564,2024-06-21,soirée,,,84,84035,1,1,6,2,4,Voie communale,30.0,1
202400032565,2024-11-09,nuit,,,93,93029,5,1,1,4,4,Voie communale,50.0,1
202400032566,2024-06-22,nuit,,,83,83126,5,1,1,4,4,Voie communale,50.0,1
202400032567,2024-11-09,soirée,,,93,93057,5,1,6,4,4,Voie communale,50.0,1
202400032568,2024-06-22,nuit,,,82,82033,3,1,3,4,3,Départementale,70.0,1
202400032569,2024-11-09,nuit,,,92,92063,5,1,7,4,3,Départementale,50.0,1
202400032570,2024-06-21,matin,,,80,80021,1,1,3,4,4,Voie communale,50.0,1
202400032571,2024-11-08,soirée,,,92,92036,5,1,1,4,3,Départementale,50.0,1
202400032572,2024-06-21,après-midi,,,78,78551,1,2,6,4,4,Voie communale,50.0,2
202400032573,2024-11-09,soirée,,,92,92025,3,1,6,4,3,Départementale,30.0,1
202400032574,2024-06-21,matin,,,78,78029,1,2,6,4,4,Voie communale,50.0,2
202400032575,2024-06-21,matin,,,78,78138,1,2,6,3,4,Voie communale,50.0,2
202400032576,2024-11-08,soirée,,,92,92012,5,1,1,3,3,Départementale,50.0,1
202400032577,2024-06-21,après-midi,,,77,77407,1,2,3,4,3,Départementale,70.0,2
202400032578,2024-06-21,nuit,,,77,77276,3,2,6,4,1,Autoroute,130.0,2
202400032579,2024-11-09,après-midi,,,92,92004,1,1,3,4,3,Départementale,50.0,1
202400032580,2024-06-20,après-midi,,,76,76447,1,1,7,2,3,Départementale,50.0,1
202400032581,2024-11-05,après-midi,,,92,92004,1,1,3,4,3,Départementale,50.0,1
202400032582,2024-06-20,après-midi,,,76,76351,1,1,6,4,4,Voie communale,50.0,1
202400032583,2024-06-20,après-midi,,,76,76351,1,1,3,4,4,Voie communale,50.0,1
202400032584,2024-11-09,soirée,,,59,59594,5,5,2,4,3,Départementale,50.0,1
202400032585,2024-06-07,après-midi,,,73,73011,1,1,3,4,3,Départementale,50.0,1
202400032586,2024-11-08,soirée,,,76,76556,3,5,1,4,3,Départementale,50.0,2
202400032587,2024-06-21,matin,,,72,72181,1,2,6,4,4,Voie communale,50.0,2
202400032588,2024-11-08,soirée,,,86,86092,4,1,6,3,6,Autre,,1
202400032589,2024-06-20,soirée,,,72,72181,1,1,2,4,4,Voie communale,50.0,1
202400032590,2024-11-10,nuit,,,41,41194,3,8,1,4,3,Départementale,90.0,9
202400032591,2024-11-06,après-midi,,,06,06161,1,1,6,4,3,Départementale,50.0,1
202400032592,2024-06-20,matin,,,72,72181,1,1,3,4,4,Voie communale,30.0,1
202400032593,2024-11-10,après-midi,,,86,86070,1,1,7,4,4,Voie communale,50.0,1
202400032594,2024-11-09,après-midi,,,41,41123,1,1,3,4,3,Départementale,80.0,1
202400032595,2024-06-21,nuit,,,71,71270,5,1,1,4,4,Voie communale,50.0,1
202400032596,2024-11-10,matin,,,83,83057,1,1,6,4,3,Départementale,90.0,1
202400032597,2024-11-10,nuit,,,19,19217,3,2,6,3,3,Départementale,90.0,2
202400032598,2024-06-21,après-midi,,,71,71076,1,1,3,4,4,Voie communale,50.0,1
202400032599,2024-11-09,après-midi,,,56,56185,1,1,3,4,3,Départementale,80.0,1
202400032600,2024-06-21,soirée,,,69,69266,1,1,4,4,4,Voie communale,50.0,1
202400032601,2024-11-08,nuit,,,56,56179,3,1,6,2,3,Départementale,50.0,1
202400032602,2024-06-21,après-midi,,,69,69290,1,2,2,4,7,Autre,50.0,2
202400032603,2024-11-10,après-midi,,,79,79157,1,1,7,2,3,Départementale,70.0,1
202400032604,2024-06-21,après-midi,,,64,64348,1,1,2,4,4,Voie communale,50.0,1
202400032605,2024-11-09,matin,,,69,69018,1,1,6,4,3,Départementale,,1
202400032606,2024-06-22,nuit,,,64,64024,5,1,7,4,4,Voie communale,50.0,1
202400032607,2024-11-10,matin,,,63,63453,1,1,3,3,3,Départementale,50.0,1
202400032608,2024-06-20,soirée,,,64,64102,1,2,7,4,4,Voie communale,50.0,3
202400032609,2024-11-10,nuit,,,76,76255,3,1,6,3,3,Départementale,80.0,2
202400032610,2024-06-21,matin,,,63,63300,1,2,7,4,3,Départementale,110.0,2
202400032611,2024-11-10,après-midi,,,61,61145,1,1,7,4,3,Départementale,90.0,1
202400032612,2024-11-08,soirée,,,61,61275,3,5,6,3,3,Départementale,90.0,1
202400032613,2024-06-21,soirée,,,61,61001,1,1,3,4,4,Voie communale,30.0,1
202400032614,2024-11-09,matin,,,61,61194,1,5,2,3,3,Départementale,90.0,1
202400032615,2024-06-21,matin,,,60,60159,1,3,3,3,3,Départementale,50.0,2
202400032616,2024-11-09,matin,,,61,61153,1,5,6,4,3,Départementale,90.0,2
202400032617,2024-06-20,après-midi,,,59,59636,2,1,6,4,7,Autre,50.0,1
202400032618,2024-11-10,après-midi,,,55,55498,1,5,6,3,3,Départementale,90.0,1
202400032619,2024-06-20,matin,,,59,59350,1,1,2,4,4,Voie communale,50.0,1
202400032620,2024-11-08,soirée,,,49,49261,3,8,5,3,3,Départementale,80.0,1
202400032621,2024-11-09,soirée,,,12,12145,3,1,6,3,3,Départementale,90.0,2
202400032622,2024-06-16,nuit,,,59,59009,5,1,3,4,7,Autre,50.0,1
202400032623,2024-11-10,après-midi,,,42,42276,1,1,6,2,3,Départementale,80.0,1
202400032624,2024-06-20,après-midi,,,56,56121,1,1,1,4,4,Voie communale,6.0,1
202400032625,2024-11-10,matin,,,42,42097,2,1,6,4,4,Voie communale,50.0,1
202400032626,2024-11-10,matin,,,35,35354,3,1,6,3,3,Départementale,70.0,1
202400032627,2024-06-21,après-midi,,,51,51454,1,8,4,4,4,Voie communale,50.0,2
202400032628,2024-11-09,soirée,,,02,02422,5,1,7,3,3,Départementale,50.0,1
202400032629,2024-11-10,après-midi,,,01,01068,1,1,6,2,3,Départementale,50.0,1
202400032630,2024-06-21,après-midi,,,51,51454,1,2,7,4,4,Voie communale,15.0,2
202400032631,2024-11-09,nuit,,,01,01304,5,1,5,4,3,Départementale,50.0,1
202400032632,2024-06-19,soirée,,,51,51230,1,1,6,4,4,Voie communale,50.0,1
202400032633,2024-11-09,soirée,,,14,14571,3,9,6,3,4,Voie communale,50.0,2
202400032634,2024-06-21,matin,,,49,49007,2,1,3,4,4,Voie communale,50.0,1
202400032635,2024-11-09,nuit,,,14,14287,4,2,6,4,4,Voie communale,50.0,2
202400032636,2024-11-09,soirée,,,50,50484,5,1,6,4,4,Voie communale,50.0,1
202400032637,2024-06-21,nuit,,,44,44184,4,8,3,3,4,Voie communale,50.0,1
202400032638,2024-11-10,après-midi,,,50,50379,1,8,7,4,3,Départementale,80.0,1
202400032639,2024-06-21,après-midi,,,38,38185,1,2,3,4,4,Voie communale,30.0,2
202400032640,2024-11-10,après-midi,,,09,09189,1,2,1,4,2,Nationale,80.0,2
202400032641,2024-06-20,soirée,,,37,37261,1,2,3,4,7,Autre,50.0,2
202400032642,2024-11-09,nuit,,,73,73124,3,1,6,4,4,Voie communale,50.0,1
202400032643,2024-06-21,matin,,,34,34108,1,1,2,4,3,Départementale,70.0,1
202400032644,2024-11-10,après-midi,,,73,73300,1,1,6,3,3,Départementale,50.0,1
202400032645,2024-06-21,matin,,,34,34172,1,1,6,3,4,Voie communale,50.0,1
202400032646,2024-11-08,nuit,,,53,53147,3,1,3,3,3,Départementale,50.0,1
202400032647,2024-06-21,soirée,,,33,33318,1,1,6,4,4,Voie communale,50.0,1
202400032648,2024-06-21,soirée,,,33,33318,1,1,3,3,4,Voie communale,50.0,1
202400032649,2024-06-21,soirée,,,33,33162,1,1,3,4,4,Voie communale,50.0,1
202400032650,2024-11-09,après-midi,,,17,17459,1,1,4,4,3,Départementale,80.0,1
202400032651,2024-11-09,nuit,,,37,37250,3,1,6,3,3,Départementale,80.0,1
202400032652,2024-06-11,soirée,,,30,30189,2,1,3,4,4,Voie communale,50.0,1
202400032653,2024-11-08,nuit,,,37,37214,4,1,6,3,7,Autre,90.0,1
202400032654,2024-06-21,soirée,,,28,28134,1,1,7,4,6,Autre,20.0,1
202400032655,2024-11-10,nuit,,,52,52423,5,5,6,4,3,Départementale,50.0,2
202400032656,2024-06-21,matin,,,27,27681,1,1,1,4,4,Voie communale,80.0,1
202400032657,2024-11-09,soirée,,,38,38193,5,1,2,3,4,Voie communale,50.0,1
202400032658,2024-06-21,après-midi,,,27,27701,1,1,3,4,4,Voie communale,50.0,1
202400032659,2024-06-19,soirée,,,27,27229,1,1,6,4,4,Voie communale,50.0,1
202400032660,2024-11-09,soirée,,,973,97309,3,1,1,4,3,Départementale,80.0,1
202400032661,2024-06-21,après-midi,,,26,26281,1,1,3,3,3,Départementale,70.0,1
202400032662,2024-06-18,matin,,,22,22113,1,2,7,4,4,Voie communale,50.0,2
202400032663,2024-11-09,soirée,,,06,06029,3,2,5,4,1,Autoroute,110.0,2
202400032664,2024-06-18,matin,,,18,18033,1,8,7,4,3,Départementale,90.0,1
202400032665,2024-06-21,soirée,,,13,13212,1,1,3,3,4,Voie communale,50.0,1
202400032666,2024-11-10,nuit,,,21,21390,3,5,5,3,1,Autoroute,90.0,1
202400032667,2024-06-20,nuit,,,13,13216,5,1,6,4,4,Voie communale,5.0,1
202400032668,2024-11-10,nuit,,,27,27332,5,1,6,4,1,Autoroute,30.0,1
202400032669,2024-06-20,nuit,,,13,13215,3,1,3,4,4,Voie communale,50.0,1
202400032670,2024-06-21,après-midi,,,11,11262,1,1,3,3,3,Départementale,50.0,1
202400032671,2024-11-10,matin,,,91,91249,1,2,2,4,1,Autoroute,130.0,2
202400032672,2024-11-09,après-midi,,,971,97126,1,1,1,3,4,Voie communale,80.0,1
202400032673,2024-06-21,soirée,,,10,10387,1,1,6,3,4,Voie communale,50.0,1
202400032674,2024-11-10,après-midi,,,66,66088,1,1,1,4,3,Départementale,80.0,1
202400032675,2024-06-21,soirée,,,06,06029,1,1,7,4,4,Voie communale,50.0,1
202400032676,2024-11-10,soirée,,,66,66180,3,1,6,3,4,Voie communale,50.0,1
202400032677,2024-06-20,après-midi,,,06,06123,1,1,5,4,4,Voie communale,30.0,1
202400032678,2024-11-09,matin,,,34,34023,1,2,6,3,4,Voie communale,20.0,2
202400032679,2024-11-10,après-midi,,,34,34146,3,1,7,3,3,Départementale,,1
202400032680,2024-06-21,matin,,,04,04070,1,1,4,4,4,Voie communale,50.0,1
202400032681,2024-11-10,nuit,,,83,83071,3,1,6,2,3,Départementale,70.0,1
202400032682,2024-06-20,nuit,,,75,75104,5,1,6,3,4,Voie communale,30.0,1
202400032683,2024-11-10,après-midi,,,52,52447,5,1,6,3,3,Départementale,50.0,1
202400032684,2024-06-21,matin,,,75,75120,1,2,2,4,4,Voie communale,30.0,2
202400032685,2024-11-10,après-midi,,,42,42214,1,1,1,4,4,Voie communale,80.0,1
202400032686,2024-06-20,matin,,,75,75119,2,1,6,4,4,Voie communale,30.0,1
202400032687,2024-11-10,nuit,,,31,31451,3,2,2,4,3,Départementale,70.0,2
202400032688,2024-11-09,soirée,,,40,40114,3,1,6,3,4,Voie communale,80.0,2
202400032689,2024-06-21,soirée,,,75,75118,1,1,1,4,4,Voie communale,30.0,1
202400032690,2024-11-09,soirée,,,76,76116,3,5,7,2,7,Autre,80.0,2
202400032691,2024-06-20,après-midi,,,75,75114,1,1,6,4,4,Voie communale,30.0,1
202400032692,2024-11-09,soirée,,,60,60103,5,1,6,3,3,Départementale,50.0,1
202400032693,2024-06-21,soirée,,,75,75113,1,1,6,4,4,Voie communale,30.0,1
202400032694,2024-06-21,soirée,,,75,75108,2,1,3,4,4,Voie communale,30.0,1
202400032695,2024-11-10,matin,,,59,59044,1,8,1,3,7,Autre,80.0,2
202400032696,2024-06-21,après-midi,,,75,75108,1,2,6,4,4,Voie communale,30.0,2
202400032697,2024-11-08,soirée,,,38,38087,3,1,3,4,1,Autoroute,110.0,1
202400032698,2024-06-21,matin,,,75,75107,1,2,7,4,4,Voie communale,30.0,2
202400032699,2024-11-09,soirée,,,92,92002,3,1,4,4,1,Autoroute,90.0,1
202400032700,2024-06-21,nuit,,,75,75107,5,1,3,4,4,Voie communale,30.0,1
202400032701,2024-11-09,après-midi,,,94,94034,5,1,2,4,1,Autoroute,70.0,1
202400032702,2024-06-21,après-midi,,,75,75103,1,2,7,4,4,Voie communale,30.0,2
202400032703,2024-11-09,matin,,,91,91689,1,5,3,4,1,Autoroute,110.0,1
202400032704,2024-06-21,soirée,,,94,94081,1,1,5,4,3,Départementale,50.0,1
202400032705,2024-11-09,nuit,,,93,93066,4,1,6,4,1,Autoroute,70.0,1
202400032706,2024-06-21,après-midi,,,94,94081,1,1,3,4,4,Voie communale,50.0,1
202400032707,2024-11-08,après-midi,,,974,97411,1,1,5,4,3,Départementale,50.0,1
202400032708,2024-06-21,après-midi,,,94,94068,1,2,1,4,3,Départementale,30.0,2
202400032709,2024-11-08,après-midi,,,974,97411,1,1,3,4,2,Nationale,30.0,1
202400032710,2024-11-08,matin,,,974,97411,1,1,1,4,2,Nationale,30.0,1
202400032711,2024-06-20,soirée,,,94,94042,1,1,3,4,3,Départementale,,1
202400032712,2024-11-07,après-midi,,,974,97409,1,1,3,4,2,Nationale,110.0,1
202400032713,2024-06-20,après-midi,,,94,94052,1,1,3,4,4,Voie communale,30.0,1
202400032714,2024-12-14,matin,,,71,71422,1,5,3,4,3,Départementale,80.0,2
202400032715,2024-10-31,après-midi,,,71,71416,2,2,6,4,4,Voie communale,50.0,2
202400032716,2024-11-08,après-midi,,,974,97407,1,1,3,4,2,Nationale,50.0,1
202400032717,2024-06-21,après-midi,,,94,94046,1,1,3,4,3,Départementale,50.0,1
202400032718,2024-12-14,matin,,,34,34332,1,1,6,3,4,Voie communale,50.0,1
202400032719,2024-11-08,après-midi,,,973,97302,1,1,6,4,3,Départementale,50.0,1
202400032720,2024-06-21,matin,,,94,94065,1,2,3,4,5,Autre,50.0,2
202400032721,2024-12-15,nuit,,,68,68135,3,1,1,4,3,Départementale,50.0,1
202400032722,2024-11-08,après-midi,,,973,97302,1,1,3,4,4,Voie communale,50.0,1
202400032723,2024-12-14,soirée,,,44,44153,3,1,7,3,3,Départementale,70.0,2
202400032724,2024-11-08,matin,,,973,97302,1,1,7,4,3,Départementale,50.0,1
202400032725,2024-06-21,nuit,,,94,94033,1,8,3,4,3,Départementale,50.0,1
202400032726,2024-12-13,après-midi,,,44,44163,2,1,6,3,3,Départementale,80.0,1
202400032727,2024-11-08,nuit,,,973,97302,3,1,7,4,2,Nationale,50.0,1
202400032728,2024-12-14,matin,,,29,29026,1,2,6,3,3,Départementale,80.0,2
202400032729,2024-06-21,nuit,,,94,94033,5,1,3,4,4,Voie communale,30.0,1
202400032730,2024-11-08,matin,,,972,97213,2,2,7,4,5,Autre,30.0,2
202400032731,2024-12-16,matin,,,29,29069,3,8,7,3,7,Autre,60.0,2
202400032732,2024-06-21,matin,,,94,94011,1,2,3,4,4,Voie communale,50.0,2
202400032733,2024-11-09,nuit,,,2B,2B033,5,8,6,4,2,Nationale,50.0,2
202400032734,2024-12-12,nuit,,,29,29173,3,1,6,3,4,Voie communale,70.0,1
202400032735,2024-12-14,soirée,,,14,14527,3,2,6,3,3,Départementale,70.0,2
202400032736,2024-06-20,après-midi,,,94,94028,1,1,4,4,3,Départementale,50.0,1
202400032737,2024-11-08,après-midi,,,971,97101,1,1,3,4,4,Voie communale,50.0,1
202400032738,2024-12-15,nuit,,,14,14136,3,2,6,3,3,Départementale,80.0,2
202400032739,2024-06-21,matin,,,93,93078,1,3,3,4,4,Voie communale,50.0,2
202400032740,2024-12-16,après-midi,,,90,90015,1,1,1,3,3,Départementale,50.0,1
202400032741,2024-11-08,soirée,,,91,91339,3,2,2,4,3,Départementale,70.0,2
202400032742,2024-06-21,nuit,,,93,93064,5,1,6,4,3,Départementale,50.0,1
202400032743,2024-12-15,après-midi,,,60,60508,1,1,7,3,9,Autre,30.0,2
202400032744,2024-12-15,après-midi,,,07,07112,2,1,6,3,3,Départementale,90.0,1
202400032745,2024-11-08,après-midi,,,91,91021,1,1,3,4,3,Départementale,50.0,1
202400032746,2024-06-21,soirée,,,93,93049,1,1,3,4,4,Voie communale,,2
202400032747,2024-11-08,matin,,,91,91691,1,8,6,4,4,Voie communale,30.0,1
202400032748,2024-12-15,après-midi,,,40,40310,2,1,1,4,3,Départementale,80.0,1
202400032749,2024-06-21,matin,,,93,93050,1,2,3,4,3,Départementale,50.0,2
202400032750,2024-12-16,matin,,,17,17026,2,5,7,3,3,Départementale,70.0,1
202400032751,2024-11-08,après-midi,,,91,91027,5,2,1,3,3,Départementale,30.0,2
202400032752,2024-06-20,après-midi,,,93,93048,1,1,6,4,3,Départementale,50.0,1
202400032753,2024-12-15,matin,,,17,17344,1,1,3,4,3,Départementale,50.0,9
202400032754,2024-11-08,après-midi,,,91,91433,1,5,3,4,3,Départementale,50.0,1
202400032755,2024-06-20,matin,,,93,93032,1,1,3,4,3,Départementale,50.0,1
202400032756,2024-12-16,matin,,,17,17347,5,1,7,4,3,Départementale,50.0,1
202400032757,2024-06-21,matin,,,93,93007,1,3,3,4,3,Départementale,50.0,2
202400032758,2024-11-08,matin,,,91,91223,1,8,3,4,3,Départementale,50.0,2
202400032759,2024-12-16,matin,,,17,17340,1,7,2,3,3,Départementale,70.0,1
202400032760,2024-06-21,après-midi,,,92,92078,1,1,2,4,3,Départementale,50.0,1
202400032761,2024-12-13,après-midi,,,23,23030,1,1,7,3,3,Départementale,50.0,1
202400032762,2024-11-07,soirée,,,87,87085,5,1,6,3,4,Voie communale,30.0,1
202400032763,2024-06-20,soirée,,,92,92033,1,2,6,4,4,Voie communale,50.0,2
202400032764,2024-12-16,après-midi,,,52,52124,1,5,6,4,3,Départementale,80.0,2
202400032765,2024-06-21,après-midi,,,92,92062,1,2,2,4,3,Départementale,50.0,2
202400032766,2024-11-07,matin,,,85,85194,1,1,3,3,4,Voie communale,50.0,1
202400032767,2024-12-15,après-midi,,,30,30036,1,1,6,2,4,Voie communale,50.0,1
202400032768,2024-06-21,soirée,,,92,92051,1,1,3,4,4,Voie communale,25.0,1
202400032769,2024-12-14,nuit,,,978,97801,3,1,1,3,2,Nationale,50.0,1
202400032770,2024-11-09,nuit,,,84,84007,5,1,3,4,4,Voie communale,50.0,1
202400032771,2024-06-21,après-midi,,,92,92012,1,1,6,4,4,Voie communale,30.0,2
202400032772,2024-11-07,après-midi,,,84,84007,2,1,6,4,4,Voie communale,50.0,1
202400032773,2024-12-14,nuit,,,79,79048,3,1,2,3,1,Autoroute,130.0,1
202400032774,2024-06-22,nuit,,,974,97415,3,1,6,3,2,Nationale,,1
202400032775,2024-06-01,après-midi,,,54,54597,1,1,7,3,3,Départementale,80.0,1
202400032776,2024-11-07,après-midi,,,84,84007,1,1,2,4,4,Voie communale,50.0,1
202400032777,2024-12-16,matin,,,68,68218,1,1,4,4,1,Autoroute,130.0,1
202400032778,2024-06-22,après-midi,,,86,86182,1,1,1,3,3,Départementale,50.0,1
202400032779,2024-12-15,nuit,,,64,64130,3,1,6,2,1,Autoroute,130.0,9
202400032780,2024-11-08,après-midi,,,83,83137,1,1,3,3,4,Voie communale,50.0,1
202400032781,2024-06-22,nuit,,,66,66145,3,1,4,4,1,Autoroute,130.0,1
202400032782,2024-12-15,nuit,,,63,63113,3,1,7,2,1,Autoroute,110.0,1
202400032783,2024-11-08,après-midi,,,83,83137,1,1,3,4,4,Voie communale,50.0,1
202400032784,2024-05-30,après-midi,,,974,97405,1,3,3,3,2,Nationale,50.0,2
202400032785,2024-12-15,soirée,,,973,97311,3,1,1,4,4,Voie communale,80.0,1
202400032786,2024-11-05,soirée,,,83,83137,5,1,3,3,3,Départementale,50.0,1
202400032787,2024-06-22,nuit,,,972,97231,5,1,7,3,3,Départementale,50.0,1
202400032788,2024-06-21,nuit,,,972,97221,3,1,7,2,2,Nationale,80.0,1
202400032789,2024-12-15,nuit,,,973,97304,5,1,6,4,4,Voie communale,50.0,1
202400032790,2024-11-07,matin,,,80,80261,1,1,3,3,6,Autre,30.0,1
202400032791,2024-12-16,nuit,,,977,97701,3,1,7,3,3,Départementale,30.0,1
202400032792,2024-06-21,nuit,,,972,97205,3,1,3,4,2,Nationale,70.0,2
202400032793,2024-12-13,matin,,,77,77465,1,8,3,4,3,Départementale,90.0,1
202400032794,2024-06-22,après-midi,,,35,35085,1,1,3,3,3,Départementale,80.0,1
202400032795,2024-12-12,soirée,,,77,77426,5,1,6,3,4,Voie communale,50.0,1
202400032796,2024-06-21,matin,,,01,01427,1,3,6,4,3,Départementale,50.0,2
202400032797,2024-11-08,nuit,,,77,77532,5,2,1,4,3,Départementale,50.0,9
202400032798,2024-12-16,matin,,,78,78087,1,2,7,3,4,Voie communale,70.0,2
202400032799,2024-12-16,nuit,,,2A,2A041,3,1,6,3,3,Départementale,80.0,1
202400032800,2024-06-22,après-midi,,,62,62251,1,1,3,3,3,Départementale,50.0,1
202400032801,2024-11-07,après-midi,,,77,77377,3,1,5,4,3,Départementale,70.0,1
202400032802,2024-06-21,après-midi,,,19,19279,1,3,6,3,3,Départementale,90.0,2
202400032803,2024-12-13,soirée,,,66,66180,2,1,3,4,4,Voie communale,,1
202400032804,2024-11-08,nuit,,,77,77407,3,1,1,3,3,Départementale,80.0,1
202400032805,2024-06-21,nuit,,,19,19230,5,1,6,4,3,Départementale,50.0,1
202400032806,2024-12-15,après-midi,,,83,83027,3,1,6,4,3,Départementale,70.0,1
202400032807,2024-06-21,nuit,,,76,76136,5,1,6,3,3,Départementale,80.0,1
202400032808,2024-12-16,matin,,,26,26124,3,1,7,4,1,Autoroute,130.0,1
202400032809,2024-11-07,matin,,,77,77288,1,1,6,3,4,Voie communale,50.0,1
202400032810,2024-06-21,soirée,,,79,79306,1,2,7,2,3,Départementale,80.0,2
202400032811,2024-06-06,soirée,,,2A,2A362,1,1,3,4,2,Nationale,50.0,1
202400032812,2024-11-08,après-midi,,,77,77284,2,8,2,4,3,Départementale,50.0,1
202400032813,2024-12-15,après-midi,,,21,21699,1,1,1,4,3,Départementale,90.0,2
202400032814,2024-06-06,nuit,,,2A,2A139,4,1,7,3,3,Départementale,80.0,1
202400032815,2024-11-08,soirée,,,77,77132,5,2,3,4,3,Départementale,50.0,2
202400032816,2024-12-14,après-midi,,,21,21038,5,1,6,3,3,Départementale,50.0,2
202400032817,2024-06-21,matin,,,2B,2B096,1,1,6,3,4,Voie communale,50.0,1
202400032818,2024-06-22,après-midi,,,71,71410,1,2,6,3,3,Départementale,80.0,2
202400032819,2024-11-08,matin,,,77,77438,1,8,3,4,3,Départementale,50.0,2
202400032820,2024-12-14,nuit,,,38,38061,3,2,1,4,1,Autoroute,80.0,2
202400032821,2024-12-15,soirée,,,01,01249,3,8,3,4,3,Départementale,,2
202400032822,2024-11-08,après-midi,,,76,76341,1,1,7,4,3,Départementale,,1
202400032823,2024-06-21,soirée,,,71,71014,1,1,3,4,4,Voie communale,50.0,1
202400032824,2024-12-14,soirée,,,22,22223,3,8,1,4,3,Départementale,70.0,2
202400032825,2024-06-21,soirée,,,12,12119,1,1,3,3,3,Départementale,70.0,1
202400032826,2024-11-07,après-midi,,,72,72095,1,1,3,4,4,Voie communale,50.0,1
202400032827,2024-12-15,soirée,,,76,76464,5,2,6,4,4,Voie communale,50.0,2