Num_Acc,date,time_of_day,lat,long,dep,com,lum,atm,col,severity_index,catr,catr_label,vma,surf
202400032828,2024-06-21,soirée,,,34,34268,1,1,7,3,3,Départementale,90.0,1
202400032829,2024-11-07,après-midi,,,72,72003,1,8,6,4,4,Voie communale,50.0,1
202400032830,2024-12-08,soirée,,,62,62283,3,2,3,3,3,Départementale,80.0,2
202400032831,2024-06-21,après-midi,,,22,22046,1,1,4,3,3,Départementale,80.0,1
202400032832,2024-11-08,soirée,,,69,69266,5,1,1,3,4,Voie communale,30.0,1
202400032833,2024-11-20,soirée,,,59,59036,5,1,3,3,3,Départementale,50.0,1
202400032834,2024-06-21,matin,,,39,39286,1,1,7,4,3,Départementale,50.0,1
202400032835,2024-06-22,nuit,,,25,25022,3,1,6,3,3,Départementale,50.0,1
202400032836,2024-11-08,soirée,,,69,69266,5,1,3,4,4,Voie communale,50.0,1
202400032837,2024-06-22,matin,,,44,44099,1,1,7,3,3,Départementale,80.0,2
202400032838,2024-12-15,matin,,,13,13117,3,1,6,4,1,Autoroute,90.0,1
202400032839,2024-11-08,soirée,,,69,69264,5,1,3,4,4,Voie communale,30.0,1
202400032840,2024-06-22,matin,,,84,84082,1,1,1,2,3,Départementale,80.0,1
202400032841,2024-12-15,nuit,,,13,13215,3,1,2,4,1,Autoroute,90.0,1
202400032842,2024-11-08,soirée,,,69,69290,5,1,3,4,4,Voie communale,50.0,1
202400032843,2024-12-15,nuit,,,13,13106,3,1,2,4,1,Autoroute,90.0,1
202400032844,2024-11-08,après-midi,,,69,69290,1,1,1,4,4,Voie communale,50.0,1
202400032845,2024-12-13,nuit,,,13,13212,5,2,2,4,1,Autoroute,70.0,2
202400032846,2024-06-21,soirée,,,03,03110,1,1,6,3,3,Départementale,90.0,2
202400032847,2024-11-08,nuit,,,67,67267,5,1,5,4,4,Voie communale,50.0,1
202400032848,2024-06-22,nuit,,,15,15084,3,5,6,3,3,Départementale,50.0,2
202400032849,2024-12-15,après-midi,,,83,83137,3,1,2,4,1,Autoroute,70.0,1
202400032850,2024-06-22,matin,,,58,58260,1,8,3,3,3,Départementale,80.0,2
202400032851,2024-11-08,après-midi,,,66,66136,1,1,3,4,4,Voie communale,30.0,1
202400032852,2024-12-13,après-midi,,,83,83137,5,1,2,4,1,Autoroute,70.0,1
202400032853,2024-06-21,après-midi,,,66,66024,1,1,7,4,3,Départementale,80.0,1
202400032854,2024-12-15,après-midi,,,33,33063,1,1,7,4,1,Autoroute,70.0,1
202400032855,2024-11-08,après-midi,,,64,64129,1,1,3,4,4,Voie communale,50.0,1
202400032856,2024-06-21,après-midi,,,14,14371,1,1,3,3,3,Départementale,80.0,1
202400032857,2024-11-08,matin,,,64,64129,1,1,2,4,4,Voie communale,50.0,1
202400032858,2024-12-15,après-midi,,,33,33063,1,1,4,4,1,Autoroute,70.0,1
202400032859,2024-11-08,matin,,,64,64445,1,1,7,4,4,Voie communale,50.0,1
202400032860,2024-12-15,nuit,,,92,92002,3,8,6,3,1,Autoroute,130.0,2
202400032861,2024-11-07,après-midi,,,64,64445,1,1,2,4,4,Voie communale,50.0,1
202400032862,2024-12-14,soirée,,,91,91086,3,1,4,4,2,Nationale,90.0,2
202400032863,2024-11-07,matin,,,64,64445,4,1,3,3,4,Voie communale,50.0,1
202400032864,2024-11-08,soirée,,,64,64102,5,1,3,4,4,Voie communale,50.0,1
202400032865,2024-12-15,matin,,,93,93064,3,1,5,4,1,Autoroute,90.0,1
202400032866,2024-11-08,soirée,,,64,64024,5,1,3,4,4,Voie communale,50.0,1
202400032867,2024-12-15,après-midi,,,94,94073,1,1,3,4,1,Autoroute,90.0,1
202400032868,2024-11-08,nuit,,,62,62250,5,1,2,2,3,Départementale,50.0,1
202400032869,2024-12-15,nuit,,,94,94073,3,1,2,4,1,Autoroute,90.0,1
202400032870,2024-11-05,après-midi,,,62,62119,2,2,3,3,3,Départementale,50.0,2
202400032871,2024-08-26,soirée,,,91,91645,1,1,2,3,3,Départementale,70.0,1
202400032872,2024-11-04,matin,,,59,59560,1,1,6,4,4,Voie communale,50.0,1
202400032873,2024-08-23,après-midi,,,91,91377,1,1,3,4,4,Voie communale,50.0,1
202400032874,2024-07-14,nuit,,,73,73116,3,1,6,3,3,Départementale,80.0,1
202400032875,2024-11-07,après-midi,,,59,59560,1,1,2,4,7,Autre,50.0,1
202400032876,2024-09-17,soirée,,,28,28003,2,1,1,3,3,Départementale,90.0,1
202400032877,2024-11-07,matin,,,59,59360,1,1,3,4,7,Autre,50.0,1
202400032878,2024-11-08,soirée,,,57,57123,5,5,3,3,3,Départementale,50.0,2
202400032879,2024-09-29,soirée,,,28,28134,2,1,2,4,4,Voie communale,50.0,1
202400032880,2024-11-08,matin,,,56,56121,1,8,6,4,4,Voie communale,30.0,1
202400032881,2024-12-13,après-midi,,,987,98735,1,1,3,4,4,Voie communale,50.0,2
202400032882,2024-11-06,après-midi,,,54,54431,5,1,7,4,3,Départementale,70.0,1
202400032883,2024-12-14,soirée,,,974,97411,1,1,7,4,9,Autre,30.0,9
202400032884,2024-12-14,matin,,,974,97411,1,1,6,4,4,Voie communale,50.0,1
202400032885,2024-11-08,soirée,,,51,51454,5,1,3,4,4,Voie communale,50.0,1
202400032886,2024-12-14,soirée,,,974,97409,3,1,2,4,2,Nationale,110.0,1
202400032887,2024-12-14,nuit,,,973,97302,5,1,3,4,3,Départementale,50.0,1
202400032888,2024-11-08,soirée,,,51,51454,5,1,3,4,4,Voie communale,50.0,1
202400032889,2024-12-14,soirée,,,972,97213,3,1,2,4,3,Départementale,50.0,1
202400032890,2024-11-08,après-midi,,,51,51454,1,1,3,4,4,Voie communale,50.0,1
202400032891,2024-12-15,nuit,,,2A,2A004,5,1,3,4,2,Nationale,50.0,1
202400032892,2024-11-07,soirée,,,51,51454,2,1,3,4,4,Voie communale,30.0,1
202400032893,2024-12-14,soirée,,,91,91549,5,8,6,4,3,Départementale,50.0,2
202400032894,2024-11-08,matin,,,49,49007,2,1,4,4,3,Départementale,90.0,1
202400032895,2024-12-14,matin,,,91,91457,1,1,3,4,3,Départementale,30.0,1
202400032896,2024-11-07,soirée,,,49,49007,5,1,6,4,4,Voie communale,50.0,2
202400032897,2024-12-14,matin,,,91,91114,1,1,3,4,3,Départementale,50.0,1
202400032898,2024-11-07,soirée,,,49,49007,5,1,3,4,4,Voie communale,50.0,2
202400032899,2024-12-14,soirée,,,30,30011,5,1,2,4,2,Nationale,50.0,1
202400032900,2024-12-14,après-midi,,,78,78423,5,1,6,4,4,Voie communale,,1
202400032901,2024-11-07,matin,,,49,49007,1,8,3,3,4,Voie communale,50.0,1
202400032902,2024-12-14,soirée,,,77,77373,5,1,6,4,4,Voie communale,50.0,1
202400032903,2024-12-14,après-midi,,,77,77495,1,2,7,3,9,Autre,30.0,2
202400032904,2024-11-08,soirée,,,47,47001,5,1,3,4,4,Voie communale,50.0,1
202400032905,2024-12-13,après-midi,,,77,77288,5,1,6,3,4,Voie communale,50.0,1
202400032906,2024-12-13,après-midi,,,72,72181,1,1,6,4,4,Voie communale,30.0,1
202400032907,2024-11-08,matin,,,45,45004,3,9,1,4,3,Départementale,70.0,2
202400032908,2024-12-07,matin,,,68,68066,1,1,6,3,3,Départementale,50.0,2
202400032909,2024-11-08,nuit,,,45,45068,5,2,2,4,4,Voie communale,50.0,2
202400032910,2024-12-13,soirée,,,66,66136,5,1,3,4,4,Voie communale,50.0,1
202400032911,2024-11-08,matin,,,44,44109,1,1,6,4,4,Voie communale,50.0,1
202400032912,2024-12-13,soirée,,,64,64445,5,1,4,4,3,Départementale,70.0,1
202400032913,2024-11-07,soirée,,,44,44109,3,1,6,4,4,Voie communale,30.0,1
202400032914,2024-12-13,après-midi,,,64,64445,2,1,3,4,4,Voie communale,50.0,1
202400032915,2024-11-08,après-midi,,,43,43002,1,1,3,4,3,Départementale,50.0,1
202400032916,2024-12-14,après-midi,,,62,62193,5,1,1,3,4,Voie communale,30.0,1
202400032917,2024-11-06,soirée,,,40,40281,5,1,3,3,4,Voie communale,70.0,1
202400032918,2024-12-14,soirée,,,54,54304,5,4,6,4,4,Voie communale,30.0,2
202400032919,2024-12-14,après-midi,,,51,51454,1,1,7,4,4,Voie communale,50.0,1
202400032920,2024-11-08,après-midi,,,38,38053,1,1,1,4,3,Départementale,50.0,1
202400032921,2024-12-14,après-midi,,,51,51454,1,1,6,3,4,Voie communale,30.0,1
202400032922,2024-11-07,nuit,,,37,37214,5,1,2,3,4,Voie communale,50.0,1
202400032923,2024-12-14,nuit,,,51,51454,5,1,3,4,4,Voie communale,70.0,1
202400032924,2024-11-08,matin,,,36,36044,1,1,6,4,4,Voie communale,50.0,1
202400032925,2024-12-14,soirée,,,49,49007,5,1,3,4,4,Voie communale,50.0,2
202400032926,2024-11-07,soirée,,,36,36063,2,1,5,4,2,Nationale,80.0,1
202400032927,2024-11-08,matin,,,35,35238,1,1,6,3,4,Voie communale,30.0,1
202400032928,2024-12-14,matin,,,45,45234,1,1,3,4,4,Voie communale,50.0,1
202400032929,2024-11-08,soirée,,,34,34172,5,1,1,4,7,Autre,50.0,1
202400032930,2024-12-14,après-midi,,,44,44162,3,2,4,4,2,Nationale,90.0,2
202400032931,2024-11-08,après-midi,,,34,34172,1,1,3,3,4,Voie communale,50.0,1
202400032932,2024-12-13,après-midi,,,43,43157,1,4,3,4,4,Voie communale,50.0,5
202400032933,2024-11-08,soirée,,,33,33318,1,1,2,4,4,Voie communale,30.0,1
202400032934,2024-12-14,nuit,,,42,42184,4,2,3,4,3,Départementale,70.0,2
202400032935,2024-11-08,soirée,,,30,30007,5,1,7,3,4,Voie communale,30.0,1
202400032936,2024-12-13,après-midi,,,38,38185,1,1,3,4,4,Voie communale,50.0,1
202400032937,2024-12-15,nuit,,,34,34172,5,1,2,4,4,Voie communale,50.0,1
202400032938,2024-11-07,après-midi,,,27,27229,1,1,3,4,4,Voie communale,50.0,1
202400032939,2024-11-08,matin,,,19,19031,1,1,6,4,4,Voie communale,50.0,1
202400032940,2024-12-15,nuit,,,33,33069,5,2,3,4,4,Voie communale,50.0,2
202400032941,2024-11-08,matin,,,19,19031,1,1,3,4,3,Départementale,,1
202400032942,2024-11-08,soirée,,,17,17415,4,8,7,4,4,Voie communale,50.0,1
202400032943,2024-12-14,après-midi,,,33,33063,5,2,3,3,4,Voie communale,50.0,2
202400032944,2024-11-08,soirée,,,14,14118,5,8,3,4,4,Voie communale,50.0,1
202400032945,2024-11-08,après-midi,,,13,13028,1,1,3,4,3,Départementale,60.0,1
202400032946,2024-12-13,après-midi,,,33,33249,1,1,3,4,4,Voie communale,50.0,1
202400032947,2024-12-13,après-midi,,,33,33318,1,1,7,2,4,Voie communale,50.0,1
202400032948,2024-11-08,soirée,,,13,13001,3,2,2,4,3,Départementale,90.0,2
202400032949,2024-11-08,après-midi,,,11,11069,1,1,6,4,4,Voie communale,30.0,1
202400032950,2024-12-13,matin,,,33,33063,2,1,6,3,4,Voie communale,50.0,1
202400032951,2024-11-08,matin,,,10,10387,1,8,7,4,4,Voie communale,50.0,1
202400032952,2024-11-08,matin,,,10,10387,2,2,3,4,4,Voie communale,50.0,2
202400032953,2024-12-14,matin,,,31,31555,1,2,3,4,1,Autoroute,90.0,2
202400032954,2024-12-14,après-midi,,,29,29019,1,1,6,4,4,Voie communale,20.0,1
202400032955,2024-11-08,matin,,,04,04112,1,1,4,4,3,Départementale,70.0,1
202400032956,2024-12-14,matin,,,27,27681,1,8,6,4,4,Voie communale,50.0,1
202400032957,2024-10-31,matin,,,02,02691,1,8,1,4,4,Voie communale,50.0,1
202400032958,2024-12-14,après-midi,,,25,25462,1,2,3,4,4,Voie communale,50.0,2
202400032959,2024-12-14,nuit,,,13,13039,3,3,3,4,2,Nationale,80.0,2
202400032960,2024-11-08,soirée,,,75,75113,5,8,2,4,4,Voie communale,50.0,1
202400032961,2024-12-14,matin,,,13,13203,1,1,1,3,4,Voie communale,50.0,1
202400032962,2024-11-07,nuit,,,75,75112,3,1,2,4,4,Voie communale,50.0,1
202400032963,2024-12-13,soirée,,,13,13028,5,8,7,4,4,Voie communale,30.0,2
202400032964,2024-11-08,après-midi,,,75,75120,1,8,6,4,4,Voie communale,30.0,1
202400032965,2024-12-14,matin,,,11,11262,1,1,6,3,6,Autre,30.0,1
202400032966,2024-11-08,matin,,,75,75120,1,8,6,4,4,Voie communale,,1
202400032967,2024-12-14,après-midi,,,11,11069,3,2,2,4,4,Voie communale,50.0,2
202400032968,2024-11-08,matin,,,75,75118,1,2,5,4,4,Voie communale,30.0,2
202400032969,2024-12-14,matin,,,10,10387,1,2,1,4,4,Voie communale,50.0,2
202400032970,2024-11-07,nuit,,,75,75109,5,8,3,4,4,Voie communale,30.0,1
202400032971,2024-11-30,après-midi,,,05,05061,1,1,6,4,2,Nationale,50.0,1
202400032972,2024-12-14,matin,,,03,03101,2,8,6,3,3,Départementale,50.0,1
202400032973,2024-11-08,matin,,,75,75116,2,1,1,4,4,Voie communale,50.0,1
202400032974,2024-12-13,soirée,,,03,03098,5,1,3,2,3,Départementale,50.0,1
202400032975,2024-11-07,soirée,,,75,75116,5,1,6,4,4,Voie communale,50.0,1
202400032976,2024-12-13,après-midi,,,01,01014,1,1,3,4,4,Voie communale,30.0,1
202400032977,2024-11-07,soirée,,,75,75116,5,1,3,4,4,Voie communale,50.0,1
202400032978,2024-12-14,nuit,,,75,75119,5,1,2,4,4,Voie communale,30.0,1
202400032979,2024-11-08,après-midi,,,75,75115,1,8,7,4,4,Voie communale,30.0,1
202400032980,2024-12-13,après-midi,,,75,75118,2,1,2,4,4,Voie communale,30.0,1
202400032981,2024-11-08,après-midi,,,75,75114,1,8,6,4,4,Voie communale,30.0,1
202400032982,2024-12-13,nuit,,,75,75118,5,1,3,4,4,Voie communale,,1
202400032983,2024-12-14,soirée,,,75,75117,5,8,3,4,4,Voie communale,30.0,2
202400032984,2024-11-08,matin,,,75,75112,1,1,3,4,4,Voie communale,30.0,1
202400032985,2024-12-14,matin,,,75,75117,1,1,3,4,4,Voie communale,30.0,1
202400032986,2024-11-08,soirée,,,75,75110,5,1,6,4,4,Voie communale,,1
202400032987,2024-12-14,après-midi,,,75,75115,1,1,2,4,4,Voie communale,30.0,1
202400032988,2024-11-08,matin,,,75,75109,1,1,3,4,4,Voie communale,30.0,1
202400032989,2024-11-08,après-midi,,,75,75107,2,1,6,4,4,Voie communale,30.0,1
202400032990,2024-12-14,soirée,,,75,75113,5,1,3,4,4,Voie communale,30.0,2
202400032991,2024-11-07,soirée,,,94,94067,5,1,3,4,3,Départementale,30.0,1
202400032992,2024-12-14,soirée,,,75,75111,5,2,3,4,4,Voie communale,30.0,2
202400032993,2024-11-08,soirée,,,94,94043,5,1,3,4,3,Départementale,,1
202400032994,2024-12-14,après-midi,,,75,75110,1,1,2,4,4,Voie communale,30.0,1
202400032995,2024-12-14,après-midi,,,75,75110,1,1,3,4,4,Voie communale,30.0,1
202400032996,2024-11-07,soirée,,,94,94017,5,2,3,4,3,Départementale,50.0,2
202400032997,2024-12-14,nuit,,,75,75109,5,1,6,4,4,Voie communale,30.0,1
202400032998,2024-11-08,matin,,,94,94047,1,2,3,4,3,Départementale,50.0,2
202400032999,2024-12-14,après-midi,,,75,75107,1,1,6,4,4,Voie communale,30.0,1
202400033000,2024-11-08,soirée,,,93,93072,5,1,1,4,4,Voie communale,50.0,1
202400033001,2024-11-08,matin,,,93,93066,1,2,3,4,4,Voie communale,50.0,2
202400033002,2024-12-13,soirée,,,75,75102,5,1,6,3,4,Voie communale,30.0,1
202400033003,2024-11-08,soirée,,,93,93064,5,1,2,4,3,Départementale,50.0,1
202400033004,2024-12-13,nuit,,,75,75101,5,1,6,4,4,Voie communale,30.0,1
202400033005,2024-12-14,soirée,,,94,94068,5,1,3,4,3,Départementale,30.0,1
202400033006,2024-11-08,après-midi,,,93,93048,2,8,1,3,4,Voie communale,30.0,1
202400033007,2024-12-13,après-midi,,,94,94043,1,1,6,3,3,Départementale,50.0,1
202400033008,2024-11-08,après-midi,,,93,93061,1,8,6,3,4,Voie communale,30.0,1
202400033009,2024-12-14,soirée,,,94,94022,5,1,3,4,3,Départementale,50.0,1
202400033010,2024-12-14,nuit,,,93,93078,5,1,1,4,4,Voie communale,50.0,1
202400033011,2024-12-13,après-midi,,,93,93064,1,1,3,4,4,Voie communale,50.0,1
202400033012,2024-12-14,après-midi,,,93,93050,5,1,1,4,3,Départementale,50.0,2
202400033013,2024-12-14,après-midi,,,93,93048,5,2,1,4,4,Voie communale,50.0,2
202400033014,2024-12-14,nuit,,,93,93045,5,2,6,4,3,Départementale,30.0,2
202400033015,2024-12-14,après-midi,,,93,93048,2,2,6,4,3,Départementale,50.0,2
202400033016,2024-12-14,nuit,,,93,93029,5,1,6,4,4,Voie communale,50.0,1
202400033017,2024-12-14,matin,,,93,93047,1,1,6,4,4,Voie communale,50.0,1
202400033018,2024-12-14,matin,,,93,93001,1,1,2,4,4,Voie communale,30.0,1
202400033019,2024-12-14,matin,,,92,92075,1,1,7,4,3,Départementale,50.0,1
202400033020,2024-12-14,nuit,,,92,92077,5,1,6,4,4,Voie communale,30.0,1
202400033021,2024-12-14,après-midi,,,92,92063,1,1,3,4,3,Départementale,50.0,1
202400033022,2024-12-14,soirée,,,92,92050,5,2,3,4,4,Voie communale,50.0,2
202400033023,2024-12-14,après-midi,,,92,92050,1,1,3,4,3,Départementale,50.0,1
202400033024,2024-12-14,matin,,,92,92048,1,1,6,4,4,Voie communale,50.0,1
202400033025,2024-12-18,matin,,,92,92007,2,1,6,4,4,Voie communale,50.0,2
202400033026,2024-12-13,nuit,,,92,92036,5,1,3,4,3,Départementale,50.0,1
202400033027,2024-12-14,soirée,,,92,92002,5,2,3,4,3,Départementale,50.0,2
202400033028,2024-12-15,nuit,,,31,31547,3,2,3,4,3,Départementale,80.0,2
202400033029,2024-12-14,nuit,,,64,64117,3,2,6,3,4,Voie communale,50.0,2
202400033030,2024-12-15,nuit,,,04,04203,3,9,6,3,3,Départementale,80.0,7
202400033031,2024-12-14,nuit,,,56,56244,3,1,4,3,2,Nationale,110.0,1
202400033032,2024-12-13,matin,,,67,67025,1,1,1,3,3,Départementale,30.0,1
202400033033,2024-12-13,soirée,,,71,71305,3,3,6,3,3,Départementale,80.0,2
202400033034,2024-12-14,soirée,,,49,49125,5,2,6,4,3,Départementale,50.0,2
202400033035,2024-12-13,soirée,,,35,35096,3,1,3,3,3,Départementale,80.0,1
202400033036,2024-12-15,matin,,,29,29271,1,3,7,2,3,Départementale,80.0,2
202400033037,2024-12-13,après-midi,,,29,29259,1,8,3,4,3,Départementale,50.0,2
202400033038,2024-12-15,matin,,,29,29190,1,7,3,3,3,Départementale,50.0,2
202400033039,2024-12-15,après-midi,,,02,02095,1,9,7,4,4,Voie communale,50.0,2
202400033040,2024-12-13,après-midi,,,15,15003,1,8,6,4,3,Départementale,80.0,2
202400033041,2024-12-15,nuit,,,72,72112,4,1,1,4,3,Départementale,,1
202400033042,2024-12-15,après-midi,,,73,73070,3,1,1,4,3,Départementale,80.0,1
202400033043,2024-12-13,soirée,,,10,10287,3,8,6,3,3,Départementale,80.0,1
202400033044,2024-12-15,nuit,,,53,53170,3,1,7,3,3,Départementale,90.0,1
202400033045,2024-12-14,après-midi,,,40,40029,1,3,1,3,3,Départementale,80.0,2
202400033046,2024-12-14,soirée,,,17,17309,3,5,1,4,3,Départementale,90.0,2
202400033047,2024-12-13,après-midi,,,17,17342,1,1,1,3,3,Départementale,80.0,1
202400033048,2024-12-15,matin,,,37,37250,3,1,6,4,4,Voie communale,80.0,1
202400033049,2024-12-15,nuit,,,973,97307,3,8,1,2,2,Nationale,50.0,2
202400033050,2024-12-14,après-midi,,,39,39471,1,2,2,3,1,Autoroute,130.0,2
202400033051,2024-12-15,matin,,,13,13050,1,1,1,2,3,Départementale,70.0,1
202400033052,2024-12-14,soirée,,,13,13051,5,1,2,4,3,Départementale,,1
202400033053,2024-12-15,nuit,,,95,95678,3,8,3,4,3,Départementale,80.0,2
202400033054,2024-12-15,matin,,,69,69244,1,8,2,4,7,Autre,50.0,2
202400033055,2024-12-13,après-midi,,,974,97418,1,1,3,3,6,Autre,30.0,1
202400033056,2024-12-14,après-midi,,,973,97304,1,1,3,4,2,Nationale,80.0,1
202400033057,2024-12-06,après-midi,,,2A,2A163,1,2,1,4,2,Nationale,80.0,2
202400033058,2024-12-14,après-midi,,,11,11425,5,2,7,3,3,Départementale,50.0,2
202400033059,2024-12-14,matin,,,34,34057,2,7,3,4,7,Autre,50.0,1
202400033060,2024-12-15,matin,,,89,89442,3,1,6,4,1,Autoroute,130.0,1
202400033061,2024-12-14,nuit,,,26,26206,3,2,7,3,3,Départementale,80.0,2
202400033062,2024-12-15,après-midi,,,69,69019,1,1,6,4,4,Voie communale,80.0,1
202400033063,2024-12-15,après-midi,,,65,65089,1,1,1,4,3,Départementale,80.0,2
202400033064,2024-12-15,après-midi,,,79,79069,2,2,7,2,3,Départementale,80.0,2
202400033065,2024-12-14,nuit,,,86,86121,3,1,6,3,3,Départementale,80.0,2
202400033066,2024-12-14,soirée,,,33,33101,3,2,3,3,4,Voie communale,80.0,2
202400033067,2024-12-14,soirée,,,35,35047,3,1,5,4,7,Autre,110.0,1
202400033068,2024-12-14,nuit,,,13,13015,3,2,5,4,1,Autoroute,90.0,2
202400033069,2024-12-14,soirée,,,33,33281,1,1,5,3,1,Autoroute,90.0,1
202400033070,2024-12-14,après-midi,,,33,33249,1,1,7,4,1,Autoroute,50.0,2
202400033071,2024-12-14,matin,,,33,33063,1,2,4,4,1,Autoroute,70.0,2
202400033072,2024-12-14,après-midi,,,91,91521,1,1,5,4,2,Nationale,50.0,1
202400033073,2024-12-10,après-midi,,,91,91434,1,1,6,4,1,Autoroute,110.0,1
202400033074,2024-12-14,après-midi,,,92,92036,1,1,2,3,1,Autoroute,90.0,1
202400033075,2024-12-14,matin,,,92,92025,1,1,4,4,1,Autoroute,90.0,1
202400033076,2024-12-13,nuit,,,78,78043,3,1,6,4,1,Autoroute,90.0,1
202400033077,2024-03-02,matin,,,41,41157,1,3,3,3,3,Départementale,,2
202400033078,2024-03-03,après-midi,,,85,85290,1,1,3,4,3,Départementale,,1
202400033079,2024-03-03,nuit,,,21,21128,3,2,7,4,1,Autoroute,100.0,2
202400033080,2024-03-03,nuit,,,76,76244,3,5,3,4,1,Autoroute,130.0,1
202400033081,2024-03-03,matin,,,58,58086,3,3,1,3,1,Autoroute,90.0,2
202400033082,2024-03-03,matin,,,66,66028,1,1,3,3,4,Voie communale,50.0,1
202400033083,2024-03-03,après-midi,,,56,56185,1,1,1,2,4,Voie communale,80.0,1
202400033084,2024-03-03,soirée,,,74,74131,2,1,1,3,3,Départementale,80.0,1
202400033085,2024-03-02,soirée,,,76,76230,5,1,6,4,3,Départementale,50.0,1
202400033086,2024-03-03,après-midi,,,80,80808,1,1,1,2,3,Départementale,,1
202400033087,2024-03-03,après-midi,,,55,55198,1,1,1,3,3,Départementale,90.0,1
202400033088,2024-03-02,après-midi,,,42,42062,1,1,3,3,3,Départementale,50.0,1
202400033089,2024-03-03,nuit,,,42,42238,3,3,7,3,3,Départementale,80.0,2
202400033090,2024-03-01,après-midi,,,44,44096,1,2,3,3,3,Départementale,50.0,2
202400033091,2024-03-02,après-midi,,,31,31264,1,8,6,3,3,Départementale,80.0,2
202400033092,2024-03-02,après-midi,,,03,03029,1,2,6,3,3,Départementale,70.0,2
202400033093,2024-03-02,nuit,,,01,01269,3,1,1,4,3,Départementale,70.0,1
202400033094,2024-03-03,soirée,,,50,50425,2,1,7,4,3,Départementale,80.0,1
202400033095,2024-03-03,nuit,,,64,64436,3,3,1,4,3,Départementale,90.0,2
202400033096,2024-03-03,nuit,,,07,07225,3,3,6,4,3,Départementale,50.0,2
202400033097,2024-03-03,matin,,,37,37282,1,1,6,3,3,Départementale,50.0,1
202400033098,2024-03-02,soirée,,,30,30163,4,2,7,3,3,Départementale,80.0,2
202400033099,2024-03-02,soirée,,,13,13050,3,2,7,4,3,Départementale,80.0,2
202400033100,2024-03-02,soirée,,,03,03031,3,3,6,3,1,Autoroute,110.0,2
202400033101,2024-03-01,après-midi,,,38,38189,1,1,3,4,3,Départementale,80.0,1
202400033102,2024-03-02,nuit,,,987,98714,5,1,6,3,2,Nationale,40.0,1
202400033103,2024-03-03,après-midi,,,988,98822,1,1,6,4,2,Nationale,70.0,1
202400033104,2024-04-09,nuit,,,23,23096,3,2,6,4,2,Nationale,70.0,2
202400033105,2024-04-09,après-midi,,,19,19031,1,2,2,4,4,Voie communale,50.0,2
202400033106,2024-02-26,soirée,,,971,97117,2,1,3,4,2,Nationale,45.0,1
202400033107,2024-04-09,nuit,,,13,13203,4,1,1,4,4,Voie communale,50.0,1
202400033108,2024-02-24,soirée,,,13,13081,3,1,1,2,3,Départementale,90.0,1
202400033109,2024-03-02,après-midi,,,13,13022,1,8,7,3,3,Départementale,70.0,1
202400033110,2024-04-09,matin,,,13,13212,1,1,3,4,4,Voie communale,50.0,2
202400033111,2024-03-02,matin,,,13,13030,1,8,1,3,3,Départementale,80.0,1
202400033112,2024-04-08,après-midi,,,13,13201,1,1,1,4,4,Voie communale,50.0,1
202400033113,2024-03-02,nuit,,,54,54346,3,2,6,3,3,Départementale,80.0,2
202400033114,2024-04-09,après-midi,,,11,11069,1,2,3,4,4,Voie communale,50.0,2
202400033115,2024-04-08,soirée,,,10,10325,1,1,6,4,4,Voie communale,25.0,1
202400033116,2024-02-28,matin,,,01,01313,1,1,3,3,3,Départementale,70.0,1
202400033117,2024-03-02,après-midi,,,69,69228,1,8,7,3,3,Départementale,80.0,1
202400033118,2024-04-07,soirée,,,06,06088,1,1,6,4,7,Autre,50.0,1
202400033119,2024-03-02,matin,,,17,17086,3,2,1,4,2,Nationale,90.0,2
202400033120,2024-04-09,soirée,,,06,06004,1,1,3,4,3,Départementale,50.0,1
202400033121,2024-03-03,après-midi,,,50,50149,1,1,3,4,3,Départementale,80.0,1
202400033122,2024-04-09,matin,,,06,06004,1,2,2,3,4,Voie communale,20.0,2
202400033123,2024-03-02,après-midi,,,14,14753,1,1,2,3,3,Départementale,50.0,1
202400033124,2024-04-08,après-midi,,,04,04112,1,1,6,4,3,Départementale,50.0,1
202400033125,2024-03-03,soirée,,,60,60170,1,1,3,4,3,Départementale,70.0,1
202400033126,2024-04-09,après-midi,,,75,75120,1,1,3,4,4,Voie communale,70.0,1
202400033127,2024-04-09,matin,,,75,75116,1,1,4,4,4,Voie communale,70.0,1
202400033128,2024-03-03,après-midi,,,60,60570,1,1,3,4,3,Départementale,80.0,1
202400033129,2024-04-07,nuit,,,75,75112,5,1,5,4,4,Voie communale,50.0,1
202400033130,2024-03-02,soirée,,,80,80685,3,3,6,3,1,Autoroute,90.0,2
202400033131,2024-04-07,nuit,,,75,75105,2,1,6,4,4,Voie communale,50.0,1
202400033132,2024-03-02,nuit,,,59,59370,4,1,4,3,2,Nationale,50.0,1
202400033133,2024-04-09,après-midi,,,75,75119,1,1,2,4,4,Voie communale,30.0,2
202400033134,2024-03-02,nuit,,,78,78322,3,8,2,4,2,Nationale,90.0,2
202400033135,2024-04-09,matin,,,75,75119,1,1,6,4,4,Voie communale,30.0,1
202400033136,2024-03-02,après-midi,,,93,93007,1,3,4,4,1,Autoroute,110.0,2
202400033137,2024-03-02,nuit,,,95,95252,3,1,6,4,1,Autoroute,110.0,2
202400033138,2024-04-09,nuit,,,75,75119,5,2,3,4,4,Voie communale,50.0,2
202400033139,2024-04-09,matin,,,75,75117,1,1,1,4,4,Voie communale,50.0,1
202400033140,2024-03-01,après-midi,,,92,92036,1,1,4,4,2,Nationale,90.0,1
202400033141,2024-04-09,soirée,,,75,75116,1,2,6,4,4,Voie communale,50.0,2