Num_Acc,date,time_of_day,lat,long,dep,com,lum,atm,col,severity_index,catr,catr_label,vma,surf
202400033142,2024-01-19,matin,,,03,03229,1,1,3,3,3,Départementale,50.0,1
202400033143,2024-03-01,après-midi,,,93,93010,1,1,2,4,1,Autoroute,90.0,1
202400033144,2024-01-19,soirée,,,26,26235,5,6,7,2,4,Voie communale,50.0,1
202400033145,2024-04-09,matin,,,75,75115,1,1,7,4,4,Voie communale,30.0,1
202400033146,2024-03-01,matin,,,93,93029,1,1,2,4,1,Autoroute,90.0,1
202400033147,2024-01-20,après-midi,,,69,69188,1,1,1,4,3,Départementale,80.0,2
202400033148,2024-04-08,après-midi,,,75,75115,1,1,3,4,4,Voie communale,30.0,1
202400033149,2024-03-01,matin,,,94,94065,1,1,2,4,2,Nationale,90.0,1
202400033150,2024-01-19,après-midi,,,85,85155,1,1,2,3,3,Départementale,,1
202400033151,2024-04-09,après-midi,,,75,75112,1,1,6,3,4,Voie communale,30.0,1
202400033152,2024-02-29,après-midi,,,987,98736,2,1,3,3,4,Voie communale,30.0,1
202400033153,2024-01-17,soirée,,,14,14047,5,2,6,3,4,Voie communale,50.0,2
202400033154,2024-04-09,matin,,,75,75111,1,8,6,4,4,Voie communale,30.0,1
202400033155,2024-02-28,matin,,,974,97411,1,1,1,3,4,Voie communale,30.0,1
202400033156,2024-01-15,après-midi,,,62,62060,1,1,6,4,3,Départementale,30.0,1
202400033157,2024-02-23,nuit,,,974,97411,2,2,7,4,3,Départementale,50.0,2
202400033158,2024-01-19,matin,,,13,13212,5,1,4,4,1,Autoroute,50.0,1
202400033159,2024-03-01,soirée,,,974,97409,1,1,6,4,4,Voie communale,50.0,1
202400033160,2024-04-09,matin,,,75,75109,1,1,6,4,4,Voie communale,30.0,1
202400033161,2024-01-17,matin,,,57,57452,3,9,2,4,1,Autoroute,110.0,7
202400033162,2024-03-01,matin,,,974,97407,1,1,3,4,4,Voie communale,50.0,1
202400033163,2024-03-01,après-midi,,,973,97302,1,1,7,4,2,Nationale,50.0,1
202400033164,2024-05-16,après-midi,,,75,75102,1,1,3,4,4,Voie communale,30.0,1
202400033165,2024-04-08,après-midi,,,75,75108,1,1,3,4,4,Voie communale,50.0,1
202400033166,2024-03-01,nuit,,,973,97302,5,1,7,4,3,Départementale,50.0,1
202400033167,2024-05-16,soirée,,,94,94081,1,1,1,4,4,Voie communale,50.0,1
202400033168,2024-04-08,après-midi,,,75,75108,1,1,2,4,4,Voie communale,50.0,1
202400033169,2024-01-08,matin,,,57,57433,1,1,5,4,1,Autoroute,110.0,7
202400033170,2024-02-29,soirée,,,973,97302,5,1,3,4,3,Départementale,50.0,1
202400033171,2024-05-17,après-midi,,,94,94067,1,2,4,4,3,Départementale,50.0,2
202400033172,2024-04-09,après-midi,,,75,75104,1,2,7,4,4,Voie communale,30.0,2
202400033173,2024-05-15,matin,,,94,94033,1,1,3,4,3,Départementale,50.0,1
202400033174,2024-01-19,soirée,,,33,33366,4,1,2,4,1,Autoroute,110.0,1
202400033175,2024-03-01,matin,,,69,69387,2,1,3,4,4,Voie communale,30.0,1
202400033176,2024-04-09,après-midi,,,75,75103,1,2,3,4,4,Voie communale,30.0,2
202400033177,2024-05-16,après-midi,,,94,94028,1,1,6,4,4,Voie communale,50.0,1
202400033178,2024-03-01,matin,,,972,97209,1,1,6,4,2,Nationale,50.0,9
202400033179,2024-01-18,après-midi,,,33,33013,1,2,2,4,2,Nationale,50.0,2
202400033180,2024-04-09,matin,,,75,75104,1,1,7,4,4,Voie communale,30.0,6
202400033181,2024-05-17,soirée,,,94,94054,1,1,6,3,4,Voie communale,50.0,1
202400033182,2024-02-24,matin,,,971,97101,1,1,3,4,3,Départementale,50.0,1
202400033183,2024-04-09,nuit,,,75,75101,5,1,6,4,4,Voie communale,30.0,1
202400033184,2024-01-18,matin,,,33,33487,2,2,3,4,1,Autoroute,130.0,2
202400033185,2024-05-17,matin,,,94,94059,1,1,6,4,4,Voie communale,50.0,1
202400033186,2024-05-17,matin,,,94,94017,1,1,7,4,4,Voie communale,50.0,1
202400033187,2024-01-19,nuit,,,93,93006,3,8,3,4,1,Autoroute,90.0,2
202400033188,2024-02-23,soirée,,,971,97113,3,2,1,4,4,Voie communale,50.0,2
202400033189,2024-04-08,soirée,,,94,94042,2,1,3,4,3,Départementale,50.0,1
202400033190,2024-01-18,nuit,,,93,93007,3,4,6,4,1,Autoroute,90.0,5
202400033191,2024-05-14,après-midi,,,94,94004,1,1,3,4,3,Départementale,50.0,1
202400033192,2024-01-29,matin,,,971,97113,1,1,1,4,3,Départementale,50.0,1
202400033193,2024-04-09,matin,,,94,94046,1,1,6,4,3,Départementale,50.0,1
202400033194,2024-01-19,matin,,,77,77175,1,1,2,4,2,Nationale,90.0,2
202400033195,2024-05-17,soirée,,,94,94002,1,1,1,4,3,Départementale,50.0,1
202400033196,2024-01-18,matin,,,976,97611,1,3,6,4,2,Nationale,50.0,2
202400033197,2024-02-18,matin,,,971,97101,1,1,3,4,3,Départementale,80.0,1
202400033198,2024-04-08,soirée,,,94,94037,5,1,3,4,3,Départementale,50.0,1
202400033199,2024-05-16,après-midi,,,94,94002,1,1,2,4,3,Départementale,50.0,1
202400033200,2024-01-18,matin,,,974,97407,1,1,7,2,2,Nationale,110.0,1
202400033201,2024-03-01,matin,,,95,95268,1,2,6,4,6,Autre,10.0,2
202400033202,2024-05-17,après-midi,,,77,77282,1,1,6,4,4,Voie communale,30.0,1
202400033203,2024-04-09,nuit,,,94,94081,5,2,6,4,3,Départementale,50.0,2
202400033204,2024-01-18,après-midi,,,972,97213,1,1,3,4,1,Autoroute,90.0,1
202400033205,2024-03-01,soirée,,,95,95555,5,3,3,4,4,Voie communale,50.0,2
202400033206,2024-05-17,matin,,,93,93066,1,1,1,4,4,Voie communale,,1
202400033207,2024-05-17,après-midi,,,93,93077,1,1,3,3,4,Voie communale,50.0,1
202400033208,2024-01-18,matin,,,972,97213,1,1,2,4,2,Nationale,70.0,1
202400033209,2024-03-01,matin,,,91,91645,1,2,3,4,4,Voie communale,50.0,2
202400033210,2024-04-09,après-midi,,,93,93066,1,1,3,4,3,Départementale,50.0,2
202400033211,2024-01-18,après-midi,,,972,97209,1,1,6,4,3,Départementale,30.0,1
202400033212,2024-05-17,soirée,,,93,93055,1,8,2,4,4,Voie communale,30.0,1
202400033213,2024-03-02,nuit,,,84,84007,5,1,6,4,4,Voie communale,50.0,1
202400033214,2024-04-09,nuit,,,93,93062,5,1,6,4,3,Départementale,50.0,1
202400033215,2024-02-29,soirée,,,83,83126,3,1,6,2,3,Départementale,50.0,1
202400033216,2024-01-18,matin,,,972,97209,1,1,3,4,3,Départementale,30.0,1
202400033217,2024-05-14,après-midi,,,93,93053,1,2,5,4,3,Départementale,50.0,2
202400033218,2024-04-08,soirée,,,93,93055,2,1,2,4,4,Voie communale,50.0,1
202400033219,2024-01-18,soirée,,,69,69385,5,3,6,4,4,Voie communale,30.0,2
202400033220,2024-02-16,après-midi,,,83,83061,1,1,1,4,4,Voie communale,50.0,1
202400033221,2024-05-17,soirée,,,93,93049,1,1,3,4,4,Voie communale,30.0,1
202400033222,2024-01-16,après-midi,,,971,97107,1,2,6,4,3,Départementale,50.0,2
202400033223,2024-04-09,après-midi,,,93,93049,1,2,3,4,3,Départementale,50.0,2
202400033224,2024-05-15,soirée,,,93,93032,1,1,6,4,4,Voie communale,50.0,1
202400033225,2024-03-01,matin,,,82,82121,1,8,3,4,4,Voie communale,50.0,1
202400033226,2024-01-18,matin,,,2A,2A004,1,1,2,4,2,Nationale,50.0,1
202400033227,2024-04-09,soirée,,,93,93046,1,1,6,4,4,Voie communale,50.0,1
202400033228,2024-05-17,après-midi,,,93,93047,1,1,3,3,4,Voie communale,50.0,1
202400033229,2024-01-18,matin,,,2A,2A004,5,2,2,4,3,Départementale,50.0,2
202400033230,2024-03-01,après-midi,,,79,79329,1,8,6,4,4,Voie communale,50.0,1
202400033231,2024-04-08,après-midi,,,92,92073,1,1,6,4,4,Voie communale,30.0,1
202400033232,2024-05-17,soirée,,,93,93010,1,1,2,4,3,Départementale,50.0,1
202400033233,2024-01-18,matin,,,91,91692,1,4,2,4,2,Nationale,50.0,7
202400033234,2024-04-09,après-midi,,,92,92051,1,1,3,4,4,Voie communale,50.0,1
202400033235,2024-03-01,matin,,,79,79191,2,2,1,4,4,Voie communale,30.0,2
202400033236,2024-05-16,nuit,,,93,93010,5,1,3,3,3,Départementale,50.0,1
202400033237,2024-01-18,après-midi,,,91,91286,5,1,4,4,3,Départementale,50.0,2
202400033238,2024-05-17,après-midi,,,93,93005,1,1,3,4,4,Voie communale,50.0,1
202400033239,2024-03-01,matin,,,78,78650,1,2,3,4,4,Voie communale,50.0,2
202400033240,2024-04-09,matin,,,92,92050,1,1,5,4,3,Départementale,30.0,1
202400033241,2024-05-17,matin,,,93,93001,1,1,6,4,3,Départementale,50.0,1
202400033242,2024-01-18,matin,,,91,91174,1,8,3,4,3,Départementale,50.0,2
202400033243,2024-04-09,après-midi,,,92,92020,1,1,3,4,3,Départementale,50.0,1
202400033244,2024-03-01,matin,,,77,77373,2,1,3,4,3,Départementale,50.0,1
202400033245,2024-01-17,matin,,,84,84081,1,2,6,4,4,Voie communale,30.0,2
202400033246,2024-05-17,après-midi,,,92,92033,1,1,4,4,3,Départementale,50.0,1
202400033247,2024-04-08,après-midi,,,92,92020,1,1,3,4,3,Départementale,50.0,1
202400033248,2024-01-15,soirée,,,83,83126,5,1,3,4,3,Départementale,50.0,1
202400033249,2024-05-16,soirée,,,92,92040,1,1,6,4,3,Départementale,30.0,1
202400033250,2024-03-01,matin,,,77,77464,1,9,1,3,3,Départementale,50.0,2
202400033251,2024-01-18,soirée,,,77,77169,5,1,7,4,3,Départementale,50.0,7
202400033252,2024-04-09,après-midi,,,92,92012,1,2,2,4,3,Départementale,50.0,2
202400033253,2024-05-16,après-midi,,,92,92036,1,1,3,3,3,Départementale,50.0,1
202400033254,2024-02-28,après-midi,,,77,77186,1,1,3,4,3,Départementale,90.0,1
202400033255,2024-01-17,soirée,,,76,76351,4,4,2,4,4,Voie communale,50.0,2
202400033256,2024-04-09,soirée,,,92,92007,1,1,3,4,3,Départementale,50.0,1
202400033257,2024-05-16,matin,,,92,92036,1,1,3,4,3,Départementale,50.0,1
202400033258,2024-01-18,après-midi,,,76,76217,1,1,6,4,4,Voie communale,50.0,1
202400033259,2024-03-01,nuit,,,76,76351,5,2,3,4,4,Voie communale,50.0,2
202400033260,2024-05-17,nuit,,,92,92026,5,1,3,4,3,Départementale,50.0,1
202400033261,2024-04-05,après-midi,,,92,92009,1,8,3,4,3,Départementale,50.0,1
202400033262,2024-01-18,après-midi,,,72,72181,1,1,3,4,4,Voie communale,50.0,1
202400033263,2024-04-10,après-midi,,,65,65304,1,1,7,4,3,Départementale,80.0,1
202400033264,2024-05-17,soirée,,,92,92012,2,1,3,4,3,Départementale,50.0,1
202400033265,2024-03-01,soirée,,,74,74010,5,1,3,4,4,Voie communale,50.0,1
202400033266,2024-01-17,soirée,,,72,72181,5,1,4,4,3,Départementale,70.0,1
202400033267,2024-05-16,après-midi,,,92,92002,1,1,3,4,3,Départementale,50.0,1
202400033268,2024-02-08,soirée,,,73,73011,3,1,3,3,6,Autre,50.0,1
202400033269,2024-01-18,après-midi,,,69,69264,1,2,1,3,4,Voie communale,30.0,2
202400033270,2024-05-18,nuit,,,33,33243,4,1,6,3,4,Voie communale,50.0,1
202400033271,2024-04-08,après-midi,,,08,08268,1,2,3,4,3,Départementale,80.0,2
202400033272,2024-02-29,soirée,,,72,72181,3,2,3,4,4,Voie communale,50.0,2
202400033273,2024-01-18,soirée,,,69,69259,5,2,6,4,4,Voie communale,50.0,2
202400033274,2024-05-18,nuit,,,95,95116,2,5,1,3,3,Départementale,80.0,1
202400033275,2024-04-09,après-midi,,,2A,2A348,1,1,1,2,3,Départementale,80.0,1
202400033276,2024-02-28,matin,,,71,71445,1,1,3,4,3,Départementale,50.0,1
202400033277,2024-01-17,soirée,,,67,67447,5,2,3,4,7,Autre,50.0,2
202400033278,2024-05-10,soirée,,,33,33138,5,1,3,4,3,Départementale,50.0,1
202400033279,2024-04-10,après-midi,,,71,71550,1,1,6,4,1,Autoroute,130.0,1
202400033280,2024-01-17,après-midi,,,67,67482,3,2,6,4,4,Voie communale,50.0,2
202400033281,2024-03-01,après-midi,,,69,69275,1,1,5,4,7,Autre,50.0,1
202400033282,2024-04-07,nuit,,,51,51398,3,1,7,4,3,Départementale,80.0,1
202400033283,2024-05-17,après-midi,,,33,33030,1,2,1,4,4,Voie communale,50.0,2
202400033284,2024-01-18,soirée,,,66,66136,5,1,3,4,4,Voie communale,50.0,1
202400033285,2024-05-18,matin,,,84,84137,1,1,6,2,4,Voie communale,50.0,1
202400033286,2024-03-01,nuit,,,69,69259,5,1,2,4,4,Voie communale,70.0,1
202400033287,2024-04-09,soirée,,,41,41091,1,1,6,4,1,Autoroute,130.0,1
202400033288,2024-01-17,soirée,,,66,66136,3,1,2,4,3,Départementale,50.0,1
202400033289,2024-05-17,soirée,,,83,83054,1,1,2,3,1,Autoroute,110.0,1
202400033290,2024-04-10,nuit,,,62,62820,3,1,1,4,3,Départementale,80.0,1
202400033291,2024-01-18,matin,,,63,63113,5,3,3,4,7,Autre,50.0,2
202400033292,2024-03-01,matin,,,69,69271,1,1,3,4,7,Autre,50.0,1
202400033293,2024-05-18,nuit,,,972,97221,1,1,2,3,2,Nationale,70.0,1
202400033294,2024-01-17,nuit,,,57,57143,5,2,6,4,4,Voie communale,50.0,2
202400033295,2024-05-17,après-midi,,,972,97231,1,1,1,3,3,Départementale,50.0,1
202400033296,2024-02-29,matin,,,69,69029,1,1,3,4,4,Voie communale,50.0,1
202400033297,2024-04-09,soirée,,,51,51083,1,1,3,4,3,Départementale,80.0,1
202400033298,2024-04-09,soirée,,,59,59601,3,1,2,4,3,Départementale,80.0,2
202400033299,2024-01-18,après-midi,,,51,51454,1,4,3,4,4,Voie communale,50.0,7
202400033300,2024-02-28,soirée,,,69,69199,5,1,1,4,7,Autre,50.0,1
202400033301,2024-04-10,après-midi,,,76,76736,1,1,1,3,3,Départementale,80.0,1
202400033302,2024-05-18,nuit,,,35,35337,3,2,7,4,3,Départementale,80.0,2
202400033303,2024-01-18,matin,,,51,51454,5,4,7,4,4,Voie communale,50.0,5
202400033304,2024-03-01,matin,,,64,64545,1,1,1,4,3,Départementale,70.0,2
202400033305,2024-04-08,soirée,,,2A,2A271,1,1,3,4,2,Nationale,70.0,1
202400033306,2024-05-18,après-midi,,,06,06064,1,1,7,4,7,Autre,50.0,1
202400033307,2024-01-17,après-midi,,,50,50129,1,2,2,4,4,Voie communale,50.0,2
202400033308,2024-02-13,après-midi,,,62,62215,1,1,6,4,3,Départementale,50.0,1
202400033309,2024-04-10,soirée,,,71,71373,5,1,6,4,3,Départementale,90.0,1
202400033310,2024-05-18,après-midi,,,59,59553,1,1,2,3,4,Voie communale,,1
202400033311,2024-04-06,après-midi,,,61,61418,1,8,6,3,3,Départementale,90.0,2
202400033312,2024-01-17,matin,,,49,49267,5,2,3,4,4,Voie communale,50.0,2
202400033313,2024-02-27,après-midi,,,61,61006,1,1,3,4,3,Départementale,90.0,1
202400033314,2024-05-17,après-midi,,,68,68203,1,1,7,3,3,Départementale,80.0,1
202400033315,2024-04-10,soirée,,,25,25406,1,1,1,3,3,Départementale,70.0,1
202400033316,2024-01-18,matin,,,45,45169,5,2,2,4,7,Autre,50.0,2
202400033317,2024-05-18,matin,,,71,71570,1,2,1,3,3,Départementale,50.0,2
202400033318,2024-02-29,matin,,,59,59512,5,2,6,2,7,Autre,50.0,2
202400033319,2024-04-10,nuit,,,29,29020,3,1,6,4,3,Départementale,80.0,2
202400033320,2024-05-18,matin,,,12,12115,1,3,7,4,1,Autoroute,110.0,2
202400033321,2024-01-18,matin,,,45,45234,5,2,3,4,4,Voie communale,50.0,2
202400033322,2024-02-13,matin,,,59,59286,1,7,6,4,7,Autre,50.0,1
202400033323,2024-04-09,soirée,,,29,29172,1,1,6,4,4,Voie communale,80.0,1
202400033324,2024-03-27,matin,,,38,38229,1,2,6,4,4,Voie communale,50.0,2
202400033325,2024-05-17,après-midi,,,21,21650,1,1,5,4,3,Départementale,80.0,1
202400033326,2024-02-27,soirée,,,56,56260,5,1,3,4,4,Voie communale,30.0,1
202400033327,2024-01-18,après-midi,,,45,45068,1,1,2,4,4,Voie communale,50.0,1
202400033328,2024-05-18,après-midi,,,62,62655,1,1,6,3,3,Départementale,90.0,1
202400033329,2024-04-08,matin,,,43,43130,1,8,3,4,3,Départementale,80.0,1
202400033330,2024-01-18,soirée,,,37,37122,5,8,1,4,4,Voie communale,50.0,2
202400033331,2024-05-17,après-midi,,,51,51380,1,1,7,3,3,Départementale,90.0,1
202400033332,2024-03-01,soirée,,,54,54339,5,1,1,4,7,Autre,70.0,1
202400033333,2024-04-10,après-midi,,,07,07349,1,1,3,3,3,Départementale,70.0,1
202400033334,2024-01-17,matin,,,37,37208,5,2,6,4,4,Voie communale,50.0,2
202400033335,2024-04-10,matin,,,53,53029,2,1,6,3,3,Départementale,80.0,1
202400033336,2024-03-01,soirée,,,51,51454,5,1,3,4,4,Voie communale,50.0,2
202400033337,2024-05-17,après-midi,,,76,76357,1,1,4,4,3,Départementale,80.0,1
202400033338,2024-01-18,matin,,,34,34108,1,8,6,3,4,Voie communale,50.0,2
202400033339,2024-03-01,après-midi,,,51,51168,1,1,6,2,3,Départementale,90.0,1
202400033340,2024-04-06,après-midi,,,21,21496,1,1,7,3,4,Voie communale,50.0,1
202400033341,2024-01-18,matin,,,34,34172,1,1,3,3,4,Voie communale,50.0,2
202400033342,2024-05-17,après-midi,,,2A,2A324,1,1,2,3,2,Nationale,90.0,1
202400033343,2024-04-10,après-midi,,,08,08388,1,1,3,2,3,Départementale,80.0,1
202400033344,2024-02-24,soirée,,,50,50129,5,2,3,4,4,Voie communale,30.0,2
202400033345,2024-01-18,après-midi,,,31,31555,2,1,2,4,1,Autoroute,90.0,1
202400033346,2024-05-18,soirée,,,82,82134,1,1,1,3,3,Départementale,50.0,1
202400033347,2024-03-01,matin,,,47,47001,1,1,3,4,6,Autre,15.0,2
202400033348,2024-04-07,soirée,,,08,08003,2,1,1,4,3,Départementale,80.0,1
202400033349,2024-05-18,après-midi,,,71,71230,1,1,3,4,3,Départementale,80.0,2
202400033350,2024-01-18,après-midi,,,31,31483,1,1,3,4,3,Départementale,30.0,1
202400033351,2024-05-18,soirée,,,71,71014,1,1,6,4,3,Départementale,80.0,1
202400033352,2024-04-09,nuit,,,38,38401,3,3,2,4,1,Autoroute,110.0,2
202400033353,2024-01-19,après-midi,,,46,46042,1,8,2,4,3,Départementale,50.0,1
202400033354,2024-05-18,après-midi,,,41,41280,1,1,6,2,4,Voie communale,50.0,1
202400033355,2024-04-09,nuit,,,971,97106,5,1,2,2,2,Nationale,50.0,1
202400033356,2024-01-18,après-midi,,,27,27681,1,1,2,4,4,Voie communale,50.0,2
202400033357,2024-05-17,soirée,,,68,68307,2,2,1,3,3,Départementale,80.0,2
202400033358,2024-03-01,après-midi,,,45,45234,1,1,3,4,4,Voie communale,50.0,2
202400033359,2024-04-10,matin,,,77,77273,1,1,3,3,3,Départementale,90.0,1
202400033360,2024-05-17,soirée,,,22,22294,1,3,7,4,3,Départementale,80.0,2
202400033361,2024-01-17,soirée,,,27,27229,5,2,3,4,4,Voie communale,50.0,2
202400033362,2024-04-06,soirée,,,78,78548,1,1,6,3,3,Départementale,80.0,1
202400033363,2024-05-18,matin,,,22,22255,1,1,6,4,4,Voie communale,50.0,1
202400033364,2024-01-11,soirée,,,26,26362,3,1,3,4,4,Voie communale,50.0,1
202400033365,2024-03-01,nuit,,,44,44109,5,1,6,4,4,Voie communale,30.0,1
202400033366,2024-04-10,après-midi,,,63,63284,1,1,3,4,7,Autre,50.0,1
202400033367,2024-01-18,matin,,,25,25462,5,2,6,4,4,Voie communale,50.0,2
202400033368,2024-03-01,après-midi,,,37,37122,1,1,3,4,4,Voie communale,50.0,2
202400033369,2024-04-08,après-midi,,,69,69005,1,1,1,4,3,Départementale,70.0,1
202400033370,2024-04-10,matin,,,81,81117,1,2,6,3,3,Départementale,80.0,2
202400033371,2024-01-16,après-midi,,,14,14366,1,1,7,2,4,Voie communale,30.0,1
202400033372,2024-05-18,matin,,,25,25406,2,1,6,4,3,Départementale,80.0,1
202400033373,2024-03-01,matin,,,36,36063,1,1,3,4,4,Voie communale,50.0,1
202400033374,2024-04-03,après-midi,,,17,17351,1,1,7,3,3,Départementale,90.0,1
202400033375,2024-01-17,soirée,,,14,14137,4,4,6,4,2,Nationale,90.0,2
202400033376,2024-05-18,matin,,,26,26113,1,1,3,4,3,Départementale,80.0,1
202400033377,2024-01-18,matin,,,13,13106,1,1,7,3,4,Voie communale,50.0,2
202400033378,2024-04-10,soirée,,,56,56246,1,1,1,2,4,Voie communale,50.0,2
202400033379,2024-05-18,nuit,,,06,06105,3,1,6,4,3,Départementale,50.0,1
202400033380,2024-03-01,matin,,,35,35238,1,2,4,4,2,Nationale,90.0,2
202400033381,2024-04-10,matin,,,59,59611,1,1,2,4,7,Autre,30.0,1
202400033382,2024-05-14,matin,,,50,50359,1,1,3,3,3,Départementale,80.0,1
202400033383,2024-03-01,matin,,,34,34172,1,1,2,4,7,Autre,50.0,1
202400033384,2024-01-17,après-midi,,,13,13213,1,8,3,4,4,Voie communale,50.0,1
202400033385,2024-04-09,matin,,,13,13215,1,2,2,4,1,Autoroute,70.0,2
202400033386,2024-02-26,matin,,,34,34172,1,1,6,3,4,Voie communale,50.0,2
202400033387,2024-01-12,après-midi,,,13,13047,1,1,3,3,3,Départementale,50.0,1
202400033388,2024-02-29,après-midi,,,34,34172,1,1,7,2,4,Voie communale,50.0,1
202400033389,2024-04-08,soirée,,,69,69259,1,1,3,4,7,Autre,70.0,1
202400033390,2024-05-17,après-midi,,,45,45014,1,1,7,3,3,Départementale,80.0,1
202400033391,2024-01-18,matin,,,11,11069,1,1,6,4,4,Voie communale,50.0,1
202400033392,2024-04-09,matin,,,91,91434,1,1,2,4,1,Autoroute,110.0,1
202400033393,2024-05-12,matin,,,45,45098,1,1,3,4,3,Départementale,50.0,1
202400033394,2024-03-01,matin,,,33,33063,1,2,3,3,4,Voie communale,50.0,2
202400033395,2024-01-18,matin,,,07,07316,2,2,2,4,3,Départementale,50.0,2
202400033396,2024-04-08,soirée,,,78,78466,1,1,3,4,1,Autoroute,50.0,1
202400033397,2024-01-18,après-midi,,,06,06069,1,1,3,4,3,Départementale,50.0,1
202400033398,2024-05-18,après-midi,,,18,18206,1,1,3,2,3,Départementale,90.0,1
202400033399,2024-03-01,après-midi,,,33,33529,1,2,2,4,3,Départementale,50.0,2
202400033400,2024-04-08,matin,,,92,92050,1,1,6,4,1,Autoroute,70.0,1
202400033401,2024-05-18,matin,,,10,10225,1,5,6,4,3,Départementale,110.0,1
202400033402,2024-04-08,matin,,,92,92050,1,1,3,4,1,Autoroute,70.0,1
202400033403,2024-01-17,après-midi,,,75,75101,1,2,3,4,4,Voie communale,30.0,2
202400033404,2024-05-14,après-midi,,,30,30325,1,3,6,3,3,Départementale,80.0,2
202400033405,2024-04-08,matin,,,92,92072,4,1,6,4,2,Nationale,70.0,2
202400033406,2024-02-29,soirée,,,31,31555,5,2,3,4,4,Voie communale,50.0,2
202400033407,2024-04-09,soirée,,,93,93066,1,1,2,4,1,Autoroute,90.0,1
202400033408,2024-01-17,matin,,,75,75105,1,2,3,3,4,Voie communale,30.0,2
202400033409,2024-03-08,matin,,,29,29019,5,1,3,4,4,Voie communale,50.0,1
202400033410,2024-04-09,soirée,,,93,93064,1,1,4,4,1,Autoroute,90.0,1
202400033411,2024-01-18,après-midi,,,75,75119,1,9,3,3,4,Voie communale,30.0,2
202400033412,2024-05-16,matin,,,67,67045,1,1,7,4,3,Départementale,110.0,1
202400033413,2024-03-01,nuit,,,29,29019,5,2,6,4,4,Voie communale,50.0,2
202400033414,2024-01-17,matin,,,75,75118,5,3,6,3,4,Voie communale,30.0,2
202400033415,2024-05-18,matin,,,34,34294,2,2,7,4,1,Autoroute,130.0,2
202400033416,2024-04-09,soirée,,,92,92036,1,1,4,4,1,Autoroute,90.0,2
202400033417,2024-03-01,soirée,,,28,28134,5,8,6,4,4,Voie communale,50.0,2
202400033418,2024-01-17,matin,,,75,75115,2,2,6,4,4,Voie communale,30.0,2
202400033419,2024-04-09,soirée,,,92,92036,1,2,2,4,1,Autoroute,130.0,2
202400033420,2024-05-12,après-midi,,,91,91017,1,1,4,3,1,Autoroute,130.0,1
202400033421,2024-02-29,soirée,,,15,15012,5,3,2,4,3,Départementale,50.0,2
202400033422,2024-01-14,soirée,,,75,75114,5,4,7,4,4,Voie communale,30.0,2
202400033423,2024-04-09,après-midi,,,93,93013,1,2,2,4,1,Autoroute,90.0,2
202400033424,2024-02-29,après-midi,,,15,15014,1,1,3,3,4,Voie communale,50.0,1
202400033425,2024-01-17,soirée,,,75,75108,5,3,6,4,4,Voie communale,30.0,2
202400033426,2024-05-17,après-midi,,,973,97311,1,2,5,3,2,Nationale,70.0,2
202400033427,2024-04-09,matin,,,95,95277,1,1,2,4,1,Autoroute,70.0,1
202400033428,2024-05-17,matin,,,77,77142,1,1,6,3,4,Voie communale,50.0,1
202400033429,2024-03-01,après-midi,,,13,13054,1,1,3,4,4,Voie communale,50.0,1
202400033430,2024-04-08,soirée,,,93,93066,1,1,3,4,1,Autoroute,110.0,1
202400033431,2024-03-01,matin,,,13,13213,1,1,3,4,4,Voie communale,50.0,1
202400033432,2024-01-17,après-midi,,,94,94058,1,2,2,4,3,Départementale,50.0,2
202400033433,2024-05-18,après-midi,,,83,83053,1,1,1,3,3,Départementale,80.0,1
202400033434,2024-01-18,soirée,,,94,94041,5,2,6,4,4,Voie communale,,2
202400033435,2024-03-01,soirée,,,13,13001,2,1,3,3,3,Départementale,70.0,1
202400033436,2024-05-18,soirée,,,83,83101,1,1,4,4,3,Départementale,70.0,1
202400033437,2024-01-09,après-midi,,,94,94028,1,8,6,4,9,Autre,50.0,1
202400033438,2024-03-01,après-midi,,,06,06088,1,1,1,4,7,Autre,50.0,1
202400033439,2024-05-18,matin,,,83,83115,1,1,6,3,3,Départementale,50.0,1
202400033440,2024-01-17,après-midi,,,94,94047,5,2,1,3,3,Départementale,50.0,2
202400033441,2024-02-27,après-midi,,,75,75118,1,1,3,4,4,Voie communale,70.0,1
202400033442,2024-04-20,après-midi,,,13,13059,1,1,2,4,3,Départementale,80.0,1
202400033443,2024-01-18,nuit,,,93,93046,5,2,6,4,3,Départementale,50.0,2
202400033444,2024-04-08,matin,,,93,93027,1,1,4,3,1,Autoroute,90.0,1
202400033445,2024-02-29,nuit,,,75,75119,5,1,6,4,4,Voie communale,50.0,1
202400033446,2024-05-17,nuit,,,67,67300,3,1,7,3,3,Départementale,,2
202400033447,2024-01-18,matin,,,93,93066,5,4,7,4,3,Départementale,50.0,5
202400033448,2024-05-14,matin,,,88,88322,1,1,6,3,3,Départementale,50.0,1
202400033449,2024-02-28,soirée,,,75,75116,5,1,4,4,4,Voie communale,70.0,1
202400033450,2024-04-08,après-midi,,,93,93010,1,1,7,4,1,Autoroute,90.0,1
202400033451,2024-01-18,matin,,,93,93077,1,4,3,4,4,Voie communale,50.0,5
202400033452,2024-05-17,soirée,,,42,42046,2,2,1,4,3,Départementale,80.0,2
202400033453,2024-02-28,soirée,,,75,75116,5,1,2,4,4,Voie communale,70.0,1
202400033454,2024-01-17,soirée,,,93,93051,5,3,6,3,4,Voie communale,30.0,2