Num_Acc,date,time_of_day,lat,long,dep,com,lum,atm,col,severity_index,catr,catr_label,vma,surf
202400033455,2024-01-18,nuit,,,93,93032,5,4,7,4,3,Départementale,50.0,5
202400033456,2024-05-18,matin,,,69,69225,1,2,1,4,3,Départementale,80.0,2
202400033457,2024-02-27,soirée,,,75,75119,2,1,1,4,4,Voie communale,15.0,1
202400033458,2024-05-17,matin,,,85,85211,1,1,6,3,3,Départementale,70.0,8
202400033459,2024-01-18,soirée,,,92,92049,5,4,1,3,3,Départementale,50.0,7
202400033460,2024-03-01,nuit,,,75,75119,5,2,6,4,4,Voie communale,30.0,2
202400033461,2024-05-18,matin,,,76,76164,1,1,6,2,3,Départementale,80.0,1
202400033462,2024-04-09,matin,,,94,94073,1,1,3,4,1,Autoroute,90.0,1
202400033463,2024-01-18,nuit,,,92,92025,5,8,3,4,3,Départementale,30.0,2
202400033464,2024-03-01,soirée,,,75,75118,5,3,3,4,4,Voie communale,30.0,2
202400033465,2024-01-14,soirée,,,51,51141,3,4,6,4,2,Nationale,110.0,7
202400033466,2024-01-18,matin,,,83,83132,2,1,3,3,1,Autoroute,90.0,2
202400033467,2024-03-01,après-midi,,,75,75118,1,1,6,4,4,Voie communale,30.0,1
202400033468,2024-04-08,après-midi,,,75,75112,1,1,3,4,1,Autoroute,90.0,1
202400033469,2024-01-19,soirée,,,71,71494,3,1,6,4,1,Autoroute,130.0,1
202400033470,2024-05-15,après-midi,,,13,13213,1,1,2,4,1,Autoroute,70.0,1
202400033471,2024-01-18,matin,,,67,67073,4,3,6,2,3,Départementale,50.0,2
202400033472,2024-03-01,après-midi,,,75,75118,1,2,6,4,4,Voie communale,30.0,2
202400033473,2024-02-06,nuit,,,974,97416,5,1,3,4,4,Voie communale,50.0,1
202400033474,2024-05-17,soirée,,,69,69272,1,1,2,4,1,Autoroute,110.0,1
202400033475,2024-01-15,soirée,,,01,01153,3,1,6,4,3,Départementale,80.0,1
202400033476,2024-02-07,matin,,,02,02722,1,3,6,4,4,Voie communale,30.0,2
202400033477,2024-04-30,après-midi,,,69,69297,1,1,3,4,1,Autoroute,70.0,1
202400033478,2024-01-16,matin,,,95,95352,1,7,2,3,3,Départementale,80.0,1
202400033479,2024-05-15,matin,,,01,01424,1,2,6,3,1,Autoroute,130.0,2
202400033480,2024-01-18,après-midi,,,56,56129,1,1,6,3,3,Départementale,80.0,1
202400033481,2024-03-01,après-midi,,,75,75116,1,1,6,4,4,Voie communale,30.0,1
202400033482,2024-04-08,après-midi,,,69,69383,1,1,3,4,4,Voie communale,30.0,1
202400033483,2024-03-01,soirée,,,75,75115,5,3,6,4,4,Voie communale,30.0,2
202400033484,2024-01-18,après-midi,,,56,56123,1,1,1,2,3,Départementale,80.0,1
202400033485,2024-05-17,après-midi,,,33,33281,1,1,4,4,1,Autoroute,90.0,1
202400033486,2024-01-16,matin,,,76,76746,1,1,6,2,3,Départementale,50.0,1
202400033487,2024-03-01,matin,,,75,75114,1,1,6,3,4,Voie communale,30.0,2
202400033488,2024-05-17,soirée,,,94,94065,1,1,2,4,1,Autoroute,90.0,1
202400033489,2024-01-19,après-midi,,,76,76101,1,1,6,2,3,Départementale,50.0,2
202400033490,2024-04-17,après-midi,,,92,92072,1,1,7,4,2,Nationale,70.0,1
202400033491,2024-04-08,matin,,,972,97213,2,1,6,3,2,Nationale,90.0,1
202400033492,2024-03-01,soirée,,,75,75113,5,2,3,4,4,Voie communale,30.0,2
202400033493,2024-01-18,matin,,,33,33546,1,2,1,3,3,Départementale,80.0,2
202400033494,2024-05-17,après-midi,,,78,78466,1,1,4,4,1,Autoroute,130.0,2
202400033495,2024-03-01,matin,,,75,75108,1,6,3,3,4,Voie communale,30.0,1
202400033496,2024-01-18,soirée,,,33,33348,2,1,3,4,3,Départementale,50.0,2
202400033497,2024-05-17,matin,,,92,92047,1,1,2,4,1,Autoroute,110.0,1
202400033498,2024-04-08,matin,,,972,97209,1,1,2,4,2,Nationale,50.0,1
202400033499,2024-01-19,matin,,,63,63055,1,1,6,2,3,Départementale,90.0,7
202400033500,2024-05-16,après-midi,,,78,78158,1,1,2,4,1,Autoroute,70.0,1
202400033501,2024-03-01,soirée,,,75,75114,5,3,2,4,4,Voie communale,70.0,2
202400033502,2024-05-16,matin,,,92,92036,1,1,2,4,1,Autoroute,70.0,1
202400033503,2024-01-18,soirée,,,41,41233,5,2,6,3,3,Départementale,70.0,2
202400033504,2024-05-17,soirée,,,93,93001,1,2,6,4,1,Autoroute,90.0,2
202400033505,2024-02-29,soirée,,,75,75107,5,1,1,4,4,Voie communale,30.0,2
202400033506,2024-01-19,matin,,,86,86177,1,1,6,4,3,Départementale,30.0,1
202400033507,2024-05-17,matin,,,93,93078,1,1,5,4,1,Autoroute,90.0,1
202400033508,2024-03-01,matin,,,75,75101,2,1,3,4,4,Voie communale,30.0,1
202400033509,2024-01-16,matin,,,44,44195,1,1,3,3,3,Départementale,80.0,1
202400033510,2024-04-06,après-midi,,,972,97209,1,1,5,4,4,Voie communale,30.0,1
202400033511,2024-05-17,matin,,,93,93064,1,1,3,4,1,Autoroute,70.0,1
202400033512,2024-03-01,matin,,,94,94044,1,2,6,4,3,Départementale,50.0,2
202400033513,2024-01-18,après-midi,,,44,44029,1,1,3,3,3,Départementale,50.0,1
202400033514,2024-05-16,nuit,,,93,93078,3,1,2,4,1,Autoroute,90.0,1
202400033515,2024-01-16,matin,,,35,35188,1,8,6,3,4,Voie communale,30.0,2
202400033516,2024-03-01,après-midi,,,94,94046,1,2,6,4,4,Voie communale,,2
202400033517,2024-01-19,après-midi,,,02,02649,5,1,3,4,3,Départementale,80.0,2
202400033518,2024-04-06,nuit,,,972,97213,3,1,7,3,9,Autre,50.0,1
202400033519,2024-05-16,nuit,,,94,94073,4,1,3,4,1,Autoroute,90.0,1
202400033520,2024-02-29,soirée,,,94,94076,5,2,1,4,4,Voie communale,,2
202400033521,2024-04-05,nuit,,,971,97101,5,1,6,3,6,Autre,50.0,1
202400033522,2024-01-18,soirée,,,01,01229,5,4,5,3,3,Départementale,80.0,2
202400033523,2024-03-01,après-midi,,,94,94073,1,1,6,4,4,Voie communale,,1
202400033524,2024-05-15,nuit,,,94,94073,3,2,5,4,1,Autoroute,70.0,2
202400033525,2024-01-19,après-midi,,,50,50394,1,1,6,4,3,Départementale,50.0,1
202400033526,2024-01-05,matin,,,50,50467,1,8,7,4,2,Nationale,110.0,2
202400033527,2024-03-01,après-midi,,,94,94065,1,2,2,4,2,Nationale,70.0,2
202400033528,2024-04-07,nuit,,,971,97101,5,1,6,4,3,Départementale,50.0,1
202400033529,2024-01-04,après-midi,,,50,50461,2,2,6,3,2,Nationale,110.0,2
202400033530,2024-01-19,après-midi,,,36,36031,1,1,7,2,4,Voie communale,80.0,1
202400033531,2024-03-01,soirée,,,94,94028,5,2,6,4,3,Départementale,50.0,2
202400033532,2024-05-16,après-midi,,,974,97416,1,1,6,4,4,Voie communale,30.0,1
202400033533,2024-04-05,soirée,,,971,97101,5,1,3,4,3,Départementale,50.0,1
202400033534,2024-01-19,matin,,,16,16191,3,1,2,2,2,Nationale,110.0,1
202400033535,2024-01-18,après-midi,,,85,85234,1,1,7,3,4,Voie communale,50.0,1
202400033536,2024-05-15,après-midi,,,973,97302,1,1,3,4,3,Départementale,50.0,1
202400033537,2024-02-29,après-midi,,,94,94028,1,2,3,4,3,Départementale,50.0,2
202400033538,2024-04-08,nuit,,,95,95491,5,8,3,4,4,Voie communale,50.0,2
202400033539,2024-05-16,nuit,,,69,69386,5,1,1,4,4,Voie communale,30.0,1
202400033540,2024-01-19,après-midi,,,85,85084,1,1,6,2,3,Départementale,50.0,1
202400033541,2024-03-01,après-midi,,,94,94075,1,2,6,4,4,Voie communale,30.0,2
202400033542,2024-04-09,nuit,,,91,91161,3,2,3,3,3,Départementale,50.0,2
202400033543,2024-03-01,après-midi,,,93,93072,1,1,2,4,4,Voie communale,50.0,1
202400033544,2024-04-08,soirée,,,91,91377,1,1,6,4,3,Départementale,50.0,1
202400033545,2024-05-16,après-midi,,,69,69388,1,2,3,4,4,Voie communale,30.0,2
202400033546,2024-01-18,matin,,,27,27103,2,4,1,3,4,Voie communale,80.0,5
202400033547,2024-01-12,soirée,,,37,37109,5,1,6,3,4,Voie communale,50.0,1
202400033548,2024-03-01,matin,,,93,93055,1,1,6,4,3,Départementale,30.0,1
202400033549,2024-04-06,nuit,,,91,91191,5,1,1,4,3,Départementale,50.0,1
202400033550,2024-05-16,nuit,,,69,69382,5,1,3,4,4,Voie communale,30.0,1
202400033551,2024-01-19,matin,,,88,88372,2,1,6,3,3,Départementale,50.0,1
202400033552,2024-05-15,après-midi,,,971,97101,1,1,3,4,3,Départementale,70.0,1
202400033553,2024-03-01,matin,,,93,93077,1,1,2,4,4,Voie communale,,1
202400033554,2024-02-18,soirée,,,89,89387,3,2,3,4,3,Départementale,50.0,2
202400033555,2024-01-18,nuit,,,72,72115,3,1,6,4,1,Autoroute,130.0,1
202400033556,2024-01-19,nuit,,,10,10100,3,1,6,4,1,Autoroute,90.0,1
202400033557,2024-02-29,soirée,,,93,93063,5,3,6,2,4,Voie communale,,2
202400033558,2024-05-16,après-midi,,,2A,2A004,1,1,4,4,2,Nationale,50.0,1
202400033559,2024-01-19,soirée,,,06,06085,2,1,7,3,3,Départementale,70.0,1
202400033560,2024-02-18,soirée,,,89,89338,5,2,3,4,4,Voie communale,50.0,2
202400033561,2024-05-16,après-midi,,,95,95280,1,1,6,4,4,Voie communale,30.0,1
202400033562,2024-02-29,soirée,,,93,93031,5,2,3,4,3,Départementale,50.0,2
202400033563,2024-04-06,matin,,,87,87085,1,1,6,4,2,Nationale,50.0,1
202400033564,2024-03-01,soirée,,,93,93027,5,3,2,4,3,Départementale,50.0,2
202400033565,2024-03-01,matin,,,93,93027,1,1,2,4,3,Départementale,50.0,1
202400033566,2024-04-05,soirée,,,87,87085,1,1,3,4,4,Voie communale,30.0,1
202400033567,2024-03-01,soirée,,,93,93007,5,2,6,4,4,Voie communale,,2
202400033568,2024-05-16,après-midi,,,95,95582,1,1,6,4,4,Voie communale,30.0,1
202400033569,2024-01-17,nuit,,,68,68071,3,4,5,4,1,Autoroute,130.0,7
202400033570,2024-04-01,nuit,,,95,95491,5,1,7,3,3,Départementale,50.0,1
202400033571,2024-04-04,soirée,,,87,87085,5,1,3,4,2,Nationale,50.0,1
202400033572,2024-03-01,matin,,,92,92063,1,2,1,4,4,Voie communale,50.0,2
202400033573,2024-01-18,soirée,,,987,98748,5,1,6,3,2,Nationale,40.0,1
202400033574,2024-05-16,après-midi,,,91,91692,1,1,3,4,3,Départementale,30.0,1
202400033575,2024-03-01,matin,,,92,92020,1,2,1,4,3,Départementale,50.0,2
202400033576,2024-04-04,après-midi,,,87,87065,1,1,5,4,1,Autoroute,110.0,1
202400033577,2024-01-18,après-midi,,,987,98722,1,1,6,4,3,Départementale,40.0,1
202400033578,2024-05-16,soirée,,,84,84080,1,2,6,4,3,Départementale,110.0,2
202400033579,2024-03-01,matin,,,92,92040,1,1,6,4,3,Départementale,30.0,1
202400033580,2024-04-08,nuit,,,83,83137,5,1,6,4,3,Départementale,50.0,1
202400033581,2024-05-16,après-midi,,,83,83090,1,1,6,4,6,Autre,30.0,1
202400033582,2024-01-18,soirée,,,971,97116,5,1,3,3,2,Nationale,50.0,1
202400033583,2024-03-01,matin,,,92,92035,1,2,3,4,4,Voie communale,50.0,2
202400033584,2024-04-07,matin,,,83,83137,1,1,3,3,4,Voie communale,50.0,1
202400033585,2024-01-19,après-midi,,,13,13040,1,1,7,3,3,Départementale,50.0,1
202400033586,2024-04-27,après-midi,,,83,83126,1,1,6,4,3,Départementale,50.0,1
202400033587,2024-03-01,soirée,,,92,92024,5,2,3,4,3,Départementale,50.0,2
202400033588,2024-04-07,matin,,,77,77447,1,1,7,4,3,Départementale,50.0,9
202400033589,2024-05-15,après-midi,,,83,83069,1,1,6,3,4,Voie communale,30.0,1
202400033590,2024-04-09,nuit,,,76,76231,3,1,6,3,4,Voie communale,50.0,1
202400033591,2024-02-29,matin,,,92,92012,1,1,6,4,3,Départementale,50.0,1
202400033592,2024-01-19,matin,,,84,84003,1,1,6,3,6,Autre,50.0,1
202400033593,2024-05-16,soirée,,,81,81144,1,1,3,4,4,Voie communale,50.0,1
202400033594,2024-03-02,après-midi,,,972,97205,1,1,7,4,2,Nationale,70.0,1
202400033595,2024-01-19,nuit,,,83,83108,2,1,6,3,3,Départementale,80.0,1
202400033596,2024-04-04,soirée,,,76,76351,1,2,3,4,4,Voie communale,50.0,2
202400033597,2024-05-16,nuit,,,79,79191,5,1,6,4,3,Départementale,50.0,1
202400033598,2024-04-05,après-midi,,,76,76552,1,1,7,4,4,Voie communale,30.0,1
202400033599,2024-01-18,matin,,,67,67184,2,3,6,3,4,Voie communale,50.0,2
202400033600,2024-04-06,nuit,,,76,76351,5,1,6,4,4,Voie communale,50.0,1
202400033601,2024-03-01,soirée,,,27,27391,5,2,3,4,3,Départementale,,2
202400033602,2024-05-16,après-midi,,,77,77122,1,1,6,3,3,Départementale,30.0,1
202400033603,2024-01-19,matin,,,54,54397,2,9,6,3,3,Départementale,50.0,1
202400033604,2024-04-07,soirée,,,72,72181,2,3,6,4,3,Départementale,50.0,2
202400033605,2024-03-02,après-midi,,,84,84027,1,1,6,2,4,Voie communale,70.0,1
202400033606,2024-05-16,soirée,,,77,77196,1,1,6,4,2,Nationale,90.0,1
202400033607,2024-03-02,matin,,,62,62259,1,1,7,4,3,Départementale,80.0,1
202400033608,2024-01-17,matin,,,38,38401,1,1,6,3,3,Départementale,50.0,2
202400033609,2024-04-07,après-midi,,,72,72181,1,1,3,4,4,Voie communale,30.0,1
202400033610,2024-05-16,après-midi,,,76,76681,1,1,3,4,7,Autre,50.0,1
202400033611,2024-01-18,après-midi,,,69,69106,5,2,3,4,3,Départementale,50.0,2
202400033612,2024-04-08,matin,,,69,69264,1,1,6,4,4,Voie communale,50.0,1
202400033613,2024-05-07,soirée,,,76,76305,1,1,6,4,4,Voie communale,10.0,1
202400033614,2024-03-02,nuit,,,77,77256,3,2,2,3,3,Départementale,80.0,2
202400033615,2024-04-07,après-midi,,,69,69290,1,8,6,4,4,Voie communale,50.0,1
202400033616,2024-01-18,après-midi,,,85,85178,1,1,3,4,3,Départementale,50.0,1
202400033617,2024-05-15,matin,,,69,69199,1,3,3,4,7,Autre,50.0,2
202400033618,2024-03-02,matin,,,76,76755,1,1,1,3,3,Départementale,80.0,1
202400033619,2024-01-18,matin,,,13,13106,2,2,3,4,1,Autoroute,90.0,2
202400033620,2024-04-08,soirée,,,67,67482,2,1,3,4,4,Voie communale,50.0,1
202400033621,2024-01-18,nuit,,,13,13081,3,2,1,4,1,Autoroute,70.0,2
202400033622,2024-05-16,après-midi,,,69,69091,1,2,3,4,1,Autoroute,90.0,2
202400033623,2024-04-08,matin,,,64,64445,1,1,7,4,4,Voie communale,50.0,1
202400033624,2024-03-02,matin,,,82,82087,1,1,1,4,3,Départementale,70.0,1
202400033625,2024-05-16,après-midi,,,67,67447,1,1,3,4,4,Voie communale,50.0,1
202400033626,2024-01-17,soirée,,,13,13215,3,2,2,4,1,Autoroute,90.0,2
202400033627,2024-02-29,matin,,,71,71263,1,5,1,4,3,Départementale,90.0,1
202400033628,2024-04-07,après-midi,,,64,64102,1,1,3,4,4,Voie communale,30.0,1
202400033629,2024-05-16,matin,,,67,67482,1,1,3,4,4,Voie communale,30.0,1
202400033630,2024-03-01,après-midi,,,12,12082,1,1,3,3,3,Départementale,90.0,1
202400033631,2024-04-06,nuit,,,59,59024,3,1,6,4,3,Départementale,50.0,1
202400033632,2024-01-17,matin,,,59,59179,1,4,6,4,1,Autoroute,130.0,5
202400033633,2024-01-18,après-midi,,,91,91363,1,1,6,4,2,Nationale,110.0,1
202400033634,2024-04-07,soirée,,,56,56083,2,2,6,3,3,Départementale,50.0,2
202400033635,2024-01-18,matin,,,93,93010,1,2,7,4,1,Autoroute,70.0,2
202400033636,2024-03-01,après-midi,,,22,22047,1,1,1,4,3,Départementale,50.0,2
202400033637,2024-01-18,nuit,,,95,95212,3,4,6,4,1,Autoroute,50.0,5
202400033638,2024-03-01,après-midi,,,22,22288,1,3,7,3,3,Départementale,80.0,2
202400033639,2024-01-17,soirée,,,95,95582,3,2,2,4,1,Autoroute,90.0,2
202400033640,2024-04-05,après-midi,,,56,56036,1,2,4,4,2,Nationale,90.0,2
202400033641,2024-05-15,soirée,,,67,67482,1,1,3,4,4,Voie communale,30.0,1
202400033642,2024-04-05,après-midi,,,56,56098,1,2,7,4,4,Voie communale,50.0,2
202400033643,2024-01-17,soirée,,,93,93066,5,2,2,4,1,Autoroute,90.0,2
202400033644,2024-03-02,matin,,,70,70208,1,1,2,4,2,Nationale,110.0,1
202400033645,2024-05-15,après-midi,,,67,67482,1,8,3,4,4,Voie communale,50.0,1
202400033646,2024-04-03,après-midi,,,52,52121,1,1,3,4,3,Départementale,50.0,1
202400033647,2024-01-18,nuit,,,94,94073,5,2,6,4,1,Autoroute,90.0,2
202400033648,2024-04-07,après-midi,,,52,52121,1,1,7,3,3,Départementale,50.0,1
202400033649,2024-03-02,après-midi,,,83,83056,1,1,3,4,3,Départementale,70.0,1
202400033650,2024-05-16,après-midi,,,64,64348,1,2,3,4,4,Voie communale,50.0,2
202400033651,2024-03-01,nuit,,,73,73226,5,1,6,4,3,Départementale,50.0,1
202400033652,2024-04-08,matin,,,51,51454,1,1,3,4,4,Voie communale,50.0,1
202400033653,2024-03-01,matin,,,36,36192,1,1,3,4,3,Départementale,50.0,1
202400033654,2024-04-08,matin,,,51,51454,1,1,3,4,4,Voie communale,30.0,1
202400033655,2024-01-17,matin,,,974,97416,1,1,3,4,4,Voie communale,50.0,1
202400033656,2024-03-01,après-midi,,,16,16260,1,3,6,3,3,Départementale,80.0,2
202400033657,2024-05-16,après-midi,,,60,60382,1,1,3,4,3,Départementale,50.0,1
202400033658,2024-04-08,matin,,,51,51454,1,7,3,4,4,Voie communale,50.0,1
202400033659,2024-03-01,soirée,,,07,07197,3,1,7,3,3,Départementale,90.0,1
202400033660,2024-07-13,matin,,,66,66024,1,1,2,4,3,Départementale,70.0,1
202400033661,2024-05-12,après-midi,,,60,60159,1,1,6,4,4,Voie communale,30.0,1
202400033662,2024-01-17,soirée,,,974,97411,2,1,6,4,2,Nationale,70.0,1
202400033663,2024-07-22,après-midi,,,72,72329,1,1,6,4,4,Voie communale,50.0,1
202400033664,2024-04-08,matin,,,50,50502,1,1,2,4,2,Nationale,110.0,1
202400033665,2024-03-01,soirée,,,07,07328,3,1,1,4,3,Départementale,80.0,1
202400033666,2024-06-30,soirée,,,60,60513,1,1,6,3,3,Départementale,80.0,1
202400033667,2024-05-15,matin,,,58,58194,1,1,1,4,4,Voie communale,50.0,1
202400033668,2024-01-16,après-midi,,,974,97411,1,1,3,4,4,Voie communale,50.0,1
202400033669,2024-04-05,après-midi,,,50,50218,1,8,4,4,3,Départementale,50.0,1
202400033670,2024-01-17,matin,,,974,97409,1,1,7,3,4,Voie communale,30.0,1
202400033671,2024-03-01,soirée,,,07,07343,3,1,2,4,3,Départementale,90.0,1
202400033672,2024-05-16,matin,,,54,54431,1,1,6,3,6,Autre,10.0,1
202400033673,2024-04-06,matin,,,50,50129,5,1,6,4,3,Départementale,50.0,1
202400033674,2024-03-01,après-midi,,,40,40097,1,1,7,3,3,Départementale,80.0,1
202400033675,2024-07-24,matin,,,45,45296,1,1,3,4,3,Départementale,90.0,1
202400033676,2024-05-15,après-midi,,,51,51108,1,1,6,4,4,Voie communale,50.0,1
202400033677,2024-07-24,après-midi,,,36,36037,1,1,6,3,3,Départementale,80.0,1
202400033678,2024-03-02,après-midi,,,85,85254,1,8,6,2,3,Départementale,80.0,2
202400033679,2024-01-17,matin,,,973,97302,1,2,2,4,3,Départementale,50.0,2
202400033680,2024-04-08,soirée,,,44,44190,5,1,3,4,4,Voie communale,50.0,1
202400033681,2024-05-11,après-midi,,,42,42187,1,1,3,4,4,Voie communale,30.0,1
202400033682,2024-01-17,après-midi,,,972,97209,1,1,3,4,9,Autre,30.0,1
202400033683,2024-03-01,soirée,,,27,27056,5,8,3,3,4,Voie communale,50.0,2
202400033684,2024-07-23,après-midi,,,21,21490,1,1,2,4,3,Départementale,,1
202400033685,2024-03-02,nuit,,,37,37114,3,2,6,4,3,Départementale,80.0,2
202400033686,2024-04-08,soirée,,,41,41295,2,1,3,4,4,Voie communale,30.0,1
202400033687,2024-07-22,matin,,,21,21250,1,1,6,4,3,Départementale,80.0,1
202400033688,2024-01-17,soirée,,,69,69149,5,3,3,4,7,Autre,30.0,2
202400033689,2024-07-21,soirée,,,85,85294,1,1,7,3,4,Voie communale,30.0,1
202400033690,2024-03-01,nuit,,,18,18126,3,2,2,3,1,Autoroute,130.0,2
202400033691,2024-05-14,soirée,,,39,39198,1,2,5,4,4,Voie communale,30.0,2
202400033692,2024-01-16,matin,,,95,95555,1,1,5,4,3,Départementale,50.0,1
202400033693,2024-07-22,soirée,,,85,85004,1,1,2,3,4,Voie communale,50.0,1
202400033694,2024-02-14,après-midi,,,34,34032,1,1,2,3,1,Autoroute,,1
202400033695,2024-01-17,matin,,,91,91667,1,9,6,4,4,Voie communale,30.0,7
202400033696,2024-04-08,matin,,,37,37122,1,1,6,4,3,Départementale,50.0,2
202400033697,2024-05-16,après-midi,,,38,38185,1,3,6,4,4,Voie communale,50.0,2
202400033698,2024-07-23,soirée,,,37,37143,3,1,7,4,3,Départementale,80.0,1
202400033699,2024-03-01,matin,,,987,98747,1,1,3,3,2,Nationale,60.0,1
202400033700,2024-01-16,après-midi,,,91,91161,2,8,6,4,3,Départementale,50.0,1
202400033701,2024-07-23,soirée,,,30,30008,1,1,7,2,3,Départementale,80.0,1
202400033702,2024-05-16,matin,,,37,37122,1,1,3,4,4,Voie communale,50.0,1
202400033703,2024-03-02,nuit,,,971,97128,5,1,6,2,3,Départementale,80.0,1
202400033704,2024-01-16,matin,,,91,91421,1,7,6,3,4,Voie communale,30.0,1
202400033705,2024-04-08,après-midi,,,35,35150,1,2,2,4,2,Nationale,50.0,2
202400033706,2024-07-23,soirée,,,31,31424,2,1,1,4,3,Départementale,50.0,1
202400033707,2024-01-17,soirée,,,91,91027,5,2,6,4,3,Départementale,50.0,7
202400033708,2024-05-16,matin,,,36,36044,1,1,3,4,4,Voie communale,50.0,1
202400033709,2024-02-28,matin,,,77,77474,3,5,1,4,2,Nationale,80.0,1
202400033710,2024-04-04,après-midi,,,34,34172,1,1,6,3,4,Voie communale,30.0,1
202400033711,2024-07-23,après-midi,,,77,77194,1,1,6,4,1,Autoroute,130.0,1
202400033712,2024-05-15,après-midi,,,34,34108,1,1,7,4,3,Départementale,50.0,1
202400033713,2024-03-01,soirée,,,78,78321,5,3,6,3,3,Départementale,50.0,2
202400033714,2024-01-17,matin,,,91,91027,2,3,6,4,3,Départementale,50.0,2
202400033715,2024-04-08,matin,,,34,34172,2,1,2,4,7,Autre,90.0,1
202400033716,2024-05-15,après-midi,,,34,34301,1,1,6,4,4,Voie communale,50.0,1
202400033717,2024-07-24,nuit,,,987,98715,2,1,3,3,2,Nationale,50.0,1
202400033718,2024-03-01,après-midi,,,34,34249,1,1,6,3,7,Autre,80.0,1
202400033719,2024-01-16,matin,,,87,87085,1,1,6,4,4,Voie communale,30.0,1
202400033720,2024-04-08,soirée,,,33,33318,1,3,3,4,4,Voie communale,50.0,2
202400033721,2024-05-03,nuit,,,976,97612,5,1,1,4,2,Nationale,50.0,1
202400033722,2024-05-15,matin,,,34,34032,1,1,2,3,3,Départementale,90.0,1
202400033723,2024-03-01,après-midi,,,83,83071,2,1,1,3,4,Voie communale,,1
202400033724,2024-01-16,matin,,,87,87085,1,3,3,4,3,Départementale,50.0,2
202400033725,2024-04-08,soirée,,,31,31555,3,1,6,3,1,Autoroute,90.0,1
202400033726,2024-05-16,après-midi,,,33,33200,1,1,6,4,4,Voie communale,30.0,1
202400033727,2024-07-23,soirée,,,30,30221,1,1,4,3,1,Autoroute,130.0,1
202400033728,2024-01-17,nuit,,,83,83118,5,1,6,4,3,Départementale,50.0,1
202400033729,2024-03-02,matin,,,06,06003,1,1,5,4,3,Départementale,80.0,1
202400033730,2024-05-16,après-midi,,,33,33063,1,1,6,4,4,Voie communale,50.0,1
202400033731,2024-07-15,matin,,,974,97415,1,1,7,3,3,Départementale,70.0,1
202400033732,2024-01-17,matin,,,77,77288,3,3,6,3,3,Départementale,50.0,2
202400033733,2024-04-08,matin,,,31,31069,1,1,6,3,4,Voie communale,50.0,1
202400033734,2024-02-26,après-midi,,,04,04143,1,7,3,4,4,Voie communale,50.0,1
202400033735,2024-07-23,nuit,,,91,91599,5,1,3,3,3,Départementale,50.0,1
202400033736,2024-05-16,matin,,,33,33162,1,1,3,4,4,Voie communale,50.0,1
202400033737,2024-04-07,soirée,,,29,29019,1,1,2,4,4,Voie communale,50.0,1
202400033738,2024-02-26,soirée,,,13,13067,3,1,2,3,3,Départementale,80.0,1
202400033739,2024-01-16,après-midi,,,77,77067,1,1,2,3,3,Départementale,50.0,7
202400033740,2024-07-24,matin,,,66,66190,1,1,1,4,3,Départementale,80.0,1
202400033741,2024-05-16,matin,,,33,33200,1,1,3,3,4,Voie communale,50.0,1
202400033742,2024-03-02,après-midi,,,13,13085,1,1,6,3,3,Départementale,,1
202400033743,2024-04-07,matin,,,29,29019,1,1,6,3,4,Voie communale,30.0,1
202400033744,2024-07-18,après-midi,,,84,84129,1,1,6,3,4,Voie communale,50.0,1
202400033745,2024-01-17,soirée,,,76,76540,5,4,6,4,7,Autre,50.0,2
202400033746,2024-05-16,après-midi,,,31,31282,1,1,3,4,7,Autre,50.0,1
202400033747,2024-01-16,après-midi,,,76,76351,1,1,6,4,4,Voie communale,70.0,1
202400033748,2024-07-24,matin,,,04,04195,1,1,3,4,3,Départementale,80.0,1
202400033749,2024-04-08,matin,,,27,27229,1,2,7,3,4,Voie communale,25.0,2
202400033750,2024-01-17,soirée,,,71,71076,5,2,3,4,3,Départementale,70.0,2
202400033751,2024-04-08,matin,,,27,27229,1,2,2,4,4,Voie communale,50.0,2
202400033752,2024-07-22,après-midi,,,13,13086,1,1,3,4,3,Départementale,50.0,1
202400033753,2024-05-15,soirée,,,25,25462,1,2,3,4,4,Voie communale,80.0,2
202400033754,2024-01-16,après-midi,,,71,71076,3,5,6,4,4,Voie communale,30.0,2
202400033755,2024-04-07,après-midi,,,19,19031,1,1,1,4,3,Départementale,50.0,1
202400033756,2024-05-16,soirée,,,25,25056,1,8,6,3,4,Voie communale,50.0,2
202400033757,2024-01-16,après-midi,,,71,71076,2,2,6,4,4,Voie communale,30.0,2
202400033758,2024-07-23,après-midi,,,29,29131,1,1,6,4,3,Départementale,80.0,1
202400033759,2024-04-04,soirée,,,14,14118,1,1,3,4,3,Départementale,50.0,1
202400033760,2024-01-17,soirée,,,69,69266,5,2,1,4,4,Voie communale,30.0,2
202400033761,2024-05-16,après-midi,,,17,17306,1,2,4,4,4,Voie communale,50.0,2
202400033762,2024-07-21,soirée,,,68,68247,1,1,6,4,3,Départementale,80.0,1
202400033763,2024-04-07,soirée,,,11,11069,1,1,1,4,4,Voie communale,50.0,1
202400033764,2024-01-17,matin,,,69,69290,1,2,2,4,4,Voie communale,50.0,2
202400033765,2024-07-23,après-midi,,,68,68154,1,1,3,4,3,Départementale,50.0,1
202400033766,2024-05-16,soirée,,,13,13214,1,1,1,4,4,Voie communale,50.0,1
202400033767,2024-04-07,après-midi,,,11,11069,1,1,6,4,3,Départementale,80.0,1
202400033768,2024-01-16,après-midi,,,69,69259,1,1,1,4,4,Voie communale,50.0,1