Num_Acc,date,time_of_day,lat,long,dep,com,lum,atm,col,severity_index,catr,catr_label,vma,surf
202400033769,2024-05-16,après-midi,,,13,13209,1,1,3,3,4,Voie communale,50.0,1
202400033770,2024-07-24,matin,,,03,03173,2,1,7,3,3,Départementale,70.0,1
202400033771,2024-01-15,après-midi,,,69,69276,1,2,6,2,4,Voie communale,50.0,2
202400033772,2024-04-08,nuit,,,75,75117,5,2,7,4,4,Voie communale,50.0,2
202400033773,2024-05-16,matin,,,11,11069,1,1,6,4,4,Voie communale,30.0,1
202400033774,2024-07-23,matin,,,38,38565,1,1,3,4,3,Départementale,80.0,1
202400033775,2024-01-16,soirée,,,68,68224,5,1,6,3,9,Autre,50.0,1
202400033776,2024-05-15,après-midi,,,09,09122,1,1,7,3,4,Voie communale,30.0,1
202400033777,2024-04-07,nuit,,,75,75112,5,2,3,4,4,Voie communale,70.0,2
202400033778,2024-07-23,après-midi,,,40,40293,1,1,7,3,3,Départementale,80.0,1
202400033779,2024-01-16,après-midi,,,67,67482,1,8,3,4,7,Autre,30.0,1
202400033780,2024-05-16,soirée,,,06,06069,1,1,2,4,4,Voie communale,50.0,1
202400033781,2024-04-06,soirée,,,75,75116,1,1,3,4,4,Voie communale,70.0,1
202400033782,2024-05-15,après-midi,,,75,75116,1,1,2,3,4,Voie communale,70.0,1
202400033783,2024-01-17,matin,,,64,64445,1,3,3,4,4,Voie communale,50.0,2
202400033784,2024-07-23,après-midi,,,33,33441,1,7,5,3,3,Départementale,80.0,1
202400033785,2024-04-08,soirée,,,75,75120,1,7,6,4,4,Voie communale,30.0,1
202400033786,2024-01-17,matin,,,64,64348,1,2,6,4,4,Voie communale,30.0,2
202400033787,2024-05-15,après-midi,,,75,75117,1,1,3,4,4,Voie communale,70.0,1
202400033788,2024-01-10,soirée,,,64,64445,5,1,3,4,4,Voie communale,50.0,1
202400033789,2024-05-15,après-midi,,,75,75119,1,1,6,3,4,Voie communale,30.0,1
202400033790,2024-04-08,après-midi,,,75,75120,1,1,3,4,4,Voie communale,30.0,1
202400033791,2024-07-24,matin,,,85,85243,1,1,3,3,3,Départementale,50.0,1
202400033792,2024-01-16,après-midi,,,64,64445,1,1,7,4,4,Voie communale,50.0,1
202400033793,2024-07-23,matin,,,33,33063,1,1,7,4,1,Autoroute,50.0,1
202400033794,2024-01-17,matin,,,63,63113,1,1,3,4,4,Voie communale,30.0,1
202400033795,2024-05-14,soirée,,,75,75120,5,2,3,4,4,Voie communale,30.0,2
202400033796,2024-04-08,matin,,,75,75120,1,8,6,4,4,Voie communale,30.0,2
202400033797,2024-05-16,matin,,,75,75119,1,1,6,4,4,Voie communale,30.0,1
202400033798,2024-07-19,matin,,,59,59350,1,1,2,4,1,Autoroute,90.0,1
202400033799,2024-04-08,après-midi,,,75,75119,1,1,3,4,4,Voie communale,50.0,1
202400033800,2024-01-17,matin,,,61,61169,1,3,3,3,3,Départementale,50.0,2
202400033801,2024-05-15,nuit,,,75,75117,5,1,6,4,4,Voie communale,30.0,1
202400033802,2024-01-16,soirée,,,56,56121,5,8,6,4,4,Voie communale,30.0,2
202400033803,2024-04-08,matin,,,75,75119,1,1,6,4,4,Voie communale,30.0,1
202400033804,2024-01-16,soirée,,,54,54357,5,1,6,4,4,Voie communale,50.0,1
202400033805,2024-05-16,soirée,,,75,75116,1,1,3,4,4,Voie communale,50.0,1
202400033806,2024-04-08,après-midi,,,75,75116,1,1,3,4,4,Voie communale,50.0,1
202400033807,2024-01-16,après-midi,,,54,54547,1,9,3,4,4,Voie communale,50.0,9
202400033808,2024-05-16,matin,,,75,75114,1,1,6,4,4,Voie communale,50.0,1
202400033809,2024-04-08,soirée,,,75,75111,5,1,3,4,4,Voie communale,30.0,1
202400033810,2024-07-11,après-midi,,,59,59330,1,1,2,4,1,Autoroute,110.0,1
202400033811,2024-01-17,matin,,,51,51573,2,3,6,4,4,Voie communale,50.0,7
202400033812,2024-04-08,matin,,,75,75102,1,1,7,4,4,Voie communale,30.0,1
202400033813,2024-05-16,soirée,,,75,75113,1,1,3,4,4,Voie communale,30.0,1
202400033814,2024-07-23,après-midi,,,91,91161,1,1,3,4,1,Autoroute,110.0,1
202400033815,2024-01-17,nuit,,,51,51454,5,2,2,4,4,Voie communale,50.0,7
202400033816,2024-05-16,après-midi,,,75,75110,1,1,6,4,4,Voie communale,30.0,1
202400033817,2024-07-23,matin,,,91,91174,1,1,3,4,2,Nationale,90.0,1
202400033818,2024-01-16,matin,,,51,51454,5,1,6,3,4,Voie communale,50.0,1
202400033819,2024-05-16,après-midi,,,75,75108,1,1,3,4,4,Voie communale,30.0,1
202400033820,2024-04-08,après-midi,,,94,94078,1,1,3,4,2,Nationale,50.0,1
202400033821,2024-01-16,après-midi,,,49,49007,1,1,1,4,4,Voie communale,50.0,1
202400033822,2024-07-23,matin,,,92,92047,1,2,4,4,1,Autoroute,110.0,2
202400033823,2024-05-16,matin,,,75,75108,1,1,2,4,4,Voie communale,30.0,1
202400033824,2024-04-08,matin,,,94,94074,1,2,4,4,3,Départementale,50.0,2
202400033825,2024-07-23,matin,,,78,78007,1,2,6,4,1,Autoroute,110.0,2
202400033826,2024-01-17,après-midi,,,38,38185,2,2,6,3,4,Voie communale,50.0,2
202400033827,2024-07-23,nuit,,,95,95488,2,1,7,4,1,Autoroute,110.0,1
202400033828,2024-04-08,après-midi,,,94,94073,1,1,3,4,1,Autoroute,90.0,1
202400033829,2024-01-17,soirée,,,38,38053,5,3,6,4,4,Voie communale,50.0,2
202400033830,2024-04-08,soirée,,,94,94079,3,1,6,4,3,Départementale,50.0,1
202400033831,2024-07-23,après-midi,,,93,93027,1,1,4,4,1,Autoroute,90.0,1
202400033832,2024-01-17,après-midi,,,37,37261,1,8,3,4,4,Voie communale,50.0,2
202400033833,2024-04-08,nuit,,,93,93070,5,2,7,4,3,Départementale,50.0,2
202400033834,2024-01-13,nuit,,,35,35288,3,1,6,4,4,Voie communale,80.0,1
202400033835,2024-05-15,après-midi,,,75,75103,1,1,6,4,4,Voie communale,30.0,1
202400033836,2024-07-23,matin,,,93,93063,1,2,6,4,1,Autoroute,70.0,2
202400033837,2024-04-08,soirée,,,93,93055,1,1,3,3,3,Départementale,50.0,1
202400033838,2024-07-22,après-midi,,,95,95241,1,1,3,4,2,Nationale,110.0,1
202400033839,2024-04-07,nuit,,,92,92022,5,2,6,4,4,Voie communale,30.0,2
202400033840,2024-01-17,matin,,,35,35238,4,2,6,4,4,Voie communale,30.0,2
202400033841,2024-07-23,après-midi,,,94,94028,1,1,2,4,1,Autoroute,90.0,1
202400033842,2024-04-08,soirée,,,92,92012,2,1,1,4,3,Départementale,50.0,1
202400033843,2024-05-16,matin,,,94,94065,1,1,2,4,2,Nationale,50.0,1
202400033844,2024-04-08,soirée,,,92,92004,1,1,3,4,3,Départementale,50.0,1
202400033845,2024-07-23,matin,,,77,77337,1,2,6,4,1,Autoroute,110.0,2
202400033846,2024-01-17,après-midi,,,33,33281,1,2,5,3,4,Voie communale,50.0,2
202400033847,2024-05-15,soirée,,,94,94028,1,1,2,4,3,Départementale,50.0,1
202400033848,2024-04-08,matin,,,92,92004,1,8,7,4,3,Départementale,50.0,2
202400033849,2024-07-22,nuit,,,77,77258,3,1,7,4,1,Autoroute,50.0,1
202400033850,2024-01-17,matin,,,33,33281,5,1,6,3,4,Voie communale,50.0,1
202400033851,2024-05-16,matin,,,94,94018,1,1,3,4,4,Voie communale,30.0,1
202400033852,2024-04-08,matin,,,92,92004,2,8,2,4,3,Départementale,50.0,2
202400033853,2024-07-22,matin,,,94,94065,1,1,5,4,2,Nationale,90.0,1
202400033854,2024-05-15,soirée,,,94,94017,1,2,2,4,3,Départementale,30.0,2
202400033855,2024-04-08,nuit,,,40,40168,3,1,6,2,1,Autoroute,130.0,1
202400033856,2024-01-17,soirée,,,31,31555,5,2,2,4,4,Voie communale,30.0,2
202400033857,2024-01-24,après-midi,,,14,14281,1,1,6,3,2,Nationale,110.0,1
202400033858,2024-05-16,après-midi,,,94,94075,1,1,6,4,4,Voie communale,,1
202400033859,2024-01-18,nuit,,,29,29232,5,1,6,4,3,Départementale,50.0,2
202400033860,2024-04-05,matin,,,35,35082,1,1,3,4,3,Départementale,80.0,2
202400033861,2024-03-18,matin,,,76,76681,1,1,6,4,7,Autre,50.0,1
202400033862,2024-04-09,matin,,,38,38378,1,3,6,4,3,Départementale,70.0,2
202400033863,2024-01-16,soirée,,,29,29019,5,1,6,4,4,Voie communale,50.0,2
202400033864,2024-05-16,matin,,,93,93070,1,1,1,4,3,Départementale,50.0,1
202400033865,2024-04-08,après-midi,,,86,86184,1,1,6,3,3,Départementale,50.0,1
202400033866,2024-05-16,matin,,,93,93064,1,1,1,4,3,Départementale,50.0,1
202400033867,2024-03-06,après-midi,,,76,76540,1,8,3,3,4,Voie communale,30.0,1
202400033868,2024-01-17,soirée,,,13,13203,5,2,1,4,4,Voie communale,50.0,2
202400033869,2024-04-09,après-midi,,,68,68162,1,2,1,4,3,Départementale,80.0,2
202400033870,2024-03-01,soirée,,,76,76322,3,2,2,4,2,Nationale,90.0,2
202400033871,2024-05-15,soirée,,,93,93063,3,1,5,4,4,Voie communale,30.0,1
202400033872,2024-01-17,matin,,,13,13213,1,2,2,4,4,Voie communale,50.0,2
202400033873,2024-04-09,après-midi,,,974,97422,1,1,6,4,2,Nationale,50.0,1
202400033874,2024-01-17,matin,,,13,13211,5,2,2,4,4,Voie communale,50.0,2
202400033875,2024-04-08,matin,,,972,97227,2,1,1,2,2,Nationale,50.0,1
202400033876,2024-05-15,soirée,,,93,93031,1,1,1,4,3,Départementale,50.0,1
202400033877,2024-03-19,matin,,,24,24053,1,1,3,4,2,Nationale,80.0,1
202400033878,2024-01-16,nuit,,,13,13207,5,1,2,3,4,Voie communale,50.0,1
202400033879,2024-04-08,matin,,,21,21661,1,1,2,4,1,Autoroute,110.0,1
202400033880,2024-07-23,nuit,,,974,97416,4,1,6,4,4,Voie communale,30.0,1
202400033881,2024-05-12,après-midi,,,93,93031,1,1,1,4,4,Voie communale,50.0,1
202400033882,2024-03-02,matin,,,62,62706,1,1,6,4,3,Départementale,,1
202400033883,2024-07-22,soirée,,,973,97302,5,1,2,4,4,Voie communale,50.0,1
202400033884,2024-04-07,soirée,,,38,38105,2,1,6,3,3,Départementale,80.0,1
202400033885,2024-05-16,soirée,,,93,93007,1,1,5,4,4,Voie communale,50.0,1
202400033886,2024-04-08,matin,,,34,34036,1,1,7,3,1,Autoroute,130.0,1
202400033887,2024-07-22,soirée,,,69,69383,1,1,6,4,4,Voie communale,30.0,1
202400033888,2024-05-16,après-midi,,,93,93007,1,1,3,4,3,Départementale,50.0,1
202400033889,2024-07-21,nuit,,,972,97209,3,1,6,4,3,Départementale,50.0,1
202400033890,2024-05-16,soirée,,,92,92078,1,1,2,4,3,Départementale,30.0,1
202400033891,2024-05-16,matin,,,92,92064,1,1,3,4,4,Voie communale,50.0,1
202400033892,2024-07-21,matin,,,87,87085,2,2,6,4,4,Voie communale,30.0,2
202400033893,2024-05-16,soirée,,,92,92049,1,1,6,3,3,Départementale,50.0,1
202400033894,2024-07-20,soirée,,,87,87085,1,2,7,4,4,Voie communale,30.0,2
202400033895,2024-05-16,après-midi,,,92,92020,1,1,3,4,3,Départementale,50.0,1
202400033896,2024-05-15,nuit,,,92,92040,5,1,2,4,3,Départementale,30.0,1
202400033897,2024-07-19,après-midi,,,87,87085,1,1,6,4,4,Voie communale,50.0,1
202400033898,2024-05-16,soirée,,,92,92012,1,1,7,4,4,Voie communale,30.0,1
202400033899,2024-07-22,après-midi,,,83,83137,1,7,3,4,1,Autoroute,50.0,1
202400033900,2024-05-15,nuit,,,92,92012,5,8,3,4,3,Départementale,50.0,2
202400033901,2024-05-15,après-midi,,,92,92012,1,1,5,4,3,Départementale,50.0,1
202400033902,2024-07-22,après-midi,,,78,78168,1,1,3,4,4,Voie communale,50.0,1
202400033903,2024-05-17,après-midi,,,12,12300,1,1,7,4,4,Voie communale,70.0,1
202400033904,2024-07-21,soirée,,,78,78172,1,1,1,3,3,Départementale,50.0,1
202400033905,2024-05-17,après-midi,,,2A,2A026,1,1,3,4,3,Départementale,80.0,1
202400033906,2024-08-31,après-midi,,,22,22050,1,1,6,2,3,Départementale,30.0,1
202400033907,2024-06-23,après-midi,,,77,77350,1,1,7,4,3,Départementale,80.0,1
202400033908,2024-05-16,après-midi,,,26,26323,1,1,3,3,3,Départementale,80.0,1
202400033909,2024-08-31,matin,,,60,60009,2,2,7,4,4,Voie communale,50.0,2
202400033910,2024-05-17,après-midi,,,26,26194,1,1,1,3,3,Départementale,80.0,1
202400033911,2024-07-20,après-midi,,,77,77373,1,1,5,3,3,Départementale,70.0,1
202400033912,2024-05-17,matin,,,28,28219,1,5,6,3,1,Autoroute,130.0,1
202400033913,2024-08-30,soirée,,,60,60081,1,1,3,4,4,Voie communale,80.0,1
202400033914,2024-07-22,après-midi,,,77,77384,1,1,3,3,3,Départementale,70.0,1
202400033915,2024-05-02,après-midi,,,51,51585,1,2,7,4,3,Départementale,90.0,2
202400033916,2024-05-16,après-midi,,,974,97404,1,1,7,4,3,Départementale,,1
202400033917,2024-08-29,après-midi,,,33,33023,1,1,2,4,1,Autoroute,130.0,1
202400033918,2024-07-20,soirée,,,77,77285,1,1,2,3,4,Voie communale,50.0,1
202400033919,2024-07-21,nuit,,,77,77285,3,1,6,4,4,Voie communale,50.0,1
202400033920,2024-08-03,soirée,,,33,33366,1,1,4,4,1,Autoroute,130.0,1
202400033921,2024-07-22,matin,,,77,77284,1,1,3,4,4,Voie communale,50.0,1
202400033922,2024-07-19,après-midi,,,77,77186,1,1,6,3,3,Départementale,80.0,1
202400033923,2024-08-30,soirée,,,91,91345,1,2,4,4,1,Autoroute,110.0,2
202400033924,2024-07-19,soirée,,,76,76270,1,1,4,4,3,Départementale,90.0,1
202400033925,2024-08-30,matin,,,91,91689,1,1,3,4,1,Autoroute,90.0,1
202400033926,2024-07-21,après-midi,,,72,72181,1,1,3,4,4,Voie communale,50.0,1
202400033927,2024-08-30,nuit,,,78,78073,3,1,7,3,2,Nationale,90.0,1
202400033928,2024-07-22,après-midi,,,69,69286,1,1,6,3,4,Voie communale,50.0,1
202400033929,2024-08-30,après-midi,,,75,75120,1,2,3,4,1,Autoroute,70.0,2
202400033930,2024-07-20,matin,,,67,67482,1,7,3,4,4,Voie communale,50.0,1
202400033931,2024-08-30,matin,,,93,93066,1,1,2,4,1,Autoroute,90.0,1
202400033932,2024-07-22,matin,,,66,66136,1,1,3,4,4,Voie communale,50.0,1
202400033933,2024-07-21,soirée,,,66,66136,2,1,6,3,4,Voie communale,50.0,1
202400033934,2024-08-29,soirée,,,93,93053,3,1,3,4,1,Autoroute,70.0,1
202400033935,2024-07-22,après-midi,,,64,64122,1,1,6,4,4,Voie communale,30.0,1
202400033936,2024-08-29,soirée,,,93,93053,3,2,4,4,1,Autoroute,110.0,2
202400033937,2024-07-21,matin,,,64,64122,1,1,6,3,4,Voie communale,50.0,1
202400033938,2024-07-18,matin,,,62,62498,1,1,3,4,4,Voie communale,50.0,1
202400033939,2024-08-28,après-midi,,,95,95572,1,1,2,4,2,Nationale,90.0,1
202400033940,2024-07-20,nuit,,,56,56107,5,1,6,3,4,Voie communale,50.0,1
202400033941,2024-07-15,après-midi,,,52,52121,1,1,6,4,3,Départementale,50.0,2
202400033942,2024-08-26,soirée,,,93,93027,1,1,4,4,1,Autoroute,90.0,1
202400033943,2024-07-19,après-midi,,,51,51454,1,1,1,4,4,Voie communale,30.0,1
202400033944,2024-08-30,après-midi,,,77,77372,1,3,7,4,1,Autoroute,90.0,2
202400033945,2024-07-22,matin,,,45,45147,1,1,3,4,3,Départementale,50.0,1
202400033946,2024-06-26,matin,,,57,57672,1,1,3,3,4,Voie communale,50.0,1
202400033947,2024-07-22,nuit,,,44,44162,3,1,6,4,2,Nationale,50.0,1
202400033948,2024-08-28,après-midi,,,987,98735,1,1,6,4,2,Nationale,50.0,1
202400033949,2024-07-22,nuit,,,43,43157,5,1,1,4,4,Voie communale,50.0,1
202400033950,2024-08-29,matin,,,974,97416,1,1,3,4,4,Voie communale,50.0,1
202400033951,2024-07-22,matin,,,42,42044,1,8,3,4,7,Autre,50.0,1
202400033952,2024-07-20,nuit,,,40,40192,5,1,1,4,4,Voie communale,50.0,1
202400033953,2024-08-29,soirée,,,974,97411,3,1,6,4,2,Nationale,90.0,1
202400033954,2024-07-22,matin,,,37,37261,1,1,3,4,4,Voie communale,50.0,1
202400033955,2024-08-28,soirée,,,973,97302,5,8,7,4,4,Voie communale,50.0,2
202400033956,2024-07-22,nuit,,,33,33063,5,1,6,4,4,Voie communale,50.0,1
202400033957,2024-07-21,après-midi,,,33,33522,1,8,6,4,4,Voie communale,50.0,1
202400033958,2024-08-29,nuit,,,69,69383,5,1,3,4,4,Voie communale,30.0,1
202400033959,2024-07-22,après-midi,,,31,31555,1,1,6,3,4,Voie communale,30.0,1
202400033960,2024-08-29,après-midi,,,69,69383,1,1,3,3,4,Voie communale,30.0,1
202400033961,2024-07-15,après-midi,,,30,30189,1,1,3,4,4,Voie communale,50.0,1
202400033962,2024-08-29,après-midi,,,69,69387,1,1,5,4,4,Voie communale,30.0,1
202400033963,2024-07-17,soirée,,,30,30189,1,1,3,4,4,Voie communale,50.0,1
202400033964,2024-08-29,matin,,,69,69383,1,1,6,3,4,Voie communale,30.0,1
202400033965,2024-07-22,après-midi,,,06,06088,1,1,6,4,4,Voie communale,50.0,1
202400033966,2024-08-29,matin,,,69,69383,1,7,2,4,4,Voie communale,30.0,1
202400033967,2024-08-29,nuit,,,69,69389,5,1,1,4,4,Voie communale,50.0,1
202400033968,2024-07-21,soirée,,,75,75118,1,1,4,4,4,Voie communale,70.0,1
202400033969,2024-07-21,après-midi,,,75,75115,1,1,2,4,4,Voie communale,70.0,1
202400033970,2024-07-29,soirée,,,69,69382,1,1,3,4,4,Voie communale,30.0,1
202400033971,2024-07-20,après-midi,,,75,75114,1,1,2,4,4,Voie communale,70.0,1
202400033972,2024-08-29,matin,,,971,97113,1,2,7,4,2,Nationale,90.0,2
202400033973,2024-07-22,après-midi,,,75,75106,1,1,3,4,4,Voie communale,30.0,1
202400033974,2024-08-28,soirée,,,971,97101,5,3,6,4,2,Nationale,90.0,2
202400033975,2024-07-22,après-midi,,,75,75120,1,1,6,4,4,Voie communale,30.0,1
202400033976,2024-08-27,soirée,,,971,97113,5,1,3,4,2,Nationale,70.0,1
202400033977,2024-08-26,nuit,,,30,30011,5,1,7,4,4,Voie communale,50.0,1
202400033978,2024-07-22,matin,,,75,75119,1,1,2,4,4,Voie communale,30.0,1
202400033979,2024-08-25,nuit,,,84,84007,5,1,7,4,4,Voie communale,50.0,1
202400033980,2024-08-29,matin,,,83,83126,1,1,6,4,4,Voie communale,50.0,1
202400033981,2024-07-22,matin,,,75,75117,1,1,3,4,4,Voie communale,30.0,1
202400033982,2024-08-28,matin,,,83,83069,1,1,3,4,3,Départementale,50.0,1
202400033983,2024-07-21,matin,,,75,75112,1,1,2,4,4,Voie communale,30.0,1
202400033984,2024-08-29,matin,,,78,78029,1,1,6,4,4,Voie communale,50.0,1
202400033985,2024-07-22,après-midi,,,75,75111,1,1,6,4,4,Voie communale,30.0,1
202400033986,2024-08-29,soirée,,,77,77251,1,1,6,4,4,Voie communale,50.0,1
202400033987,2024-07-22,soirée,,,75,75107,1,1,7,4,4,Voie communale,30.0,3
202400033988,2024-08-28,soirée,,,77,77251,1,1,3,4,4,Voie communale,50.0,1
202400033989,2024-07-22,matin,,,75,75107,1,1,6,4,4,Voie communale,30.0,1
202400033990,2024-08-28,matin,,,73,73008,1,1,6,3,4,Voie communale,,1
202400033991,2024-07-22,après-midi,,,94,94054,1,1,3,4,4,Voie communale,30.0,1
202400033992,2024-07-22,matin,,,94,94022,1,1,6,3,3,Départementale,50.0,1
202400033993,2024-08-29,soirée,,,69,69029,2,1,3,4,4,Voie communale,50.0,1
202400033994,2024-07-22,après-midi,,,93,93066,1,1,6,4,3,Départementale,50.0,1
202400033995,2024-08-29,après-midi,,,69,69259,1,1,6,4,7,Autre,50.0,1
202400033996,2024-07-22,matin,,,93,93077,1,1,3,4,4,Voie communale,50.0,1
202400033997,2024-08-29,soirée,,,67,67482,5,1,3,4,4,Voie communale,10.0,1
202400033998,2024-07-22,après-midi,,,93,93031,1,1,3,3,3,Départementale,50.0,1
202400033999,2024-07-22,après-midi,,,92,92072,1,1,7,4,3,Départementale,50.0,1
202400034000,2024-08-29,après-midi,,,67,67267,1,7,6,4,4,Voie communale,50.0,1
202400034001,2024-07-22,matin,,,92,92072,1,1,1,2,3,Départementale,50.0,1
202400034002,2024-08-29,après-midi,,,67,67482,1,1,2,4,4,Voie communale,50.0,1
202400034003,2024-07-22,nuit,,,92,92050,5,1,6,4,3,Départementale,,1
202400034004,2024-08-29,après-midi,,,65,65440,1,1,6,3,3,Départementale,50.0,1
202400034005,2024-07-21,nuit,,,92,92025,5,1,3,4,4,Voie communale,30.0,1
202400034006,2024-07-22,après-midi,,,35,35176,1,1,6,4,4,Voie communale,50.0,1
202400034007,2024-08-29,soirée,,,64,64260,5,2,3,4,4,Voie communale,30.0,2
202400034008,2024-07-23,après-midi,,,66,66063,1,1,3,4,1,Autoroute,130.0,1
202400034009,2024-08-28,matin,,,64,64445,1,1,3,3,4,Voie communale,50.0,1
202400034010,2024-07-22,après-midi,,,16,16013,1,1,1,3,3,Départementale,80.0,1
202400034011,2024-08-27,soirée,,,64,64445,1,1,6,3,4,Voie communale,50.0,1
202400034012,2024-03-28,après-midi,,,41,41148,1,6,1,4,3,Départementale,,1
202400034013,2024-08-29,matin,,,64,64122,1,2,1,4,4,Voie communale,30.0,2
202400034014,2024-06-29,après-midi,,,31,31116,1,1,6,4,7,Autre,50.0,1
202400034015,2024-07-17,matin,,,45,45030,1,1,2,4,1,Autoroute,130.0,1
202400034016,2024-08-29,soirée,,,64,64102,1,1,4,4,3,Départementale,50.0,1
202400034017,2024-07-23,nuit,,,42,42232,3,1,6,3,4,Voie communale,50.0,9
202400034018,2024-08-28,après-midi,,,62,62351,1,7,2,4,3,Départementale,50.0,1
202400034019,2024-07-23,matin,,,60,60176,1,1,3,4,4,Voie communale,50.0,1
202400034020,2024-07-21,soirée,,,62,62042,1,1,6,3,3,Départementale,50.0,1
202400034021,2024-08-29,nuit,,,59,59350,5,1,4,4,7,Autre,50.0,1
202400034022,2024-07-22,après-midi,,,57,57057,1,1,3,3,3,Départementale,80.0,1
202400034023,2024-08-29,après-midi,,,58,58194,1,1,3,4,4,Voie communale,30.0,1
202400034024,2024-07-18,après-midi,,,82,82112,1,1,3,3,4,Voie communale,80.0,1
202400034025,2024-07-21,soirée,,,33,33506,1,1,6,3,3,Départementale,80.0,1
202400034026,2024-08-28,après-midi,,,56,56121,1,1,3,4,4,Voie communale,30.0,1
202400034027,2024-07-23,matin,,,32,32359,1,1,2,3,3,Départementale,80.0,1
202400034028,2024-07-20,matin,,,89,89128,1,1,3,4,3,Départementale,,1
202400034029,2024-08-28,matin,,,56,56098,1,1,3,4,4,Voie communale,50.0,1
202400034030,2024-07-23,soirée,,,63,63368,1,1,7,3,3,Départementale,90.0,1
202400034031,2024-08-28,matin,,,56,56121,1,1,6,3,4,Voie communale,30.0,1
202400034032,2024-07-22,après-midi,,,49,49218,1,1,6,3,3,Départementale,80.0,1
202400034033,2024-07-23,après-midi,,,47,47310,1,7,6,2,3,Départementale,50.0,1
202400034034,2024-08-28,après-midi,,,54,54274,1,1,1,4,4,Voie communale,50.0,1
202400034035,2024-07-11,soirée,,,34,34210,1,1,3,3,3,Départementale,,1
202400034036,2024-07-22,après-midi,,,68,68107,1,1,2,4,3,Départementale,80.0,1
202400034037,2024-08-28,soirée,,,51,51454,1,1,3,4,4,Voie communale,50.0,1
202400034038,2024-07-18,matin,,,39,39390,1,1,6,3,3,Départementale,50.0,9
202400034039,2024-08-27,soirée,,,51,51108,1,1,3,4,4,Voie communale,,1
202400034040,2024-07-22,matin,,,38,38229,1,1,3,3,4,Voie communale,,1
202400034041,2024-08-28,après-midi,,,49,49007,1,1,1,4,4,Voie communale,50.0,1
202400034042,2024-07-21,soirée,,,02,02758,1,1,3,3,3,Départementale,50.0,1
202400034043,2024-08-29,soirée,,,45,45234,2,1,3,4,4,Voie communale,50.0,1
202400034044,2024-08-28,nuit,,,45,45208,5,1,3,4,4,Voie communale,50.0,1
202400034045,2024-07-19,nuit,,,84,84050,3,1,7,3,3,Départementale,70.0,1
202400034046,2024-08-29,matin,,,43,43157,1,1,6,4,4,Voie communale,50.0,1
202400034047,2024-07-23,matin,,,03,03292,1,1,7,4,3,Départementale,90.0,1
202400034048,2024-08-29,matin,,,42,42127,2,7,6,3,3,Départementale,50.0,1
202400034049,2024-07-18,après-midi,,,06,06150,1,1,7,3,3,Départementale,70.0,1
202400034050,2024-08-28,après-midi,,,41,41212,1,1,3,4,4,Voie communale,50.0,1
202400034051,2024-07-21,matin,,,14,14102,1,1,1,3,4,Voie communale,30.0,1
202400034052,2024-08-29,soirée,,,38,38185,1,1,3,4,4,Voie communale,50.0,1
202400034053,2024-07-22,soirée,,,14,14274,1,1,5,4,3,Départementale,90.0,1
202400034054,2024-08-29,après-midi,,,38,38151,1,1,3,3,4,Voie communale,50.0,1
202400034055,2024-07-23,nuit,,,05,05011,3,1,6,4,3,Départementale,90.0,1
202400034056,2024-08-29,matin,,,36,36202,1,1,2,4,4,Voie communale,50.0,-1
202400034057,2024-07-23,après-midi,,,64,64538,1,1,1,4,3,Départementale,80.0,1
202400034058,2024-07-22,matin,,,73,73067,1,1,7,4,3,Départementale,30.0,1
202400034059,2024-08-29,matin,,,34,34172,5,1,4,4,4,Voie communale,50.0,1
202400034060,2024-07-21,nuit,,,18,18135,3,3,7,3,3,Départementale,80.0,2
202400034061,2024-08-29,soirée,,,33,33063,1,1,3,4,4,Voie communale,30.0,1
202400034062,2024-07-23,après-midi,,,07,07338,1,1,6,4,3,Départementale,90.0,1
202400034063,2024-08-29,après-midi,,,29,29232,1,1,3,3,3,Départementale,50.0,1
202400034064,2024-07-11,après-midi,,,85,85204,1,1,3,3,3,Départementale,80.0,1
202400034065,2024-07-22,nuit,,,37,37203,5,1,1,3,7,Autre,50.0,1
202400034066,2024-08-28,après-midi,,,29,29232,1,1,2,4,4,Voie communale,50.0,1
202400034067,2024-07-23,matin,,,30,30197,1,1,7,3,3,Départementale,80.0,1
202400034068,2024-07-21,après-midi,,,24,24206,1,1,1,3,4,Voie communale,80.0,2
202400034069,2024-08-29,soirée,,,25,25056,1,7,3,4,4,Voie communale,50.0,1
202400034070,2024-07-22,après-midi,,,42,42209,1,1,6,4,1,Autoroute,130.0,1
202400034071,2024-08-20,après-midi,,,22,22113,1,1,3,4,4,Voie communale,30.0,1
202400034072,2024-08-29,nuit,,,17,17306,5,3,7,4,4,Voie communale,50.0,2
202400034073,2024-07-23,après-midi,,,30,30189,1,1,4,3,1,Autoroute,130.0,1
202400034074,2024-08-29,nuit,,,13,13213,5,1,7,2,4,Voie communale,50.0,1
202400034075,2024-07-23,après-midi,,,60,60142,1,1,3,3,3,Départementale,80.0,1
202400034076,2024-08-29,matin,,,13,13213,5,1,5,3,4,Voie communale,50.0,1
202400034077,2024-07-23,après-midi,,,976,97608,1,1,7,3,3,Départementale,50.0,1
202400034078,2024-08-29,après-midi,,,13,13063,1,1,1,4,3,Départementale,80.0,1
202400034079,2024-07-21,soirée,,,2B,2B168,3,1,7,3,2,Nationale,80.0,1
202400034080,2024-08-28,nuit,,,10,10387,3,1,3,4,4,Voie communale,50.0,1
202400034081,2024-08-28,après-midi,,,10,10387,1,7,1,4,4,Voie communale,50.0,1