Num_Acc,date,time_of_day,lat,long,dep,com,lum,atm,col,severity_index,catr,catr_label,vma,surf
202400034082,2024-07-21,nuit,,,2B,2B093,3,1,1,3,3,Départementale,80.0,1
202400034083,2024-08-28,après-midi,,,07,07019,1,1,6,4,2,Nationale,70.0,1
202400034084,2024-07-14,nuit,,,66,66008,3,1,6,3,4,Voie communale,50.0,1
202400034085,2024-08-29,matin,,,06,06159,1,1,3,3,7,Autre,70.0,1
202400034086,2024-07-22,soirée,,,83,83151,1,1,6,4,3,Départementale,70.0,1
202400034087,2024-08-28,matin,,,06,06029,1,1,3,4,3,Départementale,30.0,1
202400034088,2024-07-19,après-midi,,,83,83138,1,7,3,3,3,Départementale,70.0,1
202400034089,2024-08-28,soirée,,,01,01451,2,1,2,4,3,Départementale,70.0,1
202400034090,2024-07-22,soirée,,,71,71372,1,1,3,3,3,Départementale,80.0,1
202400034091,2024-07-22,soirée,,,71,71069,1,1,6,3,3,Départementale,80.0,1
202400034092,2024-08-29,après-midi,,,75,75116,1,1,4,4,4,Voie communale,70.0,1
202400034093,2024-07-23,après-midi,,,73,73328,1,1,3,4,3,Départementale,70.0,1
202400034094,2024-08-28,matin,,,75,75114,1,1,3,3,4,Voie communale,70.0,1
202400034095,2024-07-23,matin,,,42,42073,1,1,6,4,3,Départementale,80.0,1
202400034096,2024-08-28,matin,,,75,75112,1,1,4,4,4,Voie communale,70.0,1
202400034097,2024-07-22,après-midi,,,69,69159,1,1,3,4,3,Départementale,80.0,1
202400034098,2024-08-29,après-midi,,,75,75108,1,1,6,4,4,Voie communale,30.0,1
202400034099,2024-07-21,après-midi,,,33,33233,1,1,6,4,3,Départementale,80.0,1
202400034100,2024-08-29,matin,,,75,75118,1,1,3,4,4,Voie communale,30.0,1
202400034101,2024-07-22,matin,,,33,33019,1,1,1,4,3,Départementale,50.0,1
202400034102,2024-08-28,après-midi,,,75,75112,1,1,6,4,4,Voie communale,30.0,1
202400034103,2024-07-18,soirée,,,44,44047,1,1,2,3,7,Autre,80.0,1
202400034104,2024-08-28,matin,,,75,75116,1,1,4,3,4,Voie communale,70.0,1
202400034105,2024-07-19,après-midi,,,29,29087,1,1,7,4,4,Voie communale,30.0,1
202400034106,2024-08-29,après-midi,,,75,75115,1,1,7,4,4,Voie communale,30.0,1
202400034107,2024-07-18,après-midi,,,60,60141,1,1,2,3,3,Départementale,70.0,1
202400034108,2024-08-29,après-midi,,,75,75112,1,1,6,4,4,Voie communale,30.0,1
202400034109,2024-07-22,après-midi,,,60,60022,1,1,2,3,3,Départementale,80.0,1
202400034110,2024-08-29,soirée,,,75,75111,5,2,3,4,4,Voie communale,30.0,2
202400034111,2024-08-29,après-midi,,,75,75110,1,1,6,4,4,Voie communale,30.0,1
202400034112,2024-07-19,après-midi,,,69,69282,1,1,2,3,7,Autre,70.0,1
202400034113,2024-07-11,après-midi,,,59,59094,1,1,7,4,1,Autoroute,110.0,1
202400034114,2024-08-29,nuit,,,75,75108,5,1,6,4,4,Voie communale,30.0,1
202400034115,2024-07-22,après-midi,,,91,91086,1,1,2,4,2,Nationale,110.0,1
202400034116,2024-08-29,après-midi,,,75,75107,1,1,3,4,4,Voie communale,30.0,1
202400034117,2024-07-22,après-midi,,,92,92047,1,1,1,3,1,Autoroute,90.0,1
202400034118,2024-08-29,après-midi,,,75,75109,1,1,6,4,4,Voie communale,30.0,1
202400034119,2024-08-29,nuit,,,94,94073,5,1,3,4,4,Voie communale,50.0,1
202400034120,2024-07-22,après-midi,,,78,78158,1,1,4,4,1,Autoroute,90.0,1
202400034121,2024-08-28,après-midi,,,94,94019,1,1,2,4,3,Départementale,50.0,1
202400034122,2024-08-29,matin,,,93,93079,1,1,6,4,3,Départementale,50.0,1
202400034123,2024-07-21,soirée,,,78,78118,1,1,4,4,1,Autoroute,110.0,1
202400034124,2024-08-29,nuit,,,93,93057,5,1,5,4,3,Départementale,50.0,1
202400034125,2024-10-03,matin,,,69,69387,2,1,2,4,4,Voie communale,30.0,1
202400034126,2024-08-29,matin,,,92,92062,1,1,3,4,3,Départementale,50.0,1
202400034127,2024-07-22,matin,,,94,94069,1,1,4,4,1,Autoroute,90.0,1
202400034128,2024-08-29,matin,,,92,92050,1,1,6,4,3,Départementale,50.0,1
202400034129,2024-01-06,matin,,,64,64483,5,2,6,3,4,Voie communale,50.0,2
202400034130,2024-10-03,matin,,,69,69387,1,1,3,4,4,Voie communale,30.0,1
202400034131,2024-08-27,matin,,,92,92025,1,1,3,4,3,Départementale,50.0,1
202400034132,2024-04-26,après-midi,,,14,14609,1,8,2,2,2,Nationale,110.0,1
202400034133,2024-08-29,nuit,,,92,92071,5,1,6,4,3,Départementale,30.0,1
202400034134,2024-02-23,après-midi,,,14,14374,1,2,7,4,3,Départementale,80.0,2
202400034135,2024-09-30,après-midi,,,972,97209,1,1,1,4,2,Nationale,50.0,1
202400034136,2024-08-29,soirée,,,92,92007,5,2,1,4,3,Départementale,30.0,2
202400034137,2024-04-12,soirée,,,62,62634,2,1,1,4,4,Voie communale,50.0,1
202400034138,2024-08-28,nuit,,,92,92007,5,1,6,4,3,Départementale,40.0,1
202400034139,2024-10-03,nuit,,,69,69387,5,1,2,4,4,Voie communale,50.0,1
202400034140,2024-08-28,après-midi,,,92,92036,1,1,6,4,3,Départementale,50.0,1
202400034141,2024-04-13,après-midi,,,29,29037,1,1,3,4,3,Départementale,70.0,1
202400034142,2024-08-29,matin,,,92,92002,1,1,6,4,3,Départementale,50.0,1
202400034143,2024-04-15,nuit,,,14,14027,3,2,7,4,3,Départementale,50.0,2
202400034144,2024-10-03,matin,,,91,91434,1,8,4,4,4,Voie communale,50.0,1
202400034145,2024-08-27,après-midi,,,78,78548,1,1,3,3,3,Départementale,50.0,1
202400034146,2024-07-21,matin,,,974,97416,1,1,3,4,4,Voie communale,50.0,1
202400034147,2024-08-29,matin,,,09,09026,1,1,7,3,4,Voie communale,30.0,6
202400034148,2024-07-20,nuit,,,972,97213,5,3,2,4,1,Autoroute,90.0,2
202400034149,2024-10-03,soirée,,,91,91174,3,1,6,4,4,Voie communale,,1
202400034150,2024-08-30,nuit,,,51,51057,2,8,6,3,3,Départementale,50.0,2
202400034151,2024-07-21,matin,,,2B,2B033,1,1,6,4,3,Départementale,70.0,1
202400034152,2024-08-29,matin,,,73,73313,2,1,7,2,3,Départementale,80.0,1
202400034153,2024-07-21,matin,,,95,95277,1,1,3,4,3,Départementale,90.0,1
202400034154,2024-10-02,après-midi,,,88,88428,1,1,1,4,4,Voie communale,50.0,1
202400034155,2024-08-30,matin,,,974,97412,1,1,3,3,4,Voie communale,50.0,1
202400034156,2024-08-29,après-midi,,,88,88181,1,1,3,3,3,Départementale,50.0,1
202400034157,2024-07-21,nuit,,,95,95277,3,2,5,4,3,Départementale,80.0,2
202400034158,2024-10-03,après-midi,,,84,84007,1,1,3,4,4,Voie communale,50.0,1
202400034159,2024-08-30,nuit,,,76,76404,4,1,7,3,3,Départementale,80.0,1
202400034160,2024-10-02,matin,,,80,80001,1,1,7,4,3,Départementale,50.0,1
202400034161,2024-10-03,nuit,,,78,78297,5,1,7,4,4,Voie communale,90.0,1
202400034162,2024-07-21,nuit,,,84,84007,2,1,1,4,4,Voie communale,50.0,1
202400034163,2024-10-03,soirée,,,78,78297,5,1,6,4,4,Voie communale,50.0,1
202400034164,2024-07-19,après-midi,,,81,81060,1,1,3,4,3,Départementale,,1
202400034165,2024-08-30,nuit,,,41,41156,3,1,5,4,1,Autoroute,130.0,1
202400034166,2024-08-27,après-midi,,,72,72008,1,1,1,4,9,Autre,20.0,1
202400034167,2024-07-21,soirée,,,78,78123,1,1,5,3,4,Voie communale,50.0,1
202400034168,2024-08-30,matin,,,77,77240,1,2,7,4,4,Voie communale,50.0,2
202400034169,2024-07-21,soirée,,,77,77513,1,1,6,4,3,Départementale,50.0,1
202400034170,2024-07-21,soirée,,,76,76165,1,1,6,3,4,Voie communale,30.0,1
202400034171,2024-08-30,après-midi,,,30,30060,1,1,2,4,3,Départementale,50.0,1
202400034172,2024-08-29,après-midi,,,56,56008,1,1,6,3,3,Départementale,50.0,1
202400034173,2024-08-29,soirée,,,31,31150,1,1,1,2,7,Autre,30.0,1
202400034174,2024-07-21,après-midi,,,76,76681,1,1,5,4,7,Autre,70.0,1
202400034175,2024-08-29,après-midi,,,63,63003,1,1,3,3,3,Départementale,70.0,1
202400034176,2024-08-28,soirée,,,42,42115,2,1,3,3,3,Départementale,70.0,1
202400034177,2024-08-29,après-midi,,,47,47168,1,1,6,3,6,Autre,,1
202400034178,2024-07-21,nuit,,,69,69266,5,1,3,3,4,Voie communale,30.0,1
202400034179,2024-08-27,soirée,,,86,86293,1,1,5,4,3,Départementale,90.0,1
202400034180,2024-08-26,après-midi,,,86,86091,1,1,3,3,4,Voie communale,80.0,1
202400034181,2024-07-21,nuit,,,69,69290,5,1,1,3,4,Voie communale,50.0,1
202400034182,2024-07-20,soirée,,,64,64348,1,1,6,3,4,Voie communale,50.0,1
202400034183,2024-08-30,matin,,,34,34147,1,7,6,3,3,Départementale,80.0,1
202400034184,2024-09-23,après-midi,,,77,77335,1,8,7,4,3,Départementale,80.0,2
202400034185,2024-07-21,après-midi,,,61,61001,1,1,3,4,3,Départementale,50.0,1
202400034186,2024-08-29,soirée,,,68,68362,1,1,7,4,3,Départementale,,1
202400034187,2024-10-02,après-midi,,,77,77186,1,2,3,4,4,Voie communale,50.0,2
202400034188,2024-08-27,après-midi,,,29,29293,1,1,6,3,3,Départementale,70.0,1
202400034189,2024-07-21,matin,,,59,59512,1,1,6,4,7,Autre,50.0,1
202400034190,2024-08-29,après-midi,,,02,02772,1,1,7,3,3,Départementale,50.0,1
202400034191,2024-10-03,après-midi,,,74,74012,1,1,1,4,4,Voie communale,30.0,1
202400034192,2024-07-21,soirée,,,59,59350,1,1,6,3,7,Autre,70.0,1
202400034193,2024-08-30,après-midi,,,70,70477,1,1,1,3,4,Voie communale,50.0,1
202400034194,2024-10-03,soirée,,,72,72181,3,8,2,3,3,Départementale,90.0,1
202400034195,2024-07-20,soirée,,,59,59244,1,1,3,3,3,Départementale,50.0,1
202400034196,2024-08-30,après-midi,,,90,90087,1,1,7,4,3,Départementale,50.0,1
202400034197,2024-10-02,matin,,,72,72181,1,1,3,4,4,Voie communale,50.0,1
202400034198,2024-08-29,après-midi,,,64,64493,1,1,6,3,4,Voie communale,50.0,1
202400034199,2024-08-30,matin,,,64,64485,1,2,1,3,3,Départementale,30.0,2
202400034200,2024-10-02,soirée,,,69,69290,1,1,3,4,4,Voie communale,50.0,1
202400034201,2024-08-30,matin,,,73,73235,1,7,7,4,4,Voie communale,80.0,1
202400034202,2024-10-03,nuit,,,69,69091,5,1,3,4,7,Autre,50.0,2
202400034203,2024-08-30,après-midi,,,10,10401,1,1,3,3,4,Voie communale,90.0,1
202400034204,2024-08-29,après-midi,,,16,16207,1,8,3,4,4,Voie communale,,2
202400034205,2024-10-03,après-midi,,,67,67482,1,1,3,3,4,Voie communale,50.0,1
202400034206,2024-08-29,après-midi,,,07,07330,1,1,2,4,4,Voie communale,50.0,1
202400034207,2024-08-30,nuit,,,21,21317,4,1,6,4,4,Voie communale,50.0,1
202400034208,2024-10-02,après-midi,,,67,67180,1,1,3,4,4,Voie communale,50.0,1
202400034209,2024-08-30,après-midi,,,85,85284,1,1,7,3,4,Voie communale,80.0,1
202400034210,2024-10-03,matin,,,64,64445,4,1,2,4,4,Voie communale,50.0,1
202400034211,2024-08-28,soirée,,,85,85084,1,1,4,4,3,Départementale,70.0,1
202400034212,2024-10-04,nuit,,,64,64122,5,1,6,4,4,Voie communale,30.0,1
202400034213,2024-08-30,après-midi,,,27,27284,1,2,2,3,4,Voie communale,50.0,2
202400034214,2024-09-28,après-midi,,,62,62193,1,1,3,3,4,Voie communale,50.0,1
202400034215,2024-08-30,matin,,,30,30236,2,1,1,3,3,Départementale,80.0,1
202400034216,2024-08-30,matin,,,52,52332,1,1,1,2,3,Départementale,90.0,1
202400034217,2024-08-30,matin,,,68,68266,1,1,4,4,1,Autoroute,130.0,1
202400034218,2024-09-29,après-midi,,,60,60159,1,1,3,3,4,Voie communale,30.0,1
202400034219,2024-08-29,soirée,,,31,31424,2,1,1,3,4,Voie communale,30.0,1
202400034220,2024-08-30,nuit,,,67,67462,3,1,7,3,1,Autoroute,110.0,1
202400034221,2024-08-30,après-midi,,,62,62563,1,1,6,3,1,Autoroute,130.0,1
202400034222,2024-10-03,soirée,,,59,59350,5,1,3,4,7,Autre,50.0,1
202400034223,2024-08-29,nuit,,,973,97305,3,1,1,2,2,Nationale,80.0,1
202400034224,2024-08-29,après-midi,,,971,97115,2,8,3,3,4,Voie communale,80.0,1
202400034225,2024-10-03,après-midi,,,59,59360,1,1,3,4,7,Autre,50.0,1
202400034226,2024-10-02,matin,,,59,59273,5,1,6,3,4,Voie communale,50.0,1
202400034227,2024-08-28,soirée,,,28,28007,1,9,1,4,3,Départementale,80.0,1
202400034228,2024-10-02,matin,,,59,59486,1,1,6,3,3,Départementale,50.0,1
202400034229,2024-08-30,après-midi,,,77,77191,1,1,3,4,3,Départementale,80.0,1
202400034230,2024-08-28,soirée,,,78,78484,3,1,7,3,3,Départementale,70.0,1
202400034231,2024-10-03,matin,,,56,56260,1,1,7,3,4,Voie communale,50.0,1
202400034232,2024-08-30,matin,,,83,83042,1,1,2,3,3,Départementale,70.0,1
202400034233,2024-10-03,matin,,,56,56260,1,1,2,4,3,Départementale,70.0,1
202400034234,2024-10-03,matin,,,56,56260,1,1,6,4,4,Voie communale,50.0,1
202400034235,2024-08-26,après-midi,,,89,89341,1,1,4,4,1,Autoroute,130.0,1
202400034236,2024-10-02,matin,,,56,56260,1,1,6,4,4,Voie communale,30.0,1
202400034237,2024-08-29,matin,,,51,51250,1,1,3,2,3,Départementale,80.0,1
202400034238,2024-08-29,soirée,,,68,68370,3,1,7,4,3,Départementale,80.0,1
202400034239,2024-08-29,après-midi,,,26,26307,1,1,7,3,3,Départementale,,1
202400034240,2024-10-03,après-midi,,,51,51454,1,1,3,4,4,Voie communale,50.0,1
202400034241,2024-08-29,matin,,,07,07315,1,1,7,3,3,Départementale,90.0,1
202400034242,2024-10-03,matin,,,51,51454,1,1,3,4,4,Voie communale,50.0,1
202400034243,2024-08-28,après-midi,,,69,69163,1,1,1,4,7,Autre,50.0,1
202400034244,2024-08-30,soirée,,,31,31417,2,1,2,3,7,Autre,30.0,1
202400034245,2024-10-03,matin,,,51,51454,1,1,3,4,4,Voie communale,50.0,1
202400034246,2024-08-29,après-midi,,,87,87161,1,1,7,3,3,Départementale,80.0,1
202400034247,2024-08-29,soirée,,,14,14762,1,1,6,2,3,Départementale,80.0,1
202400034248,2024-10-03,après-midi,,,47,47031,1,1,1,4,4,Voie communale,70.0,1
202400034249,2024-08-28,soirée,,,35,35015,3,1,1,3,3,Départementale,80.0,1
202400034250,2024-10-02,matin,,,47,47001,1,1,3,4,3,Départementale,50.0,1
202400034251,2024-08-30,après-midi,,,59,59254,1,1,3,4,3,Départementale,80.0,1
202400034252,2024-10-03,après-midi,,,44,44109,1,1,3,4,4,Voie communale,30.0,1
202400034253,2024-08-30,matin,,,59,59019,1,1,1,3,4,Voie communale,50.0,1
202400034254,2024-10-03,après-midi,,,42,42095,1,8,6,3,6,Autre,20.0,2
202400034255,2024-08-29,nuit,,,13,13207,5,1,2,4,1,Autoroute,50.0,1
202400034256,2024-08-29,matin,,,83,83137,1,1,2,3,1,Autoroute,70.0,1
202400034257,2024-08-27,nuit,,,67,67447,3,1,7,4,7,Autre,70.0,1
202400034258,2024-09-29,soirée,,,40,40192,5,1,6,3,4,Voie communale,50.0,1
202400034259,2024-08-29,après-midi,,,91,91689,1,1,2,4,1,Autoroute,110.0,1
202400034260,2024-08-29,matin,,,91,91659,1,1,2,4,1,Autoroute,110.0,1
202400034261,2024-10-04,nuit,,,37,37261,5,1,3,4,4,Voie communale,50.0,1
202400034262,2024-10-03,soirée,,,35,35278,2,1,2,4,4,Voie communale,50.0,1
202400034263,2024-08-29,matin,,,78,78043,1,1,4,4,1,Autoroute,90.0,1
202400034264,2024-10-03,soirée,,,35,35115,1,1,6,4,4,Voie communale,50.0,1
202400034265,2024-08-29,matin,,,92,92050,1,1,2,4,1,Autoroute,90.0,1
202400034266,2024-10-03,matin,,,34,34301,1,1,3,4,4,Voie communale,50.0,1
202400034267,2024-08-29,nuit,,,78,78423,3,1,6,4,1,Autoroute,90.0,1
202400034268,2024-08-28,matin,,,75,75116,1,1,2,4,1,Autoroute,70.0,1
202400034269,2024-10-03,nuit,,,34,34172,5,1,4,4,4,Voie communale,50.0,1
202400034270,2024-08-29,après-midi,,,93,93027,1,1,2,4,1,Autoroute,90.0,1
202400034271,2024-08-28,nuit,,,95,95607,3,1,2,4,1,Autoroute,90.0,1
202400034272,2024-10-02,soirée,,,34,34172,5,1,3,4,4,Voie communale,50.0,1
202400034273,2024-08-27,matin,,,93,93027,1,1,4,4,1,Autoroute,90.0,1
202400034274,2024-08-29,matin,,,94,94018,1,1,2,4,1,Autoroute,90.0,1
202400034275,2024-10-02,matin,,,34,34172,1,8,3,3,4,Voie communale,50.0,1
202400034276,2024-08-28,soirée,,,94,94073,2,1,5,4,1,Autoroute,90.0,1
202400034277,2024-10-02,après-midi,,,33,33063,1,8,6,4,4,Voie communale,50.0,2
202400034278,2024-10-03,après-midi,,,31,31555,1,1,3,4,1,Autoroute,90.0,1
202400034279,2024-05-22,après-midi,,,36,36098,1,1,3,3,3,Départementale,80.0,1
202400034280,2024-06-16,soirée,,,84,84003,1,1,7,3,4,Voie communale,50.0,1
202400034281,2024-10-02,soirée,,,31,31149,2,2,1,4,7,Autre,50.0,2
202400034282,2024-07-17,nuit,,,67,67204,5,1,6,2,7,Autre,50.0,1
202400034283,2024-10-03,matin,,,29,29232,1,1,1,4,4,Voie communale,50.0,1
202400034284,2024-05-25,nuit,,,84,84031,5,1,1,4,4,Voie communale,30.0,1
202400034285,2024-01-11,matin,,,13,13039,4,2,6,4,4,Voie communale,30.0,2
202400034286,2024-10-02,matin,,,27,27229,1,1,2,4,4,Voie communale,50.0,1
202400034287,2024-10-03,soirée,,,22,22360,1,1,3,4,4,Voie communale,50.0,1
202400034288,2024-02-09,soirée,,,13,13056,5,1,4,4,7,Autre,50.0,1
202400034289,2024-06-29,matin,,,57,57244,1,1,1,4,3,Départementale,80.0,1
202400034290,2024-06-26,matin,,,57,57095,1,1,2,3,3,Départementale,,1
202400034291,2024-10-03,matin,,,19,19031,2,1,3,4,4,Voie communale,30.0,1
202400034292,2024-09-13,nuit,,,15,15014,5,1,6,3,4,Voie communale,50.0,1
202400034293,2024-06-29,matin,,,57,57515,1,1,6,3,3,Départementale,80.0,9
202400034294,2024-10-02,matin,,,13,13212,1,1,1,3,4,Voie communale,50.0,1
202400034295,2024-08-28,matin,,,988,98818,1,1,2,4,4,Voie communale,50.0,1
202400034296,2024-08-28,après-midi,,,976,97611,1,1,3,4,3,Départementale,50.0,1
202400034297,2024-10-03,matin,,,13,13001,1,7,3,4,4,Voie communale,50.0,1
202400034298,2024-08-08,après-midi,,,10,10387,1,1,6,4,4,Voie communale,50.0,1
202400034299,2024-08-28,après-midi,,,974,97411,1,1,5,4,4,Voie communale,50.0,1
202400034300,2024-10-02,après-midi,,,10,10387,1,1,3,4,4,Voie communale,50.0,1
202400034301,2024-10-03,après-midi,,,07,07070,1,1,6,4,4,Voie communale,30.0,1
202400034302,2024-10-02,après-midi,,,04,04112,1,1,3,4,4,Voie communale,50.0,1
202400034303,2024-08-28,après-midi,,,972,97209,1,2,6,4,3,Départementale,50.0,2
202400034304,2024-10-03,matin,,,75,75118,5,1,2,4,4,Voie communale,50.0,1
202400034305,2024-08-28,matin,,,69,69389,1,1,3,4,4,Voie communale,30.0,1
202400034306,2024-10-03,matin,,,75,75118,1,1,6,3,4,Voie communale,30.0,1
202400034307,2024-10-03,matin,,,75,75115,1,1,1,4,4,Voie communale,30.0,1
202400034308,2024-10-03,nuit,,,75,75111,5,1,1,4,4,Voie communale,30.0,1
202400034309,2024-08-28,après-midi,,,91,91691,1,1,3,3,4,Voie communale,50.0,1
202400034310,2024-10-03,après-midi,,,75,75101,1,8,2,4,4,Voie communale,30.0,1
202400034311,2024-10-03,après-midi,,,94,94081,1,1,3,4,3,Départementale,50.0,1
202400034312,2024-10-02,après-midi,,,94,94073,1,1,3,4,3,Départementale,10.0,1
202400034313,2024-10-03,après-midi,,,94,94033,1,8,6,4,3,Départementale,50.0,1
202400034314,2024-08-27,matin,,,83,83144,1,1,1,3,4,Voie communale,50.0,1
202400034315,2024-10-02,après-midi,,,94,94028,1,1,6,2,3,Départementale,50.0,1
202400034316,2024-10-03,après-midi,,,94,94017,1,1,1,4,4,Voie communale,30.0,1
202400034317,2024-10-03,matin,,,94,94075,2,1,2,4,3,Départementale,30.0,1
202400034318,2024-10-03,nuit,,,93,93073,5,1,3,4,3,Départementale,50.0,1
202400034319,2024-10-02,nuit,,,93,93059,5,1,6,3,3,Départementale,50.0,1
202400034320,2024-10-03,après-midi,,,93,93059,1,1,3,4,3,Départementale,50.0,1
202400034321,2024-10-03,soirée,,,93,93050,1,1,3,3,4,Voie communale,50.0,1
202400034322,2024-10-02,soirée,,,93,93015,1,1,6,4,3,Départementale,50.0,1
202400034323,2024-10-03,après-midi,,,93,93029,1,1,6,4,4,Voie communale,50.0,1
202400034324,2024-10-02,matin,,,93,93010,1,1,6,4,3,Départementale,50.0,1
202400034325,2024-10-03,nuit,,,93,93001,5,1,3,4,3,Départementale,50.0,1
202400034326,2024-10-03,après-midi,,,92,92072,1,8,6,4,4,Voie communale,50.0,1
202400034327,2024-10-03,soirée,,,92,92050,1,1,6,4,4,Voie communale,30.0,1
202400034328,2024-09-28,après-midi,,,92,92050,1,1,4,4,3,Départementale,50.0,1
202400034329,2024-10-03,soirée,,,92,92020,1,1,3,4,3,Départementale,50.0,1
202400034330,2024-10-02,soirée,,,92,92048,3,1,7,4,3,Départementale,30.0,1
202400034331,2024-10-02,matin,,,92,92048,1,2,2,4,3,Départementale,50.0,2
202400034332,2024-10-03,après-midi,,,92,92040,1,1,3,4,4,Voie communale,30.0,1
202400034333,2024-10-03,après-midi,,,92,92024,1,1,6,4,3,Départementale,50.0,1
202400034334,2024-10-02,nuit,,,92,92019,5,1,3,4,3,Départementale,50.0,1
202400034335,2024-10-03,après-midi,,,92,92012,1,1,2,4,3,Départementale,30.0,1
202400034336,2024-09-29,soirée,,,92,92009,2,1,6,4,3,Départementale,50.0,1
202400034337,2024-10-03,après-midi,,,95,95580,1,1,3,4,3,Départementale,80.0,1
202400034338,2024-10-03,après-midi,,,60,60374,1,1,1,3,4,Voie communale,50.0,1
202400034339,2024-10-01,après-midi,,,47,47293,1,1,7,3,4,Voie communale,80.0,1
202400034340,2024-10-04,après-midi,,,62,62613,1,1,3,3,3,Départementale,50.0,1
202400034341,2024-10-03,soirée,,,26,26061,3,1,7,3,3,Départementale,80.0,1
202400034342,2024-10-04,après-midi,,,95,95116,1,1,6,3,4,Voie communale,50.0,1
202400034343,2024-10-03,matin,,,974,97412,1,1,1,3,2,Nationale,50.0,1
202400034344,2024-10-02,après-midi,,,11,11132,1,1,7,4,3,Départementale,80.0,1
202400034345,2024-10-03,soirée,,,84,84039,2,1,1,3,3,Départementale,80.0,1
202400034346,2024-10-03,soirée,,,65,65303,1,2,6,3,3,Départementale,50.0,2
202400034347,2024-09-30,après-midi,,,27,27105,1,1,6,4,1,Autoroute,130.0,1
202400034348,2024-10-03,après-midi,,,56,56161,1,1,1,4,3,Départementale,70.0,1
202400034349,2024-10-03,soirée,,,59,59130,1,1,7,3,3,Départementale,50.0,1
202400034350,2024-10-04,soirée,,,77,77167,2,1,7,4,3,Départementale,70.0,1
202400034351,2024-10-03,après-midi,,,77,77239,1,1,7,4,3,Départementale,80.0,1
202400034352,2024-10-01,après-midi,,,76,76263,1,1,1,3,3,Départementale,80.0,1
202400034353,2024-10-03,matin,,,82,82079,1,1,3,3,3,Départementale,80.0,1
202400034354,2024-10-04,matin,,,32,32038,2,5,1,3,3,Départementale,80.0,1
202400034355,2024-10-04,matin,,,71,71073,2,1,3,3,3,Départementale,80.0,1
202400034356,2024-10-04,matin,,,89,89433,1,1,6,2,3,Départementale,50.0,1
202400034357,2024-09-12,matin,,,34,34193,1,1,7,4,3,Départementale,80.0,8
202400034358,2024-06-22,après-midi,,,50,50412,1,1,6,3,3,Départementale,80.0,1
202400034359,2024-06-22,soirée,,,50,50260,1,1,6,3,6,Autre,50.0,1
202400034360,2024-10-03,matin,,,22,22135,3,8,3,2,3,Départementale,70.0,2
202400034361,2024-09-16,après-midi,,,44,44057,1,1,1,3,3,Départementale,80.0,1
202400034362,2024-06-21,après-midi,,,45,45053,1,1,3,3,4,Voie communale,50.0,1
202400034363,2024-06-22,nuit,,,45,45166,3,3,1,3,3,Départementale,80.0,2
202400034364,2024-10-01,soirée,,,35,35133,3,1,3,3,4,Voie communale,50.0,1
202400034365,2024-06-17,après-midi,,,18,18142,1,1,7,3,4,Voie communale,10.0,1
202400034366,2024-07-30,soirée,,,35,35340,1,1,3,3,3,Départementale,80.0,1
202400034367,2024-06-22,après-midi,,,16,16192,1,1,1,3,2,Nationale,50.0,1
202400034368,2024-06-22,nuit,,,07,07342,3,1,6,2,3,Départementale,90.0,1
202400034369,2024-06-20,soirée,,,04,04049,1,8,5,4,3,Départementale,50.0,2
202400034370,2024-10-04,après-midi,,,02,02788,1,1,3,4,3,Départementale,,1
202400034371,2024-06-21,nuit,,,23,23261,3,1,7,3,4,Voie communale,90.0,1
202400034372,2024-10-02,soirée,,,15,15204,5,1,1,3,3,Départementale,50.0,1
202400034373,2024-06-21,après-midi,,,88,88304,1,2,2,3,3,Départementale,50.0,2
202400034374,2024-10-03,nuit,,,26,26124,3,1,6,2,3,Départementale,70.0,1
202400034375,2024-06-21,nuit,,,38,38389,2,1,3,4,3,Départementale,80.0,2
202400034376,2024-10-04,nuit,,,58,58148,3,1,7,4,3,Départementale,,1
202400034377,2024-06-22,matin,,,18,18140,1,1,2,4,1,Autoroute,130.0,2
202400034378,2024-10-02,soirée,,,14,14534,3,1,6,3,3,Départementale,80.0,1
202400034379,2024-06-22,nuit,,,06,06085,5,1,6,2,4,Voie communale,50.0,1
202400034380,2024-10-04,matin,,,50,50483,1,7,6,2,3,Départementale,50.0,1
202400034381,2024-06-21,soirée,,,51,51454,1,1,1,2,1,Autoroute,90.0,1
202400034382,2024-06-22,soirée,,,27,27263,1,1,2,2,1,Autoroute,130.0,1
202400034383,2024-10-03,après-midi,,,60,60021,1,7,1,4,3,Départementale,80.0,1
202400034384,2024-06-21,nuit,,,13,13067,3,1,7,3,1,Autoroute,50.0,1
202400034385,2024-10-03,nuit,,,45,45035,3,1,7,3,3,Départementale,80.0,1
202400034386,2024-06-21,après-midi,,,37,37110,1,1,6,4,3,Départementale,90.0,2
202400034387,2024-10-03,matin,,,36,36088,1,1,2,3,4,Voie communale,30.0,2
202400034388,2024-06-22,après-midi,,,91,91393,1,1,3,3,3,Départementale,80.0,1
202400034389,2024-10-03,matin,,,04,04116,2,1,3,3,3,Départementale,50.0,1
202400034390,2024-06-22,nuit,,,06,06158,3,1,1,4,3,Départementale,70.0,1
202400034391,2024-10-03,après-midi,,,23,23040,1,1,6,3,3,Départementale,70.0,1
202400034392,2024-10-03,après-midi,,,30,30133,1,1,7,3,4,Voie communale,20.0,1
202400034393,2024-10-03,après-midi,,,973,97309,1,1,3,4,4,Voie communale,50.0,1