Num_Acc,date,time_of_day,lat,long,dep,com,lum,atm,col,severity_index,catr,catr_label,vma,surf
202400034394,2024-06-22,après-midi,,,05,05006,1,1,5,4,2,Nationale,50.0,1
202400034395,2024-10-03,matin,,,67,67117,1,2,7,4,1,Autoroute,110.0,2
202400034396,2024-06-16,après-midi,,,04,04171,1,1,3,3,3,Départementale,80.0,1
202400034397,2024-10-04,soirée,,,973,97304,1,1,5,2,2,Nationale,80.0,1
202400034398,2024-10-02,soirée,,,34,34299,4,2,7,4,3,Départementale,90.0,2
202400034399,2024-06-22,matin,,,89,89350,1,1,2,4,1,Autoroute,130.0,2
202400034400,2024-10-04,après-midi,,,13,13027,1,1,3,4,3,Départementale,50.0,1
202400034401,2024-06-20,soirée,,,67,67237,1,1,7,4,4,Voie communale,30.0,1
202400034402,2024-05-25,après-midi,,,67,67200,1,1,3,4,3,Départementale,80.0,1
202400034403,2024-10-04,matin,,,71,71086,1,1,1,4,3,Départementale,80.0,1
202400034404,2024-06-20,matin,,,63,63284,1,1,4,3,7,Autre,50.0,1
202400034405,2024-10-02,soirée,,,67,67550,5,1,1,4,4,Voie communale,50.0,1
202400034406,2024-09-16,après-midi,,,38,38111,1,1,3,3,4,Voie communale,30.0,1
202400034407,2024-06-22,après-midi,,,42,42285,1,1,1,4,3,Départementale,80.0,1
202400034408,2024-09-25,matin,,,26,26311,1,1,7,3,3,Départementale,80.0,1
202400034409,2024-06-21,matin,,,38,38352,1,1,3,4,4,Voie communale,50.0,1
202400034410,2024-10-02,soirée,,,86,86018,3,1,6,3,3,Départementale,80.0,2
202400034411,2024-06-21,matin,,,69,69040,1,8,6,3,4,Voie communale,30.0,2
202400034412,2024-09-15,nuit,,,33,33012,3,1,7,4,4,Voie communale,50.0,1
202400034413,2024-06-22,matin,,,31,31048,1,1,6,3,3,Départementale,80.0,1
202400034414,2024-10-04,après-midi,,,35,35360,1,7,6,4,3,Départementale,50.0,1
202400034415,2024-06-22,matin,,,79,79024,1,3,2,2,3,Départementale,80.0,2
202400034416,2024-09-29,nuit,,,67,67218,3,1,5,4,7,Autre,90.0,1
202400034417,2024-06-14,soirée,,,33,33051,1,1,1,3,4,Voie communale,50.0,1
202400034418,2024-10-03,soirée,,,91,91347,1,1,6,4,2,Nationale,110.0,1
202400034419,2024-06-20,soirée,,,85,85003,1,1,2,4,4,Voie communale,50.0,1
202400034420,2024-10-02,matin,,,92,92048,1,1,3,4,2,Nationale,90.0,1
202400034421,2024-06-22,après-midi,,,22,22225,1,1,6,2,3,Départementale,80.0,1
202400034422,2024-10-02,matin,,,78,78362,3,1,5,3,1,Autoroute,110.0,1
202400034423,2024-06-21,soirée,,,80,80106,1,1,1,4,4,Voie communale,50.0,1
202400034424,2024-10-02,soirée,,,95,95500,3,1,5,4,1,Autoroute,90.0,1
202400034425,2024-06-18,soirée,,,13,13213,1,1,4,4,1,Autoroute,70.0,1
202400034426,2024-10-03,nuit,,,94,94046,3,1,2,4,1,Autoroute,90.0,1
202400034427,2024-06-21,matin,,,13,13071,2,1,2,4,1,Autoroute,90.0,1
202400034428,2024-10-03,soirée,,,77,77520,3,1,2,4,3,Départementale,90.0,1
202400034429,2024-06-21,nuit,,,33,33013,4,1,2,4,2,Nationale,90.0,1
202400034430,2024-10-03,soirée,,,77,77237,3,1,3,4,1,Autoroute,130.0,1
202400034431,2024-06-21,soirée,,,33,33318,1,1,3,3,1,Autoroute,90.0,1
202400034432,2024-10-03,nuit,,,94,94011,3,1,2,4,2,Nationale,90.0,1
202400034433,2024-06-21,nuit,,,91,91434,2,1,6,4,1,Autoroute,110.0,1
202400034434,2024-10-03,nuit,,,94,94073,3,1,6,4,1,Autoroute,90.0,1
202400034435,2024-06-21,après-midi,,,91,91161,1,1,4,4,1,Autoroute,130.0,1
202400034436,2024-04-10,après-midi,,,13,13026,1,1,2,4,1,Autoroute,70.0,1
202400034437,2024-06-21,matin,,,78,78640,1,2,2,4,1,Autoroute,70.0,2
202400034438,2024-11-08,matin,,,93,93030,5,2,6,4,3,Départementale,20.0,2
202400034439,2024-02-24,après-midi,,,13,13056,1,1,2,4,3,Départementale,70.0,1
202400034440,2024-06-21,matin,,,92,92036,1,2,3,4,1,Autoroute,90.0,2
202400034441,2024-06-21,nuit,,,78,78322,2,1,6,4,2,Nationale,90.0,1
202400034442,2024-10-02,matin,,,974,97416,1,1,2,4,2,Nationale,110.0,1
202400034443,2024-11-07,matin,,,93,93013,1,8,1,4,4,Voie communale,50.0,1
202400034444,2024-09-27,après-midi,,,973,97302,1,1,7,4,3,Départementale,50.0,1
202400034445,2024-06-20,soirée,,,92,92050,1,1,2,4,1,Autoroute,70.0,1
202400034446,2024-11-08,après-midi,,,93,93014,1,8,6,4,3,Départementale,50.0,1
202400034447,2024-10-02,matin,,,69,69382,1,1,2,4,4,Voie communale,30.0,1
202400034448,2024-06-21,matin,,,92,92036,1,2,7,4,1,Autoroute,90.0,2
202400034449,2024-06-21,après-midi,,,95,95572,1,2,6,4,1,Autoroute,50.0,2
202400034450,2024-11-08,soirée,,,93,93010,5,1,3,4,3,Départementale,50.0,1
202400034451,2024-06-21,nuit,,,95,95582,3,1,6,4,1,Autoroute,110.0,1
202400034452,2024-10-02,après-midi,,,971,97101,1,1,3,4,4,Voie communale,50.0,1
202400034453,2024-11-08,après-midi,,,93,93008,1,1,3,3,4,Voie communale,50.0,1
202400034454,2024-10-02,nuit,,,971,97101,5,1,6,3,4,Voie communale,30.0,1
202400034455,2024-06-19,soirée,,,95,95582,1,1,4,4,3,Départementale,90.0,1
202400034456,2024-11-08,soirée,,,93,93001,5,8,2,3,4,Voie communale,30.0,1
202400034457,2024-10-02,matin,,,87,87085,2,1,3,4,3,Départementale,50.0,1
202400034458,2024-06-21,matin,,,77,77363,1,1,3,4,1,Autoroute,90.0,2
202400034459,2024-06-21,nuit,,,94,94046,3,1,7,4,1,Autoroute,90.0,1
202400034460,2024-10-02,après-midi,,,86,86066,1,1,3,3,4,Voie communale,50.0,1
202400034461,2024-11-08,après-midi,,,92,92073,1,1,6,4,3,Départementale,50.0,1
202400034462,2024-03-20,nuit,,,29,29051,3,1,7,4,2,Nationale,110.0,1
202400034463,2024-11-08,matin,,,92,92050,1,1,6,4,4,Voie communale,50.0,1
202400034464,2024-10-02,après-midi,,,83,83137,1,1,4,4,3,Départementale,50.0,1
202400034465,2024-06-19,après-midi,,,974,97416,1,1,4,4,2,Nationale,110.0,1
202400034466,2024-10-01,après-midi,,,83,83137,1,1,6,3,4,Voie communale,50.0,1
202400034467,2024-11-08,matin,,,92,92050,2,2,6,4,4,Voie communale,30.0,2
202400034468,2024-06-18,matin,,,974,97411,1,1,3,4,4,Voie communale,50.0,1
202400034469,2024-06-20,matin,,,974,97407,1,1,3,4,4,Voie communale,50.0,1
202400034470,2024-10-02,après-midi,,,78,78350,1,2,6,4,2,Nationale,50.0,2
202400034471,2024-11-05,soirée,,,92,92050,5,1,6,4,3,Départementale,50.0,1
202400034472,2024-06-20,soirée,,,973,97302,3,2,6,4,3,Départementale,50.0,2
202400034473,2024-10-02,après-midi,,,78,78621,1,2,4,4,2,Nationale,70.0,2
202400034474,2024-11-08,après-midi,,,92,92026,1,1,3,4,3,Départementale,50.0,1
202400034475,2024-06-19,après-midi,,,973,97302,1,1,6,4,4,Voie communale,30.0,1
202400034476,2024-06-20,nuit,,,972,97213,2,2,7,4,3,Départementale,70.0,2
202400034477,2024-11-08,matin,,,92,92019,1,8,6,4,3,Départementale,30.0,2
202400034478,2024-06-19,après-midi,,,972,97209,1,1,6,4,4,Voie communale,30.0,1
202400034479,2024-11-08,après-midi,,,92,92012,1,1,6,4,4,Voie communale,30.0,1
202400034480,2024-10-02,soirée,,,77,77288,2,1,3,4,3,Départementale,70.0,1
202400034481,2024-06-20,soirée,,,69,69034,1,2,6,4,7,Autre,50.0,2
202400034482,2024-11-08,après-midi,,,92,92007,4,1,1,4,3,Départementale,30.0,1
202400034483,2024-10-02,soirée,,,76,76410,1,1,6,4,4,Voie communale,50.0,1
202400034484,2024-06-20,après-midi,,,69,69382,1,3,6,4,4,Voie communale,30.0,2
202400034485,2024-11-08,soirée,,,37,37024,3,1,6,2,3,Départementale,80.0,1
202400034486,2024-06-20,soirée,,,95,95424,1,1,1,4,3,Départementale,50.0,1
202400034487,2024-10-02,matin,,,73,73065,1,2,3,4,4,Voie communale,50.0,2
202400034488,2024-06-20,soirée,,,91,91692,1,2,7,3,3,Départementale,70.0,2
202400034489,2024-11-08,soirée,,,62,62613,3,1,1,4,3,Départementale,80.0,1
202400034490,2024-10-02,soirée,,,72,72181,1,1,3,4,4,Voie communale,50.0,1
202400034491,2024-06-19,matin,,,91,91645,1,8,3,3,4,Voie communale,30.0,1
202400034492,2024-11-08,après-midi,,,16,16186,1,1,1,4,3,Départementale,80.0,1
202400034493,2024-10-02,après-midi,,,71,71486,1,1,3,4,4,Voie communale,50.0,1
202400034494,2024-06-19,après-midi,,,91,91174,1,1,3,4,4,Voie communale,50.0,1
202400034495,2024-11-08,soirée,,,62,62748,3,1,1,4,3,Départementale,80.0,1
202400034496,2024-06-20,nuit,,,78,78551,3,2,6,4,2,Nationale,70.0,2
202400034497,2024-10-02,matin,,,71,71076,1,1,3,4,4,Voie communale,50.0,1
202400034498,2024-06-20,après-midi,,,78,78440,1,1,6,4,4,Voie communale,50.0,1
202400034499,2024-11-08,nuit,,,95,95316,3,2,6,4,3,Départementale,70.0,2
202400034500,2024-06-19,soirée,,,78,78440,1,1,3,4,4,Voie communale,50.0,1
202400034501,2024-10-02,matin,,,69,69256,1,1,4,4,4,Voie communale,50.0,1
202400034502,2024-10-02,matin,,,69,69266,1,1,6,3,4,Voie communale,20.0,1
202400034503,2024-11-08,après-midi,,,19,19063,2,1,1,3,3,Départementale,90.0,1
202400034504,2024-10-01,après-midi,,,69,69290,1,2,6,4,4,Voie communale,50.0,2
202400034505,2024-06-19,après-midi,,,77,77495,1,1,3,4,3,Départementale,70.0,1
202400034506,2024-10-02,matin,,,67,67482,1,8,4,4,4,Voie communale,50.0,2
202400034507,2024-06-19,après-midi,,,77,77268,1,1,3,4,3,Départementale,70.0,1
202400034508,2024-11-09,nuit,,,2B,2B145,3,2,6,4,3,Départementale,70.0,2
202400034509,2024-10-01,matin,,,67,67482,4,1,3,4,4,Voie communale,50.0,1
202400034510,2024-06-20,matin,,,76,76351,1,1,3,4,4,Voie communale,50.0,1
202400034511,2024-10-23,après-midi,,,33,33125,1,1,6,3,4,Voie communale,50.0,1
202400034512,2024-10-02,matin,,,64,64445,3,3,4,4,3,Départementale,50.0,2
202400034513,2024-06-19,après-midi,,,72,72181,1,1,3,4,4,Voie communale,50.0,1
202400034514,2024-11-07,après-midi,,,69,69248,1,1,3,4,3,Départementale,,1
202400034515,2024-06-20,après-midi,,,69,69275,1,3,2,4,7,Autre,30.0,2
202400034516,2024-09-30,après-midi,,,62,62624,1,8,3,4,3,Départementale,70.0,2
202400034517,2024-06-19,après-midi,,,69,69266,1,1,3,3,4,Voie communale,50.0,1
202400034518,2024-11-08,après-midi,,,63,63178,5,1,3,3,3,Départementale,,1
202400034519,2024-10-01,soirée,,,60,60057,5,1,6,4,4,Voie communale,30.0,2
202400034520,2024-06-20,après-midi,,,69,69092,1,1,6,4,4,Voie communale,50.0,1
202400034521,2024-11-09,matin,,,61,61345,1,5,6,3,3,Départementale,80.0,1
202400034522,2024-06-18,matin,,,69,69290,1,1,3,4,4,Voie communale,70.0,1
202400034523,2024-10-01,soirée,,,56,56121,5,1,2,4,4,Voie communale,30.0,1
202400034524,2024-10-27,après-midi,,,61,61096,1,1,6,4,3,Départementale,50.0,1
202400034525,2024-06-20,après-midi,,,67,67043,1,1,6,4,4,Voie communale,30.0,1
202400034526,2024-06-20,matin,,,65,65331,1,3,3,3,3,Départementale,50.0,2
202400034527,2024-09-30,soirée,,,56,56162,1,1,3,4,3,Départementale,50.0,1
202400034528,2024-11-08,après-midi,,,47,47280,1,1,3,3,3,Départementale,,1
202400034529,2024-06-19,soirée,,,64,64102,1,1,3,4,4,Voie communale,30.0,1
202400034530,2024-11-09,après-midi,,,47,47134,2,1,6,2,4,Voie communale,80.0,1
202400034531,2024-07-29,soirée,,,55,55545,1,1,1,4,4,Voie communale,50.0,1
202400034532,2024-06-19,après-midi,,,64,64102,1,1,2,4,3,Départementale,50.0,1
202400034533,2024-09-01,nuit,,,55,55545,3,1,1,4,3,Départementale,50.0,1
202400034534,2024-11-08,soirée,,,47,47144,3,1,1,3,3,Départementale,80.0,1
202400034535,2024-06-19,après-midi,,,64,64024,1,1,3,4,3,Départementale,50.0,1
202400034536,2024-08-13,soirée,,,55,55545,2,1,7,3,4,Voie communale,50.0,1
202400034537,2024-11-08,matin,,,22,22152,1,8,6,3,4,Voie communale,50.0,1
202400034538,2024-06-20,matin,,,61,61001,1,1,3,3,3,Départementale,50.0,1
202400034539,2024-07-22,après-midi,,,55,55545,1,1,4,4,3,Départementale,50.0,1
202400034540,2024-05-31,matin,,,60,60057,1,1,6,4,4,Voie communale,30.0,1
202400034541,2024-06-20,après-midi,,,59,59508,1,1,1,4,4,Voie communale,30.0,1
202400034542,2024-11-08,après-midi,,,44,44131,1,1,1,4,3,Départementale,80.0,1
202400034543,2024-10-01,matin,,,54,54395,1,1,6,4,4,Voie communale,50.0,1
202400034544,2024-06-20,après-midi,,,59,59183,1,1,6,4,4,Voie communale,50.0,1
202400034545,2024-10-02,après-midi,,,51,51454,1,1,6,4,6,Autre,15.0,2
202400034546,2024-11-08,soirée,,,31,31587,3,1,3,3,3,Départementale,70.0,1
202400034547,2024-10-02,soirée,,,49,49007,2,1,3,3,4,Voie communale,30.0,1
202400034548,2024-06-20,après-midi,,,54,54395,1,1,3,4,4,Voie communale,30.0,1
202400034549,2024-10-02,après-midi,,,49,49007,1,1,3,3,4,Voie communale,30.0,1
202400034550,2024-06-19,matin,,,54,54395,1,2,3,4,4,Voie communale,30.0,2
202400034551,2024-11-08,nuit,,,01,01269,5,1,1,4,3,Départementale,70.0,1
202400034552,2024-10-02,après-midi,,,49,49007,1,1,6,3,4,Voie communale,30.0,1
202400034553,2024-06-20,matin,,,54,54036,1,2,6,4,3,Départementale,80.0,2
202400034554,2024-11-08,matin,,,26,26045,1,1,1,3,3,Départementale,80.0,1
202400034555,2024-06-20,soirée,,,53,53130,2,1,3,4,4,Voie communale,30.0,1
202400034556,2024-06-19,après-midi,,,49,49267,1,3,3,4,3,Départementale,80.0,2
202400034557,2024-06-14,après-midi,,,45,45004,1,1,2,4,3,Départementale,70.0,1
202400034558,2024-11-08,soirée,,,14,14504,3,5,3,4,3,Départementale,80.0,1
202400034559,2024-06-19,nuit,,,44,44184,5,8,1,4,4,Voie communale,50.0,2
202400034560,2024-06-19,après-midi,,,44,44184,1,3,6,3,4,Voie communale,50.0,2
202400034561,2024-11-09,matin,,,73,73162,1,1,1,4,3,Départementale,80.0,1
202400034562,2024-06-20,après-midi,,,37,37261,1,1,3,4,4,Voie communale,50.0,1
202400034563,2024-11-08,matin,,,36,36048,2,5,3,2,3,Départementale,80.0,1
202400034564,2024-06-20,soirée,,,35,35238,2,2,2,4,4,Voie communale,30.0,2
202400034565,2024-11-09,après-midi,,,16,16044,2,1,6,2,3,Départementale,80.0,1
202400034566,2024-11-08,soirée,,,24,24547,5,1,3,3,3,Départementale,50.0,1
202400034567,2024-06-20,soirée,,,35,35238,1,1,4,4,2,Nationale,90.0,1
202400034568,2024-06-20,après-midi,,,34,34172,1,2,2,4,4,Voie communale,50.0,2
202400034569,2024-11-09,après-midi,,,28,28422,1,1,1,2,3,Départementale,50.0,1
202400034570,2024-06-20,soirée,,,33,33063,1,8,6,4,4,Voie communale,30.0,1
202400034571,2024-11-08,soirée,,,87,87063,3,1,2,2,3,Départementale,80.0,1
202400034572,2024-06-20,après-midi,,,33,33063,1,1,3,4,4,Voie communale,30.0,1
202400034573,2024-06-19,après-midi,,,33,33281,1,1,6,3,4,Voie communale,50.0,1
202400034574,2024-06-18,matin,,,30,30189,2,1,2,4,3,Départementale,50.0,1
202400034575,2024-06-20,soirée,,,29,29151,1,7,3,4,3,Départementale,50.0,1
202400034576,2024-11-09,après-midi,,,31,31254,1,2,6,4,6,Autre,50.0,2
202400034577,2024-06-19,soirée,,,29,29019,1,1,3,4,4,Voie communale,30.0,1
202400034578,2024-06-20,soirée,,,26,26008,1,1,7,3,3,Départementale,80.0,2
202400034579,2024-11-08,nuit,,,55,55237,3,5,2,3,1,Autoroute,110.0,1
202400034580,2024-06-19,soirée,,,25,25580,2,1,1,4,3,Départementale,70.0,1
202400034581,2024-11-08,soirée,,,38,38144,3,1,1,4,3,Départementale,50.0,1
202400034582,2024-11-08,matin,,,69,69064,1,2,6,3,3,Départementale,70.0,2
202400034583,2024-06-18,après-midi,,,15,15014,1,1,3,4,3,Départementale,50.0,1
202400034584,2024-11-09,après-midi,,,974,97418,1,1,6,3,2,Nationale,90.0,1
202400034585,2024-06-19,après-midi,,,13,13102,1,2,1,4,4,Voie communale,50.0,2
202400034586,2024-11-08,soirée,,,45,45142,5,5,3,3,3,Départementale,50.0,2
202400034587,2024-06-17,après-midi,,,30,30032,1,1,7,4,3,Départementale,50.0,1
202400034588,2024-11-08,nuit,,,66,66108,3,8,7,4,3,Départementale,80.0,2
202400034589,2024-06-18,soirée,,,12,12202,1,1,6,2,4,Voie communale,30.0,1
202400034590,2024-11-09,matin,,,67,67433,1,1,1,4,3,Départementale,110.0,1
202400034591,2024-06-20,soirée,,,11,11069,1,2,3,4,4,Voie communale,50.0,2
202400034592,2024-11-08,soirée,,,88,88531,5,1,1,3,3,Départementale,50.0,1
202400034593,2024-06-19,soirée,,,10,10321,1,1,2,4,3,Départementale,110.0,1
202400034594,2024-06-20,nuit,,,09,09225,3,9,7,4,2,Nationale,110.0,2
202400034595,2024-11-08,matin,,,69,69291,1,5,3,4,3,Départementale,90.0,1
202400034596,2024-11-08,soirée,,,31,31263,3,1,1,2,3,Départementale,80.0,1
202400034597,2024-06-15,matin,,,07,07019,1,2,1,4,2,Nationale,80.0,2
202400034598,2024-11-08,matin,,,33,33165,1,1,2,3,3,Départementale,80.0,1
202400034599,2024-06-20,après-midi,,,06,06104,1,1,6,4,4,Voie communale,50.0,1
202400034600,2024-11-09,soirée,,,14,14047,4,2,6,3,3,Départementale,50.0,2
202400034601,2024-06-20,matin,,,75,75113,1,1,6,4,4,Voie communale,70.0,1
202400034602,2024-11-08,soirée,,,35,35196,3,1,3,4,2,Nationale,70.0,1
202400034603,2024-06-20,matin,,,75,75117,2,1,5,4,4,Voie communale,70.0,1
202400034604,2024-11-09,après-midi,,,60,60409,1,1,6,4,3,Départementale,30.0,1
202400034605,2024-06-19,soirée,,,75,75113,1,1,2,4,4,Voie communale,70.0,1
202400034606,2024-06-19,matin,,,75,75113,1,1,6,4,4,Voie communale,30.0,1
202400034607,2024-10-31,soirée,,,80,80630,3,5,7,2,3,Départementale,80.0,1
202400034608,2024-06-20,soirée,,,75,75111,1,8,1,4,4,Voie communale,30.0,1
202400034609,2024-06-20,matin,,,75,75120,1,1,6,4,4,Voie communale,50.0,1
202400034610,2024-11-08,soirée,,,62,62288,5,1,3,4,3,Départementale,50.0,1
202400034611,2024-06-19,matin,,,75,75120,1,1,3,4,4,Voie communale,,1
202400034612,2024-11-09,soirée,,,59,59222,5,8,6,4,3,Départementale,80.0,2
202400034613,2024-06-19,soirée,,,75,75119,1,1,1,4,4,Voie communale,30.0,1
202400034614,2024-06-20,nuit,,,75,75118,1,1,3,4,4,Voie communale,30.0,1
202400034615,2024-11-08,après-midi,,,13,13213,5,2,2,4,1,Autoroute,70.0,2
202400034616,2024-06-20,après-midi,,,75,75116,1,1,2,4,4,Voie communale,30.0,1
202400034617,2024-11-08,nuit,,,13,13015,3,1,7,4,1,Autoroute,90.0,1
202400034618,2024-06-19,après-midi,,,75,75114,1,1,3,4,4,Voie communale,50.0,1
202400034619,2024-06-20,matin,,,75,75110,1,1,6,4,4,Voie communale,30.0,1
202400034620,2024-11-06,après-midi,,,13,13005,1,3,2,4,1,Autoroute,90.0,2
202400034621,2024-06-20,après-midi,,,75,75107,1,1,3,4,4,Voie communale,30.0,1
202400034622,2024-11-06,après-midi,,,13,13005,1,3,6,4,1,Autoroute,90.0,2
202400034623,2024-06-20,matin,,,75,75101,1,1,2,4,4,Voie communale,30.0,1
202400034624,2024-06-20,matin,,,75,75101,1,1,3,4,4,Voie communale,30.0,1
202400034625,2024-06-20,soirée,,,94,94046,1,1,6,4,4,Voie communale,50.0,1
202400034626,2024-11-06,matin,,,13,13005,1,2,5,4,1,Autoroute,90.0,2
202400034627,2024-06-19,matin,,,94,94041,1,1,2,4,3,Départementale,50.0,1
202400034628,2024-11-06,matin,,,13,13005,1,3,6,4,1,Autoroute,90.0,2
202400034629,2024-06-20,après-midi,,,94,94017,1,1,3,4,3,Départementale,50.0,1
202400034630,2024-11-06,matin,,,13,13212,1,2,7,4,1,Autoroute,70.0,2
202400034631,2024-06-20,matin,,,94,94071,1,2,2,4,3,Départementale,50.0,2
202400034632,2024-06-20,après-midi,,,93,93073,1,1,6,4,4,Voie communale,50.0,1
202400034633,2024-11-08,matin,,,33,33397,2,1,3,4,1,Autoroute,110.0,1
202400034634,2024-06-16,après-midi,,,93,93053,1,1,7,3,3,Départementale,50.0,1
202400034635,2024-06-19,nuit,,,93,93046,5,1,2,4,3,Départementale,50.0,1
202400034636,2024-06-20,matin,,,93,93014,1,1,2,4,4,Voie communale,50.0,1
202400034637,2024-11-08,soirée,,,92,92002,3,1,4,4,2,Nationale,70.0,2
202400034638,2024-06-20,après-midi,,,92,92075,1,1,3,3,3,Départementale,50.0,1
202400034639,2024-06-20,nuit,,,92,92044,5,1,3,4,4,Voie communale,50.0,1
202400034640,2024-11-08,soirée,,,78,78073,3,1,2,4,2,Nationale,110.0,1
202400034641,2024-06-20,matin,,,92,92040,1,1,3,4,3,Départementale,30.0,1
202400034642,2024-11-08,soirée,,,92,92048,3,1,3,4,2,Nationale,90.0,1
202400034643,2024-06-20,matin,,,92,92035,1,1,1,4,3,Départementale,50.0,1
202400034644,2024-06-20,soirée,,,92,92002,1,1,6,4,4,Voie communale,30.0,1
202400034645,2024-11-08,après-midi,,,92,92025,1,1,2,4,1,Autoroute,90.0,1
202400034646,2024-06-21,après-midi,,,35,35013,1,1,3,4,3,Départementale,70.0,1
202400034647,2024-11-07,nuit,,,78,78646,3,1,3,4,2,Nationale,90.0,1
202400034648,2024-06-21,soirée,,,38,38114,1,1,2,3,3,Départementale,70.0,1
202400034649,2024-06-20,matin,,,41,41144,1,1,6,4,3,Départementale,,1
202400034650,2024-06-21,matin,,,31,31418,1,1,1,4,4,Voie communale,80.0,1
202400034651,2024-11-07,soirée,,,78,78321,5,1,3,4,2,Nationale,90.0,1
202400034652,2024-06-21,matin,,,68,68249,1,2,1,4,4,Voie communale,50.0,2
202400034653,2024-06-20,nuit,,,35,35063,3,1,6,4,1,Autoroute,130.0,2
202400034654,2024-11-08,après-midi,,,93,93007,1,1,2,3,1,Autoroute,110.0,1
202400034655,2024-06-21,après-midi,,,44,44138,1,1,2,4,2,Nationale,110.0,1
202400034656,2024-06-21,matin,,,22,22032,1,1,7,4,3,Départementale,80.0,1
202400034657,2024-11-08,après-midi,,,93,93005,1,1,7,4,1,Autoroute,70.0,1
202400034658,2024-06-20,après-midi,,,34,34077,1,2,7,3,7,Autre,70.0,2
202400034659,2024-06-18,après-midi,,,57,57321,1,1,3,3,3,Départementale,50.0,1
202400034660,2024-11-08,matin,,,93,93005,1,2,2,4,1,Autoroute,90.0,2
202400034661,2024-06-20,après-midi,,,67,67315,1,1,3,4,3,Départementale,50.0,1
202400034662,2024-06-21,après-midi,,,76,76463,1,1,7,2,3,Départementale,80.0,1
202400034663,2024-11-08,nuit,,,94,94046,3,1,2,4,1,Autoroute,90.0,1
202400034664,2024-06-21,après-midi,,,80,80127,1,1,6,2,3,Départementale,80.0,1
202400034665,2024-06-20,soirée,,,65,65279,1,2,6,3,3,Départementale,70.0,2
202400034666,2024-06-20,après-midi,,,33,33108,1,1,1,4,4,Voie communale,50.0,1
202400034667,2024-11-08,après-midi,,,77,77373,1,1,4,4,2,Nationale,90.0,1
202400034668,2024-06-10,soirée,,,89,89449,1,1,2,4,3,Départementale,70.0,2
202400034669,2024-06-20,soirée,,,63,63207,2,3,6,3,3,Départementale,90.0,2
202400034670,2024-07-14,matin,,,86,86031,1,1,7,3,3,Départementale,80.0,1
202400034671,2024-06-21,matin,,,61,61145,1,7,6,4,3,Départementale,50.0,1
202400034672,2024-08-13,nuit,,,34,34057,5,1,7,4,4,Voie communale,30.0,1
202400034673,2024-06-21,matin,,,49,49364,1,1,1,3,4,Voie communale,80.0,1
202400034674,2024-06-21,après-midi,,,12,12088,1,8,7,3,3,Départementale,90.0,2
202400034675,2024-11-07,après-midi,,,988,98818,1,1,5,4,4,Voie communale,50.0,1
202400034676,2024-06-21,matin,,,46,46282,1,2,3,3,3,Départementale,80.0,2
202400034677,2024-11-08,nuit,,,974,97416,3,1,7,4,4,Voie communale,70.0,2
202400034678,2024-06-20,matin,,,47,47127,1,2,6,2,3,Départementale,80.0,2
202400034679,2024-11-07,matin,,,974,97411,1,1,3,4,3,Départementale,50.0,1
202400034680,2024-06-18,nuit,,,47,47253,5,1,3,4,3,Départementale,50.0,1
202400034681,2024-11-07,après-midi,,,974,97407,1,1,3,4,4,Voie communale,50.0,1
202400034682,2024-06-20,soirée,,,22,22015,1,1,3,3,4,Voie communale,50.0,1
202400034683,2024-11-06,après-midi,,,974,97407,1,1,6,4,4,Voie communale,50.0,1
202400034684,2024-06-20,après-midi,,,31,31246,1,3,3,4,3,Départementale,80.0,2
202400034685,2024-11-07,soirée,,,973,97302,5,1,3,4,4,Voie communale,50.0,1
202400034686,2024-06-20,après-midi,,,38,38034,1,1,3,4,3,Départementale,50.0,1
202400034687,2024-11-07,après-midi,,,973,97302,1,1,6,4,4,Voie communale,50.0,1
202400034688,2024-06-20,matin,,,38,38422,1,2,2,4,3,Départementale,30.0,2
202400034689,2024-06-20,après-midi,,,02,02336,1,1,7,2,4,Voie communale,50.0,1
202400034690,2024-11-07,matin,,,973,97302,1,1,3,4,4,Voie communale,50.0,1
202400034691,2024-06-20,soirée,,,90,90021,1,1,1,3,3,Départementale,80.0,1
202400034692,2024-11-07,matin,,,973,97302,1,1,1,4,3,Départementale,50.0,1
202400034693,2024-06-21,après-midi,,,45,45167,1,2,1,4,3,Départementale,80.0,2
202400034694,2024-11-06,après-midi,,,973,97302,1,1,3,4,3,Départementale,50.0,1
202400034695,2024-06-20,soirée,,,64,64160,1,2,6,3,3,Départementale,80.0,2
202400034696,2024-11-07,soirée,,,69,69387,5,1,3,4,4,Voie communale,30.0,1
202400034697,2024-06-19,nuit,,,53,53088,3,1,6,3,3,Départementale,80.0,2
202400034698,2024-11-07,après-midi,,,69,69387,2,1,6,4,4,Voie communale,50.0,1
202400034699,2024-06-19,matin,,,21,21288,1,2,7,3,3,Départementale,80.0,2
202400034700,2024-11-07,matin,,,69,69387,2,2,6,4,4,Voie communale,30.0,2
202400034701,2024-06-21,matin,,,27,27113,1,1,3,4,3,Départementale,80.0,1
202400034702,2024-11-07,matin,,,69,69389,1,2,1,4,4,Voie communale,30.0,2
202400034703,2024-05-09,après-midi,,,28,28140,1,1,6,3,4,Voie communale,50.0,1
202400034704,2024-12-14,soirée,,,95,95018,3,1,4,4,1,Autoroute,110.0,1
202400034705,2024-11-07,matin,,,971,97113,1,2,7,4,3,Départementale,70.0,2
202400034706,2024-06-20,soirée,,,17,17447,2,1,7,3,3,Départementale,80.0,1