Num_Acc,date,time_of_day,lat,long,dep,com,lum,atm,col,severity_index,catr,catr_label,vma,surf
202400034707,2024-06-20,soirée,,,17,17174,1,1,1,4,3,Départementale,80.0,1
202400034708,2024-12-14,après-midi,,,92,92036,1,1,5,4,1,Autoroute,110.0,1
202400034709,2024-11-07,après-midi,,,2A,2A004,1,1,2,3,4,Voie communale,50.0,1
202400034710,2024-12-14,nuit,,,93,93007,4,1,3,4,1,Autoroute,110.0,1
202400034711,2024-06-16,matin,,,30,30133,1,1,2,3,3,Départementale,80.0,1
202400034712,2024-11-07,matin,,,2A,2A004,1,1,1,4,5,Autre,30.0,1
202400034713,2024-06-20,matin,,,67,67389,1,1,7,3,7,Autre,40.0,1
202400034714,2024-11-07,après-midi,,,91,91549,2,1,6,4,3,Départementale,50.0,1
202400034715,2024-12-14,nuit,,,93,93010,4,1,2,4,1,Autoroute,110.0,1
202400034716,2024-06-21,après-midi,,,01,01195,1,1,6,3,1,Autoroute,130.0,1
202400034717,2024-12-13,matin,,,95,95154,3,1,6,4,1,Autoroute,110.0,1
202400034718,2024-06-20,soirée,,,06,06088,2,1,6,2,1,Autoroute,110.0,1
202400034719,2024-11-07,soirée,,,91,91521,5,3,1,4,4,Voie communale,50.0,2
202400034720,2024-10-02,soirée,,,95,95539,3,1,6,2,3,Départementale,70.0,1
202400034721,2024-06-18,nuit,,,34,34166,5,1,6,4,1,Autoroute,50.0,1
202400034722,2024-07-12,nuit,,,91,91161,5,3,3,4,1,Autoroute,50.0,2
202400034723,2024-11-06,après-midi,,,88,88209,1,1,4,4,3,Départementale,50.0,1
202400034724,2024-06-21,après-midi,,,72,72146,1,1,3,2,3,Départementale,90.0,1
202400034725,2024-07-11,matin,,,91,91345,1,1,4,4,4,Voie communale,30.0,1
202400034726,2024-11-06,après-midi,,,84,84035,5,1,3,4,4,Voie communale,30.0,1
202400034727,2024-06-20,nuit,,,76,76484,3,1,6,2,1,Autoroute,110.0,1
202400034728,2024-10-14,nuit,,,30,30351,5,1,7,4,3,Départementale,50.0,1
202400034729,2024-11-06,après-midi,,,30,30011,1,1,7,3,2,Nationale,90.0,1
202400034730,2024-06-20,matin,,,30,30116,1,3,7,4,1,Autoroute,80.0,2
202400034731,2024-11-07,soirée,,,79,79191,5,1,1,3,3,Départementale,30.0,1
202400034732,2024-06-21,nuit,,,13,13087,3,2,1,4,3,Départementale,80.0,2
202400034733,2024-12-13,matin,,,987,98735,1,1,3,4,4,Voie communale,50.0,2
202400034734,2024-11-07,matin,,,78,78621,1,8,3,4,4,Voie communale,50.0,9
202400034735,2024-06-21,matin,,,77,77171,1,2,3,3,4,Voie communale,50.0,2
202400034736,2024-12-11,matin,,,987,98736,1,3,7,4,4,Voie communale,30.0,2
202400034737,2024-11-07,nuit,,,77,77040,3,2,6,4,3,Départementale,70.0,2
202400034738,2024-12-13,soirée,,,974,97411,5,1,7,4,4,Voie communale,50.0,9
202400034739,2024-11-07,après-midi,,,77,77330,1,1,3,4,4,Voie communale,50.0,1
202400034740,2024-06-20,matin,,,77,77315,1,8,3,4,3,Départementale,50.0,1
202400034741,2024-12-13,après-midi,,,974,97411,1,1,3,4,2,Nationale,70.0,1
202400034742,2024-06-10,matin,,,77,77153,1,8,7,3,3,Départementale,50.0,8
202400034743,2024-11-06,matin,,,72,72181,1,8,2,4,4,Voie communale,50.0,1
202400034744,2024-12-13,après-midi,,,974,97411,1,1,3,3,2,Nationale,50.0,1
202400034745,2024-11-07,matin,,,69,69264,5,2,7,4,3,Départementale,50.0,2
202400034746,2024-06-20,après-midi,,,2B,2B093,1,8,3,3,2,Nationale,70.0,1
202400034747,2024-11-07,matin,,,67,67482,1,8,3,4,4,Voie communale,50.0,1
202400034748,2024-12-13,soirée,,,974,97407,5,1,3,4,4,Voie communale,50.0,1
202400034749,2024-06-21,après-midi,,,83,83016,1,1,6,3,3,Départementale,50.0,1
202400034750,2024-11-07,soirée,,,65,65440,2,1,6,4,4,Voie communale,50.0,1
202400034751,2024-12-13,après-midi,,,973,97302,1,1,3,4,2,Nationale,2.0,1
202400034752,2024-06-16,soirée,,,83,83101,1,1,1,3,3,Départementale,80.0,1
202400034753,2024-11-07,matin,,,64,64445,1,7,3,4,4,Voie communale,50.0,1
202400034754,2024-12-13,après-midi,,,973,97302,1,1,3,4,4,Voie communale,50.0,1
202400034755,2024-12-11,après-midi,,,973,97302,1,1,7,4,2,Nationale,50.0,1
202400034756,2024-06-21,nuit,,,83,83099,5,1,2,4,3,Départementale,50.0,1
202400034757,2024-11-06,après-midi,,,64,64335,1,1,6,4,4,Voie communale,50.0,1
202400034758,2024-12-12,matin,,,973,97302,1,1,3,4,3,Départementale,50.0,1
202400034759,2024-06-21,nuit,,,70,70046,3,1,1,3,3,Départementale,90.0,1
202400034760,2024-11-07,après-midi,,,64,64122,1,1,3,4,4,Voie communale,30.0,1
202400034761,2024-12-13,soirée,,,69,69388,5,2,3,4,4,Voie communale,30.0,2
202400034762,2024-11-07,matin,,,64,64102,2,5,6,4,4,Voie communale,30.0,1
202400034763,2024-06-20,après-midi,,,89,89198,1,1,2,4,1,Autoroute,130.0,1
202400034764,2024-11-08,nuit,,,63,63113,5,5,6,2,7,Autre,50.0,1
202400034765,2024-12-13,soirée,,,972,97213,5,1,3,3,3,Départementale,50.0,1
202400034766,2024-12-14,nuit,,,69,69382,5,2,6,4,4,Voie communale,50.0,2
202400034767,2024-11-06,après-midi,,,63,63164,1,1,2,4,7,Autre,70.0,1
202400034768,2024-12-13,après-midi,,,69,69389,1,1,6,4,4,Voie communale,30.0,1
202400034769,2024-11-07,matin,,,61,61001,2,2,1,3,4,Voie communale,30.0,2
202400034770,2024-12-13,matin,,,69,69389,1,1,3,4,4,Voie communale,50.0,1
202400034771,2024-11-07,soirée,,,59,59599,5,1,6,4,4,Voie communale,50.0,1
202400034772,2024-12-13,nuit,,,69,69202,5,1,3,4,4,Voie communale,50.0,2
202400034773,2024-11-06,soirée,,,56,56083,5,8,2,4,3,Départementale,50.0,1
202400034774,2024-10-18,matin,,,971,97107,1,1,6,4,2,Nationale,50.0,1
202400034775,2024-11-05,après-midi,,,56,56098,1,8,3,4,4,Voie communale,50.0,1
202400034776,2024-12-12,matin,,,91,91201,5,1,3,4,3,Départementale,50.0,1
202400034777,2024-11-07,matin,,,51,51454,1,1,2,4,4,Voie communale,50.0,1
202400034778,2024-12-13,après-midi,,,91,91027,1,1,2,4,3,Départementale,50.0,1
202400034779,2024-11-06,soirée,,,51,51454,5,1,4,4,4,Voie communale,50.0,1
202400034780,2024-11-06,après-midi,,,50,50129,1,1,1,4,4,Voie communale,30.0,1
202400034781,2024-12-13,matin,,,91,91228,1,1,5,4,3,Départementale,50.0,1
202400034782,2024-12-13,soirée,,,91,91223,5,5,3,4,4,Voie communale,50.0,1
202400034783,2024-11-06,soirée,,,49,49099,5,5,3,4,3,Départementale,70.0,1
202400034784,2024-12-13,après-midi,,,84,84099,1,8,3,4,3,Départementale,50.0,1
202400034785,2024-11-07,soirée,,,45,45234,5,1,6,2,4,Voie communale,50.0,2
202400034786,2024-11-05,après-midi,,,44,44109,1,8,6,2,4,Voie communale,30.0,1
202400034787,2024-12-13,matin,,,84,84007,1,2,2,4,4,Voie communale,50.0,2
202400034788,2024-11-07,après-midi,,,43,43089,1,1,6,4,3,Départementale,50.0,1
202400034789,2024-10-27,soirée,,,84,84007,5,1,7,4,4,Voie communale,50.0,1
202400034790,2024-11-06,après-midi,,,42,42207,1,1,3,3,7,Autre,50.0,1
202400034791,2024-12-12,soirée,,,84,84007,5,1,7,4,4,Voie communale,50.0,1
202400034792,2024-11-07,soirée,,,38,38185,5,1,3,4,4,Voie communale,50.0,1
202400034793,2024-12-12,soirée,,,83,83137,5,1,6,4,4,Voie communale,50.0,1
202400034794,2024-11-07,après-midi,,,37,37214,1,1,2,4,4,Voie communale,30.0,1
202400034795,2024-12-10,après-midi,,,83,83009,1,1,5,2,3,Départementale,70.0,1
202400034796,2024-11-07,matin,,,36,36044,1,1,6,3,4,Voie communale,50.0,1
202400034797,2024-12-13,matin,,,83,83061,2,2,3,3,3,Départementale,50.0,2
202400034798,2024-11-08,nuit,,,34,34108,3,2,6,3,4,Voie communale,50.0,2
202400034799,2024-12-13,soirée,,,82,82121,5,1,3,4,4,Voie communale,50.0,1
202400034800,2024-11-07,après-midi,,,33,33522,1,1,3,4,4,Voie communale,50.0,1
202400034801,2024-12-13,soirée,,,80,80021,2,1,7,4,4,Voie communale,50.0,1
202400034802,2024-11-06,matin,,,33,33318,1,5,6,3,4,Voie communale,50.0,2
202400034803,2024-12-13,soirée,,,78,78146,5,1,6,4,4,Voie communale,30.0,1
202400034804,2024-11-07,matin,,,31,31555,1,1,6,3,4,Voie communale,30.0,1
202400034805,2024-11-07,après-midi,,,29,29254,1,1,6,4,3,Départementale,30.0,1
202400034806,2024-12-13,après-midi,,,78,78551,1,1,4,4,2,Nationale,50.0,1
202400034807,2024-12-13,soirée,,,78,78005,4,1,3,4,4,Voie communale,50.0,1
202400034808,2024-12-14,nuit,,,77,77083,5,1,6,3,4,Voie communale,30.0,1
202400034809,2024-12-13,après-midi,,,77,77373,5,1,6,4,4,Voie communale,30.0,1
202400034810,2024-11-07,après-midi,,,25,25462,1,1,2,4,2,Nationale,50.0,1
202400034811,2024-11-06,après-midi,,,18,18033,1,1,3,4,4,Voie communale,50.0,1
202400034812,2024-12-13,nuit,,,73,73065,5,1,3,4,4,Voie communale,50.0,1
202400034813,2024-11-05,après-midi,,,18,18033,2,1,2,4,4,Voie communale,50.0,1
202400034814,2024-12-11,après-midi,,,72,72181,1,8,6,4,4,Voie communale,50.0,1
202400034815,2024-12-13,matin,,,71,71306,1,8,6,3,4,Voie communale,50.0,1
202400034816,2024-11-06,matin,,,14,14118,2,8,3,3,4,Voie communale,50.0,2
202400034817,2024-12-12,matin,,,69,69259,1,1,2,4,4,Voie communale,50.0,1
202400034818,2024-11-07,après-midi,,,13,13215,1,1,1,3,4,Voie communale,50.0,1
202400034819,2024-11-07,matin,,,13,13215,1,1,6,4,4,Voie communale,50.0,1
202400034820,2024-12-13,matin,,,66,66136,2,3,3,4,4,Voie communale,30.0,2
202400034821,2024-11-06,après-midi,,,10,10357,5,1,3,4,4,Voie communale,50.0,1
202400034822,2024-12-12,après-midi,,,66,66136,3,2,3,4,4,Voie communale,50.0,2
202400034823,2024-12-12,matin,,,64,64445,1,1,7,4,4,Voie communale,30.0,1
202400034824,2024-11-06,nuit,,,10,10387,5,1,2,4,4,Voie communale,50.0,1
202400034825,2024-10-28,après-midi,,,05,05061,1,1,6,4,4,Voie communale,50.0,1
202400034826,2024-12-13,nuit,,,64,64102,5,1,3,4,4,Voie communale,30.0,1
202400034827,2024-12-13,après-midi,,,64,64024,1,8,3,4,4,Voie communale,30.0,1
202400034828,2024-11-06,après-midi,,,03,03095,2,1,6,3,3,Départementale,50.0,1
202400034829,2024-12-13,après-midi,,,63,63113,1,2,1,4,4,Voie communale,30.0,2
202400034830,2024-11-07,matin,,,01,01451,5,2,1,4,3,Départementale,70.0,2
202400034831,2024-12-03,soirée,,,59,59122,5,1,3,3,3,Départementale,50.0,1
202400034832,2024-11-07,matin,,,75,75120,1,1,3,4,4,Voie communale,50.0,1
202400034833,2024-12-13,matin,,,57,57672,5,1,6,4,4,Voie communale,50.0,1
202400034834,2024-11-06,après-midi,,,75,75106,1,1,3,4,4,Voie communale,30.0,1
202400034835,2024-12-13,après-midi,,,57,57463,1,1,6,3,4,Voie communale,50.0,1
202400034836,2024-11-06,après-midi,,,75,75120,1,8,3,4,4,Voie communale,30.0,1
202400034837,2024-12-12,nuit,,,56,56098,3,1,6,4,4,Voie communale,80.0,1
202400034838,2024-11-07,après-midi,,,75,75118,1,1,6,4,4,Voie communale,30.0,1
202400034839,2024-12-12,soirée,,,56,56121,5,1,3,4,4,Voie communale,30.0,1
202400034840,2024-11-07,matin,,,75,75113,1,1,6,4,4,Voie communale,30.0,1
202400034841,2024-12-13,après-midi,,,51,51474,1,1,2,4,4,Voie communale,50.0,1
202400034842,2024-11-07,matin,,,75,75112,4,1,1,4,4,Voie communale,,1
202400034843,2024-12-13,matin,,,51,51454,2,1,3,4,4,Voie communale,30.0,1
202400034844,2024-11-07,soirée,,,75,75111,5,1,3,4,4,Voie communale,30.0,1
202400034845,2024-12-13,soirée,,,51,51525,3,5,1,4,3,Départementale,70.0,1
202400034846,2024-11-06,soirée,,,75,75109,5,1,3,4,4,Voie communale,30.0,1
202400034847,2024-12-12,nuit,,,50,50129,3,1,7,4,2,Nationale,70.0,1
202400034848,2024-12-13,après-midi,,,49,49007,1,1,3,4,4,Voie communale,50.0,1
202400034849,2024-11-07,matin,,,75,75115,1,8,6,4,4,Voie communale,30.0,1
202400034850,2024-12-12,après-midi,,,49,49007,1,1,6,3,4,Voie communale,50.0,1
202400034851,2024-11-07,après-midi,,,94,94081,2,1,3,4,4,Voie communale,30.0,1
202400034852,2024-12-13,matin,,,47,47001,1,1,3,4,4,Voie communale,,1
202400034853,2024-11-07,matin,,,94,94068,2,8,3,4,4,Voie communale,30.0,1
202400034854,2024-12-13,soirée,,,45,45004,5,5,3,3,3,Départementale,50.0,1
202400034855,2024-12-13,soirée,,,35,35238,5,1,3,4,4,Voie communale,50.0,1
202400034856,2024-11-07,après-midi,,,94,94041,1,1,3,4,3,Départementale,30.0,1
202400034857,2024-12-13,soirée,,,35,35238,5,1,1,4,4,Voie communale,30.0,1
202400034858,2024-11-07,matin,,,94,94019,1,1,3,4,4,Voie communale,50.0,1
202400034859,2024-12-13,soirée,,,33,33075,5,1,3,4,4,Voie communale,30.0,1
202400034860,2024-11-07,soirée,,,94,94075,5,2,2,4,2,Nationale,70.0,2
202400034861,2024-11-07,soirée,,,93,93066,3,2,2,4,3,Départementale,50.0,2
202400034862,2024-12-13,nuit,,,31,31555,5,1,1,4,4,Voie communale,30.0,1
202400034863,2024-12-13,soirée,,,29,29039,3,1,6,4,4,Voie communale,80.0,1
202400034864,2024-10-18,après-midi,,,93,93064,1,1,1,4,3,Départementale,50.0,1
202400034865,2024-11-07,soirée,,,93,93046,5,2,3,4,4,Voie communale,50.0,2
202400034866,2024-12-13,soirée,,,29,29019,3,2,3,4,4,Voie communale,50.0,2
202400034867,2024-12-13,soirée,,,27,27229,5,1,6,4,6,Autre,10.0,1
202400034868,2024-11-07,matin,,,93,93045,1,1,3,4,4,Voie communale,30.0,1
202400034869,2024-12-13,matin,,,25,25462,1,1,6,4,4,Voie communale,50.0,1
202400034870,2024-11-07,nuit,,,93,93031,5,1,6,4,3,Départementale,30.0,1
202400034871,2024-11-07,après-midi,,,93,93010,2,8,6,4,3,Départementale,50.0,1
202400034872,2024-12-13,matin,,,19,19031,2,1,4,4,4,Voie communale,50.0,1
202400034873,2024-12-13,matin,,,13,13206,1,1,3,4,4,Voie communale,50.0,1
202400034874,2024-11-06,matin,,,93,93008,2,1,5,4,3,Départementale,50.0,1
202400034875,2024-11-06,après-midi,,,93,93007,1,1,6,4,3,Départementale,50.0,1
202400034876,2024-12-13,matin,,,13,13214,5,8,2,4,4,Voie communale,50.0,2
202400034877,2024-11-07,nuit,,,92,92078,5,1,3,4,4,Voie communale,50.0,1
202400034878,2024-12-13,nuit,,,13,13208,5,1,1,4,4,Voie communale,50.0,1
202400034879,2024-11-07,matin,,,92,92051,1,8,6,4,4,Voie communale,50.0,1
202400034880,2024-12-13,matin,,,13,13070,1,1,1,4,4,Voie communale,50.0,1
202400034881,2024-11-07,après-midi,,,92,92050,1,1,6,4,4,Voie communale,30.0,1
202400034882,2024-12-14,nuit,,,13,13001,5,2,6,4,4,Voie communale,50.0,2
202400034883,2024-11-07,après-midi,,,92,92048,2,1,3,4,4,Voie communale,50.0,1
202400034884,2024-12-13,nuit,,,11,11262,3,2,6,2,3,Départementale,80.0,2
202400034885,2024-11-06,après-midi,,,92,92044,1,8,6,4,3,Départementale,50.0,1
202400034886,2024-11-25,soirée,,,08,08043,5,1,1,4,3,Départementale,50.0,1
202400034887,2024-12-13,nuit,,,06,06069,5,2,6,4,4,Voie communale,50.0,2
202400034888,2024-11-07,matin,,,92,92040,2,1,2,3,3,Départementale,50.0,1
202400034889,2024-12-13,soirée,,,06,06069,5,2,1,3,4,Voie communale,50.0,2
202400034890,2024-11-07,soirée,,,92,92036,5,1,1,4,3,Départementale,50.0,1
202400034891,2024-12-13,soirée,,,06,06123,5,8,6,3,4,Voie communale,50.0,1
202400034892,2024-11-07,soirée,,,92,92023,5,1,6,4,4,Voie communale,50.0,1
202400034893,2024-12-13,après-midi,,,75,75120,1,1,2,4,4,Voie communale,50.0,1
202400034894,2024-11-07,matin,,,92,92019,1,1,1,4,3,Départementale,50.0,1
202400034895,2024-12-13,après-midi,,,75,75114,1,1,2,4,4,Voie communale,50.0,1
202400034896,2024-11-08,nuit,,,974,97415,1,1,6,2,3,Départementale,50.0,1
202400034897,2024-12-11,après-midi,,,75,75120,3,1,2,4,4,Voie communale,50.0,1
202400034898,2024-11-07,après-midi,,,40,40065,1,1,3,4,4,Voie communale,30.0,1
202400034899,2024-12-13,après-midi,,,75,75119,5,1,6,4,4,Voie communale,30.0,1
202400034900,2024-11-07,soirée,,,28,28388,3,2,1,3,3,Départementale,80.0,2
202400034901,2024-11-08,après-midi,,,14,14061,1,1,7,3,3,Départementale,80.0,1
202400034902,2024-12-13,nuit,,,75,75117,5,1,3,4,4,Voie communale,30.0,1
202400034903,2024-12-13,matin,,,75,75111,3,1,6,4,4,Voie communale,30.0,1
202400034904,2024-11-08,après-midi,,,83,83091,1,1,1,4,3,Départementale,80.0,1
202400034905,2024-12-13,après-midi,,,75,75110,1,1,4,4,4,Voie communale,20.0,1
202400034906,2024-11-07,nuit,,,83,83070,5,1,6,3,4,Voie communale,50.0,1
202400034907,2024-12-13,après-midi,,,75,75109,1,1,2,4,4,Voie communale,30.0,1
202400034908,2024-11-07,matin,,,67,67407,1,1,1,3,3,Départementale,80.0,1
202400034909,2024-12-12,nuit,,,94,94078,5,1,5,4,2,Nationale,50.0,1
202400034910,2024-11-07,matin,,,31,31555,1,1,3,3,7,Autre,50.0,1
202400034911,2024-11-07,soirée,,,89,89066,4,1,1,4,3,Départementale,90.0,2
202400034912,2024-12-13,après-midi,,,94,94068,1,1,4,4,3,Départementale,30.0,1
202400034913,2024-11-06,soirée,,,56,56164,2,1,1,3,3,Départementale,80.0,1
202400034914,2024-12-12,soirée,,,94,94037,5,1,6,4,3,Départementale,30.0,1
202400034915,2024-11-08,matin,,,67,67311,2,8,1,2,3,Départementale,80.0,1
202400034916,2024-12-13,soirée,,,94,94034,5,1,1,4,3,Départementale,50.0,1
202400034917,2024-11-07,après-midi,,,76,76141,1,1,3,3,3,Départementale,80.0,6
202400034918,2024-12-13,après-midi,,,94,94028,1,1,2,4,4,Voie communale,50.0,1
202400034919,2024-11-01,soirée,,,76,76263,3,5,1,4,3,Départementale,80.0,1
202400034920,2024-11-06,après-midi,,,89,89025,1,1,6,4,4,Voie communale,50.0,1
202400034921,2024-12-11,soirée,,,94,94011,3,1,3,4,3,Départementale,50.0,1
202400034922,2024-12-13,après-midi,,,94,94073,1,1,6,4,3,Départementale,50.0,1
202400034923,2024-12-12,nuit,,,94,94071,5,8,7,4,9,Autre,50.0,2
202400034924,2024-12-12,soirée,,,93,93005,5,1,3,4,3,Départementale,50.0,1
202400034925,2024-10-23,soirée,,,92,92078,5,1,1,4,4,Voie communale,50.0,1
202400034926,2024-12-13,après-midi,,,92,92046,1,1,3,4,4,Voie communale,50.0,1
202400034927,2024-12-13,après-midi,,,92,92051,1,1,3,4,3,Départementale,50.0,1
202400034928,2024-12-13,nuit,,,92,92051,5,1,6,3,4,Voie communale,50.0,1
202400034929,2024-12-13,soirée,,,92,92050,5,1,2,4,4,Voie communale,50.0,1
202400034930,2024-12-13,nuit,,,92,92050,5,1,3,4,3,Départementale,50.0,1
202400034931,2024-12-12,nuit,,,92,92050,5,1,6,3,4,Voie communale,30.0,1
202400034932,2024-12-13,matin,,,92,92040,1,1,6,4,4,Voie communale,30.0,1
202400034933,2024-12-07,soirée,,,92,92035,5,1,3,4,3,Départementale,50.0,1
202400034934,2024-12-13,après-midi,,,92,92024,5,1,6,4,3,Départementale,50.0,1
202400034935,2024-12-13,après-midi,,,92,92024,1,1,2,4,4,Voie communale,50.0,1
202400034936,2024-12-13,soirée,,,92,92009,5,1,6,4,4,Voie communale,50.0,1
202400034937,2024-12-12,matin,,,78,78143,1,1,1,4,3,Départementale,70.0,2
202400034938,2024-11-28,après-midi,,,78,78160,5,1,2,3,4,Voie communale,,1
202400034939,2024-12-14,après-midi,,,26,26194,1,1,7,3,4,Voie communale,80.0,2
202400034940,2024-12-13,matin,,,06,06137,2,2,6,3,3,Départementale,80.0,2
202400034941,2024-12-13,après-midi,,,65,65131,1,1,1,3,3,Départementale,90.0,1
202400034942,2024-12-13,nuit,,,62,62770,3,8,6,3,3,Départementale,70.0,1
202400034943,2024-12-13,après-midi,,,31,31203,1,8,1,3,4,Voie communale,50.0,1
202400034944,2024-12-14,nuit,,,51,51418,3,1,6,2,4,Voie communale,50.0,1
202400034945,2024-12-13,soirée,,,19,19028,2,2,3,4,3,Départementale,90.0,2
202400034946,2024-12-14,après-midi,,,56,56071,1,1,6,2,3,Départementale,80.0,1
202400034947,2024-12-03,matin,,,56,56036,2,1,3,4,3,Départementale,50.0,1
202400034948,2024-12-13,soirée,,,32,32166,3,1,7,2,3,Départementale,90.0,1
202400034949,2024-12-14,matin,,,71,71310,1,5,7,4,3,Départementale,50.0,2
202400034950,2024-12-13,soirée,,,63,63043,3,1,6,3,3,Départementale,90.0,2
202400034951,2024-12-13,soirée,,,61,61140,3,1,1,2,3,Départementale,90.0,1
202400034952,2024-12-10,après-midi,,,55,55181,1,1,3,4,4,Voie communale,50.0,1
202400034953,2024-12-13,soirée,,,34,34031,3,2,6,4,3,Départementale,50.0,2
202400034954,2024-12-09,matin,,,25,25212,1,1,1,4,4,Voie communale,50.0,1
202400034955,2024-12-14,matin,,,25,25130,2,5,6,2,3,Départementale,80.0,7
202400034956,2024-10-04,nuit,,,35,35062,3,1,6,3,3,Départementale,80.0,1
202400034957,2024-12-13,soirée,,,29,29274,3,1,6,4,4,Voie communale,80.0,1
202400034958,2024-12-14,après-midi,,,29,29163,1,2,7,4,3,Départementale,80.0,2
202400034959,2024-12-13,soirée,,,02,02716,5,1,7,3,3,Départementale,50.0,2
202400034960,2024-12-13,soirée,,,01,01343,5,2,3,3,3,Départementale,80.0,2
202400034961,2024-12-10,après-midi,,,26,26011,5,1,3,4,3,Départementale,50.0,1
202400034962,2024-12-13,soirée,,,14,14367,3,1,6,3,3,Départementale,90.0,1
202400034963,2024-12-13,nuit,,,36,36140,3,1,1,3,2,Nationale,80.0,1
202400034964,2024-12-14,matin,,,53,53035,1,1,2,3,3,Départementale,90.0,1
202400034965,2024-12-13,soirée,,,85,85004,3,1,6,4,4,Voie communale,30.0,1
202400034966,2024-12-13,nuit,,,30,30167,4,2,7,4,3,Départementale,80.0,2
202400034967,2024-12-10,soirée,,,88,88379,4,8,1,4,3,Départementale,80.0,2
202400034968,2024-12-13,soirée,,,973,97307,5,1,7,3,3,Départementale,70.0,1
202400034969,2024-12-07,nuit,,,987,98745,3,2,7,3,2,Nationale,40.0,2
202400034970,2024-12-13,après-midi,,,27,27198,1,1,1,4,3,Départementale,80.0,1
202400034971,2024-12-13,nuit,,,28,28199,3,5,7,3,1,Autoroute,130.0,2
202400034972,2024-12-14,après-midi,,,59,59312,3,1,7,3,1,Autoroute,130.0,1
202400034973,2024-12-14,après-midi,,,988,98803,1,3,6,4,2,Nationale,110.0,2
202400034974,2024-12-13,soirée,,,34,34327,3,3,1,4,7,Autre,70.0,2
202400034975,2024-12-13,nuit,,,67,67028,3,5,6,4,3,Départementale,80.0,1
202400034976,2024-12-13,après-midi,,,73,73179,1,1,3,4,3,Départementale,50.0,1
202400034977,2024-12-13,soirée,,,69,69009,5,2,1,4,3,Départementale,30.0,2
202400034978,2024-12-13,soirée,,,69,69289,3,2,3,4,3,Départementale,50.0,2
202400034979,2024-12-13,soirée,,,79,79303,3,1,7,3,3,Départementale,80.0,1
202400034980,2024-12-13,soirée,,,35,35240,3,1,6,3,4,Voie communale,50.0,1
202400034981,2024-12-14,après-midi,,,80,80561,3,1,2,4,3,Départementale,50.0,1
202400034982,2024-12-13,après-midi,,,59,59449,5,1,1,4,3,Départementale,30.0,1
202400034983,2024-12-12,après-midi,,,83,83126,2,1,4,4,1,Autoroute,50.0,1
202400034984,2024-12-13,après-midi,,,33,33397,1,1,2,4,1,Autoroute,90.0,1
202400034985,2024-12-11,nuit,,,59,59458,3,1,6,3,1,Autoroute,130.0,1
202400034986,2024-12-13,matin,,,94,94037,1,1,2,4,1,Autoroute,70.0,1
202400034987,2024-12-11,soirée,,,94,94003,5,1,6,4,1,Autoroute,70.0,1
202400034988,2024-12-13,soirée,,,92,92048,3,1,2,4,2,Nationale,90.0,1
202400034989,2024-12-13,soirée,,,92,92064,3,1,2,4,1,Autoroute,90.0,1
202400034990,2024-12-13,soirée,,,92,92050,3,1,3,4,1,Autoroute,90.0,1
202400034991,2024-12-13,nuit,,,78,78133,3,1,2,4,1,Autoroute,110.0,1
202400034992,2024-12-13,nuit,,,92,92050,5,1,2,4,1,Autoroute,90.0,1
202400034993,2024-12-12,après-midi,,,78,78217,1,1,2,4,1,Autoroute,130.0,1
202400034994,2024-12-11,après-midi,,,78,78297,3,1,3,4,2,Nationale,110.0,1
202400034995,2024-12-13,après-midi,,,93,93066,1,1,2,4,1,Autoroute,90.0,1
202400034996,2024-12-12,soirée,,,93,93066,3,1,5,4,1,Autoroute,90.0,1
202400034997,2024-12-12,soirée,,,95,95351,3,1,4,4,2,Nationale,110.0,1
202400034998,2024-12-13,matin,,,94,94046,5,1,3,4,1,Autoroute,90.0,1
202400034999,2024-09-06,nuit,,,57,57206,3,3,7,3,1,Autoroute,110.0,4
202400035000,2024-12-07,nuit,,,987,98735,5,8,1,4,3,Départementale,50.0,1
202400035001,2024-12-11,après-midi,,,974,97411,1,1,3,3,2,Nationale,50.0,1
202400035002,2024-12-12,soirée,,,974,97407,1,1,1,4,4,Voie communale,30.0,1
202400035003,2024-12-11,soirée,,,973,97302,4,1,3,4,4,Voie communale,50.0,1
202400035004,2024-12-11,après-midi,,,973,97302,1,1,3,4,4,Voie communale,50.0,1
202400035005,2024-12-12,après-midi,,,971,97113,1,1,3,3,2,Nationale,70.0,1
202400035006,2024-12-08,après-midi,,,95,95539,1,3,5,4,3,Départementale,90.0,2
202400035007,2024-12-12,après-midi,,,95,95539,1,8,5,4,3,Départementale,90.0,1
202400035008,2024-12-11,matin,,,95,95680,1,2,1,4,3,Départementale,70.0,2
202400035009,2024-12-12,soirée,,,95,95063,5,1,6,4,4,Voie communale,50.0,1
202400035010,2024-12-12,soirée,,,91,91689,3,1,1,4,3,Départementale,50.0,1
202400035011,2024-12-12,matin,,,87,87075,1,1,6,4,4,Voie communale,30.0,2
202400035012,2024-12-11,matin,,,87,87050,2,1,6,3,6,Autre,30.0,1
202400035013,2024-12-12,matin,,,30,30011,1,1,2,4,3,Départementale,80.0,1
202400035014,2024-03-02,après-midi,,,13,13004,1,1,5,3,2,Nationale,110.0,1
202400035015,2024-02-26,après-midi,,,71,71238,1,1,6,3,3,Départementale,80.0,1
202400035016,2024-02-27,nuit,,,67,67101,3,1,2,3,3,Départementale,70.0,1
202400035017,2024-02-14,soirée,,,38,38276,5,1,3,3,3,Départementale,70.0,1
202400035018,2024-03-02,matin,,,38,38205,2,1,3,3,3,Départementale,70.0,1