Num_Acc,date,time_of_day,lat,long,dep,com,lum,atm,col,severity_index,catr,catr_label,vma,surf
202400035019,2024-03-02,matin,,,65,65399,1,1,1,4,3,Départementale,80.0,2
202400035020,2024-03-01,soirée,,,46,46102,3,1,1,2,3,Départementale,80.0,1
202400035021,2024-03-02,matin,,,86,86026,1,3,7,2,3,Départementale,50.0,2
202400035022,2024-03-01,après-midi,,,33,33248,1,2,4,3,3,Départementale,80.0,2
202400035023,2024-03-01,soirée,,,53,53011,2,1,3,3,3,Départementale,80.0,1
202400035024,2024-03-02,nuit,,,59,59534,3,2,7,2,3,Départementale,80.0,2
202400035025,2024-03-01,matin,,,13,13216,1,1,1,4,1,Autoroute,90.0,1
202400035026,2024-03-01,après-midi,,,33,33013,1,1,4,4,2,Nationale,50.0,2
202400035027,2024-03-01,après-midi,,,33,33192,1,3,2,4,1,Autoroute,90.0,2
202400035028,2024-02-28,soirée,,,33,33122,1,1,4,4,1,Autoroute,130.0,1
202400035029,2024-03-01,soirée,,,91,91339,3,2,3,4,2,Nationale,110.0,2
202400035030,2024-01-16,matin,,,13,13205,1,1,3,4,4,Voie communale,50.0,1
202400035031,2024-03-01,matin,,,94,94038,1,2,6,4,1,Autoroute,90.0,2
202400035032,2024-01-16,après-midi,,,11,11262,1,1,3,4,4,Voie communale,,1
202400035033,2024-01-17,matin,,,10,10081,3,3,6,4,4,Voie communale,90.0,2
202400035034,2024-02-29,soirée,,,94,94003,3,2,2,4,1,Autoroute,90.0,2
202400035035,2024-01-17,après-midi,,,06,06027,1,1,3,3,7,Autre,50.0,2
202400035036,2024-01-17,après-midi,,,04,04112,1,2,2,4,4,Voie communale,50.0,2
202400035037,2024-03-01,soirée,,,78,78291,3,3,2,4,1,Autoroute,110.0,3
202400035038,2024-01-17,soirée,,,75,75113,5,2,3,4,4,Voie communale,70.0,2
202400035039,2024-03-01,matin,,,78,78073,1,2,2,4,1,Autoroute,90.0,2
202400035040,2024-01-16,après-midi,,,75,75116,1,1,3,3,4,Voie communale,30.0,1
202400035041,2024-03-07,soirée,,,91,91553,1,1,1,4,4,Voie communale,30.0,1
202400035042,2024-02-28,soirée,,,78,78423,2,1,6,4,1,Autoroute,90.0,1
202400035043,2024-01-17,après-midi,,,75,75116,5,2,6,4,4,Voie communale,50.0,2
202400035044,2024-03-28,après-midi,,,51,51660,1,1,7,4,3,Départementale,50.0,1
202400035045,2024-01-17,matin,,,75,75116,1,3,3,4,4,Voie communale,50.0,2
202400035046,2024-03-01,matin,,,95,95018,1,2,5,4,1,Autoroute,110.0,2
202400035047,2024-04-06,après-midi,,,51,51564,1,1,1,4,3,Départementale,90.0,1
202400035048,2024-01-16,soirée,,,75,75116,5,1,7,4,4,Voie communale,30.0,1
202400035049,2024-03-01,nuit,,,93,93010,3,2,3,4,1,Autoroute,70.0,2
202400035050,2024-04-06,soirée,,,74,74123,1,1,7,4,3,Départementale,80.0,1
202400035051,2024-01-16,matin,,,75,75116,5,1,3,4,4,Voie communale,50.0,1
202400035052,2024-01-17,après-midi,,,75,75113,1,2,6,4,4,Voie communale,30.0,2
202400035053,2024-02-29,matin,,,93,93008,1,1,3,4,1,Autoroute,90.0,1
202400035054,2024-01-17,soirée,,,75,75112,3,2,6,4,4,Voie communale,30.0,2
202400035055,2024-04-09,matin,,,79,79322,1,1,4,2,3,Départementale,70.0,1
202400035056,2024-02-29,matin,,,93,93010,2,2,3,4,1,Autoroute,70.0,2
202400035057,2024-01-17,après-midi,,,75,75110,1,2,6,4,4,Voie communale,30.0,2
202400035058,2024-05-16,après-midi,,,22,22004,1,1,6,3,3,Départementale,110.0,1
202400035059,2024-02-28,matin,,,92,92036,1,1,3,4,1,Autoroute,70.0,1
202400035060,2024-04-09,après-midi,,,65,65002,1,2,5,2,2,Nationale,70.0,2
202400035061,2024-05-17,matin,,,25,25032,1,2,2,4,1,Autoroute,130.0,2
202400035062,2024-01-16,après-midi,,,75,75101,1,1,5,4,4,Voie communale,30.0,1
202400035063,2024-04-08,nuit,,,69,69168,3,1,6,4,4,Voie communale,20.0,1
202400035064,2024-02-28,matin,,,95,95582,1,1,5,4,1,Autoroute,110.0,1
202400035065,2024-05-15,après-midi,,,84,84038,1,1,7,3,3,Départementale,80.0,1
202400035066,2024-01-15,après-midi,,,94,94068,5,2,3,4,4,Voie communale,30.0,2
202400035067,2024-03-01,nuit,,,94,94073,3,2,6,4,1,Autoroute,90.0,2
202400035068,2024-05-17,après-midi,,,83,83019,1,1,6,2,3,Départementale,50.0,1
202400035069,2024-04-09,après-midi,,,71,71221,1,1,3,4,4,Voie communale,50.0,1
202400035070,2024-01-17,après-midi,,,94,94073,1,2,2,4,3,Départementale,30.0,2
202400035071,2024-05-17,matin,,,19,19062,1,7,6,4,3,Départementale,30.0,1
202400035072,2024-03-01,matin,,,94,94042,1,2,4,4,1,Autoroute,90.0,2
202400035073,2024-04-07,après-midi,,,63,63448,1,1,7,3,3,Départementale,90.0,1
202400035074,2024-05-17,après-midi,,,89,89003,1,1,6,2,3,Départementale,50.0,1
202400035075,2024-04-07,après-midi,,,61,61418,1,2,7,3,3,Départementale,70.0,2
202400035076,2024-02-29,après-midi,,,988,98818,2,1,6,4,4,Voie communale,50.0,1
202400035077,2024-05-17,après-midi,,,68,68018,1,2,3,4,3,Départementale,50.0,2
202400035078,2024-01-17,soirée,,,94,94022,5,2,6,4,3,Départementale,50.0,2
202400035079,2024-02-27,après-midi,,,988,98818,1,8,6,4,3,Départementale,50.0,1
202400035080,2024-05-16,après-midi,,,25,25040,1,3,1,4,3,Départementale,50.0,2
202400035081,2024-01-17,soirée,,,94,94073,5,2,3,4,3,Départementale,50.0,2
202400035082,2024-04-09,après-midi,,,49,49086,1,1,5,4,3,Départementale,90.0,1
202400035083,2024-04-30,nuit,,,38,38346,5,9,6,4,3,Départementale,50.0,2
202400035084,2024-01-17,matin,,,94,94022,5,3,6,4,3,Départementale,50.0,2
202400035085,2024-02-25,après-midi,,,974,97411,1,1,3,4,2,Nationale,50.0,1
202400035086,2024-04-08,soirée,,,42,42300,1,1,6,2,3,Départementale,80.0,1
202400035087,2024-05-15,après-midi,,,60,60245,1,1,3,4,3,Départementale,50.0,1
202400035088,2024-02-24,soirée,,,974,97411,1,1,1,3,4,Voie communale,50.0,1
202400035089,2024-04-09,matin,,,46,46284,1,1,7,4,4,Voie communale,80.0,1
202400035090,2024-01-15,matin,,,94,94055,1,2,3,4,3,Départementale,50.0,2
202400035091,2024-05-16,nuit,,,16,16134,3,1,6,3,3,Départementale,50.0,1
202400035092,2024-04-07,nuit,,,29,29140,3,1,6,3,3,Départementale,80.0,1
202400035093,2024-02-23,après-midi,,,974,97411,1,2,3,4,4,Voie communale,50.0,2
202400035094,2024-05-15,soirée,,,24,24064,2,1,3,4,3,Départementale,80.0,1
202400035095,2024-01-17,après-midi,,,94,94002,5,2,6,4,4,Voie communale,,2
202400035096,2024-05-15,après-midi,,,04,04024,1,3,6,3,3,Départementale,80.0,2
202400035097,2024-01-17,soirée,,,93,93066,5,2,3,4,3,Départementale,50.0,2
202400035098,2024-05-17,après-midi,,,27,27226,1,1,6,3,3,Départementale,80.0,1
202400035099,2024-04-09,après-midi,,,39,39170,1,1,6,4,3,Départementale,50.0,1
202400035100,2024-02-19,après-midi,,,974,97411,1,1,3,4,2,Nationale,70.0,1
202400035101,2024-01-17,après-midi,,,93,93066,1,3,7,4,3,Départementale,50.0,2
202400035102,2024-05-15,après-midi,,,23,23054,1,2,3,4,3,Départementale,90.0,2
202400035103,2024-04-08,après-midi,,,03,03254,1,1,3,4,4,Voie communale,50.0,1
202400035104,2024-01-17,après-midi,,,93,93077,1,3,6,4,3,Départementale,50.0,3
202400035105,2024-02-20,matin,,,974,97407,1,1,3,4,4,Voie communale,50.0,1
202400035106,2024-05-17,matin,,,30,30348,1,1,7,3,3,Départementale,50.0,1
202400035107,2024-04-06,nuit,,,03,03273,3,6,6,4,3,Départementale,90.0,1
202400035108,2024-05-16,après-midi,,,08,08367,1,1,6,4,4,Voie communale,80.0,1
202400035109,2024-02-29,après-midi,,,973,97302,1,1,3,4,2,Nationale,50.0,1
202400035110,2024-01-17,après-midi,,,93,93046,1,3,3,4,4,Voie communale,30.0,2
202400035111,2024-04-06,nuit,,,26,26063,4,1,7,3,4,Voie communale,50.0,1
202400035112,2024-05-02,soirée,,,86,86086,3,2,7,3,4,Voie communale,80.0,2
202400035113,2024-01-17,soirée,,,93,93079,5,2,2,4,3,Départementale,50.0,2
202400035114,2024-04-09,après-midi,,,26,26324,1,1,1,3,4,Voie communale,50.0,1
202400035115,2024-02-29,après-midi,,,973,97302,1,1,3,4,3,Départementale,50.0,1
202400035116,2024-05-16,soirée,,,14,14333,2,7,2,3,2,Nationale,90.0,1
202400035117,2024-01-17,soirée,,,93,93071,5,2,6,4,3,Départementale,50.0,2
202400035118,2024-03-22,après-midi,,,72,72149,1,1,3,4,3,Départementale,90.0,1
202400035119,2024-02-26,soirée,,,973,97302,5,1,3,4,4,Voie communale,50.0,1
202400035120,2024-05-15,matin,,,38,38431,1,1,2,4,1,Autoroute,130.0,1
202400035121,2024-01-17,matin,,,93,93005,1,2,3,4,4,Voie communale,50.0,2
202400035122,2024-05-16,nuit,,,63,63455,3,8,2,2,1,Autoroute,130.0,1
202400035123,2024-02-29,soirée,,,69,69383,3,1,3,3,4,Voie communale,30.0,1
202400035124,2024-01-17,soirée,,,93,93001,3,2,6,4,4,Voie communale,50.0,2
202400035125,2024-04-08,soirée,,,06,06136,1,1,1,4,3,Départementale,80.0,1
202400035126,2024-05-14,après-midi,,,13,13103,1,2,1,2,1,Autoroute,130.0,2
202400035127,2024-02-29,après-midi,,,69,69383,1,1,2,3,4,Voie communale,50.0,1
202400035128,2024-04-13,matin,,,92,92051,3,2,6,4,3,Départementale,50.0,2
202400035129,2024-05-13,matin,,,62,62754,1,1,6,3,1,Autoroute,130.0,1
202400035130,2024-01-16,après-midi,,,92,92050,2,1,3,4,4,Voie communale,50.0,1
202400035131,2024-05-17,matin,,,971,97124,1,1,3,2,3,Départementale,80.0,1
202400035132,2024-02-28,matin,,,69,69387,1,1,3,4,4,Voie communale,30.0,1
202400035133,2024-04-08,après-midi,,,64,64123,1,3,5,4,3,Départementale,80.0,2
202400035134,2024-01-16,soirée,,,92,92040,5,1,6,4,5,Autre,10.0,1
202400035135,2024-05-13,nuit,,,11,11076,5,1,3,3,3,Départementale,50.0,1
202400035136,2024-04-08,après-midi,,,21,21365,1,1,7,3,4,Voie communale,80.0,1
202400035137,2024-02-28,après-midi,,,972,97229,1,1,6,4,4,Voie communale,50.0,1
202400035138,2024-01-17,soirée,,,92,92036,5,2,6,4,3,Départementale,50.0,2
202400035139,2024-05-17,après-midi,,,34,34022,1,1,3,4,4,Voie communale,,1
202400035140,2024-02-15,nuit,,,972,97209,5,1,6,3,3,Départementale,50.0,1
202400035141,2024-04-09,après-midi,,,40,40062,1,1,1,4,3,Départementale,80.0,1
202400035142,2024-01-17,après-midi,,,92,92012,1,2,2,4,4,Voie communale,50.0,2
202400035143,2024-05-17,après-midi,,,83,83016,1,1,2,2,3,Départementale,70.0,1
202400035144,2024-02-18,nuit,,,972,97209,5,1,7,4,2,Nationale,50.0,1
202400035145,2024-01-17,matin,,,92,92012,1,3,6,4,3,Départementale,50.0,2
202400035146,2024-05-15,soirée,,,13,13022,3,1,6,3,4,Voie communale,30.0,1
202400035147,2024-04-07,matin,,,85,85051,1,2,7,4,3,Départementale,50.0,2
202400035148,2024-01-16,soirée,,,92,92009,5,1,6,3,4,Voie communale,50.0,1
202400035149,2024-05-17,matin,,,13,13097,1,1,3,3,2,Nationale,90.0,1
202400035150,2024-02-28,matin,,,971,97101,1,1,3,4,4,Voie communale,50.0,1
202400035151,2024-01-16,soirée,,,91,91340,5,2,6,4,4,Voie communale,50.0,2
202400035152,2024-04-08,après-midi,,,17,17292,1,1,3,3,3,Départementale,90.0,1
202400035153,2024-05-17,matin,,,68,68294,1,3,1,4,3,Départementale,90.0,2
202400035154,2024-01-18,nuit,,,86,86111,3,2,2,4,3,Départementale,90.0,2
202400035155,2024-02-27,soirée,,,971,97113,5,1,2,3,2,Nationale,50.0,1
202400035156,2024-04-08,nuit,,,24,24289,5,1,1,3,3,Départementale,80.0,1
202400035157,2024-02-27,matin,,,971,97101,1,1,7,3,4,Voie communale,50.0,1
202400035158,2024-05-17,après-midi,,,03,03200,1,1,3,4,3,Départementale,50.0,1
202400035159,2024-01-16,soirée,,,31,31044,5,1,1,3,7,Autre,50.0,2
202400035160,2024-05-17,soirée,,,38,38087,1,1,2,3,4,Voie communale,50.0,1
202400035161,2024-02-19,soirée,,,971,97101,5,1,3,4,4,Voie communale,50.0,1
202400035162,2024-01-17,soirée,,,51,51410,3,2,1,4,3,Départementale,90.0,2
202400035163,2024-05-17,soirée,,,07,07293,1,1,7,4,3,Départementale,80.0,9
202400035164,2024-02-29,après-midi,,,2A,2A004,1,1,6,4,4,Voie communale,50.0,1
202400035165,2024-04-09,matin,,,03,03133,2,1,1,4,3,Départementale,90.0,1
202400035166,2024-05-17,matin,,,01,01049,2,1,6,4,3,Départementale,,1
202400035167,2024-01-18,matin,,,974,97412,1,1,3,4,2,Nationale,50.0,1
202400035168,2024-02-29,soirée,,,95,95219,5,2,6,4,3,Départementale,30.0,2
202400035169,2024-05-15,après-midi,,,69,69143,1,2,6,3,6,Autre,50.0,2
202400035170,2024-03-29,soirée,,,01,01373,1,1,2,4,1,Autoroute,,1
202400035171,2024-01-18,après-midi,,,11,11111,1,1,1,4,3,Départementale,80.0,1
202400035172,2024-05-17,matin,,,64,64422,1,8,3,4,3,Départementale,50.0,1
202400035173,2024-02-29,soirée,,,91,91570,1,2,6,4,3,Départementale,50.0,2
202400035174,2024-01-17,nuit,,,57,57111,3,4,2,4,1,Autoroute,130.0,7
202400035175,2024-05-12,matin,,,33,33517,1,2,1,4,3,Départementale,50.0,2
202400035176,2024-01-17,nuit,,,52,52074,3,2,2,3,1,Autoroute,130.0,7
202400035177,2024-02-29,après-midi,,,91,91425,1,2,2,4,3,Départementale,50.0,2
202400035178,2024-03-26,matin,,,13,13025,1,2,3,4,1,Autoroute,110.0,2
202400035179,2024-05-16,matin,,,50,50288,1,1,2,4,3,Départementale,30.0,1
202400035180,2024-01-17,après-midi,,,29,29105,3,3,6,3,2,Nationale,110.0,2
202400035181,2024-04-09,nuit,,,51,51572,3,2,6,4,1,Autoroute,130.0,2
202400035182,2024-02-29,matin,,,91,91645,2,2,1,4,4,Voie communale,50.0,2
202400035183,2024-01-18,après-midi,,,26,26333,1,2,7,3,4,Voie communale,80.0,8
202400035184,2024-01-18,matin,,,72,72231,1,1,6,2,3,Départementale,50.0,2
202400035185,2024-05-17,après-midi,,,59,59449,1,1,5,4,3,Départementale,50.0,1
202400035186,2024-02-29,matin,,,91,91326,1,2,3,3,3,Départementale,50.0,2
202400035187,2024-04-08,après-midi,,,13,13114,1,1,3,3,3,Départementale,80.0,1
202400035188,2024-02-29,soirée,,,91,91228,5,2,6,4,4,Voie communale,50.0,2
202400035189,2024-01-18,après-midi,,,77,77406,1,4,6,2,3,Départementale,80.0,7
202400035190,2024-04-08,après-midi,,,971,97116,1,1,1,3,4,Voie communale,50.0,1
202400035191,2024-05-15,après-midi,,,13,13005,1,1,4,4,1,Autoroute,90.0,1
202400035192,2024-02-27,après-midi,,,86,86194,1,1,3,4,3,Départementale,70.0,1
202400035193,2024-04-08,matin,,,45,45202,2,9,2,3,3,Départementale,80.0,9
202400035194,2024-05-16,matin,,,83,83137,1,1,4,4,1,Autoroute,70.0,1
202400035195,2024-01-18,soirée,,,51,51165,3,5,1,4,2,Nationale,80.0,2
202400035196,2024-02-25,après-midi,,,84,84007,1,1,1,4,4,Voie communale,50.0,1
202400035197,2024-04-09,matin,,,77,77469,1,1,3,3,3,Départementale,80.0,1
202400035198,2024-05-10,nuit,,,83,83069,3,1,3,4,1,Autoroute,110.0,2
202400035199,2024-01-17,après-midi,,,46,46038,5,2,6,3,3,Départementale,50.0,2
202400035200,2024-02-28,soirée,,,81,81004,1,1,6,4,4,Voie communale,30.0,1
202400035201,2024-05-16,matin,,,33,33318,1,1,2,4,1,Autoroute,90.0,2
202400035202,2024-01-12,soirée,,,39,39006,3,1,7,3,3,Départementale,80.0,1
202400035203,2024-04-08,après-midi,,,05,05070,1,1,3,4,3,Départementale,50.0,1
202400035204,2024-05-15,après-midi,,,33,33550,1,2,2,4,1,Autoroute,90.0,2
202400035205,2024-04-05,après-midi,,,25,25057,1,1,6,3,4,Voie communale,50.0,1
202400035206,2024-01-18,après-midi,,,39,39006,1,3,5,3,2,Nationale,80.0,2
202400035207,2024-02-29,matin,,,78,78005,1,2,6,4,4,Voie communale,50.0,2
202400035208,2024-05-13,matin,,,59,59350,1,1,5,4,1,Autoroute,70.0,1
202400035209,2024-04-07,après-midi,,,57,57212,1,1,6,3,7,Autre,80.0,1
202400035210,2024-01-17,soirée,,,44,44187,3,2,1,4,3,Départementale,80.0,2
202400035211,2024-05-12,nuit,,,62,62628,3,1,7,3,1,Autoroute,130.0,1
202400035212,2024-02-28,soirée,,,76,76351,5,2,6,4,4,Voie communale,50.0,2
202400035213,2024-04-08,après-midi,,,73,73051,1,1,2,3,6,Autre,,1
202400035214,2024-01-18,après-midi,,,29,29220,1,1,6,4,4,Voie communale,,1
202400035215,2024-02-28,soirée,,,76,76414,3,2,7,4,3,Départementale,80.0,2
202400035216,2024-05-16,soirée,,,91,91617,1,1,3,4,2,Nationale,90.0,1
202400035217,2024-01-17,matin,,,03,03258,1,8,6,2,3,Départementale,90.0,2
202400035218,2024-02-29,après-midi,,,74,74010,1,1,6,4,4,Voie communale,50.0,1
202400035219,2024-01-18,après-midi,,,01,01269,2,3,6,4,3,Départementale,50.0,2
202400035220,2024-04-08,après-midi,,,33,33262,1,2,3,4,3,Départementale,80.0,2
202400035221,2024-05-16,après-midi,,,94,94016,1,1,2,4,1,Autoroute,90.0,1
202400035222,2024-02-28,après-midi,,,73,73011,1,8,6,3,4,Voie communale,50.0,1
202400035223,2024-01-17,soirée,,,01,01388,3,3,3,4,3,Départementale,50.0,2
202400035224,2024-05-16,nuit,,,91,91477,3,1,2,4,1,Autoroute,70.0,1
202400035225,2024-03-23,nuit,,,33,33101,5,1,6,4,3,Départementale,80.0,1
202400035226,2024-01-18,matin,,,43,43051,1,8,1,4,3,Départementale,90.0,2
202400035227,2024-02-28,soirée,,,72,72181,1,1,3,4,4,Voie communale,50.0,1
202400035228,2024-05-16,matin,,,93,93027,1,1,5,4,1,Autoroute,70.0,1
202400035229,2024-04-08,soirée,,,27,27008,1,3,1,2,4,Voie communale,,4
202400035230,2024-01-18,après-midi,,,10,10104,1,1,6,3,3,Départementale,80.0,1
202400035231,2024-02-28,soirée,,,72,72181,1,1,2,4,3,Départementale,70.0,1
202400035232,2024-05-16,nuit,,,93,93063,3,1,3,4,1,Autoroute,90.0,1
202400035233,2024-01-09,soirée,,,33,33351,3,1,6,3,1,Autoroute,110.0,1
202400035234,2024-04-09,après-midi,,,60,60010,1,3,6,3,4,Voie communale,50.0,2
202400035235,2024-02-28,après-midi,,,72,72181,1,1,3,4,4,Voie communale,50.0,1
202400035236,2024-05-15,après-midi,,,93,93066,1,1,2,4,1,Autoroute,90.0,1
202400035237,2024-01-18,nuit,,,57,57433,3,2,6,2,1,Autoroute,90.0,2
202400035238,2024-03-30,nuit,,,13,13005,3,1,3,4,1,Autoroute,90.0,1
202400035239,2024-05-15,après-midi,,,95,95212,1,1,3,4,2,Nationale,90.0,1
202400035240,2024-02-29,matin,,,69,69264,1,1,6,4,3,Départementale,50.0,1
202400035241,2024-01-18,matin,,,69,69013,1,1,3,4,1,Autoroute,130.0,1
202400035242,2024-04-08,après-midi,,,83,83069,1,1,3,4,2,Nationale,90.0,1
202400035243,2024-01-18,après-midi,,,977,97701,1,1,6,3,4,Voie communale,20.0,1
202400035244,2024-05-15,matin,,,94,94022,1,1,4,4,1,Autoroute,90.0,1
202400035245,2024-02-26,matin,,,69,69199,1,1,1,4,7,Autre,,1
202400035246,2024-04-08,après-midi,,,33,33119,1,1,3,4,2,Nationale,90.0,1
202400035247,2024-01-17,soirée,,,95,95199,3,2,6,4,3,Départementale,90.0,2
202400035248,2024-05-15,matin,,,94,94058,1,1,2,4,1,Autoroute,90.0,1
202400035249,2024-04-01,nuit,,,62,62239,3,1,6,3,1,Autoroute,90.0,1
202400035250,2024-04-16,soirée,,,93,93001,1,3,3,4,4,Voie communale,50.0,2
202400035251,2024-01-18,après-midi,,,66,66212,1,1,5,4,3,Départementale,80.0,1
202400035252,2024-02-28,soirée,,,67,67447,5,1,3,4,7,Autre,50.0,1
202400035253,2024-01-18,après-midi,,,66,66065,1,1,3,3,3,Départementale,50.0,1
202400035254,2024-04-06,matin,,,59,59459,3,1,2,3,1,Autoroute,110.0,1
202400035255,2024-02-04,nuit,,,44,44109,5,8,6,2,4,Voie communale,30.0,1
202400035256,2024-02-29,matin,,,62,62498,5,2,3,2,4,Voie communale,50.0,2
202400035257,2024-01-17,nuit,,,13,13024,3,2,1,2,3,Départementale,80.0,2
202400035258,2024-01-17,soirée,,,54,54090,5,9,6,2,3,Départementale,50.0,2
202400035259,2024-04-08,après-midi,,,91,91216,1,1,4,4,1,Autoroute,110.0,1
202400035260,2024-01-18,matin,,,42,42304,3,1,6,3,3,Départementale,80.0,2
202400035261,2024-02-19,après-midi,,,61,61006,1,1,3,3,3,Départementale,90.0,1
202400035262,2024-05-11,soirée,,,59,59230,1,1,3,3,3,Départementale,50.0,1
202400035263,2024-04-07,soirée,,,91,91589,3,2,2,4,1,Autoroute,110.0,2
202400035264,2024-01-18,matin,,,69,69243,4,2,3,3,3,Départementale,50.0,2
202400035265,2024-03-06,après-midi,,,77,77258,1,1,6,4,1,Autoroute,110.0,1
202400035266,2024-02-29,nuit,,,59,59599,5,1,3,4,4,Voie communale,50.0,2
202400035267,2024-01-12,après-midi,,,81,81198,1,8,1,3,3,Départementale,80.0,2
202400035268,2024-02-19,matin,,,77,77058,2,1,2,4,3,Départementale,80.0,1
202400035269,2024-02-18,après-midi,,,77,77449,1,2,6,4,4,Voie communale,50.0,2
202400035270,2024-02-29,soirée,,,59,59512,5,2,6,4,7,Autre,50.0,2
202400035271,2024-01-17,après-midi,,,64,64430,2,1,3,3,4,Voie communale,50.0,1
202400035272,2024-04-06,soirée,,,95,95598,5,1,2,4,3,Départementale,50.0,1
202400035273,2024-02-18,nuit,,,13,13028,5,1,6,4,3,Départementale,50.0,1
202400035274,2024-01-12,soirée,,,57,57303,3,1,2,4,1,Autoroute,110.0,1
202400035275,2024-02-29,soirée,,,59,59350,5,1,3,4,7,Autre,50.0,1
202400035276,2024-05-14,après-midi,,,974,97411,1,1,7,4,4,Voie communale,50.0,1
202400035277,2024-01-16,après-midi,,,33,33249,1,2,6,4,2,Nationale,50.0,2
202400035278,2024-04-07,matin,,,91,91479,1,1,4,4,3,Départementale,50.0,1
202400035279,2024-05-13,après-midi,,,974,97411,1,1,6,4,4,Voie communale,30.0,1
202400035280,2024-01-17,soirée,,,94,94034,3,2,2,4,1,Autoroute,70.0,2
202400035281,2024-02-29,matin,,,54,54261,1,1,3,4,4,Voie communale,50.0,1
202400035282,2024-04-06,nuit,,,90,90039,3,1,7,4,3,Départementale,80.0,1
202400035283,2024-01-17,matin,,,91,91659,1,3,2,4,1,Autoroute,100.0,2
202400035284,2024-04-07,nuit,,,973,97302,5,1,7,4,3,Départementale,50.0,1
202400035285,2024-04-06,soirée,,,84,84007,1,1,6,4,3,Départementale,90.0,1
202400035286,2024-01-17,matin,,,77,77296,3,3,6,4,1,Autoroute,110.0,2
202400035287,2024-02-28,après-midi,,,50,50129,1,2,3,4,3,Départementale,50.0,2
202400035288,2024-05-15,matin,,,69,69387,1,2,3,4,4,Voie communale,30.0,2
202400035289,2024-01-17,matin,,,93,93066,1,3,2,4,1,Autoroute,70.0,4
202400035290,2024-04-07,matin,,,74,74012,1,1,6,4,4,Voie communale,50.0,1
202400035291,2024-05-14,nuit,,,971,97113,5,1,3,4,2,Nationale,70.0,1
202400035292,2024-01-17,nuit,,,95,95151,3,4,6,4,2,Nationale,90.0,7
202400035293,2024-02-27,après-midi,,,50,50129,1,1,2,4,3,Départementale,90.0,1
202400035294,2024-04-07,après-midi,,,71,71306,1,1,6,4,4,Voie communale,50.0,1
202400035295,2024-05-11,nuit,,,971,97113,5,1,6,4,4,Voie communale,50.0,1
202400035296,2024-01-17,nuit,,,95,95151,3,4,6,4,2,Nationale,90.0,7
202400035297,2024-02-29,soirée,,,49,49328,5,1,6,4,4,Voie communale,50.0,2
202400035298,2024-01-17,nuit,,,95,95678,3,2,6,4,2,Nationale,110.0,2
202400035299,2024-04-07,soirée,,,69,69256,2,6,6,4,4,Voie communale,50.0,1
202400035300,2024-05-12,matin,,,971,97113,1,1,6,3,2,Nationale,70.0,1
202400035301,2024-02-28,après-midi,,,49,49007,1,8,3,4,4,Voie communale,50.0,1
202400035302,2024-01-16,matin,,,976,97611,1,1,3,4,4,Voie communale,50.0,1
202400035303,2024-04-06,soirée,,,69,69115,1,1,3,4,3,Départementale,50.0,1
202400035304,2024-05-15,matin,,,2A,2A004,1,1,6,4,4,Voie communale,25.0,1
202400035305,2024-02-19,matin,,,45,45338,1,8,6,4,4,Voie communale,50.0,1
202400035306,2024-04-07,nuit,,,69,69290,5,6,6,4,4,Voie communale,50.0,1
202400035307,2024-01-16,après-midi,,,973,97302,1,1,3,4,3,Départementale,50.0,1
202400035308,2024-02-29,après-midi,,,43,43157,1,1,7,4,4,Voie communale,50.0,1
202400035309,2024-05-15,après-midi,,,95,95268,1,1,3,3,3,Départementale,50.0,1
202400035310,2024-01-16,après-midi,,,973,97302,1,1,3,4,4,Voie communale,50.0,1
202400035311,2024-02-29,après-midi,,,38,38053,1,1,3,4,4,Voie communale,50.0,1
202400035312,2024-04-07,nuit,,,67,67204,5,1,3,4,4,Voie communale,50.0,1
202400035313,2024-05-15,matin,,,91,91377,1,1,2,4,4,Voie communale,50.0,1
202400035314,2024-01-16,après-midi,,,69,69388,1,1,7,4,4,Voie communale,30.0,1
202400035315,2024-04-06,matin,,,59,59043,1,7,6,3,3,Départementale,50.0,1
202400035316,2024-05-15,nuit,,,91,91692,3,1,6,4,3,Départementale,50.0,1
202400035317,2024-02-15,après-midi,,,34,34108,1,1,2,4,4,Voie communale,,1
202400035318,2024-01-16,après-midi,,,69,69383,1,1,1,4,4,Voie communale,50.0,1
202400035319,2024-05-15,après-midi,,,91,91027,1,1,3,4,4,Voie communale,30.0,1
202400035320,2024-04-07,matin,,,56,56260,1,1,3,3,4,Voie communale,50.0,1
202400035321,2024-05-15,après-midi,,,84,84007,1,1,3,4,3,Départementale,50.0,1
202400035322,2024-02-28,matin,,,24,24037,1,1,3,4,4,Voie communale,50.0,1
202400035323,2024-01-16,après-midi,,,69,69383,1,8,4,4,4,Voie communale,30.0,1
202400035324,2024-05-15,matin,,,84,84007,1,1,7,4,4,Voie communale,30.0,1
202400035325,2024-01-16,matin,,,69,69388,1,1,3,4,4,Voie communale,50.0,1
202400035326,2024-03-28,soirée,,,46,46042,2,1,3,4,3,Départementale,30.0,1
202400035327,2024-05-15,après-midi,,,83,83062,1,8,3,3,3,Départementale,50.0,1
202400035328,2024-01-15,matin,,,972,97209,1,1,6,3,4,Voie communale,30.0,1
202400035329,2024-02-29,matin,,,21,21173,1,5,3,4,3,Départementale,80.0,2
202400035330,2024-04-07,soirée,,,44,44109,5,2,6,4,4,Voie communale,30.0,2
202400035331,2024-05-14,matin,,,80,80021,1,2,3,4,4,Voie communale,30.0,2
202400035332,2024-01-16,soirée,,,69,69384,5,1,6,3,4,Voie communale,30.0,2