Num_Acc,date,time_of_day,lat,long,dep,com,lum,atm,col,severity_index,catr,catr_label,vma,surf
202400035333,2024-04-07,après-midi,,,44,44109,1,1,2,3,4,Voie communale,30.0,2
202400035334,2024-05-15,après-midi,,,79,79329,1,3,6,3,4,Voie communale,50.0,2
202400035335,2024-01-16,après-midi,,,2B,2B037,1,1,3,4,2,Nationale,90.0,1
202400035336,2024-02-29,après-midi,,,15,15014,1,1,4,4,4,Voie communale,50.0,1
202400035337,2024-05-15,après-midi,,,78,78208,1,1,6,4,4,Voie communale,50.0,1
202400035338,2024-04-07,soirée,,,43,43002,2,1,6,4,3,Départementale,50.0,1
202400035339,2024-01-16,matin,,,2B,2B037,1,1,5,4,2,Nationale,50.0,1
202400035340,2024-02-28,soirée,,,14,14366,5,1,6,3,4,Voie communale,50.0,1
202400035341,2024-04-07,après-midi,,,43,43046,1,8,3,4,3,Départementale,50.0,1
202400035342,2024-02-29,après-midi,,,13,13043,1,1,2,4,3,Départementale,50.0,1
202400035343,2024-01-15,après-midi,,,971,97101,1,1,2,4,2,Nationale,90.0,1
202400035344,2024-04-06,après-midi,,,42,42302,1,1,6,3,7,Autre,80.0,1
202400035345,2024-05-13,après-midi,,,77,77433,1,1,1,3,3,Départementale,80.0,1
202400035346,2024-01-15,matin,,,971,97113,2,2,7,4,3,Départementale,70.0,2
202400035347,2024-02-29,matin,,,13,13054,1,1,3,4,4,Voie communale,50.0,1
202400035348,2024-05-14,après-midi,,,76,76351,1,1,6,3,4,Voie communale,30.0,1
202400035349,2024-04-05,soirée,,,42,42218,1,1,6,4,4,Voie communale,50.0,1
202400035350,2024-01-14,nuit,,,971,97101,5,1,6,3,3,Départementale,50.0,1
202400035351,2024-02-29,matin,,,13,13214,1,1,2,2,3,Départementale,50.0,1
202400035352,2024-01-16,après-midi,,,95,95288,1,1,6,4,3,Départementale,50.0,1
202400035353,2024-05-15,après-midi,,,76,76259,1,1,3,3,3,Départementale,50.0,1
202400035354,2024-02-29,après-midi,,,10,10081,1,1,6,4,3,Départementale,110.0,1
202400035355,2024-04-05,nuit,,,42,42218,5,1,3,4,4,Voie communale,50.0,1
202400035356,2024-01-16,après-midi,,,91,91645,1,1,6,4,4,Voie communale,50.0,1
202400035357,2024-05-15,nuit,,,69,69259,5,2,3,3,4,Voie communale,50.0,2
202400035358,2024-02-23,soirée,,,10,10333,2,3,6,4,6,Autre,10.0,2
202400035359,2024-01-16,matin,,,91,91692,1,1,5,4,4,Voie communale,45.0,1
202400035360,2024-04-07,soirée,,,42,42095,2,1,3,4,4,Voie communale,50.0,1
202400035361,2024-02-28,après-midi,,,07,07281,1,1,3,4,3,Départementale,50.0,1
202400035362,2024-05-15,nuit,,,68,68066,5,8,3,4,4,Voie communale,50.0,1
202400035363,2024-01-16,soirée,,,91,91027,5,1,3,4,3,Départementale,50.0,1
202400035364,2024-02-29,nuit,,,75,75120,3,1,1,3,4,Voie communale,30.0,1
202400035365,2024-05-15,après-midi,,,67,67482,1,1,3,4,4,Voie communale,50.0,1
202400035366,2024-04-07,après-midi,,,37,37261,1,1,3,4,4,Voie communale,50.0,1
202400035367,2024-01-16,matin,,,91,91027,1,8,6,4,3,Départementale,30.0,1
202400035368,2024-05-12,après-midi,,,63,63300,1,2,7,4,3,Départementale,110.0,2
202400035369,2024-02-29,après-midi,,,75,75105,1,2,6,4,4,Voie communale,30.0,2
202400035370,2024-04-06,après-midi,,,37,37261,1,1,3,4,4,Voie communale,50.0,1
202400035371,2024-01-16,matin,,,91,91589,1,1,6,4,3,Départementale,50.0,1
202400035372,2024-02-29,soirée,,,75,75120,5,1,3,4,4,Voie communale,50.0,1
202400035373,2024-05-10,après-midi,,,57,57221,1,1,3,4,3,Départementale,50.0,1
202400035374,2024-01-16,matin,,,91,91521,5,8,6,4,4,Voie communale,30.0,2
202400035375,2024-04-07,après-midi,,,35,35238,1,1,3,4,4,Voie communale,30.0,1
202400035376,2024-05-14,soirée,,,56,56098,1,1,4,4,3,Départementale,70.0,1
202400035377,2024-01-14,nuit,,,84,84007,5,1,6,4,4,Voie communale,50.0,1
202400035378,2024-02-28,après-midi,,,75,75120,1,1,6,4,4,Voie communale,30.0,1
202400035379,2024-04-07,nuit,,,34,34003,3,1,2,4,3,Départementale,90.0,1
202400035380,2024-01-16,soirée,,,83,83069,5,1,3,4,3,Départementale,50.0,1
202400035381,2024-05-15,nuit,,,51,51454,5,2,3,4,4,Voie communale,30.0,2
202400035382,2024-02-29,après-midi,,,75,75118,1,2,3,4,4,Voie communale,30.0,2
202400035383,2024-04-07,après-midi,,,33,33063,1,1,6,4,4,Voie communale,30.0,1
202400035384,2024-05-15,soirée,,,51,51454,1,1,2,4,4,Voie communale,50.0,1
202400035385,2024-01-02,matin,,,83,83069,1,1,7,3,3,Départementale,50.0,9
202400035386,2024-02-28,nuit,,,75,75116,5,1,3,4,4,Voie communale,50.0,1
202400035387,2024-04-07,nuit,,,33,33063,5,1,6,4,4,Voie communale,30.0,1
202400035388,2024-05-14,après-midi,,,49,49007,1,1,3,4,4,Voie communale,50.0,1
202400035389,2024-02-29,soirée,,,75,75113,2,2,6,4,4,Voie communale,30.0,2
202400035390,2024-01-17,nuit,,,82,82033,4,1,3,4,3,Départementale,50.0,1
202400035391,2024-01-15,soirée,,,80,80021,5,1,6,4,4,Voie communale,30.0,1
202400035392,2024-02-29,après-midi,,,75,75110,1,2,6,4,4,Voie communale,30.0,2
202400035393,2024-04-06,après-midi,,,33,33063,1,1,3,3,4,Voie communale,50.0,1
202400035394,2024-05-15,matin,,,45,45234,1,1,3,2,4,Voie communale,10.0,1
202400035395,2024-05-15,matin,,,43,43002,1,1,6,3,4,Voie communale,30.0,1
202400035396,2024-01-15,soirée,,,78,78418,5,1,3,4,3,Départementale,50.0,1
202400035397,2024-02-29,après-midi,,,75,75110,1,2,3,4,4,Voie communale,30.0,2
202400035398,2024-04-07,après-midi,,,31,31555,1,1,2,4,7,Autre,90.0,1
202400035399,2024-01-16,matin,,,78,78350,5,1,6,2,3,Départementale,50.0,1
202400035400,2024-05-13,soirée,,,42,42218,1,2,2,4,4,Voie communale,50.0,2
202400035401,2024-02-29,nuit,,,75,75107,5,1,6,4,4,Voie communale,30.0,1
202400035402,2024-04-07,nuit,,,31,31555,5,6,2,4,4,Voie communale,30.0,1
202400035403,2024-05-14,nuit,,,42,42127,3,2,2,4,3,Départementale,50.0,2
202400035404,2024-02-28,soirée,,,94,94079,5,1,2,4,3,Départementale,50.0,1
202400035405,2024-01-16,soirée,,,77,77083,2,8,6,4,4,Voie communale,50.0,1
202400035406,2024-04-07,après-midi,,,30,30243,1,1,1,4,3,Départementale,50.0,1
202400035407,2024-02-29,soirée,,,94,94017,5,8,2,4,3,Départementale,50.0,2
202400035408,2024-05-15,après-midi,,,35,35278,1,3,2,4,2,Nationale,90.0,2
202400035409,2024-01-16,après-midi,,,77,77243,1,1,3,4,4,Voie communale,50.0,1
202400035410,2024-02-29,nuit,,,94,94075,4,3,3,4,2,Nationale,50.0,2
202400035411,2024-04-07,après-midi,,,25,25547,1,1,1,4,3,Départementale,50.0,1
202400035412,2024-02-29,soirée,,,94,94075,5,8,6,4,3,Départementale,30.0,2
202400035413,2024-05-15,matin,,,34,34301,1,1,2,4,4,Voie communale,50.0,1
202400035414,2024-01-16,matin,,,77,77243,1,1,6,4,3,Départementale,50.0,1
202400035415,2024-04-07,nuit,,,22,22187,3,1,6,4,4,Voie communale,50.0,1
202400035416,2024-01-16,matin,,,76,76351,1,1,6,4,4,Voie communale,,1
202400035417,2024-02-29,matin,,,94,94004,1,2,1,4,2,Nationale,,2
202400035418,2024-05-15,matin,,,34,34198,1,1,3,4,7,Autre,50.0,1
202400035419,2024-04-06,après-midi,,,14,14333,1,1,6,4,3,Départementale,50.0,1
202400035420,2024-02-29,après-midi,,,93,93073,1,2,1,4,4,Voie communale,50.0,2
202400035421,2024-05-15,matin,,,34,34172,1,1,3,4,4,Voie communale,50.0,1
202400035422,2024-02-28,nuit,,,93,93066,5,1,1,3,4,Voie communale,50.0,1
202400035423,2024-01-16,soirée,,,76,76576,5,1,6,4,3,Départementale,50.0,7
202400035424,2024-01-15,soirée,,,72,72181,5,1,3,4,4,Voie communale,50.0,1
202400035425,2024-04-07,après-midi,,,13,13214,1,1,3,4,4,Voie communale,50.0,1
202400035426,2024-02-28,matin,,,93,93053,1,1,3,4,3,Départementale,50.0,1
202400035427,2024-05-15,après-midi,,,33,33200,1,8,4,4,4,Voie communale,50.0,2
202400035428,2024-01-15,soirée,,,69,69029,5,2,3,4,7,Autre,50.0,2
202400035429,2024-04-07,après-midi,,,13,13215,1,1,3,4,4,Voie communale,50.0,1
202400035430,2024-02-29,matin,,,93,93051,1,2,6,4,3,Départementale,,2
202400035431,2024-05-14,après-midi,,,33,33075,1,1,3,4,4,Voie communale,50.0,1
202400035432,2024-04-07,nuit,,,13,13206,3,1,1,3,4,Voie communale,30.0,1
202400035433,2024-01-15,après-midi,,,69,69290,1,2,1,4,7,Autre,30.0,2
202400035434,2024-05-15,soirée,,,28,28134,1,1,6,4,9,Autre,50.0,1
202400035435,2024-04-07,nuit,,,13,13205,5,1,1,3,4,Voie communale,30.0,1
202400035436,2024-01-16,matin,,,69,69091,1,8,6,4,4,Voie communale,30.0,1
202400035437,2024-02-29,soirée,,,93,93005,5,1,6,4,3,Départementale,,1
202400035438,2024-04-06,après-midi,,,13,13215,1,1,1,4,6,Autre,30.0,1
202400035439,2024-01-15,après-midi,,,67,67482,1,4,6,3,4,Voie communale,30.0,5
202400035440,2024-02-29,après-midi,,,92,92062,1,2,2,4,3,Départementale,50.0,2
202400035441,2024-05-15,matin,,,27,27229,1,1,6,4,4,Voie communale,50.0,1
202400035442,2024-04-06,après-midi,,,13,13028,1,1,3,3,4,Voie communale,50.0,1
202400035443,2024-01-13,soirée,,,66,66136,5,1,1,4,4,Voie communale,50.0,1
202400035444,2024-01-17,nuit,,,64,64129,5,1,7,4,4,Voie communale,50.0,1
202400035445,2024-05-15,après-midi,,,25,25056,1,2,3,4,4,Voie communale,50.0,2
202400035446,2024-02-29,soirée,,,92,92020,5,2,3,4,3,Départementale,50.0,2
202400035447,2024-04-05,après-midi,,,13,13005,1,1,2,4,7,Autre,50.0,1
202400035448,2024-02-23,soirée,,,92,92026,5,1,7,3,3,Départementale,50.0,1
202400035449,2024-01-10,soirée,,,64,64445,5,1,3,4,4,Voie communale,30.0,1
202400035450,2024-01-16,après-midi,,,64,64445,1,1,3,4,4,Voie communale,50.0,1
202400035451,2024-05-15,après-midi,,,14,14333,1,1,3,4,4,Voie communale,50.0,1
202400035452,2024-01-16,après-midi,,,64,64269,1,1,3,4,3,Départementale,50.0,1
202400035453,2024-04-05,après-midi,,,11,11069,1,1,3,4,4,Voie communale,50.0,1
202400035454,2024-02-29,soirée,,,92,92007,5,2,3,4,3,Départementale,50.0,2
202400035455,2024-05-14,soirée,,,14,14301,1,8,6,3,4,Voie communale,50.0,1
202400035456,2024-05-15,après-midi,,,13,13208,1,1,3,4,4,Voie communale,50.0,1
202400035457,2024-04-07,après-midi,,,06,06029,1,1,1,4,4,Voie communale,50.0,1
202400035458,2024-01-15,après-midi,,,63,63113,5,2,3,4,4,Voie communale,30.0,2
202400035459,2024-02-29,matin,,,91,91689,5,2,6,4,3,Départementale,50.0,2
202400035460,2024-05-15,matin,,,13,13047,1,1,3,4,4,Voie communale,50.0,1
202400035461,2024-01-16,matin,,,62,62291,1,1,7,4,3,Départementale,50.0,1
202400035462,2024-02-28,matin,,,92,92014,1,1,2,4,3,Départementale,50.0,1
202400035463,2024-05-04,matin,,,06,06104,1,1,1,3,3,Départementale,80.0,1
202400035464,2024-01-15,matin,,,62,62037,5,1,1,3,3,Départementale,50.0,1
202400035465,2024-04-07,après-midi,,,75,75116,1,1,4,4,4,Voie communale,70.0,1
202400035466,2024-01-15,après-midi,,,59,59512,5,1,6,3,4,Voie communale,50.0,1
202400035467,2024-03-01,matin,,,976,97610,2,2,1,3,4,Voie communale,30.0,2
202400035468,2024-04-05,après-midi,,,75,75110,1,1,1,3,4,Voie communale,30.0,1
202400035469,2024-05-12,matin,,,03,03023,1,1,3,3,3,Départementale,50.0,1
202400035470,2024-02-29,après-midi,,,38,38353,1,1,1,3,4,Voie communale,50.0,1
202400035471,2024-01-16,soirée,,,59,59009,5,9,3,2,7,Autre,50.0,1
202400035472,2024-04-05,après-midi,,,75,75116,1,1,3,4,4,Voie communale,30.0,1
202400035473,2024-03-01,nuit,,,95,95436,3,9,6,3,3,Départementale,80.0,2
202400035474,2024-01-15,soirée,,,56,56083,5,1,1,4,4,Voie communale,50.0,1
202400035475,2024-05-15,après-midi,,,01,01053,1,2,3,4,4,Voie communale,50.0,2
202400035476,2024-04-07,matin,,,75,75120,1,1,3,4,4,Voie communale,30.0,1
202400035477,2024-05-15,matin,,,75,75112,1,1,3,4,4,Voie communale,70.0,1
202400035478,2024-03-01,matin,,,31,31044,1,1,5,3,7,Autre,50.0,1
202400035479,2024-01-16,soirée,,,54,54270,3,1,1,4,3,Départementale,80.0,7
202400035480,2024-04-06,après-midi,,,75,75120,1,1,6,4,4,Voie communale,30.0,1
202400035481,2024-05-14,nuit,,,75,75116,5,1,2,3,4,Voie communale,50.0,2
202400035482,2024-02-19,après-midi,,,51,51136,1,1,3,4,3,Départementale,50.0,1
202400035483,2024-01-16,matin,,,51,51454,1,1,3,4,4,Voie communale,50.0,1
202400035484,2024-04-07,matin,,,75,75119,1,1,3,3,4,Voie communale,30.0,1
202400035485,2024-02-29,après-midi,,,23,23001,2,2,7,2,4,Voie communale,90.0,2
202400035486,2024-01-16,matin,,,51,51454,1,1,2,4,4,Voie communale,50.0,1
202400035487,2024-05-15,matin,,,75,75117,1,1,3,4,4,Voie communale,50.0,1
202400035488,2024-04-07,après-midi,,,75,75117,1,1,3,4,4,Voie communale,30.0,1
202400035489,2024-03-01,nuit,,,23,23068,3,1,6,3,3,Départementale,90.0,1
202400035490,2024-02-29,soirée,,,28,28162,4,3,6,3,3,Départementale,50.0,2
202400035491,2024-01-15,matin,,,51,51454,1,1,4,3,4,Voie communale,50.0,1
202400035492,2024-05-15,après-midi,,,75,75111,1,1,6,4,4,Voie communale,30.0,1
202400035493,2024-04-07,nuit,,,75,75117,5,1,6,3,4,Voie communale,30.0,1
202400035494,2024-01-15,soirée,,,50,50129,5,1,3,4,4,Voie communale,30.0,1
202400035495,2024-02-29,après-midi,,,29,29078,1,3,2,3,2,Nationale,110.0,2
202400035496,2024-05-15,soirée,,,75,75102,1,2,3,4,4,Voie communale,30.0,2
202400035497,2024-07-20,après-midi,,,56,56260,1,1,3,4,4,Voie communale,50.0,1
202400035498,2024-04-07,soirée,,,75,75106,5,2,1,4,4,Voie communale,30.0,2
202400035499,2024-01-13,matin,,,50,50129,5,1,3,4,4,Voie communale,30.0,1
202400035500,2024-02-29,après-midi,,,65,65084,1,7,3,4,3,Départementale,90.0,1
202400035501,2024-05-12,soirée,,,94,94052,1,1,3,4,3,Départementale,50.0,1
202400035502,2024-02-29,après-midi,,,11,11110,1,1,7,2,3,Départementale,,1
202400035503,2024-07-21,après-midi,,,54,54261,1,1,3,4,3,Départementale,30.0,1
202400035504,2024-04-07,soirée,,,75,75115,1,1,7,4,4,Voie communale,30.0,1
202400035505,2024-01-15,soirée,,,49,49007,5,1,2,4,4,Voie communale,50.0,1
202400035506,2024-02-29,matin,,,71,71137,1,1,6,3,4,Voie communale,50.0,1
202400035507,2024-01-15,après-midi,,,49,49353,1,1,6,4,4,Voie communale,50.0,1
202400035508,2024-05-15,soirée,,,93,93071,5,2,3,4,3,Départementale,50.0,2
202400035509,2024-07-16,matin,,,49,49099,1,1,2,3,4,Voie communale,50.0,1
202400035510,2024-02-28,après-midi,,,61,61196,1,1,7,3,3,Départementale,90.0,1
202400035511,2024-04-06,soirée,,,75,75112,5,1,6,4,4,Voie communale,30.0,1
202400035512,2024-01-16,après-midi,,,47,47201,1,8,3,4,3,Départementale,50.0,2
202400035513,2024-03-01,matin,,,12,12120,1,2,1,4,3,Départementale,80.0,2
202400035514,2024-04-07,après-midi,,,75,75101,1,1,6,4,4,Voie communale,30.0,2
202400035515,2024-05-14,nuit,,,93,93063,5,2,1,4,3,Départementale,30.0,2
202400035516,2024-07-20,nuit,,,45,45075,5,3,3,4,3,Départementale,50.0,2
202400035517,2024-01-16,matin,,,45,45068,1,9,4,4,4,Voie communale,50.0,2
202400035518,2024-04-07,après-midi,,,75,75104,1,2,6,4,4,Voie communale,30.0,2
202400035519,2024-01-16,matin,,,37,37261,1,1,3,4,4,Voie communale,50.0,1
202400035520,2024-05-15,matin,,,93,93032,1,1,3,4,3,Départementale,50.0,1
202400035521,2024-02-29,matin,,,42,42323,1,1,6,4,3,Départementale,50.0,1
202400035522,2024-01-12,soirée,,,36,36063,3,1,6,4,2,Nationale,90.0,1
202400035523,2024-04-06,matin,,,75,75101,1,1,7,4,4,Voie communale,30.0,1
202400035524,2024-07-10,après-midi,,,45,45004,1,1,3,4,6,Autre,20.0,1
202400035525,2024-05-15,après-midi,,,93,93027,1,1,2,4,3,Départementale,50.0,1
202400035526,2024-02-29,après-midi,,,22,22163,1,2,3,4,3,Départementale,80.0,2
202400035527,2024-01-12,après-midi,,,36,36044,1,1,6,3,4,Voie communale,50.0,1
202400035528,2024-04-07,soirée,,,94,94081,1,1,6,4,4,Voie communale,50.0,1
202400035529,2024-03-01,nuit,,,25,25514,3,2,6,3,3,Départementale,90.0,2
202400035530,2024-05-14,soirée,,,93,93057,5,1,3,4,3,Départementale,50.0,1
202400035531,2024-07-21,après-midi,,,43,43157,1,1,3,4,4,Voie communale,30.0,1
202400035532,2024-01-16,après-midi,,,35,35238,1,8,3,4,2,Nationale,90.0,1
202400035533,2024-02-23,matin,,,44,44130,1,6,6,3,3,Départementale,30.0,2
202400035534,2024-01-16,soirée,,,34,34172,5,1,6,4,4,Voie communale,30.0,1
202400035535,2024-07-21,nuit,,,38,38185,3,1,2,3,1,Autoroute,110.0,1
202400035536,2024-05-15,après-midi,,,93,93007,1,7,3,4,4,Voie communale,50.0,1
202400035537,2024-04-07,matin,,,94,94052,2,1,2,4,2,Nationale,,1
202400035538,2024-02-28,soirée,,,44,44194,3,1,5,4,7,Autre,80.0,2
202400035539,2024-01-16,matin,,,34,34172,3,2,6,4,4,Voie communale,50.0,2
202400035540,2024-04-07,après-midi,,,94,94034,1,1,6,4,4,Voie communale,30.0,1
202400035541,2024-02-29,après-midi,,,38,38466,1,7,3,3,3,Départementale,50.0,1
202400035542,2024-07-20,après-midi,,,36,36063,1,1,3,4,4,Voie communale,70.0,1
202400035543,2024-01-15,après-midi,,,34,34129,2,1,3,4,4,Voie communale,50.0,1
202400035544,2024-05-15,après-midi,,,93,93005,1,1,4,4,3,Départementale,50.0,1
202400035545,2024-04-07,soirée,,,94,94081,1,2,3,4,3,Départementale,50.0,2
202400035546,2024-01-15,après-midi,,,34,34172,1,1,3,4,4,Voie communale,30.0,1
202400035547,2024-07-20,après-midi,,,34,34301,1,1,1,4,4,Voie communale,50.0,1
202400035548,2024-03-01,après-midi,,,02,02174,1,1,2,3,2,Nationale,80.0,2
202400035549,2024-01-15,matin,,,34,34172,1,1,6,4,4,Voie communale,50.0,1
202400035550,2024-05-15,nuit,,,92,92040,5,1,3,4,4,Voie communale,30.0,1
202400035551,2024-04-07,nuit,,,94,94077,3,1,6,4,4,Voie communale,,1
202400035552,2024-07-21,soirée,,,33,33009,1,1,6,4,4,Voie communale,50.0,1
202400035553,2024-03-01,nuit,,,85,85109,3,1,1,2,3,Départementale,,2
202400035554,2024-01-16,matin,,,31,31555,1,2,1,4,7,Autre,50.0,2
202400035555,2024-05-11,après-midi,,,92,92036,1,1,6,4,3,Départementale,50.0,1
202400035556,2024-02-26,après-midi,,,26,26146,1,1,3,3,3,Départementale,,1
202400035557,2024-04-07,soirée,,,93,93078,1,1,3,4,3,Départementale,50.0,2
202400035558,2024-05-15,après-midi,,,92,92032,1,1,7,4,4,Voie communale,30.0,1
202400035559,2024-01-08,après-midi,,,30,30189,1,1,7,3,4,Voie communale,50.0,1
202400035560,2024-07-21,après-midi,,,31,31555,1,2,7,3,4,Voie communale,30.0,2
202400035561,2024-05-15,matin,,,92,92071,1,1,3,3,4,Voie communale,50.0,1
202400035562,2024-04-06,nuit,,,93,93072,5,1,4,4,3,Départementale,50.0,1
202400035563,2024-01-16,soirée,,,30,30007,5,1,1,4,4,Voie communale,50.0,1
202400035564,2024-04-07,nuit,,,93,93059,5,1,6,4,3,Départementale,30.0,1
202400035565,2024-02-29,nuit,,,90,90054,5,1,6,4,3,Départementale,50.0,1
202400035566,2024-05-15,après-midi,,,37,37169,1,1,3,4,3,Départementale,80.0,9
202400035567,2024-01-15,après-midi,,,28,28404,1,1,6,3,6,Autre,30.0,1
202400035568,2024-07-21,nuit,,,29,29232,3,2,3,4,2,Nationale,110.0,2
202400035569,2024-02-27,matin,,,53,53185,1,1,6,2,6,Autre,50.0,1
202400035570,2024-04-06,après-midi,,,93,93077,1,1,6,4,4,Voie communale,50.0,1
202400035571,2024-05-10,soirée,,,22,22209,1,1,3,4,3,Départementale,50.0,1
202400035572,2024-01-16,après-midi,,,27,27681,5,1,2,4,4,Voie communale,30.0,2
202400035573,2024-05-16,nuit,,,11,11254,2,1,6,3,1,Autoroute,,1
202400035574,2024-04-07,soirée,,,92,92078,1,2,3,4,3,Départementale,50.0,2
202400035575,2024-03-01,matin,,,21,21574,1,1,1,4,3,Départementale,80.0,1
202400035576,2024-07-21,après-midi,,,24,24037,1,1,5,4,3,Départementale,80.0,1
202400035577,2024-02-29,après-midi,,,23,23008,1,1,6,4,4,Voie communale,20.0,1
202400035578,2024-01-16,matin,,,21,21355,2,1,3,3,4,Voie communale,50.0,1
202400035579,2024-04-06,matin,,,92,92073,1,1,3,4,3,Départementale,50.0,1
202400035580,2024-05-12,après-midi,,,11,11148,1,1,3,4,3,Départementale,80.0,1
202400035581,2024-07-20,nuit,,,13,13077,5,1,6,4,4,Voie communale,50.0,1
202400035582,2024-05-16,nuit,,,29,29181,3,1,6,3,2,Nationale,110.0,1
202400035583,2024-02-29,soirée,,,69,69244,5,1,1,4,4,Voie communale,,1
202400035584,2024-01-14,après-midi,,,19,19031,1,1,3,4,4,Voie communale,50.0,1
202400035585,2024-04-07,nuit,,,92,92051,5,3,2,4,4,Voie communale,50.0,2
202400035586,2024-02-21,nuit,,,45,45155,3,1,6,4,3,Départementale,90.0,1
202400035587,2024-07-20,nuit,,,13,13208,5,1,1,3,4,Voie communale,30.0,1
202400035588,2024-05-16,nuit,,,971,97109,5,1,6,4,2,Nationale,70.0,1
202400035589,2024-01-16,après-midi,,,18,18279,1,1,3,4,4,Voie communale,50.0,1
202400035590,2024-04-07,après-midi,,,92,92051,1,2,3,4,4,Voie communale,50.0,2
202400035591,2024-02-29,après-midi,,,77,77229,1,3,5,4,3,Départementale,80.0,2
202400035592,2024-05-16,matin,,,21,21223,1,1,3,4,7,Autre,80.0,1
202400035593,2024-01-11,matin,,,18,18213,1,1,1,3,2,Nationale,50.0,1
202400035594,2024-07-19,soirée,,,13,13001,1,1,2,4,2,Nationale,90.0,1
202400035595,2024-02-27,après-midi,,,78,78125,1,8,7,4,3,Départementale,80.0,1
202400035596,2024-04-07,après-midi,,,92,92026,1,8,3,4,3,Départementale,50.0,2
202400035597,2024-05-16,après-midi,,,76,76530,1,1,3,2,3,Départementale,70.0,1
202400035598,2024-01-15,soirée,,,14,14118,5,1,7,4,4,Voie communale,50.0,1
202400035599,2024-07-21,après-midi,,,12,12013,1,2,6,4,3,Départementale,50.0,2
202400035600,2024-02-02,matin,,,78,78262,1,1,2,4,2,Nationale,110.0,1
202400035601,2024-04-07,soirée,,,92,92024,5,3,2,4,3,Départementale,50.0,2
202400035602,2024-01-16,soirée,,,13,13212,5,1,3,3,4,Voie communale,50.0,1
202400035603,2024-05-16,après-midi,,,33,33302,1,1,1,3,3,Départementale,50.0,2
202400035604,2024-07-21,après-midi,,,06,06088,1,1,3,4,7,Autre,20.0,1
202400035605,2024-02-29,soirée,,,66,66069,1,1,1,3,3,Départementale,80.0,1
202400035606,2024-04-07,soirée,,,92,92004,2,2,3,4,4,Voie communale,50.0,2
202400035607,2024-05-04,après-midi,,,33,33314,1,3,7,4,4,Voie communale,50.0,2
202400035608,2024-01-16,soirée,,,13,13212,5,1,3,3,4,Voie communale,50.0,1
202400035609,2024-02-29,nuit,,,26,26309,3,8,7,3,3,Départementale,80.0,1
202400035610,2024-04-07,soirée,,,72,72291,2,2,6,3,4,Voie communale,90.0,2
202400035611,2024-05-16,après-midi,,,32,32256,1,1,1,2,3,Départementale,80.0,1
202400035612,2024-07-21,après-midi,,,06,06029,1,8,3,4,4,Voie communale,50.0,1
202400035613,2024-01-16,après-midi,,,13,13205,1,1,6,4,4,Voie communale,50.0,1
202400035614,2024-03-01,matin,,,07,07324,1,1,3,4,4,Voie communale,50.0,1
202400035615,2024-05-16,matin,,,68,68257,1,2,7,3,3,Départementale,80.0,2
202400035616,2024-04-07,soirée,,,54,54513,3,1,3,2,3,Départementale,80.0,1
202400035617,2024-07-20,après-midi,,,06,06029,1,1,2,4,4,Voie communale,50.0,1
202400035618,2024-01-15,après-midi,,,13,13215,1,1,3,3,4,Voie communale,50.0,1
202400035619,2024-02-29,nuit,,,01,01249,5,1,2,4,3,Départementale,50.0,1
202400035620,2024-04-08,matin,,,01,01362,1,1,3,3,3,Départementale,80.0,1
202400035621,2024-05-15,soirée,,,22,22309,1,1,5,4,3,Départementale,80.0,1
202400035622,2024-03-01,nuit,,,69,69159,3,2,6,3,3,Départementale,80.0,2
202400035623,2024-07-21,après-midi,,,04,04112,1,1,3,4,4,Voie communale,50.0,1
202400035624,2024-01-15,après-midi,,,13,13210,1,1,5,4,4,Voie communale,50.0,1
202400035625,2024-05-16,après-midi,,,29,29160,1,1,6,2,4,Voie communale,20.0,1
202400035626,2024-04-08,matin,,,22,22209,1,1,3,3,3,Départementale,50.0,2
202400035627,2024-03-01,soirée,,,60,60290,3,3,1,3,3,Départementale,80.0,2
202400035628,2024-01-15,soirée,,,11,11069,5,2,3,4,4,Voie communale,50.0,2
202400035629,2024-07-20,soirée,,,03,03101,1,3,3,4,3,Départementale,50.0,2
202400035630,2024-04-06,matin,,,68,68044,1,1,1,4,3,Départementale,80.0,1
202400035631,2024-05-16,après-midi,,,38,38140,1,1,6,4,3,Départementale,30.0,1
202400035632,2024-04-06,après-midi,,,68,68249,1,1,1,4,3,Départementale,80.0,1
202400035633,2024-02-28,soirée,,,69,69236,3,1,5,3,1,Autoroute,90.0,1
202400035634,2024-07-20,matin,,,03,03185,1,1,2,4,3,Départementale,50.0,1
202400035635,2024-01-15,après-midi,,,11,11069,1,2,5,4,4,Voie communale,50.0,2
202400035636,2024-05-16,nuit,,,02,02820,3,3,6,2,3,Départementale,110.0,2
202400035637,2024-01-15,matin,,,10,10343,1,8,6,4,4,Voie communale,50.0,2
202400035638,2024-02-28,soirée,,,33,33397,3,1,6,4,1,Autoroute,90.0,1
202400035639,2024-03-30,après-midi,,,11,11012,1,1,4,4,3,Départementale,80.0,1
202400035640,2024-07-21,soirée,,,02,02408,1,1,3,3,4,Voie communale,50.0,1
202400035641,2024-04-06,après-midi,,,63,63289,1,1,1,2,3,Départementale,90.0,1
202400035642,2024-01-15,matin,,,10,10333,1,8,6,4,4,Voie communale,110.0,2
202400035643,2024-04-08,matin,,,63,63278,3,1,6,2,3,Départementale,90.0,1