Num_Acc,date,time_of_day,lat,long,dep,com,lum,atm,col,severity_index,catr,catr_label,vma,surf
202400035644,2024-05-16,après-midi,,,15,15074,1,1,5,4,2,Nationale,90.0,1
202400035645,2024-02-29,matin,,,91,91179,1,2,4,4,1,Autoroute,110.0,2
202400035646,2024-04-06,matin,,,01,01194,1,1,1,4,3,Départementale,50.0,1
202400035647,2024-07-20,après-midi,,,75,75114,1,1,5,4,4,Voie communale,70.0,1
202400035648,2024-01-15,matin,,,02,02168,5,1,3,4,4,Voie communale,50.0,2
202400035649,2024-04-07,nuit,,,22,22081,3,1,6,3,2,Nationale,110.0,1
202400035650,2024-01-15,matin,,,75,75118,1,1,3,4,4,Voie communale,70.0,2
202400035651,2024-02-28,nuit,,,91,91687,3,1,6,4,1,Autoroute,110.0,1
202400035652,2024-05-15,après-midi,,,14,14431,1,1,3,4,3,Départementale,90.0,1
202400035653,2024-07-20,après-midi,,,75,75115,1,1,4,4,4,Voie communale,70.0,1
202400035654,2024-04-08,nuit,,,26,26247,3,1,1,3,2,Nationale,90.0,1
202400035655,2024-01-15,nuit,,,75,75112,5,1,6,4,4,Voie communale,70.0,1
202400035656,2024-02-28,matin,,,78,78043,1,1,3,4,1,Autoroute,110.0,1
202400035657,2024-05-16,nuit,,,50,50523,3,1,6,3,3,Départementale,50.0,1
202400035658,2024-02-28,après-midi,,,95,95018,1,1,2,4,1,Autoroute,110.0,1
202400035659,2024-04-07,après-midi,,,71,71329,1,1,3,4,3,Départementale,80.0,1
202400035660,2024-05-09,matin,,,50,50370,1,1,7,4,3,Départementale,,1
202400035661,2024-01-16,après-midi,,,75,75119,1,8,3,4,4,Voie communale,30.0,1
202400035662,2024-04-07,après-midi,,,57,57375,1,1,7,3,3,Départementale,80.0,1
202400035663,2024-02-28,matin,,,95,95582,1,1,3,4,1,Autoroute,110.0,1
202400035664,2024-05-15,soirée,,,60,60616,3,2,1,3,4,Voie communale,70.0,2
202400035665,2024-07-19,après-midi,,,75,75115,1,1,4,4,4,Voie communale,70.0,1
202400035666,2024-04-07,soirée,,,51,51505,1,1,7,3,4,Voie communale,50.0,1
202400035667,2024-05-11,soirée,,,10,10202,2,8,7,3,3,Départementale,,1
202400035668,2024-02-27,soirée,,,95,95500,3,1,4,4,1,Autoroute,90.0,1
202400035669,2024-04-07,soirée,,,51,51609,2,1,7,3,4,Voie communale,50.0,1
202400035670,2024-07-19,matin,,,75,75120,1,1,3,4,4,Voie communale,50.0,1
202400035671,2024-01-16,après-midi,,,75,75117,5,1,3,4,4,Voie communale,30.0,1
202400035672,2024-05-16,matin,,,07,07010,1,2,2,4,4,Voie communale,50.0,2
202400035673,2024-02-28,matin,,,987,98735,1,1,2,4,4,Voie communale,50.0,1
202400035674,2024-04-07,soirée,,,56,56227,1,1,3,3,3,Départementale,80.0,1
202400035675,2024-07-21,matin,,,75,75113,2,8,6,3,4,Voie communale,30.0,1
202400035676,2024-01-16,matin,,,75,75112,2,1,2,4,4,Voie communale,50.0,2
202400035677,2024-05-02,après-midi,,,07,07319,1,2,3,4,2,Nationale,50.0,2
202400035678,2024-02-26,matin,,,974,97416,1,1,4,4,2,Nationale,110.0,1
202400035679,2024-01-15,après-midi,,,75,75112,1,1,6,3,4,Voie communale,30.0,1
202400035680,2024-05-15,soirée,,,08,08391,2,1,1,4,3,Départementale,30.0,1
202400035681,2024-02-26,matin,,,974,97416,1,1,7,4,4,Voie communale,50.0,9
202400035682,2024-04-07,après-midi,,,56,56116,1,1,1,3,4,Voie communale,,1
202400035683,2024-01-16,matin,,,75,75107,2,1,6,4,4,Voie communale,30.0,1
202400035684,2024-05-16,nuit,,,01,01130,3,1,1,3,3,Départementale,80.0,1
202400035685,2024-07-20,après-midi,,,75,75117,1,1,4,4,4,Voie communale,70.0,1
202400035686,2024-02-25,nuit,,,974,97416,3,2,7,4,2,Nationale,50.0,2
202400035687,2024-05-14,matin,,,68,68278,1,7,1,4,4,Voie communale,50.0,1
202400035688,2024-02-24,soirée,,,974,97416,5,2,7,4,4,Voie communale,50.0,2
202400035689,2024-01-16,matin,,,94,94068,1,8,6,4,4,Voie communale,30.0,2
202400035690,2024-07-21,nuit,,,75,75120,5,3,3,4,4,Voie communale,30.0,2
202400035691,2024-02-24,matin,,,974,97416,1,2,6,4,2,Nationale,110.0,2
202400035692,2024-04-08,matin,,,2B,2B123,1,1,1,2,2,Nationale,80.0,1
202400035693,2024-01-16,matin,,,94,94002,1,1,6,4,4,Voie communale,,1
202400035694,2024-07-21,après-midi,,,75,75117,1,8,3,4,4,Voie communale,30.0,1
202400035695,2024-05-15,après-midi,,,973,97305,1,1,3,3,2,Nationale,80.0,1
202400035696,2024-04-06,nuit,,,82,82089,3,1,1,3,3,Départementale,80.0,1
202400035697,2024-04-07,matin,,,65,65096,1,1,6,3,3,Départementale,80.0,1
202400035698,2024-02-22,matin,,,974,97416,1,2,3,4,4,Voie communale,50.0,2
202400035699,2024-07-21,nuit,,,75,75114,5,1,3,4,4,Voie communale,50.0,1
202400035700,2024-01-16,matin,,,94,94046,1,1,3,4,3,Départementale,50.0,1
202400035701,2024-04-07,matin,,,65,65072,2,1,6,3,3,Départementale,50.0,1
202400035702,2024-02-21,après-midi,,,974,97416,1,7,3,4,3,Départementale,70.0,1
202400035703,2024-07-21,après-midi,,,75,75104,1,7,7,4,4,Voie communale,30.0,1
202400035704,2024-04-07,après-midi,,,33,33296,3,1,7,2,3,Départementale,70.0,1
202400035705,2024-05-02,matin,,,33,33199,1,1,3,4,3,Départementale,50.0,1
202400035706,2024-02-20,matin,,,974,97416,1,1,7,4,4,Voie communale,50.0,1
202400035707,2024-04-07,après-midi,,,11,11431,1,1,6,3,3,Départementale,80.0,1
202400035708,2024-01-16,matin,,,94,94003,2,1,3,4,3,Départementale,30.0,1
202400035709,2024-02-27,matin,,,974,97411,1,1,6,4,2,Nationale,70.0,2
202400035710,2024-07-21,matin,,,75,75111,1,1,3,4,4,Voie communale,30.0,1
202400035711,2024-04-07,soirée,,,11,11106,3,1,6,2,3,Départementale,90.0,1
202400035712,2024-05-15,matin,,,34,34154,1,1,5,3,3,Départementale,80.0,1
202400035713,2024-07-20,nuit,,,94,94074,5,1,2,4,2,Nationale,50.0,1
202400035714,2024-01-16,matin,,,94,94076,1,1,6,4,3,Départementale,50.0,1
202400035715,2024-05-15,matin,,,68,68040,1,1,2,4,3,Départementale,50.0,1
202400035716,2024-04-05,matin,,,41,41164,1,1,5,3,3,Départementale,50.0,1
202400035717,2024-02-27,matin,,,974,97411,1,9,6,4,3,Départementale,50.0,2
202400035718,2024-07-21,après-midi,,,94,94034,1,1,2,4,4,Voie communale,50.0,1
202400035719,2024-05-15,soirée,,,63,63150,2,2,6,3,3,Départementale,90.0,2
202400035720,2024-01-16,matin,,,94,94028,5,1,6,4,4,Voie communale,,7
202400035721,2024-04-07,matin,,,86,86281,1,1,3,3,3,Départementale,80.0,1
202400035722,2024-05-16,matin,,,69,69291,2,2,6,4,3,Départementale,70.0,2
202400035723,2024-01-16,soirée,,,94,94022,5,1,6,4,3,Départementale,50.0,1
202400035724,2024-07-21,soirée,,,94,94017,2,1,3,4,3,Départementale,50.0,1
202400035725,2024-04-08,matin,,,86,86160,1,1,3,3,3,Départementale,50.0,1
202400035726,2024-02-22,matin,,,974,97411,1,1,6,4,4,Voie communale,50.0,1
202400035727,2024-04-07,après-midi,,,34,34229,1,1,7,3,3,Départementale,90.0,1
202400035728,2024-05-15,après-midi,,,80,80039,1,1,3,4,4,Voie communale,50.0,1
202400035729,2024-07-21,nuit,,,93,93006,5,2,3,4,4,Voie communale,50.0,2
202400035730,2024-01-16,après-midi,,,94,94022,2,1,6,4,4,Voie communale,30.0,1
202400035731,2024-04-08,soirée,,,68,68074,1,1,7,2,3,Départementale,80.0,1
202400035732,2024-04-08,matin,,,38,38561,2,1,7,3,3,Départementale,90.0,1
202400035733,2024-05-09,après-midi,,,59,59387,1,1,3,3,3,Départementale,80.0,1
202400035734,2024-01-16,matin,,,94,94022,1,1,6,4,3,Départementale,50.0,1
202400035735,2024-07-21,après-midi,,,93,93046,1,1,3,3,3,Départementale,50.0,1
202400035736,2024-02-20,après-midi,,,974,97411,1,2,2,4,3,Départementale,50.0,2
202400035737,2024-04-05,soirée,,,38,38002,2,1,7,2,3,Départementale,80.0,1
202400035738,2024-07-21,après-midi,,,93,93015,1,1,7,4,4,Voie communale,50.0,1
202400035739,2024-05-15,matin,,,13,13071,1,1,3,4,1,Autoroute,90.0,1
202400035740,2024-02-25,matin,,,974,97409,1,2,7,4,4,Voie communale,50.0,2
202400035741,2024-01-16,matin,,,94,94011,2,8,2,4,3,Départementale,50.0,7
202400035742,2024-04-06,après-midi,,,01,01058,1,1,3,4,3,Départementale,80.0,1
202400035743,2024-07-21,soirée,,,93,93057,2,1,1,4,3,Départementale,50.0,1
202400035744,2024-05-14,nuit,,,13,13215,3,3,2,4,1,Autoroute,90.0,2
202400035745,2024-02-26,après-midi,,,974,97407,1,1,6,3,4,Voie communale,50.0,1
202400035746,2024-01-16,matin,,,93,93070,2,1,6,4,4,Voie communale,,1
202400035747,2024-07-21,nuit,,,92,92073,5,2,6,4,4,Voie communale,50.0,2
202400035748,2024-04-08,matin,,,58,58095,5,1,3,4,3,Départementale,50.0,1
202400035749,2024-05-12,matin,,,69,69266,1,1,2,3,7,Autre,70.0,1
202400035750,2024-07-21,nuit,,,92,92051,5,2,7,4,4,Voie communale,50.0,2
202400035751,2024-01-16,après-midi,,,93,93050,1,8,3,4,3,Départementale,,1
202400035752,2024-02-22,après-midi,,,974,97407,1,8,3,4,4,Voie communale,50.0,1
202400035753,2024-05-15,matin,,,94,94034,1,1,3,4,1,Autoroute,90.0,1
202400035754,2024-01-15,soirée,,,93,93050,5,1,1,4,3,Départementale,50.0,1
202400035755,2024-07-21,soirée,,,92,92040,2,1,3,4,3,Départementale,30.0,1
202400035756,2024-02-19,soirée,,,974,97407,1,1,6,4,2,Nationale,50.0,1
202400035757,2024-04-07,soirée,,,14,14516,1,1,3,4,4,Voie communale,50.0,1
202400035758,2024-05-15,soirée,,,92,92047,1,1,2,4,1,Autoroute,110.0,1
202400035759,2024-07-14,nuit,,,33,33243,5,1,6,3,4,Voie communale,50.0,1
202400035760,2024-02-28,matin,,,973,97302,1,9,7,4,2,Nationale,50.0,8
202400035761,2024-01-16,après-midi,,,93,93048,1,1,6,4,4,Voie communale,5.0,1
202400035762,2024-05-15,après-midi,,,92,92050,1,1,3,4,1,Autoroute,90.0,1
202400035763,2024-01-16,soirée,,,93,93046,5,1,6,4,4,Voie communale,50.0,1
202400035764,2024-04-07,soirée,,,14,14578,1,1,3,3,3,Départementale,70.0,1
202400035765,2024-02-26,après-midi,,,973,97302,1,1,2,4,3,Départementale,50.0,1
202400035766,2024-07-21,après-midi,,,35,35013,1,1,1,3,3,Départementale,70.0,2
202400035767,2024-05-15,après-midi,,,78,78640,1,1,2,4,1,Autoroute,90.0,1
202400035768,2024-01-16,après-midi,,,93,93031,1,1,6,4,4,Voie communale,50.0,1
202400035769,2024-04-05,matin,,,45,45061,1,1,6,3,3,Départementale,50.0,1
202400035770,2024-07-21,matin,,,14,14713,1,1,7,4,3,Départementale,80.0,1
202400035771,2024-02-25,nuit,,,973,97302,3,1,3,4,3,Départementale,50.0,1
202400035772,2024-01-16,matin,,,93,93031,5,8,6,4,4,Voie communale,50.0,1
202400035773,2024-04-03,après-midi,,,27,27112,1,1,6,4,4,Voie communale,50.0,1
202400035774,2024-01-16,matin,,,93,93030,1,1,6,4,3,Départementale,50.0,1
202400035775,2024-07-21,nuit,,,62,62293,3,1,6,3,3,Départementale,80.0,1
202400035776,2024-05-15,après-midi,,,93,93027,1,1,4,4,1,Autoroute,90.0,1
202400035777,2024-02-24,après-midi,,,973,97302,1,1,3,4,3,Départementale,50.0,2
202400035778,2024-04-07,après-midi,,,87,87028,1,1,6,3,2,Nationale,80.0,1
202400035779,2024-01-16,après-midi,,,93,93008,1,1,1,4,4,Voie communale,50.0,1
202400035780,2024-02-23,matin,,,973,97302,1,1,5,4,4,Voie communale,50.0,1
202400035781,2024-04-07,nuit,,,24,24386,3,1,6,4,3,Départementale,80.0,1
202400035782,2024-02-02,après-midi,,,74,74281,1,1,3,4,4,Voie communale,50.0,1
202400035783,2024-07-21,matin,,,17,17408,1,1,3,3,3,Départementale,90.0,1
202400035784,2024-04-08,après-midi,,,45,45073,1,1,2,4,1,Autoroute,130.0,1
202400035785,2024-02-20,après-midi,,,973,97302,1,1,7,4,3,Départementale,50.0,1
202400035786,2024-07-21,nuit,,,974,97412,3,1,6,3,3,Départementale,50.0,1
202400035787,2024-04-08,après-midi,,,69,69244,1,1,6,3,6,Autre,,1
202400035788,2024-02-18,nuit,,,13,13047,3,1,1,4,3,Départementale,80.0,1
202400035789,2024-02-28,après-midi,,,69,69386,1,1,3,4,4,Voie communale,30.0,1
202400035790,2024-04-07,matin,,,987,98745,1,1,1,4,2,Nationale,40.0,1
202400035791,2024-02-15,matin,,,50,50473,3,1,3,2,3,Départementale,80.0,2
202400035792,2024-02-28,matin,,,69,69388,1,1,6,4,4,Voie communale,30.0,1
202400035793,2024-05-13,après-midi,,,974,97416,1,1,3,4,2,Nationale,70.0,1
202400035794,2024-04-08,après-midi,,,38,38081,1,1,7,3,3,Départementale,80.0,1
202400035795,2024-07-20,après-midi,,,972,97207,1,1,3,4,3,Départementale,50.0,1
202400035796,2024-02-28,matin,,,69,69383,1,1,1,4,4,Voie communale,50.0,1
202400035797,2024-07-20,matin,,,972,97232,1,1,1,4,3,Départementale,,1
202400035798,2024-05-13,après-midi,,,974,97416,1,1,3,4,2,Nationale,50.0,1
202400035799,2024-02-26,nuit,,,69,69383,5,1,7,4,4,Voie communale,30.0,1
202400035800,2024-04-07,nuit,,,971,97117,2,1,6,3,3,Départementale,80.0,1
202400035801,2024-05-13,après-midi,,,974,97411,1,1,7,3,4,Voie communale,50.0,1
202400035802,2024-02-20,soirée,,,69,69386,2,1,1,4,4,Voie communale,30.0,1
202400035803,2024-07-22,après-midi,,,21,21380,1,1,3,3,1,Autoroute,130.0,1
202400035804,2024-05-14,après-midi,,,974,97407,1,1,6,4,4,Voie communale,50.0,1
202400035805,2024-04-06,nuit,,,45,45252,5,1,6,4,4,Voie communale,50.0,1
202400035806,2024-05-14,matin,,,974,97407,1,1,6,3,4,Voie communale,50.0,1
202400035807,2024-07-22,matin,,,06,06034,1,1,2,3,7,Autre,90.0,1
202400035808,2024-04-04,matin,,,77,77099,1,8,3,3,3,Départementale,90.0,2
202400035809,2024-05-13,après-midi,,,974,97407,1,1,6,4,2,Nationale,50.0,1
202400035810,2024-07-20,nuit,,,971,97132,3,1,6,4,3,Départementale,50.0,1
202400035811,2024-04-07,après-midi,,,88,88178,1,1,1,4,3,Départementale,70.0,1
202400035812,2024-05-14,matin,,,973,97302,1,2,3,4,3,Départementale,50.0,2
202400035813,2024-07-21,soirée,,,51,51196,1,1,7,3,3,Départementale,50.0,1
202400035814,2024-04-08,soirée,,,03,03290,1,1,1,4,3,Départementale,90.0,2
202400035815,2024-07-20,après-midi,,,19,19072,1,7,7,3,3,Départementale,90.0,1
202400035816,2024-05-13,après-midi,,,973,97302,1,3,7,4,4,Voie communale,50.0,3
202400035817,2024-04-06,soirée,,,63,63141,1,1,3,3,7,Autre,80.0,1
202400035818,2024-07-21,matin,,,76,76171,1,1,7,4,3,Départementale,80.0,1
202400035819,2024-04-07,nuit,,,26,26307,3,1,7,3,3,Départementale,90.0,1
202400035820,2024-05-13,après-midi,,,973,97302,1,2,3,4,3,Départementale,50.0,2
202400035821,2024-07-20,après-midi,,,79,79213,1,1,2,4,3,Départementale,50.0,1
202400035822,2024-05-14,soirée,,,69,69388,1,2,4,4,4,Voie communale,50.0,2
202400035823,2024-04-07,après-midi,,,69,69045,1,1,6,3,3,Départementale,,1
202400035824,2024-07-19,soirée,,,2A,2A271,2,1,3,3,2,Nationale,70.0,1
202400035825,2024-05-14,matin,,,972,97209,1,1,3,4,3,Départementale,60.0,1
202400035826,2024-04-08,matin,,,69,69148,1,1,1,4,3,Départementale,90.0,1
202400035827,2024-07-20,après-midi,,,41,41044,1,1,7,3,1,Autoroute,130.0,1
202400035828,2024-04-08,matin,,,50,50288,1,1,5,4,3,Départementale,110.0,1
202400035829,2024-05-14,matin,,,972,97209,1,1,4,4,4,Voie communale,50.0,1
202400035830,2024-04-08,matin,,,50,50356,1,1,1,3,3,Départementale,80.0,1
202400035831,2024-05-14,matin,,,69,69382,1,1,3,4,4,Voie communale,50.0,1
202400035832,2024-07-22,nuit,,,32,32402,3,1,6,4,3,Départementale,80.0,1
202400035833,2024-04-03,après-midi,,,14,14646,1,1,3,4,3,Départementale,80.0,1
202400035834,2024-05-13,soirée,,,971,97120,1,1,6,3,3,Départementale,30.0,1
202400035835,2024-07-22,après-midi,,,63,63381,1,1,6,3,3,Départementale,90.0,1
202400035836,2024-04-07,après-midi,,,76,76614,1,1,3,4,7,Autre,80.0,1
202400035837,2024-07-21,après-midi,,,63,63006,1,8,7,3,3,Départementale,90.0,2
202400035838,2024-05-13,après-midi,,,971,97101,1,1,1,4,4,Voie communale,50.0,1
202400035839,2024-07-21,après-midi,,,63,63319,1,8,7,4,3,Départementale,90.0,9
202400035840,2024-04-07,après-midi,,,76,76503,1,1,3,3,3,Départementale,70.0,1
202400035841,2024-05-12,nuit,,,971,97101,5,1,2,4,2,Nationale,90.0,1
202400035842,2024-04-08,après-midi,,,80,80313,1,1,5,4,1,Autoroute,130.0,1
202400035843,2024-07-22,matin,,,63,63229,1,1,3,3,3,Départementale,30.0,1
202400035844,2024-04-07,après-midi,,,59,59481,1,1,6,4,6,Autre,30.0,1
202400035845,2024-07-20,nuit,,,61,61168,4,1,6,3,6,Autre,50.0,1
202400035846,2024-04-05,après-midi,,,13,13213,1,1,2,4,1,Autoroute,70.0,1
202400035847,2024-07-18,nuit,,,61,61508,2,1,6,4,3,Départementale,50.0,1
202400035848,2024-04-05,nuit,,,13,13216,3,1,2,4,1,Autoroute,90.0,1
202400035849,2024-07-21,soirée,,,47,47081,1,3,6,3,4,Voie communale,50.0,2
202400035850,2024-08-26,soirée,,,80,80021,1,1,6,4,4,Voie communale,50.0,1
202400035851,2024-04-05,soirée,,,13,13216,3,1,6,2,1,Autoroute,90.0,1
202400035852,2024-07-15,après-midi,,,86,86281,1,1,2,3,3,Départementale,50.0,1
202400035853,2024-04-07,après-midi,,,91,91689,1,1,2,4,1,Autoroute,110.0,1
202400035854,2024-08-28,nuit,,,79,79191,5,1,6,4,3,Départementale,50.0,1
202400035855,2024-07-21,après-midi,,,22,22194,1,1,3,3,4,Voie communale,50.0,1
202400035856,2024-04-06,nuit,,,94,94003,3,1,2,4,1,Autoroute,70.0,1
202400035857,2024-07-20,après-midi,,,29,29150,1,2,6,3,3,Départementale,70.0,2
202400035858,2024-08-28,soirée,,,78,78005,1,1,1,4,3,Départementale,,1
202400035859,2024-04-06,matin,,,94,94034,1,1,2,4,1,Autoroute,90.0,1
202400035860,2024-07-20,soirée,,,29,29069,1,2,3,4,3,Départementale,60.0,2
202400035861,2024-04-06,nuit,,,91,91549,3,1,6,4,2,Nationale,110.0,1
202400035862,2024-08-27,nuit,,,77,77152,3,1,3,4,3,Départementale,50.0,1
202400035863,2024-07-19,après-midi,,,01,01348,1,1,3,4,3,Départementale,50.0,1
202400035864,2024-04-07,soirée,,,75,75120,2,2,4,4,1,Autoroute,90.0,2
202400035865,2024-08-28,soirée,,,77,77335,1,1,3,4,2,Nationale,80.0,1
202400035866,2024-07-22,après-midi,,,01,01373,1,1,1,4,3,Départementale,80.0,1
202400035867,2024-07-21,après-midi,,,66,66205,1,1,6,2,3,Départementale,80.0,1
202400035868,2024-08-28,après-midi,,,77,77243,1,1,3,4,3,Départementale,50.0,1
202400035869,2024-07-21,soirée,,,66,66053,1,1,1,4,3,Départementale,80.0,1
202400035870,2024-08-25,nuit,,,76,76351,5,1,3,4,4,Voie communale,50.0,1
202400035871,2024-07-21,soirée,,,50,50326,1,1,6,3,3,Départementale,80.0,1
202400035872,2024-08-28,matin,,,71,71270,1,1,3,4,6,Autre,30.0,1
202400035873,2024-07-21,soirée,,,50,50487,1,1,6,3,3,Départementale,80.0,1
202400035874,2024-07-18,après-midi,,,69,69266,1,1,3,3,6,Autre,50.0,1
202400035875,2024-08-28,après-midi,,,69,69091,1,1,3,4,7,Autre,30.0,1
202400035876,2024-07-22,après-midi,,,60,60560,1,1,3,4,3,Départementale,80.0,1
202400035877,2024-07-21,après-midi,,,10,10035,1,1,6,3,4,Voie communale,50.0,1
202400035878,2024-08-28,après-midi,,,68,68256,1,1,3,4,1,Autoroute,110.0,1
202400035879,2024-07-21,après-midi,,,07,07265,1,1,7,4,3,Départementale,90.0,1
202400035880,2024-08-27,après-midi,,,66,66136,1,1,2,4,3,Départementale,90.0,1
202400035881,2024-08-27,après-midi,,,64,64445,1,1,6,4,6,Autre,1.0,1
202400035882,2024-07-17,après-midi,,,07,07157,1,1,6,3,3,Départementale,90.0,1
202400035883,2024-08-26,soirée,,,64,64122,1,1,7,4,4,Voie communale,50.0,1
202400035884,2024-07-20,après-midi,,,21,21150,1,1,7,4,4,Voie communale,80.0,1
202400035885,2024-08-28,soirée,,,64,64024,1,1,3,4,4,Voie communale,30.0,1
202400035886,2024-07-21,soirée,,,04,04094,1,1,1,2,3,Départementale,80.0,2
202400035887,2024-07-22,matin,,,52,52014,1,1,7,2,3,Départementale,80.0,1
202400035888,2024-08-28,après-midi,,,63,63113,1,1,3,3,4,Voie communale,30.0,1
202400035889,2024-07-19,après-midi,,,52,52332,1,1,7,3,3,Départementale,80.0,1
202400035890,2024-08-28,après-midi,,,59,59421,1,1,3,4,7,Autre,50.0,1
202400035891,2024-08-28,matin,,,59,59650,1,7,6,4,4,Voie communale,50.0,1
202400035892,2024-07-21,après-midi,,,88,88065,1,1,2,4,3,Départementale,80.0,1
202400035893,2024-08-28,soirée,,,59,59343,1,7,1,4,4,Voie communale,30.0,1
202400035894,2024-08-19,après-midi,,,58,58194,1,1,7,4,4,Voie communale,50.0,1
202400035895,2024-07-21,après-midi,,,49,49022,1,1,3,4,1,Autoroute,130.0,1
202400035896,2024-07-22,matin,,,988,98805,1,7,7,3,3,Départementale,110.0,1
202400035897,2024-08-26,après-midi,,,57,57666,1,1,1,4,4,Voie communale,50.0,1
202400035898,2024-08-27,nuit,,,56,56121,5,1,3,4,4,Voie communale,30.0,1
202400035899,2024-07-22,matin,,,63,63164,2,1,6,3,1,Autoroute,50.0,1
202400035900,2024-08-27,après-midi,,,56,56121,1,1,2,4,4,Voie communale,30.0,1
202400035901,2024-08-28,après-midi,,,51,51058,1,1,7,4,4,Voie communale,50.0,1
202400035902,2024-07-22,soirée,,,83,83061,1,1,2,4,1,Autoroute,110.0,1
202400035903,2024-08-27,soirée,,,51,51454,5,1,6,4,4,Voie communale,50.0,1
202400035904,2024-07-21,nuit,,,69,69228,3,1,6,4,3,Départementale,70.0,1
202400035905,2024-08-27,après-midi,,,50,50129,1,1,2,4,4,Voie communale,50.0,1
202400035906,2024-07-22,matin,,,11,11040,1,7,6,3,1,Autoroute,90.0,1
202400035907,2024-08-28,nuit,,,45,45234,5,1,7,4,4,Voie communale,50.0,1
202400035908,2024-07-19,matin,,,971,97103,1,1,2,4,2,Nationale,90.0,1
202400035909,2024-08-28,après-midi,,,45,45234,1,1,6,4,4,Voie communale,50.0,1
202400035910,2024-08-28,matin,,,45,45147,1,1,4,4,4,Voie communale,50.0,1
202400035911,2024-07-08,matin,,,976,97605,1,1,1,4,3,Départementale,70.0,1
202400035912,2024-08-23,soirée,,,44,44135,1,2,7,3,4,Voie communale,20.0,2
202400035913,2024-08-28,nuit,,,42,42095,3,1,1,4,7,Autre,50.0,1
202400035914,2024-07-22,nuit,,,987,98725,2,1,3,4,2,Nationale,50.0,1
202400035915,2024-07-21,nuit,,,13,13064,3,1,1,3,3,Départementale,70.0,1
202400035916,2024-08-28,soirée,,,37,37261,1,1,3,4,4,Voie communale,50.0,1
202400035917,2024-07-20,matin,,,68,68016,1,1,7,3,3,Départementale,80.0,1
202400035918,2024-08-28,nuit,,,37,37233,5,1,6,4,4,Voie communale,50.0,1
202400035919,2024-08-27,matin,,,37,37214,1,1,6,4,4,Voie communale,50.0,1
202400035920,2024-07-22,soirée,,,55,55306,1,1,7,4,3,Départementale,90.0,1
202400035921,2024-08-28,après-midi,,,31,31555,1,1,3,3,7,Autre,30.0,1
202400035922,2024-07-22,après-midi,,,57,57669,1,1,1,3,3,Départementale,50.0,1
202400035923,2024-08-28,soirée,,,29,29151,1,1,2,4,2,Nationale,90.0,1
202400035924,2024-08-06,matin,,,27,27375,1,1,6,4,4,Voie communale,50.0,1
202400035925,2024-07-22,après-midi,,,73,73054,1,1,1,3,3,Départementale,80.0,1
202400035926,2024-07-21,soirée,,,38,38451,1,1,6,4,3,Départementale,80.0,1
202400035927,2024-08-28,soirée,,,17,17461,1,1,6,4,4,Voie communale,50.0,1
202400035928,2024-08-28,matin,,,14,14366,1,1,7,4,4,Voie communale,30.0,1
202400035929,2024-07-19,après-midi,,,69,69179,1,1,3,4,3,Départementale,50.0,1
202400035930,2024-07-21,soirée,,,81,81251,1,2,7,3,4,Voie communale,80.0,2
202400035931,2024-08-27,soirée,,,14,14215,1,1,3,4,3,Départementale,50.0,1
202400035932,2024-07-21,matin,,,81,81039,1,8,6,4,3,Départementale,50.0,1
202400035933,2024-08-29,nuit,,,13,13204,5,1,6,4,4,Voie communale,50.0,1
202400035934,2024-07-21,matin,,,65,65145,1,8,7,2,3,Départementale,80.0,1
202400035935,2024-08-27,nuit,,,13,13215,5,1,1,4,4,Voie communale,50.0,1
202400035936,2024-07-18,après-midi,,,79,79201,1,7,1,4,3,Départementale,80.0,1
202400035937,2024-08-28,soirée,,,13,13005,1,1,3,4,3,Départementale,80.0,1
202400035938,2024-07-21,après-midi,,,29,29032,1,1,1,3,3,Départementale,80.0,1
202400035939,2024-08-28,soirée,,,11,11069,1,1,3,4,3,Départementale,50.0,1
202400035940,2024-07-21,matin,,,22,22045,1,1,3,3,3,Départementale,80.0,1
202400035941,2024-07-20,soirée,,,62,62543,2,1,6,3,3,Départementale,50.0,1
202400035942,2024-08-27,matin,,,11,11069,1,1,3,4,4,Voie communale,30.0,1
202400035943,2024-07-21,après-midi,,,13,13203,1,1,7,4,1,Autoroute,90.0,2
202400035944,2024-08-26,après-midi,,,11,11069,1,1,2,4,6,Autre,30.0,1
202400035945,2024-08-28,après-midi,,,07,07281,1,1,7,4,3,Départementale,80.0,1
202400035946,2024-07-21,nuit,,,33,33096,3,2,2,4,1,Autoroute,90.0,2
202400035947,2024-08-28,matin,,,06,06027,1,1,3,3,7,Autre,50.0,1
202400035948,2024-07-21,après-midi,,,91,91689,1,1,3,4,1,Autoroute,90.0,1
202400035949,2024-08-27,après-midi,,,75,75114,1,1,5,4,4,Voie communale,70.0,1
202400035950,2024-08-26,après-midi,,,75,75112,1,1,2,3,4,Voie communale,70.0,1
202400035951,2024-07-20,nuit,,,94,94038,3,1,2,4,1,Autoroute,90.0,1
202400035952,2024-08-28,nuit,,,75,75120,5,1,6,3,4,Voie communale,50.0,1
202400035953,2024-08-28,après-midi,,,75,75119,1,1,7,4,4,Voie communale,10.0,1
202400035954,2024-07-20,soirée,,,91,91471,2,1,7,4,2,Nationale,90.0,1
202400035955,2024-08-28,matin,,,75,75113,1,1,6,4,4,Voie communale,30.0,1
202400035956,2024-07-21,matin,,,92,92063,1,8,6,3,1,Autoroute,50.0,1
202400035957,2024-08-28,après-midi,,,75,75111,1,1,3,4,4,Voie communale,30.0,1