Num_Acc,date,time_of_day,lat,long,dep,com,lum,atm,col,severity_index,catr,catr_label,vma,surf
202400035958,2024-07-20,nuit,,,92,92050,5,1,3,4,1,Autoroute,70.0,1
202400035959,2024-08-28,soirée,,,75,75103,1,1,3,4,4,Voie communale,30.0,1
202400035960,2024-07-19,soirée,,,78,78217,3,1,6,4,1,Autoroute,70.0,1
202400035961,2024-08-28,après-midi,,,75,75110,1,1,3,4,4,Voie communale,30.0,1
202400035962,2024-07-21,soirée,,,95,95641,1,1,6,4,1,Autoroute,130.0,1
202400035963,2024-08-28,après-midi,,,75,75108,1,1,1,4,4,Voie communale,30.0,1
202400035964,2024-07-21,après-midi,,,93,93013,1,2,4,4,1,Autoroute,90.0,2
202400035965,2024-08-28,nuit,,,75,75104,5,1,3,4,4,Voie communale,30.0,1
202400035966,2024-07-21,après-midi,,,93,93005,1,1,7,4,1,Autoroute,90.0,1
202400035967,2024-08-27,après-midi,,,94,94081,1,1,3,4,4,Voie communale,50.0,1
202400035968,2024-07-21,matin,,,93,93066,1,1,2,4,1,Autoroute,90.0,1
202400035969,2024-07-21,matin,,,95,95582,1,1,6,4,1,Autoroute,90.0,2
202400035970,2024-08-28,soirée,,,94,94041,1,1,1,4,3,Départementale,50.0,1
202400035971,2024-08-28,matin,,,94,94065,1,1,2,4,2,Nationale,70.0,1
202400035972,2024-07-20,nuit,,,93,93066,4,1,2,4,1,Autoroute,90.0,1
202400035973,2024-08-27,après-midi,,,94,94017,1,1,2,4,4,Voie communale,30.0,1
202400035974,2024-07-20,après-midi,,,93,93013,1,1,2,4,1,Autoroute,90.0,1
202400035975,2024-08-28,soirée,,,94,94004,1,1,3,4,3,Départementale,50.0,1
202400035976,2024-07-20,après-midi,,,95,95018,1,1,3,4,1,Autoroute,90.0,1
202400035977,2024-08-28,matin,,,94,94011,2,1,3,4,3,Départementale,50.0,1
202400035978,2024-07-19,soirée,,,93,93066,1,1,4,4,1,Autoroute,90.0,1
202400035979,2024-08-28,soirée,,,93,93066,1,1,2,4,4,Voie communale,50.0,1
202400035980,2024-07-21,nuit,,,77,77249,3,2,2,4,1,Autoroute,90.0,2
202400035981,2024-08-27,après-midi,,,93,93064,1,7,3,4,3,Départementale,50.0,1
202400035982,2024-07-20,soirée,,,94,94069,1,1,7,4,1,Autoroute,90.0,1
202400035983,2024-07-19,après-midi,,,77,77258,1,1,2,4,1,Autoroute,90.0,1
202400035984,2024-08-28,après-midi,,,93,93027,1,1,3,4,3,Départementale,50.0,1
202400035985,2024-08-27,après-midi,,,92,92022,1,1,6,4,4,Voie communale,30.0,1
202400035986,2024-04-19,matin,,,45,45291,1,1,1,3,3,Départementale,90.0,1
202400035987,2024-08-28,soirée,,,92,92050,1,1,6,4,4,Voie communale,50.0,1
202400035988,2024-05-20,après-midi,,,74,74256,1,1,7,3,3,Départementale,80.0,1
202400035989,2024-08-28,matin,,,92,92049,1,1,3,4,3,Départementale,50.0,1
202400035990,2024-05-19,nuit,,,74,74256,3,3,5,4,3,Départementale,80.0,2
202400035991,2024-08-28,matin,,,92,92040,1,1,6,4,3,Départementale,50.0,1
202400035992,2024-05-18,après-midi,,,74,74298,1,1,2,4,4,Voie communale,50.0,1
202400035993,2024-08-27,nuit,,,92,92036,5,1,6,4,3,Départementale,50.0,1
202400035994,2024-05-18,matin,,,74,74305,1,1,3,4,4,Voie communale,50.0,1
202400035995,2024-08-28,nuit,,,92,92025,5,1,3,4,3,Départementale,50.0,1
202400035996,2024-05-17,soirée,,,74,74012,1,1,3,4,4,Voie communale,50.0,1
202400035997,2024-08-28,après-midi,,,68,68315,1,1,2,3,3,Départementale,50.0,1
202400035998,2024-05-17,après-midi,,,74,74267,1,1,2,4,3,Départementale,,1
202400035999,2024-08-28,nuit,,,30,30209,3,1,7,4,3,Départementale,80.0,1
202400036000,2024-05-14,matin,,,74,74275,1,1,1,4,3,Départementale,70.0,1
202400036001,2024-08-29,soirée,,,51,51210,1,1,7,4,4,Voie communale,50.0,1
202400036002,2024-05-11,nuit,,,74,74104,3,1,3,4,3,Départementale,80.0,1
202400036003,2024-08-28,matin,,,76,76755,1,1,6,3,3,Départementale,50.0,9
202400036004,2024-05-11,après-midi,,,74,74032,1,1,2,4,3,Départementale,80.0,1
202400036005,2024-08-28,après-midi,,,76,76648,1,1,7,2,3,Départementale,80.0,1
202400036006,2024-08-29,après-midi,,,76,76152,1,1,7,3,3,Départementale,,1
202400036007,2024-05-11,après-midi,,,74,74233,1,1,3,4,3,Départementale,80.0,1
202400036008,2024-08-27,après-midi,,,65,65025,1,1,2,3,3,Départementale,50.0,1
202400036009,2024-08-28,soirée,,,71,71014,3,1,6,2,3,Départementale,80.0,1
202400036010,2024-07-20,nuit,,,92,92025,5,1,3,4,3,Départementale,30.0,1
202400036011,2024-07-19,après-midi,,,92,92073,1,1,6,4,4,Voie communale,50.0,1
202400036012,2024-08-13,après-midi,,,22,22166,1,1,7,2,4,Voie communale,50.0,1
202400036013,2024-08-27,matin,,,22,22004,1,1,6,3,3,Départementale,,1
202400036014,2024-07-11,nuit,,,44,44190,5,8,6,4,4,Voie communale,50.0,1
202400036015,2024-08-28,soirée,,,39,39576,3,1,7,3,4,Voie communale,80.0,1
202400036016,2024-07-20,nuit,,,974,97411,5,1,7,4,2,Nationale,50.0,1
202400036017,2024-07-20,nuit,,,973,97302,5,1,7,4,3,Départementale,50.0,1
202400036018,2024-08-28,soirée,,,29,29037,1,1,3,4,3,Départementale,50.0,1
202400036019,2024-07-20,après-midi,,,971,97113,1,1,6,4,3,Départementale,50.0,1
202400036020,2024-08-27,après-midi,,,31,31145,1,1,2,3,3,Départementale,80.0,1
202400036021,2024-07-20,soirée,,,2A,2A004,1,1,3,4,4,Voie communale,50.0,1
202400036022,2024-07-20,après-midi,,,95,95585,1,1,2,4,3,Départementale,50.0,1
202400036023,2024-08-28,après-midi,,,02,02073,1,1,3,4,3,Départementale,,1
202400036024,2024-08-25,nuit,,,72,72234,3,1,6,4,3,Départementale,80.0,1
202400036025,2024-07-19,nuit,,,95,95539,5,1,3,4,3,Départementale,50.0,1
202400036026,2024-08-28,après-midi,,,14,14318,1,1,6,3,3,Départementale,50.0,1
202400036027,2024-07-20,nuit,,,95,95252,3,1,6,4,3,Départementale,30.0,1
202400036028,2024-08-29,après-midi,,,05,05124,1,1,3,3,2,Nationale,80.0,1
202400036029,2024-07-19,soirée,,,85,85194,1,7,1,4,4,Voie communale,50.0,1
202400036030,2024-08-28,après-midi,,,05,05054,1,1,3,3,2,Nationale,80.0,1
202400036031,2024-04-03,après-midi,,,45,45224,1,1,1,4,3,Départementale,,1
202400036032,2024-07-20,soirée,,,84,84087,1,1,3,4,4,Voie communale,30.0,1
202400036033,2024-07-20,matin,,,83,83137,1,1,1,4,4,Voie communale,50.0,1
202400036034,2024-08-29,après-midi,,,73,73240,1,1,3,3,3,Départementale,50.0,1
202400036035,2024-07-19,matin,,,82,82121,1,1,1,3,3,Départementale,80.0,2
202400036036,2024-08-29,après-midi,,,73,73164,1,1,3,2,3,Départementale,70.0,1
202400036037,2024-08-28,après-midi,,,10,10351,1,1,1,3,3,Départementale,80.0,1
202400036038,2024-07-20,nuit,,,78,78498,5,1,3,4,3,Départementale,30.0,1
202400036039,2024-08-28,matin,,,07,07301,1,1,7,3,3,Départementale,90.0,9
202400036040,2024-08-26,après-midi,,,24,24095,1,1,1,4,2,Nationale,80.0,1
202400036041,2024-07-19,après-midi,,,76,76540,1,7,3,4,2,Nationale,70.0,1
202400036042,2024-08-28,matin,,,27,27284,1,7,6,3,4,Voie communale,30.0,1
202400036043,2024-07-20,soirée,,,72,72181,1,1,3,4,4,Voie communale,30.0,1
202400036044,2024-07-20,matin,,,69,69199,1,1,3,4,1,Autoroute,70.0,1
202400036045,2024-08-28,après-midi,,,27,27002,1,1,3,4,2,Nationale,110.0,1
202400036046,2024-07-19,nuit,,,68,68166,4,1,1,4,3,Départementale,50.0,1
202400036047,2024-08-29,après-midi,,,974,97418,1,1,6,2,4,Voie communale,50.0,1
202400036048,2024-07-20,après-midi,,,67,67482,1,1,6,4,4,Voie communale,50.0,1
202400036049,2024-08-29,matin,,,03,03158,1,1,6,4,1,Autoroute,130.0,1
202400036050,2024-07-19,après-midi,,,67,67230,1,1,1,4,4,Voie communale,50.0,1
202400036051,2024-08-27,matin,,,67,67296,1,1,3,3,4,Voie communale,40.0,1
202400036052,2024-07-20,après-midi,,,64,64445,1,1,3,4,4,Voie communale,30.0,1
202400036053,2024-08-28,soirée,,,973,97309,2,2,3,4,3,Départementale,,2
202400036054,2024-07-20,nuit,,,64,64125,5,1,6,4,3,Départementale,30.0,1
202400036055,2024-07-20,après-midi,,,64,64102,1,1,7,4,4,Voie communale,50.0,1
202400036056,2024-07-20,matin,,,64,64024,1,1,2,4,4,Voie communale,50.0,1
202400036057,2024-08-28,soirée,,,60,60494,1,1,2,4,1,Autoroute,50.0,1
202400036058,2024-07-19,soirée,,,62,62048,1,1,6,3,4,Voie communale,50.0,1
202400036059,2024-08-28,après-midi,,,974,97412,1,1,6,4,2,Nationale,50.0,1
202400036060,2024-07-20,après-midi,,,58,58194,1,1,3,4,4,Voie communale,50.0,1
202400036061,2024-08-28,soirée,,,973,97304,5,1,6,4,4,Voie communale,,2
202400036062,2024-07-19,après-midi,,,51,51454,1,1,3,4,4,Voie communale,50.0,1
202400036063,2024-07-19,soirée,,,51,51108,1,1,3,3,4,Voie communale,30.0,1
202400036064,2024-08-28,après-midi,,,66,66182,1,1,6,4,4,Voie communale,50.0,1
202400036065,2024-07-20,soirée,,,49,49007,1,1,3,4,4,Voie communale,50.0,1
202400036066,2024-07-20,nuit,,,49,49267,3,1,7,4,3,Départementale,90.0,1
202400036067,2024-08-25,soirée,,,34,34157,1,1,3,3,3,Départementale,50.0,1
202400036068,2024-07-19,nuit,,,45,45232,3,1,6,3,4,Voie communale,50.0,1
202400036069,2024-08-28,soirée,,,25,25284,1,1,6,3,3,Départementale,30.0,1
202400036070,2024-07-20,soirée,,,45,45208,1,1,2,4,3,Départementale,50.0,1
202400036071,2024-08-27,soirée,,,88,88177,3,1,1,4,3,Départementale,,1
202400036072,2024-07-20,nuit,,,45,45338,3,1,6,4,4,Voie communale,50.0,1
202400036073,2024-08-29,après-midi,,,88,88027,1,1,7,4,3,Départementale,80.0,1
202400036074,2024-07-19,après-midi,,,33,33318,1,1,6,4,4,Voie communale,50.0,1
202400036075,2024-08-27,après-midi,,,55,55170,1,1,7,3,3,Départementale,70.0,1
202400036076,2024-07-19,après-midi,,,33,33162,1,1,4,4,4,Voie communale,90.0,1
202400036077,2024-08-28,soirée,,,38,38176,1,1,7,4,3,Départementale,80.0,1
202400036078,2024-08-29,matin,,,38,38061,3,1,2,2,3,Départementale,90.0,1
202400036079,2024-07-20,soirée,,,29,29019,1,1,7,4,4,Voie communale,50.0,2
202400036080,2024-07-19,soirée,,,18,18279,1,1,3,4,4,Voie communale,50.0,1
202400036081,2024-08-28,soirée,,,26,26313,1,1,3,4,4,Voie communale,50.0,1
202400036082,2024-07-19,après-midi,,,17,17415,1,1,2,4,3,Départementale,80.0,1
202400036083,2024-08-24,soirée,,,26,26064,1,1,3,3,4,Voie communale,50.0,1
202400036084,2024-07-20,soirée,,,13,13102,1,1,1,4,3,Départementale,50.0,1
202400036085,2024-08-28,après-midi,,,33,33233,1,1,6,2,2,Nationale,110.0,1
202400036086,2024-07-20,soirée,,,13,13075,1,1,3,4,4,Voie communale,50.0,1
202400036087,2024-08-22,après-midi,,,22,22077,1,1,3,3,3,Départementale,,1
202400036088,2024-07-19,après-midi,,,13,13215,1,1,3,4,4,Voie communale,50.0,1
202400036089,2024-08-28,soirée,,,60,60047,1,1,7,4,4,Voie communale,50.0,1
202400036090,2024-07-20,après-midi,,,11,11069,1,1,6,4,4,Voie communale,50.0,1
202400036091,2024-08-28,après-midi,,,59,59336,1,1,1,4,3,Départementale,50.0,1
202400036092,2024-07-20,soirée,,,08,08105,1,1,1,3,4,Voie communale,50.0,1
202400036093,2024-08-24,après-midi,,,13,13015,1,1,2,4,1,Autoroute,90.0,1
202400036094,2024-08-26,après-midi,,,67,67482,1,1,7,3,7,Autre,70.0,1
202400036095,2024-07-20,nuit,,,06,06088,5,1,3,4,4,Voie communale,50.0,1
202400036096,2024-07-20,après-midi,,,06,06069,1,1,7,4,3,Départementale,30.0,1
202400036097,2024-08-25,soirée,,,59,59094,1,1,5,4,1,Autoroute,110.0,1
202400036098,2024-07-20,soirée,,,06,06029,1,1,3,4,4,Voie communale,50.0,1
202400036099,2024-08-28,matin,,,91,91589,1,1,2,4,1,Autoroute,110.0,1
202400036100,2024-07-20,après-midi,,,06,06029,1,1,2,4,4,Voie communale,50.0,1
202400036101,2024-07-20,matin,,,06,06029,1,1,3,4,4,Voie communale,50.0,1
202400036102,2024-08-28,soirée,,,92,92036,1,1,3,4,1,Autoroute,90.0,1
202400036103,2024-07-20,nuit,,,06,06004,5,1,5,3,4,Voie communale,50.0,1
202400036104,2024-08-27,après-midi,,,92,92025,1,1,4,4,1,Autoroute,90.0,1
202400036105,2024-07-20,nuit,,,75,75112,5,1,5,4,4,Voie communale,70.0,1
202400036106,2024-07-19,soirée,,,75,75116,1,1,2,4,4,Voie communale,70.0,1
202400036107,2024-08-27,après-midi,,,93,93027,1,1,4,4,1,Autoroute,90.0,1
202400036108,2024-08-26,après-midi,,,93,93007,1,1,2,4,1,Autoroute,90.0,1
202400036109,2024-08-26,nuit,,,92,92036,4,1,2,4,1,Autoroute,90.0,1
202400036110,2024-10-02,matin,,,49,49007,1,1,3,4,3,Départementale,50.0,1
202400036111,2024-08-28,après-midi,,,94,94069,1,1,2,4,1,Autoroute,90.0,1
202400036112,2024-10-01,matin,,,49,49015,2,2,6,4,4,Voie communale,50.0,2
202400036113,2024-10-02,après-midi,,,45,45234,1,2,3,4,4,Voie communale,50.0,2
202400036114,2024-04-01,nuit,,,56,56078,3,1,6,3,2,Nationale,110.0,2
202400036115,2024-10-02,soirée,,,44,44109,2,1,3,3,4,Voie communale,50.0,2
202400036116,2024-06-22,matin,,,74,74238,2,8,6,2,3,Départementale,80.0,2
202400036117,2024-10-02,après-midi,,,44,44162,1,8,6,3,4,Voie communale,30.0,1
202400036118,2024-09-24,soirée,,,42,42183,1,1,3,4,7,Autre,50.0,1
202400036119,2024-03-03,nuit,,,74,74263,3,1,5,3,3,Départementale,80.0,1
202400036120,2024-10-02,matin,,,42,42044,1,1,2,4,7,Autre,50.0,1
202400036121,2024-08-26,matin,,,974,97411,1,1,3,4,4,Voie communale,30.0,1
202400036122,2024-10-02,matin,,,41,41018,1,8,3,4,4,Voie communale,50.0,9
202400036123,2024-08-26,matin,,,974,97411,1,1,3,4,2,Nationale,50.0,1
202400036124,2024-10-02,après-midi,,,37,37214,1,8,6,4,4,Voie communale,50.0,1
202400036125,2024-08-26,nuit,,,973,97302,5,1,3,4,4,Voie communale,50.0,1
202400036126,2024-10-02,matin,,,33,33069,5,1,3,3,4,Voie communale,50.0,1
202400036127,2024-08-23,nuit,,,973,97302,3,1,7,4,4,Voie communale,50.0,1
202400036128,2024-10-02,nuit,,,33,33522,3,1,6,4,4,Voie communale,,1
202400036129,2024-08-27,matin,,,69,69388,2,1,3,4,4,Voie communale,50.0,1
202400036130,2024-10-01,après-midi,,,33,33063,1,1,6,4,4,Voie communale,50.0,1
202400036131,2024-08-27,après-midi,,,972,97213,1,1,1,3,3,Départementale,50.0,1
202400036132,2024-10-02,soirée,,,32,32013,5,2,3,4,4,Voie communale,50.0,2
202400036133,2024-10-02,soirée,,,30,30007,2,1,3,4,4,Voie communale,50.0,1
202400036134,2024-08-27,après-midi,,,972,97213,1,1,2,4,2,Nationale,70.0,1
202400036135,2024-10-01,après-midi,,,29,29019,1,1,6,3,4,Voie communale,50.0,1
202400036136,2024-08-28,nuit,,,2B,2B120,3,1,2,3,2,Nationale,70.0,1
202400036137,2024-10-01,après-midi,,,27,27229,1,1,3,4,4,Voie communale,50.0,1
202400036138,2024-08-26,soirée,,,971,97101,3,1,3,4,3,Départementale,50.0,1
202400036139,2024-10-02,après-midi,,,25,25056,1,1,2,4,3,Départementale,70.0,1
202400036140,2024-08-24,nuit,,,971,97113,3,9,1,4,2,Nationale,70.0,2
202400036141,2024-10-02,après-midi,,,22,22278,1,1,1,4,4,Voie communale,30.0,1
202400036142,2024-08-27,matin,,,95,95268,1,1,1,4,3,Départementale,50.0,1
202400036143,2024-10-02,soirée,,,13,13071,5,1,5,4,4,Voie communale,50.0,1
202400036144,2024-08-27,après-midi,,,95,95219,1,7,3,4,3,Départementale,30.0,1
202400036145,2024-10-02,matin,,,13,13103,1,1,3,4,4,Voie communale,50.0,1
202400036146,2024-10-02,soirée,,,13,13213,5,1,1,3,4,Voie communale,50.0,1
202400036147,2024-08-27,matin,,,91,91425,1,1,3,4,3,Départementale,70.0,1
202400036148,2024-10-02,soirée,,,13,13213,5,1,3,4,4,Voie communale,50.0,1
202400036149,2024-08-26,après-midi,,,87,87085,1,1,3,4,2,Nationale,50.0,1
202400036150,2024-10-02,soirée,,,13,13211,5,1,3,4,4,Voie communale,50.0,1
202400036151,2024-08-26,après-midi,,,86,86194,1,1,3,4,4,Voie communale,50.0,1
202400036152,2024-10-02,soirée,,,13,13210,1,1,2,4,4,Voie communale,50.0,1
202400036153,2024-08-26,matin,,,80,80702,1,1,7,3,3,Départementale,80.0,1
202400036154,2024-10-02,soirée,,,13,13216,1,1,2,3,4,Voie communale,50.0,1
202400036155,2024-10-01,soirée,,,13,13202,5,1,2,4,4,Voie communale,50.0,1
202400036156,2024-08-27,après-midi,,,79,79329,1,1,3,4,3,Départementale,50.0,1
202400036157,2024-08-25,soirée,,,77,77186,1,1,7,3,3,Départementale,70.0,1
202400036158,2024-10-02,après-midi,,,13,13001,1,1,6,4,4,Voie communale,50.0,1
202400036159,2024-08-27,nuit,,,76,76575,5,1,1,3,7,Autre,50.0,1
202400036160,2024-09-23,soirée,,,12,12176,5,1,3,4,4,Voie communale,50.0,1
202400036161,2024-09-19,après-midi,,,12,12202,1,1,6,4,4,Voie communale,30.0,1
202400036162,2024-08-26,après-midi,,,76,76351,1,1,3,3,3,Départementale,80.0,1
202400036163,2024-09-30,après-midi,,,10,10387,1,1,6,4,4,Voie communale,50.0,1
202400036164,2024-10-02,matin,,,06,06029,1,1,5,4,4,Voie communale,30.0,1
202400036165,2024-08-27,matin,,,70,70513,1,1,1,3,4,Voie communale,70.0,1
202400036166,2024-09-10,soirée,,,05,05061,1,1,3,4,4,Voie communale,50.0,1
202400036167,2024-08-26,nuit,,,67,67482,5,1,7,4,4,Voie communale,5.0,9
202400036168,2024-09-29,après-midi,,,05,05061,1,1,6,4,2,Nationale,50.0,1
202400036169,2024-09-13,matin,,,05,05061,2,1,3,4,2,Nationale,50.0,1
202400036170,2024-08-26,après-midi,,,67,67482,1,1,3,4,4,Voie communale,50.0,1
202400036171,2024-09-27,après-midi,,,02,02722,1,1,3,4,4,Voie communale,30.0,1
202400036172,2024-08-27,matin,,,66,66136,1,1,3,3,3,Départementale,90.0,1
202400036173,2024-10-02,matin,,,75,75119,1,8,3,4,4,Voie communale,30.0,1
202400036174,2024-08-27,soirée,,,64,64102,1,1,3,4,4,Voie communale,50.0,1
202400036175,2024-10-02,après-midi,,,75,75118,1,2,2,4,4,Voie communale,50.0,2
202400036176,2024-08-27,matin,,,64,64102,1,1,2,4,3,Départementale,50.0,1
202400036177,2024-10-01,nuit,,,75,75118,5,1,3,4,4,Voie communale,30.0,1
202400036178,2024-08-27,après-midi,,,62,62737,1,1,2,4,3,Départementale,,1
202400036179,2024-08-26,après-midi,,,62,62498,1,1,6,3,4,Voie communale,50.0,1
202400036180,2024-10-02,soirée,,,75,75117,5,1,3,3,4,Voie communale,30.0,1
202400036181,2024-08-27,matin,,,62,62193,1,1,6,4,4,Voie communale,30.0,1
202400036182,2024-10-02,matin,,,75,75117,1,2,6,4,4,Voie communale,30.0,2
202400036183,2024-10-02,soirée,,,75,75112,1,1,1,4,4,Voie communale,30.0,1
202400036184,2024-08-27,soirée,,,61,61001,2,1,3,4,3,Départementale,30.0,1
202400036185,2024-08-27,après-midi,,,59,59599,1,1,6,4,4,Voie communale,50.0,1
202400036186,2024-10-02,soirée,,,75,75112,2,8,6,4,4,Voie communale,30.0,1
202400036187,2024-10-02,après-midi,,,75,75109,1,1,3,4,4,Voie communale,30.0,1
202400036188,2024-08-27,après-midi,,,59,59360,1,1,3,4,7,Autre,50.0,1
202400036189,2024-10-02,matin,,,75,75108,1,1,6,4,4,Voie communale,30.0,1
202400036190,2024-08-26,soirée,,,59,59569,1,1,3,3,6,Autre,50.0,1
202400036191,2024-10-02,matin,,,75,75107,1,2,3,4,4,Voie communale,30.0,2
202400036192,2024-08-27,après-midi,,,58,58194,1,1,3,4,4,Voie communale,30.0,1
202400036193,2024-10-02,soirée,,,75,75104,1,1,7,4,4,Voie communale,30.0,1
202400036194,2024-08-27,matin,,,58,58194,1,1,1,4,4,Voie communale,50.0,1
202400036195,2024-10-02,matin,,,94,94081,1,2,6,4,3,Départementale,50.0,2
202400036196,2024-08-26,soirée,,,56,56098,1,1,7,4,4,Voie communale,50.0,1
202400036197,2024-08-26,après-midi,,,54,54184,1,1,7,4,4,Voie communale,50.0,1
202400036198,2024-10-02,après-midi,,,94,94065,1,1,3,4,5,Autre,50.0,1
202400036199,2024-08-27,soirée,,,51,51242,1,1,3,4,4,Voie communale,50.0,1
202400036200,2024-10-02,matin,,,93,93066,1,2,3,4,4,Voie communale,50.0,2
202400036201,2024-10-02,matin,,,93,93055,4,2,1,4,3,Départementale,30.0,2
202400036202,2024-08-26,après-midi,,,50,50129,1,1,3,4,3,Départementale,50.0,1
202400036203,2024-09-21,nuit,,,93,93053,5,3,6,4,3,Départementale,50.0,2
202400036204,2024-08-26,après-midi,,,49,49267,1,1,3,4,4,Voie communale,50.0,1
202400036205,2024-06-20,après-midi,,,67,67339,1,1,6,4,4,Voie communale,30.0,2
202400036206,2024-06-20,matin,,,33,33483,2,1,1,3,4,Voie communale,50.0,1
202400036207,2024-10-02,soirée,,,93,93051,5,1,2,4,4,Voie communale,30.0,1
202400036208,2024-08-26,après-midi,,,49,49007,1,1,3,4,4,Voie communale,30.0,1
202400036209,2024-06-20,matin,,,33,33376,2,8,1,2,4,Voie communale,80.0,1
202400036210,2024-08-27,nuit,,,45,45232,5,1,3,4,4,Voie communale,50.0,1
202400036211,2024-05-27,soirée,,,72,72223,1,7,6,3,3,Départementale,50.0,1
202400036212,2024-10-01,nuit,,,93,93006,5,1,3,4,3,Départementale,30.0,1
202400036213,2024-06-21,après-midi,,,22,22343,1,1,6,3,3,Départementale,50.0,1
202400036214,2024-10-02,nuit,,,93,93029,5,1,3,4,3,Départementale,50.0,1
202400036215,2024-06-19,après-midi,,,22,22178,1,1,6,3,3,Départementale,80.0,1
202400036216,2024-08-27,après-midi,,,35,35206,1,1,2,4,4,Voie communale,30.0,1
202400036217,2024-08-27,matin,,,33,33039,1,1,6,3,4,Voie communale,50.0,1
202400036218,2024-10-02,matin,,,92,92063,1,2,3,4,4,Voie communale,50.0,2
202400036219,2024-06-20,soirée,,,22,22162,1,1,1,4,4,Voie communale,80.0,1
202400036220,2024-08-26,nuit,,,33,33013,4,1,2,4,2,Nationale,110.0,1
202400036221,2024-10-02,après-midi,,,92,92073,1,8,3,4,3,Départementale,50.0,2
202400036222,2024-06-20,soirée,,,35,35087,1,1,1,4,3,Départementale,80.0,1
202400036223,2024-10-02,soirée,,,92,92050,1,1,3,4,4,Voie communale,50.0,1
202400036224,2024-06-16,nuit,,,60,60089,3,1,1,4,3,Départementale,80.0,1
202400036225,2024-08-26,après-midi,,,33,33281,1,1,5,4,4,Voie communale,80.0,1
202400036226,2024-10-02,matin,,,92,92048,1,2,2,4,3,Départementale,30.0,2
202400036227,2024-06-21,matin,,,80,80288,1,3,6,4,1,Autoroute,50.0,2
202400036228,2024-08-26,après-midi,,,33,33013,1,1,2,4,4,Voie communale,30.0,1
202400036229,2024-10-02,après-midi,,,92,92040,1,1,3,4,3,Départementale,50.0,2
202400036230,2024-06-21,après-midi,,,62,62318,1,1,1,3,3,Départementale,70.0,1
202400036231,2024-08-26,matin,,,33,33249,1,1,6,4,4,Voie communale,30.0,1
202400036232,2024-10-02,après-midi,,,92,92036,1,1,4,4,4,Voie communale,50.0,2
202400036233,2024-06-18,nuit,,,59,59422,5,1,6,4,3,Départementale,50.0,1
202400036234,2024-08-27,matin,,,28,28085,1,1,3,4,3,Départementale,30.0,1
202400036235,2024-06-21,matin,,,59,59221,1,3,1,4,3,Départementale,80.0,2
202400036236,2024-10-02,après-midi,,,92,92012,1,1,3,4,3,Départementale,30.0,1
202400036237,2024-08-27,matin,,,22,22278,2,1,3,4,4,Voie communale,30.0,1
202400036238,2024-06-19,après-midi,,,13,13088,1,1,4,4,1,Autoroute,110.0,1
202400036239,2024-10-03,après-midi,,,63,63026,1,2,1,4,3,Départementale,90.0,2
202400036240,2024-08-27,nuit,,,18,18267,3,1,7,4,3,Départementale,50.0,1
202400036241,2024-09-30,après-midi,,,2A,2A108,1,1,6,3,3,Départementale,80.0,1
202400036242,2024-06-16,après-midi,,,01,01275,1,1,2,4,1,Autoroute,70.0,1
202400036243,2024-08-27,nuit,,,13,13211,5,1,3,4,4,Voie communale,50.0,1
202400036244,2024-10-01,après-midi,,,2A,2A258,1,1,7,3,3,Départementale,80.0,1
202400036245,2024-06-20,après-midi,,,33,33143,1,1,2,4,1,Autoroute,130.0,1
202400036246,2024-08-26,après-midi,,,12,12145,1,1,3,4,3,Départementale,50.0,1
202400036247,2024-10-02,soirée,,,35,35172,3,1,3,3,3,Départementale,80.0,1
202400036248,2024-06-19,matin,,,33,33039,1,1,7,4,1,Autoroute,90.0,2
202400036249,2024-08-27,nuit,,,11,11069,3,1,2,2,3,Départementale,70.0,1
202400036250,2024-10-02,matin,,,68,68088,3,1,6,3,3,Départementale,70.0,2
202400036251,2024-06-19,matin,,,59,59383,1,1,4,3,1,Autoroute,110.0,1
202400036252,2024-10-03,après-midi,,,56,56052,1,1,6,2,3,Départementale,50.0,1
202400036253,2024-08-26,après-midi,,,10,10297,1,1,3,3,4,Voie communale,50.0,1
202400036254,2024-06-20,soirée,,,91,91339,1,1,3,4,2,Nationale,110.0,1
202400036255,2024-08-26,après-midi,,,10,10387,1,1,6,4,4,Voie communale,50.0,1
202400036256,2024-10-01,soirée,,,56,56206,1,1,5,4,3,Départementale,80.0,1
202400036257,2024-06-20,matin,,,91,91286,1,1,5,4,1,Autoroute,110.0,1
202400036258,2024-08-26,après-midi,,,07,07186,1,1,7,3,4,Voie communale,50.0,1
202400036259,2024-10-01,matin,,,79,79137,3,2,2,3,3,Départementale,90.0,2
202400036260,2024-06-20,matin,,,94,94065,1,1,2,4,2,Nationale,90.0,1
202400036261,2024-10-01,matin,,,2A,2A085,1,1,3,3,2,Nationale,90.0,1
202400036262,2024-08-23,nuit,,,06,06004,5,1,3,4,3,Départementale,50.0,1
202400036263,2024-06-20,matin,,,91,91692,1,1,2,4,2,Nationale,90.0,1
202400036264,2024-10-02,après-midi,,,89,89151,1,2,2,4,3,Départementale,90.0,2
202400036265,2024-08-25,matin,,,03,03095,1,1,3,3,4,Voie communale,50.0,1
202400036266,2024-06-19,matin,,,92,92023,1,1,2,4,2,Nationale,90.0,1
202400036267,2024-08-27,après-midi,,,01,01289,1,7,7,4,3,Départementale,80.0,1
202400036268,2024-06-20,après-midi,,,93,93006,1,8,3,4,1,Autoroute,90.0,1
202400036269,2024-10-03,matin,,,34,34051,1,7,3,3,3,Départementale,50.0,1