Num_Acc,date,time_of_day,lat,long,dep,com,lum,atm,col,severity_index,catr,catr_label,vma,surf
202400036270,2024-08-27,après-midi,,,75,75114,1,1,2,4,4,Voie communale,70.0,1
202400036271,2024-10-02,après-midi,,,25,25082,1,1,2,3,3,Départementale,90.0,1
202400036272,2024-06-20,après-midi,,,93,93007,1,1,4,4,1,Autoroute,110.0,1
202400036273,2024-08-26,après-midi,,,75,75117,1,1,2,4,4,Voie communale,70.0,1
202400036274,2024-06-19,après-midi,,,93,93027,1,8,2,4,1,Autoroute,90.0,1
202400036275,2024-08-27,matin,,,75,75114,1,1,2,4,4,Voie communale,70.0,1
202400036276,2024-10-01,soirée,,,35,35021,3,1,2,3,3,Départementale,80.0,1
202400036277,2024-06-19,matin,,,93,93005,1,8,2,4,1,Autoroute,90.0,1
202400036278,2024-10-02,après-midi,,,29,29014,1,2,6,3,4,Voie communale,80.0,2
202400036279,2024-06-20,matin,,,77,77083,1,1,2,4,1,Autoroute,110.0,1
202400036280,2024-06-10,matin,,,44,44109,1,8,6,4,4,Voie communale,50.0,1
202400036281,2024-10-03,matin,,,72,72241,1,1,6,4,3,Départementale,30.0,1
202400036282,2024-10-03,matin,,,05,05036,1,1,3,4,2,Nationale,80.0,1
202400036283,2024-01-08,après-midi,,,13,13211,3,1,3,2,1,Autoroute,90.0,1
202400036284,2024-10-03,matin,,,50,50347,1,1,1,3,3,Départementale,80.0,1
202400036285,2024-06-14,nuit,,,987,98735,5,1,3,4,3,Départementale,50.0,1
202400036286,2024-10-02,matin,,,64,64495,1,3,1,3,3,Départementale,80.0,8
202400036287,2024-06-19,après-midi,,,974,97411,1,1,6,4,4,Voie communale,30.0,1
202400036288,2024-10-03,soirée,,,18,18223,2,1,7,3,3,Départementale,80.0,1
202400036289,2024-10-02,matin,,,43,43051,1,1,6,4,4,Voie communale,30.0,1
202400036290,2024-06-18,nuit,,,974,97411,5,1,3,4,4,Voie communale,50.0,1
202400036291,2024-09-28,soirée,,,36,36241,1,1,6,4,3,Départementale,90.0,1
202400036292,2024-06-19,matin,,,973,97302,1,1,3,4,4,Voie communale,30.0,1
202400036293,2024-06-19,matin,,,69,69383,1,1,6,4,4,Voie communale,30.0,1
202400036294,2024-10-01,après-midi,,,07,07292,1,1,3,3,3,Départementale,70.0,1
202400036295,2024-10-02,matin,,,53,53073,1,1,7,3,3,Départementale,80.0,1
202400036296,2024-06-19,matin,,,971,97101,1,1,2,4,3,Départementale,70.0,1
202400036297,2024-06-19,matin,,,95,95063,1,1,3,4,3,Départementale,50.0,1
202400036298,2024-06-18,après-midi,,,87,87085,1,1,6,3,4,Voie communale,50.0,1
202400036299,2024-10-02,après-midi,,,40,40233,1,2,3,4,3,Départementale,80.0,3
202400036300,2024-06-17,matin,,,87,87085,1,1,6,3,4,Voie communale,30.0,1
202400036301,2024-09-30,après-midi,,,24,24371,1,8,6,3,3,Départementale,80.0,2
202400036302,2024-06-19,matin,,,83,83137,1,1,6,4,4,Voie communale,50.0,1
202400036303,2024-10-03,matin,,,04,04208,1,1,6,3,3,Départementale,80.0,1
202400036304,2024-06-19,matin,,,81,81004,1,1,6,4,4,Voie communale,50.0,1
202400036305,2024-06-19,soirée,,,78,78146,1,1,3,4,4,Voie communale,50.0,1
202400036306,2024-10-02,matin,,,04,04192,1,1,1,3,3,Départementale,80.0,1
202400036307,2024-06-19,matin,,,73,73029,1,1,6,4,2,Nationale,50.0,1
202400036308,2024-08-23,soirée,,,85,85193,1,1,6,2,3,Départementale,80.0,1
202400036309,2024-06-18,nuit,,,72,72181,4,2,3,4,4,Voie communale,50.0,1
202400036310,2024-10-03,matin,,,52,52118,1,1,1,4,3,Départementale,90.0,2
202400036311,2024-06-19,matin,,,71,71270,1,7,3,4,3,Départementale,50.0,1
202400036312,2024-09-26,après-midi,,,08,08170,1,2,3,4,3,Départementale,80.0,2
202400036313,2024-06-19,après-midi,,,69,69264,1,1,6,4,4,Voie communale,50.0,1
202400036314,2024-06-19,après-midi,,,69,69091,1,1,3,4,6,Autre,20.0,1
202400036315,2024-10-02,après-midi,,,973,97309,1,1,3,3,3,Départementale,50.0,1
202400036316,2024-06-18,après-midi,,,67,67482,1,1,6,3,4,Voie communale,30.0,1
202400036317,2024-09-30,matin,,,06,06152,1,1,3,4,3,Départementale,50.0,1
202400036318,2024-06-18,matin,,,67,67482,1,1,3,4,4,Voie communale,30.0,1
202400036319,2024-09-20,après-midi,,,69,69027,1,1,3,4,6,Autre,30.0,1
202400036320,2024-06-19,soirée,,,64,64545,1,1,3,4,3,Départementale,70.0,1
202400036321,2024-10-03,matin,,,14,14032,1,1,2,3,1,Autoroute,,1
202400036322,2024-06-19,matin,,,64,64445,1,8,3,4,4,Voie communale,50.0,2
202400036323,2024-10-02,après-midi,,,987,98750,1,1,1,3,2,Nationale,60.0,1
202400036324,2024-06-18,soirée,,,64,64102,1,1,3,4,4,Voie communale,50.0,1
202400036325,2024-10-03,après-midi,,,2A,2A215,1,1,7,3,2,Nationale,50.0,1
202400036326,2024-06-19,soirée,,,59,59350,1,1,6,4,4,Voie communale,30.0,1
202400036327,2024-10-02,matin,,,57,57601,1,2,1,4,7,Autre,80.0,2
202400036328,2024-06-11,soirée,,,59,59220,1,7,6,4,4,Voie communale,50.0,1
202400036329,2024-09-14,nuit,,,63,63226,3,1,7,4,3,Départementale,80.0,1
202400036330,2024-06-24,nuit,,,56,56121,2,1,3,4,4,Voie communale,30.0,1
202400036331,2024-06-18,après-midi,,,56,56121,1,1,2,4,4,Voie communale,30.0,1
202400036332,2024-10-03,après-midi,,,42,42304,1,1,3,3,3,Départementale,30.0,1
202400036333,2024-06-18,après-midi,,,56,56121,1,1,3,4,6,Autre,30.0,1
202400036334,2024-10-03,après-midi,,,38,38415,1,1,1,3,3,Départementale,80.0,1
202400036335,2024-06-18,après-midi,,,50,50129,1,1,2,3,4,Voie communale,50.0,1
202400036336,2024-10-02,après-midi,,,38,38474,1,1,6,3,7,Autre,50.0,1
202400036337,2024-06-14,après-midi,,,49,49099,1,8,6,4,3,Départementale,50.0,1
202400036338,2024-10-02,matin,,,07,07268,1,1,6,4,4,Voie communale,50.0,1
202400036339,2024-06-18,matin,,,49,49007,2,1,6,4,4,Voie communale,50.0,1
202400036340,2024-10-03,après-midi,,,31,31291,1,1,2,3,3,Départementale,80.0,1
202400036341,2024-10-03,matin,,,59,59289,3,1,1,3,3,Départementale,80.0,1
202400036342,2024-06-18,nuit,,,46,46042,5,3,3,4,3,Départementale,50.0,2
202400036343,2024-10-03,après-midi,,,59,59106,1,1,1,3,7,Autre,70.0,1
202400036344,2024-10-02,matin,,,33,33075,1,1,2,4,1,Autoroute,90.0,1
202400036345,2024-06-19,matin,,,45,45302,1,8,6,4,4,Voie communale,25.0,2
202400036346,2024-09-27,après-midi,,,59,59009,1,3,5,4,2,Nationale,70.0,2
202400036347,2024-06-19,nuit,,,44,44114,3,1,6,2,2,Nationale,110.0,2
202400036348,2024-10-01,après-midi,,,92,92036,1,1,3,4,1,Autoroute,90.0,1
202400036349,2024-10-01,après-midi,,,92,92026,1,9,2,4,2,Nationale,70.0,1
202400036350,2024-06-19,après-midi,,,43,43157,1,1,6,4,4,Voie communale,50.0,1
202400036351,2024-10-01,matin,,,78,78490,1,1,6,4,2,Nationale,70.0,1
202400036352,2024-06-19,matin,,,42,42095,1,1,6,4,4,Voie communale,30.0,1
202400036353,2024-10-01,soirée,,,93,93008,1,1,3,4,1,Autoroute,90.0,1
202400036354,2024-06-19,soirée,,,33,33522,1,1,3,4,4,Voie communale,50.0,1
202400036355,2024-10-01,après-midi,,,93,93010,1,1,2,4,1,Autoroute,70.0,1
202400036356,2024-06-19,soirée,,,31,31555,1,1,1,4,9,Autre,30.0,1
202400036357,2024-10-01,matin,,,93,93053,1,1,3,4,1,Autoroute,50.0,1
202400036358,2024-06-19,matin,,,31,31555,1,8,6,3,4,Voie communale,50.0,1
202400036359,2024-09-30,soirée,,,95,95582,1,2,1,4,1,Autoroute,90.0,2
202400036360,2024-10-02,matin,,,94,94017,1,1,2,4,1,Autoroute,90.0,1
202400036361,2024-06-28,soirée,,,42,42095,1,8,6,4,4,Voie communale,50.0,2
202400036362,2024-06-19,matin,,,31,31149,1,8,3,3,4,Voie communale,50.0,1
202400036363,2024-06-19,après-midi,,,29,29169,1,1,3,3,4,Voie communale,,1
202400036364,2024-06-19,soirée,,,28,28085,1,1,1,3,3,Départementale,80.0,1
202400036365,2024-06-27,après-midi,,,29,29151,1,1,6,3,3,Départementale,30.0,1
202400036366,2024-06-29,après-midi,,,29,29254,1,1,7,4,3,Départementale,70.0,1
202400036367,2024-06-14,après-midi,,,28,28085,1,8,3,4,4,Voie communale,50.0,1
202400036368,2024-07-28,nuit,,,30,30011,3,1,7,4,3,Départementale,80.0,1
202400036369,2024-06-19,après-midi,,,27,27299,1,1,2,4,2,Nationale,110.0,1
202400036370,2024-07-04,après-midi,,,93,93077,1,1,6,4,3,Départementale,50.0,1
202400036371,2024-06-26,après-midi,,,26,26038,1,1,1,3,4,Voie communale,80.0,1
202400036372,2024-06-19,après-midi,,,22,22215,1,2,3,3,4,Voie communale,50.0,2
202400036373,2024-10-01,après-midi,,,987,98736,1,1,3,4,2,Nationale,50.0,1
202400036374,2024-09-30,après-midi,,,987,98735,1,1,7,4,3,Départementale,50.0,9
202400036375,2024-06-19,soirée,,,22,22113,1,1,2,4,4,Voie communale,50.0,1
202400036376,2024-10-01,après-midi,,,976,97611,1,1,7,4,4,Voie communale,50.0,1
202400036377,2024-06-19,soirée,,,17,17300,1,1,3,4,4,Voie communale,30.0,1
202400036378,2024-10-01,après-midi,,,976,97611,1,1,1,3,4,Voie communale,50.0,1
202400036379,2024-10-01,matin,,,974,97407,2,1,7,4,4,Voie communale,50.0,9
202400036380,2024-06-19,nuit,,,13,13210,5,1,7,4,4,Voie communale,50.0,2
202400036381,2024-09-30,soirée,,,973,97302,5,1,3,4,4,Voie communale,30.0,1
202400036382,2024-06-19,soirée,,,13,13206,1,8,3,4,4,Voie communale,50.0,1
202400036383,2024-11-07,soirée,,,49,49214,5,2,3,4,4,Voie communale,50.0,2
202400036384,2024-09-30,matin,,,973,97302,1,1,3,4,2,Nationale,50.0,1
202400036385,2024-06-19,soirée,,,11,11262,1,1,3,4,4,Voie communale,50.0,1
202400036386,2024-11-08,matin,,,46,46145,1,1,3,2,3,Départementale,80.0,1
202400036387,2024-09-29,soirée,,,973,97302,3,1,3,4,3,Départementale,50.0,1
202400036388,2024-06-19,après-midi,,,06,06088,1,1,6,4,4,Voie communale,50.0,1
202400036389,2024-11-07,nuit,,,68,68179,3,5,7,4,3,Départementale,80.0,2
202400036390,2024-10-01,nuit,,,69,69385,5,2,3,2,4,Voie communale,30.0,2
202400036391,2024-06-11,après-midi,,,04,04112,1,1,6,4,3,Départementale,50.0,1
202400036392,2024-11-07,soirée,,,25,25594,3,1,1,4,3,Départementale,90.0,2
202400036393,2024-10-01,soirée,,,2B,2B033,1,1,3,4,9,Autre,30.0,1
202400036394,2024-06-19,nuit,,,03,03185,5,3,3,4,4,Voie communale,50.0,2
202400036395,2024-06-17,nuit,,,75,75116,5,1,2,3,4,Voie communale,70.0,1
202400036396,2024-11-06,après-midi,,,44,44063,1,1,3,4,4,Voie communale,50.0,1
202400036397,2024-10-01,matin,,,95,95563,2,1,3,4,3,Départementale,50.0,1
202400036398,2024-06-19,nuit,,,75,75120,5,8,3,4,4,Voie communale,,2
202400036399,2024-11-08,après-midi,,,29,29075,1,1,6,3,4,Voie communale,30.0,1
202400036400,2024-10-01,matin,,,91,91027,1,8,4,4,4,Voie communale,30.0,1
202400036401,2024-06-19,matin,,,75,75119,1,1,3,4,4,Voie communale,30.0,1
202400036402,2024-11-08,après-midi,,,31,31377,1,1,2,4,3,Départementale,80.0,1
202400036403,2024-09-12,après-midi,,,89,89342,1,1,6,3,4,Voie communale,50.0,1
202400036404,2024-06-19,soirée,,,75,75118,1,1,3,4,4,Voie communale,30.0,1
202400036405,2024-09-30,matin,,,87,87085,1,1,2,4,4,Voie communale,50.0,1
202400036406,2024-11-07,après-midi,,,31,31033,1,1,2,4,3,Départementale,50.0,1
202400036407,2024-06-19,matin,,,75,75118,1,1,3,4,4,Voie communale,,1
202400036408,2024-10-01,après-midi,,,84,84031,1,1,2,4,4,Voie communale,30.0,1
202400036409,2024-11-08,matin,,,02,02569,3,1,3,3,3,Départementale,50.0,1
202400036410,2024-06-19,après-midi,,,75,75116,1,1,3,4,4,Voie communale,30.0,1
202400036411,2024-09-30,matin,,,84,84007,1,1,3,4,4,Voie communale,50.0,1
202400036412,2024-11-08,après-midi,,,72,72139,1,1,7,2,4,Voie communale,,1
202400036413,2024-10-01,matin,,,80,80021,1,1,3,4,4,Voie communale,50.0,1
202400036414,2024-06-19,matin,,,75,75116,1,1,3,4,4,Voie communale,30.0,1
202400036415,2024-11-01,nuit,,,43,43142,3,1,6,3,3,Départementale,90.0,1
202400036416,2024-09-30,matin,,,79,79329,1,8,7,4,3,Départementale,30.0,1
202400036417,2024-06-19,après-midi,,,75,75113,1,1,6,4,4,Voie communale,30.0,1
202400036418,2024-09-26,matin,,,79,79191,1,3,6,4,4,Voie communale,30.0,2
202400036419,2024-06-19,matin,,,75,75112,1,1,6,4,4,Voie communale,30.0,1
202400036420,2024-11-08,soirée,,,30,30152,3,1,3,3,3,Départementale,80.0,1
202400036421,2024-06-19,nuit,,,75,75112,5,2,2,4,4,Voie communale,30.0,2
202400036422,2024-11-04,après-midi,,,48,48191,2,7,3,4,3,Départementale,50.0,1
202400036423,2024-06-19,après-midi,,,75,75111,1,1,3,4,4,Voie communale,30.0,1
202400036424,2024-09-14,nuit,,,67,67506,3,9,7,4,1,Autoroute,110.0,2
202400036425,2024-06-19,soirée,,,75,75110,1,1,6,4,4,Voie communale,,1
202400036426,2024-11-07,après-midi,,,13,13080,1,1,2,3,3,Départementale,80.0,1
202400036427,2024-06-19,après-midi,,,75,75108,1,1,3,4,4,Voie communale,30.0,1
202400036428,2024-09-30,après-midi,,,78,78208,1,8,3,4,4,Voie communale,50.0,1
202400036429,2024-06-19,soirée,,,75,75107,2,1,1,4,4,Voie communale,30.0,1
202400036430,2024-11-07,après-midi,,,01,01195,3,1,5,4,1,Autoroute,130.0,1
202400036431,2024-06-19,matin,,,75,75107,1,1,7,3,4,Voie communale,30.0,1
202400036432,2024-06-19,matin,,,75,75102,1,1,3,4,4,Voie communale,25.0,1
202400036433,2024-10-01,après-midi,,,77,77284,1,1,6,4,4,Voie communale,50.0,1
202400036434,2024-11-08,matin,,,31,31254,1,1,6,3,3,Départementale,50.0,1
202400036435,2024-06-19,matin,,,93,93070,1,1,2,4,4,Voie communale,50.0,1
202400036436,2024-10-02,nuit,,,77,77075,3,1,7,4,3,Départementale,50.0,1
202400036437,2024-11-07,après-midi,,,988,98821,1,1,6,4,2,Nationale,90.0,1
202400036438,2024-06-19,après-midi,,,93,93051,1,1,3,4,3,Départementale,50.0,1
202400036439,2024-11-03,soirée,,,34,34154,5,1,7,3,3,Départementale,70.0,1
202400036440,2024-10-01,matin,,,77,77058,1,1,2,4,4,Voie communale,50.0,1
202400036441,2024-06-19,nuit,,,93,93046,5,1,6,3,3,Départementale,50.0,1
202400036442,2024-09-30,après-midi,,,76,76351,1,2,3,4,4,Voie communale,30.0,2
202400036443,2024-11-07,après-midi,,,83,83106,1,1,5,3,3,Départementale,90.0,1
202400036444,2024-06-19,matin,,,95,95427,1,1,3,4,4,Voie communale,50.0,1
202400036445,2024-11-07,soirée,,,71,71342,5,1,3,4,4,Voie communale,30.0,1
202400036446,2024-06-19,soirée,,,93,93014,2,1,3,4,4,Voie communale,30.0,1
202400036447,2024-09-26,après-midi,,,76,76351,1,1,6,3,4,Voie communale,50.0,1
202400036448,2024-09-06,matin,,,67,67001,1,1,1,4,7,Autre,50.0,1
202400036449,2024-06-18,après-midi,,,93,93010,1,8,2,4,3,Départementale,50.0,1
202400036450,2024-10-01,matin,,,73,73065,1,1,7,3,4,Voie communale,50.0,1
202400036451,2024-11-08,nuit,,,03,03290,3,5,2,4,2,Nationale,80.0,1
202400036452,2024-06-18,soirée,,,93,93007,1,8,3,4,4,Voie communale,50.0,1
202400036453,2024-11-08,matin,,,42,42304,1,1,3,4,3,Départementale,80.0,1
202400036454,2024-06-19,soirée,,,92,92064,1,1,3,4,3,Départementale,50.0,1
202400036455,2024-10-01,nuit,,,72,72181,5,1,6,4,4,Voie communale,50.0,1
202400036456,2024-11-07,matin,,,44,44035,2,1,3,3,7,Autre,50.0,2
202400036457,2024-06-19,nuit,,,92,92050,5,1,3,4,3,Départementale,50.0,1
202400036458,2024-11-07,après-midi,,,38,38261,1,1,7,4,3,Départementale,70.0,1
202400036459,2024-06-18,nuit,,,92,92036,5,1,6,4,3,Départementale,50.0,1
202400036460,2024-10-01,après-midi,,,71,71306,1,2,7,4,4,Voie communale,50.0,2
202400036461,2024-11-08,après-midi,,,69,69206,5,1,6,4,3,Départementale,70.0,1
202400036462,2024-06-19,après-midi,,,92,92035,1,1,6,4,4,Voie communale,30.0,1
202400036463,2024-11-08,matin,,,69,69052,1,1,6,4,3,Départementale,50.0,1
202400036464,2024-06-18,matin,,,92,92026,1,3,2,4,3,Départementale,50.0,2
202400036465,2024-11-07,matin,,,31,31395,1,1,2,4,4,Voie communale,50.0,1
202400036466,2024-10-01,soirée,,,66,66136,5,1,3,4,4,Voie communale,30.0,1
202400036467,2024-06-19,soirée,,,92,92012,1,1,3,4,3,Départementale,50.0,1
202400036468,2024-11-07,après-midi,,,23,23125,2,1,6,4,3,Départementale,90.0,1
202400036469,2024-06-19,matin,,,92,92007,1,1,6,4,4,Voie communale,50.0,1
202400036470,2024-09-27,nuit,,,66,66136,5,1,3,3,4,Voie communale,50.0,1
202400036471,2024-11-08,matin,,,47,47157,1,1,3,3,4,Voie communale,50.0,1
202400036472,2024-06-19,après-midi,,,92,92004,1,8,3,4,3,Départementale,50.0,1
202400036473,2024-11-06,soirée,,,33,33006,3,5,6,3,3,Départementale,50.0,1
202400036474,2024-09-30,après-midi,,,66,66136,1,1,6,3,4,Voie communale,50.0,1
202400036475,2024-06-16,après-midi,,,47,47238,1,1,7,3,4,Voie communale,50.0,1
202400036476,2024-06-08,après-midi,,,85,85226,1,1,2,3,3,Départementale,80.0,1
202400036477,2024-06-18,nuit,,,54,54006,3,1,6,3,3,Départementale,80.0,1
202400036478,2024-10-01,soirée,,,64,64545,1,2,4,4,3,Départementale,70.0,2
202400036479,2024-11-07,soirée,,,60,60589,3,2,2,3,3,Départementale,110.0,2
202400036480,2024-06-17,après-midi,,,83,83058,1,1,3,3,3,Départementale,50.0,1
202400036481,2024-06-18,nuit,,,95,95205,4,1,7,3,3,Départementale,80.0,1
202400036482,2024-10-01,matin,,,64,64260,1,1,3,4,3,Départementale,50.0,1
202400036483,2024-11-06,après-midi,,,62,62318,5,1,3,4,3,Départementale,50.0,1
202400036484,2024-11-05,après-midi,,,59,59011,5,2,3,4,4,Voie communale,15.0,2
202400036485,2024-10-01,soirée,,,64,64445,5,3,3,4,4,Voie communale,50.0,2
202400036486,2024-11-06,après-midi,,,13,13213,2,1,3,4,1,Autoroute,50.0,1
202400036487,2024-10-01,après-midi,,,64,64024,1,1,1,4,4,Voie communale,30.0,1
202400036488,2024-11-06,après-midi,,,13,13202,1,2,3,4,1,Autoroute,70.0,2
202400036489,2024-06-20,matin,,,76,76235,1,1,6,4,3,Départementale,50.0,1
202400036490,2024-11-07,après-midi,,,33,33039,1,1,2,4,1,Autoroute,90.0,1
202400036491,2024-10-01,matin,,,64,64102,1,1,3,4,3,Départementale,50.0,1
202400036492,2024-11-07,matin,,,33,33080,2,1,2,4,1,Autoroute,130.0,1
202400036493,2024-09-30,après-midi,,,63,63300,1,1,1,4,3,Départementale,50.0,1
202400036494,2024-11-06,matin,,,59,59646,1,1,4,3,1,Autoroute,70.0,1
202400036495,2024-06-20,matin,,,67,67445,1,8,1,4,4,Voie communale,50.0,1
202400036496,2024-11-07,matin,,,94,94021,1,1,3,4,1,Autoroute,110.0,1
202400036497,2024-06-20,matin,,,52,52163,1,1,2,4,1,Autoroute,,1
202400036498,2024-11-07,matin,,,91,91689,3,1,3,4,1,Autoroute,90.0,1
202400036499,2024-09-30,après-midi,,,63,63245,1,1,1,4,4,Voie communale,50.0,1
202400036500,2024-06-19,après-midi,,,68,68022,1,1,6,4,4,Voie communale,50.0,1
202400036501,2024-11-07,après-midi,,,92,92036,2,1,2,4,1,Autoroute,90.0,1
202400036502,2024-11-07,après-midi,,,93,93027,1,1,2,4,1,Autoroute,90.0,1
202400036503,2024-06-20,soirée,,,03,03036,1,1,6,3,3,Départementale,50.0,1
202400036504,2024-11-07,après-midi,,,93,93006,2,1,3,4,1,Autoroute,90.0,1
202400036505,2024-06-14,après-midi,,,89,89066,1,1,1,3,4,Voie communale,80.0,1
202400036506,2024-11-07,matin,,,93,93064,1,1,3,4,1,Autoroute,70.0,1
202400036507,2024-09-30,après-midi,,,63,63113,1,1,3,4,4,Voie communale,30.0,1
202400036508,2024-11-06,soirée,,,95,95604,3,1,3,3,1,Autoroute,110.0,1
202400036509,2024-09-30,après-midi,,,62,62215,1,1,3,3,4,Voie communale,50.0,1
202400036510,2024-06-18,matin,,,51,51027,1,1,3,4,3,Départementale,80.0,1
202400036511,2024-11-06,matin,,,93,93008,1,1,3,4,1,Autoroute,90.0,1
202400036512,2024-09-30,après-midi,,,62,62041,1,2,6,3,4,Voie communale,50.0,2
202400036513,2024-06-20,après-midi,,,51,51622,1,8,3,4,3,Départementale,90.0,1
202400036514,2024-11-06,matin,,,95,95277,1,1,2,4,1,Autoroute,70.0,1
202400036515,2024-06-20,après-midi,,,19,19273,1,2,6,4,3,Départementale,70.0,2
202400036516,2024-10-01,après-midi,,,60,60057,1,1,6,4,4,Voie communale,,1
202400036517,2024-11-06,nuit,,,77,77175,3,1,6,4,2,Nationale,90.0,1
202400036518,2024-09-30,après-midi,,,60,60057,1,2,6,4,4,Voie communale,50.0,2
202400036519,2024-11-06,nuit,,,94,94042,3,1,2,4,1,Autoroute,90.0,1
202400036520,2024-06-20,après-midi,,,56,56236,1,1,3,2,3,Départementale,80.0,1
202400036521,2024-06-19,soirée,,,77,77109,1,1,7,3,3,Départementale,80.0,1
202400036522,2024-10-01,soirée,,,59,59009,5,2,3,3,7,Autre,50.0,2
202400036523,2024-11-06,soirée,,,77,77294,2,1,5,4,1,Autoroute,90.0,1
202400036524,2024-06-20,soirée,,,76,76100,1,1,3,4,3,Départementale,80.0,1
202400036525,2024-10-01,matin,,,59,59378,1,1,3,4,7,Autre,50.0,1
202400036526,2024-11-06,matin,,,94,94069,1,1,4,4,1,Autoroute,90.0,1
202400036527,2024-06-18,matin,,,61,61327,1,8,3,4,3,Départementale,90.0,1
202400036528,2024-10-01,matin,,,57,57463,5,8,3,4,4,Voie communale,50.0,2
202400036529,2024-06-20,soirée,,,47,47138,2,3,1,4,3,Départementale,80.0,2
202400036530,2024-04-28,matin,,,93,93048,1,1,3,4,3,Départementale,50.0,1
202400036531,2024-06-20,nuit,,,25,25334,3,1,6,3,3,Départementale,90.0,1
202400036532,2024-04-11,soirée,,,93,93064,5,1,3,4,3,Départementale,30.0,1
202400036533,2024-06-15,nuit,,,25,25108,3,1,7,3,3,Départementale,80.0,1
202400036534,2024-09-30,soirée,,,57,57463,1,9,3,3,4,Voie communale,50.0,2
202400036535,2024-06-20,après-midi,,,29,29146,1,2,3,3,3,Départementale,80.0,2
202400036536,2024-01-13,matin,,,49,49099,1,1,4,4,4,Voie communale,50.0,1
202400036537,2024-09-27,après-midi,,,54,54159,1,8,7,4,4,Voie communale,50.0,1
202400036538,2024-11-05,nuit,,,972,97213,4,2,6,3,2,Nationale,70.0,2
202400036539,2024-06-20,nuit,,,29,29003,3,8,6,3,3,Départementale,50.0,1
202400036540,2024-06-20,après-midi,,,15,15050,1,5,6,3,3,Départementale,90.0,2
202400036541,2024-06-20,après-midi,,,01,01374,1,2,3,3,3,Départementale,80.0,2
202400036542,2024-11-06,après-midi,,,972,97213,1,1,3,4,3,Départementale,70.0,1
202400036543,2024-10-01,après-midi,,,51,51454,1,1,6,4,4,Voie communale,50.0,1
202400036544,2024-06-19,soirée,,,01,01200,1,1,7,3,3,Départementale,80.0,1
202400036545,2024-11-05,soirée,,,972,97213,5,1,5,3,1,Autoroute,90.0,1
202400036546,2024-09-24,matin,,,49,49328,2,2,1,4,4,Voie communale,50.0,2
202400036547,2024-10-01,soirée,,,49,49007,2,1,6,4,4,Voie communale,50.0,1
202400036548,2024-11-05,nuit,,,972,97209,5,1,6,4,3,Départementale,50.0,1
202400036549,2024-06-18,après-midi,,,45,45165,1,1,3,4,4,Voie communale,80.0,1
202400036550,2024-11-06,nuit,,,69,69034,5,1,6,4,4,Voie communale,50.0,1
202400036551,2024-09-30,matin,,,49,49007,1,1,2,4,4,Voie communale,30.0,1
202400036552,2024-06-19,soirée,,,64,64138,1,1,3,3,3,Départementale,80.0,1
202400036553,2024-10-01,matin,,,47,47001,1,1,6,4,4,Voie communale,30.0,1
202400036554,2024-11-02,soirée,,,971,97120,5,1,3,4,3,Départementale,50.0,2
202400036555,2024-06-20,après-midi,,,64,64060,1,3,3,2,3,Départementale,70.0,2
202400036556,2024-09-29,soirée,,,42,42095,1,1,6,4,4,Voie communale,30.0,1
202400036557,2024-11-06,après-midi,,,2A,2A004,1,1,2,4,2,Nationale,50.0,1
202400036558,2024-06-19,soirée,,,37,37204,2,2,3,3,4,Voie communale,70.0,2
202400036559,2024-10-01,soirée,,,37,37261,1,7,6,4,4,Voie communale,50.0,2
202400036560,2024-11-05,soirée,,,91,91691,5,1,5,4,3,Départementale,50.0,1
202400036561,2024-10-01,matin,,,37,37261,1,2,7,4,4,Voie communale,50.0,2
202400036562,2024-06-17,soirée,,,38,38310,1,1,7,2,4,Voie communale,30.0,1
202400036563,2024-11-06,après-midi,,,82,82121,1,1,7,3,3,Départementale,50.0,1
202400036564,2024-10-01,soirée,,,35,35115,5,1,3,4,4,Voie communale,30.0,2
202400036565,2024-11-04,matin,,,80,80021,1,1,2,4,4,Voie communale,50.0,1
202400036566,2024-06-19,soirée,,,63,63082,1,3,6,4,1,Autoroute,130.0,2
202400036567,2024-06-19,nuit,,,53,53007,3,8,6,3,1,Autoroute,130.0,2
202400036568,2024-10-01,soirée,,,33,33063,1,2,3,4,4,Voie communale,30.0,2
202400036569,2024-11-06,après-midi,,,78,78423,1,1,6,4,4,Voie communale,50.0,1
202400036570,2024-06-20,matin,,,21,21297,1,1,6,3,1,Autoroute,130.0,1
202400036571,2024-06-19,après-midi,,,56,56075,1,1,1,4,3,Départementale,80.0,1
202400036572,2024-10-01,après-midi,,,33,33281,1,1,3,3,4,Voie communale,30.0,1
202400036573,2024-06-19,après-midi,,,988,98826,1,1,1,4,4,Voie communale,,1
202400036574,2024-09-30,après-midi,,,33,33192,1,8,3,3,4,Voie communale,50.0,1
202400036575,2024-06-08,nuit,,,66,66037,3,1,2,4,3,Départementale,110.0,1
202400036576,2024-06-20,après-midi,,,30,30142,1,2,1,4,3,Départementale,80.0,2
202400036577,2024-06-20,nuit,,,13,13004,3,2,1,2,3,Départementale,80.0,2
202400036578,2024-09-30,après-midi,,,33,33065,1,8,3,3,4,Voie communale,70.0,1
202400036579,2024-06-19,après-midi,,,68,68309,1,1,3,3,4,Voie communale,,1
202400036580,2024-10-01,soirée,,,29,29232,5,1,6,4,3,Départementale,70.0,1
202400036581,2024-11-06,matin,,,77,77058,1,1,6,4,3,Départementale,50.0,1