Num_Acc,date,time_of_day,lat,long,dep,com,lum,atm,col,severity_index,catr,catr_label,vma,surf
202400036582,2024-10-01,après-midi,,,28,28332,1,1,3,4,4,Voie communale,50.0,1
202400036583,2024-06-19,après-midi,,,88,88090,1,1,4,4,2,Nationale,80.0,1
202400036584,2024-11-05,soirée,,,71,71270,5,1,6,4,4,Voie communale,50.0,1
202400036585,2024-09-30,matin,,,25,25462,1,1,3,4,2,Nationale,80.0,1
202400036586,2024-06-16,après-midi,,,73,73054,1,1,2,4,3,Départementale,80.0,1
202400036587,2024-11-06,matin,,,69,69264,1,8,3,4,4,Voie communale,50.0,1
202400036588,2024-10-01,soirée,,,22,22215,1,1,3,2,4,Voie communale,50.0,1
202400036589,2024-11-06,matin,,,69,69029,1,1,3,4,7,Autre,90.0,1
202400036590,2024-06-20,matin,,,73,73054,1,2,7,3,3,Départementale,80.0,2
202400036591,2024-10-01,matin,,,21,21355,1,8,3,3,7,Autre,90.0,1
202400036592,2024-11-06,après-midi,,,67,67482,2,1,6,2,4,Voie communale,30.0,1
202400036593,2024-12-12,nuit,,,83,83126,5,9,3,4,4,Voie communale,50.0,2
202400036594,2024-09-30,matin,,,19,19272,1,3,7,4,3,Départementale,50.0,2
202400036595,2024-06-18,après-midi,,,69,69204,1,1,1,4,7,Autre,50.0,1
202400036596,2024-12-11,après-midi,,,83,83129,5,1,6,3,4,Voie communale,50.0,1
202400036597,2024-11-06,nuit,,,67,67482,5,5,6,4,4,Voie communale,50.0,1
202400036598,2024-06-18,matin,,,69,69204,1,1,6,4,7,Autre,50.0,1
202400036599,2024-10-01,nuit,,,13,13210,5,2,3,4,1,Autoroute,50.0,2
202400036600,2024-12-12,matin,,,81,81004,1,1,3,3,4,Voie communale,50.0,1
202400036601,2024-11-05,soirée,,,67,67447,5,1,2,4,4,Voie communale,50.0,1
202400036602,2024-06-20,après-midi,,,14,14762,1,8,7,3,4,Voie communale,30.0,1
202400036603,2024-12-12,après-midi,,,80,80021,1,1,3,4,4,Voie communale,50.0,1
202400036604,2024-10-01,après-midi,,,13,13210,1,1,3,4,4,Voie communale,50.0,1
202400036605,2024-11-05,après-midi,,,67,67482,1,1,6,4,4,Voie communale,25.0,1
202400036606,2024-06-19,après-midi,,,56,56237,1,2,1,3,3,Départementale,80.0,2
202400036607,2024-12-11,soirée,,,79,79081,5,1,3,4,4,Voie communale,50.0,1
202400036608,2024-10-01,matin,,,13,13214,1,1,3,3,4,Voie communale,50.0,1
202400036609,2024-11-04,matin,,,66,66136,1,1,3,4,3,Départementale,110.0,1
202400036610,2024-12-11,matin,,,78,78486,3,8,6,3,4,Voie communale,50.0,2
202400036611,2024-06-20,matin,,,22,22143,1,1,3,3,4,Voie communale,50.0,1
202400036612,2024-11-06,après-midi,,,64,64445,1,1,6,4,4,Voie communale,50.0,1
202400036613,2024-10-01,nuit,,,13,13205,5,1,3,4,4,Voie communale,50.0,1
202400036614,2024-12-12,matin,,,78,78208,2,1,3,4,3,Départementale,50.0,1
202400036615,2024-11-06,soirée,,,64,64024,5,1,3,4,4,Voie communale,50.0,1
202400036616,2024-06-20,matin,,,60,60009,1,1,3,4,3,Départementale,80.0,1
202400036617,2024-10-01,après-midi,,,13,13005,1,1,2,4,4,Voie communale,50.0,1
202400036618,2024-12-12,après-midi,,,77,77243,3,1,6,2,3,Départementale,90.0,1
202400036619,2024-11-05,soirée,,,64,64102,5,1,2,4,4,Voie communale,50.0,1
202400036620,2024-11-06,soirée,,,63,63300,5,1,3,3,3,Départementale,50.0,1
202400036621,2024-06-20,matin,,,80,80002,1,1,2,4,1,Autoroute,130.0,1
202400036622,2024-12-11,après-midi,,,77,77186,2,1,3,3,3,Départementale,80.0,1
202400036623,2024-11-06,nuit,,,62,62846,3,1,6,4,3,Départementale,50.0,1
202400036624,2024-06-19,après-midi,,,62,62487,1,1,6,2,6,Autre,50.0,1
202400036625,2024-11-05,après-midi,,,60,60057,1,8,6,2,4,Voie communale,30.0,1
202400036626,2024-12-12,après-midi,,,76,76540,1,8,6,4,4,Voie communale,15.0,1
202400036627,2024-06-19,matin,,,59,59034,1,1,3,3,3,Départementale,80.0,1
202400036628,2024-11-06,après-midi,,,59,59152,2,8,6,3,4,Voie communale,50.0,1
202400036629,2024-12-12,après-midi,,,73,73087,1,1,6,3,4,Voie communale,50.0,1
202400036630,2024-06-19,nuit,,,57,57582,3,8,7,2,1,Autoroute,110.0,2
202400036631,2024-11-04,soirée,,,57,57683,4,1,6,4,3,Départementale,50.0,1
202400036632,2024-12-12,après-midi,,,72,72181,1,1,3,4,4,Voie communale,50.0,1
202400036633,2024-06-19,matin,,,33,33281,1,1,2,4,1,Autoroute,70.0,1
202400036634,2024-11-06,matin,,,56,56260,2,1,3,4,3,Départementale,50.0,1
202400036635,2024-12-12,matin,,,71,71076,1,1,6,4,4,Voie communale,50.0,1
202400036636,2024-06-18,après-midi,,,33,33249,1,1,2,4,2,Nationale,90.0,1
202400036637,2024-11-05,après-midi,,,56,56260,2,1,3,4,4,Voie communale,50.0,1
202400036638,2024-12-12,soirée,,,69,69091,5,1,3,4,7,Autre,50.0,1
202400036639,2024-06-19,soirée,,,91,91161,1,1,3,4,1,Autoroute,110.0,1
202400036640,2024-11-06,soirée,,,54,54395,5,1,6,4,6,Autre,30.0,1
202400036641,2024-12-11,soirée,,,67,67482,5,1,6,3,4,Voie communale,50.0,1
202400036642,2024-11-06,matin,,,54,54391,2,1,6,4,3,Départementale,80.0,1
202400036643,2024-06-19,matin,,,93,93005,1,1,3,4,1,Autoroute,110.0,1
202400036644,2024-11-05,soirée,,,51,51058,5,1,6,3,4,Voie communale,50.0,1
202400036645,2024-12-11,soirée,,,67,67482,5,1,3,4,4,Voie communale,50.0,1
202400036646,2024-06-19,matin,,,93,93007,1,1,5,4,1,Autoroute,110.0,1
202400036647,2024-11-05,matin,,,51,51108,1,1,3,4,4,Voie communale,50.0,1
202400036648,2024-06-19,nuit,,,95,95277,3,1,2,4,1,Autoroute,90.0,1
202400036649,2024-12-11,après-midi,,,66,66136,1,2,5,4,4,Voie communale,50.0,2
202400036650,2024-11-05,après-midi,,,50,50129,2,1,2,4,3,Départementale,70.0,1
202400036651,2024-06-19,matin,,,94,94073,1,1,3,4,1,Autoroute,90.0,1
202400036652,2024-12-12,matin,,,65,65286,5,1,6,3,3,Départementale,50.0,1
202400036653,2024-11-06,matin,,,45,45234,1,8,7,3,4,Voie communale,30.0,2
202400036654,2024-12-12,après-midi,,,64,64545,1,1,1,4,3,Départementale,70.0,1
202400036655,2024-11-06,matin,,,45,45234,2,5,3,4,4,Voie communale,50.0,2
202400036656,2024-06-17,soirée,,,987,98735,5,1,3,3,2,Nationale,50.0,1
202400036657,2024-12-12,matin,,,64,64545,2,1,3,4,4,Voie communale,50.0,1
202400036658,2024-11-06,matin,,,45,45284,2,2,3,4,4,Voie communale,50.0,2
202400036659,2024-06-18,matin,,,974,97411,1,1,2,4,2,Nationale,50.0,1
202400036660,2024-12-13,nuit,,,64,64445,5,1,1,4,3,Départementale,70.0,1
202400036661,2024-11-06,après-midi,,,44,44162,1,1,6,3,4,Voie communale,50.0,1
202400036662,2024-06-15,matin,,,974,97411,1,2,1,4,3,Départementale,50.0,2
202400036663,2024-11-05,soirée,,,44,44109,5,5,3,4,4,Voie communale,50.0,1
202400036664,2024-12-12,matin,,,64,64445,2,1,5,4,4,Voie communale,50.0,1
202400036665,2024-06-18,matin,,,974,97407,1,7,6,4,4,Voie communale,30.0,1
202400036666,2024-11-05,après-midi,,,38,38185,1,1,3,4,4,Voie communale,30.0,1
202400036667,2024-06-17,après-midi,,,973,97302,1,1,6,4,3,Départementale,50.0,1
202400036668,2024-12-11,soirée,,,64,64102,5,1,3,4,3,Départementale,50.0,1
202400036669,2024-11-06,matin,,,37,37214,1,5,6,4,6,Autre,30.0,2
202400036670,2024-06-18,soirée,,,69,69387,5,1,7,4,4,Voie communale,30.0,1
202400036671,2024-12-11,après-midi,,,62,62401,1,8,6,3,3,Départementale,50.0,1
202400036672,2024-11-04,après-midi,,,37,37233,2,1,3,4,4,Voie communale,50.0,1
202400036673,2024-06-18,après-midi,,,69,69388,1,1,6,4,4,Voie communale,30.0,1
202400036674,2024-12-12,après-midi,,,60,60057,1,1,3,4,4,Voie communale,50.0,1
202400036675,2024-11-06,soirée,,,35,35278,3,1,6,4,4,Voie communale,50.0,1
202400036676,2024-06-18,après-midi,,,972,97209,1,2,2,4,3,Départementale,70.0,2
202400036677,2024-12-12,matin,,,59,59350,2,1,1,4,7,Autre,50.0,1
202400036678,2024-11-06,matin,,,35,35238,1,8,3,4,4,Voie communale,30.0,2
202400036679,2024-06-18,matin,,,2B,2B037,1,1,2,4,2,Nationale,90.0,1
202400036680,2024-12-12,après-midi,,,56,56260,3,1,2,4,2,Nationale,90.0,1
202400036681,2024-11-06,soirée,,,33,33063,5,1,3,3,4,Voie communale,30.0,1
202400036682,2024-06-18,matin,,,971,97120,1,1,6,4,3,Départementale,50.0,1
202400036683,2024-12-11,après-midi,,,54,54431,1,8,3,4,4,Voie communale,50.0,1
202400036684,2024-10-15,soirée,,,30,30189,2,1,6,3,4,Voie communale,20.0,1
202400036685,2024-06-17,après-midi,,,971,97101,1,1,4,4,3,Départementale,70.0,1
202400036686,2024-12-07,matin,,,54,54431,1,2,2,4,3,Départementale,80.0,2
202400036687,2024-11-06,soirée,,,29,29232,3,1,4,4,2,Nationale,110.0,1
202400036688,2024-06-18,matin,,,91,91161,1,1,2,4,4,Voie communale,50.0,1
202400036689,2024-11-05,matin,,,27,27299,1,5,6,4,4,Voie communale,50.0,1
202400036690,2024-12-12,matin,,,54,54357,1,1,6,4,4,Voie communale,30.0,1
202400036691,2024-06-18,matin,,,91,91228,1,2,3,4,3,Départementale,50.0,2
202400036692,2024-12-12,après-midi,,,50,50532,2,1,1,4,3,Départementale,30.0,1
202400036693,2024-11-06,nuit,,,26,26058,3,1,3,4,4,Voie communale,50.0,1
202400036694,2024-06-18,matin,,,91,91433,1,3,1,4,3,Départementale,70.0,2
202400036695,2024-12-11,matin,,,49,49015,2,1,2,4,3,Départementale,50.0,2
202400036696,2024-11-06,après-midi,,,19,19031,1,1,3,4,4,Voie communale,30.0,1
202400036697,2024-12-11,après-midi,,,45,45285,5,1,2,4,4,Voie communale,50.0,1
202400036698,2024-06-14,après-midi,,,87,87085,1,2,3,4,4,Voie communale,30.0,2
202400036699,2024-11-06,nuit,,,18,18033,5,1,1,3,4,Voie communale,50.0,1
202400036700,2024-06-17,matin,,,87,87085,1,3,6,4,4,Voie communale,30.0,2
202400036701,2024-12-11,après-midi,,,38,38053,3,1,3,4,3,Départementale,90.0,1
202400036702,2024-12-12,après-midi,,,34,34129,1,1,7,3,7,Autre,90.0,1
202400036703,2024-11-06,soirée,,,17,17415,5,1,3,3,4,Voie communale,50.0,1
202400036704,2024-06-18,après-midi,,,83,83137,1,1,5,4,4,Voie communale,50.0,1
202400036705,2024-12-12,après-midi,,,34,34198,1,1,6,4,6,Autre,30.0,1
202400036706,2024-11-06,après-midi,,,15,15014,1,1,6,4,4,Voie communale,50.0,1
202400036707,2024-06-17,après-midi,,,83,83137,1,1,6,4,4,Voie communale,50.0,1
202400036708,2024-12-12,nuit,,,33,33069,5,1,3,3,4,Voie communale,50.0,1
202400036709,2024-11-04,après-midi,,,15,15014,1,1,1,4,3,Départementale,80.0,1
202400036710,2024-06-17,matin,,,83,83126,1,1,6,3,4,Voie communale,50.0,1
202400036711,2024-11-06,après-midi,,,13,13215,1,1,3,4,4,Voie communale,50.0,1
202400036712,2024-12-12,matin,,,33,33063,2,1,3,4,4,Voie communale,30.0,1
202400036713,2024-11-06,après-midi,,,13,13005,1,1,3,4,4,Voie communale,50.0,2
202400036714,2024-12-12,matin,,,33,33318,1,1,6,4,4,Voie communale,50.0,1
202400036715,2024-06-18,soirée,,,78,78440,1,1,6,4,3,Départementale,50.0,1
202400036716,2024-11-06,matin,,,06,06088,1,1,6,4,4,Voie communale,50.0,1
202400036717,2024-12-11,soirée,,,33,33063,5,2,6,4,4,Voie communale,50.0,2
202400036718,2024-06-17,après-midi,,,77,77335,1,1,5,4,2,Nationale,70.0,1
202400036719,2024-11-06,après-midi,,,06,06027,1,1,1,3,4,Voie communale,50.0,1
202400036720,2024-12-11,après-midi,,,33,33162,1,1,3,3,4,Voie communale,80.0,1
202400036721,2024-10-28,après-midi,,,01,01283,1,1,3,4,4,Voie communale,50.0,1
202400036722,2024-06-18,soirée,,,77,77307,1,1,2,4,3,Départementale,50.0,1
202400036723,2024-12-09,après-midi,,,29,29019,1,2,6,3,4,Voie communale,30.0,2
202400036724,2024-11-04,après-midi,,,75,75117,1,1,3,4,4,Voie communale,50.0,1
202400036725,2024-12-12,matin,,,25,25204,1,1,2,4,2,Nationale,70.0,1
202400036726,2024-11-05,nuit,,,75,75110,5,1,5,3,4,Voie communale,30.0,1
202400036727,2024-12-12,matin,,,13,13103,1,1,6,3,4,Voie communale,30.0,1
202400036728,2024-11-05,nuit,,,75,75108,5,1,6,2,4,Voie communale,30.0,1
202400036729,2024-12-12,nuit,,,13,13039,3,1,3,4,2,Nationale,70.0,2
202400036730,2024-11-06,nuit,,,75,75119,5,1,3,4,4,Voie communale,30.0,1
202400036731,2024-12-12,après-midi,,,13,13214,5,1,1,4,4,Voie communale,50.0,1
202400036732,2024-11-06,soirée,,,75,75118,5,1,6,4,4,Voie communale,,1
202400036733,2024-12-12,après-midi,,,13,13213,1,1,1,3,4,Voie communale,50.0,1
202400036734,2024-11-06,après-midi,,,75,75118,5,1,6,4,4,Voie communale,,1
202400036735,2024-12-12,matin,,,13,13005,1,1,2,4,4,Voie communale,30.0,1
202400036736,2024-11-06,matin,,,75,75114,1,1,6,4,4,Voie communale,30.0,1
202400036737,2024-11-06,soirée,,,75,75111,5,1,6,4,4,Voie communale,30.0,1
202400036738,2024-12-11,matin,,,13,13004,1,1,5,4,4,Voie communale,15.0,1
202400036739,2024-11-06,après-midi,,,75,75108,5,1,2,4,4,Voie communale,50.0,1
202400036740,2024-12-12,après-midi,,,13,13001,1,1,3,3,4,Voie communale,50.0,1
202400036741,2024-11-06,matin,,,75,75108,1,1,3,3,4,Voie communale,30.0,1
202400036742,2024-12-12,après-midi,,,12,12145,1,1,6,2,4,Voie communale,50.0,1
202400036743,2024-11-05,nuit,,,75,75103,5,1,2,4,4,Voie communale,,1
202400036744,2024-12-11,soirée,,,10,10387,5,8,1,4,4,Voie communale,50.0,1
202400036745,2024-11-06,après-midi,,,94,94081,5,1,6,3,3,Départementale,50.0,1
202400036746,2024-12-11,matin,,,10,10387,2,1,3,4,4,Voie communale,50.0,1
202400036747,2024-12-07,après-midi,,,02,02691,5,2,6,3,4,Voie communale,50.0,2
202400036748,2024-11-06,soirée,,,94,94069,5,1,3,4,3,Départementale,30.0,1
202400036749,2024-11-05,nuit,,,93,93059,5,1,6,3,4,Voie communale,50.0,1
202400036750,2024-12-12,matin,,,02,02691,2,8,6,4,4,Voie communale,50.0,1
202400036751,2024-11-06,soirée,,,93,93053,5,1,1,4,4,Voie communale,50.0,1
202400036752,2024-12-12,après-midi,,,75,75120,1,1,4,4,4,Voie communale,50.0,1
202400036753,2024-11-06,soirée,,,93,93010,5,9,3,4,4,Voie communale,50.0,1
202400036754,2024-12-12,matin,,,75,75116,1,8,3,4,4,Voie communale,50.0,1
202400036755,2024-11-06,après-midi,,,93,93073,1,1,3,4,3,Départementale,50.0,1
202400036756,2024-12-12,matin,,,75,75113,5,1,3,4,4,Voie communale,50.0,1
202400036757,2024-11-05,après-midi,,,92,92078,1,1,7,4,3,Départementale,50.0,1
202400036758,2024-12-11,nuit,,,75,75113,5,2,2,4,4,Voie communale,50.0,2
202400036759,2024-11-05,nuit,,,92,92064,5,1,2,4,3,Départementale,50.0,1
202400036760,2024-11-05,soirée,,,92,92050,5,1,7,4,3,Départementale,50.0,1
202400036761,2024-12-11,nuit,,,75,75120,5,1,3,4,4,Voie communale,30.0,1
202400036762,2024-11-06,soirée,,,92,92020,5,1,6,4,3,Départementale,50.0,1
202400036763,2024-12-11,matin,,,75,75118,1,8,6,4,4,Voie communale,30.0,2
202400036764,2024-11-06,matin,,,92,92032,2,8,4,4,3,Départementale,30.0,1
202400036765,2024-12-12,soirée,,,75,75116,5,1,3,4,4,Voie communale,30.0,1
202400036766,2024-11-06,soirée,,,92,92012,5,1,3,4,3,Départementale,30.0,1
202400036767,2024-12-12,soirée,,,75,75116,5,1,3,4,4,Voie communale,50.0,1
202400036768,2024-11-06,soirée,,,92,92012,5,1,3,4,3,Départementale,30.0,1
202400036769,2024-12-11,soirée,,,75,75116,5,1,6,4,4,Voie communale,30.0,1
202400036770,2024-11-06,soirée,,,92,92004,5,1,6,4,3,Départementale,50.0,1
202400036771,2024-12-12,après-midi,,,75,75115,5,1,6,4,4,Voie communale,30.0,1
202400036772,2024-11-06,après-midi,,,72,72176,2,1,1,3,3,Départementale,50.0,1
202400036773,2024-12-12,soirée,,,75,75112,5,1,6,4,4,Voie communale,30.0,1
202400036774,2024-11-06,soirée,,,973,97362,3,1,2,3,4,Voie communale,50.0,9
202400036775,2024-12-11,matin,,,75,75112,1,1,6,4,4,Voie communale,30.0,1
202400036776,2024-11-06,après-midi,,,21,21111,3,1,2,3,1,Autoroute,130.0,1
202400036777,2024-11-07,soirée,,,81,81222,3,1,1,3,3,Départementale,90.0,1
202400036778,2024-12-12,soirée,,,75,75111,5,1,3,4,4,Voie communale,30.0,1
202400036779,2024-11-06,soirée,,,05,05093,3,1,6,4,3,Départementale,80.0,1
202400036780,2024-12-12,après-midi,,,75,75108,5,1,3,4,4,Voie communale,50.0,1
202400036781,2024-11-06,matin,,,62,62261,1,1,6,3,4,Voie communale,50.0,1
202400036782,2024-12-12,après-midi,,,75,75104,5,1,6,4,4,Voie communale,30.0,1
202400036783,2024-09-30,après-midi,,,79,79174,1,8,3,4,3,Départementale,90.0,1
202400036784,2024-12-11,après-midi,,,75,75101,1,2,7,4,4,Voie communale,30.0,2
202400036785,2024-12-12,après-midi,,,93,93070,5,1,3,4,3,Départementale,50.0,1
202400036786,2024-11-07,soirée,,,11,11008,3,1,5,3,3,Départementale,80.0,1
202400036787,2024-12-11,soirée,,,93,93077,5,1,6,4,3,Départementale,50.0,1
202400036788,2024-11-06,après-midi,,,55,55215,2,8,1,4,3,Départementale,90.0,1
202400036789,2024-12-12,matin,,,93,93013,5,1,3,4,3,Départementale,50.0,1
202400036790,2024-11-06,après-midi,,,12,12253,1,1,6,3,3,Départementale,90.0,1
202400036791,2024-12-11,soirée,,,93,93010,5,1,6,4,3,Départementale,50.0,1
202400036792,2024-10-25,soirée,,,12,12094,3,1,6,4,3,Départementale,90.0,1
202400036793,2024-12-11,après-midi,,,93,93053,5,8,6,4,3,Départementale,50.0,1
202400036794,2024-11-07,matin,,,68,68263,2,5,3,4,3,Départementale,80.0,2
202400036795,2024-11-04,après-midi,,,29,29290,1,1,2,4,3,Départementale,80.0,1
202400036796,2024-12-12,nuit,,,92,92075,5,1,1,3,3,Départementale,50.0,1
202400036797,2024-12-12,soirée,,,92,92051,5,1,3,4,3,Départementale,50.0,1
202400036798,2024-11-06,soirée,,,03,03053,2,1,3,4,3,Départementale,70.0,1
202400036799,2024-11-06,après-midi,,,83,83149,1,1,7,3,3,Départementale,70.0,1
202400036800,2024-12-12,matin,,,92,92024,1,8,2,4,3,Départementale,50.0,1
202400036801,2024-11-07,matin,,,45,45328,1,8,3,4,4,Voie communale,70.0,1
202400036802,2024-11-07,après-midi,,,16,16281,1,1,6,4,4,Voie communale,50.0,1
202400036803,2024-12-12,soirée,,,92,92012,5,1,3,4,3,Départementale,30.0,1
202400036804,2024-12-12,matin,,,92,92007,1,8,6,4,3,Départementale,30.0,1
202400036805,2024-11-06,soirée,,,16,16170,3,1,4,3,3,Départementale,80.0,1
202400036806,2024-12-13,après-midi,,,12,12300,5,1,6,4,4,Voie communale,50.0,1
202400036807,2024-12-12,après-midi,,,54,54006,3,8,2,4,3,Départementale,80.0,1
202400036808,2024-11-07,après-midi,,,40,40046,1,1,5,4,3,Départementale,80.0,1
202400036809,2024-12-12,soirée,,,26,26231,3,1,1,4,3,Départementale,80.0,1
202400036810,2024-11-06,nuit,,,30,30082,3,1,7,3,3,Départementale,80.0,1
202400036811,2024-12-13,après-midi,,,01,01007,1,1,6,2,3,Départementale,80.0,1
202400036812,2024-11-06,soirée,,,48,48145,3,1,1,4,3,Départementale,50.0,1
202400036813,2024-12-12,soirée,,,71,71067,3,5,6,3,3,Départementale,80.0,1
202400036814,2024-11-29,soirée,,,43,43261,3,8,7,3,4,Voie communale,50.0,2
202400036815,2024-11-06,après-midi,,,48,48010,1,1,3,4,3,Départementale,90.0,1
202400036816,2024-12-13,après-midi,,,12,12230,1,2,3,3,3,Départementale,70.0,2
202400036817,2024-12-12,nuit,,,12,12276,4,1,2,3,2,Nationale,110.0,1
202400036818,2024-11-07,soirée,,,31,31424,5,1,1,3,3,Départementale,50.0,1
202400036819,2024-12-12,après-midi,,,01,01033,5,1,6,3,3,Départementale,50.0,1
202400036820,2024-11-06,soirée,,,971,97103,5,2,3,4,4,Voie communale,50.0,2
202400036821,2024-12-13,nuit,,,51,51536,3,1,1,3,3,Départementale,90.0,1
202400036822,2024-11-06,matin,,,971,97117,1,1,3,4,2,Nationale,90.0,1
202400036823,2024-12-12,soirée,,,59,59039,5,1,1,3,3,Départementale,70.0,1
202400036824,2024-11-05,soirée,,,78,78442,5,1,6,3,3,Départementale,50.0,1
202400036825,2024-12-12,soirée,,,56,56166,5,1,6,4,3,Départementale,50.0,1
202400036826,2024-12-09,soirée,,,89,89370,3,5,1,3,3,Départementale,,2
202400036827,2024-11-13,matin,,,61,61483,1,1,7,3,3,Départementale,50.0,1
202400036828,2024-11-07,soirée,,,2B,2B042,5,1,1,4,3,Départementale,70.0,1
202400036829,2024-11-07,après-midi,,,34,34023,1,1,6,2,3,Départementale,50.0,1
202400036830,2024-12-12,après-midi,,,12,12243,2,1,1,4,3,Départementale,90.0,1
202400036831,2024-12-12,matin,,,46,46127,1,7,6,3,3,Départementale,50.0,1
202400036832,2024-11-06,après-midi,,,89,89152,1,1,3,3,3,Départementale,50.0,1
202400036833,2024-11-07,matin,,,63,63470,2,5,1,3,3,Départementale,70.0,2
202400036834,2024-12-12,soirée,,,46,46029,5,1,3,4,3,Départementale,50.0,1
202400036835,2024-11-02,matin,,,31,31499,1,1,3,3,3,Départementale,80.0,1
202400036836,2024-12-12,matin,,,47,47003,1,1,3,4,3,Départementale,80.0,1
202400036837,2024-12-11,après-midi,,,25,25477,1,1,3,3,4,Voie communale,50.0,1
202400036838,2024-11-02,après-midi,,,64,64067,1,1,1,4,3,Départementale,80.0,1
202400036839,2024-11-06,après-midi,,,59,59158,2,9,6,2,3,Départementale,50.0,2
202400036840,2024-12-12,après-midi,,,29,29220,5,1,3,4,3,Départementale,50.0,1
202400036841,2024-12-10,nuit,,,31,31516,3,1,6,3,3,Départementale,50.0,1
202400036842,2024-10-28,après-midi,,,13,13212,1,1,3,4,1,Autoroute,70.0,1
202400036843,2024-12-13,après-midi,,,02,02558,1,1,3,3,4,Voie communale,50.0,1
202400036844,2024-11-06,après-midi,,,33,33122,1,1,2,4,1,Autoroute,130.0,1
202400036845,2024-12-13,après-midi,,,70,70171,5,1,6,4,3,Départementale,30.0,1
202400036846,2024-11-06,matin,,,33,33281,2,1,6,4,1,Autoroute,90.0,1
202400036847,2024-12-13,soirée,,,60,60264,3,1,1,2,3,Départementale,80.0,1
202400036848,2024-11-06,matin,,,91,91228,1,1,2,3,1,Autoroute,110.0,1
202400036849,2024-11-29,matin,,,64,64080,1,1,1,3,3,Départementale,50.0,1
202400036850,2024-11-05,soirée,,,78,78646,3,1,2,4,2,Nationale,110.0,1
202400036851,2024-12-12,après-midi,,,53,53262,2,8,3,3,3,Départementale,80.0,1
202400036852,2024-11-05,après-midi,,,93,93066,1,1,3,4,1,Autoroute,90.0,1
202400036853,2024-11-24,après-midi,,,40,40037,1,1,1,4,3,Départementale,80.0,1
202400036854,2024-11-05,après-midi,,,93,93007,1,1,5,4,1,Autoroute,90.0,1
202400036855,2024-11-05,matin,,,95,95018,1,1,3,3,1,Autoroute,110.0,1
202400036856,2024-12-13,matin,,,04,04188,1,2,5,4,3,Départementale,70.0,7
202400036857,2024-11-05,matin,,,93,93078,1,5,5,4,1,Autoroute,90.0,1
202400036858,2024-12-12,après-midi,,,17,17331,1,1,6,4,3,Départementale,50.0,1
202400036859,2024-12-13,après-midi,,,10,10438,1,1,6,3,1,Autoroute,130.0,1
202400036860,2024-11-04,soirée,,,95,95127,3,1,4,4,1,Autoroute,90.0,1
202400036861,2024-12-16,matin,,,35,35206,1,8,5,4,7,Autre,80.0,1
202400036862,2024-11-06,nuit,,,94,94052,3,1,2,4,1,Autoroute,90.0,1
202400036863,2024-08-29,soirée,,,14,14341,1,1,2,4,4,Voie communale,50.0,1
202400036864,2024-12-13,après-midi,,,69,69065,3,2,5,4,3,Départementale,90.0,2
202400036865,2024-05-19,soirée,,,93,93048,5,1,6,4,3,Départementale,50.0,1
202400036866,2024-12-12,après-midi,,,987,98733,1,1,3,3,2,Nationale,60.0,1
202400036867,2024-10-15,après-midi,,,75,75108,1,1,6,2,4,Voie communale,30.0,1
202400036868,2024-12-04,soirée,,,37,37003,5,1,6,4,4,Voie communale,50.0,1
202400036869,2024-10-21,matin,,,44,44190,2,1,5,4,2,Nationale,90.0,1
202400036870,2024-12-12,après-midi,,,95,95028,3,1,2,3,3,Départementale,50.0,1
202400036871,2024-07-25,après-midi,,,14,14118,1,1,7,3,4,Voie communale,50.0,1
202400036872,2024-12-12,matin,,,34,34344,1,1,6,4,4,Voie communale,50.0,1
202400036873,2024-08-19,soirée,,,22,22113,1,1,2,3,4,Voie communale,30.0,1
202400036874,2024-12-13,après-midi,,,88,88269,1,1,7,4,3,Départementale,80.0,7
202400036875,2024-12-12,soirée,,,01,01224,3,1,6,3,3,Départementale,80.0,1
202400036876,2024-11-04,après-midi,,,988,98818,5,1,6,4,4,Voie communale,50.0,1
202400036877,2024-12-12,soirée,,,69,69289,3,1,6,3,4,Voie communale,30.0,2
202400036878,2024-11-05,soirée,,,974,97411,5,1,3,4,4,Voie communale,50.0,1
202400036879,2024-12-13,nuit,,,09,09099,3,1,6,4,3,Départementale,80.0,1
202400036880,2024-12-12,nuit,,,33,33067,4,1,6,2,3,Départementale,50.0,1
202400036881,2024-12-13,matin,,,33,33019,1,1,1,4,3,Départementale,70.0,1
202400036882,2024-12-13,nuit,,,44,44037,3,1,6,2,4,Voie communale,70.0,1
202400036883,2024-12-13,nuit,,,44,44172,3,1,6,4,7,Autre,70.0,1
202400036884,2024-12-13,après-midi,,,50,50041,5,1,6,3,3,Départementale,70.0,1
202400036885,2024-12-12,après-midi,,,60,60106,3,1,1,4,3,Départementale,,1
202400036886,2024-12-12,après-midi,,,13,13212,1,1,2,4,1,Autoroute,70.0,1
202400036887,2024-12-11,soirée,,,13,13212,5,1,6,4,1,Autoroute,90.0,1
202400036888,2024-12-11,après-midi,,,13,13070,1,1,3,3,1,Autoroute,90.0,1
202400036889,2024-12-11,après-midi,,,13,13043,1,1,2,4,1,Autoroute,90.0,1
202400036890,2024-12-06,nuit,,,42,42097,3,1,2,4,1,Autoroute,70.0,1
202400036891,2024-12-08,après-midi,,,54,54232,3,1,6,4,1,Autoroute,110.0,1
202400036892,2024-12-12,après-midi,,,33,33122,1,1,4,4,1,Autoroute,110.0,1
202400036893,2024-12-12,après-midi,,,33,33397,1,1,2,4,1,Autoroute,130.0,1