Num_Acc,date,time_of_day,lat,long,dep,com,lum,atm,col,severity_index,catr,catr_label,vma,surf
202400036894,2024-12-11,matin,,,33,33550,1,1,4,4,1,Autoroute,90.0,1
202400036895,2024-12-12,soirée,,,91,91617,3,1,4,4,2,Nationale,90.0,1
202400036896,2024-12-11,après-midi,,,94,94021,3,1,3,4,1,Autoroute,90.0,1
202400036897,2024-12-12,soirée,,,92,92036,3,2,6,4,1,Autoroute,70.0,2
202400036898,2024-12-12,après-midi,,,95,95018,3,1,3,4,1,Autoroute,110.0,1
202400036899,2024-12-11,soirée,,,93,93066,5,1,2,4,1,Autoroute,90.0,1
202400036900,2024-12-11,matin,,,93,93008,1,1,5,4,1,Autoroute,90.0,1
202400036901,2024-12-11,matin,,,92,92036,1,2,3,3,1,Autoroute,90.0,2
202400036902,2024-12-10,nuit,,,93,93066,3,2,3,4,1,Autoroute,90.0,2
202400036903,2024-12-12,nuit,,,94,94028,3,1,6,4,1,Autoroute,90.0,1
202400036904,2024-12-12,soirée,,,94,94069,3,1,2,4,1,Autoroute,70.0,1
202400036905,2024-12-12,soirée,,,77,77495,3,1,2,4,1,Autoroute,90.0,2
202400036906,2024-12-12,matin,,,93,93051,2,1,3,4,1,Autoroute,110.0,1
202400036907,2024-11-24,après-midi,,,44,44190,1,1,2,4,4,Voie communale,30.0,1
202400036908,2024-11-24,matin,,,44,44109,1,1,6,4,4,Voie communale,30.0,1
202400036909,2024-11-23,matin,,,44,44143,1,1,3,4,4,Voie communale,50.0,1
202400036910,2024-11-22,matin,,,44,44114,3,1,4,4,1,Autoroute,90.0,1
202400036911,2024-11-22,matin,,,44,44109,1,1,6,4,4,Voie communale,50.0,1
202400036912,2024-11-22,après-midi,,,44,44162,3,1,3,4,4,Voie communale,50.0,1
202400036913,2024-11-21,après-midi,,,44,44162,1,1,6,4,4,Voie communale,30.0,1
202400036914,2024-10-17,soirée,,,57,57487,5,1,3,3,7,Autre,70.0,1
202400036915,2024-10-11,soirée,,,74,74281,5,1,6,3,4,Voie communale,50.0,1
202400036916,2024-08-29,après-midi,,,74,74172,1,1,6,4,3,Départementale,50.0,1
202400036917,2024-09-29,après-midi,,,43,43087,1,2,7,4,3,Départementale,90.0,2
202400036918,2024-09-04,soirée,,,43,43113,3,3,6,3,3,Départementale,90.0,2
202400036919,2024-08-24,après-midi,,,43,43216,1,1,4,4,3,Départementale,80.0,1
202400036920,2024-08-22,soirée,,,43,43186,1,1,6,4,3,Départementale,80.0,1
202400036921,2024-11-21,après-midi,,,44,44109,5,1,6,4,4,Voie communale,50.0,1
202400036922,2024-11-20,matin,,,44,44109,1,1,7,4,4,Voie communale,50.0,1
202400036923,2024-11-19,après-midi,,,44,44109,5,1,6,4,4,Voie communale,50.0,1
202400036924,2024-11-18,soirée,,,44,44109,5,1,3,4,4,Voie communale,30.0,1
202400036925,2024-07-26,soirée,,,54,54256,1,1,3,4,3,Départementale,80.0,1
202400036926,2024-12-11,soirée,,,974,97411,5,1,1,3,2,Nationale,70.0,1
202400036927,2024-12-10,après-midi,,,973,97302,1,1,3,4,3,Départementale,50.0,1
202400036928,2024-12-11,matin,,,69,69383,1,5,6,4,4,Voie communale,10.0,1
202400036929,2024-12-11,après-midi,,,972,97213,1,1,3,4,3,Départementale,50.0,1
202400036930,2024-12-11,matin,,,972,97209,1,1,2,4,3,Départementale,70.0,1
202400036931,2024-12-11,matin,,,95,95203,1,2,3,4,3,Départementale,50.0,2
202400036932,2024-12-10,soirée,,,91,91021,5,1,6,4,3,Départementale,50.0,1
202400036933,2024-12-06,matin,,,88,88209,1,2,3,3,3,Départementale,50.0,2
202400036934,2024-12-11,matin,,,87,87085,1,1,3,4,4,Voie communale,30.0,1
202400036935,2024-12-06,après-midi,,,87,87085,1,1,3,4,4,Voie communale,50.0,1
202400036936,2024-12-06,après-midi,,,30,30351,1,1,7,4,4,Voie communale,50.0,1
202400036937,2024-12-08,soirée,,,80,80724,2,1,3,4,3,Départementale,80.0,1
202400036938,2024-12-11,matin,,,78,78551,1,2,3,4,4,Voie communale,50.0,2
202400036939,2024-12-10,matin,,,78,78440,1,8,6,4,3,Départementale,50.0,2
202400036940,2024-12-10,nuit,,,77,77288,5,2,7,4,4,Voie communale,50.0,2
202400036941,2024-12-11,soirée,,,76,76410,5,2,4,4,1,Autoroute,90.0,2
202400036942,2024-12-10,après-midi,,,73,73065,5,1,3,4,3,Départementale,50.0,1
202400036943,2024-12-10,soirée,,,72,72181,5,1,6,3,4,Voie communale,50.0,1
202400036944,2024-12-10,soirée,,,72,72181,5,1,4,4,3,Départementale,90.0,2
202400036945,2024-12-10,après-midi,,,69,69259,1,1,3,4,4,Voie communale,50.0,1
202400036946,2024-12-10,matin,,,69,69290,1,8,5,3,4,Voie communale,70.0,1
202400036947,2024-12-09,après-midi,,,68,68224,5,1,3,4,4,Voie communale,50.0,1
202400036948,2024-12-11,après-midi,,,64,64348,3,1,1,4,3,Départementale,50.0,1
202400036949,2024-12-11,après-midi,,,64,64129,1,1,2,4,4,Voie communale,30.0,1
202400036950,2024-12-10,après-midi,,,64,64445,2,1,2,4,4,Voie communale,50.0,1
202400036951,2024-12-11,soirée,,,59,59392,5,1,6,3,3,Départementale,50.0,1
202400036952,2024-12-11,matin,,,59,59359,1,8,6,3,4,Voie communale,50.0,1
202400036953,2024-12-10,matin,,,49,49353,5,8,6,3,3,Départementale,50.0,1
202400036954,2024-12-11,soirée,,,44,44162,3,1,6,3,4,Voie communale,50.0,1
202400036955,2024-12-11,matin,,,43,43041,5,1,3,4,3,Départementale,50.0,1
202400036956,2024-01-16,après-midi,,,93,93007,1,1,3,4,4,Voie communale,50.0,1
202400036957,2024-01-16,après-midi,,,92,92046,1,1,6,4,4,Voie communale,50.0,1
202400036958,2024-01-22,matin,,,92,92048,2,2,6,4,3,Départementale,30.0,2
202400036959,2024-01-15,soirée,,,92,92022,4,1,6,4,4,Voie communale,30.0,1
202400036960,2024-01-16,soirée,,,92,92050,5,9,3,4,3,Départementale,50.0,1
202400036961,2024-01-16,matin,,,92,92048,1,8,7,4,4,Voie communale,50.0,7
202400036962,2024-01-16,soirée,,,92,92023,5,1,6,4,3,Départementale,30.0,1
202400036963,2024-01-16,après-midi,,,92,92004,1,1,3,4,3,Départementale,50.0,1
202400036964,2024-05-11,nuit,,,971,97101,5,1,4,4,2,Nationale,110.0,1
202400036965,2024-01-15,matin,,,92,92004,1,1,3,4,3,Départementale,50.0,1
202400036966,2024-05-14,après-midi,,,91,91027,1,2,2,4,4,Voie communale,50.0,2
202400036967,2024-01-17,matin,,,95,95052,5,3,6,4,4,Voie communale,30.0,7
202400036968,2024-05-13,après-midi,,,91,91286,1,1,6,4,4,Voie communale,50.0,1
202400036969,2024-01-16,soirée,,,974,97404,5,1,6,3,4,Voie communale,50.0,1
202400036970,2024-05-13,matin,,,91,91027,1,1,2,4,4,Voie communale,50.0,1
202400036971,2024-05-13,après-midi,,,87,87085,1,1,3,4,4,Voie communale,30.0,1
202400036972,2024-01-08,matin,,,51,51264,3,8,3,3,3,Départementale,90.0,1
202400036973,2024-05-11,après-midi,,,87,87050,1,1,7,3,4,Voie communale,50.0,1
202400036974,2024-01-17,soirée,,,82,82050,5,2,6,2,4,Voie communale,50.0,2
202400036975,2024-05-09,soirée,,,84,84087,1,1,6,3,4,Voie communale,50.0,1
202400036976,2024-01-16,nuit,,,63,63242,3,1,6,2,3,Départementale,90.0,1
202400036977,2024-02-24,après-midi,,,69,69383,1,1,3,4,4,Voie communale,30.0,1
202400036978,2024-01-16,soirée,,,49,49018,3,1,7,3,3,Départementale,80.0,1
202400036979,2024-05-13,après-midi,,,84,84031,1,1,1,4,4,Voie communale,50.0,1
202400036980,2024-05-14,après-midi,,,83,83137,1,8,3,4,3,Départementale,50.0,1
202400036981,2024-02-24,matin,,,69,69387,5,1,2,4,4,Voie communale,50.0,1
202400036982,2024-01-14,matin,,,35,35160,1,1,6,3,3,Départementale,80.0,1
202400036983,2024-03-28,matin,,,83,83126,1,1,3,4,4,Voie communale,50.0,1
202400036984,2024-01-16,après-midi,,,29,29274,2,2,6,3,3,Départementale,80.0,2
202400036985,2024-02-23,matin,,,69,69387,1,1,3,3,4,Voie communale,50.0,1
202400036986,2024-01-11,après-midi,,,38,38389,1,8,3,4,3,Départementale,80.0,2
202400036987,2024-05-12,soirée,,,83,83123,1,1,5,2,3,Départementale,50.0,1
202400036988,2024-02-21,soirée,,,69,69387,2,1,6,4,4,Voie communale,30.0,1
202400036989,2024-01-15,après-midi,,,02,02173,2,1,6,3,4,Voie communale,50.0,1
202400036990,2024-05-13,après-midi,,,83,83061,1,1,6,3,4,Voie communale,50.0,1
202400036991,2024-01-16,soirée,,,03,03239,3,2,6,2,4,Voie communale,90.0,2
202400036992,2024-02-28,matin,,,972,97213,1,1,6,4,4,Voie communale,30.0,1
202400036993,2024-01-14,matin,,,15,15221,3,1,7,3,3,Départementale,50.0,1
202400036994,2024-05-13,après-midi,,,79,79191,1,1,3,4,4,Voie communale,50.0,1
202400036995,2024-02-26,matin,,,972,97213,1,1,3,4,2,Nationale,70.0,1
202400036996,2024-01-16,soirée,,,58,58046,3,2,6,3,3,Départementale,80.0,2
202400036997,2024-05-14,après-midi,,,78,78350,1,8,2,4,3,Départementale,50.0,2
202400036998,2024-01-17,après-midi,,,07,07009,2,3,6,4,3,Départementale,50.0,2
202400036999,2024-02-24,matin,,,972,97213,1,1,7,4,9,Autre,50.0,2
202400037000,2024-01-14,nuit,,,53,53267,3,1,6,2,3,Départementale,80.0,2
202400037001,2024-05-14,matin,,,78,78168,1,2,3,4,2,Nationale,50.0,2
202400037002,2024-01-15,nuit,,,40,40320,3,5,6,2,3,Départementale,80.0,1
202400037003,2024-02-21,matin,,,972,97213,1,1,4,4,1,Autoroute,90.0,1
202400037004,2024-01-16,après-midi,,,04,04055,1,1,7,3,2,Nationale,80.0,1
202400037005,2024-05-14,soirée,,,77,77284,1,2,7,4,3,Départementale,50.0,2
202400037006,2024-02-20,après-midi,,,972,97213,1,1,3,4,1,Autoroute,90.0,1
202400037007,2024-01-17,après-midi,,,85,85131,1,1,7,2,3,Départementale,80.0,1
202400037008,2024-01-16,soirée,,,987,98715,5,1,6,3,2,Nationale,90.0,1
202400037009,2024-02-27,soirée,,,972,97209,5,1,6,3,2,Nationale,50.0,1
202400037010,2024-05-14,après-midi,,,77,77199,1,2,3,4,3,Départementale,90.0,2
202400037011,2024-01-16,après-midi,,,63,63430,1,1,6,4,1,Autoroute,90.0,2
202400037012,2024-02-26,soirée,,,972,97209,5,1,6,4,3,Départementale,30.0,1
202400037013,2024-05-14,après-midi,,,77,77449,1,2,7,4,3,Départementale,50.0,2
202400037014,2024-01-17,matin,,,55,55237,2,9,7,4,1,Autoroute,30.0,7
202400037015,2024-02-20,matin,,,972,97209,1,1,1,4,9,Autre,30.0,1
202400037016,2024-05-14,nuit,,,72,72181,5,3,6,4,4,Voie communale,50.0,2
202400037017,2024-01-16,après-midi,,,45,45082,2,1,6,3,3,Départementale,30.0,1
202400037018,2024-02-26,après-midi,,,69,69382,1,1,3,4,4,Voie communale,30.0,1
202400037019,2024-01-16,matin,,,77,77142,1,4,1,4,3,Départementale,80.0,5
202400037020,2024-05-13,matin,,,72,72181,1,1,3,4,4,Voie communale,50.0,1
202400037021,2024-01-16,soirée,,,77,77177,3,1,6,2,3,Départementale,80.0,1
202400037022,2024-02-23,après-midi,,,69,69389,1,1,3,4,4,Voie communale,30.0,1
202400037023,2024-01-17,après-midi,,,34,34157,1,1,4,2,3,Départementale,50.0,2
202400037024,2024-02-22,matin,,,69,69389,5,2,6,4,4,Voie communale,30.0,2
202400037025,2024-01-17,matin,,,13,13022,1,1,1,2,3,Départementale,50.0,2
202400037026,2024-05-11,soirée,,,72,72181,1,1,6,3,4,Voie communale,70.0,1
202400037027,2024-02-22,matin,,,69,69384,5,3,6,4,4,Voie communale,30.0,2
202400037028,2024-01-16,après-midi,,,13,13094,1,1,5,4,3,Départementale,80.0,1
202400037029,2024-05-13,après-midi,,,71,71270,1,1,3,4,6,Autre,,1
202400037030,2024-02-23,matin,,,2B,2B037,1,2,2,4,2,Nationale,50.0,2
202400037031,2024-01-10,matin,,,57,57683,1,1,6,3,4,Voie communale,50.0,1
202400037032,2024-05-14,après-midi,,,71,71153,1,2,6,4,4,Voie communale,30.0,2
202400037033,2024-01-11,après-midi,,,63,63470,1,1,7,2,3,Départementale,90.0,2
202400037034,2024-02-22,après-midi,,,2B,2B037,1,1,3,4,4,Voie communale,30.0,1
202400037035,2024-01-16,après-midi,,,73,73030,1,2,6,3,3,Départementale,80.0,2
202400037036,2024-05-14,soirée,,,69,69266,2,2,3,4,4,Voie communale,30.0,2
202400037037,2024-01-12,après-midi,,,81,81092,1,1,3,4,3,Départementale,90.0,1
202400037038,2024-05-14,soirée,,,69,69266,1,3,3,3,4,Voie communale,30.0,2
202400037039,2024-02-21,après-midi,,,2B,2B037,1,1,2,4,2,Nationale,50.0,1
202400037040,2024-01-15,nuit,,,35,35256,3,1,2,3,3,Départementale,80.0,1
202400037041,2024-05-14,soirée,,,59,59599,2,2,6,4,4,Voie communale,50.0,2
202400037042,2024-01-16,soirée,,,80,80410,5,1,7,4,4,Voie communale,50.0,1
202400037043,2024-05-11,nuit,,,57,57672,5,1,6,4,6,Autre,30.0,1
202400037044,2024-01-15,matin,,,13,13071,2,1,2,4,1,Autoroute,90.0,1
202400037045,2024-02-25,après-midi,,,971,97105,1,1,6,4,3,Départementale,50.0,1
202400037046,2024-05-13,soirée,,,54,54395,1,1,3,4,4,Voie communale,50.0,1
202400037047,2024-01-16,matin,,,83,83137,4,1,3,2,1,Autoroute,70.0,1
202400037048,2024-05-13,matin,,,54,54483,1,1,6,4,4,Voie communale,30.0,1
202400037049,2024-02-21,nuit,,,971,97105,5,1,3,4,2,Nationale,50.0,1
202400037050,2024-01-16,nuit,,,33,33448,3,1,2,4,1,Autoroute,130.0,1
202400037051,2024-05-14,après-midi,,,45,45234,1,2,6,4,4,Voie communale,30.0,2
202400037052,2024-02-26,soirée,,,2A,2A004,5,3,6,4,4,Voie communale,50.0,4
202400037053,2024-01-16,après-midi,,,91,91228,1,1,4,4,1,Autoroute,110.0,1
202400037054,2024-05-14,matin,,,45,45147,1,2,6,4,7,Autre,50.0,2
202400037055,2024-02-26,matin,,,2A,2A004,1,2,6,3,3,Départementale,50.0,2
202400037056,2024-01-16,matin,,,92,92048,1,1,6,4,2,Nationale,90.0,1
202400037057,2024-05-14,après-midi,,,44,44109,1,2,6,3,4,Voie communale,50.0,2
202400037058,2024-01-16,matin,,,92,92047,1,1,3,4,1,Autoroute,110.0,1
202400037059,2024-05-13,soirée,,,42,42305,1,1,6,4,4,Voie communale,50.0,1
202400037060,2024-02-23,soirée,,,95,95277,3,1,2,4,3,Départementale,50.0,2
202400037061,2024-01-15,soirée,,,92,92072,3,1,6,4,2,Nationale,70.0,1
202400037062,2024-01-16,nuit,,,95,95527,3,1,6,4,1,Autoroute,90.0,1
202400037063,2024-05-10,matin,,,40,40192,1,1,3,4,3,Départementale,50.0,1
202400037064,2024-02-22,soirée,,,95,95019,5,1,2,4,3,Départementale,50.0,2
202400037065,2024-02-27,soirée,,,95,95607,5,1,6,4,3,Départementale,50.0,1
202400037066,2024-01-16,après-midi,,,95,95500,2,1,5,4,1,Autoroute,90.0,1
202400037067,2024-05-13,après-midi,,,38,38185,1,1,3,4,4,Voie communale,50.0,1
202400037068,2024-01-16,après-midi,,,95,95256,1,1,2,4,2,Nationale,110.0,1
202400037069,2024-02-22,après-midi,,,95,95607,1,3,3,4,3,Départementale,50.0,2
202400037070,2024-05-15,nuit,,,37,37233,5,1,6,4,4,Voie communale,50.0,1
202400037071,2024-01-16,matin,,,93,93064,3,1,3,4,1,Autoroute,90.0,1
202400037072,2024-05-14,après-midi,,,37,37261,1,2,6,4,4,Voie communale,50.0,2
202400037073,2024-02-20,matin,,,95,95203,1,1,3,4,3,Départementale,50.0,1
202400037074,2024-01-16,après-midi,,,94,94028,1,1,2,4,1,Autoroute,90.0,1
202400037075,2024-02-28,après-midi,,,95,95210,1,1,6,4,4,Voie communale,50.0,1
202400037076,2024-05-14,soirée,,,35,35238,1,1,3,4,4,Voie communale,30.0,1
202400037077,2024-01-16,après-midi,,,77,77363,1,1,2,4,1,Autoroute,90.0,1
202400037078,2024-02-22,après-midi,,,95,95427,2,8,6,3,3,Départementale,50.0,1
202400037079,2024-01-15,après-midi,,,976,97611,1,1,6,4,2,Nationale,50.0,1
202400037080,2024-05-13,après-midi,,,35,35238,1,2,3,4,4,Voie communale,30.0,2
202400037081,2024-01-15,nuit,,,973,97302,5,8,3,4,4,Voie communale,50.0,2
202400037082,2024-02-21,soirée,,,95,95014,5,3,3,4,3,Départementale,50.0,2
202400037083,2024-01-15,matin,,,69,69386,1,2,3,4,4,Voie communale,30.0,2
202400037084,2024-02-19,après-midi,,,95,95288,2,2,3,4,3,Départementale,70.0,2
202400037085,2024-01-15,nuit,,,69,69386,5,1,2,4,4,Voie communale,30.0,1
202400037086,2024-05-13,après-midi,,,34,34301,1,1,3,3,4,Voie communale,50.0,1
202400037087,2024-01-15,matin,,,972,97213,1,1,3,4,3,Départementale,50.0,1
202400037088,2024-02-27,nuit,,,91,91549,5,1,3,4,4,Voie communale,50.0,2
202400037089,2024-05-14,après-midi,,,34,34172,1,2,3,4,4,Voie communale,30.0,2
202400037090,2024-01-14,soirée,,,972,97209,5,1,6,3,4,Voie communale,50.0,1
202400037091,2024-01-15,matin,,,69,69389,1,2,3,4,4,Voie communale,30.0,2
202400037092,2024-05-14,soirée,,,33,33063,1,1,3,4,4,Voie communale,30.0,1
202400037093,2024-02-26,soirée,,,91,91103,5,2,4,4,3,Départementale,50.0,2
202400037094,2024-04-07,après-midi,,,95,95582,1,1,6,4,3,Départementale,50.0,2
202400037095,2024-01-15,matin,,,69,69389,1,2,2,4,4,Voie communale,30.0,2
202400037096,2024-05-14,nuit,,,33,33063,3,3,6,2,4,Voie communale,50.0,2
202400037097,2024-02-22,après-midi,,,91,91570,1,3,3,4,4,Voie communale,30.0,2
202400037098,2024-01-14,matin,,,971,97113,1,1,6,4,2,Nationale,70.0,1
202400037099,2024-04-06,après-midi,,,93,93005,1,1,5,4,1,Autoroute,110.0,1
202400037100,2024-02-26,après-midi,,,91,91692,1,2,6,4,4,Voie communale,45.0,2
202400037101,2024-05-14,après-midi,,,32,32013,1,1,5,4,4,Voie communale,30.0,1
202400037102,2024-01-15,soirée,,,95,95585,4,8,2,4,3,Départementale,80.0,2
202400037103,2024-02-24,après-midi,,,91,91377,1,8,6,3,3,Départementale,50.0,1
202400037104,2024-04-05,soirée,,,93,93048,1,1,2,4,1,Autoroute,90.0,1
202400037105,2024-05-06,après-midi,,,25,25056,1,2,2,4,4,Voie communale,50.0,2
202400037106,2024-01-15,matin,,,95,95585,1,8,6,3,3,Départementale,50.0,2
202400037107,2024-05-14,matin,,,25,25056,1,1,6,3,6,Autre,50.0,1
202400037108,2024-02-23,après-midi,,,91,91477,1,1,3,4,4,Voie communale,30.0,1
202400037109,2024-01-15,matin,,,91,91191,1,1,6,4,3,Départementale,30.0,1
202400037110,2024-04-07,après-midi,,,77,77363,1,1,2,4,1,Autoroute,90.0,1
202400037111,2024-05-14,après-midi,,,19,19031,1,3,3,4,3,Départementale,50.0,2
202400037112,2024-01-15,soirée,,,91,91228,5,1,6,4,4,Voie communale,30.0,1
202400037113,2024-05-13,après-midi,,,19,19031,1,1,3,4,4,Voie communale,50.0,1
202400037114,2024-04-05,nuit,,,974,97407,3,1,6,4,2,Nationale,50.0,1
202400037115,2024-02-19,soirée,,,91,91477,5,2,3,4,3,Départementale,50.0,2
202400037116,2024-01-15,soirée,,,84,84087,5,1,3,4,4,Voie communale,50.0,1
202400037117,2024-01-01,matin,,,84,84007,5,1,6,3,4,Voie communale,50.0,1
202400037118,2024-04-05,après-midi,,,974,97407,1,1,3,4,2,Nationale,50.0,1
202400037119,2024-05-14,soirée,,,13,13206,1,3,3,4,4,Voie communale,50.0,2
202400037120,2024-04-06,matin,,,972,97209,1,1,3,3,4,Voie communale,30.0,1
202400037121,2024-01-13,après-midi,,,84,84007,1,1,3,4,4,Voie communale,30.0,2
202400037122,2024-02-20,après-midi,,,91,91657,1,1,3,3,3,Départementale,50.0,1
202400037123,2024-05-14,après-midi,,,13,13215,1,8,3,3,4,Voie communale,50.0,1
202400037124,2024-04-06,après-midi,,,69,69149,1,1,3,4,4,Voie communale,30.0,1
202400037125,2024-05-14,nuit,,,13,13208,5,1,3,4,4,Voie communale,50.0,1
202400037126,2024-02-19,soirée,,,91,91691,2,2,6,4,3,Départementale,50.0,2
202400037127,2024-04-05,soirée,,,971,97120,5,1,3,3,3,Départementale,50.0,1
202400037128,2024-01-15,après-midi,,,77,77284,1,1,2,3,4,Voie communale,50.0,1
202400037129,2024-05-02,matin,,,12,12176,1,2,1,4,3,Départementale,80.0,2
202400037130,2024-02-24,soirée,,,91,91027,5,1,1,4,3,Départementale,50.0,1
202400037131,2024-05-13,après-midi,,,10,10321,1,1,2,4,3,Départementale,80.0,1
202400037132,2024-01-12,nuit,,,77,77186,3,1,1,2,3,Départementale,90.0,1
202400037133,2024-04-05,après-midi,,,971,97101,1,1,2,3,2,Nationale,90.0,1
202400037134,2024-02-22,matin,,,91,91027,1,2,3,4,3,Départementale,50.0,2
202400037135,2024-01-15,matin,,,76,76705,1,1,3,4,7,Autre,80.0,1
202400037136,2024-05-14,matin,,,04,04112,1,2,3,3,3,Départementale,80.0,2
202400037137,2024-04-05,après-midi,,,2A,2A004,1,1,4,4,4,Voie communale,50.0,1
202400037138,2024-01-12,après-midi,,,76,76351,1,1,3,4,4,Voie communale,50.0,1
202400037139,2024-02-19,soirée,,,91,91174,5,8,3,4,4,Voie communale,50.0,2
202400037140,2024-05-13,après-midi,,,01,01344,1,1,3,4,3,Départementale,70.0,1
202400037141,2024-02-26,matin,,,91,91433,1,2,6,4,3,Départementale,90.0,2
202400037142,2024-01-13,après-midi,,,76,76351,1,1,6,4,4,Voie communale,50.0,1
202400037143,2024-04-06,matin,,,91,91027,1,1,3,4,3,Départementale,50.0,1
202400037144,2024-01-13,soirée,,,76,76447,3,1,1,4,3,Départementale,80.0,1
202400037145,2024-05-13,matin,,,75,75117,1,1,4,4,4,Voie communale,70.0,1
202400037146,2024-02-27,après-midi,,,88,88160,1,1,1,3,3,Départementale,90.0,1
202400037147,2024-01-13,nuit,,,76,76351,5,1,2,4,4,Voie communale,50.0,1
202400037148,2024-02-25,nuit,,,87,87085,3,2,6,4,1,Autoroute,90.0,2
202400037149,2024-04-06,nuit,,,91,91479,5,1,5,4,2,Nationale,50.0,1
202400037150,2024-01-12,après-midi,,,76,76114,1,1,6,2,4,Voie communale,30.0,1
202400037151,2024-05-13,soirée,,,75,75120,5,1,4,4,4,Voie communale,70.0,1
202400037152,2024-02-23,soirée,,,87,87085,5,2,3,4,4,Voie communale,50.0,2
202400037153,2024-05-14,matin,,,75,75119,1,3,6,4,4,Voie communale,30.0,2
202400037154,2024-04-06,après-midi,,,91,91433,1,1,3,4,3,Départementale,50.0,1
202400037155,2024-01-15,soirée,,,69,69266,3,8,2,4,4,Voie communale,50.0,2
202400037156,2024-01-15,matin,,,69,69256,5,2,6,4,4,Voie communale,50.0,2
202400037157,2024-02-23,après-midi,,,86,86194,1,1,1,4,3,Départementale,30.0,1
202400037158,2024-04-04,nuit,,,87,87085,5,1,6,2,4,Voie communale,50.0,1
202400037159,2024-05-13,nuit,,,75,75117,4,1,3,4,4,Voie communale,50.0,1
202400037160,2024-01-15,matin,,,69,69264,2,2,6,4,4,Voie communale,50.0,2
202400037161,2024-04-06,nuit,,,83,83137,5,1,7,3,3,Départementale,50.0,1
202400037162,2024-01-15,matin,,,69,69290,2,3,6,4,4,Voie communale,50.0,2
202400037163,2024-02-20,soirée,,,85,85191,2,1,4,4,4,Voie communale,50.0,1
202400037164,2024-05-13,après-midi,,,75,75117,1,1,3,4,4,Voie communale,30.0,1
202400037165,2024-01-15,matin,,,65,65440,1,1,6,3,4,Voie communale,50.0,1
202400037166,2024-04-06,soirée,,,83,83069,5,1,3,4,4,Voie communale,50.0,1
202400037167,2024-05-14,soirée,,,75,75116,1,1,6,4,4,Voie communale,30.0,1
202400037168,2024-01-15,matin,,,64,64483,1,2,6,4,4,Voie communale,30.0,2
202400037169,2024-04-06,nuit,,,83,83061,5,1,6,3,4,Voie communale,30.0,1
202400037170,2024-02-24,soirée,,,84,84007,2,1,4,4,4,Voie communale,30.0,1
202400037171,2024-05-14,après-midi,,,75,75116,1,2,2,4,4,Voie communale,30.0,2
202400037172,2024-01-14,après-midi,,,64,64024,5,2,7,4,4,Voie communale,30.0,2
202400037173,2024-04-05,après-midi,,,79,79329,1,7,3,3,3,Départementale,50.0,1
202400037174,2024-01-15,après-midi,,,63,63113,1,2,6,4,4,Voie communale,30.0,2
202400037175,2024-05-14,matin,,,75,75116,1,3,6,4,4,Voie communale,30.0,2
202400037176,2024-02-20,soirée,,,84,84007,5,1,3,4,3,Départementale,50.0,1
202400037177,2024-04-06,nuit,,,78,78481,5,1,3,4,3,Départementale,50.0,1
202400037178,2024-01-15,matin,,,63,63113,5,2,3,4,7,Autre,50.0,2
202400037179,2024-05-14,matin,,,75,75116,1,2,3,4,4,Voie communale,30.0,2
202400037180,2024-02-19,soirée,,,84,84007,2,1,6,4,4,Voie communale,50.0,1
202400037181,2024-01-15,matin,,,60,60057,1,1,1,4,4,Voie communale,30.0,1
202400037182,2024-04-05,soirée,,,77,77438,1,2,3,4,3,Départementale,50.0,2
202400037183,2024-02-19,après-midi,,,83,83062,1,1,6,2,4,Voie communale,50.0,1
202400037184,2024-05-14,nuit,,,75,75109,5,1,2,4,4,Voie communale,30.0,1
202400037185,2024-01-14,soirée,,,56,56121,5,8,3,4,4,Voie communale,30.0,2
202400037186,2024-04-05,après-midi,,,76,76231,1,2,1,4,7,Autre,50.0,2
202400037187,2024-02-21,après-midi,,,83,83137,1,1,6,4,3,Départementale,50.0,1
202400037188,2024-01-15,matin,,,45,45234,1,1,6,4,7,Autre,50.0,1
202400037189,2024-05-14,après-midi,,,75,75107,1,2,3,4,4,Voie communale,30.0,2
202400037190,2024-01-14,matin,,,41,41018,3,1,2,4,4,Voie communale,50.0,1
202400037191,2024-02-20,matin,,,83,83126,1,1,6,3,4,Voie communale,30.0,1
202400037192,2024-05-13,nuit,,,75,75107,5,1,1,4,4,Voie communale,30.0,1
202400037193,2024-04-06,nuit,,,72,72181,5,2,3,4,4,Voie communale,50.0,2
202400037194,2024-01-15,matin,,,38,38544,1,2,6,4,4,Voie communale,50.0,2
202400037195,2024-05-14,matin,,,75,75101,1,3,7,4,4,Voie communale,30.0,2
202400037196,2024-01-13,soirée,,,35,35115,5,1,6,3,4,Voie communale,30.0,1
202400037197,2024-02-27,après-midi,,,83,83129,1,1,3,4,4,Voie communale,50.0,1
202400037198,2024-04-07,nuit,,,67,67482,5,1,6,4,4,Voie communale,50.0,1
202400037199,2024-05-13,matin,,,75,75104,1,1,7,4,4,Voie communale,30.0,8
202400037200,2024-01-15,matin,,,34,34172,2,1,3,4,4,Voie communale,30.0,1
202400037201,2024-02-24,matin,,,83,83129,1,1,3,3,3,Départementale,50.0,1
202400037202,2024-01-14,soirée,,,29,29019,5,2,6,3,4,Voie communale,50.0,2
202400037203,2024-05-12,soirée,,,94,94081,5,1,3,3,3,Départementale,50.0,1
202400037204,2024-04-06,soirée,,,67,67482,2,1,3,2,4,Voie communale,50.0,1
202400037205,2024-02-23,après-midi,,,83,83069,1,1,3,4,4,Voie communale,50.0,1