Num_Acc,date,time_of_day,lat,long,dep,com,lum,atm,col,severity_index,catr,catr_label,vma,surf
202400037206,2024-05-14,soirée,,,94,94003,1,8,3,4,3,Départementale,,1
202400037207,2024-01-15,matin,,,27,27681,2,1,7,3,4,Voie communale,50.0,2
202400037208,2024-02-23,soirée,,,83,83034,5,1,6,4,3,Départementale,50.0,1
202400037209,2024-04-06,après-midi,,,67,67482,1,1,2,4,4,Voie communale,25.0,1
202400037210,2024-05-14,soirée,,,94,94041,1,2,6,4,3,Départementale,50.0,2
202400037211,2024-01-16,nuit,,,26,26058,3,1,7,4,4,Voie communale,80.0,1
202400037212,2024-02-23,matin,,,83,83069,1,1,6,4,4,Voie communale,30.0,1
202400037213,2024-04-06,matin,,,64,64102,1,1,3,4,3,Départementale,50.0,1
202400037214,2024-05-13,nuit,,,94,94041,5,1,6,4,3,Départementale,50.0,1
202400037215,2024-01-15,après-midi,,,25,25056,1,1,6,4,3,Départementale,,1
202400037216,2024-05-14,après-midi,,,94,94038,1,2,6,4,3,Départementale,30.0,2
202400037217,2024-02-19,après-midi,,,83,83061,1,1,4,4,3,Départementale,50.0,1
202400037218,2024-04-06,nuit,,,63,63014,5,6,6,4,4,Voie communale,50.0,1
202400037219,2024-01-15,soirée,,,16,16015,5,1,6,4,4,Voie communale,50.0,1
202400037220,2024-01-15,soirée,,,13,13213,5,1,3,4,4,Voie communale,50.0,1
202400037221,2024-05-13,soirée,,,94,94071,1,1,3,4,4,Voie communale,50.0,1
202400037222,2024-02-18,soirée,,,81,81018,5,1,2,4,3,Départementale,50.0,1
202400037223,2024-04-06,matin,,,61,61169,1,1,1,2,3,Départementale,90.0,1
202400037224,2024-02-22,matin,,,80,80021,1,1,6,4,4,Voie communale,30.0,1
202400037225,2024-01-15,soirée,,,13,13047,3,1,6,4,3,Départementale,80.0,1
202400037226,2024-05-14,après-midi,,,93,93073,1,2,3,4,4,Voie communale,50.0,2
202400037227,2024-04-06,matin,,,60,60159,1,1,3,4,4,Voie communale,30.0,1
202400037228,2024-02-19,nuit,,,80,80021,5,1,3,3,4,Voie communale,50.0,1
202400037229,2024-05-14,matin,,,93,93071,1,3,2,4,3,Départementale,50.0,2
202400037230,2024-04-06,soirée,,,59,59599,5,1,3,4,7,Autre,50.0,1
202400037231,2024-01-15,après-midi,,,06,06088,1,1,2,4,4,Voie communale,50.0,1
202400037232,2024-05-13,matin,,,93,93064,1,1,3,4,3,Départementale,50.0,1
202400037233,2024-04-06,matin,,,56,56162,1,1,6,4,3,Départementale,80.0,1
202400037234,2024-01-15,après-midi,,,75,75119,1,8,3,4,4,Voie communale,30.0,1
202400037235,2024-02-27,après-midi,,,78,78551,1,1,1,4,3,Départementale,,1
202400037236,2024-05-14,matin,,,93,93051,1,3,6,4,3,Départementale,50.0,2
202400037237,2024-01-15,matin,,,75,75118,1,1,6,4,4,Voie communale,50.0,1
202400037238,2024-04-06,après-midi,,,54,54300,1,1,1,4,4,Voie communale,30.0,1
202400037239,2024-02-26,matin,,,78,78418,1,2,3,4,4,Voie communale,50.0,2
202400037240,2024-05-13,nuit,,,93,93031,5,1,3,3,4,Voie communale,30.0,1
202400037241,2024-01-15,matin,,,75,75117,3,1,3,4,4,Voie communale,30.0,1
202400037242,2024-04-06,après-midi,,,54,54395,1,1,6,4,4,Voie communale,50.0,1
202400037243,2024-05-14,matin,,,93,93001,1,3,3,4,3,Départementale,50.0,2
202400037244,2024-02-21,soirée,,,78,78440,5,2,6,3,3,Départementale,50.0,2
202400037245,2024-01-13,soirée,,,75,75114,5,1,3,4,4,Voie communale,50.0,1
202400037246,2024-04-06,matin,,,54,54339,2,1,3,4,7,Autre,70.0,1
202400037247,2024-05-14,matin,,,92,92046,1,2,3,4,3,Départementale,50.0,2
202400037248,2024-01-14,nuit,,,75,75112,5,1,6,4,4,Voie communale,30.0,1
202400037249,2024-02-28,soirée,,,78,78015,1,1,1,3,3,Départementale,70.0,1
202400037250,2024-05-13,matin,,,92,92046,1,1,3,4,4,Voie communale,30.0,1
202400037251,2024-01-15,matin,,,75,75101,5,1,3,4,4,Voie communale,30.0,1
202400037252,2024-05-14,après-midi,,,92,92064,1,2,3,4,3,Départementale,50.0,2
202400037253,2024-04-06,soirée,,,51,51172,1,1,6,3,4,Voie communale,50.0,1
202400037254,2024-01-15,après-midi,,,94,94080,2,1,6,4,3,Départementale,50.0,1
202400037255,2024-05-14,soirée,,,92,92044,1,2,3,4,4,Voie communale,50.0,2
202400037256,2024-04-06,après-midi,,,49,49007,1,1,6,4,4,Voie communale,50.0,1
202400037257,2024-01-11,matin,,,94,94078,5,1,6,4,4,Voie communale,,1
202400037258,2024-05-14,nuit,,,92,92040,5,1,3,4,4,Voie communale,30.0,1
202400037259,2024-02-26,matin,,,77,77479,1,2,6,4,4,Voie communale,50.0,2
202400037260,2024-04-06,matin,,,49,49007,1,1,3,4,4,Voie communale,,1
202400037261,2024-01-15,matin,,,94,94068,5,1,3,4,3,Départementale,30.0,1
202400037262,2024-05-12,soirée,,,92,92035,2,1,1,3,3,Départementale,50.0,1
202400037263,2024-01-14,matin,,,94,94046,1,8,2,4,3,Départementale,50.0,1
202400037264,2024-02-25,matin,,,77,77258,1,1,4,4,3,Départementale,90.0,1
202400037265,2024-04-05,après-midi,,,47,47001,1,1,3,4,3,Départementale,30.0,1
202400037266,2024-01-15,après-midi,,,94,94034,1,1,6,4,6,Autre,30.0,1
202400037267,2024-01-15,matin,,,94,94028,1,1,6,4,4,Voie communale,50.0,1
202400037268,2024-05-14,après-midi,,,92,92026,1,2,4,4,2,Nationale,,2
202400037269,2024-02-22,matin,,,77,77468,1,2,1,4,3,Départementale,50.0,2
202400037270,2024-01-15,après-midi,,,93,93051,1,7,6,4,4,Voie communale,50.0,1
202400037271,2024-04-05,après-midi,,,45,45234,1,8,4,3,7,Autre,50.0,1
202400037272,2024-05-14,après-midi,,,92,92025,1,2,3,4,3,Départementale,30.0,2
202400037273,2024-02-27,après-midi,,,77,77445,1,1,6,4,3,Départementale,70.0,1
202400037274,2024-01-15,après-midi,,,93,93046,1,1,6,4,3,Départementale,50.0,1
202400037275,2024-05-14,après-midi,,,92,92004,1,2,6,3,3,Départementale,50.0,2
202400037276,2024-02-20,matin,,,77,77445,1,1,6,3,3,Départementale,50.0,1
202400037277,2024-04-06,soirée,,,44,44109,1,2,3,3,4,Voie communale,50.0,2
202400037278,2024-01-15,matin,,,93,93032,1,1,3,4,3,Départementale,50.0,1
202400037279,2024-05-14,nuit,,,92,92002,5,8,3,4,3,Départementale,,1
202400037280,2024-02-27,matin,,,77,77276,1,1,5,4,3,Départementale,70.0,1
202400037281,2024-04-02,après-midi,,,44,44135,1,1,6,4,4,Voie communale,30.0,1
202400037282,2024-01-15,après-midi,,,93,93007,1,1,6,4,3,Départementale,50.0,1
202400037283,2024-05-15,après-midi,,,86,86174,1,1,6,4,4,Voie communale,30.0,1
202400037284,2024-01-15,matin,,,92,92064,2,1,6,4,3,Départementale,50.0,7
202400037285,2024-05-15,matin,,,36,36034,1,1,2,4,3,Départementale,50.0,1
202400037286,2024-04-05,soirée,,,42,42218,1,1,6,3,4,Voie communale,50.0,1
202400037287,2024-02-26,matin,,,77,77284,1,8,2,4,3,Départementale,50.0,2
202400037288,2024-01-15,matin,,,92,92048,2,2,2,4,3,Départementale,50.0,2
202400037289,2024-05-11,après-midi,,,84,84083,1,1,2,3,3,Départementale,50.0,1
202400037290,2024-02-23,soirée,,,77,77284,5,2,6,4,4,Voie communale,50.0,2
202400037291,2024-05-15,après-midi,,,65,65120,1,2,6,4,3,Départementale,70.0,2
202400037292,2024-04-05,après-midi,,,38,38185,1,1,6,4,4,Voie communale,30.0,1
202400037293,2024-01-15,matin,,,92,92025,1,8,3,4,4,Voie communale,50.0,2
202400037294,2024-05-14,après-midi,,,22,22114,1,1,6,4,3,Départementale,80.0,2
202400037295,2024-02-27,soirée,,,77,77111,3,1,6,4,4,Voie communale,30.0,1
202400037296,2024-01-15,après-midi,,,92,92012,1,1,6,4,3,Départementale,50.0,1
202400037297,2024-04-06,soirée,,,37,37122,1,1,3,4,4,Voie communale,50.0,1
202400037298,2024-05-14,après-midi,,,56,56117,1,1,6,3,3,Départementale,50.0,1
202400037299,2024-02-25,après-midi,,,77,77132,1,2,6,4,4,Voie communale,50.0,2
202400037300,2024-02-25,après-midi,,,77,77449,1,3,6,3,4,Voie communale,50.0,2
202400037301,2024-04-06,après-midi,,,35,35238,1,1,3,4,2,Nationale,50.0,1
202400037302,2024-05-14,matin,,,77,77109,1,2,3,4,4,Voie communale,,2
202400037303,2024-01-12,soirée,,,21,21599,3,9,6,4,1,Autoroute,130.0,7
202400037304,2024-02-23,après-midi,,,77,77058,1,3,6,4,3,Départementale,50.0,2
202400037305,2024-05-14,soirée,,,76,76452,1,1,7,4,4,Voie communale,50.0,1
202400037306,2024-01-16,après-midi,,,974,97412,1,1,6,3,4,Voie communale,30.0,1
202400037307,2024-04-02,soirée,,,35,35115,2,2,3,4,4,Voie communale,50.0,2
202400037308,2024-05-15,matin,,,2A,2A139,1,1,6,4,2,Nationale,80.0,1
202400037309,2024-02-26,après-midi,,,77,77333,1,3,6,4,4,Voie communale,50.0,2
202400037310,2024-04-06,matin,,,34,34003,1,1,6,3,4,Voie communale,50.0,1
202400037311,2024-01-08,après-midi,,,35,35085,1,1,3,2,3,Départementale,50.0,1
202400037312,2024-05-14,matin,,,82,82025,1,3,3,3,4,Voie communale,80.0,2
202400037313,2024-02-27,soirée,,,76,76561,1,1,3,4,4,Voie communale,50.0,1
202400037314,2024-04-07,nuit,,,33,33318,4,1,6,3,4,Voie communale,50.0,1
202400037315,2024-05-14,matin,,,65,65389,1,3,7,3,4,Voie communale,50.0,2
202400037316,2024-01-14,matin,,,59,59653,1,8,3,4,7,Autre,70.0,2
202400037317,2024-05-06,soirée,,,61,61079,3,1,6,3,4,Voie communale,80.0,2
202400037318,2024-02-20,soirée,,,76,76540,5,1,3,3,4,Voie communale,50.0,1
202400037319,2024-04-06,soirée,,,29,29019,2,8,3,3,4,Voie communale,50.0,1
202400037320,2024-01-15,soirée,,,59,59525,5,1,1,4,3,Départementale,50.0,1
202400037321,2024-05-14,après-midi,,,46,46136,1,2,5,3,3,Départementale,80.0,2
202400037322,2024-02-27,après-midi,,,76,76351,1,1,3,4,4,Voie communale,50.0,1
202400037323,2024-04-06,soirée,,,26,26281,2,1,3,4,4,Voie communale,50.0,1
202400037324,2024-01-16,après-midi,,,71,71543,5,8,1,2,3,Départementale,50.0,2
202400037325,2024-02-27,après-midi,,,76,76351,1,1,6,2,4,Voie communale,50.0,1
202400037326,2024-05-14,matin,,,47,47140,1,2,1,4,3,Départementale,80.0,2
202400037327,2024-04-05,matin,,,23,23096,1,1,6,4,4,Voie communale,50.0,1
202400037328,2024-01-14,nuit,,,61,61486,3,9,6,3,3,Départementale,90.0,7
202400037329,2024-02-26,matin,,,76,76341,3,2,6,4,4,Voie communale,50.0,2
202400037330,2024-01-14,soirée,,,49,49060,3,1,6,3,3,Départementale,90.0,1
202400037331,2024-05-12,après-midi,,,39,39013,1,1,1,4,3,Départementale,80.0,1
202400037332,2024-04-05,après-midi,,,22,22106,1,1,4,4,2,Nationale,90.0,1
202400037333,2024-02-25,après-midi,,,76,76305,1,3,2,4,2,Nationale,90.0,2
202400037334,2024-01-15,après-midi,,,42,42180,2,2,1,4,3,Départementale,80.0,2
202400037335,2024-05-14,matin,,,01,01034,1,2,6,3,4,Voie communale,50.0,2
202400037336,2024-02-23,nuit,,,76,76351,5,2,7,4,3,Départementale,50.0,2
202400037337,2024-05-13,matin,,,01,01232,2,1,7,3,3,Départementale,80.0,1
202400037338,2024-04-06,nuit,,,16,16015,5,1,3,4,4,Voie communale,30.0,1
202400037339,2024-02-22,nuit,,,76,76351,5,2,7,4,4,Voie communale,50.0,2
202400037340,2024-05-15,matin,,,06,06079,1,8,2,4,3,Départementale,50.0,2
202400037341,2024-04-06,nuit,,,13,13019,3,1,6,2,3,Départementale,90.0,1
202400037342,2024-01-15,après-midi,,,02,02785,1,1,1,4,3,Départementale,50.0,1
202400037343,2024-02-20,soirée,,,76,76351,5,1,3,4,4,Voie communale,50.0,1
202400037344,2024-05-14,matin,,,04,04049,1,2,6,2,3,Départementale,80.0,2
202400037345,2024-01-15,après-midi,,,15,15141,1,2,6,3,2,Nationale,80.0,2
202400037346,2024-04-06,soirée,,,13,13210,2,1,3,3,4,Voie communale,50.0,1
202400037347,2024-02-20,après-midi,,,76,76341,1,1,3,3,4,Voie communale,50.0,1
202400037348,2024-05-14,soirée,,,85,85140,2,1,6,4,4,Voie communale,80.0,1
202400037349,2024-04-19,après-midi,,,37,37115,1,1,6,2,4,Voie communale,50.0,1
202400037350,2024-04-06,soirée,,,13,13203,5,1,3,4,4,Voie communale,50.0,1
202400037351,2024-01-15,soirée,,,14,14654,3,1,3,3,3,Départementale,80.0,1
202400037352,2024-02-20,après-midi,,,76,76351,1,1,6,4,4,Voie communale,50.0,1
202400037353,2024-05-15,nuit,,,68,68021,3,3,6,2,1,Autoroute,130.0,2
202400037354,2024-01-15,après-midi,,,64,64094,1,2,1,4,3,Départementale,80.0,2
202400037355,2024-02-20,matin,,,76,76341,1,1,1,4,4,Voie communale,30.0,1
202400037356,2024-04-06,soirée,,,13,13211,5,1,1,3,4,Voie communale,50.0,1
202400037357,2024-01-16,après-midi,,,10,10323,5,5,6,4,4,Voie communale,50.0,1
202400037358,2024-05-15,nuit,,,39,39159,3,2,6,2,1,Autoroute,130.0,2
202400037359,2024-01-15,après-midi,,,07,07334,1,1,7,3,3,Départementale,70.0,2
202400037360,2024-05-13,après-midi,,,31,31254,1,1,2,4,4,Voie communale,50.0,1
202400037361,2024-04-06,après-midi,,,13,13203,1,1,3,4,4,Voie communale,50.0,1
202400037362,2024-02-20,après-midi,,,76,76351,1,1,2,4,4,Voie communale,50.0,1
202400037363,2024-01-14,soirée,,,13,13069,4,1,1,4,3,Départementale,70.0,1
202400037364,2024-04-06,matin,,,13,13201,1,1,2,4,9,Autre,50.0,1
202400037365,2024-05-10,matin,,,971,97125,1,1,1,3,2,Nationale,90.0,1
202400037366,2024-02-19,après-midi,,,76,76351,1,1,6,4,4,Voie communale,50.0,1
202400037367,2024-01-14,nuit,,,65,65161,3,1,6,3,2,Nationale,70.0,1
202400037368,2024-05-14,soirée,,,83,83037,1,2,1,4,3,Départementale,80.0,2
202400037369,2024-02-27,matin,,,74,74012,1,1,3,4,4,Voie communale,,1
202400037370,2024-01-14,nuit,,,38,38052,3,1,5,2,3,Départementale,70.0,1
202400037371,2024-04-06,soirée,,,13,13001,1,1,2,4,3,Départementale,50.0,1
202400037372,2024-05-15,après-midi,,,04,04143,1,8,7,4,3,Départementale,50.0,2
202400037373,2024-02-21,matin,,,74,74305,2,8,3,4,4,Voie communale,50.0,1
202400037374,2024-01-15,après-midi,,,33,33205,1,2,2,4,1,Autoroute,130.0,2
202400037375,2024-04-06,matin,,,10,10343,1,1,3,4,4,Voie communale,50.0,1
202400037376,2024-05-14,après-midi,,,13,13046,1,2,1,4,3,Départementale,70.0,2
202400037377,2024-01-15,après-midi,,,988,98817,1,1,3,4,3,Départementale,,1
202400037378,2024-02-21,matin,,,74,74133,1,8,3,4,3,Départementale,50.0,1
202400037379,2024-05-14,soirée,,,13,13042,1,2,1,3,3,Départementale,50.0,2
202400037380,2024-04-05,après-midi,,,10,10387,1,1,3,4,4,Voie communale,50.0,1
202400037381,2024-01-14,après-midi,,,973,97305,1,1,7,3,2,Nationale,80.0,1
202400037382,2024-02-27,soirée,,,72,72095,1,1,6,4,4,Voie communale,30.0,1
202400037383,2024-05-14,soirée,,,13,13066,3,3,1,3,3,Départementale,80.0,2
202400037384,2024-01-16,après-midi,,,77,77415,1,1,2,4,3,Départementale,50.0,1
202400037385,2024-02-26,soirée,,,72,72003,5,2,3,4,4,Voie communale,50.0,2
202400037386,2024-01-16,matin,,,66,66014,1,1,3,3,4,Voie communale,50.0,2
202400037387,2024-05-14,après-midi,,,68,68154,1,1,3,4,3,Départementale,70.0,1
202400037388,2024-04-05,soirée,,,07,07019,3,1,3,3,4,Voie communale,50.0,1
202400037389,2024-01-15,après-midi,,,34,34154,3,1,6,3,4,Voie communale,50.0,1
202400037390,2024-02-26,matin,,,72,72181,1,2,2,4,4,Voie communale,90.0,2
202400037391,2024-05-10,après-midi,,,68,68111,1,1,6,3,3,Départementale,80.0,1
202400037392,2024-04-06,soirée,,,06,06088,5,1,3,4,4,Voie communale,30.0,1
202400037393,2024-01-15,après-midi,,,84,84092,1,1,2,4,4,Voie communale,,1
202400037394,2024-02-24,après-midi,,,72,72181,1,3,2,4,4,Voie communale,50.0,2
202400037395,2024-05-03,nuit,,,67,67487,3,1,3,3,3,Départementale,80.0,1
202400037396,2024-04-06,nuit,,,05,05023,5,1,6,3,3,Départementale,30.0,1
202400037397,2024-01-15,matin,,,26,26206,1,1,1,4,3,Départementale,80.0,1
202400037398,2024-02-23,après-midi,,,72,72181,1,1,1,4,4,Voie communale,50.0,2
202400037399,2024-05-15,matin,,,57,57032,1,2,3,4,7,Autre,50.0,2
202400037400,2024-01-16,soirée,,,81,81219,5,1,3,4,3,Départementale,50.0,1
202400037401,2024-05-12,matin,,,63,63042,1,1,7,4,7,Autre,80.0,1
202400037402,2024-02-20,matin,,,71,71306,1,1,2,4,3,Départementale,50.0,1
202400037403,2024-04-05,matin,,,75,75116,1,1,4,4,4,Voie communale,70.0,1
202400037404,2024-01-09,matin,,,33,33543,1,1,7,3,4,Voie communale,50.0,1
202400037405,2024-05-15,soirée,,,07,07324,2,3,3,3,3,Départementale,50.0,2
202400037406,2024-02-28,après-midi,,,71,71475,1,1,1,4,4,Voie communale,30.0,1
202400037407,2024-04-04,soirée,,,75,75120,2,8,2,4,4,Voie communale,50.0,1
202400037408,2024-01-15,matin,,,14,14762,5,1,6,4,3,Départementale,50.0,1
202400037409,2024-05-11,matin,,,16,16026,1,7,1,3,3,Départementale,50.0,1
202400037410,2024-02-26,soirée,,,69,69286,5,1,2,4,4,Voie communale,30.0,1
202400037411,2024-01-14,nuit,,,76,76551,4,1,6,3,3,Départementale,50.0,1
202400037412,2024-04-06,nuit,,,75,75112,5,1,6,4,4,Voie communale,50.0,1
202400037413,2024-02-24,nuit,,,69,69266,5,1,6,3,4,Voie communale,50.0,1
202400037414,2024-01-16,après-midi,,,02,02381,1,1,6,4,4,Voie communale,50.0,1
202400037415,2024-05-14,soirée,,,85,85226,1,1,1,4,4,Voie communale,50.0,1
202400037416,2024-05-13,matin,,,49,49023,1,8,6,3,3,Départementale,50.0,1
202400037417,2024-01-15,soirée,,,13,13212,3,1,2,4,1,Autoroute,90.0,1
202400037418,2024-02-21,soirée,,,69,69286,5,1,6,4,7,Autre,50.0,1
202400037419,2024-04-06,après-midi,,,75,75119,1,1,2,4,4,Voie communale,30.0,1
202400037420,2024-01-15,matin,,,13,13055,1,1,6,4,1,Autoroute,50.0,1
202400037421,2024-05-12,après-midi,,,60,60404,1,1,6,4,3,Départementale,,1
202400037422,2024-01-15,matin,,,13,13028,1,1,7,4,1,Autoroute,110.0,1
202400037423,2024-02-20,soirée,,,69,69286,2,1,6,4,7,Autre,30.0,1
202400037424,2024-04-06,après-midi,,,75,75117,1,1,6,4,4,Voie communale,30.0,1
202400037425,2024-05-15,nuit,,,60,60010,3,1,7,3,3,Départementale,80.0,1
202400037426,2024-01-15,après-midi,,,33,33075,1,2,3,4,1,Autoroute,90.0,2
202400037427,2024-04-06,nuit,,,75,75116,5,1,6,4,4,Voie communale,30.0,1
202400037428,2024-02-20,après-midi,,,69,69256,1,1,3,4,7,Autre,50.0,1
202400037429,2024-01-13,après-midi,,,59,59196,4,1,2,4,1,Autoroute,110.0,2
202400037430,2024-05-14,matin,,,02,02454,1,8,6,4,3,Départementale,80.0,1
202400037431,2024-04-06,après-midi,,,75,75114,1,1,1,4,4,Voie communale,25.0,1
202400037432,2024-02-27,après-midi,,,69,69290,1,8,3,4,4,Voie communale,50.0,1
202400037433,2024-05-13,soirée,,,13,13215,1,1,2,4,1,Autoroute,70.0,1
202400037434,2024-04-06,matin,,,75,75114,1,1,6,4,4,Voie communale,30.0,1
202400037435,2024-01-11,nuit,,,59,59205,3,1,5,4,1,Autoroute,130.0,7
202400037436,2024-02-26,après-midi,,,69,69290,1,1,2,4,7,Autre,50.0,1
202400037437,2024-02-24,nuit,,,69,69259,5,1,6,3,7,Autre,50.0,1
202400037438,2024-05-13,nuit,,,13,13106,3,1,2,3,1,Autoroute,70.0,1
202400037439,2024-04-06,matin,,,75,75112,1,1,2,4,4,Voie communale,30.0,1
202400037440,2024-01-15,matin,,,91,91161,3,1,4,4,1,Autoroute,110.0,1
202400037441,2024-02-22,soirée,,,69,69259,5,8,6,4,4,Voie communale,50.0,2
202400037442,2024-05-13,matin,,,69,69296,1,1,3,4,1,Autoroute,110.0,1
202400037443,2024-01-14,matin,,,92,92060,1,1,6,4,2,Nationale,70.0,1
202400037444,2024-04-05,soirée,,,75,75109,1,2,3,4,4,Voie communale,50.0,2
202400037445,2024-01-14,matin,,,92,92050,1,1,6,4,1,Autoroute,90.0,1
202400037446,2024-02-22,après-midi,,,69,69290,1,2,3,4,4,Voie communale,30.0,2
202400037447,2024-05-07,après-midi,,,59,59449,1,1,2,4,1,Autoroute,130.0,1
202400037448,2024-04-06,matin,,,75,75108,1,1,6,4,4,Voie communale,30.0,1
202400037449,2024-05-11,soirée,,,59,59350,1,1,2,3,2,Nationale,70.0,1
202400037450,2024-01-14,nuit,,,78,78158,5,1,5,3,1,Autoroute,110.0,1
202400037451,2024-02-21,nuit,,,69,69259,5,3,3,4,4,Voie communale,50.0,2
202400037452,2024-04-06,soirée,,,94,94081,2,8,3,4,3,Départementale,50.0,1
202400037453,2024-05-14,après-midi,,,94,94034,1,2,3,4,1,Autoroute,90.0,2
202400037454,2024-01-14,nuit,,,78,78640,3,1,6,4,2,Nationale,110.0,1
202400037455,2024-02-21,soirée,,,69,69259,5,1,6,4,4,Voie communale,50.0,1
202400037456,2024-05-14,matin,,,92,92051,1,3,7,4,2,Nationale,70.0,2
202400037457,2024-04-06,soirée,,,94,94077,5,8,2,3,3,Départementale,50.0,1
202400037458,2024-01-15,après-midi,,,92,92078,1,1,6,4,1,Autoroute,90.0,1
202400037459,2024-05-12,nuit,,,78,78551,5,1,6,4,1,Autoroute,90.0,1
202400037460,2024-02-21,soirée,,,69,69290,5,1,1,4,4,Voie communale,50.0,1
202400037461,2024-01-14,nuit,,,94,94028,3,1,2,4,1,Autoroute,90.0,1
202400037462,2024-05-12,soirée,,,92,92036,4,1,2,3,2,Nationale,70.0,2
202400037463,2024-01-14,nuit,,,974,97407,3,1,6,4,2,Nationale,70.0,1
202400037464,2024-04-05,nuit,,,94,94059,5,1,3,4,4,Voie communale,50.0,1
202400037465,2024-05-14,après-midi,,,95,95582,1,2,7,4,1,Autoroute,70.0,2
202400037466,2024-02-24,matin,,,68,68297,1,1,3,3,3,Départementale,50.0,1
202400037467,2024-01-14,soirée,,,971,97107,3,1,7,4,4,Voie communale,50.0,1
202400037468,2024-05-14,après-midi,,,95,95572,1,2,6,4,2,Nationale,90.0,2
202400037469,2024-04-06,nuit,,,94,94017,5,1,1,4,3,Départementale,50.0,1
202400037470,2024-02-24,matin,,,67,67267,1,1,3,3,4,Voie communale,50.0,1
202400037471,2024-01-14,après-midi,,,83,83137,2,1,3,3,3,Départementale,50.0,1
202400037472,2024-05-14,matin,,,95,95277,1,2,2,4,1,Autoroute,90.0,2
202400037473,2024-04-06,soirée,,,93,93078,1,1,3,4,4,Voie communale,50.0,1
202400037474,2024-05-14,matin,,,92,92036,1,3,7,4,1,Autoroute,90.0,2
202400037475,2024-02-28,après-midi,,,66,66136,1,2,6,4,4,Voie communale,30.0,2
202400037476,2024-04-06,nuit,,,93,93062,3,1,6,4,4,Voie communale,50.0,1
202400037477,2024-01-13,après-midi,,,70,70550,5,1,3,4,4,Voie communale,50.0,1
202400037478,2024-05-13,nuit,,,93,93010,3,1,2,4,1,Autoroute,90.0,1
202400037479,2024-01-14,nuit,,,64,64260,5,2,6,4,4,Voie communale,30.0,2
202400037480,2024-04-06,soirée,,,93,93048,1,1,3,4,4,Voie communale,30.0,1
202400037481,2024-02-24,après-midi,,,66,66136,1,1,2,4,3,Départementale,90.0,1
202400037482,2024-05-14,matin,,,94,94004,1,3,3,4,2,Nationale,90.0,2
202400037483,2024-01-14,nuit,,,63,63113,3,5,6,3,7,Autre,50.0,7
202400037484,2024-04-06,nuit,,,93,93048,5,1,6,4,3,Départementale,50.0,1
202400037485,2024-02-21,après-midi,,,66,66136,1,1,2,4,3,Départementale,90.0,1
202400037486,2024-02-17,après-midi,,,83,83050,1,1,2,4,3,Départementale,80.0,1
202400037487,2024-01-13,soirée,,,62,62178,5,1,3,4,4,Voie communale,50.0,1
202400037488,2024-02-16,après-midi,,,83,83050,1,1,6,3,4,Voie communale,50.0,1
202400037489,2024-01-14,après-midi,,,35,35278,1,1,6,4,2,Nationale,90.0,1
202400037490,2024-02-20,matin,,,66,66136,1,1,3,4,4,Voie communale,50.0,1
202400037491,2024-04-06,après-midi,,,93,93005,1,1,3,4,3,Départementale,50.0,1
202400037492,2024-02-24,matin,,,57,57683,1,2,6,3,3,Départementale,50.0,2
202400037493,2024-01-14,nuit,,,22,22113,3,2,6,4,3,Départementale,50.0,2
202400037494,2024-04-06,nuit,,,93,93005,5,2,1,4,3,Départementale,50.0,2
202400037495,2024-02-19,après-midi,,,66,66136,1,1,3,4,3,Départementale,50.0,1
202400037496,2024-01-13,nuit,,,14,14243,3,1,7,4,3,Départementale,50.0,1
202400037497,2024-05-13,matin,,,976,97611,1,1,7,4,4,Voie communale,50.0,1
202400037498,2024-04-06,après-midi,,,92,92040,1,1,7,4,3,Départementale,50.0,1
202400037499,2024-02-19,soirée,,,65,65100,1,1,1,3,3,Départementale,70.0,1
202400037500,2024-01-13,soirée,,,13,13215,5,1,3,4,4,Voie communale,50.0,1
202400037501,2024-05-13,après-midi,,,69,69387,1,1,3,4,4,Voie communale,30.0,1
202400037502,2024-02-26,matin,,,64,64445,2,1,7,4,4,Voie communale,50.0,2
202400037503,2024-01-13,soirée,,,13,13063,5,1,3,3,4,Voie communale,50.0,1
202400037504,2024-04-06,après-midi,,,92,92012,1,1,3,4,4,Voie communale,50.0,1
202400037505,2024-05-13,soirée,,,971,97107,5,1,2,4,3,Départementale,50.0,1
202400037506,2024-01-14,soirée,,,75,75113,5,1,2,4,4,Voie communale,70.0,1
202400037507,2024-02-27,matin,,,64,64348,2,3,3,4,4,Voie communale,50.0,2
202400037508,2024-04-07,après-midi,,,76,76258,1,7,6,3,3,Départementale,50.0,1
202400037509,2024-05-13,soirée,,,91,91514,1,1,3,4,2,Nationale,90.0,1
202400037510,2024-01-14,après-midi,,,75,75112,1,1,6,4,4,Voie communale,70.0,1
202400037511,2024-02-24,soirée,,,64,64129,5,2,7,4,4,Voie communale,50.0,2
202400037512,2024-05-13,après-midi,,,91,91201,1,1,6,4,3,Départementale,50.0,1
202400037513,2024-04-07,après-midi,,,62,62395,1,1,7,2,3,Départementale,50.0,1
202400037514,2024-01-14,matin,,,75,75115,1,1,2,4,4,Voie communale,70.0,1
202400037515,2024-02-19,après-midi,,,64,64445,1,2,3,4,4,Voie communale,50.0,2
202400037516,2024-05-13,après-midi,,,91,91691,1,1,3,4,4,Voie communale,50.0,1
202400037517,2024-01-14,matin,,,75,75119,1,1,6,4,4,Voie communale,70.0,1
202400037518,2024-04-07,après-midi,,,06,06149,1,1,3,3,7,Autre,50.0,1