Num_Acc,date,time_of_day,lat,long,dep,com,lum,atm,col,severity_index,catr,catr_label,vma,surf
202400037519,2024-02-24,après-midi,,,64,64122,1,2,6,3,4,Voie communale,15.0,2
202400037520,2024-01-14,matin,,,75,75120,3,1,6,4,4,Voie communale,70.0,1
202400037521,2024-04-07,matin,,,21,21261,2,1,6,3,1,Autoroute,130.0,1
202400037522,2024-05-13,matin,,,91,91657,1,1,3,4,4,Voie communale,50.0,1
202400037523,2024-02-24,nuit,,,64,64102,5,2,3,4,3,Départementale,30.0,2
202400037524,2024-05-13,soirée,,,91,91589,1,1,6,4,4,Voie communale,30.0,1
202400037525,2024-02-20,après-midi,,,64,64102,1,1,2,4,3,Départementale,50.0,1
202400037526,2024-04-07,nuit,,,81,81284,5,1,1,3,2,Nationale,110.0,1
202400037527,2024-01-14,nuit,,,75,75105,5,1,3,4,4,Voie communale,30.0,1
202400037528,2024-05-13,matin,,,87,87085,1,1,3,4,4,Voie communale,30.0,1
202400037529,2024-02-20,après-midi,,,64,64102,1,1,2,4,3,Départementale,50.0,1
202400037530,2024-04-05,matin,,,83,83049,1,1,3,4,1,Autoroute,110.0,1
202400037531,2024-05-12,soirée,,,87,87075,1,2,1,4,3,Départementale,30.0,2
202400037532,2024-01-13,matin,,,75,75108,1,1,3,4,4,Voie communale,50.0,1
202400037533,2024-02-26,matin,,,63,63224,1,1,3,4,6,Autre,30.0,1
202400037534,2024-04-05,après-midi,,,83,83054,1,1,2,3,1,Autoroute,110.0,1
202400037535,2024-02-21,après-midi,,,63,63103,1,1,7,4,3,Départementale,90.0,1
202400037536,2024-05-12,soirée,,,87,87085,1,1,3,4,4,Voie communale,30.0,1
202400037537,2024-04-06,après-midi,,,51,51320,1,7,6,3,3,Départementale,50.0,1
202400037538,2024-01-14,après-midi,,,75,75117,1,1,2,4,4,Voie communale,30.0,1
202400037539,2024-02-19,soirée,,,63,63300,1,1,6,4,3,Départementale,110.0,1
202400037540,2024-04-07,après-midi,,,83,83148,1,1,6,2,4,Voie communale,50.0,1
202400037541,2024-01-12,soirée,,,75,75115,5,1,3,4,4,Voie communale,30.0,1
202400037542,2024-05-11,après-midi,,,87,87065,1,1,3,4,1,Autoroute,50.0,1
202400037543,2024-07-20,matin,,,75,75120,1,1,2,4,4,Voie communale,30.0,1
202400037544,2024-04-06,soirée,,,63,63264,1,1,7,3,3,Départementale,90.0,1
202400037545,2024-01-14,soirée,,,75,75113,5,1,6,4,4,Voie communale,30.0,1
202400037546,2024-02-26,matin,,,63,63113,5,1,3,4,7,Autre,,1
202400037547,2024-05-08,matin,,,87,87085,1,1,3,4,3,Départementale,50.0,1
202400037548,2024-04-06,après-midi,,,14,14390,1,1,3,3,3,Départementale,80.0,1
202400037549,2024-07-20,matin,,,75,75117,1,1,3,4,4,Voie communale,30.0,1
202400037550,2024-02-24,matin,,,63,63113,1,1,7,3,4,Voie communale,30.0,1
202400037551,2024-01-13,nuit,,,75,75101,5,1,7,4,4,Voie communale,30.0,1
202400037552,2024-05-07,nuit,,,87,87085,5,1,3,4,3,Départementale,50.0,1
202400037553,2024-04-06,matin,,,06,06118,1,1,2,4,3,Départementale,70.0,1
202400037554,2024-02-23,soirée,,,63,63113,1,1,3,4,4,Voie communale,30.0,1
202400037555,2024-07-20,soirée,,,75,75111,1,1,6,4,4,Voie communale,30.0,1
202400037556,2024-05-10,soirée,,,86,86041,1,1,2,4,3,Départementale,50.0,1
202400037557,2024-04-07,nuit,,,06,06033,3,1,6,2,7,Autre,70.0,1
202400037558,2024-05-12,soirée,,,80,80021,1,2,1,4,4,Voie communale,50.0,2
202400037559,2024-07-20,nuit,,,75,75111,5,1,6,4,4,Voie communale,30.0,1
202400037560,2024-02-22,soirée,,,63,63113,5,3,6,4,4,Voie communale,30.0,2
202400037561,2024-04-05,soirée,,,971,97133,4,1,1,3,3,Départementale,70.0,1
202400037562,2024-05-06,soirée,,,78,78335,1,1,1,4,3,Départementale,80.0,1
202400037563,2024-02-22,après-midi,,,63,63113,1,1,6,2,7,Autre,50.0,1
202400037564,2024-07-20,après-midi,,,94,94081,1,1,2,4,4,Voie communale,50.0,1
202400037565,2024-04-06,soirée,,,83,83100,1,1,7,3,3,Départementale,,1
202400037566,2024-07-20,nuit,,,94,94041,2,1,6,3,4,Voie communale,30.0,1
202400037567,2024-05-13,soirée,,,78,78621,1,1,3,4,4,Voie communale,50.0,1
202400037568,2024-02-20,après-midi,,,63,63113,1,1,3,4,7,Autre,50.0,1
202400037569,2024-05-11,soirée,,,76,76447,1,1,6,4,3,Départementale,50.0,1
202400037570,2024-07-19,soirée,,,93,93073,1,1,2,3,4,Voie communale,90.0,1
202400037571,2024-05-11,matin,,,76,76552,1,1,6,4,3,Départementale,50.0,1
202400037572,2024-02-19,après-midi,,,63,63113,1,1,3,4,7,Autre,50.0,1
202400037573,2024-04-06,après-midi,,,38,38342,1,1,1,3,3,Départementale,80.0,1
202400037574,2024-05-10,nuit,,,76,76351,5,1,2,4,4,Voie communale,50.0,1
202400037575,2024-07-20,matin,,,93,93066,1,1,1,4,4,Voie communale,,1
202400037576,2024-02-20,soirée,,,62,62510,5,1,6,4,3,Départementale,50.0,1
202400037577,2024-04-07,nuit,,,2B,2B009,3,1,6,4,2,Nationale,70.0,1
202400037578,2024-05-12,soirée,,,71,71306,1,2,6,4,4,Voie communale,50.0,2
202400037579,2024-02-21,après-midi,,,62,62041,1,1,6,3,3,Départementale,50.0,1
202400037580,2024-07-20,matin,,,93,93063,1,1,3,4,3,Départementale,50.0,1
202400037581,2024-04-07,nuit,,,83,83131,3,1,1,4,3,Départementale,50.0,1
202400037582,2024-05-13,soirée,,,69,69275,1,1,1,3,4,Voie communale,30.0,1
202400037583,2024-02-19,après-midi,,,61,61001,2,2,3,3,3,Départementale,50.0,2
202400037584,2024-07-20,matin,,,93,93029,1,1,6,4,5,Autre,10.0,1
202400037585,2024-02-20,soirée,,,60,60057,5,1,6,4,4,Voie communale,50.0,1
202400037586,2024-04-07,nuit,,,44,44009,3,1,1,3,2,Nationale,110.0,2
202400037587,2024-05-13,matin,,,66,66136,1,1,2,4,4,Voie communale,50.0,1
202400037588,2024-02-27,nuit,,,59,59421,5,1,3,4,4,Voie communale,50.0,1
202400037589,2024-04-06,après-midi,,,51,51210,1,1,7,3,3,Départementale,70.0,1
202400037590,2024-05-11,soirée,,,64,64122,1,1,6,4,4,Voie communale,30.0,1
202400037591,2024-02-22,nuit,,,59,59599,5,2,6,4,4,Voie communale,50.0,2
202400037592,2024-05-11,après-midi,,,64,64122,1,1,7,4,4,Voie communale,30.0,1
202400037593,2024-07-20,après-midi,,,93,93007,1,1,4,4,3,Départementale,50.0,1
202400037594,2024-02-21,après-midi,,,59,59599,1,2,2,4,4,Voie communale,50.0,2
202400037595,2024-04-06,matin,,,19,19246,1,1,3,3,3,Départementale,90.0,1
202400037596,2024-05-13,après-midi,,,64,64024,1,1,7,4,3,Départementale,50.0,1
202400037597,2024-07-19,nuit,,,92,92022,3,1,7,4,4,Voie communale,50.0,1
202400037598,2024-02-28,nuit,,,59,59650,5,1,6,4,7,Autre,50.0,1
202400037599,2024-05-13,après-midi,,,64,64024,1,1,3,4,4,Voie communale,30.0,1
202400037600,2024-04-07,matin,,,56,56074,1,1,6,3,3,Départementale,80.0,1
202400037601,2024-02-27,après-midi,,,59,59367,1,1,6,3,4,Voie communale,30.0,1
202400037602,2024-07-20,soirée,,,92,92063,1,1,6,3,4,Voie communale,30.0,1
202400037603,2024-05-13,matin,,,63,63113,1,1,3,4,4,Voie communale,30.0,1
202400037604,2024-02-23,après-midi,,,59,59512,1,3,6,4,4,Voie communale,30.0,2
202400037605,2024-04-07,nuit,,,56,56053,3,1,6,4,2,Nationale,110.0,1
202400037606,2024-07-20,après-midi,,,92,92051,1,1,2,4,3,Départementale,50.0,1
202400037607,2024-05-13,matin,,,63,63113,1,1,3,4,7,Autre,50.0,1
202400037608,2024-02-21,soirée,,,59,59646,5,2,3,4,4,Voie communale,50.0,2
202400037609,2024-04-07,matin,,,56,56052,1,1,6,3,4,Voie communale,50.0,1
202400037610,2024-07-20,après-midi,,,92,92050,1,1,6,3,4,Voie communale,50.0,1
202400037611,2024-02-25,nuit,,,59,59350,5,2,3,4,7,Autre,50.0,2
202400037612,2024-07-14,soirée,,,92,92020,1,1,6,4,3,Départementale,50.0,1
202400037613,2024-05-13,nuit,,,61,61001,2,1,3,4,3,Départementale,50.0,1
202400037614,2024-02-28,soirée,,,59,59328,5,1,6,4,4,Voie communale,50.0,1
202400037615,2024-04-07,nuit,,,76,76067,3,2,1,3,2,Nationale,80.0,2
202400037616,2024-05-02,soirée,,,59,59526,1,1,3,2,4,Voie communale,50.0,1
202400037617,2024-02-22,soirée,,,59,59350,5,6,6,2,7,Autre,30.0,1
202400037618,2024-07-20,soirée,,,92,92036,1,1,3,4,3,Départementale,50.0,1
202400037619,2024-05-13,matin,,,59,59299,1,2,3,4,7,Autre,50.0,2
202400037620,2024-04-06,nuit,,,32,32268,3,1,5,4,2,Nationale,80.0,1
202400037621,2024-05-14,nuit,,,59,59350,5,1,6,4,4,Voie communale,30.0,1
202400037622,2024-07-20,matin,,,92,92012,1,1,6,4,3,Départementale,50.0,1
202400037623,2024-04-06,soirée,,,63,63138,1,1,6,3,3,Départementale,50.0,1
202400037624,2024-05-13,après-midi,,,59,59350,1,1,6,4,4,Voie communale,50.0,1
202400037625,2024-02-20,matin,,,59,59350,1,1,2,4,7,Autre,30.0,1
202400037626,2024-07-21,matin,,,60,60158,1,1,7,3,4,Voie communale,80.0,1
202400037627,2024-05-13,matin,,,59,59350,1,1,1,4,4,Voie communale,50.0,1
202400037628,2024-04-06,après-midi,,,63,63205,1,1,7,2,3,Départementale,90.0,1
202400037629,2024-02-19,matin,,,59,59350,1,1,3,4,4,Voie communale,50.0,1
202400037630,2024-05-11,après-midi,,,59,59569,1,7,6,4,3,Départementale,80.0,1
202400037631,2024-07-21,nuit,,,34,34248,3,1,1,3,3,Départementale,,1
202400037632,2024-04-06,matin,,,12,12119,1,1,6,4,3,Départementale,90.0,1
202400037633,2024-02-28,soirée,,,59,59183,2,1,1,3,4,Voie communale,50.0,1
202400037634,2024-04-07,après-midi,,,42,42181,1,1,1,3,3,Départementale,80.0,1
202400037635,2024-05-13,matin,,,56,56260,1,2,2,4,4,Voie communale,50.0,2
202400037636,2024-02-27,matin,,,59,59183,1,1,6,4,3,Départementale,50.0,1
202400037637,2024-07-19,soirée,,,974,97415,5,1,3,3,3,Départementale,50.0,1
202400037638,2024-02-23,soirée,,,59,59271,5,2,6,3,6,Autre,20.0,2
202400037639,2024-07-19,soirée,,,62,62078,1,7,3,3,4,Voie communale,50.0,1
202400037640,2024-04-06,après-midi,,,68,68182,1,1,7,3,3,Départementale,80.0,1
202400037641,2024-02-26,après-midi,,,59,59428,1,8,6,3,4,Voie communale,50.0,2
202400037642,2024-07-21,nuit,,,38,38239,3,1,6,2,3,Départementale,90.0,1
202400037643,2024-04-07,après-midi,,,22,22227,1,1,3,3,3,Départementale,,1
202400037644,2024-02-26,soirée,,,59,59122,2,1,3,3,3,Départementale,50.0,1
202400037645,2024-07-19,soirée,,,68,68315,2,1,7,2,3,Départementale,70.0,1
202400037646,2024-02-20,soirée,,,58,58194,2,1,2,4,4,Voie communale,50.0,1
202400037647,2024-05-13,après-midi,,,51,51454,1,1,2,4,4,Voie communale,50.0,1
202400037648,2024-02-23,après-midi,,,56,56260,1,1,1,3,4,Voie communale,50.0,1
202400037649,2024-05-12,matin,,,50,50147,1,1,2,3,4,Voie communale,50.0,1
202400037650,2024-07-20,soirée,,,30,30217,1,1,3,4,3,Départementale,80.0,1
202400037651,2024-04-06,après-midi,,,44,44154,1,1,5,3,3,Départementale,90.0,1
202400037652,2024-02-20,matin,,,56,56260,1,1,6,3,9,Autre,10.0,1
202400037653,2024-05-13,matin,,,45,45004,1,1,2,4,3,Départementale,50.0,1
202400037654,2024-02-24,après-midi,,,56,56107,1,2,7,4,3,Départementale,50.0,2
202400037655,2024-07-20,matin,,,91,91617,1,1,1,4,3,Départementale,,1
202400037656,2024-05-13,nuit,,,44,44109,5,2,2,4,4,Voie communale,30.0,2
202400037657,2024-04-06,soirée,,,02,02374,3,1,6,3,3,Départementale,80.0,1
202400037658,2024-02-16,soirée,,,55,55029,5,2,1,4,2,Nationale,50.0,2
202400037659,2024-07-17,après-midi,,,56,56017,1,1,6,3,4,Voie communale,50.0,1
202400037660,2024-04-19,soirée,,,42,42218,1,1,3,4,4,Voie communale,50.0,1
202400037661,2024-02-27,nuit,,,54,54395,5,1,6,4,7,Autre,70.0,1
202400037662,2024-04-06,après-midi,,,84,84073,1,1,6,4,3,Départementale,80.0,1
202400037663,2024-02-27,matin,,,54,54482,1,1,3,4,4,Voie communale,50.0,1
202400037664,2024-07-19,soirée,,,78,78291,1,1,6,3,3,Départementale,50.0,1
202400037665,2024-04-04,après-midi,,,06,06151,1,1,6,3,7,Autre,90.0,1
202400037666,2024-02-22,soirée,,,54,54395,5,2,6,4,4,Voie communale,30.0,2
202400037667,2024-04-06,soirée,,,06,06150,1,1,1,4,4,Voie communale,20.0,1
202400037668,2024-07-20,soirée,,,76,76297,2,1,7,4,3,Départementale,50.0,1
202400037669,2024-02-22,après-midi,,,54,54547,1,2,2,4,4,Voie communale,50.0,2
202400037670,2024-02-22,après-midi,,,54,54483,1,8,6,4,6,Autre,10.0,2
202400037671,2024-07-21,matin,,,32,32107,1,1,3,3,3,Départementale,50.0,1
202400037672,2024-04-06,nuit,,,16,16085,3,1,2,4,3,Départementale,80.0,1
202400037673,2024-02-26,matin,,,53,53201,1,2,2,4,4,Voie communale,50.0,2
202400037674,2024-07-20,soirée,,,71,71056,1,1,2,4,3,Départementale,50.0,1
202400037675,2024-04-06,après-midi,,,16,16230,1,1,1,3,3,Départementale,90.0,1
202400037676,2024-02-27,matin,,,51,51055,1,2,3,4,4,Voie communale,50.0,2
202400037677,2024-04-06,après-midi,,,07,07335,1,1,7,4,4,Voie communale,50.0,1
202400037678,2024-02-23,après-midi,,,51,51454,1,1,2,4,4,Voie communale,70.0,1
202400037679,2024-07-21,nuit,,,63,63463,3,6,6,4,3,Départementale,80.0,4
202400037680,2024-04-06,matin,,,85,85202,1,1,6,4,3,Départementale,80.0,1
202400037681,2024-02-21,après-midi,,,51,51454,1,1,3,4,4,Voie communale,50.0,1
202400037682,2024-07-20,après-midi,,,61,61043,1,1,6,4,3,Départementale,90.0,1
202400037683,2024-02-20,nuit,,,51,51172,5,1,6,4,4,Voie communale,45.0,1
202400037684,2024-04-07,nuit,,,27,27467,3,1,6,2,4,Voie communale,50.0,1
202400037685,2024-02-20,soirée,,,51,51058,5,1,7,4,4,Voie communale,50.0,1
202400037686,2024-04-06,après-midi,,,17,17091,1,1,7,3,3,Départementale,80.0,1
202400037687,2024-02-21,après-midi,,,50,50129,1,2,3,4,3,Départementale,50.0,2
202400037688,2024-04-06,après-midi,,,87,87117,1,1,7,3,3,Départementale,70.0,1
202400037689,2024-07-20,après-midi,,,42,42081,1,1,5,4,3,Départementale,80.0,1
202400037690,2024-02-20,matin,,,50,50129,2,1,6,4,2,Nationale,50.0,1
202400037691,2024-04-06,soirée,,,30,30046,3,1,6,4,3,Départementale,50.0,1
202400037692,2024-07-21,après-midi,,,42,42217,1,1,1,3,3,Départementale,80.0,1
202400037693,2024-02-17,après-midi,,,50,50129,1,1,3,4,4,Voie communale,30.0,1
202400037694,2024-04-06,après-midi,,,78,78356,1,1,3,4,3,Départementale,50.0,1
202400037695,2024-02-27,soirée,,,49,49328,1,1,6,3,4,Voie communale,50.0,1
202400037696,2024-07-20,soirée,,,86,86213,1,1,3,3,3,Départementale,70.0,1
202400037697,2024-07-20,après-midi,,,68,68235,1,1,6,4,3,Départementale,80.0,1
202400037698,2024-02-26,matin,,,49,49015,1,2,1,4,4,Voie communale,50.0,2
202400037699,2024-04-05,soirée,,,01,01038,1,1,2,4,1,Autoroute,130.0,1
202400037700,2024-02-25,après-midi,,,49,49007,1,2,3,4,3,Départementale,50.0,2
202400037701,2024-07-21,matin,,,44,44216,1,1,3,3,3,Départementale,80.0,2
202400037702,2024-02-25,matin,,,49,49007,3,2,6,4,1,Autoroute,90.0,2
202400037703,2024-04-07,matin,,,01,01213,2,1,2,2,1,Autoroute,130.0,1
202400037704,2024-07-16,soirée,,,29,29188,1,1,2,4,4,Voie communale,50.0,1
202400037705,2024-02-22,matin,,,49,49007,1,2,2,4,4,Voie communale,50.0,2
202400037706,2024-07-21,matin,,,38,38081,2,2,6,4,3,Départementale,80.0,2
202400037707,2024-02-20,matin,,,49,49007,1,1,3,3,4,Voie communale,50.0,1
202400037708,2024-04-07,après-midi,,,33,33284,1,1,2,3,1,Autoroute,130.0,1
202400037709,2024-07-20,après-midi,,,38,38333,1,1,1,3,3,Départementale,80.0,1
202400037710,2024-04-07,matin,,,51,51572,2,1,7,3,1,Autoroute,130.0,1
202400037711,2024-02-20,matin,,,49,49007,5,1,3,4,4,Voie communale,50.0,1
202400037712,2024-07-20,après-midi,,,13,13036,1,1,6,3,3,Départementale,70.0,1
202400037713,2024-02-28,soirée,,,46,46042,5,1,3,4,3,Départementale,50.0,1
202400037714,2024-04-06,après-midi,,,11,11086,1,1,6,4,4,Voie communale,70.0,1
202400037715,2024-07-21,nuit,,,02,02103,5,1,6,3,3,Départementale,50.0,1
202400037716,2024-02-23,après-midi,,,46,46042,1,2,3,4,3,Départementale,50.0,2
202400037717,2024-04-07,matin,,,25,25334,5,1,3,4,4,Voie communale,50.0,1
202400037718,2024-08-26,après-midi,,,75,75118,1,1,2,4,4,Voie communale,70.0,1
202400037719,2024-04-07,nuit,,,977,97701,3,1,3,4,3,Départementale,30.0,1
202400037720,2024-07-21,nuit,,,15,15258,5,3,1,4,2,Nationale,50.0,2
202400037721,2024-08-27,soirée,,,75,75105,1,1,6,4,4,Voie communale,30.0,1
202400037722,2024-07-20,après-midi,,,14,14664,1,1,7,3,3,Départementale,80.0,1
202400037723,2024-04-06,après-midi,,,91,91661,1,1,3,4,3,Départementale,50.0,1
202400037724,2024-07-18,après-midi,,,14,14191,1,1,3,3,3,Départementale,90.0,1
202400037725,2024-04-07,matin,,,66,66210,3,1,6,4,3,Départementale,80.0,1
202400037726,2024-08-27,soirée,,,75,75105,1,1,3,4,4,Voie communale,30.0,1
202400037727,2024-04-07,nuit,,,11,11361,3,1,6,4,3,Départementale,80.0,1
202400037728,2024-08-27,matin,,,75,75120,1,1,6,4,4,Voie communale,30.0,1
202400037729,2024-04-07,matin,,,05,05063,1,1,6,4,3,Départementale,90.0,1
202400037730,2024-07-21,nuit,,,05,05171,4,1,3,3,3,Départementale,80.0,1
202400037731,2024-08-27,après-midi,,,75,75119,1,1,3,4,4,Voie communale,30.0,1
202400037732,2024-04-07,après-midi,,,68,68247,1,1,1,3,3,Départementale,80.0,1
202400037733,2024-07-21,après-midi,,,83,83028,1,2,3,4,3,Départementale,50.0,2
202400037734,2024-08-27,soirée,,,75,75116,1,1,2,4,4,Voie communale,50.0,1
202400037735,2024-07-20,matin,,,09,09329,3,1,1,4,3,Départementale,80.0,1
202400037736,2024-03-28,soirée,,,03,03085,1,1,7,3,3,Départementale,90.0,1
202400037737,2024-08-27,matin,,,75,75117,1,1,3,4,4,Voie communale,30.0,1
202400037738,2024-07-21,matin,,,09,09139,1,1,3,4,2,Nationale,80.0,2
202400037739,2024-04-07,après-midi,,,38,38487,1,6,3,4,3,Départementale,80.0,1
202400037740,2024-07-20,après-midi,,,64,64256,1,1,6,3,4,Voie communale,50.0,1
202400037741,2024-08-27,soirée,,,75,75117,1,1,3,4,4,Voie communale,50.0,1
202400037742,2024-04-07,après-midi,,,38,38205,1,1,7,3,3,Départementale,80.0,8
202400037743,2024-07-21,après-midi,,,73,73151,1,1,6,3,4,Voie communale,50.0,1
202400037744,2024-04-06,matin,,,26,26320,1,1,7,3,3,Départementale,70.0,1
202400037745,2024-07-21,nuit,,,18,18170,3,3,7,4,3,Départementale,80.0,2
202400037746,2024-08-26,après-midi,,,75,75116,1,1,4,4,4,Voie communale,50.0,1
202400037747,2024-04-07,nuit,,,17,17146,4,2,6,2,3,Départementale,50.0,2
202400037748,2024-07-20,soirée,,,10,10254,1,1,7,4,3,Départementale,90.0,1
202400037749,2024-08-26,matin,,,75,75116,1,1,6,4,4,Voie communale,30.0,1
202400037750,2024-07-20,nuit,,,10,10262,5,3,1,3,4,Voie communale,50.0,2
202400037751,2024-08-25,soirée,,,75,75116,5,1,3,4,4,Voie communale,50.0,1
202400037752,2024-04-06,soirée,,,57,57588,1,1,1,3,4,Voie communale,,1
202400037753,2024-07-20,après-midi,,,53,53218,1,1,6,3,3,Départementale,80.0,1
202400037754,2024-08-26,après-midi,,,75,75115,1,1,2,4,4,Voie communale,30.0,1
202400037755,2024-07-19,matin,,,17,17003,1,1,6,4,3,Départementale,30.0,1
202400037756,2024-04-05,après-midi,,,13,13211,1,1,4,4,1,Autoroute,90.0,1
202400037757,2024-07-20,après-midi,,,37,37018,1,1,1,3,3,Départementale,50.0,1
202400037758,2024-08-27,après-midi,,,75,75111,1,1,3,4,4,Voie communale,30.0,1
202400037759,2024-04-05,matin,,,13,13213,1,1,3,4,1,Autoroute,70.0,1
202400037760,2024-04-06,nuit,,,69,69297,5,1,6,4,1,Autoroute,90.0,1
202400037761,2024-07-19,après-midi,,,30,30109,1,1,3,4,3,Départementale,80.0,1
202400037762,2024-08-27,après-midi,,,75,75111,1,1,6,3,4,Voie communale,30.0,1
202400037763,2024-04-06,soirée,,,91,91570,1,1,7,4,2,Nationale,110.0,1
202400037764,2024-08-27,après-midi,,,75,75111,1,1,6,4,4,Voie communale,30.0,1
202400037765,2024-04-06,après-midi,,,94,94043,1,1,4,4,1,Autoroute,70.0,1
202400037766,2024-07-20,après-midi,,,88,88373,1,7,6,3,3,Départementale,80.0,1
202400037767,2024-04-06,après-midi,,,94,94065,1,1,2,4,2,Nationale,90.0,1
202400037768,2024-08-26,nuit,,,75,75110,5,1,6,3,4,Voie communale,30.0,1
202400037769,2024-07-20,soirée,,,974,97418,3,1,1,3,9,Autre,,1
202400037770,2024-04-06,matin,,,94,94076,2,1,3,4,1,Autoroute,90.0,1
202400037771,2024-08-27,soirée,,,75,75108,1,1,3,4,4,Voie communale,30.0,1
202400037772,2024-04-05,soirée,,,92,92019,1,1,3,4,2,Nationale,110.0,1
202400037773,2024-07-20,matin,,,77,77095,1,1,3,3,4,Voie communale,,1
202400037774,2024-04-06,matin,,,92,92050,1,1,7,4,1,Autoroute,70.0,1
202400037775,2024-04-06,matin,,,92,92063,1,1,6,4,1,Autoroute,70.0,1
202400037776,2024-08-27,après-midi,,,75,75108,1,1,3,4,4,Voie communale,30.0,1
202400037777,2024-07-20,après-midi,,,30,30153,1,1,4,4,3,Départementale,80.0,1
202400037778,2024-04-05,soirée,,,78,78133,1,2,2,4,1,Autoroute,110.0,2
202400037779,2024-08-26,matin,,,94,94081,1,1,6,4,3,Départementale,50.0,1
202400037780,2024-04-05,après-midi,,,78,78126,1,1,7,2,1,Autoroute,110.0,1
202400037781,2024-08-27,matin,,,94,94028,1,1,6,4,3,Départementale,50.0,1
202400037782,2024-07-21,matin,,,04,04039,1,1,2,3,3,Départementale,70.0,1
202400037783,2024-08-26,nuit,,,94,94028,5,1,6,3,3,Départementale,50.0,1
202400037784,2024-04-05,après-midi,,,92,92047,1,2,4,4,1,Autoroute,70.0,2
202400037785,2024-07-21,après-midi,,,21,21390,1,1,6,3,7,Autre,50.0,1
202400037786,2024-04-06,soirée,,,95,95277,2,1,7,4,1,Autoroute,90.0,1
202400037787,2024-08-26,soirée,,,94,94028,1,1,2,4,4,Voie communale,50.0,1
202400037788,2024-07-21,après-midi,,,01,01249,1,1,3,4,4,Voie communale,30.0,1
202400037789,2024-04-06,soirée,,,93,93013,1,1,3,4,1,Autoroute,90.0,1
202400037790,2024-07-20,soirée,,,33,33165,2,1,6,2,3,Départementale,70.0,1
202400037791,2024-04-06,après-midi,,,93,93010,1,1,7,4,1,Autoroute,110.0,1
202400037792,2024-08-25,nuit,,,94,94028,5,1,3,3,4,Voie communale,,1
202400037793,2024-04-05,soirée,,,95,95572,3,1,2,4,1,Autoroute,110.0,2
202400037794,2024-07-20,après-midi,,,22,22168,1,3,3,4,4,Voie communale,,2
202400037795,2024-08-26,matin,,,94,94059,1,1,3,4,4,Voie communale,50.0,1
202400037796,2024-07-19,soirée,,,35,35012,1,1,6,3,4,Voie communale,50.0,1
202400037797,2024-04-05,matin,,,93,93005,1,1,4,4,1,Autoroute,90.0,1
202400037798,2024-07-15,nuit,,,76,76551,2,1,6,4,3,Départementale,80.0,1
202400037799,2024-04-06,après-midi,,,93,93051,1,1,6,4,1,Autoroute,110.0,1
202400037800,2024-08-27,après-midi,,,94,94071,1,1,2,4,3,Départementale,50.0,1
202400037801,2024-01-19,matin,,,32,32013,1,1,2,4,4,Voie communale,30.0,1
202400037802,2024-07-19,matin,,,62,62014,1,1,6,4,3,Départementale,30.0,1
202400037803,2024-04-05,matin,,,976,97611,1,1,3,4,3,Départementale,70.0,1
202400037804,2024-08-27,nuit,,,93,93029,5,1,6,4,4,Voie communale,50.0,1
202400037805,2024-07-19,matin,,,62,62064,1,1,3,4,4,Voie communale,80.0,1
202400037806,2024-04-05,matin,,,974,97416,1,1,5,4,4,Voie communale,50.0,1
202400037807,2024-08-27,nuit,,,93,93010,5,1,6,4,3,Départementale,50.0,1
202400037808,2024-07-21,nuit,,,59,59612,3,1,1,3,3,Départementale,80.0,1
202400037809,2024-04-05,matin,,,974,97416,2,1,3,4,4,Voie communale,50.0,1
202400037810,2024-08-26,soirée,,,93,93027,5,1,3,4,3,Départementale,50.0,1
202400037811,2024-04-05,soirée,,,974,97411,1,1,3,4,2,Nationale,50.0,1
202400037812,2024-07-19,après-midi,,,13,13212,1,1,2,4,1,Autoroute,70.0,1
202400037813,2024-04-05,après-midi,,,973,97302,2,1,7,4,4,Voie communale,50.0,1
202400037814,2024-08-26,matin,,,92,92050,1,1,3,4,4,Voie communale,50.0,1
202400037815,2024-04-05,après-midi,,,973,97302,1,1,1,4,4,Voie communale,50.0,1
202400037816,2024-08-27,nuit,,,92,92044,5,1,7,4,4,Voie communale,30.0,1
202400037817,2024-07-20,après-midi,,,33,33192,1,1,4,4,1,Autoroute,90.0,1
202400037818,2024-04-04,soirée,,,972,97213,3,1,4,4,3,Départementale,70.0,1
202400037819,2024-04-05,matin,,,972,97209,1,1,6,3,2,Nationale,50.0,1
202400037820,2024-07-20,après-midi,,,91,91477,1,1,2,4,1,Autoroute,90.0,1
202400037821,2024-04-04,soirée,,,972,97209,5,1,7,4,1,Autoroute,90.0,1
202400037822,2024-08-26,matin,,,94,94003,1,1,2,4,3,Départementale,50.0,1
202400037823,2024-04-05,soirée,,,69,69385,2,1,3,4,4,Voie communale,30.0,1
202400037824,2024-08-27,après-midi,,,78,78356,1,1,2,3,3,Départementale,,1
202400037825,2024-04-05,après-midi,,,69,69149,1,1,6,4,4,Voie communale,30.0,1
202400037826,2024-07-19,après-midi,,,94,94004,1,1,4,4,2,Nationale,90.0,1
202400037827,2024-04-05,après-midi,,,69,69034,1,1,6,4,4,Voie communale,50.0,1
202400037828,2024-08-27,soirée,,,09,09268,1,1,3,3,4,Voie communale,50.0,1
202400037829,2024-03-17,soirée,,,69,69266,2,2,6,4,4,Voie communale,30.0,2
202400037830,2024-04-04,après-midi,,,971,97101,1,1,2,4,2,Nationale,90.0,1
202400037831,2024-07-19,après-midi,,,974,97416,1,1,1,4,3,Départementale,50.0,1
202400037832,2024-08-28,matin,,,33,33002,1,7,1,4,3,Départementale,80.0,1
202400037833,2024-04-06,nuit,,,2A,2A004,5,1,6,4,2,Nationale,90.0,1