Num_Acc,date,time_of_day,lat,long,dep,com,lum,atm,col,severity_index,catr,catr_label,vma,surf
202400037834,2024-07-19,matin,,,974,97411,1,1,6,4,4,Voie communale,50.0,1
202400037835,2024-04-05,soirée,,,95,95539,1,2,5,4,3,Départementale,70.0,2
202400037836,2024-08-22,après-midi,,,68,68023,1,1,3,3,4,Voie communale,80.0,1
202400037837,2024-04-05,après-midi,,,95,95607,1,1,3,4,4,Voie communale,30.0,1
202400037838,2024-07-19,matin,,,974,97411,1,1,6,4,4,Voie communale,50.0,1
202400037839,2024-04-04,après-midi,,,95,95203,1,1,2,4,3,Départementale,50.0,1
202400037840,2024-08-27,soirée,,,85,85223,5,1,3,3,4,Voie communale,50.0,1
202400037841,2024-07-18,après-midi,,,974,97407,1,1,3,4,4,Voie communale,50.0,1
202400037842,2024-04-05,matin,,,91,91377,5,1,2,4,3,Départementale,50.0,1
202400037843,2024-08-26,soirée,,,62,62451,1,1,1,4,4,Voie communale,30.0,9
202400037844,2024-04-05,après-midi,,,91,91687,1,1,3,4,3,Départementale,50.0,1
202400037845,2024-07-19,après-midi,,,973,97302,1,1,3,4,4,Voie communale,50.0,1
202400037846,2024-08-28,nuit,,,34,34090,4,1,7,4,4,Voie communale,30.0,1
202400037847,2024-04-05,après-midi,,,90,90010,1,1,3,4,4,Voie communale,50.0,1
202400037848,2024-07-19,soirée,,,69,69383,1,1,3,4,4,Voie communale,30.0,1
202400037849,2024-08-22,après-midi,,,67,67486,1,1,3,3,3,Départementale,,1
202400037850,2024-07-19,après-midi,,,69,69388,1,1,6,4,4,Voie communale,30.0,1
202400037851,2024-08-27,matin,,,81,81201,1,1,6,3,3,Départementale,90.0,1
202400037852,2024-04-05,après-midi,,,89,89127,1,1,2,4,3,Départementale,90.0,1
202400037853,2024-08-27,matin,,,11,11206,2,7,6,3,3,Départementale,50.0,1
202400037854,2024-07-19,soirée,,,69,69389,1,1,3,3,4,Voie communale,30.0,1
202400037855,2024-08-28,après-midi,,,61,61462,1,1,3,3,3,Départementale,50.0,1
202400037856,2024-07-19,après-midi,,,69,69152,1,1,3,4,7,Autre,50.0,1
202400037857,2024-08-25,soirée,,,12,12270,2,1,2,4,3,Départementale,80.0,1
202400037858,2024-07-19,matin,,,69,69389,1,1,3,3,4,Voie communale,30.0,1
202400037859,2024-08-27,après-midi,,,44,44175,1,1,3,3,3,Départementale,50.0,1
202400037860,2024-07-19,soirée,,,2B,2B033,1,1,3,4,3,Départementale,50.0,1
202400037861,2024-08-28,nuit,,,03,03208,3,1,6,3,3,Départementale,90.0,1
202400037862,2024-07-19,après-midi,,,971,97107,1,1,3,3,3,Départementale,50.0,1
202400037863,2024-08-27,après-midi,,,01,01145,1,1,1,4,3,Départementale,80.0,1
202400037864,2024-07-19,après-midi,,,2A,2A004,1,1,3,4,3,Départementale,50.0,1
202400037865,2024-08-01,soirée,,,72,72071,1,1,6,4,3,Départementale,30.0,1
202400037866,2024-08-27,après-midi,,,72,72300,1,7,3,4,3,Départementale,90.0,1
202400037867,2024-07-19,matin,,,95,95476,1,1,4,2,2,Nationale,110.0,1
202400037868,2024-07-18,soirée,,,91,91549,1,1,3,2,3,Départementale,50.0,1
202400037869,2024-07-19,soirée,,,91,91471,1,1,6,4,3,Départementale,50.0,1
202400037870,2024-08-28,matin,,,60,60560,1,1,3,4,3,Départementale,80.0,1
202400037871,2024-07-18,matin,,,89,89387,1,1,3,4,4,Voie communale,50.0,1
202400037872,2024-08-26,après-midi,,,73,73010,1,1,3,3,3,Départementale,50.0,1
202400037873,2024-08-28,après-midi,,,18,18141,1,1,7,3,4,Voie communale,50.0,1
202400037874,2024-07-14,après-midi,,,89,89387,1,2,3,4,4,Voie communale,50.0,2
202400037875,2024-08-28,nuit,,,36,36171,3,1,6,4,4,Voie communale,50.0,1
202400037876,2024-08-28,matin,,,07,07294,1,1,7,3,3,Départementale,90.0,1
202400037877,2024-07-18,soirée,,,88,88160,1,1,3,4,4,Voie communale,50.0,1
202400037878,2024-08-27,nuit,,,24,24396,5,1,6,2,3,Départementale,50.0,1
202400037879,2024-07-18,soirée,,,88,88160,1,7,3,3,4,Voie communale,30.0,1
202400037880,2024-08-28,après-midi,,,85,85288,1,1,5,3,3,Départementale,80.0,1
202400037881,2024-07-18,après-midi,,,87,87085,1,1,6,3,4,Voie communale,50.0,1
202400037882,2024-08-28,matin,,,30,30284,1,1,3,3,2,Nationale,30.0,1
202400037883,2024-07-18,soirée,,,86,86066,2,1,3,4,4,Voie communale,50.0,1
202400037884,2024-08-26,nuit,,,89,89339,3,1,7,3,1,Autoroute,130.0,1
202400037885,2024-07-18,nuit,,,86,86066,5,1,5,4,3,Départementale,50.0,1
202400037886,2024-07-19,matin,,,83,83144,1,1,3,3,4,Voie communale,50.0,1
202400037887,2024-07-18,après-midi,,,83,83123,1,1,6,3,3,Départementale,30.0,2
202400037888,2024-08-28,après-midi,,,11,11262,1,1,1,3,3,Départementale,80.0,1
202400037889,2024-07-19,matin,,,83,83069,1,1,3,4,3,Départementale,50.0,1
202400037890,2024-08-28,après-midi,,,11,11262,1,1,6,3,4,Voie communale,50.0,1
202400037891,2024-07-19,matin,,,83,83050,1,1,6,3,4,Voie communale,50.0,1
202400037892,2024-08-28,nuit,,,77,77257,3,1,6,4,3,Départementale,50.0,1
202400037893,2024-07-19,soirée,,,80,80021,1,1,2,4,4,Voie communale,50.0,1
202400037894,2024-08-28,après-midi,,,77,77473,1,1,1,4,3,Départementale,,1
202400037895,2024-08-27,après-midi,,,13,13097,1,1,7,3,3,Départementale,80.0,1
202400037896,2024-07-19,soirée,,,78,78440,1,1,6,4,4,Voie communale,50.0,1
202400037897,2024-08-28,matin,,,38,38344,1,1,6,3,2,Nationale,80.0,1
202400037898,2024-08-25,après-midi,,,38,38562,1,1,3,4,2,Nationale,80.0,1
202400037899,2024-07-19,soirée,,,77,77394,1,1,1,4,3,Départementale,70.0,1
202400037900,2024-08-27,après-midi,,,19,19207,1,1,6,4,3,Départementale,90.0,1
202400037901,2024-07-18,soirée,,,77,77122,1,1,2,4,3,Départementale,80.0,1
202400037902,2024-08-27,soirée,,,14,14488,1,1,3,4,4,Voie communale,50.0,1
202400037903,2024-07-19,nuit,,,76,76231,5,1,3,4,4,Voie communale,50.0,1
202400037904,2024-08-26,après-midi,,,56,56007,1,1,3,3,4,Voie communale,30.0,1
202400037905,2024-08-27,après-midi,,,22,22198,1,1,7,3,3,Départementale,,1
202400037906,2024-07-19,nuit,,,76,76351,5,1,2,4,4,Voie communale,,1
202400037907,2024-08-26,soirée,,,60,60042,1,1,6,3,4,Voie communale,50.0,1
202400037908,2024-08-23,après-midi,,,59,59256,1,1,7,4,7,Autre,50.0,1
202400037909,2024-07-16,après-midi,,,73,73065,1,1,4,4,2,Nationale,90.0,1
202400037910,2024-07-17,après-midi,,,71,71105,1,7,3,4,3,Départementale,50.0,1
202400037911,2024-08-27,après-midi,,,13,13212,1,1,4,4,1,Autoroute,70.0,1
202400037912,2024-07-19,après-midi,,,71,71076,1,7,6,3,3,Départementale,50.0,1
202400037913,2024-08-27,matin,,,13,13211,1,1,2,4,1,Autoroute,70.0,1
202400037914,2024-07-19,après-midi,,,68,68224,1,1,3,4,4,Voie communale,50.0,1
202400037915,2024-08-26,après-midi,,,13,13215,1,1,2,4,1,Autoroute,70.0,1
202400037916,2024-07-19,soirée,,,67,67482,5,1,6,4,4,Voie communale,50.0,1
202400037917,2024-07-19,soirée,,,64,64445,2,1,7,3,4,Voie communale,50.0,1
202400037918,2024-08-26,après-midi,,,13,13212,1,1,2,4,1,Autoroute,70.0,1
202400037919,2024-07-19,matin,,,64,64335,1,1,3,4,4,Voie communale,50.0,1
202400037920,2024-08-27,après-midi,,,83,83144,1,1,3,4,1,Autoroute,70.0,1
202400037921,2024-07-18,après-midi,,,64,64024,1,1,3,4,4,Voie communale,50.0,1
202400037922,2024-08-25,nuit,,,33,33063,5,1,2,4,1,Autoroute,70.0,1
202400037923,2024-07-17,nuit,,,64,64024,5,1,3,4,4,Voie communale,30.0,1
202400037924,2024-08-26,soirée,,,91,91377,1,1,5,4,1,Autoroute,110.0,1
202400037925,2024-07-16,après-midi,,,62,62498,1,1,6,4,4,Voie communale,30.0,1
202400037926,2024-07-12,après-midi,,,62,62033,1,1,6,3,3,Départementale,50.0,1
202400037927,2024-08-26,soirée,,,91,91689,2,1,2,4,1,Autoroute,110.0,1
202400037928,2024-07-19,soirée,,,59,59328,1,1,2,4,4,Voie communale,30.0,1
202400037929,2024-08-27,après-midi,,,92,92025,1,1,2,4,1,Autoroute,70.0,1
202400037930,2024-07-18,soirée,,,56,56121,1,1,6,4,4,Voie communale,30.0,1
202400037931,2024-08-27,après-midi,,,95,95678,1,1,4,4,2,Nationale,90.0,1
202400037932,2024-07-18,soirée,,,54,54184,1,1,6,4,6,Autre,20.0,1
202400037933,2024-08-26,soirée,,,93,93064,2,1,3,4,1,Autoroute,90.0,1
202400037934,2024-08-26,soirée,,,93,93053,1,1,2,3,1,Autoroute,90.0,1
202400037935,2024-07-19,nuit,,,51,51055,5,1,7,4,4,Voie communale,50.0,1
202400037936,2024-08-26,après-midi,,,95,95277,1,1,6,4,1,Autoroute,90.0,1
202400037937,2024-07-19,après-midi,,,51,51454,1,1,3,4,4,Voie communale,30.0,1
202400037938,2024-08-26,matin,,,92,92036,1,1,2,4,1,Autoroute,90.0,1
202400037939,2024-07-18,soirée,,,51,51454,1,1,3,4,4,Voie communale,50.0,1
202400037940,2024-08-25,nuit,,,93,93027,3,1,6,4,1,Autoroute,50.0,1
202400037941,2024-07-19,après-midi,,,51,51230,1,1,3,4,3,Départementale,,1
202400037942,2024-08-25,nuit,,,93,93013,3,1,3,3,1,Autoroute,90.0,1
202400037943,2024-08-27,après-midi,,,93,93051,1,1,3,4,1,Autoroute,90.0,1
202400037944,2024-07-19,après-midi,,,51,51230,1,1,3,4,4,Voie communale,50.0,1
202400037945,2024-08-26,matin,,,94,94052,1,1,2,4,1,Autoroute,90.0,1
202400037946,2024-07-19,nuit,,,50,50129,5,1,3,3,4,Voie communale,50.0,1
202400037947,2024-07-17,après-midi,,,49,49099,1,1,7,3,4,Voie communale,70.0,1
202400037948,2024-05-28,matin,,,84,84143,1,1,3,4,3,Départementale,50.0,1
202400037949,2024-07-19,après-midi,,,49,49007,1,1,3,3,4,Voie communale,50.0,1
202400037950,2024-05-26,matin,,,84,84105,1,1,2,3,3,Départementale,80.0,1
202400037951,2024-04-20,après-midi,,,19,19031,1,1,4,4,4,Voie communale,20.0,1
202400037952,2024-07-16,nuit,,,48,48095,5,1,6,2,3,Départementale,50.0,1
202400037953,2024-04-11,soirée,,,19,19031,1,1,6,3,4,Voie communale,30.0,1
202400037954,2024-07-18,soirée,,,47,47323,1,1,1,4,3,Départementale,50.0,1
202400037955,2024-06-15,après-midi,,,57,57650,1,1,6,3,3,Départementale,50.0,1
202400037956,2024-07-19,après-midi,,,45,45234,1,1,3,4,4,Voie communale,50.0,1
202400037957,2024-06-12,nuit,,,57,57215,1,1,1,4,3,Départementale,80.0,1
202400037958,2024-07-19,matin,,,45,45004,1,1,6,4,3,Départementale,110.0,1
202400037959,2024-06-27,après-midi,,,57,57180,1,1,6,3,3,Départementale,50.0,1
202400037960,2024-06-11,matin,,,57,57179,1,7,6,4,3,Départementale,50.0,1
202400037961,2024-07-19,nuit,,,44,44055,3,1,6,4,4,Voie communale,50.0,1
202400037962,2024-06-10,matin,,,57,57465,1,1,6,4,3,Départementale,,1
202400037963,2024-07-19,après-midi,,,35,35238,1,1,3,4,4,Voie communale,30.0,1
202400037964,2024-08-26,après-midi,,,976,97611,1,1,3,4,4,Voie communale,50.0,1
202400037965,2024-07-19,matin,,,35,35238,1,1,6,3,4,Voie communale,30.0,1
202400037966,2024-08-26,après-midi,,,69,69388,1,1,4,4,4,Voie communale,50.0,1
202400037967,2024-08-26,matin,,,69,69389,1,1,3,4,7,Autre,50.0,1
202400037968,2024-07-19,après-midi,,,33,33281,1,1,3,4,4,Voie communale,50.0,1
202400037969,2024-08-26,après-midi,,,2B,2B037,1,1,2,4,2,Nationale,70.0,1
202400037970,2024-07-18,après-midi,,,32,32013,1,1,6,4,3,Départementale,80.0,1
202400037971,2024-07-19,matin,,,29,29039,1,1,6,4,4,Voie communale,30.0,1
202400037972,2024-08-25,soirée,,,971,97105,3,1,1,4,4,Voie communale,50.0,1
202400037973,2024-07-18,soirée,,,29,29019,1,1,3,4,4,Voie communale,50.0,1
202400037974,2024-08-26,après-midi,,,91,91657,1,1,3,4,4,Voie communale,50.0,1
202400037975,2024-07-18,après-midi,,,29,29019,1,1,6,4,4,Voie communale,30.0,1
202400037976,2024-08-21,soirée,,,87,87085,5,1,7,4,4,Voie communale,50.0,1
202400037977,2024-08-23,nuit,,,87,87085,5,1,6,4,4,Voie communale,30.0,1
202400037978,2024-07-19,après-midi,,,19,19031,1,1,3,4,4,Voie communale,50.0,1
202400037979,2024-08-24,nuit,,,87,87050,5,1,3,4,3,Départementale,50.0,1
202400037980,2024-07-20,nuit,,,18,18279,5,1,7,4,4,Voie communale,50.0,1
202400037981,2024-08-23,après-midi,,,85,85194,1,1,6,4,4,Voie communale,50.0,1
202400037982,2024-07-19,soirée,,,17,17415,1,1,2,4,2,Nationale,110.0,1
202400037983,2024-08-26,matin,,,83,83062,1,1,6,3,4,Voie communale,50.0,1
202400037984,2024-07-17,soirée,,,16,16271,1,1,1,3,3,Départementale,50.0,1
202400037985,2024-08-24,après-midi,,,83,83061,1,1,1,4,3,Départementale,50.0,1
202400037986,2024-07-18,matin,,,15,15014,1,1,7,4,4,Voie communale,50.0,1
202400037987,2024-08-26,après-midi,,,78,78490,1,1,1,4,3,Départementale,50.0,1
202400037988,2024-07-19,soirée,,,13,13071,1,1,1,4,9,Autre,30.0,1
202400037989,2024-05-25,nuit,,,13,13039,2,1,2,4,2,Nationale,50.0,1
202400037990,2024-08-26,soirée,,,77,77350,1,1,3,4,4,Voie communale,50.0,1
202400037991,2024-07-19,nuit,,,13,13216,5,1,6,3,4,Voie communale,50.0,1
202400037992,2024-08-26,après-midi,,,77,77243,1,1,3,4,3,Départementale,30.0,1
202400037993,2024-08-25,soirée,,,73,73065,1,1,6,3,4,Voie communale,30.0,1
202400037994,2024-08-26,nuit,,,72,72181,5,1,6,4,4,Voie communale,50.0,1
202400037995,2024-08-25,après-midi,,,72,72181,1,1,6,4,4,Voie communale,50.0,1
202400037996,2024-09-30,soirée,,,11,11069,1,1,6,4,4,Voie communale,50.0,1
202400037997,2024-08-25,matin,,,72,72181,1,2,7,4,3,Départementale,90.0,2
202400037998,2024-07-19,soirée,,,13,13028,1,1,3,4,4,Voie communale,50.0,1
202400037999,2024-08-26,après-midi,,,69,69290,1,1,4,4,4,Voie communale,50.0,1
202400038000,2024-07-18,après-midi,,,10,10343,1,7,6,3,4,Voie communale,50.0,1
202400038001,2024-09-30,après-midi,,,11,11069,1,1,3,4,3,Départementale,50.0,1
202400038002,2024-08-19,après-midi,,,68,68066,1,1,3,3,4,Voie communale,50.0,1
202400038003,2024-10-01,après-midi,,,09,09225,1,1,1,4,4,Voie communale,50.0,1
202400038004,2024-07-18,après-midi,,,10,10387,1,1,3,4,4,Voie communale,50.0,1
202400038005,2024-08-25,nuit,,,67,67447,5,1,3,4,7,Autre,30.0,1
202400038006,2024-08-26,matin,,,66,66136,1,1,6,4,4,Voie communale,15.0,1
202400038007,2024-09-30,après-midi,,,07,07102,1,1,3,4,4,Voie communale,50.0,1
202400038008,2024-07-18,après-midi,,,06,06088,1,1,1,4,7,Autre,50.0,1
202400038009,2024-08-26,matin,,,64,64129,1,1,1,4,4,Voie communale,50.0,1
202400038010,2024-08-26,nuit,,,64,64129,5,1,6,4,3,Départementale,50.0,2
202400038011,2024-08-26,soirée,,,64,64102,1,1,3,4,4,Voie communale,30.0,1
202400038012,2024-07-19,soirée,,,75,75116,1,1,6,4,4,Voie communale,70.0,1
202400038013,2024-08-26,soirée,,,62,62193,1,1,6,4,4,Voie communale,50.0,1
202400038014,2024-10-01,soirée,,,06,06027,2,1,3,3,7,Autre,70.0,1
202400038015,2024-08-25,soirée,,,60,60665,1,1,6,4,3,Départementale,50.0,1
202400038016,2024-07-19,matin,,,75,75118,1,1,7,4,4,Voie communale,50.0,1
202400038017,2024-08-26,nuit,,,59,59646,5,1,3,4,7,Autre,50.0,1
202400038018,2024-10-01,soirée,,,06,06027,1,1,6,4,7,Autre,50.0,1
202400038019,2024-07-18,nuit,,,75,75120,5,1,2,4,4,Voie communale,70.0,1
202400038020,2024-08-26,nuit,,,59,59183,5,1,6,3,4,Voie communale,50.0,1
202400038021,2024-09-30,après-midi,,,06,06123,1,1,3,3,7,Autre,50.0,1
202400038022,2024-07-18,après-midi,,,75,75112,1,1,2,4,4,Voie communale,70.0,1
202400038023,2024-10-01,après-midi,,,75,75119,1,1,2,4,4,Voie communale,50.0,1
202400038024,2024-08-26,soirée,,,56,56260,5,1,3,4,4,Voie communale,20.0,1
202400038025,2024-07-18,après-midi,,,75,75115,1,1,4,4,4,Voie communale,70.0,1
202400038026,2024-09-30,soirée,,,75,75118,5,1,5,4,4,Voie communale,70.0,2
202400038027,2024-07-19,après-midi,,,75,75119,1,1,2,3,4,Voie communale,70.0,1
202400038028,2024-08-25,soirée,,,54,54357,1,1,3,4,7,Autre,50.0,1
202400038029,2024-07-19,nuit,,,75,75118,5,1,3,4,4,Voie communale,30.0,1
202400038030,2024-10-01,soirée,,,75,75106,5,1,3,4,4,Voie communale,,1
202400038031,2024-08-25,matin,,,51,51454,1,1,3,4,4,Voie communale,50.0,1
202400038032,2024-09-30,nuit,,,75,75120,5,1,1,3,4,Voie communale,25.0,1
202400038033,2024-07-19,après-midi,,,75,75117,1,1,1,4,4,Voie communale,30.0,1
202400038034,2024-10-01,matin,,,75,75117,1,1,3,4,4,Voie communale,30.0,1
202400038035,2024-08-23,après-midi,,,49,49099,1,1,7,3,3,Départementale,70.0,1
202400038036,2024-07-17,soirée,,,75,75114,1,1,3,4,4,Voie communale,30.0,1
202400038037,2024-10-01,soirée,,,75,75116,1,1,3,4,4,Voie communale,30.0,1
202400038038,2024-08-26,nuit,,,44,44162,3,1,2,4,2,Nationale,70.0,1
202400038039,2024-07-19,soirée,,,75,75112,1,1,3,4,4,Voie communale,30.0,1
202400038040,2024-10-01,soirée,,,75,75110,2,1,3,4,4,Voie communale,30.0,1
202400038041,2024-09-30,soirée,,,75,75108,1,2,7,4,4,Voie communale,30.0,2
202400038042,2024-07-19,après-midi,,,75,75109,1,1,2,4,4,Voie communale,30.0,1
202400038043,2024-08-25,soirée,,,44,44109,1,1,5,4,4,Voie communale,50.0,1
202400038044,2024-10-01,soirée,,,94,94074,1,1,6,4,9,Autre,30.0,1
202400038045,2024-07-19,après-midi,,,75,75108,1,1,6,4,4,Voie communale,30.0,1
202400038046,2024-10-01,après-midi,,,94,94033,1,1,6,4,3,Départementale,50.0,1
202400038047,2024-07-19,matin,,,94,94081,1,1,3,4,4,Voie communale,50.0,1
202400038048,2024-08-24,soirée,,,41,41018,1,1,3,3,4,Voie communale,30.0,1
202400038049,2024-09-30,matin,,,94,94015,1,2,7,4,3,Départementale,50.0,2
202400038050,2024-07-19,après-midi,,,94,94074,1,9,6,2,3,Départementale,50.0,9
202400038051,2024-10-01,après-midi,,,93,93046,1,1,6,4,4,Voie communale,50.0,1
202400038052,2024-07-18,matin,,,94,94068,1,1,3,4,4,Voie communale,30.0,1
202400038053,2024-08-26,après-midi,,,37,37233,1,1,3,4,4,Voie communale,50.0,1
202400038054,2024-09-30,après-midi,,,93,93047,1,1,6,4,4,Voie communale,50.0,1
202400038055,2024-07-19,après-midi,,,94,94046,1,1,3,4,4,Voie communale,50.0,1
202400038056,2024-10-01,après-midi,,,93,93057,1,1,3,4,3,Départementale,50.0,1
202400038057,2024-08-26,soirée,,,33,33318,1,1,3,3,4,Voie communale,50.0,1
202400038058,2024-10-01,matin,,,93,93010,1,1,3,4,4,Voie communale,30.0,1
202400038059,2024-07-19,soirée,,,94,94076,1,1,3,4,3,Départementale,50.0,1
202400038060,2024-08-26,matin,,,33,33281,1,1,3,4,4,Voie communale,50.0,1
202400038061,2024-10-01,matin,,,93,93008,1,1,6,3,4,Voie communale,30.0,1
202400038062,2024-07-19,matin,,,94,94021,1,1,3,4,5,Autre,40.0,1
202400038063,2024-10-01,soirée,,,93,93005,5,1,6,4,4,Voie communale,30.0,1
202400038064,2024-08-26,soirée,,,30,30007,1,1,3,4,4,Voie communale,50.0,1
202400038065,2024-07-19,soirée,,,94,94033,1,1,3,4,4,Voie communale,50.0,1
202400038066,2024-10-01,matin,,,92,92073,1,1,3,4,3,Départementale,50.0,1
202400038067,2024-08-25,matin,,,29,29019,1,1,3,2,4,Voie communale,30.0,1
202400038068,2024-07-19,après-midi,,,94,94028,1,1,2,4,3,Départementale,50.0,1
202400038069,2024-10-01,matin,,,92,92063,1,1,3,4,3,Départementale,50.0,1
202400038070,2024-08-25,soirée,,,19,19031,1,1,3,4,4,Voie communale,50.0,1
202400038071,2024-07-18,après-midi,,,94,94011,1,1,2,4,4,Voie communale,50.0,1
202400038072,2024-09-23,matin,,,92,92051,1,2,6,4,4,Voie communale,30.0,2
202400038073,2024-07-17,matin,,,94,94028,1,1,6,3,4,Voie communale,40.0,1
202400038074,2024-08-26,après-midi,,,17,17415,1,1,3,4,4,Voie communale,50.0,1
202400038075,2024-10-01,matin,,,92,92048,2,1,6,4,4,Voie communale,30.0,1
202400038076,2024-10-01,nuit,,,37,37093,4,1,7,3,3,Départementale,50.0,1
202400038077,2024-07-19,matin,,,94,94071,1,1,3,4,4,Voie communale,50.0,1
202400038078,2024-08-26,matin,,,14,14699,2,1,1,4,4,Voie communale,,1
202400038079,2024-09-27,soirée,,,84,84044,3,1,7,3,3,Départementale,80.0,1
202400038080,2024-08-25,nuit,,,14,14333,5,1,7,4,4,Voie communale,30.0,1
202400038081,2024-07-14,nuit,,,94,94002,5,1,6,4,4,Voie communale,50.0,1
202400038082,2024-10-01,matin,,,31,31113,2,1,6,3,3,Départementale,30.0,1
202400038083,2024-08-26,nuit,,,13,13208,5,1,3,4,4,Voie communale,50.0,1
202400038084,2024-07-19,après-midi,,,93,93053,1,1,3,4,3,Départementale,50.0,1
202400038085,2024-08-26,matin,,,13,13213,2,1,2,4,4,Voie communale,50.0,1
202400038086,2024-10-01,soirée,,,54,54135,3,2,6,4,1,Autoroute,130.0,2
202400038087,2024-07-19,après-midi,,,93,93031,1,1,3,4,3,Départementale,50.0,1
202400038088,2024-08-22,soirée,,,13,13206,5,1,3,4,4,Voie communale,50.0,1
202400038089,2024-10-01,après-midi,,,22,22084,1,1,6,4,2,Nationale,110.0,1
202400038090,2024-07-19,matin,,,93,93031,1,1,2,4,3,Départementale,50.0,1
202400038091,2024-10-01,soirée,,,83,83091,3,1,1,4,3,Départementale,90.0,1
202400038092,2024-07-19,soirée,,,93,93029,1,1,3,4,3,Départementale,50.0,1
202400038093,2024-08-24,après-midi,,,10,10081,1,1,2,4,4,Voie communale,50.0,1
202400038094,2024-10-01,après-midi,,,01,01033,1,2,6,4,3,Départementale,50.0,2
202400038095,2024-08-26,matin,,,06,06123,1,1,6,4,7,Autre,50.0,1
202400038096,2024-07-18,après-midi,,,93,93027,1,1,3,3,3,Départementale,50.0,1
202400038097,2024-10-01,soirée,,,62,62600,3,3,1,3,3,Départementale,80.0,2
202400038098,2024-08-26,matin,,,75,75117,1,1,4,4,4,Voie communale,70.0,1
202400038099,2024-07-19,nuit,,,93,93008,5,1,3,4,3,Départementale,50.0,1
202400038100,2024-10-02,nuit,,,57,57628,5,2,6,4,3,Départementale,50.0,2
202400038101,2024-08-26,matin,,,75,75120,1,1,2,4,4,Voie communale,70.0,1
202400038102,2024-07-19,matin,,,92,92040,1,1,3,4,3,Départementale,30.0,1
202400038103,2024-09-30,matin,,,51,51193,1,2,3,4,4,Voie communale,50.0,2
202400038104,2024-08-25,soirée,,,75,75116,1,1,2,4,4,Voie communale,70.0,1
202400038105,2024-09-30,soirée,,,19,19190,1,1,1,3,3,Départementale,90.0,1
202400038106,2024-07-18,après-midi,,,92,92036,1,1,3,4,3,Départementale,50.0,1
202400038107,2024-08-26,nuit,,,75,75115,5,1,3,4,4,Voie communale,30.0,1
202400038108,2024-10-01,après-midi,,,56,56113,1,1,3,2,3,Départementale,70.0,1
202400038109,2024-07-19,nuit,,,92,92024,5,1,3,4,3,Départementale,50.0,1
202400038110,2024-10-01,matin,,,79,79311,2,3,2,4,3,Départementale,80.0,2
202400038111,2024-07-19,soirée,,,92,92004,1,1,6,4,3,Départementale,50.0,1
202400038112,2024-08-26,après-midi,,,75,75118,1,1,2,4,4,Voie communale,70.0,1
202400038113,2024-10-01,matin,,,2B,2B343,1,1,2,4,2,Nationale,70.0,1
202400038114,2024-07-19,matin,,,60,60338,1,1,6,4,3,Départementale,80.0,1
202400038115,2024-10-01,après-midi,,,71,71263,1,3,6,3,4,Voie communale,50.0,2
202400038116,2024-07-19,soirée,,,60,60338,1,1,1,4,3,Départementale,80.0,1
202400038117,2024-08-26,matin,,,75,75117,1,1,3,4,4,Voie communale,50.0,1
202400038118,2024-10-01,après-midi,,,63,63372,1,2,1,4,3,Départementale,90.0,2
202400038119,2024-08-26,nuit,,,75,75115,5,1,6,4,4,Voie communale,30.0,1
202400038120,2024-10-02,après-midi,,,49,49200,1,1,6,4,3,Départementale,30.0,1
202400038121,2024-08-25,soirée,,,75,75108,1,1,6,4,4,Voie communale,30.0,1
202400038122,2024-06-18,matin,,,77,77209,1,1,2,4,4,Voie communale,50.0,2
202400038123,2024-10-01,nuit,,,12,12182,3,2,5,4,3,Départementale,,2
202400038124,2024-08-26,nuit,,,75,75104,5,1,6,4,4,Voie communale,30.0,1
202400038125,2024-08-26,après-midi,,,94,94081,1,1,6,4,3,Départementale,50.0,1
202400038126,2024-06-18,matin,,,76,76351,1,2,3,4,4,Voie communale,50.0,2
202400038127,2024-10-01,après-midi,,,46,46228,1,1,6,3,3,Départementale,50.0,1
202400038128,2024-08-26,après-midi,,,94,94058,1,1,3,4,4,Voie communale,50.0,1
202400038129,2024-06-18,après-midi,,,74,74012,1,1,6,4,4,Voie communale,50.0,1
202400038130,2024-10-01,soirée,,,68,68139,3,3,1,4,3,Départementale,80.0,2
202400038131,2024-08-26,après-midi,,,93,93070,1,1,6,4,3,Départementale,50.0,1
202400038132,2024-06-18,après-midi,,,73,73065,1,1,2,4,3,Départementale,80.0,1
202400038133,2024-08-26,soirée,,,93,93066,1,1,6,4,4,Voie communale,,1
202400038134,2024-10-01,soirée,,,39,39526,2,3,3,3,3,Départementale,50.0,2
202400038135,2024-08-26,soirée,,,93,93073,1,1,3,4,4,Voie communale,,1
202400038136,2024-06-18,matin,,,67,67482,1,1,2,4,4,Voie communale,50.0,1
202400038137,2024-10-02,après-midi,,,29,29259,1,1,1,4,4,Voie communale,50.0,1
202400038138,2024-08-25,nuit,,,93,93014,5,1,3,4,4,Voie communale,50.0,1
202400038139,2024-06-17,après-midi,,,67,67043,1,1,3,4,7,Autre,30.0,1
202400038140,2024-10-01,après-midi,,,03,03075,1,3,2,4,3,Départementale,90.0,2
202400038141,2024-09-30,après-midi,,,03,03239,1,1,7,3,3,Départementale,90.0,1
202400038142,2024-06-17,après-midi,,,64,64483,1,1,2,4,3,Départementale,50.0,1
202400038143,2024-08-26,après-midi,,,93,93001,1,1,2,4,3,Départementale,50.0,1
202400038144,2024-08-26,matin,,,92,92025,1,1,6,4,4,Voie communale,50.0,1