Num_Acc,date,time_of_day,lat,long,dep,com,lum,atm,col,severity_index,catr,catr_label,vma,surf
202400038145,2024-10-02,matin,,,58,58095,1,1,5,3,3,Départementale,90.0,1
202400038146,2024-06-18,après-midi,,,64,64445,1,1,3,4,4,Voie communale,50.0,1
202400038147,2024-08-27,matin,,,76,76710,1,7,3,3,3,Départementale,80.0,1
202400038148,2024-09-28,nuit,,,72,72044,3,8,3,4,3,Départementale,70.0,1
202400038149,2024-06-17,après-midi,,,61,61006,1,1,3,3,4,Voie communale,50.0,1
202400038150,2024-08-27,matin,,,974,97415,1,1,3,3,3,Départementale,50.0,1
202400038151,2024-10-01,nuit,,,14,14500,3,2,6,4,3,Départementale,80.0,2
202400038152,2024-06-17,après-midi,,,61,61006,1,1,3,3,3,Départementale,50.0,1
202400038153,2024-08-27,nuit,,,69,69287,2,1,5,3,3,Départementale,80.0,1
202400038154,2024-10-02,après-midi,,,50,50273,1,1,3,4,3,Départementale,80.0,1
202400038155,2024-08-20,soirée,,,40,40296,1,1,6,3,3,Départementale,80.0,1
202400038156,2024-06-18,matin,,,59,59599,1,1,3,4,4,Voie communale,50.0,1
202400038157,2024-08-25,après-midi,,,974,97422,1,1,6,3,3,Départementale,50.0,1
202400038158,2024-06-18,soirée,,,59,59646,1,2,3,4,4,Voie communale,30.0,2
202400038159,2024-09-29,après-midi,,,83,83007,1,1,1,4,3,Départementale,90.0,1
202400038160,2024-08-24,après-midi,,,63,63388,1,2,7,3,3,Départementale,90.0,2
202400038161,2024-06-17,après-midi,,,54,54431,1,1,6,4,3,Départementale,80.0,2
202400038162,2024-10-01,soirée,,,40,40117,1,2,7,4,3,Départementale,50.0,2
202400038163,2024-06-17,soirée,,,54,54547,1,1,6,4,4,Voie communale,70.0,1
202400038164,2024-08-27,nuit,,,19,19274,3,1,2,4,1,Autoroute,110.0,1
202400038165,2024-06-18,matin,,,54,54323,1,1,6,4,4,Voie communale,50.0,1
202400038166,2024-08-26,après-midi,,,30,30221,1,1,7,3,3,Départementale,80.0,1
202400038167,2024-10-01,après-midi,,,30,30062,1,1,3,3,3,Départementale,50.0,1
202400038168,2024-03-20,matin,,,87,87001,1,1,6,3,2,Nationale,50.0,1
202400038169,2024-06-17,après-midi,,,51,51172,1,1,4,4,4,Voie communale,50.0,1
202400038170,2024-10-02,après-midi,,,38,38068,1,1,3,2,2,Nationale,30.0,1
202400038171,2024-08-22,après-midi,,,83,83017,1,1,3,3,3,Départementale,70.0,1
202400038172,2024-06-17,matin,,,51,51454,1,1,3,4,4,Voie communale,50.0,1
202400038173,2024-08-27,soirée,,,30,30047,1,1,2,3,3,Départementale,80.0,1
202400038174,2024-06-17,soirée,,,49,49007,1,1,2,4,4,Voie communale,50.0,1
202400038175,2024-08-26,soirée,,,91,91534,1,1,7,4,3,Départementale,70.0,1
202400038176,2024-06-17,après-midi,,,49,49007,1,2,1,3,4,Voie communale,50.0,2
202400038177,2024-08-18,matin,,,56,56032,1,1,6,4,3,Départementale,80.0,1
202400038178,2024-10-02,matin,,,63,63126,1,1,2,4,1,Autoroute,110.0,1
202400038179,2024-06-14,après-midi,,,49,49015,1,1,6,4,4,Voie communale,50.0,2
202400038180,2024-08-25,après-midi,,,56,56259,1,1,3,4,2,Nationale,110.0,1
202400038181,2024-10-01,après-midi,,,21,21590,1,3,7,3,1,Autoroute,130.0,2
202400038182,2024-08-22,matin,,,56,56053,1,7,6,4,4,Voie communale,30.0,1
202400038183,2024-10-02,matin,,,59,59244,1,1,2,3,1,Autoroute,130.0,1
202400038184,2024-06-18,matin,,,45,45234,1,3,1,4,4,Voie communale,50.0,2
202400038185,2024-08-26,soirée,,,76,76380,1,1,7,3,3,Départementale,80.0,1
202400038186,2024-10-02,matin,,,971,97134,1,1,6,3,4,Voie communale,50.0,1
202400038187,2024-08-26,après-midi,,,80,80373,1,1,1,4,3,Départementale,80.0,1
202400038188,2024-09-26,matin,,,83,83023,2,1,2,3,3,Départementale,110.0,1
202400038189,2024-06-19,nuit,,,44,44184,5,1,3,4,4,Voie communale,50.0,1
202400038190,2024-08-26,soirée,,,65,65460,1,1,6,2,3,Départementale,50.0,1
202400038191,2024-08-20,après-midi,,,11,11003,1,1,6,4,3,Départementale,80.0,1
202400038192,2024-06-17,après-midi,,,42,42237,1,1,6,4,4,Voie communale,50.0,1
202400038193,2024-10-01,soirée,,,42,42180,3,3,6,4,3,Départementale,80.0,3
202400038194,2024-08-25,après-midi,,,63,63246,1,1,7,4,3,Départementale,50.0,1
202400038195,2024-10-02,après-midi,,,26,26220,1,1,3,2,3,Départementale,80.0,1
202400038196,2024-06-15,soirée,,,40,40192,2,1,3,4,4,Voie communale,50.0,1
202400038197,2024-08-26,matin,,,63,63003,1,1,3,4,3,Départementale,50.0,1
202400038198,2024-06-18,après-midi,,,38,38185,1,1,6,3,4,Voie communale,50.0,1
202400038199,2024-10-01,soirée,,,85,85011,1,1,3,3,3,Départementale,50.0,1
202400038200,2024-08-25,soirée,,,63,63040,1,1,3,3,3,Départementale,90.0,1
202400038201,2024-06-18,matin,,,37,37195,1,8,3,4,3,Départementale,90.0,2
202400038202,2024-08-27,nuit,,,49,49344,3,1,3,4,3,Départementale,90.0,1
202400038203,2024-06-17,après-midi,,,37,37261,1,2,2,4,4,Voie communale,50.0,2
202400038204,2024-08-26,soirée,,,46,46117,1,1,7,3,4,Voie communale,50.0,1
202400038205,2024-06-18,après-midi,,,35,35238,1,1,6,2,4,Voie communale,30.0,1
202400038206,2024-08-26,soirée,,,47,47054,1,1,7,3,3,Départementale,80.0,1
202400038207,2024-06-18,matin,,,35,35238,1,2,3,4,4,Voie communale,30.0,2
202400038208,2024-08-26,après-midi,,,47,47247,1,1,1,3,3,Départementale,80.0,1
202400038209,2024-10-01,nuit,,,22,22136,3,1,7,3,4,Voie communale,80.0,1
202400038210,2024-06-18,matin,,,34,34108,1,1,1,4,4,Voie communale,30.0,1
202400038211,2024-08-15,nuit,,,34,34150,3,1,5,4,3,Départementale,80.0,1
202400038212,2024-06-18,matin,,,34,34301,1,1,6,4,3,Départementale,50.0,1
202400038213,2024-10-02,matin,,,60,60341,1,1,4,4,2,Nationale,50.0,1
202400038214,2024-06-17,après-midi,,,34,34003,1,1,2,4,4,Voie communale,50.0,1
202400038215,2024-08-24,soirée,,,34,34150,3,8,1,4,3,Départementale,80.0,1
202400038216,2024-10-02,nuit,,,60,60489,3,3,7,4,4,Voie communale,80.0,2
202400038217,2024-06-18,après-midi,,,33,33063,1,1,6,4,4,Voie communale,50.0,1
202400038218,2024-10-02,après-midi,,,60,60116,1,1,1,4,4,Voie communale,50.0,1
202400038219,2024-10-01,nuit,,,60,60524,3,1,1,4,3,Départementale,110.0,1
202400038220,2024-08-27,après-midi,,,22,22340,1,1,6,2,3,Départementale,80.0,1
202400038221,2024-06-18,après-midi,,,33,33063,1,1,6,4,4,Voie communale,30.0,1
202400038222,2024-08-26,nuit,,,44,44186,3,1,6,4,3,Départementale,80.0,1
202400038223,2024-09-30,après-midi,,,59,59090,1,2,2,4,1,Autoroute,110.0,2
202400038224,2024-06-18,matin,,,33,33063,1,1,3,4,4,Voie communale,50.0,1
202400038225,2024-06-16,nuit,,,33,33119,5,1,2,3,4,Voie communale,50.0,1
202400038226,2024-09-30,nuit,,,59,59646,3,1,6,4,1,Autoroute,70.0,2
202400038227,2024-06-18,soirée,,,31,31555,1,1,3,4,7,Autre,50.0,1
202400038228,2024-06-17,après-midi,,,29,29151,1,2,5,4,4,Voie communale,30.0,2
202400038229,2024-06-18,matin,,,27,27681,1,2,6,4,4,Voie communale,50.0,2
202400038230,2024-06-17,matin,,,14,14118,1,1,6,2,4,Voie communale,30.0,1
202400038231,2024-09-02,matin,,,59,59560,1,1,4,4,1,Autoroute,110.0,1
202400038232,2024-06-18,matin,,,13,13103,1,1,1,3,4,Voie communale,50.0,1
202400038233,2024-06-17,après-midi,,,13,13004,1,1,3,3,4,Voie communale,50.0,1
202400038234,2024-10-01,soirée,,,91,91377,1,1,3,4,1,Autoroute,90.0,1
202400038235,2024-06-18,matin,,,13,13001,1,1,3,3,4,Voie communale,50.0,1
202400038236,2024-06-18,après-midi,,,11,11069,1,1,3,4,4,Voie communale,50.0,1
202400038237,2024-10-01,matin,,,94,94016,1,1,4,4,1,Autoroute,50.0,1
202400038238,2024-06-17,soirée,,,06,06027,1,1,5,4,4,Voie communale,50.0,1
202400038239,2024-06-17,après-midi,,,03,03262,1,1,3,4,3,Départementale,70.0,1
202400038240,2024-06-17,soirée,,,75,75120,2,2,6,4,4,Voie communale,50.0,2
202400038241,2024-09-30,soirée,,,77,77251,3,2,2,4,1,Autoroute,100.0,2
202400038242,2024-06-16,nuit,,,75,75115,5,1,5,3,4,Voie communale,70.0,1
202400038243,2024-09-30,matin,,,78,78208,1,2,3,4,2,Nationale,110.0,2
202400038244,2024-06-18,matin,,,75,75119,1,2,3,4,4,Voie communale,30.0,2
202400038245,2024-06-17,nuit,,,75,75106,5,1,1,4,4,Voie communale,30.0,1
202400038246,2024-06-17,nuit,,,75,75106,5,1,1,4,4,Voie communale,30.0,1
202400038247,2024-09-28,après-midi,,,92,92025,1,1,4,4,1,Autoroute,70.0,1
202400038248,2024-06-18,matin,,,75,75119,1,1,3,4,4,Voie communale,30.0,2
202400038249,2024-09-30,nuit,,,95,95527,3,2,2,4,1,Autoroute,90.0,2
202400038250,2024-06-18,nuit,,,75,75117,5,1,6,4,4,Voie communale,30.0,1
202400038251,2024-06-18,matin,,,75,75116,1,2,1,4,4,Voie communale,50.0,2
202400038252,2024-06-17,soirée,,,75,75116,1,1,3,4,4,Voie communale,30.0,1
202400038253,2024-09-30,soirée,,,92,92036,1,1,3,4,1,Autoroute,90.0,1
202400038254,2024-06-17,soirée,,,75,75115,2,1,3,4,4,Voie communale,30.0,1
202400038255,2024-09-30,matin,,,95,95582,1,1,2,4,1,Autoroute,110.0,1
202400038256,2024-06-18,après-midi,,,75,75111,1,8,3,4,4,Voie communale,30.0,1
202400038257,2024-06-18,après-midi,,,75,75110,1,1,2,4,4,Voie communale,,1
202400038258,2024-09-29,soirée,,,95,95154,2,1,6,4,1,Autoroute,110.0,1
202400038259,2024-06-18,matin,,,75,75108,1,2,3,4,4,Voie communale,30.0,2
202400038260,2024-09-27,soirée,,,95,95365,1,2,5,4,2,Nationale,110.0,2
202400038261,2024-06-18,matin,,,75,75108,1,2,3,4,4,Voie communale,30.0,2
202400038262,2024-10-01,matin,,,77,77294,1,1,2,4,1,Autoroute,90.0,1
202400038263,2024-06-18,nuit,,,75,75107,5,1,3,4,4,Voie communale,30.0,1
202400038264,2024-06-17,matin,,,75,75107,1,1,3,4,4,Voie communale,30.0,1
202400038265,2024-04-26,soirée,,,38,38563,1,1,6,3,4,Voie communale,50.0,1
202400038266,2024-06-18,matin,,,75,75102,1,2,6,4,4,Voie communale,30.0,2
202400038267,2024-06-18,matin,,,75,75102,1,2,3,4,4,Voie communale,30.0,2
202400038268,2024-06-18,matin,,,75,75101,1,2,7,4,4,Voie communale,30.0,2
202400038269,2024-04-25,matin,,,38,38563,1,1,2,3,3,Départementale,50.0,1
202400038270,2024-06-18,après-midi,,,94,94081,1,1,6,4,4,Voie communale,50.0,1
202400038271,2024-09-01,après-midi,,,06,06088,1,1,6,2,4,Voie communale,,1
202400038272,2024-06-17,après-midi,,,94,94081,1,1,1,4,4,Voie communale,50.0,1
202400038273,2024-06-17,soirée,,,94,94068,1,3,3,4,3,Départementale,30.0,2
202400038274,2024-06-09,nuit,,,974,97416,5,1,3,4,4,Voie communale,50.0,1
202400038275,2024-06-18,matin,,,94,94046,1,2,6,4,3,Départementale,50.0,2
202400038276,2024-09-25,matin,,,44,44190,2,1,3,4,4,Voie communale,30.0,1
202400038277,2024-06-18,soirée,,,94,94038,1,1,6,4,4,Voie communale,30.0,1
202400038278,2024-06-18,après-midi,,,94,94018,1,1,6,4,3,Départementale,50.0,1
202400038279,2024-06-19,après-midi,,,14,14530,1,1,7,3,3,Départementale,90.0,1
202400038280,2024-11-05,matin,,,974,97411,1,1,3,4,4,Voie communale,50.0,1
202400038281,2024-06-17,matin,,,94,94017,1,1,2,4,3,Départementale,50.0,1
202400038282,2024-03-04,soirée,,,14,14665,5,2,6,3,3,Départementale,30.0,2
202400038283,2024-11-04,soirée,,,974,97411,5,1,3,4,4,Voie communale,50.0,1
202400038284,2024-06-18,après-midi,,,93,93078,1,1,2,4,3,Départementale,50.0,1
202400038285,2024-05-03,soirée,,,50,50197,2,1,1,3,3,Départementale,80.0,1
202400038286,2024-06-18,matin,,,93,93073,1,1,3,4,3,Départementale,50.0,2
202400038287,2024-06-17,soirée,,,93,93070,1,1,3,4,4,Voie communale,50.0,1
202400038288,2024-11-04,après-midi,,,69,69387,1,1,3,4,4,Voie communale,50.0,1
202400038289,2024-09-30,soirée,,,976,97611,5,2,7,4,4,Voie communale,50.0,2
202400038290,2024-06-15,nuit,,,93,93066,5,1,1,4,4,Voie communale,50.0,1
202400038291,2024-09-30,matin,,,974,97416,1,1,6,4,4,Voie communale,50.0,1
202400038292,2024-06-17,matin,,,93,93063,1,1,5,4,3,Départementale,50.0,1
202400038293,2024-11-05,matin,,,972,97209,1,1,5,4,2,Nationale,50.0,1
202400038294,2024-09-29,matin,,,973,97302,1,1,7,4,4,Voie communale,50.0,1
202400038295,2024-06-18,matin,,,92,92064,1,2,3,4,3,Départementale,50.0,2
202400038296,2024-06-18,soirée,,,92,92050,1,1,6,4,3,Départementale,50.0,1
202400038297,2024-11-05,matin,,,971,97101,1,1,2,4,4,Voie communale,50.0,1
202400038298,2024-06-18,matin,,,92,92050,1,1,6,3,3,Départementale,50.0,2
202400038299,2024-10-01,nuit,,,69,69387,3,1,3,4,4,Voie communale,50.0,1
202400038300,2024-06-18,après-midi,,,92,92020,1,1,3,4,3,Départementale,50.0,1
202400038301,2024-11-05,soirée,,,2A,2A004,3,1,3,4,3,Départementale,50.0,1
202400038302,2024-09-30,soirée,,,69,69388,1,1,2,4,4,Voie communale,30.0,1
202400038303,2024-06-18,après-midi,,,92,92044,1,1,7,4,4,Voie communale,50.0,1
202400038304,2024-11-05,après-midi,,,2A,2A004,1,1,6,4,4,Voie communale,50.0,1
202400038305,2024-06-18,matin,,,92,92036,1,3,4,4,3,Départementale,50.0,2
202400038306,2024-10-27,nuit,,,2A,2A004,5,1,6,4,4,Voie communale,40.0,1
202400038307,2024-09-30,matin,,,69,69388,1,1,3,4,4,Voie communale,30.0,1
202400038308,2024-06-18,nuit,,,92,92025,5,1,6,4,3,Départementale,50.0,1
202400038309,2024-06-17,après-midi,,,92,92025,1,1,2,4,3,Départementale,30.0,1
202400038310,2024-11-05,matin,,,91,91216,1,5,3,4,4,Voie communale,50.0,1
202400038311,2024-09-29,matin,,,972,97213,1,1,2,4,3,Départementale,70.0,1
202400038312,2024-06-18,après-midi,,,92,92012,1,1,6,4,3,Départementale,50.0,1
202400038313,2024-11-05,après-midi,,,91,91114,1,8,6,4,4,Voie communale,30.0,1
202400038314,2024-06-18,matin,,,92,92012,1,2,6,4,3,Départementale,30.0,2
202400038315,2024-11-05,matin,,,91,91174,1,5,4,4,3,Départementale,50.0,1
202400038316,2024-06-18,matin,,,92,92007,1,2,2,4,3,Départementale,,2
202400038317,2024-09-30,nuit,,,972,97209,4,1,6,4,2,Nationale,50.0,1
202400038318,2024-06-17,après-midi,,,92,92009,1,1,3,4,4,Voie communale,30.0,1
202400038319,2024-11-03,nuit,,,87,87085,5,1,6,4,4,Voie communale,50.0,1
202400038320,2024-06-17,matin,,,92,92004,1,1,3,4,4,Voie communale,50.0,1
202400038321,2024-09-30,soirée,,,69,69385,5,1,4,4,4,Voie communale,30.0,1
202400038322,2024-06-18,matin,,,80,80681,1,2,3,4,3,Départementale,80.0,2
202400038323,2024-10-27,après-midi,,,84,84007,1,1,6,4,4,Voie communale,50.0,1
202400038324,2024-06-18,après-midi,,,57,57569,1,1,3,3,4,Voie communale,50.0,1
202400038325,2024-06-19,après-midi,,,76,76526,1,1,7,3,4,Voie communale,30.0,1
202400038326,2024-09-29,après-midi,,,971,97101,1,1,2,4,3,Départementale,50.0,1
202400038327,2024-06-19,matin,,,974,97412,1,1,7,3,4,Voie communale,50.0,1
202400038328,2024-09-30,après-midi,,,91,91657,1,1,3,4,4,Voie communale,50.0,1
202400038329,2024-06-16,soirée,,,21,21362,2,2,2,4,1,Autoroute,130.0,2
202400038330,2024-11-04,après-midi,,,77,77186,1,1,6,3,3,Départementale,90.0,1
202400038331,2024-05-05,nuit,,,06,06037,3,1,6,3,3,Départementale,80.0,1
202400038332,2024-09-29,après-midi,,,91,91514,1,1,7,4,3,Départementale,50.0,1
202400038333,2024-11-05,matin,,,72,72181,1,1,6,3,4,Voie communale,50.0,1
202400038334,2024-06-18,après-midi,,,47,47233,1,1,1,3,3,Départementale,70.0,1
202400038335,2024-11-04,après-midi,,,71,71306,5,1,3,4,6,Autre,50.0,1
202400038336,2024-09-30,nuit,,,91,91432,5,1,3,3,3,Départementale,50.0,1
202400038337,2024-06-19,matin,,,62,62734,1,1,6,3,4,Voie communale,50.0,1
202400038338,2024-09-30,matin,,,89,89387,2,1,3,3,4,Voie communale,50.0,1
202400038339,2024-10-30,après-midi,,,70,70550,1,1,3,4,4,Voie communale,50.0,1
202400038340,2024-09-29,après-midi,,,87,87050,1,1,6,4,4,Voie communale,50.0,1
202400038341,2024-06-14,nuit,,,32,32131,3,1,7,3,3,Départementale,80.0,1
202400038342,2024-11-04,soirée,,,69,69199,3,5,3,4,7,Autre,50.0,1
202400038343,2024-06-19,soirée,,,71,71401,1,1,3,4,3,Départementale,80.0,2
202400038344,2024-09-27,matin,,,87,87085,1,1,6,4,4,Voie communale,30.0,1
202400038345,2024-06-17,après-midi,,,12,12224,1,1,6,3,3,Départementale,50.0,1
202400038346,2024-11-05,soirée,,,67,67482,5,1,1,4,4,Voie communale,50.0,1
202400038347,2024-06-18,matin,,,68,68135,1,1,7,3,3,Départementale,90.0,1
202400038348,2024-09-30,après-midi,,,83,83062,1,1,3,4,3,Départementale,50.0,1
202400038349,2024-06-16,matin,,,26,26126,1,1,3,3,3,Départementale,80.0,1
202400038350,2024-11-05,après-midi,,,67,67482,1,1,3,4,4,Voie communale,50.0,1
202400038351,2024-09-30,matin,,,83,83129,1,1,3,3,3,Départementale,50.0,1
202400038352,2024-06-16,matin,,,73,73121,1,1,3,3,3,Départementale,80.0,1
202400038353,2024-11-04,matin,,,67,67482,1,8,6,4,6,Autre,30.0,1
202400038354,2024-09-30,après-midi,,,82,82033,1,1,7,4,3,Départementale,30.0,1
202400038355,2024-06-18,matin,,,10,10033,1,1,6,4,4,Voie communale,30.0,1
202400038356,2024-11-05,après-midi,,,65,65440,1,1,6,3,4,Voie communale,50.0,1
202400038357,2024-06-18,après-midi,,,07,07327,1,7,1,4,4,Voie communale,50.0,1
202400038358,2024-11-05,soirée,,,64,64445,2,1,3,4,4,Voie communale,,1
202400038359,2024-06-18,matin,,,40,40222,1,1,1,2,3,Départementale,80.0,1
202400038360,2024-11-04,soirée,,,64,64445,5,1,6,4,4,Voie communale,50.0,1
202400038361,2024-06-11,après-midi,,,27,27679,1,1,6,3,2,Nationale,,1
202400038362,2024-09-30,soirée,,,80,80021,1,8,3,4,4,Voie communale,50.0,2
202400038363,2024-06-18,matin,,,30,30053,1,1,7,3,3,Départementale,80.0,1
202400038364,2024-11-05,après-midi,,,64,64122,1,1,1,4,4,Voie communale,50.0,1
202400038365,2024-09-30,soirée,,,76,76540,5,8,3,4,7,Autre,50.0,1
202400038366,2024-06-17,après-midi,,,987,98734,1,1,1,3,2,Nationale,60.0,1
202400038367,2024-11-05,matin,,,59,59410,2,1,6,4,4,Voie communale,30.0,1
202400038368,2024-09-28,soirée,,,71,71270,5,1,1,4,4,Voie communale,30.0,1
202400038369,2024-11-05,soirée,,,56,56260,3,1,6,4,4,Voie communale,50.0,1
202400038370,2024-06-18,après-midi,,,49,49045,1,1,5,4,3,Départementale,90.0,1
202400038371,2024-09-29,soirée,,,69,69271,5,1,1,4,4,Voie communale,50.0,1
202400038372,2024-11-04,soirée,,,56,56098,5,8,3,3,3,Départementale,50.0,1
202400038373,2024-06-19,après-midi,,,978,97801,1,1,2,4,2,Nationale,50.0,1
202400038374,2024-09-28,matin,,,69,69091,1,2,7,3,4,Voie communale,50.0,2
202400038375,2024-06-18,soirée,,,38,38397,1,1,7,3,1,Autoroute,110.0,1
202400038376,2024-11-04,matin,,,56,56121,1,1,3,4,4,Voie communale,30.0,1
202400038377,2024-09-30,après-midi,,,68,68066,1,1,3,4,3,Départementale,30.0,1
202400038378,2024-06-19,soirée,,,91,91319,1,1,6,3,6,Autre,30.0,1
202400038379,2024-11-05,soirée,,,54,54395,5,5,6,4,4,Voie communale,30.0,1
202400038380,2024-09-27,matin,,,62,62040,1,3,3,4,3,Départementale,30.0,2
202400038381,2024-06-16,soirée,,,988,98821,3,1,6,3,1,Autoroute,50.0,1
202400038382,2024-06-19,matin,,,974,97418,1,1,2,3,2,Nationale,90.0,1
202400038383,2024-09-30,matin,,,59,59360,1,1,3,4,4,Voie communale,50.0,1
202400038384,2024-11-05,soirée,,,54,54323,5,1,6,4,3,Départementale,50.0,1
202400038385,2024-06-19,matin,,,971,97134,1,1,6,2,2,Nationale,30.0,1
202400038386,2024-09-27,après-midi,,,57,57672,1,1,6,2,4,Voie communale,50.0,1
202400038387,2024-11-04,après-midi,,,51,51454,5,1,6,4,4,Voie communale,50.0,1
202400038388,2024-06-18,matin,,,77,77364,1,3,7,4,3,Départementale,70.0,2
202400038389,2024-09-27,soirée,,,56,56098,5,1,6,4,3,Départementale,50.0,1
202400038390,2024-11-04,après-midi,,,51,51454,5,1,7,4,4,Voie communale,50.0,1
202400038391,2024-09-29,soirée,,,54,54395,1,1,6,3,4,Voie communale,30.0,1
202400038392,2024-06-18,nuit,,,77,77129,1,1,6,4,3,Départementale,80.0,2
202400038393,2024-10-26,nuit,,,49,49328,3,8,1,4,3,Départementale,90.0,1
202400038394,2024-09-29,nuit,,,51,51454,5,1,3,4,4,Voie communale,50.0,1
202400038395,2024-06-19,matin,,,77,77508,1,1,1,4,3,Départementale,80.0,1
202400038396,2024-09-29,soirée,,,51,51454,5,1,2,4,4,Voie communale,70.0,1
202400038397,2024-11-04,matin,,,49,49267,2,5,4,4,1,Autoroute,90.0,1
202400038398,2024-06-18,soirée,,,66,66037,1,1,3,3,4,Voie communale,50.0,1
202400038399,2024-06-17,matin,,,83,83119,1,1,6,3,3,Départementale,50.0,1
202400038400,2024-11-05,soirée,,,47,47001,5,1,6,4,4,Voie communale,50.0,1
202400038401,2024-09-29,matin,,,51,51474,5,8,1,4,4,Voie communale,70.0,1
202400038402,2024-06-19,nuit,,,13,13004,3,1,1,3,3,Départementale,80.0,1
202400038403,2024-09-30,après-midi,,,50,50147,1,1,3,4,4,Voie communale,50.0,1
202400038404,2024-06-19,après-midi,,,26,26165,1,1,2,3,1,Autoroute,130.0,1
202400038405,2024-09-28,matin,,,50,50129,5,1,7,4,4,Voie communale,50.0,1
202400038406,2024-06-19,soirée,,,58,58160,1,2,1,4,4,Voie communale,80.0,2
202400038407,2024-09-30,soirée,,,47,47032,1,1,6,4,4,Voie communale,50.0,1
202400038408,2024-06-08,matin,,,57,57481,1,1,6,3,3,Départementale,80.0,1
202400038409,2024-09-26,après-midi,,,45,45004,1,2,1,4,4,Voie communale,50.0,2
202400038410,2024-11-05,après-midi,,,42,42031,1,1,3,4,7,Autre,80.0,1
202400038411,2024-06-18,matin,,,26,26038,1,7,1,3,3,Départementale,70.0,1
202400038412,2024-09-30,après-midi,,,44,44109,1,1,3,4,4,Voie communale,70.0,1
202400038413,2024-11-05,soirée,,,38,38185,5,2,3,4,4,Voie communale,50.0,2
202400038414,2024-06-19,soirée,,,07,07145,1,1,3,4,3,Départementale,90.0,1
202400038415,2024-09-30,matin,,,44,44190,1,2,7,4,4,Voie communale,50.0,2
202400038416,2024-06-19,matin,,,69,69243,1,1,6,3,2,Nationale,50.0,1
202400038417,2024-09-30,matin,,,35,35238,1,2,3,4,4,Voie communale,30.0,2
202400038418,2024-11-05,matin,,,38,38053,2,1,3,4,3,Départementale,50.0,1
202400038419,2024-06-18,après-midi,,,33,33042,1,1,3,4,3,Départementale,50.0,1
202400038420,2024-09-26,soirée,,,35,35238,1,2,6,4,2,Nationale,50.0,2
202400038421,2024-09-26,soirée,,,34,34301,1,1,7,4,4,Voie communale,80.0,1
202400038422,2024-06-08,nuit,,,35,35360,3,1,1,3,3,Départementale,80.0,1
202400038423,2024-11-05,soirée,,,35,35238,5,5,6,4,4,Voie communale,30.0,1
202400038424,2024-09-30,après-midi,,,33,33167,1,1,3,4,4,Voie communale,50.0,1
202400038425,2024-06-18,après-midi,,,60,60542,1,1,1,4,3,Départementale,50.0,1
202400038426,2024-11-04,après-midi,,,34,34172,1,8,3,3,4,Voie communale,50.0,1
202400038427,2024-09-30,après-midi,,,29,29232,1,1,2,4,3,Départementale,50.0,1
202400038428,2024-06-15,nuit,,,59,59012,3,1,1,4,3,Départementale,70.0,1
202400038429,2024-06-19,après-midi,,,59,59523,1,1,7,4,4,Voie communale,50.0,8
202400038430,2024-06-18,matin,,,13,13117,1,2,2,4,1,Autoroute,90.0,2
202400038431,2024-09-29,après-midi,,,27,27229,1,2,3,3,4,Voie communale,50.0,2
202400038432,2024-09-30,soirée,,,26,26362,5,1,3,4,4,Voie communale,30.0,1
202400038433,2024-11-05,soirée,,,33,33522,5,1,3,4,4,Voie communale,50.0,1
202400038434,2024-09-30,matin,,,17,17415,1,1,1,4,4,Voie communale,50.0,2
202400038435,2024-06-18,matin,,,13,13026,1,1,2,4,1,Autoroute,90.0,1
202400038436,2024-09-28,soirée,,,10,10387,1,1,3,4,4,Voie communale,50.0,1
202400038437,2024-09-30,après-midi,,,08,08105,1,2,3,4,4,Voie communale,50.0,2
202400038438,2024-11-05,matin,,,33,33069,1,1,3,4,4,Voie communale,50.0,1
202400038439,2024-09-30,matin,,,75,75120,2,1,3,4,4,Voie communale,70.0,1
202400038440,2024-06-17,après-midi,,,13,13005,1,1,3,4,1,Autoroute,90.0,1
202400038441,2024-11-05,matin,,,29,29232,5,2,7,4,4,Voie communale,30.0,2
202400038442,2024-09-29,soirée,,,75,75117,5,1,5,3,4,Voie communale,70.0,1
202400038443,2024-09-29,nuit,,,75,75115,5,1,2,3,4,Voie communale,70.0,1
202400038444,2024-06-17,matin,,,13,13210,1,1,2,4,1,Autoroute,90.0,1
202400038445,2024-09-29,soirée,,,75,75104,2,1,3,3,4,Voie communale,30.0,1
202400038446,2024-11-05,soirée,,,26,26058,5,8,3,4,4,Voie communale,50.0,1
202400038447,2024-09-30,matin,,,75,75119,1,2,6,4,4,Voie communale,30.0,2
202400038448,2024-06-18,matin,,,83,83069,1,1,6,4,1,Autoroute,110.0,1
202400038449,2024-09-30,matin,,,75,75119,1,8,7,4,4,Voie communale,30.0,2
202400038450,2024-09-30,matin,,,75,75117,1,1,3,4,4,Voie communale,30.0,1
202400038451,2024-06-18,après-midi,,,33,33249,1,1,3,4,2,Nationale,90.0,1
202400038452,2024-11-04,après-midi,,,19,19031,1,1,3,4,3,Départementale,30.0,1
202400038453,2024-09-30,après-midi,,,75,75116,1,1,2,4,4,Voie communale,30.0,1
202400038454,2024-09-30,après-midi,,,75,75113,1,2,6,4,4,Voie communale,50.0,2
202400038455,2024-06-17,après-midi,,,59,59378,1,1,2,3,2,Nationale,70.0,1
202400038456,2024-09-30,après-midi,,,75,75113,1,2,3,4,4,Voie communale,30.0,2