Num_Acc,date,time_of_day,lat,long,dep,com,lum,atm,col,severity_index,catr,catr_label,vma,surf
202400038457,2024-06-14,nuit,,,59,59462,3,2,2,4,1,Autoroute,130.0,2
202400038458,2024-09-30,soirée,,,94,94081,5,2,6,4,3,Départementale,30.0,2
202400038459,2024-11-05,soirée,,,17,17291,5,1,4,4,2,Nationale,90.0,1
202400038460,2024-06-18,matin,,,78,78238,1,3,2,4,1,Autoroute,110.0,2
202400038461,2024-09-30,après-midi,,,94,94046,1,1,6,4,3,Départementale,50.0,1
202400038462,2024-06-17,après-midi,,,92,92063,1,1,2,4,1,Autoroute,70.0,1
202400038463,2024-09-28,nuit,,,94,94046,5,1,2,4,3,Départementale,50.0,1
202400038464,2024-11-04,après-midi,,,16,16015,1,1,1,4,4,Voie communale,30.0,1
202400038465,2024-06-18,matin,,,95,95277,1,2,2,4,1,Autoroute,90.0,2
202400038466,2024-09-30,soirée,,,94,94017,1,1,2,4,4,Voie communale,50.0,1
202400038467,2024-06-18,nuit,,,93,93078,3,1,2,4,1,Autoroute,110.0,1
202400038468,2024-09-30,soirée,,,93,93066,5,2,6,4,3,Départementale,,2
202400038469,2024-11-04,après-midi,,,13,13103,1,1,3,4,4,Voie communale,50.0,1
202400038470,2024-06-17,soirée,,,93,93008,1,1,3,4,1,Autoroute,90.0,1
202400038471,2024-09-29,après-midi,,,93,93010,1,1,2,4,3,Départementale,50.0,1
202400038472,2024-06-17,soirée,,,93,93010,1,1,2,4,1,Autoroute,90.0,1
202400038473,2024-11-04,matin,,,13,13103,1,1,2,4,4,Voie communale,50.0,1
202400038474,2024-06-17,après-midi,,,93,93005,1,1,3,4,1,Autoroute,90.0,1
202400038475,2024-09-30,après-midi,,,93,93079,1,1,1,3,3,Départementale,,1
202400038476,2024-09-30,nuit,,,93,93079,5,2,6,4,4,Voie communale,50.0,2
202400038477,2024-06-16,nuit,,,93,93007,3,1,3,4,1,Autoroute,110.0,1
202400038478,2024-11-06,nuit,,,13,13205,5,1,6,3,4,Voie communale,,1
202400038479,2024-06-17,après-midi,,,77,77122,1,1,5,3,2,Nationale,90.0,1
202400038480,2024-09-30,matin,,,92,92075,1,1,4,4,4,Voie communale,30.0,1
202400038481,2024-09-30,matin,,,92,92064,1,1,7,4,3,Départementale,50.0,2
202400038482,2024-06-17,matin,,,77,77169,1,1,2,3,1,Autoroute,110.0,1
202400038483,2024-09-29,matin,,,92,92047,1,8,7,4,5,Autre,30.0,2
202400038484,2024-05-31,matin,,,44,44109,1,1,3,4,4,Voie communale,50.0,1
202400038485,2024-09-30,matin,,,92,92063,1,1,3,4,4,Voie communale,50.0,1
202400038486,2024-11-05,soirée,,,13,13216,5,1,1,4,4,Voie communale,50.0,1
202400038487,2024-05-29,après-midi,,,44,44114,1,1,3,4,4,Voie communale,50.0,1
202400038488,2024-09-29,après-midi,,,92,92063,1,1,1,4,4,Voie communale,50.0,1
202400038489,2024-05-28,matin,,,44,44109,1,1,2,4,4,Voie communale,50.0,1
202400038490,2024-11-05,matin,,,11,11262,2,3,6,4,4,Voie communale,30.0,2
202400038491,2024-09-30,matin,,,92,92036,1,8,2,4,4,Voie communale,50.0,1
202400038492,2024-05-27,matin,,,44,44114,1,1,7,4,4,Voie communale,50.0,1
202400038493,2024-09-30,après-midi,,,92,92004,1,1,3,4,3,Départementale,50.0,1
202400038494,2024-04-24,nuit,,,44,44190,3,8,7,4,2,Nationale,70.0,1
202400038495,2024-11-05,matin,,,11,11262,2,2,6,4,4,Voie communale,50.0,2
202400038496,2024-10-01,après-midi,,,37,37035,1,2,6,4,3,Départementale,80.0,2
202400038497,2024-06-17,matin,,,976,97611,1,2,1,4,2,Nationale,,2
202400038498,2024-09-30,matin,,,38,38019,1,1,5,4,2,Nationale,80.0,1
202400038499,2024-11-04,après-midi,,,11,11069,3,1,3,4,3,Départementale,,1
202400038500,2024-09-30,matin,,,06,06149,3,1,7,3,7,Autre,70.0,1
202400038501,2024-10-01,après-midi,,,02,02615,1,8,7,4,1,Autoroute,90.0,1
202400038502,2024-06-16,nuit,,,973,97302,3,2,7,4,4,Voie communale,50.0,2
202400038503,2024-11-04,soirée,,,06,06030,5,1,3,3,4,Voie communale,50.0,1
202400038504,2024-09-27,après-midi,,,63,63305,1,2,6,3,3,Départementale,50.0,2
202400038505,2024-06-16,nuit,,,973,97302,5,2,1,4,4,Voie communale,50.0,2
202400038506,2024-10-01,après-midi,,,22,22243,1,7,3,4,3,Départementale,90.0,1
202400038507,2024-06-16,après-midi,,,973,97302,1,2,3,4,4,Voie communale,50.0,2
202400038508,2024-09-30,matin,,,59,59162,1,2,2,4,3,Départementale,80.0,2
202400038509,2024-11-05,après-midi,,,75,75120,5,1,3,4,4,Voie communale,50.0,1
202400038510,2024-06-17,matin,,,69,69383,1,1,3,4,4,Voie communale,30.0,1
202400038511,2024-09-30,après-midi,,,34,34282,1,1,3,4,1,Autoroute,130.0,1
202400038512,2024-06-17,après-midi,,,69,69149,1,1,6,4,7,Autre,30.0,1
202400038513,2024-10-01,après-midi,,,41,41238,1,1,7,4,3,Départementale,90.0,1
202400038514,2024-11-05,après-midi,,,75,75114,1,1,2,4,4,Voie communale,50.0,1
202400038515,2024-09-30,matin,,,56,56190,1,2,6,4,3,Départementale,50.0,2
202400038516,2024-11-05,matin,,,75,75118,1,1,7,4,4,Voie communale,50.0,2
202400038517,2024-09-30,matin,,,31,31541,1,1,1,3,4,Voie communale,70.0,1
202400038518,2024-11-05,après-midi,,,75,75108,1,1,6,3,4,Voie communale,30.0,1
202400038519,2024-10-01,matin,,,71,71190,2,8,6,3,3,Départementale,80.0,2
202400038520,2024-06-17,après-midi,,,2B,2B120,1,1,3,4,6,Autre,50.0,1
202400038521,2024-09-28,nuit,,,89,89306,3,1,6,3,3,Départementale,90.0,1
202400038522,2024-11-05,matin,,,75,75112,5,1,6,3,4,Voie communale,30.0,1
202400038523,2024-09-30,nuit,,,12,12208,5,1,6,4,4,Voie communale,50.0,1
202400038524,2024-06-17,soirée,,,91,91201,1,2,3,4,4,Voie communale,50.0,2
202400038525,2024-11-05,matin,,,75,75115,2,8,6,4,4,Voie communale,,1
202400038526,2024-09-30,après-midi,,,47,47306,1,1,3,4,3,Départementale,80.0,1
202400038527,2024-06-15,nuit,,,87,87085,5,1,6,3,4,Voie communale,30.0,1
202400038528,2024-09-18,soirée,,,41,41016,1,2,1,4,3,Départementale,90.0,2
202400038529,2024-06-17,matin,,,77,77350,1,1,6,4,3,Départementale,90.0,1
202400038530,2024-10-01,matin,,,86,86083,1,3,7,3,3,Départementale,30.0,2
202400038531,2024-11-04,après-midi,,,75,75114,1,1,3,4,4,Voie communale,30.0,1
202400038532,2024-06-16,soirée,,,77,77251,2,2,3,4,4,Voie communale,50.0,2
202400038533,2024-09-30,soirée,,,25,25320,1,8,1,4,3,Départementale,90.0,9
202400038534,2024-06-17,soirée,,,77,77449,1,3,6,4,4,Voie communale,30.0,2
202400038535,2024-06-16,nuit,,,76,76351,5,1,6,4,4,Voie communale,50.0,1
202400038536,2024-09-23,après-midi,,,29,29068,1,3,6,3,2,Nationale,70.0,2
202400038537,2024-11-05,soirée,,,75,75108,5,1,3,4,4,Voie communale,30.0,1
202400038538,2024-06-15,matin,,,76,76351,1,1,1,4,4,Voie communale,50.0,1
202400038539,2024-09-30,après-midi,,,29,29117,1,1,1,4,4,Voie communale,80.0,1
202400038540,2024-06-15,après-midi,,,76,76270,1,3,2,4,3,Départementale,90.0,3
202400038541,2024-09-30,soirée,,,31,31399,3,1,6,4,3,Départementale,80.0,1
202400038542,2024-11-05,matin,,,75,75108,1,1,3,4,4,Voie communale,30.0,1
202400038543,2024-06-16,après-midi,,,72,72181,1,2,3,4,4,Voie communale,30.0,2
202400038544,2024-09-30,après-midi,,,83,83007,1,1,1,4,3,Départementale,70.0,1
202400038545,2024-09-30,soirée,,,64,64160,2,1,1,2,3,Départementale,80.0,1
202400038546,2024-06-17,après-midi,,,71,71309,1,1,5,4,3,Départementale,50.0,2
202400038547,2024-11-04,après-midi,,,75,75108,1,1,6,4,4,Voie communale,30.0,1
202400038548,2024-09-30,soirée,,,18,18054,2,1,3,4,4,Voie communale,50.0,1
202400038549,2024-06-16,nuit,,,69,69259,5,1,6,4,7,Autre,50.0,1
202400038550,2024-09-30,après-midi,,,18,18139,1,1,7,3,3,Départementale,80.0,1
202400038551,2024-06-17,après-midi,,,69,69091,1,1,6,4,7,Autre,30.0,1
202400038552,2024-10-01,matin,,,36,36088,1,2,7,4,4,Voie communale,50.0,2
202400038553,2024-11-04,après-midi,,,75,75103,1,1,3,4,4,Voie communale,30.0,1
202400038554,2024-09-30,soirée,,,07,07346,1,1,6,3,3,Départementale,50.0,1
202400038555,2024-06-17,nuit,,,67,67447,5,1,3,4,4,Voie communale,50.0,1
202400038556,2024-11-03,soirée,,,75,75101,5,1,3,4,4,Voie communale,30.0,1
202400038557,2024-12-11,nuit,,,38,38185,3,1,2,2,1,Autoroute,70.0,1
202400038558,2024-06-17,matin,,,66,66136,1,1,6,4,4,Voie communale,50.0,1
202400038559,2024-12-11,après-midi,,,35,35238,1,8,3,4,4,Voie communale,30.0,1
202400038560,2024-11-04,après-midi,,,94,94068,1,1,1,4,4,Voie communale,30.0,1
202400038561,2024-06-17,après-midi,,,64,64445,1,1,2,4,4,Voie communale,50.0,1
202400038562,2024-12-11,matin,,,35,35051,5,1,6,4,4,Voie communale,30.0,1
202400038563,2024-06-14,après-midi,,,59,59390,1,1,6,4,3,Départementale,50.0,1
202400038564,2024-11-04,matin,,,94,94022,1,1,3,4,3,Départementale,50.0,1
202400038565,2024-12-11,matin,,,35,35238,5,1,3,4,4,Voie communale,20.0,1
202400038566,2024-11-05,matin,,,94,94017,2,1,6,4,4,Voie communale,30.0,1
202400038567,2024-12-11,soirée,,,34,34129,5,1,5,4,4,Voie communale,50.0,1
202400038568,2024-11-05,après-midi,,,93,93072,1,1,3,4,3,Départementale,50.0,1
202400038569,2024-12-10,après-midi,,,34,34032,1,1,7,4,4,Voie communale,50.0,1
202400038570,2024-06-14,matin,,,59,59574,1,1,6,4,4,Voie communale,50.0,1
202400038571,2024-12-11,soirée,,,33,33167,5,1,7,4,2,Nationale,50.0,1
202400038572,2024-11-04,nuit,,,93,93071,5,1,5,4,3,Départementale,50.0,1
202400038573,2024-06-16,nuit,,,55,55505,3,1,7,4,4,Voie communale,50.0,1
202400038574,2024-12-11,après-midi,,,31,31555,1,8,3,3,4,Voie communale,50.0,1
202400038575,2024-11-05,matin,,,93,93070,1,1,3,4,3,Départementale,50.0,1
202400038576,2024-06-16,soirée,,,54,54395,2,3,6,4,4,Voie communale,30.0,2
202400038577,2024-12-10,après-midi,,,29,29019,1,1,2,4,4,Voie communale,30.0,1
202400038578,2024-11-05,après-midi,,,93,93055,5,1,6,4,3,Départementale,50.0,1
202400038579,2024-06-15,après-midi,,,54,54304,1,1,6,4,4,Voie communale,50.0,1
202400038580,2024-11-05,après-midi,,,93,93049,1,8,3,3,3,Départementale,30.0,1
202400038581,2024-12-11,matin,,,25,25056,1,1,6,4,4,Voie communale,50.0,1
202400038582,2024-11-05,matin,,,93,93010,5,5,3,3,3,Départementale,50.0,1
202400038583,2024-06-13,après-midi,,,50,50502,1,1,6,3,3,Départementale,30.0,1
202400038584,2024-12-11,après-midi,,,13,13209,1,1,3,3,4,Voie communale,50.0,1
202400038585,2024-06-16,après-midi,,,49,49007,1,2,3,4,4,Voie communale,50.0,2
202400038586,2024-12-11,après-midi,,,13,13056,1,1,1,3,9,Autre,50.0,1
202400038587,2024-11-05,après-midi,,,93,93005,1,1,3,4,4,Voie communale,50.0,1
202400038588,2024-12-11,soirée,,,13,13206,5,1,3,3,4,Voie communale,50.0,1
202400038589,2024-06-17,soirée,,,45,45284,1,1,3,3,4,Voie communale,50.0,1
202400038590,2024-11-05,matin,,,92,92073,2,5,2,4,3,Départementale,50.0,1
202400038591,2024-12-11,matin,,,13,13210,1,1,1,3,9,Autre,50.0,1
202400038592,2024-06-17,matin,,,45,45068,1,2,4,4,4,Voie communale,50.0,2
202400038593,2024-11-04,après-midi,,,92,92050,5,1,4,4,4,Voie communale,50.0,1
202400038594,2024-12-11,soirée,,,13,13047,5,1,1,4,4,Voie communale,30.0,1
202400038595,2024-06-17,matin,,,43,43157,1,1,6,4,3,Départementale,50.0,1
202400038596,2024-12-09,après-midi,,,75,75118,1,1,7,4,4,Voie communale,50.0,1
202400038597,2024-11-04,matin,,,92,92036,1,1,6,4,4,Voie communale,50.0,1
202400038598,2024-12-11,matin,,,75,75106,2,2,6,4,4,Voie communale,30.0,2
202400038599,2024-06-16,soirée,,,37,37261,1,1,6,4,4,Voie communale,50.0,1
202400038600,2024-11-05,soirée,,,92,92023,5,1,6,3,4,Voie communale,30.0,1
202400038601,2024-12-11,soirée,,,75,75120,5,1,2,4,4,Voie communale,50.0,1
202400038602,2024-11-05,après-midi,,,92,92012,1,1,7,4,4,Voie communale,50.0,1
202400038603,2024-06-17,soirée,,,35,35278,1,1,6,3,2,Nationale,50.0,8
202400038604,2024-11-05,soirée,,,92,92002,5,1,6,4,3,Départementale,30.0,1
202400038605,2024-06-15,matin,,,34,34032,2,1,2,4,4,Voie communale,50.0,1
202400038606,2024-06-17,soirée,,,32,32013,1,1,7,4,5,Autre,50.0,1
202400038607,2024-11-01,après-midi,,,33,33218,1,1,3,3,3,Départementale,80.0,1
202400038608,2024-12-11,matin,,,75,75117,2,2,6,4,4,Voie communale,30.0,2
202400038609,2024-06-17,nuit,,,31,31555,5,1,3,4,7,Autre,50.0,1
202400038610,2024-11-05,après-midi,,,24,24521,1,1,6,3,2,Nationale,50.0,1
202400038611,2024-11-05,après-midi,,,09,09268,1,1,3,4,3,Départementale,80.0,1
202400038612,2024-12-10,matin,,,75,75114,1,1,6,4,4,Voie communale,30.0,1
202400038613,2024-11-04,après-midi,,,63,63026,1,1,6,3,3,Départementale,50.0,1
202400038614,2024-12-11,nuit,,,75,75113,5,2,2,4,4,Voie communale,50.0,8
202400038615,2024-11-03,soirée,,,21,21642,3,1,4,4,1,Autoroute,130.0,1
202400038616,2024-11-05,matin,,,30,30209,1,1,7,3,3,Départementale,80.0,1
202400038617,2024-10-31,après-midi,,,37,37122,1,1,1,4,7,Autre,70.0,1
202400038618,2024-12-10,après-midi,,,75,75112,5,2,4,4,4,Voie communale,30.0,2
202400038619,2024-12-11,matin,,,75,75117,1,2,6,4,4,Voie communale,30.0,2
202400038620,2024-11-05,après-midi,,,91,91679,3,1,1,3,3,Départementale,50.0,1
202400038621,2024-12-11,matin,,,75,75107,1,2,3,4,4,Voie communale,30.0,2
202400038622,2024-12-11,matin,,,94,94028,1,2,3,4,4,Voie communale,50.0,2
202400038623,2024-12-11,matin,,,94,94011,3,2,3,4,3,Départementale,50.0,2
202400038624,2024-11-06,matin,,,59,59074,2,2,1,4,4,Voie communale,80.0,6
202400038625,2024-12-11,soirée,,,94,94019,2,1,6,4,3,Départementale,50.0,1
202400038626,2024-11-05,soirée,,,56,56255,3,5,1,3,3,Départementale,50.0,2
202400038627,2024-12-11,après-midi,,,93,93059,1,1,3,4,3,Départementale,30.0,1
202400038628,2024-12-11,matin,,,93,93071,5,2,6,4,4,Voie communale,50.0,2
202400038629,2024-11-05,soirée,,,56,56147,3,5,1,3,3,Départementale,80.0,1
202400038630,2024-12-09,nuit,,,93,93066,5,1,2,4,3,Départementale,50.0,2
202400038631,2024-12-11,soirée,,,93,93053,5,1,3,4,4,Voie communale,50.0,1
202400038632,2024-12-11,matin,,,93,93063,5,2,1,4,3,Départementale,30.0,2
202400038633,2024-11-06,nuit,,,59,59189,3,1,2,3,3,Départementale,80.0,1
202400038634,2024-12-10,après-midi,,,93,93027,2,2,3,4,4,Voie communale,50.0,2
202400038635,2024-12-11,nuit,,,93,93001,5,1,3,4,3,Départementale,50.0,1
202400038636,2024-12-11,soirée,,,93,93001,5,1,6,4,4,Voie communale,30.0,1
202400038637,2024-12-10,après-midi,,,93,93001,2,2,6,4,3,Départementale,50.0,2
202400038638,2024-11-05,après-midi,,,76,76312,5,1,1,3,2,Nationale,,1
202400038639,2024-12-11,soirée,,,92,92075,5,1,6,4,4,Voie communale,50.0,1
202400038640,2024-11-06,après-midi,,,71,71013,1,7,3,4,3,Départementale,80.0,1
202400038641,2024-12-11,après-midi,,,92,92046,5,1,3,4,3,Départementale,50.0,1
202400038642,2024-12-11,soirée,,,92,92026,5,1,1,4,3,Départementale,50.0,1
202400038643,2024-11-02,matin,,,71,71340,1,5,3,3,3,Départementale,80.0,2
202400038644,2024-12-11,matin,,,92,92076,1,2,6,4,3,Départementale,30.0,2
202400038645,2024-12-11,après-midi,,,92,92049,5,1,6,4,4,Voie communale,30.0,1
202400038646,2024-11-06,matin,,,49,49308,1,5,1,3,3,Départementale,80.0,2
202400038647,2024-11-05,après-midi,,,12,12254,2,1,1,4,3,Départementale,90.0,1
202400038648,2024-12-10,soirée,,,92,92049,5,2,1,4,3,Départementale,50.0,2
202400038649,2024-11-06,après-midi,,,12,12056,1,1,6,2,2,Nationale,110.0,1
202400038650,2024-12-11,soirée,,,92,92012,5,1,6,4,3,Départementale,50.0,1
202400038651,2024-11-05,soirée,,,29,29039,3,1,3,4,3,Départementale,50.0,1
202400038652,2024-12-09,après-midi,,,92,92004,3,2,2,4,3,Départementale,50.0,2
202400038653,2024-12-11,matin,,,92,92014,1,2,6,4,3,Départementale,30.0,2
202400038654,2024-11-06,nuit,,,02,02445,3,5,6,2,3,Départementale,80.0,2
202400038655,2024-12-07,soirée,,,67,67535,5,1,1,4,3,Départementale,50.0,1
202400038656,2024-11-05,soirée,,,58,58215,3,5,6,4,3,Départementale,80.0,1
202400038657,2024-11-05,matin,,,72,72109,3,5,1,3,3,Départementale,90.0,2
202400038658,2024-12-12,nuit,,,988,98812,2,1,6,3,6,Autre,30.0,1
202400038659,2024-11-04,soirée,,,72,72241,5,1,1,3,3,Départementale,,1
202400038660,2024-12-12,après-midi,,,83,83019,1,1,3,3,3,Départementale,70.0,1
202400038661,2024-11-03,soirée,,,36,36010,3,8,6,2,3,Départementale,80.0,1
202400038662,2024-12-11,nuit,,,59,59400,5,1,6,3,3,Départementale,50.0,1
202400038663,2024-11-06,soirée,,,21,21054,3,1,1,3,3,Départementale,80.0,1
202400038664,2024-12-12,soirée,,,67,67420,3,1,1,3,3,Départementale,90.0,2
202400038665,2024-11-05,nuit,,,24,24117,3,5,7,3,3,Départementale,50.0,2
202400038666,2024-12-12,matin,,,82,82038,1,1,6,3,3,Départementale,50.0,1
202400038667,2024-11-06,après-midi,,,27,27198,1,5,6,3,3,Départementale,50.0,1
202400038668,2024-12-10,après-midi,,,61,61293,5,2,6,2,4,Voie communale,50.0,2
202400038669,2024-12-11,soirée,,,61,61421,3,1,6,3,3,Départementale,80.0,1
202400038670,2024-11-04,soirée,,,37,37021,3,5,5,4,3,Départementale,90.0,1
202400038671,2024-12-12,matin,,,12,12208,2,1,6,4,3,Départementale,30.0,1
202400038672,2024-11-06,nuit,,,13,13044,3,1,3,4,3,Départementale,80.0,1
202400038673,2024-12-04,après-midi,,,34,34106,1,1,1,4,3,Départementale,,1
202400038674,2024-11-11,soirée,,,25,25328,3,9,1,4,2,Nationale,90.0,2
202400038675,2024-11-06,après-midi,,,974,97408,1,1,7,3,2,Nationale,90.0,1
202400038676,2024-12-11,après-midi,,,29,29007,1,1,7,2,4,Voie communale,50.0,1
202400038677,2024-11-06,matin,,,973,97306,1,1,1,2,2,Nationale,80.0,1
202400038678,2024-12-12,après-midi,,,02,02379,2,5,1,4,3,Départementale,80.0,1
202400038679,2024-12-12,nuit,,,03,03021,3,1,6,3,3,Départementale,50.0,1
202400038680,2024-11-04,après-midi,,,45,45028,1,1,1,3,3,Départementale,50.0,1
202400038681,2024-12-12,matin,,,26,26115,1,1,2,3,3,Départementale,80.0,1
202400038682,2024-11-05,matin,,,77,77235,1,5,5,4,3,Départementale,90.0,1
202400038683,2024-12-12,matin,,,14,14592,2,1,3,4,3,Départementale,80.0,1
202400038684,2024-11-03,soirée,,,77,77183,5,1,7,3,3,Départementale,50.0,1
202400038685,2024-12-12,après-midi,,,30,30006,1,1,1,4,3,Départementale,80.0,1
202400038686,2024-10-09,après-midi,,,78,78206,1,3,1,3,3,Départementale,50.0,2
202400038687,2024-12-12,matin,,,30,30284,4,1,7,3,4,Voie communale,50.0,1
202400038688,2024-12-11,après-midi,,,11,11262,1,1,1,4,3,Départementale,,1
202400038689,2024-11-05,soirée,,,2B,2B298,3,1,3,4,3,Départementale,50.0,1
202400038690,2024-11-06,après-midi,,,83,83042,1,1,3,3,3,Départementale,50.0,1
202400038691,2024-12-10,après-midi,,,13,13049,1,1,3,3,1,Autoroute,130.0,1
202400038692,2024-12-11,nuit,,,34,34022,3,1,7,3,2,Nationale,70.0,1
202400038693,2024-11-05,soirée,,,83,83042,5,1,1,2,3,Départementale,50.0,1
202400038694,2024-11-06,après-midi,,,13,13027,1,1,2,4,3,Départementale,50.0,1
202400038695,2024-12-11,après-midi,,,68,68063,1,1,2,4,3,Départementale,50.0,1
202400038696,2024-12-11,après-midi,,,68,68063,5,1,3,4,4,Voie communale,50.0,1
202400038697,2024-12-12,soirée,,,26,26358,3,1,7,3,3,Départementale,80.0,1
202400038698,2024-12-12,matin,,,60,60668,2,2,4,4,3,Départementale,80.0,2
202400038699,2024-11-04,après-midi,,,33,33551,1,1,3,3,3,Départementale,70.0,1
202400038700,2024-12-07,soirée,,,59,59481,5,2,6,4,3,Départementale,,2
202400038701,2024-11-05,après-midi,,,62,62865,1,1,1,3,3,Départementale,30.0,1
202400038702,2024-12-10,après-midi,,,59,59466,3,1,3,4,3,Départementale,50.0,1
202400038703,2024-12-11,matin,,,33,33063,1,1,7,4,1,Autoroute,30.0,1
202400038704,2024-11-05,après-midi,,,59,59057,1,2,6,4,3,Départementale,,2
202400038705,2024-12-09,matin,,,59,59566,1,1,3,4,1,Autoroute,90.0,1
202400038706,2024-11-12,après-midi,,,62,62193,3,1,7,3,1,Autoroute,130.0,1
202400038707,2024-11-05,après-midi,,,59,59653,4,2,2,4,2,Nationale,,2
202400038708,2024-12-11,matin,,,91,91661,1,1,2,4,1,Autoroute,110.0,1
202400038709,2024-11-05,matin,,,13,13212,5,1,2,4,1,Autoroute,70.0,1
202400038710,2024-12-11,matin,,,91,91521,2,1,4,4,1,Autoroute,110.0,1
202400038711,2024-11-02,soirée,,,69,69266,3,1,3,4,7,Autre,70.0,1
202400038712,2024-12-11,matin,,,95,95582,2,2,2,4,3,Départementale,90.0,2
202400038713,2024-11-05,nuit,,,33,33448,3,1,2,4,1,Autoroute,130.0,1
202400038714,2024-12-10,soirée,,,92,92036,3,2,1,4,1,Autoroute,90.0,2
202400038715,2024-11-05,après-midi,,,33,33550,1,1,2,4,1,Autoroute,90.0,1
202400038716,2024-12-10,nuit,,,95,95252,3,1,6,4,1,Autoroute,110.0,1
202400038717,2024-11-04,nuit,,,33,33162,3,1,6,4,1,Autoroute,90.0,1
202400038718,2024-12-09,soirée,,,93,93005,3,1,2,4,1,Autoroute,90.0,1
202400038719,2024-11-05,nuit,,,59,59403,3,1,6,4,1,Autoroute,110.0,1
202400038720,2024-12-09,matin,,,95,95563,1,1,7,3,1,Autoroute,110.0,2
202400038721,2024-12-09,matin,,,95,95572,3,2,7,4,1,Autoroute,50.0,2
202400038722,2024-12-09,nuit,,,93,93066,3,1,7,4,1,Autoroute,90.0,2
202400038723,2024-11-14,après-midi,,,44,44109,5,1,3,4,4,Voie communale,50.0,1
202400038724,2024-11-03,soirée,,,62,62528,3,1,6,3,1,Autoroute,110.0,1
202400038725,2024-11-09,après-midi,,,44,44109,1,1,7,4,4,Voie communale,30.0,1
202400038726,2024-11-08,soirée,,,44,44109,5,1,7,4,4,Voie communale,30.0,1
202400038727,2024-11-04,soirée,,,92,92064,5,1,2,4,1,Autoroute,70.0,1
202400038728,2024-11-08,matin,,,44,44109,1,1,3,4,4,Voie communale,30.0,1
202400038729,2024-11-04,soirée,,,92,92050,5,1,4,4,1,Autoroute,70.0,1
202400038730,2024-11-06,après-midi,,,44,44109,1,1,6,4,4,Voie communale,10.0,1
202400038731,2024-09-28,après-midi,,,50,50267,1,1,3,4,3,Départementale,50.0,1
202400038732,2024-11-04,matin,,,92,92025,1,1,2,4,1,Autoroute,70.0,1
202400038733,2024-12-02,matin,,,44,44109,1,1,2,4,4,Voie communale,50.0,1
202400038734,2024-11-04,nuit,,,77,77372,3,1,6,4,1,Autoroute,90.0,1
202400038735,2024-09-26,matin,,,91,91179,1,8,1,3,2,Nationale,80.0,2
202400038736,2024-11-04,matin,,,94,94017,1,1,2,4,1,Autoroute,90.0,1
202400038737,2024-09-20,après-midi,,,91,91405,1,1,3,3,3,Départementale,50.0,1
202400038738,2024-11-04,matin,,,94,94052,2,1,2,4,1,Autoroute,90.0,1
202400038739,2024-06-28,nuit,,,73,73236,3,1,6,4,4,Voie communale,50.0,1
202400038740,2024-12-09,matin,,,62,62846,1,8,3,4,3,Départementale,50.0,1
202400038741,2024-03-29,matin,,,73,73227,1,8,6,4,4,Voie communale,30.0,1
202400038742,2024-10-15,après-midi,,,82,82121,1,1,7,2,4,Voie communale,70.0,1
202400038743,2024-06-28,nuit,,,34,34150,3,1,6,2,4,Voie communale,15.0,1
202400038744,2024-07-09,soirée,,,77,77527,1,1,4,4,3,Départementale,110.0,1
202400038745,2024-07-27,nuit,,,14,14488,2,1,1,3,3,Départementale,50.0,1
202400038746,2024-08-18,nuit,,,40,40088,5,1,2,4,3,Départementale,50.0,1
202400038747,2024-11-04,matin,,,974,97411,1,1,3,4,2,Nationale,30.0,1
202400038748,2024-12-09,après-midi,,,974,97416,1,1,3,4,2,Nationale,110.0,1
202400038749,2024-11-04,après-midi,,,973,97302,1,1,3,4,3,Départementale,50.0,1
202400038750,2024-12-09,après-midi,,,974,97407,1,1,1,4,2,Nationale,50.0,1
202400038751,2024-11-05,soirée,,,69,69383,5,1,6,4,4,Voie communale,50.0,1
202400038752,2024-12-09,nuit,,,973,97302,5,1,3,4,3,Départementale,50.0,1
202400038753,2024-11-04,soirée,,,69,69383,5,1,3,4,4,Voie communale,50.0,1
202400038754,2024-12-09,soirée,,,973,97302,2,1,6,4,3,Départementale,,1
202400038755,2024-11-04,après-midi,,,972,97209,1,1,6,4,4,Voie communale,50.0,1
202400038756,2024-12-09,matin,,,973,97302,1,1,1,4,4,Voie communale,50.0,1
202400038757,2024-11-04,soirée,,,2B,2B037,5,1,6,4,2,Nationale,50.0,1
202400038758,2024-11-03,soirée,,,971,97101,4,1,1,4,3,Départementale,50.0,1
202400038759,2024-12-10,nuit,,,69,69386,5,1,3,4,4,Voie communale,30.0,1
202400038760,2024-12-09,soirée,,,972,97213,5,1,6,3,3,Départementale,70.0,1
202400038761,2024-11-03,nuit,,,971,97113,2,1,3,4,2,Nationale,70.0,1
202400038762,2024-12-10,après-midi,,,971,97101,1,1,1,3,3,Départementale,50.0,1
202400038763,2024-11-04,après-midi,,,971,97105,1,1,6,4,2,Nationale,50.0,1
202400038764,2024-12-10,matin,,,971,97101,1,1,6,4,3,Départementale,50.0,1
202400038765,2024-11-04,matin,,,2A,2A004,1,1,2,4,4,Voie communale,50.0,1
202400038766,2024-12-10,soirée,,,95,95555,5,2,6,4,3,Départementale,50.0,2
202400038767,2024-12-09,après-midi,,,95,95218,5,2,6,4,4,Voie communale,30.0,2
202400038768,2024-11-04,matin,,,95,95563,1,1,3,4,3,Départementale,50.0,1
202400038769,2024-12-10,matin,,,91,91161,2,1,6,4,4,Voie communale,50.0,1
202400038770,2024-11-04,matin,,,91,91457,5,1,6,4,4,Voie communale,50.0,1
202400038771,2024-11-04,soirée,,,91,91027,3,1,3,4,4,Voie communale,30.0,1