Num_Acc,date,time_of_day,lat,long,dep,com,lum,atm,col,severity_index,catr,catr_label,vma,surf
202400038772,2024-12-09,soirée,,,91,91657,5,1,6,3,3,Départementale,50.0,2
202400038773,2024-10-31,après-midi,,,87,87114,1,1,6,3,3,Départementale,50.0,1
202400038774,2024-12-10,après-midi,,,91,91228,1,1,6,4,4,Voie communale,50.0,2
202400038775,2024-10-31,matin,,,87,87085,1,1,2,4,1,Autoroute,110.0,1
202400038776,2024-12-06,après-midi,,,87,87085,1,1,3,4,4,Voie communale,30.0,1
202400038777,2024-12-06,matin,,,85,85194,1,1,3,3,3,Départementale,50.0,1
202400038778,2024-11-04,après-midi,,,83,83090,1,1,1,3,3,Départementale,70.0,1
202400038779,2024-12-10,nuit,,,84,84007,5,1,6,4,3,Départementale,90.0,1
202400038780,2024-11-04,après-midi,,,83,83062,1,1,6,4,4,Voie communale,50.0,1
202400038781,2024-11-03,soirée,,,83,83069,3,1,5,4,3,Départementale,70.0,1
202400038782,2024-12-10,après-midi,,,77,77373,1,1,7,4,3,Départementale,90.0,1
202400038783,2024-11-04,après-midi,,,78,78403,1,1,2,3,3,Départementale,50.0,1
202400038784,2024-12-09,matin,,,77,77114,1,2,6,4,3,Départementale,50.0,2
202400038785,2024-11-04,soirée,,,78,78423,3,1,6,4,2,Nationale,70.0,1
202400038786,2024-12-10,soirée,,,77,77276,3,2,4,3,3,Départementale,70.0,2
202400038787,2024-12-09,soirée,,,77,77284,5,1,6,4,3,Départementale,50.0,1
202400038788,2024-10-31,après-midi,,,77,77445,2,1,6,4,3,Départementale,50.0,1
202400038789,2024-12-09,après-midi,,,77,77284,5,2,6,3,4,Voie communale,50.0,2
202400038790,2024-11-03,nuit,,,77,77122,3,1,6,3,3,Départementale,30.0,1
202400038791,2024-12-10,matin,,,77,77048,1,1,6,3,3,Départementale,70.0,1
202400038792,2024-11-04,après-midi,,,77,77143,1,1,6,4,4,Voie communale,30.0,1
202400038793,2024-12-08,soirée,,,76,76484,5,2,6,2,4,Voie communale,30.0,2
202400038794,2024-11-04,matin,,,77,77237,1,1,3,4,3,Départementale,50.0,1
202400038795,2024-12-09,matin,,,76,76351,1,1,6,3,4,Voie communale,50.0,1
202400038796,2024-11-04,après-midi,,,76,76157,1,1,6,4,7,Autre,80.0,1
202400038797,2024-12-09,après-midi,,,73,73065,3,1,2,4,2,Nationale,90.0,2
202400038798,2024-11-03,nuit,,,76,76351,5,1,6,4,4,Voie communale,50.0,1
202400038799,2024-12-08,après-midi,,,69,69276,1,2,3,4,7,Autre,50.0,2
202400038800,2024-10-31,soirée,,,76,76351,2,1,6,4,4,Voie communale,,1
202400038801,2024-12-10,après-midi,,,67,67482,5,1,6,4,4,Voie communale,20.0,1
202400038802,2024-12-10,nuit,,,67,67482,5,1,3,4,4,Voie communale,50.0,1
202400038803,2024-11-04,matin,,,73,73065,1,1,3,4,4,Voie communale,30.0,1
202400038804,2024-12-09,matin,,,67,67482,1,8,6,4,4,Voie communale,30.0,2
202400038805,2024-11-04,matin,,,72,72181,1,1,2,4,4,Voie communale,50.0,1
202400038806,2024-12-09,matin,,,67,67482,1,8,7,4,4,Voie communale,50.0,1
202400038807,2024-11-03,après-midi,,,69,69259,1,1,6,4,4,Voie communale,50.0,1
202400038808,2024-12-09,après-midi,,,67,67180,1,1,1,4,3,Départementale,80.0,1
202400038809,2024-11-02,soirée,,,68,68224,5,1,3,4,4,Voie communale,50.0,1
202400038810,2024-12-09,après-midi,,,64,64260,4,2,3,4,3,Départementale,50.0,2
202400038811,2024-12-10,matin,,,64,64348,1,8,7,4,3,Départementale,70.0,2
202400038812,2024-11-01,nuit,,,65,65047,4,1,2,4,2,Nationale,50.0,1
202400038813,2024-11-04,soirée,,,64,64102,1,1,3,4,4,Voie communale,50.0,1
202400038814,2024-12-09,soirée,,,64,64269,3,2,4,4,3,Départementale,50.0,2
202400038815,2024-11-04,après-midi,,,64,64024,1,1,4,4,4,Voie communale,50.0,1
202400038816,2024-12-09,matin,,,64,64445,5,2,3,4,4,Voie communale,50.0,2
202400038817,2024-12-10,matin,,,64,64102,2,1,7,4,4,Voie communale,30.0,2
202400038818,2024-11-04,après-midi,,,62,62250,1,1,6,4,4,Voie communale,50.0,1
202400038819,2024-11-03,nuit,,,62,62724,5,1,7,2,4,Voie communale,50.0,1
202400038820,2024-12-10,matin,,,63,63113,2,1,6,4,4,Voie communale,30.0,1
202400038821,2024-11-01,nuit,,,62,62753,5,2,6,2,3,Départementale,50.0,2
202400038822,2024-12-10,après-midi,,,60,60159,1,1,6,4,4,Voie communale,50.0,1
202400038823,2024-11-04,matin,,,59,59508,2,5,2,4,4,Voie communale,70.0,1
202400038824,2024-12-09,matin,,,59,59350,1,1,-1,4,4,Voie communale,50.0,1
202400038825,2024-11-04,après-midi,,,59,59512,1,1,6,4,4,Voie communale,30.0,1
202400038826,2024-12-10,après-midi,,,56,56260,1,1,3,4,4,Voie communale,50.0,1
202400038827,2024-11-03,nuit,,,57,57672,3,1,6,3,3,Départementale,80.0,1
202400038828,2024-11-03,après-midi,,,56,56083,2,1,6,4,4,Voie communale,70.0,1
202400038829,2024-12-09,après-midi,,,56,56098,1,2,5,4,3,Départementale,50.0,2
202400038830,2024-11-04,après-midi,,,54,54159,1,1,6,4,3,Départementale,30.0,1
202400038831,2024-12-06,matin,,,56,56121,5,1,2,4,4,Voie communale,50.0,1
202400038832,2024-11-01,matin,,,49,49099,1,5,1,4,4,Voie communale,80.0,1
202400038833,2024-12-09,soirée,,,54,54184,5,1,6,4,4,Voie communale,50.0,1
202400038834,2024-12-09,matin,,,54,54547,2,8,6,4,4,Voie communale,50.0,1
202400038835,2024-12-10,après-midi,,,51,51454,1,1,3,4,4,Voie communale,20.0,1
202400038836,2024-12-07,soirée,,,51,51454,2,2,6,4,4,Voie communale,50.0,2
202400038837,2024-12-06,après-midi,,,50,50129,1,1,6,4,4,Voie communale,30.0,1
202400038838,2024-12-09,après-midi,,,49,49328,4,1,3,4,4,Voie communale,50.0,1
202400038839,2024-12-09,matin,,,49,49246,1,1,3,4,4,Voie communale,50.0,1
202400038840,2024-12-10,après-midi,,,45,45234,5,2,3,3,4,Voie communale,50.0,2
202400038841,2024-11-12,après-midi,,,42,42218,5,2,6,4,4,Voie communale,50.0,2
202400038842,2024-12-10,matin,,,35,35051,1,1,6,4,6,Autre,30.0,1
202400038843,2024-12-10,matin,,,35,35238,2,1,2,4,2,Nationale,90.0,1
202400038844,2024-12-05,soirée,,,30,30189,5,1,1,4,2,Nationale,50.0,1
202400038845,2024-12-10,nuit,,,23,23096,5,1,6,4,4,Voie communale,50.0,2
202400038846,2024-12-09,matin,,,18,18033,3,1,5,4,3,Départementale,90.0,1
202400038847,2024-12-09,après-midi,,,16,16166,1,1,6,3,4,Voie communale,30.0,1
202400038848,2024-12-10,matin,,,13,13039,1,1,1,4,3,Départementale,90.0,1
202400038849,2024-12-10,nuit,,,13,13212,5,1,2,4,4,Voie communale,50.0,1
202400038850,2024-12-09,après-midi,,,13,13001,1,1,3,4,3,Départementale,50.0,1
202400038851,2024-12-06,nuit,,,07,07102,5,1,7,4,4,Voie communale,50.0,1
202400038852,2024-12-10,après-midi,,,03,03190,1,1,3,4,3,Départementale,50.0,1
202400038853,2024-12-10,soirée,,,75,75115,5,2,3,4,4,Voie communale,50.0,2
202400038854,2024-12-10,soirée,,,75,75112,5,1,3,4,4,Voie communale,50.0,1
202400038855,2024-12-09,soirée,,,75,75118,5,1,6,4,4,Voie communale,50.0,2
202400038856,2024-12-09,après-midi,,,75,75116,5,2,2,4,4,Voie communale,50.0,2
202400038857,2024-12-09,après-midi,,,75,75109,1,8,6,3,4,Voie communale,30.0,2
202400038858,2024-12-10,nuit,,,75,75120,5,2,1,4,4,Voie communale,30.0,2
202400038859,2024-12-10,soirée,,,75,75120,5,2,6,4,4,Voie communale,30.0,2
202400038860,2024-12-10,après-midi,,,75,75120,5,2,3,4,4,Voie communale,30.0,2
202400038861,2024-12-10,après-midi,,,75,75119,1,1,6,4,4,Voie communale,30.0,1
202400038862,2024-12-10,soirée,,,75,75118,5,2,2,4,4,Voie communale,30.0,2
202400038863,2024-12-09,après-midi,,,75,75118,1,1,6,4,4,Voie communale,30.0,1
202400038864,2024-12-06,nuit,,,75,75117,5,1,3,4,4,Voie communale,30.0,2
202400038865,2024-12-09,après-midi,,,75,75115,2,2,2,4,4,Voie communale,50.0,2
202400038866,2024-12-09,soirée,,,75,75114,5,9,3,4,4,Voie communale,30.0,2
202400038867,2024-12-09,après-midi,,,75,75113,1,1,3,4,4,Voie communale,30.0,1
202400038868,2024-12-10,matin,,,75,75112,1,1,6,4,4,Voie communale,30.0,1
202400038869,2024-12-10,après-midi,,,75,75111,1,2,6,3,4,Voie communale,30.0,2
202400038870,2024-12-10,soirée,,,75,75110,5,2,3,4,4,Voie communale,30.0,2
202400038871,2024-12-10,après-midi,,,75,75110,1,8,7,4,4,Voie communale,30.0,2
202400038872,2024-12-10,soirée,,,75,75109,5,2,6,4,4,Voie communale,30.0,2
202400038873,2024-12-10,matin,,,75,75109,1,2,3,4,4,Voie communale,30.0,2
202400038874,2024-12-10,après-midi,,,75,75108,1,1,2,4,4,Voie communale,30.0,2
202400038875,2024-12-10,matin,,,75,75108,1,1,3,4,4,Voie communale,30.0,1
202400038876,2024-12-10,soirée,,,75,75107,5,2,2,4,4,Voie communale,30.0,2
202400038877,2024-12-10,après-midi,,,75,75107,1,2,6,4,4,Voie communale,30.0,2
202400038878,2024-12-10,matin,,,75,75107,1,2,6,4,4,Voie communale,30.0,2
202400038879,2024-12-10,matin,,,94,94078,1,1,2,3,2,Nationale,50.0,1
202400038880,2024-11-18,après-midi,,,94,94042,2,2,6,4,3,Départementale,50.0,2
202400038881,2024-12-09,après-midi,,,94,94046,5,2,3,4,3,Départementale,50.0,2
202400038882,2024-12-10,soirée,,,94,94041,5,2,6,4,3,Départementale,50.0,2
202400038883,2024-12-08,après-midi,,,94,94011,1,2,3,4,6,Autre,30.0,2
202400038884,2024-12-10,soirée,,,94,94018,5,8,6,4,4,Voie communale,30.0,2
202400038885,2024-12-10,matin,,,94,94071,1,2,3,4,3,Départementale,50.0,2
202400038886,2024-12-10,après-midi,,,93,93072,2,1,6,4,4,Voie communale,30.0,1
202400038887,2024-12-10,matin,,,93,93072,1,1,6,4,4,Voie communale,50.0,2
202400038888,2024-12-10,soirée,,,93,93029,5,2,3,4,4,Voie communale,50.0,2
202400038889,2024-01-14,après-midi,,,94,94046,1,8,6,4,6,Autre,10.0,1
202400038890,2024-01-14,matin,,,94,94076,5,1,3,4,3,Départementale,,1
202400038891,2024-01-14,soirée,,,94,94081,5,1,3,4,3,Départementale,50.0,1
202400038892,2024-01-14,soirée,,,94,94022,5,1,3,4,4,Voie communale,,1
202400038893,2024-01-14,soirée,,,93,93071,5,1,2,4,3,Départementale,50.0,2
202400038894,2024-01-13,soirée,,,93,93066,5,8,3,4,3,Départementale,50.0,1
202400038895,2024-01-14,soirée,,,93,93050,5,1,3,4,3,Départementale,50.0,1
202400038896,2024-01-14,après-midi,,,93,93048,1,8,3,4,3,Départementale,50.0,1
202400038897,2024-01-14,nuit,,,93,93005,5,1,7,4,3,Départementale,50.0,1
202400038898,2024-01-14,nuit,,,92,92062,5,1,2,4,3,Départementale,50.0,1
202400038899,2024-01-14,matin,,,92,92004,1,8,2,4,3,Départementale,50.0,1
202400038900,2024-01-12,matin,,,37,37260,2,7,6,3,3,Départementale,80.0,7
202400038901,2024-01-14,soirée,,,35,35120,5,2,3,3,7,Autre,50.0,2
202400038902,2024-01-15,nuit,,,45,45178,5,1,3,4,3,Départementale,50.0,1
202400038903,2024-01-09,après-midi,,,77,77382,1,8,2,4,1,Autoroute,110.0,1
202400038904,2024-01-15,matin,,,83,83086,1,1,6,3,3,Départementale,50.0,1
202400038905,2024-01-11,matin,,,57,57192,2,1,3,4,3,Départementale,70.0,1
202400038906,2024-01-09,après-midi,,,57,57540,3,1,6,3,3,Départementale,70.0,1
202400038907,2024-01-14,matin,,,51,51342,2,9,7,3,3,Départementale,80.0,2
202400038908,2024-01-13,après-midi,,,82,82037,1,1,6,3,3,Départementale,50.0,1
202400038909,2024-01-14,soirée,,,61,61319,2,1,5,4,3,Départementale,80.0,1
202400038910,2024-01-14,nuit,,,55,55338,3,4,7,2,3,Départementale,90.0,5
202400038911,2024-01-12,matin,,,22,22221,1,1,1,3,3,Départementale,50.0,1
202400038912,2024-01-15,après-midi,,,29,29123,1,1,6,4,2,Nationale,110.0,1
202400038913,2024-01-14,soirée,,,15,15260,3,1,6,3,4,Voie communale,50.0,1
202400038914,2024-01-14,après-midi,,,43,43042,1,1,6,3,3,Départementale,90.0,1
202400038915,2024-01-14,soirée,,,43,43174,3,1,2,3,2,Nationale,80.0,1
202400038916,2024-01-14,matin,,,36,36016,1,2,6,3,3,Départementale,80.0,7
202400038917,2024-01-14,soirée,,,36,36243,3,9,6,2,3,Départementale,80.0,1
202400038918,2024-01-14,soirée,,,24,24340,3,1,6,3,4,Voie communale,50.0,1
202400038919,2024-01-13,nuit,,,49,49002,3,1,6,3,1,Autoroute,130.0,1
202400038920,2024-01-15,matin,,,978,97801,1,1,3,3,2,Nationale,50.0,1
202400038921,2024-01-13,après-midi,,,978,97801,1,1,5,3,2,Nationale,50.0,1
202400038922,2024-01-11,soirée,,,13,13069,5,1,3,4,4,Voie communale,50.0,1
202400038923,2024-01-15,nuit,,,01,01038,3,1,2,4,1,Autoroute,130.0,1
202400038924,2024-01-14,soirée,,,973,97309,2,1,1,3,3,Départementale,50.0,1
202400038925,2024-01-15,après-midi,,,06,06088,1,1,1,4,1,Autoroute,50.0,1
202400038926,2024-01-15,matin,,,73,73117,1,4,1,4,3,Départementale,70.0,5
202400038927,2024-01-14,soirée,,,38,38449,3,1,5,3,1,Autoroute,130.0,1
202400038928,2024-01-14,soirée,,,38,38053,3,1,5,4,1,Autoroute,130.0,1
202400038929,2024-01-12,soirée,,,987,98714,3,1,3,3,2,Nationale,40.0,1
202400038930,2024-01-15,matin,,,95,95142,1,1,6,3,3,Départementale,80.0,2
202400038931,2024-01-14,soirée,,,2B,2B087,3,1,1,4,3,Départementale,70.0,1
202400038932,2024-01-14,après-midi,,,03,03266,1,1,6,3,3,Départementale,90.0,1
202400038933,2024-01-14,soirée,,,26,26116,3,1,1,4,2,Nationale,80.0,1
202400038934,2024-01-15,matin,,,69,69204,1,2,6,4,7,Autre,50.0,2
202400038935,2024-01-14,soirée,,,09,09282,3,2,3,3,3,Départementale,80.0,2
202400038936,2024-01-13,après-midi,,,17,17086,1,1,3,3,3,Départementale,80.0,1
202400038937,2024-01-15,après-midi,,,86,86294,1,1,7,3,3,Départementale,80.0,1
202400038938,2024-01-13,après-midi,,,33,33393,1,1,6,2,4,Voie communale,80.0,1
202400038939,2024-01-14,après-midi,,,44,44037,2,2,6,3,3,Départementale,80.0,2
202400038940,2024-01-12,matin,,,59,59129,1,1,1,3,3,Départementale,70.0,1
202400038941,2024-01-14,nuit,,,13,13202,5,1,6,4,1,Autoroute,50.0,1
202400038942,2024-01-13,nuit,,,67,67482,3,9,3,3,7,Autre,90.0,7
202400038943,2024-01-14,nuit,,,33,33487,3,5,6,4,1,Autoroute,50.0,1
202400038944,2024-01-14,matin,,,91,91689,1,8,4,4,1,Autoroute,110.0,1
202400038945,2024-01-14,matin,,,94,94021,3,8,6,4,1,Autoroute,70.0,2
202400038946,2024-01-14,après-midi,,,92,92064,1,1,2,4,1,Autoroute,90.0,1
202400038947,2024-01-14,nuit,,,92,92048,3,1,2,4,2,Nationale,110.0,1
202400038948,2024-01-14,matin,,,93,93066,1,1,7,4,1,Autoroute,90.0,1
202400038949,2024-01-13,soirée,,,95,95252,3,1,2,4,1,Autoroute,90.0,1
202400038950,2024-01-13,matin,,,976,97611,1,1,3,4,4,Voie communale,50.0,1
202400038951,2024-01-13,matin,,,976,97611,1,1,3,4,2,Nationale,50.0,1
202400038952,2024-01-13,après-midi,,,974,97416,1,2,6,4,2,Nationale,90.0,2
202400038953,2024-01-13,soirée,,,69,69383,5,1,5,4,4,Voie communale,30.0,1
202400038954,2024-01-13,soirée,,,972,97213,5,1,7,3,4,Voie communale,30.0,1
202400038955,2024-01-13,après-midi,,,972,97213,1,1,3,3,1,Autoroute,90.0,1
202400038956,2024-01-13,soirée,,,2B,2B120,5,1,-1,4,4,Voie communale,50.0,1
202400038957,2024-01-13,matin,,,2B,2B037,1,1,2,4,9,Autre,30.0,1
202400038958,2024-01-13,nuit,,,971,97113,5,2,7,3,4,Voie communale,50.0,2
202400038959,2024-01-12,après-midi,,,971,97113,1,2,6,4,4,Voie communale,50.0,2
202400038960,2024-01-12,après-midi,,,95,95277,1,1,6,4,4,Voie communale,30.0,1
202400038961,2024-01-11,matin,,,95,95476,1,1,6,3,4,Voie communale,30.0,1
202400038962,2024-01-13,matin,,,91,91228,1,8,3,4,3,Départementale,50.0,2
202400038963,2024-01-13,matin,,,82,82033,1,1,2,4,4,Voie communale,50.0,1
202400038964,2024-01-13,matin,,,78,78481,2,1,3,4,3,Départementale,50.0,1
202400038965,2024-01-14,nuit,,,77,77083,5,1,7,4,4,Voie communale,50.0,1
202400038966,2024-01-13,matin,,,77,77479,1,1,6,4,4,Voie communale,50.0,1
202400038967,2024-01-13,nuit,,,77,77320,3,5,6,4,3,Départementale,50.0,7
202400038968,2024-01-13,matin,,,76,76575,1,1,1,4,7,Autre,50.0,1
202400038969,2024-01-13,nuit,,,76,76540,5,1,2,4,4,Voie communale,30.0,1
202400038970,2024-01-13,soirée,,,69,69266,5,1,6,4,4,Voie communale,50.0,1
202400038971,2024-01-12,après-midi,,,69,69091,1,1,3,4,4,Voie communale,50.0,1
202400038972,2024-05-13,après-midi,,,38,38185,1,1,3,3,4,Voie communale,30.0,1
202400038973,2024-05-13,matin,,,37,37122,1,1,7,4,3,Départementale,50.0,1
202400038974,2024-01-13,après-midi,,,67,67043,1,8,6,4,4,Voie communale,30.0,2
202400038975,2024-05-13,matin,,,35,35238,1,1,3,3,4,Voie communale,50.0,1
202400038976,2024-01-13,soirée,,,64,64269,5,1,4,4,4,Voie communale,50.0,1
202400038977,2024-05-10,après-midi,,,30,30189,1,1,3,3,4,Voie communale,50.0,1
202400038978,2024-01-13,nuit,,,63,63300,3,5,2,3,3,Départementale,110.0,7
202400038979,2024-05-13,matin,,,29,29019,1,3,3,4,4,Voie communale,30.0,2
202400038980,2024-01-13,après-midi,,,63,63113,1,1,6,4,4,Voie communale,30.0,1
202400038981,2024-04-26,soirée,,,28,28085,5,1,3,3,4,Voie communale,30.0,1
202400038982,2024-01-12,soirée,,,62,62291,5,8,6,3,3,Départementale,50.0,1
202400038983,2024-01-12,après-midi,,,62,62178,1,1,1,4,4,Voie communale,50.0,1
202400038984,2024-05-13,après-midi,,,22,22278,1,1,2,4,4,Voie communale,30.0,1
202400038985,2024-01-13,après-midi,,,48,48095,1,7,6,3,4,Voie communale,50.0,1
202400038986,2024-05-13,après-midi,,,17,17306,1,1,3,4,4,Voie communale,50.0,1
202400038987,2024-01-12,matin,,,47,47323,3,5,7,4,4,Voie communale,80.0,2
202400038988,2024-05-12,soirée,,,13,13210,5,1,1,4,4,Voie communale,50.0,1
202400038989,2024-01-13,matin,,,47,47032,1,8,6,4,3,Départementale,50.0,1
202400038990,2024-05-13,nuit,,,13,13005,5,1,1,3,4,Voie communale,30.0,1
202400038991,2024-01-12,après-midi,,,47,47032,1,1,6,4,3,Départementale,50.0,1
202400038992,2024-05-13,soirée,,,09,09225,1,1,6,4,3,Départementale,70.0,1
202400038993,2024-02-28,matin,,,45,45234,1,1,6,4,4,Voie communale,50.0,1
202400038994,2024-01-13,après-midi,,,38,38185,1,1,6,3,4,Voie communale,30.0,1
202400038995,2024-05-13,après-midi,,,01,01053,1,1,6,4,4,Voie communale,50.0,1
202400038996,2024-01-13,après-midi,,,37,37214,1,8,2,4,4,Voie communale,50.0,1
202400038997,2024-02-25,nuit,,,45,45234,5,2,6,3,4,Voie communale,30.0,2
202400038998,2024-05-12,après-midi,,,75,75106,1,1,6,4,4,Voie communale,30.0,1
202400038999,2024-01-13,après-midi,,,35,35238,1,8,3,4,4,Voie communale,30.0,1
202400039000,2024-05-13,nuit,,,75,75119,5,1,6,3,4,Voie communale,50.0,1
202400039001,2024-02-24,soirée,,,45,45234,5,1,3,4,4,Voie communale,50.0,1
202400039002,2024-01-12,après-midi,,,35,35238,1,1,3,4,4,Voie communale,30.0,1
202400039003,2024-05-13,soirée,,,75,75119,1,1,3,4,4,Voie communale,30.0,1
202400039004,2024-02-28,soirée,,,44,44184,5,2,3,3,4,Voie communale,50.0,2
202400039005,2024-01-13,soirée,,,33,33063,5,1,3,4,4,Voie communale,30.0,1
202400039006,2024-05-13,nuit,,,75,75118,5,1,6,4,4,Voie communale,30.0,1
202400039007,2024-04-05,matin,,,85,85191,1,3,3,4,3,Départementale,50.0,2
202400039008,2024-01-13,matin,,,31,31483,1,1,6,3,3,Départementale,50.0,1
202400039009,2024-02-23,matin,,,44,44184,1,1,7,4,4,Voie communale,50.0,2
202400039010,2024-05-12,après-midi,,,75,75115,1,1,6,4,4,Voie communale,30.0,1
202400039011,2024-01-12,après-midi,,,29,29232,2,8,6,4,3,Départementale,70.0,1
202400039012,2024-04-05,après-midi,,,84,84007,1,1,3,4,4,Voie communale,50.0,1
202400039013,2024-02-21,après-midi,,,44,44184,1,3,3,4,4,Voie communale,30.0,2
202400039014,2024-05-13,après-midi,,,75,75112,1,1,3,4,4,Voie communale,30.0,1
202400039015,2024-04-05,matin,,,83,83137,1,1,3,4,3,Départementale,30.0,1
202400039016,2024-01-13,soirée,,,29,29019,5,1,4,4,4,Voie communale,30.0,1
202400039017,2024-02-19,soirée,,,44,44109,5,1,6,4,4,Voie communale,50.0,1
202400039018,2024-05-13,matin,,,75,75110,1,1,6,4,4,Voie communale,30.0,1
202400039019,2024-02-26,après-midi,,,43,43041,1,2,3,4,3,Départementale,50.0,2
202400039020,2024-01-13,matin,,,29,29019,1,1,3,4,4,Voie communale,50.0,1
202400039021,2024-04-05,matin,,,77,77379,1,8,6,4,4,Voie communale,30.0,1
202400039022,2024-05-13,matin,,,75,75110,1,1,3,4,4,Voie communale,30.0,1
202400039023,2024-01-12,après-midi,,,15,15014,1,1,2,3,4,Voie communale,30.0,1
202400039024,2024-02-26,après-midi,,,43,43157,1,1,3,4,3,Départementale,50.0,1
202400039025,2024-04-05,matin,,,76,76216,3,2,6,4,7,Autre,50.0,2
202400039026,2024-05-13,soirée,,,75,75108,1,1,6,4,4,Voie communale,30.0,1
202400039027,2024-01-13,après-midi,,,13,13103,3,1,6,3,3,Départementale,70.0,1
202400039028,2024-04-04,soirée,,,76,76540,5,2,6,3,4,Voie communale,50.0,2
202400039029,2024-01-13,après-midi,,,13,13201,1,1,1,4,4,Voie communale,5.0,1
202400039030,2024-05-12,matin,,,75,75102,1,1,1,4,4,Voie communale,30.0,1
202400039031,2024-04-04,après-midi,,,76,76351,1,1,3,4,4,Voie communale,30.0,1
202400039032,2024-01-13,nuit,,,13,13212,5,1,3,4,4,Voie communale,50.0,1
202400039033,2024-02-23,matin,,,41,41018,1,1,3,3,4,Voie communale,30.0,1
202400039034,2024-01-13,nuit,,,13,13204,5,9,3,4,4,Voie communale,50.0,1
202400039035,2024-05-13,nuit,,,94,94041,5,1,3,4,3,Départementale,50.0,1
202400039036,2024-04-03,matin,,,71,71270,2,2,3,4,4,Voie communale,50.0,2
202400039037,2024-01-12,après-midi,,,13,13206,5,1,3,3,4,Voie communale,50.0,1
202400039038,2024-02-19,après-midi,,,41,41018,1,1,6,4,4,Voie communale,50.0,1
202400039039,2024-04-05,soirée,,,69,69266,5,1,1,4,4,Voie communale,30.0,1
202400039040,2024-01-12,après-midi,,,13,13207,1,1,1,4,4,Voie communale,50.0,1
202400039041,2024-02-21,après-midi,,,39,39300,1,1,6,4,3,Départementale,50.0,1
202400039042,2024-01-12,matin,,,11,11262,1,1,6,4,4,Voie communale,30.0,1
202400039043,2024-02-21,soirée,,,39,39300,1,1,6,4,4,Voie communale,30.0,1
202400039044,2024-04-05,matin,,,69,69264,1,1,3,4,3,Départementale,50.0,1
202400039045,2024-05-13,matin,,,94,94018,1,1,6,4,3,Départementale,,1
202400039046,2024-01-09,après-midi,,,11,11262,1,1,6,4,4,Voie communale,30.0,1
202400039047,2024-01-13,matin,,,11,11069,2,5,6,4,3,Départementale,90.0,2
202400039048,2024-04-05,après-midi,,,69,69259,1,1,3,3,4,Voie communale,50.0,1
202400039049,2024-05-13,après-midi,,,93,93007,1,1,3,4,4,Voie communale,50.0,1
202400039050,2024-02-26,après-midi,,,38,38185,1,1,3,4,4,Voie communale,30.0,1
202400039051,2024-04-05,après-midi,,,69,69259,1,6,7,4,4,Voie communale,50.0,1
202400039052,2024-01-13,soirée,,,06,06088,2,1,6,4,4,Voie communale,50.0,1
202400039053,2024-05-13,après-midi,,,93,93078,1,1,6,4,3,Départementale,50.0,1
202400039054,2024-02-28,soirée,,,37,37195,5,8,2,4,4,Voie communale,50.0,1
202400039055,2024-01-12,après-midi,,,02,02738,1,1,6,3,4,Voie communale,50.0,1
202400039056,2024-04-04,après-midi,,,69,69259,1,1,1,4,4,Voie communale,50.0,1
202400039057,2024-05-13,nuit,,,93,93066,5,1,3,4,3,Départementale,50.0,1
202400039058,2024-05-13,après-midi,,,93,93066,1,1,6,4,4,Voie communale,50.0,1
202400039059,2024-02-28,matin,,,37,37261,1,1,3,4,4,Voie communale,50.0,1
202400039060,2024-04-04,après-midi,,,69,69290,1,1,3,4,7,Autre,50.0,1
202400039061,2024-01-12,soirée,,,75,75112,5,1,4,4,4,Voie communale,70.0,1
202400039062,2024-02-25,nuit,,,37,37195,3,2,6,4,7,Autre,50.0,2
202400039063,2024-01-13,nuit,,,75,75106,5,1,7,3,4,Voie communale,30.0,1
202400039064,2024-04-05,après-midi,,,67,67482,1,1,3,4,4,Voie communale,40.0,1
202400039065,2024-05-12,nuit,,,93,93010,5,1,3,4,1,Autoroute,50.0,1
202400039066,2024-01-13,après-midi,,,75,75119,1,1,3,4,4,Voie communale,50.0,1
202400039067,2024-02-24,matin,,,37,37214,1,1,1,4,4,Voie communale,50.0,1
202400039068,2024-04-05,nuit,,,66,66136,3,1,6,3,3,Départementale,90.0,1
202400039069,2024-05-12,après-midi,,,93,93032,1,1,3,4,4,Voie communale,50.0,1
202400039070,2024-02-23,nuit,,,37,37261,5,2,6,4,4,Voie communale,50.0,2
202400039071,2024-04-05,matin,,,66,66136,1,1,6,4,4,Voie communale,30.0,1
202400039072,2024-01-13,après-midi,,,75,75117,1,8,6,4,4,Voie communale,30.0,1
202400039073,2024-05-13,après-midi,,,93,93001,1,1,3,4,3,Départementale,50.0,1
202400039074,2024-04-05,matin,,,65,65440,1,7,3,4,2,Nationale,50.0,1
202400039075,2024-02-23,après-midi,,,37,37261,1,1,6,4,4,Voie communale,50.0,1
202400039076,2024-01-13,matin,,,75,75117,1,8,1,4,4,Voie communale,30.0,1
202400039077,2024-05-12,soirée,,,92,92064,2,1,3,4,3,Départementale,50.0,1
202400039078,2024-04-05,soirée,,,64,64445,1,1,3,4,4,Voie communale,50.0,1
202400039079,2024-02-23,après-midi,,,37,37122,1,8,3,4,4,Voie communale,50.0,1
202400039080,2024-01-12,soirée,,,75,75109,5,1,2,4,4,Voie communale,30.0,1
202400039081,2024-05-13,après-midi,,,92,92020,1,1,6,4,3,Départementale,50.0,1
202400039082,2024-04-05,matin,,,64,64284,1,1,3,3,3,Départementale,50.0,1