Num_Acc,date,time_of_day,lat,long,dep,com,lum,atm,col,severity_index,catr,catr_label,vma,surf
202400039083,2024-01-13,matin,,,75,75116,2,1,6,4,4,Voie communale,30.0,1
202400039084,2024-05-13,soirée,,,92,92019,1,1,6,4,4,Voie communale,30.0,1
202400039085,2024-02-22,après-midi,,,37,37261,1,2,3,4,4,Voie communale,50.0,2
202400039086,2024-01-13,matin,,,75,75107,2,1,7,4,4,Voie communale,30.0,1
202400039087,2024-04-04,soirée,,,62,62498,1,1,1,4,3,Départementale,20.0,1
202400039088,2024-05-13,après-midi,,,92,92012,1,1,3,4,3,Départementale,50.0,1
202400039089,2024-02-22,après-midi,,,37,37233,1,3,6,4,6,Autre,20.0,2
202400039090,2024-01-13,soirée,,,94,94081,5,8,6,4,3,Départementale,50.0,1
202400039091,2024-04-05,après-midi,,,61,61001,1,2,1,4,4,Voie communale,30.0,2
202400039092,2024-05-13,après-midi,,,92,92002,1,1,7,4,3,Départementale,10.0,1
202400039093,2024-02-22,matin,,,37,37261,1,3,3,4,4,Voie communale,30.0,2
202400039094,2024-04-05,soirée,,,59,59599,1,1,3,4,4,Voie communale,50.0,1
202400039095,2024-05-14,matin,,,60,60201,1,2,1,4,3,Départementale,80.0,2
202400039096,2024-02-22,matin,,,37,37122,1,3,7,4,3,Départementale,70.0,2
202400039097,2024-01-13,après-midi,,,94,94052,1,1,4,4,3,Départementale,50.0,1
202400039098,2024-05-14,après-midi,,,62,62461,1,3,6,3,3,Départementale,50.0,2
202400039099,2024-05-11,matin,,,62,62661,1,7,7,3,3,Départementale,30.0,1
202400039100,2024-04-05,soirée,,,59,59350,1,1,3,4,4,Voie communale,50.0,1
202400039101,2024-02-23,matin,,,36,36044,1,1,3,4,4,Voie communale,,1
202400039102,2024-01-13,nuit,,,94,94034,5,1,6,3,4,Voie communale,50.0,1
202400039103,2024-01-13,nuit,,,94,94073,5,2,6,4,3,Départementale,50.0,2
202400039104,2024-02-27,soirée,,,35,35238,5,1,3,3,4,Voie communale,30.0,1
202400039105,2024-05-13,nuit,,,51,51649,5,1,3,4,4,Voie communale,50.0,1
202400039106,2024-04-05,matin,,,54,54439,1,1,4,4,4,Voie communale,30.0,1
202400039107,2024-01-13,soirée,,,94,94046,5,8,3,4,3,Départementale,50.0,2
202400039108,2024-05-13,matin,,,71,71007,1,1,3,4,3,Départementale,50.0,2
202400039109,2024-04-04,nuit,,,54,54304,5,2,6,4,4,Voie communale,50.0,2
202400039110,2024-02-27,après-midi,,,35,35278,1,1,2,4,7,Autre,90.0,1
202400039111,2024-01-13,soirée,,,93,93048,5,1,3,4,3,Départementale,50.0,1
202400039112,2024-05-14,matin,,,31,31116,1,3,3,3,7,Autre,50.0,2
202400039113,2024-02-26,soirée,,,35,35051,3,6,6,4,1,Autoroute,90.0,1
202400039114,2024-04-04,après-midi,,,54,54395,1,2,6,4,4,Voie communale,30.0,2
202400039115,2024-01-13,après-midi,,,93,93031,1,1,2,4,3,Départementale,50.0,1
202400039116,2024-04-05,matin,,,54,54099,2,2,7,4,3,Départementale,80.0,2
202400039117,2024-02-26,matin,,,35,35238,5,2,6,4,4,Voie communale,30.0,2
202400039118,2024-05-13,nuit,,,84,84137,3,1,6,3,3,Départementale,80.0,1
202400039119,2024-05-13,après-midi,,,21,21599,1,1,2,4,1,Autoroute,130.0,1
202400039120,2024-01-13,nuit,,,93,93057,5,1,4,4,3,Départementale,50.0,1
202400039121,2024-02-23,après-midi,,,35,35238,1,1,3,4,4,Voie communale,30.0,1
202400039122,2024-05-12,soirée,,,28,28073,1,1,3,3,1,Autoroute,130.0,1
202400039123,2024-04-05,matin,,,51,51454,1,1,2,4,4,Voie communale,50.0,1
202400039124,2024-01-12,soirée,,,35,35094,3,1,2,3,3,Départementale,80.0,1
202400039125,2024-02-23,nuit,,,35,35238,5,2,6,3,4,Voie communale,30.0,2
202400039126,2024-01-09,après-midi,,,31,31484,1,1,6,3,3,Départementale,50.0,1
202400039127,2024-05-13,après-midi,,,01,01180,1,1,1,4,3,Départementale,80.0,1
202400039128,2024-04-04,après-midi,,,49,49007,1,1,3,4,4,Voie communale,50.0,1
202400039129,2024-02-21,après-midi,,,35,35238,1,2,3,4,4,Voie communale,30.0,2
202400039130,2024-01-13,après-midi,,,31,31184,1,1,3,3,4,Voie communale,30.0,1
202400039131,2024-05-13,soirée,,,01,01033,1,1,3,4,3,Départementale,50.0,1
202400039132,2024-01-13,après-midi,,,54,54581,1,1,6,2,3,Départementale,80.0,1
202400039133,2024-04-04,matin,,,49,49007,5,3,6,3,4,Voie communale,50.0,2
202400039134,2024-02-20,matin,,,35,35278,1,1,4,4,7,Autre,110.0,1
202400039135,2024-05-14,matin,,,34,34253,1,3,7,2,1,Autoroute,80.0,2
202400039136,2024-01-13,après-midi,,,83,83019,1,1,6,4,3,Départementale,30.0,1
202400039137,2024-05-10,nuit,,,37,37027,3,1,3,4,1,Autoroute,130.0,1
202400039138,2024-02-19,soirée,,,35,35238,2,2,4,4,2,Nationale,90.0,2
202400039139,2024-04-06,nuit,,,45,45285,5,1,3,4,4,Voie communale,50.0,1
202400039140,2024-01-14,après-midi,,,63,63290,1,8,7,3,1,Autoroute,130.0,1
202400039141,2024-05-13,matin,,,34,34014,2,7,5,4,3,Départementale,80.0,1
202400039142,2024-04-05,après-midi,,,45,45004,1,1,3,4,4,Voie communale,50.0,1
202400039143,2024-02-24,soirée,,,34,34172,5,1,3,4,4,Voie communale,50.0,1
202400039144,2024-05-07,matin,,,51,51627,2,1,6,4,3,Départementale,50.0,1
202400039145,2024-01-13,après-midi,,,51,51329,1,1,1,3,3,Départementale,80.0,1
202400039146,2024-04-05,nuit,,,44,44184,5,1,6,4,4,Voie communale,50.0,1
202400039147,2024-05-13,soirée,,,77,77187,1,1,6,4,3,Départementale,50.0,1
202400039148,2024-02-24,nuit,,,34,34198,5,1,2,4,4,Voie communale,70.0,1
202400039149,2024-04-05,soirée,,,43,43046,1,1,2,4,3,Départementale,50.0,1
202400039150,2024-05-09,après-midi,,,2A,2A098,1,1,7,2,3,Départementale,50.0,1
202400039151,2024-01-13,soirée,,,76,76367,3,1,6,2,7,Autre,80.0,1
202400039152,2024-02-23,soirée,,,34,34172,3,1,2,4,7,Autre,90.0,1
202400039153,2024-03-22,après-midi,,,42,42218,1,1,3,4,4,Voie communale,50.0,1
202400039154,2024-01-13,après-midi,,,82,82112,1,1,3,3,3,Départementale,50.0,1
202400039155,2024-02-23,soirée,,,34,34172,5,1,3,4,4,Voie communale,50.0,1
202400039156,2024-05-14,après-midi,,,81,81185,1,1,6,3,3,Départementale,80.0,2
202400039157,2024-01-13,après-midi,,,33,33026,1,1,6,2,3,Départementale,80.0,1
202400039158,2024-04-05,nuit,,,42,42127,4,1,1,3,4,Voie communale,50.0,1
202400039159,2024-05-13,soirée,,,89,89297,1,1,6,3,3,Départementale,90.0,9
202400039160,2024-01-14,matin,,,89,89136,3,1,6,2,3,Départementale,90.0,1
202400039161,2024-02-23,soirée,,,34,34172,5,1,6,4,4,Voie communale,30.0,1
202400039162,2024-04-05,soirée,,,42,42184,1,1,1,4,4,Voie communale,50.0,1
202400039163,2024-05-13,soirée,,,63,63368,1,1,7,3,3,Départementale,90.0,1
202400039164,2024-01-14,soirée,,,63,63317,3,1,6,3,3,Départementale,90.0,2
202400039165,2024-02-27,après-midi,,,34,34003,1,2,6,3,4,Voie communale,50.0,2
202400039166,2024-04-05,après-midi,,,37,37261,1,8,6,4,4,Voie communale,50.0,1
202400039167,2024-05-13,nuit,,,42,42134,3,2,6,4,3,Départementale,70.0,2
202400039168,2024-04-05,matin,,,34,34129,1,1,3,3,7,Autre,50.0,1
202400039169,2024-05-14,soirée,,,68,68062,1,1,2,3,3,Départementale,80.0,1
202400039170,2024-01-13,après-midi,,,12,12185,1,9,7,3,6,Autre,50.0,7
202400039171,2024-02-28,matin,,,33,33200,1,1,2,4,4,Voie communale,50.0,1
202400039172,2024-04-03,matin,,,34,34032,1,1,3,3,4,Voie communale,50.0,1
202400039173,2024-05-14,nuit,,,29,29175,3,8,1,4,3,Départementale,80.0,1
202400039174,2024-01-12,soirée,,,42,42135,3,1,6,3,3,Départementale,80.0,1
202400039175,2024-04-05,soirée,,,33,33063,5,1,6,4,4,Voie communale,30.0,1
202400039176,2024-02-26,soirée,,,33,33063,5,2,6,4,4,Voie communale,50.0,2
202400039177,2024-01-14,matin,,,68,68091,3,5,7,3,3,Départementale,80.0,1
202400039178,2024-04-05,après-midi,,,33,33249,1,1,3,3,4,Voie communale,30.0,1
202400039179,2024-04-27,après-midi,,,29,29056,1,1,3,3,3,Départementale,80.0,1
202400039180,2024-01-07,soirée,,,01,01029,4,8,1,4,3,Départementale,50.0,2
202400039181,2024-04-05,matin,,,33,33063,1,1,6,4,4,Voie communale,50.0,1
202400039182,2024-02-24,soirée,,,33,33063,5,2,2,4,4,Voie communale,50.0,2
202400039183,2024-05-13,soirée,,,29,29173,1,9,1,4,3,Départementale,80.0,8
202400039184,2024-04-05,matin,,,33,33529,1,1,6,4,3,Départementale,50.0,1
202400039185,2024-05-13,soirée,,,18,18018,1,1,2,3,3,Départementale,90.0,1
202400039186,2024-03-15,nuit,,,30,30189,3,1,3,4,4,Voie communale,50.0,1
202400039187,2024-01-13,soirée,,,06,06129,3,1,5,4,7,Autre,80.0,1
202400039188,2024-05-12,soirée,,,10,10153,1,3,6,3,3,Départementale,80.0,4
202400039189,2024-01-13,après-midi,,,50,50082,1,1,7,2,3,Départementale,80.0,1
202400039190,2024-05-13,après-midi,,,36,36088,1,1,6,3,2,Nationale,50.0,1
202400039191,2024-02-24,soirée,,,33,33318,5,2,6,4,4,Voie communale,30.0,2
202400039192,2024-04-05,matin,,,29,29019,1,1,6,4,4,Voie communale,50.0,1
202400039193,2024-05-14,matin,,,16,16064,1,1,3,2,3,Départementale,80.0,1
202400039194,2024-01-13,soirée,,,36,36018,3,9,3,4,3,Départementale,50.0,1
202400039195,2024-02-23,après-midi,,,33,33063,1,2,3,3,4,Voie communale,20.0,2
202400039196,2024-04-04,soirée,,,29,29019,1,1,6,4,4,Voie communale,30.0,1
202400039197,2024-01-13,nuit,,,24,24286,3,5,6,4,3,Départementale,80.0,7
202400039198,2024-05-12,après-midi,,,17,17224,1,7,1,4,3,Départementale,80.0,2
202400039199,2024-04-05,matin,,,14,14366,1,1,7,4,4,Voie communale,50.0,1
202400039200,2024-05-14,nuit,,,37,37124,3,2,6,4,3,Départementale,70.0,2
202400039201,2024-02-22,soirée,,,33,33063,5,2,3,4,4,Voie communale,50.0,2
202400039202,2024-04-05,soirée,,,13,13019,3,1,3,4,3,Départementale,50.0,1
202400039203,2024-05-13,soirée,,,67,67212,2,1,1,3,7,Autre,90.0,1
202400039204,2024-01-14,matin,,,45,45247,1,8,7,4,1,Autoroute,130.0,1
202400039205,2024-01-14,matin,,,77,77306,1,1,6,4,1,Autoroute,130.0,1
202400039206,2024-04-05,nuit,,,13,13103,5,1,3,4,3,Départementale,50.0,1
202400039207,2024-05-13,après-midi,,,06,06085,1,1,4,4,1,Autoroute,110.0,1
202400039208,2024-02-22,matin,,,33,33069,1,1,3,4,4,Voie communale,50.0,1
202400039209,2024-01-27,soirée,,,976,97604,3,1,1,4,3,Départementale,,1
202400039210,2024-04-05,après-midi,,,13,13209,1,1,3,3,4,Voie communale,50.0,1
202400039211,2024-01-14,matin,,,03,03297,1,9,2,3,1,Autoroute,130.0,7
202400039212,2024-02-21,soirée,,,33,33063,1,1,3,4,4,Voie communale,50.0,1
202400039213,2024-05-12,après-midi,,,73,73008,1,1,5,4,1,Autoroute,130.0,1
202400039214,2024-04-02,après-midi,,,11,11069,1,1,5,4,3,Départementale,70.0,1
202400039215,2024-01-13,matin,,,38,38193,1,1,3,3,4,Voie communale,50.0,1
202400039216,2024-02-21,matin,,,33,33069,1,1,3,4,4,Voie communale,50.0,1
202400039217,2024-04-05,soirée,,,06,06088,5,1,6,3,7,Autre,25.0,1
202400039218,2024-05-13,après-midi,,,69,69242,1,1,2,4,1,Autoroute,130.0,1
202400039219,2024-01-14,matin,,,03,03186,1,8,4,4,1,Autoroute,130.0,7
202400039220,2024-04-05,après-midi,,,06,06029,1,1,3,4,4,Voie communale,50.0,1
202400039221,2024-02-21,matin,,,33,33281,2,1,3,4,1,Autoroute,50.0,1
202400039222,2024-05-13,après-midi,,,28,28372,1,1,1,4,3,Départementale,90.0,1
202400039223,2024-01-14,soirée,,,64,64125,3,2,6,3,1,Autoroute,130.0,2
202400039224,2024-04-03,soirée,,,05,05061,1,1,3,4,4,Voie communale,30.0,1
202400039225,2024-02-20,matin,,,33,33009,1,1,7,4,4,Voie communale,50.0,1
202400039226,2024-05-13,après-midi,,,21,21292,1,1,6,3,3,Départementale,50.0,1
202400039227,2024-02-27,matin,,,32,32013,1,2,7,2,3,Départementale,50.0,2
202400039228,2024-04-05,nuit,,,75,75112,5,1,4,4,4,Voie communale,70.0,1
202400039229,2024-05-13,soirée,,,57,57561,1,1,1,3,3,Départementale,,1
202400039230,2024-02-28,soirée,,,31,31555,3,1,2,4,1,Autoroute,90.0,1
202400039231,2024-04-04,nuit,,,75,75116,5,1,2,4,4,Voie communale,70.0,1
202400039232,2024-01-14,soirée,,,988,98803,3,1,3,3,2,Nationale,70.0,1
202400039233,2024-02-27,soirée,,,31,31555,2,2,3,4,7,Autre,50.0,2
202400039234,2024-04-03,après-midi,,,75,75116,1,1,3,4,4,Voie communale,70.0,1
202400039235,2024-02-26,soirée,,,31,31555,5,2,3,4,4,Voie communale,50.0,2
202400039236,2024-05-13,après-midi,,,38,38072,1,1,2,4,4,Voie communale,30.0,1
202400039237,2024-04-04,matin,,,75,75105,1,3,3,4,4,Voie communale,30.0,2
202400039238,2024-02-24,nuit,,,31,31555,5,1,7,4,1,Autoroute,90.0,1
202400039239,2024-01-02,après-midi,,,77,77505,1,6,7,3,3,Départementale,80.0,2
202400039240,2024-05-13,après-midi,,,38,38085,1,1,2,3,3,Départementale,50.0,1
202400039241,2024-04-05,après-midi,,,75,75117,1,2,6,4,4,Voie communale,30.0,2
202400039242,2024-04-05,nuit,,,75,75114,5,1,7,4,4,Voie communale,30.0,1
202400039243,2024-01-13,après-midi,,,78,78597,1,1,1,4,3,Départementale,90.0,1
202400039244,2024-05-14,matin,,,46,46015,1,2,1,4,3,Départementale,70.0,8
202400039245,2024-04-04,matin,,,75,75112,1,2,6,4,4,Voie communale,30.0,2
202400039246,2024-02-20,soirée,,,31,31555,2,1,3,3,7,Autre,50.0,1
202400039247,2024-05-13,soirée,,,17,17304,1,1,7,3,3,Départementale,80.0,1
202400039248,2024-04-05,après-midi,,,75,75110,1,1,2,4,4,Voie communale,50.0,1
202400039249,2024-02-20,après-midi,,,31,31555,2,1,3,4,7,Autre,50.0,1
202400039250,2024-01-14,matin,,,30,30132,2,1,7,4,4,Voie communale,,1
202400039251,2024-04-05,matin,,,75,75108,1,2,6,4,4,Voie communale,30.0,2
202400039252,2024-05-13,soirée,,,33,33058,1,2,3,3,3,Départementale,80.0,2
202400039253,2024-02-19,nuit,,,31,31555,4,1,3,4,1,Autoroute,90.0,1
202400039254,2024-05-14,après-midi,,,22,22086,1,1,1,2,3,Départementale,80.0,1
202400039255,2024-01-13,après-midi,,,84,84003,1,1,1,4,3,Départementale,80.0,2
202400039256,2024-04-04,après-midi,,,94,94042,1,1,2,4,4,Voie communale,30.0,1
202400039257,2024-05-10,soirée,,,83,83137,1,1,4,3,1,Autoroute,70.0,1
202400039258,2024-04-04,après-midi,,,94,94058,1,1,3,4,4,Voie communale,30.0,1
202400039259,2024-02-18,après-midi,,,31,31555,1,1,5,4,1,Autoroute,90.0,1
202400039260,2024-04-26,après-midi,,,69,69259,1,1,3,4,7,Autre,90.0,1
202400039261,2024-04-05,après-midi,,,94,94041,1,1,3,4,3,Départementale,50.0,1
202400039262,2024-01-14,nuit,,,54,54199,5,9,6,4,4,Voie communale,50.0,7
202400039263,2024-05-12,après-midi,,,33,33366,1,2,6,4,1,Autoroute,130.0,2
202400039264,2024-02-20,nuit,,,30,30189,3,1,1,3,3,Départementale,80.0,1
202400039265,2024-04-05,après-midi,,,94,94022,1,1,3,4,3,Départementale,50.0,1
202400039266,2024-05-06,soirée,,,62,62498,1,1,7,4,1,Autoroute,50.0,1
202400039267,2024-01-13,soirée,,,38,38481,5,1,7,3,4,Voie communale,50.0,1
202400039268,2024-04-05,nuit,,,94,94073,5,1,6,4,3,Départementale,50.0,1
202400039269,2024-05-13,matin,,,91,91064,1,1,3,4,2,Nationale,90.0,1
202400039270,2024-02-27,matin,,,29,29232,1,1,6,4,4,Voie communale,50.0,1
202400039271,2024-01-14,après-midi,,,81,81105,1,1,6,4,4,Voie communale,50.0,1
202400039272,2024-04-05,soirée,,,94,94017,1,1,6,4,4,Voie communale,50.0,1
202400039273,2024-01-14,nuit,,,47,47094,4,1,7,3,3,Départementale,80.0,1
202400039274,2024-05-11,soirée,,,92,92048,2,1,2,4,2,Nationale,90.0,1
202400039275,2024-02-23,matin,,,29,29232,1,2,2,4,3,Départementale,70.0,2
202400039276,2024-04-05,après-midi,,,93,93064,1,1,3,4,3,Départementale,50.0,1
202400039277,2024-05-13,après-midi,,,93,93005,1,1,3,4,1,Autoroute,90.0,1
202400039278,2024-01-13,soirée,,,35,35012,3,8,1,4,3,Départementale,80.0,1
202400039279,2024-04-04,soirée,,,93,93077,1,1,6,3,3,Départementale,,1
202400039280,2024-02-22,après-midi,,,29,29232,1,2,3,4,4,Voie communale,50.0,2
202400039281,2024-02-08,après-midi,,,75,75120,1,2,6,2,4,Voie communale,30.0,2
202400039282,2024-01-14,nuit,,,35,35244,3,1,6,4,3,Départementale,80.0,1
202400039283,2024-04-05,après-midi,,,93,93051,1,1,2,4,4,Voie communale,50.0,1
202400039284,2024-05-12,après-midi,,,974,97416,1,1,7,4,3,Départementale,70.0,1
202400039285,2024-02-21,soirée,,,29,29232,5,3,3,4,4,Voie communale,,2
202400039286,2024-01-14,nuit,,,02,02391,3,9,6,4,3,Départementale,80.0,7
202400039287,2024-04-05,matin,,,93,93050,2,1,3,4,3,Départementale,50.0,1
202400039288,2024-05-12,après-midi,,,974,97411,2,1,1,4,4,Voie communale,30.0,1
202400039289,2024-01-14,matin,,,59,59036,5,9,7,3,3,Départementale,50.0,7
202400039290,2024-02-20,matin,,,29,29232,1,2,2,4,4,Voie communale,50.0,2
202400039291,2024-04-05,soirée,,,93,93010,1,1,3,4,3,Départementale,50.0,1
202400039292,2024-02-20,matin,,,29,29232,5,2,3,4,4,Voie communale,50.0,2
202400039293,2024-01-12,matin,,,83,83144,1,1,4,4,1,Autoroute,70.0,1
202400039294,2024-05-12,après-midi,,,972,97209,1,1,3,4,3,Départementale,50.0,1
202400039295,2024-04-05,après-midi,,,93,93010,1,1,6,4,4,Voie communale,,1
202400039296,2024-01-13,nuit,,,69,69142,5,1,2,4,7,Autre,70.0,1
202400039297,2024-02-24,après-midi,,,29,29039,1,1,2,4,4,Voie communale,50.0,2
202400039298,2024-05-11,soirée,,,972,97209,5,1,3,3,4,Voie communale,50.0,1
202400039299,2024-04-05,après-midi,,,92,92064,1,1,3,4,3,Départementale,50.0,1
202400039300,2024-01-13,soirée,,,33,33249,4,1,6,4,1,Autoroute,90.0,1
202400039301,2024-04-05,matin,,,92,92047,1,2,2,4,1,Autoroute,50.0,2
202400039302,2024-02-22,après-midi,,,29,29019,1,1,3,4,4,Voie communale,30.0,1
202400039303,2024-05-12,soirée,,,69,69382,1,1,3,4,4,Voie communale,30.0,1
202400039304,2024-04-05,après-midi,,,92,92051,1,1,1,4,4,Voie communale,30.0,1
202400039305,2024-05-10,nuit,,,971,97107,5,1,7,3,4,Voie communale,50.0,1
202400039306,2024-02-20,soirée,,,29,29019,5,1,6,4,4,Voie communale,50.0,1
202400039307,2024-01-13,soirée,,,33,33039,5,1,4,4,1,Autoroute,90.0,2
202400039308,2024-04-04,après-midi,,,92,92050,1,1,2,4,3,Départementale,50.0,1
202400039309,2024-05-12,nuit,,,91,91345,5,1,3,4,4,Voie communale,50.0,1
202400039310,2024-02-24,matin,,,28,28134,3,1,5,4,2,Nationale,90.0,1
202400039311,2024-04-04,soirée,,,92,92035,2,1,2,4,3,Départementale,50.0,1
202400039312,2024-05-12,matin,,,91,91027,1,1,2,4,3,Départementale,50.0,1
202400039313,2024-02-22,nuit,,,28,28404,5,2,7,4,3,Départementale,30.0,2
202400039314,2024-01-13,matin,,,33,33063,1,5,4,4,1,Autoroute,70.0,2
202400039315,2024-05-12,nuit,,,91,91223,5,1,6,4,4,Voie communale,50.0,1
202400039316,2024-04-04,après-midi,,,92,92024,1,1,3,4,3,Départementale,50.0,1
202400039317,2024-01-12,nuit,,,91,91235,3,1,6,4,2,Nationale,50.0,1
202400039318,2024-02-25,après-midi,,,27,27681,1,2,7,4,3,Départementale,50.0,2
202400039319,2024-05-12,nuit,,,89,89338,5,1,2,4,4,Voie communale,30.0,1
202400039320,2024-04-06,nuit,,,39,39487,3,1,6,3,2,Nationale,,1
202400039321,2024-04-06,soirée,,,2A,2A249,1,1,6,2,3,Départementale,50.0,1
202400039322,2024-02-27,après-midi,,,27,27229,1,1,3,4,4,Voie communale,50.0,1
202400039323,2024-01-12,soirée,,,78,78133,3,1,4,4,1,Autoroute,110.0,2
202400039324,2024-04-06,matin,,,51,51423,1,1,1,4,3,Départementale,50.0,1
202400039325,2024-02-23,après-midi,,,27,27229,1,1,3,4,4,Voie communale,50.0,1
202400039326,2024-01-13,nuit,,,93,93066,4,1,2,4,1,Autoroute,90.0,1
202400039327,2024-05-12,après-midi,,,83,83137,1,1,4,4,3,Départementale,50.0,1
202400039328,2024-01-12,après-midi,,,974,97411,1,1,6,4,4,Voie communale,50.0,1
202400039329,2024-02-20,après-midi,,,27,27229,1,1,2,4,4,Voie communale,50.0,1
202400039330,2024-04-05,après-midi,,,01,01090,1,1,3,4,3,Départementale,70.0,1
202400039331,2024-01-12,matin,,,973,97302,1,1,2,4,3,Départementale,50.0,1
202400039332,2024-04-05,après-midi,,,68,68277,1,1,2,4,3,Départementale,80.0,1
202400039333,2024-01-12,après-midi,,,69,69386,1,8,3,4,4,Voie communale,30.0,1
202400039334,2024-04-04,soirée,,,972,97225,5,1,4,3,3,Départementale,50.0,1
202400039335,2024-02-27,soirée,,,25,25056,5,1,1,4,4,Voie communale,50.0,1
202400039336,2024-01-12,après-midi,,,972,97213,1,1,3,4,3,Départementale,70.0,1
202400039337,2024-04-06,après-midi,,,76,76616,1,1,6,3,3,Départementale,50.0,1
202400039338,2024-01-12,nuit,,,69,69381,5,1,6,4,4,Voie communale,30.0,1
202400039339,2024-02-27,matin,,,25,25056,1,1,3,3,4,Voie communale,50.0,1
202400039340,2024-04-05,soirée,,,67,67485,2,1,1,4,3,Départementale,80.0,1
202400039341,2024-01-12,matin,,,2B,2B033,1,1,6,4,2,Nationale,50.0,1
202400039342,2024-02-24,après-midi,,,25,25056,1,1,3,4,3,Départementale,50.0,1
202400039343,2024-04-05,après-midi,,,74,74272,1,1,3,4,3,Départementale,,1
202400039344,2024-01-11,soirée,,,971,97101,5,1,7,3,3,Départementale,50.0,1
202400039345,2024-05-11,nuit,,,79,79191,5,1,6,4,3,Départementale,50.0,1
202400039346,2024-02-22,après-midi,,,25,25056,1,6,6,3,4,Voie communale,30.0,2
202400039347,2024-01-11,matin,,,95,95427,1,1,6,4,4,Voie communale,50.0,1
202400039348,2024-04-05,matin,,,42,42231,1,1,3,4,3,Départementale,50.0,1
202400039349,2024-05-10,après-midi,,,78,78551,1,7,3,3,2,Nationale,70.0,1
202400039350,2024-02-21,après-midi,,,23,23096,1,2,3,4,3,Départementale,70.0,2
202400039351,2024-01-12,soirée,,,95,95063,2,1,3,3,3,Départementale,50.0,2
202400039352,2024-05-12,après-midi,,,77,77379,1,8,3,3,3,Départementale,70.0,1
202400039353,2024-04-05,matin,,,44,44137,1,2,2,3,2,Nationale,110.0,2
202400039354,2024-01-12,soirée,,,91,91103,3,1,3,4,3,Départementale,90.0,1
202400039355,2024-04-06,matin,,,59,59015,1,1,6,3,5,Autre,,1
202400039356,2024-02-20,matin,,,19,19275,5,8,3,3,4,Voie communale,50.0,2
202400039357,2024-01-12,soirée,,,91,91191,5,1,6,4,4,Voie communale,50.0,1
202400039358,2024-05-12,après-midi,,,77,77373,1,1,1,4,4,Voie communale,50.0,1
202400039359,2024-02-24,après-midi,,,19,19031,1,8,3,4,4,Voie communale,30.0,1
202400039360,2024-05-10,après-midi,,,76,76545,1,1,3,4,3,Départementale,80.0,1
202400039361,2024-04-05,soirée,,,30,30034,3,1,1,4,3,Départementale,80.0,1
202400039362,2024-05-12,nuit,,,73,73008,5,1,6,4,3,Départementale,50.0,1
202400039363,2024-01-13,nuit,,,85,85194,3,1,6,4,4,Voie communale,10.0,1
202400039364,2024-04-06,après-midi,,,04,04161,1,1,7,3,4,Voie communale,50.0,1
202400039365,2024-02-22,après-midi,,,19,19031,1,1,3,4,4,Voie communale,50.0,1
202400039366,2024-04-06,après-midi,,,91,91577,1,1,3,3,3,Départementale,50.0,1
202400039367,2024-05-12,soirée,,,69,69282,1,1,3,4,4,Voie communale,30.0,1
202400039368,2024-01-11,matin,,,83,83098,1,2,1,3,4,Voie communale,50.0,2
202400039369,2024-04-06,après-midi,,,74,74278,1,1,7,4,3,Départementale,50.0,1
202400039370,2024-02-20,soirée,,,19,19031,5,1,1,4,3,Départementale,50.0,1
202400039371,2024-05-12,soirée,,,69,69266,1,1,6,3,4,Voie communale,30.0,1
202400039372,2024-01-12,matin,,,83,83069,1,1,6,4,4,Voie communale,50.0,1
202400039373,2024-02-18,nuit,,,19,19031,4,1,6,4,4,Voie communale,50.0,1
202400039374,2024-04-06,soirée,,,82,82178,1,1,3,3,3,Départementale,80.0,1
202400039375,2024-05-12,après-midi,,,63,63300,1,2,7,4,3,Départementale,90.0,2
202400039376,2024-01-12,soirée,,,83,83118,5,1,3,3,4,Voie communale,,1
202400039377,2024-05-11,matin,,,62,62528,1,7,6,3,4,Voie communale,50.0,1
202400039378,2024-02-16,soirée,,,19,19031,5,1,3,4,4,Voie communale,50.0,1
202400039379,2024-03-27,après-midi,,,33,33202,1,1,1,4,3,Départementale,80.0,1
202400039380,2024-01-12,soirée,,,80,80021,5,1,6,3,4,Voie communale,30.0,1
202400039381,2024-04-05,après-midi,,,32,32372,1,6,7,3,3,Départementale,50.0,1
202400039382,2024-02-26,après-midi,,,18,18279,1,2,6,4,3,Départementale,80.0,2
202400039383,2024-01-12,nuit,,,79,79191,3,1,7,4,3,Départementale,90.0,1
202400039384,2024-05-12,après-midi,,,61,61001,1,1,2,4,3,Départementale,50.0,1
202400039385,2024-04-06,après-midi,,,71,71410,1,1,6,4,3,Départementale,50.0,1
202400039386,2024-01-12,soirée,,,76,76681,3,1,6,4,4,Voie communale,30.0,1
202400039387,2024-02-23,après-midi,,,17,17306,1,2,3,4,4,Voie communale,30.0,2
202400039388,2024-04-06,matin,,,63,63426,1,1,3,3,3,Départementale,90.0,1
202400039389,2024-05-12,soirée,,,59,59279,1,1,3,4,4,Voie communale,50.0,1
202400039390,2024-04-06,matin,,,55,55498,1,1,7,4,3,Départementale,90.0,1
202400039391,2024-02-22,après-midi,,,17,17306,1,6,3,4,4,Voie communale,50.0,2
202400039392,2024-05-12,nuit,,,59,59599,5,1,3,4,7,Autre,50.0,1
202400039393,2024-04-06,après-midi,,,12,12160,1,1,3,3,3,Départementale,90.0,1
202400039394,2024-02-19,soirée,,,16,16015,1,1,6,2,4,Voie communale,50.0,1
202400039395,2024-04-05,après-midi,,,42,42137,1,1,1,3,4,Voie communale,80.0,1