Num_Acc,date,time_of_day,lat,long,dep,com,lum,atm,col,severity_index,catr,catr_label,vma,surf
202400039396,2024-05-12,matin,,,58,58194,1,1,3,4,4,Voie communale,50.0,1
202400039397,2024-02-27,matin,,,15,15014,1,1,6,3,2,Nationale,50.0,2
202400039398,2024-04-06,après-midi,,,42,42028,1,1,7,3,4,Voie communale,30.0,1
202400039399,2024-04-05,après-midi,,,46,46083,1,1,6,4,3,Départementale,80.0,1
202400039400,2024-05-12,matin,,,57,57463,1,1,3,4,4,Voie communale,50.0,1
202400039401,2024-02-26,après-midi,,,15,15014,1,2,1,4,4,Voie communale,50.0,2
202400039402,2024-03-27,après-midi,,,34,34332,1,1,3,3,3,Départementale,80.0,1
202400039403,2024-05-12,après-midi,,,54,54254,1,1,3,4,4,Voie communale,50.0,1
202400039404,2024-04-06,nuit,,,39,39478,2,1,6,3,4,Voie communale,50.0,1
202400039405,2024-02-24,matin,,,14,14366,1,1,7,4,4,Voie communale,30.0,1
202400039406,2024-04-06,après-midi,,,25,25161,1,1,3,3,3,Départementale,80.0,1
202400039407,2024-02-22,après-midi,,,14,14366,1,2,3,3,4,Voie communale,50.0,2
202400039408,2024-05-12,nuit,,,54,54367,3,1,3,4,2,Nationale,110.0,1
202400039409,2024-04-05,après-midi,,,29,29274,1,2,5,3,3,Départementale,80.0,2
202400039410,2024-05-12,matin,,,54,54028,1,1,1,4,3,Départementale,50.0,1
202400039411,2024-02-27,matin,,,14,14118,1,8,3,4,2,Nationale,50.0,1
202400039412,2024-05-11,soirée,,,51,51663,1,1,6,4,4,Voie communale,50.0,1
202400039413,2024-04-06,après-midi,,,31,31040,1,1,3,4,3,Départementale,80.0,1
202400039414,2024-02-24,soirée,,,14,14566,3,8,3,3,3,Départementale,50.0,2
202400039415,2024-04-06,après-midi,,,38,38108,1,1,1,3,3,Départementale,80.0,1
202400039416,2024-02-22,après-midi,,,14,14118,1,2,3,4,4,Voie communale,50.0,2
202400039417,2024-05-12,soirée,,,45,45234,2,7,6,3,4,Voie communale,50.0,1
202400039418,2024-04-06,soirée,,,02,02111,3,1,6,3,3,Départementale,80.0,1
202400039419,2024-02-27,après-midi,,,13,13117,1,1,3,4,3,Départementale,50.0,1
202400039420,2024-04-05,après-midi,,,72,72219,1,1,3,3,6,Autre,50.0,1
202400039421,2024-05-12,après-midi,,,45,45234,1,1,2,4,7,Autre,50.0,1
202400039422,2024-04-06,après-midi,,,14,14326,1,1,1,3,3,Départementale,70.0,1
202400039423,2024-02-27,matin,,,13,13054,1,1,3,4,4,Voie communale,50.0,2
202400039424,2024-05-12,soirée,,,38,38185,1,1,3,4,4,Voie communale,30.0,1
202400039425,2024-03-30,après-midi,,,64,64191,1,1,3,4,3,Départementale,50.0,1
202400039426,2024-02-24,soirée,,,13,13054,1,1,1,4,3,Départementale,50.0,1
202400039427,2024-04-06,soirée,,,07,07307,1,1,7,4,3,Départementale,80.0,1
202400039428,2024-05-11,matin,,,38,38053,1,1,3,4,3,Départementale,10.0,1
202400039429,2024-02-27,soirée,,,13,13103,3,2,3,4,3,Départementale,,2
202400039430,2024-04-03,après-midi,,,40,40217,1,1,5,4,3,Départementale,80.0,1
202400039431,2024-05-12,matin,,,34,34172,1,1,7,4,4,Voie communale,50.0,1
202400039432,2024-02-22,après-midi,,,13,13103,1,1,3,3,4,Voie communale,50.0,1
202400039433,2024-04-05,soirée,,,17,17324,2,1,3,3,3,Départementale,70.0,1
202400039434,2024-05-12,nuit,,,33,33063,5,1,3,3,4,Voie communale,50.0,1
202400039435,2024-02-21,matin,,,13,13103,1,1,1,3,4,Voie communale,50.0,1
202400039436,2024-02-16,matin,,,13,13056,1,1,6,2,2,Nationale,90.0,1
202400039437,2024-05-12,soirée,,,33,33063,5,1,3,4,4,Voie communale,50.0,1
202400039438,2024-04-06,après-midi,,,09,09239,1,1,6,3,3,Départementale,80.0,1
202400039439,2024-05-11,après-midi,,,33,33063,1,1,3,4,4,Voie communale,30.0,1
202400039440,2024-02-27,soirée,,,13,13205,5,2,1,2,4,Voie communale,50.0,2
202400039441,2024-04-04,matin,,,976,97603,1,1,5,3,3,Départementale,70.0,1
202400039442,2024-05-12,matin,,,31,31555,1,1,1,4,7,Autre,50.0,1
202400039443,2024-02-26,nuit,,,13,13205,5,2,6,4,4,Voie communale,50.0,2
202400039444,2024-04-06,nuit,,,34,34172,3,1,6,3,1,Autoroute,90.0,1
202400039445,2024-05-12,matin,,,31,31555,1,1,3,4,1,Autoroute,70.0,1
202400039446,2024-02-24,après-midi,,,13,13207,1,1,3,4,4,Voie communale,50.0,1
202400039447,2024-05-12,nuit,,,31,31555,3,1,3,4,4,Voie communale,50.0,1
202400039448,2024-02-24,nuit,,,13,13205,5,1,2,4,4,Voie communale,50.0,1
202400039449,2024-05-11,après-midi,,,31,31149,1,1,2,3,4,Voie communale,50.0,1
202400039450,2024-02-22,soirée,,,13,13212,5,2,3,4,4,Voie communale,50.0,2
202400039451,2024-04-06,nuit,,,988,98814,2,1,7,4,4,Voie communale,90.0,1
202400039452,2024-05-12,nuit,,,30,30007,5,1,6,4,4,Voie communale,50.0,1
202400039453,2024-02-19,soirée,,,13,13209,5,1,3,4,4,Voie communale,50.0,1
202400039454,2024-05-11,matin,,,28,28134,1,1,7,4,3,Départementale,90.0,1
202400039455,2024-04-05,nuit,,,971,97128,3,1,7,3,3,Départementale,80.0,1
202400039456,2024-02-23,après-midi,,,13,13047,1,1,3,4,4,Voie communale,50.0,1
202400039457,2024-04-05,nuit,,,91,91654,3,1,6,3,3,Départementale,80.0,1
202400039458,2024-05-10,soirée,,,22,22113,1,1,7,4,4,Voie communale,50.0,1
202400039459,2024-02-22,soirée,,,13,13047,3,1,1,3,2,Nationale,80.0,1
202400039460,2024-04-05,soirée,,,78,78443,1,1,6,2,3,Départementale,45.0,1
202400039461,2024-05-12,matin,,,13,13206,1,1,3,4,4,Voie communale,50.0,1
202400039462,2024-02-26,après-midi,,,13,13005,1,1,4,4,4,Voie communale,50.0,1
202400039463,2024-04-06,après-midi,,,34,34327,1,1,1,4,7,Autre,80.0,1
202400039464,2024-02-23,matin,,,13,13005,1,1,3,4,4,Voie communale,50.0,1
202400039465,2024-05-12,nuit,,,13,13001,5,1,3,4,4,Voie communale,50.0,1
202400039466,2024-04-05,après-midi,,,84,84122,1,1,1,3,3,Départementale,50.0,1
202400039467,2024-02-20,après-midi,,,13,13005,1,1,2,4,3,Départementale,50.0,1
202400039468,2024-07-19,nuit,,,08,08145,3,1,6,4,4,Voie communale,50.0,1
202400039469,2024-05-12,nuit,,,08,08409,4,1,6,4,4,Voie communale,50.0,1
202400039470,2024-02-26,nuit,,,13,13004,5,1,1,4,4,Voie communale,50.0,1
202400039471,2024-05-12,matin,,,06,06069,1,1,6,4,3,Départementale,50.0,1
202400039472,2024-07-17,après-midi,,,01,01362,1,1,3,4,3,Départementale,80.0,1
202400039473,2024-02-27,matin,,,13,13001,1,8,6,4,3,Départementale,70.0,2
202400039474,2024-05-12,après-midi,,,01,01289,1,1,3,4,3,Départementale,70.0,1
202400039475,2024-02-26,soirée,,,13,13001,5,2,3,4,4,Voie communale,50.0,2
202400039476,2024-04-06,matin,,,13,13014,1,1,4,3,3,Départementale,90.0,1
202400039477,2024-02-24,nuit,,,13,13001,5,1,1,3,4,Voie communale,30.0,1
202400039478,2024-05-12,après-midi,,,75,75113,1,6,3,4,4,Voie communale,70.0,1
202400039479,2024-07-20,après-midi,,,80,80806,1,1,6,4,1,Autoroute,130.0,1
202400039480,2024-04-06,matin,,,70,70279,2,1,6,3,3,Départementale,90.0,1
202400039481,2024-02-21,après-midi,,,13,13001,1,1,1,4,3,Départementale,80.0,1
202400039482,2024-07-20,nuit,,,68,68188,3,1,7,4,3,Départementale,80.0,1
202400039483,2024-05-11,nuit,,,75,75117,5,1,2,4,4,Voie communale,70.0,1
202400039484,2024-04-05,nuit,,,69,69009,3,1,6,4,3,Départementale,50.0,1
202400039485,2024-05-12,soirée,,,75,75120,1,1,3,4,4,Voie communale,30.0,1
202400039486,2024-02-18,matin,,,12,12145,5,1,3,4,4,Voie communale,50.0,1
202400039487,2024-06-29,matin,,,33,33290,1,1,3,3,3,Départementale,80.0,1
202400039488,2024-05-12,après-midi,,,75,75119,1,2,3,4,4,Voie communale,30.0,2
202400039489,2024-02-22,après-midi,,,12,12089,1,1,6,3,3,Départementale,50.0,1
202400039490,2024-05-12,matin,,,75,75119,1,1,6,4,4,Voie communale,30.0,1
202400039491,2024-04-06,matin,,,09,09334,1,1,1,4,3,Départementale,80.0,1
202400039492,2024-02-23,matin,,,11,11069,1,1,6,4,4,Voie communale,50.0,1
202400039493,2024-05-12,matin,,,75,75119,1,1,6,4,4,Voie communale,30.0,1
202400039494,2024-02-21,matin,,,11,11069,1,1,6,4,4,Voie communale,50.0,1
202400039495,2024-04-05,après-midi,,,23,23115,1,7,6,3,3,Départementale,90.0,1
202400039496,2024-07-20,nuit,,,51,51425,2,1,1,4,3,Départementale,90.0,1
202400039497,2024-02-26,après-midi,,,10,10357,1,2,6,4,4,Voie communale,30.0,2
202400039498,2024-05-12,nuit,,,75,75118,5,1,3,4,4,Voie communale,30.0,1
202400039499,2024-02-25,soirée,,,10,10387,5,1,3,4,4,Voie communale,50.0,1
202400039500,2024-04-05,après-midi,,,14,14228,1,1,1,4,3,Départementale,90.0,1
202400039501,2024-02-20,matin,,,10,10362,5,2,7,3,4,Voie communale,50.0,2
202400039502,2024-04-05,nuit,,,56,56076,3,1,6,3,4,Voie communale,80.0,1
202400039503,2024-02-22,soirée,,,10,10387,5,3,2,4,4,Voie communale,50.0,2
202400039504,2024-04-05,après-midi,,,22,22143,1,1,6,3,3,Départementale,50.0,1
202400039505,2024-07-19,après-midi,,,974,97412,1,1,2,3,2,Nationale,,1
202400039506,2024-02-21,après-midi,,,10,10387,1,1,6,4,4,Voie communale,50.0,1
202400039507,2024-05-12,après-midi,,,75,75116,1,1,4,4,4,Voie communale,30.0,2
202400039508,2024-02-19,soirée,,,10,10297,5,1,3,4,4,Voie communale,50.0,1
202400039509,2024-05-12,nuit,,,75,75117,5,1,2,4,4,Voie communale,30.0,1
202400039510,2024-02-23,après-midi,,,09,09122,1,1,6,4,4,Voie communale,30.0,1
202400039511,2024-04-05,nuit,,,35,35001,4,1,3,4,7,Autre,80.0,1
202400039512,2024-02-23,matin,,,09,09122,1,1,6,3,3,Départementale,10.0,1
202400039513,2024-07-19,soirée,,,974,97412,5,1,6,2,2,Nationale,70.0,1
202400039514,2024-05-12,après-midi,,,75,75114,2,2,6,4,4,Voie communale,30.0,2
202400039515,2024-02-04,nuit,,,60,60139,3,1,1,4,3,Départementale,90.0,2
202400039516,2024-05-12,soirée,,,75,75110,5,8,3,4,4,Voie communale,30.0,2
202400039517,2024-02-28,après-midi,,,06,06088,1,1,3,4,4,Voie communale,50.0,1
202400039518,2024-02-22,nuit,,,06,06088,5,3,6,3,4,Voie communale,50.0,2
202400039519,2024-07-19,soirée,,,35,35085,1,1,2,3,3,Départementale,80.0,1
202400039520,2024-04-06,nuit,,,59,59044,3,1,6,4,7,Autre,80.0,1
202400039521,2024-02-22,matin,,,06,06088,1,2,6,2,4,Voie communale,50.0,2
202400039522,2024-05-12,après-midi,,,75,75108,1,1,3,4,4,Voie communale,30.0,1
202400039523,2024-02-19,soirée,,,06,06083,5,1,6,3,4,Voie communale,30.0,1
202400039524,2024-07-19,après-midi,,,86,86246,1,1,2,3,3,Départementale,90.0,1
202400039525,2024-04-04,matin,,,13,13215,1,1,2,4,1,Autoroute,90.0,1
202400039526,2024-05-11,après-midi,,,75,75107,1,1,6,4,4,Voie communale,30.0,1
202400039527,2024-02-27,matin,,,06,06069,1,1,2,4,4,Voie communale,50.0,2
202400039528,2024-07-16,nuit,,,06,06140,3,1,6,3,3,Départementale,50.0,1
202400039529,2024-02-23,matin,,,06,06069,1,1,6,4,4,Voie communale,50.0,1
202400039530,2024-05-12,après-midi,,,94,94076,1,1,3,4,3,Départementale,50.0,1
202400039531,2024-02-21,matin,,,06,06069,1,1,2,4,3,Départementale,50.0,1
202400039532,2024-02-24,nuit,,,05,05023,3,1,6,4,2,Nationale,70.0,1
202400039533,2024-04-04,soirée,,,13,13106,1,1,4,4,1,Autoroute,90.0,1
202400039534,2024-07-20,après-midi,,,58,58187,1,1,5,4,3,Départementale,90.0,1
202400039535,2024-02-21,nuit,,,02,02738,5,3,6,4,4,Voie communale,50.0,2
202400039536,2024-04-04,après-midi,,,13,13056,1,1,2,4,1,Autoroute,90.0,1
202400039537,2024-05-12,soirée,,,93,93031,1,1,3,4,3,Départementale,50.0,1
202400039538,2024-02-26,après-midi,,,02,02371,1,2,1,4,3,Départementale,70.0,2
202400039539,2024-07-20,matin,,,01,01033,2,1,6,3,4,Voie communale,50.0,1
202400039540,2024-02-23,après-midi,,,02,02691,1,1,6,4,4,Voie communale,50.0,1
202400039541,2024-05-12,après-midi,,,92,92012,1,3,3,4,3,Départementale,50.0,2
202400039542,2024-07-14,matin,,,41,41219,1,1,7,4,3,Départementale,80.0,1
202400039543,2024-05-12,soirée,,,80,80172,1,1,7,3,3,Départementale,80.0,1
202400039544,2024-02-22,soirée,,,01,01289,3,1,3,4,3,Départementale,70.0,2
202400039545,2024-05-12,soirée,,,47,47048,1,8,3,2,2,Nationale,50.0,1
202400039546,2024-07-12,après-midi,,,30,30202,1,1,2,4,3,Départementale,80.0,1
202400039547,2024-02-28,après-midi,,,75,75108,1,1,3,3,4,Voie communale,30.0,1
202400039548,2024-05-12,soirée,,,41,41167,1,1,7,3,3,Départementale,80.0,1
202400039549,2024-02-28,après-midi,,,75,75119,1,1,7,4,4,Voie communale,30.0,1
202400039550,2024-04-04,matin,,,13,13211,1,1,5,4,1,Autoroute,90.0,1
202400039551,2024-05-11,après-midi,,,42,42162,1,1,3,3,3,Départementale,50.0,1
202400039552,2024-04-05,nuit,,,33,33063,3,1,6,4,1,Autoroute,50.0,1
202400039553,2024-02-28,matin,,,75,75119,1,1,2,4,4,Voie communale,30.0,1
202400039554,2024-05-11,après-midi,,,972,97222,1,1,1,4,3,Départementale,50.0,1
202400039555,2024-07-19,après-midi,,,41,41238,1,1,3,3,4,Voie communale,80.0,1
202400039556,2024-02-27,après-midi,,,75,75119,1,1,6,4,4,Voie communale,10.0,1
202400039557,2024-04-05,après-midi,,,33,33162,1,1,7,4,1,Autoroute,50.0,1
202400039558,2024-07-17,matin,,,31,31157,1,1,6,2,7,Autre,30.0,1
202400039559,2024-05-11,après-midi,,,35,35172,1,1,3,4,3,Départementale,80.0,1
202400039560,2024-02-28,matin,,,75,75117,1,1,3,4,4,Voie communale,30.0,1
202400039561,2024-04-03,après-midi,,,62,62528,1,1,2,3,1,Autoroute,130.0,1
202400039562,2024-02-28,après-midi,,,75,75116,1,1,6,4,4,Voie communale,30.0,1
202400039563,2024-07-20,matin,,,51,51036,1,1,3,4,3,Départementale,50.0,1
202400039564,2024-04-05,matin,,,92,92002,1,1,4,4,1,Autoroute,90.0,1
202400039565,2024-05-12,après-midi,,,26,26138,1,1,4,4,1,Autoroute,130.0,1
202400039566,2024-02-27,matin,,,75,75115,1,1,2,4,4,Voie communale,30.0,1
202400039567,2024-07-19,soirée,,,56,56198,1,1,7,2,9,Autre,20.0,1
202400039568,2024-05-11,soirée,,,23,23148,2,1,7,4,3,Départementale,90.0,1
202400039569,2024-02-28,matin,,,75,75112,1,1,6,4,4,Voie communale,30.0,1
202400039570,2024-04-05,matin,,,94,94065,5,1,3,4,2,Nationale,90.0,1
202400039571,2024-05-12,matin,,,974,97410,1,1,7,3,3,Départementale,50.0,1
202400039572,2024-02-28,matin,,,75,75109,1,1,6,4,4,Voie communale,30.0,1
202400039573,2024-05-11,après-midi,,,14,14436,1,1,7,4,2,Nationale,110.0,1
202400039574,2024-02-28,après-midi,,,75,75109,1,1,6,4,4,Voie communale,30.0,1
202400039575,2024-04-05,après-midi,,,92,92047,1,1,2,4,1,Autoroute,110.0,1
202400039576,2024-07-17,soirée,,,78,78591,1,1,3,4,3,Départementale,80.0,1
202400039577,2024-05-12,soirée,,,69,69283,1,1,1,4,7,Autre,70.0,1
202400039578,2024-04-05,matin,,,78,78640,1,2,7,4,1,Autoroute,90.0,2
202400039579,2024-02-28,après-midi,,,75,75108,1,1,6,4,4,Voie communale,30.0,1
202400039580,2024-07-19,soirée,,,79,79079,1,1,3,3,3,Départementale,80.0,1
202400039581,2024-04-05,matin,,,92,92050,5,1,3,4,1,Autoroute,70.0,1
202400039582,2024-05-13,soirée,,,84,84099,1,1,2,3,3,Départementale,70.0,1
202400039583,2024-02-28,après-midi,,,75,75102,1,1,6,4,4,Voie communale,30.0,1
202400039584,2024-08-26,matin,,,29,29145,1,1,3,4,3,Départementale,70.0,1
202400039585,2024-07-18,soirée,,,79,79078,1,1,3,3,3,Départementale,80.0,1
202400039586,2024-05-12,soirée,,,83,83070,3,1,6,4,3,Départementale,70.0,1
202400039587,2024-08-27,soirée,,,38,38450,1,1,7,3,3,Départementale,80.0,1
202400039588,2024-02-28,matin,,,94,94078,1,1,2,4,2,Nationale,,1
202400039589,2024-04-04,après-midi,,,75,75116,1,1,3,4,1,Autoroute,70.0,1
202400039590,2024-07-20,nuit,,,2B,2B077,2,1,6,4,3,Départementale,80.0,1
202400039591,2024-02-28,après-midi,,,94,94073,1,1,6,4,3,Départementale,20.0,1
202400039592,2024-05-11,après-midi,,,72,72124,1,1,3,3,4,Voie communale,50.0,1
202400039593,2024-08-27,après-midi,,,03,03297,1,1,3,4,3,Départementale,50.0,1
202400039594,2024-07-19,soirée,,,65,65360,1,1,2,4,3,Départementale,50.0,1
202400039595,2024-04-05,après-midi,,,93,93007,1,1,5,4,1,Autoroute,110.0,1
202400039596,2024-02-28,après-midi,,,94,94028,1,1,2,4,3,Départementale,80.0,1
202400039597,2024-08-25,après-midi,,,01,01338,1,1,7,4,3,Départementale,80.0,1
202400039598,2024-04-05,nuit,,,95,95424,3,1,6,4,1,Autoroute,110.0,1
202400039599,2024-05-12,après-midi,,,44,44113,1,1,3,4,3,Départementale,,1
202400039600,2024-02-28,après-midi,,,94,94071,1,1,6,3,3,Départementale,50.0,1
202400039601,2024-08-25,nuit,,,58,58131,3,1,6,3,4,Voie communale,50.0,1
202400039602,2024-07-20,soirée,,,71,71158,1,1,2,4,3,Départementale,90.0,1
202400039603,2024-04-04,après-midi,,,93,93008,1,1,3,4,1,Autoroute,90.0,1
202400039604,2024-07-20,matin,,,63,63210,2,1,6,3,3,Départementale,90.0,1
202400039605,2024-02-28,après-midi,,,94,94011,1,1,2,4,3,Départementale,50.0,1
202400039606,2024-05-12,après-midi,,,14,14738,1,1,2,4,1,Autoroute,130.0,1
202400039607,2024-07-16,soirée,,,12,12299,1,1,6,3,3,Départementale,50.0,1
202400039608,2024-04-04,matin,,,93,93010,1,2,3,4,1,Autoroute,90.0,2
202400039609,2024-08-27,matin,,,54,54144,2,7,1,4,3,Départementale,80.0,1
202400039610,2024-05-13,après-midi,,,62,62097,1,1,6,4,2,Nationale,50.0,1
202400039611,2024-02-28,matin,,,94,94075,2,8,3,4,2,Nationale,70.0,1
202400039612,2024-04-04,matin,,,93,93063,1,3,7,4,1,Autoroute,90.0,2
202400039613,2024-07-20,après-midi,,,42,42262,1,1,1,2,3,Départementale,80.0,1
202400039614,2024-02-28,matin,,,93,93053,1,1,6,4,4,Voie communale,20.0,1
202400039615,2024-04-25,après-midi,,,66,66164,1,1,2,4,3,Départementale,50.0,1
202400039616,2024-02-04,nuit,,,64,64445,5,1,7,4,4,Voie communale,50.0,1
202400039617,2024-08-26,soirée,,,09,09265,1,1,2,4,3,Départementale,50.0,1
202400039618,2024-07-20,matin,,,46,46268,1,1,6,2,3,Départementale,80.0,1
202400039619,2024-02-28,après-midi,,,93,93008,1,1,6,4,4,Voie communale,50.0,1
202400039620,2024-05-03,matin,,,56,56130,1,1,3,3,3,Départementale,50.0,1
202400039621,2024-08-26,nuit,,,07,07058,5,1,2,3,3,Départementale,90.0,1
202400039622,2024-04-04,matin,,,988,98818,1,2,6,4,4,Voie communale,50.0,2
202400039623,2024-05-13,matin,,,89,89409,2,2,6,4,3,Départementale,90.0,2
202400039624,2024-02-28,après-midi,,,93,93005,1,1,3,4,4,Voie communale,50.0,1
202400039625,2024-08-27,nuit,,,40,40236,3,1,6,4,3,Départementale,80.0,1
202400039626,2024-07-20,nuit,,,47,47086,3,1,6,4,3,Départementale,80.0,1
202400039627,2024-05-11,soirée,,,49,49367,1,1,3,3,3,Départementale,80.0,1
202400039628,2024-04-04,matin,,,974,97416,1,1,3,4,4,Voie communale,50.0,1
202400039629,2024-02-28,soirée,,,92,92063,5,1,3,4,3,Départementale,50.0,1
202400039630,2024-05-11,après-midi,,,49,49224,1,7,7,3,3,Départementale,80.0,1
202400039631,2024-07-20,après-midi,,,41,41241,1,1,1,3,3,Départementale,80.0,1
202400039632,2024-08-27,matin,,,24,24311,1,1,1,2,3,Départementale,50.0,1
202400039633,2024-04-03,après-midi,,,974,97407,1,1,3,4,2,Nationale,50.0,1
202400039634,2024-05-12,nuit,,,68,68201,5,3,6,2,3,Départementale,50.0,2
202400039635,2024-02-28,matin,,,92,92063,1,1,3,4,3,Départementale,50.0,1
202400039636,2024-08-25,après-midi,,,04,04135,1,1,6,4,3,Départementale,50.0,1
202400039637,2024-02-28,après-midi,,,92,92050,1,1,1,4,4,Voie communale,50.0,1
202400039638,2024-07-15,après-midi,,,44,44212,1,1,1,3,3,Départementale,80.0,1
202400039639,2024-04-03,nuit,,,973,97302,4,1,3,4,4,Voie communale,50.0,1
202400039640,2024-05-11,soirée,,,22,22216,1,1,3,4,4,Voie communale,80.0,1
202400039641,2024-02-28,matin,,,92,92050,1,1,3,4,3,Départementale,50.0,1
202400039642,2024-08-26,soirée,,,85,85246,2,1,1,3,3,Départementale,80.0,1
202400039643,2024-05-12,soirée,,,29,29130,1,1,6,3,4,Voie communale,50.0,1
202400039644,2024-07-19,nuit,,,38,38394,3,1,2,3,3,Départementale,90.0,1
202400039645,2024-04-03,après-midi,,,973,97302,1,1,3,4,3,Départementale,50.0,1
202400039646,2024-05-13,nuit,,,38,38275,3,1,6,3,3,Départementale,80.0,1
202400039647,2024-02-28,soirée,,,92,92048,1,1,3,4,3,Départementale,50.0,1
202400039648,2024-07-19,soirée,,,84,84017,1,1,7,2,3,Départementale,80.0,1
202400039649,2024-02-28,après-midi,,,92,92004,1,1,6,4,3,Départementale,50.0,1
202400039650,2024-07-20,après-midi,,,15,15255,1,1,6,4,3,Départementale,90.0,1
202400039651,2024-04-04,soirée,,,69,69388,1,1,3,4,4,Voie communale,50.0,1
202400039652,2024-08-24,nuit,,,30,30326,3,1,4,4,1,Autoroute,130.0,1
202400039653,2024-05-13,matin,,,01,01196,1,1,3,3,4,Voie communale,50.0,1
202400039654,2024-07-19,après-midi,,,26,26025,1,1,7,3,3,Départementale,80.0,1
202400039655,2024-02-28,après-midi,,,47,47146,1,1,3,4,4,Voie communale,80.0,1
202400039656,2024-04-04,après-midi,,,69,69385,1,1,6,4,4,Voie communale,30.0,1
202400039657,2024-08-25,nuit,,,987,98725,5,1,1,3,2,Nationale,60.0,1
202400039658,2024-02-27,après-midi,,,51,51446,1,1,6,3,9,Autre,,1
202400039659,2024-04-03,matin,,,2B,2B033,1,1,2,4,2,Nationale,50.0,1
202400039660,2024-05-11,nuit,,,70,70311,3,1,6,4,4,Voie communale,50.0,1
202400039661,2024-07-19,après-midi,,,72,72183,1,1,3,4,3,Départementale,80.0,1
202400039662,2024-05-13,soirée,,,66,66053,2,1,6,4,3,Départementale,50.0,1
202400039663,2024-08-25,après-midi,,,77,77443,1,1,6,3,3,Départementale,50.0,1
202400039664,2024-02-28,après-midi,,,18,18233,1,8,3,3,3,Départementale,50.0,1
202400039665,2024-04-04,après-midi,,,2A,2A004,1,1,3,4,4,Voie communale,50.0,1
202400039666,2024-07-17,soirée,,,72,72275,1,1,1,3,3,Départementale,90.0,1
202400039667,2024-05-13,matin,,,54,54029,1,1,1,4,3,Départementale,50.0,1
202400039668,2024-08-26,matin,,,11,11076,1,1,6,3,3,Départementale,80.0,1
202400039669,2024-02-27,matin,,,972,97210,1,1,3,3,2,Nationale,80.0,1
202400039670,2024-07-19,soirée,,,06,06009,1,1,6,3,7,Autre,110.0,1
202400039671,2024-04-04,matin,,,2A,2A004,1,1,3,3,3,Départementale,50.0,1
202400039672,2024-02-28,nuit,,,44,44149,3,2,6,3,3,Départementale,80.0,2
202400039673,2024-05-12,soirée,,,54,54084,1,7,7,3,3,Départementale,80.0,1
202400039674,2024-04-04,après-midi,,,95,95252,1,1,3,4,6,Autre,10.0,2
202400039675,2024-08-26,soirée,,,04,04152,1,1,1,4,4,Voie communale,80.0,1
202400039676,2024-07-19,après-midi,,,14,14326,1,1,1,4,3,Départementale,80.0,1
202400039677,2024-02-28,matin,,,51,51351,1,1,2,4,3,Départementale,80.0,1
202400039678,2024-05-13,nuit,,,50,50058,3,1,7,3,3,Départementale,50.0,1
202400039679,2024-07-20,nuit,,,50,50603,3,1,7,3,4,Voie communale,80.0,1
202400039680,2024-04-03,matin,,,95,95197,1,2,3,4,3,Départementale,50.0,2
202400039681,2024-08-26,après-midi,,,26,26156,1,1,2,4,1,Autoroute,130.0,1
202400039682,2024-05-09,après-midi,,,45,45281,1,1,7,3,4,Voie communale,80.0,1
202400039683,2024-02-28,après-midi,,,67,67434,1,1,1,3,4,Voie communale,50.0,1
202400039684,2024-07-19,après-midi,,,64,64238,1,1,3,3,3,Départementale,80.0,1
202400039685,2024-05-11,nuit,,,16,16182,4,1,6,3,3,Départementale,80.0,1
202400039686,2024-08-26,matin,,,07,07130,1,1,6,4,2,Nationale,,1
202400039687,2024-04-04,nuit,,,91,91549,5,1,3,4,4,Voie communale,50.0,1
202400039688,2024-02-28,matin,,,71,71154,1,1,3,4,3,Départementale,50.0,1
202400039689,2024-07-19,soirée,,,07,07005,2,7,6,4,3,Départementale,50.0,1
202400039690,2024-02-29,après-midi,,,71,71295,1,1,3,4,3,Départementale,80.0,1
202400039691,2024-07-12,après-midi,,,21,21567,1,1,7,4,3,Départementale,80.0,1
202400039692,2024-05-11,après-midi,,,27,27622,1,1,6,3,3,Départementale,80.0,1
202400039693,2024-04-04,après-midi,,,91,91347,1,1,4,4,3,Départementale,50.0,1
202400039694,2024-07-19,soirée,,,21,21360,1,1,7,4,3,Départementale,80.0,1
202400039695,2024-07-19,après-midi,,,85,85051,1,7,3,4,3,Départementale,50.0,1
202400039696,2024-02-28,soirée,,,63,63081,1,1,7,3,4,Voie communale,80.0,1
202400039697,2024-08-27,matin,,,69,69117,2,1,3,3,7,Autre,80.0,1
202400039698,2024-05-12,après-midi,,,17,17457,1,1,7,3,3,Départementale,80.0,1
202400039699,2024-07-19,après-midi,,,27,27208,1,1,6,4,3,Départementale,80.0,1
202400039700,2024-04-04,matin,,,91,91692,1,3,6,4,4,Voie communale,30.0,3
202400039701,2024-02-28,matin,,,61,61293,1,1,3,4,3,Départementale,30.0,1
202400039702,2024-08-27,matin,,,65,65295,1,1,3,3,3,Départementale,30.0,1
202400039703,2024-05-11,après-midi,,,17,17174,1,1,1,4,3,Départementale,80.0,1
202400039704,2024-07-19,soirée,,,30,30249,1,1,6,3,3,Départementale,30.0,1
202400039705,2024-04-04,matin,,,91,91174,1,3,1,3,4,Voie communale,50.0,2
202400039706,2024-08-27,matin,,,09,09188,1,1,6,3,2,Nationale,110.0,1
202400039707,2024-05-13,matin,,,30,30234,1,1,7,4,3,Départementale,50.0,1