Num_Acc,date,time_of_day,lat,long,dep,com,lum,atm,col,severity_index,catr,catr_label,vma,surf
202400039708,2024-02-28,soirée,,,47,47252,3,1,3,4,3,Départementale,80.0,1
202400039709,2024-02-27,après-midi,,,90,90033,1,1,3,3,3,Départementale,50.0,1
202400039710,2024-04-03,après-midi,,,87,87085,1,1,6,4,4,Voie communale,30.0,1
202400039711,2024-08-27,soirée,,,87,87156,2,7,1,3,3,Départementale,80.0,1
202400039712,2024-02-29,après-midi,,,07,07010,1,1,3,4,4,Voie communale,50.0,1
202400039713,2024-04-03,matin,,,87,87085,1,2,6,4,4,Voie communale,50.0,2
202400039714,2024-07-20,après-midi,,,08,08367,1,7,1,4,3,Départementale,90.0,1
202400039715,2024-08-27,après-midi,,,17,17337,1,1,3,3,4,Voie communale,50.0,1
202400039716,2024-02-29,matin,,,85,85058,4,2,3,4,4,Voie communale,,2
202400039717,2024-04-02,après-midi,,,87,87114,1,1,6,4,4,Voie communale,50.0,1
202400039718,2024-07-20,après-midi,,,35,35238,1,1,3,3,2,Nationale,50.0,1
202400039719,2024-02-28,après-midi,,,28,28280,1,1,6,4,3,Départementale,80.0,6
202400039720,2024-08-27,nuit,,,17,17385,3,1,7,3,4,Voie communale,80.0,1
202400039721,2024-02-26,après-midi,,,37,37145,2,1,6,2,3,Départementale,80.0,2
202400039722,2024-04-04,matin,,,84,84007,1,1,3,4,4,Voie communale,50.0,1
202400039723,2024-07-20,soirée,,,06,06088,1,1,2,4,1,Autoroute,90.0,1
202400039724,2024-08-26,nuit,,,33,33519,3,1,2,3,4,Voie communale,80.0,1
202400039725,2024-07-20,nuit,,,06,06088,4,1,6,3,1,Autoroute,90.0,1
202400039726,2024-02-25,soirée,,,04,04063,3,3,4,4,1,Autoroute,110.0,2
202400039727,2024-04-03,soirée,,,83,83126,1,1,3,4,4,Voie communale,50.0,1
202400039728,2024-02-24,après-midi,,,57,57155,1,1,3,3,1,Autoroute,130.0,1
202400039729,2024-08-12,après-midi,,,85,85243,1,1,4,4,4,Voie communale,30.0,1
202400039730,2024-07-17,après-midi,,,976,97616,1,1,5,3,3,Départementale,70.0,1
202400039731,2024-04-04,matin,,,77,77305,3,3,6,3,4,Voie communale,50.0,2
202400039732,2024-02-29,matin,,,11,11188,1,1,2,2,1,Autoroute,130.0,1
202400039733,2024-08-25,nuit,,,22,22268,3,1,6,3,3,Départementale,,1
202400039734,2024-04-03,après-midi,,,77,77053,1,2,7,3,2,Nationale,50.0,2
202400039735,2024-07-19,après-midi,,,69,69097,1,1,3,4,3,Départementale,70.0,1
202400039736,2024-02-28,après-midi,,,77,77001,1,1,6,3,1,Autoroute,30.0,1
202400039737,2024-04-04,matin,,,77,77209,3,3,6,4,3,Départementale,50.0,2
202400039738,2024-08-26,après-midi,,,76,76303,1,1,7,4,3,Départementale,70.0,1
202400039739,2024-02-28,après-midi,,,28,28375,2,8,6,3,2,Nationale,110.0,1
202400039740,2024-07-18,soirée,,,987,98733,5,1,3,3,4,Voie communale,,1
202400039741,2024-04-04,matin,,,76,76540,1,1,6,3,4,Voie communale,50.0,2
202400039742,2024-08-25,après-midi,,,80,80415,1,1,3,3,4,Voie communale,50.0,1
202400039743,2024-08-27,matin,,,80,80521,2,1,7,4,1,Autoroute,130.0,1
202400039744,2024-04-03,soirée,,,76,76351,1,1,6,4,4,Voie communale,50.0,1
202400039745,2024-04-04,matin,,,74,74012,1,1,3,4,3,Départementale,50.0,1
202400039746,2024-07-20,nuit,,,34,34226,3,1,7,3,3,Départementale,80.0,1
202400039747,2024-08-26,matin,,,59,59010,1,1,3,2,3,Départementale,80.0,1
202400039748,2024-07-19,matin,,,04,04096,1,1,1,3,4,Voie communale,80.0,1
202400039749,2024-04-04,matin,,,74,74298,1,1,7,4,4,Voie communale,50.0,1
202400039750,2024-08-26,nuit,,,69,69250,3,1,6,2,1,Autoroute,110.0,1
202400039751,2024-07-20,après-midi,,,13,13072,1,1,1,3,3,Départementale,80.0,1
202400039752,2024-07-20,après-midi,,,89,89053,1,7,7,3,3,Départementale,70.0,1
202400039753,2024-08-23,nuit,,,59,59564,3,1,2,3,1,Autoroute,90.0,1
202400039754,2024-07-19,nuit,,,21,21292,5,1,6,3,3,Départementale,50.0,1
202400039755,2024-04-03,nuit,,,71,71270,5,2,6,4,4,Voie communale,30.0,2
202400039756,2024-07-19,après-midi,,,52,52271,1,1,7,4,3,Départementale,90.0,1
202400039757,2024-08-26,soirée,,,94,94065,1,1,2,3,2,Nationale,90.0,1
202400039758,2024-04-04,matin,,,69,69286,1,1,3,4,4,Voie communale,50.0,1
202400039759,2024-08-26,matin,,,75,75114,1,1,7,4,1,Autoroute,70.0,1
202400039760,2024-07-19,soirée,,,88,88206,1,1,3,3,3,Départementale,50.0,1
202400039761,2024-07-19,après-midi,,,73,73098,1,1,7,3,3,Départementale,80.0,9
202400039762,2024-04-04,matin,,,69,69259,5,1,3,4,7,Autre,50.0,1
202400039763,2024-08-26,matin,,,92,92062,1,1,2,3,2,Nationale,70.0,1
202400039764,2024-07-20,matin,,,38,38349,1,1,6,4,3,Départementale,50.0,1
202400039765,2024-04-03,après-midi,,,69,69276,1,8,1,3,4,Voie communale,30.0,2
202400039766,2024-08-25,nuit,,,78,78646,3,1,6,4,2,Nationale,110.0,1
202400039767,2024-08-26,après-midi,,,94,94073,1,1,3,4,1,Autoroute,90.0,1
202400039768,2024-07-19,après-midi,,,38,38054,1,1,5,4,3,Départementale,90.0,1
202400039769,2024-07-20,soirée,,,69,69225,1,2,7,4,3,Départementale,70.0,2
202400039770,2024-06-10,matin,,,74,74081,1,1,3,3,4,Voie communale,50.0,1
202400039771,2024-07-19,nuit,,,69,69111,3,1,3,3,3,Départementale,70.0,1
202400039772,2024-05-10,matin,,,74,74195,1,1,2,3,3,Départementale,,1
202400039773,2024-07-20,nuit,,,69,69021,5,1,1,4,3,Départementale,80.0,1
202400039774,2024-07-20,nuit,,,69,69040,5,1,6,3,4,Voie communale,50.0,1
202400039775,2024-04-14,après-midi,,,74,74128,1,1,1,4,3,Départementale,80.0,1
202400039776,2024-06-08,matin,,,74,74010,1,1,1,4,4,Voie communale,50.0,1
202400039777,2024-07-20,matin,,,81,81219,2,1,1,4,2,Nationale,80.0,1
202400039778,2024-07-15,nuit,,,32,32029,3,1,6,3,3,Départementale,80.0,1
202400039779,2024-05-20,après-midi,,,74,74236,1,1,1,3,3,Départementale,50.0,1
202400039780,2024-07-16,soirée,,,31,31327,1,1,2,3,3,Départementale,80.0,1
202400039781,2024-05-26,nuit,,,74,74068,3,1,6,3,3,Départementale,80.0,1
202400039782,2024-07-20,matin,,,31,31395,1,1,3,3,3,Départementale,50.0,1
202400039783,2024-07-19,nuit,,,24,24273,3,1,6,2,4,Voie communale,80.0,1
202400039784,2024-05-30,soirée,,,74,74147,1,8,6,4,3,Départementale,,2
202400039785,2024-07-08,après-midi,,,33,33473,1,1,2,3,3,Départementale,80.0,1
202400039786,2024-07-08,après-midi,,,33,33382,1,1,2,3,3,Départementale,80.0,1
202400039787,2024-07-20,nuit,,,33,33051,3,1,7,3,4,Voie communale,50.0,1
202400039788,2024-04-30,soirée,,,74,74042,1,1,4,4,3,Départementale,70.0,1
202400039789,2024-07-20,après-midi,,,76,76203,1,1,7,3,3,Départementale,50.0,1
202400039790,2024-06-09,après-midi,,,74,74121,1,2,2,4,4,Voie communale,50.0,2
202400039791,2024-07-19,après-midi,,,76,76057,1,1,3,4,3,Départementale,50.0,1
202400039792,2024-07-19,matin,,,76,76285,1,1,3,4,3,Départementale,,1
202400039793,2024-07-20,après-midi,,,60,60500,1,1,7,4,9,Autre,,1
202400039794,2024-07-19,soirée,,,62,62711,1,1,7,3,4,Voie communale,30.0,1
202400039795,2024-05-18,après-midi,,,74,74175,1,1,1,3,3,Départementale,50.0,2
202400039796,2024-07-17,nuit,,,13,13211,3,1,6,3,1,Autoroute,70.0,1
202400039797,2024-05-27,matin,,,74,74221,1,1,6,3,3,Départementale,50.0,1
202400039798,2024-07-19,matin,,,57,57096,1,1,6,4,1,Autoroute,110.0,1
202400039799,2024-07-19,après-midi,,,33,33039,1,1,4,4,2,Nationale,90.0,1
202400039800,2024-03-28,après-midi,,,74,74056,1,1,2,3,2,Nationale,90.0,1
202400039801,2024-07-19,après-midi,,,33,33249,1,1,4,4,1,Autoroute,90.0,1
202400039802,2024-03-25,matin,,,74,74208,1,1,6,4,2,Nationale,90.0,1
202400039803,2024-07-15,soirée,,,59,59544,1,1,2,4,1,Autoroute,130.0,1
202400039804,2024-07-19,après-midi,,,91,91645,1,1,3,4,2,Nationale,90.0,1
202400039805,2024-08-25,après-midi,,,59,59220,1,1,1,4,4,Voie communale,30.0,1
202400039806,2024-07-19,après-midi,,,91,91136,1,1,2,4,1,Autoroute,50.0,1
202400039807,2024-07-19,soirée,,,78,78423,1,1,6,4,2,Nationale,110.0,1
202400039808,2024-08-26,matin,,,988,98818,1,1,3,4,4,Voie communale,30.0,1
202400039809,2024-07-19,après-midi,,,78,78133,1,1,4,4,1,Autoroute,110.0,1
202400039810,2024-08-24,matin,,,974,97416,1,2,2,4,2,Nationale,110.0,2
202400039811,2024-07-19,soirée,,,95,95306,1,1,3,4,1,Autoroute,110.0,1
202400039812,2024-08-25,soirée,,,974,97407,5,1,6,4,4,Voie communale,50.0,1
202400039813,2024-07-19,après-midi,,,93,93064,1,1,1,4,1,Autoroute,90.0,1
202400039814,2024-07-19,matin,,,93,93008,1,1,6,4,1,Autoroute,60.0,1
202400039815,2024-08-25,après-midi,,,973,97302,1,1,1,4,3,Départementale,50.0,1
202400039816,2024-07-19,matin,,,94,94079,1,1,2,4,1,Autoroute,110.0,1
202400039817,2024-07-18,matin,,,976,97611,1,1,5,4,4,Voie communale,50.0,1
202400039818,2024-08-24,après-midi,,,95,95572,1,1,1,3,3,Départementale,50.0,1
202400039819,2024-07-18,après-midi,,,974,97411,1,1,3,4,4,Voie communale,50.0,1
202400039820,2024-07-18,après-midi,,,974,97409,1,1,6,4,4,Voie communale,50.0,1
202400039821,2024-08-25,après-midi,,,91,91600,1,1,4,4,2,Nationale,50.0,1
202400039822,2024-07-18,matin,,,973,97302,1,1,6,4,3,Départementale,50.0,1
202400039823,2024-07-18,matin,,,972,97213,1,1,4,4,1,Autoroute,90.0,1
202400039824,2024-08-25,nuit,,,88,88413,4,3,2,4,2,Nationale,90.0,2
202400039825,2024-07-18,après-midi,,,972,97209,1,1,3,4,4,Voie communale,50.0,1
202400039826,2024-07-17,après-midi,,,972,97209,1,1,3,4,3,Départementale,50.0,1
202400039827,2024-08-25,soirée,,,85,85191,1,1,3,4,3,Départementale,50.0,1
202400039828,2024-07-18,après-midi,,,2A,2A004,1,1,3,4,4,Voie communale,50.0,1
202400039829,2024-07-17,après-midi,,,95,95476,1,1,4,4,2,Nationale,110.0,1
202400039830,2024-08-25,après-midi,,,84,84007,1,1,6,4,3,Départementale,50.0,1
202400039831,2024-07-18,soirée,,,91,91521,1,1,1,4,4,Voie communale,50.0,1
202400039832,2024-07-16,après-midi,,,87,87065,1,1,3,4,3,Départementale,50.0,1
202400039833,2024-08-25,matin,,,83,83137,1,1,7,4,3,Départementale,50.0,1
202400039834,2024-07-17,soirée,,,85,85194,1,1,6,4,4,Voie communale,30.0,1
202400039835,2024-07-18,nuit,,,80,80021,5,1,3,4,4,Voie communale,30.0,1
202400039836,2024-06-12,matin,,,78,78624,1,1,6,2,3,Départementale,50.0,1
202400039837,2024-08-24,nuit,,,78,78358,5,1,3,3,3,Départementale,30.0,1
202400039838,2024-06-15,soirée,,,77,77251,1,1,3,4,3,Départementale,50.0,1
202400039839,2024-08-25,nuit,,,77,77284,5,1,2,4,3,Départementale,50.0,1
202400039840,2024-07-17,matin,,,77,77326,1,1,6,4,4,Voie communale,30.0,1
202400039841,2024-08-25,soirée,,,71,71306,2,1,6,4,4,Voie communale,50.0,1
202400039842,2024-07-17,matin,,,77,77296,1,1,3,4,4,Voie communale,30.0,8
202400039843,2024-07-18,soirée,,,76,76498,1,1,7,4,2,Nationale,90.0,1
202400039844,2024-08-25,nuit,,,65,65440,2,2,6,4,4,Voie communale,50.0,2
202400039845,2024-07-17,nuit,,,72,72181,5,1,2,4,4,Voie communale,50.0,1
202400039846,2024-07-18,nuit,,,69,69266,3,1,2,3,4,Voie communale,30.0,1
202400039847,2024-08-25,soirée,,,64,64348,1,2,3,4,4,Voie communale,50.0,2
202400039848,2024-07-18,matin,,,69,69259,1,1,6,4,4,Voie communale,50.0,1
202400039849,2024-08-24,après-midi,,,62,62239,1,3,1,4,3,Départementale,50.0,2
202400039850,2024-07-17,soirée,,,69,69259,1,1,6,4,7,Autre,30.0,1
202400039851,2024-07-18,matin,,,64,64445,1,1,6,4,4,Voie communale,50.0,1
202400039852,2024-08-25,nuit,,,60,60057,5,1,6,4,4,Voie communale,50.0,1
202400039853,2024-08-25,nuit,,,59,59352,3,2,7,4,4,Voie communale,80.0,2
202400039854,2024-07-17,après-midi,,,64,64445,1,1,3,4,4,Voie communale,50.0,1
202400039855,2024-08-24,après-midi,,,59,59033,1,2,7,3,3,Départementale,50.0,2
202400039856,2024-07-18,après-midi,,,63,63113,1,1,3,4,7,Autre,50.0,1
202400039857,2024-07-17,après-midi,,,63,63113,1,1,6,3,9,Autre,30.0,1
202400039858,2024-08-24,après-midi,,,59,59360,1,3,3,4,7,Autre,30.0,2
202400039859,2024-07-18,soirée,,,62,62193,1,1,3,4,4,Voie communale,30.0,1
202400039860,2024-08-25,soirée,,,57,57227,1,1,3,4,3,Départementale,50.0,1
202400039861,2024-08-25,après-midi,,,56,56162,1,1,6,4,3,Départementale,80.0,1
202400039862,2024-07-18,matin,,,62,62774,1,1,3,4,3,Départementale,50.0,1
202400039863,2024-08-24,après-midi,,,47,47001,1,1,3,4,3,Départementale,50.0,1
202400039864,2024-07-18,nuit,,,59,59426,5,1,3,4,7,Autre,70.0,1
202400039865,2024-06-19,après-midi,,,42,42218,1,1,6,4,4,Voie communale,50.0,1
202400039866,2024-07-18,nuit,,,59,59378,5,1,7,3,4,Voie communale,30.0,1
202400039867,2024-08-25,après-midi,,,36,36044,1,1,4,4,4,Voie communale,70.0,1
202400039868,2024-07-17,soirée,,,57,57672,1,1,2,4,3,Départementale,50.0,1
202400039869,2024-08-25,après-midi,,,36,36044,1,1,6,4,4,Voie communale,50.0,1
202400039870,2024-07-18,après-midi,,,54,54339,1,1,3,4,4,Voie communale,30.0,1
202400039871,2024-08-26,nuit,,,35,35238,3,1,6,4,2,Nationale,70.0,1
202400039872,2024-07-18,matin,,,54,54184,1,1,3,4,4,Voie communale,50.0,1
202400039873,2024-08-25,matin,,,34,34172,1,1,3,4,4,Voie communale,30.0,1
202400039874,2024-07-18,après-midi,,,54,54382,1,1,7,4,4,Voie communale,50.0,9
202400039875,2024-07-17,nuit,,,51,51454,5,1,6,3,4,Voie communale,50.0,1
202400039876,2024-08-25,nuit,,,31,31555,5,1,6,4,4,Voie communale,50.0,1
202400039877,2024-07-18,soirée,,,50,50218,1,1,6,3,3,Départementale,50.0,1
202400039878,2024-08-25,après-midi,,,27,27229,1,1,6,4,4,Voie communale,30.0,1
202400039879,2024-07-18,après-midi,,,50,50165,1,1,7,3,3,Départementale,50.0,1
202400039880,2024-08-24,après-midi,,,27,27306,1,3,7,4,4,Voie communale,50.0,2
202400039881,2024-08-24,soirée,,,26,26362,1,1,6,4,4,Voie communale,50.0,1
202400039882,2024-07-17,soirée,,,50,50129,1,1,3,4,4,Voie communale,50.0,1
202400039883,2024-08-25,nuit,,,14,14220,5,1,7,3,3,Départementale,50.0,1
202400039884,2024-08-25,matin,,,13,13202,5,1,1,3,9,Autre,50.0,1
202400039885,2024-07-17,soirée,,,50,50129,1,1,3,4,4,Voie communale,50.0,1
202400039886,2024-08-24,après-midi,,,13,13212,1,1,2,4,4,Voie communale,50.0,1
202400039887,2024-07-17,soirée,,,49,49007,1,1,3,4,4,Voie communale,50.0,1
202400039888,2024-07-17,matin,,,42,42186,2,1,3,4,4,Voie communale,50.0,1
202400039889,2024-07-17,après-midi,,,42,42218,1,1,3,4,4,Voie communale,50.0,1
202400039890,2024-08-24,après-midi,,,13,13211,1,1,5,4,7,Autre,50.0,1
202400039891,2024-07-17,soirée,,,38,38185,2,1,1,4,4,Voie communale,30.0,1
202400039892,2024-08-25,après-midi,,,10,10387,1,1,3,4,4,Voie communale,50.0,1
202400039893,2024-06-14,après-midi,,,21,21231,1,1,1,4,7,Autre,70.0,1
202400039894,2024-08-24,matin,,,01,01451,1,7,3,3,3,Départementale,50.0,1
202400039895,2024-07-18,après-midi,,,37,37261,1,7,3,4,4,Voie communale,50.0,1
202400039896,2024-08-25,après-midi,,,75,75116,1,1,2,4,4,Voie communale,70.0,1
202400039897,2024-05-29,après-midi,,,19,19275,1,8,6,3,4,Voie communale,50.0,1
202400039898,2024-07-18,après-midi,,,37,37261,1,1,6,4,4,Voie communale,10.0,1
202400039899,2024-06-17,après-midi,,,19,19031,1,1,3,4,4,Voie communale,50.0,1
202400039900,2024-06-16,après-midi,,,14,14333,1,1,6,4,4,Voie communale,30.0,1
202400039901,2024-07-18,soirée,,,35,35278,1,1,2,4,2,Nationale,90.0,1
202400039902,2024-08-24,après-midi,,,75,75120,1,1,5,4,4,Voie communale,70.0,1
202400039903,2024-06-17,matin,,,13,13054,1,1,2,4,3,Départementale,90.0,1
202400039904,2024-08-23,après-midi,,,75,75112,1,1,4,4,4,Voie communale,70.0,1
202400039905,2024-07-18,matin,,,35,35238,1,1,3,4,4,Voie communale,50.0,1
202400039906,2024-06-17,soirée,,,13,13209,1,1,7,3,3,Départementale,70.0,1
202400039907,2024-08-23,matin,,,75,75112,1,1,2,4,4,Voie communale,70.0,1
202400039908,2024-06-17,matin,,,13,13213,1,1,1,4,4,Voie communale,50.0,1
202400039909,2024-07-18,matin,,,34,34172,1,1,3,3,4,Voie communale,50.0,1
202400039910,2024-06-13,soirée,,,13,13204,1,1,7,3,4,Voie communale,50.0,1
202400039911,2024-08-23,matin,,,75,75112,1,1,3,4,4,Voie communale,70.0,1
202400039912,2024-07-18,soirée,,,33,33063,1,1,2,4,4,Voie communale,50.0,1
202400039913,2024-06-17,nuit,,,13,13208,5,1,2,4,4,Voie communale,50.0,1
202400039914,2024-08-24,après-midi,,,75,75113,1,1,2,2,4,Voie communale,50.0,1
202400039915,2024-06-12,matin,,,06,06027,1,1,6,4,4,Voie communale,50.0,1
202400039916,2024-08-25,matin,,,75,75116,1,1,6,3,4,Voie communale,30.0,1
202400039917,2024-06-17,matin,,,02,02738,1,1,3,3,4,Voie communale,50.0,1
202400039918,2024-07-18,après-midi,,,33,33063,1,1,4,4,4,Voie communale,50.0,1
202400039919,2024-08-25,matin,,,75,75116,1,1,3,4,4,Voie communale,30.0,1
202400039920,2024-06-17,matin,,,01,01053,1,1,2,4,3,Départementale,50.0,1
202400039921,2024-08-24,après-midi,,,75,75112,1,1,6,4,4,Voie communale,30.0,1
202400039922,2024-07-18,matin,,,33,33522,1,1,6,4,4,Voie communale,50.0,1
202400039923,2024-08-25,nuit,,,75,75111,5,1,6,4,4,Voie communale,30.0,1
202400039924,2024-06-17,soirée,,,75,75113,1,1,4,4,4,Voie communale,70.0,1
202400039925,2024-07-17,soirée,,,33,33009,1,1,6,4,4,Voie communale,50.0,1
202400039926,2024-08-25,nuit,,,75,75110,5,1,3,4,4,Voie communale,30.0,1
202400039927,2024-06-17,matin,,,75,75119,1,1,4,4,4,Voie communale,30.0,1
202400039928,2024-07-18,après-midi,,,31,31555,1,1,3,3,4,Voie communale,30.0,1
202400039929,2024-06-17,matin,,,75,75105,1,1,3,4,4,Voie communale,30.0,1
202400039930,2024-08-25,soirée,,,93,93005,2,1,5,4,3,Départementale,50.0,1
202400039931,2024-07-18,matin,,,29,29232,1,1,6,4,4,Voie communale,50.0,1
202400039932,2024-08-24,après-midi,,,93,93051,1,1,6,4,4,Voie communale,50.0,1
202400039933,2024-06-17,matin,,,75,75117,1,1,3,4,4,Voie communale,30.0,1
202400039934,2024-07-17,après-midi,,,29,29232,1,1,2,4,4,Voie communale,50.0,1
202400039935,2024-06-17,matin,,,75,75110,1,1,3,4,4,Voie communale,30.0,1
202400039936,2024-07-17,matin,,,29,29151,1,1,6,3,4,Voie communale,50.0,1
202400039937,2024-08-24,après-midi,,,93,93032,1,1,3,4,4,Voie communale,50.0,1
202400039938,2024-06-17,matin,,,75,75115,1,1,3,4,4,Voie communale,30.0,1
202400039939,2024-07-18,soirée,,,27,27229,1,1,2,4,4,Voie communale,50.0,1
202400039940,2024-08-24,soirée,,,93,93031,5,1,3,4,3,Départementale,50.0,1
202400039941,2024-06-17,après-midi,,,75,75101,1,1,3,4,4,Voie communale,30.0,1
202400039942,2024-07-17,soirée,,,26,26252,2,1,1,4,4,Voie communale,30.0,1
202400039943,2024-08-25,nuit,,,93,93013,5,1,6,4,3,Départementale,50.0,1
202400039944,2024-06-17,matin,,,94,94044,1,1,6,4,4,Voie communale,50.0,1
202400039945,2024-08-26,matin,,,34,34242,1,1,7,2,3,Départementale,70.0,1
202400039946,2024-08-25,soirée,,,47,47015,1,1,6,2,2,Nationale,80.0,1
202400039947,2024-06-17,soirée,,,94,94046,1,1,6,3,6,Autre,30.0,1
202400039948,2024-07-18,après-midi,,,17,17415,1,1,4,4,4,Voie communale,50.0,1
202400039949,2024-06-17,après-midi,,,94,94041,1,1,3,4,3,Départementale,30.0,1
202400039950,2024-08-26,après-midi,,,62,62723,1,1,3,3,3,Départementale,50.0,1
202400039951,2024-07-17,après-midi,,,14,14366,1,1,2,4,3,Départementale,90.0,1
202400039952,2024-08-26,après-midi,,,28,28161,1,1,6,4,1,Autoroute,130.0,1
202400039953,2024-08-24,matin,,,972,97220,2,2,7,4,2,Nationale,80.0,2
202400039954,2024-07-17,matin,,,14,14338,1,7,3,4,3,Départementale,50.0,1
202400039955,2024-06-16,nuit,,,93,93053,5,1,5,4,3,Départementale,50.0,1
202400039956,2024-08-23,nuit,,,972,97217,3,1,6,3,4,Voie communale,,1
202400039957,2024-07-17,après-midi,,,13,13117,1,1,3,3,3,Départementale,80.0,1
202400039958,2024-06-17,matin,,,93,93031,1,1,6,4,3,Départementale,50.0,1
202400039959,2024-08-26,matin,,,26,26324,1,1,7,4,1,Autoroute,110.0,1
202400039960,2024-06-17,après-midi,,,92,92046,1,1,7,4,4,Voie communale,30.0,1
202400039961,2024-07-18,après-midi,,,13,13208,1,1,1,3,4,Voie communale,50.0,1
202400039962,2024-08-26,soirée,,,01,01075,1,1,2,2,3,Départementale,50.0,1
202400039963,2024-06-17,après-midi,,,92,92063,1,1,1,4,3,Départementale,50.0,1
202400039964,2024-06-17,soirée,,,92,92062,1,1,3,4,3,Départementale,50.0,1
202400039965,2024-07-14,soirée,,,13,13005,1,1,1,4,3,Départementale,50.0,1
202400039966,2024-08-25,après-midi,,,86,86070,1,7,3,4,3,Départementale,90.0,1
202400039967,2024-06-17,soirée,,,92,92044,1,1,3,4,4,Voie communale,50.0,1
202400039968,2024-06-17,après-midi,,,92,92040,1,1,6,4,3,Départementale,30.0,1
202400039969,2024-08-25,soirée,,,971,97109,5,1,1,4,2,Nationale,80.0,1
202400039970,2024-06-17,matin,,,92,92024,1,1,6,3,3,Départementale,50.0,1
202400039971,2024-07-17,nuit,,,13,13004,3,1,2,4,2,Nationale,110.0,1
202400039972,2024-08-24,nuit,,,84,84027,3,1,6,4,3,Départementale,80.0,1
202400039973,2024-06-17,matin,,,92,92032,1,1,7,4,4,Voie communale,50.0,1
202400039974,2024-07-18,nuit,,,11,11069,4,1,6,3,4,Voie communale,50.0,1
202400039975,2024-08-25,matin,,,2A,2A085,1,1,2,3,2,Nationale,70.0,1
202400039976,2024-06-17,après-midi,,,92,92012,1,1,2,4,4,Voie communale,30.0,1
202400039977,2024-08-23,soirée,,,82,82112,5,1,6,3,4,Voie communale,30.0,1
202400039978,2024-06-17,après-midi,,,92,92007,1,1,3,4,3,Départementale,50.0,1
202400039979,2024-07-17,soirée,,,10,10265,1,1,2,4,4,Voie communale,50.0,1
202400039980,2024-08-26,matin,,,65,65408,1,8,2,4,3,Départementale,90.0,2
202400039981,2024-06-16,nuit,,,92,92002,5,1,6,3,4,Voie communale,50.0,1
202400039982,2024-06-18,nuit,,,95,95116,3,2,6,4,4,Voie communale,50.0,2
202400039983,2024-08-26,matin,,,33,33296,1,1,1,3,3,Départementale,50.0,1
202400039984,2024-07-17,matin,,,10,10081,1,1,2,4,4,Voie communale,50.0,1
202400039985,2024-05-30,matin,,,40,40036,1,2,3,3,3,Départementale,50.0,2
202400039986,2024-06-17,matin,,,05,05174,1,1,7,3,3,Départementale,80.0,1
202400039987,2024-07-18,matin,,,06,06069,1,1,3,4,3,Départementale,50.0,1
202400039988,2024-08-26,après-midi,,,69,69162,1,1,3,2,3,Départementale,80.0,1
202400039989,2024-08-25,nuit,,,86,86068,3,1,6,2,3,Départementale,80.0,1
202400039990,2024-06-18,après-midi,,,974,97410,1,1,1,4,2,Nationale,50.0,1
202400039991,2024-07-18,après-midi,,,06,06030,1,1,3,4,4,Voie communale,50.0,1
202400039992,2024-08-25,soirée,,,34,34239,1,1,3,2,3,Départementale,50.0,1
202400039993,2024-06-18,soirée,,,51,51147,1,1,2,3,3,Départementale,90.0,1
202400039994,2024-07-18,après-midi,,,01,01289,1,1,3,3,4,Voie communale,50.0,1
202400039995,2024-06-16,matin,,,62,62141,1,2,6,3,4,Voie communale,80.0,2
202400039996,2024-08-25,soirée,,,34,34235,2,7,1,4,3,Départementale,,1
202400039997,2024-06-14,après-midi,,,80,80308,1,2,6,3,4,Voie communale,50.0,2
202400039998,2024-07-18,soirée,,,75,75120,1,1,2,4,4,Voie communale,70.0,1
202400039999,2024-08-23,matin,,,68,68270,1,1,3,4,3,Départementale,50.0,1
202400040000,2024-06-18,matin,,,80,80704,1,1,1,4,3,Départementale,,1
202400040001,2024-07-18,après-midi,,,75,75117,1,1,3,4,4,Voie communale,70.0,1
202400040002,2024-08-19,soirée,,,68,68129,2,7,2,3,3,Départementale,80.0,1
202400040003,2024-06-05,matin,,,69,69006,2,7,6,4,3,Départementale,50.0,1
202400040004,2024-07-18,après-midi,,,75,75112,1,1,2,4,4,Voie communale,70.0,1
202400040005,2024-09-19,soirée,,,24,24007,2,1,7,3,3,Départementale,90.0,1
202400040006,2024-08-24,après-midi,,,39,39106,1,1,3,4,3,Départementale,90.0,1
202400040007,2024-08-18,après-midi,,,01,01451,1,3,6,4,1,Autoroute,80.0,2
202400040008,2024-07-18,matin,,,75,75119,1,1,3,4,4,Voie communale,70.0,1
202400040009,2024-06-17,après-midi,,,11,11397,1,1,2,4,3,Départementale,50.0,1
202400040010,2024-08-24,matin,,,39,39501,1,1,6,4,3,Départementale,50.0,1
202400040011,2024-06-17,soirée,,,89,89086,1,1,6,3,3,Départementale,90.0,1
202400040012,2024-07-17,soirée,,,75,75117,1,1,3,4,4,Voie communale,70.0,1
202400040013,2024-09-30,après-midi,,,06,06088,1,1,4,3,1,Autoroute,90.0,1
202400040014,2024-06-17,soirée,,,42,42027,1,7,1,4,4,Voie communale,80.0,1
202400040015,2024-08-26,après-midi,,,39,39443,1,1,7,4,4,Voie communale,80.0,1
202400040016,2024-07-17,soirée,,,75,75115,1,1,4,4,4,Voie communale,70.0,1
202400040017,2024-08-25,matin,,,29,29031,1,1,7,2,3,Départementale,70.0,1
202400040018,2024-06-18,après-midi,,,46,46024,1,1,1,4,3,Départementale,80.0,1
202400040019,2024-10-01,matin,,,34,34129,3,1,2,2,1,Autoroute,110.0,1
202400040020,2024-08-26,matin,,,29,29160,1,1,6,2,4,Voie communale,30.0,1