Num_Acc,date,time_of_day,lat,long,dep,com,lum,atm,col,severity_index,catr,catr_label,vma,surf
202400040021,2024-06-16,après-midi,,,41,41185,1,3,2,4,3,Départementale,,2
202400040022,2024-07-05,matin,,,03,03206,1,1,7,3,3,Départementale,90.0,1
202400040023,2024-10-01,après-midi,,,973,97311,1,1,6,4,4,Voie communale,50.0,1
202400040024,2024-07-17,soirée,,,75,75120,1,1,6,4,4,Voie communale,30.0,1
202400040025,2024-08-25,après-midi,,,01,01351,1,1,3,4,3,Départementale,50.0,1
202400040026,2024-06-18,après-midi,,,34,34091,1,1,7,3,3,Départementale,80.0,1
202400040027,2024-08-24,après-midi,,,70,70342,1,7,7,3,3,Départementale,80.0,1
202400040028,2024-09-22,nuit,,,971,97107,5,2,7,3,2,Nationale,110.0,2
202400040029,2024-07-18,matin,,,75,75117,1,1,4,4,4,Voie communale,30.0,1
202400040030,2024-08-25,soirée,,,26,26349,1,1,1,3,3,Départementale,80.0,1
202400040031,2024-06-17,soirée,,,68,68237,2,1,1,3,3,Départementale,80.0,1
202400040032,2024-09-30,après-midi,,,77,77176,1,1,2,4,3,Départementale,50.0,1
202400040033,2024-07-17,après-midi,,,75,75116,1,1,3,4,4,Voie communale,30.0,1
202400040034,2024-08-25,soirée,,,26,26329,1,1,7,4,3,Départementale,,1
202400040035,2024-06-13,après-midi,,,29,29068,1,2,3,3,4,Voie communale,80.0,2
202400040036,2024-07-18,après-midi,,,75,75115,1,1,7,4,4,Voie communale,30.0,1
202400040037,2024-08-26,après-midi,,,66,66053,1,1,6,3,3,Départementale,30.0,1
202400040038,2024-09-30,après-midi,,,26,26064,1,1,1,2,3,Départementale,80.0,1
202400040039,2024-06-18,après-midi,,,29,29176,1,8,6,4,4,Voie communale,70.0,2
202400040040,2024-07-17,matin,,,75,75114,1,1,6,4,4,Voie communale,30.0,1
202400040041,2024-08-25,après-midi,,,06,06120,1,1,1,4,7,Autre,,1
202400040042,2024-06-18,après-midi,,,38,38134,1,1,6,3,3,Départementale,80.0,1
202400040043,2024-09-29,après-midi,,,69,69113,1,1,3,3,3,Départementale,80.0,1
202400040044,2024-07-18,après-midi,,,75,75113,1,1,3,4,4,Voie communale,30.0,1
202400040045,2024-08-26,soirée,,,50,50272,1,1,3,3,3,Départementale,80.0,1
202400040046,2024-08-25,après-midi,,,73,73128,1,1,7,3,3,Départementale,80.0,1
202400040047,2024-06-17,soirée,,,02,02801,2,1,3,4,3,Départementale,50.0,1
202400040048,2024-07-18,matin,,,75,75113,1,1,6,3,4,Voie communale,30.0,1
202400040049,2024-10-01,matin,,,85,85092,1,3,6,4,4,Voie communale,30.0,2
202400040050,2024-07-17,après-midi,,,75,75112,1,1,3,4,4,Voie communale,30.0,1
202400040051,2024-08-26,après-midi,,,36,36071,1,1,1,4,3,Départementale,80.0,1
202400040052,2024-06-18,après-midi,,,01,01138,1,1,3,3,3,Départementale,30.0,1
202400040053,2024-09-23,matin,,,50,50601,1,1,6,4,4,Voie communale,50.0,1
202400040054,2024-06-17,matin,,,72,72071,1,1,3,3,4,Voie communale,50.0,1
202400040055,2024-07-18,nuit,,,75,75110,5,1,3,4,4,Voie communale,30.0,1
202400040056,2024-08-25,soirée,,,07,07204,1,1,1,4,3,Départementale,90.0,1
202400040057,2024-06-17,soirée,,,60,60509,1,1,3,3,3,Départementale,30.0,1
202400040058,2024-07-18,après-midi,,,75,75109,1,1,3,4,4,Voie communale,30.0,1
202400040059,2024-08-25,nuit,,,85,85146,5,1,6,3,3,Départementale,70.0,1
202400040060,2024-10-01,matin,,,50,50564,1,1,7,4,3,Départementale,80.0,2
202400040061,2024-04-20,nuit,,,64,64221,5,1,1,4,3,Départementale,70.0,1
202400040062,2024-07-17,matin,,,75,75108,1,1,6,4,4,Voie communale,,1
202400040063,2024-08-25,après-midi,,,87,87039,1,1,1,4,3,Départementale,80.0,1
202400040064,2024-10-01,après-midi,,,14,14166,1,1,7,4,3,Départementale,50.0,1
202400040065,2024-06-18,matin,,,73,73128,1,1,3,3,3,Départementale,80.0,1
202400040066,2024-07-18,nuit,,,75,75107,5,1,3,4,4,Voie communale,30.0,1
202400040067,2024-10-01,matin,,,62,62705,1,1,6,3,4,Voie communale,80.0,1
202400040068,2024-06-17,matin,,,10,10202,1,1,7,3,3,Départementale,80.0,2
202400040069,2024-08-25,après-midi,,,37,37086,1,1,1,4,3,Départementale,80.0,1
202400040070,2024-06-18,après-midi,,,07,07334,1,1,7,4,3,Départementale,90.0,1
202400040071,2024-07-18,nuit,,,75,75103,5,1,1,4,4,Voie communale,30.0,1
202400040072,2024-07-27,matin,,,30,30106,2,1,6,4,3,Départementale,80.0,1
202400040073,2024-06-17,après-midi,,,21,21527,1,1,6,3,3,Départementale,90.0,1
202400040074,2024-07-17,matin,,,94,94080,1,1,6,4,3,Départementale,50.0,1
202400040075,2024-06-17,soirée,,,42,42159,2,1,6,2,1,Autoroute,110.0,1
202400040076,2024-07-17,nuit,,,94,94043,3,1,2,4,4,Voie communale,30.0,1
202400040077,2024-09-30,après-midi,,,13,13210,1,1,6,3,1,Autoroute,50.0,1
202400040078,2024-06-17,soirée,,,34,34256,1,1,2,3,1,Autoroute,130.0,1
202400040079,2024-07-18,après-midi,,,94,94034,1,1,3,4,4,Voie communale,50.0,1
202400040080,2024-08-25,soirée,,,95,95151,1,7,1,3,3,Départementale,70.0,1
202400040081,2024-09-28,après-midi,,,59,59491,1,1,2,4,1,Autoroute,130.0,1
202400040082,2024-07-17,soirée,,,94,94079,1,1,3,4,3,Départementale,50.0,1
202400040083,2024-06-17,après-midi,,,976,97617,1,1,5,3,3,Départementale,70.0,1
202400040084,2024-08-25,nuit,,,30,30189,3,2,2,4,1,Autoroute,130.0,2
202400040085,2024-06-17,après-midi,,,69,69013,1,1,6,4,1,Autoroute,130.0,1
202400040086,2024-07-18,soirée,,,94,94017,1,1,2,4,3,Départementale,50.0,1
202400040087,2024-09-27,nuit,,,59,59459,3,1,2,4,1,Autoroute,90.0,1
202400040088,2024-06-16,nuit,,,45,45331,3,1,6,3,3,Départementale,70.0,1
202400040089,2024-07-18,après-midi,,,93,93066,1,1,6,4,3,Départementale,50.0,1
202400040090,2024-06-16,soirée,,,91,91232,2,3,1,3,3,Départementale,80.0,2
202400040091,2024-08-25,matin,,,976,97616,1,1,1,4,2,Nationale,50.0,1
202400040092,2024-06-18,après-midi,,,91,91200,1,1,7,4,3,Départementale,50.0,1
202400040093,2024-09-26,après-midi,,,62,62498,1,1,5,4,1,Autoroute,90.0,1
202400040094,2024-07-18,après-midi,,,93,93049,1,1,6,4,3,Départementale,30.0,1
202400040095,2024-08-25,matin,,,28,28408,1,1,6,4,1,Autoroute,,1
202400040096,2024-06-17,après-midi,,,66,66023,1,1,2,4,3,Départementale,80.0,1
202400040097,2024-08-26,nuit,,,974,97406,3,1,2,3,2,Nationale,,1
202400040098,2024-09-30,soirée,,,91,91228,1,8,4,4,2,Nationale,90.0,1
202400040099,2024-06-16,soirée,,,66,66037,1,1,3,3,4,Voie communale,50.0,1
202400040100,2024-08-25,nuit,,,971,97121,3,1,1,4,3,Départementale,70.0,1
202400040101,2024-06-17,après-midi,,,34,34145,1,1,6,2,4,Voie communale,50.0,1
202400040102,2024-09-30,soirée,,,78,78043,1,2,3,4,1,Autoroute,110.0,2
202400040103,2024-06-17,matin,,,34,34057,1,1,7,3,7,Autre,70.0,1
202400040104,2024-08-25,soirée,,,29,29136,1,1,3,4,4,Voie communale,80.0,1
202400040105,2024-06-10,après-midi,,,83,83042,1,1,3,4,4,Voie communale,50.0,1
202400040106,2024-08-26,après-midi,,,95,95211,1,1,1,3,3,Départementale,80.0,1
202400040107,2024-06-17,après-midi,,,68,68154,1,1,2,4,4,Voie communale,50.0,1
202400040108,2024-08-25,nuit,,,95,95656,3,1,6,3,3,Départementale,80.0,1
202400040109,2024-09-29,soirée,,,78,78291,3,8,4,4,1,Autoroute,110.0,2
202400040110,2024-06-18,après-midi,,,68,68255,1,1,3,4,4,Voie communale,50.0,1
202400040111,2024-06-07,nuit,,,42,42168,3,1,6,3,3,Départementale,90.0,1
202400040112,2024-08-26,nuit,,,66,66008,5,1,5,3,4,Voie communale,50.0,1
202400040113,2024-06-10,après-midi,,,44,44201,1,2,6,4,3,Départementale,30.0,2
202400040114,2024-08-26,après-midi,,,04,04193,1,1,7,3,3,Départementale,80.0,1
202400040115,2024-09-29,soirée,,,78,78362,2,2,4,4,1,Autoroute,110.0,2
202400040116,2024-06-17,après-midi,,,33,33104,1,1,1,3,3,Départementale,50.0,1
202400040117,2024-08-25,soirée,,,13,13085,1,1,7,4,3,Départementale,80.0,1
202400040118,2024-09-29,après-midi,,,78,78322,1,8,2,4,2,Nationale,90.0,1
202400040119,2024-06-18,après-midi,,,60,60524,1,1,3,4,3,Départementale,110.0,1
202400040120,2024-08-25,soirée,,,13,13042,1,1,1,4,3,Départementale,80.0,1
202400040121,2024-08-26,soirée,,,71,71513,1,1,6,4,3,Départementale,50.0,1
202400040122,2024-06-04,après-midi,,,60,60462,1,1,2,4,3,Départementale,50.0,1
202400040123,2024-09-28,nuit,,,92,92025,3,1,2,4,1,Autoroute,70.0,1
202400040124,2024-08-24,après-midi,,,21,21292,1,1,2,3,3,Départementale,50.0,1
202400040125,2024-06-17,après-midi,,,59,59053,1,1,6,3,4,Voie communale,50.0,1
202400040126,2024-06-17,après-midi,,,13,13215,1,1,2,4,1,Autoroute,90.0,1
202400040127,2024-09-29,matin,,,93,93078,3,1,2,3,1,Autoroute,90.0,1
202400040128,2024-08-24,soirée,,,03,03235,3,2,1,3,3,Départementale,90.0,2
202400040129,2024-06-16,matin,,,59,59009,1,1,6,3,2,Nationale,70.0,2
202400040130,2024-08-26,matin,,,73,73050,5,1,1,4,3,Départementale,50.0,1
202400040131,2024-06-17,après-midi,,,91,91689,1,1,4,4,1,Autoroute,110.0,1
202400040132,2024-09-29,nuit,,,93,93005,3,1,2,4,1,Autoroute,90.0,1
202400040133,2024-08-17,matin,,,73,73160,1,1,6,4,3,Départementale,50.0,2
202400040134,2024-06-17,matin,,,91,91689,1,1,2,4,1,Autoroute,90.0,1
202400040135,2024-08-25,après-midi,,,01,01049,1,1,3,4,3,Départementale,50.0,1
202400040136,2024-09-28,après-midi,,,93,93005,1,1,3,4,1,Autoroute,90.0,1
202400040137,2024-06-16,après-midi,,,78,78043,1,1,4,4,1,Autoroute,110.0,2
202400040138,2024-08-25,après-midi,,,01,01249,1,1,1,4,4,Voie communale,,1
202400040139,2024-06-16,nuit,,,78,78321,3,1,6,4,2,Nationale,110.0,1
202400040140,2024-09-30,soirée,,,94,94046,5,1,7,4,1,Autoroute,90.0,1
202400040141,2024-06-15,nuit,,,78,78646,3,1,2,4,2,Nationale,90.0,1
202400040142,2024-08-23,après-midi,,,22,22208,1,2,7,3,4,Voie communale,80.0,2
202400040143,2024-09-30,après-midi,,,94,94073,1,1,3,4,1,Autoroute,90.0,1
202400040144,2024-08-26,après-midi,,,22,22277,1,1,2,3,3,Départementale,70.0,1
202400040145,2024-06-17,après-midi,,,93,93008,1,1,4,4,1,Autoroute,90.0,1
202400040146,2024-05-25,après-midi,,,91,91174,1,1,6,4,4,Voie communale,50.0,1
202400040147,2024-06-17,matin,,,93,93064,1,1,2,4,1,Autoroute,70.0,1
202400040148,2024-08-26,après-midi,,,02,02020,1,1,4,4,3,Départementale,50.0,1
202400040149,2024-06-17,matin,,,95,95572,1,1,6,2,2,Nationale,70.0,2
202400040150,2024-08-25,matin,,,02,02495,1,1,6,4,3,Départementale,50.0,1
202400040151,2024-05-13,soirée,,,91,91521,1,1,4,4,2,Nationale,70.0,1
202400040152,2024-03-28,soirée,,,29,29230,1,2,7,4,4,Voie communale,80.0,2
202400040153,2024-08-24,nuit,,,59,59181,3,1,2,4,2,Nationale,50.0,2
202400040154,2024-03-10,après-midi,,,14,14712,1,1,2,4,3,Départementale,50.0,1
202400040155,2024-05-11,après-midi,,,28,28005,1,7,1,3,2,Nationale,,1
202400040156,2024-08-26,nuit,,,59,59559,5,1,5,3,3,Départementale,50.0,1
202400040157,2024-06-15,après-midi,,,987,98736,1,1,3,3,4,Voie communale,60.0,1
202400040158,2024-06-16,soirée,,,974,97416,3,1,7,4,3,Départementale,50.0,1
202400040159,2024-02-07,matin,,,93,93072,1,2,3,4,3,Départementale,50.0,2
202400040160,2024-06-16,matin,,,972,97213,1,1,7,4,3,Départementale,70.0,1
202400040161,2024-06-16,soirée,,,13,13026,2,1,7,4,1,Autoroute,110.0,1
202400040162,2024-07-26,après-midi,,,57,57206,1,1,6,4,4,Voie communale,15.0,1
202400040163,2024-06-16,après-midi,,,971,97120,1,1,3,3,4,Voie communale,30.0,1
202400040164,2024-09-28,après-midi,,,974,97411,1,1,6,4,2,Nationale,90.0,1
202400040165,2024-06-16,matin,,,95,95203,1,1,6,4,3,Départementale,50.0,2
202400040166,2024-09-29,matin,,,69,69149,1,1,6,4,4,Voie communale,50.0,1
202400040167,2024-08-25,après-midi,,,33,33096,1,1,4,4,1,Autoroute,90.0,1
202400040168,2024-09-29,matin,,,69,69149,1,1,3,4,4,Voie communale,50.0,1
202400040169,2024-06-16,après-midi,,,91,91657,1,2,2,4,4,Voie communale,50.0,2
202400040170,2024-08-25,après-midi,,,91,91689,1,1,4,4,1,Autoroute,110.0,1
202400040171,2024-06-16,après-midi,,,88,88160,1,8,2,4,4,Voie communale,50.0,1
202400040172,2024-09-29,après-midi,,,95,95680,1,1,1,4,3,Départementale,80.0,1
202400040173,2024-08-24,nuit,,,91,91689,3,1,6,4,1,Autoroute,90.0,1
202400040174,2024-06-11,après-midi,,,86,86066,1,1,3,4,3,Départementale,70.0,1
202400040175,2024-08-25,soirée,,,92,92047,1,1,2,4,1,Autoroute,110.0,1
202400040176,2024-09-27,après-midi,,,95,95277,1,1,3,4,4,Voie communale,30.0,1
202400040177,2024-06-16,soirée,,,84,84031,1,1,6,4,3,Départementale,80.0,1
202400040178,2024-08-25,matin,,,78,78133,1,1,6,4,1,Autoroute,110.0,1
202400040179,2024-06-16,après-midi,,,77,77373,1,1,3,4,4,Voie communale,30.0,1
202400040180,2024-08-25,matin,,,92,92072,1,1,7,4,2,Nationale,90.0,1
202400040181,2024-09-29,après-midi,,,91,91312,1,1,3,4,4,Voie communale,30.0,1
202400040182,2024-09-28,après-midi,,,83,83137,1,1,6,3,4,Voie communale,30.0,1
202400040183,2024-08-25,après-midi,,,94,94065,1,1,5,4,2,Nationale,90.0,1
202400040184,2024-06-15,après-midi,,,77,77400,1,2,1,4,4,Voie communale,80.0,2
202400040185,2024-09-29,nuit,,,83,83137,5,1,3,4,4,Voie communale,50.0,1
202400040186,2024-08-23,après-midi,,,976,97611,2,1,3,4,4,Voie communale,50.0,1
202400040187,2024-08-24,soirée,,,973,97302,2,1,7,4,4,Voie communale,50.0,1
202400040188,2024-09-29,après-midi,,,83,83069,1,1,1,4,4,Voie communale,30.0,1
202400040189,2024-06-16,soirée,,,74,74012,1,1,1,4,4,Voie communale,30.0,1
202400040190,2024-08-24,soirée,,,69,69384,5,1,6,3,4,Voie communale,30.0,1
202400040191,2024-08-24,nuit,,,972,97209,3,2,6,4,3,Départementale,60.0,2
202400040192,2024-09-27,après-midi,,,83,83069,1,1,3,4,4,Voie communale,50.0,1
202400040193,2024-06-16,après-midi,,,74,74012,1,1,3,3,3,Départementale,50.0,1
202400040194,2024-06-15,après-midi,,,74,74133,1,1,2,4,4,Voie communale,70.0,1
202400040195,2024-08-24,matin,,,69,69384,1,1,4,4,4,Voie communale,50.0,1
202400040196,2024-06-15,après-midi,,,69,69264,1,1,6,4,4,Voie communale,50.0,1
202400040197,2024-08-24,matin,,,971,97113,1,1,6,4,4,Voie communale,50.0,1
202400040198,2024-09-29,après-midi,,,77,77284,1,1,6,4,3,Départementale,50.0,1
202400040199,2024-06-16,matin,,,66,66136,1,1,1,4,4,Voie communale,50.0,1
202400040200,2024-09-29,soirée,,,74,74012,1,1,3,4,4,Voie communale,50.0,1
202400040201,2024-08-23,après-midi,,,971,97101,1,1,1,4,3,Départementale,70.0,1
202400040202,2024-06-16,après-midi,,,65,65440,1,1,3,4,3,Départementale,50.0,1
202400040203,2024-08-24,soirée,,,2A,2A004,1,1,3,4,2,Nationale,50.0,1
202400040204,2024-09-29,après-midi,,,71,71306,1,1,2,4,2,Nationale,110.0,1
202400040205,2024-06-16,après-midi,,,65,65286,1,1,5,4,2,Nationale,50.0,1
202400040206,2024-09-29,après-midi,,,71,71306,1,1,3,4,4,Voie communale,,1
202400040207,2024-08-24,après-midi,,,91,91114,1,1,3,3,4,Voie communale,50.0,1
202400040208,2024-06-16,après-midi,,,63,63300,1,1,3,4,4,Voie communale,50.0,1
202400040209,2024-09-28,matin,,,69,69091,1,8,3,4,7,Autre,50.0,2
202400040210,2024-08-24,soirée,,,91,91521,1,8,6,4,3,Départementale,70.0,2
202400040211,2024-06-16,matin,,,62,62464,1,1,6,3,3,Départementale,50.0,1
202400040212,2024-09-29,soirée,,,66,66136,1,8,6,4,4,Voie communale,50.0,1
202400040213,2024-06-15,soirée,,,59,59392,1,8,3,3,4,Voie communale,50.0,1
202400040214,2024-08-24,matin,,,91,91223,1,1,6,4,4,Voie communale,50.0,1
202400040215,2024-06-11,matin,,,59,59017,1,1,6,3,4,Voie communale,50.0,1
202400040216,2024-09-29,matin,,,63,63113,1,1,6,3,4,Voie communale,50.0,1
202400040217,2024-08-24,nuit,,,91,91223,5,1,1,4,3,Départementale,50.0,1
202400040218,2024-09-29,matin,,,63,63113,1,1,6,3,4,Voie communale,30.0,1
202400040219,2024-06-15,soirée,,,57,57672,1,1,3,4,4,Voie communale,50.0,1
202400040220,2024-09-28,après-midi,,,62,62186,1,1,6,3,3,Départementale,20.0,1
202400040221,2024-06-16,nuit,,,51,51454,3,1,6,4,4,Voie communale,50.0,1
202400040222,2024-08-24,nuit,,,83,83129,5,1,5,4,3,Départementale,50.0,1
202400040223,2024-06-15,soirée,,,51,51454,1,1,1,4,4,Voie communale,50.0,1
202400040224,2024-09-29,nuit,,,59,59512,5,1,3,4,7,Autre,50.0,1
202400040225,2024-06-16,après-midi,,,49,49007,1,2,3,4,4,Voie communale,50.0,2
202400040226,2024-08-23,après-midi,,,78,78498,1,1,5,4,4,Voie communale,30.0,1
202400040227,2024-09-29,matin,,,59,59437,2,1,3,4,7,Autre,50.0,1
202400040228,2024-06-15,après-midi,,,47,47001,1,1,7,3,9,Autre,30.0,1
202400040229,2024-06-15,après-midi,,,42,42186,1,1,3,4,4,Voie communale,50.0,1
202400040230,2024-09-27,soirée,,,51,51230,2,2,6,4,4,Voie communale,5.0,2
202400040231,2024-06-14,après-midi,,,41,41018,1,1,6,4,4,Voie communale,50.0,1
202400040232,2024-06-16,nuit,,,38,38111,3,1,1,4,1,Autoroute,70.0,1
202400040233,2024-09-29,soirée,,,45,45284,2,1,3,4,4,Voie communale,50.0,1
202400040234,2024-06-16,nuit,,,38,38421,5,1,3,3,4,Voie communale,50.0,1
202400040235,2024-09-28,après-midi,,,37,37261,1,1,6,4,4,Voie communale,50.0,1
202400040236,2024-06-16,nuit,,,37,37261,5,2,3,4,4,Voie communale,50.0,2
202400040237,2024-09-29,après-midi,,,34,34301,1,1,3,4,4,Voie communale,50.0,1
202400040238,2024-06-16,soirée,,,33,33192,5,1,3,4,4,Voie communale,50.0,1
202400040239,2024-09-27,après-midi,,,34,34172,1,1,2,4,4,Voie communale,50.0,1
202400040240,2024-09-29,matin,,,31,31149,1,1,6,3,4,Voie communale,50.0,1
202400040241,2024-06-15,après-midi,,,25,25388,1,1,1,4,4,Voie communale,50.0,1
202400040242,2024-09-29,après-midi,,,29,29232,1,2,7,4,3,Départementale,50.0,2
202400040243,2024-06-14,soirée,,,19,19275,1,3,6,3,3,Départementale,50.0,2
202400040244,2024-06-16,après-midi,,,13,13207,1,1,7,4,4,Voie communale,30.0,1
202400040245,2024-09-29,nuit,,,25,25056,5,1,6,4,4,Voie communale,50.0,1
202400040246,2024-06-15,nuit,,,13,13005,3,1,3,4,3,Départementale,80.0,1
202400040247,2024-06-16,matin,,,09,09225,1,1,3,4,3,Départementale,70.0,1
202400040248,2024-09-29,matin,,,17,17306,1,1,1,3,4,Voie communale,50.0,1
202400040249,2024-06-14,après-midi,,,09,09122,1,1,6,4,3,Départementale,70.0,1
202400040250,2024-09-28,après-midi,,,14,14001,1,1,3,4,3,Départementale,70.0,1
202400040251,2024-06-15,matin,,,07,07072,1,8,1,4,3,Départementale,50.0,2
202400040252,2024-06-16,après-midi,,,06,06088,1,1,3,3,4,Voie communale,50.0,1
202400040253,2024-09-29,nuit,,,13,13212,5,1,3,4,4,Voie communale,50.0,1
202400040254,2024-06-16,matin,,,06,06088,1,1,3,4,7,Autre,70.0,1
202400040255,2024-09-29,après-midi,,,13,13208,1,1,3,4,4,Voie communale,50.0,1
202400040256,2024-06-16,matin,,,06,06088,1,1,6,3,7,Autre,50.0,1
202400040257,2024-09-27,matin,,,12,12145,1,1,3,4,4,Voie communale,30.0,1
202400040258,2024-06-02,matin,,,05,05061,1,1,6,3,3,Départementale,50.0,1
202400040259,2024-09-28,soirée,,,07,07186,1,1,2,3,3,Départementale,90.0,1
202400040260,2024-06-16,après-midi,,,75,75120,1,2,3,4,4,Voie communale,70.0,2
202400040261,2024-09-28,après-midi,,,75,75102,1,1,2,4,4,Voie communale,30.0,1
202400040262,2024-06-16,nuit,,,75,75117,5,1,2,4,4,Voie communale,70.0,1
202400040263,2024-06-15,nuit,,,75,75119,5,1,6,4,4,Voie communale,30.0,1
202400040264,2024-09-29,après-midi,,,75,75118,1,1,6,4,4,Voie communale,30.0,1
202400040265,2024-06-16,après-midi,,,75,75116,1,1,2,4,4,Voie communale,30.0,1
202400040266,2024-09-29,soirée,,,75,75117,5,1,3,4,4,Voie communale,50.0,1
202400040267,2024-06-15,après-midi,,,75,75116,1,1,3,4,4,Voie communale,30.0,1
202400040268,2024-09-29,soirée,,,75,75117,2,1,3,4,4,Voie communale,30.0,1
202400040269,2024-06-16,après-midi,,,75,75115,1,2,3,4,4,Voie communale,30.0,2
202400040270,2024-09-29,matin,,,75,75116,1,1,7,3,4,Voie communale,30.0,1
202400040271,2024-06-16,après-midi,,,75,75115,1,1,6,4,4,Voie communale,30.0,1
202400040272,2024-09-28,après-midi,,,75,75116,1,1,4,4,4,Voie communale,30.0,1
202400040273,2024-06-16,soirée,,,75,75114,1,1,6,4,4,Voie communale,30.0,1
202400040274,2024-09-28,après-midi,,,75,75116,1,1,5,4,4,Voie communale,30.0,1
202400040275,2024-06-16,après-midi,,,75,75108,1,1,3,4,4,Voie communale,30.0,1
202400040276,2024-09-29,matin,,,75,75113,1,1,1,4,4,Voie communale,30.0,1
202400040277,2024-06-16,nuit,,,75,75108,5,2,2,4,4,Voie communale,30.0,2
202400040278,2024-09-28,après-midi,,,75,75113,1,1,3,4,4,Voie communale,30.0,1
202400040279,2024-06-16,nuit,,,75,75104,5,2,6,4,4,Voie communale,30.0,2
202400040280,2024-09-29,soirée,,,75,75112,1,1,1,4,4,Voie communale,30.0,1
202400040281,2024-06-16,après-midi,,,94,94052,1,2,2,4,4,Voie communale,,2
202400040282,2024-09-29,après-midi,,,94,94004,1,1,3,4,3,Départementale,50.0,1
202400040283,2024-06-16,nuit,,,94,94046,5,1,3,3,3,Départementale,,1
202400040284,2024-09-28,nuit,,,94,94002,5,1,1,4,3,Départementale,50.0,1
202400040285,2024-06-16,matin,,,94,94081,1,2,6,4,3,Départementale,50.0,2
202400040286,2024-09-29,soirée,,,93,93029,1,1,3,4,4,Voie communale,50.0,1
202400040287,2024-09-29,nuit,,,93,93010,5,1,3,4,4,Voie communale,50.0,1
202400040288,2024-06-16,matin,,,93,93073,1,2,3,4,4,Voie communale,50.0,2
202400040289,2024-09-29,après-midi,,,93,93001,1,1,1,4,4,Voie communale,50.0,1
202400040290,2024-06-15,matin,,,93,93008,1,1,4,4,1,Autoroute,50.0,1
202400040291,2024-09-29,soirée,,,92,92073,2,1,4,4,3,Départementale,50.0,1
202400040292,2024-09-29,soirée,,,92,92050,5,2,2,4,3,Départementale,50.0,2
202400040293,2024-06-16,matin,,,92,92051,1,2,4,4,4,Voie communale,50.0,2
202400040294,2024-06-16,après-midi,,,92,92020,1,2,6,4,3,Départementale,50.0,2
202400040295,2024-06-16,nuit,,,72,72226,3,2,6,3,3,Départementale,90.0,2
202400040296,2024-09-29,après-midi,,,92,92024,1,1,2,4,3,Départementale,30.0,1
202400040297,2024-09-27,nuit,,,95,95353,3,2,2,3,1,Autoroute,100.0,2
202400040298,2024-06-17,matin,,,63,63425,1,1,3,4,3,Départementale,50.0,2
202400040299,2024-09-26,matin,,,2A,2A211,1,1,7,3,2,Nationale,80.0,1
202400040300,2024-06-16,après-midi,,,63,63396,1,1,7,3,3,Départementale,50.0,1
202400040301,2024-09-22,nuit,,,31,31169,3,1,6,3,3,Départementale,50.0,1
202400040302,2024-06-13,matin,,,95,95480,1,1,3,4,3,Départementale,50.0,1
202400040303,2024-09-26,après-midi,,,81,81299,1,1,6,3,3,Départementale,80.0,1
202400040304,2024-09-29,après-midi,,,62,62706,1,1,6,4,3,Départementale,50.0,1
202400040305,2024-06-15,après-midi,,,77,77047,1,8,2,4,1,Autoroute,130.0,1
202400040306,2024-12-10,après-midi,,,93,93029,1,8,3,4,3,Départementale,50.0,2
202400040307,2024-09-29,après-midi,,,54,54067,1,1,6,3,3,Départementale,80.0,1
202400040308,2024-06-17,après-midi,,,23,23247,1,1,2,3,2,Nationale,110.0,1
202400040309,2024-12-10,après-midi,,,92,92078,5,2,6,4,3,Départementale,50.0,2
202400040310,2024-12-08,soirée,,,92,92078,5,2,6,4,3,Départementale,50.0,2
202400040311,2024-06-17,matin,,,12,12157,1,1,1,4,3,Départementale,80.0,1
202400040312,2024-09-29,après-midi,,,68,68032,1,1,3,4,3,Départementale,90.0,1
202400040313,2024-12-10,matin,,,92,92064,2,8,6,4,4,Voie communale,50.0,1
202400040314,2024-06-16,après-midi,,,22,22093,1,1,6,4,2,Nationale,110.0,1
202400040315,2024-09-29,soirée,,,36,36200,1,1,6,3,1,Autoroute,130.0,1
202400040316,2024-11-27,soirée,,,92,92063,5,1,6,4,4,Voie communale,50.0,1
202400040317,2024-12-09,soirée,,,92,92050,5,2,4,4,3,Départementale,50.0,2
202400040318,2024-06-16,matin,,,30,30290,1,1,7,3,3,Départementale,80.0,1
202400040319,2024-09-29,soirée,,,30,30221,3,1,1,3,3,Départementale,80.0,1
202400040320,2024-12-09,matin,,,92,92044,2,2,6,4,4,Voie communale,50.0,2
202400040321,2024-09-30,après-midi,,,22,22053,1,8,6,4,3,Départementale,80.0,1
202400040322,2024-12-10,après-midi,,,92,92040,5,2,1,4,3,Départementale,50.0,2
202400040323,2024-09-26,nuit,,,51,51488,3,2,6,3,3,Départementale,90.0,2
202400040324,2024-06-17,matin,,,44,44087,1,2,5,4,4,Voie communale,50.0,2
202400040325,2024-12-10,soirée,,,92,92026,5,1,7,4,4,Voie communale,30.0,1
202400040326,2024-09-27,soirée,,,59,59261,2,3,1,3,3,Départementale,50.0,2
202400040327,2024-12-10,matin,,,92,92023,5,5,3,4,4,Voie communale,30.0,2
202400040328,2024-06-17,matin,,,41,41228,1,8,1,3,3,Départementale,80.0,2
202400040329,2024-12-09,après-midi,,,92,92012,5,2,7,4,3,Départementale,50.0,2
202400040330,2024-09-29,après-midi,,,59,59647,1,1,1,3,3,Départementale,80.0,1
202400040331,2024-06-17,soirée,,,51,51092,1,1,6,4,3,Départementale,70.0,1