Num_Acc,date,time_of_day,lat,long,dep,com,lum,atm,col,severity_index,catr,catr_label,vma,surf
202400040332,2024-11-28,après-midi,,,92,92009,1,1,6,4,4,Voie communale,50.0,1
202400040333,2024-06-11,soirée,,,59,59631,1,1,7,3,3,Départementale,50.0,1
202400040334,2024-11-24,nuit,,,92,92004,5,1,3,4,3,Départementale,50.0,1
202400040335,2024-09-28,après-midi,,,76,76619,1,1,3,3,3,Départementale,80.0,1
202400040336,2024-06-16,après-midi,,,19,19091,1,1,7,4,3,Départementale,90.0,1
202400040337,2024-12-11,après-midi,,,22,22116,2,1,3,3,3,Départementale,80.0,1
202400040338,2024-06-08,matin,,,2B,2B281,1,1,2,3,3,Départementale,80.0,1
202400040339,2024-12-11,matin,,,33,33081,2,1,3,4,3,Départementale,30.0,1
202400040340,2024-09-29,après-midi,,,12,12223,1,1,3,3,3,Départementale,90.0,1
202400040341,2024-06-16,après-midi,,,82,82026,1,1,7,4,3,Départementale,70.0,9
202400040342,2024-12-11,nuit,,,974,97422,4,1,6,2,2,Nationale,,1
202400040343,2024-06-16,après-midi,,,65,65025,1,1,1,4,3,Départementale,80.0,1
202400040344,2024-09-29,soirée,,,86,86075,3,1,5,4,3,Départementale,80.0,1
202400040345,2024-12-11,après-midi,,,11,11203,1,8,3,3,3,Départementale,50.0,2
202400040346,2024-12-10,après-midi,,,34,34077,2,1,7,3,4,Voie communale,50.0,1
202400040347,2024-06-16,soirée,,,81,81305,1,1,7,3,3,Départementale,80.0,1
202400040348,2024-09-29,matin,,,22,22245,1,1,3,3,3,Départementale,50.0,9
202400040349,2024-06-16,nuit,,,11,11302,3,1,6,3,3,Départementale,80.0,1
202400040350,2024-12-11,matin,,,24,24030,1,1,2,4,1,Autoroute,130.0,1
202400040351,2024-12-10,soirée,,,82,82117,3,1,7,4,3,Départementale,80.0,2
202400040352,2024-06-17,après-midi,,,71,71014,1,2,3,3,3,Départementale,50.0,2
202400040353,2024-12-11,soirée,,,65,65401,5,1,3,3,3,Départementale,50.0,1
202400040354,2024-06-17,après-midi,,,63,63430,1,1,6,3,3,Départementale,50.0,1
202400040355,2024-12-11,après-midi,,,65,65366,2,2,1,4,3,Départementale,80.0,2
202400040356,2024-09-27,après-midi,,,29,29216,1,1,2,4,3,Départementale,80.0,1
202400040357,2024-12-10,après-midi,,,81,81114,1,1,2,3,4,Voie communale,80.0,1
202400040358,2024-06-16,après-midi,,,63,63332,1,1,6,3,3,Départementale,90.0,1
202400040359,2024-09-27,matin,,,01,01036,2,2,1,4,3,Départementale,80.0,2
202400040360,2024-12-11,matin,,,55,55286,1,1,1,4,3,Départementale,90.0,1
202400040361,2024-09-29,soirée,,,70,70530,3,1,6,4,3,Départementale,90.0,1
202400040362,2024-06-16,soirée,,,39,39477,1,8,1,3,4,Voie communale,80.0,1
202400040363,2024-12-11,après-midi,,,46,46194,1,1,3,3,3,Départementale,80.0,1
202400040364,2024-09-03,matin,,,26,26083,1,1,1,3,3,Départementale,80.0,1
202400040365,2024-06-16,nuit,,,25,25240,3,1,1,3,3,Départementale,50.0,1
202400040366,2024-11-20,soirée,,,47,47188,3,2,6,4,3,Départementale,80.0,2
202400040367,2024-09-28,après-midi,,,06,06020,1,1,1,4,7,Autre,50.0,1
202400040368,2024-12-11,matin,,,44,44161,2,8,3,3,3,Départementale,50.0,2
202400040369,2024-06-15,après-midi,,,31,31126,1,1,6,3,3,Départementale,80.0,1
202400040370,2024-09-26,après-midi,,,06,06103,1,2,1,4,7,Autre,,2
202400040371,2024-12-10,matin,,,29,29210,1,2,2,3,3,Départementale,80.0,2
202400040372,2024-09-29,matin,,,06,06073,1,7,6,3,7,Autre,80.0,1
202400040373,2024-12-10,soirée,,,29,29171,5,1,1,3,3,Départementale,50.0,1
202400040374,2024-06-15,après-midi,,,14,14520,1,1,3,4,3,Départementale,80.0,1
202400040375,2024-12-07,matin,,,31,31045,1,3,3,4,3,Départementale,80.0,2
202400040376,2024-06-16,après-midi,,,05,05075,1,1,6,2,3,Départementale,80.0,1
202400040377,2024-12-10,soirée,,,84,84107,3,1,1,4,3,Départementale,80.0,1
202400040378,2024-09-30,matin,,,05,05017,1,2,5,4,2,Nationale,80.0,2
202400040379,2024-06-17,après-midi,,,64,64327,1,1,7,3,3,Départementale,80.0,1
202400040380,2024-06-17,après-midi,,,36,36198,1,1,6,3,4,Voie communale,80.0,1
202400040381,2024-09-29,soirée,,,04,04013,1,1,7,3,3,Départementale,80.0,1
202400040382,2024-12-10,nuit,,,66,66053,3,1,6,3,3,Départementale,50.0,1
202400040383,2024-09-30,soirée,,,23,23162,1,1,1,3,4,Voie communale,90.0,1
202400040384,2024-06-17,après-midi,,,07,07227,1,1,4,4,3,Départementale,50.0,1
202400040385,2024-12-09,matin,,,90,90081,2,2,3,4,3,Départementale,80.0,2
202400040386,2024-09-29,après-midi,,,37,37250,1,1,6,3,3,Départementale,90.0,1
202400040387,2024-06-16,soirée,,,07,07011,1,1,7,4,3,Départementale,80.0,1
202400040388,2024-09-30,soirée,,,30,30255,1,1,7,4,4,Voie communale,,1
202400040389,2024-06-17,après-midi,,,53,53051,1,1,6,2,3,Départementale,30.0,1
202400040390,2024-11-15,après-midi,,,45,45098,1,1,3,4,3,Départementale,50.0,1
202400040391,2024-06-15,nuit,,,08,08067,5,2,6,2,3,Départementale,50.0,2
202400040392,2024-09-29,soirée,,,65,65226,2,1,4,4,1,Autoroute,130.0,1
202400040393,2024-12-11,matin,,,18,18174,1,1,2,4,3,Départementale,90.0,1
202400040394,2024-09-29,nuit,,,01,01301,3,1,6,4,1,Autoroute,130.0,1
202400040395,2024-06-17,matin,,,24,24523,1,1,3,3,3,Départementale,70.0,1
202400040396,2024-09-25,après-midi,,,66,66172,1,1,6,3,4,Voie communale,50.0,1
202400040397,2024-12-11,après-midi,,,53,53062,1,1,1,3,4,Voie communale,,-1
202400040398,2024-06-16,soirée,,,77,77453,1,2,6,4,1,Autoroute,110.0,2
202400040399,2024-12-11,après-midi,,,85,85157,3,1,6,4,3,Départementale,80.0,1
202400040400,2024-09-30,matin,,,13,13013,1,1,1,3,1,Autoroute,130.0,1
202400040401,2024-06-13,après-midi,,,35,35275,1,2,2,2,2,Nationale,110.0,2
202400040402,2024-12-10,nuit,,,27,27056,3,1,2,3,3,Départementale,80.0,1
202400040403,2024-09-22,matin,,,11,11262,1,1,2,3,3,Départementale,80.0,1
202400040404,2024-06-15,soirée,,,07,07272,1,1,6,3,3,Départementale,50.0,1
202400040405,2024-09-29,matin,,,38,38046,2,1,6,3,1,Autoroute,130.0,1
202400040406,2024-06-14,après-midi,,,31,31254,1,1,6,4,4,Voie communale,30.0,1
202400040407,2024-12-10,soirée,,,37,37266,3,1,6,3,3,Départementale,50.0,1
202400040408,2024-09-30,matin,,,38,38109,1,1,1,4,3,Départementale,80.0,1
202400040409,2024-06-11,matin,,,33,33199,1,1,3,3,4,Voie communale,30.0,1
202400040410,2024-12-11,après-midi,,,30,30241,1,1,7,3,3,Départementale,80.0,1
202400040411,2024-11-01,après-midi,,,49,49099,1,8,6,3,4,Voie communale,50.0,1
202400040412,2024-09-28,matin,,,987,98714,1,1,7,4,9,Autre,,1
202400040413,2024-06-16,soirée,,,34,34151,1,1,7,3,3,Départementale,80.0,1
202400040414,2024-08-06,matin,,,46,46042,1,1,6,3,3,Départementale,50.0,1
202400040415,2024-12-11,matin,,,31,31091,2,1,4,4,1,Autoroute,110.0,1
202400040416,2024-09-28,soirée,,,987,98733,5,1,3,3,2,Nationale,50.0,1
202400040417,2024-11-04,matin,,,45,45004,1,8,3,4,4,Voie communale,30.0,1
202400040418,2024-09-26,matin,,,29,29147,1,1,6,4,4,Voie communale,50.0,1
202400040419,2024-12-11,matin,,,21,21684,2,1,6,2,1,Autoroute,130.0,1
202400040420,2024-11-04,après-midi,,,43,43157,1,1,2,4,4,Voie communale,50.0,1
202400040421,2024-09-29,soirée,,,84,84081,2,1,6,3,4,Voie communale,80.0,1
202400040422,2024-12-10,nuit,,,21,21684,3,1,6,3,1,Autoroute,130.0,1
202400040423,2024-11-04,matin,,,43,43157,1,7,4,4,3,Départementale,50.0,1
202400040424,2024-12-11,matin,,,971,97103,1,1,3,3,2,Nationale,80.0,1
202400040425,2024-09-29,après-midi,,,13,13015,1,1,3,4,3,Départementale,50.0,1
202400040426,2024-12-08,nuit,,,987,98747,5,3,6,3,2,Nationale,40.0,2
202400040427,2024-09-30,soirée,,,03,03298,1,1,6,2,2,Nationale,80.0,1
202400040428,2024-11-01,soirée,,,42,42207,5,1,3,4,7,Autre,50.0,1
202400040429,2024-12-09,soirée,,,978,97801,5,1,1,3,4,Voie communale,50.0,1
202400040430,2024-09-28,après-midi,,,33,33322,1,1,2,4,3,Départementale,50.0,1
202400040431,2024-11-04,matin,,,35,35238,1,5,3,4,4,Voie communale,30.0,2
202400040432,2024-09-30,soirée,,,85,85155,1,1,6,2,3,Départementale,110.0,2
202400040433,2024-12-10,soirée,,,45,45317,3,1,1,2,3,Départementale,50.0,1
202400040434,2024-11-04,soirée,,,34,34172,5,1,2,3,4,Voie communale,50.0,1
202400040435,2024-12-05,nuit,,,77,77126,4,1,6,4,3,Départementale,50.0,2
202400040436,2024-09-23,après-midi,,,29,29124,1,2,2,4,3,Départementale,30.0,2
202400040437,2024-12-11,matin,,,2B,2B355,3,3,7,3,2,Nationale,80.0,2
202400040438,2024-11-04,après-midi,,,33,33192,1,1,3,4,4,Voie communale,50.0,1
202400040439,2024-09-30,matin,,,35,35334,1,8,3,4,4,Voie communale,80.0,2
202400040440,2024-12-11,après-midi,,,71,71052,1,5,1,3,3,Départementale,90.0,1
202400040441,2024-11-04,après-midi,,,33,33063,1,1,6,4,4,Voie communale,20.0,1
202400040442,2024-09-29,après-midi,,,59,59422,1,1,1,4,3,Départementale,80.0,1
202400040443,2024-12-11,après-midi,,,50,50099,3,1,3,4,3,Départementale,80.0,1
202400040444,2024-11-04,matin,,,33,33281,1,1,3,4,4,Voie communale,50.0,1
202400040445,2024-12-10,matin,,,29,29248,3,2,6,3,3,Départementale,80.0,2
202400040446,2024-09-29,après-midi,,,13,13207,1,1,2,4,1,Autoroute,70.0,1
202400040447,2024-11-04,après-midi,,,31,31555,1,1,2,4,4,Voie communale,50.0,1
202400040448,2024-09-29,matin,,,13,13202,1,1,2,4,1,Autoroute,50.0,1
202400040449,2024-11-04,matin,,,30,30007,2,1,7,2,4,Voie communale,50.0,1
202400040450,2024-12-09,soirée,,,13,13019,5,1,4,4,1,Autoroute,50.0,1
202400040451,2024-09-28,nuit,,,13,13071,3,1,7,4,1,Autoroute,90.0,1
202400040452,2024-11-04,matin,,,29,29019,4,5,3,4,4,Voie communale,30.0,1
202400040453,2024-12-05,matin,,,13,13215,1,1,3,4,1,Autoroute,90.0,1
202400040454,2024-09-28,soirée,,,13,13071,3,1,4,4,1,Autoroute,40.0,1
202400040455,2024-11-04,après-midi,,,28,28404,1,1,3,4,4,Voie communale,50.0,1
202400040456,2024-12-10,matin,,,83,83137,1,1,5,4,1,Autoroute,70.0,1
202400040457,2024-09-29,nuit,,,69,69275,3,1,2,4,2,Nationale,90.0,1
202400040458,2024-11-04,matin,,,14,14366,2,1,6,3,4,Voie communale,30.0,1
202400040459,2024-12-09,soirée,,,83,83047,3,1,2,3,1,Autoroute,110.0,1
202400040460,2024-09-29,soirée,,,33,33448,1,1,2,4,1,Autoroute,130.0,1
202400040461,2024-12-07,soirée,,,42,42207,3,8,6,3,1,Autoroute,110.0,2
202400040462,2024-11-02,soirée,,,14,14341,4,1,3,3,4,Voie communale,50.0,1
202400040463,2024-09-29,soirée,,,91,91286,1,1,6,4,1,Autoroute,110.0,1
202400040464,2024-11-04,après-midi,,,13,13205,1,1,2,4,4,Voie communale,50.0,1
202400040465,2024-12-05,après-midi,,,67,67482,3,2,3,4,7,Autre,70.0,2
202400040466,2024-09-29,matin,,,91,91136,1,1,6,4,1,Autoroute,70.0,1
202400040467,2024-09-29,nuit,,,91,91340,3,1,7,4,1,Autoroute,110.0,1
202400040468,2024-11-04,après-midi,,,13,13001,1,1,2,3,3,Départementale,80.0,1
202400040469,2024-12-05,nuit,,,62,62274,3,1,6,2,1,Autoroute,110.0,1
202400040470,2024-09-29,nuit,,,91,91161,3,1,7,4,1,Autoroute,110.0,1
202400040471,2024-11-03,soirée,,,10,10362,1,1,3,4,4,Voie communale,50.0,1
202400040472,2024-12-10,soirée,,,94,94034,5,2,2,4,1,Autoroute,70.0,2
202400040473,2024-09-29,soirée,,,77,77337,3,1,6,2,2,Nationale,90.0,1
202400040474,2024-11-04,après-midi,,,06,06004,1,1,3,3,3,Départementale,50.0,1
202400040475,2024-12-10,matin,,,94,94021,2,1,5,4,1,Autoroute,110.0,1
202400040476,2024-09-29,soirée,,,75,75112,3,1,4,4,1,Autoroute,90.0,1
202400040477,2024-10-31,matin,,,06,06004,1,1,2,2,4,Voie communale,50.0,1
202400040478,2024-12-09,matin,,,78,78362,1,1,4,4,1,Autoroute,110.0,1
202400040479,2024-09-29,après-midi,,,94,94052,1,1,3,4,1,Autoroute,90.0,1
202400040480,2024-11-04,matin,,,75,75117,1,1,6,4,4,Voie communale,30.0,1
202400040481,2024-11-04,soirée,,,75,75113,5,1,6,4,4,Voie communale,30.0,1
202400040482,2024-12-10,après-midi,,,93,93007,2,2,4,4,1,Autoroute,90.0,2
202400040483,2024-05-12,matin,,,45,45291,1,1,1,4,3,Départementale,90.0,1
202400040484,2024-12-08,matin,,,95,95241,1,2,6,4,2,Nationale,110.0,2
202400040485,2024-11-04,après-midi,,,75,75109,1,1,6,4,4,Voie communale,30.0,1
202400040486,2024-09-24,après-midi,,,44,44162,1,1,6,4,4,Voie communale,50.0,1
202400040487,2024-10-05,matin,,,13,13056,1,1,2,4,4,Voie communale,50.0,1
202400040488,2024-11-03,nuit,,,75,75108,5,1,3,4,4,Voie communale,30.0,1
202400040489,2024-03-31,nuit,,,73,73065,5,1,3,4,4,Voie communale,50.0,1
202400040490,2024-08-15,nuit,,,27,27112,3,1,6,4,3,Départementale,80.0,1
202400040491,2024-08-08,matin,,,13,13004,1,1,7,3,3,Départementale,80.0,1
202400040492,2024-11-03,soirée,,,94,94081,4,1,2,4,4,Voie communale,50.0,1
202400040493,2024-09-23,matin,,,44,44109,1,1,3,4,4,Voie communale,50.0,1
202400040494,2024-08-01,matin,,,13,13004,1,1,1,4,3,Départementale,80.0,1
202400040495,2024-06-24,après-midi,,,43,43087,1,1,7,4,3,Départementale,80.0,1
202400040496,2024-11-04,matin,,,94,94074,1,1,5,3,2,Nationale,50.0,1
202400040497,2024-12-09,après-midi,,,974,97416,1,1,2,4,2,Nationale,110.0,1
202400040498,2024-09-23,matin,,,44,44109,2,1,3,4,4,Voie communale,50.0,1
202400040499,2024-11-04,après-midi,,,93,93049,1,1,6,4,4,Voie communale,50.0,1
202400040500,2024-12-09,matin,,,974,97416,1,1,2,4,2,Nationale,110.0,1
202400040501,2024-09-21,matin,,,44,44109,1,1,3,4,4,Voie communale,50.0,1
202400040502,2024-11-04,matin,,,92,92078,1,1,3,4,3,Départementale,50.0,1
202400040503,2024-12-09,matin,,,974,97416,1,1,2,4,4,Voie communale,50.0,1
202400040504,2024-11-04,matin,,,92,92026,1,1,3,4,3,Départementale,50.0,1
202400040505,2024-05-03,après-midi,,,19,19275,1,3,6,2,3,Départementale,30.0,2
202400040506,2024-09-21,matin,,,44,44114,2,1,6,4,7,Autre,50.0,1
202400040507,2024-12-09,après-midi,,,974,97409,1,1,2,4,4,Voie communale,50.0,1
202400040508,2024-11-04,matin,,,92,92023,1,1,3,4,4,Voie communale,30.0,1
202400040509,2024-09-20,matin,,,44,44190,2,1,3,4,4,Voie communale,50.0,1
202400040510,2024-11-05,après-midi,,,95,95675,1,5,7,3,3,Départementale,50.0,6
202400040511,2024-12-09,matin,,,973,97302,2,3,3,4,2,Nationale,50.0,2
202400040512,2024-09-19,après-midi,,,44,44162,1,1,2,4,4,Voie communale,50.0,1
202400040513,2024-11-04,soirée,,,95,95250,5,1,6,3,3,Départementale,50.0,1
202400040514,2024-12-08,soirée,,,973,97302,5,1,6,4,4,Voie communale,50.0,1
202400040515,2024-11-03,soirée,,,63,63354,5,1,6,3,3,Départementale,50.0,1
202400040516,2024-05-18,nuit,,,62,62757,3,1,3,2,3,Départementale,80.0,1
202400040517,2024-12-08,matin,,,973,97302,1,1,3,4,4,Voie communale,50.0,1
202400040518,2024-11-04,soirée,,,01,01288,3,8,2,2,3,Départementale,80.0,1
202400040519,2024-10-31,après-midi,,,62,62473,2,1,6,4,3,Départementale,50.0,1
202400040520,2024-12-07,matin,,,973,97302,1,1,3,4,3,Départementale,50.0,1
202400040521,2024-07-28,soirée,,,74,74133,5,1,3,3,4,Voie communale,30.0,1
202400040522,2024-11-02,nuit,,,59,59525,3,1,6,3,3,Départementale,80.0,1
202400040523,2024-12-08,nuit,,,971,97113,5,2,6,2,3,Départementale,70.0,2
202400040524,2024-09-28,matin,,,974,97416,1,1,3,4,4,Voie communale,50.0,1
202400040525,2024-11-05,après-midi,,,76,76141,1,1,3,3,4,Voie communale,80.0,1
202400040526,2024-12-09,matin,,,2A,2A004,1,8,1,4,2,Nationale,50.0,2
202400040527,2024-09-28,soirée,,,974,97407,3,1,6,4,4,Voie communale,70.0,1
202400040528,2024-10-27,nuit,,,2A,2A139,5,1,3,4,4,Voie communale,,1
202400040529,2024-12-09,après-midi,,,95,95219,1,8,3,4,4,Voie communale,30.0,2
202400040530,2024-09-28,matin,,,974,97407,1,1,3,3,2,Nationale,50.0,1
202400040531,2024-11-03,matin,,,2B,2B123,1,1,3,3,3,Départementale,80.0,1
202400040532,2024-12-09,soirée,,,91,91549,5,2,6,4,4,Voie communale,50.0,2
202400040533,2024-11-05,matin,,,80,80328,1,5,1,4,3,Départementale,80.0,2
202400040534,2024-09-28,après-midi,,,973,97302,1,1,3,4,4,Voie communale,50.0,1
202400040535,2024-11-30,après-midi,,,91,91201,5,2,2,4,3,Départementale,50.0,2
202400040536,2024-11-05,matin,,,80,80092,2,5,3,3,3,Départementale,80.0,2
202400040537,2024-09-28,matin,,,973,97302,1,1,2,4,4,Voie communale,50.0,1
202400040538,2024-12-09,après-midi,,,91,91223,1,1,3,4,3,Départementale,50.0,1
202400040539,2024-11-04,soirée,,,89,89304,3,1,1,4,3,Départementale,80.0,1
202400040540,2024-12-07,matin,,,90,90008,1,3,3,3,3,Départementale,50.0,2
202400040541,2024-09-28,nuit,,,69,69387,5,1,4,4,4,Voie communale,30.0,1
202400040542,2024-11-03,après-midi,,,12,12248,2,1,1,4,3,Départementale,50.0,1
202400040543,2024-12-08,soirée,,,87,87085,5,2,6,4,4,Voie communale,50.0,2
202400040544,2024-09-28,matin,,,2A,2A004,1,1,3,4,3,Départementale,30.0,1
202400040545,2024-12-07,soirée,,,80,80021,2,1,7,4,4,Voie communale,50.0,1
202400040546,2024-10-24,matin,,,29,29189,1,1,3,4,4,Voie communale,50.0,1
202400040547,2024-09-28,soirée,,,91,91549,1,1,3,4,4,Voie communale,30.0,1
202400040548,2024-12-09,nuit,,,79,79191,5,1,7,3,4,Voie communale,30.0,1
202400040549,2024-11-03,après-midi,,,22,22087,1,5,6,3,3,Départementale,80.0,1
202400040550,2024-12-09,soirée,,,78,78138,5,2,6,4,3,Départementale,50.0,2
202400040551,2024-09-28,matin,,,91,91027,1,1,3,4,3,Départementale,30.0,1
202400040552,2024-11-05,après-midi,,,44,44152,1,1,2,3,3,Départementale,50.0,1
202400040553,2024-12-08,après-midi,,,78,78172,5,2,6,4,4,Voie communale,50.0,2
202400040554,2024-09-27,matin,,,78,78621,1,1,6,4,3,Départementale,50.0,1
202400040555,2024-11-05,après-midi,,,45,45296,1,1,5,3,3,Départementale,90.0,1
202400040556,2024-09-28,soirée,,,78,78123,2,1,6,4,3,Départementale,50.0,1
202400040557,2024-11-03,après-midi,,,18,18046,1,1,7,3,4,Voie communale,80.0,1
202400040558,2024-11-03,matin,,,40,40273,1,1,6,3,3,Départementale,50.0,1
202400040559,2024-12-08,après-midi,,,77,77258,3,2,6,4,3,Départementale,80.0,2
202400040560,2024-11-03,après-midi,,,40,40320,1,1,1,4,3,Départementale,80.0,1
202400040561,2024-12-08,soirée,,,77,77251,5,2,6,4,4,Voie communale,50.0,2
202400040562,2024-09-28,après-midi,,,77,77268,1,1,4,4,3,Départementale,50.0,1
202400040563,2024-11-04,après-midi,,,04,04209,1,1,6,3,4,Voie communale,50.0,1
202400040564,2024-12-09,soirée,,,77,77042,5,1,3,4,3,Départementale,50.0,1
202400040565,2024-09-28,après-midi,,,77,77333,1,1,3,4,3,Départementale,50.0,1
202400040566,2024-11-04,après-midi,,,04,04049,1,1,6,3,2,Nationale,50.0,1
202400040567,2024-12-09,soirée,,,76,76410,5,2,1,4,7,Autre,50.0,2
202400040568,2024-09-27,après-midi,,,77,77333,1,2,3,4,4,Voie communale,30.0,2
202400040569,2024-12-09,matin,,,76,76429,2,8,6,4,7,Autre,50.0,1
202400040570,2024-09-28,matin,,,77,77070,1,1,7,4,3,Départementale,70.0,1
202400040571,2024-11-04,après-midi,,,85,85111,1,1,3,4,3,Départementale,80.0,1
202400040572,2024-10-30,soirée,,,87,87140,3,1,1,3,4,Voie communale,80.0,1
202400040573,2024-09-28,matin,,,69,69282,1,8,1,3,4,Voie communale,50.0,1
202400040574,2024-12-08,soirée,,,72,72181,5,3,2,4,4,Voie communale,30.0,2
202400040575,2024-11-05,matin,,,11,11198,1,8,6,3,3,Départementale,80.0,1
202400040576,2024-09-28,matin,,,68,68066,1,2,6,3,4,Voie communale,30.0,2
202400040577,2024-12-09,après-midi,,,71,71040,1,8,3,4,4,Voie communale,30.0,1
202400040578,2024-11-05,matin,,,34,34058,1,1,6,3,4,Voie communale,,1
202400040579,2024-11-05,après-midi,,,83,83047,1,1,6,4,4,Voie communale,50.0,1
202400040580,2024-12-09,matin,,,69,69029,5,8,6,4,4,Voie communale,50.0,1
202400040581,2024-09-28,soirée,,,65,65100,1,1,3,4,3,Départementale,70.0,1
202400040582,2024-10-26,après-midi,,,13,13067,1,1,1,3,4,Voie communale,80.0,1
202400040583,2024-12-09,matin,,,64,64189,2,2,3,3,3,Départementale,30.0,2
202400040584,2024-09-28,matin,,,64,64445,1,1,3,4,4,Voie communale,50.0,1
202400040585,2024-11-04,soirée,,,13,13086,5,1,1,4,3,Départementale,50.0,1
202400040586,2024-09-28,nuit,,,64,64445,5,3,6,4,4,Voie communale,50.0,2
202400040587,2024-12-09,matin,,,64,64348,1,2,3,4,4,Voie communale,50.0,2
202400040588,2024-11-04,après-midi,,,21,21390,1,1,1,4,7,Autre,30.0,1
202400040589,2024-09-28,soirée,,,63,63113,5,1,3,4,4,Voie communale,50.0,1
202400040590,2024-12-09,matin,,,59,59599,1,1,6,4,4,Voie communale,30.0,1
202400040591,2024-11-01,après-midi,,,68,68315,2,1,6,4,3,Départementale,70.0,1
202400040592,2024-09-19,matin,,,62,62525,1,1,6,4,4,Voie communale,50.0,1
202400040593,2024-11-05,matin,,,38,38565,1,1,7,3,3,Départementale,90.0,3
202400040594,2024-09-27,après-midi,,,60,60159,1,1,6,4,4,Voie communale,50.0,1
202400040595,2024-10-31,matin,,,33,33055,1,1,2,4,3,Départementale,80.0,1
202400040596,2024-12-09,matin,,,51,51454,2,1,3,4,4,Voie communale,50.0,2
202400040597,2024-09-28,matin,,,59,59299,1,1,7,3,7,Autre,90.0,1
202400040598,2024-12-08,après-midi,,,51,51454,2,2,7,4,4,Voie communale,30.0,2
202400040599,2024-11-04,soirée,,,33,33130,3,1,1,2,4,Voie communale,50.0,1
202400040600,2024-09-28,soirée,,,54,54395,1,1,3,3,4,Voie communale,30.0,1
202400040601,2024-10-14,soirée,,,33,33056,1,1,3,4,4,Voie communale,50.0,1
202400040602,2024-12-09,matin,,,51,51108,1,8,3,4,4,Voie communale,,1
202400040603,2024-09-28,après-midi,,,51,51454,1,7,3,4,4,Voie communale,30.0,1
202400040604,2024-12-06,matin,,,49,49007,5,1,7,4,4,Voie communale,50.0,1
202400040605,2024-09-27,après-midi,,,51,51454,1,1,7,4,4,Voie communale,50.0,2
202400040606,2024-11-03,soirée,,,35,35347,3,1,5,3,3,Départementale,50.0,1
202400040607,2024-12-08,après-midi,,,47,47027,1,2,3,4,3,Départementale,50.0,2
202400040608,2024-09-29,nuit,,,50,50218,5,1,3,4,4,Voie communale,50.0,1
202400040609,2024-11-04,nuit,,,13,13215,3,1,7,4,1,Autoroute,90.0,1
202400040610,2024-12-09,matin,,,43,43157,1,3,3,4,4,Voie communale,80.0,2
202400040611,2024-09-27,après-midi,,,47,47001,1,2,1,4,3,Départementale,80.0,2
202400040612,2024-11-04,soirée,,,91,91174,3,1,2,4,2,Nationale,90.0,1
202400040613,2024-12-09,soirée,,,42,42123,5,1,1,4,4,Voie communale,50.0,1
202400040614,2024-09-28,nuit,,,44,44109,5,1,6,2,4,Voie communale,50.0,1
202400040615,2024-11-04,après-midi,,,94,94003,1,1,2,4,1,Autoroute,90.0,1
202400040616,2024-09-28,nuit,,,36,36044,3,3,6,4,3,Départementale,80.0,2
202400040617,2024-11-04,nuit,,,91,91589,3,1,7,4,1,Autoroute,110.0,1
202400040618,2024-12-09,soirée,,,37,37261,5,1,3,4,4,Voie communale,30.0,2
202400040619,2024-04-27,nuit,,,32,32191,3,2,7,3,3,Départementale,80.0,2
202400040620,2024-09-28,après-midi,,,35,35238,1,1,2,4,2,Nationale,90.0,1
202400040621,2024-12-08,après-midi,,,37,37261,1,1,2,4,4,Voie communale,50.0,2
202400040622,2024-02-25,nuit,,,73,73227,3,1,6,4,4,Voie communale,50.0,2
202400040623,2024-12-09,nuit,,,34,34172,5,1,3,4,7,Autre,50.0,1
202400040624,2024-11-03,après-midi,,,973,97302,1,1,3,3,4,Voie communale,50.0,1
202400040625,2024-09-28,nuit,,,34,34108,5,1,3,4,4,Voie communale,50.0,1
202400040626,2024-12-08,matin,,,34,34198,5,1,3,3,7,Autre,,1
202400040627,2024-11-03,matin,,,973,97302,1,1,3,4,3,Départementale,50.0,1
202400040628,2024-09-28,nuit,,,34,34172,5,1,5,4,4,Voie communale,50.0,1
202400040629,2024-12-06,soirée,,,34,34336,2,1,2,3,3,Départementale,90.0,1
202400040630,2024-09-28,après-midi,,,34,34003,1,1,7,4,3,Départementale,50.0,1
202400040631,2024-11-03,matin,,,973,97302,1,1,7,4,2,Nationale,80.0,1
202400040632,2024-12-09,soirée,,,33,33318,5,2,6,4,4,Voie communale,50.0,2
202400040633,2024-11-02,nuit,,,972,97209,5,1,6,4,4,Voie communale,30.0,1
202400040634,2024-11-03,après-midi,,,95,95427,2,1,2,4,3,Départementale,50.0,1
202400040635,2024-12-09,matin,,,33,33039,1,1,3,3,4,Voie communale,30.0,1
202400040636,2024-11-02,soirée,,,91,91027,5,1,3,4,4,Voie communale,,1
202400040637,2024-12-09,matin,,,33,33063,1,1,6,4,4,Voie communale,50.0,1
202400040638,2024-12-09,matin,,,24,24037,3,1,2,3,3,Départementale,30.0,1
202400040639,2024-11-03,soirée,,,76,76540,5,1,1,4,7,Autre,30.0,1
202400040640,2024-12-02,soirée,,,14,14118,2,8,2,4,4,Voie communale,50.0,2
202400040641,2024-11-03,après-midi,,,71,71306,1,1,3,4,4,Voie communale,50.0,1
202400040642,2024-12-09,matin,,,13,13215,5,1,3,3,4,Voie communale,50.0,1
202400040643,2024-11-03,soirée,,,69,69266,5,1,3,4,4,Voie communale,30.0,1
202400040644,2024-12-09,matin,,,11,11262,1,8,6,4,4,Voie communale,30.0,1
202400040645,2024-12-08,soirée,,,10,10387,5,2,7,3,4,Voie communale,50.0,2