Num_Acc,date,time_of_day,lat,long,dep,com,lum,atm,col,severity_index,catr,catr_label,vma,surf
202400040646,2024-11-02,soirée,,,65,65440,2,1,3,4,4,Voie communale,50.0,1
202400040647,2024-12-09,après-midi,,,06,06069,5,1,3,4,3,Départementale,50.0,1
202400040648,2024-11-02,matin,,,65,65251,1,1,3,3,4,Voie communale,50.0,1
202400040649,2024-12-09,après-midi,,,06,06069,1,1,6,4,3,Départementale,50.0,1
202400040650,2024-11-03,après-midi,,,64,64102,1,1,3,3,4,Voie communale,30.0,1
202400040651,2024-12-05,nuit,,,06,06004,3,1,3,3,3,Départementale,70.0,1
202400040652,2024-11-03,nuit,,,60,60175,3,8,1,4,3,Départementale,90.0,1
202400040653,2024-11-27,matin,,,05,05061,1,1,6,4,2,Nationale,50.0,1
202400040654,2024-11-02,nuit,,,59,59585,3,2,2,4,7,Autre,70.0,2
202400040655,2024-11-03,soirée,,,54,54323,5,1,1,4,3,Départementale,50.0,1
202400040656,2024-12-07,après-midi,,,75,75116,2,2,4,4,4,Voie communale,50.0,2
202400040657,2024-12-09,après-midi,,,75,75106,1,1,3,4,4,Voie communale,30.0,1
202400040658,2024-11-03,nuit,,,44,44172,3,1,4,4,2,Nationale,90.0,1
202400040659,2024-11-02,nuit,,,37,37261,5,1,6,4,4,Voie communale,30.0,1
202400040660,2024-12-09,soirée,,,75,75108,5,1,6,4,4,Voie communale,30.0,2
202400040661,2024-11-03,après-midi,,,36,36044,1,1,2,4,4,Voie communale,50.0,1
202400040662,2024-12-08,soirée,,,75,75117,5,2,3,4,4,Voie communale,50.0,2
202400040663,2024-11-03,matin,,,33,33069,5,1,3,4,4,Voie communale,,1
202400040664,2024-12-09,soirée,,,75,75116,5,2,3,4,4,Voie communale,30.0,2
202400040665,2024-11-02,après-midi,,,33,33550,1,1,3,4,6,Autre,50.0,1
202400040666,2024-12-09,après-midi,,,75,75116,1,1,3,4,4,Voie communale,30.0,1
202400040667,2024-10-24,matin,,,22,22215,1,1,3,3,4,Voie communale,50.0,1
202400040668,2024-12-09,après-midi,,,75,75110,1,1,3,3,4,Voie communale,30.0,1
202400040669,2024-11-02,soirée,,,19,19031,5,1,1,4,4,Voie communale,15.0,1
202400040670,2024-12-09,soirée,,,75,75109,5,2,3,4,4,Voie communale,30.0,2
202400040671,2024-11-03,nuit,,,17,17380,5,8,7,4,4,Voie communale,50.0,1
202400040672,2024-11-02,matin,,,14,14333,1,8,6,4,6,Autre,30.0,1
202400040673,2024-12-09,après-midi,,,94,94077,5,1,3,4,3,Départementale,50.0,1
202400040674,2024-11-03,après-midi,,,13,13043,1,1,3,3,3,Départementale,80.0,1
202400040675,2024-12-08,après-midi,,,94,94002,1,2,2,4,3,Départementale,50.0,2
202400040676,2024-11-03,après-midi,,,13,13056,1,1,2,4,4,Voie communale,50.0,1
202400040677,2024-11-03,après-midi,,,13,13209,1,1,2,4,4,Voie communale,50.0,1
202400040678,2024-12-08,après-midi,,,93,93070,1,2,3,4,3,Départementale,50.0,2
202400040679,2024-11-03,matin,,,13,13211,1,1,2,4,4,Voie communale,50.0,1
202400040680,2024-12-09,soirée,,,93,93066,5,2,2,4,3,Départementale,50.0,2
202400040681,2024-10-29,matin,,,13,13214,1,1,2,4,3,Départementale,50.0,1
202400040682,2024-12-09,après-midi,,,93,93050,5,2,6,4,3,Départementale,30.0,2
202400040683,2024-11-03,après-midi,,,13,13001,1,1,6,4,4,Voie communale,70.0,1
202400040684,2024-12-09,soirée,,,93,93048,5,2,3,4,3,Départementale,30.0,2
202400040685,2024-11-03,après-midi,,,11,11262,1,1,3,4,4,Voie communale,50.0,1
202400040686,2024-12-09,après-midi,,,93,93064,5,2,6,4,4,Voie communale,50.0,2
202400040687,2024-10-23,après-midi,,,11,11262,1,1,6,3,4,Voie communale,30.0,1
202400040688,2024-12-09,après-midi,,,93,93064,1,1,6,4,3,Départementale,50.0,1
202400040689,2024-11-03,après-midi,,,75,75116,5,1,2,4,4,Voie communale,50.0,1
202400040690,2024-12-09,après-midi,,,93,93029,1,8,3,4,6,Autre,30.0,1
202400040691,2024-11-03,après-midi,,,75,75119,1,1,6,4,4,Voie communale,30.0,1
202400040692,2024-12-09,matin,,,93,93027,2,2,6,4,3,Départementale,50.0,2
202400040693,2024-11-03,après-midi,,,75,75119,1,1,3,4,4,Voie communale,30.0,1
202400040694,2024-12-09,soirée,,,93,93010,5,2,6,3,4,Voie communale,50.0,2
202400040695,2024-11-03,après-midi,,,75,75118,1,8,2,4,4,Voie communale,30.0,1
202400040696,2024-12-09,après-midi,,,93,93005,2,2,6,3,3,Départementale,30.0,2
202400040697,2024-11-03,nuit,,,75,75118,5,1,6,3,4,Voie communale,30.0,1
202400040698,2024-12-09,soirée,,,92,92036,5,2,6,4,3,Départementale,50.0,2
202400040699,2024-11-02,nuit,,,75,75114,5,1,6,4,4,Voie communale,30.0,1
202400040700,2024-11-02,matin,,,75,75109,1,1,6,4,4,Voie communale,30.0,1
202400040701,2024-12-09,soirée,,,92,92012,3,1,3,4,3,Départementale,30.0,2
202400040702,2024-11-02,nuit,,,94,94038,5,1,3,4,3,Départementale,50.0,1
202400040703,2024-12-09,matin,,,92,92012,1,8,3,4,4,Voie communale,50.0,1
202400040704,2024-11-03,soirée,,,93,93073,3,1,7,4,3,Départementale,50.0,1
202400040705,2024-12-09,après-midi,,,09,09164,3,3,6,4,3,Départementale,80.0,2
202400040706,2024-11-03,après-midi,,,93,93070,1,1,3,4,3,Départementale,50.0,1
202400040707,2024-12-10,matin,,,60,60646,1,8,2,4,3,Départementale,90.0,1
202400040708,2024-11-03,après-midi,,,93,93066,5,1,3,4,4,Voie communale,50.0,1
202400040709,2024-12-08,matin,,,06,06161,1,1,7,3,3,Départementale,70.0,2
202400040710,2024-11-03,matin,,,93,93031,1,1,1,4,3,Départementale,50.0,1
202400040711,2024-11-03,matin,,,92,92051,1,1,6,4,2,Nationale,50.0,1
202400040712,2024-11-02,soirée,,,92,92040,5,1,6,3,3,Départementale,30.0,1
202400040713,2024-11-03,nuit,,,92,92024,5,1,6,4,4,Voie communale,30.0,1
202400040714,2024-11-03,matin,,,92,92024,2,1,3,4,4,Voie communale,30.0,1
202400040715,2024-11-09,après-midi,,,72,72231,2,2,1,3,3,Départementale,90.0,2
202400040716,2024-11-03,matin,,,35,35236,5,8,6,4,4,Voie communale,30.0,1
202400040717,2024-12-10,après-midi,,,51,51568,1,8,1,3,3,Départementale,90.0,1
202400040718,2024-11-04,matin,,,47,47048,2,1,1,4,2,Nationale,80.0,1
202400040719,2024-12-10,matin,,,51,51597,3,1,5,3,3,Départementale,,1
202400040720,2024-11-02,soirée,,,972,97207,3,1,6,2,3,Départementale,80.0,2
202400040721,2024-12-10,après-midi,,,56,56040,1,1,7,4,3,Départementale,50.0,1
202400040722,2024-11-03,après-midi,,,972,97210,1,1,1,3,2,Nationale,80.0,1
202400040723,2024-11-04,nuit,,,86,86223,3,1,6,3,3,Départementale,50.0,1
202400040724,2024-12-09,soirée,,,56,56185,3,1,4,3,2,Nationale,110.0,1
202400040725,2024-12-10,soirée,,,56,56240,5,1,6,3,4,Voie communale,50.0,1
202400040726,2024-12-10,matin,,,77,77109,2,1,7,4,3,Départementale,80.0,6
202400040727,2024-11-04,après-midi,,,50,50535,1,5,6,4,1,Autoroute,,1
202400040728,2024-11-02,après-midi,,,62,62036,1,1,6,4,3,Départementale,80.0,1
202400040729,2024-12-10,soirée,,,76,76367,3,2,6,4,7,Autre,70.0,2
202400040730,2024-12-09,soirée,,,65,65373,3,3,6,3,3,Départementale,70.0,2
202400040731,2024-11-03,après-midi,,,35,35024,1,1,1,3,4,Voie communale,50.0,1
202400040732,2024-11-03,nuit,,,56,56165,4,1,6,3,3,Départementale,50.0,1
202400040733,2024-11-14,soirée,,,11,11049,3,1,1,3,3,Départementale,50.0,1
202400040734,2024-11-03,matin,,,56,56148,3,1,6,4,4,Voie communale,80.0,1
202400040735,2024-12-09,soirée,,,71,71490,3,1,2,3,2,Nationale,110.0,2
202400040736,2024-11-03,après-midi,,,56,56008,1,1,7,3,4,Voie communale,50.0,1
202400040737,2024-12-09,soirée,,,49,49029,3,2,1,2,3,Départementale,80.0,2
202400040738,2024-12-09,après-midi,,,22,22241,1,2,3,4,3,Départementale,80.0,2
202400040739,2024-11-04,matin,,,76,76199,2,5,3,4,3,Départementale,80.0,1
202400040740,2024-12-10,matin,,,35,35027,3,1,3,3,3,Départementale,80.0,1
202400040741,2024-11-03,après-midi,,,80,80815,1,1,1,4,3,Départementale,,1
202400040742,2024-12-09,matin,,,29,29293,2,8,6,3,4,Voie communale,50.0,1
202400040743,2024-11-03,soirée,,,61,61440,3,5,6,3,3,Départementale,90.0,1
202400040744,2024-12-09,après-midi,,,29,29279,1,3,6,4,3,Départementale,110.0,2
202400040745,2024-11-04,soirée,,,42,42181,2,1,6,2,3,Départementale,50.0,1
202400040746,2024-12-09,après-midi,,,31,31246,5,2,3,4,3,Départementale,50.0,2
202400040747,2024-11-02,après-midi,,,42,42289,1,5,3,3,2,Nationale,80.0,9
202400040748,2024-11-16,nuit,,,02,02086,3,1,6,4,3,Départementale,80.0,1
202400040749,2024-10-28,après-midi,,,42,42249,1,7,1,3,3,Départementale,50.0,1
202400040750,2024-12-09,après-midi,,,84,84089,1,1,7,2,3,Départementale,80.0,1
202400040751,2024-11-04,matin,,,34,34142,1,1,6,4,3,Départementale,50.0,1
202400040752,2024-12-09,après-midi,,,26,26304,1,1,7,4,4,Voie communale,,6
202400040753,2024-10-22,matin,,,22,22158,1,5,2,3,2,Nationale,80.0,2
202400040754,2024-12-09,après-midi,,,06,06079,5,1,2,4,3,Départementale,50.0,1
202400040755,2024-11-04,après-midi,,,38,38027,1,1,2,3,3,Départementale,80.0,1
202400040756,2024-12-09,après-midi,,,14,14326,1,8,2,3,3,Départementale,80.0,2
202400040757,2024-11-02,après-midi,,,15,15215,2,1,6,3,4,Voie communale,90.0,1
202400040758,2024-11-04,après-midi,,,01,01113,1,1,6,3,3,Départementale,50.0,1
202400040759,2024-12-10,après-midi,,,50,50562,1,6,6,3,3,Départementale,80.0,2
202400040760,2024-11-03,après-midi,,,66,66148,1,1,6,4,3,Départementale,80.0,2
202400040761,2024-12-10,après-midi,,,16,16404,1,1,3,2,3,Départementale,80.0,1
202400040762,2024-11-03,après-midi,,,50,50030,2,1,3,4,4,Voie communale,50.0,1
202400040763,2024-11-03,après-midi,,,90,90052,1,1,7,4,3,Départementale,30.0,1
202400040764,2024-12-09,soirée,,,53,53096,3,1,1,4,2,Nationale,80.0,2
202400040765,2024-11-01,après-midi,,,43,43051,1,1,3,3,3,Départementale,80.0,1
202400040766,2024-12-07,matin,,,40,40264,1,2,1,4,3,Départementale,80.0,2
202400040767,2024-11-04,après-midi,,,07,07329,1,1,7,3,3,Départementale,50.0,1
202400040768,2024-12-07,après-midi,,,85,85026,1,1,6,3,3,Départementale,80.0,1
202400040769,2024-11-04,matin,,,07,07343,1,5,3,3,3,Départementale,90.0,1
202400040770,2024-12-08,soirée,,,23,23037,3,2,6,3,3,Départementale,80.0,2
202400040771,2024-11-03,matin,,,40,40022,1,1,5,3,3,Départementale,80.0,1
202400040772,2024-12-09,après-midi,,,52,52332,1,8,6,3,3,Départementale,90.0,1
202400040773,2024-11-03,après-midi,,,17,17008,1,1,7,3,3,Départementale,80.0,1
202400040774,2024-12-10,matin,,,13,13051,1,1,5,4,3,Départementale,80.0,1
202400040775,2024-11-04,matin,,,37,37061,1,5,3,4,3,Départementale,80.0,1
202400040776,2024-12-10,matin,,,06,06085,1,1,4,2,3,Départementale,50.0,1
202400040777,2024-11-02,après-midi,,,987,98734,1,1,3,4,2,Nationale,60.0,1
202400040778,2024-11-04,matin,,,974,97418,1,1,1,2,9,Autre,,1
202400040779,2024-12-09,après-midi,,,27,27091,1,1,1,3,1,Autoroute,130.0,1
202400040780,2024-11-03,nuit,,,06,06152,5,1,6,3,3,Départementale,,1
202400040781,2024-12-09,matin,,,76,76484,1,1,4,4,7,Autre,70.0,1
202400040782,2024-10-24,nuit,,,01,01276,3,1,2,4,1,Autoroute,130.0,1
202400040783,2024-12-07,soirée,,,973,97357,4,1,7,4,4,Voie communale,30.0,1
202400040784,2024-12-09,nuit,,,971,97107,3,2,5,4,2,Nationale,80.0,2
202400040785,2024-11-04,après-midi,,,38,38401,1,1,7,3,1,Autoroute,130.0,1
202400040786,2024-12-03,après-midi,,,28,28247,1,2,6,3,3,Départementale,50.0,2
202400040787,2024-11-04,après-midi,,,78,78349,1,1,2,4,1,Autoroute,130.0,1
202400040788,2024-12-10,matin,,,95,95308,3,2,1,4,3,Départementale,80.0,2
202400040789,2024-11-03,après-midi,,,976,97608,1,1,1,4,4,Voie communale,50.0,1
202400040790,2024-12-09,matin,,,34,34128,3,1,6,3,3,Départementale,70.0,1
202400040791,2024-11-27,matin,,,70,70205,1,1,6,3,3,Départementale,90.0,1
202400040792,2024-11-02,matin,,,77,77474,1,1,6,4,2,Nationale,70.0,1
202400040793,2024-11-02,nuit,,,66,66093,3,1,6,3,3,Départementale,50.0,1
202400040794,2024-12-10,après-midi,,,89,89380,1,1,2,4,1,Autoroute,130.0,1
202400040795,2024-11-04,matin,,,66,66037,1,1,1,4,3,Départementale,50.0,1
202400040796,2024-12-03,soirée,,,51,51250,5,2,3,4,4,Voie communale,50.0,2
202400040797,2024-11-03,après-midi,,,30,30156,2,1,1,3,9,Autre,,1
202400040798,2024-12-10,matin,,,68,68063,2,1,2,4,3,Départementale,,1
202400040799,2024-11-03,après-midi,,,34,34344,1,1,7,3,3,Départementale,50.0,1
202400040800,2024-11-02,matin,,,13,13004,2,1,7,4,5,Autre,50.0,1
202400040801,2024-11-03,après-midi,,,13,13027,1,7,3,3,3,Départementale,50.0,1
202400040802,2024-11-03,soirée,,,70,70248,3,1,6,2,6,Autre,30.0,1
202400040803,2024-10-28,après-midi,,,67,67458,1,1,7,2,4,Voie communale,50.0,1
202400040804,2024-11-02,matin,,,26,26313,1,5,6,4,3,Départementale,80.0,1
202400040805,2024-11-01,après-midi,,,01,01012,1,1,1,4,3,Départementale,80.0,1
202400040806,2024-11-01,soirée,,,09,09049,3,1,6,2,3,Départementale,80.0,9
202400040807,2024-11-03,après-midi,,,14,14762,1,1,6,4,3,Départementale,70.0,1
202400040808,2024-11-03,soirée,,,13,13211,3,1,2,4,1,Autoroute,90.0,1
202400040809,2024-10-29,après-midi,,,13,13211,1,1,2,4,1,Autoroute,90.0,1
202400040810,2024-11-01,après-midi,,,13,13106,1,1,4,4,1,Autoroute,90.0,1
202400040811,2024-11-03,soirée,,,91,91689,3,1,4,4,1,Autoroute,110.0,1
202400040812,2024-11-03,après-midi,,,94,94021,1,1,2,4,1,Autoroute,90.0,1
202400040813,2024-11-03,soirée,,,78,78362,3,1,2,4,1,Autoroute,110.0,2
202400040814,2024-11-02,soirée,,,78,78133,3,1,4,4,1,Autoroute,110.0,1
202400040815,2024-11-02,soirée,,,78,78640,3,1,2,4,2,Nationale,70.0,1
202400040816,2024-11-03,nuit,,,95,95277,3,1,3,4,1,Autoroute,90.0,1
202400040817,2024-11-03,nuit,,,77,77121,3,1,6,4,1,Autoroute,110.0,1
202400040818,2024-11-02,matin,,,94,94065,1,1,2,4,1,Autoroute,90.0,1
202400040819,2024-05-09,nuit,,,73,73011,5,1,7,4,4,Voie communale,50.0,1
202400040820,2024-01-14,nuit,,,73,73181,3,1,6,3,2,Nationale,90.0,1
202400040821,2024-10-22,après-midi,,,44,44109,2,1,1,4,4,Voie communale,30.0,1
202400040822,2024-10-22,après-midi,,,44,44109,2,1,6,4,4,Voie communale,30.0,1
202400040823,2024-10-19,après-midi,,,44,44143,1,1,6,4,4,Voie communale,30.0,1
202400040824,2024-07-09,après-midi,,,62,62040,1,2,2,4,3,Départementale,50.0,2
202400040825,2024-06-26,soirée,,,62,62758,1,1,3,4,3,Départementale,50.0,1
202400040826,2024-10-18,nuit,,,44,44162,5,1,6,4,4,Voie communale,30.0,1
202400040827,2024-01-11,après-midi,,,76,76351,1,1,2,4,3,Départementale,80.0,1
202400040828,2024-01-12,soirée,,,72,72181,5,1,6,2,4,Voie communale,50.0,1
202400040829,2024-01-11,matin,,,71,71270,1,1,6,4,3,Départementale,50.0,1
202400040830,2024-01-12,matin,,,69,69290,5,8,6,4,4,Voie communale,50.0,1
202400040831,2024-01-12,après-midi,,,66,66136,1,1,4,4,3,Départementale,90.0,1
202400040832,2024-01-11,matin,,,66,66136,1,2,2,4,3,Départementale,70.0,2
202400040833,2024-01-12,après-midi,,,64,64445,1,1,3,4,4,Voie communale,50.0,1
202400040834,2024-01-12,matin,,,64,64269,2,8,4,4,3,Départementale,80.0,1
202400040835,2024-01-13,nuit,,,64,64102,5,5,7,4,4,Voie communale,50.0,1
202400040836,2024-01-12,nuit,,,59,59650,5,9,3,3,4,Voie communale,50.0,2
202400040837,2024-01-10,après-midi,,,58,58194,1,1,7,4,4,Voie communale,70.0,1
202400040838,2024-01-12,après-midi,,,51,51454,1,8,6,4,4,Voie communale,50.0,1
202400040839,2024-01-12,après-midi,,,49,49007,1,1,3,4,4,Voie communale,50.0,1
202400040840,2024-01-11,soirée,,,49,49015,5,1,2,4,3,Départementale,90.0,1
202400040841,2024-01-11,soirée,,,49,49007,5,1,3,4,4,Voie communale,30.0,1
202400040842,2024-01-12,nuit,,,45,45234,5,1,3,4,7,Autre,50.0,1
202400040843,2024-01-12,après-midi,,,44,44109,1,1,6,3,4,Voie communale,50.0,1
202400040844,2024-01-12,après-midi,,,37,37261,1,1,3,4,4,Voie communale,50.0,1
202400040845,2024-01-12,matin,,,37,37261,5,1,2,4,7,Autre,50.0,1
202400040846,2024-01-09,soirée,,,35,35238,5,1,6,4,4,Voie communale,30.0,1
202400040847,2024-01-12,matin,,,34,34301,1,1,3,4,4,Voie communale,50.0,2
202400040848,2024-01-12,soirée,,,33,33039,5,1,3,4,4,Voie communale,50.0,1
202400040849,2024-01-12,matin,,,33,33167,1,8,6,4,4,Voie communale,50.0,1
202400040850,2024-01-10,après-midi,,,33,33281,1,2,1,4,4,Voie communale,50.0,8
202400040851,2024-01-12,après-midi,,,31,31555,1,8,5,4,1,Autoroute,90.0,1
202400040852,2024-01-12,matin,,,30,30007,1,1,7,4,4,Voie communale,20.0,1
202400040853,2024-01-12,nuit,,,29,29019,5,1,6,4,3,Départementale,50.0,1
202400040854,2024-01-12,matin,,,29,29019,5,1,3,4,4,Voie communale,30.0,1
202400040855,2024-01-12,matin,,,29,29019,5,1,6,4,4,Voie communale,50.0,1
202400040856,2024-01-11,soirée,,,29,29019,5,1,6,4,4,Voie communale,,1
202400040857,2024-01-11,soirée,,,29,29019,5,1,3,4,4,Voie communale,30.0,1
202400040858,2024-01-12,nuit,,,27,27562,5,1,3,4,4,Voie communale,30.0,1
202400040859,2024-01-12,après-midi,,,27,27229,1,1,3,4,4,Voie communale,50.0,1
202400040860,2024-01-12,matin,,,26,26198,1,1,1,4,3,Départementale,50.0,1
202400040861,2024-01-12,nuit,,,25,25056,3,1,6,4,2,Nationale,90.0,1
202400040862,2024-01-12,nuit,,,23,23096,4,1,6,4,4,Voie communale,50.0,2
202400040863,2024-01-10,après-midi,,,19,19031,1,4,2,4,4,Voie communale,50.0,2
202400040864,2024-01-12,soirée,,,17,17380,3,8,3,4,4,Voie communale,50.0,1
202400040865,2024-01-12,après-midi,,,13,13215,1,1,5,3,3,Départementale,50.0,1
202400040866,2024-01-12,matin,,,13,13005,1,8,3,4,3,Départementale,50.0,2
202400040867,2024-01-13,nuit,,,11,11069,3,1,6,4,3,Départementale,80.0,1
202400040868,2024-01-12,après-midi,,,11,11069,1,1,6,4,4,Voie communale,50.0,1
202400040869,2024-01-12,matin,,,10,10387,1,1,3,4,4,Voie communale,50.0,1
202400040870,2024-01-11,matin,,,10,10343,1,7,3,4,4,Voie communale,50.0,1
202400040871,2024-01-11,nuit,,,75,75118,5,1,2,4,4,Voie communale,30.0,1
202400040872,2024-01-12,après-midi,,,75,75119,2,1,3,4,4,Voie communale,30.0,1
202400040873,2024-01-12,matin,,,75,75117,1,1,6,4,4,Voie communale,30.0,1
202400040874,2024-01-12,matin,,,75,75117,5,1,3,4,4,Voie communale,30.0,1
202400040875,2024-01-12,matin,,,75,75112,5,1,7,4,4,Voie communale,50.0,1
202400040876,2024-01-12,nuit,,,75,75112,5,1,6,4,4,Voie communale,50.0,1
202400040877,2024-01-12,matin,,,75,75110,1,8,6,4,4,Voie communale,30.0,1
202400040878,2024-01-11,soirée,,,75,75110,5,1,6,4,4,Voie communale,30.0,1
202400040879,2024-01-12,soirée,,,75,75108,5,1,3,4,4,Voie communale,30.0,1
202400040880,2024-01-12,nuit,,,75,75114,5,8,3,4,4,Voie communale,30.0,1
202400040881,2024-01-12,après-midi,,,94,94078,1,1,6,4,3,Départementale,50.0,1
202400040882,2024-01-12,matin,,,94,94022,1,8,6,4,1,Autoroute,50.0,1
202400040883,2024-01-11,après-midi,,,94,94079,1,1,3,4,3,Départementale,50.0,1
202400040884,2024-01-12,après-midi,,,93,93039,2,1,3,4,3,Départementale,30.0,1
202400040885,2024-01-12,matin,,,93,93050,1,1,6,4,3,Départementale,20.0,1
202400040886,2024-01-12,nuit,,,93,93048,5,1,3,4,4,Voie communale,50.0,1
202400040887,2024-01-12,après-midi,,,93,93079,1,1,3,4,3,Départementale,50.0,1
202400040888,2024-01-12,matin,,,93,93031,5,1,6,4,3,Départementale,50.0,1
202400040889,2024-01-12,matin,,,93,93014,1,1,1,4,4,Voie communale,50.0,2
202400040890,2024-01-10,nuit,,,92,92072,5,1,3,4,3,Départementale,50.0,1
202400040891,2024-01-11,soirée,,,92,92063,5,1,7,2,4,Voie communale,30.0,1
202400040892,2024-01-12,après-midi,,,92,92062,1,8,6,4,4,Voie communale,30.0,1
202400040893,2024-01-12,matin,,,92,92051,5,1,3,4,4,Voie communale,30.0,1
202400040894,2024-01-12,après-midi,,,92,92036,1,1,2,4,3,Départementale,50.0,1
202400040895,2024-01-12,soirée,,,92,92025,5,1,6,4,3,Départementale,30.0,1
202400040896,2024-01-11,soirée,,,92,92024,5,1,6,4,3,Départementale,50.0,1
202400040897,2024-01-12,après-midi,,,92,92007,1,8,6,4,3,Départementale,50.0,1
202400040898,2024-01-12,matin,,,39,39232,1,1,1,3,2,Nationale,80.0,1
202400040899,2024-01-13,après-midi,,,26,26334,1,1,3,2,3,Départementale,80.0,1
202400040900,2024-01-13,soirée,,,86,86174,5,8,3,4,3,Départementale,80.0,1
202400040901,2024-04-04,après-midi,,,67,67043,1,2,3,4,7,Autre,30.0,2
202400040902,2024-01-13,matin,,,41,41167,1,8,3,4,3,Départementale,80.0,1
202400040903,2024-01-13,matin,,,28,28073,1,5,6,3,1,Autoroute,110.0,2
202400040904,2024-04-04,après-midi,,,67,67482,1,2,3,4,4,Voie communale,50.0,2
202400040905,2024-01-13,matin,,,86,86165,2,8,1,4,3,Départementale,50.0,1
202400040906,2024-04-04,après-midi,,,65,65440,1,1,6,3,4,Voie communale,50.0,1
202400040907,2024-01-12,après-midi,,,21,21652,1,1,2,4,1,Autoroute,130.0,1
202400040908,2024-01-11,soirée,,,62,62529,5,8,3,3,3,Départementale,70.0,1
202400040909,2024-04-03,après-midi,,,65,65286,1,1,3,4,4,Voie communale,30.0,1
202400040910,2024-01-13,nuit,,,971,97132,5,2,3,4,2,Nationale,80.0,2
202400040911,2024-04-03,soirée,,,64,64102,1,1,2,4,4,Voie communale,50.0,1
202400040912,2024-01-13,après-midi,,,59,59653,1,1,1,4,7,Autre,70.0,1
202400040913,2024-04-03,matin,,,64,64102,1,1,2,4,3,Départementale,50.0,1
202400040914,2024-01-11,après-midi,,,44,44009,1,1,6,3,6,Autre,30.0,1
202400040915,2024-04-03,matin,,,64,64024,1,1,3,4,4,Voie communale,50.0,1
202400040916,2024-01-12,nuit,,,51,51030,4,1,7,4,3,Départementale,90.0,2
202400040917,2024-01-12,matin,,,65,65299,1,1,1,4,3,Départementale,80.0,1
202400040918,2024-05-12,après-midi,,,80,80632,1,1,4,4,1,Autoroute,110.0,1
202400040919,2024-04-03,après-midi,,,61,61001,1,1,2,4,6,Autre,30.0,1
202400040920,2024-01-11,après-midi,,,42,42173,1,8,3,4,3,Départementale,90.0,7
202400040921,2024-05-12,après-midi,,,47,47191,1,8,7,3,1,Autoroute,130.0,1
202400040922,2024-04-03,après-midi,,,58,58194,1,2,6,3,4,Voie communale,50.0,2
202400040923,2024-05-12,soirée,,,13,13087,3,1,6,2,1,Autoroute,130.0,1
202400040924,2024-01-13,soirée,,,44,44146,5,1,1,4,3,Départementale,30.0,1
202400040925,2024-01-12,soirée,,,03,03019,3,1,6,3,3,Départementale,90.0,1
202400040926,2024-02-18,matin,,,57,57221,1,8,3,3,3,Départementale,50.0,1
202400040927,2024-05-13,matin,,,987,98750,1,1,1,3,2,Nationale,60.0,1
202400040928,2024-01-13,nuit,,,72,72172,3,1,6,3,4,Voie communale,50.0,1
202400040929,2024-04-04,après-midi,,,56,56260,1,1,6,4,4,Voie communale,50.0,1
202400040930,2024-01-13,nuit,,,06,06153,5,1,6,4,7,Autre,50.0,1
202400040931,2024-01-13,nuit,,,05,05017,3,1,6,4,2,Nationale,80.0,1
202400040932,2024-05-12,soirée,,,973,97305,5,1,2,4,2,Nationale,50.0,1
202400040933,2024-04-03,soirée,,,51,51454,1,1,6,4,4,Voie communale,50.0,2
202400040934,2024-05-13,matin,,,2B,2B193,1,1,6,4,2,Nationale,80.0,1
202400040935,2024-01-11,matin,,,90,90005,1,1,1,4,3,Départementale,50.0,1
202400040936,2024-04-03,matin,,,51,51454,1,1,6,3,4,Voie communale,30.0,2
202400040937,2024-01-13,nuit,,,64,64202,3,1,7,3,3,Départementale,50.0,7
202400040938,2024-01-13,nuit,,,10,10367,5,5,6,4,4,Voie communale,,1
202400040939,2024-05-12,après-midi,,,30,30145,1,1,7,3,3,Départementale,80.0,1
202400040940,2024-05-12,soirée,,,34,34135,1,1,6,3,3,Départementale,80.0,1
202400040941,2024-01-12,après-midi,,,36,36018,1,8,3,4,3,Départementale,90.0,1
202400040942,2024-04-03,après-midi,,,49,49007,1,1,3,4,4,Voie communale,50.0,1
202400040943,2024-01-12,soirée,,,16,16230,3,9,1,3,3,Départementale,90.0,1
202400040944,2024-04-04,après-midi,,,45,45284,1,2,3,4,7,Autre,50.0,2
202400040945,2024-05-12,après-midi,,,84,84078,1,1,3,4,3,Départementale,50.0,1
202400040946,2024-01-12,après-midi,,,53,53040,1,8,5,3,3,Départementale,80.0,1
202400040947,2024-04-04,après-midi,,,42,42275,1,1,6,3,4,Voie communale,50.0,1
202400040948,2024-05-13,nuit,,,89,89053,3,1,6,4,1,Autoroute,130.0,1
202400040949,2024-01-13,après-midi,,,04,04001,1,7,3,3,2,Nationale,80.0,1
202400040950,2024-03-25,après-midi,,,42,42218,1,1,3,4,4,Voie communale,50.0,1
202400040951,2024-01-13,après-midi,,,13,13069,5,1,3,4,3,Départementale,50.0,1
202400040952,2024-05-11,soirée,,,71,71583,1,1,2,4,3,Départementale,50.0,1
202400040953,2024-04-04,matin,,,35,35238,1,1,1,4,4,Voie communale,30.0,2
202400040954,2024-01-12,matin,,,68,68300,1,4,2,4,1,Autoroute,110.0,2
202400040955,2024-05-11,nuit,,,44,44027,3,1,7,4,3,Départementale,80.0,1
202400040956,2024-04-04,après-midi,,,34,34108,1,1,6,4,4,Voie communale,50.0,1
202400040957,2024-05-12,nuit,,,07,07136,3,1,6,3,3,Départementale,90.0,1