Num_Acc,date,time_of_day,lat,long,dep,com,lum,atm,col,severity_index,catr,catr_label,vma,surf
202400040958,2024-04-04,matin,,,34,34301,1,1,1,3,4,Voie communale,50.0,1
202400040959,2024-05-12,nuit,,,69,69289,3,1,1,4,3,Départementale,70.0,1
202400040960,2024-01-13,après-midi,,,38,38516,1,1,5,4,1,Autoroute,50.0,1
202400040961,2024-05-13,matin,,,31,31084,1,1,6,2,3,Départementale,80.0,1
202400040962,2024-01-13,matin,,,77,77185,1,5,2,4,1,Autoroute,130.0,2
202400040963,2024-05-11,après-midi,,,17,17375,1,1,7,3,3,Départementale,50.0,1
202400040964,2024-04-04,après-midi,,,34,34198,1,1,3,4,4,Voie communale,50.0,1
202400040965,2024-01-12,soirée,,,988,98817,3,1,6,3,3,Départementale,50.0,1
202400040966,2024-04-03,après-midi,,,34,34172,1,1,6,4,4,Voie communale,50.0,1
202400040967,2024-05-12,matin,,,64,64551,1,8,7,3,3,Départementale,50.0,2
202400040968,2024-01-13,nuit,,,971,97129,3,2,6,2,2,Nationale,80.0,2
202400040969,2024-05-11,soirée,,,49,49023,1,1,2,4,3,Départementale,80.0,1
202400040970,2024-01-13,nuit,,,84,84034,3,1,2,4,3,Départementale,80.0,1
202400040971,2024-05-10,soirée,,,27,27644,1,1,6,4,3,Départementale,70.0,1
202400040972,2024-04-03,après-midi,,,34,34003,1,1,2,4,4,Voie communale,30.0,1
202400040973,2024-01-11,matin,,,21,21464,1,7,6,4,4,Voie communale,50.0,1
202400040974,2024-04-05,nuit,,,33,33063,3,1,6,3,4,Voie communale,50.0,1
202400040975,2024-01-12,après-midi,,,68,68226,1,4,6,4,3,Départementale,50.0,5
202400040976,2024-05-12,soirée,,,62,62705,1,1,3,4,3,Départementale,80.0,1
202400040977,2024-04-04,soirée,,,33,33119,1,1,3,3,4,Voie communale,30.0,1
202400040978,2024-01-12,après-midi,,,29,29119,2,1,3,3,4,Voie communale,80.0,1
202400040979,2024-04-04,matin,,,33,33063,5,1,3,4,4,Voie communale,50.0,1
202400040980,2024-05-11,soirée,,,13,13214,1,1,2,4,1,Autoroute,70.0,1
202400040981,2024-01-12,après-midi,,,22,22093,2,1,1,4,3,Départementale,80.0,1
202400040982,2024-05-11,après-midi,,,13,13216,1,1,6,4,1,Autoroute,90.0,1
202400040983,2024-01-12,après-midi,,,35,35066,1,8,1,3,7,Autre,80.0,1
202400040984,2024-05-11,après-midi,,,13,13211,1,1,6,4,1,Autoroute,90.0,1
202400040985,2024-01-13,matin,,,02,02381,1,1,6,4,6,Autre,30.0,1
202400040986,2024-04-03,après-midi,,,33,33281,1,1,4,4,4,Voie communale,70.0,1
202400040987,2024-05-12,après-midi,,,83,83035,1,1,6,4,1,Autoroute,130.0,1
202400040988,2024-04-03,après-midi,,,33,33063,1,1,2,4,4,Voie communale,50.0,1
202400040989,2024-05-12,nuit,,,69,69259,5,1,4,4,7,Autre,70.0,1
202400040990,2024-01-11,matin,,,13,13211,1,3,2,4,1,Autoroute,90.0,2
202400040991,2024-05-12,matin,,,91,91471,1,1,6,4,2,Nationale,90.0,1
202400040992,2024-04-03,matin,,,33,33039,1,1,3,4,4,Voie communale,,1
202400040993,2024-01-12,matin,,,69,69270,1,8,4,4,1,Autoroute,110.0,1
202400040994,2024-04-04,après-midi,,,33,33529,1,1,3,4,4,Voie communale,50.0,1
202400040995,2024-05-12,matin,,,92,92064,1,1,4,4,1,Autoroute,70.0,1
202400040996,2024-01-12,soirée,,,33,33281,3,1,2,4,1,Autoroute,90.0,1
202400040997,2024-05-12,soirée,,,95,95277,1,2,7,4,1,Autoroute,70.0,2
202400040998,2024-04-04,matin,,,29,29232,5,2,7,4,3,Départementale,50.0,2
202400040999,2024-05-11,après-midi,,,93,93027,1,1,4,4,1,Autoroute,90.0,1
202400041000,2024-04-04,après-midi,,,29,29232,1,2,2,4,3,Départementale,70.0,2
202400041001,2024-05-11,nuit,,,95,95277,3,1,5,4,1,Autoroute,70.0,1
202400041002,2024-04-04,après-midi,,,29,29232,1,2,3,4,4,Voie communale,30.0,2
202400041003,2024-05-12,soirée,,,77,77438,4,1,3,4,1,Autoroute,90.0,2
202400041004,2024-01-12,nuit,,,33,33249,3,1,6,4,1,Autoroute,70.0,1
202400041005,2024-04-03,soirée,,,29,29232,1,2,2,4,3,Départementale,50.0,2
202400041006,2024-02-28,nuit,,,45,45042,3,1,2,4,3,Départementale,90.0,1
202400041007,2024-05-12,après-midi,,,77,77514,1,1,6,4,1,Autoroute,90.0,1
202400041008,2024-01-08,nuit,,,59,59196,4,1,2,3,1,Autoroute,110.0,1
202400041009,2024-05-12,matin,,,94,94046,1,1,6,4,1,Autoroute,90.0,1
202400041010,2024-04-04,matin,,,29,29039,1,2,2,4,3,Départementale,70.0,2
202400041011,2024-02-28,après-midi,,,2B,2B188,1,8,1,4,3,Départementale,80.0,2
202400041012,2024-05-12,matin,,,94,94022,1,1,6,4,1,Autoroute,90.0,1
202400041013,2024-01-12,soirée,,,91,91434,3,1,3,4,1,Autoroute,110.0,1
202400041014,2024-03-01,après-midi,,,74,74295,2,2,1,3,3,Départementale,80.0,2
202400041015,2024-01-12,matin,,,91,91377,1,1,4,4,1,Autoroute,110.0,1
202400041016,2024-02-28,nuit,,,71,71074,3,1,6,4,3,Départementale,80.0,1
202400041017,2024-03-26,après-midi,,,28,28085,1,2,6,4,6,Autre,20.0,2
202400041018,2024-02-27,matin,,,74,74269,1,8,5,3,3,Départementale,,1
202400041019,2024-02-24,nuit,,,74,74307,5,1,6,3,3,Départementale,50.0,1
202400041020,2024-04-04,matin,,,27,27681,1,2,2,4,3,Départementale,80.0,2
202400041021,2024-01-12,matin,,,91,91687,1,1,4,4,1,Autoroute,110.0,1
202400041022,2024-01-12,matin,,,91,91471,3,1,6,4,3,Départementale,90.0,1
202400041023,2024-04-04,matin,,,27,27681,1,2,3,4,4,Voie communale,80.0,2
202400041024,2024-02-29,matin,,,01,01262,2,1,6,4,3,Départementale,50.0,1
202400041025,2024-02-21,matin,,,74,74009,1,1,2,4,1,Autoroute,110.0,1
202400041026,2024-01-12,nuit,,,91,91235,3,1,6,4,2,Nationale,50.0,1
202400041027,2024-04-04,après-midi,,,25,25204,1,1,3,4,4,Voie communale,50.0,1
202400041028,2024-02-04,nuit,,,74,74074,3,5,6,3,3,Départementale,80.0,2
202400041029,2024-02-28,matin,,,85,85100,1,2,7,3,3,Départementale,80.0,2
202400041030,2024-01-12,soirée,,,78,78043,3,1,4,4,1,Autoroute,90.0,9
202400041031,2024-04-03,après-midi,,,24,24037,1,1,3,4,4,Voie communale,50.0,1
202400041032,2024-02-23,après-midi,,,14,14209,1,2,6,3,3,Départementale,80.0,2
202400041033,2024-02-28,après-midi,,,76,76506,1,2,6,3,3,Départementale,80.0,2
202400041034,2024-04-04,matin,,,17,17380,1,1,3,4,4,Voie communale,50.0,1
202400041035,2024-01-12,après-midi,,,92,92050,4,1,2,4,1,Autoroute,90.0,1
202400041036,2024-01-12,matin,,,14,14173,1,9,7,4,3,Départementale,80.0,2
202400041037,2024-02-23,matin,,,13,13071,1,1,3,3,1,Autoroute,90.0,1
202400041038,2024-03-03,après-midi,,,17,17306,1,1,2,3,4,Voie communale,30.0,1
202400041039,2024-01-11,nuit,,,92,92050,5,1,3,4,1,Autoroute,50.0,1
202400041040,2024-04-04,après-midi,,,14,14118,1,1,3,4,4,Voie communale,50.0,1
202400041041,2024-02-19,matin,,,77,77083,1,1,3,4,4,Voie communale,30.0,1
202400041042,2024-02-28,matin,,,13,13117,3,1,2,4,1,Autoroute,90.0,2
202400041043,2024-04-03,matin,,,14,14118,1,8,7,3,4,Voie communale,50.0,2
202400041044,2024-05-11,matin,,,974,97416,1,1,3,4,4,Voie communale,110.0,1
202400041045,2024-01-11,soirée,,,92,92064,3,1,4,4,1,Autoroute,110.0,1
202400041046,2024-04-04,matin,,,13,13106,1,1,3,4,4,Voie communale,50.0,1
202400041047,2024-05-10,après-midi,,,974,97416,1,1,6,4,3,Départementale,50.0,1
202400041048,2024-04-04,après-midi,,,13,13201,1,1,2,4,4,Voie communale,50.0,1
202400041049,2024-04-03,soirée,,,13,13202,1,1,3,4,4,Voie communale,30.0,1
202400041050,2024-02-23,soirée,,,59,59606,4,3,4,4,1,Autoroute,110.0,2
202400041051,2024-01-12,après-midi,,,93,93029,1,1,4,4,1,Autoroute,70.0,1
202400041052,2024-05-11,matin,,,974,97407,1,1,3,3,2,Nationale,50.0,1
202400041053,2024-04-03,après-midi,,,13,13028,1,1,1,4,3,Départementale,80.0,1
202400041054,2024-02-28,après-midi,,,91,91521,1,1,2,3,1,Autoroute,110.0,1
202400041055,2024-01-12,matin,,,94,94004,1,1,3,4,2,Nationale,90.0,1
202400041056,2024-04-04,matin,,,13,13005,1,1,3,4,7,Autre,50.0,1
202400041057,2024-02-28,matin,,,78,78545,2,1,6,4,1,Autoroute,110.0,1
202400041058,2024-05-11,matin,,,973,97302,1,3,3,4,3,Départementale,50.0,2
202400041059,2024-01-12,nuit,,,988,98818,2,1,6,4,4,Voie communale,50.0,1
202400041060,2024-04-03,soirée,,,12,12145,1,1,3,4,3,Départementale,50.0,1
202400041061,2024-02-27,matin,,,92,92072,1,8,3,4,2,Nationale,70.0,1
202400041062,2024-04-03,matin,,,11,11069,1,1,6,4,4,Voie communale,30.0,1
202400041063,2024-01-11,après-midi,,,973,97302,1,1,3,4,4,Voie communale,50.0,1
202400041064,2024-05-10,nuit,,,973,97302,5,2,3,4,4,Voie communale,50.0,2
202400041065,2024-03-29,nuit,,,10,10357,5,2,7,4,4,Voie communale,50.0,2
202400041066,2024-04-04,nuit,,,07,07102,5,1,7,4,4,Voie communale,50.0,1
202400041067,2024-05-11,soirée,,,69,69383,1,1,3,4,4,Voie communale,30.0,1
202400041068,2024-01-11,après-midi,,,973,97302,1,1,3,4,4,Voie communale,50.0,1
202400041069,2024-02-27,matin,,,92,92063,3,8,4,3,1,Autoroute,90.0,2
202400041070,2024-04-04,soirée,,,06,06027,1,1,3,4,7,Autre,50.0,1
202400041071,2024-05-11,après-midi,,,69,69386,1,1,6,4,4,Voie communale,30.0,1
202400041072,2024-01-11,après-midi,,,973,97302,1,1,7,4,4,Voie communale,50.0,1
202400041073,2024-02-27,matin,,,95,95527,1,1,6,4,1,Autoroute,90.0,1
202400041074,2024-04-04,matin,,,06,06027,1,8,3,4,7,Autre,50.0,1
202400041075,2024-05-11,après-midi,,,69,69149,1,1,3,4,7,Autre,30.0,1
202400041076,2024-04-03,après-midi,,,06,06004,1,1,1,3,4,Voie communale,50.0,1
202400041077,2024-02-27,matin,,,95,95582,2,1,2,4,3,Départementale,90.0,1
202400041078,2024-05-11,matin,,,69,69385,1,1,6,4,4,Voie communale,30.0,1
202400041079,2024-01-11,matin,,,973,97302,1,1,3,4,4,Voie communale,30.0,1
202400041080,2024-04-04,après-midi,,,04,04070,1,1,3,3,4,Voie communale,50.0,1
202400041081,2024-02-26,nuit,,,93,93078,3,2,6,4,1,Autoroute,90.0,2
202400041082,2024-01-11,après-midi,,,972,97213,1,1,2,4,1,Autoroute,90.0,1
202400041083,2024-05-10,nuit,,,971,97113,5,1,3,4,3,Départementale,50.0,1
202400041084,2024-04-04,matin,,,75,75116,1,2,4,4,4,Voie communale,70.0,2
202400041085,2024-02-26,soirée,,,95,95572,3,2,2,4,1,Autoroute,90.0,2
202400041086,2024-04-04,après-midi,,,75,75117,1,8,6,4,4,Voie communale,30.0,2
202400041087,2024-05-10,après-midi,,,971,97113,1,1,3,3,4,Voie communale,50.0,1
202400041088,2024-01-11,matin,,,69,69034,5,8,1,4,4,Voie communale,,2
202400041089,2024-02-26,après-midi,,,95,95277,1,2,6,4,1,Autoroute,110.0,2
202400041090,2024-05-11,soirée,,,95,95268,1,1,6,4,4,Voie communale,50.0,1
202400041091,2024-04-04,matin,,,75,75104,2,3,3,4,4,Voie communale,30.0,2
202400041092,2024-01-11,après-midi,,,2B,2B037,5,1,2,4,2,Nationale,50.0,1
202400041093,2024-05-11,soirée,,,95,95277,1,1,1,3,4,Voie communale,70.0,1
202400041094,2024-02-26,après-midi,,,95,95582,2,2,4,4,3,Départementale,70.0,2
202400041095,2024-04-04,nuit,,,75,75113,5,1,2,3,4,Voie communale,30.0,1
202400041096,2024-05-11,après-midi,,,95,95197,1,1,2,4,3,Départementale,50.0,1
202400041097,2024-01-10,nuit,,,2B,2B033,5,2,3,4,4,Voie communale,50.0,2
202400041098,2024-04-03,soirée,,,75,75120,2,1,6,4,4,Voie communale,30.0,1
202400041099,2024-02-27,après-midi,,,75,75105,1,1,6,2,4,Voie communale,30.0,1
202400041100,2024-01-11,après-midi,,,971,97105,1,1,2,4,4,Voie communale,50.0,1
202400041101,2024-04-04,après-midi,,,75,75119,1,1,6,4,4,Voie communale,30.0,1
202400041102,2024-05-11,soirée,,,91,91657,2,1,6,4,4,Voie communale,50.0,1
202400041103,2024-02-26,après-midi,,,75,75118,1,8,3,4,4,Voie communale,30.0,2
202400041104,2024-05-11,soirée,,,91,91434,1,1,6,4,4,Voie communale,50.0,1
202400041105,2024-04-04,matin,,,75,75117,1,2,2,4,4,Voie communale,30.0,2
202400041106,2024-01-11,après-midi,,,91,91477,1,1,3,3,3,Départementale,50.0,1
202400041107,2024-02-27,après-midi,,,75,75117,1,1,6,4,4,Voie communale,30.0,1
202400041108,2024-05-11,après-midi,,,91,91433,1,1,2,4,2,Nationale,50.0,1
202400041109,2024-04-04,matin,,,75,75116,1,3,7,4,4,Voie communale,30.0,2
202400041110,2024-01-10,après-midi,,,91,91201,2,1,3,4,3,Départementale,30.0,1
202400041111,2024-05-11,soirée,,,80,80021,2,1,7,4,3,Départementale,50.0,1
202400041112,2024-02-27,nuit,,,75,75116,5,2,6,4,4,Voie communale,50.0,2
202400041113,2024-04-03,matin,,,75,75114,1,2,3,4,4,Voie communale,30.0,2
202400041114,2024-01-11,nuit,,,87,87085,5,8,7,4,4,Voie communale,50.0,7
202400041115,2024-04-02,soirée,,,75,75114,1,8,2,4,4,Voie communale,30.0,2
202400041116,2024-02-26,soirée,,,75,75114,5,3,3,3,4,Voie communale,30.0,2
202400041117,2024-04-04,matin,,,75,75112,1,2,3,4,4,Voie communale,30.0,2
202400041118,2024-01-10,après-midi,,,84,84007,1,2,6,4,4,Voie communale,30.0,2
202400041119,2024-02-26,nuit,,,75,75112,5,2,6,4,4,Voie communale,50.0,2
202400041120,2024-04-04,après-midi,,,75,75111,1,1,6,4,4,Voie communale,30.0,1
202400041121,2024-05-10,matin,,,74,74118,1,1,3,4,4,Voie communale,30.0,1
202400041122,2024-01-10,soirée,,,83,83062,5,2,3,4,7,Autre,50.0,2
202400041123,2024-05-11,soirée,,,69,69275,1,1,6,4,4,Voie communale,50.0,1
202400041124,2024-02-27,soirée,,,75,75116,5,1,1,4,4,Voie communale,30.0,1
202400041125,2024-05-11,après-midi,,,69,69264,1,1,3,4,4,Voie communale,50.0,1
202400041126,2024-01-11,soirée,,,78,78440,5,1,6,4,3,Départementale,50.0,1
202400041127,2024-04-04,matin,,,75,75110,1,3,2,4,4,Voie communale,30.0,2
202400041128,2024-02-27,matin,,,75,75108,1,1,7,3,4,Voie communale,30.0,1
202400041129,2024-04-04,nuit,,,75,75109,5,1,6,3,4,Voie communale,30.0,1
202400041130,2024-05-11,matin,,,64,64373,1,1,6,4,3,Départementale,50.0,1
202400041131,2024-01-11,matin,,,76,76681,1,8,6,3,4,Voie communale,30.0,1
202400041132,2024-04-04,après-midi,,,75,75108,1,1,6,4,4,Voie communale,50.0,1
202400041133,2024-02-27,soirée,,,75,75107,5,1,2,4,4,Voie communale,30.0,1
202400041134,2024-01-11,matin,,,76,76216,1,1,6,4,4,Voie communale,50.0,1
202400041135,2024-05-11,matin,,,54,54395,1,1,6,4,4,Voie communale,50.0,1
202400041136,2024-02-20,après-midi,,,75,75107,1,1,6,4,4,Voie communale,30.0,1
202400041137,2024-01-11,matin,,,76,76351,1,1,3,4,4,Voie communale,,1
202400041138,2024-04-04,matin,,,75,75108,1,3,6,4,4,Voie communale,30.0,2
202400041139,2024-02-27,soirée,,,75,75102,5,1,7,4,4,Voie communale,30.0,1
202400041140,2024-01-10,après-midi,,,76,76351,1,1,2,4,4,Voie communale,30.0,1
202400041141,2024-04-04,nuit,,,75,75107,5,1,7,4,4,Voie communale,30.0,1
202400041142,2024-01-10,après-midi,,,76,76351,5,1,7,4,4,Voie communale,50.0,1
202400041143,2024-02-27,après-midi,,,94,94073,1,1,2,4,4,Voie communale,50.0,1
202400041144,2024-05-11,soirée,,,54,54197,1,1,3,4,7,Autre,70.0,1
202400041145,2024-04-04,matin,,,75,75104,1,2,6,4,4,Voie communale,30.0,2
202400041146,2024-01-11,matin,,,73,73008,1,1,3,4,3,Départementale,30.0,1
202400041147,2024-04-04,après-midi,,,94,94081,1,2,4,4,3,Départementale,50.0,2
202400041148,2024-02-26,matin,,,94,94011,1,2,3,4,3,Départementale,30.0,2
202400041149,2024-01-10,soirée,,,72,72181,5,1,3,4,4,Voie communale,70.0,1
202400041150,2024-04-03,après-midi,,,94,94081,1,2,6,3,3,Départementale,5.0,2
202400041151,2024-05-11,soirée,,,45,45286,1,1,3,4,4,Voie communale,50.0,1
202400041152,2024-01-10,soirée,,,71,71306,3,1,6,4,4,Voie communale,50.0,2
202400041153,2024-02-26,matin,,,94,94060,1,2,4,4,4,Voie communale,30.0,2
202400041154,2024-04-04,après-midi,,,94,94041,1,1,6,4,3,Départementale,50.0,1
202400041155,2024-01-11,soirée,,,69,69266,5,2,6,4,4,Voie communale,30.0,2
202400041156,2024-02-26,après-midi,,,93,93073,1,2,6,3,4,Voie communale,50.0,2
202400041157,2024-01-10,soirée,,,69,69266,5,2,3,3,4,Voie communale,30.0,2
202400041158,2024-04-04,matin,,,94,94038,2,3,6,4,3,Départementale,50.0,2
202400041159,2024-05-11,après-midi,,,33,33522,1,1,3,4,4,Voie communale,30.0,1
202400041160,2024-01-10,soirée,,,69,69264,5,2,3,4,3,Départementale,50.0,2
202400041161,2024-04-04,après-midi,,,94,94077,1,1,6,4,4,Voie communale,50.0,1
202400041162,2024-02-27,après-midi,,,93,93055,1,1,3,4,3,Départementale,30.0,1
202400041163,2024-05-11,matin,,,33,33281,1,1,6,4,4,Voie communale,50.0,1
202400041164,2024-01-11,soirée,,,65,65417,2,1,6,4,3,Départementale,50.0,1
202400041165,2024-04-04,après-midi,,,94,94018,1,1,3,4,3,Départementale,30.0,1
202400041166,2024-02-27,matin,,,93,93048,2,1,6,4,4,Voie communale,30.0,1
202400041167,2024-05-11,nuit,,,31,31555,3,1,2,3,1,Autoroute,50.0,1
202400041168,2024-01-11,soirée,,,64,64102,5,2,7,4,3,Départementale,50.0,2
202400041169,2024-01-05,après-midi,,,62,62523,5,2,6,4,4,Voie communale,30.0,2
202400041170,2024-05-11,après-midi,,,29,29232,1,1,6,4,2,Nationale,110.0,1
202400041171,2024-04-04,après-midi,,,93,93073,1,1,7,4,4,Voie communale,,1
202400041172,2024-02-26,après-midi,,,93,93027,1,2,6,4,3,Départementale,50.0,2
202400041173,2024-01-10,après-midi,,,60,60057,1,1,3,4,4,Voie communale,30.0,1
202400041174,2024-04-04,après-midi,,,93,93066,1,1,3,4,4,Voie communale,50.0,1
202400041175,2024-02-26,après-midi,,,93,93027,1,2,3,4,3,Départementale,50.0,2
202400041176,2024-05-11,nuit,,,29,29232,3,1,3,4,4,Voie communale,80.0,1
202400041177,2024-01-11,matin,,,59,59350,2,1,6,4,4,Voie communale,30.0,1
202400041178,2024-05-11,après-midi,,,29,29039,1,1,6,4,4,Voie communale,50.0,1
202400041179,2024-04-03,nuit,,,93,93066,5,1,3,4,3,Départementale,50.0,1
202400041180,2024-01-11,matin,,,57,57463,2,1,6,3,4,Voie communale,50.0,1
202400041181,2024-02-27,après-midi,,,93,93005,1,1,2,4,3,Départementale,50.0,1
202400041182,2024-05-11,soirée,,,29,29019,1,1,3,3,4,Voie communale,50.0,1
202400041183,2024-04-04,matin,,,93,93005,4,3,6,4,3,Départementale,50.0,2
202400041184,2024-01-11,matin,,,54,54526,1,1,2,4,4,Voie communale,50.0,1
202400041185,2024-02-27,après-midi,,,92,92022,1,1,3,4,3,Départementale,50.0,1
202400041186,2024-01-11,après-midi,,,54,54099,2,1,7,4,6,Autre,10.0,1
202400041187,2024-04-04,matin,,,92,92051,1,2,2,4,3,Départementale,50.0,2
202400041188,2024-02-27,soirée,,,92,92026,5,1,7,4,9,Autre,30.0,1
202400041189,2024-05-11,nuit,,,25,25056,5,1,3,4,4,Voie communale,50.0,1
202400041190,2024-04-03,soirée,,,92,92050,1,1,3,4,3,Départementale,50.0,1
202400041191,2024-01-11,matin,,,52,52121,3,1,3,3,3,Départementale,70.0,1
202400041192,2024-02-26,soirée,,,92,92051,5,8,6,4,3,Départementale,50.0,2
202400041193,2024-05-11,nuit,,,19,19031,5,1,3,4,4,Voie communale,30.0,1
202400041194,2024-04-02,après-midi,,,92,92050,1,1,6,4,3,Départementale,50.0,1
202400041195,2024-01-11,matin,,,51,51454,1,1,6,4,4,Voie communale,50.0,1
202400041196,2024-02-27,soirée,,,92,92020,5,1,3,3,4,Voie communale,50.0,1
202400041197,2024-04-03,soirée,,,92,92044,1,1,3,4,3,Départementale,50.0,1
202400041198,2024-05-11,nuit,,,18,18205,5,1,7,3,3,Départementale,50.0,1
202400041199,2024-01-11,matin,,,49,49007,1,4,7,4,4,Voie communale,50.0,7
202400041200,2024-02-27,après-midi,,,92,92040,1,8,3,4,4,Voie communale,30.0,1
202400041201,2024-05-11,soirée,,,17,17306,1,1,7,4,4,Voie communale,30.0,1
202400041202,2024-04-04,après-midi,,,92,92040,1,1,6,2,3,Départementale,30.0,1
202400041203,2024-01-11,matin,,,49,49007,2,2,7,4,4,Voie communale,50.0,7
202400041204,2024-02-26,soirée,,,92,92025,5,1,6,4,4,Voie communale,30.0,2
202400041205,2024-01-11,après-midi,,,45,45068,1,1,6,4,3,Départementale,50.0,1
202400041206,2024-04-03,soirée,,,92,92024,1,1,6,4,3,Départementale,50.0,1
202400041207,2024-05-11,soirée,,,15,15014,1,7,3,4,2,Nationale,50.0,1
202400041208,2024-02-27,matin,,,92,92019,1,1,3,4,4,Voie communale,50.0,1
202400041209,2024-04-04,soirée,,,92,92012,5,1,6,3,4,Voie communale,30.0,1
202400041210,2024-01-10,soirée,,,44,44184,5,1,3,4,4,Voie communale,50.0,1
202400041211,2024-05-10,après-midi,,,15,15014,1,1,6,3,2,Nationale,50.0,1
202400041212,2024-04-04,soirée,,,49,49092,4,1,1,3,4,Voie communale,50.0,1
202400041213,2024-02-27,nuit,,,92,92012,5,1,6,4,3,Départementale,50.0,2
202400041214,2024-01-10,matin,,,38,38179,1,8,2,4,4,Voie communale,50.0,1
202400041215,2024-02-22,soirée,,,06,06114,5,2,6,4,7,Autre,30.0,2
202400041216,2024-04-03,après-midi,,,42,42294,1,1,1,4,2,Nationale,110.0,1
202400041217,2024-01-11,matin,,,37,37261,1,1,2,4,4,Voie communale,50.0,1
202400041218,2024-02-27,après-midi,,,16,16186,1,1,6,4,3,Départementale,90.0,1
202400041219,2024-05-10,matin,,,14,14304,1,1,2,4,3,Départementale,80.0,1
202400041220,2024-04-05,matin,,,52,52366,2,1,7,2,1,Autoroute,130.0,1
202400041221,2024-02-28,matin,,,45,45213,1,1,7,3,4,Voie communale,70.0,6
202400041222,2024-01-10,nuit,,,37,37261,5,1,3,4,4,Voie communale,50.0,1
202400041223,2024-05-10,matin,,,14,14333,1,1,2,4,3,Départementale,70.0,1
202400041224,2024-02-28,après-midi,,,36,36230,1,1,6,2,3,Départementale,,1
202400041225,2024-04-05,après-midi,,,67,67312,1,1,1,3,3,Départementale,80.0,1
202400041226,2024-02-28,après-midi,,,974,97405,1,1,2,4,3,Départementale,,1
202400041227,2024-01-10,matin,,,37,37261,2,1,3,4,4,Voie communale,,1
202400041228,2024-04-04,nuit,,,62,62571,3,1,1,2,3,Départementale,50.0,1
202400041229,2024-05-11,matin,,,30,30032,1,1,3,3,3,Départementale,50.0,1
202400041230,2024-02-23,matin,,,972,97222,1,1,3,3,2,Nationale,90.0,1
202400041231,2024-01-11,matin,,,35,35278,2,1,3,4,4,Voie communale,30.0,1
202400041232,2024-03-25,matin,,,83,83017,1,1,6,2,4,Voie communale,50.0,1
202400041233,2024-05-11,après-midi,,,13,13103,1,1,3,4,4,Voie communale,50.0,1
202400041234,2024-01-11,matin,,,34,34172,1,2,6,4,4,Voie communale,50.0,2
202400041235,2024-04-04,après-midi,,,37,37166,1,1,2,4,1,Autoroute,130.0,1
202400041236,2024-05-11,nuit,,,13,13212,5,1,1,4,4,Voie communale,50.0,1
202400041237,2024-02-27,matin,,,63,63374,1,5,3,4,3,Départementale,90.0,2
202400041238,2024-01-11,soirée,,,33,33063,5,1,2,3,4,Voie communale,50.0,1
202400041239,2024-05-11,après-midi,,,13,13211,1,1,6,4,4,Voie communale,50.0,1
202400041240,2024-04-03,après-midi,,,74,74123,1,2,5,4,3,Départementale,80.0,2
202400041241,2024-02-22,matin,,,49,49218,2,3,6,3,3,Départementale,50.0,2
202400041242,2024-04-05,nuit,,,76,76159,5,2,6,3,4,Voie communale,30.0,2
202400041243,2024-02-27,matin,,,68,68155,1,1,7,2,6,Autre,50.0,1
202400041244,2024-04-05,matin,,,80,80598,1,1,6,3,3,Départementale,80.0,1
202400041245,2024-05-11,matin,,,13,13205,1,1,2,4,4,Voie communale,50.0,1
202400041246,2024-01-11,après-midi,,,33,33063,2,1,5,4,4,Voie communale,50.0,1
202400041247,2024-02-27,après-midi,,,29,29241,1,1,3,4,3,Départementale,80.0,1
202400041248,2024-04-05,après-midi,,,33,33424,1,1,7,3,4,Voie communale,80.0,1
202400041249,2024-04-04,après-midi,,,32,32121,1,1,7,3,3,Départementale,90.0,1
202400041250,2024-02-27,soirée,,,84,84089,2,1,6,3,3,Départementale,40.0,1
202400041251,2024-02-27,matin,,,07,07117,1,1,6,3,4,Voie communale,30.0,1
202400041252,2024-02-27,après-midi,,,87,87078,1,1,7,3,3,Départementale,90.0,2
202400041253,2024-02-28,après-midi,,,31,31488,1,1,2,4,1,Autoroute,130.0,1
202400041254,2024-01-11,matin,,,33,33063,2,8,3,4,4,Voie communale,50.0,2
202400041255,2024-05-10,après-midi,,,13,13028,1,1,3,4,4,Voie communale,50.0,1
202400041256,2024-04-03,après-midi,,,63,63214,1,1,3,3,3,Départementale,50.0,1
202400041257,2024-02-27,après-midi,,,06,06018,1,2,3,4,4,Voie communale,50.0,2
202400041258,2024-01-11,soirée,,,31,31555,3,1,1,4,7,Autre,50.0,1
202400041259,2024-03-31,après-midi,,,61,61222,1,1,6,4,3,Départementale,80.0,1
202400041260,2024-02-28,matin,,,06,06149,1,1,2,4,1,Autoroute,110.0,1
202400041261,2024-03-30,soirée,,,61,61093,2,1,6,3,3,Départementale,90.0,1
202400041262,2024-01-11,matin,,,31,31555,1,8,2,3,4,Voie communale,20.0,2
202400041263,2024-05-11,nuit,,,06,06088,5,1,3,4,4,Voie communale,50.0,1
202400041264,2024-02-27,soirée,,,987,98729,2,1,1,2,2,Nationale,,1
202400041265,2024-03-17,soirée,,,49,49339,1,1,1,3,3,Départementale,80.0,1
202400041266,2024-01-11,nuit,,,31,31555,5,8,6,4,4,Voie communale,50.0,2
202400041267,2024-05-10,après-midi,,,05,05061,1,1,1,4,3,Départementale,50.0,1
202400041268,2024-04-04,après-midi,,,46,46182,1,1,6,2,3,Départementale,80.0,1
202400041269,2024-07-18,soirée,,,93,93046,1,1,3,4,3,Départementale,50.0,1
202400041270,2024-05-10,après-midi,,,01,01344,1,1,7,3,3,Départementale,80.0,1
202400041271,2024-01-11,après-midi,,,29,29232,1,1,2,3,3,Départementale,90.0,1