Num_Acc,date,time_of_day,lat,long,dep,com,lum,atm,col,severity_index,catr,catr_label,vma,surf
202400041272,2024-02-27,nuit,,,21,21515,5,1,7,2,6,Autre,50.0,1
202400041273,2024-04-05,matin,,,22,22013,1,1,3,3,4,Voie communale,30.0,1
202400041274,2024-07-18,matin,,,93,93045,1,1,3,4,3,Départementale,30.0,1
202400041275,2024-05-11,après-midi,,,75,75112,1,1,3,4,4,Voie communale,70.0,1
202400041276,2024-02-28,matin,,,78,78615,1,1,3,4,3,Départementale,70.0,1
202400041277,2024-05-11,soirée,,,75,75120,1,1,6,4,4,Voie communale,50.0,1
202400041278,2024-04-02,matin,,,38,38394,1,7,2,4,3,Départementale,30.0,1
202400041279,2024-07-18,matin,,,93,93010,1,1,6,3,3,Départementale,10.0,1
202400041280,2024-05-10,après-midi,,,75,75119,1,1,6,4,4,Voie communale,30.0,1
202400041281,2024-02-02,matin,,,34,34157,1,1,6,4,4,Voie communale,,1
202400041282,2024-01-10,après-midi,,,16,16102,1,8,1,4,4,Voie communale,50.0,1
202400041283,2024-04-05,soirée,,,03,03043,1,1,3,3,3,Départementale,50.0,1
202400041284,2024-07-18,matin,,,93,93005,1,1,2,4,4,Voie communale,50.0,1
202400041285,2024-05-10,après-midi,,,75,75118,1,1,6,4,4,Voie communale,30.0,1
202400041286,2024-04-01,soirée,,,58,58010,2,3,6,4,3,Départementale,80.0,2
202400041287,2024-02-27,après-midi,,,67,67339,1,1,3,4,3,Départementale,70.0,1
202400041288,2024-01-11,matin,,,14,14220,1,7,7,3,3,Départementale,50.0,1
202400041289,2024-07-17,après-midi,,,92,92073,1,1,3,4,3,Départementale,50.0,1
202400041290,2024-04-05,après-midi,,,72,72344,1,1,3,3,3,Départementale,70.0,1
202400041291,2024-05-11,soirée,,,75,75116,1,1,7,4,4,Voie communale,30.0,1
202400041292,2024-01-12,nuit,,,13,13208,5,1,3,4,4,Voie communale,50.0,1
202400041293,2024-02-26,après-midi,,,57,57596,1,1,3,4,3,Départementale,50.0,1
202400041294,2024-04-04,après-midi,,,09,09265,1,1,2,4,3,Départementale,50.0,1
202400041295,2024-05-11,après-midi,,,75,75115,1,1,3,4,4,Voie communale,50.0,1
202400041296,2024-02-27,après-midi,,,69,69204,1,1,6,4,4,Voie communale,30.0,1
202400041297,2024-04-04,après-midi,,,45,45333,1,8,2,4,3,Départementale,50.0,1
202400041298,2024-05-11,après-midi,,,75,75113,1,1,6,4,4,Voie communale,30.0,1
202400041299,2024-07-18,soirée,,,92,92051,1,1,3,4,2,Nationale,50.0,1
202400041300,2024-02-27,matin,,,35,35240,1,1,6,4,2,Nationale,110.0,1
202400041301,2024-04-05,après-midi,,,64,64037,1,1,2,2,3,Départementale,80.0,1
202400041302,2024-01-11,après-midi,,,13,13211,5,1,1,4,4,Voie communale,50.0,1
202400041303,2024-05-11,après-midi,,,94,94078,1,1,3,4,3,Départementale,50.0,1
202400041304,2024-04-05,matin,,,64,64198,3,1,7,3,3,Départementale,80.0,1
202400041305,2024-02-27,après-midi,,,76,76759,1,1,7,3,7,Autre,70.0,1
202400041306,2024-07-18,matin,,,92,92049,1,1,2,4,3,Départementale,50.0,1
202400041307,2024-05-11,soirée,,,94,94076,1,1,6,4,3,Départementale,50.0,1
202400041308,2024-01-11,après-midi,,,13,13203,1,1,1,4,1,Autoroute,50.0,2
202400041309,2024-02-27,après-midi,,,33,33281,1,1,7,4,1,Autoroute,90.0,1
202400041310,2024-07-18,soirée,,,92,92040,1,1,6,4,4,Voie communale,30.0,1
202400041311,2024-04-05,matin,,,18,18221,2,1,1,3,3,Départementale,70.0,1
202400041312,2024-02-26,nuit,,,59,59328,3,8,6,4,7,Autre,90.0,2
202400041313,2024-05-11,après-midi,,,94,94017,1,1,3,4,4,Voie communale,50.0,1
202400041314,2024-04-04,matin,,,36,36088,1,1,2,3,4,Voie communale,50.0,1
202400041315,2024-07-18,matin,,,92,92026,1,1,3,4,3,Départementale,50.0,1
202400041316,2024-01-11,après-midi,,,13,13206,1,2,3,4,4,Voie communale,50.0,2
202400041317,2024-02-26,soirée,,,92,92047,3,2,2,4,1,Autoroute,110.0,2
202400041318,2024-05-10,nuit,,,94,94017,3,1,2,4,3,Départementale,50.0,1
202400041319,2024-07-17,soirée,,,92,92025,1,1,2,4,3,Départementale,30.0,1
202400041320,2024-04-05,après-midi,,,07,07048,1,1,6,4,4,Voie communale,50.0,1
202400041321,2024-02-26,matin,,,92,92063,1,1,6,4,1,Autoroute,90.0,2
202400041322,2024-01-11,après-midi,,,13,13001,1,1,6,4,2,Nationale,50.0,2
202400041323,2024-05-10,soirée,,,93,93078,1,1,3,4,3,Départementale,50.0,1
202400041324,2024-07-18,nuit,,,92,92012,5,1,6,3,3,Départementale,50.0,1
202400041325,2024-04-03,après-midi,,,40,40224,1,1,3,3,4,Voie communale,50.0,1
202400041326,2024-02-27,après-midi,,,95,95277,1,1,4,4,1,Autoroute,90.0,1
202400041327,2024-01-11,après-midi,,,11,11262,1,2,6,4,4,Voie communale,50.0,2
202400041328,2024-05-11,soirée,,,93,93066,1,1,2,4,3,Départementale,50.0,1
202400041329,2024-04-03,après-midi,,,67,67506,1,1,6,3,4,Voie communale,50.0,1
202400041330,2024-07-19,après-midi,,,60,60587,1,1,1,4,3,Départementale,50.0,1
202400041331,2024-01-11,matin,,,11,11262,1,2,6,4,4,Voie communale,30.0,2
202400041332,2024-05-11,soirée,,,93,93064,1,1,6,4,3,Départementale,30.0,1
202400041333,2024-02-27,matin,,,93,93063,1,1,5,4,1,Autoroute,90.0,1
202400041334,2024-05-10,nuit,,,93,93031,5,1,7,3,3,Départementale,15.0,1
202400041335,2024-07-18,matin,,,37,37010,1,1,3,3,4,Voie communale,80.0,1
202400041336,2024-01-10,après-midi,,,11,11069,1,2,2,4,3,Départementale,30.0,2
202400041337,2024-02-26,matin,,,92,92036,1,2,2,4,1,Autoroute,90.0,2
202400041338,2024-04-05,matin,,,42,42279,1,1,3,4,4,Voie communale,50.0,1
202400041339,2024-05-10,nuit,,,93,93047,5,1,2,4,4,Voie communale,,1
202400041340,2024-01-11,soirée,,,06,06069,5,1,7,4,4,Voie communale,50.0,1
202400041341,2024-07-18,matin,,,67,67222,1,1,3,2,3,Départementale,80.0,1
202400041342,2024-04-04,soirée,,,987,98712,5,1,1,2,2,Nationale,60.0,1
202400041343,2024-02-26,matin,,,93,93053,1,2,2,4,1,Autoroute,90.0,2
202400041344,2024-01-11,après-midi,,,06,06069,2,1,2,4,3,Départementale,50.0,1
202400041345,2024-05-11,matin,,,93,93071,1,1,3,4,3,Départementale,50.0,1
202400041346,2024-07-18,matin,,,52,52535,1,1,6,4,3,Départementale,50.0,1
202400041347,2024-02-27,matin,,,94,94017,1,1,3,4,1,Autoroute,90.0,1
202400041348,2024-07-18,matin,,,22,22177,1,1,6,4,3,Départementale,80.0,1
202400041349,2024-04-04,soirée,,,44,44069,1,1,5,4,3,Départementale,80.0,1
202400041350,2024-01-11,après-midi,,,06,06069,1,7,3,4,4,Voie communale,50.0,1
202400041351,2024-05-11,après-midi,,,93,93001,1,1,6,4,3,Départementale,30.0,1
202400041352,2024-02-26,après-midi,,,94,94017,1,2,2,4,1,Autoroute,90.0,2
202400041353,2024-04-05,après-midi,,,51,51097,1,2,7,4,1,Autoroute,130.0,2
202400041354,2024-07-09,après-midi,,,85,85223,1,1,6,3,3,Départementale,50.0,1
202400041355,2024-01-09,matin,,,06,06069,2,2,7,4,4,Voie communale,50.0,2
202400041356,2024-05-12,après-midi,,,60,60531,1,1,7,3,3,Départementale,70.0,1
202400041357,2024-07-18,après-midi,,,41,41256,1,1,7,3,1,Autoroute,130.0,1
202400041358,2024-02-26,soirée,,,75,75118,5,2,6,4,4,Voie communale,30.0,2
202400041359,2024-04-04,après-midi,,,11,11262,1,1,1,4,3,Départementale,80.0,1
202400041360,2024-01-11,après-midi,,,75,75114,5,1,4,4,4,Voie communale,70.0,1
202400041361,2024-07-18,après-midi,,,01,01109,1,1,3,4,3,Départementale,,1
202400041362,2024-04-05,après-midi,,,976,97607,1,1,6,2,2,Nationale,70.0,1
202400041363,2024-05-12,après-midi,,,28,28141,1,1,4,4,1,Autoroute,130.0,1
202400041364,2024-02-26,matin,,,75,75118,1,2,2,4,4,Voie communale,30.0,2
202400041365,2024-01-11,matin,,,75,75119,1,1,2,4,4,Voie communale,70.0,1
202400041366,2024-05-10,soirée,,,83,83067,2,1,6,4,1,Autoroute,130.0,1
202400041367,2024-07-18,soirée,,,974,97413,3,1,1,4,3,Départementale,70.0,1
202400041368,2024-02-11,soirée,,,974,97417,2,2,3,4,2,Nationale,50.0,2
202400041369,2024-02-26,après-midi,,,75,75117,1,2,3,4,4,Voie communale,30.0,2
202400041370,2024-07-17,matin,,,23,23235,1,1,6,3,4,Voie communale,90.0,1
202400041371,2024-05-10,matin,,,28,28196,1,1,3,3,3,Départementale,90.0,1
202400041372,2024-04-05,soirée,,,974,97415,5,8,6,4,2,Nationale,80.0,2
202400041373,2024-07-18,nuit,,,56,56205,3,1,7,3,3,Départementale,80.0,1
202400041374,2024-02-26,matin,,,75,75116,1,2,2,4,4,Voie communale,50.0,2
202400041375,2024-05-12,après-midi,,,67,67063,1,1,2,4,3,Départementale,80.0,1
202400041376,2024-04-04,après-midi,,,971,97118,1,1,2,3,4,Voie communale,50.0,1
202400041377,2024-07-17,soirée,,,2A,2A130,1,1,1,4,3,Départementale,50.0,1
202400041378,2024-02-26,après-midi,,,75,75115,1,2,6,4,4,Voie communale,30.0,2
202400041379,2024-04-05,matin,,,77,77099,1,2,6,4,3,Départementale,50.0,2
202400041380,2024-07-17,après-midi,,,2A,2A271,1,1,1,3,2,Nationale,70.0,1
202400041381,2024-05-11,soirée,,,35,35085,1,1,3,4,3,Départementale,80.0,1
202400041382,2024-02-26,après-midi,,,75,75113,1,2,6,4,4,Voie communale,30.0,2
202400041383,2024-07-18,matin,,,82,82027,1,1,1,3,3,Départementale,80.0,1
202400041384,2024-04-05,matin,,,78,78305,2,1,6,2,4,Voie communale,50.0,1
202400041385,2024-05-11,après-midi,,,41,41201,1,1,1,3,4,Voie communale,30.0,1
202400041386,2024-02-26,matin,,,75,75101,1,2,6,4,4,Voie communale,30.0,2
202400041387,2024-07-19,nuit,,,65,65288,3,1,6,4,3,Départementale,90.0,1
202400041388,2024-03-22,matin,,,2B,2B313,1,1,6,4,6,Autre,50.0,1
202400041389,2024-05-11,nuit,,,89,89240,3,1,1,4,3,Départementale,90.0,1
202400041390,2024-04-05,soirée,,,30,30027,1,1,7,3,3,Départementale,70.0,1
202400041391,2024-05-11,après-midi,,,91,91573,1,1,6,3,4,Voie communale,,1
202400041392,2024-07-17,après-midi,,,33,33466,1,1,3,2,3,Départementale,50.0,1
202400041393,2024-02-25,matin,,,94,94081,1,2,3,4,3,Départementale,50.0,2
202400041394,2024-05-11,nuit,,,19,19123,3,1,6,3,3,Départementale,30.0,1
202400041395,2024-04-05,soirée,,,84,84117,1,1,3,3,3,Départementale,50.0,1
202400041396,2024-02-25,nuit,,,94,94081,5,1,6,4,3,Départementale,50.0,1
202400041397,2024-05-07,soirée,,,65,65055,1,2,6,4,3,Départementale,50.0,2
202400041398,2024-04-05,nuit,,,84,84036,5,1,6,4,4,Voie communale,30.0,1
202400041399,2024-05-12,après-midi,,,71,71146,1,1,7,3,4,Voie communale,50.0,1
202400041400,2024-02-26,après-midi,,,94,94074,1,2,6,4,4,Voie communale,50.0,2
202400041401,2024-05-05,matin,,,63,63223,2,1,6,4,3,Départementale,90.0,2
202400041402,2024-01-15,matin,,,83,83023,1,1,7,4,3,Départementale,,1
202400041403,2024-02-26,matin,,,94,94068,5,2,6,4,3,Départementale,30.0,2
202400041404,2024-07-19,matin,,,71,71305,1,1,2,3,3,Départementale,70.0,1
202400041405,2024-05-12,matin,,,63,63149,1,1,1,2,3,Départementale,90.0,1
202400041406,2024-02-25,matin,,,94,94068,2,8,6,4,3,Départementale,30.0,2
202400041407,2024-04-05,soirée,,,04,04143,1,1,2,4,3,Départementale,70.0,1
202400041408,2024-05-11,matin,,,76,76638,1,7,3,3,3,Départementale,80.0,1
202400041409,2024-02-26,soirée,,,94,94042,5,2,3,4,3,Départementale,50.0,2
202400041410,2024-05-11,soirée,,,55,55053,1,7,7,4,3,Départementale,90.0,1
202400041411,2024-03-20,matin,,,13,13003,2,1,3,3,4,Voie communale,50.0,1
202400041412,2024-02-23,après-midi,,,94,94065,1,2,2,4,2,Nationale,70.0,3
202400041413,2024-04-03,soirée,,,13,13030,1,1,1,4,3,Départementale,80.0,1
202400041414,2024-02-26,matin,,,94,94033,2,8,6,4,3,Départementale,,2
202400041415,2024-07-18,soirée,,,61,61040,1,1,3,2,3,Départementale,90.0,1
202400041416,2024-04-05,matin,,,54,54397,1,7,6,4,3,Départementale,50.0,1
202400041417,2024-02-26,après-midi,,,94,94069,2,2,6,4,3,Départementale,6.0,2
202400041418,2024-05-12,matin,,,12,12238,1,1,1,4,3,Départementale,70.0,2
202400041419,2024-04-05,après-midi,,,26,26072,1,1,6,3,4,Voie communale,30.0,1
202400041420,2024-05-10,après-midi,,,29,29220,1,1,7,3,3,Départementale,70.0,1
202400041421,2024-02-25,après-midi,,,94,94018,1,2,4,4,4,Voie communale,50.0,2
202400041422,2024-04-04,nuit,,,26,26074,3,1,6,4,3,Départementale,80.0,1
202400041423,2024-05-11,après-midi,,,29,29284,1,1,7,3,4,Voie communale,30.0,9
202400041424,2024-04-05,matin,,,01,01376,1,1,1,3,4,Voie communale,80.0,1
202400041425,2024-02-26,matin,,,93,93073,1,2,5,4,9,Autre,70.0,2
202400041426,2024-05-12,soirée,,,38,38495,1,1,1,2,3,Départementale,80.0,1
202400041427,2024-04-05,soirée,,,69,69278,5,1,1,4,4,Voie communale,30.0,1
202400041428,2024-05-11,nuit,,,02,02295,5,1,6,3,2,Nationale,50.0,1
202400041429,2024-02-26,après-midi,,,93,93066,1,2,2,4,4,Voie communale,50.0,2
202400041430,2024-07-18,soirée,,,55,55527,1,1,5,2,3,Départementale,80.0,1
202400041431,2024-04-04,après-midi,,,31,31135,1,1,3,3,3,Départementale,50.0,1
202400041432,2024-05-12,soirée,,,02,02128,1,2,6,3,3,Départementale,80.0,2
202400041433,2024-07-19,après-midi,,,49,49222,1,1,3,4,3,Départementale,80.0,1
202400041434,2024-03-26,après-midi,,,72,72264,1,3,6,4,4,Voie communale,50.0,2
202400041435,2024-05-11,après-midi,,,03,03118,1,7,1,4,3,Départementale,50.0,1
202400041436,2024-04-02,soirée,,,14,14762,1,2,6,3,4,Voie communale,30.0,2
202400041437,2024-07-18,après-midi,,,46,46028,1,7,3,4,3,Départementale,80.0,1
202400041438,2024-05-11,nuit,,,03,03161,3,1,1,4,3,Départementale,50.0,1
202400041439,2024-02-26,après-midi,,,93,93066,1,3,3,4,3,Départementale,50.0,2
202400041440,2024-04-03,après-midi,,,13,13106,1,1,4,4,1,Autoroute,90.0,1
202400041441,2024-07-17,matin,,,29,29137,1,1,3,3,4,Voie communale,50.0,1
202400041442,2024-05-11,matin,,,15,15027,1,1,7,3,3,Départementale,90.0,1
202400041443,2024-02-26,matin,,,93,93066,2,2,3,4,4,Voie communale,50.0,2
202400041444,2024-07-18,soirée,,,68,68380,1,1,3,4,4,Voie communale,60.0,1
202400041445,2024-05-11,soirée,,,01,01265,1,1,2,4,3,Départementale,50.0,1
202400041446,2024-04-03,après-midi,,,13,13071,1,1,2,4,1,Autoroute,90.0,1
202400041447,2024-02-25,soirée,,,93,93077,5,2,3,4,4,Voie communale,50.0,2
202400041448,2024-07-18,matin,,,25,25370,1,1,3,3,3,Départementale,90.0,1
202400041449,2024-05-12,après-midi,,,01,01040,1,7,3,4,3,Départementale,80.0,1
202400041450,2024-04-03,après-midi,,,83,83137,1,1,4,4,1,Autoroute,70.0,1
202400041451,2024-05-12,matin,,,26,26111,1,1,3,4,3,Départementale,80.0,1
202400041452,2024-02-26,après-midi,,,93,93063,1,2,6,4,4,Voie communale,,2
202400041453,2024-07-19,après-midi,,,29,29193,1,1,2,4,3,Départementale,50.0,1
202400041454,2024-02-25,nuit,,,93,93032,3,2,3,4,3,Départementale,50.0,2
202400041455,2024-07-18,soirée,,,15,15148,1,1,6,3,3,Départementale,90.0,1
202400041456,2024-04-02,soirée,,,83,83137,1,1,2,4,1,Autoroute,70.0,1
202400041457,2024-02-26,soirée,,,93,93010,5,2,6,4,3,Départementale,50.0,2
202400041458,2024-05-12,matin,,,58,58306,1,1,3,3,4,Voie communale,50.0,1
202400041459,2024-04-04,soirée,,,93,93005,1,1,7,4,1,Autoroute,70.0,1
202400041460,2024-02-26,matin,,,93,93005,1,2,2,4,3,Départementale,50.0,2
202400041461,2024-07-19,matin,,,70,70428,1,1,3,3,3,Départementale,50.0,1
202400041462,2024-04-04,après-midi,,,95,95488,1,1,2,3,1,Autoroute,110.0,1
202400041463,2024-05-11,nuit,,,50,50058,3,1,6,3,3,Départementale,80.0,1
202400041464,2024-02-26,après-midi,,,92,92035,1,2,3,4,3,Départementale,50.0,2
202400041465,2024-05-12,matin,,,50,50239,1,1,3,3,3,Départementale,80.0,1
202400041466,2024-04-03,après-midi,,,93,93027,1,1,4,4,1,Autoroute,90.0,1
202400041467,2024-07-19,matin,,,66,66161,1,1,3,4,3,Départementale,70.0,1
202400041468,2024-02-26,après-midi,,,92,92024,1,3,3,4,3,Départementale,30.0,2
202400041469,2024-04-03,matin,,,95,95277,3,3,6,4,1,Autoroute,70.0,3
202400041470,2024-05-11,après-midi,,,45,45095,1,7,3,3,3,Départementale,50.0,1
202400041471,2024-02-26,après-midi,,,92,92024,1,3,6,4,4,Voie communale,30.0,2
202400041472,2024-07-19,après-midi,,,05,05011,1,1,6,4,3,Départementale,90.0,1
202400041473,2024-04-02,soirée,,,95,95218,1,2,4,4,1,Autoroute,90.0,2
202400041474,2024-02-26,matin,,,92,92019,1,2,3,4,4,Voie communale,50.0,2
202400041475,2024-07-18,soirée,,,83,83082,1,1,6,3,3,Départementale,,1
202400041476,2024-05-10,après-midi,,,73,73204,1,1,2,4,3,Départementale,50.0,1
202400041477,2024-04-02,matin,,,95,95678,1,1,2,4,2,Nationale,110.0,1
202400041478,2024-07-19,après-midi,,,73,73010,1,1,6,2,3,Départementale,50.0,1
202400041479,2024-02-27,après-midi,,,974,97415,1,1,3,3,3,Départementale,50.0,1
202400041480,2024-05-11,après-midi,,,40,40094,1,1,3,4,3,Départementale,50.0,1
202400041481,2024-04-03,matin,,,94,94052,1,3,3,4,1,Autoroute,90.0,2
202400041482,2024-02-26,matin,,,43,43080,1,1,3,3,3,Départementale,50.0,1
202400041483,2024-05-12,matin,,,24,24094,1,2,6,3,2,Nationale,80.0,2
202400041484,2024-07-17,après-midi,,,36,36018,1,1,3,4,4,Voie communale,30.0,1
202400041485,2024-05-09,matin,,,85,85127,1,1,6,3,4,Voie communale,50.0,1
202400041486,2024-02-27,matin,,,974,97422,1,1,6,2,4,Voie communale,50.0,2
202400041487,2024-04-03,soirée,,,988,98818,5,1,6,3,3,Départementale,70.0,1
202400041488,2024-05-10,soirée,,,85,85128,1,7,1,4,4,Voie communale,50.0,1
202400041489,2024-03-28,après-midi,,,974,97411,1,1,3,4,2,Nationale,50.0,1
202400041490,2024-07-19,après-midi,,,07,07330,1,1,3,3,3,Départementale,50.0,1
202400041491,2024-02-26,soirée,,,21,21501,3,1,4,3,1,Autoroute,130.0,2
202400041492,2024-04-03,soirée,,,973,97302,1,1,1,4,4,Voie communale,50.0,1
202400041493,2024-07-18,nuit,,,53,53163,3,1,7,3,3,Départementale,50.0,1
202400041494,2024-05-12,matin,,,27,27074,1,1,5,4,3,Départementale,80.0,1
202400041495,2024-02-27,matin,,,62,62261,1,1,6,3,4,Voie communale,50.0,1
202400041496,2024-04-03,matin,,,973,97302,1,1,2,4,3,Départementale,50.0,2
202400041497,2024-05-10,soirée,,,28,28227,1,1,6,4,3,Départementale,80.0,1
202400041498,2024-07-18,après-midi,,,24,24218,1,1,1,3,3,Départementale,80.0,1
202400041499,2024-02-26,après-midi,,,30,30334,1,1,7,4,6,Autre,30.0,1
202400041500,2024-04-02,après-midi,,,973,97302,1,1,3,4,4,Voie communale,50.0,1
202400041501,2024-05-12,matin,,,87,87116,1,2,3,3,2,Nationale,80.0,2
202400041502,2024-07-18,après-midi,,,04,04055,1,1,3,4,2,Nationale,80.0,1
202400041503,2024-04-03,matin,,,971,97105,1,7,6,4,3,Départementale,50.0,1
202400041504,2024-05-12,matin,,,37,37134,1,2,7,2,4,Voie communale,80.0,2
202400041505,2024-05-11,soirée,,,88,88128,1,1,6,4,4,Voie communale,50.0,9
202400041506,2024-08-24,soirée,,,77,77284,1,2,1,4,3,Départementale,50.0,2
202400041507,2024-07-18,nuit,,,85,85234,3,1,1,3,3,Départementale,50.0,1
202400041508,2024-02-25,matin,,,91,91225,2,2,2,4,2,Nationale,90.0,2
202400041509,2024-04-03,après-midi,,,84,84080,1,1,3,3,4,Voie communale,50.0,1
202400041510,2024-05-12,nuit,,,88,88124,4,1,1,2,3,Départementale,50.0,1
202400041511,2024-08-24,matin,,,71,71105,1,1,6,4,3,Départementale,50.0,1
202400041512,2024-02-23,après-midi,,,51,51152,1,2,6,2,9,Autre,50.0,2
202400041513,2024-07-19,matin,,,17,17396,1,1,1,4,3,Départementale,80.0,1
202400041514,2024-02-27,nuit,,,51,51231,3,2,6,2,3,Départementale,90.0,2
202400041515,2024-07-19,matin,,,23,23013,1,1,6,3,3,Départementale,90.0,9
202400041516,2024-05-11,soirée,,,01,01265,3,1,6,4,1,Autoroute,90.0,1
202400041517,2024-07-18,après-midi,,,48,48094,1,1,7,3,3,Départementale,90.0,1
202400041518,2024-02-26,après-midi,,,56,56177,1,1,3,4,3,Départementale,50.0,2
202400041519,2024-05-10,matin,,,78,78455,1,1,6,3,9,Autre,20.0,1
202400041520,2024-08-24,nuit,,,67,67447,5,1,3,4,4,Voie communale,50.0,1
202400041521,2024-07-17,matin,,,48,48193,1,1,7,4,3,Départementale,80.0,1
202400041522,2024-02-27,matin,,,76,76560,1,1,7,3,4,Voie communale,5.0,9
202400041523,2024-07-18,après-midi,,,48,48043,1,1,6,3,2,Nationale,80.0,1
202400041524,2024-05-11,après-midi,,,63,63236,1,1,6,4,3,Départementale,90.0,1
202400041525,2024-02-27,soirée,,,63,63430,5,2,1,3,4,Voie communale,50.0,2
202400041526,2024-08-24,nuit,,,64,64445,5,1,6,4,4,Voie communale,50.0,1
202400041527,2024-04-03,nuit,,,74,74118,3,1,6,4,3,Départementale,50.0,1
202400041528,2024-02-27,après-midi,,,61,61007,1,1,6,3,3,Départementale,80.0,1
202400041529,2024-07-19,après-midi,,,88,88165,1,7,3,4,3,Départementale,50.0,1
202400041530,2024-05-10,après-midi,,,13,13067,1,1,4,4,1,Autoroute,130.0,1
202400041531,2024-02-23,soirée,,,49,49178,3,2,6,3,3,Départementale,80.0,2
202400041532,2024-07-19,après-midi,,,24,24331,1,1,6,3,3,Départementale,80.0,1
202400041533,2024-05-10,soirée,,,66,66008,1,1,3,4,3,Départementale,50.0,1
202400041534,2024-08-24,nuit,,,63,63300,3,1,6,4,3,Départementale,90.0,1
202400041535,2024-02-05,nuit,,,978,97801,3,1,7,3,2,Nationale,90.0,1
202400041536,2024-02-26,après-midi,,,46,46090,1,2,3,4,3,Départementale,80.0,2
202400041537,2024-05-11,soirée,,,84,84034,3,1,6,2,3,Départementale,80.0,1
202400041538,2024-05-11,après-midi,,,68,68294,1,1,6,3,3,Départementale,50.0,1
202400041539,2024-04-02,matin,,,71,71076,1,1,3,4,4,Voie communale,50.0,1
202400041540,2024-07-19,après-midi,,,77,77360,1,1,1,4,3,Départementale,80.0,1
202400041541,2024-02-26,après-midi,,,86,86139,1,2,5,4,3,Départementale,90.0,2
202400041542,2024-05-10,soirée,,,67,67400,1,1,7,3,3,Départementale,80.0,1
202400041543,2024-08-22,après-midi,,,63,63300,1,1,6,3,6,Autre,30.0,1
202400041544,2024-05-10,après-midi,,,88,88324,1,1,7,3,4,Voie communale,50.0,1
202400041545,2024-07-18,nuit,,,69,69086,3,1,6,3,1,Autoroute,90.0,1
202400041546,2024-02-27,matin,,,35,35299,1,1,3,2,3,Départementale,80.0,1
202400041547,2024-05-12,après-midi,,,55,55553,1,1,7,4,3,Départementale,90.0,1
202400041548,2024-02-26,soirée,,,29,29163,4,1,6,3,3,Départementale,50.0,1
202400041549,2024-04-03,matin,,,69,69256,1,3,1,4,4,Voie communale,50.0,2
202400041550,2024-02-27,nuit,,,29,29123,3,1,6,3,2,Nationale,110.0,1
202400041551,2024-05-11,matin,,,63,63247,1,1,2,3,3,Départementale,90.0,1
202400041552,2024-07-18,matin,,,987,98747,1,1,2,4,2,Nationale,30.0,1
202400041553,2024-08-24,après-midi,,,63,63308,1,1,3,4,7,Autre,30.0,1
202400041554,2024-02-27,soirée,,,72,72375,3,1,7,3,3,Départementale,90.0,1
202400041555,2024-04-03,nuit,,,69,69259,5,1,1,4,7,Autre,50.0,1
202400041556,2024-08-24,matin,,,63,63113,1,1,6,4,4,Voie communale,30.0,1
202400041557,2024-04-02,nuit,,,69,69259,5,1,6,4,7,Autre,50.0,1
202400041558,2024-08-24,nuit,,,62,62126,3,2,7,3,3,Départementale,50.0,2
202400041559,2024-02-27,matin,,,50,50181,2,7,2,4,3,Départementale,80.0,1
202400041560,2024-04-03,nuit,,,64,64024,5,1,7,4,4,Voie communale,50.0,2
202400041561,2024-05-12,après-midi,,,42,42065,1,1,2,4,3,Départementale,80.0,1
202400041562,2024-07-02,soirée,,,988,98831,3,1,7,3,4,Voie communale,,1
202400041563,2024-08-24,nuit,,,59,59512,2,1,3,4,4,Voie communale,50.0,1
202400041564,2024-02-27,après-midi,,,64,64096,1,2,3,2,3,Départementale,80.0,2
202400041565,2024-03-02,soirée,,,62,62217,3,3,6,3,3,Départementale,80.0,2
202400041566,2024-05-10,après-midi,,,26,26064,1,1,1,4,3,Départementale,80.0,1
202400041567,2024-02-27,nuit,,,10,10358,5,1,1,4,4,Voie communale,50.0,1
202400041568,2024-08-23,après-midi,,,59,59041,1,1,2,4,4,Voie communale,50.0,2
202400041569,2024-05-12,après-midi,,,50,50041,1,1,6,3,3,Départementale,50.0,1
202400041570,2024-04-03,matin,,,56,56260,1,1,6,4,4,Voie communale,50.0,1
202400041571,2024-04-28,après-midi,,,22,22389,1,2,3,3,3,Départementale,80.0,2
202400041572,2024-02-27,après-midi,,,07,07010,1,8,7,4,3,Départementale,50.0,2
202400041573,2024-07-18,nuit,,,13,13104,3,1,3,4,3,Départementale,30.0,1
202400041574,2024-05-11,soirée,,,76,76250,1,1,3,3,3,Départementale,,1
202400041575,2024-04-02,soirée,,,56,56121,1,2,4,4,3,Départementale,70.0,2
202400041576,2024-07-16,matin,,,91,91179,1,1,3,4,4,Voie communale,,1
202400041577,2024-02-26,soirée,,,85,85146,3,3,1,3,3,Départementale,80.0,2
202400041578,2024-08-24,matin,,,59,59350,1,1,3,3,7,Autre,50.0,1
202400041579,2024-02-27,matin,,,03,03256,1,8,6,3,1,Autoroute,130.0,2
202400041580,2024-05-10,après-midi,,,80,80212,1,1,3,3,4,Voie communale,50.0,1
202400041581,2024-07-19,après-midi,,,30,30080,1,1,1,4,3,Départementale,80.0,1
202400041582,2024-04-02,après-midi,,,54,54395,1,1,6,4,4,Voie communale,30.0,1
202400041583,2024-05-09,après-midi,,,59,59212,1,1,2,4,4,Voie communale,50.0,1
202400041584,2024-08-24,après-midi,,,54,54395,1,1,3,4,4,Voie communale,50.0,1