Num_Acc,date,time_of_day,lat,long,dep,com,lum,atm,col,severity_index,catr,catr_label,vma,surf
202400041585,2024-07-19,matin,,,84,84105,1,1,1,4,3,Départementale,80.0,1
202400041586,2024-05-10,soirée,,,13,13070,1,1,2,4,1,Autoroute,90.0,1
202400041587,2024-04-02,matin,,,54,54395,1,1,3,4,4,Voie communale,30.0,1
202400041588,2024-07-19,soirée,,,83,83064,1,1,1,4,3,Départementale,90.0,1
202400041589,2024-05-10,soirée,,,13,13211,1,1,2,4,1,Autoroute,50.0,1
202400041590,2024-08-24,après-midi,,,51,51454,1,1,3,4,4,Voie communale,50.0,1
202400041591,2024-03-29,matin,,,49,49007,1,1,2,4,4,Voie communale,50.0,1
202400041592,2024-07-18,après-midi,,,13,13082,1,1,7,4,3,Départementale,90.0,1
202400041593,2024-08-24,après-midi,,,50,50218,1,3,7,4,3,Départementale,50.0,2
202400041594,2024-04-03,après-midi,,,43,43157,1,1,1,4,4,Voie communale,50.0,1
202400041595,2024-05-11,nuit,,,33,33090,3,1,4,4,1,Autoroute,70.0,1
202400041596,2024-07-18,après-midi,,,70,70046,1,1,5,3,3,Départementale,,1
202400041597,2024-08-23,soirée,,,42,42305,3,1,6,4,4,Voie communale,50.0,1
202400041598,2024-05-11,soirée,,,75,75113,1,1,6,4,1,Autoroute,50.0,1
202400041599,2024-07-19,nuit,,,63,63417,3,1,7,4,3,Départementale,90.0,1
202400041600,2024-02-23,matin,,,55,55097,1,1,3,4,3,Départementale,50.0,1
202400041601,2024-02-27,matin,,,51,51278,1,2,6,4,1,Autoroute,50.0,2
202400041602,2024-07-18,après-midi,,,73,73051,1,1,6,2,3,Départementale,80.0,1
202400041603,2024-05-11,matin,,,91,91692,1,1,7,4,1,Autoroute,90.0,1
202400041604,2024-04-02,après-midi,,,38,38185,1,1,6,4,4,Voie communale,50.0,1
202400041605,2024-05-11,matin,,,91,91377,1,1,3,4,2,Nationale,70.0,1
202400041606,2024-07-14,matin,,,42,42168,1,1,3,3,3,Départementale,50.0,1
202400041607,2024-02-26,après-midi,,,73,73257,2,1,3,4,3,Départementale,50.0,1
202400041608,2024-04-03,soirée,,,34,34172,1,1,2,4,4,Voie communale,50.0,1
202400041609,2024-05-11,après-midi,,,92,92048,1,1,2,4,2,Nationale,90.0,1
202400041610,2024-02-26,soirée,,,33,33199,5,1,3,4,3,Départementale,50.0,1
202400041611,2024-07-19,après-midi,,,07,07297,1,1,1,3,3,Départementale,90.0,1
202400041612,2024-05-11,soirée,,,93,93006,1,1,3,4,1,Autoroute,90.0,1
202400041613,2024-03-29,après-midi,,,29,29232,1,1,6,4,4,Voie communale,50.0,1
202400041614,2024-02-26,soirée,,,77,77437,5,2,6,4,2,Nationale,50.0,2
202400041615,2024-02-23,après-midi,,,77,77273,1,2,6,4,3,Départementale,80.0,2
202400041616,2024-07-13,après-midi,,,07,07322,1,1,1,4,2,Nationale,50.0,1
202400041617,2024-08-24,matin,,,31,31555,1,1,3,4,7,Autre,50.0,1
202400041618,2024-05-11,nuit,,,93,93006,5,1,5,4,1,Autoroute,90.0,1
202400041619,2024-08-24,matin,,,31,31555,1,1,6,2,6,Autre,30.0,1
202400041620,2024-07-18,nuit,,,69,69197,3,1,1,3,3,Départementale,,1
202400041621,2024-05-11,après-midi,,,94,94018,1,1,2,4,1,Autoroute,90.0,1
202400041622,2024-02-27,après-midi,,,2B,2B350,1,2,1,4,2,Nationale,80.0,8
202400041623,2024-04-03,soirée,,,27,27681,1,1,2,4,3,Départementale,50.0,1
202400041624,2024-07-18,après-midi,,,69,69116,1,7,7,3,7,Autre,50.0,1
202400041625,2024-02-26,matin,,,42,42165,1,8,1,4,4,Voie communale,80.0,1
202400041626,2024-08-24,matin,,,17,17415,1,1,2,4,2,Nationale,90.0,1
202400041627,2024-05-11,après-midi,,,77,77249,1,1,4,4,2,Nationale,90.0,1
202400041628,2024-04-02,matin,,,21,21231,1,1,6,3,4,Voie communale,50.0,1
202400041629,2024-06-10,après-midi,,,09,09160,1,1,6,3,6,Autre,50.0,1
202400041630,2024-02-22,après-midi,,,81,81150,1,1,3,4,3,Départementale,80.0,1
202400041631,2024-05-11,après-midi,,,94,94033,1,1,4,4,1,Autoroute,90.0,1
202400041632,2024-08-24,matin,,,17,17333,1,1,6,4,4,Voie communale,30.0,1
202400041633,2024-07-18,après-midi,,,31,31187,1,1,6,3,4,Voie communale,50.0,1
202400041634,2024-04-02,après-midi,,,18,18279,1,1,3,4,4,Voie communale,50.0,1
202400041635,2024-02-26,après-midi,,,85,85151,1,2,4,3,3,Départementale,50.0,2
202400041636,2024-05-08,soirée,,,987,98736,3,1,6,4,4,Voie communale,20.0,1
202400041637,2024-02-24,nuit,,,72,72016,3,2,7,4,3,Départementale,90.0,2
202400041638,2024-08-23,après-midi,,,14,14220,1,2,7,4,3,Départementale,50.0,2
202400041639,2024-07-19,matin,,,64,64315,1,1,1,3,3,Départementale,70.0,1
202400041640,2024-04-02,après-midi,,,18,18279,1,1,3,4,3,Départementale,50.0,1
202400041641,2024-05-10,matin,,,974,97411,1,1,6,4,4,Voie communale,30.0,1
202400041642,2024-08-24,nuit,,,14,14117,5,1,6,4,4,Voie communale,30.0,1
202400041643,2024-04-13,soirée,,,974,97411,5,1,6,3,3,Départementale,50.0,1
202400041644,2024-07-19,nuit,,,33,33279,3,1,6,3,4,Voie communale,80.0,1
202400041645,2024-02-27,après-midi,,,59,59419,1,1,3,4,3,Départementale,80.0,1
202400041646,2024-05-10,après-midi,,,974,97407,1,1,6,4,2,Nationale,20.0,1
202400041647,2024-04-02,matin,,,14,14574,1,1,3,4,3,Départementale,80.0,1
202400041648,2024-07-16,après-midi,,,72,72154,1,1,3,3,4,Voie communale,50.0,1
202400041649,2024-08-24,matin,,,13,13202,1,1,3,4,4,Voie communale,50.0,1
202400041650,2024-02-26,nuit,,,13,13214,5,2,2,4,1,Autoroute,70.0,2
202400041651,2024-05-10,matin,,,974,97407,2,1,3,4,2,Nationale,110.0,1
202400041652,2024-04-02,soirée,,,07,07281,1,1,7,3,4,Voie communale,50.0,1
202400041653,2024-02-26,après-midi,,,91,91161,1,2,2,4,1,Autoroute,110.0,2
202400041654,2024-07-19,matin,,,50,50444,1,1,3,2,3,Départementale,80.0,1
202400041655,2024-05-09,nuit,,,973,97302,5,2,6,4,3,Départementale,50.0,2
202400041656,2024-02-26,matin,,,92,92050,1,2,3,4,1,Autoroute,90.0,2
202400041657,2024-07-19,soirée,,,22,22214,1,1,7,4,4,Voie communale,80.0,1
202400041658,2024-08-24,matin,,,13,13005,1,1,5,4,4,Voie communale,50.0,1
202400041659,2024-02-25,après-midi,,,95,95212,1,1,4,4,1,Autoroute,70.0,1
202400041660,2024-07-18,soirée,,,27,27568,1,1,7,3,3,Départementale,50.0,1
202400041661,2024-02-25,matin,,,95,95212,1,8,7,4,4,Voie communale,70.0,2
202400041662,2024-02-24,soirée,,,94,94015,3,2,2,4,1,Autoroute,110.0,2
202400041663,2024-07-18,après-midi,,,80,80156,1,7,3,4,3,Départementale,,1
202400041664,2024-07-17,nuit,,,13,13211,3,1,2,4,1,Autoroute,90.0,1
202400041665,2024-02-24,nuit,,,94,94017,3,2,2,4,1,Autoroute,50.0,2
202400041666,2024-08-21,après-midi,,,12,12176,1,1,5,4,3,Départementale,80.0,1
202400041667,2024-02-25,matin,,,75,75118,2,1,6,4,4,Voie communale,70.0,1
202400041668,2024-07-09,après-midi,,,54,54123,1,1,4,4,1,Autoroute,90.0,1
202400041669,2024-02-25,matin,,,75,75117,5,1,2,4,4,Voie communale,70.0,1
202400041670,2024-02-25,nuit,,,75,75116,5,2,7,4,4,Voie communale,70.0,2
202400041671,2024-07-18,matin,,,33,33119,1,1,2,4,2,Nationale,,1
202400041672,2024-02-25,soirée,,,75,75116,5,2,6,4,4,Voie communale,30.0,2
202400041673,2024-02-25,après-midi,,,75,75116,1,3,3,4,4,Voie communale,30.0,2
202400041674,2024-07-14,nuit,,,62,62186,2,1,2,4,1,Autoroute,110.0,1
202400041675,2024-08-23,après-midi,,,10,10357,1,1,4,4,4,Voie communale,50.0,1
202400041676,2024-02-24,soirée,,,75,75115,5,8,7,4,4,Voie communale,30.0,2
202400041677,2024-07-18,soirée,,,91,91340,1,1,4,4,2,Nationale,90.0,1
202400041678,2024-08-24,nuit,,,07,07102,5,1,7,4,6,Autre,50.0,1
202400041679,2024-02-25,nuit,,,75,75113,5,1,5,4,4,Voie communale,30.0,1
202400041680,2024-07-18,matin,,,91,91174,1,1,3,4,2,Nationale,90.0,1
202400041681,2024-02-25,après-midi,,,75,75111,1,8,3,4,4,Voie communale,30.0,2
202400041682,2024-07-17,matin,,,75,75114,1,1,7,4,1,Autoroute,50.0,1
202400041683,2024-02-25,après-midi,,,75,75108,1,2,1,4,4,Voie communale,30.0,2
202400041684,2024-08-24,soirée,,,01,01053,1,1,2,4,3,Départementale,50.0,1
202400041685,2024-07-18,matin,,,93,93007,1,1,4,4,1,Autoroute,110.0,1
202400041686,2024-02-25,après-midi,,,93,93077,1,2,3,4,4,Voie communale,30.0,2
202400041687,2024-02-25,soirée,,,93,93055,5,2,6,4,4,Voie communale,,2
202400041688,2024-07-17,après-midi,,,93,93066,1,1,2,4,1,Autoroute,90.0,1
202400041689,2024-08-23,soirée,,,75,75118,1,1,4,4,4,Voie communale,70.0,1
202400041690,2024-02-25,nuit,,,93,93008,5,3,7,4,3,Départementale,50.0,2
202400041691,2024-07-17,après-midi,,,77,77121,1,1,4,4,1,Autoroute,110.0,1
202400041692,2024-04-27,matin,,,29,29232,1,1,6,4,4,Voie communale,50.0,1
202400041693,2024-07-09,après-midi,,,44,44009,1,8,6,4,2,Nationale,70.0,1
202400041694,2024-07-09,matin,,,44,44162,1,1,3,4,4,Voie communale,50.0,1
202400041695,2024-07-09,nuit,,,44,44109,5,8,6,4,4,Voie communale,50.0,1
202400041696,2024-02-25,après-midi,,,92,92046,1,2,3,4,3,Départementale,30.0,2
202400041697,2024-02-25,après-midi,,,92,92077,1,2,3,4,3,Départementale,50.0,2
202400041698,2024-08-24,après-midi,,,75,75120,1,1,2,4,4,Voie communale,30.0,1
202400041699,2024-05-04,matin,,,74,74123,1,1,2,4,4,Voie communale,70.0,1
202400041700,2024-02-25,après-midi,,,92,92063,2,2,3,4,3,Départementale,50.0,2
202400041701,2024-04-30,nuit,,,74,74116,3,1,7,4,3,Départementale,80.0,1
202400041702,2024-02-25,après-midi,,,92,92048,1,3,3,4,4,Voie communale,50.0,2
202400041703,2024-06-26,après-midi,,,44,44190,1,1,6,4,4,Voie communale,30.0,1
202400041704,2024-02-25,après-midi,,,92,92004,1,2,6,4,3,Départementale,30.0,2
202400041705,2024-08-24,après-midi,,,75,75116,1,1,3,4,4,Voie communale,50.0,1
202400041706,2024-02-25,après-midi,,,76,76279,1,3,3,4,3,Départementale,70.0,2
202400041707,2024-05-10,matin,,,74,74224,1,1,3,3,4,Voie communale,,1
202400041708,2024-08-23,nuit,,,75,75115,5,1,1,4,4,Voie communale,30.0,1
202400041709,2024-02-24,après-midi,,,14,14710,1,1,3,4,3,Départementale,80.0,2
202400041710,2024-05-01,après-midi,,,74,74267,1,1,5,4,3,Départementale,80.0,1
202400041711,2024-08-23,soirée,,,75,75115,1,1,6,4,4,Voie communale,30.0,1
202400041712,2024-02-14,après-midi,,,86,86221,1,2,2,4,3,Départementale,50.0,2
202400041713,2024-05-01,après-midi,,,74,74148,1,1,6,3,3,Départementale,80.0,1
202400041714,2024-02-25,nuit,,,67,67133,3,2,6,2,3,Départementale,,2
202400041715,2024-02-25,après-midi,,,973,97362,1,1,7,3,4,Voie communale,50.0,9
202400041716,2024-04-23,matin,,,74,74010,1,1,2,3,1,Autoroute,110.0,1
202400041717,2024-02-23,matin,,,68,68315,1,1,3,4,3,Départementale,50.0,1
202400041718,2024-04-21,après-midi,,,45,45155,1,1,3,3,4,Voie communale,50.0,1
202400041719,2024-02-24,après-midi,,,22,22305,1,2,1,3,3,Départementale,80.0,2
202400041720,2024-02-23,après-midi,,,59,59037,1,7,6,3,3,Départementale,10.0,2
202400041721,2024-08-24,après-midi,,,75,75112,1,2,4,4,4,Voie communale,50.0,2
202400041722,2024-03-22,matin,,,01,01160,1,7,3,3,4,Voie communale,50.0,1
202400041723,2024-02-26,nuit,,,67,67311,3,2,7,4,3,Départementale,80.0,2
202400041724,2024-02-24,après-midi,,,2B,2B150,1,3,6,3,2,Nationale,70.0,2
202400041725,2024-02-25,après-midi,,,81,81070,1,8,7,3,3,Départementale,50.0,1
202400041726,2024-07-16,après-midi,,,987,98736,1,1,1,4,4,Voie communale,50.0,1
202400041727,2024-08-24,matin,,,75,75111,1,1,3,4,4,Voie communale,30.0,1
202400041728,2024-02-26,soirée,,,71,71261,2,2,6,4,3,Départementale,80.0,2
202400041729,2024-07-16,après-midi,,,987,98735,1,1,7,2,3,Départementale,50.0,1
202400041730,2024-02-26,après-midi,,,71,71149,1,1,1,4,3,Départementale,50.0,1
202400041731,2024-07-17,après-midi,,,973,97302,1,1,3,4,4,Voie communale,50.0,1
202400041732,2024-08-24,matin,,,75,75109,1,1,6,4,4,Voie communale,30.0,1
202400041733,2024-07-17,nuit,,,973,97309,3,1,1,4,4,Voie communale,50.0,1
202400041734,2024-02-26,après-midi,,,71,71550,1,1,3,4,4,Voie communale,50.0,1
202400041735,2024-07-17,nuit,,,971,97113,5,1,6,4,2,Nationale,50.0,1
202400041736,2024-02-19,matin,,,41,41080,1,8,3,4,3,Départementale,70.0,2
202400041737,2024-07-17,matin,,,2A,2A004,1,1,2,4,4,Voie communale,50.0,1
202400041738,2024-08-24,nuit,,,75,75109,5,1,6,4,4,Voie communale,30.0,1
202400041739,2024-02-11,soirée,,,44,44185,2,1,6,4,4,Voie communale,80.0,1
202400041740,2024-02-24,nuit,,,31,31341,3,2,6,3,3,Départementale,80.0,2
202400041741,2024-08-24,soirée,,,94,94073,1,1,3,4,4,Voie communale,50.0,1
202400041742,2024-07-17,nuit,,,95,95018,4,1,3,3,3,Départementale,50.0,1
202400041743,2024-02-26,après-midi,,,26,26234,1,1,2,2,3,Départementale,80.0,1
202400041744,2024-08-24,après-midi,,,94,94022,1,1,6,4,4,Voie communale,50.0,1
202400041745,2024-07-18,nuit,,,91,91027,5,1,7,3,3,Départementale,50.0,1
202400041746,2024-07-17,après-midi,,,91,91027,1,1,1,3,3,Départementale,50.0,1
202400041747,2024-08-24,après-midi,,,93,93066,1,1,4,3,3,Départementale,50.0,1
202400041748,2024-07-17,après-midi,,,91,91228,1,1,3,4,4,Voie communale,30.0,1
202400041749,2024-08-23,nuit,,,93,93077,5,1,6,4,4,Voie communale,50.0,1
202400041750,2024-07-16,après-midi,,,86,86194,1,1,3,4,3,Départementale,50.0,1
202400041751,2024-05-17,après-midi,,,84,84031,1,1,6,4,4,Voie communale,50.0,1
202400041752,2024-08-24,nuit,,,93,93057,5,1,1,4,3,Départementale,50.0,1
202400041753,2024-07-17,après-midi,,,84,84007,1,1,1,4,4,Voie communale,50.0,1
202400041754,2024-08-24,après-midi,,,92,92050,1,1,6,4,3,Départementale,50.0,1
202400041755,2024-07-17,soirée,,,83,83137,1,1,3,3,3,Départementale,50.0,1
202400041756,2024-08-24,après-midi,,,92,92007,1,1,3,4,3,Départementale,50.0,1
202400041757,2024-07-17,matin,,,83,83062,1,1,6,4,4,Voie communale,30.0,1
202400041758,2024-07-16,nuit,,,83,83144,5,1,6,3,3,Départementale,50.0,1
202400041759,2024-08-24,après-midi,,,92,92014,1,1,7,4,3,Départementale,50.0,1
202400041760,2024-07-14,après-midi,,,83,83034,1,1,6,4,3,Départementale,50.0,1
202400041761,2024-08-24,matin,,,974,97415,1,1,3,3,2,Nationale,50.0,1
202400041762,2024-07-16,nuit,,,77,77373,3,1,7,3,6,Autre,30.0,1
202400041763,2024-07-15,après-midi,,,76,76351,1,1,1,3,4,Voie communale,50.0,1
202400041764,2024-07-17,matin,,,72,72181,1,1,6,4,4,Voie communale,30.0,1
202400041765,2024-08-24,après-midi,,,68,68097,1,1,3,4,3,Départementale,80.0,1
202400041766,2024-07-17,soirée,,,68,68066,1,1,6,3,4,Voie communale,10.0,1
202400041767,2024-08-24,nuit,,,28,28088,5,6,6,3,4,Voie communale,50.0,1
202400041768,2024-08-24,nuit,,,85,85245,3,1,6,3,3,Départementale,80.0,1
202400041769,2024-07-17,matin,,,66,66136,1,1,2,4,3,Départementale,110.0,1
202400041770,2024-08-25,après-midi,,,23,23245,1,1,6,2,2,Nationale,110.0,1
202400041771,2024-07-17,soirée,,,64,64260,1,1,6,3,4,Voie communale,50.0,1
202400041772,2024-07-17,soirée,,,64,64041,1,1,3,4,4,Voie communale,30.0,1
202400041773,2024-08-24,après-midi,,,01,01322,1,1,3,4,3,Départementale,80.0,1
202400041774,2024-07-16,matin,,,64,64024,1,1,2,4,4,Voie communale,50.0,1
202400041775,2024-07-17,matin,,,63,63113,1,1,3,4,4,Voie communale,30.0,1
202400041776,2024-08-25,matin,,,12,12131,3,1,3,4,3,Départementale,90.0,2
202400041777,2024-07-14,nuit,,,62,62133,4,1,6,4,4,Voie communale,50.0,1
202400041778,2024-07-17,soirée,,,59,59350,1,1,1,3,4,Voie communale,50.0,1
202400041779,2024-08-25,après-midi,,,01,01173,1,8,1,3,3,Départementale,80.0,1
202400041780,2024-07-12,après-midi,,,59,59637,1,1,6,3,4,Voie communale,50.0,1
202400041781,2024-08-24,après-midi,,,34,34014,1,1,1,4,3,Départementale,90.0,1
202400041782,2024-07-17,après-midi,,,54,54099,1,1,6,4,3,Départementale,50.0,1
202400041783,2024-08-25,matin,,,30,30047,1,1,7,4,4,Voie communale,50.0,1
202400041784,2024-08-25,après-midi,,,51,51128,1,1,6,3,4,Voie communale,80.0,1
202400041785,2024-07-16,soirée,,,51,51454,1,1,3,4,4,Voie communale,50.0,1
202400041786,2024-06-16,soirée,,,83,83107,1,1,6,3,3,Départementale,50.0,1
202400041787,2024-02-02,soirée,,,2A,2A017,3,1,3,4,3,Départementale,,1
202400041788,2024-06-15,nuit,,,08,08237,3,1,6,3,3,Départementale,80.0,1
202400041789,2024-06-15,après-midi,,,68,68063,1,1,3,4,4,Voie communale,,1
202400041790,2024-08-25,après-midi,,,80,80714,1,1,1,3,3,Départementale,50.0,1
202400041791,2024-07-16,soirée,,,51,51454,1,1,4,4,4,Voie communale,50.0,1
202400041792,2024-08-24,soirée,,,81,81220,1,2,3,4,3,Départementale,50.0,2
202400041793,2024-06-16,après-midi,,,68,68269,1,1,1,4,3,Départementale,80.0,1
202400041794,2024-06-13,après-midi,,,73,73099,1,1,3,3,3,Départementale,70.0,1
202400041795,2024-07-17,nuit,,,47,47031,3,1,2,4,3,Départementale,50.0,1
202400041796,2024-06-14,après-midi,,,38,38455,1,1,6,3,4,Voie communale,50.0,1
202400041797,2024-08-24,nuit,,,89,89382,3,1,5,4,3,Départementale,50.0,1
202400041798,2024-07-15,après-midi,,,38,38151,1,1,3,3,1,Autoroute,70.0,1
202400041799,2024-06-17,après-midi,,,38,38205,1,1,3,4,3,Départementale,50.0,1
202400041800,2024-08-23,nuit,,,63,63380,3,1,1,4,3,Départementale,80.0,1
202400041801,2024-07-17,matin,,,34,34172,1,1,6,4,4,Voie communale,50.0,1
202400041802,2024-06-16,soirée,,,26,26347,1,1,1,3,4,Voie communale,50.0,1
202400041803,2024-07-14,nuit,,,27,27229,4,1,6,4,4,Voie communale,50.0,1
202400041804,2024-06-17,après-midi,,,26,26074,1,1,7,3,3,Départementale,80.0,1
202400041805,2024-07-17,après-midi,,,25,25056,1,1,6,4,3,Départementale,50.0,1
202400041806,2024-06-13,matin,,,07,07042,1,1,3,3,3,Départementale,70.0,1
202400041807,2024-08-25,matin,,,49,49364,3,1,4,4,3,Départementale,90.0,1
202400041808,2024-07-17,nuit,,,17,17300,5,1,2,4,4,Voie communale,30.0,1
202400041809,2024-06-16,nuit,,,65,65059,5,1,6,3,4,Voie communale,50.0,1
202400041810,2024-06-16,nuit,,,65,65059,3,1,6,4,3,Départementale,50.0,1
202400041811,2024-08-25,matin,,,49,49180,1,1,1,4,3,Départementale,80.0,1
202400041812,2024-06-05,soirée,,,31,31395,1,1,6,3,4,Voie communale,50.0,1
202400041813,2024-07-17,nuit,,,13,13211,5,1,1,4,4,Voie communale,50.0,1
202400041814,2024-08-24,soirée,,,47,47086,1,1,6,4,3,Départementale,80.0,1
202400041815,2024-06-17,matin,,,64,64304,1,1,1,3,3,Départementale,70.0,1
202400041816,2024-07-17,soirée,,,11,11262,1,1,2,4,4,Voie communale,1.0,1
202400041817,2024-06-16,soirée,,,33,33498,1,1,1,4,3,Départementale,80.0,1
202400041818,2024-08-25,après-midi,,,68,68018,1,1,1,4,3,Départementale,50.0,1
202400041819,2024-07-17,après-midi,,,11,11262,1,1,5,4,3,Départementale,70.0,1
202400041820,2024-06-16,soirée,,,72,72378,1,1,3,4,3,Départementale,90.0,1
202400041821,2024-08-24,soirée,,,44,44082,3,1,1,3,3,Départementale,80.0,1
202400041822,2024-06-16,nuit,,,14,14258,3,2,6,4,3,Départementale,90.0,2
202400041823,2024-07-17,matin,,,11,11069,1,1,2,4,4,Voie communale,50.0,1
202400041824,2024-08-24,après-midi,,,29,29163,1,1,7,4,4,Voie communale,30.0,1
202400041825,2024-07-16,matin,,,11,11069,1,1,3,4,3,Départementale,80.0,1
202400041826,2024-06-17,après-midi,,,60,60700,1,1,4,4,3,Départementale,50.0,1
202400041827,2024-08-24,nuit,,,38,38144,3,1,6,4,3,Départementale,80.0,1
202400041828,2024-07-17,nuit,,,07,07102,5,1,7,4,3,Départementale,50.0,1
202400041829,2024-08-25,matin,,,26,26342,3,2,7,3,3,Départementale,80.0,2
202400041830,2024-07-16,soirée,,,75,75118,1,1,2,4,4,Voie communale,70.0,1
202400041831,2024-06-17,après-midi,,,80,80317,1,1,7,3,3,Départementale,80.0,1
202400041832,2024-07-17,après-midi,,,75,75119,1,1,7,4,4,Voie communale,30.0,1
202400041833,2024-08-25,nuit,,,58,58142,3,1,3,3,3,Départementale,80.0,2
202400041834,2024-06-14,nuit,,,13,13043,3,1,3,4,1,Autoroute,110.0,1
202400041835,2024-07-17,soirée,,,75,75115,1,1,3,4,4,Voie communale,,1
202400041836,2024-08-24,matin,,,66,66016,1,1,6,3,3,Départementale,80.0,1
202400041837,2024-06-16,nuit,,,83,83090,5,1,2,4,1,Autoroute,50.0,1
202400041838,2024-08-25,matin,,,50,50407,1,1,6,4,4,Voie communale,80.0,1
202400041839,2024-07-17,soirée,,,75,75107,1,1,5,4,4,Voie communale,,1
202400041840,2024-06-15,soirée,,,69,69389,1,1,4,4,7,Autre,70.0,1
202400041841,2024-08-24,nuit,,,73,73128,5,1,6,3,3,Départementale,,1
202400041842,2024-07-17,après-midi,,,75,75114,1,1,2,4,4,Voie communale,30.0,1
202400041843,2024-06-16,après-midi,,,91,91235,1,2,7,4,2,Nationale,50.0,2
202400041844,2024-08-24,après-midi,,,43,43241,1,1,3,3,3,Départementale,80.0,1
202400041845,2024-06-16,nuit,,,94,94076,3,1,3,4,1,Autoroute,90.0,1
202400041846,2024-07-17,matin,,,75,75111,1,1,3,4,4,Voie communale,30.0,1
202400041847,2024-08-21,nuit,,,04,04021,3,1,7,2,3,Départementale,80.0,1
202400041848,2024-06-16,nuit,,,91,91216,3,1,7,4,1,Autoroute,110.0,1
202400041849,2024-08-25,matin,,,28,28367,2,1,6,4,3,Départementale,80.0,1
202400041850,2024-07-17,matin,,,75,75111,1,1,3,4,4,Voie communale,30.0,1
202400041851,2024-06-15,après-midi,,,91,91689,1,1,4,4,1,Autoroute,110.0,1
202400041852,2024-08-25,matin,,,88,88275,1,1,7,3,3,Départementale,80.0,9
202400041853,2024-07-17,après-midi,,,75,75110,1,1,6,4,4,Voie communale,30.0,1
202400041854,2024-06-16,après-midi,,,92,92025,1,1,5,4,1,Autoroute,90.0,1
202400041855,2024-08-25,soirée,,,45,45032,1,1,2,4,1,Autoroute,130.0,1
202400041856,2024-07-17,après-midi,,,75,75104,1,1,2,4,4,Voie communale,30.0,1
202400041857,2024-06-16,matin,,,92,92050,1,2,2,4,1,Autoroute,90.0,2
202400041858,2024-08-24,après-midi,,,971,97119,1,1,3,3,2,Nationale,50.0,1
202400041859,2024-07-17,après-midi,,,75,75102,1,1,3,4,4,Voie communale,30.0,1
202400041860,2024-06-16,soirée,,,92,92036,1,1,6,4,1,Autoroute,110.0,1
202400041861,2024-08-24,soirée,,,971,97129,2,1,2,4,2,Nationale,90.0,1
202400041862,2024-06-16,soirée,,,93,93078,1,1,2,4,1,Autoroute,90.0,1
202400041863,2024-07-17,après-midi,,,75,75104,1,1,6,4,4,Voie communale,30.0,1
202400041864,2024-08-25,matin,,,2B,2B307,1,1,3,3,4,Voie communale,,1
202400041865,2024-06-16,après-midi,,,93,93078,1,8,3,4,1,Autoroute,90.0,2
202400041866,2024-07-17,après-midi,,,94,94080,1,1,6,4,4,Voie communale,50.0,1
202400041867,2024-06-16,après-midi,,,95,95061,1,1,6,4,2,Nationale,110.0,1
202400041868,2024-08-25,nuit,,,34,34199,3,8,6,2,3,Départementale,80.0,1
202400041869,2024-06-16,matin,,,95,95218,1,2,6,4,1,Autoroute,70.0,2
202400041870,2024-08-25,nuit,,,34,34135,3,8,6,3,3,Départementale,80.0,1
202400041871,2024-07-17,soirée,,,94,94076,1,1,2,4,3,Départementale,50.0,1
202400041872,2024-07-15,soirée,,,94,94003,1,1,6,2,3,Départementale,50.0,1
202400041873,2024-06-16,nuit,,,93,93066,3,8,2,4,1,Autoroute,90.0,2
202400041874,2024-08-24,nuit,,,83,83068,3,1,6,3,3,Départementale,70.0,1
202400041875,2024-06-15,nuit,,,75,75120,2,1,7,4,4,Voie communale,90.0,1
202400041876,2024-08-24,soirée,,,83,83068,1,1,7,3,4,Voie communale,50.0,1
202400041877,2024-07-17,soirée,,,94,94074,1,1,2,4,4,Voie communale,50.0,1
202400041878,2024-06-15,après-midi,,,95,95277,1,1,2,4,3,Départementale,70.0,1
202400041879,2024-07-17,après-midi,,,94,94017,1,1,1,4,3,Départementale,50.0,1
202400041880,2024-08-25,matin,,,83,83107,1,1,2,3,3,Départementale,50.0,1
202400041881,2024-06-16,soirée,,,77,77053,1,2,6,4,2,Nationale,90.0,2
202400041882,2024-08-25,après-midi,,,05,05065,1,1,6,3,3,Départementale,90.0,1
202400041883,2024-06-15,nuit,,,77,77053,2,1,7,4,2,Nationale,90.0,1
202400041884,2024-07-17,matin,,,93,93051,1,1,3,4,3,Départementale,50.0,1
202400041885,2024-06-14,après-midi,,,976,97611,1,1,3,4,2,Nationale,50.0,1
202400041886,2024-08-25,nuit,,,67,67261,3,3,7,2,3,Départementale,80.0,2
202400041887,2024-06-11,soirée,,,92,92040,1,1,2,4,3,Départementale,30.0,1
202400041888,2024-07-17,après-midi,,,93,93050,1,1,3,3,3,Départementale,50.0,1
202400041889,2024-08-25,matin,,,73,73306,1,1,6,3,3,Départementale,80.0,1
202400041890,2024-06-05,après-midi,,,15,15014,1,1,2,4,4,Voie communale,80.0,1
202400041891,2024-08-23,soirée,,,38,38515,2,1,7,3,3,Départementale,80.0,1
202400041892,2024-06-04,matin,,,44,44162,1,1,2,4,4,Voie communale,50.0,1
202400041893,2024-07-06,soirée,,,93,93047,1,2,1,4,4,Voie communale,,2
202400041894,2024-08-24,soirée,,,69,69121,1,1,6,3,3,Départementale,80.0,1
202400041895,2024-02-22,soirée,,,84,84129,3,2,6,3,4,Voie communale,50.0,2
202400041896,2024-08-25,nuit,,,81,81151,3,1,6,3,4,Voie communale,80.0,2
202400041897,2024-07-17,nuit,,,93,93029,5,1,3,4,3,Départementale,,1