Num_Acc,date,time_of_day,lat,long,dep,com,lum,atm,col,severity_index,catr,catr_label,vma,surf
202400041898,2024-08-24,soirée,,,56,56241,1,1,7,3,4,Voie communale,80.0,1
202400041899,2024-02-17,après-midi,,,84,84132,1,1,3,3,4,Voie communale,50.0,1
202400041900,2024-07-17,après-midi,,,93,93001,1,1,1,4,3,Départementale,,1
202400041901,2024-08-25,après-midi,,,29,29104,1,1,3,3,4,Voie communale,80.0,1
202400041902,2024-02-03,après-midi,,,84,84092,1,1,1,4,4,Voie communale,50.0,1
202400041903,2024-08-25,nuit,,,60,60341,3,1,2,3,2,Nationale,110.0,1
202400041904,2024-07-16,matin,,,93,93027,1,1,3,4,3,Départementale,20.0,1
202400041905,2024-06-15,soirée,,,973,97302,5,1,3,4,3,Départementale,50.0,1
202400041906,2024-07-17,matin,,,92,92075,1,1,6,4,3,Départementale,50.0,1
202400041907,2024-08-25,après-midi,,,59,59011,1,1,3,3,7,Autre,50.0,1
202400041908,2024-06-15,soirée,,,973,97302,5,1,3,4,3,Départementale,50.0,1
202400041909,2024-07-16,après-midi,,,92,92064,1,1,6,4,4,Voie communale,30.0,1
202400041910,2024-06-15,matin,,,972,97209,1,1,6,3,9,Autre,10.0,1
202400041911,2024-08-23,soirée,,,13,13202,5,1,2,3,1,Autoroute,50.0,1
202400041912,2024-06-14,après-midi,,,972,97209,1,1,7,4,4,Voie communale,30.0,1
202400041913,2024-07-17,matin,,,92,92063,1,1,6,4,4,Voie communale,50.0,1
202400041914,2024-06-15,nuit,,,69,69142,3,9,6,3,7,Autre,50.0,1
202400041915,2024-08-22,nuit,,,13,13214,3,1,2,4,1,Autoroute,70.0,1
202400041916,2024-07-17,nuit,,,92,92062,5,1,2,4,4,Voie communale,30.0,1
202400041917,2024-08-23,après-midi,,,67,67447,1,1,3,4,7,Autre,70.0,1
202400041918,2024-07-17,après-midi,,,92,92051,1,1,6,4,4,Voie communale,30.0,1
202400041919,2024-06-15,soirée,,,69,69382,1,1,3,4,4,Voie communale,30.0,1
202400041920,2024-07-17,nuit,,,92,92044,5,8,7,4,4,Voie communale,50.0,1
202400041921,2024-08-24,après-midi,,,33,33013,1,1,2,4,2,Nationale,90.0,1
202400041922,2024-06-15,nuit,,,69,69381,5,2,3,3,4,Voie communale,30.0,2
202400041923,2024-07-16,matin,,,92,92024,1,1,3,4,3,Départementale,50.0,1
202400041924,2024-06-14,nuit,,,971,97101,5,1,7,4,2,Nationale,90.0,1
202400041925,2024-08-24,nuit,,,92,92062,3,1,2,4,1,Autoroute,50.0,1
202400041926,2024-07-17,matin,,,34,34165,1,1,7,3,4,Voie communale,80.0,1
202400041927,2024-06-14,soirée,,,91,91027,1,1,6,3,3,Départementale,50.0,1
202400041928,2024-08-23,soirée,,,78,78158,1,1,6,2,1,Autoroute,90.0,1
202400041929,2024-07-18,après-midi,,,35,35077,1,1,5,4,3,Départementale,80.0,1
202400041930,2024-06-15,nuit,,,86,86194,3,1,3,4,3,Départementale,50.0,1
202400041931,2024-09-27,après-midi,,,33,33200,1,2,3,4,4,Voie communale,50.0,2
202400041932,2024-05-21,nuit,,,93,93064,3,1,2,4,1,Autoroute,90.0,1
202400041933,2024-07-14,matin,,,67,67371,1,1,7,3,3,Départementale,50.0,1
202400041934,2024-06-16,nuit,,,81,81065,3,1,6,4,3,Départementale,80.0,1
202400041935,2024-08-23,après-midi,,,93,93010,1,1,2,4,1,Autoroute,90.0,1
202400041936,2024-07-16,soirée,,,71,71166,2,1,7,3,3,Départementale,80.0,1
202400041937,2024-06-15,soirée,,,81,81144,1,7,2,4,3,Départementale,50.0,1
202400041938,2024-07-17,matin,,,33,33138,1,1,6,3,4,Voie communale,50.0,1
202400041939,2024-09-28,matin,,,31,31555,1,1,3,4,4,Voie communale,30.0,1
202400041940,2024-06-15,nuit,,,78,78396,4,1,1,4,3,Départementale,70.0,2
202400041941,2024-08-24,après-midi,,,94,94046,1,1,2,4,1,Autoroute,90.0,1
202400041942,2024-07-09,matin,,,33,33327,1,1,2,4,3,Départementale,50.0,1
202400041943,2024-06-14,matin,,,78,78418,1,1,3,3,4,Voie communale,50.0,1
202400041944,2024-09-28,nuit,,,29,29019,3,1,1,4,4,Voie communale,30.0,1
202400041945,2024-08-23,soirée,,,94,94028,1,1,2,4,1,Autoroute,90.0,1
202400041946,2024-07-18,après-midi,,,68,68173,1,1,3,3,3,Départementale,80.0,1
202400041947,2024-08-22,nuit,,,77,77258,3,1,1,4,1,Autoroute,90.0,1
202400041948,2024-06-15,soirée,,,77,77372,1,1,1,4,3,Départementale,70.0,1
202400041949,2024-09-28,soirée,,,27,27375,2,1,6,4,4,Voie communale,30.0,1
202400041950,2024-05-04,après-midi,,,68,68331,1,1,3,3,3,Départementale,50.0,1
202400041951,2024-06-15,après-midi,,,74,74012,1,1,6,4,4,Voie communale,50.0,1
202400041952,2024-06-24,nuit,,,57,57757,5,1,7,3,3,Départementale,90.0,1
202400041953,2024-07-18,matin,,,67,67202,1,1,2,4,3,Départementale,80.0,1
202400041954,2024-09-27,après-midi,,,17,17306,1,1,3,4,3,Départementale,80.0,2
202400041955,2024-06-15,nuit,,,69,69256,5,2,1,4,4,Voie communale,30.0,2
202400041956,2024-08-23,matin,,,987,98735,1,1,3,4,2,Nationale,50.0,1
202400041957,2024-07-17,soirée,,,42,42253,1,7,3,3,3,Départementale,70.0,1
202400041958,2024-06-15,nuit,,,69,69266,5,2,3,4,4,Voie communale,50.0,2
202400041959,2024-08-22,soirée,,,987,98736,5,1,3,4,4,Voie communale,60.0,1
202400041960,2024-06-15,matin,,,69,69259,1,1,2,4,7,Autre,50.0,1
202400041961,2024-07-17,après-midi,,,38,38084,1,1,3,3,3,Départementale,45.0,1
202400041962,2024-09-28,après-midi,,,16,16358,1,1,6,3,4,Voie communale,50.0,1
202400041963,2024-06-15,après-midi,,,67,67482,1,1,6,4,4,Voie communale,30.0,1
202400041964,2024-08-23,soirée,,,973,97302,3,1,1,4,4,Voie communale,50.0,1
202400041965,2024-07-17,après-midi,,,79,79163,1,1,1,3,4,Voie communale,80.0,1
202400041966,2024-09-28,soirée,,,15,15014,1,2,7,4,4,Voie communale,50.0,2
202400041967,2024-06-15,après-midi,,,64,64260,1,1,6,4,3,Départementale,30.0,1
202400041968,2024-08-23,après-midi,,,973,97302,1,1,3,4,4,Voie communale,50.0,1
202400041969,2024-07-18,après-midi,,,26,26010,1,1,1,3,3,Départementale,80.0,1
202400041970,2024-06-15,matin,,,64,64335,1,1,5,4,4,Voie communale,50.0,1
202400041971,2024-08-23,soirée,,,69,69389,2,1,6,4,4,Voie communale,30.0,1
202400041972,2024-09-28,soirée,,,13,13039,5,1,3,4,4,Voie communale,50.0,1
202400041973,2024-07-17,après-midi,,,42,42283,1,1,6,3,4,Voie communale,30.0,1
202400041974,2024-06-15,matin,,,64,64102,1,1,3,4,3,Départementale,50.0,1
202400041975,2024-08-23,matin,,,69,69389,1,1,6,4,4,Voie communale,30.0,1
202400041976,2024-07-17,après-midi,,,30,30315,1,1,3,4,2,Nationale,80.0,1
202400041977,2024-09-28,soirée,,,13,13208,5,1,1,4,4,Voie communale,50.0,1
202400041978,2024-06-14,après-midi,,,63,63113,1,1,1,4,4,Voie communale,30.0,1
202400041979,2024-08-23,matin,,,2B,2B037,1,1,2,4,2,Nationale,110.0,1
202400041980,2024-07-18,matin,,,21,21650,2,1,1,4,4,Voie communale,50.0,1
202400041981,2024-09-28,soirée,,,13,13209,2,1,6,4,4,Voie communale,50.0,1
202400041982,2024-06-15,soirée,,,61,61006,1,3,3,4,4,Voie communale,50.0,2
202400041983,2024-08-23,nuit,,,2A,2A004,5,1,3,4,4,Voie communale,50.0,1
202400041984,2024-07-12,après-midi,,,56,56094,1,1,2,4,2,Nationale,110.0,1
202400041985,2024-06-14,après-midi,,,59,59599,1,1,3,4,4,Voie communale,50.0,1
202400041986,2024-08-23,matin,,,91,91027,1,2,3,4,2,Nationale,50.0,2
202400041987,2024-09-28,matin,,,13,13203,2,1,3,4,4,Voie communale,50.0,1
202400041988,2024-06-15,matin,,,59,59344,1,1,1,4,3,Départementale,50.0,1
202400041989,2024-07-17,soirée,,,76,76735,1,1,1,2,3,Départementale,80.0,1
202400041990,2024-08-23,matin,,,91,91228,1,1,3,4,3,Départementale,50.0,1
202400041991,2024-06-15,nuit,,,59,59350,5,2,3,3,7,Autre,50.0,2
202400041992,2024-07-18,matin,,,82,82087,1,1,1,3,3,Départementale,80.0,1
202400041993,2024-09-27,nuit,,,13,13005,4,1,1,4,3,Départementale,50.0,1
202400041994,2024-06-14,après-midi,,,59,59009,1,1,1,4,7,Autre,50.0,1
202400041995,2024-08-20,matin,,,89,89024,1,1,6,4,6,Autre,50.0,1
202400041996,2024-06-15,après-midi,,,59,59350,1,1,6,4,4,Voie communale,50.0,1
202400041997,2024-08-23,matin,,,87,87085,1,1,6,4,6,Autre,10.0,1
202400041998,2024-06-15,matin,,,54,54483,1,1,6,4,3,Départementale,50.0,1
202400041999,2024-08-18,après-midi,,,87,87085,1,1,7,4,4,Voie communale,50.0,1
202400042000,2024-06-15,après-midi,,,47,47001,1,1,6,4,4,Voie communale,50.0,1
202400042001,2024-08-23,matin,,,83,83090,1,1,2,4,3,Départementale,50.0,1
202400042002,2024-06-14,nuit,,,47,47001,5,2,2,3,3,Départementale,50.0,2
202400042003,2024-09-28,après-midi,,,10,10387,1,1,2,4,4,Voie communale,50.0,1
202400042004,2024-09-28,nuit,,,10,10387,5,2,6,4,4,Voie communale,50.0,2
202400042005,2024-09-28,matin,,,06,06027,1,1,6,4,7,Autre,50.0,1
202400042006,2024-06-15,soirée,,,45,45338,1,1,4,4,4,Voie communale,50.0,1
202400042007,2024-08-20,après-midi,,,83,83069,1,7,3,3,4,Voie communale,50.0,1
202400042008,2024-08-20,après-midi,,,83,83069,1,1,3,3,3,Départementale,50.0,1
202400042009,2024-06-15,matin,,,45,45068,1,1,3,4,4,Voie communale,50.0,1
202400042010,2024-09-27,matin,,,05,05061,2,8,3,4,3,Départementale,50.0,2
202400042011,2024-08-23,soirée,,,78,78481,1,1,4,4,3,Départementale,50.0,1
202400042012,2024-06-15,soirée,,,44,44109,1,8,3,4,4,Voie communale,50.0,1
202400042013,2024-08-23,soirée,,,77,77350,5,1,6,4,3,Départementale,50.0,1
202400042014,2024-09-27,après-midi,,,03,03098,1,8,6,3,3,Départementale,50.0,1
202400042015,2024-06-15,nuit,,,44,44109,5,1,3,4,4,Voie communale,30.0,2
202400042016,2024-08-23,soirée,,,77,77058,1,1,2,4,3,Départementale,50.0,1
202400042017,2024-06-14,nuit,,,42,42305,3,1,3,3,4,Voie communale,50.0,1
202400042018,2024-08-22,matin,,,71,71486,1,7,1,3,4,Voie communale,50.0,1
202400042019,2024-09-24,après-midi,,,02,02659,1,2,5,3,3,Départementale,70.0,2
202400042020,2024-06-15,soirée,,,35,35238,1,1,6,4,2,Nationale,90.0,1
202400042021,2024-08-23,après-midi,,,69,69275,1,1,6,4,7,Autre,30.0,1
202400042022,2024-06-15,après-midi,,,35,35238,1,1,2,4,4,Voie communale,30.0,1
202400042023,2024-09-27,soirée,,,75,75120,5,2,5,4,4,Voie communale,70.0,2
202400042024,2024-06-15,nuit,,,35,35238,5,1,1,4,4,Voie communale,30.0,1
202400042025,2024-08-22,matin,,,69,69271,1,1,1,4,4,Voie communale,50.0,1
202400042026,2024-06-15,soirée,,,33,33063,1,1,2,4,4,Voie communale,50.0,1
202400042027,2024-09-27,après-midi,,,75,75117,1,1,6,3,4,Voie communale,30.0,1
202400042028,2024-06-15,nuit,,,33,33009,3,1,6,4,4,Voie communale,50.0,1
202400042029,2024-08-23,après-midi,,,67,67482,1,7,3,3,7,Autre,50.0,1
202400042030,2024-06-15,matin,,,30,30007,1,1,3,4,4,Voie communale,50.0,1
202400042031,2024-08-22,après-midi,,,64,64269,1,1,1,4,3,Départementale,70.0,1
202400042032,2024-09-28,après-midi,,,75,75119,1,1,3,4,4,Voie communale,10.0,1
202400042033,2024-06-15,après-midi,,,27,27299,1,1,2,4,2,Nationale,110.0,1
202400042034,2024-08-23,après-midi,,,63,63113,1,1,3,4,4,Voie communale,30.0,1
202400042035,2024-06-14,après-midi,,,27,27229,1,3,6,4,4,Voie communale,50.0,2
202400042036,2024-08-26,matin,,,62,62498,1,1,6,4,4,Voie communale,50.0,1
202400042037,2024-06-15,après-midi,,,26,26008,1,1,2,4,3,Départementale,80.0,1
202400042038,2024-09-28,après-midi,,,75,75117,1,1,3,4,4,Voie communale,30.0,1
202400042039,2024-08-23,nuit,,,59,59599,5,1,3,4,4,Voie communale,50.0,1
202400042040,2024-06-14,après-midi,,,25,25204,1,1,5,4,2,Nationale,50.0,1
202400042041,2024-09-28,nuit,,,75,75117,5,1,3,4,4,Voie communale,15.0,1
202400042042,2024-06-15,matin,,,14,14271,1,1,3,4,3,Départementale,50.0,1
202400042043,2024-08-23,nuit,,,59,59426,5,1,3,4,7,Autre,50.0,1
202400042044,2024-06-15,soirée,,,13,13205,1,1,1,4,4,Voie communale,50.0,1
202400042045,2024-08-23,soirée,,,59,59367,1,2,3,4,7,Autre,,2
202400042046,2024-09-28,nuit,,,75,75113,5,1,3,4,4,Voie communale,30.0,1
202400042047,2024-06-15,soirée,,,13,13206,1,1,3,4,4,Voie communale,50.0,1
202400042048,2024-08-23,matin,,,59,59650,1,1,6,3,7,Autre,50.0,1
202400042049,2024-06-15,soirée,,,13,13203,1,1,3,4,4,Voie communale,50.0,1
202400042050,2024-09-28,matin,,,75,75109,1,1,6,4,4,Voie communale,50.0,1
202400042051,2024-08-23,après-midi,,,57,57631,1,1,6,4,4,Voie communale,50.0,1
202400042052,2024-06-14,soirée,,,13,13204,1,1,3,3,4,Voie communale,50.0,1
202400042053,2024-08-21,soirée,,,56,56098,2,1,3,4,4,Voie communale,50.0,1
202400042054,2024-06-15,matin,,,06,06088,1,1,3,3,7,Autre,50.0,1
202400042055,2024-09-27,soirée,,,75,75108,1,2,3,4,4,Voie communale,50.0,2
202400042056,2024-06-15,nuit,,,06,06088,5,1,6,3,7,Autre,50.0,1
202400042057,2024-06-15,après-midi,,,01,01053,1,1,7,2,3,Départementale,50.0,1
202400042058,2024-09-27,après-midi,,,75,75108,1,2,6,4,4,Voie communale,30.0,2
202400042059,2024-08-22,après-midi,,,54,54578,1,1,1,4,4,Voie communale,50.0,1
202400042060,2024-06-14,nuit,,,75,75120,5,1,4,4,4,Voie communale,70.0,1
202400042061,2024-06-14,soirée,,,75,75120,1,1,3,4,4,Voie communale,70.0,1
202400042062,2024-09-27,après-midi,,,75,75107,1,2,6,4,4,Voie communale,30.0,2
202400042063,2024-06-14,soirée,,,75,75116,1,1,5,4,4,Voie communale,70.0,1
202400042064,2024-08-22,nuit,,,54,54099,5,1,6,4,3,Départementale,30.0,1
202400042065,2024-06-14,après-midi,,,75,75112,1,1,3,4,4,Voie communale,70.0,1
202400042066,2024-06-14,après-midi,,,75,75116,1,1,2,4,4,Voie communale,70.0,1
202400042067,2024-06-14,après-midi,,,75,75119,1,1,7,4,4,Voie communale,70.0,1
202400042068,2024-09-28,nuit,,,75,75103,5,1,1,4,4,Voie communale,30.0,1
202400042069,2024-08-21,soirée,,,54,54099,1,1,6,4,3,Départementale,80.0,1
202400042070,2024-08-22,après-midi,,,51,51454,1,1,7,4,4,Voie communale,50.0,1
202400042071,2024-06-15,matin,,,75,75119,1,1,3,4,4,Voie communale,30.0,1
202400042072,2024-06-11,matin,,,75,75115,1,1,6,2,6,Autre,10.0,1
202400042073,2024-08-23,matin,,,43,43002,1,1,6,4,6,Autre,30.0,1
202400042074,2024-09-28,nuit,,,75,75109,5,8,1,4,4,Voie communale,30.0,2
202400042075,2024-06-12,soirée,,,75,75118,1,1,5,4,4,Voie communale,30.0,1
202400042076,2024-06-15,après-midi,,,75,75119,1,8,3,4,4,Voie communale,30.0,1
202400042077,2024-09-27,nuit,,,75,75101,5,2,3,4,4,Voie communale,30.0,2
202400042078,2024-08-23,après-midi,,,37,37261,1,1,6,4,4,Voie communale,30.0,1
202400042079,2024-08-22,après-midi,,,37,37261,1,1,3,4,4,Voie communale,50.0,1
202400042080,2024-09-27,après-midi,,,75,75104,1,1,6,4,4,Voie communale,30.0,1
202400042081,2024-06-15,nuit,,,75,75118,5,1,3,4,4,Voie communale,30.0,1
202400042082,2024-08-23,après-midi,,,34,34172,1,1,3,4,4,Voie communale,50.0,1
202400042083,2024-06-15,après-midi,,,75,75115,1,1,6,4,4,Voie communale,30.0,1
202400042084,2024-08-22,nuit,,,34,34172,3,1,6,4,4,Voie communale,10.0,1
202400042085,2024-09-27,matin,,,75,75104,1,1,2,3,4,Voie communale,30.0,1
202400042086,2024-06-14,nuit,,,75,75114,5,2,3,4,4,Voie communale,30.0,2
202400042087,2024-08-22,après-midi,,,34,34172,1,1,6,4,4,Voie communale,30.0,1
202400042088,2024-06-14,nuit,,,75,75109,5,1,3,4,4,Voie communale,30.0,1
202400042089,2024-06-14,après-midi,,,75,75109,1,1,6,4,4,Voie communale,30.0,1
202400042090,2024-08-22,après-midi,,,34,34172,1,1,4,4,4,Voie communale,50.0,1
202400042091,2024-09-28,matin,,,94,94081,2,1,6,4,4,Voie communale,50.0,1
202400042092,2024-06-15,matin,,,75,75107,1,1,6,4,4,Voie communale,30.0,1
202400042093,2024-08-22,matin,,,34,34172,1,1,6,4,4,Voie communale,50.0,1
202400042094,2024-06-15,nuit,,,94,94038,2,1,6,4,4,Voie communale,30.0,1
202400042095,2024-08-23,après-midi,,,34,34003,1,1,6,4,4,Voie communale,50.0,1
202400042096,2024-09-28,après-midi,,,94,94076,1,1,3,4,4,Voie communale,30.0,1
202400042097,2024-06-15,après-midi,,,94,94028,1,2,6,3,3,Départementale,50.0,2
202400042098,2024-08-24,nuit,,,33,33063,5,1,6,4,4,Voie communale,30.0,1
202400042099,2024-06-14,matin,,,94,94075,1,1,3,3,2,Nationale,80.0,1
202400042100,2024-08-23,soirée,,,33,33063,1,1,3,4,4,Voie communale,30.0,1
202400042101,2024-09-28,soirée,,,94,94065,1,1,3,4,2,Nationale,70.0,1
202400042102,2024-06-15,après-midi,,,93,93008,1,2,3,4,3,Départementale,50.0,2
202400042103,2024-08-22,matin,,,33,33063,1,7,6,4,4,Voie communale,30.0,1
202400042104,2024-06-15,matin,,,93,93005,1,1,6,4,4,Voie communale,30.0,1
202400042105,2024-08-23,après-midi,,,29,29039,1,2,3,4,4,Voie communale,30.0,2
202400042106,2024-06-15,nuit,,,93,93005,5,1,2,4,3,Départementale,50.0,1
202400042107,2024-09-28,nuit,,,94,94022,5,1,2,4,3,Départementale,50.0,1
202400042108,2024-06-15,après-midi,,,92,92072,1,2,3,4,3,Départementale,50.0,2
202400042109,2024-08-23,soirée,,,25,25462,2,1,3,4,3,Départementale,50.0,1
202400042110,2024-09-28,après-midi,,,94,94054,1,1,6,4,4,Voie communale,50.0,1
202400042111,2024-06-15,nuit,,,92,92051,2,8,2,4,2,Nationale,70.0,1
202400042112,2024-06-15,matin,,,92,92044,1,1,6,4,4,Voie communale,50.0,1
202400042113,2024-08-22,soirée,,,21,21231,2,1,3,3,4,Voie communale,50.0,1
202400042114,2024-06-15,soirée,,,92,92026,1,1,6,4,3,Départementale,50.0,1
202400042115,2024-09-28,après-midi,,,94,94022,1,1,6,4,3,Départementale,50.0,1
202400042116,2024-08-22,matin,,,15,15014,1,1,3,4,4,Voie communale,50.0,1
202400042117,2024-09-28,après-midi,,,93,93072,1,1,6,4,4,Voie communale,30.0,1
202400042118,2024-06-15,après-midi,,,92,92026,1,1,2,4,3,Départementale,50.0,1
202400042119,2024-08-23,nuit,,,14,14118,5,1,3,3,4,Voie communale,50.0,1
202400042120,2024-06-15,soirée,,,92,92007,1,1,3,4,3,Départementale,50.0,1
202400042121,2024-09-28,nuit,,,93,93049,5,1,6,4,3,Départementale,30.0,2
202400042122,2024-06-16,matin,,,60,60402,2,2,7,2,3,Départementale,50.0,2
202400042123,2024-08-24,nuit,,,13,13207,5,1,1,4,4,Voie communale,50.0,1
202400042124,2024-08-23,matin,,,13,13209,1,1,7,4,4,Voie communale,30.0,1
202400042125,2024-06-09,nuit,,,35,35236,5,1,2,4,3,Départementale,50.0,1
202400042126,2024-09-26,matin,,,93,93029,5,1,6,4,3,Départementale,50.0,1
202400042127,2024-06-16,après-midi,,,28,28041,1,2,6,4,1,Autoroute,110.0,2
202400042128,2024-08-22,nuit,,,13,13206,5,1,3,4,4,Voie communale,50.0,1
202400042129,2024-09-28,soirée,,,93,93014,2,1,3,4,3,Départementale,50.0,1
202400042130,2024-06-14,soirée,,,972,97232,3,1,3,3,2,Nationale,50.0,1
202400042131,2024-08-21,après-midi,,,11,11069,1,1,2,4,3,Départementale,50.0,1
202400042132,2024-06-16,matin,,,83,83036,1,1,3,3,3,Départementale,50.0,1
202400042133,2024-08-24,nuit,,,06,06069,5,1,1,4,3,Départementale,50.0,1
202400042134,2024-09-27,après-midi,,,93,93008,1,8,4,4,3,Départementale,50.0,1
202400042135,2024-08-23,après-midi,,,75,75113,1,1,3,4,4,Voie communale,70.0,1
202400042136,2024-09-28,après-midi,,,93,93005,1,1,6,4,4,Voie communale,30.0,1
202400042137,2024-06-16,matin,,,22,22020,2,1,6,4,2,Nationale,110.0,1
202400042138,2024-08-23,après-midi,,,75,75116,1,1,2,4,4,Voie communale,70.0,1
202400042139,2024-09-28,après-midi,,,92,92075,1,1,3,4,3,Départementale,50.0,1
202400042140,2024-06-05,après-midi,,,14,14061,1,1,3,4,4,Voie communale,80.0,1
202400042141,2024-12-10,matin,,,74,74087,3,2,1,3,3,Départementale,80.0,2
202400042142,2024-06-16,matin,,,41,41101,1,6,2,3,1,Autoroute,130.0,2
202400042143,2024-12-10,après-midi,,,42,42147,5,1,1,4,3,Départementale,50.0,1
202400042144,2024-09-27,nuit,,,92,92046,5,2,3,4,3,Départementale,50.0,2
202400042145,2024-08-23,nuit,,,75,75112,5,1,4,4,4,Voie communale,70.0,1
202400042146,2024-12-08,soirée,,,38,38565,3,3,6,4,3,Départementale,90.0,2
202400042147,2024-06-15,après-midi,,,06,06033,1,1,1,4,7,Autre,50.0,1
202400042148,2024-12-10,après-midi,,,69,69255,5,1,6,2,3,Départementale,50.0,1
202400042149,2024-09-28,après-midi,,,92,92063,1,1,6,4,6,Autre,15.0,1
202400042150,2024-08-22,après-midi,,,75,75120,1,1,4,4,4,Voie communale,70.0,1
202400042151,2024-06-15,après-midi,,,83,83049,1,1,6,3,4,Voie communale,50.0,1
202400042152,2024-12-10,matin,,,31,31004,3,1,6,3,3,Départementale,50.0,1
202400042153,2024-12-10,après-midi,,,79,79049,4,2,7,3,6,Autre,50.0,2
202400042154,2024-09-28,soirée,,,92,92012,2,1,3,4,4,Voie communale,30.0,1
202400042155,2024-08-23,nuit,,,75,75117,5,1,1,4,4,Voie communale,50.0,1
202400042156,2024-08-23,nuit,,,75,75108,5,1,7,4,4,Voie communale,30.0,1
202400042157,2024-12-09,après-midi,,,44,44198,1,1,1,3,4,Voie communale,50.0,1
202400042158,2024-08-23,matin,,,75,75116,1,1,3,4,4,Voie communale,30.0,1
202400042159,2024-09-25,après-midi,,,78,78575,1,2,1,3,3,Départementale,50.0,2
202400042160,2024-12-07,matin,,,44,44215,1,1,1,4,1,Autoroute,70.0,2
202400042161,2024-06-15,nuit,,,26,26325,3,3,3,4,3,Départementale,50.0,2
202400042162,2024-08-23,soirée,,,75,75110,1,1,6,4,4,Voie communale,30.0,1
202400042163,2024-06-16,nuit,,,974,97413,3,3,6,3,2,Nationale,110.0,2
202400042164,2024-08-23,nuit,,,75,75109,5,1,3,4,4,Voie communale,30.0,1
202400042165,2024-12-10,soirée,,,35,35012,2,1,1,4,3,Départementale,80.0,1
202400042166,2024-06-15,nuit,,,2B,2B143,3,1,6,3,2,Nationale,80.0,1
202400042167,2024-12-09,nuit,,,35,35047,3,2,6,2,7,Autre,110.0,2
202400042168,2024-06-15,soirée,,,30,30117,2,1,7,3,4,Voie communale,50.0,1
202400042169,2024-08-23,soirée,,,94,94081,1,1,6,4,3,Départementale,50.0,1
202400042170,2024-09-27,nuit,,,95,95353,3,2,3,3,1,Autoroute,100.0,2
202400042171,2024-12-09,après-midi,,,76,76758,5,2,6,4,3,Départementale,50.0,2
202400042172,2024-08-23,après-midi,,,94,94074,1,1,3,4,3,Départementale,50.0,1
202400042173,2024-09-29,après-midi,,,62,62254,1,1,6,3,3,Départementale,80.0,1
202400042174,2024-12-10,nuit,,,60,60473,3,8,7,4,4,Voie communale,80.0,2
202400042175,2024-06-15,après-midi,,,57,57742,1,1,5,4,3,Départementale,80.0,1
202400042176,2024-08-22,après-midi,,,94,94068,1,1,3,4,4,Voie communale,30.0,1
202400042177,2024-12-09,matin,,,33,33013,1,1,5,4,2,Nationale,90.0,1
202400042178,2024-06-16,après-midi,,,56,56123,1,1,1,4,4,Voie communale,80.0,1
202400042179,2024-08-23,après-midi,,,94,94073,1,8,3,4,4,Voie communale,,1
202400042180,2024-06-15,soirée,,,56,56154,1,1,1,4,3,Départementale,50.0,2
202400042181,2024-09-28,soirée,,,95,95205,5,1,3,4,3,Départementale,80.0,1
202400042182,2024-11-30,nuit,,,59,59544,3,1,2,3,1,Autoroute,130.0,1
202400042183,2024-08-22,matin,,,94,94017,1,1,4,4,3,Départementale,50.0,1
202400042184,2024-06-15,après-midi,,,82,82113,1,1,3,3,3,Départementale,70.0,1
202400042185,2024-09-29,matin,,,86,86236,1,1,7,3,3,Départementale,80.0,1
202400042186,2024-12-09,soirée,,,91,91432,3,2,3,4,1,Autoroute,110.0,2
202400042187,2024-06-10,soirée,,,81,81055,2,1,6,3,3,Départementale,80.0,1
202400042188,2024-08-23,nuit,,,93,93013,5,1,7,4,3,Départementale,25.0,1
202400042189,2024-12-08,nuit,,,91,91661,3,2,2,4,1,Autoroute,110.0,2
202400042190,2024-09-29,soirée,,,83,83049,3,1,6,4,4,Voie communale,30.0,1
202400042191,2024-06-15,après-midi,,,32,32462,1,1,7,3,4,Voie communale,30.0,1
202400042192,2024-08-23,après-midi,,,93,93014,1,8,3,4,4,Voie communale,50.0,1
202400042193,2024-12-08,après-midi,,,92,92072,1,9,6,4,2,Nationale,50.0,2
202400042194,2024-09-28,nuit,,,42,42322,3,1,6,3,7,Autre,80.0,1
202400042195,2024-08-23,nuit,,,93,93057,5,1,3,4,3,Départementale,50.0,1
202400042196,2024-06-15,après-midi,,,11,11289,1,1,5,3,3,Départementale,80.0,1
202400042197,2024-12-08,matin,,,78,78551,1,1,2,4,1,Autoroute,90.0,1
202400042198,2024-08-23,matin,,,93,93008,2,1,6,4,4,Voie communale,50.0,1
202400042199,2024-09-28,matin,,,51,51535,1,1,6,4,6,Autre,30.0,1
202400042200,2024-06-16,nuit,,,61,61301,3,2,6,4,3,Départementale,90.0,2
202400042201,2024-08-23,soirée,,,92,92036,1,2,3,4,3,Départementale,70.0,2
202400042202,2024-12-08,matin,,,92,92047,1,2,3,4,1,Autoroute,90.0,2
202400042203,2024-09-27,matin,,,19,19288,3,2,6,3,3,Départementale,90.0,2
202400042204,2024-06-15,matin,,,22,22015,1,8,2,3,3,Départementale,,1
202400042205,2024-08-22,matin,,,92,92025,1,1,6,4,3,Départementale,30.0,1
202400042206,2024-12-07,soirée,,,78,78498,3,2,7,4,1,Autoroute,110.0,2
202400042207,2024-12-09,nuit,,,95,95582,5,1,7,4,1,Autoroute,50.0,1
202400042208,2024-08-23,soirée,,,92,92023,1,1,3,4,3,Départementale,50.0,1
202400042209,2024-06-16,matin,,,39,39478,1,1,3,4,3,Départementale,80.0,1
202400042210,2024-08-23,matin,,,60,60553,1,1,7,4,3,Départementale,,1
202400042211,2024-09-28,après-midi,,,56,56240,1,1,6,3,3,Départementale,80.0,1