Num_Acc,date,time_of_day,lat,long,dep,com,lum,atm,col,severity_index,catr,catr_label,vma,surf
202400042212,2024-12-08,nuit,,,92,92036,3,2,3,4,1,Autoroute,70.0,2
202400042213,2024-06-16,nuit,,,25,25262,3,1,6,3,3,Départementale,70.0,2
202400042214,2024-08-23,après-midi,,,05,05161,1,1,6,4,4,Voie communale,50.0,1
202400042215,2024-12-08,après-midi,,,95,95572,1,2,6,4,1,Autoroute,50.0,2
202400042216,2024-09-29,après-midi,,,76,76363,1,1,7,2,3,Départementale,80.0,1
202400042217,2024-08-24,nuit,,,972,97214,3,1,6,3,3,Départementale,80.0,2
202400042218,2024-06-16,soirée,,,25,25315,1,1,3,3,4,Voie communale,80.0,1
202400042219,2024-12-08,après-midi,,,92,92036,1,3,3,4,1,Autoroute,90.0,2
202400042220,2024-08-23,matin,,,972,97231,1,1,1,4,3,Départementale,80.0,1
202400042221,2024-09-29,après-midi,,,76,76443,1,8,6,3,3,Départementale,80.0,1
202400042222,2024-06-15,soirée,,,44,44188,1,2,1,4,3,Départementale,80.0,2
202400042223,2024-12-08,après-midi,,,93,93078,1,3,6,4,1,Autoroute,110.0,2
202400042224,2024-09-29,nuit,,,2B,2B283,3,1,6,3,2,Nationale,80.0,1
202400042225,2024-06-15,après-midi,,,44,44120,1,2,6,3,7,Autre,30.0,2
202400042226,2024-12-08,matin,,,95,95028,1,3,6,4,2,Nationale,110.0,2
202400042227,2024-06-15,soirée,,,02,02571,1,1,5,4,3,Départementale,80.0,1
202400042228,2024-09-28,matin,,,80,80443,1,7,3,4,3,Départementale,50.0,2
202400042229,2024-12-08,matin,,,95,95678,1,3,6,4,2,Nationale,110.0,2
202400042230,2024-06-15,après-midi,,,03,03236,1,1,3,4,3,Départementale,50.0,1
202400042231,2024-12-07,après-midi,,,95,95572,3,1,2,4,2,Nationale,90.0,2
202400042232,2024-09-29,après-midi,,,32,32237,1,1,6,3,3,Départementale,80.0,1
202400042233,2024-06-15,après-midi,,,83,83013,1,1,2,3,3,Départementale,80.0,1
202400042234,2024-12-07,après-midi,,,93,93007,1,1,3,4,1,Autoroute,110.0,1
202400042235,2024-09-28,nuit,,,61,61043,3,1,2,4,3,Départementale,90.0,1
202400042236,2024-06-16,nuit,,,83,83032,3,1,6,3,3,Départementale,80.0,1
202400042237,2024-12-07,après-midi,,,93,93008,1,1,6,4,1,Autoroute,50.0,1
202400042238,2024-06-16,nuit,,,83,83095,3,1,6,4,3,Départementale,80.0,1
202400042239,2024-12-06,après-midi,,,95,95394,3,1,2,3,2,Nationale,90.0,1
202400042240,2024-09-29,nuit,,,61,61243,3,1,6,4,3,Départementale,80.0,1
202400042241,2024-06-15,après-midi,,,09,09032,1,1,6,3,2,Nationale,80.0,1
202400042242,2024-12-06,après-midi,,,95,95678,1,1,4,4,2,Nationale,90.0,1
202400042243,2024-06-16,matin,,,18,18028,2,1,7,3,3,Départementale,80.0,1
202400042244,2024-09-28,après-midi,,,86,86082,1,1,3,3,3,Départementale,80.0,1
202400042245,2024-12-09,après-midi,,,94,94028,3,2,3,4,1,Autoroute,90.0,2
202400042246,2024-06-16,après-midi,,,07,07009,1,7,6,4,3,Départementale,90.0,1
202400042247,2024-12-09,après-midi,,,94,94042,1,1,2,4,1,Autoroute,90.0,1
202400042248,2024-12-09,matin,,,94,94028,1,2,2,4,2,Nationale,90.0,2
202400042249,2024-09-28,nuit,,,86,86097,3,1,6,3,3,Départementale,80.0,1
202400042250,2024-06-15,après-midi,,,07,07055,1,1,3,3,3,Départementale,70.0,1
202400042251,2024-07-10,après-midi,,,972,97213,1,1,3,3,9,Autre,50.0,1
202400042252,2024-06-16,après-midi,,,85,85234,1,1,1,4,3,Départementale,50.0,1
202400042253,2024-06-15,après-midi,,,85,85042,1,1,3,3,3,Départementale,80.0,1
202400042254,2024-07-04,après-midi,,,972,97213,1,1,4,3,1,Autoroute,90.0,1
202400042255,2024-07-01,soirée,,,972,97213,3,2,6,4,2,Nationale,90.0,2
202400042256,2024-09-28,nuit,,,44,44041,3,1,1,3,3,Départementale,80.0,1
202400042257,2024-06-15,après-midi,,,87,87154,1,2,3,4,2,Nationale,110.0,2
202400042258,2024-05-01,soirée,,,75,75106,1,1,6,4,4,Voie communale,30.0,1
202400042259,2024-06-15,matin,,,67,67460,1,1,6,4,1,Autoroute,70.0,1
202400042260,2024-10-17,nuit,,,44,44109,5,1,6,2,4,Voie communale,30.0,1
202400042261,2024-06-15,matin,,,33,33452,1,1,2,4,1,Autoroute,130.0,1
202400042262,2024-09-28,après-midi,,,29,29059,1,1,3,2,3,Départementale,80.0,1
202400042263,2024-09-21,après-midi,,,74,74010,1,1,3,4,3,Départementale,50.0,1
202400042264,2024-09-29,après-midi,,,29,29211,1,2,6,3,3,Départementale,80.0,2
202400042265,2024-06-16,après-midi,,,69,69115,1,1,6,4,1,Autoroute,90.0,1
202400042266,2024-10-07,matin,,,74,74105,1,1,3,4,4,Voie communale,10.0,2
202400042267,2024-09-29,matin,,,38,38278,1,1,1,3,3,Départementale,80.0,1
202400042268,2024-06-16,après-midi,,,988,98803,2,1,6,4,2,Nationale,110.0,1
202400042269,2024-09-26,soirée,,,70,70433,3,9,6,3,3,Départementale,80.0,2
202400042270,2024-09-06,nuit,,,74,74086,3,1,1,3,3,Départementale,50.0,1
202400042271,2024-06-16,nuit,,,973,97304,5,1,1,3,4,Voie communale,50.0,1
202400042272,2024-09-28,soirée,,,26,26345,2,1,7,2,3,Départementale,80.0,1
202400042273,2024-07-23,après-midi,,,74,74241,1,1,1,4,3,Départementale,70.0,1
202400042274,2024-06-16,nuit,,,66,66225,3,1,1,4,3,Départementale,80.0,1
202400042275,2024-09-28,après-midi,,,26,26365,1,1,1,3,3,Départementale,80.0,1
202400042276,2024-06-06,nuit,,,77,77534,3,1,1,3,3,Départementale,,1
202400042277,2024-06-15,matin,,,34,34146,1,1,3,3,2,Nationale,80.0,1
202400042278,2024-06-16,après-midi,,,84,84054,1,1,6,3,3,Départementale,80.0,1
202400042279,2024-09-28,nuit,,,72,72138,5,1,2,4,3,Départementale,50.0,2
202400042280,2024-07-30,après-midi,,,13,13066,1,1,1,4,3,Départementale,80.0,1
202400042281,2024-10-15,matin,,,44,44109,1,1,3,4,4,Voie communale,50.0,1
202400042282,2024-06-15,matin,,,83,83019,1,1,6,4,3,Départementale,80.0,1
202400042283,2024-12-07,nuit,,,987,98735,5,1,1,4,9,Autre,30.0,1
202400042284,2024-06-30,après-midi,,,14,14658,1,1,1,2,3,Départementale,80.0,1
202400042285,2024-06-15,après-midi,,,13,13030,1,1,6,3,3,Départementale,80.0,1
202400042286,2024-09-28,soirée,,,72,72201,2,1,3,4,3,Départementale,90.0,1
202400042287,2024-12-07,nuit,,,974,97416,5,1,3,4,4,Voie communale,50.0,1
202400042288,2024-10-31,après-midi,,,69,69382,1,1,6,4,4,Voie communale,30.0,1
202400042289,2024-06-16,nuit,,,13,13080,3,1,3,4,3,Départementale,80.0,1
202400042290,2024-12-08,après-midi,,,974,97411,1,3,3,4,3,Départementale,70.0,2
202400042291,2024-08-08,après-midi,,,74,74010,1,1,3,4,4,Voie communale,30.0,1
202400042292,2024-06-15,soirée,,,13,13048,1,1,7,4,3,Départementale,80.0,1
202400042293,2024-09-29,matin,,,72,72103,1,1,3,4,3,Départementale,90.0,1
202400042294,2024-12-08,après-midi,,,69,69386,1,2,3,4,4,Voie communale,30.0,2
202400042295,2024-11-02,matin,,,987,98735,1,1,3,4,2,Nationale,30.0,1
202400042296,2024-06-13,soirée,,,68,68012,1,1,3,4,3,Départementale,30.0,1
202400042297,2024-09-28,soirée,,,90,90041,1,1,7,4,3,Départementale,30.0,1
202400042298,2024-12-08,matin,,,69,69386,1,2,6,4,4,Voie communale,30.0,2
202400042299,2024-06-15,après-midi,,,68,68334,1,1,1,3,4,Voie communale,50.0,1
202400042300,2024-09-15,matin,,,64,64160,3,1,7,3,3,Départementale,80.0,1
202400042301,2024-11-02,soirée,,,974,97411,5,1,7,3,4,Voie communale,50.0,1
202400042302,2024-12-07,nuit,,,972,97213,3,1,6,4,2,Nationale,70.0,1
202400042303,2024-06-15,soirée,,,68,68379,1,1,7,3,4,Voie communale,30.0,1
202400042304,2024-09-10,après-midi,,,87,87046,1,1,7,3,3,Départementale,80.0,1
202400042305,2024-11-02,matin,,,974,97409,1,1,3,4,4,Voie communale,30.0,1
202400042306,2024-09-28,nuit,,,37,37015,3,2,6,3,3,Départementale,80.0,2
202400042307,2024-11-01,après-midi,,,974,97407,1,2,6,4,4,Voie communale,50.0,2
202400042308,2024-06-15,soirée,,,67,67137,2,1,2,4,7,Autre,,1
202400042309,2024-12-08,après-midi,,,972,97209,2,1,3,4,3,Départementale,60.0,1
202400042310,2024-09-28,après-midi,,,48,48178,1,1,6,3,2,Nationale,50.0,1
202400042311,2024-12-08,soirée,,,2B,2B033,3,2,6,4,9,Autre,50.0,2
202400042312,2024-11-02,soirée,,,973,97302,5,1,3,4,4,Voie communale,50.0,1
202400042313,2024-06-16,nuit,,,57,57701,3,1,2,3,7,Autre,50.0,1
202400042314,2024-11-02,après-midi,,,971,97101,1,3,7,4,3,Départementale,50.0,2
202400042315,2024-09-28,après-midi,,,48,48082,1,1,1,4,2,Nationale,80.0,1
202400042316,2024-12-08,matin,,,971,97101,1,1,2,4,2,Nationale,90.0,1
202400042317,2024-06-14,matin,,,03,03034,1,1,6,4,4,Voie communale,30.0,1
202400042318,2024-11-02,nuit,,,2A,2A004,5,1,3,4,2,Nationale,50.0,1
202400042319,2024-12-08,après-midi,,,95,95277,1,3,3,4,3,Départementale,50.0,2
202400042320,2024-09-29,nuit,,,10,10295,5,5,6,3,3,Départementale,80.0,2
202400042321,2024-12-08,soirée,,,95,95582,5,2,6,4,4,Voie communale,50.0,2
202400042322,2024-11-01,après-midi,,,95,95539,1,1,1,3,4,Voie communale,50.0,1
202400042323,2024-06-16,nuit,,,73,73150,2,8,5,3,2,Nationale,80.0,1
202400042324,2024-09-10,après-midi,,,31,31424,1,1,5,3,4,Voie communale,50.0,1
202400042325,2024-12-08,soirée,,,91,91339,3,8,7,4,3,Départementale,70.0,2
202400042326,2024-11-01,matin,,,91,91425,1,1,2,4,3,Départementale,50.0,1
202400042327,2024-12-08,soirée,,,91,91691,5,9,6,4,3,Départementale,30.0,2
202400042328,2024-11-02,après-midi,,,91,91286,1,8,6,4,4,Voie communale,50.0,1
202400042329,2024-06-16,après-midi,,,38,38557,1,1,7,4,3,Départementale,90.0,8
202400042330,2024-12-08,nuit,,,91,91687,5,2,7,4,3,Départementale,50.0,2
202400042331,2024-06-16,nuit,,,26,26315,3,1,7,2,3,Départementale,80.0,1
202400042332,2024-09-28,nuit,,,67,67506,3,2,2,2,1,Autoroute,110.0,2
202400042333,2024-11-02,après-midi,,,91,91521,1,1,1,4,4,Voie communale,30.0,1
202400042334,2024-12-07,après-midi,,,88,88383,2,3,1,3,3,Départementale,50.0,2
202400042335,2024-06-15,matin,,,07,07232,1,8,1,3,3,Départementale,,1
202400042336,2024-09-29,matin,,,77,77508,2,1,1,4,3,Départementale,80.0,1
202400042337,2024-10-29,après-midi,,,84,84031,1,1,4,4,4,Voie communale,50.0,1
202400042338,2024-12-09,nuit,,,84,84072,3,1,1,4,3,Départementale,80.0,1
202400042339,2024-06-15,après-midi,,,07,07279,1,1,3,4,3,Départementale,90.0,1
202400042340,2024-09-28,nuit,,,77,77177,3,1,6,3,3,Départementale,80.0,1
202400042341,2024-11-02,nuit,,,78,78208,5,1,6,4,4,Voie communale,50.0,1
202400042342,2024-12-06,matin,,,80,80001,1,1,3,4,3,Départementale,50.0,1
202400042343,2024-06-16,après-midi,,,01,01275,1,1,6,4,6,Autre,50.0,1
202400042344,2024-09-28,matin,,,2B,2B298,1,1,7,4,4,Voie communale,80.0,1
202400042345,2024-09-29,nuit,,,66,66176,3,1,6,3,3,Départementale,110.0,1
202400042346,2024-09-28,nuit,,,84,84078,5,1,5,4,2,Nationale,80.0,1
202400042347,2024-11-02,après-midi,,,77,77276,1,1,3,4,3,Départementale,50.0,1
202400042348,2024-09-28,soirée,,,84,84129,5,1,6,3,3,Départementale,80.0,1
202400042349,2024-06-15,après-midi,,,01,01064,1,1,3,4,3,Départementale,50.0,1
202400042350,2024-09-29,matin,,,89,89206,1,1,2,3,3,Départementale,,1
202400042351,2024-06-16,nuit,,,85,85238,3,3,6,3,4,Voie communale,50.0,2
202400042352,2024-11-01,après-midi,,,73,73065,1,1,3,4,3,Départementale,80.0,1
202400042353,2024-09-29,après-midi,,,42,42296,1,1,6,3,3,Départementale,80.0,1
202400042354,2024-11-02,matin,,,72,72181,1,1,6,2,4,Voie communale,50.0,2
202400042355,2024-06-08,nuit,,,76,76041,2,1,1,4,3,Départementale,50.0,1
202400042356,2024-11-02,nuit,,,72,72003,5,2,6,4,4,Voie communale,50.0,2
202400042357,2024-09-29,après-midi,,,42,42147,1,1,3,4,4,Voie communale,,1
202400042358,2024-06-14,matin,,,13,13117,1,8,2,4,1,Autoroute,90.0,1
202400042359,2024-09-28,après-midi,,,38,38565,1,2,6,3,3,Départementale,50.0,2
202400042360,2024-12-08,soirée,,,77,77369,3,1,3,4,3,Départementale,50.0,2
202400042361,2024-11-02,soirée,,,69,69286,5,2,3,4,4,Voie communale,50.0,2
202400042362,2024-12-08,soirée,,,76,76498,5,8,6,3,7,Autre,50.0,2
202400042363,2024-09-29,après-midi,,,69,69106,1,1,3,4,3,Départementale,70.0,1
202400042364,2024-04-12,après-midi,,,69,69290,1,1,4,4,1,Autoroute,90.0,1
202400042365,2024-11-02,après-midi,,,67,67482,1,1,4,4,7,Autre,50.0,1
202400042366,2024-12-08,soirée,,,69,69266,5,3,1,4,4,Voie communale,30.0,2
202400042367,2024-09-27,soirée,,,33,33535,1,2,1,3,3,Départementale,70.0,2
202400042368,2024-11-02,matin,,,64,64483,1,7,3,3,3,Départementale,,1
202400042369,2024-09-27,nuit,,,53,53082,3,1,6,3,3,Départementale,80.0,1
202400042370,2024-12-08,nuit,,,69,69266,5,3,3,4,4,Voie communale,30.0,2
202400042371,2024-09-27,après-midi,,,59,59256,1,2,6,3,4,Voie communale,,2
202400042372,2024-11-03,nuit,,,59,59350,5,1,3,4,4,Voie communale,30.0,1
202400042373,2024-09-28,après-midi,,,13,13106,1,1,3,4,1,Autoroute,70.0,1
202400042374,2024-12-07,soirée,,,69,69013,5,2,3,4,3,Départementale,80.0,2
202400042375,2024-10-31,soirée,,,56,56083,1,1,3,4,3,Départementale,50.0,1
202400042376,2024-09-27,après-midi,,,13,13212,1,1,2,4,1,Autoroute,50.0,1
202400042377,2024-12-08,soirée,,,66,66136,5,1,3,4,4,Voie communale,50.0,1
202400042378,2024-11-02,soirée,,,51,51454,5,1,6,4,4,Voie communale,50.0,1
202400042379,2024-10-29,matin,,,51,51663,1,1,3,4,4,Voie communale,50.0,1
202400042380,2024-12-08,après-midi,,,64,64129,1,2,3,4,4,Voie communale,50.0,2
202400042381,2024-09-28,nuit,,,33,33550,5,1,6,4,1,Autoroute,90.0,1
202400042382,2024-11-02,soirée,,,45,45004,5,1,2,4,3,Départementale,50.0,2
202400042383,2024-12-08,après-midi,,,64,64132,1,2,6,4,4,Voie communale,50.0,2
202400042384,2024-09-28,après-midi,,,94,94021,1,1,3,4,1,Autoroute,90.0,1
202400042385,2024-11-02,après-midi,,,44,44143,2,1,6,4,4,Voie communale,30.0,1
202400042386,2024-12-07,soirée,,,62,62119,5,3,1,3,4,Voie communale,50.0,2
202400042387,2024-11-02,nuit,,,42,42187,5,1,6,4,4,Voie communale,50.0,1
202400042388,2024-09-28,nuit,,,91,91553,3,8,6,4,2,Nationale,110.0,2
202400042389,2024-11-02,soirée,,,42,42187,5,1,3,4,4,Voie communale,50.0,1
202400042390,2024-12-07,après-midi,,,51,51453,1,8,2,4,2,Nationale,110.0,2
202400042391,2024-09-27,après-midi,,,95,95277,1,1,2,4,1,Autoroute,90.0,1
202400042392,2024-11-02,après-midi,,,42,42044,1,1,6,4,7,Autre,,1
202400042393,2024-09-28,après-midi,,,93,93051,1,1,2,4,1,Autoroute,110.0,1
202400042394,2024-12-06,après-midi,,,47,47323,1,1,3,4,3,Départementale,50.0,1
202400042395,2024-09-28,nuit,,,77,77249,3,2,7,4,2,Nationale,90.0,2
202400042396,2024-11-02,nuit,,,37,37261,5,2,3,4,4,Voie communale,50.0,2
202400042397,2024-12-06,après-midi,,,45,45068,1,1,3,4,4,Voie communale,50.0,1
202400042398,2024-11-02,après-midi,,,35,35238,1,1,3,3,4,Voie communale,50.0,1
202400042399,2024-09-27,nuit,,,94,94065,3,2,4,4,2,Nationale,90.0,2
202400042400,2024-12-08,soirée,,,41,41018,5,2,3,3,4,Voie communale,50.0,2
202400042401,2024-11-02,soirée,,,34,34172,5,1,3,4,4,Voie communale,50.0,1
202400042402,2024-09-27,après-midi,,,77,77337,1,2,3,4,1,Autoroute,90.0,2
202400042403,2024-12-08,après-midi,,,34,34172,1,1,1,3,4,Voie communale,30.0,1
202400042404,2024-11-02,soirée,,,33,33063,5,1,6,3,4,Voie communale,30.0,1
202400042405,2024-12-07,après-midi,,,34,34172,5,1,7,3,4,Voie communale,50.0,1
202400042406,2024-09-28,matin,,,988,98818,1,1,6,4,4,Voie communale,50.0,1
202400042407,2024-11-02,matin,,,31,31149,5,1,2,4,2,Nationale,90.0,1
202400042408,2024-09-27,soirée,,,974,97416,2,1,6,4,2,Nationale,110.0,1
202400042409,2024-11-02,soirée,,,13,13213,2,1,3,4,4,Voie communale,50.0,1
202400042410,2024-12-08,soirée,,,25,25031,5,1,1,3,3,Départementale,50.0,1
202400042411,2024-09-27,après-midi,,,974,97416,1,1,3,4,4,Voie communale,50.0,1
202400042412,2024-11-02,matin,,,06,06088,1,1,6,4,4,Voie communale,50.0,1
202400042413,2024-12-07,soirée,,,18,18279,5,3,1,4,3,Départementale,50.0,2
202400042414,2024-09-27,matin,,,974,97416,1,1,5,4,2,Nationale,110.0,1
202400042415,2024-11-02,après-midi,,,04,04112,1,1,3,4,4,Voie communale,50.0,1
202400042416,2024-11-01,après-midi,,,75,75113,1,1,2,4,4,Voie communale,50.0,1
202400042417,2024-09-26,matin,,,973,97302,1,1,3,4,3,Départementale,50.0,1
202400042418,2024-12-08,nuit,,,13,13019,3,1,5,4,3,Départementale,110.0,1
202400042419,2024-09-27,matin,,,973,97302,1,1,2,4,2,Nationale,50.0,1
202400042420,2024-11-01,après-midi,,,75,75117,1,1,3,4,4,Voie communale,,1
202400042421,2024-12-08,nuit,,,13,13209,5,1,6,4,4,Voie communale,50.0,1
202400042422,2024-11-02,soirée,,,75,75111,5,1,6,4,4,Voie communale,30.0,1
202400042423,2024-09-26,soirée,,,973,97302,3,1,2,4,3,Départementale,50.0,1
202400042424,2024-12-08,après-midi,,,13,13211,1,1,5,4,4,Voie communale,50.0,1
202400042425,2024-11-02,après-midi,,,75,75110,2,1,6,4,4,Voie communale,30.0,1
202400042426,2024-09-26,après-midi,,,973,97302,1,1,1,4,4,Voie communale,50.0,1
202400042427,2024-11-02,soirée,,,75,75101,5,1,6,4,4,Voie communale,30.0,1
202400042428,2024-12-08,après-midi,,,13,13004,1,1,1,4,4,Voie communale,50.0,1
202400042429,2024-09-25,soirée,,,973,97302,5,1,2,4,3,Départementale,50.0,1
202400042430,2024-11-27,matin,,,06,06104,1,1,3,4,3,Départementale,50.0,1
202400042431,2024-11-01,nuit,,,75,75101,5,1,3,4,4,Voie communale,30.0,1
202400042432,2024-09-27,matin,,,69,69383,1,7,6,4,4,Voie communale,30.0,2
202400042433,2024-11-02,matin,,,93,93066,1,1,3,4,3,Départementale,50.0,1
202400042434,2024-12-08,après-midi,,,06,06029,5,1,1,4,4,Voie communale,50.0,1
202400042435,2024-09-25,matin,,,69,69387,1,1,6,4,4,Voie communale,50.0,1
202400042436,2024-11-02,matin,,,93,93046,2,8,6,4,3,Départementale,50.0,2
202400042437,2024-12-08,après-midi,,,06,06030,1,7,6,4,4,Voie communale,50.0,1
202400042438,2024-09-26,matin,,,69,69384,1,3,6,3,4,Voie communale,50.0,2
202400042439,2024-12-07,après-midi,,,06,06123,3,1,1,4,4,Voie communale,50.0,1
202400042440,2024-09-27,matin,,,971,97101,1,1,1,3,4,Voie communale,50.0,1
202400042441,2024-11-02,soirée,,,93,93006,5,1,6,4,3,Départementale,50.0,1
202400042442,2024-12-07,nuit,,,02,02168,5,2,1,4,4,Voie communale,50.0,2
202400042443,2024-09-27,après-midi,,,2A,2A004,1,1,1,4,4,Voie communale,20.0,1
202400042444,2024-12-08,après-midi,,,01,01053,2,2,6,3,6,Autre,50.0,2
202400042445,2024-11-02,soirée,,,93,93063,5,1,3,4,3,Départementale,30.0,1
202400042446,2024-09-27,matin,,,95,95563,1,1,3,4,3,Départementale,50.0,1
202400042447,2024-12-07,nuit,,,75,75109,5,3,6,4,4,Voie communale,30.0,2
202400042448,2024-11-02,après-midi,,,92,92036,5,1,6,4,3,Départementale,30.0,1
202400042449,2024-09-27,matin,,,95,95018,5,9,3,4,3,Départementale,50.0,2
202400042450,2024-12-08,soirée,,,75,75116,5,2,6,4,4,Voie communale,30.0,2
202400042451,2024-11-01,nuit,,,92,92036,5,1,3,4,3,Départementale,30.0,1
202400042452,2024-12-07,après-midi,,,75,75115,1,1,6,4,4,Voie communale,30.0,1
202400042453,2024-11-02,après-midi,,,92,92025,1,8,7,4,3,Départementale,50.0,1
202400042454,2024-09-27,nuit,,,91,91161,5,8,5,4,3,Départementale,50.0,2
202400042455,2024-11-01,soirée,,,92,92025,5,1,3,4,3,Départementale,30.0,1
202400042456,2024-12-07,nuit,,,75,75114,5,2,3,3,4,Voie communale,50.0,2
202400042457,2024-09-27,soirée,,,91,91514,5,1,6,4,3,Départementale,50.0,1
202400042458,2024-11-02,après-midi,,,92,92007,1,1,6,4,4,Voie communale,50.0,1
202400042459,2024-09-26,après-midi,,,91,91691,1,3,2,4,3,Départementale,50.0,2
202400042460,2024-12-08,nuit,,,94,94042,5,2,2,4,3,Départementale,50.0,2
202400042461,2024-11-02,soirée,,,47,47069,2,1,3,4,2,Nationale,,1
202400042462,2024-10-31,soirée,,,14,14409,5,1,3,4,4,Voie communale,50.0,1
202400042463,2024-09-27,nuit,,,91,91687,5,3,3,4,3,Départementale,50.0,2
202400042464,2024-12-08,soirée,,,94,94043,5,2,6,4,1,Autoroute,50.0,2
202400042465,2024-11-02,après-midi,,,63,63307,1,1,7,4,4,Voie communale,90.0,1
202400042466,2024-12-08,nuit,,,94,94028,5,2,3,3,3,Départementale,70.0,2
202400042467,2024-10-29,après-midi,,,62,62495,1,1,6,4,3,Départementale,80.0,1
202400042468,2024-09-25,après-midi,,,87,87085,1,2,6,4,4,Voie communale,50.0,2
202400042469,2024-10-31,nuit,,,52,52088,5,1,6,3,3,Départementale,70.0,1
202400042470,2024-12-07,soirée,,,94,94071,5,3,6,4,3,Départementale,30.0,2
202400042471,2024-09-27,matin,,,84,84035,1,1,3,4,4,Voie communale,30.0,1
202400042472,2024-11-02,après-midi,,,76,76624,1,1,6,3,5,Autre,50.0,1
202400042473,2024-12-07,soirée,,,94,94028,5,2,6,4,4,Voie communale,,2
202400042474,2024-11-03,après-midi,,,974,97412,1,1,3,3,2,Nationale,50.0,1
202400042475,2024-09-24,après-midi,,,84,84031,1,1,3,4,4,Voie communale,50.0,1
202400042476,2024-12-08,après-midi,,,93,93005,1,2,6,4,3,Départementale,50.0,2
202400042477,2024-11-03,après-midi,,,83,83070,1,1,1,4,4,Voie communale,50.0,1
202400042478,2024-09-27,après-midi,,,84,84007,1,1,6,4,4,Voie communale,50.0,1
202400042479,2024-12-07,soirée,,,93,93005,5,2,6,4,3,Départementale,50.0,2
202400042480,2024-11-03,matin,,,44,44113,3,1,2,4,2,Nationale,110.0,1
202400042481,2024-06-22,après-midi,,,83,83034,1,1,2,3,3,Départementale,50.0,1
202400042482,2024-12-07,soirée,,,93,93046,5,1,3,4,4,Voie communale,50.0,2
202400042483,2024-11-02,après-midi,,,56,56002,1,8,7,2,3,Départementale,80.0,1
202400042484,2024-09-27,après-midi,,,83,83069,1,1,6,4,4,Voie communale,50.0,1
202400042485,2024-12-07,soirée,,,93,93031,5,2,6,4,3,Départementale,50.0,2
202400042486,2024-11-02,soirée,,,79,79179,3,5,7,3,4,Voie communale,80.0,2
202400042487,2024-09-27,après-midi,,,81,81065,1,2,5,4,3,Départementale,90.0,2
202400042488,2024-12-08,après-midi,,,93,93057,5,2,4,4,3,Départementale,50.0,2
202400042489,2024-11-02,après-midi,,,63,63322,1,1,5,4,3,Départementale,90.0,1
202400042490,2024-09-27,soirée,,,80,80021,1,2,7,4,4,Voie communale,50.0,2
202400042491,2024-11-02,matin,,,63,63313,1,1,6,3,3,Départementale,90.0,2
202400042492,2024-12-07,nuit,,,93,93008,5,2,7,4,3,Départementale,50.0,2
202400042493,2024-09-27,après-midi,,,78,78551,1,1,3,4,4,Voie communale,30.0,2
202400042494,2024-11-03,après-midi,,,63,63353,1,1,1,3,3,Départementale,90.0,1
202400042495,2024-12-08,matin,,,92,92026,5,2,2,4,4,Voie communale,70.0,2
202400042496,2024-11-02,soirée,,,61,61375,3,1,2,3,3,Départementale,90.0,1
202400042497,2024-09-27,après-midi,,,78,78440,1,1,3,4,4,Voie communale,50.0,1
202400042498,2024-09-26,après-midi,,,77,77487,1,2,6,4,4,Voie communale,50.0,2
202400042499,2024-11-02,après-midi,,,35,35027,1,1,2,4,3,Départementale,30.0,1
202400042500,2024-10-08,soirée,,,66,66009,1,1,1,4,3,Départementale,80.0,1
202400042501,2024-09-24,soirée,,,77,77268,5,3,6,4,4,Voie communale,50.0,2
202400042502,2024-11-02,soirée,,,29,29037,3,1,3,4,3,Départementale,70.0,1
202400042503,2024-12-08,nuit,,,971,97114,5,2,3,3,2,Nationale,90.0,2
202400042504,2024-09-27,après-midi,,,76,76681,1,8,1,4,4,Voie communale,50.0,1
202400042505,2024-10-24,après-midi,,,31,31183,1,1,3,3,3,Départementale,80.0,1
202400042506,2024-12-01,après-midi,,,22,22206,1,1,6,3,3,Départementale,80.0,1
202400042507,2024-09-27,après-midi,,,73,73065,1,1,6,3,2,Nationale,90.0,1
202400042508,2024-11-03,nuit,,,38,38413,4,1,6,4,2,Nationale,50.0,1
202400042509,2024-12-08,soirée,,,974,97412,5,1,5,3,2,Nationale,70.0,1
202400042510,2024-09-27,soirée,,,73,73011,5,8,6,3,4,Voie communale,50.0,2
202400042511,2024-11-03,soirée,,,02,02011,3,5,6,3,2,Nationale,110.0,1
202400042512,2024-09-27,nuit,,,72,72181,5,8,6,3,4,Voie communale,50.0,1
202400042513,2024-11-02,nuit,,,02,02551,3,1,6,2,3,Départementale,80.0,1
202400042514,2024-10-30,après-midi,,,15,15096,1,1,6,4,3,Départementale,90.0,1
202400042515,2024-12-08,nuit,,,57,57620,3,1,7,4,1,Autoroute,130.0,1
202400042516,2024-09-27,nuit,,,69,69282,5,1,3,4,7,Autre,30.0,1
202400042517,2024-11-03,nuit,,,01,01348,3,1,6,3,3,Départementale,50.0,1
202400042518,2024-11-02,soirée,,,70,70317,3,1,6,3,3,Départementale,80.0,1
202400042519,2024-12-08,nuit,,,01,01189,3,4,2,3,3,Départementale,50.0,5
202400042520,2024-09-27,soirée,,,69,69271,2,7,1,4,4,Voie communale,50.0,1
202400042521,2024-11-02,soirée,,,70,70482,5,1,6,3,3,Départementale,50.0,1
202400042522,2024-09-27,matin,,,69,69290,1,1,1,4,4,Voie communale,50.0,1
202400042523,2024-11-03,matin,,,06,06073,1,1,7,4,7,Autre,,7
202400042524,2024-12-08,soirée,,,34,34118,3,1,3,4,3,Départementale,70.0,1