Num_Acc,date,time_of_day,lat,long,dep,com,lum,atm,col,severity_index,catr,catr_label,vma,surf
202400042525,2024-09-27,matin,,,69,69290,1,1,1,4,4,Voie communale,30.0,1
202400042526,2024-12-09,matin,,,57,57544,1,8,6,4,3,Départementale,80.0,2
202400042527,2024-11-02,nuit,,,14,14516,3,1,3,3,3,Départementale,50.0,1
202400042528,2024-09-26,après-midi,,,69,69259,1,3,5,4,4,Voie communale,50.0,3
202400042529,2024-12-08,soirée,,,59,59164,5,2,3,4,3,Départementale,70.0,2
202400042530,2024-11-03,nuit,,,14,14601,3,1,1,3,3,Départementale,80.0,1
202400042531,2024-09-27,matin,,,68,68224,1,2,6,2,4,Voie communale,50.0,2
202400042532,2024-11-02,matin,,,50,50359,1,8,7,3,3,Départementale,70.0,1
202400042533,2024-12-04,soirée,,,56,56078,3,1,1,4,4,Voie communale,50.0,1
202400042534,2024-09-27,soirée,,,61,61006,5,2,6,4,3,Départementale,50.0,2
202400042535,2024-11-02,matin,,,40,40055,3,1,3,4,3,Départementale,80.0,1
202400042536,2024-12-08,soirée,,,80,80191,3,2,7,4,3,Départementale,,2
202400042537,2024-06-19,matin,,,61,61038,1,1,6,4,4,Voie communale,50.0,1
202400042538,2024-11-02,soirée,,,17,17043,3,1,1,4,3,Départementale,80.0,1
202400042539,2024-09-27,après-midi,,,61,61001,1,2,3,4,4,Voie communale,30.0,2
202400042540,2024-11-02,après-midi,,,87,87089,1,1,7,3,3,Départementale,90.0,1
202400042541,2024-12-09,après-midi,,,12,12266,1,1,3,4,3,Départementale,90.0,1
202400042542,2024-11-02,matin,,,24,24348,1,1,6,3,3,Départementale,80.0,1
202400042543,2024-09-27,matin,,,51,51454,1,1,3,4,4,Voie communale,50.0,1
202400042544,2024-12-07,matin,,,44,44169,1,1,1,3,3,Départementale,80.0,1
202400042545,2024-11-03,nuit,,,13,13044,3,1,1,4,3,Départementale,70.0,1
202400042546,2024-09-26,après-midi,,,49,49007,1,1,3,4,4,Voie communale,30.0,1
202400042547,2024-12-07,nuit,,,29,29212,3,6,6,3,4,Voie communale,80.0,2
202400042548,2024-09-27,soirée,,,44,44184,1,1,3,4,4,Voie communale,30.0,1
202400042549,2024-11-03,nuit,,,06,06149,3,1,5,4,1,Autoroute,90.0,1
202400042550,2024-11-02,après-midi,,,988,98822,1,1,6,4,2,Nationale,90.0,1
202400042551,2024-12-07,après-midi,,,29,29215,1,6,1,4,3,Départementale,80.0,2
202400042552,2024-09-27,après-midi,,,44,44162,1,3,3,3,4,Voie communale,50.0,2
202400042553,2024-11-01,soirée,,,988,98821,3,1,3,4,1,Autoroute,110.0,1
202400042554,2024-12-09,nuit,,,15,15142,3,1,6,4,3,Départementale,80.0,2
202400042555,2024-09-23,après-midi,,,42,42218,1,1,6,4,4,Voie communale,,1
202400042556,2024-12-08,soirée,,,58,58172,3,2,7,4,3,Départementale,90.0,2
202400042557,2024-11-03,matin,,,971,97117,1,1,7,4,3,Départementale,70.0,1
202400042558,2024-09-25,après-midi,,,41,41047,1,2,7,3,4,Voie communale,50.0,2
202400042559,2024-11-03,nuit,,,95,95446,4,1,6,2,3,Départementale,50.0,1
202400042560,2024-12-09,matin,,,14,14622,1,2,6,4,3,Départementale,80.0,2
202400042561,2024-12-05,matin,,,50,50215,3,2,7,4,3,Départementale,80.0,2
202400042562,2024-11-01,matin,,,78,78597,2,5,1,4,3,Départementale,80.0,2
202400042563,2024-09-27,après-midi,,,38,38185,1,2,1,3,4,Voie communale,50.0,2
202400042564,2024-12-06,matin,,,50,50615,1,1,2,4,3,Départementale,30.0,1
202400042565,2024-11-03,après-midi,,,83,83016,1,1,1,2,3,Départementale,80.0,1
202400042566,2024-09-27,nuit,,,37,37233,4,1,6,4,4,Voie communale,50.0,1
202400042567,2024-11-03,matin,,,89,89102,1,1,6,3,3,Départementale,90.0,1
202400042568,2024-12-07,nuit,,,43,43152,5,2,6,3,3,Départementale,30.0,2
202400042569,2024-09-27,matin,,,34,34172,1,1,3,4,4,Voie communale,50.0,1
202400042570,2024-12-08,après-midi,,,07,07185,1,2,7,3,4,Voie communale,80.0,2
202400042571,2024-09-27,soirée,,,31,31555,5,1,3,4,4,Voie communale,50.0,1
202400042572,2024-11-03,après-midi,,,88,88196,1,1,1,4,3,Départementale,80.0,2
202400042573,2024-11-25,nuit,,,07,07010,5,1,3,4,4,Voie communale,50.0,1
202400042574,2024-11-03,nuit,,,57,57058,5,1,6,3,4,Voie communale,50.0,1
202400042575,2024-09-26,soirée,,,28,28218,2,1,6,3,3,Départementale,50.0,1
202400042576,2024-12-09,après-midi,,,52,52060,5,1,6,3,4,Voie communale,50.0,1
202400042577,2024-09-27,nuit,,,28,28209,3,1,7,4,3,Départementale,70.0,1
202400042578,2024-11-03,soirée,,,07,07324,5,1,1,4,3,Départementale,50.0,1
202400042579,2024-12-08,soirée,,,88,88385,3,1,1,4,3,Départementale,90.0,2
202400042580,2024-09-26,matin,,,27,27229,5,2,3,4,4,Voie communale,50.0,2
202400042581,2024-11-03,après-midi,,,07,07241,1,1,2,3,2,Nationale,80.0,1
202400042582,2024-11-02,soirée,,,07,07241,3,1,7,3,3,Départementale,80.0,1
202400042583,2024-12-08,après-midi,,,38,38553,5,2,6,4,3,Départementale,70.0,2
202400042584,2024-09-27,nuit,,,25,25462,2,1,3,4,4,Voie communale,50.0,1
202400042585,2024-11-02,matin,,,69,69009,1,8,6,3,3,Départementale,,1
202400042586,2024-09-27,soirée,,,25,25056,1,1,6,3,3,Départementale,45.0,1
202400042587,2024-12-09,soirée,,,13,13001,4,1,4,4,1,Autoroute,90.0,1
202400042588,2024-10-24,après-midi,,,33,33555,1,1,1,3,3,Départementale,50.0,1
202400042589,2024-12-09,soirée,,,13,13001,3,1,2,4,1,Autoroute,90.0,1
202400042590,2024-09-27,après-midi,,,13,13117,1,1,3,3,4,Voie communale,50.0,1
202400042591,2024-12-09,soirée,,,13,13001,4,1,2,4,1,Autoroute,90.0,1
202400042592,2024-11-01,après-midi,,,22,22282,1,1,3,4,3,Départementale,80.0,1
202400042593,2024-09-26,après-midi,,,11,11069,1,1,3,4,4,Voie communale,30.0,1
202400042594,2024-12-08,après-midi,,,83,83140,1,1,6,3,1,Autoroute,130.0,1
202400042595,2024-10-18,matin,,,35,35240,1,1,3,4,7,Autre,50.0,1
202400042596,2024-09-27,nuit,,,10,10362,5,2,1,4,4,Voie communale,50.0,2
202400042597,2024-12-03,matin,,,38,38193,3,1,2,4,1,Autoroute,130.0,1
202400042598,2024-11-03,après-midi,,,60,60612,1,1,6,4,3,Départementale,50.0,1
202400042599,2024-09-25,soirée,,,07,07102,1,1,3,3,4,Voie communale,50.0,1
202400042600,2024-12-07,matin,,,987,98747,1,1,3,3,2,Nationale,40.0,1
202400042601,2024-11-23,soirée,,,988,98807,3,3,6,2,3,Départementale,70.0,2
202400042602,2024-09-27,soirée,,,06,06088,1,1,3,4,4,Voie communale,50.0,1
202400042603,2024-12-09,soirée,,,988,98817,3,1,7,2,3,Départementale,50.0,9
202400042604,2024-09-27,après-midi,,,06,06088,1,1,6,4,7,Autre,50.0,1
202400042605,2024-11-02,après-midi,,,57,57487,3,1,5,4,1,Autoroute,90.0,1
202400042606,2024-12-06,après-midi,,,37,37027,5,1,2,3,3,Départementale,50.0,1
202400042607,2024-09-26,matin,,,06,06004,1,2,6,4,4,Voie communale,50.0,2
202400042608,2024-11-01,nuit,,,77,77251,3,1,2,4,1,Autoroute,90.0,1
202400042609,2024-12-09,après-midi,,,06,06019,1,1,3,4,3,Départementale,50.0,1
202400042610,2024-09-27,après-midi,,,75,75106,1,1,6,4,4,Voie communale,30.0,2
202400042611,2024-11-02,matin,,,78,78007,1,8,4,4,1,Autoroute,110.0,1
202400042612,2024-09-27,après-midi,,,75,75106,1,2,6,4,4,Voie communale,30.0,2
202400042613,2024-12-07,après-midi,,,89,89295,1,1,5,4,3,Départementale,70.0,1
202400042614,2024-11-01,après-midi,,,92,92036,1,1,3,4,1,Autoroute,90.0,1
202400042615,2024-12-07,nuit,,,88,88090,5,1,4,3,4,Voie communale,50.0,1
202400042616,2024-11-01,nuit,,,78,78073,3,1,6,4,2,Nationale,110.0,1
202400042617,2024-09-27,après-midi,,,75,75120,1,1,6,4,4,Voie communale,30.0,1
202400042618,2024-12-08,soirée,,,57,57752,5,1,6,4,3,Départementale,50.0,1
202400042619,2024-09-27,après-midi,,,75,75118,1,1,6,4,4,Voie communale,30.0,1
202400042620,2024-11-02,après-midi,,,95,95212,1,1,4,4,1,Autoroute,110.0,1
202400042621,2024-09-27,après-midi,,,75,75117,1,2,6,4,4,Voie communale,30.0,2
202400042622,2024-12-08,soirée,,,38,38197,3,2,5,4,3,Départementale,90.0,2
202400042623,2024-11-02,après-midi,,,95,95277,1,1,2,4,1,Autoroute,70.0,1
202400042624,2024-09-27,après-midi,,,75,75117,1,2,6,4,4,Voie communale,30.0,2
202400042625,2024-12-09,matin,,,69,69136,1,2,3,3,3,Départementale,50.0,2
202400042626,2024-11-02,matin,,,92,92036,1,1,2,4,1,Autoroute,90.0,1
202400042627,2024-09-27,matin,,,75,75117,1,1,6,4,4,Voie communale,30.0,1
202400042628,2024-12-05,soirée,,,81,81140,3,1,7,4,3,Départementale,90.0,1
202400042629,2024-11-02,nuit,,,94,94028,3,2,2,4,1,Autoroute,90.0,2
202400042630,2024-12-05,soirée,,,14,14762,3,2,7,4,3,Départementale,90.0,2
202400042631,2024-09-27,matin,,,75,75116,1,1,3,4,4,Voie communale,50.0,1
202400042632,2024-11-02,nuit,,,94,94046,3,1,4,4,1,Autoroute,90.0,1
202400042633,2024-12-08,soirée,,,29,29058,5,1,5,4,3,Départementale,30.0,1
202400042634,2024-09-26,nuit,,,75,75115,5,1,1,4,4,Voie communale,30.0,1
202400042635,2024-12-07,nuit,,,27,27196,3,2,3,4,3,Départementale,70.0,2
202400042636,2024-10-31,soirée,,,94,94033,5,1,4,4,1,Autoroute,90.0,1
202400042637,2024-09-25,soirée,,,75,75114,5,2,6,4,4,Voie communale,30.0,2
202400042638,2024-11-01,après-midi,,,988,98818,1,1,6,4,5,Autre,10.0,1
202400042639,2024-09-27,après-midi,,,75,75113,1,2,7,4,4,Voie communale,30.0,2
202400042640,2024-12-07,nuit,,,60,60409,5,2,6,3,4,Voie communale,50.0,2
202400042641,2024-09-26,matin,,,75,75112,1,1,6,4,4,Voie communale,30.0,1
202400042642,2024-12-09,après-midi,,,59,59092,5,2,6,3,3,Départementale,50.0,2
202400042643,2024-11-01,matin,,,974,97411,1,1,3,4,4,Voie communale,30.0,1
202400042644,2024-09-25,après-midi,,,75,75112,1,2,3,4,4,Voie communale,30.0,2
202400042645,2024-11-01,nuit,,,69,69387,5,1,2,3,4,Voie communale,30.0,1
202400042646,2024-12-08,après-midi,,,59,59250,2,2,2,4,2,Nationale,90.0,2
202400042647,2024-09-27,matin,,,75,75107,1,1,3,4,4,Voie communale,30.0,1
202400042648,2024-11-01,après-midi,,,972,97213,1,1,3,4,3,Départementale,70.0,1
202400042649,2024-12-07,soirée,,,13,13005,3,1,2,4,1,Autoroute,90.0,1
202400042650,2024-09-27,soirée,,,75,75101,1,8,3,4,4,Voie communale,30.0,2
202400042651,2024-11-01,nuit,,,69,69382,5,1,6,4,4,Voie communale,50.0,1
202400042652,2024-12-07,après-midi,,,13,13081,1,2,6,4,1,Autoroute,50.0,2
202400042653,2024-11-01,matin,,,971,97120,1,1,6,4,3,Départementale,50.0,1
202400042654,2024-09-27,matin,,,94,94068,1,1,3,4,3,Départementale,30.0,1
202400042655,2024-12-06,après-midi,,,13,13210,1,1,2,4,1,Autoroute,70.0,1
202400042656,2024-11-01,matin,,,971,97113,1,1,6,3,2,Nationale,70.0,1
202400042657,2024-09-27,matin,,,94,94042,1,1,3,4,3,Départementale,50.0,1
202400042658,2024-12-08,nuit,,,83,83129,3,1,5,3,1,Autoroute,90.0,1
202400042659,2024-09-27,après-midi,,,94,94021,1,2,6,4,4,Voie communale,30.0,2
202400042660,2024-10-31,soirée,,,971,97101,5,1,5,4,3,Départementale,50.0,1
202400042661,2024-12-08,nuit,,,69,69204,3,2,5,4,1,Autoroute,90.0,2
202400042662,2024-11-01,après-midi,,,95,95585,1,1,6,3,3,Départementale,50.0,1
202400042663,2024-12-07,après-midi,,,57,57480,1,8,2,4,1,Autoroute,90.0,2
202400042664,2024-11-01,après-midi,,,95,95018,1,1,2,4,3,Départementale,90.0,1
202400042665,2024-12-08,soirée,,,91,91363,3,1,6,4,2,Nationale,70.0,2
202400042666,2024-11-01,après-midi,,,91,91097,1,1,3,4,3,Départementale,50.0,1
202400042667,2024-12-08,après-midi,,,91,91086,1,3,2,4,2,Nationale,50.0,2
202400042668,2024-12-08,matin,,,91,91521,3,2,6,4,2,Nationale,50.0,2
202400042669,2024-11-01,nuit,,,84,84007,4,1,3,4,4,Voie communale,50.0,1
202400042670,2024-09-18,après-midi,,,73,73307,1,1,1,2,3,Départementale,80.0,1
202400042671,2024-11-01,soirée,,,80,80021,2,1,3,4,4,Voie communale,50.0,1
202400042672,2024-08-23,après-midi,,,73,73256,1,1,4,3,3,Départementale,80.0,1
202400042673,2024-11-01,matin,,,79,79191,3,5,1,4,3,Départementale,90.0,2
202400042674,2024-08-22,après-midi,,,73,73290,1,1,3,4,3,Départementale,80.0,1
202400042675,2024-11-01,matin,,,77,77284,1,1,6,4,3,Départementale,50.0,1
202400042676,2024-04-06,nuit,,,07,07010,5,1,6,3,4,Voie communale,,1
202400042677,2024-11-01,soirée,,,72,72181,5,5,3,4,4,Voie communale,50.0,1
202400042678,2024-09-23,matin,,,43,43046,1,7,6,2,4,Voie communale,50.0,1
202400042679,2024-11-01,matin,,,71,71486,1,1,3,4,4,Voie communale,50.0,1
202400042680,2024-08-24,après-midi,,,43,43012,1,1,2,4,3,Départementale,90.0,1
202400042681,2024-08-10,matin,,,43,43262,1,1,6,3,4,Voie communale,80.0,1
202400042682,2024-11-01,matin,,,71,71499,2,5,6,2,3,Départementale,50.0,2
202400042683,2024-11-01,après-midi,,,69,69029,1,1,6,4,4,Voie communale,50.0,1
202400042684,2024-08-03,après-midi,,,43,43144,1,1,3,3,3,Départementale,50.0,9
202400042685,2024-07-28,nuit,,,43,43074,3,1,6,4,2,Nationale,110.0,1
202400042686,2024-10-31,nuit,,,69,69029,5,1,1,4,7,Autre,50.0,1
202400042687,2024-07-16,soirée,,,43,43025,1,1,6,4,3,Départementale,80.0,1
202400042688,2024-11-01,après-midi,,,67,67482,5,1,3,4,7,Autre,50.0,1
202400042689,2024-06-26,après-midi,,,77,77159,1,1,2,3,3,Départementale,80.0,1
202400042690,2024-10-31,soirée,,,66,66136,5,1,1,4,4,Voie communale,50.0,1
202400042691,2024-07-22,après-midi,,,77,77219,1,1,5,4,3,Départementale,80.0,1
202400042692,2024-11-01,après-midi,,,64,64122,1,1,7,4,4,Voie communale,30.0,1
202400042693,2024-11-01,matin,,,62,62563,1,1,6,3,3,Départementale,50.0,1
202400042694,2024-10-06,après-midi,,,74,74012,1,1,3,4,4,Voie communale,50.0,1
202400042695,2024-11-02,nuit,,,54,54526,5,2,2,4,7,Autre,50.0,2
202400042696,2024-10-05,après-midi,,,74,74012,1,1,2,4,4,Voie communale,50.0,1
202400042697,2024-11-01,soirée,,,42,42071,5,1,6,4,4,Voie communale,50.0,1
202400042698,2024-09-12,matin,,,57,57240,1,1,6,2,4,Voie communale,30.0,1
202400042699,2024-11-01,soirée,,,35,35238,5,5,3,4,4,Voie communale,30.0,2
202400042700,2024-12-06,nuit,,,974,97416,3,1,6,2,2,Nationale,50.0,1
202400042701,2024-10-29,soirée,,,35,35238,2,1,6,4,4,Voie communale,30.0,1
202400042702,2024-12-07,matin,,,972,97213,1,1,6,4,9,Autre,50.0,1
202400042703,2024-11-01,après-midi,,,34,34301,1,1,6,4,3,Départementale,25.0,1
202400042704,2024-12-07,nuit,,,2B,2B037,5,2,1,4,4,Voie communale,50.0,2
202400042705,2024-10-31,nuit,,,34,34172,5,1,3,3,4,Voie communale,50.0,1
202400042706,2024-12-07,soirée,,,2B,2B033,3,3,5,4,4,Voie communale,70.0,2
202400042707,2024-11-01,matin,,,31,31555,5,1,6,4,4,Voie communale,50.0,1
202400042708,2024-11-01,soirée,,,25,25056,5,1,6,4,4,Voie communale,30.0,1
202400042709,2024-12-07,après-midi,,,2B,2B120,2,1,2,4,2,Nationale,70.0,1
202400042710,2024-11-01,soirée,,,13,13054,2,1,2,4,4,Voie communale,50.0,1
202400042711,2024-12-07,matin,,,971,97113,1,1,3,4,2,Nationale,90.0,1
202400042712,2024-11-01,soirée,,,13,13071,5,1,3,4,4,Voie communale,30.0,1
202400042713,2024-12-06,soirée,,,971,97101,3,9,6,4,3,Départementale,50.0,2
202400042714,2024-11-01,nuit,,,13,13208,5,1,3,4,4,Voie communale,50.0,1
202400042715,2024-12-06,après-midi,,,2A,2A004,5,2,6,4,4,Voie communale,50.0,2
202400042716,2024-11-01,matin,,,13,13213,2,1,3,4,4,Voie communale,50.0,1
202400042717,2024-12-07,après-midi,,,95,95427,1,2,6,3,3,Départementale,50.0,2
202400042718,2024-12-06,après-midi,,,91,91103,1,1,1,4,4,Voie communale,50.0,1
202400042719,2024-11-01,nuit,,,13,13001,5,1,3,4,4,Voie communale,30.0,1
202400042720,2024-12-07,soirée,,,91,91421,5,3,6,3,3,Départementale,50.0,2
202400042721,2024-11-01,après-midi,,,11,11069,2,1,3,4,4,Voie communale,50.0,1
202400042722,2024-12-06,après-midi,,,91,91201,1,1,6,4,4,Voie communale,50.0,1
202400042723,2024-11-01,nuit,,,02,02738,5,2,6,4,3,Départementale,50.0,2
202400042724,2024-11-01,soirée,,,01,01053,5,5,3,4,3,Départementale,50.0,2
202400042725,2024-11-01,nuit,,,75,75116,3,2,7,4,4,Voie communale,50.0,2
202400042726,2024-11-01,nuit,,,75,75116,5,1,3,4,4,Voie communale,30.0,1
202400042727,2024-11-01,matin,,,75,75116,1,1,3,4,4,Voie communale,30.0,1
202400042728,2024-11-01,nuit,,,75,75116,5,1,3,4,4,Voie communale,30.0,1
202400042729,2024-10-31,nuit,,,75,75114,5,1,3,4,4,Voie communale,30.0,1
202400042730,2024-11-01,après-midi,,,75,75111,1,1,2,4,4,Voie communale,30.0,1
202400042731,2024-11-01,matin,,,75,75107,5,1,2,4,4,Voie communale,30.0,1
202400042732,2024-11-01,nuit,,,94,94081,5,1,6,4,3,Départementale,50.0,1
202400042733,2024-11-01,après-midi,,,94,94041,1,1,6,4,3,Départementale,50.0,1
202400042734,2024-11-01,après-midi,,,93,93072,1,1,2,4,3,Départementale,50.0,1
202400042735,2024-11-01,soirée,,,93,93064,5,1,4,4,3,Départementale,50.0,1
202400042736,2024-11-01,soirée,,,93,93005,5,1,3,4,4,Voie communale,40.0,1
202400042737,2024-11-01,après-midi,,,92,92049,1,8,6,4,3,Départementale,50.0,1
202400042738,2024-11-01,matin,,,92,92049,1,1,3,4,4,Voie communale,50.0,1
202400042739,2024-11-01,soirée,,,92,92025,5,1,6,4,3,Départementale,30.0,1
202400042740,2024-11-01,matin,,,92,92019,1,8,1,4,4,Voie communale,50.0,1
202400042741,2024-11-01,nuit,,,92,92023,3,5,6,4,4,Voie communale,50.0,9
202400042742,2024-11-02,matin,,,54,54125,1,1,7,2,3,Départementale,80.0,1
202400042743,2024-11-01,soirée,,,33,33392,3,1,7,3,3,Départementale,80.0,1
202400042744,2024-11-02,après-midi,,,84,84069,1,1,1,2,3,Départementale,80.0,1
202400042745,2024-10-30,après-midi,,,31,31446,1,1,6,4,4,Voie communale,30.0,1
202400042746,2024-11-01,après-midi,,,83,83004,1,1,6,4,4,Voie communale,50.0,1
202400042747,2024-11-01,soirée,,,26,26160,3,8,3,4,2,Nationale,80.0,1
202400042748,2024-11-01,après-midi,,,30,30030,1,1,2,4,3,Départementale,70.0,1
202400042749,2024-11-01,nuit,,,34,34270,3,1,3,3,4,Voie communale,,1
202400042750,2024-11-02,après-midi,,,82,82030,1,1,6,3,4,Voie communale,80.0,1
202400042751,2024-11-01,soirée,,,82,82075,2,1,5,3,3,Départementale,50.0,1
202400042752,2024-11-01,après-midi,,,69,69217,1,1,3,4,3,Départementale,80.0,1
202400042753,2024-11-02,après-midi,,,63,63328,1,1,1,4,3,Départementale,90.0,1
202400042754,2024-11-01,soirée,,,55,55497,3,5,7,3,3,Départementale,90.0,1
202400042755,2024-11-02,nuit,,,55,55138,3,5,6,4,3,Départementale,80.0,1
202400042756,2024-11-02,nuit,,,41,41175,3,5,6,2,3,Départementale,80.0,1
202400042757,2024-10-30,après-midi,,,41,41159,3,5,6,3,3,Départementale,80.0,1
202400042758,2024-10-25,après-midi,,,39,39526,1,1,3,3,4,Voie communale,50.0,1
202400042759,2024-11-02,après-midi,,,25,25578,1,1,6,4,6,Autre,50.0,1
202400042760,2024-11-02,nuit,,,29,29293,3,1,6,3,3,Départementale,50.0,1
202400042761,2024-11-02,matin,,,84,84133,1,1,3,4,4,Voie communale,50.0,1
202400042762,2024-11-01,après-midi,,,03,03145,1,1,2,3,3,Départementale,90.0,1
202400042763,2024-01-10,nuit,,,75,75113,5,1,3,4,4,Voie communale,70.0,1
202400042764,2024-01-11,matin,,,75,75120,1,1,3,4,4,Voie communale,30.0,1
202400042765,2024-01-11,soirée,,,75,75115,5,1,6,2,4,Voie communale,30.0,1
202400042766,2024-01-11,matin,,,75,75112,1,1,6,3,4,Voie communale,50.0,1
202400042767,2024-01-11,matin,,,75,75111,5,1,6,4,4,Voie communale,30.0,1
202400042768,2024-01-10,après-midi,,,75,75110,5,1,6,4,4,Voie communale,30.0,1
202400042769,2024-01-11,après-midi,,,75,75108,1,1,6,4,4,Voie communale,30.0,1
202400042770,2024-01-11,matin,,,94,94081,1,1,6,4,3,Départementale,30.0,1
202400042771,2024-01-11,après-midi,,,94,94076,1,1,6,4,4,Voie communale,,1
202400042772,2024-01-11,après-midi,,,94,94073,1,1,3,4,2,Nationale,70.0,1
202400042773,2024-01-10,nuit,,,94,94028,5,1,1,4,4,Voie communale,50.0,1
202400042774,2024-01-11,nuit,,,94,94073,3,1,2,4,4,Voie communale,,1
202400042775,2024-01-11,nuit,,,94,94002,5,1,3,4,3,Départementale,50.0,1
202400042776,2024-01-11,matin,,,95,95527,1,1,2,4,4,Voie communale,50.0,1
202400042777,2024-01-11,matin,,,95,95527,4,1,6,4,3,Départementale,50.0,7
202400042778,2024-01-11,soirée,,,93,93049,5,1,3,4,4,Voie communale,50.0,1
202400042779,2024-01-11,matin,,,93,93049,1,1,2,4,4,Voie communale,,1
202400042780,2024-01-11,soirée,,,93,93048,5,1,6,4,3,Départementale,50.0,1
202400042781,2024-01-11,matin,,,93,93074,1,1,3,4,3,Départementale,50.0,1
202400042782,2024-01-11,soirée,,,93,93063,5,1,3,4,4,Voie communale,50.0,1
202400042783,2024-01-11,après-midi,,,93,93007,1,1,3,4,4,Voie communale,50.0,1
202400042784,2024-01-10,après-midi,,,93,93005,5,1,6,4,4,Voie communale,30.0,1
202400042785,2024-01-11,après-midi,,,92,92078,1,1,3,4,4,Voie communale,50.0,1
202400042786,2024-01-11,matin,,,92,92035,1,1,3,4,3,Départementale,50.0,1
202400042787,2024-01-11,après-midi,,,92,92026,5,1,3,4,3,Départementale,50.0,1
202400042788,2024-01-11,soirée,,,92,92012,5,1,2,4,3,Départementale,50.0,1
202400042789,2024-01-11,nuit,,,27,27230,3,1,6,4,3,Départementale,80.0,7
202400042790,2024-01-11,matin,,,62,62261,1,7,6,3,4,Voie communale,50.0,1
202400042791,2024-01-11,après-midi,,,83,83019,1,1,5,4,3,Départementale,80.0,2
202400042792,2024-01-11,matin,,,62,62770,5,9,1,3,3,Départementale,70.0,1
202400042793,2024-01-12,nuit,,,62,62874,3,9,1,4,3,Départementale,80.0,2
202400042794,2024-01-03,après-midi,,,27,27056,1,2,3,4,4,Voie communale,50.0,2
202400042795,2024-01-11,soirée,,,24,24372,3,1,1,3,3,Départementale,80.0,1
202400042796,2024-01-10,soirée,,,91,91617,4,1,1,4,3,Départementale,80.0,1
202400042797,2024-01-12,matin,,,80,80557,1,1,6,3,3,Départementale,50.0,1
202400042798,2024-01-12,matin,,,71,71292,1,1,6,3,3,Départementale,50.0,1
202400042799,2024-01-11,nuit,,,49,49069,3,1,7,2,3,Départementale,80.0,1
202400042800,2024-01-11,matin,,,49,49307,1,9,1,4,3,Départementale,80.0,7
202400042801,2024-01-12,matin,,,47,47069,2,1,1,4,2,Nationale,80.0,1
202400042802,2024-01-12,nuit,,,14,14504,3,1,6,3,3,Départementale,80.0,1
202400042803,2024-01-11,après-midi,,,40,40313,1,1,7,4,3,Départementale,80.0,1
202400042804,2024-01-12,après-midi,,,17,17218,1,1,1,4,3,Départementale,50.0,1
202400042805,2024-01-11,nuit,,,23,23093,3,1,7,3,3,Départementale,90.0,1
202400042806,2024-01-12,après-midi,,,01,01445,1,1,7,3,1,Autoroute,130.0,1
202400042807,2024-01-05,matin,,,69,69268,2,2,3,4,3,Départementale,50.0,2
202400042808,2024-01-11,soirée,,,14,14301,3,1,5,3,1,Autoroute,130.0,1
202400042809,2024-01-11,après-midi,,,38,38030,5,8,7,4,3,Départementale,50.0,1
202400042810,2024-01-01,nuit,,,45,45067,3,5,7,4,1,Autoroute,110.0,2
202400042811,2024-01-02,nuit,,,17,17044,3,8,7,4,1,Autoroute,130.0,2
202400042812,2024-01-12,matin,,,971,97128,1,1,6,4,4,Voie communale,80.0,1
202400042813,2024-01-08,matin,,,78,78520,3,1,1,4,3,Départementale,70.0,1
202400042814,2024-01-12,après-midi,,,2B,2B042,2,1,6,3,3,Départementale,70.0,1
202400042815,2024-01-09,matin,,,66,66008,1,7,6,3,3,Départementale,50.0,1
202400042816,2024-01-11,après-midi,,,06,06158,1,1,6,3,3,Départementale,80.0,2
202400042817,2024-01-11,après-midi,,,52,52106,2,1,5,4,2,Nationale,,1
202400042818,2024-01-12,matin,,,68,68255,3,9,2,3,3,Départementale,110.0,1
202400042819,2024-01-11,soirée,,,33,33198,3,1,6,3,3,Départementale,80.0,1
202400042820,2024-01-12,soirée,,,35,35054,3,9,6,3,3,Départementale,80.0,1
202400042821,2024-01-12,après-midi,,,35,35212,1,8,3,3,3,Départementale,70.0,1
202400042822,2024-01-12,matin,,,27,27408,1,1,6,3,3,Départementale,80.0,1
202400042823,2024-01-11,soirée,,,83,83069,3,1,4,4,2,Nationale,70.0,1
202400042824,2024-01-11,matin,,,69,69285,3,5,4,4,3,Départementale,90.0,2
202400042825,2024-01-10,nuit,,,54,54091,3,1,2,3,1,Autoroute,110.0,1
202400042826,2024-01-07,après-midi,,,67,67049,1,1,2,4,7,Autre,110.0,1
202400042827,2024-01-11,nuit,,,93,93006,3,1,2,4,1,Autoroute,70.0,1
202400042828,2024-01-11,après-midi,,,94,94069,2,1,2,4,1,Autoroute,90.0,1
202400042829,2024-01-10,soirée,,,974,97416,5,1,6,3,4,Voie communale,50.0,1
202400042830,2024-01-10,après-midi,,,974,97411,1,1,6,4,4,Voie communale,50.0,1
202400042831,2024-01-10,après-midi,,,973,97302,1,1,3,4,4,Voie communale,50.0,1
202400042832,2024-01-10,matin,,,973,97302,1,2,3,4,3,Départementale,50.0,2
202400042833,2024-01-10,soirée,,,69,69383,5,2,3,4,4,Voie communale,30.0,2
202400042834,2024-01-10,nuit,,,972,97209,5,1,6,4,2,Nationale,50.0,1
202400042835,2024-01-10,nuit,,,69,69034,5,2,6,4,4,Voie communale,50.0,2
202400042836,2024-01-09,après-midi,,,91,91433,1,4,1,3,3,Départementale,70.0,7
202400042837,2024-01-10,matin,,,87,87085,1,8,3,4,4,Voie communale,50.0,1