Num_Acc,date,time_of_day,lat,long,dep,com,lum,atm,col,severity_index,catr,catr_label,vma,surf
202400042838,2024-01-10,matin,,,84,84087,1,1,1,4,3,Départementale,50.0,1
202400042839,2024-01-07,soirée,,,80,80489,5,1,7,4,4,Voie communale,50.0,1
202400042840,2024-01-10,soirée,,,78,78401,5,1,1,4,3,Départementale,50.0,1
202400042841,2024-01-10,après-midi,,,77,77243,1,1,3,4,4,Voie communale,50.0,1
202400042842,2024-01-10,nuit,,,76,76351,5,1,7,4,4,Voie communale,50.0,1
202400042843,2024-04-03,après-midi,,,06,06088,1,1,6,4,4,Voie communale,50.0,1
202400042844,2024-01-10,matin,,,69,69029,2,8,6,4,4,Voie communale,50.0,1
202400042845,2024-04-03,après-midi,,,06,06069,1,1,6,4,3,Départementale,50.0,1
202400042846,2024-01-09,après-midi,,,67,67447,1,1,4,4,4,Voie communale,50.0,1
202400042847,2024-04-03,matin,,,06,06027,1,1,3,4,7,Autre,50.0,1
202400042848,2024-01-08,soirée,,,67,67043,5,1,6,4,4,Voie communale,50.0,1
202400042849,2024-04-03,après-midi,,,75,75116,1,1,3,4,4,Voie communale,70.0,1
202400042850,2024-01-10,après-midi,,,67,67180,1,1,6,4,3,Départementale,50.0,1
202400042851,2024-01-10,après-midi,,,66,66136,2,2,5,3,4,Voie communale,50.0,2
202400042852,2024-04-03,après-midi,,,75,75118,1,1,3,4,4,Voie communale,50.0,1
202400042853,2024-04-02,matin,,,75,75116,1,1,6,4,4,Voie communale,30.0,1
202400042854,2024-01-10,après-midi,,,66,66136,1,1,3,4,4,Voie communale,50.0,1
202400042855,2024-04-03,soirée,,,75,75113,5,1,3,4,4,Voie communale,30.0,1
202400042856,2024-01-10,après-midi,,,64,64348,1,8,3,4,4,Voie communale,50.0,1
202400042857,2024-01-10,soirée,,,63,63164,3,4,7,3,7,Autre,50.0,5
202400042858,2024-01-09,nuit,,,60,60159,3,1,6,4,2,Nationale,30.0,1
202400042859,2024-04-03,matin,,,75,75113,1,2,6,4,4,Voie communale,30.0,2
202400042860,2024-01-10,après-midi,,,59,59426,1,8,1,4,4,Voie communale,50.0,1
202400042861,2024-04-03,matin,,,75,75112,2,2,6,4,4,Voie communale,30.0,2
202400042862,2024-01-10,après-midi,,,59,59350,1,1,3,4,4,Voie communale,50.0,1
202400042863,2024-04-02,nuit,,,75,75112,5,2,6,4,4,Voie communale,30.0,2
202400042864,2024-01-10,après-midi,,,59,59360,1,1,6,4,4,Voie communale,50.0,1
202400042865,2024-04-03,matin,,,75,75111,1,2,3,4,4,Voie communale,30.0,2
202400042866,2024-01-09,soirée,,,54,54395,5,4,6,4,4,Voie communale,30.0,5
202400042867,2024-04-03,soirée,,,75,75110,5,1,3,4,4,Voie communale,30.0,1
202400042868,2024-01-10,soirée,,,51,51454,5,1,6,4,4,Voie communale,50.0,1
202400042869,2024-01-10,soirée,,,49,49099,5,1,3,4,3,Départementale,50.0,1
202400042870,2024-04-03,matin,,,75,75108,1,1,3,4,4,Voie communale,50.0,1
202400042871,2024-05-10,soirée,,,972,97213,1,1,1,4,3,Départementale,70.0,1
202400042872,2024-01-10,matin,,,45,45147,5,1,1,4,4,Voie communale,50.0,1
202400042873,2024-04-03,après-midi,,,75,75107,1,1,3,4,4,Voie communale,30.0,1
202400042874,2024-01-08,matin,,,36,36044,5,9,6,4,4,Voie communale,50.0,1
202400042875,2024-05-10,nuit,,,95,95019,5,1,6,4,3,Départementale,50.0,1
202400042876,2024-04-03,matin,,,75,75104,1,2,3,4,4,Voie communale,30.0,2
202400042877,2024-01-10,nuit,,,34,34336,3,1,6,3,3,Départementale,90.0,1
202400042878,2024-05-10,matin,,,95,95252,1,1,6,4,4,Voie communale,50.0,1
202400042879,2024-04-03,nuit,,,94,94058,5,2,1,4,3,Départementale,50.0,2
202400042880,2024-01-10,matin,,,33,33069,1,4,3,4,4,Voie communale,50.0,5
202400042881,2024-05-08,nuit,,,95,95510,3,1,6,4,2,Nationale,110.0,1
202400042882,2024-01-09,matin,,,29,29019,5,1,6,4,4,Voie communale,50.0,1
202400042883,2024-01-10,soirée,,,27,27562,5,1,6,4,6,Autre,30.0,1
202400042884,2024-04-01,après-midi,,,94,94042,1,1,2,4,4,Voie communale,,1
202400042885,2024-05-10,après-midi,,,91,91377,1,1,6,4,4,Voie communale,50.0,1
202400042886,2024-01-10,après-midi,,,27,27229,1,1,6,3,4,Voie communale,70.0,1
202400042887,2024-04-03,matin,,,94,94028,3,3,1,4,3,Départementale,10.0,2
202400042888,2024-05-10,après-midi,,,91,91521,1,1,1,4,4,Voie communale,15.0,1
202400042889,2024-01-09,soirée,,,26,26058,5,2,3,4,4,Voie communale,50.0,2
202400042890,2024-04-03,matin,,,94,94019,2,2,1,4,3,Départementale,50.0,2
202400042891,2024-01-10,après-midi,,,26,26198,1,2,3,3,3,Départementale,50.0,2
202400042892,2024-05-09,nuit,,,85,85194,5,1,3,3,4,Voie communale,50.0,1
202400042893,2024-04-03,après-midi,,,93,93007,1,1,6,4,3,Départementale,50.0,2
202400042894,2024-05-10,soirée,,,84,84035,1,1,3,4,4,Voie communale,50.0,1
202400042895,2024-01-10,soirée,,,13,13214,5,1,2,4,4,Voie communale,50.0,1
202400042896,2024-04-03,soirée,,,92,92077,2,1,3,4,3,Départementale,50.0,1
202400042897,2024-01-10,matin,,,13,13210,2,2,1,3,4,Voie communale,30.0,2
202400042898,2024-05-10,après-midi,,,30,30351,1,1,3,4,4,Voie communale,30.0,1
202400042899,2024-05-09,matin,,,83,83118,1,1,7,2,4,Voie communale,50.0,1
202400042900,2024-01-10,matin,,,13,13214,2,2,1,4,4,Voie communale,50.0,2
202400042901,2024-04-03,après-midi,,,92,92050,1,1,3,4,3,Départementale,50.0,1
202400042902,2024-05-10,matin,,,80,80021,1,1,1,4,4,Voie communale,50.0,1
202400042903,2024-05-10,après-midi,,,78,78208,1,1,2,4,3,Départementale,30.0,1
202400042904,2024-04-02,matin,,,92,92050,1,1,3,4,4,Voie communale,50.0,1
202400042905,2024-01-10,après-midi,,,13,13001,1,8,5,4,2,Nationale,50.0,2
202400042906,2024-05-10,nuit,,,76,76351,5,1,6,4,4,Voie communale,,1
202400042907,2024-05-08,soirée,,,76,76552,1,1,6,4,4,Voie communale,50.0,1
202400042908,2024-04-03,soirée,,,92,92036,1,1,2,4,3,Départementale,50.0,1
202400042909,2024-01-06,après-midi,,,12,12145,1,1,3,4,4,Voie communale,50.0,1
202400042910,2024-05-10,après-midi,,,67,67218,1,1,6,4,4,Voie communale,30.0,1
202400042911,2024-04-02,soirée,,,92,92035,5,8,6,4,3,Départementale,50.0,2
202400042912,2024-01-10,après-midi,,,06,06088,1,1,6,4,4,Voie communale,50.0,1
202400042913,2024-05-10,matin,,,67,67482,2,1,1,4,4,Voie communale,50.0,1
202400042914,2024-04-03,soirée,,,92,92025,1,1,3,4,4,Voie communale,30.0,1
202400042915,2024-01-04,après-midi,,,06,06069,2,1,3,4,4,Voie communale,50.0,1
202400042916,2024-05-10,matin,,,66,66136,1,1,6,4,4,Voie communale,50.0,1
202400042917,2024-04-03,soirée,,,92,92012,1,1,3,4,3,Départementale,50.0,1
202400042918,2024-05-08,soirée,,,65,65226,1,1,3,4,3,Départementale,70.0,1
202400042919,2024-01-10,matin,,,03,03185,5,8,6,3,6,Autre,50.0,1
202400042920,2024-05-10,après-midi,,,64,64122,1,1,3,3,3,Départementale,70.0,1
202400042921,2024-04-03,après-midi,,,92,92012,1,1,2,4,3,Départementale,30.0,1
202400042922,2024-01-10,après-midi,,,75,75118,1,1,3,4,4,Voie communale,30.0,1
202400042923,2024-05-10,nuit,,,63,63113,5,1,6,4,6,Autre,50.0,1
202400042924,2024-01-10,matin,,,75,75117,1,1,6,4,4,Voie communale,30.0,1
202400042925,2024-04-03,après-midi,,,92,92004,1,2,4,4,3,Départementale,50.0,2
202400042926,2024-05-10,après-midi,,,59,59350,1,1,3,4,4,Voie communale,30.0,1
202400042927,2024-01-09,après-midi,,,75,75116,5,8,6,4,4,Voie communale,30.0,1
202400042928,2024-05-09,après-midi,,,59,59178,1,1,3,3,3,Départementale,50.0,1
202400042929,2024-04-02,soirée,,,92,92004,5,8,3,4,3,Départementale,50.0,2
202400042930,2024-01-10,soirée,,,75,75115,5,1,3,4,4,Voie communale,30.0,1
202400042931,2024-04-04,matin,,,26,26092,2,1,6,3,4,Voie communale,80.0,1
202400042932,2024-01-10,matin,,,75,75115,1,8,6,4,4,Voie communale,30.0,1
202400042933,2024-05-06,soirée,,,58,58194,1,1,2,4,4,Voie communale,30.0,1
202400042934,2024-01-08,après-midi,,,75,75114,1,1,6,4,4,Voie communale,30.0,1
202400042935,2024-04-03,après-midi,,,40,40304,1,1,1,3,4,Voie communale,30.0,1
202400042936,2024-05-09,soirée,,,56,56083,2,1,6,4,4,Voie communale,20.0,1
202400042937,2024-01-10,matin,,,75,75110,5,1,3,4,4,Voie communale,30.0,1
202400042938,2024-03-30,nuit,,,31,31454,4,1,6,4,3,Départementale,50.0,1
202400042939,2024-01-09,après-midi,,,75,75104,1,8,6,4,4,Voie communale,30.0,1
202400042940,2024-05-08,soirée,,,56,56121,1,1,1,4,4,Voie communale,20.0,1
202400042941,2024-04-04,après-midi,,,28,28327,1,2,3,3,1,Autoroute,130.0,2
202400042942,2024-05-07,après-midi,,,54,54528,1,1,3,4,3,Départementale,50.0,1
202400042943,2024-04-04,après-midi,,,88,88218,1,3,1,4,3,Départementale,50.0,2
202400042944,2024-05-07,après-midi,,,49,49328,1,1,6,4,4,Voie communale,50.0,1
202400042945,2024-03-31,matin,,,29,29086,1,1,6,3,2,Nationale,110.0,2
202400042946,2024-01-09,matin,,,94,94058,1,1,2,4,4,Voie communale,50.0,1
202400042947,2024-05-09,matin,,,49,49015,1,1,3,4,3,Départementale,90.0,1
202400042948,2024-04-02,après-midi,,,62,62094,1,1,5,4,3,Départementale,80.0,1
202400042949,2024-05-11,nuit,,,44,44184,3,1,3,4,3,Départementale,90.0,1
202400042950,2024-04-03,soirée,,,31,31203,5,1,6,3,4,Voie communale,50.0,1
202400042951,2024-01-09,soirée,,,94,94028,5,1,3,4,4,Voie communale,,1
202400042952,2024-05-10,matin,,,43,43046,1,1,7,4,3,Départementale,50.0,1
202400042953,2024-05-09,nuit,,,43,43089,5,1,6,3,3,Départementale,50.0,1
202400042954,2024-01-10,matin,,,94,94054,1,1,6,4,4,Voie communale,,1
202400042955,2024-04-04,matin,,,51,51507,1,3,7,4,3,Départementale,70.0,2
202400042956,2024-05-09,soirée,,,38,38421,5,1,6,4,4,Voie communale,50.0,1
202400042957,2024-01-09,matin,,,94,94002,1,1,6,4,4,Voie communale,,1
202400042958,2024-04-03,après-midi,,,67,67025,1,2,1,3,3,Départementale,50.0,2
202400042959,2024-05-10,après-midi,,,34,34301,1,1,3,4,4,Voie communale,50.0,1
202400042960,2024-01-10,soirée,,,93,93066,5,1,6,2,4,Voie communale,50.0,1
202400042961,2024-04-04,après-midi,,,79,79061,1,1,3,3,3,Départementale,70.0,1
202400042962,2024-01-05,matin,,,93,93055,1,1,2,4,3,Départementale,30.0,1
202400042963,2024-04-04,soirée,,,32,32290,1,1,7,3,3,Départementale,80.0,8
202400042964,2024-01-10,matin,,,93,93057,1,1,1,3,3,Départementale,,1
202400042965,2024-04-04,nuit,,,89,89076,3,1,6,4,3,Départementale,90.0,1
202400042966,2024-01-09,nuit,,,92,92075,5,1,3,4,3,Départementale,50.0,1
202400042967,2024-05-04,nuit,,,30,30189,5,1,2,4,4,Voie communale,50.0,1
202400042968,2024-04-02,soirée,,,47,47142,3,2,6,3,3,Départementale,80.0,2
202400042969,2024-01-10,après-midi,,,92,92062,1,1,3,4,3,Départementale,50.0,1
202400042970,2024-05-09,après-midi,,,29,29019,1,1,3,4,4,Voie communale,30.0,1
202400042971,2024-04-03,après-midi,,,66,66020,1,1,7,2,4,Voie communale,50.0,1
202400042972,2024-01-10,soirée,,,92,92050,5,1,3,4,3,Départementale,50.0,1
202400042973,2024-05-10,après-midi,,,27,27229,1,1,3,2,4,Voie communale,30.0,1
202400042974,2024-05-10,matin,,,21,21054,1,1,2,4,3,Départementale,90.0,1
202400042975,2024-05-10,soirée,,,13,13212,2,1,5,4,4,Voie communale,50.0,1
202400042976,2024-01-09,matin,,,92,92050,2,1,3,4,3,Départementale,30.0,2
202400042977,2024-04-03,soirée,,,50,50402,1,1,7,3,3,Départementale,80.0,1
202400042978,2024-05-10,soirée,,,13,13215,1,1,3,4,4,Voie communale,50.0,1
202400042979,2024-05-10,après-midi,,,13,13213,1,1,3,2,4,Voie communale,50.0,1
202400042980,2024-01-08,matin,,,92,92050,1,8,6,4,3,Départementale,50.0,1
202400042981,2024-04-03,après-midi,,,43,43137,1,1,2,4,3,Départementale,70.0,1
202400042982,2024-01-11,soirée,,,974,97415,2,1,6,3,2,Nationale,50.0,1
202400042983,2024-05-10,nuit,,,13,13202,5,1,2,4,4,Voie communale,50.0,1
202400042984,2024-04-03,matin,,,21,21288,1,2,6,2,3,Départementale,80.0,2
202400042985,2024-01-11,matin,,,21,21638,2,1,2,3,1,Autoroute,130.0,1
202400042986,2024-05-10,matin,,,06,06088,1,1,3,3,7,Autre,50.0,1
202400042987,2024-05-06,après-midi,,,06,06069,1,1,6,4,3,Départementale,50.0,1
202400042988,2024-01-11,matin,,,81,81115,3,4,6,3,3,Départementale,30.0,5
202400042989,2024-05-07,après-midi,,,02,02168,1,1,2,3,3,Départementale,70.0,1
202400042990,2024-04-04,après-midi,,,40,40006,1,1,6,2,3,Départementale,80.0,1
202400042991,2024-05-09,nuit,,,75,75119,5,1,6,2,4,Voie communale,30.0,1
202400042992,2024-01-11,après-midi,,,974,97422,1,1,1,3,4,Voie communale,50.0,1
202400042993,2024-05-10,après-midi,,,75,75119,1,1,3,4,4,Voie communale,30.0,1
202400042994,2024-04-03,matin,,,85,85284,2,2,7,3,4,Voie communale,50.0,2
202400042995,2024-01-11,matin,,,51,51085,1,8,6,4,3,Départementale,50.0,7
202400042996,2024-05-10,nuit,,,75,75119,5,1,3,4,4,Voie communale,,1
202400042997,2024-05-10,matin,,,75,75117,1,1,3,4,4,Voie communale,30.0,1
202400042998,2024-04-03,matin,,,85,85128,1,2,7,2,4,Voie communale,50.0,2
202400042999,2024-01-09,matin,,,52,52147,1,1,7,3,1,Autoroute,130.0,2
202400043000,2024-05-09,nuit,,,75,75114,5,1,3,4,4,Voie communale,30.0,1
202400043001,2024-01-11,après-midi,,,42,42307,2,8,1,4,3,Départementale,80.0,1
202400043002,2024-04-04,après-midi,,,85,85197,1,1,3,3,3,Départementale,80.0,1
202400043003,2024-01-10,après-midi,,,42,42210,1,4,7,4,7,Autre,80.0,2
202400043004,2024-05-10,soirée,,,75,75104,1,1,6,4,4,Voie communale,30.0,1
202400043005,2024-01-09,soirée,,,83,83026,3,2,6,3,3,Départementale,70.0,2
202400043006,2024-04-04,matin,,,27,27208,2,1,1,3,3,Départementale,70.0,2
202400043007,2024-01-11,soirée,,,67,67342,5,1,6,3,4,Voie communale,30.0,1
202400043008,2024-05-10,après-midi,,,75,75104,1,1,6,4,4,Voie communale,30.0,1
202400043009,2024-03-08,après-midi,,,68,68375,1,1,3,3,3,Départementale,50.0,1
202400043010,2024-01-11,matin,,,80,80327,2,1,1,3,3,Départementale,80.0,1
202400043011,2024-01-10,soirée,,,44,44022,3,8,1,3,4,Voie communale,80.0,1
202400043012,2024-05-10,matin,,,75,75101,1,1,6,4,4,Voie communale,30.0,1
202400043013,2024-04-03,soirée,,,31,31117,3,1,6,4,1,Autoroute,130.0,1
202400043014,2024-01-11,après-midi,,,02,02095,2,1,6,4,4,Voie communale,50.0,1
202400043015,2024-05-09,après-midi,,,94,94068,1,1,6,4,4,Voie communale,30.0,1
202400043016,2024-01-11,après-midi,,,15,15243,1,1,7,3,3,Départementale,90.0,2
202400043017,2024-04-03,matin,,,978,97801,1,1,3,3,2,Nationale,50.0,1
202400043018,2024-05-10,nuit,,,94,94004,5,1,6,4,4,Voie communale,50.0,1
202400043019,2024-04-03,après-midi,,,40,40156,1,1,2,3,1,Autoroute,130.0,1
202400043020,2024-01-11,après-midi,,,05,05164,1,1,5,4,2,Nationale,80.0,1
202400043021,2024-04-04,matin,,,13,13051,1,1,3,4,3,Départementale,50.0,1
202400043022,2024-05-10,soirée,,,93,93071,1,1,6,4,4,Voie communale,50.0,1
202400043023,2024-04-03,après-midi,,,973,97309,1,1,5,4,3,Départementale,50.0,1
202400043024,2024-05-10,soirée,,,93,93045,1,1,6,4,4,Voie communale,,1
202400043025,2024-01-11,après-midi,,,83,83028,1,1,3,4,3,Départementale,80.0,1
202400043026,2024-05-10,matin,,,93,93031,1,1,2,4,4,Voie communale,50.0,1
202400043027,2024-01-11,matin,,,83,83082,1,2,3,4,3,Départementale,80.0,2
202400043028,2024-05-10,après-midi,,,92,92026,1,1,2,4,3,Départementale,50.0,1
202400043029,2024-04-04,nuit,,,67,67180,3,1,7,4,3,Départementale,70.0,1
202400043030,2024-01-10,après-midi,,,64,64306,1,1,6,2,4,Voie communale,80.0,2
202400043031,2024-05-09,soirée,,,92,92025,1,1,3,4,3,Départementale,30.0,1
202400043032,2024-05-10,après-midi,,,92,92007,1,1,7,4,3,Départementale,50.0,1
202400043033,2024-01-08,après-midi,,,53,53185,1,1,6,4,9,Autre,,1
202400043034,2024-05-09,nuit,,,92,92007,5,1,6,4,3,Départementale,50.0,1
202400043035,2024-03-28,nuit,,,76,76705,3,1,6,3,1,Autoroute,110.0,1
202400043036,2024-05-10,après-midi,,,92,92004,1,1,3,4,4,Voie communale,50.0,1
202400043037,2024-01-08,matin,,,85,85277,3,1,7,3,4,Voie communale,,1
202400043038,2024-05-10,nuit,,,41,41167,3,1,7,3,3,Départementale,50.0,1
202400043039,2024-04-04,après-midi,,,60,60142,1,1,6,3,3,Départementale,50.0,1
202400043040,2024-05-11,après-midi,,,84,84137,1,1,2,4,3,Départementale,50.0,1
202400043041,2024-04-03,après-midi,,,33,33118,1,2,1,4,4,Voie communale,50.0,2
202400043042,2024-01-10,après-midi,,,27,27640,1,1,3,3,3,Départementale,80.0,7
202400043043,2024-05-10,matin,,,71,71270,1,1,2,3,1,Autoroute,130.0,1
202400043044,2024-04-03,matin,,,77,77270,1,2,3,4,3,Départementale,80.0,2
202400043045,2024-05-10,matin,,,11,11203,1,1,6,3,6,Autre,,1
202400043046,2024-05-10,après-midi,,,88,88181,1,1,1,4,3,Départementale,50.0,1
202400043047,2024-04-04,après-midi,,,77,77195,1,1,1,4,3,Départementale,90.0,1
202400043048,2024-05-11,matin,,,12,12096,2,1,1,4,3,Départementale,90.0,1
202400043049,2024-01-10,matin,,,37,37211,1,1,3,3,3,Départementale,80.0,1
202400043050,2024-05-11,après-midi,,,65,65256,1,1,6,3,3,Départementale,50.0,1
202400043051,2024-04-03,soirée,,,34,34154,2,1,3,3,3,Départementale,70.0,1
202400043052,2024-02-26,matin,,,58,58202,3,1,1,3,3,Départementale,80.0,2
202400043053,2024-05-10,après-midi,,,30,30278,1,1,2,3,3,Départementale,80.0,1
202400043054,2024-04-03,après-midi,,,58,58121,1,2,2,3,3,Départementale,50.0,2
202400043055,2024-02-26,matin,,,54,54393,1,1,6,4,4,Voie communale,45.0,2
202400043056,2024-01-11,matin,,,13,13069,1,2,4,4,3,Départementale,80.0,2
202400043057,2024-05-10,nuit,,,83,83073,5,1,6,3,3,Départementale,50.0,1
202400043058,2024-02-25,soirée,,,06,06073,2,4,6,3,7,Autre,80.0,5
202400043059,2024-04-04,matin,,,03,03125,1,1,6,4,3,Départementale,90.0,2
202400043060,2024-01-04,après-midi,,,78,78571,1,1,1,4,3,Départementale,70.0,1
202400043061,2024-05-10,soirée,,,83,83097,1,1,3,4,3,Départementale,90.0,1
202400043062,2024-02-26,après-midi,,,60,60372,2,2,6,3,3,Départementale,80.0,2
202400043063,2024-05-09,après-midi,,,91,91272,1,1,6,3,4,Voie communale,30.0,1
202400043064,2024-04-04,matin,,,73,73150,1,1,1,4,3,Départementale,80.0,2
202400043065,2024-01-10,après-midi,,,973,97304,1,1,3,4,2,Nationale,80.0,1
202400043066,2024-02-25,nuit,,,24,24320,3,8,6,3,3,Départementale,80.0,2
202400043067,2024-05-10,après-midi,,,19,19099,1,1,7,3,3,Départementale,90.0,1
202400043068,2024-05-10,après-midi,,,67,67187,1,1,3,3,4,Voie communale,30.0,1
202400043069,2024-01-11,matin,,,26,26124,1,1,7,3,1,Autoroute,130.0,1
202400043070,2024-04-03,matin,,,73,73064,1,2,2,3,3,Départementale,50.0,2
202400043071,2024-02-15,après-midi,,,27,27198,1,1,1,3,3,Départementale,,1
202400043072,2024-05-11,matin,,,82,82151,1,1,3,3,3,Départementale,80.0,1
202400043073,2024-04-04,matin,,,09,09157,1,1,6,2,4,Voie communale,50.0,1
202400043074,2024-01-11,nuit,,,73,73150,3,1,6,3,3,Départementale,80.0,1
202400043075,2024-05-11,après-midi,,,63,63194,1,1,1,4,3,Départementale,90.0,1
202400043076,2024-04-04,après-midi,,,33,33022,1,1,1,2,4,Voie communale,80.0,1
202400043077,2024-02-26,matin,,,28,28226,1,3,1,4,3,Départementale,90.0,2
202400043078,2024-05-11,matin,,,63,63268,1,1,3,4,3,Départementale,90.0,1
202400043079,2024-04-03,après-midi,,,22,22070,1,1,3,4,4,Voie communale,50.0,1
202400043080,2024-05-11,après-midi,,,46,46047,1,1,7,3,3,Départementale,80.0,1
202400043081,2024-01-06,nuit,,,69,69143,5,1,6,4,7,Autre,50.0,1
202400043082,2024-02-26,matin,,,77,77100,3,1,6,3,1,Autoroute,130.0,2
202400043083,2024-05-11,nuit,,,86,86271,3,1,6,4,4,Voie communale,80.0,1
202400043084,2024-05-10,soirée,,,68,68307,1,1,6,3,3,Départementale,70.0,1
202400043085,2024-02-25,nuit,,,978,97801,3,1,6,3,2,Nationale,70.0,1
202400043086,2024-04-03,matin,,,76,76454,3,2,3,3,3,Départementale,80.0,2
202400043087,2024-05-11,matin,,,39,39128,1,1,6,2,3,Départementale,50.0,1
202400043088,2024-01-11,après-midi,,,46,46015,2,2,1,3,2,Nationale,80.0,2
202400043089,2024-02-25,soirée,,,67,67152,3,1,6,3,4,Voie communale,50.0,9
202400043090,2024-05-10,après-midi,,,25,25367,1,1,6,3,4,Voie communale,40.0,1
202400043091,2024-04-03,après-midi,,,76,76462,1,1,1,3,3,Départementale,,1
202400043092,2024-05-08,après-midi,,,29,29155,1,1,7,2,4,Voie communale,,1
202400043093,2024-02-26,après-midi,,,06,06152,1,8,3,3,3,Départementale,70.0,2
202400043094,2024-01-10,soirée,,,16,16330,3,2,5,4,2,Nationale,80.0,2
202400043095,2024-04-03,soirée,,,76,76614,1,1,7,3,7,Autre,80.0,1
202400043096,2024-05-10,nuit,,,38,38175,5,1,3,4,3,Départementale,50.0,1
202400043097,2024-01-10,après-midi,,,29,29103,1,8,1,4,4,Voie communale,50.0,1
202400043098,2024-02-26,matin,,,83,83001,1,3,6,4,1,Autoroute,130.0,2
202400043099,2024-04-03,soirée,,,62,62001,1,1,1,4,3,Départementale,50.0,1
202400043100,2024-05-10,après-midi,,,15,15188,1,1,1,3,3,Départementale,70.0,1
202400043101,2024-01-06,matin,,,27,27132,2,1,6,3,3,Départementale,70.0,1
202400043102,2024-02-24,après-midi,,,971,97103,1,1,6,3,4,Voie communale,80.0,1
202400043103,2024-05-10,après-midi,,,85,85084,1,1,2,3,1,Autoroute,130.0,1
202400043104,2024-05-06,après-midi,,,14,14055,1,1,7,4,3,Départementale,50.0,1
202400043105,2024-01-10,après-midi,,,13,13215,2,1,4,4,1,Autoroute,90.0,1
202400043106,2024-04-03,matin,,,33,33249,1,1,4,4,2,Nationale,90.0,1
202400043107,2024-05-10,nuit,,,50,50236,3,1,6,3,3,Départementale,50.0,1
202400043108,2024-02-26,après-midi,,,77,77435,2,3,4,4,1,Autoroute,,2
202400043109,2024-01-09,après-midi,,,33,33143,1,7,2,4,1,Autoroute,130.0,1
202400043110,2024-03-29,après-midi,,,59,59609,1,1,2,4,1,Autoroute,130.0,1
202400043111,2024-02-25,matin,,,987,98747,1,1,3,3,2,Nationale,60.0,1
202400043112,2024-01-09,nuit,,,33,33039,3,1,2,4,1,Autoroute,90.0,1
202400043113,2024-05-11,après-midi,,,50,50499,1,7,6,4,3,Départementale,80.0,1
202400043114,2024-03-03,matin,,,94,94034,1,2,2,4,2,Nationale,90.0,2
202400043115,2024-01-07,soirée,,,62,62351,4,9,4,4,1,Autoroute,110.0,9
202400043116,2024-04-03,matin,,,92,92019,1,8,7,3,2,Nationale,30.0,1
202400043117,2024-05-10,soirée,,,16,16270,1,1,6,4,3,Départementale,80.0,1
202400043118,2024-02-26,après-midi,,,973,97311,1,1,3,3,2,Nationale,50.0,9
202400043119,2024-05-09,soirée,,,07,07100,1,1,7,4,3,Départementale,90.0,1
202400043120,2024-02-25,soirée,,,971,97129,5,1,6,2,4,Voie communale,50.0,1
202400043121,2024-04-03,nuit,,,94,94021,3,2,6,4,1,Autoroute,90.0,2
202400043122,2024-01-10,nuit,,,94,94043,5,1,2,4,1,Autoroute,70.0,1
202400043123,2024-02-25,soirée,,,77,77261,5,3,6,3,3,Départementale,90.0,2
202400043124,2024-05-11,matin,,,24,24119,1,1,3,3,3,Départementale,80.0,1
202400043125,2024-01-09,après-midi,,,78,78217,3,1,5,4,1,Autoroute,130.0,2
202400043126,2024-05-10,matin,,,85,85140,1,1,7,3,3,Départementale,70.0,1
202400043127,2024-02-26,soirée,,,84,84129,4,1,3,4,3,Départementale,70.0,1
202400043128,2024-04-03,soirée,,,92,92026,2,1,4,4,2,Nationale,70.0,1
202400043129,2024-01-08,soirée,,,78,78498,3,8,3,4,1,Autoroute,110.0,1
202400043130,2024-05-10,soirée,,,39,39570,2,1,5,4,1,Autoroute,130.0,1
202400043131,2024-02-25,après-midi,,,71,71251,2,2,3,4,3,Départementale,80.0,2
202400043132,2024-04-02,matin,,,78,78402,1,1,3,4,1,Autoroute,110.0,1
202400043133,2024-02-25,après-midi,,,08,08081,1,1,7,3,4,Voie communale,,2
202400043134,2024-05-10,soirée,,,29,29230,1,1,6,3,3,Départementale,70.0,1
202400043135,2024-04-02,nuit,,,93,93053,3,2,2,4,1,Autoroute,70.0,2
202400043136,2024-01-09,nuit,,,92,92051,3,4,4,4,2,Nationale,70.0,7
202400043137,2024-07-17,après-midi,,,11,11257,1,1,2,4,3,Départementale,80.0,1
202400043138,2024-01-09,nuit,,,78,78291,3,4,6,4,1,Autoroute,110.0,7
202400043139,2024-02-26,matin,,,07,07324,1,1,4,4,3,Départementale,50.0,1
202400043140,2024-04-01,soirée,,,93,93027,1,2,7,4,1,Autoroute,50.0,3
202400043141,2024-05-10,soirée,,,77,77474,3,1,1,4,2,Nationale,90.0,1
202400043142,2024-01-08,soirée,,,78,78158,3,4,1,4,1,Autoroute,90.0,5
202400043143,2024-07-18,soirée,,,71,71093,1,1,3,2,3,Départementale,50.0,1
202400043144,2024-04-03,matin,,,94,94073,1,2,3,4,1,Autoroute,90.0,2
202400043145,2024-02-25,matin,,,69,69197,1,1,6,3,3,Départementale,50.0,1
202400043146,2024-05-10,matin,,,77,77470,1,1,6,4,3,Départementale,,1
202400043147,2024-01-08,soirée,,,78,78158,3,4,2,3,1,Autoroute,90.0,5
202400043148,2024-02-25,après-midi,,,19,19096,1,2,7,4,3,Départementale,90.0,2
202400043149,2024-01-10,soirée,,,95,95218,3,1,6,4,1,Autoroute,110.0,1
202400043150,2024-04-03,nuit,,,93,93051,3,2,4,4,1,Autoroute,110.0,2