Num_Acc,date,time_of_day,lat,long,dep,com,lum,atm,col,severity_index,catr,catr_label,vma,surf
202400043151,2024-04-11,nuit,,,66,66008,3,1,6,3,3,Départementale,50.0,1
202400043152,2024-07-17,nuit,,,71,71202,3,1,5,2,3,Départementale,80.0,1
202400043153,2024-01-09,nuit,,,94,94028,3,4,6,4,1,Autoroute,,5
202400043154,2024-03-01,matin,,,68,68195,1,1,7,2,1,Autoroute,50.0,1
202400043155,2024-02-26,matin,,,33,33268,2,3,1,3,3,Départementale,30.0,2
202400043156,2024-01-09,nuit,,,94,94028,5,4,6,4,2,Nationale,70.0,7
202400043157,2024-05-10,après-midi,,,84,84063,1,1,6,3,3,Départementale,70.0,1
202400043158,2024-07-14,soirée,,,61,61079,1,1,6,4,3,Départementale,90.0,1
202400043159,2024-02-25,après-midi,,,29,29288,1,3,6,3,3,Départementale,80.0,2
202400043160,2024-01-08,après-midi,,,974,97416,1,1,6,4,4,Voie communale,30.0,1
202400043161,2024-05-11,soirée,,,83,83104,2,1,7,4,3,Départementale,80.0,1
202400043162,2024-04-02,après-midi,,,93,93005,1,1,1,4,4,Voie communale,,1
202400043163,2024-07-14,matin,,,61,61484,1,1,6,4,3,Départementale,90.0,1
202400043164,2024-01-09,après-midi,,,974,97409,1,1,3,4,4,Voie communale,30.0,1
202400043165,2024-05-10,soirée,,,89,89059,1,1,3,4,4,Voie communale,50.0,1
202400043166,2024-02-23,matin,,,13,13215,1,1,4,4,1,Autoroute,90.0,1
202400043167,2024-02-02,après-midi,,,22,22360,1,1,6,4,4,Voie communale,50.0,1
202400043168,2024-01-09,après-midi,,,69,69388,2,1,6,4,4,Voie communale,50.0,1
202400043169,2024-06-26,soirée,,,42,42108,1,1,2,4,3,Départementale,50.0,1
202400043170,2024-01-09,matin,,,972,97213,1,1,1,4,3,Départementale,70.0,1
202400043171,2024-05-10,après-midi,,,58,58160,1,1,1,3,3,Départementale,,1
202400043172,2024-01-26,soirée,,,69,69259,3,1,4,4,7,Autre,70.0,1
202400043173,2024-07-14,nuit,,,34,34267,3,1,7,3,3,Départementale,,1
202400043174,2024-04-02,matin,,,976,97611,1,1,5,4,2,Nationale,50.0,1
202400043175,2024-01-09,après-midi,,,972,97209,1,1,3,3,2,Nationale,30.0,1
202400043176,2024-05-11,matin,,,68,68370,1,1,3,3,3,Départementale,80.0,1
202400043177,2024-04-02,nuit,,,974,97416,5,2,6,4,4,Voie communale,30.0,2
202400043178,2024-02-24,après-midi,,,42,42218,1,1,3,4,1,Autoroute,90.0,1
202400043179,2024-04-02,après-midi,,,974,97416,1,8,6,4,4,Voie communale,50.0,2
202400043180,2024-01-09,après-midi,,,972,97209,1,1,2,4,3,Départementale,50.0,1
202400043181,2024-02-25,matin,,,33,33167,1,3,2,4,2,Nationale,90.0,3
202400043182,2024-05-10,nuit,,,38,38382,3,1,3,4,7,Autre,30.0,1
202400043183,2024-04-02,après-midi,,,974,97411,2,2,3,4,2,Nationale,70.0,2
202400043184,2024-01-09,soirée,,,69,69202,5,8,4,4,4,Voie communale,30.0,1
202400043185,2024-02-25,nuit,,,33,33122,3,2,3,4,1,Autoroute,110.0,2
202400043186,2024-04-02,matin,,,974,97411,1,2,6,4,4,Voie communale,30.0,2
202400043187,2024-07-18,matin,,,44,44117,1,1,3,3,3,Départementale,70.0,1
202400043188,2024-01-07,soirée,,,971,97120,5,1,6,3,4,Voie communale,50.0,1
202400043189,2024-05-10,soirée,,,81,81219,3,1,6,3,2,Nationale,110.0,1
202400043190,2024-01-07,soirée,,,971,97101,3,1,2,2,3,Départementale,70.0,1
202400043191,2024-04-01,soirée,,,974,97411,5,1,3,4,2,Nationale,50.0,1
202400043192,2024-02-23,après-midi,,,91,91340,1,2,4,4,1,Autoroute,50.0,2
202400043193,2024-07-17,matin,,,44,44187,1,1,5,4,3,Départementale,80.0,1
202400043194,2024-01-09,nuit,,,2A,2A004,5,2,6,4,3,Départementale,50.0,2
202400043195,2024-05-11,matin,,,40,40277,1,1,6,3,3,Départementale,50.0,1
202400043196,2024-04-02,matin,,,974,97409,1,2,6,4,4,Voie communale,50.0,2
202400043197,2024-01-09,après-midi,,,95,95203,1,1,6,4,3,Départementale,50.0,1
202400043198,2024-02-25,après-midi,,,93,93027,1,2,4,4,1,Autoroute,90.0,2
202400043199,2024-07-17,après-midi,,,31,31182,1,1,6,4,7,Autre,70.0,1
202400043200,2024-05-10,matin,,,33,33535,1,1,1,4,4,Voie communale,30.0,1
202400043201,2024-04-02,après-midi,,,69,69388,1,1,6,4,4,Voie communale,30.0,1
202400043202,2024-02-25,soirée,,,77,77122,3,3,6,4,2,Nationale,90.0,2
202400043203,2024-01-08,soirée,,,91,91692,3,1,2,4,3,Départementale,30.0,1
202400043204,2024-07-18,matin,,,38,38012,1,1,2,2,3,Départementale,90.0,1
202400043205,2024-05-10,soirée,,,50,50422,1,1,6,3,3,Départementale,80.0,1
202400043206,2024-04-02,après-midi,,,69,69387,1,1,6,4,4,Voie communale,30.0,1
202400043207,2024-01-09,matin,,,91,91691,1,4,7,4,4,Voie communale,30.0,7
202400043208,2024-02-23,après-midi,,,75,75117,1,1,3,4,4,Voie communale,70.0,1
202400043209,2024-07-18,nuit,,,03,03214,3,1,6,3,4,Voie communale,90.0,1
202400043210,2024-05-10,après-midi,,,56,56114,1,1,3,3,3,Départementale,80.0,1
202400043211,2024-04-02,matin,,,69,69388,1,1,3,4,4,Voie communale,50.0,1
202400043212,2024-01-09,matin,,,91,91174,1,4,4,4,3,Départementale,50.0,5
202400043213,2024-02-24,nuit,,,75,75116,5,1,7,4,4,Voie communale,30.0,1
202400043214,2024-07-17,nuit,,,66,66093,3,1,6,3,4,Voie communale,80.0,1
202400043215,2024-04-01,nuit,,,972,97213,5,1,6,4,4,Voie communale,50.0,1
202400043216,2024-05-08,nuit,,,35,35360,3,1,3,4,4,Voie communale,80.0,1
202400043217,2024-07-18,après-midi,,,06,06119,1,1,6,4,7,Autre,70.0,1
202400043218,2024-02-24,nuit,,,75,75112,5,8,6,4,4,Voie communale,30.0,2
202400043219,2024-01-09,matin,,,91,91228,5,4,2,4,3,Départementale,50.0,7
202400043220,2024-05-10,soirée,,,60,60282,1,1,7,3,3,Départementale,70.0,1
202400043221,2024-04-02,matin,,,972,97209,1,1,2,4,1,Autoroute,90.0,1
202400043222,2024-07-18,matin,,,06,06079,1,1,6,2,4,Voie communale,50.0,1
202400043223,2024-05-11,soirée,,,59,59323,1,1,3,4,3,Départementale,,1
202400043224,2024-04-02,après-midi,,,2B,2B120,1,1,2,3,2,Nationale,70.0,1
202400043225,2024-07-18,matin,,,14,14514,1,1,3,4,4,Voie communale,50.0,1
202400043226,2024-02-24,après-midi,,,75,75111,1,1,3,4,4,Voie communale,30.0,1
202400043227,2024-05-07,nuit,,,13,13211,3,1,2,4,1,Autoroute,90.0,1
202400043228,2024-04-01,soirée,,,971,97101,5,1,2,4,3,Départementale,80.0,1
202400043229,2024-07-18,matin,,,05,05046,1,1,6,2,4,Voie communale,50.0,1
202400043230,2024-04-24,nuit,,,33,33281,3,1,2,4,1,Autoroute,90.0,1
202400043231,2024-07-17,matin,,,50,50550,1,1,3,3,3,Départementale,80.0,1
202400043232,2024-05-10,matin,,,94,94038,1,1,3,4,1,Autoroute,90.0,1
202400043233,2024-02-23,soirée,,,75,75110,5,2,3,4,4,Voie communale,30.0,2
202400043234,2024-04-02,matin,,,87,87085,1,1,3,4,3,Départementale,50.0,1
202400043235,2024-07-17,soirée,,,64,64370,2,1,2,3,4,Voie communale,80.0,1
202400043236,2024-01-12,soirée,,,50,50137,3,8,2,4,3,Départementale,80.0,1
202400043237,2024-03-29,matin,,,87,87085,1,2,2,4,4,Voie communale,50.0,2
202400043238,2024-02-24,soirée,,,75,75101,5,2,6,4,4,Voie communale,30.0,2
202400043239,2024-07-17,après-midi,,,16,16028,1,1,2,3,2,Nationale,110.0,1
202400043240,2024-01-01,matin,,,50,50032,1,7,3,3,3,Départementale,80.0,2
202400043241,2024-03-30,soirée,,,87,87085,4,1,6,3,4,Voie communale,50.0,1
202400043242,2024-02-23,nuit,,,75,75102,5,1,3,4,4,Voie communale,30.0,1
202400043243,2024-05-08,soirée,,,973,97302,2,1,3,4,3,Départementale,50.0,1
202400043244,2024-07-14,nuit,,,16,16346,2,1,1,3,3,Départementale,80.0,1
202400043245,2024-05-09,soirée,,,69,69034,1,1,6,4,4,Voie communale,50.0,1
202400043246,2024-04-02,matin,,,86,86194,1,1,1,3,4,Voie communale,50.0,1
202400043247,2024-02-23,après-midi,,,75,75101,1,1,3,4,4,Voie communale,30.0,1
202400043248,2024-05-09,soirée,,,69,69382,1,1,3,4,4,Voie communale,30.0,1
202400043249,2024-05-08,après-midi,,,971,97113,1,1,1,4,4,Voie communale,90.0,1
202400043250,2024-02-24,soirée,,,94,94041,5,2,6,3,3,Départementale,50.0,2
202400043251,2024-04-02,matin,,,84,84007,1,1,6,4,4,Voie communale,50.0,1
202400043252,2024-05-08,après-midi,,,971,97101,1,1,3,3,4,Voie communale,50.0,1
202400043253,2024-02-24,soirée,,,94,94033,5,2,6,4,4,Voie communale,30.0,2
202400043254,2024-07-18,après-midi,,,07,07027,1,1,1,4,3,Départementale,90.0,1
202400043255,2024-04-02,matin,,,30,30351,1,1,6,4,4,Voie communale,50.0,1
202400043256,2024-05-09,nuit,,,83,83069,5,1,6,3,4,Voie communale,50.0,1
202400043257,2024-07-18,après-midi,,,40,40001,1,1,2,3,3,Départementale,80.0,1
202400043258,2024-04-02,soirée,,,83,83144,3,1,6,3,3,Départementale,70.0,1
202400043259,2024-02-24,soirée,,,94,94017,5,2,1,4,3,Départementale,50.0,2
202400043260,2024-07-17,matin,,,24,24330,1,1,6,3,4,Voie communale,50.0,1
202400043261,2024-05-09,après-midi,,,76,76576,1,1,7,2,3,Départementale,50.0,1
202400043262,2024-04-02,matin,,,83,83069,1,1,7,3,3,Départementale,50.0,1
202400043263,2024-02-24,après-midi,,,93,93066,1,1,3,3,3,Départementale,50.0,1
202400043264,2024-05-09,après-midi,,,74,74200,1,1,2,4,3,Départementale,50.0,1
202400043265,2024-04-01,après-midi,,,83,83069,1,1,3,3,3,Départementale,50.0,1
202400043266,2024-05-09,soirée,,,72,72181,1,1,3,4,4,Voie communale,30.0,1
202400043267,2024-02-24,soirée,,,93,93031,5,1,6,4,4,Voie communale,50.0,1
202400043268,2024-05-09,après-midi,,,64,64483,1,1,3,4,3,Départementale,70.0,1
202400043269,2024-07-18,matin,,,85,85201,1,1,6,4,4,Voie communale,,1
202400043270,2024-02-25,nuit,,,24,24540,3,2,6,2,2,Nationale,80.0,2
202400043271,2024-05-08,matin,,,63,63300,1,1,3,4,3,Départementale,50.0,1
202400043272,2024-07-17,après-midi,,,27,27690,1,1,1,4,3,Départementale,80.0,1
202400043273,2024-02-24,soirée,,,37,37178,3,2,1,4,3,Départementale,80.0,2
202400043274,2024-05-09,soirée,,,62,62548,1,1,6,3,3,Départementale,80.0,1
202400043275,2024-03-29,soirée,,,76,76351,5,1,3,4,4,Voie communale,30.0,1
202400043276,2024-02-24,matin,,,38,38378,1,1,6,3,4,Voie communale,30.0,1
202400043277,2024-05-09,soirée,,,61,61001,2,1,3,4,3,Départementale,30.0,1
202400043278,2024-07-17,après-midi,,,87,87122,1,1,3,4,3,Départementale,80.0,1
202400043279,2024-03-31,nuit,,,76,76351,5,1,7,4,4,Voie communale,50.0,1
202400043280,2024-02-24,matin,,,62,62049,1,1,3,4,3,Départementale,80.0,1
202400043281,2024-05-08,soirée,,,59,59512,1,1,1,4,4,Voie communale,50.0,1
202400043282,2024-07-17,matin,,,52,52377,1,1,7,4,3,Départementale,70.0,1
202400043283,2024-05-09,soirée,,,59,59350,1,1,3,4,4,Voie communale,50.0,1
202400043284,2024-03-30,soirée,,,76,76351,5,1,3,4,4,Voie communale,50.0,1
202400043285,2024-02-25,après-midi,,,69,69133,1,8,3,4,3,Départementale,70.0,1
202400043286,2024-07-19,matin,,,988,98805,1,1,4,4,3,Départementale,70.0,1
202400043287,2024-05-09,après-midi,,,57,57463,1,1,3,4,7,Autre,50.0,1
202400043288,2024-07-18,matin,,,06,06084,1,1,6,4,3,Départementale,30.0,1
202400043289,2024-04-01,matin,,,71,71269,1,8,1,4,3,Départementale,80.0,2
202400043290,2024-05-09,nuit,,,56,56260,5,1,6,4,4,Voie communale,30.0,1
202400043291,2024-02-24,nuit,,,77,77006,3,1,6,3,3,Départementale,90.0,1
202400043292,2024-07-14,nuit,,,67,67067,3,1,2,4,1,Autoroute,130.0,1
202400043293,2024-02-22,matin,,,51,51549,1,6,7,4,3,Départementale,80.0,2
202400043294,2024-05-09,après-midi,,,50,50647,1,1,3,3,4,Voie communale,20.0,1
202400043295,2024-04-02,après-midi,,,69,69264,1,1,2,4,4,Voie communale,50.0,1
202400043296,2024-07-18,matin,,,974,97403,1,1,1,4,3,Départementale,70.0,1
202400043297,2024-05-09,après-midi,,,47,47001,1,1,3,4,3,Départementale,50.0,1
202400043298,2024-04-02,après-midi,,,64,64024,1,2,2,4,5,Autre,30.0,2
202400043299,2024-07-16,après-midi,,,77,77318,1,1,3,4,3,Départementale,,1
202400043300,2024-05-09,après-midi,,,38,38421,1,1,6,4,4,Voie communale,30.0,1
202400043301,2024-02-24,soirée,,,24,24020,5,2,6,4,1,Autoroute,70.0,2
202400043302,2024-07-13,après-midi,,,48,48119,1,1,6,4,3,Départementale,90.0,1
202400043303,2024-04-02,matin,,,63,63032,1,1,2,4,7,Autre,,1
202400043304,2024-05-09,soirée,,,37,37122,2,1,3,4,4,Voie communale,30.0,1
202400043305,2024-07-17,après-midi,,,34,34289,1,1,1,4,3,Départementale,50.0,1
202400043306,2024-05-09,après-midi,,,37,37122,1,7,6,4,4,Voie communale,50.0,1
202400043307,2024-04-02,matin,,,63,63113,1,1,6,3,4,Voie communale,30.0,1
202400043308,2024-02-24,nuit,,,42,42268,3,1,3,3,3,Départementale,80.0,1
202400043309,2024-05-08,après-midi,,,37,37261,1,1,2,4,4,Voie communale,50.0,1
202400043310,2024-07-17,nuit,,,34,34022,3,1,6,4,2,Nationale,50.0,1
202400043311,2024-05-09,soirée,,,36,36202,1,1,6,4,4,Voie communale,50.0,1
202400043312,2024-04-02,matin,,,63,63075,1,1,3,4,7,Autre,30.0,1
202400043313,2024-02-24,soirée,,,34,34328,3,1,1,4,3,Départementale,,1
202400043314,2024-07-05,matin,,,88,88308,1,1,1,4,3,Départementale,50.0,1
202400043315,2024-05-09,matin,,,36,36202,1,1,3,4,3,Départementale,50.0,1
202400043316,2024-02-25,matin,,,34,34237,2,1,6,3,3,Départementale,80.0,1
202400043317,2024-07-17,après-midi,,,65,65059,1,1,6,3,3,Départementale,80.0,1
202400043318,2024-05-09,nuit,,,35,35238,5,1,3,3,4,Voie communale,50.0,1
202400043319,2024-07-16,après-midi,,,65,65059,1,1,7,3,3,Départementale,90.0,1
202400043320,2024-02-25,matin,,,38,38198,1,1,3,4,3,Départementale,80.0,1
202400043321,2024-04-02,matin,,,60,60159,1,1,3,4,4,Voie communale,50.0,1
202400043322,2024-05-09,nuit,,,34,34172,3,1,7,3,4,Voie communale,50.0,1
202400043323,2024-05-09,après-midi,,,33,33063,1,1,6,3,4,Voie communale,50.0,1
202400043324,2024-02-24,nuit,,,38,38034,3,1,7,3,4,Voie communale,80.0,1
202400043325,2024-07-10,matin,,,09,09076,1,1,3,4,3,Départementale,80.0,1
202400043326,2024-05-09,après-midi,,,33,33529,1,1,7,4,4,Voie communale,50.0,1
202400043327,2024-04-02,nuit,,,59,59650,5,3,3,4,7,Autre,50.0,2
202400043328,2024-02-25,après-midi,,,84,84070,1,2,1,4,3,Départementale,80.0,2
202400043329,2024-05-09,matin,,,31,31555,1,1,3,3,4,Voie communale,50.0,1
202400043330,2024-04-02,nuit,,,59,59350,5,8,6,4,4,Voie communale,30.0,1
202400043331,2024-07-17,soirée,,,09,09282,1,1,3,3,3,Départementale,80.0,1
202400043332,2024-05-09,soirée,,,29,29232,1,1,6,3,4,Voie communale,30.0,1
202400043333,2024-02-25,matin,,,15,15204,1,2,1,4,3,Départementale,50.0,2
202400043334,2024-03-29,matin,,,59,59574,1,1,6,3,3,Départementale,50.0,1
202400043335,2024-05-08,soirée,,,27,27229,1,1,3,4,4,Voie communale,70.0,1
202400043336,2024-07-17,soirée,,,87,87190,1,1,3,3,3,Départementale,90.0,1
202400043337,2024-02-25,matin,,,70,70056,1,1,7,3,3,Départementale,80.0,1
202400043338,2024-05-08,après-midi,,,17,17306,1,1,3,4,3,Départementale,80.0,1
202400043339,2024-04-02,après-midi,,,51,51108,1,1,6,4,4,Voie communale,50.0,1
202400043340,2024-07-17,après-midi,,,85,85035,1,1,6,4,4,Voie communale,50.0,1
202400043341,2024-02-24,après-midi,,,26,26118,1,2,1,4,3,Départementale,70.0,2
202400043342,2024-05-08,matin,,,17,17300,1,1,6,3,2,Nationale,90.0,1
202400043343,2024-05-09,nuit,,,16,16358,4,1,7,4,3,Départementale,50.0,1
202400043344,2024-07-17,après-midi,,,72,72154,1,1,6,4,3,Départementale,70.0,1
202400043345,2024-03-24,après-midi,,,49,49099,1,1,5,3,4,Voie communale,50.0,1
202400043346,2024-02-25,après-midi,,,72,72228,1,2,3,4,3,Départementale,,2
202400043347,2024-05-09,nuit,,,13,13212,5,1,3,4,4,Voie communale,50.0,1
202400043348,2024-04-02,matin,,,49,49007,1,2,3,4,4,Voie communale,50.0,2
202400043349,2024-02-24,après-midi,,,06,06059,1,1,3,4,7,Autre,50.0,1
202400043350,2024-05-09,soirée,,,13,13210,1,1,3,4,4,Voie communale,50.0,1
202400043351,2024-07-18,après-midi,,,60,60462,1,1,2,4,3,Départementale,50.0,1
202400043352,2024-04-01,soirée,,,49,49007,1,1,3,4,4,Voie communale,50.0,1
202400043353,2024-02-23,après-midi,,,14,14739,1,2,6,3,3,Départementale,50.0,2
202400043354,2024-05-09,soirée,,,13,13208,1,1,3,3,4,Voie communale,50.0,1
202400043355,2024-04-02,soirée,,,47,47001,1,1,3,4,4,Voie communale,50.0,1
202400043356,2024-05-09,après-midi,,,13,13213,1,1,3,4,4,Voie communale,50.0,1
202400043357,2024-04-02,matin,,,45,45302,1,8,3,4,4,Voie communale,50.0,1
202400043358,2024-02-24,nuit,,,05,05017,3,1,5,4,2,Nationale,80.0,1
202400043359,2024-05-08,après-midi,,,13,13210,1,1,6,4,4,Voie communale,,1
202400043360,2024-04-02,après-midi,,,43,43089,1,1,3,4,4,Voie communale,30.0,1
202400043361,2024-07-18,après-midi,,,59,59608,1,1,6,4,3,Départementale,80.0,1
202400043362,2024-05-09,nuit,,,13,13005,5,1,7,4,3,Départementale,50.0,1
202400043363,2024-02-24,après-midi,,,16,16258,1,2,6,3,3,Départementale,80.0,2
202400043364,2024-05-09,soirée,,,07,07281,1,1,7,3,3,Départementale,90.0,1
202400043365,2024-07-17,soirée,,,59,59051,1,1,6,4,7,Autre,70.0,1
202400043366,2024-04-03,nuit,,,42,42044,3,1,2,4,7,Autre,50.0,1
202400043367,2024-02-25,matin,,,07,07078,1,1,3,3,3,Départementale,,1
202400043368,2024-05-09,après-midi,,,75,75113,1,1,2,4,4,Voie communale,70.0,1
202400043369,2024-02-24,soirée,,,13,13091,3,1,6,3,3,Départementale,80.0,1
202400043370,2024-07-17,après-midi,,,33,33167,1,1,3,4,2,Nationale,90.0,1
202400043371,2024-05-09,après-midi,,,75,75117,1,1,3,4,4,Voie communale,70.0,1
202400043372,2024-04-02,après-midi,,,37,37261,1,1,1,4,4,Voie communale,50.0,1
202400043373,2024-05-09,matin,,,75,75117,1,1,2,4,4,Voie communale,70.0,1
202400043374,2024-07-16,nuit,,,94,94037,3,1,6,4,1,Autoroute,90.0,1
202400043375,2024-02-24,après-midi,,,51,51515,1,4,6,4,1,Autoroute,130.0,2
202400043376,2024-04-02,après-midi,,,37,37261,1,1,3,4,4,Voie communale,50.0,1
202400043377,2024-07-17,après-midi,,,92,92026,5,1,2,4,2,Nationale,50.0,1
202400043378,2024-05-08,soirée,,,75,75120,1,1,4,4,4,Voie communale,70.0,1
202400043379,2024-02-24,nuit,,,64,64189,3,1,6,3,1,Autoroute,130.0,2
202400043380,2024-04-02,matin,,,35,35055,3,1,6,4,4,Voie communale,50.0,1
202400043381,2024-05-08,soirée,,,75,75120,1,8,3,4,4,Voie communale,70.0,1
202400043382,2024-07-17,matin,,,78,78158,1,1,2,4,1,Autoroute,110.0,1
202400043383,2024-05-08,matin,,,75,75119,1,8,6,2,4,Voie communale,50.0,1
202400043384,2024-02-24,soirée,,,34,34172,3,1,2,4,1,Autoroute,90.0,1
202400043385,2024-05-09,matin,,,75,75116,1,1,3,3,4,Voie communale,30.0,1
202400043386,2024-07-17,matin,,,93,93063,1,1,2,4,1,Autoroute,70.0,1
202400043387,2024-02-24,après-midi,,,38,38118,1,1,2,4,1,Autoroute,130.0,1
202400043388,2024-04-01,soirée,,,35,35238,1,2,4,4,2,Nationale,90.0,2
202400043389,2024-05-08,après-midi,,,75,75109,1,1,2,4,4,Voie communale,30.0,1
202400043390,2024-04-02,nuit,,,35,35238,3,1,2,4,2,Nationale,90.0,1
202400043391,2024-05-08,après-midi,,,75,75107,1,1,6,4,4,Voie communale,30.0,1
202400043392,2024-07-17,matin,,,77,77053,2,1,4,4,2,Nationale,90.0,1
202400043393,2024-02-24,soirée,,,45,45126,2,2,6,4,3,Départementale,50.0,2
202400043394,2024-05-09,matin,,,94,94041,1,1,3,4,3,Départementale,50.0,1
202400043395,2024-02-24,nuit,,,66,66182,3,1,1,4,3,Départementale,80.0,1
202400043396,2024-04-01,après-midi,,,34,34172,1,1,5,4,4,Voie communale,50.0,1
202400043397,2024-05-09,matin,,,94,94022,1,1,6,4,3,Départementale,50.0,1
202400043398,2024-05-03,après-midi,,,94,94022,1,1,6,4,9,Autre,50.0,1
202400043399,2024-05-16,après-midi,,,74,74012,1,2,3,4,4,Voie communale,50.0,2
202400043400,2024-02-25,soirée,,,13,13066,2,3,1,4,3,Départementale,80.0,2
202400043401,2024-04-02,matin,,,33,33063,1,1,3,4,4,Voie communale,50.0,1
202400043402,2024-05-09,soirée,,,93,93005,1,7,1,4,4,Voie communale,50.0,1
202400043403,2024-02-25,matin,,,55,55446,2,2,7,4,3,Départementale,90.0,2
202400043404,2024-04-10,après-midi,,,74,74281,1,1,3,3,4,Voie communale,50.0,1
202400043405,2024-04-02,matin,,,33,33063,1,1,2,4,4,Voie communale,30.0,1
202400043406,2024-05-09,soirée,,,92,92078,2,1,3,4,3,Départementale,50.0,1
202400043407,2024-05-14,après-midi,,,74,74010,1,2,3,4,4,Voie communale,30.0,2
202400043408,2024-05-16,après-midi,,,92,92073,1,1,6,4,3,Départementale,50.0,1
202400043409,2024-04-01,après-midi,,,31,31555,1,1,2,4,4,Voie communale,50.0,1
202400043410,2024-08-16,soirée,,,83,83036,5,1,2,3,3,Départementale,70.0,1
202400043411,2024-02-25,matin,,,38,38158,2,1,3,4,4,Voie communale,50.0,1
202400043412,2024-05-12,après-midi,,,74,74010,1,1,3,3,4,Voie communale,30.0,1
202400043413,2024-04-02,matin,,,30,30007,1,1,7,4,4,Voie communale,30.0,1
202400043414,2024-02-24,matin,,,69,69050,1,1,1,3,3,Départementale,70.0,1
202400043415,2024-05-11,après-midi,,,74,74010,1,1,6,4,4,Voie communale,30.0,1
202400043416,2024-05-09,soirée,,,92,92026,1,1,3,4,3,Départementale,50.0,1
202400043417,2024-08-24,matin,,,71,71026,1,1,3,3,1,Autoroute,130.0,1
202400043418,2024-02-20,après-midi,,,65,65059,1,1,6,4,3,Départementale,50.0,1
202400043419,2024-02-18,après-midi,,,29,29039,1,2,1,4,3,Départementale,50.0,2
202400043420,2024-03-27,soirée,,,74,74119,1,1,1,3,3,Départementale,50.0,1
202400043421,2024-02-24,nuit,,,35,35037,3,1,6,3,3,Départementale,80.0,1
202400043422,2024-05-09,après-midi,,,92,92024,1,1,3,4,3,Départementale,50.0,1
202400043423,2024-04-02,après-midi,,,29,29019,1,3,6,4,4,Voie communale,30.0,2
202400043424,2024-08-22,matin,,,17,17264,1,1,1,4,4,Voie communale,30.0,1
202400043425,2024-02-25,nuit,,,76,76345,3,1,6,4,3,Départementale,80.0,2
202400043426,2024-06-06,matin,,,44,44184,2,1,3,4,4,Voie communale,50.0,1
202400043427,2024-05-09,après-midi,,,92,92012,1,1,3,4,3,Départementale,50.0,1
202400043428,2024-02-24,soirée,,,60,60097,2,2,6,2,3,Départementale,,2
202400043429,2024-04-01,après-midi,,,29,29019,1,1,3,3,4,Voie communale,50.0,1
202400043430,2024-05-10,après-midi,,,37,37242,1,1,6,2,3,Départementale,80.0,1
202400043431,2024-05-10,après-midi,,,62,62081,1,1,7,2,3,Départementale,80.0,1
202400043432,2024-02-23,soirée,,,95,95582,2,1,2,4,1,Autoroute,110.0,1
202400043433,2024-08-23,soirée,,,59,59576,1,7,4,4,3,Départementale,80.0,1
202400043434,2024-05-09,après-midi,,,54,54023,1,1,7,3,3,Départementale,80.0,1
202400043435,2024-04-02,soirée,,,27,27681,1,2,1,4,4,Voie communale,50.0,2
202400043436,2024-02-20,après-midi,,,75,75120,1,1,1,4,4,Voie communale,30.0,1
202400043437,2024-05-10,soirée,,,60,60040,1,1,7,4,3,Départementale,80.0,1
202400043438,2024-08-18,nuit,,,84,84099,3,1,2,4,3,Départementale,80.0,1
202400043439,2024-03-16,après-midi,,,29,29232,1,8,1,4,4,Voie communale,30.0,1
202400043440,2024-05-10,soirée,,,80,80523,1,1,3,3,3,Départementale,80.0,1
202400043441,2024-04-01,soirée,,,27,27554,1,1,3,4,3,Départementale,50.0,1
202400043442,2024-02-22,soirée,,,75,75120,5,8,6,4,4,Voie communale,30.0,2
202400043443,2024-05-10,après-midi,,,2A,2A200,1,1,7,3,3,Départementale,80.0,1
202400043444,2024-08-23,soirée,,,85,85109,5,1,2,4,3,Départementale,80.0,1
202400043445,2024-04-02,nuit,,,27,27701,5,1,3,4,4,Voie communale,50.0,2
202400043446,2024-02-23,nuit,,,75,75116,5,1,3,4,4,Voie communale,50.0,1
202400043447,2024-05-08,après-midi,,,01,01002,1,1,6,4,3,Départementale,80.0,1
202400043448,2024-04-02,après-midi,,,27,27229,1,2,6,4,4,Voie communale,50.0,2
202400043449,2024-08-24,matin,,,36,36200,1,1,7,3,3,Départementale,90.0,1
202400043450,2024-05-10,après-midi,,,974,97422,1,1,6,3,3,Départementale,,1
202400043451,2024-02-22,nuit,,,75,75111,5,2,3,4,4,Voie communale,30.0,2
202400043452,2024-08-24,nuit,,,62,62289,3,2,6,3,3,Départementale,80.0,2
202400043453,2024-07-15,après-midi,,,987,98736,1,1,3,4,3,Départementale,50.0,1
202400043454,2024-05-10,après-midi,,,972,97210,1,1,1,4,2,Nationale,70.0,1
202400043455,2024-04-02,après-midi,,,25,25056,1,1,6,4,3,Départementale,50.0,1
202400043456,2024-02-23,soirée,,,94,94046,5,8,6,4,4,Voie communale,,2
202400043457,2024-04-02,matin,,,25,25056,1,2,6,4,4,Voie communale,50.0,2
202400043458,2024-08-05,après-midi,,,62,62165,1,1,6,4,3,Départementale,80.0,1
202400043459,2024-05-08,matin,,,12,12169,1,1,3,3,3,Départementale,50.0,1
202400043460,2024-07-16,soirée,,,974,97411,5,1,3,4,4,Voie communale,50.0,1
202400043461,2024-02-23,soirée,,,94,94046,5,1,3,4,4,Voie communale,50.0,1
202400043462,2024-04-02,soirée,,,17,17300,1,1,3,4,4,Voie communale,30.0,1
202400043463,2024-08-23,après-midi,,,19,19019,1,1,3,4,3,Départementale,90.0,1