Num_Acc,date,time_of_day,lat,long,dep,com,lum,atm,col,severity_index,catr,catr_label,vma,surf
202400043464,2024-07-16,après-midi,,,974,97411,2,1,2,4,2,Nationale,70.0,1
202400043465,2024-05-10,matin,,,29,29235,1,1,4,4,2,Nationale,90.0,1
202400043466,2024-02-22,matin,,,94,94028,1,2,5,4,4,Voie communale,50.0,2
202400043467,2024-04-01,matin,,,14,14118,1,1,3,3,3,Départementale,50.0,1
202400043468,2024-07-16,soirée,,,973,97302,2,1,3,4,3,Départementale,50.0,1
202400043469,2024-05-09,matin,,,59,59107,1,8,3,4,3,Départementale,50.0,1
202400043470,2024-08-24,matin,,,56,56094,1,3,3,2,3,Départementale,80.0,2
202400043471,2024-04-02,soirée,,,13,13203,5,1,1,4,9,Autre,30.0,1
202400043472,2024-02-23,soirée,,,94,94059,5,2,6,4,3,Départementale,50.0,2
202400043473,2024-05-09,après-midi,,,65,65104,1,1,6,3,3,Départementale,70.0,1
202400043474,2024-07-16,après-midi,,,972,97213,1,1,2,4,1,Autoroute,90.0,1
202400043475,2024-05-09,soirée,,,51,51287,1,1,2,3,3,Départementale,50.0,1
202400043476,2024-07-15,matin,,,972,97209,1,2,6,4,4,Voie communale,50.0,2
202400043477,2024-04-02,matin,,,13,13215,1,1,2,4,4,Voie communale,50.0,1
202400043478,2024-02-23,soirée,,,92,92073,2,8,6,3,3,Départementale,50.0,2
202400043479,2024-08-24,matin,,,69,69169,1,1,4,4,3,Départementale,80.0,1
202400043480,2024-04-01,après-midi,,,13,13201,1,1,3,3,4,Voie communale,50.0,1
202400043481,2024-07-17,nuit,,,69,69382,5,1,1,4,4,Voie communale,30.0,1
202400043482,2024-02-23,nuit,,,92,92073,5,1,6,3,4,Voie communale,50.0,1
202400043483,2024-08-20,soirée,,,69,69063,2,1,2,4,7,Autre,50.0,1
202400043484,2024-07-15,soirée,,,69,69382,2,1,2,4,4,Voie communale,50.0,1
202400043485,2024-05-09,après-midi,,,81,81146,1,1,5,4,3,Départementale,80.0,1
202400043486,2024-02-23,après-midi,,,92,92063,1,1,3,4,3,Départementale,50.0,1
202400043487,2024-04-14,après-midi,,,971,97120,1,1,6,4,3,Départementale,30.0,1
202400043488,2024-08-23,nuit,,,46,46267,3,1,6,4,4,Voie communale,80.0,1
202400043489,2024-04-01,après-midi,,,13,13063,1,1,2,4,4,Voie communale,50.0,1
202400043490,2024-07-16,matin,,,971,97120,1,2,6,3,4,Voie communale,50.0,2
202400043491,2024-04-01,après-midi,,,13,13028,1,1,1,4,3,Départementale,80.0,1
202400043492,2024-02-22,soirée,,,92,92050,2,1,4,4,4,Voie communale,50.0,1
202400043493,2024-08-23,soirée,,,68,68152,3,1,3,4,3,Départementale,50.0,1
202400043494,2024-07-16,soirée,,,2A,2A004,2,1,3,4,3,Départementale,30.0,1
202400043495,2024-04-02,soirée,,,13,13005,1,1,3,4,3,Départementale,50.0,1
202400043496,2024-02-22,soirée,,,92,92048,5,2,6,4,3,Départementale,50.0,2
202400043497,2024-07-16,matin,,,84,84031,1,1,6,4,4,Voie communale,50.0,1
202400043498,2024-02-23,matin,,,92,92023,1,1,3,4,4,Voie communale,30.0,1
202400043499,2024-03-28,après-midi,,,12,12100,1,1,3,3,4,Voie communale,50.0,1
202400043500,2024-08-22,soirée,,,39,39421,1,1,1,4,3,Départementale,80.0,1
202400043501,2024-02-24,après-midi,,,59,59238,1,1,1,3,3,Départementale,50.0,1
202400043502,2024-04-01,après-midi,,,11,11069,1,1,1,4,3,Départementale,80.0,1
202400043503,2024-07-16,matin,,,84,84031,1,1,7,4,3,Départementale,50.0,1
202400043504,2024-02-23,soirée,,,37,37040,2,2,6,2,3,Départementale,50.0,2
202400043505,2024-08-23,soirée,,,44,44169,1,1,2,4,3,Départementale,70.0,1
202400043506,2024-04-01,matin,,,06,06027,1,1,1,4,9,Autre,10.0,1
202400043507,2024-07-16,soirée,,,30,30011,1,1,7,3,3,Départementale,50.0,1
202400043508,2024-02-23,après-midi,,,01,01004,1,8,3,3,4,Voie communale,50.0,1
202400043509,2024-08-24,après-midi,,,44,44127,1,1,7,4,3,Départementale,50.0,1
202400043510,2024-07-16,après-midi,,,30,30351,1,1,1,4,3,Départementale,50.0,1
202400043511,2024-04-02,soirée,,,06,06155,5,1,3,4,4,Voie communale,50.0,1
202400043512,2024-02-24,matin,,,28,28041,2,8,6,3,1,Autoroute,110.0,1
202400043513,2024-04-01,après-midi,,,75,75120,1,1,3,3,4,Voie communale,70.0,1
202400043514,2024-07-16,après-midi,,,84,84007,1,1,3,4,4,Voie communale,50.0,1
202400043515,2024-08-21,après-midi,,,44,44131,1,7,6,3,3,Départementale,80.0,2
202400043516,2024-04-02,matin,,,75,75120,1,1,6,4,4,Voie communale,30.0,1
202400043517,2024-02-23,après-midi,,,51,51136,1,2,3,3,3,Départementale,80.0,2
202400043518,2024-07-16,après-midi,,,84,84007,1,1,3,4,4,Voie communale,50.0,1
202400043519,2024-07-16,nuit,,,83,83137,5,1,6,3,4,Voie communale,50.0,1
202400043520,2024-02-21,soirée,,,30,30334,5,1,1,4,3,Départementale,50.0,1
202400043521,2024-08-23,matin,,,29,29025,2,2,2,4,3,Départementale,80.0,2
202400043522,2024-02-23,après-midi,,,51,51529,1,1,6,3,3,Départementale,90.0,1
202400043523,2024-08-24,matin,,,84,84005,1,1,5,3,3,Départementale,80.0,1
202400043524,2024-02-24,nuit,,,79,79299,3,1,2,2,3,Départementale,90.0,2
202400043525,2024-07-15,après-midi,,,83,83137,1,1,3,4,4,Voie communale,50.0,1
202400043526,2024-02-24,nuit,,,65,65317,3,4,6,4,3,Départementale,80.0,5
202400043527,2024-07-09,après-midi,,,83,83009,1,1,6,3,4,Voie communale,50.0,1
202400043528,2024-04-02,après-midi,,,75,75115,1,3,3,4,4,Voie communale,30.0,2
202400043529,2024-08-23,après-midi,,,09,09265,1,1,3,3,3,Départementale,50.0,1
202400043530,2024-07-15,matin,,,83,83123,1,1,6,3,3,Départementale,50.0,1
202400043531,2024-02-23,après-midi,,,49,49200,1,3,7,4,4,Voie communale,80.0,4
202400043532,2024-04-02,matin,,,75,75115,1,1,6,4,4,Voie communale,30.0,1
202400043533,2024-08-23,soirée,,,60,60064,1,1,1,4,3,Départementale,50.0,1
202400043534,2024-02-24,matin,,,12,12257,1,2,6,3,3,Départementale,90.0,2
202400043535,2024-07-15,soirée,,,80,80489,1,1,2,4,4,Voie communale,50.0,1
202400043536,2024-04-01,après-midi,,,75,75114,1,1,3,4,4,Voie communale,30.0,1
202400043537,2024-08-23,soirée,,,60,60155,1,1,6,3,3,Départementale,80.0,2
202400043538,2024-02-24,après-midi,,,12,12208,2,7,6,3,3,Départementale,50.0,1
202400043539,2024-08-24,matin,,,64,64180,1,1,6,3,3,Départementale,80.0,1
202400043540,2024-07-16,soirée,,,78,78140,1,1,2,4,3,Départementale,80.0,1
202400043541,2024-04-02,après-midi,,,75,75111,1,8,3,4,4,Voie communale,30.0,1
202400043542,2024-02-23,après-midi,,,34,34268,1,1,1,4,3,Départementale,90.0,1
202400043543,2024-07-16,soirée,,,77,77390,1,1,6,4,6,Autre,20.0,1
202400043544,2024-08-24,après-midi,,,43,43111,1,1,1,4,2,Nationale,80.0,1
202400043545,2024-04-02,après-midi,,,75,75110,1,1,5,4,4,Voie communale,30.0,1
202400043546,2024-02-24,après-midi,,,44,44139,1,2,6,4,3,Départementale,70.0,2
202400043547,2024-08-23,après-midi,,,10,10209,1,1,3,3,4,Voie communale,50.0,1
202400043548,2024-07-15,après-midi,,,77,77284,1,2,6,3,3,Départementale,50.0,2
202400043549,2024-04-02,après-midi,,,75,75107,1,2,3,4,4,Voie communale,30.0,2
202400043550,2024-08-23,après-midi,,,16,16086,1,1,7,3,3,Départementale,80.0,1
202400043551,2024-02-24,matin,,,44,44198,2,2,1,4,3,Départementale,80.0,2
202400043552,2024-07-16,soirée,,,77,77186,1,1,3,2,3,Départementale,70.0,1
202400043553,2024-04-02,après-midi,,,94,94073,1,1,2,4,3,Départementale,50.0,1
202400043554,2024-02-23,après-midi,,,01,01295,1,1,3,4,3,Départementale,50.0,1
202400043555,2024-08-23,après-midi,,,04,04108,1,1,1,3,2,Nationale,50.0,1
202400043556,2024-07-05,après-midi,,,73,73065,1,1,6,4,4,Voie communale,50.0,1
202400043557,2024-04-02,après-midi,,,93,93070,1,1,2,4,3,Départementale,50.0,1
202400043558,2024-02-23,soirée,,,54,54449,2,2,6,4,3,Départementale,50.0,2
202400043559,2024-08-22,soirée,,,04,04094,1,1,2,3,3,Départementale,80.0,1
202400043560,2024-07-15,après-midi,,,72,72181,1,1,6,4,4,Voie communale,50.0,1
202400043561,2024-04-02,matin,,,93,93005,1,1,6,4,4,Voie communale,50.0,1
202400043562,2024-02-24,matin,,,50,50569,3,2,5,3,3,Départementale,80.0,2
202400043563,2024-08-24,matin,,,85,85050,1,1,1,3,4,Voie communale,80.0,1
202400043564,2024-07-16,matin,,,67,67482,1,1,6,4,4,Voie communale,50.0,1
202400043565,2024-02-23,matin,,,50,50589,1,7,6,2,3,Départementale,80.0,1
202400043566,2024-04-01,soirée,,,93,93006,1,1,3,4,3,Départementale,50.0,1
202400043567,2024-06-06,soirée,,,69,69290,1,1,4,4,2,Nationale,90.0,1
202400043568,2024-07-16,matin,,,64,64445,1,1,3,4,4,Voie communale,30.0,1
202400043569,2024-08-23,matin,,,27,27210,1,1,3,4,3,Départementale,80.0,1
202400043570,2024-06-15,matin,,,33,33550,1,1,6,4,1,Autoroute,90.0,1
202400043571,2024-02-23,soirée,,,10,10262,5,2,3,4,4,Voie communale,50.0,2
202400043572,2024-04-02,matin,,,92,92064,1,1,3,4,3,Départementale,50.0,1
202400043573,2024-08-23,nuit,,,17,17325,3,1,7,3,3,Départementale,80.0,1
202400043574,2024-07-16,matin,,,64,64445,1,1,7,4,4,Voie communale,,1
202400043575,2024-08-24,matin,,,23,23131,2,1,6,3,3,Départementale,90.0,1
202400043576,2024-06-15,nuit,,,33,33249,5,1,2,4,1,Autoroute,90.0,1
202400043577,2024-02-23,soirée,,,23,23102,3,2,6,4,3,Départementale,70.0,2
202400043578,2024-04-02,après-midi,,,92,92063,1,2,3,4,4,Voie communale,30.0,2
202400043579,2024-07-15,nuit,,,64,64348,5,1,6,4,4,Voie communale,50.0,1
202400043580,2024-06-15,nuit,,,91,91179,3,1,6,4,1,Autoroute,110.0,1
202400043581,2024-08-24,matin,,,24,24282,1,1,3,4,3,Départementale,80.0,1
202400043582,2024-06-15,nuit,,,78,78646,3,1,6,4,2,Nationale,90.0,2
202400043583,2024-04-02,après-midi,,,92,92050,1,1,3,4,4,Voie communale,50.0,1
202400043584,2024-02-24,matin,,,40,40152,1,4,4,3,1,Autoroute,110.0,2
202400043585,2024-07-14,après-midi,,,64,64445,1,1,3,4,4,Voie communale,,1
202400043586,2024-08-23,soirée,,,05,05162,1,1,6,3,1,Autoroute,70.0,1
202400043587,2024-06-14,après-midi,,,95,95572,1,1,3,4,2,Nationale,90.0,1
202400043588,2024-04-01,soirée,,,92,92040,1,1,6,4,4,Voie communale,30.0,1
202400043589,2024-07-15,soirée,,,64,64125,1,1,3,4,3,Départementale,50.0,1
202400043590,2024-06-14,après-midi,,,92,92036,1,1,1,4,1,Autoroute,90.0,1
202400043591,2024-02-24,nuit,,,49,49007,3,1,1,3,1,Autoroute,90.0,1
202400043592,2024-04-02,matin,,,92,92025,1,1,1,4,3,Départementale,50.0,1
202400043593,2024-08-23,après-midi,,,973,97305,1,1,5,4,2,Nationale,80.0,1
202400043594,2024-06-14,après-midi,,,95,95500,1,2,2,4,1,Autoroute,90.0,2
202400043595,2024-07-15,matin,,,64,64122,1,1,3,4,4,Voie communale,30.0,1
202400043596,2024-04-02,après-midi,,,92,92024,1,2,6,4,3,Départementale,50.0,2
202400043597,2024-01-26,soirée,,,17,17299,3,2,4,4,1,Autoroute,110.0,2
202400043598,2024-08-24,matin,,,971,97125,1,1,3,2,2,Nationale,80.0,1
202400043599,2024-06-27,après-midi,,,62,62464,1,1,3,4,3,Départementale,30.0,1
202400043600,2024-06-14,soirée,,,93,93078,1,1,4,4,1,Autoroute,90.0,1
202400043601,2024-02-24,soirée,,,60,60142,3,2,1,3,3,Départementale,80.0,2
202400043602,2024-08-24,matin,,,84,84078,1,1,6,3,2,Nationale,80.0,1
202400043603,2024-04-02,après-midi,,,92,92019,1,1,3,4,3,Départementale,50.0,1
202400043604,2024-02-23,nuit,,,28,28026,3,1,6,3,1,Autoroute,130.0,1
202400043605,2024-07-15,nuit,,,62,62193,5,1,2,4,4,Voie communale,50.0,1
202400043606,2024-08-24,après-midi,,,13,13096,1,1,3,3,3,Départementale,70.0,1
202400043607,2024-04-02,après-midi,,,92,92012,1,1,6,4,4,Voie communale,30.0,1
202400043608,2024-02-23,matin,,,987,98724,1,1,6,2,2,Nationale,60.0,1
202400043609,2024-08-24,matin,,,21,21021,1,1,1,4,3,Départementale,80.0,1
202400043610,2024-06-14,après-midi,,,93,93007,1,1,4,4,1,Autoroute,110.0,1
202400043611,2024-08-24,après-midi,,,68,68292,1,1,1,3,3,Départementale,70.0,1
202400043612,2024-02-23,matin,,,974,97408,1,1,3,3,3,Départementale,80.0,1
202400043613,2024-07-13,nuit,,,61,61001,5,1,6,4,3,Départementale,30.0,1
202400043614,2024-06-14,matin,,,95,95042,1,1,7,3,2,Nationale,110.0,2
202400043615,2024-04-02,après-midi,,,92,92004,1,2,4,4,3,Départementale,70.0,2
202400043616,2024-08-23,après-midi,,,68,68370,1,1,1,4,3,Départementale,80.0,1
202400043617,2024-02-23,après-midi,,,45,45212,1,2,7,4,3,Départementale,80.0,2
202400043618,2024-04-02,matin,,,92,92004,1,1,3,4,3,Départementale,50.0,1
202400043619,2024-06-15,matin,,,77,77169,1,1,4,4,1,Autoroute,110.0,1
202400043620,2024-04-02,après-midi,,,09,09209,3,1,6,3,3,Départementale,50.0,1
202400043621,2024-07-16,soirée,,,60,60057,1,1,2,4,4,Voie communale,50.0,1
202400043622,2024-02-22,après-midi,,,78,78296,1,6,6,3,4,Voie communale,80.0,2
202400043623,2024-08-24,après-midi,,,68,68329,1,1,4,3,3,Départementale,80.0,1
202400043624,2024-06-14,après-midi,,,77,77121,1,1,2,4,1,Autoroute,90.0,1
202400043625,2024-07-15,après-midi,,,59,59599,1,2,6,3,4,Voie communale,50.0,2
202400043626,2024-03-30,nuit,,,95,95504,3,3,3,4,1,Autoroute,110.0,2
202400043627,2024-08-23,nuit,,,67,67052,3,1,7,3,3,Départementale,80.0,1
202400043628,2024-02-21,matin,,,26,26124,1,1,4,4,1,Autoroute,130.0,1
202400043629,2024-03-26,soirée,,,19,19005,4,2,3,3,4,Voie communale,,2
202400043630,2024-08-24,nuit,,,03,03235,3,1,6,2,3,Départementale,,1
202400043631,2024-07-15,soirée,,,59,59375,1,1,6,3,3,Départementale,50.0,1
202400043632,2024-04-03,après-midi,,,68,68019,1,1,3,3,3,Départementale,80.0,1
202400043633,2024-02-23,soirée,,,38,38146,2,1,3,3,3,Départementale,80.0,1
202400043634,2024-06-13,matin,,,987,98735,1,1,3,3,4,Voie communale,50.0,1
202400043635,2024-08-23,soirée,,,73,73061,1,1,1,4,3,Départementale,80.0,1
202400043636,2024-06-22,après-midi,,,56,56260,1,1,7,4,4,Voie communale,50.0,1
202400043637,2024-04-03,matin,,,46,46197,1,1,2,2,3,Départementale,110.0,1
202400043638,2024-08-23,soirée,,,73,73081,2,1,7,4,3,Départementale,80.0,1
202400043639,2024-06-14,après-midi,,,974,97411,1,1,2,3,2,Nationale,70.0,1
202400043640,2024-04-02,après-midi,,,46,46010,1,1,6,2,3,Départementale,80.0,1
202400043641,2024-02-23,après-midi,,,01,01330,1,1,3,4,3,Départementale,50.0,1
202400043642,2024-07-15,matin,,,54,54395,1,1,6,4,4,Voie communale,50.0,1
202400043643,2024-06-14,matin,,,974,97409,1,1,3,4,4,Voie communale,30.0,1
202400043644,2024-08-24,après-midi,,,73,73213,1,1,3,3,3,Départementale,70.0,1
202400043645,2024-02-20,matin,,,69,69060,1,1,6,4,3,Départementale,,2
202400043646,2024-06-14,après-midi,,,973,97302,1,1,3,4,3,Départementale,50.0,1
202400043647,2024-08-24,après-midi,,,38,38545,1,1,6,4,4,Voie communale,50.0,1
202400043648,2024-02-23,après-midi,,,31,31499,1,1,1,4,3,Départementale,50.0,1
202400043649,2024-07-16,matin,,,54,54280,1,1,2,4,3,Départementale,50.0,1
202400043650,2024-06-14,après-midi,,,973,97302,1,2,3,4,3,Départementale,50.0,2
202400043651,2024-08-21,soirée,,,69,69019,2,7,6,3,3,Départementale,50.0,1
202400043652,2024-02-12,soirée,,,22,22093,4,2,7,3,3,Départementale,,2
202400043653,2024-06-13,matin,,,973,97302,1,1,3,4,3,Départementale,50.0,1
202400043654,2024-08-23,après-midi,,,69,69204,1,1,6,3,4,Voie communale,30.0,1
202400043655,2024-07-16,après-midi,,,51,51525,1,1,3,4,3,Départementale,50.0,1
202400043656,2024-02-24,après-midi,,,22,22162,1,1,6,4,3,Départementale,110.0,2
202400043657,2024-06-13,matin,,,973,97302,1,2,3,4,3,Départementale,50.0,2
202400043658,2024-02-23,soirée,,,62,62589,5,2,7,3,4,Voie communale,50.0,2
202400043659,2024-07-16,après-midi,,,50,50165,1,7,2,4,3,Départementale,30.0,1
202400043660,2024-06-12,après-midi,,,973,97302,1,2,3,4,4,Voie communale,50.0,2
202400043661,2024-08-24,matin,,,17,17184,1,1,1,4,3,Départementale,80.0,1
202400043662,2024-06-14,après-midi,,,69,69383,1,2,6,4,4,Voie communale,30.0,2
202400043663,2024-02-23,matin,,,62,62894,1,4,5,3,1,Autoroute,130.0,7
202400043664,2024-08-15,après-midi,,,29,29042,1,1,7,4,3,Départementale,10.0,1
202400043665,2024-06-14,matin,,,69,69383,1,2,6,4,4,Voie communale,30.0,2
202400043666,2024-02-23,après-midi,,,13,13056,1,1,3,4,1,Autoroute,90.0,1
202400043667,2024-07-16,après-midi,,,45,45302,1,1,4,4,3,Départementale,90.0,1
202400043668,2024-08-23,soirée,,,02,02189,3,2,1,4,3,Départementale,80.0,2
202400043669,2024-06-14,matin,,,972,97209,1,1,6,4,4,Voie communale,50.0,1
202400043670,2024-02-22,après-midi,,,13,13005,1,2,2,4,1,Autoroute,110.0,2
202400043671,2024-07-16,après-midi,,,45,45234,1,1,5,4,3,Départementale,70.0,1
202400043672,2024-06-12,soirée,,,971,97101,5,1,6,4,6,Autre,30.0,1
202400043673,2024-08-06,soirée,,,59,59482,1,1,2,4,7,Autre,50.0,1
202400043674,2024-02-23,après-midi,,,69,69259,1,1,4,4,7,Autre,70.0,1
202400043675,2024-07-06,nuit,,,42,42218,5,1,3,4,4,Voie communale,50.0,1
202400043676,2024-06-14,matin,,,2A,2A004,1,1,6,4,4,Voie communale,50.0,1
202400043677,2024-08-11,après-midi,,,59,59581,1,1,6,4,3,Départementale,70.0,1
202400043678,2024-02-21,soirée,,,42,42218,2,1,2,3,1,Autoroute,90.0,1
202400043679,2024-02-23,soirée,,,94,94021,3,2,2,4,1,Autoroute,90.0,2
202400043680,2024-06-14,soirée,,,91,91425,1,8,6,3,3,Départementale,50.0,1
202400043681,2024-08-23,matin,,,13,13215,1,1,2,4,1,Autoroute,70.0,1
202400043682,2024-02-22,nuit,,,92,92063,3,1,6,4,1,Autoroute,70.0,2
202400043683,2024-06-14,soirée,,,91,91377,2,2,3,4,4,Voie communale,30.0,2
202400043684,2024-08-23,après-midi,,,83,83144,1,1,2,4,1,Autoroute,70.0,1
202400043685,2024-07-16,matin,,,38,38053,1,1,2,4,3,Départementale,70.0,1
202400043686,2024-02-22,soirée,,,78,78431,3,3,4,4,1,Autoroute,130.0,2
202400043687,2024-06-14,soirée,,,91,91432,1,2,1,4,4,Voie communale,30.0,2
202400043688,2024-07-15,après-midi,,,37,37233,1,1,7,4,4,Voie communale,50.0,1
202400043689,2024-06-14,soirée,,,91,91589,1,1,3,4,4,Voie communale,50.0,1
202400043690,2024-07-16,après-midi,,,35,35238,1,1,1,4,4,Voie communale,30.0,1
202400043691,2024-02-22,matin,,,78,78007,1,2,4,4,1,Autoroute,110.0,2
202400043692,2024-06-14,matin,,,91,91479,1,1,3,4,3,Départementale,50.0,1
202400043693,2024-07-15,après-midi,,,35,35115,1,1,7,3,4,Voie communale,30.0,2
202400043694,2024-08-23,après-midi,,,33,33080,1,1,4,4,1,Autoroute,110.0,1
202400043695,2024-02-22,matin,,,92,92025,1,2,2,4,1,Autoroute,90.0,2
202400043696,2024-07-16,après-midi,,,34,34172,1,1,3,3,4,Voie communale,50.0,1
202400043697,2024-08-21,après-midi,,,33,33397,1,1,2,4,1,Autoroute,130.0,1
202400043698,2024-06-13,après-midi,,,87,87113,1,1,5,3,3,Départementale,50.0,1
202400043699,2024-02-22,nuit,,,92,92036,3,2,6,4,1,Autoroute,70.0,2
202400043700,2024-06-14,nuit,,,83,83009,4,1,6,4,4,Voie communale,50.0,1
202400043701,2024-08-23,après-midi,,,94,94038,1,1,2,4,1,Autoroute,90.0,1
202400043702,2024-07-15,nuit,,,29,29039,5,1,6,4,3,Départementale,50.0,1
202400043703,2024-02-23,après-midi,,,95,95572,1,1,4,4,2,Nationale,50.0,1
202400043704,2024-08-22,après-midi,,,93,93005,1,1,2,4,1,Autoroute,90.0,1
202400043705,2024-06-12,après-midi,,,82,82121,1,1,3,4,4,Voie communale,80.0,1
202400043706,2024-02-23,matin,,,95,95582,1,8,2,4,1,Autoroute,90.0,2
202400043707,2024-07-15,nuit,,,29,29019,5,1,2,4,4,Voie communale,30.0,1
202400043708,2024-08-22,après-midi,,,93,93005,1,1,2,4,1,Autoroute,90.0,1
202400043709,2024-06-11,après-midi,,,81,81004,1,1,3,3,4,Voie communale,50.0,1
202400043710,2024-02-23,matin,,,77,77121,2,1,6,4,1,Autoroute,110.0,1
202400043711,2024-07-15,après-midi,,,29,29019,1,1,3,4,4,Voie communale,50.0,1
202400043712,2024-08-21,matin,,,93,93066,1,1,3,4,1,Autoroute,90.0,1
202400043713,2024-02-22,nuit,,,75,75120,5,3,3,4,4,Voie communale,50.0,2
202400043714,2024-06-14,soirée,,,80,80164,1,1,1,4,3,Départementale,80.0,1
202400043715,2024-07-16,après-midi,,,27,27681,1,1,6,4,4,Voie communale,30.0,1
202400043716,2024-08-21,soirée,,,94,94065,1,1,3,4,2,Nationale,90.0,1
202400043717,2024-06-13,après-midi,,,80,80674,1,1,1,4,3,Départementale,50.0,1
202400043718,2024-02-21,soirée,,,75,75106,3,2,6,4,4,Voie communale,30.0,2
202400043719,2024-07-15,après-midi,,,26,26362,1,1,3,4,4,Voie communale,50.0,1
202400043720,2024-06-13,après-midi,,,78,78440,1,1,1,4,4,Voie communale,50.0,1
202400043721,2024-08-22,matin,,,987,98735,1,1,3,3,2,Nationale,50.0,1
202400043722,2024-02-22,après-midi,,,75,75120,1,3,6,4,4,Voie communale,30.0,2
202400043723,2024-07-15,après-midi,,,25,25462,1,1,3,4,3,Départementale,50.0,1
202400043724,2024-02-22,après-midi,,,75,75120,1,3,6,3,4,Voie communale,50.0,2
202400043725,2024-06-14,après-midi,,,78,78208,1,1,3,4,4,Voie communale,50.0,1
202400043726,2024-08-22,soirée,,,974,97416,2,1,3,4,4,Voie communale,50.0,1
202400043727,2024-02-21,nuit,,,75,75120,5,3,6,3,4,Voie communale,50.0,2
202400043728,2024-07-16,soirée,,,25,25056,1,2,2,4,4,Voie communale,,2
202400043729,2024-02-22,après-midi,,,75,75119,1,2,7,4,4,Voie communale,30.0,2
202400043730,2024-06-13,soirée,,,77,77384,2,1,3,4,4,Voie communale,50.0,1
202400043731,2024-08-21,après-midi,,,974,97416,1,1,3,4,4,Voie communale,50.0,1
202400043732,2024-07-16,après-midi,,,21,21054,1,1,3,4,4,Voie communale,50.0,1
202400043733,2024-02-22,matin,,,75,75118,1,2,1,4,4,Voie communale,30.0,2
202400043734,2024-02-22,après-midi,,,75,75117,1,3,6,4,4,Voie communale,30.0,2
202400043735,2024-06-14,soirée,,,77,77268,1,1,6,4,4,Voie communale,50.0,1
202400043736,2024-08-21,après-midi,,,974,97411,1,1,3,3,2,Nationale,50.0,1
202400043737,2024-07-15,après-midi,,,19,19272,1,2,6,4,3,Départementale,50.0,2
202400043738,2024-02-21,soirée,,,75,75117,5,2,6,4,4,Voie communale,50.0,2
202400043739,2024-08-21,soirée,,,973,97302,3,1,3,4,3,Départementale,50.0,1
202400043740,2024-06-14,après-midi,,,77,77449,1,1,3,4,4,Voie communale,50.0,1
202400043741,2024-07-16,nuit,,,17,17300,5,1,3,4,4,Voie communale,50.0,1
202400043742,2024-02-22,soirée,,,75,75112,5,2,6,4,4,Voie communale,30.0,2
202400043743,2024-06-14,nuit,,,76,76351,4,1,6,4,6,Autre,30.0,1
202400043744,2024-08-22,matin,,,69,69388,1,1,3,4,4,Voie communale,30.0,1
202400043745,2024-02-18,soirée,,,13,13026,2,1,3,4,4,Voie communale,30.0,1
202400043746,2024-02-22,après-midi,,,75,75108,1,2,6,4,4,Voie communale,30.0,2
202400043747,2024-06-08,nuit,,,76,76351,5,1,7,4,4,Voie communale,50.0,1
202400043748,2024-06-14,après-midi,,,74,74012,1,2,6,4,4,Voie communale,50.0,2
202400043749,2024-07-16,après-midi,,,13,13103,1,1,2,3,4,Voie communale,50.0,1
202400043750,2024-02-21,après-midi,,,94,94016,1,2,6,4,3,Départementale,50.0,2
202400043751,2024-08-23,nuit,,,69,69382,5,1,3,4,4,Voie communale,30.0,1
202400043752,2024-07-16,soirée,,,13,13203,1,1,1,4,4,Voie communale,50.0,1
202400043753,2024-02-22,matin,,,94,94033,1,2,6,4,3,Départementale,50.0,2
202400043754,2024-06-14,après-midi,,,72,72181,1,2,3,4,4,Voie communale,50.0,2
202400043755,2024-08-22,matin,,,69,69389,1,1,6,4,4,Voie communale,30.0,1
202400043756,2024-06-27,matin,,,13,13212,1,1,2,2,9,Autre,20.0,1
202400043757,2024-08-22,nuit,,,971,97101,3,1,6,3,4,Voie communale,50.0,1
202400043758,2024-02-22,après-midi,,,93,93066,1,2,3,4,3,Départementale,30.0,2
202400043759,2024-06-14,matin,,,72,72181,1,2,3,4,4,Voie communale,50.0,2
202400043760,2024-07-07,après-midi,,,13,13212,1,1,1,4,4,Voie communale,50.0,1
202400043761,2024-06-13,après-midi,,,72,72181,1,1,6,4,4,Voie communale,30.0,1
202400043762,2024-02-21,soirée,,,93,93048,3,2,6,4,3,Départementale,50.0,2
202400043763,2024-08-07,après-midi,,,971,97113,1,1,2,4,2,Nationale,70.0,1
202400043764,2024-02-21,soirée,,,94,94080,2,3,6,4,3,Départementale,50.0,2
202400043765,2024-06-13,matin,,,71,71105,1,1,6,3,3,Départementale,30.0,1
202400043766,2024-07-16,matin,,,13,13210,1,1,3,4,4,Voie communale,50.0,1
202400043767,2024-08-21,après-midi,,,971,97113,1,1,7,4,2,Nationale,90.0,1
202400043768,2024-07-16,nuit,,,13,13211,5,1,1,4,4,Voie communale,50.0,1
202400043769,2024-08-20,soirée,,,971,97120,5,1,6,4,3,Départementale,50.0,1
202400043770,2024-02-21,soirée,,,93,93013,5,2,6,4,3,Départementale,50.0,2
202400043771,2024-06-14,après-midi,,,69,69259,1,1,3,4,4,Voie communale,30.0,1
202400043772,2024-02-21,soirée,,,92,92075,5,2,6,4,3,Départementale,50.0,2
202400043773,2024-07-16,nuit,,,13,13047,2,1,3,4,2,Nationale,80.0,1
202400043774,2024-08-22,après-midi,,,91,91549,1,1,3,4,4,Voie communale,30.0,1