Num_Acc,date,time_of_day,lat,long,dep,com,lum,atm,col,severity_index,catr,catr_label,vma,surf
202400043775,2024-02-22,matin,,,92,92073,1,3,3,4,3,Départementale,50.0,2
202400043776,2024-07-16,après-midi,,,13,13001,1,1,3,4,4,Voie communale,50.0,1
202400043777,2024-06-14,après-midi,,,69,69259,1,1,1,4,4,Voie communale,50.0,1
202400043778,2024-02-22,après-midi,,,92,92062,2,2,6,3,3,Départementale,50.0,2
202400043779,2024-08-21,après-midi,,,91,91103,1,1,2,4,4,Voie communale,50.0,1
202400043780,2024-07-16,matin,,,13,13001,1,1,3,4,2,Nationale,90.0,1
202400043781,2024-02-22,après-midi,,,92,92062,1,6,3,4,4,Voie communale,50.0,2
202400043782,2024-06-14,soirée,,,69,69096,1,1,2,4,7,Autre,50.0,1
202400043783,2024-08-22,après-midi,,,91,91114,1,7,3,4,2,Nationale,50.0,1
202400043784,2024-07-15,après-midi,,,11,11069,1,1,6,4,4,Voie communale,30.0,1
202400043785,2024-02-21,soirée,,,92,92048,5,3,6,4,4,Voie communale,50.0,2
202400043786,2024-06-14,matin,,,66,66136,3,1,2,2,3,Départementale,110.0,1
202400043787,2024-02-21,soirée,,,92,92048,5,2,6,4,4,Voie communale,50.0,2
202400043788,2024-07-16,après-midi,,,08,08105,1,8,6,3,4,Voie communale,50.0,1
202400043789,2024-08-21,après-midi,,,91,91215,1,1,1,4,3,Départementale,30.0,1
202400043790,2024-06-14,après-midi,,,66,66136,1,1,6,3,4,Voie communale,50.0,1
202400043791,2024-07-16,soirée,,,04,04070,1,1,7,3,3,Départementale,80.0,1
202400043792,2024-02-20,matin,,,92,92035,1,1,6,4,4,Voie communale,50.0,1
202400043793,2024-08-21,après-midi,,,87,87085,1,1,2,4,2,Nationale,80.0,1
202400043794,2024-06-14,après-midi,,,66,66136,1,1,6,4,4,Voie communale,50.0,1
202400043795,2024-02-21,soirée,,,92,92025,5,2,6,4,3,Départementale,30.0,2
202400043796,2024-07-16,après-midi,,,75,75113,1,1,4,4,4,Voie communale,70.0,1
202400043797,2024-02-23,nuit,,,39,39481,3,1,6,2,3,Départementale,80.0,2
202400043798,2024-08-20,matin,,,86,86194,1,1,2,4,4,Voie communale,50.0,1
202400043799,2024-06-12,après-midi,,,64,64445,1,2,7,4,3,Départementale,50.0,2
202400043800,2024-06-14,matin,,,64,64122,1,1,7,3,4,Voie communale,30.0,9
202400043801,2024-08-22,matin,,,86,86194,1,1,6,2,4,Voie communale,30.0,1
202400043802,2024-07-16,après-midi,,,75,75116,1,1,4,4,4,Voie communale,70.0,1
202400043803,2024-02-15,soirée,,,56,56139,3,1,2,4,2,Nationale,110.0,1
202400043804,2024-06-14,soirée,,,64,64024,1,2,2,4,4,Voie communale,50.0,2
202400043805,2024-02-22,après-midi,,,86,86162,1,3,6,3,3,Départementale,80.0,3
202400043806,2024-08-22,après-midi,,,30,30351,1,1,3,4,3,Départementale,20.0,1
202400043807,2024-07-16,matin,,,75,75115,1,1,4,4,4,Voie communale,70.0,1
202400043808,2024-06-14,matin,,,64,64024,2,1,4,4,4,Voie communale,50.0,1
202400043809,2024-02-23,nuit,,,06,06149,5,2,6,4,7,Autre,50.0,2
202400043810,2024-07-15,soirée,,,75,75118,1,1,2,4,4,Voie communale,70.0,1
202400043811,2024-08-22,matin,,,78,78440,1,1,3,4,4,Voie communale,30.0,1
202400043812,2024-06-14,après-midi,,,63,63300,1,1,6,4,6,Autre,10.0,1
202400043813,2024-02-22,soirée,,,974,97414,2,2,3,4,2,Nationale,110.0,2
202400043814,2024-02-21,matin,,,58,58102,1,1,6,3,3,Départementale,80.0,1
202400043815,2024-08-22,soirée,,,78,78423,1,1,3,4,4,Voie communale,,1
202400043816,2024-06-14,après-midi,,,63,63113,1,1,3,4,7,Autre,50.0,1
202400043817,2024-07-15,soirée,,,75,75112,1,1,5,4,4,Voie communale,70.0,1
202400043818,2024-01-17,après-midi,,,83,83116,1,1,3,4,4,Voie communale,50.0,1
202400043819,2024-06-06,après-midi,,,62,62133,1,1,1,4,4,Voie communale,50.0,1
202400043820,2024-07-16,nuit,,,75,75106,5,1,2,4,4,Voie communale,30.0,1
202400043821,2024-02-23,matin,,,62,62853,1,3,7,3,4,Voie communale,50.0,2
202400043822,2024-06-13,matin,,,62,62498,1,1,6,3,4,Voie communale,,1
202400043823,2024-08-22,après-midi,,,78,78005,1,1,3,4,2,Nationale,90.0,1
202400043824,2024-02-23,matin,,,56,56034,1,2,3,3,4,Voie communale,30.0,2
202400043825,2024-07-15,soirée,,,75,75120,1,1,6,4,4,Voie communale,30.0,1
202400043826,2024-02-21,matin,,,76,76605,1,2,6,3,3,Départementale,50.0,2
202400043827,2024-07-16,après-midi,,,75,75119,1,1,6,3,4,Voie communale,30.0,1
202400043828,2024-08-21,matin,,,77,77053,1,1,2,3,4,Voie communale,50.0,1
202400043829,2024-02-22,après-midi,,,79,79253,1,3,7,2,4,Voie communale,50.0,2
202400043830,2024-06-14,nuit,,,60,60382,3,2,3,4,4,Voie communale,50.0,2
202400043831,2024-08-22,soirée,,,77,77111,1,1,7,3,4,Voie communale,50.0,1
202400043832,2024-07-15,soirée,,,75,75119,1,1,6,4,4,Voie communale,50.0,1
202400043833,2024-02-22,après-midi,,,79,79195,1,2,3,4,3,Départementale,50.0,2
202400043834,2024-06-13,matin,,,60,60159,1,1,6,4,4,Voie communale,50.0,1
202400043835,2024-02-23,après-midi,,,79,79298,1,2,7,3,3,Départementale,80.0,2
202400043836,2024-07-16,matin,,,75,75117,1,1,6,4,4,Voie communale,30.0,1
202400043837,2024-08-22,soirée,,,77,77449,1,1,1,4,3,Départementale,70.0,1
202400043838,2024-06-14,après-midi,,,59,59599,1,2,3,4,7,Autre,50.0,2
202400043839,2024-02-21,soirée,,,31,31056,3,2,6,2,7,Autre,70.0,2
202400043840,2024-08-21,après-midi,,,76,76351,1,1,6,4,4,Voie communale,50.0,1
202400043841,2024-07-16,après-midi,,,75,75115,1,1,3,4,4,Voie communale,50.0,1
202400043842,2024-06-14,après-midi,,,59,59512,1,2,2,4,7,Autre,50.0,2
202400043843,2024-02-02,soirée,,,47,47283,3,1,3,4,3,Départementale,50.0,1
202400043844,2024-07-16,matin,,,75,75114,1,2,6,4,4,Voie communale,30.0,2
202400043845,2024-08-21,après-midi,,,72,72003,1,1,2,4,4,Voie communale,30.0,1
202400043846,2024-06-14,matin,,,59,59560,1,2,1,4,4,Voie communale,50.0,2
202400043847,2024-02-21,nuit,,,01,01072,5,8,5,4,3,Départementale,50.0,2
202400043848,2024-06-13,après-midi,,,57,57306,1,1,6,3,3,Départementale,50.0,1
202400043849,2024-08-22,matin,,,67,67482,1,1,1,4,4,Voie communale,30.0,1
202400043850,2024-07-16,après-midi,,,75,75102,1,1,6,4,4,Voie communale,30.0,1
202400043851,2024-02-23,après-midi,,,58,58095,1,1,3,4,4,Voie communale,30.0,1
202400043852,2024-06-14,matin,,,56,56260,1,2,3,4,4,Voie communale,50.0,2
202400043853,2024-08-21,soirée,,,64,64348,5,1,1,4,4,Voie communale,50.0,1
202400043854,2024-07-15,après-midi,,,75,75108,1,1,3,4,4,Voie communale,30.0,1
202400043855,2024-06-14,matin,,,54,54395,1,1,6,4,4,Voie communale,50.0,1
202400043856,2024-08-22,matin,,,64,64122,1,1,2,4,4,Voie communale,50.0,1
202400043857,2024-07-15,après-midi,,,75,75108,1,1,7,4,4,Voie communale,,1
202400043858,2024-06-13,après-midi,,,54,54395,1,1,6,4,4,Voie communale,30.0,1
202400043859,2024-06-15,nuit,,,51,51454,5,2,7,4,4,Voie communale,50.0,2
202400043860,2024-08-20,soirée,,,64,64102,1,1,2,4,3,Départementale,50.0,1
202400043861,2024-07-16,après-midi,,,75,75107,1,1,1,4,4,Voie communale,30.0,1
202400043862,2024-06-14,après-midi,,,51,51454,1,1,7,4,4,Voie communale,50.0,1
202400043863,2024-07-16,après-midi,,,94,94081,1,7,6,4,3,Départementale,50.0,1
202400043864,2024-08-17,après-midi,,,62,62215,1,1,2,4,3,Départementale,50.0,1
202400043865,2024-06-14,après-midi,,,51,51454,1,1,6,4,4,Voie communale,30.0,1
202400043866,2024-08-21,matin,,,59,59360,1,7,6,4,4,Voie communale,30.0,1
202400043867,2024-07-15,nuit,,,94,94067,5,1,3,4,3,Départementale,50.0,1
202400043868,2024-06-14,matin,,,51,51454,1,1,2,4,4,Voie communale,30.0,1
202400043869,2024-08-20,nuit,,,57,57672,5,3,1,4,4,Voie communale,50.0,2
202400043870,2024-07-15,après-midi,,,94,94068,1,1,3,4,3,Départementale,30.0,1
202400043871,2024-06-14,matin,,,51,51108,1,1,1,4,4,Voie communale,50.0,2
202400043872,2024-08-22,après-midi,,,57,57227,1,1,2,4,4,Voie communale,50.0,1
202400043873,2024-06-14,après-midi,,,49,49007,1,1,6,4,4,Voie communale,50.0,1
202400043874,2024-06-14,matin,,,49,49007,1,1,3,3,4,Voie communale,50.0,1
202400043875,2024-08-21,après-midi,,,50,50129,1,1,2,4,3,Départementale,45.0,1
202400043876,2024-07-14,après-midi,,,94,94068,1,1,4,4,3,Départementale,30.0,1
202400043877,2024-08-21,matin,,,50,50129,1,1,6,4,3,Départementale,50.0,1
202400043878,2024-06-13,soirée,,,49,49007,1,1,3,4,4,Voie communale,50.0,1
202400043879,2024-08-21,après-midi,,,49,49328,1,1,6,4,4,Voie communale,50.0,1
202400043880,2024-07-16,soirée,,,94,94052,1,8,5,4,3,Départementale,50.0,1
202400043881,2024-06-14,matin,,,45,45338,1,8,1,4,3,Départementale,50.0,1
202400043882,2024-08-22,matin,,,49,49015,1,1,7,4,4,Voie communale,50.0,1
202400043883,2024-07-16,après-midi,,,94,94021,1,1,2,4,3,Départementale,50.0,1
202400043884,2024-06-14,nuit,,,43,43041,5,2,7,4,3,Départementale,50.0,2
202400043885,2024-08-22,matin,,,45,45284,1,1,2,4,4,Voie communale,50.0,1
202400043886,2024-07-16,matin,,,94,94022,1,2,6,4,3,Départementale,50.0,2
202400043887,2024-06-14,matin,,,43,43157,1,1,6,3,3,Départementale,50.0,1
202400043888,2024-08-22,après-midi,,,42,42187,1,1,6,3,6,Autre,30.0,1
202400043889,2024-07-16,après-midi,,,94,94017,1,1,2,3,3,Départementale,50.0,1
202400043890,2024-06-14,soirée,,,42,42187,1,1,7,4,4,Voie communale,50.0,1
202400043891,2024-08-22,soirée,,,38,38151,1,1,6,4,4,Voie communale,50.0,1
202400043892,2024-08-22,matin,,,37,37233,1,1,6,4,4,Voie communale,50.0,1
202400043893,2024-02-20,après-midi,,,39,39300,1,7,3,3,4,Voie communale,50.0,1
202400043894,2024-07-16,après-midi,,,94,94075,1,1,2,4,3,Départementale,50.0,1
202400043895,2024-06-14,matin,,,38,38563,1,1,6,3,3,Départementale,70.0,1
202400043896,2024-08-20,après-midi,,,34,34032,1,1,6,4,4,Voie communale,50.0,1
202400043897,2024-07-15,après-midi,,,94,94075,1,1,2,4,4,Voie communale,,1
202400043898,2024-06-14,après-midi,,,37,37261,1,8,6,4,4,Voie communale,50.0,1
202400043899,2024-08-22,après-midi,,,33,33249,1,1,6,4,4,Voie communale,30.0,1
202400043900,2024-07-16,après-midi,,,93,93078,1,1,2,4,4,Voie communale,50.0,1
202400043901,2024-06-14,matin,,,37,37233,1,8,2,4,4,Voie communale,50.0,1
202400043902,2024-08-21,soirée,,,33,33032,1,1,3,4,4,Voie communale,50.0,1
202400043903,2024-07-16,après-midi,,,93,93066,1,1,2,3,3,Départementale,50.0,1
202400043904,2024-06-14,nuit,,,37,37261,5,1,3,4,4,Voie communale,50.0,1
202400043905,2024-08-20,nuit,,,31,31555,3,1,2,4,4,Voie communale,30.0,1
202400043906,2024-07-16,soirée,,,93,93051,2,1,3,4,3,Départementale,50.0,1
202400043907,2024-06-14,nuit,,,31,31555,5,1,3,4,4,Voie communale,50.0,1
202400043908,2024-08-21,soirée,,,27,27229,1,1,2,4,4,Voie communale,50.0,1
202400043909,2024-06-14,soirée,,,29,29232,1,1,3,4,4,Voie communale,50.0,2
202400043910,2024-08-21,soirée,,,26,26198,1,1,6,2,4,Voie communale,50.0,1
202400043911,2024-07-16,matin,,,93,93048,1,1,2,4,3,Départementale,30.0,1
202400043912,2024-06-11,soirée,,,29,29232,1,1,3,3,3,Départementale,50.0,1
202400043913,2024-07-16,après-midi,,,93,93045,1,1,1,4,4,Voie communale,30.0,1
202400043914,2024-08-22,soirée,,,25,25462,1,1,3,4,4,Voie communale,50.0,1
202400043915,2024-06-12,après-midi,,,29,29039,1,1,7,4,3,Départementale,70.0,1
202400043916,2024-08-22,nuit,,,25,25462,5,1,6,4,4,Voie communale,50.0,1
202400043917,2024-06-13,nuit,,,27,27072,4,1,6,4,4,Voie communale,50.0,1
202400043918,2024-07-15,matin,,,92,92075,1,1,6,4,3,Départementale,30.0,1
202400043919,2024-08-22,matin,,,25,25056,1,1,3,4,4,Voie communale,50.0,1
202400043920,2024-06-14,soirée,,,14,14167,1,1,3,3,4,Voie communale,50.0,1
202400043921,2024-07-16,nuit,,,92,92073,5,1,7,4,4,Voie communale,,1
202400043922,2024-08-22,matin,,,13,13056,1,1,3,3,3,Départementale,80.0,1
202400043923,2024-06-10,après-midi,,,13,13204,1,1,6,4,4,Voie communale,50.0,1
202400043924,2024-08-22,nuit,,,13,13201,5,1,1,3,4,Voie communale,50.0,1
202400043925,2024-07-16,matin,,,92,92072,1,1,3,4,3,Départementale,50.0,1
202400043926,2024-08-22,matin,,,13,13001,1,1,6,3,4,Voie communale,50.0,1
202400043927,2024-07-16,matin,,,92,92063,1,1,2,4,4,Voie communale,50.0,1
202400043928,2024-08-22,après-midi,,,11,11069,1,1,3,3,3,Départementale,80.0,1
202400043929,2024-09-27,après-midi,,,94,94028,1,1,6,4,4,Voie communale,50.0,1
202400043930,2024-06-14,matin,,,13,13215,2,1,1,3,4,Voie communale,50.0,1
202400043931,2024-08-22,matin,,,11,11069,1,1,3,4,3,Départementale,50.0,1
202400043932,2024-06-13,matin,,,13,13098,1,1,1,3,3,Départementale,70.0,1
202400043933,2024-08-22,après-midi,,,07,07281,1,1,7,4,3,Départementale,90.0,8
202400043934,2024-06-14,soirée,,,10,10387,1,1,3,3,4,Voie communale,50.0,1
202400043935,2024-07-17,nuit,,,38,38107,2,1,2,2,3,Départementale,70.0,1
202400043936,2024-08-22,matin,,,06,06069,1,7,1,4,3,Départementale,50.0,1
202400043937,2024-09-27,matin,,,94,94059,1,1,3,4,3,Départementale,50.0,1
202400043938,2024-06-13,matin,,,06,06088,1,1,6,3,7,Autre,50.0,1
202400043939,2024-08-17,après-midi,,,05,05061,1,1,2,4,3,Départementale,50.0,1
202400043940,2024-07-16,après-midi,,,22,22237,1,1,7,3,3,Départementale,80.0,1
202400043941,2024-06-13,matin,,,03,03095,1,7,2,3,3,Départementale,50.0,1
202400043942,2024-07-25,après-midi,,,05,05061,1,1,2,4,2,Nationale,50.0,1
202400043943,2024-07-17,matin,,,85,85281,1,1,3,4,4,Voie communale,80.0,1
202400043944,2024-09-26,soirée,,,94,94018,1,8,6,4,3,Départementale,50.0,2
202400043945,2024-06-14,nuit,,,75,75115,5,1,2,4,4,Voie communale,70.0,2
202400043946,2024-08-22,après-midi,,,75,75118,1,1,2,4,4,Voie communale,70.0,1
202400043947,2024-07-16,soirée,,,972,97204,2,1,6,3,2,Nationale,50.0,1
202400043948,2024-06-13,matin,,,75,75117,1,1,2,4,4,Voie communale,70.0,1
202400043949,2024-07-06,après-midi,,,01,01238,1,3,6,3,6,Autre,,2
202400043950,2024-06-13,soirée,,,75,75106,1,1,7,4,4,Voie communale,,1
202400043951,2024-08-22,matin,,,75,75114,1,1,3,3,4,Voie communale,50.0,1
202400043952,2024-09-26,après-midi,,,94,94075,1,3,2,4,4,Voie communale,30.0,2
202400043953,2024-06-14,après-midi,,,75,75118,1,1,6,4,4,Voie communale,30.0,1
202400043954,2024-07-14,nuit,,,01,01419,3,8,6,3,3,Départementale,70.0,1
202400043955,2024-06-14,soirée,,,75,75116,1,8,6,4,4,Voie communale,30.0,2
202400043956,2024-08-22,après-midi,,,75,75119,1,1,6,4,4,Voie communale,30.0,1
202400043957,2024-07-17,nuit,,,44,44047,3,1,6,2,2,Nationale,110.0,1
202400043958,2024-09-25,matin,,,94,94071,3,1,6,3,4,Voie communale,,1
202400043959,2024-08-21,après-midi,,,75,75117,1,1,6,4,4,Voie communale,30.0,1
202400043960,2024-06-14,matin,,,75,75115,1,2,3,4,4,Voie communale,30.0,2
202400043961,2024-08-22,nuit,,,75,75117,5,1,7,4,4,Voie communale,30.0,1
202400043962,2024-07-17,matin,,,21,21559,1,1,1,3,3,Départementale,80.0,1
202400043963,2024-09-27,matin,,,93,93055,1,1,6,4,3,Départementale,30.0,1
202400043964,2024-07-16,nuit,,,51,51339,3,1,7,3,3,Départementale,80.0,1
202400043965,2024-08-21,soirée,,,75,75115,1,1,6,4,4,Voie communale,50.0,1
202400043966,2024-07-17,matin,,,56,56079,1,1,7,3,3,Départementale,80.0,1
202400043967,2024-06-14,soirée,,,75,75112,1,2,6,4,4,Voie communale,30.0,2
202400043968,2024-07-16,nuit,,,56,56186,5,1,7,4,4,Voie communale,30.0,1
202400043969,2024-09-27,soirée,,,93,93049,5,2,6,4,4,Voie communale,25.0,2
202400043970,2024-08-21,après-midi,,,75,75114,1,1,3,4,4,Voie communale,30.0,1
202400043971,2024-06-14,nuit,,,75,75112,3,2,6,3,4,Voie communale,30.0,2
202400043972,2024-07-14,après-midi,,,56,56258,1,1,3,4,4,Voie communale,30.0,1
202400043973,2024-06-14,nuit,,,75,75110,5,2,6,4,4,Voie communale,30.0,2
202400043974,2024-09-27,matin,,,93,93047,1,1,3,4,4,Voie communale,50.0,1
202400043975,2024-08-22,matin,,,75,75112,1,1,5,4,4,Voie communale,30.0,1
202400043976,2024-07-17,nuit,,,2A,2A104,5,1,6,2,2,Nationale,50.0,1
202400043977,2024-06-14,après-midi,,,75,75107,1,1,3,4,4,Voie communale,30.0,1
202400043978,2024-08-22,matin,,,75,75110,1,1,7,4,4,Voie communale,30.0,1
202400043979,2024-09-27,après-midi,,,93,93010,1,1,6,4,3,Départementale,50.0,1
202400043980,2024-07-14,matin,,,2B,2B343,1,1,4,4,2,Nationale,70.0,1
202400043981,2024-06-14,soirée,,,75,75103,4,2,7,4,4,Voie communale,30.0,2
202400043982,2024-08-21,après-midi,,,75,75108,1,1,2,4,4,Voie communale,30.0,1
202400043983,2024-09-27,soirée,,,93,93008,2,2,6,4,4,Voie communale,50.0,2
202400043984,2024-07-17,matin,,,63,63066,1,1,1,3,3,Départementale,90.0,1
202400043985,2024-06-14,matin,,,75,75104,1,1,6,4,4,Voie communale,30.0,1
202400043986,2024-09-27,après-midi,,,93,93005,1,2,6,4,4,Voie communale,50.0,2
202400043987,2024-07-16,après-midi,,,63,63338,1,1,6,3,6,Autre,30.0,1
202400043988,2024-08-22,matin,,,75,75107,1,1,3,4,4,Voie communale,30.0,1
202400043989,2024-07-17,soirée,,,63,63250,1,1,6,3,3,Départementale,90.0,1
202400043990,2024-09-26,soirée,,,92,92050,5,2,3,4,4,Voie communale,50.0,2
202400043991,2024-08-22,matin,,,75,75103,1,1,6,4,4,Voie communale,30.0,1
202400043992,2024-09-27,nuit,,,92,92049,5,1,6,4,3,Départementale,50.0,2
202400043993,2024-08-21,après-midi,,,75,75102,1,1,7,4,4,Voie communale,30.0,1
202400043994,2024-09-27,après-midi,,,92,92012,1,1,6,4,3,Départementale,50.0,2
202400043995,2024-08-22,soirée,,,94,94080,1,1,3,4,3,Départementale,50.0,1
202400043996,2024-08-22,après-midi,,,94,94065,1,1,6,4,4,Voie communale,30.0,1
202400043997,2024-09-26,matin,,,92,92012,1,8,6,4,3,Départementale,50.0,2
202400043998,2024-06-13,nuit,,,75,75101,5,1,3,4,4,Voie communale,30.0,1
202400043999,2024-08-22,matin,,,93,93005,1,1,2,4,3,Départementale,50.0,1
202400044000,2024-09-27,après-midi,,,38,38160,1,1,3,2,3,Départementale,70.0,1
202400044001,2024-06-12,après-midi,,,75,75103,1,1,6,4,4,Voie communale,30.0,1
202400044002,2024-09-28,après-midi,,,973,97362,1,1,7,2,4,Voie communale,30.0,9
202400044003,2024-08-22,matin,,,93,93077,1,1,2,3,3,Départementale,50.0,1
202400044004,2024-08-22,après-midi,,,93,93010,1,1,1,4,4,Voie communale,30.0,1
202400044005,2024-09-27,soirée,,,02,02370,3,2,7,4,1,Autoroute,110.0,2
202400044006,2024-09-28,nuit,,,71,71589,3,2,6,2,3,Départementale,80.0,2
202400044007,2024-06-14,soirée,,,94,94081,1,2,5,4,4,Voie communale,30.0,2
202400044008,2024-08-22,après-midi,,,93,93008,1,1,3,3,3,Départementale,50.0,1
202400044009,2024-09-28,soirée,,,76,76624,1,1,7,3,4,Voie communale,50.0,1
202400044010,2024-08-22,nuit,,,92,92026,5,1,2,3,3,Départementale,50.0,1
202400044011,2024-06-13,après-midi,,,94,94016,1,1,3,3,3,Départementale,50.0,1
202400044012,2024-09-27,après-midi,,,84,84137,1,1,3,4,3,Départementale,50.0,1
202400044013,2024-08-21,après-midi,,,92,92025,1,1,3,4,3,Départementale,50.0,1
202400044014,2024-06-14,matin,,,94,94038,1,2,1,4,4,Voie communale,30.0,2
202400044015,2024-09-27,nuit,,,52,52282,3,1,7,4,1,Autoroute,130.0,1
202400044016,2024-08-22,après-midi,,,37,37216,1,1,3,4,3,Départementale,70.0,1
202400044017,2024-09-27,nuit,,,84,84037,3,1,6,4,3,Départementale,80.0,1
202400044018,2024-06-14,nuit,,,94,94021,5,2,3,2,3,Départementale,50.0,2
202400044019,2024-08-23,soirée,,,37,37058,1,1,6,2,4,Voie communale,70.0,1
202400044020,2024-09-28,matin,,,50,50616,3,8,6,4,2,Nationale,50.0,2
202400044021,2024-08-23,après-midi,,,54,54345,1,6,7,4,3,Départementale,80.0,1
202400044022,2024-06-14,nuit,,,94,94001,2,1,2,4,3,Départementale,,1
202400044023,2024-08-23,soirée,,,86,86001,1,1,6,3,3,Départementale,80.0,1
202400044024,2024-09-28,nuit,,,89,89411,3,2,3,3,3,Départementale,90.0,2
202400044025,2024-08-23,matin,,,43,43080,1,1,7,3,3,Départementale,90.0,1
202400044026,2024-06-13,soirée,,,94,94022,1,1,3,4,3,Départementale,50.0,1
202400044027,2024-08-21,après-midi,,,988,98812,1,1,6,4,2,Nationale,110.0,1
202400044028,2024-09-26,après-midi,,,51,51560,1,2,4,4,3,Départementale,,2
202400044029,2024-06-14,matin,,,94,94002,1,1,7,4,3,Départementale,30.0,1
202400044030,2024-08-23,soirée,,,57,57469,1,1,3,3,4,Voie communale,50.0,1
202400044031,2024-09-27,soirée,,,56,56140,1,1,3,3,3,Départementale,110.0,1
202400044032,2024-06-14,matin,,,93,93066,1,1,2,4,3,Départementale,50.0,1
202400044033,2024-08-23,après-midi,,,28,28139,1,1,6,3,1,Autoroute,130.0,1
202400044034,2024-09-28,après-midi,,,11,11441,1,1,6,4,4,Voie communale,50.0,1
202400044035,2024-06-12,matin,,,93,93066,1,1,2,4,3,Départementale,50.0,1
202400044036,2024-09-27,nuit,,,11,11068,3,6,6,4,3,Départementale,,1
202400044037,2024-06-13,nuit,,,93,93064,5,1,6,3,3,Départementale,50.0,1
202400044038,2024-08-23,matin,,,35,35119,3,2,3,4,3,Départementale,80.0,2
202400044039,2024-09-25,soirée,,,63,63170,2,1,6,3,3,Départementale,90.0,1
202400044040,2024-12-07,soirée,,,91,91174,5,2,3,4,3,Départementale,30.0,2
202400044041,2024-08-23,après-midi,,,01,01109,1,1,6,4,3,Départementale,70.0,1
202400044042,2024-09-27,matin,,,61,61211,1,2,6,3,3,Départementale,50.0,2
202400044043,2024-06-14,après-midi,,,93,93032,1,1,3,4,4,Voie communale,30.0,1
202400044044,2024-12-07,soirée,,,83,83137,5,6,1,4,3,Départementale,50.0,1
202400044045,2024-08-23,après-midi,,,22,22213,1,2,4,4,2,Nationale,110.0,2
202400044046,2024-06-14,matin,,,93,93027,1,1,6,4,4,Voie communale,50.0,1
202400044047,2024-09-27,matin,,,49,49018,1,7,6,3,3,Départementale,50.0,1
202400044048,2024-12-07,matin,,,78,78440,1,6,3,4,4,Voie communale,50.0,2
202400044049,2024-08-23,après-midi,,,42,42242,1,1,2,4,7,Autre,50.0,1
202400044050,2024-06-14,après-midi,,,93,93014,1,1,3,4,4,Voie communale,50.0,1
202400044051,2024-12-07,après-midi,,,78,78423,1,1,2,4,4,Voie communale,50.0,1
202400044052,2024-09-28,matin,,,25,25074,1,3,2,3,3,Départementale,90.0,2
202400044053,2024-08-23,après-midi,,,83,83054,1,1,1,3,3,Départementale,80.0,1
202400044054,2024-12-07,soirée,,,78,78498,5,2,6,4,4,Voie communale,30.0,2
202400044055,2024-06-14,matin,,,93,93046,1,1,3,4,3,Départementale,50.0,1
202400044056,2024-09-28,après-midi,,,25,25195,1,1,1,3,3,Départementale,90.0,1
202400044057,2024-08-23,nuit,,,62,62880,4,1,6,3,3,Départementale,50.0,1
202400044058,2024-06-14,matin,,,93,93008,1,1,3,4,3,Départementale,50.0,1
202400044059,2024-08-22,après-midi,,,51,51285,1,1,7,4,9,Autre,,2
202400044060,2024-08-13,matin,,,44,44069,2,1,6,3,4,Voie communale,50.0,2
202400044061,2024-06-14,matin,,,93,93030,1,1,6,4,3,Départementale,50.0,1
202400044062,2024-12-06,après-midi,,,76,76259,1,1,3,4,4,Voie communale,30.0,1
202400044063,2024-08-21,après-midi,,,51,51569,1,1,1,3,3,Départementale,80.0,1
202400044064,2024-09-28,nuit,,,35,35049,3,1,6,2,3,Départementale,70.0,2
202400044065,2024-12-07,nuit,,,73,73065,5,1,6,4,3,Départementale,50.0,1
202400044066,2024-06-13,après-midi,,,92,92078,1,1,3,4,3,Départementale,50.0,1
202400044067,2024-08-23,après-midi,,,80,80801,1,1,1,3,3,Départementale,80.0,1
202400044068,2024-09-24,matin,,,31,31390,1,1,6,4,3,Départementale,50.0,1
202400044069,2024-12-07,soirée,,,72,72181,5,1,6,4,4,Voie communale,30.0,1
202400044070,2024-06-14,soirée,,,92,92064,1,1,1,4,3,Départementale,50.0,1
202400044071,2024-12-06,soirée,,,72,72181,5,1,1,4,4,Voie communale,,1
202400044072,2024-09-28,après-midi,,,54,54078,1,1,7,4,4,Voie communale,80.0,1
202400044073,2024-08-22,nuit,,,65,65054,3,1,1,4,3,Départementale,80.0,1
202400044074,2024-06-14,soirée,,,92,92063,1,2,6,4,3,Départementale,50.0,2
202400044075,2024-12-06,soirée,,,72,72181,4,1,2,4,4,Voie communale,50.0,1
202400044076,2024-08-22,matin,,,11,11439,1,1,1,4,3,Départementale,80.0,1
202400044077,2024-09-28,nuit,,,54,54312,3,2,7,2,3,Départementale,80.0,2
202400044078,2024-06-13,soirée,,,92,92063,1,8,2,4,4,Voie communale,50.0,1
202400044079,2024-12-06,après-midi,,,69,69013,5,1,2,4,3,Départementale,80.0,1
202400044080,2024-08-22,nuit,,,89,89186,3,1,7,3,3,Départementale,50.0,1
202400044081,2024-09-27,matin,,,24,24520,1,8,3,4,3,Départementale,50.0,2
202400044082,2024-06-14,soirée,,,92,92049,1,2,3,4,3,Départementale,50.0,2
202400044083,2024-08-22,après-midi,,,61,61190,1,1,7,3,3,Départementale,80.0,1
202400044084,2024-12-07,soirée,,,69,69290,5,1,2,4,7,Autre,50.0,2
202400044085,2024-09-27,après-midi,,,48,48140,1,2,6,4,3,Départementale,50.0,8