Num_Acc,date,time_of_day,lat,long,dep,com,lum,atm,col,severity_index,catr,catr_label,vma,surf
202400044086,2024-08-23,matin,,,55,55523,2,1,7,4,3,Départementale,90.0,1
202400044087,2024-06-14,nuit,,,92,92020,5,2,6,4,3,Départementale,50.0,2
202400044088,2024-12-07,soirée,,,67,67482,5,2,1,4,4,Voie communale,50.0,2
202400044089,2024-06-13,matin,,,92,92040,1,1,6,4,3,Départementale,50.0,1
202400044090,2024-08-22,soirée,,,44,44131,3,1,1,2,3,Départementale,50.0,1
202400044091,2024-09-27,soirée,,,52,52155,3,2,1,4,3,Départementale,80.0,2
202400044092,2024-08-15,matin,,,29,29287,1,1,6,3,4,Voie communale,50.0,1
202400044093,2024-06-13,soirée,,,92,92025,1,1,3,4,3,Départementale,30.0,1
202400044094,2024-12-07,après-midi,,,67,67482,1,8,1,4,4,Voie communale,30.0,2
202400044095,2024-08-22,après-midi,,,15,15030,1,1,3,4,2,Nationale,80.0,1
202400044096,2024-12-07,nuit,,,67,67482,5,1,3,4,4,Voie communale,50.0,1
202400044097,2024-08-17,matin,,,01,01118,1,1,7,3,3,Départementale,80.0,1
202400044098,2024-09-28,après-midi,,,13,13025,1,6,3,2,1,Autoroute,90.0,1
202400044099,2024-06-12,matin,,,92,92025,1,1,3,4,3,Départementale,50.0,1
202400044100,2024-09-28,nuit,,,971,97103,5,1,6,4,2,Nationale,90.0,1
202400044101,2024-08-22,soirée,,,54,54121,1,1,7,4,3,Départementale,80.0,1
202400044102,2024-12-07,matin,,,66,66136,1,1,4,4,3,Départementale,80.0,1
202400044103,2024-06-14,matin,,,92,92002,1,2,3,4,4,Voie communale,50.0,2
202400044104,2024-08-23,matin,,,05,05012,1,1,3,3,3,Départementale,80.0,1
202400044105,2024-09-27,soirée,,,60,60142,1,8,3,4,3,Départementale,50.0,2
202400044106,2024-11-02,matin,,,70,70275,1,1,7,3,3,Départementale,90.0,1
202400044107,2024-06-15,matin,,,976,97610,1,1,6,3,2,Nationale,,1
202400044108,2024-09-29,nuit,,,988,98811,3,1,6,4,4,Voie communale,30.0,1
202400044109,2024-12-06,soirée,,,66,66136,5,1,4,4,3,Départementale,80.0,1
202400044110,2024-08-22,matin,,,50,50029,1,1,3,4,3,Départementale,80.0,1
202400044111,2024-11-01,soirée,,,26,26144,3,1,1,4,3,Départementale,80.0,1
202400044112,2024-12-07,soirée,,,64,64260,5,6,6,4,3,Départementale,50.0,2
202400044113,2024-06-15,nuit,,,80,80151,3,2,2,4,3,Départementale,80.0,2
202400044114,2024-10-30,après-midi,,,72,72295,1,1,6,4,3,Départementale,70.0,1
202400044115,2024-08-23,après-midi,,,90,90065,1,1,1,4,3,Départementale,80.0,1
202400044116,2024-09-28,après-midi,,,973,97311,1,1,2,3,2,Nationale,,1
202400044117,2024-06-12,matin,,,62,62552,1,1,6,3,3,Départementale,50.0,1
202400044118,2024-12-07,soirée,,,62,62510,5,2,6,4,4,Voie communale,50.0,2
202400044119,2024-11-01,matin,,,06,06073,1,1,7,4,7,Autre,80.0,8
202400044120,2024-12-07,nuit,,,62,62270,3,2,6,4,3,Départementale,90.0,2
202400044121,2024-09-28,matin,,,34,34058,1,1,3,3,4,Voie communale,,1
202400044122,2024-06-14,après-midi,,,17,17315,1,1,1,3,3,Départementale,80.0,1
202400044123,2024-11-02,après-midi,,,05,05163,1,1,7,3,3,Départementale,80.0,8
202400044124,2024-12-07,soirée,,,61,61001,5,2,6,4,3,Départementale,50.0,2
202400044125,2024-08-23,matin,,,36,36088,1,1,3,4,4,Voie communale,50.0,1
202400044126,2024-06-06,après-midi,,,31,31410,1,1,1,3,3,Départementale,30.0,1
202400044127,2024-12-07,après-midi,,,60,60057,1,3,6,2,4,Voie communale,30.0,2
202400044128,2024-09-27,soirée,,,83,83016,3,1,1,4,3,Départementale,80.0,1
202400044129,2024-08-22,après-midi,,,21,21016,1,1,2,3,3,Départementale,50.0,1
202400044130,2024-06-15,après-midi,,,81,81078,1,1,6,2,3,Départementale,,1
202400044131,2024-11-01,nuit,,,60,60181,3,1,6,4,3,Départementale,80.0,1
202400044132,2024-08-23,après-midi,,,23,23008,1,1,6,3,4,Voie communale,50.0,1
202400044133,2024-12-06,après-midi,,,59,59350,1,1,3,4,4,Voie communale,30.0,1
202400044134,2024-06-15,matin,,,974,97404,2,2,2,3,2,Nationale,80.0,2
202400044135,2024-09-28,matin,,,83,83006,1,1,3,2,3,Départementale,80.0,1
202400044136,2024-08-22,nuit,,,87,87018,3,1,7,3,3,Départementale,90.0,1
202400044137,2024-09-27,après-midi,,,05,05181,1,1,6,3,3,Départementale,90.0,1
202400044138,2024-12-07,soirée,,,56,56260,5,2,3,4,4,Voie communale,50.0,2
202400044139,2024-06-12,après-midi,,,79,79338,1,1,3,3,3,Départementale,80.0,1
202400044140,2024-11-02,après-midi,,,45,45097,2,8,3,4,3,Départementale,80.0,1
202400044141,2024-12-07,matin,,,54,54493,5,1,6,4,3,Départementale,50.0,1
202400044142,2024-08-22,après-midi,,,30,30003,1,1,2,3,3,Départementale,90.0,1
202400044143,2024-06-06,matin,,,26,26010,1,1,1,4,3,Départementale,80.0,1
202400044144,2024-11-01,soirée,,,64,64228,3,1,7,4,3,Départementale,80.0,1
202400044145,2024-12-07,soirée,,,51,51454,5,3,6,4,4,Voie communale,50.0,2
202400044146,2024-08-22,matin,,,30,30003,1,1,3,3,3,Départementale,80.0,1
202400044147,2024-09-27,après-midi,,,71,71433,1,1,4,4,3,Départementale,80.0,1
202400044148,2024-06-14,soirée,,,72,72058,1,2,7,4,3,Départementale,90.0,2
202400044149,2024-11-01,matin,,,07,07201,1,1,6,3,6,Autre,,1
202400044150,2024-09-27,après-midi,,,57,57195,1,6,3,3,3,Départementale,80.0,1
202400044151,2024-12-07,matin,,,43,43157,1,2,6,4,4,Voie communale,50.0,2
202400044152,2024-06-15,matin,,,30,30117,1,1,3,4,4,Voie communale,50.0,1
202400044153,2024-08-23,soirée,,,48,48128,1,1,6,3,3,Départementale,90.0,1
202400044154,2024-11-02,après-midi,,,07,07343,1,1,1,4,3,Départementale,70.0,1
202400044155,2024-09-27,après-midi,,,57,57443,1,1,1,4,3,Départementale,80.0,2
202400044156,2024-12-07,après-midi,,,42,42270,1,2,6,4,7,Autre,50.0,2
202400044157,2024-06-15,nuit,,,30,30125,3,8,3,3,3,Départementale,80.0,1
202400044158,2024-06-14,soirée,,,19,19125,1,8,7,3,4,Voie communale,90.0,2
202400044159,2024-11-01,après-midi,,,53,53040,1,1,1,4,3,Départementale,80.0,1
202400044160,2024-09-19,soirée,,,69,69289,1,1,3,3,3,Départementale,80.0,1
202400044161,2024-12-07,matin,,,38,38053,1,2,3,4,4,Voie communale,50.0,2
202400044162,2024-11-01,après-midi,,,21,21399,1,1,6,3,3,Départementale,90.0,1
202400044163,2024-08-22,après-midi,,,31,31430,1,1,4,4,1,Autoroute,130.0,1
202400044164,2024-06-14,matin,,,79,79100,1,1,1,3,3,Départementale,80.0,1
202400044165,2024-11-02,après-midi,,,40,40090,1,1,6,3,3,Départementale,80.0,1
202400044166,2024-08-23,matin,,,04,04112,1,1,2,3,1,Autoroute,50.0,1
202400044167,2024-06-09,nuit,,,32,32078,3,1,7,3,4,Voie communale,80.0,1
202400044168,2024-09-27,après-midi,,,24,24022,1,1,1,3,3,Départementale,70.0,1
202400044169,2024-11-01,nuit,,,30,30165,3,1,7,3,3,Départementale,80.0,2
202400044170,2024-12-07,après-midi,,,35,35238,2,2,5,4,4,Voie communale,30.0,2
202400044171,2024-07-28,après-midi,,,47,47159,1,1,6,4,3,Départementale,80.0,1
202400044172,2024-06-14,matin,,,63,63415,1,2,1,3,3,Départementale,50.0,2
202400044173,2024-09-27,après-midi,,,76,76506,1,2,1,4,3,Départementale,70.0,2
202400044174,2024-11-02,après-midi,,,30,30223,1,1,3,3,3,Départementale,80.0,1
202400044175,2024-08-23,après-midi,,,67,67033,1,1,7,2,1,Autoroute,130.0,1
202400044176,2024-12-07,après-midi,,,35,35238,2,2,3,4,4,Voie communale,30.0,2
202400044177,2024-09-28,matin,,,60,60446,1,1,6,3,2,Nationale,110.0,1
202400044178,2024-06-15,après-midi,,,55,55222,1,1,1,4,3,Départementale,90.0,1
202400044179,2024-11-01,soirée,,,973,97307,3,1,3,2,3,Départementale,,1
202400044180,2024-12-06,soirée,,,35,35238,5,2,6,4,4,Voie communale,30.0,2
202400044181,2024-08-23,matin,,,45,45067,1,1,2,4,1,Autoroute,130.0,1
202400044182,2024-06-14,après-midi,,,41,41080,1,1,6,4,3,Départementale,80.0,1
202400044183,2024-09-27,matin,,,60,60341,1,1,4,4,4,Voie communale,50.0,1
202400044184,2024-08-22,nuit,,,974,97415,3,1,6,3,2,Nationale,80.0,1
202400044185,2024-06-13,après-midi,,,68,68240,1,1,6,3,3,Départementale,50.0,1
202400044186,2024-11-28,après-midi,,,34,34129,2,1,3,3,4,Voie communale,50.0,1
202400044187,2024-11-01,soirée,,,63,63082,5,1,3,3,1,Autoroute,50.0,1
202400044188,2024-06-15,nuit,,,68,68374,2,2,7,4,4,Voie communale,50.0,2
202400044189,2024-08-23,nuit,,,974,97418,4,1,6,4,2,Nationale,90.0,1
202400044190,2024-09-28,matin,,,80,80618,1,7,3,3,4,Voie communale,50.0,2
202400044191,2024-12-06,matin,,,34,34172,5,1,2,4,4,Voie communale,50.0,1
202400044192,2024-08-23,nuit,,,973,97312,3,1,7,3,4,Voie communale,80.0,1
202400044193,2024-11-01,soirée,,,973,97309,4,1,3,4,3,Départementale,80.0,1
202400044194,2024-09-27,nuit,,,59,59076,5,1,1,4,2,Nationale,50.0,2
202400044195,2024-06-15,matin,,,15,15054,1,1,6,2,3,Départementale,90.0,9
202400044196,2024-12-07,soirée,,,33,33063,5,2,6,4,4,Voie communale,50.0,2
202400044197,2024-11-02,après-midi,,,17,17116,1,1,3,3,1,Autoroute,130.0,1
202400044198,2024-06-15,matin,,,01,01305,1,1,6,3,3,Départementale,50.0,1
202400044199,2024-12-07,après-midi,,,31,31555,2,3,3,4,4,Voie communale,50.0,2
202400044200,2024-09-27,après-midi,,,13,13214,1,1,3,4,1,Autoroute,90.0,1
202400044201,2024-11-02,nuit,,,68,68301,3,1,7,4,1,Autoroute,130.0,2
202400044202,2024-06-15,soirée,,,58,58038,1,1,3,4,3,Départementale,80.0,1
202400044203,2024-11-02,nuit,,,57,57695,3,1,6,2,1,Autoroute,130.0,1
202400044204,2024-12-07,nuit,,,13,13205,5,1,1,4,4,Voie communale,50.0,1
202400044205,2024-06-14,soirée,,,06,06007,1,1,3,3,3,Départementale,50.0,1
202400044206,2024-09-26,soirée,,,69,69081,3,1,5,4,7,Autre,70.0,2
202400044207,2024-12-07,nuit,,,13,13206,5,1,3,3,9,Autre,50.0,1
202400044208,2024-11-02,nuit,,,971,97103,4,1,3,4,6,Autre,30.0,1
202400044209,2024-06-05,après-midi,,,14,14061,1,1,3,3,3,Départementale,80.0,1
202400044210,2024-09-26,nuit,,,57,57757,3,1,6,2,1,Autoroute,110.0,2
202400044211,2024-12-07,soirée,,,13,13063,5,1,3,4,4,Voie communale,50.0,1
202400044212,2024-11-02,matin,,,2A,2A247,1,1,2,3,2,Nationale,30.0,1
202400044213,2024-06-15,matin,,,14,14578,1,1,2,4,3,Départementale,50.0,1
202400044214,2024-11-02,nuit,,,11,11081,3,1,6,3,3,Départementale,80.0,1
202400044215,2024-12-07,soirée,,,13,13063,5,1,3,4,4,Voie communale,50.0,1
202400044216,2024-11-01,soirée,,,83,83146,3,1,6,4,3,Départementale,80.0,1
202400044217,2024-05-15,soirée,,,45,45098,1,1,3,3,4,Voie communale,20.0,1
202400044218,2024-12-06,après-midi,,,03,03185,4,8,1,3,9,Autre,50.0,1
202400044219,2024-09-26,matin,,,57,57764,2,3,5,4,1,Autoroute,110.0,2
202400044220,2024-12-06,soirée,,,02,02408,5,1,6,3,4,Voie communale,50.0,1
202400044221,2024-11-01,soirée,,,38,38295,2,5,1,4,3,Départementale,80.0,2
202400044222,2024-06-10,soirée,,,73,73188,1,1,3,4,3,Départementale,70.0,1
202400044223,2024-06-15,après-midi,,,73,73270,1,1,6,3,3,Départementale,70.0,1
202400044224,2024-11-02,après-midi,,,26,26084,1,1,1,3,3,Départementale,80.0,1
202400044225,2024-09-27,soirée,,,33,33162,1,1,4,4,1,Autoroute,90.0,1
202400044226,2024-12-06,après-midi,,,75,75117,1,1,4,4,4,Voie communale,50.0,1
202400044227,2024-06-15,nuit,,,10,10262,3,3,6,3,3,Départementale,90.0,2
202400044228,2024-10-22,après-midi,,,69,69178,1,2,6,3,3,Départementale,80.0,2
202400044229,2024-09-27,soirée,,,91,91174,3,1,3,4,2,Nationale,90.0,2
202400044230,2024-12-05,soirée,,,75,75118,4,2,3,4,4,Voie communale,50.0,2
202400044231,2024-06-15,nuit,,,16,16085,3,1,1,4,2,Nationale,80.0,2
202400044232,2024-11-02,matin,,,79,79049,1,5,3,2,3,Départementale,80.0,2
202400044233,2024-09-27,matin,,,91,91377,1,1,2,4,1,Autoroute,90.0,1
202400044234,2024-12-06,après-midi,,,75,75106,5,1,3,4,4,Voie communale,30.0,1
202400044235,2024-12-06,après-midi,,,75,75106,1,1,6,4,4,Voie communale,30.0,1
202400044236,2024-09-27,soirée,,,78,78498,3,2,6,4,1,Autoroute,110.0,2
202400044237,2024-06-12,soirée,,,21,21505,1,1,4,4,3,Départementale,90.0,1
202400044238,2024-11-01,soirée,,,33,33262,5,1,3,4,3,Départementale,50.0,1
202400044239,2024-12-06,nuit,,,75,75119,5,1,3,4,4,Voie communale,30.0,1
202400044240,2024-10-31,après-midi,,,59,59449,1,1,7,3,3,Départementale,30.0,1
202400044241,2024-06-12,soirée,,,40,40310,1,1,2,4,4,Voie communale,50.0,1
202400044242,2024-09-26,après-midi,,,92,92012,1,1,5,4,1,Autoroute,70.0,2
202400044243,2024-06-15,après-midi,,,48,48051,1,1,6,3,2,Nationale,90.0,1
202400044244,2024-12-07,après-midi,,,75,75108,2,2,3,4,4,Voie communale,30.0,2
202400044245,2024-11-01,matin,,,78,78455,1,1,2,4,1,Autoroute,110.0,1
202400044246,2024-06-14,soirée,,,33,33284,2,2,6,4,1,Autoroute,130.0,2
202400044247,2024-09-26,après-midi,,,78,78402,1,2,6,4,1,Autoroute,110.0,2
202400044248,2024-11-01,après-midi,,,95,95572,1,1,2,3,1,Autoroute,90.0,1
202400044249,2024-12-07,après-midi,,,75,75116,1,1,1,4,4,Voie communale,50.0,1
202400044250,2024-06-14,après-midi,,,06,06088,1,1,2,4,1,Autoroute,90.0,1
202400044251,2024-09-26,matin,,,92,92063,1,8,2,4,1,Autoroute,90.0,9
202400044252,2024-11-01,après-midi,,,93,93013,1,1,2,4,1,Autoroute,50.0,1
202400044253,2024-12-07,matin,,,75,75116,1,1,3,4,4,Voie communale,50.0,2
202400044254,2024-06-14,matin,,,63,63425,1,1,3,4,1,Autoroute,130.0,1
202400044255,2024-12-07,soirée,,,75,75114,5,2,6,3,4,Voie communale,50.0,2
202400044256,2024-11-01,matin,,,93,93064,1,1,3,4,1,Autoroute,90.0,1
202400044257,2024-09-26,matin,,,92,92023,1,8,2,4,2,Nationale,110.0,2
202400044258,2024-06-15,après-midi,,,27,27336,1,1,6,3,1,Autoroute,130.0,1
202400044259,2024-10-31,nuit,,,92,92036,3,1,7,4,1,Autoroute,90.0,1
202400044260,2024-12-07,après-midi,,,75,75112,4,2,1,4,4,Voie communale,30.0,2
202400044261,2024-09-26,matin,,,78,78029,1,2,2,4,1,Autoroute,130.0,2
202400044262,2024-06-15,nuit,,,973,97305,3,1,1,3,2,Nationale,80.0,2
202400044263,2024-07-31,après-midi,,,28,28085,1,1,3,4,3,Départementale,50.0,1
202400044264,2024-12-07,matin,,,75,75110,1,6,3,4,4,Voie communale,30.0,2
202400044265,2024-06-15,soirée,,,30,30051,1,1,1,2,4,Voie communale,30.0,1
202400044266,2024-10-31,matin,,,974,97411,1,1,3,3,4,Voie communale,30.0,1
202400044267,2024-12-07,nuit,,,75,75108,5,2,3,4,4,Voie communale,30.0,2
202400044268,2024-09-25,après-midi,,,92,92050,1,2,5,3,1,Autoroute,90.0,2
202400044269,2024-06-14,matin,,,34,34103,1,1,3,4,3,Départementale,,1
202400044270,2024-10-31,après-midi,,,973,97302,1,1,2,4,3,Départementale,50.0,1
202400044271,2024-06-14,soirée,,,34,34182,1,1,7,4,4,Voie communale,50.0,1
202400044272,2024-12-07,après-midi,,,75,75101,1,1,3,4,4,Voie communale,30.0,1
202400044273,2024-09-27,matin,,,93,93008,1,8,4,4,1,Autoroute,90.0,1
202400044274,2024-10-31,matin,,,973,97302,2,1,3,4,3,Départementale,50.0,1
202400044275,2024-06-15,soirée,,,84,84019,1,1,6,3,3,Départementale,80.0,1
202400044276,2024-12-06,matin,,,75,75104,1,1,3,4,4,Voie communale,30.0,1
202400044277,2024-06-15,nuit,,,13,13082,3,1,1,3,4,Voie communale,80.0,1
202400044278,2024-09-26,soirée,,,93,93007,1,2,2,4,1,Autoroute,90.0,2
202400044279,2024-10-31,soirée,,,69,69383,2,1,3,4,4,Voie communale,30.0,1
202400044280,2024-12-07,matin,,,94,94078,5,2,6,4,2,Nationale,50.0,2
202400044281,2024-06-14,après-midi,,,13,13014,1,1,2,4,4,Voie communale,50.0,1
202400044282,2024-10-31,après-midi,,,69,69383,1,1,3,4,4,Voie communale,30.0,1
202400044283,2024-09-26,matin,,,93,93066,1,1,3,4,1,Autoroute,90.0,2
202400044284,2024-12-07,après-midi,,,94,94003,2,8,3,4,3,Départementale,50.0,2
202400044285,2024-10-31,après-midi,,,69,69034,1,1,6,4,7,Autre,50.0,1
202400044286,2024-12-06,après-midi,,,94,94028,5,1,6,4,3,Départementale,50.0,1
202400044287,2024-06-15,nuit,,,74,74280,3,2,2,3,3,Départementale,80.0,2
202400044288,2024-09-25,soirée,,,93,93029,2,3,4,4,1,Autoroute,90.0,2
202400044289,2024-06-14,soirée,,,38,38061,3,1,2,3,3,Départementale,90.0,1
202400044290,2024-12-06,après-midi,,,94,94022,1,1,3,4,3,Départementale,50.0,1
202400044291,2024-10-30,nuit,,,971,97105,5,1,3,4,4,Voie communale,50.0,1
202400044292,2024-12-06,après-midi,,,94,94002,1,1,6,4,4,Voie communale,,1
202400044293,2024-06-15,nuit,,,86,86036,2,1,3,3,3,Départementale,80.0,1
202400044294,2024-09-27,soirée,,,77,77121,1,3,6,4,1,Autoroute,110.0,2
202400044295,2024-10-31,soirée,,,2A,2A004,5,1,3,4,2,Nationale,50.0,1
202400044296,2024-12-07,soirée,,,93,93064,2,3,6,4,4,Voie communale,30.0,2
202400044297,2024-10-31,matin,,,2A,2A004,1,1,7,2,3,Départementale,50.0,9
202400044298,2024-06-14,soirée,,,35,35221,1,3,6,4,3,Départementale,80.0,2
202400044299,2024-09-27,soirée,,,94,94079,1,2,3,4,1,Autoroute,90.0,2
202400044300,2024-10-30,après-midi,,,91,91377,1,8,6,4,4,Voie communale,40.0,1
202400044301,2024-12-06,soirée,,,93,93014,5,1,3,4,3,Départementale,50.0,1
202400044302,2024-06-08,après-midi,,,27,27469,1,1,3,3,3,Départementale,80.0,1
202400044303,2024-09-26,matin,,,988,98818,1,1,2,4,4,Voie communale,50.0,1
202400044304,2024-12-06,soirée,,,93,93007,5,1,6,4,3,Départementale,,1
202400044305,2024-10-31,après-midi,,,91,91589,1,1,3,3,3,Départementale,50.0,1
202400044306,2024-06-14,nuit,,,76,76503,3,8,3,4,3,Départementale,70.0,2
202400044307,2024-12-07,soirée,,,92,92078,5,2,3,4,3,Départementale,30.0,2
202400044308,2024-10-31,après-midi,,,91,91228,1,1,2,4,3,Départementale,50.0,1
202400044309,2024-09-26,soirée,,,69,69387,5,2,3,3,4,Voie communale,30.0,2
202400044310,2024-12-07,matin,,,92,92063,1,8,2,4,3,Départementale,50.0,2
202400044311,2024-06-15,matin,,,80,80302,1,1,3,4,3,Départementale,80.0,1
202400044312,2024-10-31,après-midi,,,91,91469,1,8,3,4,3,Départementale,50.0,1
202400044313,2024-12-07,nuit,,,92,92051,5,1,7,4,3,Départementale,50.0,1
202400044314,2024-09-26,soirée,,,972,97213,5,1,6,4,3,Départementale,50.0,1
202400044315,2024-06-15,matin,,,62,62329,1,1,1,3,3,Départementale,80.0,2
202400044316,2024-12-06,soirée,,,92,92025,5,1,6,3,3,Départementale,50.0,1
202400044317,2024-06-14,soirée,,,13,13071,1,1,3,4,1,Autoroute,90.0,1
202400044318,2024-10-30,soirée,,,87,87085,1,1,4,4,4,Voie communale,30.0,1
202400044319,2024-09-24,matin,,,971,97107,1,1,3,4,3,Départementale,50.0,1
202400044320,2024-12-07,nuit,,,92,92024,5,2,1,4,3,Départementale,50.0,2
202400044321,2024-09-25,matin,,,91,91345,2,8,6,4,3,Départementale,50.0,1
202400044322,2024-10-30,après-midi,,,87,87114,1,1,4,4,3,Départementale,50.0,1
202400044323,2024-12-07,après-midi,,,92,92023,3,2,2,4,3,Départementale,50.0,2
202400044324,2024-09-25,après-midi,,,91,91589,1,2,6,2,4,Voie communale,50.0,2
202400044325,2024-12-07,matin,,,92,92019,1,1,3,4,4,Voie communale,30.0,1
202400044326,2024-10-30,matin,,,87,87050,1,1,3,4,3,Départementale,30.0,1
202400044327,2024-09-26,après-midi,,,91,91174,1,3,6,4,4,Voie communale,,2
202400044328,2024-12-07,soirée,,,92,92007,5,2,6,4,3,Départementale,20.0,2
202400044329,2024-10-31,matin,,,84,84007,1,1,4,4,3,Départementale,50.0,1
202400044330,2024-09-26,matin,,,87,87065,1,3,3,4,3,Départementale,70.0,2
202400044331,2024-12-07,soirée,,,60,60493,5,3,1,4,3,Départementale,50.0,2
202400044332,2024-10-30,après-midi,,,84,84007,1,1,5,4,3,Départementale,50.0,1
202400044333,2024-09-25,matin,,,84,84035,1,1,7,3,4,Voie communale,50.0,1
202400044334,2024-12-04,soirée,,,18,18257,3,1,3,3,3,Départementale,80.0,1
202400044335,2024-09-26,après-midi,,,83,83062,1,1,3,4,4,Voie communale,,1
202400044336,2024-11-01,nuit,,,80,80021,5,1,2,4,3,Départementale,30.0,1
202400044337,2024-10-28,soirée,,,31,31467,3,2,1,3,7,Autre,50.0,2
202400044338,2024-09-26,matin,,,82,82033,1,3,6,3,4,Voie communale,30.0,2
202400044339,2024-10-30,après-midi,,,80,80021,1,1,3,4,4,Voie communale,30.0,1
202400044340,2024-12-06,nuit,,,974,97405,4,1,1,4,3,Départementale,50.0,1
202400044341,2024-09-24,après-midi,,,80,80021,1,1,3,4,4,Voie communale,30.0,1
202400044342,2024-10-31,après-midi,,,78,78440,1,1,6,3,4,Voie communale,50.0,1
202400044343,2024-12-07,après-midi,,,972,97227,1,1,7,3,2,Nationale,50.0,1
202400044344,2024-09-25,soirée,,,78,78638,2,3,3,4,3,Départementale,80.0,2
202400044345,2024-12-07,après-midi,,,60,60618,3,2,4,2,3,Départementale,80.0,2
202400044346,2024-09-26,matin,,,77,77379,1,2,6,3,4,Voie communale,50.0,2
202400044347,2024-12-07,nuit,,,50,50487,3,2,6,4,1,Autoroute,130.0,2
202400044348,2024-10-31,soirée,,,77,77243,5,1,3,4,3,Départementale,50.0,1
202400044349,2024-09-26,matin,,,76,76681,1,1,6,4,4,Voie communale,50.0,1
202400044350,2024-12-07,après-midi,,,62,62767,5,6,6,4,4,Voie communale,,2
202400044351,2024-09-25,soirée,,,76,76270,1,3,3,4,3,Départementale,90.0,2
202400044352,2024-12-07,matin,,,95,95652,1,1,6,3,4,Voie communale,50.0,2
202400044353,2024-09-26,soirée,,,72,72181,5,8,6,4,6,Autre,50.0,1
202400044354,2024-10-29,soirée,,,76,76351,5,2,1,3,4,Voie communale,50.0,2
202400044355,2024-09-25,après-midi,,,72,72181,1,2,3,4,4,Voie communale,50.0,2
202400044356,2024-12-08,nuit,,,76,76312,4,2,6,4,3,Départementale,50.0,2
202400044357,2024-09-26,matin,,,72,72181,1,2,7,4,4,Voie communale,50.0,2
202400044358,2024-10-31,après-midi,,,74,74010,5,1,3,3,3,Départementale,70.0,1
202400044359,2024-12-07,après-midi,,,76,76423,1,3,6,4,3,Départementale,80.0,2
202400044360,2024-09-26,matin,,,72,72181,1,2,3,4,4,Voie communale,50.0,2
202400044361,2024-10-31,après-midi,,,73,73011,1,7,6,3,2,Nationale,,1
202400044362,2024-09-26,après-midi,,,71,71306,1,1,3,4,2,Nationale,110.0,2
202400044363,2024-12-08,nuit,,,80,80456,3,2,7,4,3,Départementale,80.0,2
202400044364,2024-10-31,soirée,,,72,72181,5,1,7,4,4,Voie communale,50.0,1
202400044365,2024-09-26,après-midi,,,71,71309,1,3,7,4,3,Départementale,50.0,2
202400044366,2024-12-08,nuit,,,33,33296,3,1,6,3,3,Départementale,30.0,2
202400044367,2024-10-30,soirée,,,72,72181,5,1,1,4,4,Voie communale,50.0,1
202400044368,2024-09-26,nuit,,,69,69266,4,2,6,4,4,Voie communale,30.0,2
202400044369,2024-12-07,soirée,,,81,81312,3,2,6,3,3,Départementale,80.0,2
202400044370,2024-10-30,après-midi,,,72,72003,1,1,3,4,4,Voie communale,50.0,1
202400044371,2024-09-25,après-midi,,,67,67447,1,1,3,4,4,Voie communale,50.0,1
202400044372,2024-12-08,matin,,,81,81070,3,1,7,4,1,Autoroute,130.0,1
202400044373,2024-10-30,après-midi,,,71,71105,5,9,6,3,3,Départementale,30.0,1
202400044374,2024-09-25,après-midi,,,67,67482,1,8,3,4,4,Voie communale,30.0,1
202400044375,2024-10-31,après-midi,,,69,69091,1,1,1,4,7,Autre,30.0,1
202400044376,2024-12-06,après-midi,,,89,89433,1,2,1,4,3,Départementale,70.0,2
202400044377,2024-10-31,après-midi,,,67,67218,2,1,6,4,4,Voie communale,30.0,1
202400044378,2024-09-24,après-midi,,,67,67482,1,1,3,4,4,Voie communale,50.0,1
202400044379,2024-12-07,soirée,,,68,68242,3,1,7,3,3,Départementale,80.0,2
202400044380,2024-12-08,nuit,,,25,25514,3,4,6,3,3,Départementale,90.0,5
202400044381,2024-10-31,après-midi,,,64,64348,1,1,3,4,4,Voie communale,50.0,1
202400044382,2024-09-26,nuit,,,64,64483,5,3,3,3,3,Départementale,50.0,2
202400044383,2024-10-31,matin,,,64,64445,1,1,3,4,4,Voie communale,50.0,1
202400044384,2024-12-01,nuit,,,44,44175,3,2,3,4,3,Départementale,80.0,2
202400044385,2024-09-26,matin,,,63,63032,3,2,3,4,4,Voie communale,,2
202400044386,2024-10-30,après-midi,,,64,64445,1,1,3,4,4,Voie communale,30.0,1
202400044387,2024-12-08,nuit,,,31,31407,3,2,6,3,3,Départementale,80.0,2
202400044388,2024-09-26,matin,,,63,63113,5,2,3,4,4,Voie communale,30.0,2
202400044389,2024-10-29,matin,,,64,64122,1,1,1,4,4,Voie communale,30.0,1
202400044390,2024-09-25,après-midi,,,62,62525,1,1,3,3,3,Départementale,50.0,1
202400044391,2024-12-07,soirée,,,38,38034,5,2,5,4,4,Voie communale,50.0,2
202400044392,2024-10-30,après-midi,,,64,64024,1,1,3,4,4,Voie communale,50.0,1
202400044393,2024-12-07,nuit,,,978,97801,3,1,6,3,2,Nationale,50.0,1
202400044394,2024-09-20,matin,,,62,62498,1,1,3,4,4,Voie communale,50.0,1
202400044395,2024-10-30,après-midi,,,60,60057,1,1,6,3,3,Départementale,50.0,1
202400044396,2024-12-08,nuit,,,36,36088,3,2,6,3,2,Nationale,80.0,2
202400044397,2024-09-21,après-midi,,,62,62193,1,1,3,4,4,Voie communale,50.0,1
202400044398,2024-10-31,après-midi,,,59,59350,1,1,3,4,4,Voie communale,30.0,1
202400044399,2024-09-25,matin,,,62,62310,4,2,6,4,3,Départementale,50.0,2