Num_Acc,date,time_of_day,lat,long,dep,com,lum,atm,col,severity_index,catr,catr_label,vma,surf
202400044400,2024-10-30,matin,,,57,57463,1,1,6,2,4,Voie communale,50.0,1
202400044401,2024-09-25,après-midi,,,60,60159,1,2,6,4,4,Voie communale,30.0,2
202400044402,2024-12-07,matin,,,36,36194,1,1,1,4,3,Départementale,90.0,1
202400044403,2024-12-08,matin,,,85,85024,1,1,6,3,3,Départementale,50.0,1
202400044404,2024-10-31,après-midi,,,56,56260,2,1,1,4,4,Voie communale,30.0,1
202400044405,2024-09-25,après-midi,,,59,59599,1,1,5,3,4,Voie communale,50.0,1
202400044406,2024-10-30,après-midi,,,56,56083,1,1,6,4,4,Voie communale,50.0,1
202400044407,2024-12-08,matin,,,67,67291,2,1,3,3,3,Départementale,,1
202400044408,2024-09-26,après-midi,,,59,59350,1,1,3,4,4,Voie communale,50.0,1
202400044409,2024-11-01,nuit,,,54,54395,5,1,6,4,4,Voie communale,50.0,1
202400044410,2024-09-25,après-midi,,,59,59378,1,1,6,4,7,Autre,50.0,1
202400044411,2024-12-08,après-midi,,,10,10216,3,2,5,4,1,Autoroute,130.0,2
202400044412,2024-10-31,après-midi,,,54,54395,1,1,2,4,4,Voie communale,50.0,1
202400044413,2024-09-25,après-midi,,,56,56121,1,3,1,4,4,Voie communale,30.0,2
202400044414,2024-12-04,soirée,,,31,31424,5,1,1,3,3,Départementale,50.0,1
202400044415,2024-10-31,après-midi,,,51,51055,1,1,1,3,4,Voie communale,50.0,1
202400044416,2024-12-08,nuit,,,34,34337,3,1,6,4,7,Autre,110.0,1
202400044417,2024-09-25,après-midi,,,54,54395,1,1,6,4,4,Voie communale,50.0,1
202400044418,2024-10-30,soirée,,,51,51454,5,1,1,4,4,Voie communale,50.0,1
202400044419,2024-10-31,matin,,,50,50129,1,1,7,4,6,Autre,50.0,1
202400044420,2024-09-26,matin,,,54,54099,1,2,1,4,3,Départementale,80.0,2
202400044421,2024-12-07,nuit,,,68,68300,3,2,2,4,1,Autoroute,110.0,2
202400044422,2024-09-26,nuit,,,51,51454,5,2,6,4,4,Voie communale,30.0,2
202400044423,2024-11-01,nuit,,,49,49007,5,1,2,3,4,Voie communale,70.0,1
202400044424,2024-12-07,soirée,,,69,69027,5,8,6,2,4,Voie communale,50.0,2
202400044425,2024-10-31,soirée,,,49,49007,5,2,6,4,4,Voie communale,50.0,2
202400044426,2024-12-06,matin,,,45,45302,1,1,6,4,1,Autoroute,110.0,2
202400044427,2024-09-26,après-midi,,,51,51454,1,2,3,4,4,Voie communale,50.0,2
202400044428,2024-10-30,matin,,,45,45004,2,2,3,4,3,Départementale,50.0,2
202400044429,2024-09-26,matin,,,51,51454,5,1,6,4,4,Voie communale,30.0,2
202400044430,2024-12-06,soirée,,,971,97128,3,2,1,4,3,Départementale,80.0,2
202400044431,2024-10-31,soirée,,,44,44162,5,1,3,3,4,Voie communale,50.0,1
202400044432,2024-12-03,soirée,,,2A,2A247,3,1,6,4,3,Départementale,50.0,1
202400044433,2024-10-31,matin,,,44,44114,2,8,6,3,4,Voie communale,30.0,1
202400044434,2024-09-26,soirée,,,51,51160,2,8,3,4,3,Départementale,70.0,2
202400044435,2024-09-24,soirée,,,49,49007,1,1,1,3,4,Voie communale,50.0,1
202400044436,2024-12-07,soirée,,,34,34027,3,6,3,4,7,Autre,,1
202400044437,2024-10-25,soirée,,,44,44132,2,1,3,3,4,Voie communale,50.0,1
202400044438,2024-10-29,après-midi,,,40,40192,1,8,6,3,4,Voie communale,50.0,1
202400044439,2024-09-24,après-midi,,,41,41047,1,1,3,4,4,Voie communale,50.0,1
202400044440,2024-12-03,matin,,,67,67348,1,1,3,4,3,Départementale,80.0,1
202400044441,2024-09-19,soirée,,,38,38169,5,1,7,2,4,Voie communale,50.0,1
202400044442,2024-10-31,après-midi,,,38,38421,1,1,4,4,4,Voie communale,30.0,1
202400044443,2024-09-26,après-midi,,,37,37195,1,1,7,4,4,Voie communale,90.0,2
202400044444,2024-12-06,soirée,,,38,38317,5,1,3,4,7,Autre,50.0,1
202400044445,2024-10-30,après-midi,,,38,38185,2,1,6,3,4,Voie communale,50.0,1
202400044446,2024-09-26,après-midi,,,37,37261,1,1,7,4,4,Voie communale,50.0,2
202400044447,2024-12-07,soirée,,,69,69017,3,2,1,3,3,Départementale,70.0,2
202400044448,2024-10-31,matin,,,37,37261,1,1,6,3,4,Voie communale,50.0,1
202400044449,2024-09-25,nuit,,,37,37214,4,3,2,4,7,Autre,50.0,2
202400044450,2024-12-08,après-midi,,,69,69269,1,2,1,3,3,Départementale,80.0,2
202400044451,2024-10-31,nuit,,,35,35238,5,1,6,4,4,Voie communale,30.0,1
202400044452,2024-09-26,soirée,,,35,35238,5,1,7,4,4,Voie communale,30.0,1
202400044453,2024-10-30,matin,,,34,34301,1,1,6,4,4,Voie communale,30.0,1
202400044454,2024-09-26,après-midi,,,34,34108,1,1,2,3,3,Départementale,80.0,1
202400044455,2024-10-27,après-midi,,,34,34003,1,1,6,4,4,Voie communale,30.0,1
202400044456,2024-12-06,matin,,,40,40184,1,8,3,2,3,Départementale,50.0,2
202400044457,2024-10-31,soirée,,,33,33069,2,1,3,3,4,Voie communale,50.0,1
202400044458,2024-09-26,après-midi,,,34,34172,1,1,4,4,4,Voie communale,50.0,1
202400044459,2024-12-07,nuit,,,33,33433,5,2,1,3,4,Voie communale,30.0,2
202400044460,2024-09-07,nuit,,,33,33522,3,3,6,3,4,Voie communale,30.0,4
202400044461,2024-12-07,soirée,,,85,85226,5,6,6,4,3,Départementale,50.0,1
202400044462,2024-09-26,après-midi,,,31,31555,1,2,6,3,4,Voie communale,30.0,2
202400044463,2024-10-31,après-midi,,,33,33119,1,1,3,4,4,Voie communale,50.0,1
202400044464,2024-09-25,après-midi,,,30,30007,1,1,3,4,4,Voie communale,50.0,1
202400044465,2024-10-30,après-midi,,,33,33550,1,1,3,4,4,Voie communale,50.0,1
202400044466,2024-12-08,soirée,,,72,72264,5,1,1,3,3,Départementale,50.0,1
202400044467,2024-10-31,matin,,,32,32013,1,1,-1,3,4,Voie communale,50.0,1
202400044468,2024-12-08,matin,,,61,61074,1,2,2,4,3,Départementale,50.0,2
202400044469,2024-09-26,après-midi,,,25,25056,1,2,3,4,3,Départementale,50.0,2
202400044470,2024-10-30,après-midi,,,29,29232,4,1,3,4,3,Départementale,70.0,1
202400044471,2024-12-08,soirée,,,14,14762,3,3,6,4,4,Voie communale,90.0,2
202400044472,2024-09-26,après-midi,,,13,13071,1,8,1,4,4,Voie communale,50.0,1
202400044473,2024-10-30,soirée,,,29,29019,5,1,6,4,4,Voie communale,50.0,1
202400044474,2024-09-26,nuit,,,13,13056,5,1,3,4,4,Voie communale,50.0,1
202400044475,2024-10-31,soirée,,,25,25056,5,1,1,4,3,Départementale,50.0,1
202400044476,2024-12-06,soirée,,,13,13203,3,1,4,4,1,Autoroute,50.0,1
202400044477,2024-09-26,après-midi,,,13,13212,1,1,3,4,4,Voie communale,16.0,1
202400044478,2024-10-31,après-midi,,,22,22187,1,1,2,4,2,Nationale,90.0,1
202400044479,2024-09-26,matin,,,13,13209,1,8,3,4,4,Voie communale,50.0,1
202400044480,2024-12-07,après-midi,,,33,33063,1,2,4,4,1,Autoroute,70.0,2
202400044481,2024-09-25,après-midi,,,13,13207,1,1,3,4,4,Voie communale,50.0,1
202400044482,2024-10-30,après-midi,,,15,15014,1,1,7,4,4,Voie communale,50.0,1
202400044483,2024-12-07,nuit,,,33,33318,3,3,2,4,1,Autoroute,90.0,4
202400044484,2024-07-30,soirée,,,11,11262,1,1,6,4,4,Voie communale,30.0,1
202400044485,2024-10-31,matin,,,13,13106,1,1,2,4,4,Voie communale,50.0,1
202400044486,2024-12-07,matin,,,91,91659,1,8,7,4,1,Autoroute,110.0,1
202400044487,2024-12-07,matin,,,91,91086,1,2,7,4,2,Nationale,110.0,2
202400044488,2024-09-26,après-midi,,,07,07019,1,2,4,4,3,Départementale,90.0,2
202400044489,2024-10-31,nuit,,,13,13077,4,1,1,4,2,Nationale,50.0,1
202400044490,2024-10-30,matin,,,13,13206,1,1,2,4,4,Voie communale,30.0,1
202400044491,2024-12-07,soirée,,,92,92050,5,8,3,4,1,Autoroute,70.0,2
202400044492,2024-09-26,matin,,,06,06069,1,3,3,4,3,Départementale,50.0,2
202400044493,2024-12-07,matin,,,93,93008,5,2,3,4,1,Autoroute,90.0,2
202400044494,2024-09-25,matin,,,01,01053,1,8,3,4,3,Départementale,50.0,1
202400044495,2024-09-26,soirée,,,75,75115,1,2,2,4,4,Voie communale,70.0,2
202400044496,2024-12-07,soirée,,,94,94028,3,2,3,4,1,Autoroute,90.0,2
202400044497,2024-12-07,nuit,,,77,77372,5,2,6,4,1,Autoroute,70.0,2
202400044498,2024-10-31,après-midi,,,13,13028,1,1,1,4,4,Voie communale,50.0,1
202400044499,2024-10-31,soirée,,,13,13004,3,1,1,4,3,Départementale,80.0,2
202400044500,2024-12-06,après-midi,,,94,94017,1,1,6,4,1,Autoroute,90.0,1
202400044501,2024-09-25,après-midi,,,75,75115,1,1,4,4,4,Voie communale,70.0,2
202400044502,2024-05-29,nuit,,,13,13001,4,1,3,3,4,Voie communale,50.0,1
202400044503,2024-09-26,après-midi,,,75,75118,1,2,6,3,4,Voie communale,30.0,2
202400044504,2024-12-07,matin,,,988,98818,1,1,6,4,6,Autre,50.0,1
202400044505,2024-09-25,nuit,,,75,75106,5,3,6,4,4,Voie communale,30.0,2
202400044506,2024-12-06,nuit,,,974,97411,5,1,6,4,4,Voie communale,50.0,1
202400044507,2024-10-31,soirée,,,13,13001,3,1,4,4,2,Nationale,50.0,1
202400044508,2024-09-26,après-midi,,,75,75118,1,2,6,3,4,Voie communale,30.0,2
202400044509,2024-09-26,soirée,,,75,75116,1,2,3,4,4,Voie communale,30.0,2
202400044510,2024-10-30,après-midi,,,13,13001,1,1,1,2,3,Départementale,80.0,1
202400044511,2024-09-26,après-midi,,,75,75116,1,2,6,4,4,Voie communale,50.0,2
202400044512,2024-12-06,matin,,,974,97409,1,1,5,4,2,Nationale,90.0,1
202400044513,2024-10-30,matin,,,11,11069,1,1,3,4,3,Départementale,80.0,1
202400044514,2024-09-25,soirée,,,75,75116,5,2,3,4,4,Voie communale,30.0,2
202400044515,2024-10-31,matin,,,10,10333,1,2,7,4,2,Nationale,50.0,2
202400044516,2024-12-06,matin,,,973,97302,1,1,5,4,3,Départementale,50.0,1
202400044517,2024-09-25,après-midi,,,75,75115,1,2,6,4,4,Voie communale,30.0,2
202400044518,2024-10-31,après-midi,,,07,07019,1,1,6,2,4,Voie communale,30.0,1
202400044519,2024-12-06,matin,,,973,97302,1,1,6,4,4,Voie communale,50.0,1
202400044520,2024-09-25,après-midi,,,75,75114,1,2,6,4,4,Voie communale,50.0,2
202400044521,2024-10-31,soirée,,,06,06088,5,1,3,4,4,Voie communale,50.0,1
202400044522,2024-09-25,matin,,,75,75113,1,2,3,4,4,Voie communale,30.0,2
202400044523,2024-12-05,soirée,,,972,97209,2,1,2,4,2,Nationale,70.0,1
202400044524,2024-10-31,après-midi,,,06,06029,1,1,3,4,4,Voie communale,50.0,1
202400044525,2024-12-06,matin,,,971,97113,1,1,6,3,2,Nationale,50.0,1
202400044526,2024-10-30,matin,,,75,75116,1,1,2,4,4,Voie communale,50.0,1
202400044527,2024-09-26,soirée,,,75,75112,1,1,6,3,4,Voie communale,30.0,2
202400044528,2024-09-26,soirée,,,75,75110,5,8,3,4,4,Voie communale,30.0,2
202400044529,2024-12-05,après-midi,,,971,97101,1,1,1,4,4,Voie communale,50.0,1
202400044530,2024-09-26,après-midi,,,75,75110,1,3,7,4,4,Voie communale,30.0,3
202400044531,2024-12-06,matin,,,95,95203,1,1,1,4,3,Départementale,50.0,1
202400044532,2024-09-25,soirée,,,75,75116,5,3,6,4,4,Voie communale,30.0,2
202400044533,2024-10-31,soirée,,,75,75114,5,1,6,4,4,Voie communale,30.0,1
202400044534,2024-12-06,soirée,,,91,91549,5,1,6,4,4,Voie communale,30.0,1
202400044535,2024-09-26,matin,,,75,75108,1,8,6,4,4,Voie communale,50.0,1
202400044536,2024-12-06,soirée,,,91,91692,5,1,3,4,3,Départementale,70.0,1
202400044537,2024-10-31,matin,,,75,75116,1,1,3,3,4,Voie communale,30.0,1
202400044538,2024-09-26,matin,,,94,94044,3,2,3,4,5,Autre,50.0,2
202400044539,2024-12-06,matin,,,91,91687,1,1,6,4,4,Voie communale,50.0,1
202400044540,2024-12-05,soirée,,,87,87085,5,2,3,4,3,Départementale,50.0,2
202400044541,2024-09-25,après-midi,,,94,94074,1,2,2,4,3,Départementale,50.0,2
202400044542,2024-10-30,nuit,,,75,75105,5,1,3,4,4,Voie communale,30.0,1
202400044543,2024-12-05,matin,,,87,87085,1,1,6,4,4,Voie communale,30.0,1
202400044544,2024-09-26,soirée,,,94,94076,1,1,6,4,3,Départementale,50.0,1
202400044545,2024-10-31,matin,,,75,75112,1,1,3,4,4,Voie communale,30.0,1
202400044546,2024-09-26,après-midi,,,94,94073,1,2,5,3,3,Départementale,50.0,2
202400044547,2024-09-26,après-midi,,,94,94054,1,3,3,4,4,Voie communale,30.0,2
202400044548,2024-09-26,soirée,,,93,93048,5,2,6,4,3,Départementale,30.0,2
202400044549,2024-09-26,après-midi,,,93,93051,1,3,3,4,3,Départementale,50.0,2
202400044550,2024-10-31,après-midi,,,75,75103,1,1,3,3,4,Voie communale,30.0,1
202400044551,2024-09-26,matin,,,93,93047,1,2,3,3,4,Voie communale,50.0,2
202400044552,2024-12-06,après-midi,,,84,84007,1,1,2,4,4,Voie communale,50.0,1
202400044553,2024-09-26,après-midi,,,93,93001,1,8,3,4,4,Voie communale,50.0,2
202400044554,2024-12-05,après-midi,,,84,84007,1,1,1,4,4,Voie communale,50.0,1
202400044555,2024-09-25,après-midi,,,93,93001,1,2,3,4,4,Voie communale,50.0,2
202400044556,2024-10-31,après-midi,,,94,94046,5,1,3,4,4,Voie communale,50.0,1
202400044557,2024-12-06,après-midi,,,81,81065,2,1,3,3,4,Voie communale,50.0,1
202400044558,2024-09-26,matin,,,92,92076,1,1,3,4,3,Départementale,50.0,1
202400044559,2024-10-30,soirée,,,94,94033,5,8,3,4,3,Départementale,30.0,1
202400044560,2024-12-06,après-midi,,,80,80021,1,1,7,4,4,Voie communale,50.0,1
202400044561,2024-10-31,matin,,,94,94028,1,1,3,3,3,Départementale,50.0,1
202400044562,2024-09-26,après-midi,,,92,92063,1,3,6,4,4,Voie communale,30.0,2
202400044563,2024-10-31,matin,,,93,93078,1,1,3,4,3,Départementale,50.0,1
202400044564,2024-10-31,matin,,,95,95527,1,1,6,4,4,Voie communale,70.0,1
202400044565,2024-10-30,soirée,,,93,93053,2,1,6,3,4,Voie communale,50.0,1
202400044566,2024-12-06,après-midi,,,78,78401,1,7,3,4,4,Voie communale,50.0,1
202400044567,2024-09-25,après-midi,,,92,92012,2,2,6,4,4,Voie communale,50.0,2
202400044568,2024-11-28,nuit,,,78,78168,3,1,6,3,2,Nationale,70.0,1
202400044569,2024-10-31,après-midi,,,93,93006,1,8,3,4,4,Voie communale,30.0,1
202400044570,2024-09-26,après-midi,,,47,47100,1,2,1,4,3,Départementale,80.0,2
202400044571,2024-10-31,matin,,,93,93032,1,1,3,4,4,Voie communale,50.0,1
202400044572,2024-12-06,matin,,,77,77085,1,1,1,4,4,Voie communale,50.0,1
202400044573,2024-10-31,après-midi,,,93,93059,1,8,6,4,3,Départementale,50.0,1
202400044574,2024-09-27,matin,,,40,40133,3,1,2,3,1,Autoroute,130.0,2
202400044575,2024-12-07,nuit,,,76,76681,5,2,6,3,4,Voie communale,50.0,2
202400044576,2024-10-28,après-midi,,,93,93013,1,1,3,3,3,Départementale,50.0,1
202400044577,2024-09-27,après-midi,,,08,08145,1,1,1,4,3,Départementale,80.0,1
202400044578,2024-12-05,après-midi,,,76,76212,1,2,3,2,2,Nationale,50.0,2
202400044579,2024-10-31,nuit,,,93,93014,5,1,3,3,4,Voie communale,50.0,1
202400044580,2024-09-27,matin,,,51,51649,1,8,6,3,4,Voie communale,50.0,1
202400044581,2024-12-06,matin,,,76,76351,5,1,3,4,4,Voie communale,50.0,1
202400044582,2024-10-31,après-midi,,,93,93007,5,1,3,4,4,Voie communale,50.0,1
202400044583,2024-09-26,matin,,,51,51649,1,3,3,3,4,Voie communale,50.0,2
202400044584,2024-10-26,matin,,,92,92075,2,1,6,4,3,Départementale,50.0,1
202400044585,2024-12-06,après-midi,,,71,71306,1,1,2,4,2,Nationale,110.0,1
202400044586,2024-10-31,matin,,,92,92033,1,1,6,4,4,Voie communale,30.0,1
202400044587,2024-12-06,matin,,,69,69266,1,2,6,3,4,Voie communale,50.0,2
202400044588,2024-09-26,après-midi,,,83,83058,1,1,6,2,3,Départementale,50.0,2
202400044589,2024-10-31,soirée,,,92,92040,5,1,6,4,3,Départementale,50.0,1
202400044590,2024-12-06,après-midi,,,69,69259,1,1,3,4,4,Voie communale,50.0,1
202400044591,2024-10-31,matin,,,92,92062,1,1,6,4,4,Voie communale,30.0,1
202400044592,2024-12-05,soirée,,,67,67482,5,1,3,4,4,Voie communale,50.0,2
202400044593,2024-09-27,nuit,,,974,97422,3,1,1,3,2,Nationale,50.0,1
202400044594,2024-10-31,soirée,,,92,92025,5,1,3,4,3,Départementale,30.0,1
202400044595,2024-09-22,nuit,,,972,97221,3,1,7,3,2,Nationale,80.0,1
202400044596,2024-10-31,soirée,,,92,92023,5,5,6,3,4,Voie communale,20.0,2
202400044597,2024-12-05,après-midi,,,67,67482,1,2,3,4,4,Voie communale,50.0,2
202400044598,2024-10-31,après-midi,,,92,92019,1,1,3,4,3,Départementale,50.0,1
202400044599,2024-09-26,après-midi,,,27,27368,1,1,3,3,4,Voie communale,80.0,1
202400044600,2024-12-05,après-midi,,,67,67482,1,1,3,4,4,Voie communale,50.0,1
202400044601,2024-10-31,soirée,,,92,92012,5,1,3,4,4,Voie communale,50.0,1
202400044602,2024-09-15,matin,,,83,83036,1,1,1,3,4,Voie communale,50.0,1
202400044603,2024-10-30,après-midi,,,92,92009,1,1,6,4,4,Voie communale,30.0,1
202400044604,2024-12-06,nuit,,,66,66136,5,1,3,3,4,Voie communale,30.0,1
202400044605,2024-09-26,soirée,,,71,71081,2,8,3,4,1,Autoroute,50.0,2
202400044606,2024-09-27,matin,,,58,58002,1,1,6,3,4,Voie communale,50.0,2
202400044607,2024-12-05,soirée,,,66,66136,5,1,3,4,4,Voie communale,50.0,1
202400044608,2024-10-29,soirée,,,92,92004,5,1,4,4,3,Départementale,50.0,1
202400044609,2024-09-22,nuit,,,47,47244,3,3,6,3,3,Départementale,80.0,2
202400044610,2024-12-06,matin,,,64,64024,2,2,6,4,4,Voie communale,50.0,2
202400044611,2024-10-31,après-midi,,,92,92002,1,1,4,4,3,Départementale,50.0,1
202400044612,2024-09-26,après-midi,,,19,19023,1,2,7,4,3,Départementale,50.0,2
202400044613,2024-12-05,après-midi,,,64,64024,1,1,3,4,3,Départementale,50.0,1
202400044614,2024-10-31,soirée,,,31,31527,3,1,6,4,3,Départementale,80.0,1
202400044615,2024-12-06,soirée,,,62,62178,5,1,6,4,3,Départementale,50.0,1
202400044616,2024-09-27,après-midi,,,77,77310,1,1,5,3,3,Départementale,90.0,2
202400044617,2024-10-31,soirée,,,80,80572,3,5,7,4,3,Départementale,80.0,2
202400044618,2024-12-06,matin,,,62,62160,2,6,7,3,4,Voie communale,50.0,1
202400044619,2024-09-26,soirée,,,76,76091,1,8,1,4,3,Départementale,80.0,1
202400044620,2024-10-29,soirée,,,26,26305,2,1,2,3,3,Départementale,80.0,1
202400044621,2024-11-28,après-midi,,,62,62037,5,8,2,3,3,Départementale,50.0,1
202400044622,2024-09-27,matin,,,65,65388,1,1,6,3,3,Départementale,80.0,1
202400044623,2024-11-01,matin,,,95,95487,1,1,6,3,4,Voie communale,30.0,1
202400044624,2024-12-05,après-midi,,,62,62041,5,2,6,4,4,Voie communale,50.0,2
202400044625,2024-11-01,après-midi,,,31,31184,2,1,2,2,7,Autre,70.0,1
202400044626,2024-09-26,après-midi,,,69,69217,1,1,1,4,3,Départementale,80.0,2
202400044627,2024-12-05,après-midi,,,62,62041,5,2,3,4,4,Voie communale,50.0,2
202400044628,2024-11-01,matin,,,22,22116,1,5,6,4,2,Nationale,110.0,1
202400044629,2024-12-06,nuit,,,60,60057,5,2,6,4,4,Voie communale,50.0,2
202400044630,2024-09-26,après-midi,,,63,63381,1,1,6,4,3,Départementale,70.0,2
202400044631,2024-10-30,soirée,,,06,06033,5,1,3,4,4,Voie communale,50.0,1
202400044632,2024-10-31,matin,,,83,83021,1,7,6,2,3,Départementale,50.0,1
202400044633,2024-12-05,soirée,,,59,59648,3,2,1,4,7,Autre,50.0,2
202400044634,2024-09-26,soirée,,,12,12288,3,2,1,4,3,Départementale,70.0,2
202400044635,2024-11-01,matin,,,2A,2A017,1,1,6,2,3,Départementale,80.0,1
202400044636,2024-12-06,après-midi,,,59,59122,3,1,5,4,3,Départementale,80.0,1
202400044637,2024-11-01,matin,,,80,80585,3,1,6,3,3,Départementale,,1
202400044638,2024-09-26,soirée,,,42,42097,1,1,2,4,7,Autre,50.0,1
202400044639,2024-10-31,soirée,,,65,65025,4,1,7,2,4,Voie communale,50.0,1
202400044640,2024-12-06,après-midi,,,56,56260,5,2,3,4,4,Voie communale,50.0,2
202400044641,2024-11-01,nuit,,,11,11332,3,1,6,2,3,Départementale,80.0,1
202400044642,2024-12-05,après-midi,,,56,56162,1,2,3,4,3,Départementale,50.0,2
202400044643,2024-11-01,matin,,,25,25222,2,1,6,4,2,Nationale,70.0,1
202400044644,2024-12-06,matin,,,54,54395,1,1,6,4,4,Voie communale,30.0,1
202400044645,2024-11-01,nuit,,,29,29210,3,5,6,3,3,Départementale,50.0,2
202400044646,2024-11-01,après-midi,,,31,31546,1,7,6,2,3,Départementale,80.0,1
202400044647,2024-12-05,soirée,,,54,54357,5,2,6,4,4,Voie communale,30.0,2
202400044648,2024-11-01,après-midi,,,31,31052,1,1,2,3,3,Départementale,80.0,1
202400044649,2024-12-06,nuit,,,51,51454,5,1,5,4,4,Voie communale,50.0,1
202400044650,2024-10-30,soirée,,,38,38501,5,1,6,4,3,Départementale,70.0,1
202400044651,2024-12-06,soirée,,,51,51454,5,1,6,4,4,Voie communale,30.0,1
202400044652,2024-10-29,après-midi,,,38,38150,1,1,3,4,7,Autre,80.0,1
202400044653,2024-10-31,matin,,,01,01025,2,2,1,3,4,Voie communale,50.0,2
202400044654,2024-12-05,après-midi,,,51,51454,5,2,3,4,4,Voie communale,50.0,2
202400044655,2024-10-24,après-midi,,,72,72023,1,1,1,4,4,Voie communale,70.0,1
202400044656,2024-12-05,après-midi,,,51,51454,2,8,6,4,4,Voie communale,50.0,2
202400044657,2024-12-05,après-midi,,,51,51454,1,1,2,4,4,Voie communale,50.0,2
202400044658,2024-11-01,nuit,,,14,14714,3,8,7,3,3,Départementale,80.0,2
202400044659,2024-10-13,après-midi,,,64,64066,1,2,3,4,3,Départementale,50.0,2
202400044660,2024-12-05,matin,,,51,51454,2,1,3,4,4,Voie communale,50.0,1
202400044661,2024-10-31,soirée,,,17,17218,3,1,7,3,3,Départementale,80.0,1
202400044662,2024-12-05,après-midi,,,50,50129,4,3,2,4,4,Voie communale,50.0,2
202400044663,2024-10-21,matin,,,30,30354,1,1,3,4,3,Départementale,80.0,1
202400044664,2024-12-05,soirée,,,50,50129,5,3,3,4,4,Voie communale,50.0,2
202400044665,2024-11-01,nuit,,,48,48140,5,1,6,4,3,Départementale,50.0,1
202400044666,2024-12-03,soirée,,,50,50129,5,1,6,4,4,Voie communale,30.0,2
202400044667,2024-10-31,après-midi,,,88,88516,1,1,1,2,3,Départementale,90.0,1
202400044668,2024-11-01,matin,,,988,98805,1,1,6,3,4,Voie communale,70.0,1
202400044669,2024-12-06,soirée,,,49,49007,5,1,4,4,4,Voie communale,50.0,1
202400044670,2024-11-01,matin,,,13,13069,1,1,1,3,3,Départementale,80.0,1
202400044671,2024-12-05,soirée,,,49,49007,5,1,2,4,4,Voie communale,50.0,1
202400044672,2024-10-31,matin,,,69,69244,1,8,1,4,4,Voie communale,50.0,1
202400044673,2024-12-06,matin,,,47,47027,1,1,6,3,4,Voie communale,80.0,1
202400044674,2024-11-01,matin,,,27,27332,5,5,6,2,1,Autoroute,50.0,1
202400044675,2024-12-06,matin,,,45,45338,1,1,6,4,4,Voie communale,50.0,1
202400044676,2024-12-04,soirée,,,45,45208,5,1,6,4,4,Voie communale,50.0,2
202400044677,2024-10-31,soirée,,,29,29147,3,5,6,3,3,Départementale,70.0,1
202400044678,2024-12-05,soirée,,,44,44109,5,3,2,4,4,Voie communale,30.0,2
202400044679,2024-10-30,soirée,,,77,77211,5,1,6,3,3,Départementale,50.0,1
202400044680,2024-12-06,matin,,,41,41018,2,1,6,4,4,Voie communale,50.0,1
202400044681,2024-10-31,soirée,,,34,34022,3,1,2,4,2,Nationale,80.0,1
202400044682,2024-10-31,après-midi,,,13,13042,1,1,3,3,3,Départementale,80.0,1
202400044683,2024-10-27,nuit,,,13,13027,5,2,3,4,3,Départementale,50.0,2
202400044684,2024-12-06,après-midi,,,38,38516,5,1,5,4,7,Autre,70.0,1
202400044685,2024-11-01,nuit,,,67,67203,3,5,7,2,3,Départementale,50.0,2
202400044686,2024-12-06,matin,,,38,38421,1,2,1,4,4,Voie communale,20.0,2
202400044687,2024-11-01,après-midi,,,17,17115,1,7,1,3,3,Départementale,80.0,1
202400044688,2024-10-31,soirée,,,16,16138,5,1,6,3,6,Autre,50.0,1
202400044689,2024-12-06,matin,,,35,35238,1,1,1,4,4,Voie communale,30.0,1
202400044690,2024-10-29,après-midi,,,33,33056,1,1,2,3,4,Voie communale,30.0,1
202400044691,2024-11-01,nuit,,,56,56023,3,1,6,3,3,Départementale,80.0,1
202400044692,2024-10-27,nuit,,,60,60045,3,1,2,3,3,Départementale,110.0,1
202400044693,2024-10-31,après-midi,,,13,13015,1,1,3,4,1,Autoroute,90.0,1
202400044694,2024-10-30,matin,,,13,13216,1,1,2,4,1,Autoroute,90.0,1
202400044695,2024-10-30,matin,,,33,33550,1,1,2,4,1,Autoroute,90.0,1
202400044696,2024-01-09,après-midi,,,91,91223,1,4,6,4,4,Voie communale,50.0,5
202400044697,2024-01-09,matin,,,84,84080,1,8,7,4,3,Départementale,110.0,1
202400044698,2024-01-09,matin,,,84,84007,1,8,2,4,4,Voie communale,50.0,1
202400044699,2024-01-09,matin,,,80,80021,5,8,6,2,4,Voie communale,50.0,1
202400044700,2024-01-09,matin,,,78,78401,1,1,6,4,3,Départementale,50.0,1
202400044701,2024-01-09,soirée,,,76,76165,2,1,3,4,4,Voie communale,50.0,1
202400044702,2024-01-08,matin,,,76,76305,3,1,7,3,4,Voie communale,50.0,7
202400044703,2024-01-07,soirée,,,76,76351,5,2,3,4,4,Voie communale,,2
202400044704,2024-01-08,soirée,,,72,72181,5,1,4,4,4,Voie communale,30.0,1
202400044705,2024-01-08,soirée,,,72,72181,3,1,2,4,4,Voie communale,90.0,1
202400044706,2024-01-08,matin,,,72,72181,1,1,6,4,4,Voie communale,50.0,1
202400044707,2024-01-08,après-midi,,,69,69115,1,1,3,4,3,Départementale,50.0,1
202400044708,2024-01-08,matin,,,67,67482,1,8,3,4,4,Voie communale,50.0,1
202400044709,2024-01-09,après-midi,,,64,64129,1,1,7,4,4,Voie communale,50.0,1
202400044710,2024-01-08,soirée,,,64,64102,5,1,6,4,4,Voie communale,50.0,1
202400044711,2024-01-08,après-midi,,,63,63300,1,4,6,4,3,Départementale,30.0,7