Num_Acc,date,time_of_day,lat,long,dep,com,lum,atm,col,severity_index,catr,catr_label,vma,surf
202400044712,2024-01-08,matin,,,62,62041,5,1,2,4,4,Voie communale,50.0,1
202400044713,2024-01-09,après-midi,,,59,59599,1,1,6,4,4,Voie communale,50.0,1
202400044714,2024-01-09,matin,,,59,59017,1,7,6,3,4,Voie communale,50.0,1
202400044715,2024-01-08,soirée,,,54,54304,4,1,6,4,4,Voie communale,50.0,1
202400044716,2024-01-08,matin,,,54,54578,3,1,2,4,4,Voie communale,50.0,1
202400044717,2024-01-08,matin,,,54,54328,1,8,6,4,4,Voie communale,50.0,1
202400044718,2024-01-08,après-midi,,,49,49267,1,8,3,4,4,Voie communale,50.0,1
202400044719,2024-01-08,soirée,,,49,49007,5,1,3,4,4,Voie communale,50.0,1
202400044720,2024-01-09,soirée,,,45,45274,5,1,3,4,4,Voie communale,50.0,1
202400044721,2024-01-09,soirée,,,41,41018,3,4,6,4,4,Voie communale,50.0,5
202400044722,2024-01-09,après-midi,,,35,35238,1,1,3,4,4,Voie communale,30.0,1
202400044723,2024-01-09,soirée,,,34,34172,5,1,1,4,4,Voie communale,50.0,1
202400044724,2024-01-09,soirée,,,33,33281,5,1,3,4,4,Voie communale,50.0,1
202400044725,2024-01-09,matin,,,33,33281,2,1,6,4,4,Voie communale,30.0,1
202400044726,2024-01-08,soirée,,,33,33281,5,1,2,4,4,Voie communale,50.0,1
202400044727,2024-01-09,nuit,,,31,31555,5,1,2,4,7,Autre,50.0,1
202400044728,2024-01-09,soirée,,,31,31555,5,9,3,4,7,Autre,30.0,1
202400044729,2024-01-09,après-midi,,,31,31555,1,1,3,4,4,Voie communale,50.0,1
202400044730,2024-01-09,matin,,,31,31022,2,1,3,3,7,Autre,50.0,1
202400044731,2024-01-08,soirée,,,29,29019,5,1,3,3,4,Voie communale,50.0,1
202400044732,2024-01-10,nuit,,,22,22187,3,1,6,2,4,Voie communale,30.0,1
202400044733,2024-04-02,matin,,,01,01157,1,1,1,4,3,Départementale,80.0,1
202400044734,2024-01-09,matin,,,22,22215,4,1,4,4,3,Départementale,70.0,1
202400044735,2024-04-02,matin,,,22,22044,1,8,2,4,2,Nationale,110.0,1
202400044736,2024-01-09,nuit,,,14,14574,5,4,7,4,3,Départementale,50.0,5
202400044737,2024-04-02,soirée,,,974,97413,3,2,6,3,3,Départementale,80.0,2
202400044738,2024-01-08,matin,,,14,14118,1,1,7,4,4,Voie communale,50.0,1
202400044739,2024-01-09,après-midi,,,13,13103,1,1,3,4,4,Voie communale,50.0,1
202400044740,2024-01-08,après-midi,,,13,13204,1,1,6,4,4,Voie communale,50.0,1
202400044741,2024-04-02,après-midi,,,62,62118,1,2,3,3,3,Départementale,80.0,2
202400044742,2024-04-02,soirée,,,74,74267,1,1,3,4,3,Départementale,50.0,1
202400044743,2024-01-04,nuit,,,10,10081,3,1,5,4,3,Départementale,110.0,1
202400044744,2024-04-03,matin,,,80,80368,2,1,3,4,3,Départementale,50.0,1
202400044745,2024-01-08,après-midi,,,10,10357,3,1,2,4,3,Départementale,90.0,2
202400044746,2024-01-09,soirée,,,04,04070,5,2,6,3,3,Départementale,30.0,2
202400044747,2024-04-03,après-midi,,,61,61163,1,1,2,3,3,Départementale,70.0,1
202400044748,2024-01-04,soirée,,,02,02722,5,1,6,4,4,Voie communale,50.0,1
202400044749,2024-04-03,soirée,,,42,42267,2,1,3,3,3,Départementale,70.0,1
202400044750,2024-01-09,matin,,,01,01451,1,4,6,4,3,Départementale,70.0,5
202400044751,2024-03-31,après-midi,,,34,34031,1,7,7,3,3,Départementale,80.0,1
202400044752,2024-01-09,après-midi,,,75,75113,5,1,4,4,4,Voie communale,50.0,1
202400044753,2024-04-03,matin,,,34,34237,1,1,6,4,3,Départementale,80.0,1
202400044754,2024-01-08,après-midi,,,75,75117,5,1,4,4,4,Voie communale,70.0,1
202400044755,2024-04-02,après-midi,,,68,68374,1,1,1,4,3,Départementale,50.0,1
202400044756,2024-01-09,après-midi,,,75,75119,1,8,7,4,4,Voie communale,30.0,1
202400044757,2024-03-31,après-midi,,,68,68374,1,1,7,2,4,Voie communale,30.0,1
202400044758,2024-01-09,matin,,,75,75118,5,1,6,4,4,Voie communale,30.0,1
202400044759,2024-04-01,soirée,,,39,39367,3,2,1,4,2,Nationale,80.0,2
202400044760,2024-01-09,après-midi,,,75,75117,1,4,7,4,4,Voie communale,50.0,7
202400044761,2024-01-09,soirée,,,75,75115,5,2,3,4,4,Voie communale,30.0,2
202400044762,2024-04-03,matin,,,26,26330,1,8,1,4,3,Départementale,80.0,2
202400044763,2024-01-08,nuit,,,75,75114,5,4,2,4,4,Voie communale,30.0,2
202400044764,2024-03-30,matin,,,50,50402,1,1,6,4,4,Voie communale,50.0,1
202400044765,2024-01-09,matin,,,75,75109,1,1,6,4,4,Voie communale,30.0,1
202400044766,2024-04-03,matin,,,50,50483,1,1,1,4,3,Départementale,70.0,2
202400044767,2024-01-09,après-midi,,,75,75108,1,1,6,3,4,Voie communale,30.0,1
202400044768,2024-04-01,après-midi,,,43,43162,1,1,1,3,3,Départementale,90.0,1
202400044769,2024-01-09,nuit,,,75,75114,4,4,7,4,4,Voie communale,30.0,7
202400044770,2024-04-02,soirée,,,36,36154,3,2,6,3,3,Départementale,90.0,2
202400044771,2024-01-09,soirée,,,75,75103,5,1,3,4,4,Voie communale,30.0,1
202400044772,2024-04-02,matin,,,16,16350,1,1,7,3,3,Départementale,90.0,2
202400044773,2024-01-09,soirée,,,75,75104,5,1,3,4,4,Voie communale,30.0,1
202400044774,2024-04-03,matin,,,07,07339,2,2,1,2,3,Départementale,90.0,2
202400044775,2024-01-09,après-midi,,,75,75101,2,8,7,4,4,Voie communale,30.0,1
202400044776,2024-03-31,soirée,,,27,27261,2,8,3,3,4,Voie communale,50.0,2
202400044777,2024-01-09,après-midi,,,75,75101,1,1,3,4,4,Voie communale,30.0,1
202400044778,2024-04-03,matin,,,28,28140,1,1,6,3,4,Voie communale,30.0,1
202400044779,2024-01-09,après-midi,,,75,75104,1,8,3,4,4,Voie communale,30.0,1
202400044780,2024-04-02,après-midi,,,17,17403,1,1,1,4,3,Départementale,70.0,1
202400044781,2024-04-02,soirée,,,31,31286,2,1,6,3,1,Autoroute,130.0,1
202400044782,2024-01-09,nuit,,,94,94044,5,4,2,4,3,Départementale,50.0,7
202400044783,2024-01-08,soirée,,,94,94068,5,8,6,4,4,Voie communale,30.0,1
202400044784,2024-04-02,après-midi,,,77,77165,1,1,7,4,1,Autoroute,130.0,1
202400044785,2024-04-03,matin,,,42,42020,1,1,6,4,3,Départementale,80.0,1
202400044786,2024-01-07,après-midi,,,94,94076,2,1,2,4,4,Voie communale,50.0,1
202400044787,2024-04-02,après-midi,,,13,13110,1,1,2,4,1,Autoroute,130.0,1
202400044788,2024-03-24,soirée,,,13,13025,3,1,1,3,3,Départementale,80.0,1
202400044789,2024-01-09,nuit,,,94,94041,5,1,1,4,3,Départementale,25.0,1
202400044790,2024-04-03,matin,,,37,37242,2,1,6,4,3,Départementale,80.0,2
202400044791,2024-01-09,après-midi,,,94,94077,1,8,2,4,4,Voie communale,,1
202400044792,2024-04-03,matin,,,77,77264,2,2,3,2,3,Départementale,80.0,2
202400044793,2024-05-02,après-midi,,,32,32162,1,1,7,3,3,Départementale,90.0,1
202400044794,2024-01-08,soirée,,,94,94053,3,4,5,4,3,Départementale,50.0,5
202400044795,2024-02-29,matin,,,78,78048,1,2,6,3,2,Nationale,110.0,2
202400044796,2024-05-10,après-midi,,,71,71263,1,1,6,4,6,Autre,30.0,1
202400044797,2024-04-03,matin,,,2B,2B042,1,1,6,3,2,Nationale,50.0,1
202400044798,2024-01-08,matin,,,93,93055,2,1,6,2,3,Départementale,50.0,1
202400044799,2024-05-09,soirée,,,76,76255,1,1,3,4,3,Départementale,50.0,1
202400044800,2024-05-09,après-midi,,,61,61194,1,1,1,3,3,Départementale,80.0,1
202400044801,2024-01-08,nuit,,,93,93046,5,4,3,4,3,Départementale,50.0,2
202400044802,2024-04-01,après-midi,,,83,83115,1,1,1,4,3,Départementale,50.0,1
202400044803,2024-05-10,après-midi,,,42,42289,1,1,3,3,4,Voie communale,80.0,1
202400044804,2024-04-01,après-midi,,,06,06065,1,1,6,3,7,Autre,30.0,1
202400044805,2024-01-09,soirée,,,93,93030,3,1,6,4,3,Départementale,50.0,1
202400044806,2024-05-10,après-midi,,,86,86298,1,1,1,4,3,Départementale,50.0,1
202400044807,2024-01-09,matin,,,92,92073,2,9,7,4,4,Voie communale,30.0,7
202400044808,2024-05-02,après-midi,,,22,22004,1,1,6,3,3,Départementale,50.0,1
202400044809,2024-04-02,matin,,,13,13007,1,1,1,4,3,Départementale,70.0,1
202400044810,2024-01-08,matin,,,92,92064,5,1,4,4,3,Départementale,50.0,1
202400044811,2024-05-10,matin,,,44,44045,1,1,6,3,3,Départementale,70.0,1
202400044812,2024-04-03,matin,,,13,13015,1,1,3,4,3,Départementale,50.0,1
202400044813,2024-05-08,soirée,,,38,38139,3,1,6,3,3,Départementale,80.0,1
202400044814,2024-01-09,après-midi,,,92,92051,1,4,6,4,4,Voie communale,50.0,5
202400044815,2024-01-09,après-midi,,,92,92051,1,1,6,4,2,Nationale,50.0,1
202400044816,2024-05-05,après-midi,,,03,03254,1,1,2,4,3,Départementale,90.0,1
202400044817,2024-04-02,après-midi,,,31,31135,1,1,1,3,3,Départementale,70.0,1
202400044818,2024-05-09,après-midi,,,03,03273,1,1,7,4,2,Nationale,50.0,9
202400044819,2024-05-09,soirée,,,01,01035,1,1,7,4,3,Départementale,80.0,1
202400044820,2024-01-09,matin,,,92,92050,4,1,3,4,3,Départementale,50.0,7
202400044821,2024-04-03,après-midi,,,22,22208,1,1,3,3,3,Départementale,70.0,1
202400044822,2024-01-09,après-midi,,,92,92020,1,1,7,4,4,Voie communale,30.0,7
202400044823,2024-05-10,après-midi,,,54,54157,1,1,6,4,3,Départementale,50.0,1
202400044824,2024-01-09,soirée,,,92,92026,5,1,6,4,3,Départementale,50.0,1
202400044825,2024-04-03,matin,,,60,60589,1,2,1,4,3,Départementale,90.0,2
202400044826,2024-05-09,après-midi,,,14,14191,1,1,6,3,3,Départementale,80.0,1
202400044827,2024-01-09,soirée,,,92,92026,5,1,6,4,3,Départementale,50.0,1
202400044828,2024-04-02,après-midi,,,13,13081,1,1,6,4,1,Autoroute,70.0,1
202400044829,2024-05-10,nuit,,,50,50369,3,1,6,2,3,Départementale,80.0,1
202400044830,2024-01-09,nuit,,,92,92026,3,4,2,4,4,Voie communale,50.0,7
202400044831,2024-03-31,nuit,,,13,13215,3,3,1,4,1,Autoroute,90.0,4
202400044832,2024-01-09,après-midi,,,92,92024,1,1,6,4,3,Départementale,50.0,1
202400044833,2024-01-09,nuit,,,92,92024,5,4,1,4,3,Départementale,50.0,7
202400044834,2024-04-01,nuit,,,83,83047,3,1,2,4,1,Autoroute,110.0,2
202400044835,2024-05-10,matin,,,45,45059,1,1,7,3,3,Départementale,90.0,1
202400044836,2024-01-09,matin,,,92,92007,5,4,6,4,3,Départementale,50.0,7
202400044837,2024-03-10,soirée,,,01,01275,3,1,2,4,1,Autoroute,90.0,1
202400044838,2024-05-09,soirée,,,43,43020,1,1,1,4,3,Départementale,70.0,1
202400044839,2024-01-09,après-midi,,,92,92009,5,9,1,3,3,Départementale,50.0,2
202400044840,2024-05-09,après-midi,,,43,43078,1,1,6,3,4,Voie communale,50.0,1
202400044841,2024-01-15,après-midi,,,92,92002,1,1,7,4,4,Voie communale,30.0,1
202400044842,2024-05-09,nuit,,,07,07058,3,1,6,3,3,Départementale,90.0,1
202400044843,2024-01-10,matin,,,54,54462,2,1,6,4,3,Départementale,30.0,2
202400044844,2024-04-02,matin,,,33,33397,1,1,4,4,1,Autoroute,110.0,1
202400044845,2024-05-07,après-midi,,,40,40118,1,2,1,4,3,Départementale,80.0,9
202400044846,2024-01-08,après-midi,,,14,14223,1,9,1,4,3,Départementale,80.0,7
202400044847,2024-05-10,matin,,,85,85004,3,1,6,2,4,Voie communale,50.0,1
202400044848,2024-04-02,matin,,,33,33550,1,1,4,4,1,Autoroute,90.0,1
202400044849,2024-01-10,soirée,,,02,02330,3,1,2,4,1,Autoroute,130.0,1
202400044850,2024-04-02,soirée,,,91,91521,1,2,7,4,2,Nationale,50.0,2
202400044851,2024-05-10,matin,,,85,85005,1,1,3,3,3,Départementale,80.0,1
202400044852,2024-01-07,après-midi,,,34,34095,2,1,5,4,7,Autre,70.0,1
202400044853,2024-05-10,après-midi,,,85,85232,1,1,3,2,3,Départementale,70.0,1
202400044854,2024-04-02,matin,,,91,91161,1,1,5,4,1,Autoroute,110.0,1
202400044855,2024-04-17,soirée,,,28,28324,1,1,6,4,3,Départementale,90.0,1
202400044856,2024-04-02,après-midi,,,92,92002,1,1,6,4,1,Autoroute,70.0,1
202400044857,2024-01-09,matin,,,56,56251,1,1,4,4,2,Nationale,70.0,1
202400044858,2024-05-10,nuit,,,17,17235,3,1,7,3,3,Départementale,80.0,1
202400044859,2024-04-02,matin,,,91,91689,2,1,5,4,1,Autoroute,110.0,1
202400044860,2024-01-09,matin,,,2A,2A085,3,2,1,2,2,Nationale,90.0,2
202400044861,2024-05-10,matin,,,30,30188,1,1,3,4,3,Départementale,80.0,1
202400044862,2024-01-04,après-midi,,,82,82093,1,1,7,2,3,Départementale,50.0,1
202400044863,2024-04-01,nuit,,,94,94038,3,2,2,4,1,Autoroute,90.0,2
202400044864,2024-05-09,après-midi,,,48,48166,1,1,3,3,3,Départementale,80.0,1
202400044865,2024-01-10,matin,,,29,29162,5,1,6,4,3,Départementale,50.0,1
202400044866,2024-04-01,après-midi,,,95,95277,1,1,3,4,1,Autoroute,90.0,2
202400044867,2024-01-09,après-midi,,,01,01195,5,4,6,3,3,Départementale,50.0,2
202400044868,2024-05-05,après-midi,,,31,31424,1,1,3,4,4,Voie communale,50.0,1
202400044869,2024-04-01,après-midi,,,95,95212,1,2,6,4,2,Nationale,70.0,2
202400044870,2024-01-08,nuit,,,26,26238,3,1,7,4,3,Départementale,80.0,1
202400044871,2024-05-08,après-midi,,,35,35352,1,1,6,3,4,Voie communale,50.0,1
202400044872,2024-04-01,matin,,,95,95582,1,1,2,4,1,Autoroute,90.0,1
202400044873,2024-01-10,après-midi,,,58,58004,1,1,1,4,4,Voie communale,50.0,1
202400044874,2024-05-09,nuit,,,67,67343,5,1,1,4,4,Voie communale,30.0,1
202400044875,2024-04-01,nuit,,,95,95277,3,1,2,4,1,Autoroute,110.0,1
202400044876,2024-05-06,matin,,,68,68021,1,2,6,3,1,Autoroute,130.0,2
202400044877,2024-01-10,après-midi,,,27,27061,1,1,6,2,3,Départementale,,1
202400044878,2024-04-01,nuit,,,93,93066,3,1,3,4,1,Autoroute,110.0,1
202400044879,2024-01-10,matin,,,30,30062,1,1,1,2,3,Départementale,80.0,1
202400044880,2024-05-09,après-midi,,,11,11262,1,1,3,3,3,Départementale,80.0,1
202400044881,2024-04-01,matin,,,77,77249,1,1,6,4,2,Nationale,70.0,1
202400044882,2024-01-10,après-midi,,,30,30068,1,2,7,3,3,Départementale,70.0,2
202400044883,2024-05-09,après-midi,,,69,69064,1,1,6,4,3,Départementale,80.0,1
202400044884,2024-01-10,matin,,,973,97309,1,1,1,4,3,Départementale,50.0,1
202400044885,2024-05-09,après-midi,,,987,98715,1,1,2,3,3,Départementale,60.0,1
202400044886,2024-01-09,après-midi,,,06,06085,1,1,1,3,3,Départementale,50.0,2
202400044887,2024-03-31,nuit,,,94,94058,3,1,4,4,1,Autoroute,90.0,1
202400044888,2024-01-09,après-midi,,,31,31374,1,1,6,4,1,Autoroute,130.0,1
202400044889,2024-05-09,soirée,,,66,66037,5,1,3,3,4,Voie communale,30.0,1
202400044890,2024-01-08,après-midi,,,971,97103,1,1,6,3,2,Nationale,50.0,1
202400044891,2024-01-10,après-midi,,,84,84019,1,8,2,3,1,Autoroute,130.0,2
202400044892,2024-01-28,soirée,,,44,44073,1,8,3,3,3,Départementale,70.0,1
202400044893,2024-01-09,nuit,,,987,98733,2,1,3,3,2,Nationale,60.0,1
202400044894,2024-05-10,soirée,,,84,84138,1,1,5,4,3,Départementale,80.0,1
202400044895,2024-01-10,nuit,,,988,98823,3,1,7,4,4,Voie communale,,1
202400044896,2024-05-08,après-midi,,,83,83107,1,1,3,3,3,Départementale,,1
202400044897,2024-01-09,soirée,,,78,78009,3,9,1,3,3,Départementale,80.0,7
202400044898,2024-03-30,nuit,,,91,91228,5,2,7,4,4,Voie communale,50.0,2
202400044899,2024-05-09,nuit,,,13,13095,3,1,6,4,3,Départementale,80.0,1
202400044900,2024-05-10,matin,,,68,68063,1,1,6,4,3,Départementale,50.0,1
202400044901,2024-01-10,matin,,,13,13107,2,2,3,4,3,Départementale,30.0,2
202400044902,2024-03-25,après-midi,,,44,44184,1,8,2,4,4,Voie communale,50.0,1
202400044903,2024-05-04,après-midi,,,73,73006,1,8,3,4,4,Voie communale,50.0,1
202400044904,2024-01-08,matin,,,67,67155,2,1,6,3,3,Départementale,40.0,1
202400044905,2024-05-01,après-midi,,,69,69112,1,1,1,3,3,Départementale,80.0,1
202400044906,2024-03-24,après-midi,,,44,44184,1,1,3,4,4,Voie communale,50.0,1
202400044907,2024-01-09,après-midi,,,38,38085,1,4,1,4,3,Départementale,50.0,2
202400044908,2024-05-10,après-midi,,,65,65451,1,1,7,2,3,Départementale,80.0,1
202400044909,2024-03-23,matin,,,44,44109,1,8,6,4,4,Voie communale,50.0,1
202400044910,2024-05-10,nuit,,,09,09074,3,5,6,3,3,Départementale,80.0,1
202400044911,2024-01-10,matin,,,26,26235,1,1,3,4,4,Voie communale,30.0,1
202400044912,2024-05-09,nuit,,,33,33248,3,1,1,3,3,Départementale,50.0,1
202400044913,2024-04-01,après-midi,,,976,97611,1,1,2,4,2,Nationale,50.0,1
202400044914,2024-01-10,matin,,,26,26235,1,1,3,4,3,Départementale,80.0,1
202400044915,2024-05-10,après-midi,,,85,85019,1,1,6,4,4,Voie communale,,1
202400044916,2024-03-31,soirée,,,973,97302,3,1,6,4,3,Départementale,50.0,1
202400044917,2024-05-10,matin,,,50,50444,2,1,6,3,3,Départementale,70.0,1
202400044918,2024-01-06,matin,,,17,17283,1,1,1,4,3,Départementale,80.0,1
202400044919,2024-04-01,soirée,,,69,69383,5,1,3,4,4,Voie communale,30.0,2
202400044920,2024-05-09,soirée,,,50,50032,1,1,3,3,3,Départementale,50.0,1
202400044921,2024-01-09,matin,,,27,27332,3,8,3,3,3,Départementale,80.0,7
202400044922,2024-03-31,après-midi,,,972,97213,1,1,2,4,1,Autoroute,90.0,1
202400044923,2024-01-08,après-midi,,,13,13019,1,1,2,4,1,Autoroute,90.0,1
202400044924,2024-05-09,après-midi,,,29,29179,1,1,5,4,3,Départementale,80.0,1
202400044925,2024-04-30,soirée,,,13,13215,1,1,6,4,1,Autoroute,70.0,1
202400044926,2024-01-08,après-midi,,,13,13203,1,1,2,4,1,Autoroute,90.0,1
202400044927,2024-04-01,nuit,,,77,77358,3,1,6,4,2,Nationale,80.0,1
202400044928,2024-05-08,après-midi,,,83,83137,1,1,3,4,1,Autoroute,70.0,1
202400044929,2024-01-08,après-midi,,,69,69266,3,2,4,4,7,Autre,70.0,2
202400044930,2024-04-01,après-midi,,,74,74012,1,1,3,4,4,Voie communale,50.0,1
202400044931,2024-01-08,après-midi,,,38,38336,5,4,1,3,1,Autoroute,110.0,2
202400044932,2024-05-04,après-midi,,,69,69029,1,1,4,4,1,Autoroute,70.0,1
202400044933,2024-04-01,après-midi,,,69,69013,1,1,3,3,3,Départementale,50.0,1
202400044934,2024-01-08,soirée,,,67,67482,5,1,4,4,7,Autre,70.0,1
202400044935,2024-04-01,soirée,,,45,45338,1,2,6,4,4,Voie communale,50.0,2
202400044936,2024-05-08,nuit,,,69,69294,3,1,6,4,1,Autoroute,110.0,2
202400044937,2024-01-09,après-midi,,,91,91471,1,1,2,4,2,Nationale,90.0,2
202400044938,2024-04-01,soirée,,,37,37122,5,2,3,4,4,Voie communale,50.0,2
202400044939,2024-01-09,après-midi,,,91,91661,1,4,7,3,1,Autoroute,50.0,2
202400044940,2024-05-09,soirée,,,33,33003,1,1,2,4,1,Autoroute,130.0,1
202400044941,2024-04-01,soirée,,,34,34172,1,1,2,4,4,Voie communale,50.0,1
202400044942,2024-01-09,matin,,,91,91161,1,4,4,4,1,Autoroute,90.0,7
202400044943,2024-05-09,soirée,,,92,92019,1,1,5,4,2,Nationale,90.0,1
202400044944,2024-01-09,nuit,,,91,91689,3,4,3,4,1,Autoroute,90.0,7
202400044945,2024-04-01,soirée,,,33,33063,1,1,3,4,4,Voie communale,50.0,1
202400044946,2024-05-09,après-midi,,,91,91174,1,1,3,4,2,Nationale,110.0,1
202400044947,2024-01-09,nuit,,,92,92002,3,4,2,4,1,Autoroute,90.0,7
202400044948,2024-03-31,soirée,,,25,25462,5,3,3,4,4,Voie communale,50.0,2
202400044949,2024-05-09,après-midi,,,91,91689,1,1,2,4,1,Autoroute,90.0,1
202400044950,2024-01-08,nuit,,,91,91570,3,4,6,4,2,Nationale,110.0,5
202400044951,2024-04-01,après-midi,,,17,17306,1,3,3,4,4,Voie communale,30.0,2
202400044952,2024-05-09,matin,,,93,93010,1,1,3,4,1,Autoroute,70.0,1
202400044953,2024-01-08,nuit,,,91,91589,3,4,7,4,1,Autoroute,110.0,7
202400044954,2024-01-08,soirée,,,91,91161,3,4,6,4,1,Autoroute,110.0,5
202400044955,2024-04-01,après-midi,,,14,14715,1,1,6,4,4,Voie communale,50.0,1
202400044956,2024-05-08,nuit,,,93,93066,3,1,2,4,1,Autoroute,90.0,1
202400044957,2024-01-08,matin,,,92,92076,5,1,3,4,1,Autoroute,110.0,1
202400044958,2024-05-09,après-midi,,,94,94017,1,1,4,4,1,Autoroute,90.0,1
202400044959,2024-02-23,après-midi,,,72,72021,1,1,3,3,3,Départementale,90.0,1
202400044960,2024-01-08,matin,,,78,78217,5,1,6,4,1,Autoroute,50.0,1
202400044961,2024-05-06,après-midi,,,987,98736,1,1,3,4,4,Voie communale,30.0,1
202400044962,2024-04-01,soirée,,,11,11262,5,2,1,4,4,Voie communale,50.0,2
202400044963,2024-05-08,matin,,,976,97611,1,1,7,3,3,Départementale,50.0,1
202400044964,2024-01-09,matin,,,95,95604,3,1,6,2,1,Autoroute,130.0,1
202400044965,2024-02-21,après-midi,,,73,73104,1,1,1,3,3,Départementale,80.0,1
202400044966,2024-05-08,nuit,,,974,97416,5,1,7,4,2,Nationale,110.0,1
202400044967,2024-04-01,après-midi,,,75,75117,1,8,3,4,4,Voie communale,30.0,1
202400044968,2024-01-08,nuit,,,93,93066,3,4,3,4,1,Autoroute,90.0,2
202400044969,2024-02-23,après-midi,,,16,16237,1,2,1,3,3,Départementale,80.0,2
202400044970,2024-05-08,soirée,,,69,69383,5,1,6,4,4,Voie communale,30.0,1
202400044971,2024-01-08,nuit,,,93,93007,3,4,6,4,1,Autoroute,90.0,5
202400044972,2024-02-22,après-midi,,,28,28071,1,2,3,3,3,Départementale,80.0,2
202400044973,2024-01-08,soirée,,,94,94017,3,1,6,4,1,Autoroute,90.0,1
202400044974,2024-04-01,après-midi,,,75,75116,1,2,3,4,4,Voie communale,50.0,2
202400044975,2024-05-08,soirée,,,69,69388,5,1,3,4,4,Voie communale,50.0,1
202400044976,2024-02-22,après-midi,,,06,06018,2,3,6,2,3,Départementale,50.0,2
202400044977,2024-01-08,matin,,,974,97411,1,1,6,4,2,Nationale,70.0,1
202400044978,2024-03-31,nuit,,,75,75108,5,1,3,4,4,Voie communale,50.0,1
202400044979,2024-05-08,soirée,,,69,69388,1,1,3,4,4,Voie communale,30.0,1
202400044980,2024-01-08,après-midi,,,973,97302,1,1,3,4,4,Voie communale,50.0,1
202400044981,2024-05-08,nuit,,,972,97213,5,1,6,4,3,Départementale,70.0,1
202400044982,2024-03-30,nuit,,,75,75104,5,2,1,4,4,Voie communale,30.0,2
202400044983,2024-02-22,soirée,,,69,69102,3,2,5,4,1,Autoroute,,2
202400044984,2024-05-08,nuit,,,971,97101,5,2,7,4,2,Nationale,50.0,2
202400044985,2024-04-01,après-midi,,,94,94041,1,1,3,4,3,Départementale,50.0,1
202400044986,2024-01-08,matin,,,973,97302,1,1,3,4,3,Départementale,50.0,1
202400044987,2024-05-08,après-midi,,,971,97107,1,1,2,4,3,Départementale,50.0,1
202400044988,2024-02-23,après-midi,,,30,30116,1,1,2,4,1,Autoroute,130.0,1
202400044989,2024-05-08,soirée,,,83,83009,1,1,2,4,3,Départementale,70.0,1
202400044990,2024-02-22,après-midi,,,971,97107,1,1,3,4,2,Nationale,80.0,1
202400044991,2024-05-08,soirée,,,83,83061,1,1,1,4,3,Départementale,80.0,1
202400044992,2024-01-02,soirée,,,973,97302,3,1,7,4,4,Voie communale,50.0,1
202400044993,2024-02-23,après-midi,,,21,21263,1,1,3,4,7,Autre,80.0,1
202400044994,2024-05-08,soirée,,,81,81065,1,1,3,4,3,Départementale,50.0,1
202400044995,2024-02-22,après-midi,,,77,77531,1,6,6,3,3,Départementale,,2
202400044996,2024-04-01,soirée,,,94,94018,1,1,6,4,3,Départementale,50.0,1
202400044997,2024-05-08,après-midi,,,78,78609,1,1,3,4,3,Départementale,70.0,1
202400044998,2024-01-04,après-midi,,,973,97302,1,1,5,4,3,Départementale,50.0,1
202400044999,2024-04-01,après-midi,,,93,93070,1,1,3,4,4,Voie communale,50.0,2
202400045000,2024-02-15,matin,,,77,77091,1,1,3,4,3,Départementale,80.0,1
202400045001,2024-05-08,soirée,,,77,77111,1,1,6,3,4,Voie communale,30.0,1
202400045002,2024-01-08,après-midi,,,69,69387,1,2,6,4,4,Voie communale,30.0,2
202400045003,2024-02-05,après-midi,,,34,34299,1,1,6,3,4,Voie communale,,1
202400045004,2024-05-05,après-midi,,,77,77058,1,8,6,4,3,Départementale,50.0,2
202400045005,2024-04-01,soirée,,,93,93066,1,1,5,4,3,Départementale,50.0,1
202400045006,2024-01-08,matin,,,69,69388,1,1,6,4,4,Voie communale,50.0,2
202400045007,2024-05-03,soirée,,,76,76108,1,1,7,2,4,Voie communale,50.0,1
202400045008,2024-02-19,soirée,,,68,68226,5,8,7,3,4,Voie communale,50.0,2
202400045009,2024-01-08,après-midi,,,972,97213,1,1,6,3,3,Départementale,90.0,1
202400045010,2024-04-01,après-midi,,,93,93066,1,1,5,4,4,Voie communale,,2
202400045011,2024-05-08,après-midi,,,76,76259,1,1,3,4,4,Voie communale,30.0,1
202400045012,2024-02-21,après-midi,,,26,26037,1,1,3,4,3,Départementale,80.0,1
202400045013,2024-05-08,soirée,,,76,76026,1,1,7,4,2,Nationale,90.0,1
202400045014,2024-04-01,après-midi,,,93,93046,1,2,3,4,3,Départementale,50.0,2
202400045015,2024-02-19,soirée,,,69,69273,3,1,1,4,7,Autre,50.0,1
202400045016,2024-01-07,matin,,,972,97213,1,1,3,3,2,Nationale,70.0,1
202400045017,2024-04-01,après-midi,,,93,93046,1,1,3,4,4,Voie communale,30.0,1
202400045018,2024-02-23,après-midi,,,81,81294,1,2,6,4,3,Départementale,70.0,2
202400045019,2024-02-20,après-midi,,,17,17412,1,1,6,4,3,Départementale,50.0,1
202400045020,2024-04-01,soirée,,,93,93057,5,1,1,4,3,Départementale,30.0,1
202400045021,2024-01-07,nuit,,,972,97213,3,1,7,4,4,Voie communale,50.0,2
202400045022,2024-05-08,soirée,,,72,72181,1,1,5,4,3,Départementale,90.0,1
202400045023,2024-02-17,après-midi,,,33,33262,1,7,3,4,3,Départementale,30.0,1
202400045024,2024-04-01,nuit,,,92,92026,5,1,6,4,3,Départementale,50.0,1