Num_Acc,date,time_of_day,lat,long,dep,com,lum,atm,col,severity_index,catr,catr_label,vma,surf
202400045025,2024-05-08,matin,,,67,67482,1,8,6,4,4,Voie communale,30.0,1
202400045026,2024-02-20,matin,,,33,33003,1,1,6,2,4,Voie communale,50.0,1
202400045027,2024-04-01,soirée,,,92,92025,2,1,6,4,4,Voie communale,30.0,1
202400045028,2024-05-08,soirée,,,64,64129,1,1,3,4,4,Voie communale,50.0,1
202400045029,2024-01-06,soirée,,,971,97101,5,1,6,4,2,Nationale,90.0,1
202400045030,2024-02-17,soirée,,,33,33089,1,1,1,3,3,Départementale,80.0,1
202400045031,2024-05-08,après-midi,,,64,64445,1,1,3,4,4,Voie communale,50.0,1
202400045032,2024-03-31,nuit,,,92,92023,5,1,1,4,3,Départementale,50.0,1
202400045033,2024-01-07,nuit,,,971,97120,5,1,3,3,4,Voie communale,50.0,1
202400045034,2024-05-08,après-midi,,,64,64024,1,1,3,4,4,Voie communale,30.0,1
202400045035,2024-02-23,après-midi,,,02,02134,1,1,1,2,3,Départementale,70.0,1
202400045036,2024-04-01,après-midi,,,92,92012,1,1,2,4,3,Départementale,50.0,1
202400045037,2024-05-09,nuit,,,59,59646,5,1,2,4,7,Autre,50.0,1
202400045038,2024-04-01,soirée,,,92,92004,2,1,6,4,3,Départementale,50.0,1
202400045039,2024-01-08,matin,,,2A,2A004,1,1,3,4,4,Voie communale,50.0,1
202400045040,2024-05-08,après-midi,,,59,59122,1,1,3,4,3,Départementale,50.0,1
202400045041,2024-04-01,après-midi,,,83,83072,1,1,3,3,3,Départementale,,1
202400045042,2024-01-08,soirée,,,95,95680,3,8,1,4,3,Départementale,80.0,2
202400045043,2024-02-21,soirée,,,13,13106,3,1,3,3,1,Autoroute,70.0,1
202400045044,2024-04-01,après-midi,,,31,31053,1,1,6,4,7,Autre,90.0,1
202400045045,2024-07-15,matin,,,42,42318,1,1,3,3,3,Départementale,50.0,1
202400045046,2024-05-08,après-midi,,,54,54395,1,1,3,4,4,Voie communale,30.0,1
202400045047,2024-03-30,matin,,,972,97210,1,1,7,4,4,Voie communale,50.0,1
202400045048,2024-01-07,soirée,,,91,91657,5,2,1,4,4,Voie communale,50.0,2
202400045049,2024-02-22,soirée,,,91,91103,3,1,6,4,2,Nationale,110.0,2
202400045050,2024-07-17,matin,,,44,44010,1,1,6,3,3,Départementale,50.0,1
202400045051,2024-05-03,après-midi,,,54,54542,1,1,3,3,3,Départementale,80.0,1
202400045052,2024-01-08,après-midi,,,91,91228,1,1,6,4,4,Voie communale,50.0,1
202400045053,2024-04-02,nuit,,,35,35017,3,1,1,2,3,Départementale,80.0,2
202400045054,2024-02-22,soirée,,,94,94034,1,3,3,4,1,Autoroute,70.0,2
202400045055,2024-01-08,matin,,,91,91100,1,1,7,4,3,Départementale,70.0,1
202400045056,2024-07-17,soirée,,,29,29027,1,1,2,4,2,Nationale,110.0,1
202400045057,2024-04-01,soirée,,,34,34095,1,1,3,3,7,Autre,80.0,1
202400045058,2024-05-08,soirée,,,42,42095,2,1,3,3,7,Autre,50.0,1
202400045059,2024-03-31,matin,,,51,51266,1,2,6,4,3,Départementale,80.0,2
202400045060,2024-01-08,matin,,,91,91223,1,1,3,4,3,Départementale,50.0,1
202400045061,2024-02-22,après-midi,,,95,95277,1,3,4,4,1,Autoroute,70.0,2
202400045062,2024-07-16,nuit,,,29,29026,2,1,3,3,3,Départementale,80.0,1
202400045063,2024-04-02,soirée,,,76,76206,2,2,7,2,3,Départementale,80.0,2
202400045064,2024-05-08,soirée,,,37,37233,1,1,3,4,4,Voie communale,50.0,1
202400045065,2024-02-22,après-midi,,,95,95018,1,3,6,4,1,Autoroute,90.0,4
202400045066,2024-01-07,après-midi,,,86,86194,1,1,3,4,3,Départementale,50.0,1
202400045067,2024-05-08,matin,,,33,33063,2,5,2,4,4,Voie communale,50.0,1
202400045068,2024-04-02,après-midi,,,76,76177,1,8,1,3,3,Départementale,80.0,2
202400045069,2024-02-21,après-midi,,,93,93064,1,3,2,3,1,Autoroute,90.0,2
202400045070,2024-07-13,après-midi,,,31,31109,1,1,1,4,3,Départementale,50.0,9
202400045071,2024-01-04,après-midi,,,83,83126,2,1,3,3,3,Départementale,30.0,1
202400045072,2024-05-08,après-midi,,,25,25056,1,1,2,4,2,Nationale,90.0,1
202400045073,2024-02-21,matin,,,93,93066,1,2,3,4,1,Autoroute,70.0,2
202400045074,2024-04-02,soirée,,,82,82134,1,1,3,2,3,Départementale,80.0,1
202400045075,2024-05-08,nuit,,,25,25056,3,2,6,4,2,Nationale,90.0,2
202400045076,2024-02-21,nuit,,,95,95582,4,1,7,4,1,Autoroute,110.0,1
202400045077,2024-01-07,nuit,,,77,77288,5,1,2,4,3,Départementale,50.0,1
202400045078,2024-05-07,nuit,,,25,25056,3,1,3,4,3,Départementale,50.0,1
202400045079,2024-02-20,après-midi,,,93,93008,1,1,2,3,1,Autoroute,90.0,1
202400045080,2024-07-16,soirée,,,01,01370,5,1,3,3,4,Voie communale,30.0,1
202400045081,2024-04-01,après-midi,,,41,41181,1,3,4,4,1,Autoroute,130.0,2
202400045082,2024-02-20,matin,,,92,92036,1,1,3,4,1,Autoroute,110.0,1
202400045083,2024-05-08,matin,,,13,13028,1,1,3,3,7,Autre,50.0,1
202400045084,2024-01-06,après-midi,,,76,76447,1,1,2,4,4,Voie communale,,1
202400045085,2024-04-02,après-midi,,,81,81182,1,1,1,4,3,Départementale,80.0,1
202400045086,2024-07-05,matin,,,45,45166,1,1,4,4,3,Départementale,90.0,1
202400045087,2024-02-19,nuit,,,95,95018,3,1,6,4,1,Autoroute,70.0,2
202400045088,2024-03-06,matin,,,49,49368,1,1,7,4,3,Départementale,90.0,1
202400045089,2024-01-07,soirée,,,76,76351,3,2,3,4,6,Autre,30.0,2
202400045090,2024-07-14,après-midi,,,64,64110,1,1,7,2,3,Départementale,80.0,1
202400045091,2024-05-04,après-midi,,,11,11262,1,1,3,3,4,Voie communale,,1
202400045092,2024-07-15,matin,,,64,64527,1,2,7,4,3,Départementale,80.0,2
202400045093,2024-03-30,après-midi,,,12,12254,1,1,2,4,3,Départementale,90.0,1
202400045094,2024-02-22,soirée,,,94,94018,2,2,4,4,1,Autoroute,50.0,2
202400045095,2024-01-05,après-midi,,,76,76341,1,1,2,4,4,Voie communale,50.0,2
202400045096,2024-06-21,soirée,,,07,07204,1,1,7,3,3,Départementale,90.0,9
202400045097,2024-04-02,matin,,,86,86177,1,1,6,3,4,Voie communale,30.0,1
202400045098,2024-05-08,après-midi,,,10,10387,1,1,3,4,4,Voie communale,50.0,1
202400045099,2024-07-17,soirée,,,24,24217,1,1,1,4,3,Départementale,90.0,1
202400045100,2024-01-07,soirée,,,69,69259,5,1,3,4,7,Autre,50.0,1
202400045101,2024-02-17,soirée,,,93,93051,3,1,4,4,1,Autoroute,110.0,1
202400045102,2024-04-01,après-midi,,,68,68305,1,1,3,4,3,Départementale,50.0,1
202400045103,2024-05-08,soirée,,,06,06069,1,1,6,4,3,Départementale,70.0,1
202400045104,2024-07-16,après-midi,,,24,24311,1,1,6,4,4,Voie communale,30.0,1
202400045105,2024-01-08,matin,,,63,63113,1,4,1,4,4,Voie communale,50.0,7
202400045106,2024-05-06,soirée,,,75,75120,1,1,2,4,4,Voie communale,70.0,1
202400045107,2024-02-21,soirée,,,75,75115,5,2,6,4,4,Voie communale,30.0,2
202400045108,2024-04-02,matin,,,29,29026,1,2,3,4,3,Départementale,80.0,2
202400045109,2024-01-08,nuit,,,59,59512,5,9,3,4,4,Voie communale,50.0,1
202400045110,2024-07-17,matin,,,30,30234,1,1,3,4,3,Départementale,70.0,1
202400045111,2024-05-08,nuit,,,75,75120,5,1,6,4,4,Voie communale,30.0,1
202400045112,2024-05-08,après-midi,,,75,75118,1,1,6,4,4,Voie communale,30.0,1
202400045113,2024-01-04,après-midi,,,59,59365,1,1,3,4,4,Voie communale,50.0,1
202400045114,2024-02-21,soirée,,,75,75113,5,3,1,4,4,Voie communale,30.0,2
202400045115,2024-04-02,matin,,,31,31356,2,1,2,3,2,Nationale,70.0,2
202400045116,2024-07-17,matin,,,07,07176,1,1,3,2,3,Départementale,50.0,1
202400045117,2024-05-08,après-midi,,,75,75115,1,1,1,4,4,Voie communale,30.0,1
202400045118,2024-01-08,matin,,,59,59271,1,1,6,3,4,Voie communale,50.0,1
202400045119,2024-02-21,matin,,,75,75113,5,1,3,4,4,Voie communale,30.0,1
202400045120,2024-03-30,soirée,,,03,03118,5,2,2,4,3,Départementale,50.0,2
202400045121,2024-01-05,matin,,,59,59569,1,2,3,4,3,Départementale,50.0,2
202400045122,2024-05-08,après-midi,,,75,75113,1,1,3,4,4,Voie communale,30.0,1
202400045123,2024-07-16,matin,,,84,84039,1,1,6,4,1,Autoroute,130.0,1
202400045124,2024-05-08,matin,,,75,75113,1,1,7,4,4,Voie communale,30.0,1
202400045125,2024-01-08,après-midi,,,56,56121,1,1,6,4,4,Voie communale,30.0,1
202400045126,2024-04-02,matin,,,15,15055,1,8,1,3,3,Départementale,90.0,2
202400045127,2024-02-21,après-midi,,,75,75112,1,2,2,4,4,Voie communale,50.0,2
202400045128,2024-05-08,soirée,,,94,94046,2,1,3,4,3,Départementale,,1
202400045129,2024-04-01,soirée,,,72,72222,3,2,6,4,3,Départementale,90.0,2
202400045130,2024-06-11,après-midi,,,78,78590,1,2,5,4,3,Départementale,80.0,2
202400045131,2024-01-07,nuit,,,50,50218,3,2,6,4,3,Départementale,50.0,2
202400045132,2024-02-21,matin,,,75,75111,1,1,6,4,4,Voie communale,30.0,1
202400045133,2024-04-02,matin,,,43,43102,1,1,7,4,3,Départementale,80.0,1
202400045134,2024-05-08,après-midi,,,93,93078,1,1,2,4,3,Départementale,50.0,1
202400045135,2024-02-21,matin,,,75,75104,1,1,7,4,4,Voie communale,30.0,1
202400045136,2024-07-17,après-midi,,,66,66065,1,1,3,4,4,Voie communale,50.0,1
202400045137,2024-01-07,après-midi,,,50,50129,1,1,3,4,3,Départementale,50.0,1
202400045138,2024-05-08,matin,,,93,93059,1,1,2,4,3,Départementale,50.0,1
202400045139,2024-07-16,soirée,,,34,34136,1,1,7,3,3,Départementale,90.0,1
202400045140,2024-04-01,soirée,,,07,07010,1,8,1,4,4,Voie communale,30.0,1
202400045141,2024-02-21,matin,,,94,94068,1,8,2,4,4,Voie communale,30.0,2
202400045142,2024-05-08,nuit,,,93,93046,5,1,2,4,4,Voie communale,50.0,1
202400045143,2024-04-01,soirée,,,85,85280,1,8,6,4,3,Départementale,80.0,2
202400045144,2024-07-17,après-midi,,,83,83104,1,1,1,4,3,Départementale,80.0,1
202400045145,2024-01-08,après-midi,,,45,45302,3,1,1,4,3,Départementale,70.0,1
202400045146,2024-05-08,après-midi,,,92,92072,1,1,3,4,3,Départementale,50.0,1
202400045147,2024-02-21,soirée,,,94,94041,2,3,3,4,3,Départementale,50.0,2
202400045148,2024-07-17,matin,,,83,83081,1,7,3,3,3,Départementale,70.0,1
202400045149,2024-03-31,après-midi,,,37,37272,1,1,7,3,3,Départementale,80.0,1
202400045150,2024-01-08,matin,,,45,45232,1,1,6,4,4,Voie communale,50.0,1
202400045151,2024-02-21,soirée,,,94,94018,5,2,6,4,3,Départementale,30.0,2
202400045152,2024-04-02,matin,,,31,31516,1,1,2,3,1,Autoroute,130.0,1
202400045153,2024-01-08,matin,,,37,37208,1,1,3,4,4,Voie communale,50.0,1
202400045154,2024-07-16,soirée,,,70,70432,1,1,3,4,3,Départementale,80.0,1
202400045155,2024-05-08,après-midi,,,92,92064,1,1,6,4,3,Départementale,50.0,1
202400045156,2024-01-02,soirée,,,36,36044,5,2,6,3,4,Voie communale,50.0,2
202400045157,2024-07-11,soirée,,,68,68262,1,1,7,3,4,Voie communale,50.0,1
202400045158,2024-05-08,après-midi,,,92,92036,1,1,1,4,3,Départementale,50.0,1
202400045159,2024-02-21,soirée,,,93,93066,5,2,3,4,3,Départementale,50.0,2
202400045160,2024-03-28,après-midi,,,973,97309,1,1,3,3,3,Départementale,50.0,1
202400045161,2024-07-16,soirée,,,86,86123,1,1,6,3,3,Départementale,50.0,1
202400045162,2024-01-08,soirée,,,35,35051,5,1,1,4,4,Voie communale,30.0,1
202400045163,2024-05-08,soirée,,,92,92024,1,1,1,4,3,Départementale,50.0,1
202400045164,2024-05-08,après-midi,,,92,92012,1,1,3,4,3,Départementale,50.0,1
202400045165,2024-07-16,matin,,,64,64430,1,1,3,3,3,Départementale,70.0,1
202400045166,2024-03-10,matin,,,91,91085,2,8,2,4,3,Départementale,90.0,2
202400045167,2024-02-21,matin,,,93,93066,2,1,4,4,3,Départementale,50.0,1
202400045168,2024-01-08,soirée,,,33,33162,5,1,2,4,4,Voie communale,50.0,1
202400045169,2024-07-17,après-midi,,,44,44215,1,1,7,3,4,Voie communale,50.0,1
202400045170,2024-05-08,après-midi,,,92,92009,1,1,3,4,3,Départementale,50.0,1
202400045171,2024-02-21,matin,,,93,93031,1,8,3,4,3,Départementale,50.0,1
202400045172,2024-05-09,après-midi,,,15,15219,1,1,6,4,3,Départementale,90.0,1
202400045173,2024-07-17,après-midi,,,29,29042,1,1,7,4,4,Voie communale,50.0,1
202400045174,2024-04-02,matin,,,34,34172,1,1,5,3,1,Autoroute,90.0,1
202400045175,2024-01-08,soirée,,,33,33318,5,1,6,4,4,Voie communale,10.0,1
202400045176,2024-05-07,après-midi,,,35,35236,1,1,1,4,4,Voie communale,50.0,1
202400045177,2024-02-21,après-midi,,,93,93010,1,2,3,4,3,Départementale,50.0,2
202400045178,2024-04-02,après-midi,,,69,69071,1,1,1,3,7,Autre,50.0,1
202400045179,2024-01-09,nuit,,,27,27229,5,4,2,4,4,Voie communale,50.0,5
202400045180,2024-02-20,après-midi,,,93,93007,1,1,6,4,3,Départementale,30.0,1
202400045181,2024-05-07,nuit,,,01,01381,3,1,6,4,3,Départementale,80.0,2
202400045182,2024-07-16,après-midi,,,60,60352,1,1,5,4,3,Départementale,80.0,1
202400045183,2024-03-31,après-midi,,,972,97230,1,1,6,3,3,Départementale,80.0,1
202400045184,2024-02-21,après-midi,,,92,92046,1,2,6,4,3,Départementale,30.0,2
202400045185,2024-01-08,après-midi,,,27,27229,1,1,3,4,4,Voie communale,50.0,1
202400045186,2024-07-17,après-midi,,,80,80685,1,1,3,4,3,Départementale,50.0,1
202400045187,2024-04-01,nuit,,,77,77094,4,1,6,2,2,Nationale,90.0,1
202400045188,2024-05-08,soirée,,,973,97353,4,1,1,4,4,Voie communale,50.0,1
202400045189,2024-02-20,nuit,,,92,92072,5,1,7,4,4,Voie communale,50.0,9
202400045190,2024-05-08,soirée,,,22,22200,2,1,7,4,3,Départementale,80.0,1
202400045191,2024-03-18,après-midi,,,30,30080,1,1,7,3,3,Départementale,80.0,9
202400045192,2024-06-14,après-midi,,,13,13202,1,1,3,4,1,Autoroute,50.0,1
202400045193,2024-01-08,soirée,,,25,25056,5,1,6,3,4,Voie communale,50.0,1
202400045194,2024-02-20,nuit,,,92,92063,5,1,3,4,3,Départementale,50.0,1
202400045195,2024-05-09,après-midi,,,85,85040,1,1,6,4,4,Voie communale,50.0,1
202400045196,2024-07-16,matin,,,13,13213,1,1,4,4,1,Autoroute,70.0,1
202400045197,2024-05-09,après-midi,,,67,67478,1,1,7,2,3,Départementale,50.0,1
202400045198,2024-04-02,matin,,,83,83065,1,1,3,3,3,Départementale,70.0,1
202400045199,2024-01-08,soirée,,,25,25056,3,1,6,4,2,Nationale,90.0,2
202400045200,2024-02-21,nuit,,,92,92050,5,2,3,4,4,Voie communale,50.0,2
202400045201,2024-06-14,après-midi,,,69,69199,1,1,4,4,1,Autoroute,70.0,1
202400045202,2024-06-14,soirée,,,33,33249,1,2,7,4,2,Nationale,90.0,2
202400045203,2024-07-15,soirée,,,13,13117,1,1,2,4,1,Autoroute,90.0,1
202400045204,2024-05-09,après-midi,,,60,60224,1,1,1,4,4,Voie communale,80.0,1
202400045205,2024-04-01,nuit,,,83,83004,3,1,6,2,3,Départementale,90.0,1
202400045206,2024-02-21,soirée,,,92,92044,5,2,3,4,3,Départementale,50.0,2
202400045207,2024-01-08,matin,,,15,15014,1,1,3,4,4,Voie communale,50.0,1
202400045208,2024-05-09,nuit,,,23,23219,3,1,6,4,1,Autoroute,90.0,1
202400045209,2024-02-21,nuit,,,92,92040,5,2,6,4,3,Départementale,50.0,2
202400045210,2024-04-02,matin,,,52,52269,1,8,7,3,2,Nationale,30.0,2
202400045211,2024-07-15,matin,,,13,13081,1,1,3,4,1,Autoroute,90.0,1
202400045212,2024-03-31,soirée,,,57,57498,3,3,6,3,3,Départementale,90.0,2
202400045213,2024-06-14,soirée,,,33,33075,1,2,3,4,1,Autoroute,90.0,2
202400045214,2024-02-21,soirée,,,92,92012,5,2,6,4,3,Départementale,50.0,2
202400045215,2024-05-09,après-midi,,,83,83054,1,1,6,3,3,Départementale,90.0,1
202400045216,2024-01-08,matin,,,15,15012,1,1,2,4,3,Départementale,90.0,1
202400045217,2024-07-15,soirée,,,94,94034,1,1,2,4,1,Autoroute,110.0,1
202400045218,2024-06-12,après-midi,,,59,59646,1,1,7,4,7,Autre,70.0,1
202400045219,2024-03-23,après-midi,,,38,38474,1,1,1,3,7,Autre,80.0,1
202400045220,2024-05-08,après-midi,,,57,57241,1,1,3,4,3,Départementale,70.0,1
202400045221,2024-02-21,soirée,,,92,92007,5,2,6,4,4,Voie communale,50.0,2
202400045222,2024-01-08,nuit,,,13,13001,5,1,3,4,4,Voie communale,30.0,1
202400045223,2024-07-16,après-midi,,,92,92036,1,1,3,4,1,Autoroute,90.0,1
202400045224,2024-01-07,après-midi,,,11,11069,2,2,7,4,4,Voie communale,50.0,2
202400045225,2024-05-09,nuit,,,51,51365,5,1,2,4,4,Voie communale,50.0,1
202400045226,2024-04-02,après-midi,,,26,26082,1,1,6,3,4,Voie communale,50.0,1
202400045227,2024-06-14,après-midi,,,91,91179,1,1,4,4,1,Autoroute,110.0,1
202400045228,2024-02-20,matin,,,92,92036,1,1,3,4,3,Départementale,50.0,1
202400045229,2024-01-04,soirée,,,06,06155,1,1,3,3,3,Départementale,50.0,1
202400045230,2024-07-16,matin,,,92,92025,1,1,3,4,1,Autoroute,110.0,1
202400045231,2024-03-28,après-midi,,,01,01249,1,1,7,4,3,Départementale,50.0,1
202400045232,2024-05-09,matin,,,19,19066,1,1,6,3,4,Voie communale,50.0,1
202400045233,2024-06-14,matin,,,92,92019,1,1,2,4,2,Nationale,90.0,1
202400045234,2024-01-29,après-midi,,,60,60490,1,1,3,4,4,Voie communale,50.0,1
202400045235,2024-03-31,après-midi,,,86,86269,1,1,6,3,3,Départementale,80.0,1
202400045236,2024-01-03,nuit,,,04,04112,5,1,6,4,4,Voie communale,50.0,1
202400045237,2024-05-08,après-midi,,,56,56047,1,1,3,4,3,Départementale,80.0,1
202400045238,2024-07-15,après-midi,,,92,92050,1,1,4,4,1,Autoroute,70.0,1
202400045239,2024-02-22,après-midi,,,02,02370,1,2,7,4,1,Autoroute,130.0,2
202400045240,2024-06-14,matin,,,91,91235,1,8,2,4,2,Nationale,110.0,1
202400045241,2024-04-02,après-midi,,,72,72154,1,1,6,3,4,Voie communale,50.0,2
202400045242,2024-01-06,après-midi,,,02,02212,1,2,3,4,3,Départementale,50.0,2
202400045243,2024-05-08,matin,,,76,76254,1,1,2,3,3,Départementale,,1
202400045244,2024-05-14,nuit,,,94,94038,3,2,6,4,1,Autoroute,90.0,2
202400045245,2024-07-16,après-midi,,,93,93005,1,1,2,4,1,Autoroute,70.0,1
202400045246,2024-01-08,matin,,,75,75120,1,1,6,4,4,Voie communale,30.0,1
202400045247,2024-05-08,matin,,,65,65258,1,1,2,4,3,Départementale,50.0,1
202400045248,2024-02-21,après-midi,,,40,40065,1,1,2,2,4,Voie communale,50.0,1
202400045249,2024-06-14,après-midi,,,78,78551,1,1,7,4,1,Autoroute,90.0,1
202400045250,2024-04-01,matin,,,72,72154,1,1,6,3,4,Voie communale,50.0,1
202400045251,2024-07-16,après-midi,,,95,95572,1,1,2,3,2,Nationale,90.0,1
202400045252,2024-05-08,après-midi,,,81,81253,1,1,6,3,3,Départementale,50.0,1
202400045253,2024-01-08,soirée,,,75,75118,2,1,1,4,4,Voie communale,30.0,1
202400045254,2024-02-21,après-midi,,,33,33066,1,1,3,4,3,Départementale,50.0,1
202400045255,2024-04-01,après-midi,,,60,60259,1,1,1,3,3,Départementale,,1
202400045256,2024-08-23,après-midi,,,29,29233,1,2,6,4,3,Départementale,80.0,2
202400045257,2024-06-13,après-midi,,,78,78118,1,1,4,4,1,Autoroute,110.0,1
202400045258,2024-07-16,matin,,,93,93066,1,1,5,4,1,Autoroute,90.0,1
202400045259,2024-01-08,nuit,,,75,75117,5,4,3,4,4,Voie communale,30.0,2
202400045260,2024-04-01,nuit,,,91,91617,3,1,6,4,2,Nationale,110.0,1
202400045261,2024-02-21,soirée,,,49,49092,3,3,1,3,3,Départementale,90.0,2
202400045262,2024-06-13,nuit,,,92,92063,1,1,6,4,1,Autoroute,50.0,1
202400045263,2024-05-08,matin,,,32,32285,1,1,4,4,3,Départementale,80.0,1
202400045264,2024-07-16,matin,,,95,95241,1,1,2,4,2,Nationale,110.0,1
202400045265,2024-08-23,après-midi,,,2B,2B223,1,1,1,3,2,Nationale,80.0,1
202400045266,2024-04-01,matin,,,78,78043,1,1,6,4,1,Autoroute,110.0,1
202400045267,2024-01-08,soirée,,,75,75117,5,1,7,4,4,Voie communale,30.0,1
202400045268,2024-06-13,nuit,,,78,78043,3,1,6,4,1,Autoroute,110.0,1
202400045269,2024-02-21,après-midi,,,22,22225,1,3,2,3,2,Nationale,100.0,2
202400045270,2024-04-25,nuit,,,71,71056,5,1,3,4,3,Départementale,90.0,1
202400045271,2024-08-22,soirée,,,05,05065,1,1,6,4,4,Voie communale,30.0,1
202400045272,2024-07-15,nuit,,,93,93029,4,1,6,4,1,Autoroute,90.0,1
202400045273,2024-06-14,nuit,,,93,93027,3,1,6,4,1,Autoroute,70.0,2
202400045274,2024-04-01,nuit,,,78,78206,3,1,2,4,1,Autoroute,110.0,1
202400045275,2024-01-08,après-midi,,,75,75117,1,1,6,3,4,Voie communale,30.0,1
202400045276,2024-02-01,soirée,,,44,44071,3,1,3,3,3,Départementale,,1
202400045277,2024-03-21,soirée,,,44,44190,2,8,6,4,4,Voie communale,50.0,1
202400045278,2024-05-08,soirée,,,63,63381,1,1,3,3,3,Départementale,90.0,1
202400045279,2024-06-13,soirée,,,93,93008,1,1,3,3,1,Autoroute,60.0,1
202400045280,2024-07-15,soirée,,,95,95527,1,1,2,4,1,Autoroute,110.0,1
202400045281,2024-08-22,nuit,,,68,68063,5,1,1,4,3,Départementale,50.0,1
202400045282,2024-03-21,nuit,,,44,44143,5,8,7,4,4,Voie communale,30.0,1
202400045283,2024-01-08,soirée,,,75,75116,5,1,3,4,4,Voie communale,30.0,1
202400045284,2024-05-08,soirée,,,86,86020,3,1,1,4,4,Voie communale,50.0,1
202400045285,2024-02-22,après-midi,,,51,51391,1,3,1,3,2,Nationale,70.0,2
202400045286,2024-06-12,nuit,,,974,97411,4,2,6,4,2,Nationale,80.0,2
202400045287,2024-03-19,matin,,,44,44109,1,8,6,4,4,Voie communale,30.0,1
202400045288,2024-01-08,après-midi,,,75,75116,1,4,2,4,4,Voie communale,30.0,2
202400045289,2024-07-15,soirée,,,93,93064,1,1,3,4,1,Autoroute,70.0,1
202400045290,2024-05-09,après-midi,,,34,34284,1,1,6,4,3,Départementale,90.0,1
202400045291,2024-02-18,nuit,,,51,51183,3,1,7,3,3,Départementale,90.0,1
202400045292,2024-08-14,soirée,,,68,68021,5,1,6,4,3,Départementale,30.0,1
202400045293,2024-03-18,matin,,,44,44162,1,1,7,4,4,Voie communale,50.0,1
202400045294,2024-06-12,soirée,,,974,97409,5,2,5,3,3,Départementale,50.0,2
202400045295,2024-07-15,après-midi,,,93,93008,1,1,3,4,1,Autoroute,90.0,1
202400045296,2024-01-08,après-midi,,,75,75113,1,1,3,4,4,Voie communale,30.0,1
202400045297,2024-03-18,matin,,,44,44109,1,1,6,4,4,Voie communale,50.0,1
202400045298,2024-02-21,soirée,,,59,59337,5,2,1,3,3,Départementale,50.0,2
202400045299,2024-04-15,matin,,,68,68267,1,1,1,3,3,Départementale,50.0,1
202400045300,2024-07-15,après-midi,,,95,95061,1,1,7,4,2,Nationale,110.0,1
202400045301,2024-08-21,nuit,,,57,57030,3,1,6,4,4,Voie communale,30.0,1
202400045302,2024-06-13,après-midi,,,974,97407,1,1,3,3,4,Voie communale,30.0,1
202400045303,2024-05-09,après-midi,,,39,39251,1,1,6,2,3,Départementale,90.0,1
202400045304,2024-01-08,soirée,,,75,75112,5,4,2,4,4,Voie communale,50.0,2
202400045305,2024-01-24,après-midi,,,74,74105,1,1,5,3,3,Départementale,50.0,1
202400045306,2024-02-21,après-midi,,,80,80265,1,2,3,4,3,Départementale,50.0,2
202400045307,2024-05-09,nuit,,,25,25321,2,1,6,4,3,Départementale,,1
202400045308,2024-08-23,matin,,,85,85019,1,8,7,3,4,Voie communale,50.0,2
202400045309,2024-06-13,matin,,,69,69386,1,1,3,4,4,Voie communale,30.0,1
202400045310,2024-07-15,matin,,,93,93010,1,1,4,4,1,Autoroute,110.0,1
202400045311,2024-02-22,après-midi,,,42,42235,1,1,1,4,3,Départementale,90.0,1
202400045312,2024-01-29,soirée,,,74,74256,3,1,3,4,3,Départementale,50.0,1
202400045313,2024-08-21,soirée,,,56,56152,1,1,6,4,4,Voie communale,30.0,1
202400045314,2024-05-09,nuit,,,44,44164,3,1,7,4,3,Départementale,80.0,1
202400045315,2024-07-15,matin,,,93,93010,1,1,3,4,1,Autoroute,90.0,1
202400045316,2024-06-11,matin,,,972,97209,1,1,4,4,3,Départementale,60.0,1
202400045317,2024-01-23,matin,,,74,74267,1,1,6,4,3,Départementale,50.0,1
202400045318,2024-02-21,après-midi,,,47,47085,1,1,1,3,3,Départementale,80.0,1
202400045319,2024-05-09,après-midi,,,44,44003,1,1,3,2,4,Voie communale,50.0,1
202400045320,2024-06-12,nuit,,,972,97209,3,1,6,3,2,Nationale,30.0,1
202400045321,2024-08-23,après-midi,,,76,76399,1,8,3,2,3,Départementale,80.0,1
202400045322,2024-01-26,après-midi,,,74,74148,1,2,6,3,3,Départementale,,2
202400045323,2024-06-12,nuit,,,69,69389,5,1,6,4,4,Voie communale,50.0,1
202400045324,2024-01-28,après-midi,,,74,74154,2,1,6,4,3,Départementale,50.0,1
202400045325,2024-07-16,après-midi,,,94,94018,1,1,4,4,1,Autoroute,90.0,1
202400045326,2024-05-09,matin,,,35,35117,1,1,3,4,3,Départementale,80.0,1
202400045327,2024-08-23,matin,,,02,02684,1,1,6,3,6,Autre,,1
202400045328,2024-02-18,matin,,,86,86053,1,2,3,4,3,Départementale,80.0,2
202400045329,2024-05-08,nuit,,,29,29004,3,1,6,4,3,Départementale,50.0,1
202400045330,2024-06-13,matin,,,95,95582,1,1,1,4,3,Départementale,50.0,1
202400045331,2024-07-16,après-midi,,,94,94065,1,1,2,4,2,Nationale,90.0,1
202400045332,2024-01-25,matin,,,74,74014,1,1,2,4,3,Départementale,50.0,1
202400045333,2024-02-20,matin,,,86,86103,1,1,6,3,3,Départementale,50.0,1
202400045334,2024-08-22,après-midi,,,59,59592,1,1,1,3,3,Départementale,50.0,1
202400045335,2024-01-18,soirée,,,74,74278,5,3,6,3,3,Départementale,50.0,2
202400045336,2024-07-16,après-midi,,,77,77058,1,1,2,4,1,Autoroute,130.0,1
202400045337,2024-02-18,soirée,,,34,34332,5,1,2,4,3,Départementale,50.0,1
202400045338,2024-06-13,après-midi,,,91,91432,1,1,6,4,4,Voie communale,50.0,1