Num_Acc,date,time_of_day,lat,long,dep,com,lum,atm,col,severity_index,catr,catr_label,vma,surf
202400045339,2024-05-09,matin,,,38,38347,1,1,3,3,3,Départementale,90.0,1
202400045340,2024-01-04,matin,,,74,74208,1,8,6,3,2,Nationale,90.0,8
202400045341,2024-08-22,nuit,,,13,13212,5,1,2,4,1,Autoroute,70.0,1
202400045342,2024-02-21,nuit,,,44,44131,3,3,6,3,3,Départementale,70.0,2
202400045343,2024-06-13,matin,,,86,86157,1,1,6,4,4,Voie communale,50.0,1
202400045344,2024-07-16,matin,,,94,94017,2,1,4,4,1,Autoroute,90.0,1
202400045345,2024-05-08,nuit,,,02,02810,3,1,6,3,2,Nationale,110.0,1
202400045346,2024-08-22,nuit,,,33,33080,3,1,6,4,1,Autoroute,130.0,1
202400045347,2024-03-31,après-midi,,,988,98818,1,1,2,3,4,Voie communale,50.0,1
202400045348,2024-02-20,matin,,,29,29276,1,1,6,2,4,Voie communale,80.0,1
202400045349,2024-05-09,après-midi,,,15,15045,1,1,6,4,3,Départementale,90.0,1
202400045350,2024-07-16,nuit,,,77,77058,2,1,7,4,1,Autoroute,130.0,1
202400045351,2024-08-13,matin,,,59,59475,1,1,6,3,1,Autoroute,90.0,1
202400045352,2024-06-13,matin,,,86,86194,2,1,3,4,4,Voie communale,50.0,1
202400045353,2024-03-30,après-midi,,,974,97411,1,2,1,3,4,Voie communale,30.0,2
202400045354,2024-08-22,matin,,,77,77384,1,1,6,4,1,Autoroute,130.0,1
202400045355,2024-05-08,matin,,,15,15134,1,1,2,3,3,Départementale,90.0,1
202400045356,2024-07-15,après-midi,,,94,94028,1,1,2,4,1,Autoroute,90.0,1
202400045357,2024-02-16,après-midi,,,31,31315,1,2,1,4,3,Départementale,50.0,2
202400045358,2024-06-13,après-midi,,,85,85191,1,1,3,4,4,Voie communale,50.0,1
202400045359,2024-04-01,nuit,,,69,69388,5,3,2,4,4,Voie communale,50.0,2
202400045360,2024-08-22,matin,,,92,92002,1,1,3,4,1,Autoroute,90.0,1
202400045361,2024-02-22,matin,,,38,38139,1,3,7,2,3,Départementale,80.0,2
202400045362,2024-05-07,après-midi,,,70,70195,1,8,1,3,4,Voie communale,80.0,1
202400045363,2024-04-26,soirée,,,65,65286,1,1,4,4,2,Nationale,70.0,1
202400045364,2024-03-31,matin,,,69,69383,1,2,3,4,4,Voie communale,50.0,2
202400045365,2024-06-14,nuit,,,84,84007,5,1,2,4,4,Voie communale,50.0,1
202400045366,2024-07-08,soirée,,,44,44162,5,8,7,4,4,Voie communale,50.0,1
202400045367,2024-02-21,après-midi,,,03,03283,1,1,7,4,3,Départementale,90.0,1
202400045368,2024-03-31,matin,,,972,97209,1,1,3,4,4,Voie communale,50.0,1
202400045369,2024-05-08,soirée,,,26,26353,1,1,4,3,2,Nationale,90.0,1
202400045370,2024-02-18,après-midi,,,73,73301,1,1,6,3,3,Départementale,80.0,1
202400045371,2024-06-12,soirée,,,80,80021,1,1,3,3,4,Voie communale,50.0,1
202400045372,2024-08-21,nuit,,,93,93053,3,1,4,4,1,Autoroute,90.0,1
202400045373,2024-04-25,après-midi,,,57,57227,1,8,3,2,3,Départementale,50.0,1
202400045374,2024-02-22,après-midi,,,18,18015,1,6,7,3,3,Départementale,80.0,2
202400045375,2024-05-26,après-midi,,,78,78646,1,1,6,3,4,Voie communale,50.0,1
202400045376,2024-05-08,soirée,,,60,60509,2,1,1,4,4,Voie communale,,1
202400045377,2024-02-22,soirée,,,07,07078,3,2,6,4,6,Autre,50.0,2
202400045378,2024-03-30,nuit,,,971,97101,5,1,3,3,3,Départementale,50.0,1
202400045379,2024-08-21,soirée,,,92,92036,3,1,6,2,1,Autoroute,90.0,1
202400045380,2024-04-13,soirée,,,57,57227,5,1,1,3,3,Départementale,50.0,1
202400045381,2024-06-12,après-midi,,,78,78350,1,1,3,4,2,Nationale,50.0,1
202400045382,2024-05-09,soirée,,,36,36062,1,1,3,4,3,Départementale,80.0,1
202400045383,2024-08-21,après-midi,,,95,95678,1,1,7,4,2,Nationale,110.0,1
202400045384,2024-03-30,après-midi,,,2A,2A004,1,8,1,3,2,Nationale,50.0,1
202400045385,2024-02-21,nuit,,,85,85146,4,3,1,4,3,Départementale,70.0,2
202400045386,2024-05-06,après-midi,,,16,16167,1,1,6,4,3,Départementale,50.0,1
202400045387,2024-06-12,soirée,,,77,77445,1,1,3,4,4,Voie communale,50.0,1
202400045388,2024-08-20,soirée,,,92,92036,2,1,6,4,1,Autoroute,50.0,2
202400045389,2024-03-24,après-midi,,,69,69018,1,1,1,4,3,Départementale,50.0,1
202400045390,2024-03-31,nuit,,,95,95539,3,1,6,4,4,Voie communale,90.0,1
202400045391,2024-05-09,après-midi,,,07,07010,1,1,6,3,4,Voie communale,30.0,1
202400045392,2024-06-11,soirée,,,77,77152,3,3,7,3,3,Départementale,80.0,2
202400045393,2024-07-15,après-midi,,,974,97411,1,1,6,4,4,Voie communale,50.0,1
202400045394,2024-02-13,nuit,,,972,97213,3,1,3,4,1,Autoroute,90.0,1
202400045395,2024-02-21,après-midi,,,06,06018,1,1,3,4,3,Départementale,70.0,1
202400045396,2024-03-31,après-midi,,,95,95424,1,1,3,4,3,Départementale,50.0,1
202400045397,2024-05-08,soirée,,,85,85084,3,1,3,4,3,Départementale,70.0,1
202400045398,2024-06-13,après-midi,,,77,77372,1,1,7,4,3,Départementale,50.0,1
202400045399,2024-05-09,après-midi,,,30,30269,1,1,7,3,3,Départementale,80.0,1
202400045400,2024-07-14,matin,,,974,97409,1,1,3,4,3,Départementale,50.0,1
202400045401,2024-03-22,soirée,,,18,18279,2,1,2,4,4,Voie communale,,1
202400045402,2024-03-31,soirée,,,91,91377,5,1,5,4,3,Départementale,50.0,1
202400045403,2024-02-21,matin,,,06,06067,2,1,5,4,1,Autoroute,110.0,1
202400045404,2024-05-08,après-midi,,,48,48176,1,1,3,3,3,Départementale,90.0,1
202400045405,2024-05-27,après-midi,,,76,76451,1,8,6,3,4,Voie communale,50.0,1
202400045406,2024-07-15,après-midi,,,973,97302,1,1,3,3,4,Voie communale,50.0,1
202400045407,2024-03-31,après-midi,,,91,91645,1,1,6,4,4,Voie communale,30.0,1
202400045408,2024-02-21,après-midi,,,63,63272,1,8,2,4,1,Autoroute,110.0,1
202400045409,2024-05-09,soirée,,,88,88302,1,1,1,2,3,Départementale,80.0,1
202400045410,2024-06-13,nuit,,,76,76351,5,1,3,4,3,Départementale,50.0,1
202400045411,2024-03-31,matin,,,91,91377,2,1,1,4,4,Voie communale,50.0,1
202400045412,2024-07-15,nuit,,,69,69388,5,1,3,4,4,Voie communale,50.0,1
202400045413,2024-05-26,matin,,,76,76540,1,1,3,4,4,Voie communale,50.0,1
202400045414,2024-02-22,nuit,,,45,45067,3,6,7,4,1,Autoroute,130.0,2
202400045415,2024-05-09,après-midi,,,42,42256,1,1,6,3,3,Départementale,70.0,1
202400045416,2024-06-13,après-midi,,,73,73065,1,1,6,4,4,Voie communale,30.0,1
202400045417,2024-07-15,matin,,,69,69383,1,1,3,4,4,Voie communale,30.0,1
202400045418,2024-03-30,après-midi,,,91,91228,1,1,2,4,3,Départementale,50.0,1
202400045419,2024-02-21,matin,,,38,38029,1,1,6,3,1,Autoroute,90.0,1
202400045420,2024-05-08,nuit,,,38,38511,3,1,2,4,1,Autoroute,130.0,1
202400045421,2024-05-26,matin,,,76,76216,1,1,3,4,7,Autre,30.0,1
202400045422,2024-02-22,matin,,,77,77071,1,2,6,4,1,Autoroute,130.0,2
202400045423,2024-06-13,après-midi,,,67,67482,1,1,2,4,4,Voie communale,30.0,1
202400045424,2024-07-15,soirée,,,69,69382,2,1,3,4,4,Voie communale,30.0,1
202400045425,2024-03-31,soirée,,,84,84007,5,3,3,4,2,Nationale,50.0,3
202400045426,2024-05-09,matin,,,69,69032,2,1,1,3,2,Nationale,70.0,1
202400045427,2024-05-25,soirée,,,76,76681,1,1,2,4,4,Voie communale,50.0,1
202400045428,2024-02-22,après-midi,,,77,77168,1,3,2,4,1,Autoroute,130.0,2
202400045429,2024-07-14,nuit,,,2B,2B033,5,1,1,4,4,Voie communale,50.0,1
202400045430,2024-06-13,matin,,,67,67482,1,1,3,3,4,Voie communale,50.0,1
202400045431,2024-05-09,après-midi,,,68,68278,1,7,2,3,3,Départementale,50.0,1
202400045432,2024-02-21,après-midi,,,987,98712,1,1,7,4,2,Nationale,60.0,8
202400045433,2024-03-30,après-midi,,,83,83090,1,8,5,2,3,Départementale,70.0,1
202400045434,2024-05-19,soirée,,,76,76540,1,1,6,4,4,Voie communale,50.0,2
202400045435,2024-07-12,soirée,,,87,87085,1,1,3,4,4,Voie communale,30.0,1
202400045436,2024-06-12,après-midi,,,67,67482,1,1,3,2,4,Voie communale,70.0,1
202400045437,2024-05-07,nuit,,,987,98714,3,1,7,4,2,Nationale,50.0,1
202400045438,2024-02-22,après-midi,,,974,97422,1,2,1,3,2,Nationale,50.0,2
202400045439,2024-05-17,après-midi,,,76,76497,1,1,3,2,4,Voie communale,30.0,1
202400045440,2024-07-12,après-midi,,,87,87050,1,1,6,3,4,Voie communale,50.0,1
202400045441,2024-06-13,après-midi,,,66,66136,1,1,6,3,4,Voie communale,50.0,1
202400045442,2024-03-30,après-midi,,,81,81004,1,1,2,4,2,Nationale,50.0,1
202400045443,2024-02-22,matin,,,974,97408,1,1,6,4,6,Autre,50.0,1
202400045444,2024-05-09,après-midi,,,30,30130,1,1,7,3,3,Départementale,80.0,1
202400045445,2024-06-13,après-midi,,,66,66136,1,1,1,4,4,Voie communale,50.0,1
202400045446,2024-04-19,matin,,,84,84031,1,7,6,3,4,Voie communale,,1
202400045447,2024-07-13,matin,,,87,87113,1,1,3,4,3,Départementale,50.0,1
202400045448,2024-05-07,matin,,,30,30258,1,1,2,4,3,Départementale,,1
202400045449,2024-06-12,après-midi,,,64,64129,1,2,7,4,4,Voie communale,50.0,2
202400045450,2024-02-22,matin,,,28,28343,1,2,1,2,3,Départementale,80.0,2
202400045451,2024-07-15,après-midi,,,30,30011,1,1,7,4,3,Départementale,70.0,1
202400045452,2024-04-18,matin,,,84,84080,1,1,6,4,4,Voie communale,50.0,1
202400045453,2024-05-09,après-midi,,,71,71086,1,1,5,3,3,Départementale,80.0,1
202400045454,2024-02-22,nuit,,,2B,2B298,3,1,6,3,3,Départementale,50.0,1
202400045455,2024-03-30,nuit,,,69,69264,5,1,6,4,4,Voie communale,30.0,2
202400045456,2024-06-13,soirée,,,63,63113,2,1,3,4,4,Voie communale,50.0,1
202400045457,2024-07-15,matin,,,83,83144,1,1,6,3,4,Voie communale,50.0,1
202400045458,2024-05-08,après-midi,,,58,58121,1,1,3,4,4,Voie communale,50.0,1
202400045459,2024-03-31,soirée,,,69,69276,1,8,6,3,4,Voie communale,30.0,1
202400045460,2024-04-16,soirée,,,84,84080,1,1,2,4,3,Départementale,110.0,1
202400045461,2024-06-12,après-midi,,,62,62457,1,1,3,4,4,Voie communale,50.0,1
202400045462,2024-07-15,matin,,,82,82121,1,1,3,3,3,Départementale,80.0,1
202400045463,2024-02-21,après-midi,,,42,42094,1,1,5,3,3,Départementale,50.0,1
202400045464,2024-03-30,nuit,,,64,64260,5,1,2,4,4,Voie communale,50.0,1
202400045465,2024-06-12,après-midi,,,62,62119,1,1,1,4,3,Départementale,50.0,1
202400045466,2024-02-18,après-midi,,,85,85097,1,3,7,3,4,Voie communale,80.0,2
202400045467,2024-07-14,matin,,,80,80021,1,1,6,3,3,Départementale,50.0,1
202400045468,2024-04-16,après-midi,,,84,84080,1,1,2,4,3,Départementale,90.0,1
202400045469,2024-05-09,après-midi,,,63,63038,1,1,3,3,3,Départementale,90.0,1
202400045470,2024-03-31,matin,,,64,64445,1,1,6,4,4,Voie communale,50.0,1
202400045471,2024-07-15,après-midi,,,78,78208,1,1,6,4,6,Autre,30.0,1
202400045472,2024-02-22,matin,,,44,44194,1,3,3,2,7,Autre,80.0,2
202400045473,2024-06-12,après-midi,,,60,60057,1,1,6,4,4,Voie communale,50.0,1
202400045474,2024-05-08,soirée,,,26,26206,1,1,6,3,3,Départementale,50.0,1
202400045475,2024-04-01,nuit,,,63,63113,5,3,6,4,7,Autre,50.0,2
202400045476,2024-02-22,après-midi,,,60,60446,1,1,6,4,3,Départementale,80.0,2
202400045477,2024-05-22,après-midi,,,84,84087,1,1,3,4,3,Départementale,30.0,1
202400045478,2024-03-31,après-midi,,,51,51454,1,2,6,4,4,Voie communale,50.0,2
202400045479,2024-07-14,soirée,,,78,78621,1,1,3,4,3,Départementale,50.0,1
202400045480,2024-01-29,après-midi,,,65,65310,1,1,3,4,3,Départementale,80.0,1
202400045481,2024-02-21,nuit,,,02,02443,3,2,6,4,3,Départementale,80.0,2
202400045482,2024-06-13,soirée,,,59,59512,1,1,3,4,4,Voie communale,50.0,1
202400045483,2024-05-05,matin,,,84,84031,1,1,6,4,3,Départementale,90.0,1
202400045484,2024-02-21,nuit,,,13,13005,3,1,6,3,1,Autoroute,90.0,1
202400045485,2024-05-08,soirée,,,44,44026,1,1,6,4,4,Voie communale,70.0,1
202400045486,2024-03-29,soirée,,,50,50129,1,2,3,4,4,Voie communale,30.0,2
202400045487,2024-06-12,soirée,,,59,59392,1,1,3,4,3,Départementale,50.0,1
202400045488,2024-07-15,après-midi,,,95,95218,1,2,3,4,3,Départementale,50.0,2
202400045489,2024-02-21,matin,,,83,83062,1,1,2,3,1,Autoroute,70.0,1
202400045490,2024-05-08,soirée,,,76,76057,1,1,3,4,3,Départementale,70.0,1
202400045491,2024-05-15,après-midi,,,76,76157,1,1,3,4,4,Voie communale,50.0,1
202400045492,2024-03-31,matin,,,49,49007,1,1,2,4,4,Voie communale,50.0,1
202400045493,2024-06-03,matin,,,56,56260,1,1,2,4,4,Voie communale,50.0,1
202400045494,2024-04-30,après-midi,,,13,13211,1,1,2,4,1,Autoroute,90.0,1
202400045495,2024-07-13,soirée,,,77,77260,1,1,3,3,3,Départementale,50.0,1
202400045496,2024-03-31,soirée,,,45,45234,2,1,1,4,7,Autre,50.0,1
202400045497,2024-02-20,soirée,,,59,59599,5,1,6,4,7,Autre,70.0,1
202400045498,2024-05-07,nuit,,,67,67482,5,1,4,4,7,Autre,70.0,1
202400045499,2024-06-12,matin,,,56,56121,1,1,3,4,4,Voie communale,30.0,1
202400045500,2024-05-13,nuit,,,76,76540,3,1,3,4,7,Autre,50.0,1
202400045501,2024-07-15,matin,,,77,77276,1,7,2,4,3,Départementale,50.0,1
202400045502,2024-05-08,matin,,,91,91161,1,1,2,4,1,Autoroute,70.0,1
202400045503,2024-03-25,matin,,,45,45208,1,2,6,4,3,Départementale,50.0,8
202400045504,2024-02-14,après-midi,,,59,59426,1,1,5,3,1,Autoroute,90.0,1
202400045505,2024-05-01,nuit,,,76,76322,5,1,7,4,4,Voie communale,50.0,1
202400045506,2024-06-13,matin,,,54,54395,1,1,2,4,4,Voie communale,50.0,1
202400045507,2024-05-08,après-midi,,,77,77122,1,1,6,3,1,Autoroute,110.0,1
202400045508,2024-07-15,nuit,,,77,77513,3,1,7,4,2,Nationale,50.0,1
202400045509,2024-03-31,soirée,,,42,42218,5,6,6,3,4,Voie communale,50.0,2
202400045510,2024-08-21,après-midi,,,976,97611,1,1,3,4,4,Voie communale,50.0,1
202400045511,2024-02-21,matin,,,94,94034,5,1,4,4,1,Autoroute,70.0,1
202400045512,2024-06-13,après-midi,,,54,54382,1,1,6,4,4,Voie communale,50.0,1
202400045513,2024-07-15,matin,,,77,77014,1,1,6,4,6,Autre,30.0,1
202400045514,2024-03-30,nuit,,,41,41212,4,3,2,4,3,Départementale,50.0,2
202400045515,2024-02-21,matin,,,92,92036,1,1,4,4,1,Autoroute,90.0,1
202400045516,2024-07-15,matin,,,76,76319,1,1,6,3,7,Autre,50.0,1
202400045517,2024-08-20,après-midi,,,974,97411,1,1,5,4,4,Voie communale,30.0,1
202400045518,2024-06-13,nuit,,,51,51454,5,1,3,4,4,Voie communale,50.0,1
202400045519,2024-05-07,matin,,,988,98818,1,1,3,4,4,Voie communale,50.0,1
202400045520,2024-03-31,nuit,,,38,38229,3,1,7,4,2,Nationale,90.0,2
202400045521,2024-05-06,après-midi,,,974,97411,1,1,6,3,4,Voie communale,50.0,1
202400045522,2024-02-20,matin,,,92,92050,1,1,3,4,1,Autoroute,70.0,1
202400045523,2024-06-13,après-midi,,,51,51454,1,1,6,4,4,Voie communale,50.0,1
202400045524,2024-08-21,après-midi,,,974,97409,1,2,2,3,4,Voie communale,50.0,2
202400045525,2024-07-15,nuit,,,76,76351,3,1,6,4,4,Voie communale,50.0,1
202400045526,2024-03-30,après-midi,,,34,34172,1,1,2,3,4,Voie communale,50.0,1
202400045527,2024-05-06,matin,,,974,97411,1,1,3,3,4,Voie communale,50.0,1
202400045528,2024-06-13,après-midi,,,51,51454,1,1,6,4,4,Voie communale,50.0,1
202400045529,2024-08-21,matin,,,974,97407,1,1,3,4,4,Voie communale,50.0,1
202400045530,2024-07-15,nuit,,,76,76026,3,2,6,4,3,Départementale,80.0,2
202400045531,2024-02-20,nuit,,,78,78029,3,1,5,3,1,Autoroute,130.0,1
202400045532,2024-05-07,soirée,,,974,97407,5,1,6,4,2,Nationale,50.0,1
202400045533,2024-03-31,soirée,,,33,33063,1,3,6,4,4,Voie communale,30.0,2
202400045534,2024-08-20,après-midi,,,973,97302,2,1,7,4,3,Départementale,50.0,1
202400045535,2024-05-07,après-midi,,,973,97302,1,1,2,4,3,Départementale,50.0,1
202400045536,2024-02-20,soirée,,,75,75113,5,1,3,4,4,Voie communale,70.0,1
202400045537,2024-06-13,soirée,,,49,49099,1,1,2,3,3,Départementale,50.0,2
202400045538,2024-07-15,matin,,,74,74133,1,8,1,4,4,Voie communale,50.0,1
202400045539,2024-03-30,après-midi,,,33,33318,1,1,3,4,4,Voie communale,50.0,1
202400045540,2024-06-12,soirée,,,49,49015,1,1,7,4,4,Voie communale,50.0,1
202400045541,2024-02-20,matin,,,75,75113,1,1,4,4,4,Voie communale,70.0,1
202400045542,2024-05-07,matin,,,973,97302,1,2,3,4,3,Départementale,50.0,2
202400045543,2024-08-19,après-midi,,,973,97302,1,1,3,4,3,Départementale,20.0,1
202400045544,2024-07-15,matin,,,73,73065,1,1,3,4,4,Voie communale,50.0,1
202400045545,2024-02-20,matin,,,75,75116,1,1,2,3,4,Voie communale,30.0,1
202400045546,2024-05-07,matin,,,973,97302,1,1,3,4,3,Départementale,50.0,1
202400045547,2024-06-12,soirée,,,47,47215,1,1,3,4,3,Départementale,50.0,1
202400045548,2024-08-20,matin,,,69,69383,1,1,6,4,4,Voie communale,30.0,1
202400045549,2024-05-07,après-midi,,,69,69388,1,8,6,4,4,Voie communale,30.0,1
202400045550,2024-03-30,nuit,,,33,33529,3,1,2,4,3,Départementale,90.0,1
202400045551,2024-02-19,nuit,,,75,75119,5,1,3,4,4,Voie communale,30.0,1
202400045552,2024-07-14,nuit,,,68,68376,5,1,1,4,3,Départementale,,1
202400045553,2024-06-13,soirée,,,47,47001,1,1,6,3,4,Voie communale,30.0,1
202400045554,2024-03-31,soirée,,,31,31555,5,2,7,3,4,Voie communale,50.0,2
202400045555,2024-08-17,après-midi,,,972,97209,1,1,1,3,3,Départementale,50.0,1
202400045556,2024-02-20,après-midi,,,75,75117,1,1,2,4,4,Voie communale,50.0,1
202400045557,2024-05-06,soirée,,,972,97213,3,1,3,4,2,Nationale,50.0,1
202400045558,2024-06-13,matin,,,47,47001,1,1,4,4,3,Départementale,50.0,1
202400045559,2024-07-15,matin,,,67,67482,1,1,3,4,4,Voie communale,50.0,1
202400045560,2024-02-19,soirée,,,94,94078,5,1,3,4,2,Nationale,50.0,1
202400045561,2024-05-07,après-midi,,,972,97209,1,1,3,3,3,Départementale,50.0,1
202400045562,2024-06-12,après-midi,,,45,45302,1,1,6,3,4,Voie communale,50.0,1
202400045563,2024-08-21,soirée,,,2B,2B033,1,1,4,4,4,Voie communale,50.0,1
202400045564,2024-07-15,après-midi,,,64,64445,1,1,3,4,4,Voie communale,30.0,1
202400045565,2024-02-19,soirée,,,94,94068,5,2,3,4,4,Voie communale,,2
202400045566,2024-06-13,après-midi,,,44,44184,1,1,6,4,4,Voie communale,50.0,1
202400045567,2024-03-31,après-midi,,,31,31555,1,1,6,4,4,Voie communale,20.0,1
202400045568,2024-05-07,soirée,,,69,69389,1,2,3,4,4,Voie communale,30.0,2
202400045569,2024-08-20,après-midi,,,95,95574,1,1,6,4,3,Départementale,50.0,1
202400045570,2024-07-13,après-midi,,,64,64102,1,1,3,4,3,Départementale,50.0,1
202400045571,2024-02-19,après-midi,,,94,94041,1,1,1,4,3,Départementale,30.0,1
202400045572,2024-06-13,après-midi,,,37,37261,1,1,3,4,4,Voie communale,50.0,1
202400045573,2024-05-07,après-midi,,,2B,2B033,1,5,3,4,3,Départementale,50.0,1
202400045574,2024-03-30,soirée,,,27,27681,1,1,7,4,4,Voie communale,50.0,1
202400045575,2024-02-20,nuit,,,94,94069,5,1,3,3,3,Départementale,30.0,1
202400045576,2024-07-11,soirée,,,62,62193,1,1,6,2,4,Voie communale,30.0,1
202400045577,2024-08-20,soirée,,,91,91027,1,2,3,4,3,Départementale,70.0,2
202400045578,2024-03-31,nuit,,,13,13212,5,2,6,3,4,Voie communale,50.0,2
202400045579,2024-05-06,soirée,,,971,97101,5,1,3,4,3,Départementale,50.0,1
202400045580,2024-06-13,après-midi,,,35,35238,1,2,3,4,4,Voie communale,30.0,2
202400045581,2024-02-19,après-midi,,,94,94028,1,1,6,4,3,Départementale,50.0,1
202400045582,2024-05-07,après-midi,,,95,95585,1,1,2,4,4,Voie communale,50.0,1
202400045583,2024-02-19,après-midi,,,93,93077,2,2,3,4,4,Voie communale,50.0,2
202400045584,2024-07-14,soirée,,,62,62445,1,1,5,4,3,Départementale,80.0,1
202400045585,2024-06-13,matin,,,33,33162,1,1,3,4,4,Voie communale,50.0,1
202400045586,2024-05-07,soirée,,,95,95607,1,2,6,4,3,Départementale,50.0,2
202400045587,2024-03-31,nuit,,,11,11069,3,2,3,4,3,Départementale,50.0,2
202400045588,2024-08-21,matin,,,91,91223,1,1,4,4,4,Voie communale,50.0,1
202400045589,2024-02-20,soirée,,,92,92064,5,1,2,4,3,Départementale,50.0,1
202400045590,2024-06-13,nuit,,,33,33119,5,1,6,2,4,Voie communale,30.0,1
202400045591,2024-05-07,soirée,,,95,95427,1,1,3,4,3,Départementale,30.0,1
202400045592,2024-07-11,après-midi,,,61,61169,1,1,3,4,4,Voie communale,50.0,1
202400045593,2024-06-13,après-midi,,,31,31555,1,1,6,4,4,Voie communale,30.0,1
202400045594,2024-02-20,après-midi,,,92,92064,1,8,2,4,3,Départementale,50.0,1
202400045595,2024-08-21,matin,,,87,87085,1,1,6,4,3,Départementale,50.0,1
202400045596,2024-05-07,après-midi,,,95,95598,1,1,3,4,3,Départementale,30.0,1
202400045597,2024-03-31,soirée,,,10,10387,5,1,3,4,4,Voie communale,50.0,1
202400045598,2024-03-30,soirée,,,01,01053,2,3,6,4,4,Voie communale,30.0,2
202400045599,2024-08-21,nuit,,,86,86158,3,1,3,3,3,Départementale,50.0,1
202400045600,2024-05-07,matin,,,95,95427,1,1,3,4,3,Départementale,50.0,1
202400045601,2024-06-12,après-midi,,,30,30028,1,1,4,3,2,Nationale,80.0,1
202400045602,2024-02-20,après-midi,,,92,92050,1,1,3,4,4,Voie communale,50.0,1
202400045603,2024-07-15,nuit,,,60,60175,2,1,5,4,4,Voie communale,30.0,1
202400045604,2024-05-06,matin,,,95,95427,1,1,3,4,3,Départementale,30.0,1
202400045605,2024-06-12,après-midi,,,29,29173,1,1,6,4,3,Départementale,90.0,1
202400045606,2024-02-19,matin,,,92,92044,1,1,6,4,4,Voie communale,50.0,1
202400045607,2024-08-21,soirée,,,84,84035,1,1,1,4,3,Départementale,50.0,1
202400045608,2024-05-07,après-midi,,,91,91657,1,1,3,3,3,Départementale,50.0,1
202400045609,2024-06-13,après-midi,,,26,26198,1,1,2,4,3,Départementale,50.0,1
202400045610,2024-07-15,après-midi,,,59,59648,1,1,3,4,7,Autre,50.0,1
202400045611,2024-08-02,soirée,,,84,84007,1,1,7,4,4,Voie communale,50.0,1
202400045612,2024-02-19,soirée,,,92,92036,4,2,4,4,1,Autoroute,50.0,2
202400045613,2024-06-12,soirée,,,22,22278,1,1,6,4,4,Voie communale,30.0,1
202400045614,2024-02-20,après-midi,,,92,92060,1,1,6,3,4,Voie communale,50.0,1
202400045615,2024-08-21,soirée,,,83,83090,1,1,6,3,3,Départementale,50.0,1
202400045616,2024-06-12,après-midi,,,19,19031,1,1,3,4,4,Voie communale,30.0,1
202400045617,2024-07-12,matin,,,59,59178,1,1,2,3,4,Voie communale,50.0,1
202400045618,2024-06-12,après-midi,,,17,17415,1,1,3,4,4,Voie communale,30.0,1
202400045619,2024-02-20,après-midi,,,92,92004,1,1,3,4,3,Départementale,70.0,1
202400045620,2024-08-21,soirée,,,82,82121,1,1,3,4,4,Voie communale,50.0,1
202400045621,2024-06-13,matin,,,13,13117,1,1,3,4,4,Voie communale,50.0,1
202400045622,2024-02-12,soirée,,,35,35195,3,1,6,4,3,Départementale,50.0,1
202400045623,2024-07-14,après-midi,,,57,57283,1,1,3,3,3,Départementale,50.0,1
202400045624,2024-08-20,après-midi,,,80,80131,1,3,1,4,4,Voie communale,50.0,2
202400045625,2024-06-12,après-midi,,,13,13117,1,1,2,4,3,Départementale,90.0,1
202400045626,2024-02-20,après-midi,,,33,33393,1,1,6,3,3,Départementale,80.0,1
202400045627,2024-07-15,matin,,,56,56260,1,1,3,4,4,Voie communale,50.0,2
202400045628,2024-06-14,nuit,,,13,13047,3,1,7,4,2,Nationale,80.0,1
202400045629,2024-02-20,nuit,,,83,83148,3,1,7,4,3,Départementale,80.0,1
202400045630,2024-02-20,nuit,,,51,51559,3,1,6,3,3,Départementale,90.0,1
202400045631,2024-06-12,soirée,,,12,12089,1,1,3,3,3,Départementale,70.0,1
202400045632,2024-07-15,soirée,,,54,54528,1,8,3,4,4,Voie communale,30.0,1
202400045633,2024-02-20,après-midi,,,58,58227,1,1,1,3,3,Départementale,50.0,1
202400045634,2024-06-13,matin,,,11,11069,1,1,6,4,4,Voie communale,30.0,1
202400045635,2024-07-15,nuit,,,54,54395,5,1,1,4,4,Voie communale,30.0,1
202400045636,2024-02-19,après-midi,,,57,57392,1,1,1,3,3,Départementale,80.0,1
202400045637,2024-06-10,après-midi,,,11,11069,1,1,2,4,3,Départementale,80.0,1
202400045638,2024-06-27,matin,,,76,76322,1,1,2,4,7,Autre,50.0,1
202400045639,2024-02-12,soirée,,,79,79208,5,1,7,3,3,Départementale,80.0,2
202400045640,2024-06-13,nuit,,,09,09122,3,1,1,4,3,Départementale,50.0,1
202400045641,2024-07-15,après-midi,,,51,51172,1,1,6,4,4,Voie communale,50.0,1
202400045642,2024-02-20,après-midi,,,79,79185,1,1,3,4,4,Voie communale,30.0,1
202400045643,2024-08-21,matin,,,71,71499,1,1,3,4,3,Départementale,50.0,1
202400045644,2024-06-13,soirée,,,07,07316,1,1,3,4,3,Départementale,90.0,1
202400045645,2024-02-21,soirée,,,80,80500,3,2,3,2,3,Départementale,50.0,2
202400045646,2024-06-12,après-midi,,,06,06088,1,1,6,3,4,Voie communale,30.0,1
202400045647,2024-07-10,nuit,,,51,51160,2,1,2,3,3,Départementale,50.0,1
202400045648,2024-08-20,soirée,,,64,64102,1,1,1,4,4,Voie communale,50.0,1
202400045649,2024-02-21,matin,,,71,71374,1,1,1,2,3,Départementale,80.0,1
202400045650,2024-06-13,soirée,,,06,06069,1,1,3,4,4,Voie communale,50.0,1