Num_Acc,date,time_of_day,lat,long,dep,com,lum,atm,col,severity_index,catr,catr_label,vma,surf
202400045651,2024-07-14,matin,,,49,49099,1,1,6,3,3,Départementale,70.0,1
202400045652,2024-02-20,soirée,,,63,63352,3,1,6,4,3,Départementale,90.0,1
202400045653,2024-08-18,après-midi,,,62,62902,1,1,6,4,3,Départementale,50.0,1
202400045654,2024-02-19,après-midi,,,12,12138,1,8,6,4,3,Départementale,30.0,1
202400045655,2024-06-13,après-midi,,,06,06069,1,1,3,4,4,Voie communale,50.0,1
202400045656,2024-02-21,nuit,,,34,34284,5,1,6,4,3,Départementale,50.0,1
202400045657,2024-07-10,après-midi,,,49,49099,1,1,4,4,3,Départementale,70.0,1
202400045658,2024-06-13,matin,,,04,04112,1,1,5,4,3,Départementale,70.0,1
202400045659,2024-02-18,soirée,,,22,22351,3,1,7,4,3,Départementale,80.0,9
202400045660,2024-08-21,matin,,,60,60159,2,1,3,4,4,Voie communale,30.0,1
202400045661,2024-02-21,soirée,,,39,39367,2,1,6,2,2,Nationale,80.0,1
202400045662,2024-07-12,soirée,,,49,49007,1,1,7,4,4,Voie communale,30.0,1
202400045663,2024-06-13,après-midi,,,02,02691,1,1,6,3,4,Voie communale,50.0,1
202400045664,2024-02-19,après-midi,,,54,54315,1,1,6,3,3,Départementale,80.0,1
202400045665,2024-08-21,soirée,,,45,45234,5,1,3,4,4,Voie communale,50.0,1
202400045666,2024-02-21,après-midi,,,73,73128,1,1,1,3,3,Départementale,50.0,1
202400045667,2024-06-13,après-midi,,,75,75115,1,1,2,3,4,Voie communale,70.0,1
202400045668,2024-07-12,après-midi,,,49,49007,1,1,7,4,4,Voie communale,50.0,1
202400045669,2024-08-21,matin,,,35,35238,1,1,2,4,4,Voie communale,20.0,1
202400045670,2024-02-21,après-midi,,,04,04188,1,1,3,4,3,Départementale,80.0,1
202400045671,2024-06-13,matin,,,75,75112,1,1,3,4,4,Voie communale,70.0,1
202400045672,2024-07-15,soirée,,,44,44109,1,1,6,4,4,Voie communale,50.0,1
202400045673,2024-02-21,nuit,,,85,85252,3,1,7,3,3,Départementale,80.0,1
202400045674,2024-06-13,matin,,,75,75113,1,1,7,4,4,Voie communale,50.0,1
202400045675,2024-02-20,après-midi,,,85,85202,1,1,6,3,3,Départementale,50.0,1
202400045676,2024-08-21,soirée,,,34,34003,2,1,2,4,3,Départementale,90.0,1
202400045677,2024-06-11,nuit,,,75,75120,1,1,6,4,4,Voie communale,30.0,1
202400045678,2024-02-18,matin,,,30,30003,1,1,7,2,3,Départementale,50.0,1
202400045679,2024-07-15,matin,,,44,44162,1,1,4,2,4,Voie communale,30.0,1
202400045680,2024-08-21,soirée,,,33,33063,5,1,6,4,4,Voie communale,20.0,1
202400045681,2024-02-20,après-midi,,,48,48121,1,1,7,3,4,Voie communale,80.0,1
202400045682,2024-07-14,soirée,,,41,41018,1,1,3,3,4,Voie communale,50.0,1
202400045683,2024-06-13,après-midi,,,75,75119,1,1,3,4,4,Voie communale,30.0,1
202400045684,2024-02-20,après-midi,,,08,08149,1,1,1,3,3,Départementale,80.0,1
202400045685,2024-08-21,nuit,,,33,33281,3,1,1,4,4,Voie communale,30.0,1
202400045686,2024-07-15,après-midi,,,38,38151,1,1,6,4,4,Voie communale,50.0,1
202400045687,2024-06-13,matin,,,75,75117,1,1,1,4,4,Voie communale,,1
202400045688,2024-08-21,matin,,,31,31555,1,1,6,3,4,Voie communale,50.0,1
202400045689,2024-02-21,après-midi,,,30,30169,1,1,1,4,2,Nationale,80.0,1
202400045690,2024-07-15,après-midi,,,37,37261,1,2,2,4,4,Voie communale,50.0,2
202400045691,2024-06-13,soirée,,,75,75116,1,1,3,4,4,Voie communale,,1
202400045692,2024-02-20,après-midi,,,977,97701,1,1,7,3,3,Départementale,50.0,1
202400045693,2024-06-13,soirée,,,75,75115,5,2,7,4,4,Voie communale,30.0,2
202400045694,2024-07-14,soirée,,,35,35115,2,1,7,4,4,Voie communale,50.0,1
202400045695,2024-02-20,matin,,,41,41008,1,5,1,3,3,Départementale,90.0,2
202400045696,2024-06-12,après-midi,,,75,75114,1,1,6,4,4,Voie communale,30.0,1
202400045697,2024-07-15,matin,,,31,31555,1,1,3,3,7,Autre,50.0,1
202400045698,2024-08-20,après-midi,,,19,19031,1,1,3,4,4,Voie communale,50.0,1
202400045699,2024-06-13,soirée,,,75,75112,1,1,2,4,4,Voie communale,50.0,1
202400045700,2024-07-13,après-midi,,,28,28134,1,1,2,4,4,Voie communale,50.0,1
202400045701,2024-08-21,matin,,,17,17306,1,1,3,4,4,Voie communale,30.0,1
202400045702,2024-06-12,matin,,,75,75112,1,1,3,4,4,Voie communale,50.0,1
202400045703,2024-07-14,nuit,,,25,25056,5,1,6,4,4,Voie communale,30.0,1
202400045704,2024-08-21,après-midi,,,11,11069,1,1,2,4,3,Départementale,50.0,1
202400045705,2024-02-20,après-midi,,,68,68132,1,1,5,3,3,Départementale,80.0,1
202400045706,2024-06-11,après-midi,,,75,75112,1,1,1,4,4,Voie communale,50.0,1
202400045707,2024-09-26,soirée,,,39,39367,2,2,1,4,2,Nationale,80.0,2
202400045708,2024-08-20,soirée,,,06,06155,2,1,6,3,6,Autre,30.0,1
202400045709,2024-07-12,soirée,,,19,19031,1,1,3,3,4,Voie communale,50.0,1
202400045710,2024-09-21,nuit,,,29,29215,4,1,6,3,4,Voie communale,50.0,2
202400045711,2024-06-13,matin,,,75,75110,1,1,6,4,4,Voie communale,,1
202400045712,2024-02-20,après-midi,,,01,01281,1,1,1,4,3,Départementale,50.0,1
202400045713,2024-07-12,nuit,,,13,13208,5,1,7,4,1,Autoroute,50.0,1
202400045714,2024-06-13,soirée,,,75,75107,2,1,3,4,4,Voie communale,30.0,1
202400045715,2024-02-20,soirée,,,69,69289,3,1,1,4,3,Départementale,70.0,1
202400045716,2024-08-21,après-midi,,,75,75118,1,1,2,4,4,Voie communale,30.0,1
202400045717,2024-07-15,matin,,,13,13001,1,1,2,4,3,Départementale,80.0,1
202400045718,2024-09-26,après-midi,,,38,38335,1,2,1,4,3,Départementale,80.0,2
202400045719,2024-02-20,soirée,,,49,49201,1,1,7,3,4,Voie communale,80.0,1
202400045720,2024-08-21,après-midi,,,75,75117,1,1,7,4,4,Voie communale,30.0,1
202400045721,2024-06-12,nuit,,,75,75108,5,1,3,4,4,Voie communale,50.0,1
202400045722,2024-07-09,matin,,,12,12174,1,1,2,3,3,Départementale,80.0,1
202400045723,2024-09-27,après-midi,,,66,66117,1,1,1,4,3,Départementale,80.0,1
202400045724,2024-07-08,soirée,,,12,12176,1,1,1,3,4,Voie communale,30.0,1
202400045725,2024-06-13,après-midi,,,75,75107,1,1,6,4,4,Voie communale,30.0,1
202400045726,2024-08-21,matin,,,75,75114,1,1,6,4,4,Voie communale,30.0,1
202400045727,2024-09-27,après-midi,,,72,72351,1,2,7,3,3,Départementale,80.0,2
202400045728,2024-06-12,soirée,,,75,75107,5,1,6,4,4,Voie communale,30.0,1
202400045729,2024-07-14,après-midi,,,10,10387,1,1,3,4,4,Voie communale,50.0,1
202400045730,2024-09-26,après-midi,,,14,14456,1,1,6,4,4,Voie communale,30.0,1
202400045731,2024-06-13,nuit,,,75,75104,5,1,7,4,4,Voie communale,50.0,1
202400045732,2024-08-21,après-midi,,,75,75112,1,1,3,4,4,Voie communale,30.0,1
202400045733,2024-02-15,matin,,,13,13202,2,1,1,4,1,Autoroute,70.0,1
202400045734,2024-07-13,après-midi,,,06,06088,1,1,6,4,4,Voie communale,50.0,1
202400045735,2024-06-12,matin,,,75,75101,1,1,3,4,4,Voie communale,,1
202400045736,2024-02-15,matin,,,13,13212,1,1,2,4,1,Autoroute,70.0,1
202400045737,2024-08-21,matin,,,75,75108,1,1,7,4,4,Voie communale,30.0,1
202400045738,2024-09-27,après-midi,,,05,05017,1,1,1,4,2,Nationale,80.0,1
202400045739,2024-07-15,soirée,,,06,06123,1,1,2,4,7,Autre,50.0,1
202400045740,2024-06-13,nuit,,,94,94080,5,1,6,4,4,Voie communale,50.0,1
202400045741,2024-02-19,soirée,,,13,13211,2,1,3,3,1,Autoroute,90.0,1
202400045742,2024-08-21,soirée,,,75,75107,1,1,7,3,4,Voie communale,30.0,1
202400045743,2024-09-18,après-midi,,,64,64391,1,1,7,3,4,Voie communale,50.0,1
202400045744,2024-06-13,après-midi,,,94,94068,1,1,2,4,4,Voie communale,30.0,1
202400045745,2024-07-11,après-midi,,,05,05061,1,1,3,4,4,Voie communale,50.0,1
202400045746,2024-02-19,après-midi,,,13,13211,1,1,2,3,1,Autoroute,90.0,1
202400045747,2024-08-21,soirée,,,75,75102,1,1,3,4,4,Voie communale,30.0,1
202400045748,2024-06-13,après-midi,,,94,94052,1,1,2,4,3,Départementale,50.0,1
202400045749,2024-02-20,matin,,,83,83144,1,1,7,4,1,Autoroute,50.0,1
202400045750,2024-07-13,soirée,,,05,05023,1,1,3,4,2,Nationale,50.0,1
202400045751,2024-07-05,après-midi,,,64,64371,1,1,7,4,3,Départementale,50.0,1
202400045752,2024-06-13,matin,,,94,94037,1,1,3,4,3,Départementale,30.0,1
202400045753,2024-08-21,matin,,,75,75101,1,1,6,4,4,Voie communale,30.0,1
202400045754,2024-02-20,matin,,,83,83126,1,1,4,4,1,Autoroute,90.0,1
202400045755,2024-07-15,matin,,,04,04112,1,1,2,4,4,Voie communale,50.0,1
202400045756,2024-09-26,matin,,,73,73171,1,3,1,3,3,Départementale,70.0,2
202400045757,2024-08-21,soirée,,,94,94081,1,1,6,3,4,Voie communale,30.0,1
202400045758,2024-06-12,après-midi,,,94,94028,1,1,3,4,4,Voie communale,,1
202400045759,2024-02-20,nuit,,,69,69382,5,1,1,4,7,Autre,70.0,1
202400045760,2024-07-15,soirée,,,75,75113,5,1,2,4,4,Voie communale,70.0,1
202400045761,2024-08-20,après-midi,,,94,94079,1,2,6,3,4,Voie communale,50.0,2
202400045762,2024-09-25,après-midi,,,40,40230,1,8,3,3,3,Départementale,80.0,1
202400045763,2024-02-20,nuit,,,33,33318,5,1,2,4,1,Autoroute,90.0,1
202400045764,2024-06-13,matin,,,94,94022,1,1,1,4,3,Départementale,30.0,1
202400045765,2024-07-15,soirée,,,75,75120,1,1,5,4,4,Voie communale,70.0,1
202400045766,2024-08-21,matin,,,93,93050,1,1,2,4,4,Voie communale,,1
202400045767,2024-09-26,après-midi,,,87,87028,1,2,3,4,4,Voie communale,80.0,2
202400045768,2024-06-13,après-midi,,,93,93073,1,1,3,4,4,Voie communale,50.0,1
202400045769,2024-02-19,matin,,,95,95527,1,2,3,4,1,Autoroute,90.0,2
202400045770,2024-07-15,après-midi,,,75,75117,1,1,5,4,4,Voie communale,70.0,1
202400045771,2024-08-21,soirée,,,93,93007,1,1,3,4,3,Départementale,,1
202400045772,2024-09-26,matin,,,30,30339,1,2,1,3,3,Départementale,50.0,2
202400045773,2024-06-12,soirée,,,93,93078,1,1,3,4,3,Départementale,50.0,1
202400045774,2024-07-15,après-midi,,,75,75115,1,1,2,4,4,Voie communale,70.0,1
202400045775,2024-02-20,après-midi,,,77,77146,1,1,5,4,1,Autoroute,110.0,1
202400045776,2024-08-21,après-midi,,,92,92077,1,1,6,4,4,Voie communale,30.0,1
202400045777,2024-07-15,matin,,,75,75117,1,1,2,4,4,Voie communale,70.0,1
202400045778,2024-09-26,matin,,,987,98734,1,1,1,3,2,Nationale,60.0,1
202400045779,2024-06-13,matin,,,93,93070,1,1,6,4,4,Voie communale,,1
202400045780,2024-08-21,après-midi,,,92,92026,1,1,3,4,3,Départementale,50.0,1
202400045781,2024-02-20,matin,,,94,94073,1,1,4,4,1,Autoroute,90.0,1
202400045782,2024-07-15,nuit,,,75,75112,5,1,6,4,4,Voie communale,70.0,1
202400045783,2024-06-13,après-midi,,,93,93050,1,1,7,4,4,Voie communale,50.0,1
202400045784,2024-06-13,matin,,,93,93008,1,1,6,4,6,Autre,30.0,1
202400045785,2024-02-18,nuit,,,94,94017,3,2,2,4,1,Autoroute,50.0,2
202400045786,2024-08-21,après-midi,,,92,92024,1,1,3,4,4,Voie communale,30.0,1
202400045787,2024-07-15,après-midi,,,75,75119,1,1,3,4,4,Voie communale,30.0,1
202400045788,2024-09-19,matin,,,68,68118,2,1,3,3,3,Départementale,30.0,1
202400045789,2024-02-19,matin,,,93,93050,5,1,6,4,3,Départementale,50.0,1
202400045790,2024-06-12,nuit,,,93,93005,5,2,3,4,3,Départementale,50.0,2
202400045791,2024-08-21,soirée,,,92,92014,1,1,1,4,3,Départementale,50.0,1
202400045792,2024-07-14,nuit,,,75,75118,5,1,1,4,4,Voie communale,30.0,1
202400045793,2024-09-22,après-midi,,,13,13097,1,1,2,4,1,Autoroute,70.0,1
202400045794,2024-02-19,matin,,,75,75120,1,8,6,4,4,Voie communale,30.0,1
202400045795,2024-07-15,après-midi,,,75,75116,1,1,3,4,4,Voie communale,30.0,1
202400045796,2024-06-13,après-midi,,,93,93001,1,1,3,4,3,Départementale,50.0,1
202400045797,2024-09-26,matin,,,972,97224,1,2,6,3,2,Nationale,80.0,2
202400045798,2024-08-17,après-midi,,,31,31022,1,1,3,4,4,Voie communale,50.0,1
202400045799,2024-07-15,nuit,,,75,75116,5,1,7,4,4,Voie communale,30.0,1
202400045800,2024-02-19,matin,,,75,75118,1,2,6,4,4,Voie communale,30.0,2
202400045801,2024-06-12,nuit,,,92,92063,5,1,3,4,1,Autoroute,50.0,1
202400045802,2024-09-26,après-midi,,,29,29233,1,2,6,2,4,Voie communale,30.0,2
202400045803,2024-07-15,après-midi,,,75,75111,1,1,3,4,4,Voie communale,30.0,1
202400045804,2024-02-19,matin,,,75,75116,1,1,3,4,4,Voie communale,30.0,1
202400045805,2024-06-13,matin,,,92,92062,1,1,2,4,3,Départementale,50.0,1
202400045806,2024-09-24,soirée,,,77,77126,2,3,6,3,3,Départementale,90.0,2
202400045807,2024-07-15,nuit,,,75,75107,2,1,6,4,4,Voie communale,25.0,1
202400045808,2024-08-22,nuit,,,988,98810,3,1,6,2,2,Nationale,,1
202400045809,2024-02-17,après-midi,,,75,75116,1,1,6,4,4,Voie communale,50.0,2
202400045810,2024-06-13,matin,,,92,92050,1,1,4,3,3,Départementale,50.0,1
202400045811,2024-07-15,soirée,,,75,75107,1,1,6,4,4,Voie communale,30.0,1
202400045812,2024-08-21,après-midi,,,974,97422,2,1,6,3,4,Voie communale,50.0,1
202400045813,2024-09-26,après-midi,,,77,77465,1,2,3,3,3,Départementale,,2
202400045814,2024-02-19,après-midi,,,75,75113,1,8,6,4,4,Voie communale,30.0,1
202400045815,2024-06-13,après-midi,,,92,92025,1,1,3,4,3,Départementale,30.0,1
202400045816,2024-09-27,après-midi,,,77,77508,1,3,1,4,3,Départementale,80.0,2
202400045817,2024-02-19,soirée,,,75,75112,5,2,3,4,4,Voie communale,30.0,2
202400045818,2024-07-14,soirée,,,75,75107,2,1,3,4,4,Voie communale,30.0,1
202400045819,2024-08-21,soirée,,,972,97210,4,1,4,4,3,Départementale,80.0,1
202400045820,2024-06-12,après-midi,,,92,92025,1,1,1,4,3,Départementale,30.0,1
202400045821,2024-09-26,soirée,,,34,34157,1,1,6,3,4,Voie communale,30.0,1
202400045822,2024-02-19,matin,,,75,75112,1,1,7,4,4,Voie communale,30.0,1
202400045823,2024-07-15,après-midi,,,75,75101,1,1,3,4,4,Voie communale,30.0,1
202400045824,2024-06-13,après-midi,,,92,92024,1,1,3,4,3,Départementale,50.0,1
202400045825,2024-08-21,après-midi,,,972,97225,1,1,6,3,2,Nationale,50.0,1
202400045826,2024-07-15,après-midi,,,94,94052,1,1,6,4,4,Voie communale,50.0,1
202400045827,2024-09-27,matin,,,05,05053,1,1,1,4,3,Départementale,50.0,1
202400045828,2024-02-19,matin,,,75,75111,1,2,3,4,4,Voie communale,30.0,2
202400045829,2024-06-19,soirée,,,92,92023,1,1,2,4,4,Voie communale,50.0,1
202400045830,2024-07-15,soirée,,,94,94003,1,1,6,3,3,Départementale,50.0,1
202400045831,2024-08-21,après-midi,,,59,59653,1,1,2,3,3,Départementale,80.0,1
202400045832,2024-06-13,matin,,,92,92012,1,1,1,4,3,Départementale,30.0,1
202400045833,2024-02-18,nuit,,,75,75109,5,1,3,4,4,Voie communale,30.0,2
202400045834,2024-09-26,après-midi,,,71,71394,1,1,3,3,3,Départementale,50.0,2
202400045835,2024-07-15,nuit,,,93,93059,5,1,3,4,3,Départementale,50.0,1
202400045836,2024-06-12,soirée,,,92,92012,1,1,3,4,3,Départementale,50.0,1
202400045837,2024-08-22,matin,,,85,85259,1,1,3,3,4,Voie communale,80.0,1
202400045838,2024-02-15,soirée,,,94,94078,5,1,6,4,4,Voie communale,,1
202400045839,2024-09-27,matin,,,38,38507,1,8,6,2,6,Autre,20.0,1
202400045840,2024-06-14,après-midi,,,39,39364,1,1,6,4,2,Nationale,50.0,1
202400045841,2024-07-15,soirée,,,93,93066,1,7,6,4,4,Voie communale,50.0,1
202400045842,2024-08-21,après-midi,,,15,15188,1,2,6,3,1,Autoroute,130.0,2
202400045843,2024-02-19,matin,,,94,94044,1,8,3,4,3,Départementale,50.0,2
202400045844,2024-06-12,après-midi,,,14,14162,1,1,1,4,3,Départementale,70.0,1
202400045845,2024-07-15,après-midi,,,93,93027,1,1,6,4,3,Départementale,50.0,1
202400045846,2024-08-21,matin,,,19,19073,1,1,7,4,4,Voie communale,30.0,1
202400045847,2024-02-19,après-midi,,,94,94003,1,1,6,4,3,Départementale,50.0,1
202400045848,2024-06-14,matin,,,51,51583,1,3,1,3,3,Départementale,70.0,2
202400045849,2024-09-26,matin,,,38,38364,1,2,1,3,7,Autre,80.0,2
202400045850,2024-07-15,soirée,,,93,93010,1,1,6,4,4,Voie communale,,1
202400045851,2024-02-19,soirée,,,94,94054,5,1,6,3,3,Départementale,50.0,1
202400045852,2024-06-13,soirée,,,01,01004,2,1,1,4,3,Départementale,50.0,1
202400045853,2024-08-16,après-midi,,,56,56179,1,2,3,3,3,Départementale,80.0,2
202400045854,2024-07-15,soirée,,,93,93010,1,1,6,4,3,Départementale,50.0,1
202400045855,2024-02-19,soirée,,,94,94022,5,1,3,3,3,Départementale,50.0,1
202400045856,2024-06-14,matin,,,22,22206,1,1,3,3,3,Départementale,80.0,1
202400045857,2024-08-21,après-midi,,,56,56090,1,1,6,3,3,Départementale,50.0,1
202400045858,2024-06-14,nuit,,,28,28104,3,2,6,4,1,Autoroute,90.0,2
202400045859,2024-07-15,matin,,,93,93005,1,1,1,4,3,Départementale,50.0,1
202400045860,2024-09-21,soirée,,,31,31291,2,8,1,4,3,Départementale,80.0,2
202400045861,2024-08-21,nuit,,,59,59546,5,1,6,3,4,Voie communale,50.0,1
202400045862,2024-06-12,après-midi,,,972,97229,1,1,2,4,4,Voie communale,50.0,1
202400045863,2024-02-18,après-midi,,,92,92072,1,2,6,4,2,Nationale,50.0,2
202400045864,2024-07-15,matin,,,92,92075,1,1,6,4,4,Voie communale,30.0,1
202400045865,2024-08-21,après-midi,,,76,76602,1,1,6,3,3,Départementale,80.0,1
202400045866,2024-06-14,matin,,,26,26138,1,1,2,3,1,Autoroute,130.0,1
202400045867,2024-02-19,soirée,,,92,92033,5,1,6,4,3,Départementale,50.0,1
202400045868,2024-08-22,matin,,,2B,2B050,1,1,6,3,6,Autre,50.0,1
202400045869,2024-09-24,après-midi,,,33,33238,2,7,3,3,3,Départementale,80.0,1
202400045870,2024-06-14,nuit,,,44,44158,4,2,1,3,3,Départementale,70.0,2
202400045871,2024-07-15,matin,,,92,92063,1,1,3,4,3,Départementale,50.0,1
202400045872,2024-02-19,après-midi,,,92,92064,1,8,2,4,3,Départementale,50.0,2
202400045873,2024-06-12,matin,,,62,62473,1,1,3,3,3,Départementale,50.0,1
202400045874,2024-07-15,après-midi,,,92,92044,1,8,6,3,4,Voie communale,50.0,1
202400045875,2024-06-14,matin,,,89,89195,2,2,6,2,4,Voie communale,80.0,2
202400045876,2024-09-24,après-midi,,,49,49023,1,1,3,3,4,Voie communale,50.0,1
202400045877,2024-02-19,nuit,,,92,92036,5,1,3,4,1,Autoroute,50.0,1
202400045878,2024-08-22,matin,,,82,82141,1,1,3,4,4,Voie communale,50.0,1
202400045879,2024-02-19,nuit,,,92,92036,5,8,6,4,3,Départementale,50.0,2
202400045880,2024-07-15,soirée,,,92,92040,1,1,1,4,3,Départementale,50.0,1
202400045881,2024-06-13,après-midi,,,51,51312,1,1,1,4,4,Voie communale,80.0,1
202400045882,2024-02-19,soirée,,,92,92004,5,1,3,4,4,Voie communale,50.0,1
202400045883,2024-08-22,matin,,,33,33485,1,1,6,3,3,Départementale,80.0,9
202400045884,2024-06-23,nuit,,,92,92026,5,1,6,4,4,Voie communale,50.0,1
202400045885,2024-06-14,après-midi,,,56,56033,1,1,5,3,3,Départementale,80.0,1
202400045886,2024-02-19,matin,,,92,92004,1,8,6,4,3,Départementale,30.0,1
202400045887,2024-06-13,soirée,,,79,79094,1,8,7,3,3,Départementale,50.0,1
202400045888,2024-06-21,après-midi,,,92,92026,1,1,3,4,3,Départementale,50.0,1
202400045889,2024-09-26,nuit,,,59,59323,4,1,1,4,3,Départementale,70.0,1
202400045890,2024-02-15,après-midi,,,60,60350,1,1,3,4,3,Départementale,50.0,1
202400045891,2024-07-14,matin,,,92,92026,1,1,6,4,3,Départementale,50.0,1
202400045892,2024-06-13,soirée,,,79,79355,2,1,5,3,3,Départementale,80.0,1
202400045893,2024-08-21,soirée,,,63,63148,1,1,6,4,3,Départementale,90.0,1
202400045894,2024-02-19,matin,,,35,35363,2,8,2,4,2,Nationale,110.0,1
202400045895,2024-09-24,après-midi,,,59,59249,1,2,2,4,4,Voie communale,50.0,2
202400045896,2024-06-14,après-midi,,,65,65465,1,1,7,3,3,Départementale,30.0,1
202400045897,2024-02-19,après-midi,,,22,22025,1,2,7,4,3,Départementale,70.0,2
202400045898,2024-05-23,matin,,,92,92024,1,1,6,4,3,Départementale,50.0,1
202400045899,2024-08-21,soirée,,,47,47179,1,1,3,4,4,Voie communale,50.0,1
202400045900,2024-06-12,après-midi,,,33,33335,1,1,1,3,4,Voie communale,70.0,1
202400045901,2024-09-26,soirée,,,13,13214,3,1,2,4,1,Autoroute,90.0,1
202400045902,2024-07-15,après-midi,,,92,92007,1,1,6,4,3,Départementale,50.0,1
202400045903,2024-08-22,matin,,,47,47089,1,1,3,3,3,Départementale,80.0,1
202400045904,2024-07-14,après-midi,,,34,34088,1,1,7,3,3,Départementale,,1
202400045905,2024-06-14,soirée,,,32,32169,1,1,3,4,3,Départementale,90.0,1
202400045906,2024-07-15,matin,,,60,60587,1,1,6,3,3,Départementale,50.0,1
202400045907,2024-09-25,après-midi,,,83,83137,1,1,4,4,1,Autoroute,70.0,1
202400045908,2024-08-22,après-midi,,,47,47004,1,1,3,4,3,Départementale,80.0,1
202400045909,2024-06-13,après-midi,,,61,61156,1,1,3,4,3,Départementale,80.0,1
202400045910,2024-07-14,après-midi,,,39,39331,1,1,1,4,4,Voie communale,80.0,1
202400045911,2024-09-23,après-midi,,,33,33122,1,1,2,4,1,Autoroute,130.0,1
202400045912,2024-07-16,matin,,,21,21016,1,1,7,4,1,Autoroute,130.0,1
202400045913,2024-10-31,soirée,,,91,91377,3,2,4,4,1,Autoroute,110.0,2
202400045914,2024-08-22,matin,,,68,68082,1,1,3,2,3,Départementale,80.0,1
202400045915,2024-06-14,soirée,,,42,42181,1,1,1,3,3,Départementale,80.0,1
202400045916,2024-10-31,matin,,,91,91161,1,1,3,4,1,Autoroute,110.0,1
202400045917,2024-07-15,après-midi,,,35,35085,1,1,2,4,3,Départementale,80.0,2
202400045918,2024-09-26,matin,,,59,59566,1,2,2,4,1,Autoroute,90.0,2
202400045919,2024-08-19,après-midi,,,44,44025,1,1,2,4,3,Départementale,70.0,1
202400045920,2024-05-16,après-midi,,,42,42222,1,1,4,4,7,Autre,50.0,1
202400045921,2024-07-15,matin,,,86,86126,1,1,1,3,3,Départementale,70.0,1
202400045922,2024-08-21,matin,,,31,31066,1,1,6,3,6,Autre,50.0,1
202400045923,2024-06-12,soirée,,,46,46170,1,1,3,3,3,Départementale,50.0,1
202400045924,2024-07-12,après-midi,,,35,35272,1,1,3,4,4,Voie communale,80.0,1
202400045925,2024-08-21,après-midi,,,38,38300,1,1,7,3,3,Départementale,80.0,1
202400045926,2024-10-30,soirée,,,78,78640,3,1,2,4,2,Nationale,70.0,1
202400045927,2024-06-13,après-midi,,,47,47052,1,1,1,3,3,Départementale,50.0,1
202400045928,2024-07-13,soirée,,,41,41288,1,1,6,4,1,Autoroute,130.0,1
202400045929,2024-09-25,soirée,,,92,92036,3,2,4,4,1,Autoroute,90.0,2
202400045930,2024-10-30,nuit,,,78,78029,3,1,3,4,1,Autoroute,130.0,1
202400045931,2024-07-15,après-midi,,,72,72231,1,1,1,3,3,Départementale,80.0,1
202400045932,2024-06-13,après-midi,,,34,34085,1,1,3,3,3,Départementale,70.0,1
202400045933,2024-08-22,après-midi,,,02,02295,1,1,1,4,3,Départementale,80.0,1
202400045934,2024-09-25,après-midi,,,78,78640,1,3,1,4,2,Nationale,110.0,2
202400045935,2024-06-14,après-midi,,,39,39252,1,1,1,4,3,Départementale,90.0,1
202400045936,2024-08-22,après-midi,,,02,02164,1,1,6,4,3,Départementale,80.0,1
202400045937,2024-06-14,matin,,,44,44043,1,1,6,4,4,Voie communale,30.0,1
202400045938,2024-09-25,après-midi,,,91,91534,1,2,6,4,2,Nationale,,2
202400045939,2024-07-15,après-midi,,,51,51165,1,1,4,4,2,Nationale,80.0,1
202400045940,2024-08-21,nuit,,,15,15152,3,1,6,3,3,Départementale,90.0,1
202400045941,2024-10-30,soirée,,,92,92036,3,1,4,4,2,Nationale,70.0,1
202400045942,2024-06-13,matin,,,29,29277,1,2,6,2,3,Départementale,50.0,2
202400045943,2024-08-22,nuit,,,06,06059,5,1,7,4,7,Autre,30.0,1
202400045944,2024-06-27,nuit,,,51,51660,5,1,1,4,3,Départementale,50.0,1
202400045945,2024-06-12,soirée,,,31,31341,1,1,6,3,3,Départementale,30.0,1
202400045946,2024-09-25,matin,,,78,78073,1,2,2,4,2,Nationale,70.0,2
202400045947,2024-10-30,soirée,,,92,92036,3,1,2,4,1,Autoroute,90.0,1
202400045948,2024-08-22,matin,,,50,50111,1,1,7,4,3,Départementale,,1
202400045949,2024-07-14,nuit,,,56,56243,3,1,6,3,4,Voie communale,30.0,1
202400045950,2024-09-25,matin,,,95,95394,1,2,2,4,2,Nationale,70.0,2
202400045951,2024-08-22,matin,,,43,43236,1,1,7,3,4,Voie communale,20.0,1
202400045952,2024-06-14,après-midi,,,54,54069,1,1,6,4,3,Départementale,80.0,1
202400045953,2024-10-31,soirée,,,93,93066,3,1,5,4,1,Autoroute,90.0,1
202400045954,2024-07-13,après-midi,,,2B,2B251,1,1,1,3,3,Départementale,80.0,1
202400045955,2024-06-14,soirée,,,72,72322,1,2,7,3,3,Départementale,90.0,2
202400045956,2024-09-26,soirée,,,77,77249,3,1,6,4,2,Nationale,90.0,1
202400045957,2024-08-22,matin,,,10,10371,1,1,1,4,3,Départementale,70.0,1
202400045958,2024-07-15,nuit,,,71,71143,3,2,7,4,3,Départementale,80.0,2
202400045959,2024-06-14,après-midi,,,50,50550,1,1,7,2,3,Départementale,80.0,1
202400045960,2024-10-31,après-midi,,,93,93005,1,1,4,4,1,Autoroute,90.0,1
202400045961,2024-07-16,matin,,,89,89460,1,1,6,3,3,Départementale,70.0,1
202400045962,2024-06-13,après-midi,,,50,50109,1,2,6,4,3,Départementale,50.0,2
202400045963,2024-09-26,matin,,,94,94017,1,1,2,4,1,Autoroute,90.0,1