Num_Acc,date,time_of_day,lat,long,dep,com,lum,atm,col,severity_index,catr,catr_label,vma,surf
202400045964,2024-08-21,soirée,,,36,36025,1,1,6,4,3,Départementale,50.0,1
202400045965,2024-07-14,après-midi,,,61,61007,1,1,6,3,6,Autre,50.0,1
202400045966,2024-06-13,après-midi,,,09,09307,1,1,7,4,3,Départementale,80.0,9
202400045967,2024-10-31,après-midi,,,93,93008,1,8,4,4,1,Autoroute,90.0,1
202400045968,2024-09-25,nuit,,,94,94011,3,2,6,3,2,Nationale,70.0,2
202400045969,2024-12-04,après-midi,,,34,34172,5,1,6,4,4,Voie communale,50.0,1
202400045970,2024-08-20,soirée,,,87,87205,3,1,5,4,3,Départementale,80.0,1
202400045971,2024-07-16,nuit,,,12,12188,3,9,6,3,3,Départementale,90.0,2
202400045972,2024-10-31,nuit,,,93,93064,3,1,7,3,1,Autoroute,90.0,1
202400045973,2024-06-13,après-midi,,,64,64526,1,1,1,3,3,Départementale,50.0,1
202400045974,2024-07-15,après-midi,,,47,47214,1,2,6,3,3,Départementale,80.0,2
202400045975,2024-10-28,après-midi,,,92,92078,1,1,2,3,1,Autoroute,70.0,1
202400045976,2024-08-21,après-midi,,,48,48075,1,1,1,4,3,Départementale,90.0,1
202400045977,2024-06-29,soirée,,,29,29051,1,1,7,4,3,Départementale,80.0,1
202400045978,2024-06-14,après-midi,,,16,16375,1,2,1,3,2,Nationale,70.0,2
202400045979,2024-12-06,après-midi,,,33,33550,1,1,1,4,4,Voie communale,50.0,1
202400045980,2024-07-16,nuit,,,29,29004,3,1,7,3,4,Voie communale,50.0,1
202400045981,2024-04-30,après-midi,,,32,32013,1,1,3,4,2,Nationale,50.0,1
202400045982,2024-08-21,après-midi,,,13,13044,1,1,2,4,2,Nationale,80.0,1
202400045983,2024-12-06,après-midi,,,33,33550,1,1,6,3,4,Voie communale,50.0,1
202400045984,2024-06-13,matin,,,16,16379,2,7,3,3,3,Départementale,80.0,1
202400045985,2024-09-16,soirée,,,44,44109,2,1,2,4,4,Voie communale,50.0,1
202400045986,2024-10-30,matin,,,974,97411,1,1,6,4,4,Voie communale,50.0,1
202400045987,2024-08-21,après-midi,,,01,01181,1,1,6,4,1,Autoroute,130.0,1
202400045988,2024-06-10,nuit,,,40,40248,3,1,6,3,3,Départementale,50.0,1
202400045989,2024-12-06,après-midi,,,26,26198,1,1,1,3,2,Nationale,80.0,1
202400045990,2024-07-15,après-midi,,,29,29015,1,1,4,3,3,Départementale,80.0,1
202400045991,2024-10-30,matin,,,973,97302,1,1,7,4,2,Nationale,90.0,1
202400045992,2024-06-06,matin,,,74,74104,1,1,3,3,3,Départementale,80.0,1
202400045993,2024-08-21,après-midi,,,68,68300,1,1,7,4,1,Autoroute,130.0,1
202400045994,2024-06-14,après-midi,,,24,24573,1,2,6,3,3,Départementale,30.0,2
202400045995,2024-10-29,matin,,,971,97120,1,1,3,4,3,Départementale,50.0,1
202400045996,2024-12-06,nuit,,,15,15014,3,2,3,4,4,Voie communale,30.0,2
202400045997,2024-07-16,matin,,,38,38198,1,1,3,4,3,Départementale,80.0,1
202400045998,2024-06-13,après-midi,,,30,30228,1,1,3,3,3,Départementale,80.0,1
202400045999,2024-08-22,après-midi,,,33,33498,1,1,2,3,1,Autoroute,130.0,1
202400046000,2024-12-06,soirée,,,15,15012,5,5,6,4,3,Départementale,50.0,2
202400046001,2024-07-13,soirée,,,38,38511,1,1,7,4,3,Départementale,50.0,1
202400046002,2024-05-25,nuit,,,74,74021,2,5,2,4,1,Autoroute,130.0,1
202400046003,2024-10-30,matin,,,971,97107,1,1,3,4,2,Nationale,50.0,1
202400046004,2024-08-22,nuit,,,987,98715,5,1,1,2,2,Nationale,30.0,1
202400046005,2024-12-06,matin,,,15,15014,1,2,7,4,4,Voie communale,50.0,2
202400046006,2024-06-12,matin,,,88,88213,1,1,3,4,4,Voie communale,50.0,1
202400046007,2024-10-28,matin,,,971,97107,1,1,6,3,4,Voie communale,50.0,1
202400046008,2024-07-09,après-midi,,,02,02361,1,1,6,4,3,Départementale,50.0,1
202400046009,2024-12-06,après-midi,,,14,14118,1,1,7,4,4,Voie communale,30.0,1
202400046010,2024-06-14,matin,,,74,74201,1,2,5,3,1,Autoroute,110.0,2
202400046011,2024-08-22,matin,,,51,51197,1,7,2,4,1,Autoroute,130.0,1
202400046012,2024-10-30,après-midi,,,2A,2A004,1,1,3,4,4,Voie communale,30.0,1
202400046013,2024-06-13,soirée,,,44,44003,1,1,6,4,1,Autoroute,70.0,1
202400046014,2024-12-06,matin,,,14,14437,1,1,3,4,3,Départementale,50.0,1
202400046015,2024-07-13,nuit,,,74,74172,3,9,1,4,3,Départementale,80.0,2
202400046016,2024-07-15,matin,,,70,70410,1,1,1,4,4,Voie communale,50.0,1
202400046017,2024-10-30,matin,,,91,91161,1,1,3,3,3,Départementale,30.0,1
202400046018,2024-11-15,après-midi,,,14,14437,2,1,4,4,2,Nationale,90.0,1
202400046019,2024-06-14,nuit,,,33,33498,3,1,4,4,1,Autoroute,130.0,1
202400046020,2024-06-13,matin,,,74,74123,1,1,6,4,4,Voie communale,,1
202400046021,2024-07-16,nuit,,,06,06079,5,1,3,3,3,Départementale,50.0,1
202400046022,2024-12-06,soirée,,,13,13203,5,1,3,4,4,Voie communale,50.0,1
202400046023,2024-10-29,soirée,,,87,87114,5,1,3,4,4,Voie communale,50.0,1
202400046024,2024-06-13,après-midi,,,63,63272,1,1,3,4,1,Autoroute,110.0,1
202400046025,2024-08-19,soirée,,,45,45008,1,1,5,4,1,Autoroute,130.0,1
202400046026,2024-12-06,après-midi,,,13,13204,1,1,3,4,4,Voie communale,50.0,1
202400046027,2024-10-29,matin,,,87,87114,1,1,2,4,3,Départementale,50.0,1
202400046028,2024-08-22,matin,,,977,97701,2,1,6,3,3,Départementale,50.0,1
202400046029,2024-07-15,soirée,,,05,05096,1,1,7,4,4,Voie communale,50.0,1
202400046030,2024-06-20,matin,,,74,74010,1,2,3,4,3,Départementale,50.0,2
202400046031,2024-06-14,matin,,,30,30123,1,1,2,3,1,Autoroute,70.0,1
202400046032,2024-12-06,soirée,,,13,13001,3,1,3,3,3,Départementale,50.0,1
202400046033,2024-06-13,après-midi,,,17,17188,1,1,7,2,3,Départementale,80.0,1
202400046034,2024-10-26,matin,,,87,87085,5,3,3,4,2,Nationale,50.0,2
202400046035,2024-06-06,matin,,,74,74081,1,1,6,3,3,Départementale,50.0,1
202400046036,2024-08-22,matin,,,41,41220,2,5,1,3,3,Départementale,80.0,1
202400046037,2024-12-06,matin,,,10,10357,1,1,6,3,6,Autre,30.0,1
202400046038,2024-07-15,nuit,,,45,45093,3,1,6,2,3,Départementale,90.0,1
202400046039,2024-10-30,soirée,,,85,85191,3,1,1,4,3,Départementale,80.0,1
202400046040,2024-08-22,matin,,,77,77264,1,1,6,2,3,Départementale,80.0,1
202400046041,2024-04-29,soirée,,,74,74118,1,1,7,4,1,Autoroute,70.0,9
202400046042,2024-06-13,matin,,,987,98725,2,8,3,3,2,Nationale,40.0,1
202400046043,2024-07-13,après-midi,,,43,43092,1,1,7,4,5,Autre,,3
202400046044,2024-12-05,matin,,,07,07102,1,1,6,4,4,Voie communale,50.0,1
202400046045,2024-10-25,après-midi,,,84,84031,1,1,3,4,4,Voie communale,50.0,1
202400046046,2024-07-16,après-midi,,,07,07064,1,1,7,3,4,Voie communale,30.0,1
202400046047,2024-07-28,soirée,,,57,57540,2,1,3,4,1,Autoroute,130.0,1
202400046048,2024-08-22,matin,,,30,30258,1,1,2,4,3,Départementale,70.0,1
202400046049,2024-06-13,matin,,,988,98814,1,1,5,4,2,Nationale,,1
202400046050,2024-12-06,matin,,,06,06088,1,1,3,3,7,Autre,50.0,2
202400046051,2024-10-29,soirée,,,80,80021,2,1,1,4,4,Voie communale,50.0,1
202400046052,2024-07-15,nuit,,,07,07061,3,1,7,4,3,Départementale,80.0,1
202400046053,2024-07-26,matin,,,57,57013,1,2,1,2,4,Voie communale,50.0,2
202400046054,2024-12-04,après-midi,,,06,06027,1,1,1,4,4,Voie communale,50.0,1
202400046055,2024-08-22,après-midi,,,71,71512,1,1,1,3,3,Départementale,90.0,1
202400046056,2024-06-13,matin,,,77,77388,1,1,2,4,3,Départementale,30.0,1
202400046057,2024-07-16,matin,,,40,40273,2,1,6,3,3,Départementale,50.0,1
202400046058,2024-10-31,après-midi,,,05,05061,1,1,6,4,2,Nationale,50.0,1
202400046059,2024-06-14,nuit,,,13,13074,3,1,1,3,3,Départementale,,1
202400046060,2024-10-27,après-midi,,,80,80021,1,1,3,4,4,Voie communale,30.0,1
202400046061,2024-07-28,matin,,,57,57256,1,1,1,4,7,Autre,70.0,2
202400046062,2024-08-21,après-midi,,,68,68269,1,1,3,3,3,Départementale,50.0,1
202400046063,2024-12-04,nuit,,,02,02691,5,1,6,3,4,Voie communale,50.0,1
202400046064,2024-07-16,soirée,,,68,68317,1,1,6,3,3,Départementale,70.0,6
202400046065,2024-09-24,soirée,,,987,98735,5,1,7,4,3,Départementale,50.0,1
202400046066,2024-07-15,matin,,,04,04188,1,1,3,3,3,Départementale,50.0,1
202400046067,2024-06-10,après-midi,,,71,71210,1,1,3,4,4,Voie communale,50.0,1
202400046068,2024-08-22,matin,,,69,69054,1,1,7,3,3,Départementale,80.0,1
202400046069,2024-07-15,soirée,,,04,04006,1,1,6,3,3,Départementale,30.0,1
202400046070,2024-06-14,matin,,,03,03298,1,2,7,4,3,Départementale,50.0,2
202400046071,2024-12-05,nuit,,,75,75116,5,2,2,3,4,Voie communale,50.0,2
202400046072,2024-10-30,matin,,,78,78123,1,8,3,4,3,Départementale,50.0,1
202400046073,2024-08-21,après-midi,,,87,87099,1,1,7,3,3,Départementale,90.0,1
202400046074,2024-09-25,après-midi,,,974,97416,1,1,3,4,4,Voie communale,50.0,1
202400046075,2024-08-21,après-midi,,,79,79270,1,1,7,2,4,Voie communale,50.0,1
202400046076,2024-06-13,après-midi,,,38,38091,1,1,3,4,3,Départementale,70.0,1
202400046077,2024-12-04,matin,,,75,75120,1,1,2,3,4,Voie communale,50.0,1
202400046078,2024-10-30,après-midi,,,77,77284,1,1,6,4,4,Voie communale,30.0,1
202400046079,2024-07-13,soirée,,,85,85202,1,1,5,4,3,Départementale,80.0,1
202400046080,2024-06-10,après-midi,,,86,86062,1,1,3,4,4,Voie communale,50.0,1
202400046081,2024-08-22,matin,,,61,61080,1,1,1,2,3,Départementale,90.0,1
202400046082,2024-12-06,après-midi,,,75,75119,1,1,7,4,4,Voie communale,30.0,1
202400046083,2024-10-29,soirée,,,76,76447,3,2,6,4,3,Départementale,80.0,2
202400046084,2024-09-23,après-midi,,,974,97407,1,1,3,4,2,Nationale,50.0,1
202400046085,2024-07-15,après-midi,,,28,28086,1,2,6,4,3,Départementale,80.0,2
202400046086,2024-08-15,après-midi,,,29,29103,1,2,7,3,3,Départementale,50.0,2
202400046087,2024-12-05,nuit,,,75,75118,5,2,3,4,4,Voie communale,,2
202400046088,2024-06-10,après-midi,,,33,33238,1,1,3,3,4,Voie communale,50.0,1
202400046089,2024-09-25,après-midi,,,973,97302,1,1,3,4,3,Départementale,50.0,1
202400046090,2024-08-19,matin,,,29,29058,1,1,6,3,4,Voie communale,30.0,1
202400046091,2024-06-13,après-midi,,,50,50294,1,1,7,2,4,Voie communale,,1
202400046092,2024-07-14,nuit,,,28,28170,3,1,1,4,3,Départementale,50.0,1
202400046093,2024-12-06,après-midi,,,75,75117,1,1,3,4,4,Voie communale,30.0,1
202400046094,2024-09-25,matin,,,69,69386,5,1,6,4,4,Voie communale,50.0,1
202400046095,2024-10-30,après-midi,,,73,73222,1,1,3,4,4,Voie communale,50.0,1
202400046096,2024-08-20,après-midi,,,60,60134,1,3,2,4,3,Départementale,110.0,2
202400046097,2024-06-07,après-midi,,,56,56151,1,1,2,4,3,Départementale,80.0,1
202400046098,2024-10-30,après-midi,,,73,73065,1,1,3,4,4,Voie communale,30.0,1
202400046099,2024-12-04,nuit,,,75,75115,5,1,3,4,4,Voie communale,30.0,1
202400046100,2024-09-25,matin,,,972,97209,1,2,4,4,1,Autoroute,90.0,2
202400046101,2024-08-22,après-midi,,,60,60211,1,1,3,2,3,Départementale,80.0,1
202400046102,2024-07-15,après-midi,,,17,17087,1,1,4,4,3,Départementale,80.0,1
202400046103,2024-06-13,après-midi,,,35,35004,1,1,3,3,3,Départementale,70.0,1
202400046104,2024-10-27,matin,,,72,72181,2,2,6,4,4,Voie communale,50.0,2
202400046105,2024-12-05,soirée,,,75,75114,5,2,2,4,4,Voie communale,30.0,2
202400046106,2024-09-25,matin,,,69,69385,1,1,6,3,4,Voie communale,30.0,1
202400046107,2024-07-22,après-midi,,,59,59002,1,1,6,4,3,Départementale,70.0,1
202400046108,2024-10-27,après-midi,,,72,72181,1,1,3,4,4,Voie communale,50.0,1
202400046109,2024-07-11,après-midi,,,30,30336,1,1,2,3,3,Départementale,80.0,1
202400046110,2024-09-24,matin,,,971,97101,1,1,3,4,3,Départementale,50.0,1
202400046111,2024-06-24,après-midi,,,33,33249,1,1,2,4,1,Autoroute,90.0,1
202400046112,2024-06-14,matin,,,60,60157,1,8,6,3,3,Départementale,50.0,1
202400046113,2024-07-15,nuit,,,30,30089,3,1,7,3,3,Départementale,80.0,1
202400046114,2024-12-06,matin,,,75,75113,2,8,2,4,4,Voie communale,30.0,1
202400046115,2024-10-30,matin,,,69,69266,5,5,3,4,4,Voie communale,30.0,2
202400046116,2024-08-21,nuit,,,91,91573,3,9,2,4,2,Nationale,90.0,2
202400046117,2024-06-13,matin,,,13,13215,1,1,3,4,1,Autoroute,70.0,1
202400046118,2024-09-22,nuit,,,971,97113,4,1,1,4,2,Nationale,50.0,2
202400046119,2024-12-06,après-midi,,,75,75110,1,1,3,4,4,Voie communale,30.0,1
202400046120,2024-10-30,soirée,,,69,69259,5,1,3,4,4,Voie communale,50.0,1
202400046121,2024-08-20,soirée,,,93,93066,5,2,2,4,1,Autoroute,90.0,2
202400046122,2024-06-12,après-midi,,,83,83062,1,1,4,4,1,Autoroute,90.0,1
202400046123,2024-09-25,matin,,,91,91544,1,2,1,4,3,Départementale,50.0,2
202400046124,2024-10-30,matin,,,69,69091,2,5,3,3,7,Autre,80.0,2
202400046125,2024-12-06,après-midi,,,75,75108,1,1,2,4,4,Voie communale,50.0,1
202400046126,2024-08-20,soirée,,,95,95527,2,3,6,4,1,Autoroute,110.0,2
202400046127,2024-06-09,nuit,,,69,69286,3,1,2,4,1,Autoroute,70.0,1
202400046128,2024-10-30,après-midi,,,68,68224,5,5,6,4,4,Voie communale,50.0,1
202400046129,2024-12-06,nuit,,,75,75108,5,1,7,3,4,Voie communale,30.0,2
202400046130,2024-08-20,après-midi,,,92,92036,1,3,3,4,1,Autoroute,70.0,2
202400046131,2024-09-25,après-midi,,,86,86194,1,8,3,4,4,Voie communale,30.0,2
202400046132,2024-06-08,soirée,,,69,69296,1,1,2,4,1,Autoroute,110.0,1
202400046133,2024-12-06,après-midi,,,75,75104,2,1,6,4,4,Voie communale,30.0,1
202400046134,2024-10-29,soirée,,,67,67218,5,1,3,4,4,Voie communale,30.0,1
202400046135,2024-09-24,après-midi,,,84,84007,1,1,6,4,4,Voie communale,30.0,1
202400046136,2024-06-13,matin,,,33,33318,1,1,2,4,1,Autoroute,90.0,1
202400046137,2024-08-18,nuit,,,93,93066,5,2,2,4,1,Autoroute,90.0,2
202400046138,2024-12-06,nuit,,,75,75102,5,2,7,4,4,Voie communale,30.0,2
202400046139,2024-09-25,après-midi,,,78,78481,1,3,3,4,3,Départementale,30.0,2
202400046140,2024-10-28,soirée,,,67,67482,5,1,3,4,4,Voie communale,50.0,1
202400046141,2024-06-07,soirée,,,59,59016,1,1,2,4,2,Nationale,90.0,1
202400046142,2024-09-25,matin,,,78,78401,1,1,6,3,3,Départementale,30.0,2
202400046143,2024-12-05,après-midi,,,94,94081,5,2,3,4,3,Départementale,50.0,2
202400046144,2024-10-29,soirée,,,67,67462,3,8,2,4,3,Départementale,80.0,1
202400046145,2024-06-13,matin,,,91,91228,1,1,4,4,2,Nationale,70.0,1
202400046146,2024-09-22,matin,,,78,78401,1,2,6,4,3,Départementale,50.0,2
202400046147,2024-10-29,après-midi,,,64,64348,1,8,6,2,4,Voie communale,50.0,1
202400046148,2024-12-06,soirée,,,94,94078,5,1,3,4,4,Voie communale,50.0,1
202400046149,2024-06-12,soirée,,,92,92050,1,1,3,4,1,Autoroute,90.0,1
202400046150,2024-10-30,soirée,,,64,64122,5,1,6,4,4,Voie communale,50.0,1
202400046151,2024-12-05,soirée,,,94,94078,3,2,6,4,3,Départementale,50.0,2
202400046152,2024-04-23,soirée,,,38,38185,1,2,3,3,4,Voie communale,50.0,2
202400046153,2024-12-06,nuit,,,94,94028,5,2,6,4,4,Voie communale,50.0,2
202400046154,2024-10-27,après-midi,,,63,63113,1,1,3,3,7,Autre,,1
202400046155,2024-06-13,soirée,,,93,93078,1,1,2,4,1,Autoroute,90.0,1
202400046156,2024-08-20,après-midi,,,976,97611,1,2,3,4,4,Voie communale,50.0,2
202400046157,2024-09-25,matin,,,76,76351,1,1,3,3,4,Voie communale,50.0,1
202400046158,2024-10-30,matin,,,61,61001,1,2,2,4,4,Voie communale,30.0,2
202400046159,2024-12-06,nuit,,,94,94028,4,2,2,4,3,Départementale,,2
202400046160,2024-08-20,matin,,,974,97416,1,1,3,4,3,Départementale,50.0,1
202400046161,2024-06-13,matin,,,93,93007,1,1,2,4,1,Autoroute,110.0,1
202400046162,2024-09-23,soirée,,,76,76351,5,1,3,4,4,Voie communale,50.0,1
202400046163,2024-10-25,matin,,,59,59447,4,1,3,2,4,Voie communale,50.0,1
202400046164,2024-08-20,après-midi,,,972,97213,1,1,2,4,3,Départementale,70.0,1
202400046165,2024-12-06,matin,,,94,94022,5,1,3,4,3,Départementale,50.0,1
202400046166,2024-06-12,matin,,,93,93013,1,1,4,3,1,Autoroute,90.0,1
202400046167,2024-10-27,après-midi,,,59,59383,1,1,6,2,3,Départementale,50.0,1
202400046168,2024-08-20,nuit,,,972,97213,5,1,7,2,1,Autoroute,90.0,1
202400046169,2024-12-06,matin,,,94,94071,5,1,6,4,3,Départementale,50.0,1
202400046170,2024-09-25,après-midi,,,71,71486,1,1,3,4,4,Voie communale,50.0,1
202400046171,2024-06-12,matin,,,93,93007,1,1,3,4,1,Autoroute,90.0,1
202400046172,2024-09-25,soirée,,,69,69256,5,3,6,3,4,Voie communale,50.0,2
202400046173,2024-12-04,matin,,,94,94071,1,8,1,4,4,Voie communale,50.0,1
202400046174,2024-10-30,nuit,,,59,59350,5,1,3,3,7,Autre,50.0,1
202400046175,2024-08-20,soirée,,,69,69385,1,1,6,4,4,Voie communale,30.0,1
202400046176,2024-12-05,après-midi,,,94,94002,1,2,3,4,3,Départementale,50.0,2
202400046177,2024-06-13,après-midi,,,77,77059,1,1,2,4,1,Autoroute,90.0,1
202400046178,2024-10-29,nuit,,,49,49015,3,2,7,4,3,Départementale,80.0,2
202400046179,2024-09-25,matin,,,69,69259,1,1,6,4,4,Voie communale,10.0,1
202400046180,2024-08-19,matin,,,2B,2B037,1,1,2,4,2,Nationale,70.0,1
202400046181,2024-10-29,après-midi,,,49,49007,1,1,3,4,4,Voie communale,50.0,1
202400046182,2024-12-05,soirée,,,93,93072,5,2,5,4,3,Départementale,50.0,2
202400046183,2024-09-25,après-midi,,,64,64102,1,1,3,4,4,Voie communale,50.0,1
202400046184,2024-08-19,matin,,,971,97101,1,1,6,4,3,Départementale,50.0,1
202400046185,2024-10-30,après-midi,,,42,42218,1,1,3,4,4,Voie communale,50.0,1
202400046186,2024-08-19,nuit,,,971,97113,5,1,6,2,2,Nationale,90.0,1
202400046187,2024-12-06,après-midi,,,93,93048,1,1,1,3,3,Départementale,50.0,1
202400046188,2024-09-25,matin,,,63,63113,2,1,1,4,4,Voie communale,50.0,1
202400046189,2024-09-20,soirée,,,61,61218,1,1,6,4,3,Départementale,50.0,1
202400046190,2024-08-20,matin,,,2A,2A004,1,1,6,3,4,Voie communale,50.0,1
202400046191,2024-09-25,après-midi,,,60,60057,1,1,3,4,4,Voie communale,50.0,1
202400046192,2024-12-06,matin,,,93,93046,1,1,3,4,4,Voie communale,50.0,1
202400046193,2024-08-19,après-midi,,,95,95424,1,1,3,4,3,Départementale,50.0,1
202400046194,2024-09-23,après-midi,,,57,57491,1,1,6,4,4,Voie communale,50.0,1
202400046195,2024-12-06,matin,,,93,93047,1,1,6,4,3,Départementale,50.0,1
202400046196,2024-10-28,soirée,,,34,34003,5,1,6,4,4,Voie communale,50.0,1
202400046197,2024-08-20,soirée,,,91,91027,1,2,3,4,3,Départementale,50.0,2
202400046198,2024-12-06,soirée,,,92,92078,5,1,3,4,3,Départementale,30.0,1
202400046199,2024-10-30,matin,,,32,32013,1,1,2,4,2,Nationale,50.0,1
202400046200,2024-09-25,après-midi,,,54,54547,1,1,3,4,4,Voie communale,30.0,1
202400046201,2024-08-19,nuit,,,87,87085,5,1,3,4,4,Voie communale,30.0,1
202400046202,2024-12-06,après-midi,,,92,92047,3,1,3,4,3,Départementale,50.0,1
202400046203,2024-09-25,matin,,,54,54395,1,1,3,4,4,Voie communale,50.0,1
202400046204,2024-08-19,après-midi,,,87,87085,1,1,6,3,4,Voie communale,50.0,1
202400046205,2024-10-30,soirée,,,22,22215,3,1,5,4,4,Voie communale,50.0,1
202400046206,2024-12-06,après-midi,,,92,92050,1,1,3,4,4,Voie communale,30.0,1
202400046207,2024-09-24,après-midi,,,54,54547,1,1,4,4,4,Voie communale,50.0,1
202400046208,2024-12-06,nuit,,,92,92049,5,3,6,3,3,Départementale,50.0,2
202400046209,2024-08-20,matin,,,83,83126,1,1,1,4,4,Voie communale,50.0,1
202400046210,2024-09-05,après-midi,,,19,19272,1,1,6,3,3,Départementale,50.0,1
202400046211,2024-09-24,matin,,,54,54395,1,2,3,4,4,Voie communale,30.0,2
202400046212,2024-12-04,soirée,,,92,92020,5,1,6,4,3,Départementale,50.0,1
202400046213,2024-10-30,après-midi,,,18,18213,1,1,1,4,3,Départementale,90.0,1
202400046214,2024-08-20,soirée,,,81,81163,5,1,3,3,2,Nationale,50.0,1
202400046215,2024-09-25,matin,,,54,54323,3,1,3,4,3,Départementale,50.0,1
202400046216,2024-12-06,matin,,,92,92040,1,1,1,4,3,Départementale,30.0,1
202400046217,2024-10-30,après-midi,,,17,17300,1,1,6,4,4,Voie communale,6.0,1
202400046218,2024-08-19,matin,,,80,80021,1,1,5,4,3,Départementale,30.0,1
202400046219,2024-09-20,nuit,,,50,50129,3,1,6,3,4,Voie communale,50.0,1
202400046220,2024-12-06,nuit,,,92,92026,5,2,3,4,3,Départementale,50.0,2
202400046221,2024-10-30,soirée,,,14,14220,5,1,6,4,3,Départementale,50.0,1
202400046222,2024-07-02,après-midi,,,76,76212,1,1,6,4,4,Voie communale,15.0,1
202400046223,2024-09-25,après-midi,,,49,49267,1,2,3,2,4,Voie communale,50.0,2
202400046224,2024-12-06,nuit,,,92,92024,5,1,3,4,3,Départementale,50.0,1
202400046225,2024-10-30,soirée,,,13,13211,5,1,2,4,4,Voie communale,50.0,1
202400046226,2024-08-20,matin,,,72,72181,1,1,2,4,4,Voie communale,50.0,1
202400046227,2024-12-06,après-midi,,,92,92071,1,1,3,3,3,Départementale,30.0,1
202400046228,2024-09-25,soirée,,,47,47001,1,1,6,4,3,Départementale,50.0,1
202400046229,2024-10-30,nuit,,,13,13203,5,1,3,4,4,Voie communale,50.0,1
202400046230,2024-12-03,après-midi,,,92,92004,5,1,5,4,3,Départementale,50.0,1
202400046231,2024-09-24,après-midi,,,45,45208,1,7,6,4,4,Voie communale,50.0,1
202400046232,2024-08-21,nuit,,,69,69264,5,1,5,4,4,Voie communale,50.0,1
202400046233,2024-09-30,soirée,,,13,13005,5,1,1,4,4,Voie communale,50.0,1
202400046234,2024-12-06,après-midi,,,01,01290,1,1,1,4,3,Départementale,80.0,1
202400046235,2024-09-24,soirée,,,44,44143,1,7,6,3,4,Voie communale,50.0,1
202400046236,2024-12-07,matin,,,83,83072,4,1,6,3,3,Départementale,80.0,1
202400046237,2024-10-30,soirée,,,13,13001,5,1,1,4,4,Voie communale,50.0,1
202400046238,2024-08-19,après-midi,,,69,69259,1,1,3,4,4,Voie communale,50.0,1
202400046239,2024-12-07,soirée,,,95,95487,5,2,3,4,3,Départementale,,2
202400046240,2024-09-23,après-midi,,,39,39300,1,1,6,4,3,Départementale,50.0,1
202400046241,2024-08-20,après-midi,,,67,67365,1,1,3,4,4,Voie communale,50.0,1
202400046242,2024-10-29,matin,,,10,10387,2,1,3,4,4,Voie communale,50.0,2
202400046243,2024-12-06,nuit,,,28,28425,3,1,2,4,1,Autoroute,130.0,1
202400046244,2024-09-25,matin,,,37,37261,1,2,6,4,4,Voie communale,50.0,2
202400046245,2024-10-30,matin,,,06,06027,1,1,6,4,4,Voie communale,50.0,1
202400046246,2024-12-07,matin,,,974,97404,1,1,7,3,9,Autre,,1
202400046247,2024-08-19,soirée,,,64,64269,1,1,2,3,3,Départementale,50.0,1
202400046248,2024-10-30,soirée,,,75,75113,5,1,7,4,4,Voie communale,50.0,1
202400046249,2024-09-24,après-midi,,,37,37261,1,1,6,4,4,Voie communale,50.0,1
202400046250,2024-12-06,après-midi,,,972,97222,1,1,4,3,2,Nationale,80.0,1
202400046251,2024-08-20,après-midi,,,64,64122,1,1,3,4,4,Voie communale,30.0,1
202400046252,2024-10-30,soirée,,,75,75113,5,1,3,4,4,Voie communale,50.0,1
202400046253,2024-12-06,matin,,,21,21485,1,1,2,4,1,Autoroute,110.0,2
202400046254,2024-09-25,soirée,,,36,36044,1,2,2,4,3,Départementale,70.0,2
202400046255,2024-08-20,matin,,,63,63014,1,1,6,4,7,Autre,70.0,1
202400046256,2024-10-30,matin,,,75,75118,1,1,1,4,4,Voie communale,30.0,1
202400046257,2024-11-29,soirée,,,01,01033,5,1,3,3,3,Départementale,50.0,1
202400046258,2024-08-15,après-midi,,,62,62765,1,1,2,4,3,Départementale,50.0,1
202400046259,2024-10-30,après-midi,,,75,75116,2,1,2,3,4,Voie communale,30.0,1
202400046260,2024-09-25,matin,,,34,34172,1,1,3,4,4,Voie communale,50.0,1
202400046261,2024-12-06,après-midi,,,974,97413,1,1,1,4,3,Départementale,50.0,1
202400046262,2024-08-19,après-midi,,,62,62427,1,1,6,3,4,Voie communale,50.0,1
202400046263,2024-10-30,matin,,,75,75114,1,1,3,4,4,Voie communale,30.0,1
202400046264,2024-08-18,nuit,,,62,62570,5,1,6,4,4,Voie communale,50.0,1
202400046265,2024-09-25,matin,,,13,13001,1,1,3,4,4,Voie communale,50.0,1
202400046266,2024-10-30,après-midi,,,75,75113,1,1,7,4,4,Voie communale,30.0,1
202400046267,2024-08-20,après-midi,,,59,59279,1,3,3,4,6,Autre,15.0,2
202400046268,2024-09-25,matin,,,09,09122,1,1,1,4,3,Départementale,50.0,1
202400046269,2024-10-30,matin,,,75,75111,1,1,3,4,4,Voie communale,30.0,1
202400046270,2024-12-06,soirée,,,974,97413,3,1,5,4,2,Nationale,110.0,1
202400046271,2024-08-20,matin,,,56,56260,1,3,3,4,4,Voie communale,50.0,2
202400046272,2024-09-25,matin,,,06,06088,1,1,3,3,7,Autre,50.0,1
202400046273,2024-10-30,matin,,,94,94068,1,8,6,4,4,Voie communale,30.0,1
202400046274,2024-12-05,après-midi,,,89,89398,3,3,1,4,3,Départementale,80.0,2
202400046275,2024-08-20,après-midi,,,54,54395,1,1,3,4,4,Voie communale,30.0,1
202400046276,2024-09-24,soirée,,,06,06027,5,1,3,4,4,Voie communale,50.0,1