Num_Acc,date,time_of_day,lat,long,dep,com,lum,atm,col,severity_index,catr,catr_label,vma,surf
202400046277,2024-10-30,matin,,,94,94068,1,1,3,4,3,Départementale,30.0,1
202400046278,2024-12-07,nuit,,,63,63055,3,2,6,4,3,Départementale,90.0,2
202400046279,2024-08-20,nuit,,,54,54025,5,1,6,4,7,Autre,50.0,1
202400046280,2024-12-06,matin,,,61,61116,1,7,6,3,3,Départementale,50.0,1
202400046281,2024-09-24,après-midi,,,01,01451,1,1,3,4,3,Départementale,50.0,1
202400046282,2024-10-30,après-midi,,,93,93073,1,1,3,4,4,Voie communale,50.0,1
202400046283,2024-12-06,matin,,,35,35018,1,1,3,3,3,Départementale,80.0,1
202400046284,2024-08-20,matin,,,51,51454,1,1,7,4,3,Départementale,,1
202400046285,2024-09-24,soirée,,,75,75119,1,2,3,4,4,Voie communale,50.0,2
202400046286,2024-10-30,après-midi,,,93,93066,1,1,6,4,4,Voie communale,50.0,1
202400046287,2024-11-26,matin,,,38,38399,1,1,3,3,3,Départementale,80.0,1
202400046288,2024-08-19,nuit,,,50,50129,5,1,7,4,4,Voie communale,50.0,1
202400046289,2024-09-24,matin,,,75,75120,1,2,6,4,4,Voie communale,30.0,2
202400046290,2024-12-07,matin,,,38,38171,1,3,3,4,3,Départementale,80.0,2
202400046291,2024-08-20,matin,,,47,47001,1,1,3,4,3,Départementale,50.0,1
202400046292,2024-10-30,nuit,,,93,93066,5,1,5,4,3,Départementale,50.0,1
202400046293,2024-12-07,après-midi,,,03,03239,1,2,7,2,3,Départementale,90.0,2
202400046294,2024-09-25,nuit,,,75,75119,5,3,6,4,4,Voie communale,30.0,2
202400046295,2024-08-19,après-midi,,,47,47001,1,1,1,4,4,Voie communale,30.0,1
202400046296,2024-10-30,soirée,,,93,93010,3,1,3,4,3,Départementale,50.0,1
202400046297,2024-12-06,après-midi,,,14,14348,5,1,3,3,3,Départementale,70.0,1
202400046298,2024-09-25,après-midi,,,75,75119,1,2,7,4,4,Voie communale,30.0,2
202400046299,2024-08-20,soirée,,,42,42044,1,1,2,4,7,Autre,50.0,1
202400046300,2024-10-30,matin,,,93,93077,1,1,2,4,3,Départementale,50.0,1
202400046301,2024-12-06,après-midi,,,50,50256,1,1,2,3,3,Départementale,,1
202400046302,2024-08-09,après-midi,,,40,40279,1,1,1,4,3,Départementale,70.0,1
202400046303,2024-09-25,après-midi,,,75,75118,1,2,2,3,4,Voie communale,30.0,2
202400046304,2024-12-06,après-midi,,,43,43268,1,1,6,4,3,Départementale,30.0,1
202400046305,2024-10-30,soirée,,,93,93050,5,1,3,4,4,Voie communale,30.0,1
202400046306,2024-08-20,après-midi,,,37,37261,1,1,2,4,4,Voie communale,50.0,1
202400046307,2024-09-25,après-midi,,,75,75117,1,2,3,4,4,Voie communale,30.0,2
202400046308,2024-12-06,après-midi,,,07,07308,1,1,2,3,3,Départementale,50.0,1
202400046309,2024-10-27,nuit,,,93,93005,3,1,3,4,3,Départementale,50.0,1
202400046310,2024-08-20,après-midi,,,37,37122,1,1,3,4,4,Voie communale,50.0,1
202400046311,2024-12-06,soirée,,,52,52470,5,1,6,4,3,Départementale,50.0,1
202400046312,2024-09-25,soirée,,,75,75108,1,2,6,4,4,Voie communale,30.0,2
202400046313,2024-10-30,après-midi,,,92,92064,1,1,2,4,3,Départementale,50.0,1
202400046314,2024-08-20,soirée,,,33,33281,3,1,1,4,4,Voie communale,50.0,1
202400046315,2024-12-06,soirée,,,69,69050,3,1,3,2,1,Autoroute,110.0,2
202400046316,2024-09-25,après-midi,,,75,75116,1,2,6,4,4,Voie communale,30.0,2
202400046317,2024-12-04,soirée,,,67,67506,3,1,4,4,1,Autoroute,110.0,1
202400046318,2024-10-30,soirée,,,92,92051,5,1,4,4,2,Nationale,50.0,1
202400046319,2024-09-25,après-midi,,,75,75115,1,8,6,4,4,Voie communale,30.0,2
202400046320,2024-08-19,après-midi,,,30,30189,1,1,3,3,4,Voie communale,50.0,1
202400046321,2024-10-29,matin,,,54,54173,3,5,7,3,4,Voie communale,80.0,2
202400046322,2024-09-25,après-midi,,,75,75115,1,2,6,4,4,Voie communale,30.0,2
202400046323,2024-08-20,soirée,,,30,30243,1,1,3,4,3,Départementale,70.0,1
202400046324,2024-12-02,après-midi,,,13,13037,1,1,2,4,1,Autoroute,110.0,1
202400046325,2024-10-30,soirée,,,06,06114,3,1,3,4,7,Autre,,1
202400046326,2024-09-25,après-midi,,,75,75114,1,2,2,4,4,Voie communale,30.0,2
202400046327,2024-08-20,nuit,,,29,29232,5,2,6,3,3,Départementale,70.0,2
202400046328,2024-11-26,soirée,,,21,21473,3,1,4,4,7,Autre,80.0,1
202400046329,2024-10-30,matin,,,40,40304,1,8,3,4,3,Départementale,30.0,1
202400046330,2024-09-24,soirée,,,75,75112,5,8,3,4,4,Voie communale,30.0,2
202400046331,2024-12-06,soirée,,,45,45315,5,8,6,4,3,Départementale,50.0,1
202400046332,2024-10-30,soirée,,,972,97204,5,1,3,3,2,Nationale,30.0,1
202400046333,2024-12-07,nuit,,,95,95355,2,1,6,4,4,Voie communale,70.0,2
202400046334,2024-09-25,après-midi,,,75,75110,1,2,6,4,4,Voie communale,30.0,2
202400046335,2024-12-06,soirée,,,34,34182,3,1,1,3,3,Départementale,90.0,1
202400046336,2024-10-31,matin,,,35,35226,2,1,2,3,3,Départementale,80.0,1
202400046337,2024-09-25,matin,,,75,75107,1,8,6,4,4,Voie communale,30.0,1
202400046338,2024-10-30,après-midi,,,68,68289,5,1,1,3,3,Départementale,50.0,1
202400046339,2024-09-25,nuit,,,75,75103,5,2,6,4,4,Voie communale,30.0,2
202400046340,2024-10-29,après-midi,,,01,01448,1,1,6,2,3,Départementale,50.0,1
202400046341,2024-09-25,matin,,,75,75103,1,2,7,4,4,Voie communale,30.0,2
202400046342,2024-11-24,soirée,,,68,68344,5,1,1,4,3,Départementale,50.0,1
202400046343,2024-10-31,après-midi,,,56,56190,1,1,1,3,3,Départementale,80.0,1
202400046344,2024-09-24,soirée,,,75,75104,2,2,1,4,4,Voie communale,30.0,2
202400046345,2024-12-06,après-midi,,,73,73150,1,1,5,4,2,Nationale,70.0,1
202400046346,2024-10-30,soirée,,,59,59130,3,1,1,3,3,Départementale,,1
202400046347,2024-12-07,matin,,,42,42147,1,2,6,4,3,Départementale,50.0,2
202400046348,2024-10-30,soirée,,,82,82025,3,8,7,4,4,Voie communale,80.0,1
202400046349,2024-09-24,nuit,,,94,94074,5,1,2,4,2,Nationale,,1
202400046350,2024-12-06,après-midi,,,38,38176,1,1,1,4,3,Départementale,80.0,2
202400046351,2024-10-31,après-midi,,,82,82121,1,1,3,3,3,Départementale,80.0,1
202400046352,2024-12-07,nuit,,,01,01043,5,1,7,4,3,Départementale,50.0,1
202400046353,2024-09-25,matin,,,94,94052,5,1,1,4,3,Départementale,50.0,1
202400046354,2024-12-07,matin,,,69,69069,1,1,6,4,7,Autre,30.0,1
202400046355,2024-10-31,soirée,,,69,69088,5,1,2,4,7,Autre,50.0,1
202400046356,2024-09-25,soirée,,,94,94016,2,2,6,4,3,Départementale,50.0,2
202400046357,2024-12-07,matin,,,85,85112,3,8,3,3,3,Départementale,80.0,2
202400046358,2024-10-31,matin,,,63,63229,1,1,1,4,3,Départementale,90.0,1
202400046359,2024-09-25,soirée,,,94,94073,1,3,6,4,3,Départementale,50.0,2
202400046360,2024-11-28,matin,,,27,27365,1,1,1,4,3,Départementale,70.0,1
202400046361,2024-09-24,soirée,,,94,94028,1,1,6,4,3,Départementale,30.0,1
202400046362,2024-10-31,matin,,,55,55046,2,5,3,4,3,Départementale,90.0,2
202400046363,2024-11-19,nuit,,,13,13212,5,1,3,4,1,Autoroute,70.0,1
202400046364,2024-10-30,nuit,,,49,49167,3,1,1,4,3,Départementale,110.0,1
202400046365,2024-09-25,nuit,,,93,93001,5,2,3,3,3,Départementale,50.0,2
202400046366,2024-12-06,après-midi,,,13,13001,1,1,3,4,1,Autoroute,90.0,1
202400046367,2024-10-31,nuit,,,12,12026,3,1,6,3,3,Départementale,90.0,1
202400046368,2024-09-20,soirée,,,93,93071,1,2,6,4,4,Voie communale,50.0,2
202400046369,2024-12-06,matin,,,13,13215,1,1,4,4,1,Autoroute,90.0,1
202400046370,2024-10-30,soirée,,,42,42118,3,5,6,4,3,Départementale,80.0,1
202400046371,2024-09-24,soirée,,,93,93070,2,2,6,4,3,Départementale,50.0,2
202400046372,2024-10-22,après-midi,,,39,39062,1,1,6,3,3,Départementale,30.0,1
202400046373,2024-12-04,matin,,,13,13202,1,1,5,4,1,Autoroute,50.0,1
202400046374,2024-09-25,après-midi,,,93,93066,1,2,1,4,3,Départementale,50.0,2
202400046375,2024-12-06,nuit,,,13,13215,5,1,3,4,1,Autoroute,90.0,1
202400046376,2024-10-30,soirée,,,02,02558,5,1,1,3,4,Voie communale,50.0,2
202400046377,2024-09-25,nuit,,,93,93048,5,1,3,4,3,Départementale,30.0,1
202400046378,2024-12-05,après-midi,,,83,83137,1,1,4,2,1,Autoroute,70.0,1
202400046379,2024-10-13,nuit,,,02,02439,3,1,6,4,3,Départementale,,1
202400046380,2024-09-25,nuit,,,93,93014,5,1,3,4,3,Départementale,50.0,1
202400046381,2024-12-06,soirée,,,33,33143,3,1,4,4,1,Autoroute,130.0,1
202400046382,2024-10-30,matin,,,03,03105,1,5,3,3,3,Départementale,90.0,1
202400046383,2024-09-25,après-midi,,,93,93029,1,2,1,4,4,Voie communale,50.0,2
202400046384,2024-12-06,après-midi,,,33,33143,3,1,2,4,1,Autoroute,130.0,1
202400046385,2024-10-29,après-midi,,,01,01239,1,1,6,4,9,Autre,30.0,1
202400046386,2024-09-25,nuit,,,93,93047,5,1,6,4,4,Voie communale,50.0,2
202400046387,2024-12-06,soirée,,,94,94003,5,1,3,4,1,Autoroute,70.0,1
202400046388,2024-10-12,matin,,,26,26376,1,1,1,3,3,Départementale,80.0,1
202400046389,2024-12-06,soirée,,,91,91174,3,1,2,4,2,Nationale,90.0,1
202400046390,2024-09-24,matin,,,93,93001,1,2,3,4,3,Départementale,50.0,2
202400046391,2024-10-30,soirée,,,58,58026,3,5,6,3,4,Voie communale,80.0,1
202400046392,2024-12-06,nuit,,,75,75113,5,2,7,4,1,Autoroute,50.0,2
202400046393,2024-10-31,matin,,,72,72276,1,1,1,3,3,Départementale,90.0,1
202400046394,2024-09-25,après-midi,,,92,92063,1,2,3,4,3,Départementale,50.0,2
202400046395,2024-10-31,soirée,,,60,60509,5,1,2,4,3,Départementale,50.0,1
202400046396,2024-12-06,nuit,,,78,78545,3,2,3,4,1,Autoroute,110.0,2
202400046397,2024-09-25,matin,,,92,92051,1,2,3,4,4,Voie communale,50.0,2
202400046398,2024-10-30,après-midi,,,07,07201,5,1,1,4,3,Départementale,50.0,1
202400046399,2024-12-04,après-midi,,,78,78322,1,1,4,4,2,Nationale,90.0,1
202400046400,2024-09-25,matin,,,92,92049,1,2,7,4,3,Départementale,50.0,2
202400046401,2024-10-31,soirée,,,21,21308,3,1,6,4,3,Départementale,80.0,1
202400046402,2024-09-23,soirée,,,92,92025,5,1,6,4,3,Départementale,50.0,1
202400046403,2024-12-06,matin,,,93,93066,1,1,5,4,1,Autoroute,90.0,1
202400046404,2024-10-30,après-midi,,,30,30062,1,1,2,4,3,Départementale,30.0,1
202400046405,2024-12-06,matin,,,93,93027,3,1,3,4,1,Autoroute,90.0,2
202400046406,2024-10-30,matin,,,52,52377,1,1,6,3,3,Départementale,80.0,1
202400046407,2024-12-05,nuit,,,95,95018,3,1,6,4,1,Autoroute,70.0,1
202400046408,2024-09-25,nuit,,,92,92023,5,3,3,4,4,Voie communale,50.0,2
202400046409,2024-10-30,après-midi,,,52,52107,1,1,6,3,4,Voie communale,50.0,1
202400046410,2024-12-04,soirée,,,95,95491,2,1,4,4,1,Autoroute,90.0,1
202400046411,2024-10-31,matin,,,38,38242,1,1,6,2,1,Autoroute,90.0,1
202400046412,2024-09-25,après-midi,,,92,92007,1,2,3,4,3,Départementale,50.0,2
202400046413,2024-12-04,après-midi,,,93,93007,2,1,4,4,1,Autoroute,110.0,1
202400046414,2024-10-31,matin,,,77,77100,1,5,3,4,1,Autoroute,130.0,2
202400046415,2024-12-04,après-midi,,,95,95527,1,1,7,4,1,Autoroute,110.0,1
202400046416,2024-09-25,après-midi,,,92,92004,2,2,3,4,3,Départementale,50.0,2
202400046417,2024-10-29,après-midi,,,01,01049,1,1,6,4,1,Autoroute,110.0,1
202400046418,2024-12-04,matin,,,95,95277,1,1,4,4,1,Autoroute,90.0,1
202400046419,2024-10-23,matin,,,01,01032,1,1,2,4,1,Autoroute,130.0,1
202400046420,2024-09-21,matin,,,35,35250,1,1,6,3,7,Autre,110.0,1
202400046421,2024-07-18,matin,,,13,13110,1,1,3,4,4,Voie communale,50.0,1
202400046422,2024-09-25,matin,,,974,97415,1,1,3,3,9,Autre,30.0,1
202400046423,2024-12-05,nuit,,,976,97611,2,2,1,4,2,Nationale,50.0,2
202400046424,2024-10-30,soirée,,,34,34032,3,1,4,4,1,Autoroute,130.0,1
202400046425,2024-12-04,après-midi,,,974,97416,1,1,2,4,4,Voie communale,50.0,1
202400046426,2024-12-04,matin,,,974,97416,1,1,6,4,4,Voie communale,50.0,1
202400046427,2024-09-26,matin,,,45,45312,3,2,3,3,3,Départementale,80.0,2
202400046428,2024-10-31,après-midi,,,34,34294,1,1,4,3,1,Autoroute,130.0,1
202400046429,2024-09-23,soirée,,,33,33352,2,3,1,3,3,Départementale,50.0,2
202400046430,2024-10-31,matin,,,987,98735,1,1,2,2,4,Voie communale,,1
202400046431,2024-12-04,après-midi,,,972,97209,1,1,6,4,4,Voie communale,50.0,1
202400046432,2024-10-31,après-midi,,,971,97124,1,1,6,3,4,Voie communale,50.0,1
202400046433,2024-12-04,soirée,,,972,97209,5,1,3,4,4,Voie communale,50.0,1
202400046434,2024-09-20,après-midi,,,68,68023,1,1,2,3,3,Départementale,80.0,1
202400046435,2024-12-04,soirée,,,972,97209,5,1,2,4,1,Autoroute,90.0,1
202400046436,2024-09-25,soirée,,,68,68143,5,1,7,2,3,Départementale,50.0,1
202400046437,2024-03-19,nuit,,,972,97230,3,1,1,3,2,Nationale,70.0,1
202400046438,2024-12-05,matin,,,2A,2A004,1,1,3,4,4,Voie communale,50.0,1
202400046439,2024-10-31,nuit,,,95,95535,3,1,5,3,3,Départementale,90.0,1
202400046440,2024-09-26,après-midi,,,37,37179,1,1,5,4,1,Autoroute,130.0,2
202400046441,2024-12-04,soirée,,,91,91345,5,1,4,4,4,Voie communale,50.0,1
202400046442,2024-09-26,matin,,,83,83125,1,2,7,2,3,Départementale,,2
202400046443,2024-10-25,soirée,,,06,06048,5,1,3,4,3,Départementale,50.0,1
202400046444,2024-12-05,nuit,,,91,91687,5,2,6,4,3,Départementale,50.0,2
202400046445,2024-09-24,matin,,,51,51079,1,2,6,3,4,Voie communale,50.0,2
202400046446,2024-09-22,nuit,,,56,56101,3,1,7,4,2,Nationale,110.0,1
202400046447,2024-10-30,après-midi,,,13,13027,1,7,3,3,3,Départementale,50.0,1
202400046448,2024-12-05,soirée,,,91,91589,5,2,3,4,3,Départementale,50.0,2
202400046449,2024-10-30,soirée,,,26,26084,3,1,3,4,1,Autoroute,,1
202400046450,2024-09-24,après-midi,,,76,76070,1,2,3,4,3,Départementale,80.0,2
202400046451,2024-12-04,après-midi,,,90,90010,5,1,6,3,4,Voie communale,50.0,1
202400046452,2024-10-31,matin,,,52,52037,1,5,6,4,3,Départementale,50.0,2
202400046453,2024-09-25,matin,,,65,65455,1,1,6,4,3,Départementale,70.0,1
202400046454,2024-12-04,nuit,,,88,88209,5,2,6,3,4,Voie communale,50.0,2
202400046455,2024-10-30,nuit,,,68,68382,3,5,6,4,4,Voie communale,30.0,2
202400046456,2024-09-26,après-midi,,,65,65446,1,1,7,3,3,Départementale,80.0,1
202400046457,2024-10-31,matin,,,55,55039,1,5,6,3,3,Départementale,90.0,1
202400046458,2024-12-05,nuit,,,87,87085,5,1,3,3,4,Voie communale,50.0,1
202400046459,2024-09-26,après-midi,,,11,11262,1,1,3,3,3,Départementale,80.0,1
202400046460,2024-12-04,après-midi,,,84,84007,1,1,6,4,4,Voie communale,50.0,1
202400046461,2024-09-20,après-midi,,,61,61481,1,1,7,4,3,Départementale,90.0,1
202400046462,2024-10-31,après-midi,,,07,07247,1,1,3,4,2,Nationale,80.0,1
202400046463,2024-09-26,soirée,,,12,12243,2,2,6,4,3,Départementale,90.0,2
202400046464,2024-09-26,après-midi,,,46,46307,1,3,6,2,3,Départementale,80.0,2
202400046465,2024-10-30,soirée,,,69,69134,3,5,1,3,3,Départementale,80.0,1
202400046466,2024-10-30,soirée,,,31,31187,3,1,6,2,3,Départementale,50.0,1
202400046467,2024-09-25,matin,,,47,47185,1,1,5,4,3,Départementale,50.0,1
202400046468,2024-10-29,après-midi,,,29,29237,1,2,3,4,4,Voie communale,70.0,2
202400046469,2024-09-23,soirée,,,44,44194,1,1,3,3,4,Voie communale,30.0,1
202400046470,2024-09-25,soirée,,,29,29027,3,8,6,3,2,Nationale,110.0,1
202400046471,2024-10-30,soirée,,,13,13028,3,1,2,4,1,Autoroute,130.0,1
202400046472,2024-09-25,après-midi,,,29,29037,1,1,1,4,4,Voie communale,30.0,2
202400046473,2024-12-05,après-midi,,,77,77495,2,2,3,3,2,Nationale,50.0,2
202400046474,2024-10-29,nuit,,,67,67482,3,1,7,3,7,Autre,50.0,9
202400046475,2024-09-24,après-midi,,,40,40273,1,7,6,3,3,Départementale,50.0,1
202400046476,2024-12-04,après-midi,,,77,77288,2,1,2,4,4,Voie communale,50.0,1
202400046477,2024-10-26,après-midi,,,62,62907,1,1,3,3,1,Autoroute,130.0,1
202400046478,2024-11-17,nuit,,,77,77445,3,1,7,3,3,Départementale,80.0,1
202400046479,2024-09-26,soirée,,,24,24217,1,8,7,4,4,Voie communale,90.0,2
202400046480,2024-10-26,matin,,,59,59456,3,2,6,3,1,Autoroute,110.0,2
202400046481,2024-12-05,après-midi,,,76,76351,1,1,7,3,4,Voie communale,50.0,1
202400046482,2024-09-25,matin,,,987,98734,1,1,7,3,2,Nationale,60.0,1
202400046483,2024-10-28,matin,,,59,59507,1,1,2,4,1,Autoroute,90.0,1
202400046484,2024-09-26,matin,,,72,72300,1,3,6,4,1,Autoroute,110.0,2
202400046485,2024-12-04,matin,,,76,76351,1,1,6,4,4,Voie communale,50.0,1
202400046486,2024-10-30,matin,,,77,77384,1,8,2,4,1,Autoroute,110.0,2
202400046487,2024-09-26,matin,,,69,69244,5,3,6,3,4,Voie communale,5.0,2
202400046488,2024-10-30,matin,,,92,92047,1,1,3,4,1,Autoroute,90.0,1
202400046489,2024-11-30,matin,,,74,74010,1,1,3,4,4,Voie communale,50.0,1
202400046490,2024-09-25,matin,,,73,73010,1,1,3,4,1,Autoroute,130.0,1
202400046491,2024-10-29,soirée,,,78,78640,3,1,2,4,2,Nationale,90.0,1
202400046492,2024-09-26,matin,,,77,77190,1,2,1,3,3,Départementale,80.0,2
202400046493,2024-10-29,soirée,,,78,78646,3,1,1,3,2,Nationale,70.0,1
202400046494,2024-09-25,après-midi,,,77,77382,1,3,1,4,3,Départementale,80.0,2
202400046495,2024-10-29,matin,,,92,92036,1,1,6,4,2,Nationale,90.0,1
202400046496,2024-12-04,après-midi,,,72,72181,1,1,4,4,4,Voie communale,70.0,1
202400046497,2024-09-19,après-midi,,,34,34332,1,1,2,3,3,Départementale,90.0,1
202400046498,2024-12-06,nuit,,,71,71306,3,3,7,4,2,Nationale,110.0,3
202400046499,2024-10-30,soirée,,,93,93005,3,1,2,4,1,Autoroute,110.0,1
202400046500,2024-09-25,après-midi,,,34,34151,1,1,3,3,3,Départementale,70.0,1
202400046501,2024-12-04,après-midi,,,71,71270,1,8,3,4,3,Départementale,50.0,1
202400046502,2024-10-30,soirée,,,93,93066,3,1,2,4,1,Autoroute,70.0,1
202400046503,2024-09-25,matin,,,06,06015,1,1,3,3,4,Voie communale,50.0,1
202400046504,2024-12-04,après-midi,,,70,70550,1,1,6,4,4,Voie communale,50.0,1
202400046505,2024-10-30,après-midi,,,93,93066,1,1,4,4,1,Autoroute,90.0,1
202400046506,2024-12-03,après-midi,,,67,67218,1,8,6,4,4,Voie communale,50.0,1
202400046507,2024-10-29,après-midi,,,95,95424,1,1,7,4,1,Autoroute,90.0,1
202400046508,2024-09-26,matin,,,06,06048,5,3,6,4,3,Départementale,,2
202400046509,2024-12-05,après-midi,,,64,64545,1,1,7,4,3,Départementale,70.0,1
202400046510,2024-10-29,matin,,,93,93005,2,1,3,4,1,Autoroute,90.0,1
202400046511,2024-12-05,matin,,,64,64348,1,1,3,4,3,Départementale,50.0,1
202400046512,2024-09-24,matin,,,13,13041,1,2,2,4,3,Départementale,90.0,2
202400046513,2024-07-29,après-midi,,,42,42044,1,1,1,4,4,Voie communale,,1
202400046514,2024-12-05,après-midi,,,64,64024,1,1,3,4,6,Autre,30.0,1
202400046515,2024-09-26,matin,,,68,68199,2,3,6,3,3,Départementale,80.0,2
202400046516,2024-12-03,après-midi,,,64,64102,4,2,6,4,4,Voie communale,50.0,2
202400046517,2024-07-11,après-midi,,,42,42207,1,1,2,4,1,Autoroute,110.0,1
202400046518,2024-09-24,matin,,,57,57415,1,2,6,3,7,Autre,70.0,2
202400046519,2024-12-05,soirée,,,62,62498,5,2,6,4,4,Voie communale,50.0,2
202400046520,2024-12-05,soirée,,,62,62270,5,2,6,3,3,Départementale,80.0,2
202400046521,2024-10-16,nuit,,,44,44009,3,1,7,4,2,Nationale,90.0,1
202400046522,2024-12-04,après-midi,,,62,62041,2,2,6,4,4,Voie communale,30.0,2
202400046523,2024-10-16,après-midi,,,44,44190,1,1,6,4,4,Voie communale,50.0,1
202400046524,2024-09-25,après-midi,,,38,38545,1,1,3,4,7,Autre,70.0,1
202400046525,2024-10-16,après-midi,,,44,44143,2,1,7,4,4,Voie communale,50.0,1
202400046526,2024-12-05,matin,,,59,59183,1,2,3,3,4,Voie communale,50.0,2
202400046527,2024-09-25,matin,,,33,33519,1,1,1,4,4,Voie communale,50.0,1
202400046528,2024-08-28,soirée,,,84,84007,1,1,7,4,4,Voie communale,50.0,1
202400046529,2024-11-25,soirée,,,59,59271,5,1,7,3,3,Départementale,50.0,1
202400046530,2024-08-27,matin,,,84,84007,1,1,6,4,4,Voie communale,50.0,1
202400046531,2024-09-25,matin,,,22,22162,1,2,5,4,4,Voie communale,70.0,2
202400046532,2024-12-04,matin,,,59,59178,1,1,6,4,4,Voie communale,50.0,1
202400046533,2024-08-27,matin,,,84,84007,1,1,6,4,4,Voie communale,20.0,1
202400046534,2024-09-24,après-midi,,,62,62014,1,1,3,4,3,Départementale,50.0,1
202400046535,2024-12-03,soirée,,,57,57672,5,1,6,3,4,Voie communale,50.0,1
202400046536,2024-08-27,nuit,,,84,84007,5,1,7,4,4,Voie communale,50.0,1
202400046537,2024-12-05,matin,,,54,54547,1,1,6,4,4,Voie communale,30.0,1
202400046538,2024-09-26,après-midi,,,59,59577,1,1,6,3,3,Départementale,70.0,1
202400046539,2024-08-11,après-midi,,,84,84069,1,1,6,4,3,Départementale,80.0,1
202400046540,2024-08-08,après-midi,,,84,84050,1,1,6,4,3,Départementale,80.0,1
202400046541,2024-12-04,après-midi,,,54,54304,1,1,3,4,4,Voie communale,50.0,1
202400046542,2024-09-25,nuit,,,33,33318,3,3,4,4,1,Autoroute,90.0,4
202400046543,2024-06-26,nuit,,,84,84069,3,1,6,3,3,Départementale,,1
202400046544,2024-09-24,après-midi,,,33,33063,1,2,6,4,1,Autoroute,70.0,2
202400046545,2024-12-02,matin,,,52,52448,1,1,6,2,4,Voie communale,50.0,1
202400046546,2024-06-25,après-midi,,,84,84146,1,2,6,4,3,Départementale,,2
202400046547,2024-12-05,matin,,,51,51454,2,2,3,4,4,Voie communale,50.0,2
202400046548,2024-09-24,nuit,,,91,91477,3,1,1,2,1,Autoroute,90.0,1
202400046549,2024-07-28,après-midi,,,84,84132,1,1,6,3,3,Départementale,80.0,1
202400046550,2024-12-05,après-midi,,,50,50218,1,1,6,3,4,Voie communale,50.0,2
202400046551,2024-07-20,matin,,,84,84069,1,7,7,3,3,Départementale,80.0,1
202400046552,2024-09-25,nuit,,,78,78431,3,2,3,4,1,Autoroute,110.0,2
202400046553,2024-07-06,après-midi,,,84,84060,1,2,6,4,4,Voie communale,,2
202400046554,2024-11-28,matin,,,49,49099,1,8,3,4,4,Voie communale,50.0,1
202400046555,2024-09-24,matin,,,78,78140,1,2,4,4,1,Autoroute,130.0,2
202400046556,2024-09-24,matin,,,92,92050,1,2,7,4,1,Autoroute,70.0,2
202400046557,2024-12-02,soirée,,,49,49099,5,1,6,3,4,Voie communale,50.0,1
202400046558,2024-06-01,soirée,,,74,74218,1,1,3,4,3,Départementale,50.0,1
202400046559,2024-12-04,après-midi,,,49,49007,1,1,7,4,4,Voie communale,50.0,2
202400046560,2024-04-30,après-midi,,,32,32369,1,1,3,3,3,Départementale,80.0,1
202400046561,2024-09-25,après-midi,,,77,77249,1,2,6,4,2,Nationale,90.0,2
202400046562,2024-12-04,matin,,,43,43157,1,2,3,4,4,Voie communale,30.0,2
202400046563,2024-07-02,après-midi,,,91,91405,1,1,1,4,3,Départementale,70.0,1
202400046564,2024-06-27,matin,,,28,28088,1,1,2,4,4,Voie communale,50.0,1
202400046565,2024-12-05,après-midi,,,41,41018,5,2,6,3,4,Voie communale,50.0,2
202400046566,2024-10-30,matin,,,988,98818,1,1,3,4,4,Voie communale,50.0,1
202400046567,2024-10-29,matin,,,974,97416,1,1,6,3,2,Nationale,110.0,1
202400046568,2024-06-18,soirée,,,28,28021,1,1,5,4,3,Départementale,90.0,1
202400046569,2024-12-05,nuit,,,38,38151,5,1,3,3,4,Voie communale,50.0,1
202400046570,2024-10-29,matin,,,974,97411,1,1,3,4,4,Voie communale,50.0,1
202400046571,2024-05-30,nuit,,,28,28006,3,1,1,3,3,Départementale,80.0,1
202400046572,2024-12-04,matin,,,38,38516,1,1,3,3,4,Voie communale,30.0,1
202400046573,2024-05-27,après-midi,,,28,28048,1,1,7,2,3,Départementale,,1
202400046574,2024-10-28,matin,,,974,97411,1,1,3,4,2,Nationale,50.0,1
202400046575,2024-12-05,matin,,,37,37261,1,2,3,3,4,Voie communale,50.0,2
202400046576,2024-09-24,matin,,,973,97302,1,1,1,4,3,Départementale,50.0,1
202400046577,2024-10-29,soirée,,,973,97302,5,1,2,4,3,Départementale,50.0,1
202400046578,2024-12-05,matin,,,35,35238,5,2,3,4,4,Voie communale,50.0,2
202400046579,2024-09-24,nuit,,,69,69386,5,2,3,4,4,Voie communale,30.0,2
202400046580,2024-10-29,après-midi,,,973,97302,1,1,3,4,4,Voie communale,50.0,1
202400046581,2024-09-24,après-midi,,,69,69383,1,1,3,4,4,Voie communale,30.0,1
202400046582,2024-10-27,soirée,,,973,97302,5,1,5,4,4,Voie communale,50.0,1
202400046583,2024-12-05,soirée,,,33,33063,5,2,1,3,4,Voie communale,50.0,2
202400046584,2024-12-05,matin,,,31,31555,1,1,3,3,7,Autre,50.0,1
202400046585,2024-10-28,après-midi,,,2A,2A004,5,1,2,4,2,Nationale,70.0,1
202400046586,2024-10-29,après-midi,,,95,95277,1,1,3,4,4,Voie communale,30.0,1
202400046587,2024-12-04,après-midi,,,31,31555,1,1,3,4,4,Voie communale,50.0,1
202400046588,2024-10-29,après-midi,,,91,91589,1,1,6,4,3,Départementale,50.0,1
202400046589,2024-12-04,matin,,,31,31555,1,1,1,4,4,Voie communale,50.0,1
202400046590,2024-10-25,soirée,,,87,87085,5,2,3,4,4,Voie communale,50.0,2
202400046591,2024-12-05,nuit,,,29,29232,3,1,7,4,2,Nationale,110.0,2