Num_Acc,date,time_of_day,lat,long,dep,com,lum,atm,col,severity_index,catr,catr_label,vma,surf
202400046592,2024-12-04,soirée,,,29,29232,3,2,2,4,3,Départementale,110.0,2
202400046593,2024-10-27,après-midi,,,87,87085,1,1,2,4,4,Voie communale,50.0,1
202400046594,2024-12-04,après-midi,,,70,70285,5,1,3,3,3,Départementale,50.0,1
202400046595,2024-10-29,nuit,,,83,83137,5,1,3,4,1,Autoroute,50.0,1
202400046596,2024-12-05,après-midi,,,19,19031,1,1,7,4,4,Voie communale,10.0,1
202400046597,2024-10-29,soirée,,,83,83009,5,1,3,3,4,Voie communale,50.0,1
202400046598,2024-12-04,matin,,,15,15014,1,1,6,4,4,Voie communale,50.0,1
202400046599,2024-10-28,après-midi,,,81,81060,1,1,2,3,3,Départementale,70.0,1
202400046600,2024-12-04,matin,,,14,14333,5,2,1,4,4,Voie communale,50.0,2
202400046601,2024-10-29,après-midi,,,78,78551,1,1,2,4,2,Nationale,70.0,1
202400046602,2024-12-05,matin,,,13,13203,1,1,3,4,4,Voie communale,50.0,1
202400046603,2024-10-29,après-midi,,,78,78440,1,1,4,4,3,Départementale,30.0,1
202400046604,2024-12-05,matin,,,13,13216,1,1,1,4,4,Voie communale,50.0,1
202400046605,2024-12-04,après-midi,,,13,13001,1,1,1,4,4,Voie communale,50.0,1
202400046606,2024-10-29,matin,,,76,76561,1,1,6,3,7,Autre,50.0,1
202400046607,2024-11-27,après-midi,,,12,12202,1,1,3,4,4,Voie communale,30.0,1
202400046608,2024-10-29,après-midi,,,73,73031,1,1,6,4,4,Voie communale,,1
202400046609,2024-11-24,matin,,,12,12146,1,1,6,4,4,Voie communale,80.0,1
202400046610,2024-10-29,matin,,,73,73065,1,1,4,4,2,Nationale,90.0,1
202400046611,2024-11-15,après-midi,,,12,12202,1,1,6,3,3,Départementale,30.0,1
202400046612,2024-10-29,après-midi,,,69,69259,1,1,3,4,4,Voie communale,50.0,1
202400046613,2024-10-24,matin,,,12,12202,1,1,6,4,3,Départementale,50.0,1
202400046614,2024-10-29,après-midi,,,67,67482,1,1,3,4,4,Voie communale,50.0,1
202400046615,2024-12-02,après-midi,,,12,12013,1,2,3,4,3,Départementale,80.0,2
202400046616,2024-10-28,après-midi,,,67,67482,1,1,3,4,4,Voie communale,50.0,1
202400046617,2024-12-04,matin,,,10,10357,4,5,7,4,3,Départementale,50.0,2
202400046618,2024-10-29,après-midi,,,64,64483,1,1,1,4,3,Départementale,50.0,1
202400046619,2024-12-04,après-midi,,,07,07019,1,7,3,3,4,Voie communale,50.0,1
202400046620,2024-10-28,après-midi,,,64,64335,1,1,3,4,4,Voie communale,50.0,1
202400046621,2024-12-05,après-midi,,,06,06088,1,1,6,4,4,Voie communale,50.0,1
202400046622,2024-10-29,matin,,,63,63113,1,1,2,4,4,Voie communale,30.0,1
202400046623,2024-12-05,après-midi,,,06,06088,1,7,2,4,4,Voie communale,50.0,1
202400046624,2024-10-29,matin,,,63,63113,1,1,3,4,4,Voie communale,30.0,1
202400046625,2024-11-29,soirée,,,06,06104,4,1,6,3,3,Départementale,50.0,1
202400046626,2024-10-29,après-midi,,,62,62160,1,8,6,3,3,Départementale,30.0,2
202400046627,2024-12-05,nuit,,,06,06123,5,1,3,3,7,Autre,50.0,1
202400046628,2024-01-08,après-midi,,,75,75111,1,1,3,4,4,Voie communale,30.0,1
202400046629,2024-01-08,après-midi,,,75,75110,1,1,6,4,4,Voie communale,30.0,1
202400046630,2024-01-08,soirée,,,75,75108,5,1,3,4,4,Voie communale,30.0,1
202400046631,2024-01-08,nuit,,,94,94046,5,4,2,4,3,Départementale,50.0,5
202400046632,2024-01-08,après-midi,,,94,94046,1,8,3,4,3,Départementale,50.0,1
202400046633,2024-01-08,soirée,,,93,93070,5,1,7,4,4,Voie communale,30.0,1
202400046634,2024-01-08,nuit,,,93,93048,5,4,3,4,4,Voie communale,30.0,5
202400046635,2024-01-08,après-midi,,,93,93066,1,1,1,3,3,Départementale,50.0,1
202400046636,2024-01-08,nuit,,,93,93078,5,1,6,3,3,Départementale,50.0,1
202400046637,2024-01-08,matin,,,92,92046,1,8,6,4,3,Départementale,50.0,1
202400046638,2024-01-08,matin,,,92,92046,2,8,2,4,3,Départementale,50.0,1
202400046639,2024-01-08,après-midi,,,92,92020,1,1,6,4,4,Voie communale,30.0,2
202400046640,2024-01-08,matin,,,92,92048,5,1,2,4,4,Voie communale,50.0,1
202400046641,2024-01-07,soirée,,,92,92044,5,1,6,4,4,Voie communale,50.0,1
202400046642,2024-01-08,soirée,,,92,92036,5,2,6,4,4,Voie communale,50.0,2
202400046643,2024-01-09,après-midi,,,24,24196,2,1,6,3,3,Départementale,50.0,1
202400046644,2024-01-08,après-midi,,,57,57204,2,8,1,3,3,Départementale,,1
202400046645,2024-01-09,nuit,,,47,47225,3,1,6,2,3,Départementale,70.0,1
202400046646,2024-05-07,après-midi,,,91,91228,1,1,6,4,4,Voie communale,30.0,1
202400046647,2024-03-29,après-midi,,,75,75112,1,8,3,4,4,Voie communale,70.0,1
202400046648,2024-01-09,soirée,,,01,01333,4,1,6,3,3,Départementale,50.0,2
202400046649,2024-05-06,après-midi,,,87,87085,1,1,3,4,1,Autoroute,50.0,1
202400046650,2024-03-30,après-midi,,,75,75117,1,1,2,3,4,Voie communale,70.0,1
202400046651,2024-05-07,soirée,,,84,84031,1,1,6,4,4,Voie communale,30.0,1
202400046652,2024-01-09,après-midi,,,21,21105,1,4,4,4,1,Autoroute,110.0,5
202400046653,2024-01-08,nuit,,,972,97217,5,1,7,3,2,Nationale,50.0,1
202400046654,2024-05-07,matin,,,84,84031,1,1,6,4,4,Voie communale,50.0,1
202400046655,2024-03-30,soirée,,,75,75118,5,1,3,4,4,Voie communale,30.0,1
202400046656,2024-01-08,soirée,,,12,12230,5,1,3,3,3,Départementale,70.0,1
202400046657,2024-05-07,après-midi,,,84,84007,1,1,4,4,3,Départementale,50.0,1
202400046658,2024-03-31,soirée,,,75,75117,5,1,3,4,4,Voie communale,30.0,1
202400046659,2024-05-07,après-midi,,,83,83137,1,1,3,3,4,Voie communale,50.0,1
202400046660,2024-01-08,après-midi,,,62,62742,1,1,1,4,3,Départementale,50.0,1
202400046661,2024-05-02,après-midi,,,83,83129,1,1,6,3,3,Départementale,50.0,1
202400046662,2024-03-31,matin,,,75,75116,1,1,1,4,4,Voie communale,30.0,1
202400046663,2024-05-07,soirée,,,81,81065,1,2,6,4,3,Départementale,90.0,2
202400046664,2024-01-08,matin,,,56,56081,1,9,6,3,4,Voie communale,80.0,7
202400046665,2024-05-06,après-midi,,,80,80021,1,1,1,4,4,Voie communale,50.0,1
202400046666,2024-03-29,après-midi,,,75,75112,1,2,3,4,4,Voie communale,50.0,2
202400046667,2024-05-07,après-midi,,,78,78208,1,1,1,4,2,Nationale,50.0,1
202400046668,2024-01-08,matin,,,59,59054,2,1,6,3,3,Départementale,50.0,1
202400046669,2024-05-07,après-midi,,,77,77288,1,1,6,3,3,Départementale,50.0,1
202400046670,2024-01-09,nuit,,,47,47159,4,1,6,4,3,Départementale,50.0,1
202400046671,2024-05-06,soirée,,,72,72181,1,2,3,3,4,Voie communale,50.0,2
202400046672,2024-03-31,matin,,,75,75109,5,1,6,4,4,Voie communale,30.0,1
202400046673,2024-01-08,après-midi,,,22,22135,1,1,7,3,4,Voie communale,80.0,1
202400046674,2024-05-06,soirée,,,72,72181,1,2,3,4,4,Voie communale,50.0,2
202400046675,2024-03-31,après-midi,,,75,75101,1,1,6,4,4,Voie communale,30.0,1
202400046676,2024-01-09,après-midi,,,38,38049,1,1,1,3,3,Départementale,80.0,2
202400046677,2024-05-06,après-midi,,,72,72181,1,2,4,4,4,Voie communale,50.0,2
202400046678,2024-01-09,après-midi,,,02,02407,3,1,6,3,3,Départementale,80.0,1
202400046679,2024-05-07,matin,,,69,69092,1,1,1,4,4,Voie communale,30.0,1
202400046680,2024-03-30,après-midi,,,75,75101,1,8,6,4,4,Voie communale,30.0,1
202400046681,2024-01-08,matin,,,03,03080,1,4,1,3,3,Départementale,50.0,7
202400046682,2024-02-19,après-midi,,,69,69264,1,1,3,4,4,Voie communale,50.0,1
202400046683,2024-03-30,après-midi,,,94,94044,1,1,2,4,3,Départementale,50.0,1
202400046684,2024-05-06,soirée,,,67,67482,1,1,6,2,5,Autre,5.0,1
202400046685,2024-01-09,matin,,,72,72112,2,8,3,4,3,Départementale,80.0,5
202400046686,2024-01-09,après-midi,,,60,60319,1,1,7,2,3,Départementale,80.0,7
202400046687,2024-05-07,matin,,,65,65440,1,2,3,4,4,Voie communale,50.0,2
202400046688,2024-03-30,matin,,,94,94068,1,1,6,4,3,Départementale,,1
202400046689,2024-05-07,après-midi,,,64,64102,1,1,7,4,4,Voie communale,50.0,1
202400046690,2024-01-09,après-midi,,,07,07010,1,4,1,4,3,Départementale,80.0,5
202400046691,2024-03-31,après-midi,,,94,94079,1,1,6,4,3,Départementale,50.0,1
202400046692,2024-05-06,après-midi,,,62,62765,1,1,6,3,4,Voie communale,50.0,1
202400046693,2024-05-02,après-midi,,,62,62400,1,1,6,3,4,Voie communale,50.0,1
202400046694,2024-01-08,soirée,,,85,85234,3,1,1,3,3,Départementale,80.0,1
202400046695,2024-01-09,matin,,,27,27486,2,4,3,4,3,Départementale,80.0,7
202400046696,2024-05-06,après-midi,,,59,59512,1,1,3,3,4,Voie communale,30.0,1
202400046697,2024-03-31,soirée,,,93,93073,1,8,3,4,4,Voie communale,50.0,2
202400046698,2024-01-08,après-midi,,,01,01451,1,1,2,3,1,Autoroute,130.0,1
202400046699,2024-05-07,soirée,,,59,59350,2,1,6,4,4,Voie communale,30.0,1
202400046700,2024-05-07,soirée,,,59,59527,1,1,3,4,7,Autre,50.0,1
202400046701,2024-01-05,après-midi,,,01,01099,1,2,3,4,1,Autoroute,130.0,2
202400046702,2024-05-06,nuit,,,59,59350,3,1,7,4,7,Autre,70.0,1
202400046703,2024-03-30,soirée,,,93,93008,5,1,4,4,3,Départementale,50.0,1
202400046704,2024-05-05,matin,,,58,58194,2,1,6,4,4,Voie communale,30.0,1
202400046705,2024-03-30,soirée,,,93,93008,1,1,6,4,3,Départementale,50.0,1
202400046706,2024-01-08,après-midi,,,69,69027,5,2,6,3,4,Voie communale,30.0,2
202400046707,2024-05-07,après-midi,,,56,56260,1,1,2,4,2,Nationale,90.0,1
202400046708,2024-03-31,nuit,,,93,93005,5,2,1,4,4,Voie communale,50.0,2
202400046709,2024-01-08,soirée,,,28,28276,3,1,2,4,1,Autoroute,130.0,1
202400046710,2024-05-07,après-midi,,,54,54395,1,1,3,3,4,Voie communale,50.0,1
202400046711,2024-03-16,nuit,,,92,92044,5,1,6,4,4,Voie communale,30.0,1
202400046712,2024-01-09,matin,,,976,97614,1,3,1,3,3,Départementale,,2
202400046713,2024-05-07,après-midi,,,51,51454,1,1,6,4,4,Voie communale,30.0,1
202400046714,2024-01-05,matin,,,973,97305,1,1,3,4,2,Nationale,80.0,1
202400046715,2024-03-30,soirée,,,92,92036,4,1,2,4,1,Autoroute,30.0,1
202400046716,2024-05-07,après-midi,,,51,51454,1,1,7,3,4,Voie communale,50.0,1
202400046717,2024-03-31,soirée,,,86,86228,1,1,6,3,3,Départementale,80.0,1
202400046718,2024-01-09,matin,,,971,97122,1,1,3,4,2,Nationale,70.0,1
202400046719,2024-05-07,matin,,,51,51172,1,1,6,4,6,Autre,30.0,1
202400046720,2024-01-07,soirée,,,971,97126,4,1,6,3,3,Départementale,50.0,1
202400046721,2024-03-31,soirée,,,86,86092,2,1,6,3,3,Départementale,80.0,1
202400046722,2024-05-07,après-midi,,,49,49328,1,1,3,4,4,Voie communale,50.0,1
202400046723,2024-01-08,après-midi,,,26,26072,1,4,2,4,1,Autoroute,130.0,2
202400046724,2024-03-30,après-midi,,,41,41167,1,1,6,3,3,Départementale,80.0,1
202400046725,2024-05-05,matin,,,47,47323,1,1,3,4,3,Départementale,50.0,1
202400046726,2024-01-05,soirée,,,63,63254,3,1,6,3,3,Départementale,80.0,1
202400046727,2024-03-29,soirée,,,01,01357,2,1,7,3,3,Départementale,80.0,1
202400046728,2024-01-09,soirée,,,60,60671,3,9,7,4,3,Départementale,80.0,7
202400046729,2024-03-31,après-midi,,,65,65045,1,1,7,3,3,Départementale,80.0,1
202400046730,2024-05-07,après-midi,,,37,37261,1,1,3,4,4,Voie communale,50.0,1
202400046731,2024-01-08,soirée,,,83,83137,5,1,2,4,1,Autoroute,70.0,1
202400046732,2024-03-31,matin,,,49,49248,1,1,3,4,3,Départementale,50.0,1
202400046733,2024-05-07,soirée,,,34,34172,1,1,6,4,4,Voie communale,30.0,1
202400046734,2024-05-07,après-midi,,,34,34172,1,1,3,3,7,Autre,50.0,1
202400046735,2024-05-07,matin,,,34,34172,1,1,3,4,4,Voie communale,50.0,1
202400046736,2024-01-08,matin,,,33,33122,3,1,4,4,1,Autoroute,130.0,1
202400046737,2024-03-30,nuit,,,29,29260,3,2,6,3,3,Départementale,50.0,2
202400046738,2024-05-06,après-midi,,,34,34172,1,2,4,4,4,Voie communale,50.0,2
202400046739,2024-01-07,soirée,,,62,62771,3,1,5,4,1,Autoroute,90.0,1
202400046740,2024-01-08,après-midi,,,91,91692,1,4,7,4,2,Nationale,90.0,5
202400046741,2024-05-07,matin,,,33,33529,1,2,2,4,4,Voie communale,50.0,2
202400046742,2024-03-31,soirée,,,38,38500,1,1,1,2,3,Départementale,70.0,1
202400046743,2024-01-06,soirée,,,78,78640,3,2,2,4,1,Autoroute,90.0,2
202400046744,2024-05-07,soirée,,,29,29019,1,1,3,4,4,Voie communale,50.0,1
202400046745,2024-04-01,matin,,,84,84051,1,1,6,4,4,Voie communale,,1
202400046746,2024-01-08,soirée,,,95,95306,3,1,2,4,1,Autoroute,110.0,1
202400046747,2024-01-08,nuit,,,93,93066,3,1,2,4,1,Autoroute,110.0,1
202400046748,2024-03-31,nuit,,,72,72078,3,1,1,4,3,Départementale,50.0,1
202400046749,2024-01-08,soirée,,,94,94018,3,1,2,4,1,Autoroute,90.0,1
202400046750,2024-03-31,nuit,,,72,72316,3,1,6,3,3,Départementale,50.0,1
202400046751,2024-05-07,après-midi,,,25,25462,1,2,6,4,2,Nationale,50.0,2
202400046752,2024-01-07,après-midi,,,974,97416,1,1,1,4,2,Nationale,90.0,1
202400046753,2024-05-05,nuit,,,22,22187,5,1,6,4,4,Voie communale,50.0,1
202400046754,2024-04-01,matin,,,06,06059,1,1,1,3,7,Autre,30.0,1
202400046755,2024-05-07,après-midi,,,19,19031,1,2,6,4,3,Départementale,90.0,2
202400046756,2024-01-06,après-midi,,,974,97416,1,1,2,4,2,Nationale,110.0,1
202400046757,2024-03-29,après-midi,,,90,90027,1,1,7,4,4,Voie communale,80.0,1
202400046758,2024-05-05,soirée,,,15,15014,5,3,6,4,4,Voie communale,30.0,2
202400046759,2024-01-07,soirée,,,974,97411,5,1,7,4,2,Nationale,50.0,1
202400046760,2024-03-31,après-midi,,,90,90012,1,1,7,4,3,Départementale,70.0,1
202400046761,2024-05-07,après-midi,,,13,13117,1,1,3,4,3,Départementale,70.0,1
202400046762,2024-01-07,matin,,,973,97302,2,1,1,4,3,Départementale,50.0,1
202400046763,2024-04-01,nuit,,,64,64316,3,1,7,4,4,Voie communale,50.0,2
202400046764,2024-01-06,après-midi,,,973,97302,1,1,3,4,2,Nationale,50.0,1
202400046765,2024-05-07,matin,,,13,13103,1,1,3,4,3,Départementale,80.0,1
202400046766,2024-01-07,soirée,,,69,69386,5,1,3,4,4,Voie communale,30.0,1
202400046767,2024-05-07,après-midi,,,13,13212,1,1,3,4,4,Voie communale,50.0,1
202400046768,2024-01-07,après-midi,,,69,69388,1,1,3,4,4,Voie communale,30.0,1
202400046769,2024-04-01,après-midi,,,16,16395,1,1,1,4,3,Départementale,80.0,2
202400046770,2024-05-06,après-midi,,,11,11262,1,1,6,4,4,Voie communale,50.0,1
202400046771,2024-01-07,après-midi,,,69,69388,2,1,3,4,4,Voie communale,30.0,1
202400046772,2024-05-07,matin,,,08,08105,1,1,6,4,4,Voie communale,50.0,1
202400046773,2024-03-31,soirée,,,85,85187,3,1,2,2,3,Départementale,80.0,1
202400046774,2024-01-07,après-midi,,,972,97213,1,1,6,4,3,Départementale,50.0,1
202400046775,2024-05-07,après-midi,,,06,06123,1,1,3,4,7,Autre,50.0,1
202400046776,2024-03-30,après-midi,,,38,38193,1,8,6,3,4,Voie communale,50.0,2
202400046777,2024-01-07,nuit,,,972,97213,3,1,2,4,1,Autoroute,90.0,1
202400046778,2024-04-01,après-midi,,,34,34153,1,1,7,2,3,Départementale,50.0,1
202400046779,2024-05-07,nuit,,,06,06004,3,6,2,3,3,Départementale,50.0,1
202400046780,2024-01-07,après-midi,,,2B,2B033,1,2,6,4,3,Départementale,50.0,2
202400046781,2024-05-07,après-midi,,,04,04112,1,1,3,4,4,Voie communale,50.0,1
202400046782,2024-03-31,après-midi,,,976,97602,1,1,2,4,2,Nationale,50.0,1
202400046783,2024-01-06,nuit,,,971,97101,2,1,7,3,4,Voie communale,50.0,1
202400046784,2024-05-07,après-midi,,,75,75120,1,1,3,4,4,Voie communale,70.0,1
202400046785,2024-05-07,matin,,,75,75120,1,1,3,4,4,Voie communale,70.0,1
202400046786,2024-01-07,soirée,,,91,91339,3,2,4,3,3,Départementale,70.0,2
202400046787,2024-05-07,matin,,,75,75118,1,1,3,4,4,Voie communale,70.0,1
202400046788,2024-01-05,après-midi,,,90,90099,1,1,3,4,4,Voie communale,50.0,2
202400046789,2024-03-31,nuit,,,971,97114,3,1,4,3,2,Nationale,80.0,1
202400046790,2024-05-06,soirée,,,75,75120,1,1,3,4,4,Voie communale,70.0,1
202400046791,2024-05-07,matin,,,75,75106,1,1,3,4,4,Voie communale,30.0,1
202400046792,2024-01-07,nuit,,,77,77114,3,1,2,3,3,Départementale,90.0,2
202400046793,2024-01-07,soirée,,,76,76157,5,1,6,4,7,Autre,50.0,1
202400046794,2024-05-07,soirée,,,75,75120,1,1,5,4,4,Voie communale,30.0,1
202400046795,2024-03-31,après-midi,,,972,97224,1,1,2,4,3,Départementale,,1
202400046796,2024-05-07,après-midi,,,75,75117,1,1,6,4,4,Voie communale,30.0,1
202400046797,2024-01-07,matin,,,76,76540,5,2,3,4,4,Voie communale,30.0,2
202400046798,2024-05-07,soirée,,,75,75115,1,1,2,4,4,Voie communale,30.0,1
202400046799,2024-01-06,matin,,,70,70207,1,1,3,4,2,Nationale,30.0,1
202400046800,2024-03-28,matin,,,28,28247,1,1,2,4,3,Départementale,80.0,1
202400046801,2024-05-06,après-midi,,,75,75114,1,1,3,4,4,Voie communale,30.0,9
202400046802,2024-01-07,soirée,,,69,69290,5,2,3,4,4,Voie communale,50.0,2
202400046803,2024-04-01,après-midi,,,2A,2A041,1,1,1,3,3,Départementale,80.0,1
202400046804,2024-01-07,après-midi,,,59,59359,3,8,7,3,3,Départementale,90.0,2
202400046805,2024-05-07,après-midi,,,75,75111,1,1,3,4,4,Voie communale,30.0,1
202400046806,2024-05-07,matin,,,75,75109,1,1,6,4,4,Voie communale,30.0,1
202400046807,2024-01-07,après-midi,,,53,53130,1,1,1,3,4,Voie communale,50.0,1
202400046808,2024-04-01,après-midi,,,65,65123,1,1,5,4,3,Départementale,80.0,1
202400046809,2024-03-30,nuit,,,33,33384,2,8,6,3,4,Voie communale,80.0,2
202400046810,2024-01-07,nuit,,,49,49007,5,1,6,3,4,Voie communale,50.0,2
202400046811,2024-05-07,après-midi,,,75,75103,1,1,6,2,4,Voie communale,30.0,1
202400046812,2024-05-06,après-midi,,,75,75102,1,1,6,4,4,Voie communale,30.0,1
202400046813,2024-01-07,après-midi,,,45,45234,1,1,3,4,7,Autre,50.0,1
202400046814,2024-03-14,matin,,,22,22176,1,1,4,3,3,Départementale,80.0,1
202400046815,2024-01-07,soirée,,,44,44184,5,1,1,3,4,Voie communale,50.0,1
202400046816,2024-03-30,après-midi,,,59,59221,1,1,7,3,3,Départementale,70.0,1
202400046817,2024-05-06,après-midi,,,75,75103,1,1,1,4,4,Voie communale,30.0,1
202400046818,2024-01-07,après-midi,,,38,38185,1,2,3,3,4,Voie communale,50.0,2
202400046819,2024-05-06,matin,,,94,94068,1,1,3,3,4,Voie communale,,1
202400046820,2024-01-07,nuit,,,38,38185,5,2,1,4,4,Voie communale,30.0,2
202400046821,2024-05-07,matin,,,94,94042,1,1,3,4,3,Départementale,50.0,1
202400046822,2024-01-05,soirée,,,30,30007,5,1,7,4,4,Voie communale,30.0,1
202400046823,2024-05-06,matin,,,94,94058,1,1,1,4,4,Voie communale,50.0,1
202400046824,2024-01-06,après-midi,,,30,30007,1,1,3,4,4,Voie communale,50.0,1
202400046825,2024-03-31,après-midi,,,13,13215,1,8,2,4,1,Autoroute,90.0,2
202400046826,2024-01-07,matin,,,26,26198,3,1,2,4,3,Départementale,70.0,1
202400046827,2024-05-07,matin,,,94,94076,1,1,3,4,3,Départementale,30.0,1
202400046828,2024-01-07,soirée,,,25,25056,5,1,6,4,4,Voie communale,50.0,1
202400046829,2024-03-31,nuit,,,13,13210,5,2,2,4,1,Autoroute,60.0,2
202400046830,2024-01-07,nuit,,,17,17306,3,1,6,4,4,Voie communale,30.0,1
202400046831,2024-05-06,matin,,,94,94016,2,1,6,4,3,Départementale,50.0,1
202400046832,2024-01-05,après-midi,,,15,15014,1,8,3,4,4,Voie communale,30.0,2
202400046833,2024-03-30,après-midi,,,13,13211,1,1,2,4,1,Autoroute,90.0,1
202400046834,2024-05-07,soirée,,,94,94069,1,1,6,4,3,Départementale,50.0,1
202400046835,2024-01-07,soirée,,,13,13019,4,1,7,4,3,Départementale,50.0,1
202400046836,2024-05-03,soirée,,,94,94017,1,1,6,3,4,Voie communale,30.0,1
202400046837,2024-03-31,après-midi,,,91,91037,1,1,2,4,1,Autoroute,130.0,1
202400046838,2024-01-07,soirée,,,13,13208,5,1,6,4,4,Voie communale,50.0,1
202400046839,2024-05-07,soirée,,,93,93073,1,1,3,4,3,Départementale,50.0,1
202400046840,2024-01-07,matin,,,13,13207,5,6,6,4,4,Voie communale,50.0,1
202400046841,2024-05-07,après-midi,,,93,93066,1,1,3,4,4,Voie communale,30.0,1
202400046842,2024-03-30,soirée,,,93,93005,2,1,5,4,1,Autoroute,90.0,1
202400046843,2024-01-07,nuit,,,13,13005,5,1,1,4,3,Départementale,70.0,1
202400046844,2024-01-07,soirée,,,75,75120,5,2,6,4,4,Voie communale,30.0,2
202400046845,2024-05-07,matin,,,93,93066,2,1,6,3,3,Départementale,50.0,1
202400046846,2024-03-30,soirée,,,93,93053,1,1,2,4,1,Autoroute,90.0,1
202400046847,2024-01-07,matin,,,75,75116,2,1,6,4,4,Voie communale,50.0,1
202400046848,2024-05-07,après-midi,,,93,93049,1,1,6,4,4,Voie communale,,1
202400046849,2024-03-31,matin,,,95,95572,1,1,6,4,1,Autoroute,90.0,1
202400046850,2024-01-07,nuit,,,75,75116,5,1,6,4,4,Voie communale,50.0,1
202400046851,2024-05-07,soirée,,,93,93055,2,1,3,4,3,Départementale,50.0,1
202400046852,2024-03-30,après-midi,,,93,93064,1,1,3,4,1,Autoroute,90.0,1
202400046853,2024-01-07,nuit,,,75,75116,5,2,2,4,4,Voie communale,30.0,2
202400046854,2024-03-30,matin,,,93,93027,1,2,6,4,1,Autoroute,90.0,2
202400046855,2024-05-07,nuit,,,93,93053,5,1,6,4,3,Départementale,15.0,1
202400046856,2024-01-07,après-midi,,,75,75116,2,1,6,4,4,Voie communale,30.0,1
202400046857,2024-03-31,après-midi,,,94,94073,1,1,4,4,2,Nationale,90.0,1
202400046858,2024-01-06,soirée,,,75,75114,5,2,7,4,4,Voie communale,50.0,2
202400046859,2024-05-07,après-midi,,,93,93046,1,1,2,4,4,Voie communale,50.0,1
202400046860,2024-03-30,matin,,,94,94017,1,2,4,4,1,Autoroute,90.0,2
202400046861,2024-01-07,nuit,,,75,75109,5,1,6,4,4,Voie communale,30.0,1
202400046862,2024-03-30,après-midi,,,974,97416,1,1,7,4,2,Nationale,70.0,1
202400046863,2024-05-06,soirée,,,92,92078,1,1,3,3,3,Départementale,50.0,1
202400046864,2024-01-07,nuit,,,75,75103,5,1,6,4,4,Voie communale,30.0,1
202400046865,2024-01-06,soirée,,,75,75101,5,1,6,4,4,Voie communale,30.0,1
202400046866,2024-03-29,après-midi,,,974,97411,2,1,1,3,4,Voie communale,50.0,1
202400046867,2024-05-04,soirée,,,92,92072,1,1,2,4,3,Départementale,50.0,1
202400046868,2024-03-30,soirée,,,69,69387,5,2,1,4,4,Voie communale,30.0,2
202400046869,2024-01-07,nuit,,,94,94058,5,8,3,4,3,Départementale,50.0,2
202400046870,2024-05-07,après-midi,,,92,92051,1,1,4,4,3,Départementale,50.0,1
202400046871,2024-03-30,nuit,,,972,97209,3,1,1,4,3,Départementale,60.0,1
202400046872,2024-01-07,matin,,,94,94018,5,1,3,4,3,Départementale,50.0,1
202400046873,2024-05-07,après-midi,,,92,92048,1,1,6,4,4,Voie communale,30.0,1
202400046874,2024-03-30,matin,,,971,97113,1,1,7,4,4,Voie communale,50.0,1
202400046875,2024-01-07,après-midi,,,93,93078,1,1,2,4,3,Départementale,50.0,1
202400046876,2024-05-07,soirée,,,92,92040,5,1,6,4,3,Départementale,30.0,1
202400046877,2024-01-07,après-midi,,,92,92062,5,1,3,3,3,Départementale,50.0,1
202400046878,2024-03-30,après-midi,,,91,91021,1,1,1,4,3,Départementale,50.0,1
202400046879,2024-05-07,matin,,,92,92036,1,1,3,4,3,Départementale,50.0,1
202400046880,2024-03-30,après-midi,,,91,91457,1,1,3,4,4,Voie communale,50.0,1
202400046881,2024-01-06,nuit,,,92,92048,5,2,2,4,3,Départementale,50.0,2
202400046882,2024-05-07,après-midi,,,92,92026,1,1,6,2,3,Départementale,50.0,1
202400046883,2024-03-30,après-midi,,,91,91064,1,8,2,4,3,Départementale,50.0,2
202400046884,2024-01-07,soirée,,,92,92009,5,1,1,4,3,Départementale,50.0,1
202400046885,2024-05-07,matin,,,92,92025,1,1,6,4,4,Voie communale,50.0,1
202400046886,2024-03-30,matin,,,91,91692,1,2,2,4,3,Départementale,50.0,2
202400046887,2024-01-06,matin,,,35,35236,2,1,6,3,4,Voie communale,50.0,1
202400046888,2024-05-07,après-midi,,,92,92024,1,1,2,4,3,Départementale,50.0,8
202400046889,2024-01-06,matin,,,84,84044,1,1,6,3,3,Départementale,80.0,1
202400046890,2024-03-29,après-midi,,,89,89387,1,2,3,4,4,Voie communale,50.0,2
202400046891,2024-03-30,soirée,,,86,86066,1,7,6,3,3,Départementale,50.0,1
202400046892,2024-05-07,matin,,,92,92012,1,1,6,4,3,Départementale,1.0,1
202400046893,2024-01-06,après-midi,,,83,83049,3,6,6,3,1,Autoroute,110.0,1
202400046894,2024-03-12,matin,,,83,83126,1,1,6,4,4,Voie communale,30.0,1
202400046895,2024-05-07,soirée,,,54,54184,1,8,7,4,7,Autre,30.0,9
202400046896,2024-02-20,matin,,,62,62156,1,1,6,4,3,Départementale,50.0,1
202400046897,2024-01-07,après-midi,,,59,59189,1,1,6,3,3,Départementale,50.0,1
202400046898,2024-03-30,après-midi,,,81,81163,1,1,1,4,3,Départementale,50.0,1
202400046899,2024-02-20,matin,,,41,41171,1,5,6,3,3,Départementale,80.0,2
202400046900,2024-05-08,nuit,,,33,33014,3,1,6,4,3,Départementale,50.0,1
202400046901,2024-01-05,après-midi,,,76,76695,2,1,3,4,3,Départementale,80.0,1
202400046902,2024-02-19,matin,,,30,30174,1,1,2,4,3,Départementale,80.0,1