Num_Acc,date,time_of_day,lat,long,dep,com,lum,atm,col,severity_index,catr,catr_label,vma,surf
202400046903,2024-03-30,après-midi,,,77,77284,1,1,6,4,4,Voie communale,50.0,1
202400046904,2024-01-08,après-midi,,,63,63457,1,4,1,4,3,Départementale,90.0,2
202400046905,2024-05-07,matin,,,18,18020,1,1,3,4,3,Départementale,80.0,1
202400046906,2024-02-19,matin,,,62,62473,1,2,3,3,4,Voie communale,50.0,2
202400046907,2024-03-29,après-midi,,,77,77372,1,3,6,3,3,Départementale,50.0,2
202400046908,2024-01-07,nuit,,,25,25410,3,2,6,4,3,Départementale,70.0,2
202400046909,2024-02-19,après-midi,,,56,56013,1,1,6,4,4,Voie communale,30.0,1
202400046910,2024-05-08,matin,,,50,50291,1,1,4,4,1,Autoroute,130.0,1
202400046911,2024-03-30,après-midi,,,69,69266,1,3,5,4,4,Voie communale,50.0,2
202400046912,2024-01-07,soirée,,,35,35068,5,1,6,4,3,Départementale,50.0,1
202400046913,2024-01-30,matin,,,56,56240,1,1,1,4,4,Voie communale,,1
202400046914,2024-05-07,après-midi,,,63,63110,1,3,6,4,1,Autoroute,,3
202400046915,2024-03-30,matin,,,69,69256,1,3,3,4,4,Voie communale,50.0,2
202400046916,2024-01-07,après-midi,,,03,03319,1,4,6,3,3,Départementale,90.0,2
202400046917,2024-05-08,après-midi,,,04,04033,1,1,2,3,3,Départementale,80.0,1
202400046918,2024-01-06,soirée,,,58,58241,3,2,7,3,3,Départementale,90.0,2
202400046919,2024-02-20,après-midi,,,65,65223,1,1,3,3,3,Départementale,90.0,1
202400046920,2024-03-30,après-midi,,,69,69290,1,3,5,4,1,Autoroute,50.0,2
202400046921,2024-02-19,après-midi,,,71,71038,1,1,7,4,3,Départementale,50.0,1
202400046922,2024-05-06,après-midi,,,56,56240,1,1,6,4,3,Départementale,20.0,1
202400046923,2024-01-08,nuit,,,66,66003,3,1,7,2,3,Départementale,50.0,1
202400046924,2024-02-19,après-midi,,,35,35331,1,2,6,4,3,Départementale,80.0,2
202400046925,2024-05-07,après-midi,,,76,76458,1,1,6,3,3,Départementale,80.0,1
202400046926,2024-03-30,matin,,,67,67218,1,8,3,4,6,Autre,30.0,1
202400046927,2024-01-07,après-midi,,,64,64499,1,8,2,4,3,Départementale,70.0,2
202400046928,2024-03-30,après-midi,,,64,64249,1,1,2,4,3,Départementale,50.0,1
202400046929,2024-02-20,matin,,,29,29236,2,8,3,3,3,Départementale,50.0,1
202400046930,2024-05-06,matin,,,2B,2B050,1,1,6,4,2,Nationale,50.0,1
202400046931,2024-01-03,après-midi,,,07,07317,1,1,7,4,9,Autre,,6
202400046932,2024-03-29,après-midi,,,64,64348,1,3,2,4,3,Départementale,30.0,2
202400046933,2024-05-07,soirée,,,32,32054,2,3,6,3,2,Nationale,80.0,2
202400046934,2024-02-19,après-midi,,,58,58063,1,8,3,3,3,Départementale,70.0,2
202400046935,2024-01-06,matin,,,40,40089,1,1,7,3,3,Départementale,80.0,2
202400046936,2024-03-30,après-midi,,,59,59043,1,3,6,3,4,Voie communale,50.0,2
202400046937,2024-01-08,matin,,,40,40231,2,5,6,4,3,Départementale,80.0,2
202400046938,2024-05-08,après-midi,,,12,12148,1,1,6,4,3,Départementale,50.0,1
202400046939,2024-02-18,après-midi,,,66,66024,1,1,3,3,4,Voie communale,50.0,1
202400046940,2024-05-08,après-midi,,,12,12270,1,1,6,4,3,Départementale,50.0,1
202400046941,2024-01-08,après-midi,,,88,88309,1,8,1,3,3,Départementale,90.0,1
202400046942,2024-02-18,soirée,,,72,72021,3,8,7,3,4,Voie communale,80.0,2
202400046943,2024-03-30,soirée,,,54,54547,2,2,4,4,7,Autre,70.0,2
202400046944,2024-05-07,après-midi,,,42,42289,1,1,7,4,3,Départementale,80.0,2
202400046945,2024-02-20,après-midi,,,14,14578,1,1,7,3,3,Départementale,90.0,1
202400046946,2024-01-08,après-midi,,,06,06004,5,9,3,4,1,Autoroute,110.0,2
202400046947,2024-03-30,matin,,,54,54323,1,1,3,4,3,Départementale,50.0,1
202400046948,2024-05-07,soirée,,,47,47077,2,8,7,4,3,Départementale,80.0,2
202400046949,2024-02-20,matin,,,50,50371,2,1,6,3,3,Départementale,,2
202400046950,2024-03-30,après-midi,,,51,51454,1,1,3,4,4,Voie communale,30.0,1
202400046951,2024-01-07,matin,,,13,13011,1,6,1,4,3,Départementale,80.0,1
202400046952,2024-05-08,nuit,,,29,29218,3,1,7,2,3,Départementale,80.0,1
202400046953,2024-03-30,nuit,,,51,51058,3,2,6,4,4,Voie communale,50.0,2
202400046954,2024-02-16,soirée,,,09,09104,3,1,3,4,4,Voie communale,50.0,1
202400046955,2024-03-29,matin,,,50,50218,1,1,3,3,4,Voie communale,50.0,1
202400046956,2024-02-20,matin,,,24,24026,1,1,7,3,3,Départementale,70.0,1
202400046957,2024-03-05,matin,,,66,66015,1,1,7,4,3,Départementale,50.0,1
202400046958,2024-01-06,matin,,,45,45154,3,1,2,4,1,Autoroute,130.0,1
202400046959,2024-03-26,après-midi,,,46,46191,1,2,5,4,3,Départementale,80.0,2
202400046960,2024-02-19,après-midi,,,17,17203,1,8,7,3,3,Départementale,80.0,1
202400046961,2024-05-07,soirée,,,72,72067,2,1,6,4,3,Départementale,80.0,1
202400046962,2024-01-08,après-midi,,,988,98824,1,2,7,4,3,Départementale,110.0,2
202400046963,2024-03-29,soirée,,,42,42218,5,1,1,4,4,Voie communale,50.0,1
202400046964,2024-02-20,nuit,,,01,01235,3,2,1,3,3,Départementale,80.0,2
202400046965,2024-01-08,nuit,,,977,97701,3,1,6,3,3,Départementale,50.0,1
202400046966,2024-05-08,nuit,,,50,50151,3,1,6,3,3,Départementale,80.0,1
202400046967,2024-03-30,matin,,,35,35238,1,1,2,4,2,Nationale,90.0,1
202400046968,2024-02-19,soirée,,,30,30344,1,1,1,4,3,Départementale,50.0,1
202400046969,2024-03-30,nuit,,,35,35238,5,1,6,3,4,Voie communale,50.0,1
202400046970,2024-05-07,après-midi,,,83,83082,1,1,7,3,3,Départementale,80.0,1
202400046971,2024-01-05,après-midi,,,45,45126,1,1,2,2,3,Départementale,110.0,1
202400046972,2024-03-30,matin,,,34,34301,1,1,3,4,4,Voie communale,50.0,1
202400046973,2024-05-08,après-midi,,,45,45245,1,1,6,3,3,Départementale,50.0,1
202400046974,2024-01-08,après-midi,,,84,84003,1,1,6,4,3,Départementale,30.0,1
202400046975,2024-02-13,après-midi,,,33,33029,1,1,2,4,1,Autoroute,130.0,1
202400046976,2024-03-29,nuit,,,34,34301,5,1,3,4,4,Voie communale,30.0,1
202400046977,2024-01-07,soirée,,,63,63204,3,2,6,4,3,Départementale,90.0,2
202400046978,2024-05-07,soirée,,,07,07349,1,2,6,4,4,Voie communale,50.0,2
202400046979,2024-02-20,nuit,,,60,60369,3,1,2,3,1,Autoroute,130.0,2
202400046980,2024-03-29,après-midi,,,34,34172,1,1,3,3,4,Voie communale,50.0,1
202400046981,2024-02-19,après-midi,,,44,44020,1,1,3,4,4,Voie communale,30.0,1
202400046982,2024-01-08,matin,,,60,60282,1,1,5,4,3,Départementale,50.0,1
202400046983,2024-03-30,matin,,,33,33063,1,1,2,4,4,Voie communale,50.0,1
202400046984,2024-05-04,après-midi,,,53,53228,1,2,3,3,3,Départementale,80.0,2
202400046985,2024-02-19,soirée,,,45,45316,3,1,1,3,3,Départementale,90.0,1
202400046986,2024-01-04,soirée,,,80,80442,3,2,2,3,3,Départementale,70.0,2
202400046987,2024-02-20,matin,,,06,06070,1,1,6,3,3,Départementale,80.0,1
202400046988,2024-05-08,après-midi,,,40,40322,1,1,1,3,3,Départementale,80.0,1
202400046989,2024-03-30,soirée,,,33,33529,1,1,3,4,3,Départementale,50.0,1
202400046990,2024-02-19,après-midi,,,04,04197,1,1,3,4,3,Départementale,80.0,1
202400046991,2024-03-30,nuit,,,31,31555,5,1,7,4,4,Voie communale,90.0,1
202400046992,2024-05-08,après-midi,,,24,24356,1,1,6,3,3,Départementale,80.0,1
202400046993,2024-01-06,nuit,,,13,13215,3,1,2,4,1,Autoroute,90.0,1
202400046994,2024-03-30,matin,,,31,31555,1,8,6,4,1,Autoroute,90.0,1
202400046995,2024-02-20,après-midi,,,13,13027,1,1,1,3,3,Départementale,80.0,1
202400046996,2024-01-07,soirée,,,94,94038,3,2,6,4,1,Autoroute,90.0,2
202400046997,2024-05-01,matin,,,17,17483,1,1,2,4,3,Départementale,110.0,1
202400046998,2024-02-19,matin,,,88,88251,1,8,6,4,3,Départementale,80.0,2
202400046999,2024-03-29,après-midi,,,30,30028,1,1,1,4,3,Départementale,50.0,1
202400047000,2024-02-19,soirée,,,69,69116,5,1,6,3,7,Autre,50.0,1
202400047001,2024-05-08,après-midi,,,49,49138,1,7,7,4,1,Autoroute,130.0,1
202400047002,2024-01-07,après-midi,,,91,91689,3,1,2,4,1,Autoroute,110.0,1
202400047003,2024-03-30,matin,,,29,29019,1,1,6,4,4,Voie communale,50.0,1
202400047004,2024-02-19,matin,,,81,81248,1,1,1,3,3,Départementale,90.0,1
202400047005,2024-02-10,soirée,,,33,33322,3,3,6,3,4,Voie communale,80.0,2
202400047006,2024-01-07,matin,,,91,91340,3,1,2,4,2,Nationale,90.0,1
202400047007,2024-05-07,matin,,,78,78233,1,1,2,4,3,Départementale,80.0,1
202400047008,2024-03-30,après-midi,,,27,27229,1,1,7,4,4,Voie communale,50.0,1
202400047009,2024-02-19,nuit,,,76,76042,3,1,6,3,3,Départementale,80.0,1
202400047010,2024-03-29,soirée,,,19,19272,5,2,3,4,4,Voie communale,50.0,2
202400047011,2024-01-06,soirée,,,93,93053,3,1,5,4,1,Autoroute,70.0,1
202400047012,2024-02-15,après-midi,,,13,13211,1,1,2,4,1,Autoroute,90.0,1
202400047013,2024-05-08,après-midi,,,42,42279,1,1,1,4,3,Départementale,50.0,1
202400047014,2024-03-30,après-midi,,,13,13103,1,1,1,4,4,Voie communale,30.0,1
202400047015,2024-01-06,nuit,,,92,92036,3,2,6,4,1,Autoroute,50.0,2
202400047016,2024-02-19,après-midi,,,33,33162,1,1,6,4,1,Autoroute,90.0,1
202400047017,2024-05-08,matin,,,67,67411,1,1,7,3,3,Départementale,110.0,1
202400047018,2024-03-30,nuit,,,13,13210,3,8,6,4,4,Voie communale,50.0,2
202400047019,2024-03-29,après-midi,,,13,13202,1,1,3,4,4,Voie communale,50.0,1
202400047020,2024-05-08,matin,,,82,82121,1,1,3,4,1,Autoroute,130.0,1
202400047021,2024-02-18,soirée,,,33,33013,1,1,4,4,2,Nationale,70.0,1
202400047022,2024-01-05,soirée,,,974,97411,3,1,3,4,2,Nationale,70.0,1
202400047023,2024-03-29,soirée,,,13,13047,3,1,1,4,7,Autre,70.0,1
202400047024,2024-02-19,matin,,,59,59523,1,1,7,4,1,Autoroute,70.0,1
202400047025,2024-05-07,matin,,,987,98757,1,1,1,3,4,Voie communale,30.0,1
202400047026,2024-01-06,matin,,,974,97409,1,1,3,4,3,Départementale,50.0,1
202400047027,2024-02-19,nuit,,,92,92064,5,1,6,3,1,Autoroute,70.0,1
202400047028,2024-03-29,soirée,,,13,13047,3,1,5,3,7,Autre,80.0,1
202400047029,2024-02-18,nuit,,,93,93027,3,2,6,4,1,Autoroute,50.0,2
202400047030,2024-05-07,soirée,,,77,77060,1,1,2,3,3,Départementale,50.0,1
202400047031,2024-03-29,soirée,,,11,11069,1,1,3,4,4,Voie communale,50.0,1
202400047032,2024-01-07,nuit,,,69,69387,5,2,3,4,4,Voie communale,30.0,2
202400047033,2024-02-18,soirée,,,95,95277,3,2,6,4,1,Autoroute,70.0,2
202400047034,2024-03-26,soirée,,,10,10387,1,2,7,4,4,Voie communale,50.0,2
202400047035,2024-05-08,matin,,,95,95446,1,1,6,3,3,Départementale,50.0,1
202400047036,2024-01-06,après-midi,,,69,69387,2,2,3,4,4,Voie communale,30.0,2
202400047037,2024-03-30,matin,,,10,10387,2,8,7,4,4,Voie communale,50.0,2
202400047038,2024-02-18,après-midi,,,95,95241,1,2,3,4,2,Nationale,110.0,2
202400047039,2024-05-08,soirée,,,13,13007,1,1,3,3,3,Départementale,80.0,1
202400047040,2024-01-06,après-midi,,,2B,2B033,1,1,3,4,4,Voie communale,50.0,1
202400047041,2024-02-17,nuit,,,93,93066,5,1,3,4,1,Autoroute,90.0,1
202400047042,2024-03-30,soirée,,,06,06027,5,2,2,4,7,Autre,50.0,2
202400047043,2024-06-13,matin,,,94,94002,1,1,3,4,1,Autoroute,90.0,1
202400047044,2024-07-13,matin,,,48,48166,1,1,6,3,3,Départementale,90.0,9
202400047045,2024-05-07,après-midi,,,67,67131,1,1,5,4,7,Autre,,1
202400047046,2024-02-17,après-midi,,,95,95277,1,1,7,4,1,Autoroute,50.0,1
202400047047,2024-01-06,nuit,,,971,97113,5,1,1,4,2,Nationale,70.0,1
202400047048,2024-02-18,nuit,,,77,77122,3,2,6,4,2,Nationale,90.0,2
202400047049,2024-06-13,nuit,,,94,94074,2,1,2,4,2,Nationale,90.0,1
202400047050,2024-07-15,après-midi,,,08,08469,1,1,1,4,3,Départementale,80.0,1
202400047051,2024-03-30,matin,,,01,01053,1,8,4,4,4,Voie communale,50.0,1
202400047052,2024-05-07,après-midi,,,73,73213,1,2,4,4,3,Départementale,50.0,2
202400047053,2024-01-06,nuit,,,95,95637,5,8,1,4,4,Voie communale,50.0,2
202400047054,2024-02-09,soirée,,,59,59350,1,1,6,4,4,Voie communale,30.0,1
202400047055,2024-06-12,soirée,,,94,94004,1,1,2,4,2,Nationale,90.0,1
202400047056,2024-05-07,nuit,,,38,38158,3,3,3,4,7,Autre,50.0,2
202400047057,2024-01-06,matin,,,91,91161,5,8,6,4,4,Voie communale,50.0,1
202400047058,2024-02-17,après-midi,,,75,75117,1,1,5,4,4,Voie communale,70.0,1
202400047059,2024-03-29,nuit,,,75,75117,5,3,7,4,4,Voie communale,50.0,2
202400047060,2024-06-12,après-midi,,,94,94052,1,1,3,4,1,Autoroute,90.0,1
202400047061,2024-01-06,matin,,,85,85191,2,1,6,4,3,Départementale,80.0,1
202400047062,2024-02-18,soirée,,,75,75119,5,2,6,4,4,Voie communale,30.0,2
202400047063,2024-05-08,après-midi,,,01,01043,1,1,3,4,3,Départementale,50.0,1
202400047064,2024-03-29,soirée,,,75,75120,5,2,4,4,4,Voie communale,70.0,2
202400047065,2024-07-14,nuit,,,11,11014,3,1,6,3,3,Départementale,70.0,1
202400047066,2024-02-18,soirée,,,75,75119,5,2,6,4,4,Voie communale,30.0,2
202400047067,2024-01-06,soirée,,,84,84007,5,1,6,3,4,Voie communale,50.0,1
202400047068,2024-01-05,soirée,,,88,88468,5,1,3,3,4,Voie communale,50.0,1
202400047069,2024-03-29,matin,,,75,75105,1,1,6,4,4,Voie communale,30.0,1
202400047070,2024-07-15,soirée,,,971,97126,3,1,6,2,2,Nationale,80.0,1
202400047071,2024-02-18,matin,,,75,75119,1,2,3,4,4,Voie communale,30.0,2
202400047072,2024-05-05,soirée,,,17,17375,1,1,3,4,3,Départementale,80.0,1
202400047073,2024-02-27,après-midi,,,84,84031,1,1,2,4,3,Départementale,70.0,1
202400047074,2024-07-15,soirée,,,77,77127,1,1,6,3,3,Départementale,80.0,1
202400047075,2024-03-30,matin,,,75,75119,1,2,2,4,4,Voie communale,30.0,2
202400047076,2024-05-08,matin,,,22,22214,1,1,7,4,4,Voie communale,,1
202400047077,2024-01-07,nuit,,,78,78367,5,1,3,4,3,Départementale,50.0,1
202400047078,2024-05-08,soirée,,,60,60446,1,1,7,4,2,Nationale,110.0,1
202400047079,2024-02-17,nuit,,,75,75116,5,1,6,4,4,Voie communale,50.0,1
202400047080,2024-03-29,matin,,,75,75119,1,1,6,4,4,Voie communale,30.0,1
202400047081,2024-02-28,matin,,,32,32254,2,1,3,3,3,Départementale,80.0,1
202400047082,2024-07-13,après-midi,,,78,78443,1,1,3,4,3,Départementale,70.0,1
202400047083,2024-01-05,matin,,,78,78517,1,7,6,3,4,Voie communale,30.0,9
202400047084,2024-02-17,nuit,,,75,75116,5,1,3,4,4,Voie communale,50.0,1
202400047085,2024-05-08,après-midi,,,60,60313,1,1,2,4,3,Départementale,70.0,1
202400047086,2024-03-30,après-midi,,,75,75117,1,8,6,4,4,Voie communale,30.0,2
202400047087,2024-07-13,soirée,,,84,84092,1,1,6,3,4,Voie communale,30.0,1
202400047088,2024-05-07,soirée,,,02,02381,1,1,6,3,4,Voie communale,50.0,1
202400047089,2024-02-25,soirée,,,32,32263,3,3,3,3,3,Départementale,80.0,2
202400047090,2024-08-19,après-midi,,,29,29019,1,1,3,4,4,Voie communale,50.0,1
202400047091,2024-03-29,soirée,,,75,75116,5,3,6,4,4,Voie communale,30.0,2
202400047092,2024-02-18,nuit,,,75,75111,5,1,2,4,4,Voie communale,30.0,1
202400047093,2024-08-20,après-midi,,,22,22106,1,1,6,3,4,Voie communale,50.0,1
202400047094,2024-07-15,soirée,,,83,83101,3,1,3,3,3,Départementale,,1
202400047095,2024-06-12,après-midi,,,976,97611,1,1,6,4,4,Voie communale,30.0,1
202400047096,2024-03-29,après-midi,,,75,75116,1,1,3,4,4,Voie communale,30.0,1
202400047097,2024-01-05,après-midi,,,76,76640,1,1,6,3,6,Autre,30.0,1
202400047098,2024-05-05,nuit,,,59,59158,5,1,3,4,3,Départementale,50.0,1
202400047099,2024-02-18,soirée,,,75,75110,5,2,6,4,4,Voie communale,30.0,2
202400047100,2024-08-20,après-midi,,,17,17306,1,1,3,4,4,Voie communale,50.0,1
202400047101,2024-01-06,soirée,,,76,76349,3,1,1,4,3,Départementale,70.0,1
202400047102,2024-03-29,matin,,,75,75116,1,1,2,4,4,Voie communale,50.0,1
202400047103,2024-05-05,après-midi,,,59,59581,1,1,3,3,3,Départementale,70.0,1
202400047104,2024-07-15,nuit,,,83,83115,5,1,3,3,3,Départementale,50.0,1
202400047105,2024-06-12,matin,,,976,97611,1,1,1,4,2,Nationale,50.0,1
202400047106,2024-02-18,après-midi,,,75,75101,1,2,6,4,4,Voie communale,30.0,2
202400047107,2024-01-06,nuit,,,76,76217,5,2,6,3,4,Voie communale,30.0,2
202400047108,2024-03-28,soirée,,,75,75116,5,1,3,4,4,Voie communale,30.0,1
202400047109,2024-06-12,matin,,,974,97416,1,8,7,4,3,Départementale,50.0,9
202400047110,2024-05-07,après-midi,,,13,13056,1,1,2,4,1,Autoroute,90.0,1
202400047111,2024-08-19,soirée,,,11,11262,1,1,2,4,4,Voie communale,30.0,1
202400047112,2024-07-16,matin,,,13,13076,1,1,2,3,3,Départementale,80.0,1
202400047113,2024-02-18,matin,,,94,94041,1,1,3,4,3,Départementale,50.0,1
202400047114,2024-03-29,matin,,,75,75115,1,1,7,4,4,Voie communale,30.0,1
202400047115,2024-06-12,matin,,,974,97411,1,8,7,4,4,Voie communale,50.0,8
202400047116,2024-01-06,après-midi,,,72,72181,1,1,1,4,4,Voie communale,50.0,1
202400047117,2024-08-19,après-midi,,,10,10333,1,1,7,4,4,Voie communale,50.0,1
202400047118,2024-02-18,soirée,,,94,94073,5,2,6,4,3,Départementale,50.0,2
202400047119,2024-05-06,après-midi,,,83,83069,1,1,4,4,1,Autoroute,110.0,1
202400047120,2024-06-11,matin,,,974,97407,1,1,3,4,2,Nationale,70.0,1
202400047121,2024-03-28,nuit,,,75,75114,5,1,3,4,4,Voie communale,30.0,1
202400047122,2024-08-20,après-midi,,,09,09225,1,1,6,4,4,Voie communale,50.0,1
202400047123,2024-01-06,après-midi,,,72,72181,1,1,3,4,4,Voie communale,50.0,1
202400047124,2024-07-15,nuit,,,13,13014,3,1,3,4,3,Départementale,90.0,1
202400047125,2024-02-18,soirée,,,93,93077,5,1,6,3,3,Départementale,30.0,1
202400047126,2024-03-29,après-midi,,,75,75113,1,2,6,4,4,Voie communale,30.0,2
202400047127,2024-08-19,soirée,,,04,04112,1,1,6,4,4,Voie communale,50.0,1
202400047128,2024-02-18,nuit,,,93,93055,5,1,3,4,3,Départementale,50.0,1
202400047129,2024-01-06,soirée,,,69,69029,5,2,3,4,1,Autoroute,50.0,2
202400047130,2024-06-11,soirée,,,973,97302,5,1,2,4,2,Nationale,50.0,1
202400047131,2024-08-20,après-midi,,,75,75114,1,2,7,4,4,Voie communale,50.0,2
202400047132,2024-02-17,soirée,,,93,93048,5,1,6,3,4,Voie communale,50.0,1
202400047133,2024-03-29,soirée,,,75,75112,5,3,6,4,4,Voie communale,30.0,2
202400047134,2024-06-11,nuit,,,972,97213,5,1,6,4,2,Nationale,70.0,1
202400047135,2024-01-05,après-midi,,,63,63300,1,1,2,4,4,Voie communale,30.0,1
202400047136,2024-07-15,après-midi,,,38,38344,1,1,4,3,1,Autoroute,110.0,1
202400047137,2024-08-20,après-midi,,,75,75120,1,1,6,4,4,Voie communale,30.0,1
202400047138,2024-03-28,après-midi,,,75,75112,1,1,6,4,4,Voie communale,30.0,1
202400047139,2024-02-18,matin,,,92,92064,5,1,2,4,3,Départementale,50.0,1
202400047140,2024-01-06,soirée,,,59,59392,5,2,6,3,4,Voie communale,50.0,2
202400047141,2024-03-30,nuit,,,75,75111,5,1,2,4,4,Voie communale,30.0,1
202400047142,2024-06-11,soirée,,,972,97213,5,1,3,4,3,Départementale,50.0,1
202400047143,2024-08-20,après-midi,,,75,75116,1,1,1,4,4,Voie communale,30.0,1
202400047144,2024-02-18,après-midi,,,92,92060,1,2,2,4,4,Voie communale,50.0,2
202400047145,2024-07-16,matin,,,89,89452,1,1,2,3,3,Départementale,90.0,1
202400047146,2024-01-05,après-midi,,,57,57631,2,1,6,3,4,Voie communale,50.0,1
202400047147,2024-05-07,après-midi,,,33,33162,1,2,4,4,1,Autoroute,90.0,2
202400047148,2024-06-12,matin,,,972,97209,1,1,6,4,9,Autre,50.0,1
202400047149,2024-07-14,nuit,,,89,89083,3,1,6,4,3,Départementale,90.0,1
202400047150,2024-03-30,matin,,,75,75111,1,2,3,4,4,Voie communale,30.0,2
202400047151,2024-02-18,après-midi,,,92,92014,1,2,6,4,3,Départementale,50.0,2
202400047152,2024-08-20,après-midi,,,75,75116,1,1,6,4,4,Voie communale,30.0,1
202400047153,2024-01-06,après-midi,,,51,51454,5,2,2,4,4,Voie communale,50.0,2
202400047154,2024-08-19,après-midi,,,75,75114,1,1,7,4,4,Voie communale,30.0,1
202400047155,2024-06-11,nuit,,,69,69382,5,1,2,4,4,Voie communale,30.0,1
202400047156,2024-07-15,après-midi,,,67,67010,1,1,3,3,3,Départementale,,1
202400047157,2024-02-18,matin,,,72,72013,2,1,3,4,3,Départementale,80.0,2
202400047158,2024-03-29,soirée,,,75,75111,5,2,6,4,4,Voie communale,30.0,2
202400047159,2024-01-06,nuit,,,45,45234,5,1,3,4,4,Voie communale,50.0,1
202400047160,2024-05-07,après-midi,,,91,91161,1,1,5,4,1,Autoroute,70.0,1
202400047161,2024-06-09,matin,,,971,97101,1,1,7,4,4,Voie communale,50.0,1
202400047162,2024-02-18,soirée,,,86,86262,3,2,2,3,3,Départementale,80.0,2
202400047163,2024-08-20,soirée,,,75,75107,1,1,3,4,4,Voie communale,30.0,1
202400047164,2024-03-29,soirée,,,75,75111,5,3,6,4,4,Voie communale,30.0,2
202400047165,2024-01-05,soirée,,,35,35238,5,2,6,4,4,Voie communale,50.0,2
202400047166,2024-07-15,après-midi,,,88,88431,1,1,1,3,3,Départementale,50.0,1
202400047167,2024-06-12,après-midi,,,95,95598,1,1,6,4,4,Voie communale,50.0,1
202400047168,2024-05-07,après-midi,,,92,92025,1,1,3,4,1,Autoroute,90.0,1
202400047169,2024-08-20,après-midi,,,75,75107,1,3,7,4,4,Voie communale,30.0,2
202400047170,2024-02-12,après-midi,,,51,51649,1,1,6,3,2,Nationale,50.0,1
202400047171,2024-01-07,nuit,,,34,34172,5,1,3,4,7,Autre,50.0,1
202400047172,2024-03-30,soirée,,,75,75107,5,1,3,4,4,Voie communale,50.0,1
202400047173,2024-07-16,matin,,,69,69074,1,1,3,4,3,Départementale,80.0,1
202400047174,2024-06-12,soirée,,,91,91549,1,1,3,4,3,Départementale,50.0,1
202400047175,2024-02-08,après-midi,,,84,84104,1,1,1,4,3,Départementale,,1
202400047176,2024-05-07,après-midi,,,93,93066,1,1,4,4,1,Autoroute,70.0,1
202400047177,2024-07-16,après-midi,,,69,69219,1,1,7,3,3,Départementale,80.0,1
202400047178,2024-01-06,soirée,,,31,31555,3,1,4,2,1,Autoroute,90.0,1
202400047179,2024-08-20,après-midi,,,75,75101,1,1,3,4,4,Voie communale,30.0,1
202400047180,2024-06-11,après-midi,,,86,86194,1,1,6,3,4,Voie communale,30.0,1
202400047181,2024-03-29,après-midi,,,75,75108,1,1,3,4,4,Voie communale,30.0,1
202400047182,2024-07-15,soirée,,,69,69117,1,1,7,3,4,Voie communale,50.0,2
202400047183,2024-05-07,matin,,,95,95212,1,1,6,4,2,Nationale,90.0,1
202400047184,2024-02-19,matin,,,35,35139,1,1,2,3,2,Nationale,110.0,1
202400047185,2024-01-06,après-midi,,,29,29019,1,1,4,4,4,Voie communale,30.0,1
202400047186,2024-03-29,matin,,,75,75114,1,2,3,4,4,Voie communale,30.0,2
202400047187,2024-01-06,matin,,,25,25024,3,2,6,4,3,Départementale,90.0,2
202400047188,2024-07-12,nuit,,,44,44074,3,1,7,3,7,Autre,50.0,9
202400047189,2024-08-19,nuit,,,94,94081,5,1,3,4,3,Départementale,50.0,1
202400047190,2024-06-09,soirée,,,84,84035,1,2,1,4,4,Voie communale,50.0,2
202400047191,2024-05-07,matin,,,93,93010,1,1,2,4,1,Autoroute,70.0,1
202400047192,2024-02-19,après-midi,,,26,26325,1,1,1,4,2,Nationale,80.0,1
202400047193,2024-03-30,après-midi,,,75,75104,1,8,7,4,4,Voie communale,30.0,1
202400047194,2024-01-06,après-midi,,,13,13103,1,1,6,3,4,Voie communale,30.0,1
202400047195,2024-08-20,matin,,,94,94043,1,1,6,4,3,Départementale,50.0,1
202400047196,2024-05-07,nuit,,,75,75120,3,1,6,4,1,Autoroute,110.0,1
202400047197,2024-06-12,après-midi,,,84,84007,1,1,6,4,4,Voie communale,50.0,1
202400047198,2024-02-18,soirée,,,66,66141,5,1,1,4,4,Voie communale,30.0,1
202400047199,2024-01-06,soirée,,,13,13203,5,1,3,4,4,Voie communale,50.0,1
202400047200,2024-03-30,matin,,,75,75104,1,2,6,4,4,Voie communale,30.0,2
202400047201,2024-07-16,après-midi,,,22,22162,1,1,4,4,3,Départementale,80.0,1
202400047202,2024-05-06,après-midi,,,93,93029,1,1,3,4,1,Autoroute,90.0,1
202400047203,2024-08-20,nuit,,,94,94021,4,2,2,4,3,Départementale,50.0,2
202400047204,2024-02-18,nuit,,,69,69084,3,1,6,4,3,Départementale,50.0,1
202400047205,2024-01-06,nuit,,,13,13211,5,1,1,4,4,Voie communale,50.0,1
202400047206,2024-06-11,après-midi,,,84,84007,1,1,3,4,4,Voie communale,50.0,1
202400047207,2024-03-29,après-midi,,,75,75101,1,1,3,4,4,Voie communale,30.0,1
202400047208,2024-05-06,matin,,,93,93006,1,1,6,4,1,Autoroute,90.0,1
202400047209,2024-07-10,après-midi,,,54,54312,1,1,2,4,1,Autoroute,110.0,1
202400047210,2024-08-20,après-midi,,,93,93066,1,1,3,4,4,Voie communale,50.0,1
202400047211,2024-02-18,soirée,,,71,71416,3,2,1,4,3,Départementale,90.0,2
202400047212,2024-01-05,après-midi,,,10,10362,1,2,6,4,4,Voie communale,30.0,2
202400047213,2024-06-12,matin,,,84,84007,1,1,2,4,4,Voie communale,50.0,1
202400047214,2024-03-29,matin,,,75,75103,1,1,6,3,4,Voie communale,30.0,1
202400047215,2024-02-18,nuit,,,89,89154,4,1,6,3,3,Départementale,30.0,1