Num_Acc,date,time_of_day,lat,long,dep,com,lum,atm,col,severity_index,catr,catr_label,vma,surf
202400047216,2024-01-06,matin,,,08,08105,2,1,6,4,4,Voie communale,50.0,1
202400047217,2024-07-15,après-midi,,,93,93027,1,1,2,4,1,Autoroute,90.0,1
202400047218,2024-05-06,soirée,,,77,77122,2,1,6,4,1,Autoroute,110.0,1
202400047219,2024-06-12,matin,,,78,78688,1,1,2,4,3,Départementale,50.0,1
202400047220,2024-08-19,nuit,,,93,93053,3,1,2,4,3,Départementale,50.0,1
202400047221,2024-03-28,soirée,,,94,94076,1,8,6,4,4,Voie communale,50.0,1
202400047222,2024-01-05,après-midi,,,02,02408,1,1,2,3,3,Départementale,50.0,1
202400047223,2024-05-06,matin,,,94,94018,1,1,2,4,1,Autoroute,90.0,1
202400047224,2024-01-31,après-midi,,,49,49132,1,1,5,4,3,Départementale,80.0,1
202400047225,2024-08-20,soirée,,,92,92072,1,2,6,4,3,Départementale,50.0,2
202400047226,2024-06-11,après-midi,,,78,78621,1,1,3,4,4,Voie communale,50.0,1
202400047227,2024-03-29,soirée,,,94,94044,5,2,1,3,3,Départementale,50.0,2
202400047228,2024-01-05,après-midi,,,75,75112,1,1,6,4,4,Voie communale,70.0,1
202400047229,2024-05-02,matin,,,974,97407,1,1,3,2,2,Nationale,50.0,1
202400047230,2024-07-14,nuit,,,93,93007,3,1,5,4,1,Autoroute,110.0,1
202400047231,2024-03-29,soirée,,,94,94042,5,2,2,4,3,Départementale,50.0,2
202400047232,2024-08-20,après-midi,,,92,92036,1,3,2,4,3,Départementale,50.0,2
202400047233,2024-06-12,matin,,,77,77186,1,1,3,4,3,Départementale,70.0,1
202400047234,2024-01-06,matin,,,75,75119,1,1,6,4,4,Voie communale,30.0,1
202400047235,2024-02-19,matin,,,12,12291,1,1,5,4,3,Départementale,90.0,1
202400047236,2024-05-06,après-midi,,,972,97213,1,1,2,3,3,Départementale,50.0,1
202400047237,2024-07-15,matin,,,77,77258,1,1,2,4,1,Autoroute,110.0,1
202400047238,2024-03-29,soirée,,,94,94028,1,1,3,4,4,Voie communale,,1
202400047239,2024-01-06,soirée,,,75,75118,3,1,6,4,4,Voie communale,50.0,2
202400047240,2024-02-18,après-midi,,,42,42015,1,1,7,3,3,Départementale,80.0,1
202400047241,2024-06-11,soirée,,,77,77400,1,8,1,3,4,Voie communale,80.0,2
202400047242,2024-08-20,après-midi,,,92,92035,1,2,3,4,4,Voie communale,50.0,2
202400047243,2024-05-06,après-midi,,,972,97213,1,1,2,4,3,Départementale,2.0,1
202400047244,2024-07-15,matin,,,77,77121,1,1,2,4,1,Autoroute,90.0,1
202400047245,2024-01-06,nuit,,,75,75117,5,1,6,4,4,Voie communale,30.0,1
202400047246,2024-03-30,nuit,,,94,94058,5,3,3,4,4,Voie communale,,2
202400047247,2024-02-16,matin,,,44,44216,1,1,6,3,3,Départementale,30.0,1
202400047248,2024-06-12,après-midi,,,76,76540,1,1,3,4,7,Autre,50.0,1
202400047249,2024-08-20,matin,,,92,92019,1,1,3,4,4,Voie communale,30.0,1
202400047250,2024-04-14,après-midi,,,74,74208,1,1,6,4,3,Départementale,80.0,1
202400047251,2024-05-06,matin,,,69,69149,1,2,3,4,7,Autre,30.0,2
202400047252,2024-01-06,soirée,,,75,75116,3,2,2,4,4,Voie communale,50.0,2
202400047253,2024-06-12,après-midi,,,74,74012,1,1,6,4,4,Voie communale,50.0,1
202400047254,2024-05-06,après-midi,,,2B,2B033,1,8,6,4,4,Voie communale,50.0,1
202400047255,2024-04-03,nuit,,,94,94037,5,1,3,4,3,Départementale,,1
202400047256,2024-08-15,matin,,,76,76281,1,1,2,3,3,Départementale,80.0,1
202400047257,2024-02-17,après-midi,,,29,29225,1,1,3,4,3,Départementale,50.0,1
202400047258,2024-01-05,après-midi,,,75,75114,5,1,3,4,4,Voie communale,30.0,1
202400047259,2024-04-30,après-midi,,,74,74002,1,1,6,4,4,Voie communale,50.0,1
202400047260,2024-08-20,matin,,,35,35126,1,3,6,3,3,Départementale,80.0,2
202400047261,2024-06-12,matin,,,74,74298,1,1,2,4,3,Départementale,50.0,1
202400047262,2024-02-18,après-midi,,,02,02569,1,3,7,3,3,Départementale,80.0,2
202400047263,2024-05-04,nuit,,,971,97101,5,1,1,4,3,Départementale,70.0,1
202400047264,2024-01-06,nuit,,,75,75103,5,1,7,3,4,Voie communale,30.0,1
202400047265,2024-04-14,matin,,,74,74042,1,1,7,3,6,Autre,,1
202400047266,2024-03-29,soirée,,,94,94016,5,2,2,4,3,Départementale,50.0,2
202400047267,2024-02-18,après-midi,,,66,66137,1,1,7,3,3,Départementale,80.0,1
202400047268,2024-08-19,après-midi,,,35,35013,1,1,3,3,3,Départementale,80.0,1
202400047269,2024-06-11,après-midi,,,72,72181,1,1,1,4,4,Voie communale,50.0,1
202400047270,2024-05-06,soirée,,,2A,2A004,1,1,3,4,3,Départementale,50.0,1
202400047271,2024-01-04,soirée,,,75,75104,5,1,6,4,4,Voie communale,30.0,1
202400047272,2024-03-29,soirée,,,94,94041,5,3,3,4,3,Départementale,30.0,2
202400047273,2024-04-25,nuit,,,74,74074,3,1,3,2,3,Départementale,80.0,1
202400047274,2024-08-20,nuit,,,63,63026,3,1,6,3,3,Départementale,50.0,1
202400047275,2024-02-19,matin,,,60,60108,2,2,6,4,3,Départementale,80.0,2
202400047276,2024-06-12,soirée,,,69,69266,1,1,6,4,4,Voie communale,50.0,1
202400047277,2024-05-06,après-midi,,,95,95280,1,1,2,4,4,Voie communale,50.0,1
202400047278,2024-03-29,soirée,,,94,94041,5,2,3,4,3,Départementale,30.0,2
202400047279,2024-04-24,matin,,,74,74010,1,1,3,3,3,Départementale,50.0,1
202400047280,2024-08-19,nuit,,,01,01153,3,1,1,4,3,Départementale,80.0,1
202400047281,2024-03-29,matin,,,94,94041,1,1,6,4,4,Voie communale,50.0,1
202400047282,2024-05-06,matin,,,95,95277,1,1,6,4,3,Départementale,50.0,1
202400047283,2024-02-18,soirée,,,64,64436,1,1,1,3,3,Départementale,50.0,1
202400047284,2024-01-05,après-midi,,,94,94011,1,1,4,4,3,Départementale,70.0,1
202400047285,2024-08-20,matin,,,30,30242,1,1,7,3,3,Départementale,80.0,1
202400047286,2024-02-19,après-midi,,,18,18087,1,1,7,4,3,Départementale,80.0,1
202400047287,2024-04-18,après-midi,,,74,74237,1,1,1,4,3,Départementale,50.0,1
202400047288,2024-06-12,nuit,,,69,69388,5,1,6,3,4,Voie communale,30.0,1
202400047289,2024-03-29,après-midi,,,94,94073,1,3,6,4,3,Départementale,50.0,2
202400047290,2024-05-06,matin,,,91,91667,1,1,6,4,3,Départementale,50.0,1
202400047291,2024-01-06,nuit,,,94,94021,5,1,6,4,3,Départementale,50.0,1
202400047292,2024-05-05,matin,,,87,87085,1,1,6,3,1,Autoroute,90.0,1
202400047293,2024-08-20,soirée,,,57,57667,1,1,3,3,3,Départementale,,1
202400047294,2024-02-18,nuit,,,43,43102,3,5,1,4,3,Départementale,70.0,2
202400047295,2024-04-23,après-midi,,,74,74224,1,1,1,3,6,Autre,,1
202400047296,2024-06-11,matin,,,69,69290,1,1,3,4,7,Autre,50.0,1
202400047297,2024-01-06,soirée,,,94,94017,5,2,3,4,3,Départementale,50.0,2
202400047298,2024-03-27,matin,,,94,94033,1,1,5,4,3,Départementale,50.0,1
202400047299,2024-05-06,soirée,,,83,83137,5,1,6,4,3,Départementale,50.0,1
202400047300,2024-02-14,matin,,,85,85182,1,5,6,3,3,Départementale,50.0,2
202400047301,2024-04-27,soirée,,,74,74116,1,1,3,2,3,Départementale,80.0,1
202400047302,2024-02-18,matin,,,27,27295,2,2,6,4,3,Départementale,80.0,2
202400047303,2024-03-30,matin,,,94,94028,2,1,1,3,3,Départementale,50.0,1
202400047304,2024-01-06,nuit,,,93,93073,5,1,3,4,4,Voie communale,50.0,1
202400047305,2024-06-12,après-midi,,,64,64445,1,2,3,4,4,Voie communale,50.0,2
202400047306,2024-05-06,matin,,,83,83126,1,1,3,4,4,Voie communale,50.0,1
202400047307,2024-02-18,après-midi,,,30,30210,1,1,7,3,3,Départementale,80.0,1
202400047308,2024-04-19,nuit,,,74,74010,5,1,6,4,6,Autre,30.0,1
202400047309,2024-03-29,soirée,,,94,94028,5,3,6,3,3,Départementale,50.0,2
202400047310,2024-08-20,soirée,,,51,51263,1,8,1,4,9,Autre,80.0,1
202400047311,2024-05-06,soirée,,,81,81065,1,7,3,4,4,Voie communale,30.0,1
202400047312,2024-01-06,après-midi,,,93,93047,1,1,3,4,4,Voie communale,50.0,1
202400047313,2024-06-12,matin,,,64,64122,1,1,3,4,4,Voie communale,,1
202400047314,2024-03-29,matin,,,94,94002,1,8,3,4,4,Voie communale,50.0,1
202400047315,2024-04-14,après-midi,,,74,74100,1,1,6,2,3,Départementale,80.0,1
202400047316,2024-02-18,soirée,,,68,68375,5,3,2,4,4,Voie communale,30.0,2
202400047317,2024-08-20,après-midi,,,56,56174,1,1,7,3,4,Voie communale,50.0,1
202400047318,2024-09-24,matin,,,972,97209,1,1,6,4,2,Nationale,50.0,1
202400047319,2024-05-06,matin,,,77,77487,1,1,6,2,4,Voie communale,50.0,1
202400047320,2024-01-06,après-midi,,,92,92050,1,1,3,4,3,Départementale,30.0,1
202400047321,2024-06-04,après-midi,,,62,62510,1,1,3,4,4,Voie communale,50.0,1
202400047322,2024-02-01,après-midi,,,35,35189,1,1,7,3,7,Autre,80.0,1
202400047323,2024-04-10,matin,,,74,74256,1,1,1,4,3,Départementale,50.0,1
202400047324,2024-03-28,soirée,,,94,94002,5,1,3,4,3,Départementale,50.0,1
202400047325,2024-05-06,nuit,,,77,77372,4,8,6,3,3,Départementale,50.0,2
202400047326,2024-09-23,matin,,,971,97101,1,1,1,3,4,Voie communale,50.0,1
202400047327,2024-08-20,après-midi,,,56,56185,1,1,2,3,2,Nationale,110.0,1
202400047328,2024-01-06,nuit,,,92,92025,5,1,3,4,4,Voie communale,30.0,1
202400047329,2024-02-18,matin,,,91,91649,2,8,1,3,3,Départementale,80.0,1
202400047330,2024-06-12,soirée,,,60,60057,1,1,3,4,4,Voie communale,50.0,1
202400047331,2024-03-29,après-midi,,,93,93078,1,1,7,4,4,Voie communale,50.0,1
202400047332,2024-02-02,soirée,,,73,73252,3,1,3,4,1,Autoroute,130.0,1
202400047333,2024-05-02,après-midi,,,77,77433,1,2,2,4,4,Voie communale,80.0,2
202400047334,2024-08-15,nuit,,,76,76560,3,1,6,4,7,Autre,50.0,1
202400047335,2024-01-06,nuit,,,92,92012,5,1,2,4,3,Départementale,50.0,1
202400047336,2024-02-17,matin,,,974,97417,1,1,3,4,2,Nationale,70.0,1
202400047337,2024-09-24,soirée,,,91,91479,1,8,4,4,2,Nationale,70.0,1
202400047338,2024-06-12,après-midi,,,59,59599,1,1,1,4,4,Voie communale,50.0,1
202400047339,2024-03-29,après-midi,,,93,93078,1,2,2,4,3,Départementale,50.0,2
202400047340,2024-07-14,matin,,,987,98735,1,1,6,4,4,Voie communale,20.0,1
202400047341,2024-08-21,soirée,,,80,80183,2,1,2,3,3,Départementale,80.0,1
202400047342,2024-05-06,après-midi,,,69,69290,1,2,6,3,7,Autre,50.0,2
202400047343,2024-01-06,après-midi,,,60,60006,1,1,2,4,3,Départementale,80.0,1
202400047344,2024-02-18,nuit,,,973,97311,3,1,6,4,3,Départementale,50.0,1
202400047345,2024-06-12,nuit,,,59,59646,4,1,6,4,4,Voie communale,30.0,1
202400047346,2024-07-14,après-midi,,,976,97611,1,1,6,4,4,Voie communale,30.0,1
202400047347,2024-05-02,soirée,,,68,68149,1,1,6,3,4,Voie communale,30.0,1
202400047348,2024-01-06,nuit,,,63,63425,3,2,7,3,3,Départementale,50.0,2
202400047349,2024-09-23,soirée,,,87,87065,4,3,6,4,1,Autoroute,90.0,2
202400047350,2024-03-29,soirée,,,93,93066,5,2,3,4,4,Voie communale,,2
202400047351,2024-06-12,matin,,,54,54575,1,1,7,4,2,Nationale,110.0,1
202400047352,2024-08-21,matin,,,81,81145,1,1,3,4,3,Départementale,80.0,1
202400047353,2024-09-23,soirée,,,87,87085,1,2,6,4,4,Voie communale,50.0,2
202400047354,2024-05-06,après-midi,,,67,67482,1,2,6,4,4,Voie communale,50.0,2
202400047355,2024-07-14,après-midi,,,974,97416,1,1,1,3,4,Voie communale,50.0,1
202400047356,2024-01-07,après-midi,,,973,97362,1,1,3,3,4,Voie communale,,1
202400047357,2024-02-18,soirée,,,91,91226,3,2,3,4,3,Départementale,90.0,2
202400047358,2024-03-29,soirée,,,93,93066,3,2,6,3,4,Voie communale,,2
202400047359,2024-05-06,après-midi,,,66,66136,1,1,7,3,4,Voie communale,30.0,8
202400047360,2024-08-20,matin,,,32,32182,1,1,6,3,3,Départementale,80.0,1
202400047361,2024-06-10,soirée,,,51,51454,2,1,7,4,4,Voie communale,30.0,1
202400047362,2024-07-14,nuit,,,974,97411,5,1,2,4,2,Nationale,70.0,1
202400047363,2024-01-07,nuit,,,972,97210,3,1,1,4,2,Nationale,70.0,1
202400047364,2024-09-23,après-midi,,,87,87085,1,1,2,4,1,Autoroute,130.0,2
202400047365,2024-02-18,après-midi,,,78,78128,1,2,3,3,3,Départementale,50.0,2
202400047366,2024-03-29,matin,,,93,93077,1,1,6,4,3,Départementale,50.0,2
202400047367,2024-05-05,soirée,,,65,65440,1,1,3,3,4,Voie communale,50.0,1
202400047368,2024-06-12,après-midi,,,50,50147,1,1,6,4,4,Voie communale,50.0,1
202400047369,2024-01-06,après-midi,,,44,44001,1,1,6,3,3,Départementale,80.0,2
202400047370,2024-08-18,après-midi,,,71,71133,1,1,1,3,3,Départementale,50.0,2
202400047371,2024-05-05,matin,,,64,64132,1,1,7,4,4,Voie communale,50.0,1
202400047372,2024-03-29,après-midi,,,93,93053,1,1,3,4,3,Départementale,50.0,1
202400047373,2024-02-16,après-midi,,,66,66176,1,1,3,3,3,Départementale,50.0,1
202400047374,2024-06-11,après-midi,,,49,49246,1,1,7,4,3,Départementale,50.0,1
202400047375,2024-09-21,nuit,,,87,87085,5,1,3,4,4,Voie communale,30.0,1
202400047376,2024-02-19,nuit,,,34,34154,3,1,6,2,3,Départementale,80.0,1
202400047377,2024-07-15,nuit,,,69,69387,5,1,3,4,4,Voie communale,50.0,1
202400047378,2024-05-05,soirée,,,64,64024,1,3,3,4,4,Voie communale,50.0,2
202400047379,2024-03-29,soirée,,,93,93048,5,3,3,4,3,Départementale,50.0,2
202400047380,2024-02-18,matin,,,21,21038,1,1,7,4,4,Voie communale,50.0,1
202400047381,2024-01-06,matin,,,87,87038,1,2,6,4,3,Départementale,80.0,2
202400047382,2024-06-11,après-midi,,,49,49007,1,1,3,4,4,Voie communale,50.0,1
202400047383,2024-09-24,soirée,,,83,83137,5,1,6,4,4,Voie communale,50.0,2
202400047384,2024-03-29,après-midi,,,93,93032,1,1,2,4,3,Départementale,50.0,1
202400047385,2024-05-03,après-midi,,,62,62035,1,1,3,4,3,Départementale,50.0,1
202400047386,2024-07-13,après-midi,,,91,91339,1,1,2,4,3,Départementale,90.0,1
202400047387,2024-02-06,matin,,,07,07324,1,1,3,4,6,Autre,10.0,1
202400047388,2024-08-20,matin,,,63,63233,1,1,3,4,3,Départementale,90.0,1
202400047389,2024-05-06,soirée,,,61,61006,1,2,6,4,4,Voie communale,50.0,2
202400047390,2024-02-18,nuit,,,07,07182,5,1,7,3,3,Départementale,50.0,1
202400047391,2024-03-30,après-midi,,,93,93047,1,1,6,4,6,Autre,30.0,1
202400047392,2024-09-24,matin,,,83,83137,2,1,2,4,3,Départementale,50.0,1
202400047393,2024-07-14,matin,,,91,91514,1,1,6,3,6,Autre,30.0,1
202400047394,2024-06-12,après-midi,,,44,44184,1,1,3,4,4,Voie communale,50.0,1
202400047395,2024-05-06,matin,,,61,61001,1,1,3,3,3,Départementale,30.0,1
202400047396,2024-02-19,matin,,,69,69099,1,1,3,4,3,Départementale,80.0,1
202400047397,2024-03-30,soirée,,,93,93005,3,1,3,4,3,Départementale,,1
202400047398,2024-09-23,après-midi,,,82,82033,1,1,2,4,3,Départementale,80.0,1
202400047399,2024-07-14,matin,,,91,91201,1,1,6,4,3,Départementale,50.0,1
202400047400,2024-08-19,après-midi,,,86,86113,1,1,7,3,4,Voie communale,50.0,1
202400047401,2024-05-06,soirée,,,59,59367,1,1,2,4,7,Autre,90.0,1
202400047402,2024-06-12,matin,,,38,38151,1,1,6,3,4,Voie communale,50.0,1
202400047403,2024-02-18,soirée,,,09,09160,5,1,7,4,3,Départementale,50.0,1
202400047404,2024-03-29,matin,,,92,92077,1,1,6,4,3,Départementale,50.0,1
202400047405,2024-02-18,soirée,,,31,31229,3,1,6,3,3,Départementale,80.0,1
202400047406,2024-07-14,matin,,,91,91027,1,1,3,4,3,Départementale,50.0,1
202400047407,2024-05-06,matin,,,58,58194,1,1,3,4,4,Voie communale,30.0,1
202400047408,2024-09-23,après-midi,,,79,79081,1,8,3,3,4,Voie communale,50.0,2
202400047409,2024-06-12,soirée,,,35,35238,1,1,6,3,4,Voie communale,30.0,1
202400047410,2024-02-19,après-midi,,,17,17092,1,8,7,3,3,Départementale,80.0,1
202400047411,2024-08-20,matin,,,22,22147,1,3,5,4,2,Nationale,70.0,2
202400047412,2024-05-05,nuit,,,56,56083,2,1,7,4,3,Départementale,50.0,1
202400047413,2024-03-28,matin,,,92,92072,1,1,2,4,3,Départementale,30.0,1
202400047414,2024-09-24,après-midi,,,78,78551,1,3,6,4,4,Voie communale,30.0,2
202400047415,2024-02-17,après-midi,,,33,33018,1,1,7,2,3,Départementale,50.0,1
202400047416,2024-07-13,soirée,,,90,90010,1,1,3,3,3,Départementale,50.0,1
202400047417,2024-06-12,soirée,,,35,35278,1,1,2,4,7,Autre,110.0,1
202400047418,2024-03-29,nuit,,,92,92064,3,1,6,4,4,Voie communale,50.0,2
202400047419,2024-08-21,matin,,,44,44014,1,1,6,3,3,Départementale,80.0,1
202400047420,2024-05-03,soirée,,,56,56098,2,1,3,4,3,Départementale,50.0,1
202400047421,2024-02-17,matin,,,44,44172,1,1,6,3,4,Voie communale,50.0,1
202400047422,2024-06-12,après-midi,,,35,35051,1,1,7,4,2,Nationale,90.0,1
202400047423,2024-02-18,matin,,,35,35257,2,2,6,3,4,Voie communale,80.0,2
202400047424,2024-03-30,soirée,,,92,92040,1,8,6,4,3,Départementale,30.0,1
202400047425,2024-07-08,matin,,,88,88413,1,1,7,3,4,Voie communale,30.0,1
202400047426,2024-08-22,après-midi,,,44,44131,3,2,6,4,3,Départementale,80.0,2
202400047427,2024-05-06,matin,,,54,54395,1,3,3,4,4,Voie communale,30.0,2
202400047428,2024-09-23,après-midi,,,77,77251,1,2,3,4,4,Voie communale,50.0,2
202400047429,2024-03-29,soirée,,,92,92026,2,2,6,4,4,Voie communale,30.0,2
202400047430,2024-02-18,après-midi,,,76,76020,1,8,3,3,7,Autre,70.0,2
202400047431,2024-06-12,matin,,,35,35281,1,1,3,4,4,Voie communale,30.0,1
202400047432,2024-04-21,nuit,,,52,52121,3,1,6,3,4,Voie communale,50.0,1
202400047433,2024-07-14,nuit,,,85,85194,3,1,1,3,4,Voie communale,50.0,1
202400047434,2024-03-30,matin,,,92,92025,1,8,6,4,4,Voie communale,30.0,1
202400047435,2024-02-19,matin,,,60,60241,1,8,7,4,3,Départementale,80.0,2
202400047436,2024-06-11,soirée,,,33,33065,1,1,1,4,6,Autre,30.0,1
202400047437,2024-05-06,après-midi,,,51,51454,1,1,3,4,4,Voie communale,50.0,1
202400047438,2024-09-24,soirée,,,71,71270,5,2,3,4,4,Voie communale,50.0,2
202400047439,2024-03-30,après-midi,,,92,92024,1,1,6,4,3,Départementale,50.0,1
202400047440,2024-02-18,nuit,,,13,13212,5,1,2,4,1,Autoroute,70.0,1
202400047441,2024-08-14,soirée,,,29,29284,1,1,6,4,3,Départementale,50.0,1
202400047442,2024-07-14,nuit,,,85,85194,5,1,2,4,4,Voie communale,30.0,1
202400047443,2024-06-08,matin,,,30,30189,1,1,6,4,4,Voie communale,50.0,1
202400047444,2024-05-06,matin,,,51,51454,1,1,6,4,4,Voie communale,50.0,1
202400047445,2024-03-30,soirée,,,92,92012,5,1,6,4,3,Départementale,50.0,1
202400047446,2024-08-20,après-midi,,,58,58140,1,1,7,3,4,Voie communale,50.0,9
202400047447,2024-09-23,soirée,,,69,69259,5,1,3,4,4,Voie communale,50.0,1
202400047448,2024-06-12,matin,,,23,23096,1,1,6,4,4,Voie communale,50.0,1
202400047449,2024-02-17,matin,,,13,13211,4,1,2,4,1,Autoroute,90.0,1
202400047450,2024-07-13,soirée,,,83,83050,1,1,1,3,4,Voie communale,30.0,1
202400047451,2024-05-03,nuit,,,50,50129,5,1,3,4,3,Départementale,70.0,1
202400047452,2024-08-20,après-midi,,,06,06079,1,1,7,4,4,Voie communale,50.0,1
202400047453,2024-03-30,nuit,,,92,92012,3,3,6,4,3,Départementale,50.0,2
202400047454,2024-05-06,après-midi,,,49,49353,1,3,6,4,6,Autre,30.0,2
202400047455,2024-03-29,après-midi,,,92,92012,1,1,7,4,3,Départementale,50.0,1
202400047456,2024-08-20,après-midi,,,90,90033,1,1,1,3,3,Départementale,50.0,1
202400047457,2024-09-24,après-midi,,,64,64445,1,1,3,4,4,Voie communale,50.0,1
202400047458,2024-02-16,soirée,,,13,13085,3,1,5,4,1,Autoroute,90.0,1
202400047459,2024-06-10,après-midi,,,13,13205,1,1,3,3,4,Voie communale,50.0,1
202400047460,2024-05-04,soirée,,,49,49007,2,2,7,4,4,Voie communale,50.0,2
202400047461,2024-02-18,nuit,,,38,38449,5,1,6,3,1,Autoroute,70.0,1
202400047462,2024-07-14,après-midi,,,81,81065,1,7,2,4,3,Départementale,90.0,1
202400047463,2024-07-28,nuit,,,90,90090,3,1,6,3,3,Départementale,80.0,1
202400047464,2024-09-19,soirée,,,62,62225,1,1,3,4,3,Départementale,70.0,1
202400047465,2024-04-20,après-midi,,,42,42259,1,1,7,3,4,Voie communale,80.0,1
202400047466,2024-06-11,soirée,,,11,11069,1,1,3,4,3,Départementale,50.0,1
202400047467,2024-03-28,après-midi,,,92,92012,1,8,3,4,4,Voie communale,30.0,1
202400047468,2024-07-13,nuit,,,76,76640,5,1,6,4,4,Voie communale,50.0,1
202400047469,2024-02-18,nuit,,,94,94038,3,1,6,4,1,Autoroute,90.0,1
202400047470,2024-05-05,soirée,,,42,42218,1,1,6,4,4,Voie communale,50.0,1
202400047471,2024-08-21,soirée,,,18,18105,2,7,3,3,2,Nationale,80.0,1
202400047472,2024-06-12,soirée,,,06,06088,1,1,6,4,4,Voie communale,50.0,1
202400047473,2024-09-20,matin,,,62,62186,1,1,3,3,3,Départementale,50.0,1
202400047474,2024-02-18,matin,,,95,95488,1,2,2,4,1,Autoroute,110.0,2
202400047475,2024-07-14,après-midi,,,69,69256,1,1,3,4,4,Voie communale,50.0,1
202400047476,2024-05-06,nuit,,,37,37261,5,3,1,4,4,Voie communale,50.0,3
202400047477,2024-02-29,soirée,,,92,92007,5,2,1,3,3,Départementale,50.0,2
202400047478,2024-02-18,après-midi,,,94,94018,1,2,6,4,1,Autoroute,70.0,2
202400047479,2024-09-24,matin,,,61,61001,2,8,3,4,3,Départementale,50.0,2
202400047480,2024-08-21,soirée,,,53,53200,1,1,3,3,3,Départementale,50.0,1
202400047481,2024-06-12,soirée,,,06,06069,1,1,2,4,3,Départementale,50.0,1
202400047482,2024-02-18,matin,,,77,77495,1,1,2,4,1,Autoroute,110.0,1
202400047483,2024-05-06,après-midi,,,35,35051,1,2,2,4,2,Nationale,90.0,2
202400047484,2024-09-21,soirée,,,61,61077,1,3,6,4,4,Voie communale,50.0,2
202400047485,2024-08-20,soirée,,,21,21063,1,1,7,3,3,Départementale,90.0,1
202400047486,2024-07-14,matin,,,64,64445,1,1,3,4,4,Voie communale,50.0,1
202400047487,2024-03-29,soirée,,,92,92004,3,1,2,4,3,Départementale,50.0,2
202400047488,2024-05-30,après-midi,,,02,02738,1,2,2,3,4,Voie communale,50.0,2
202400047489,2024-02-16,matin,,,76,76540,1,1,6,3,4,Voie communale,6.0,1
202400047490,2024-09-24,après-midi,,,59,59599,1,2,6,4,4,Voie communale,30.0,2
202400047491,2024-05-06,matin,,,35,35238,2,1,3,4,4,Voie communale,30.0,1
202400047492,2024-07-13,nuit,,,62,62225,3,1,6,3,3,Départementale,50.0,1
202400047493,2024-09-24,matin,,,59,59599,2,1,6,4,4,Voie communale,30.0,1
202400047494,2024-05-06,après-midi,,,34,34301,1,2,3,4,4,Voie communale,30.0,2
202400047495,2024-02-02,matin,,,92,92078,5,1,3,4,3,Départementale,50.0,2
202400047496,2024-08-15,après-midi,,,30,30324,1,1,3,4,3,Départementale,80.0,1
202400047497,2024-06-12,matin,,,01,01283,1,1,2,4,3,Départementale,50.0,1
202400047498,2024-03-29,matin,,,92,92004,1,1,2,4,4,Voie communale,50.0,1
202400047499,2024-05-04,matin,,,34,34032,1,1,6,3,4,Voie communale,50.0,1
202400047500,2024-02-17,soirée,,,974,97421,3,2,6,4,3,Départementale,50.0,2
202400047501,2024-08-20,soirée,,,978,97801,2,1,6,2,2,Nationale,50.0,1
202400047502,2024-09-24,après-midi,,,56,56121,1,1,3,4,4,Voie communale,30.0,1
202400047503,2024-07-14,soirée,,,62,62413,1,1,5,3,3,Départementale,50.0,1
202400047504,2024-05-06,après-midi,,,33,33281,1,2,3,4,4,Voie communale,50.0,2
202400047505,2024-08-20,matin,,,38,38253,1,1,6,3,3,Départementale,80.0,1
202400047506,2024-02-17,après-midi,,,973,97309,1,1,3,4,4,Voie communale,50.0,1
202400047507,2024-06-12,après-midi,,,01,01053,1,1,4,3,4,Voie communale,50.0,1
202400047508,2024-09-23,après-midi,,,54,54547,1,1,6,4,4,Voie communale,50.0,1
202400047509,2024-02-17,soirée,,,69,69383,5,1,6,4,4,Voie communale,30.0,1
202400047510,2024-07-13,après-midi,,,62,62498,1,1,3,3,4,Voie communale,50.0,1
202400047511,2024-02-17,matin,,,69,69383,2,1,3,4,4,Voie communale,30.0,1
202400047512,2024-03-30,nuit,,,92,92004,5,3,3,4,3,Départementale,50.0,2
202400047513,2024-09-24,matin,,,51,51454,1,2,3,4,4,Voie communale,50.0,2
202400047514,2024-08-21,matin,,,42,42163,1,1,1,3,2,Nationale,80.0,1
202400047515,2024-06-12,après-midi,,,01,01053,1,1,1,4,4,Voie communale,50.0,1
202400047516,2024-02-16,après-midi,,,69,69387,1,1,2,4,4,Voie communale,30.0,1
202400047517,2024-09-23,soirée,,,51,51454,1,1,3,4,4,Voie communale,50.0,1
202400047518,2024-07-14,soirée,,,62,62758,1,7,3,4,3,Départementale,50.0,1
202400047519,2024-03-30,après-midi,,,50,50115,1,1,6,3,3,Départementale,80.0,1
202400047520,2024-08-20,soirée,,,971,97115,3,1,3,4,3,Départementale,80.0,1
202400047521,2024-07-14,matin,,,61,61077,2,1,6,4,4,Voie communale,30.0,1
202400047522,2024-02-17,soirée,,,972,97213,5,1,3,4,3,Départementale,70.0,1
202400047523,2024-09-23,après-midi,,,51,51454,1,1,2,4,4,Voie communale,30.0,1
202400047524,2024-03-30,nuit,,,01,01052,3,1,6,3,3,Départementale,80.0,1
202400047525,2024-06-11,soirée,,,75,75114,2,1,6,4,4,Voie communale,70.0,1
202400047526,2024-02-17,après-midi,,,971,97113,1,1,6,4,4,Voie communale,50.0,1
202400047527,2024-09-24,matin,,,50,50502,2,2,6,4,4,Voie communale,50.0,2
202400047528,2024-02-17,matin,,,971,97101,1,1,3,4,3,Départementale,50.0,1