Num_Acc,date,time_of_day,lat,long,dep,com,lum,atm,col,severity_index,catr,catr_label,vma,surf
202400047529,2024-03-31,matin,,,62,62837,1,1,6,4,3,Départementale,80.0,2
202400047530,2024-08-20,soirée,,,77,77045,1,3,1,4,3,Départementale,90.0,3
202400047531,2024-09-24,soirée,,,49,49007,1,1,3,4,4,Voie communale,50.0,1
202400047532,2024-07-14,nuit,,,59,59378,2,1,3,3,7,Autre,50.0,1
202400047533,2024-02-17,soirée,,,95,95585,5,1,2,4,3,Départementale,50.0,1
202400047534,2024-02-17,après-midi,,,95,95585,1,1,5,4,3,Départementale,50.0,1
202400047535,2024-06-12,après-midi,,,75,75115,1,1,3,4,4,Voie communale,,1
202400047536,2024-08-21,après-midi,,,30,30153,1,1,7,4,3,Départementale,80.0,1
202400047537,2024-07-14,matin,,,59,59009,1,1,6,4,4,Voie communale,50.0,1
202400047538,2024-09-24,matin,,,49,49007,1,8,4,4,3,Départementale,90.0,1
202400047539,2024-03-31,matin,,,41,41013,1,1,1,4,3,Départementale,80.0,1
202400047540,2024-06-11,nuit,,,75,75111,5,1,6,4,4,Voie communale,30.0,1
202400047541,2024-08-21,nuit,,,11,11188,3,6,7,3,3,Départementale,80.0,1
202400047542,2024-02-17,soirée,,,91,91114,5,1,4,4,2,Nationale,50.0,1
202400047543,2024-07-14,nuit,,,59,59183,5,1,6,4,4,Voie communale,30.0,1
202400047544,2024-09-23,matin,,,49,49007,1,8,3,4,4,Voie communale,50.0,2
202400047545,2024-06-11,après-midi,,,75,75111,1,1,7,4,4,Voie communale,,1
202400047546,2024-08-21,après-midi,,,05,05070,1,1,3,4,3,Départementale,50.0,1
202400047547,2024-03-30,nuit,,,972,97207,4,1,2,4,2,Nationale,90.0,1
202400047548,2024-02-17,matin,,,86,86214,1,1,1,3,3,Départementale,30.0,1
202400047549,2024-07-12,matin,,,56,56260,1,7,3,4,4,Voie communale,50.0,1
202400047550,2024-06-12,après-midi,,,75,75107,1,1,7,4,4,Voie communale,30.0,1
202400047551,2024-08-13,après-midi,,,46,46042,1,1,1,4,3,Départementale,70.0,2
202400047552,2024-03-30,soirée,,,30,30103,5,1,7,4,3,Départementale,80.0,1
202400047553,2024-02-17,nuit,,,85,85191,3,1,6,3,4,Voie communale,50.0,1
202400047554,2024-08-21,matin,,,89,89206,1,1,3,2,3,Départementale,,1
202400047555,2024-02-17,après-midi,,,82,82033,1,1,7,4,3,Départementale,80.0,1
202400047556,2024-06-12,après-midi,,,75,75101,1,1,6,4,4,Voie communale,,1
202400047557,2024-09-24,après-midi,,,44,44184,1,1,6,2,4,Voie communale,50.0,1
202400047558,2024-07-13,matin,,,54,54528,1,1,4,4,3,Départementale,80.0,9
202400047559,2024-03-30,après-midi,,,79,79063,1,7,7,3,3,Départementale,80.0,1
202400047560,2024-02-17,nuit,,,80,80021,5,1,6,4,4,Voie communale,30.0,1
202400047561,2024-08-21,matin,,,38,38349,1,2,3,4,4,Voie communale,50.0,2
202400047562,2024-02-18,nuit,,,80,80021,3,1,7,4,4,Voie communale,,1
202400047563,2024-09-24,soirée,,,44,44109,1,1,3,4,4,Voie communale,30.0,1
202400047564,2024-06-12,nuit,,,75,75102,5,1,3,4,4,Voie communale,,1
202400047565,2024-03-30,après-midi,,,29,29302,1,1,1,4,4,Voie communale,70.0,1
202400047566,2024-06-11,nuit,,,75,75101,5,1,7,4,4,Voie communale,50.0,1
202400047567,2024-08-20,après-midi,,,38,38328,1,1,7,3,7,Autre,80.0,1
202400047568,2024-02-17,nuit,,,77,77255,5,1,3,4,3,Départementale,,1
202400047569,2024-03-30,après-midi,,,26,26113,1,8,7,4,3,Départementale,80.0,1
202400047570,2024-06-12,après-midi,,,94,94073,1,1,6,4,3,Départementale,50.0,1
202400047571,2024-08-14,matin,,,81,81271,1,2,6,4,3,Départementale,50.0,2
202400047572,2024-02-17,nuit,,,77,77037,5,1,1,3,4,Voie communale,50.0,1
202400047573,2024-06-12,soirée,,,94,94071,1,1,1,4,4,Voie communale,50.0,1
202400047574,2024-03-31,matin,,,14,14623,1,1,6,4,3,Départementale,50.0,1
202400047575,2024-07-14,nuit,,,45,45208,5,1,6,4,4,Voie communale,50.0,1
202400047576,2024-08-21,nuit,,,65,65059,3,1,6,4,4,Voie communale,30.0,1
202400047577,2024-02-17,nuit,,,77,77186,3,1,3,4,3,Départementale,70.0,1
202400047578,2024-03-30,nuit,,,60,60536,3,3,6,2,3,Départementale,80.0,2
202400047579,2024-06-12,matin,,,94,94075,1,1,2,4,4,Voie communale,30.0,1
202400047580,2024-09-23,nuit,,,41,41018,5,1,1,4,4,Voie communale,30.0,2
202400047581,2024-03-31,matin,,,43,43257,1,2,7,3,3,Départementale,90.0,2
202400047582,2024-07-14,nuit,,,44,44109,3,1,2,4,2,Nationale,70.0,1
202400047583,2024-06-12,après-midi,,,94,94018,1,1,3,4,4,Voie communale,50.0,1
202400047584,2024-02-17,après-midi,,,76,76540,1,1,1,4,7,Autre,50.0,1
202400047585,2024-08-21,après-midi,,,33,33089,1,1,1,2,3,Départementale,80.0,1
202400047586,2024-08-12,matin,,,38,38053,1,1,2,4,3,Départementale,50.0,1
202400047587,2024-06-12,après-midi,,,93,93066,1,1,6,4,4,Voie communale,30.0,1
202400047588,2024-02-16,matin,,,69,69266,1,1,6,4,4,Voie communale,50.0,1
202400047589,2024-07-14,après-midi,,,37,37195,1,1,3,4,3,Départementale,50.0,1
202400047590,2024-09-23,après-midi,,,37,37214,1,1,6,4,4,Voie communale,50.0,1
202400047591,2024-08-21,après-midi,,,44,44172,1,1,3,3,4,Voie communale,30.0,1
202400047592,2024-03-30,nuit,,,16,16230,3,1,3,4,3,Départementale,80.0,1
202400047593,2024-06-12,matin,,,93,93066,1,1,3,4,3,Départementale,50.0,1
202400047594,2024-08-20,soirée,,,50,50099,1,1,7,2,3,Départementale,80.0,1
202400047595,2024-09-24,après-midi,,,35,35238,1,1,6,4,4,Voie communale,30.0,1
202400047596,2024-02-17,matin,,,69,69290,1,1,3,4,4,Voie communale,50.0,1
202400047597,2024-07-14,après-midi,,,37,37261,1,1,6,4,4,Voie communale,50.0,1
202400047598,2024-02-17,nuit,,,69,69276,5,1,6,3,4,Voie communale,30.0,1
202400047599,2024-06-10,soirée,,,93,93066,1,1,3,4,4,Voie communale,50.0,1
202400047600,2024-03-30,matin,,,85,85031,1,1,3,4,4,Voie communale,80.0,1
202400047601,2024-08-17,nuit,,,29,29247,3,1,1,4,4,Voie communale,50.0,1
202400047602,2024-09-24,matin,,,35,35238,1,2,3,4,4,Voie communale,50.0,2
202400047603,2024-02-16,soirée,,,68,68376,5,1,3,3,4,Voie communale,30.0,1
202400047604,2024-06-12,matin,,,93,93014,1,1,3,4,3,Départementale,50.0,1
202400047605,2024-03-30,après-midi,,,27,27051,1,1,6,3,3,Départementale,50.0,1
202400047606,2024-08-21,nuit,,,60,60446,3,1,6,4,2,Nationale,110.0,1
202400047607,2024-09-24,soirée,,,34,34129,5,1,6,4,4,Voie communale,50.0,1
202400047608,2024-02-16,soirée,,,67,67267,5,3,3,4,4,Voie communale,50.0,2
202400047609,2024-06-12,matin,,,93,93046,1,1,3,4,3,Départementale,50.0,1
202400047610,2024-08-21,matin,,,60,60612,1,1,3,3,2,Nationale,50.0,1
202400047611,2024-02-17,après-midi,,,64,64545,1,1,3,4,3,Départementale,30.0,1
202400047612,2024-03-30,matin,,,87,87140,1,2,6,3,4,Voie communale,70.0,2
202400047613,2024-06-12,matin,,,92,92075,1,1,6,4,3,Départementale,50.0,1
202400047614,2024-09-23,après-midi,,,34,34172,1,1,3,4,4,Voie communale,50.0,1
202400047615,2024-02-17,soirée,,,64,64125,3,1,1,4,4,Voie communale,30.0,1
202400047616,2024-07-13,après-midi,,,37,37261,1,1,3,4,4,Voie communale,50.0,1
202400047617,2024-06-12,matin,,,92,92075,1,1,7,4,3,Départementale,30.0,1
202400047618,2024-03-30,après-midi,,,10,10084,1,1,6,2,1,Autoroute,130.0,1
202400047619,2024-08-21,après-midi,,,80,80695,1,1,2,4,1,Autoroute,130.0,1
202400047620,2024-02-16,après-midi,,,64,64122,1,1,3,4,4,Voie communale,50.0,1
202400047621,2024-06-12,soirée,,,92,92073,1,1,3,4,3,Départementale,50.0,1
202400047622,2024-09-23,après-midi,,,34,34172,1,1,3,4,4,Voie communale,50.0,1
202400047623,2024-07-13,après-midi,,,37,37261,1,1,4,4,4,Voie communale,70.0,1
202400047624,2024-03-31,nuit,,,987,98738,5,1,6,2,2,Nationale,50.0,1
202400047625,2024-02-17,après-midi,,,64,64102,1,1,3,4,4,Voie communale,50.0,1
202400047626,2024-08-20,après-midi,,,62,62158,1,2,1,4,3,Départementale,70.0,2
202400047627,2024-07-15,nuit,,,35,35238,4,1,6,3,4,Voie communale,30.0,1
202400047628,2024-06-12,après-midi,,,92,92064,1,1,4,4,3,Départementale,50.0,1
202400047629,2024-09-24,après-midi,,,33,33192,1,1,6,4,4,Voie communale,30.0,1
202400047630,2024-02-17,soirée,,,62,62193,5,1,6,4,4,Voie communale,10.0,1
202400047631,2024-08-16,après-midi,,,59,59256,1,2,1,3,7,Autre,50.0,2
202400047632,2024-06-12,après-midi,,,92,92051,1,1,2,4,2,Nationale,70.0,1
202400047633,2024-02-17,matin,,,62,62764,1,1,6,3,4,Voie communale,50.0,1
202400047634,2024-09-24,après-midi,,,33,33063,1,1,3,4,4,Voie communale,50.0,1
202400047635,2024-07-14,soirée,,,35,35238,2,1,3,4,4,Voie communale,30.0,1
202400047636,2024-08-19,matin,,,13,13212,1,1,3,4,1,Autoroute,70.0,1
202400047637,2024-06-12,soirée,,,92,92040,1,1,6,4,4,Voie communale,30.0,1
202400047638,2024-02-17,nuit,,,59,59599,5,1,6,3,7,Autre,50.0,1
202400047639,2024-07-09,après-midi,,,35,35115,1,2,2,4,4,Voie communale,50.0,2
202400047640,2024-02-17,soirée,,,59,59043,5,1,6,3,3,Départementale,30.0,1
202400047641,2024-09-24,matin,,,33,33063,1,2,3,4,4,Voie communale,50.0,2
202400047642,2024-06-11,nuit,,,92,92024,5,1,2,4,3,Départementale,50.0,1
202400047643,2024-08-19,après-midi,,,83,83137,1,1,4,4,1,Autoroute,70.0,1
202400047644,2024-06-12,après-midi,,,92,92007,1,1,6,4,3,Départementale,50.0,1
202400047645,2024-02-17,nuit,,,51,51454,5,1,3,4,4,Voie communale,50.0,1
202400047646,2024-09-24,nuit,,,33,33522,5,2,6,4,4,Voie communale,,2
202400047647,2024-08-17,soirée,,,38,38544,5,1,6,4,1,Autoroute,90.0,1
202400047648,2024-07-14,soirée,,,34,34172,2,1,3,4,4,Voie communale,50.0,1
202400047649,2024-06-12,soirée,,,92,92004,1,2,6,4,3,Départementale,50.0,2
202400047650,2024-02-16,nuit,,,49,49267,3,1,7,4,4,Voie communale,50.0,1
202400047651,2024-08-17,nuit,,,67,67482,3,1,6,4,7,Autre,50.0,1
202400047652,2024-09-22,nuit,,,14,14221,3,3,7,2,3,Départementale,90.0,2
202400047653,2024-07-14,matin,,,34,34129,1,1,6,3,7,Autre,50.0,1
202400047654,2024-02-18,nuit,,,49,49267,3,1,2,4,1,Autoroute,130.0,2
202400047655,2024-06-12,après-midi,,,47,47083,1,1,3,3,3,Départementale,80.0,1
202400047656,2024-09-23,matin,,,13,13117,1,1,5,4,4,Voie communale,50.0,1
202400047657,2024-02-17,après-midi,,,49,49246,1,1,3,4,3,Départementale,50.0,1
202400047658,2024-07-14,après-midi,,,33,33039,1,1,3,4,4,Voie communale,30.0,1
202400047659,2024-02-17,nuit,,,46,46042,3,1,7,4,3,Départementale,80.0,1
202400047660,2024-08-19,après-midi,,,33,33249,1,1,4,4,1,Autoroute,90.0,1
202400047661,2024-06-12,après-midi,,,68,68058,1,1,4,4,3,Départementale,50.0,1
202400047662,2024-09-23,matin,,,10,10387,1,1,3,4,4,Voie communale,50.0,1
202400047663,2024-02-17,soirée,,,45,45285,2,1,6,3,4,Voie communale,50.0,1
202400047664,2024-06-13,après-midi,,,86,86070,1,1,6,3,4,Voie communale,50.0,1
202400047665,2024-02-16,après-midi,,,45,45075,1,1,2,4,3,Départementale,50.0,1
202400047666,2024-08-19,après-midi,,,33,33003,1,1,2,4,1,Autoroute,130.0,1
202400047667,2024-09-23,matin,,,10,10325,1,1,6,4,4,Voie communale,50.0,1
202400047668,2024-07-13,après-midi,,,33,33281,1,1,4,4,4,Voie communale,50.0,1
202400047669,2024-06-12,après-midi,,,59,59499,1,1,3,3,3,Départementale,70.0,1
202400047670,2024-02-17,soirée,,,44,44109,5,1,6,3,6,Autre,30.0,1
202400047671,2024-02-17,après-midi,,,44,44162,1,1,6,3,4,Voie communale,50.0,1
202400047672,2024-09-24,après-midi,,,06,06088,1,1,6,3,4,Voie communale,50.0,1
202400047673,2024-07-14,matin,,,31,31555,1,1,2,4,1,Autoroute,90.0,1
202400047674,2024-08-19,après-midi,,,33,33143,1,1,4,4,1,Autoroute,130.0,1
202400047675,2024-06-11,après-midi,,,62,62868,1,1,3,3,3,Départementale,80.0,1
202400047676,2024-02-17,matin,,,37,37214,5,1,3,4,4,Voie communale,50.0,1
202400047677,2024-07-14,soirée,,,29,29232,1,1,6,4,3,Départementale,70.0,1
202400047678,2024-09-24,matin,,,06,06088,1,1,3,3,4,Voie communale,50.0,1
202400047679,2024-02-17,soirée,,,35,35055,5,1,6,2,7,Autre,30.0,1
202400047680,2024-02-17,soirée,,,31,31555,5,1,6,3,4,Voie communale,50.0,1
202400047681,2024-08-20,soirée,,,91,91235,1,3,4,4,2,Nationale,110.0,2
202400047682,2024-07-14,après-midi,,,27,27554,1,1,6,4,3,Départementale,50.0,1
202400047683,2024-09-23,matin,,,06,06088,1,3,1,3,4,Voie communale,30.0,2
202400047684,2024-06-13,matin,,,83,83021,1,1,1,4,3,Départementale,80.0,1
202400047685,2024-02-17,après-midi,,,29,29019,1,1,4,4,3,Départementale,70.0,1
202400047686,2024-09-24,après-midi,,,75,75120,1,1,2,4,4,Voie communale,70.0,1
202400047687,2024-06-13,matin,,,51,51638,1,1,1,4,3,Départementale,90.0,1
202400047688,2024-02-17,après-midi,,,27,27299,1,1,3,4,4,Voie communale,50.0,1
202400047689,2024-07-12,après-midi,,,14,14304,1,8,7,4,4,Voie communale,80.0,2
202400047690,2024-08-20,après-midi,,,91,91161,1,1,3,4,1,Autoroute,110.0,1
202400047691,2024-06-12,nuit,,,56,56166,3,1,6,3,3,Départementale,80.0,1
202400047692,2024-02-17,après-midi,,,25,25462,1,5,6,3,4,Voie communale,50.0,2
202400047693,2024-09-24,matin,,,75,75115,2,2,2,4,4,Voie communale,70.0,2
202400047694,2024-07-14,après-midi,,,13,13103,1,1,1,3,4,Voie communale,50.0,1
202400047695,2024-06-07,matin,,,76,76034,1,1,3,3,3,Départementale,30.0,1
202400047696,2024-08-19,après-midi,,,78,78362,1,7,2,4,1,Autoroute,130.0,1
202400047697,2024-02-16,après-midi,,,25,25462,1,1,3,4,4,Voie communale,50.0,1
202400047698,2024-09-23,après-midi,,,75,75119,1,2,2,4,4,Voie communale,70.0,2
202400047699,2024-07-14,après-midi,,,09,09122,1,1,5,4,3,Départementale,50.0,1
202400047700,2024-02-18,nuit,,,25,25056,5,2,6,4,4,Voie communale,30.0,2
202400047701,2024-08-20,après-midi,,,93,93064,1,1,3,4,1,Autoroute,70.0,1
202400047702,2024-06-13,matin,,,2A,2A092,1,1,2,4,2,Nationale,80.0,1
202400047703,2024-11-25,après-midi,,,05,05061,1,8,2,3,2,Nationale,50.0,1
202400047704,2024-02-16,matin,,,18,18279,1,2,3,4,3,Départementale,50.0,2
202400047705,2024-07-14,après-midi,,,06,06069,1,1,2,4,3,Départementale,50.0,1
202400047706,2024-12-05,soirée,,,03,03023,5,2,6,3,4,Voie communale,50.0,2
202400047707,2024-06-11,après-midi,,,31,31056,1,1,3,4,4,Voie communale,50.0,1
202400047708,2024-09-22,soirée,,,75,75112,4,1,4,4,4,Voie communale,70.0,1
202400047709,2024-02-16,matin,,,13,13207,1,1,3,3,4,Voie communale,50.0,1
202400047710,2024-08-20,matin,,,95,95277,1,1,2,4,1,Autoroute,90.0,1
202400047711,2024-06-13,matin,,,65,65099,1,1,3,4,3,Départementale,80.0,1
202400047712,2024-12-04,après-midi,,,03,03185,1,1,6,3,3,Départementale,50.0,1
202400047713,2024-07-13,après-midi,,,06,06030,1,1,2,3,3,Départementale,50.0,1
202400047714,2024-02-17,soirée,,,06,06088,2,1,6,3,4,Voie communale,50.0,1
202400047715,2024-08-20,soirée,,,94,94073,5,2,3,3,1,Autoroute,90.0,2
202400047716,2024-06-12,soirée,,,81,81080,1,1,3,3,3,Départementale,,1
202400047717,2024-09-22,nuit,,,75,75115,5,2,2,4,4,Voie communale,70.0,2
202400047718,2024-02-17,après-midi,,,06,06088,1,1,6,2,4,Voie communale,50.0,1
202400047719,2024-07-14,matin,,,75,75119,2,1,2,4,4,Voie communale,70.0,1
202400047720,2024-12-04,après-midi,,,75,75112,1,1,2,4,4,Voie communale,50.0,1
202400047721,2024-06-12,après-midi,,,63,63273,1,1,2,4,3,Départementale,50.0,2
202400047722,2024-02-17,soirée,,,04,04112,2,1,3,4,4,Voie communale,50.0,1
202400047723,2024-08-20,après-midi,,,94,94033,1,2,2,4,1,Autoroute,90.0,2
202400047724,2024-02-16,soirée,,,75,75117,5,1,3,4,4,Voie communale,70.0,1
202400047725,2024-09-24,matin,,,75,75118,1,2,3,3,4,Voie communale,30.0,2
202400047726,2024-07-13,nuit,,,75,75113,5,1,5,4,4,Voie communale,70.0,1
202400047727,2024-12-05,matin,,,75,75113,1,2,6,3,4,Voie communale,30.0,2
202400047728,2024-08-19,matin,,,94,94074,1,1,2,4,2,Nationale,90.0,1
202400047729,2024-06-12,après-midi,,,12,12025,1,1,2,4,3,Départementale,90.0,1
202400047730,2024-02-16,nuit,,,75,75117,3,1,7,4,4,Voie communale,50.0,3
202400047731,2024-12-05,soirée,,,75,75120,5,2,2,4,4,Voie communale,50.0,2
202400047732,2024-07-14,nuit,,,75,75113,5,1,3,4,4,Voie communale,70.0,1
202400047733,2024-02-17,après-midi,,,75,75119,1,1,3,4,4,Voie communale,30.0,1
202400047734,2024-06-13,matin,,,46,46339,1,1,3,3,4,Voie communale,80.0,1
202400047735,2024-09-24,après-midi,,,75,75117,1,1,3,4,4,Voie communale,30.0,2
202400047736,2024-05-31,soirée,,,76,76575,1,2,3,4,7,Autre,50.0,2
202400047737,2024-10-26,soirée,,,57,57672,5,1,6,2,4,Voie communale,50.0,1
202400047738,2024-12-05,après-midi,,,75,75119,1,2,6,4,4,Voie communale,30.0,2
202400047739,2024-02-17,nuit,,,75,75119,5,1,7,4,4,Voie communale,30.0,1
202400047740,2024-06-12,soirée,,,47,47038,1,1,3,4,3,Départementale,70.0,1
202400047741,2024-07-14,matin,,,75,75117,1,1,3,4,4,Voie communale,30.0,1
202400047742,2024-12-05,matin,,,75,75117,1,2,3,4,4,Voie communale,,2
202400047743,2024-06-05,après-midi,,,17,17299,1,1,2,4,3,Départementale,70.0,1
202400047744,2024-10-26,soirée,,,57,57306,1,1,6,4,3,Départementale,50.0,1
202400047745,2024-09-24,après-midi,,,75,75116,1,2,2,4,4,Voie communale,30.0,2
202400047746,2024-07-14,après-midi,,,75,75116,1,8,6,4,4,Voie communale,30.0,1
202400047747,2024-06-12,nuit,,,86,86281,3,1,3,2,3,Départementale,70.0,1
202400047748,2024-12-05,après-midi,,,75,75115,1,8,3,4,4,Voie communale,50.0,2
202400047749,2024-02-17,après-midi,,,75,75117,1,1,3,4,4,Voie communale,30.0,1
202400047750,2024-10-28,après-midi,,,54,54578,1,1,1,4,4,Voie communale,50.0,1
202400047751,2024-08-18,matin,,,973,97302,1,1,3,4,4,Voie communale,50.0,1
202400047752,2024-06-12,après-midi,,,25,25510,1,1,5,4,3,Départementale,,1
202400047753,2024-09-19,après-midi,,,75,75116,1,1,2,4,4,Voie communale,30.0,1
202400047754,2024-07-14,nuit,,,75,75116,5,1,3,3,4,Voie communale,50.0,1
202400047755,2024-02-17,soirée,,,75,75108,5,1,2,3,4,Voie communale,25.0,1
202400047756,2024-12-05,après-midi,,,75,75115,1,2,2,4,4,Voie communale,30.0,2
202400047757,2024-08-17,après-midi,,,973,97302,1,1,3,4,4,Voie communale,50.0,1
202400047758,2024-06-12,après-midi,,,29,29177,1,1,6,3,3,Départementale,80.0,1
202400047759,2024-10-29,soirée,,,54,54051,3,8,1,3,3,Départementale,70.0,1
202400047760,2024-09-24,après-midi,,,75,75116,1,1,6,4,4,Voie communale,30.0,1
202400047761,2024-07-14,matin,,,75,75115,1,1,3,4,4,Voie communale,50.0,1
202400047762,2024-12-04,matin,,,75,75115,1,1,6,4,4,Voie communale,30.0,1
202400047763,2024-06-12,après-midi,,,29,29037,1,1,2,3,3,Départementale,70.0,1
202400047764,2024-08-19,nuit,,,971,97120,5,1,6,4,4,Voie communale,50.0,1
202400047765,2024-10-29,matin,,,54,54263,1,1,6,4,3,Départementale,50.0,1
202400047766,2024-02-17,nuit,,,75,75115,5,1,3,4,4,Voie communale,30.0,1
202400047767,2024-12-04,après-midi,,,75,75114,5,1,2,4,4,Voie communale,30.0,1
202400047768,2024-09-24,après-midi,,,75,75115,1,8,6,4,4,Voie communale,30.0,1
202400047769,2024-06-13,matin,,,03,03258,1,1,6,4,3,Départementale,90.0,1
202400047770,2024-07-14,après-midi,,,75,75110,1,1,2,4,4,Voie communale,,1
202400047771,2024-08-17,soirée,,,971,97101,5,1,6,4,4,Voie communale,30.0,1
202400047772,2024-02-17,soirée,,,94,94015,5,1,2,4,4,Voie communale,,1
202400047773,2024-12-05,matin,,,75,75113,1,2,3,4,4,Voie communale,,2
202400047774,2024-06-13,après-midi,,,01,01357,1,1,1,3,3,Départementale,80.0,8
202400047775,2024-07-14,après-midi,,,75,75107,1,1,3,4,4,Voie communale,30.0,1
202400047776,2024-10-29,matin,,,51,51454,1,1,3,4,4,Voie communale,50.0,1
202400047777,2024-08-19,nuit,,,95,95074,5,1,3,4,3,Départementale,50.0,1
202400047778,2024-09-24,matin,,,75,75115,1,1,3,4,4,Voie communale,50.0,2
202400047779,2024-02-17,soirée,,,94,94077,5,1,3,4,3,Départementale,50.0,1
202400047780,2024-12-05,matin,,,75,75113,2,2,6,4,4,Voie communale,30.0,2
202400047781,2024-09-24,matin,,,75,75107,1,3,7,4,4,Voie communale,30.0,2
202400047782,2024-10-28,matin,,,49,49267,1,8,3,4,4,Voie communale,50.0,2
202400047783,2024-02-17,après-midi,,,94,94059,2,1,2,3,4,Voie communale,50.0,1
202400047784,2024-07-14,soirée,,,94,94052,1,1,3,4,3,Départementale,50.0,1
202400047785,2024-04-15,après-midi,,,72,72300,1,1,4,4,3,Départementale,30.0,1
202400047786,2024-12-05,après-midi,,,75,75111,1,2,6,4,4,Voie communale,30.0,2
202400047787,2024-08-18,nuit,,,87,87085,5,1,3,4,4,Voie communale,30.0,1
202400047788,2024-09-23,après-midi,,,75,75114,1,2,6,4,4,Voie communale,30.0,2
202400047789,2024-08-16,soirée,,,87,87085,5,1,6,4,4,Voie communale,50.0,1
202400047790,2024-10-28,soirée,,,47,47027,5,1,6,4,3,Départementale,50.0,1
202400047791,2024-07-14,soirée,,,94,94037,1,1,2,4,3,Départementale,50.0,1
202400047792,2024-12-05,après-midi,,,75,75110,1,2,6,4,4,Voie communale,30.0,2
202400047793,2024-02-17,nuit,,,94,94070,5,1,3,3,2,Nationale,50.0,1
202400047794,2024-06-12,après-midi,,,07,07013,1,1,6,4,3,Départementale,90.0,1
202400047795,2024-07-14,nuit,,,94,94018,5,1,6,3,3,Départementale,50.0,1
202400047796,2024-10-29,après-midi,,,42,42207,1,1,6,2,4,Voie communale,,1
202400047797,2024-12-05,matin,,,75,75110,5,2,6,4,4,Voie communale,30.0,2
202400047798,2024-08-16,soirée,,,87,87085,1,1,3,3,4,Voie communale,30.0,1
202400047799,2024-09-24,matin,,,75,75105,5,2,3,4,4,Voie communale,30.0,2
202400047800,2024-06-13,après-midi,,,07,07010,1,1,6,3,3,Départementale,50.0,1
202400047801,2024-02-17,après-midi,,,94,94071,1,1,6,3,4,Voie communale,30.0,1
202400047802,2024-07-14,soirée,,,93,93059,1,1,6,4,3,Départementale,50.0,1
202400047803,2024-10-29,soirée,,,38,38185,5,1,6,4,4,Voie communale,50.0,1
202400047804,2024-12-05,soirée,,,75,75108,5,2,3,4,4,Voie communale,30.0,2
202400047805,2024-06-13,après-midi,,,07,07010,1,1,7,4,3,Départementale,80.0,1
202400047806,2024-02-17,après-midi,,,93,93031,5,1,7,4,3,Départementale,50.0,1
202400047807,2024-09-24,matin,,,75,75112,1,9,3,4,4,Voie communale,50.0,2
202400047808,2024-07-14,soirée,,,93,93066,1,1,6,4,4,Voie communale,1.0,1
202400047809,2024-10-29,après-midi,,,34,34172,1,1,6,4,4,Voie communale,30.0,1
202400047810,2024-12-05,soirée,,,94,94015,5,2,3,4,4,Voie communale,50.0,2
202400047811,2024-08-19,après-midi,,,84,84035,1,1,5,4,4,Voie communale,50.0,1
202400047812,2024-06-13,matin,,,07,07010,1,1,6,4,3,Départementale,90.0,1
202400047813,2024-10-28,après-midi,,,34,34172,1,8,6,4,4,Voie communale,30.0,1
202400047814,2024-02-16,nuit,,,93,93070,5,1,3,4,3,Départementale,50.0,1
202400047815,2024-07-14,matin,,,93,93077,2,1,6,4,4,Voie communale,30.0,1
202400047816,2024-12-04,soirée,,,94,94018,5,1,3,4,3,Départementale,50.0,1
202400047817,2024-09-24,après-midi,,,75,75111,1,8,6,4,4,Voie communale,30.0,1
202400047818,2024-02-17,après-midi,,,93,93066,1,1,6,4,4,Voie communale,,1
202400047819,2024-08-19,après-midi,,,81,81004,1,1,3,4,3,Départementale,,1
202400047820,2024-06-13,nuit,,,21,21150,4,1,6,4,3,Départementale,80.0,1
202400047821,2024-10-29,après-midi,,,33,33167,2,1,6,3,4,Voie communale,30.0,1
202400047822,2024-07-14,après-midi,,,93,93001,1,1,6,4,3,Départementale,50.0,1
202400047823,2024-12-05,matin,,,94,94028,1,2,3,4,3,Départementale,50.0,2
202400047824,2024-09-23,après-midi,,,75,75108,1,2,3,4,4,Voie communale,30.0,2
202400047825,2024-08-18,nuit,,,80,80021,5,1,3,4,4,Voie communale,30.0,1
202400047826,2024-07-14,après-midi,,,92,92064,1,1,3,4,3,Départementale,50.0,1
202400047827,2024-02-17,nuit,,,93,93066,5,1,3,4,3,Départementale,50.0,1
202400047828,2024-12-05,après-midi,,,94,94041,2,2,3,4,4,Voie communale,30.0,2
202400047829,2024-10-29,après-midi,,,33,33063,1,1,3,4,4,Voie communale,50.0,1
202400047830,2024-06-08,après-midi,,,17,17084,1,1,1,4,3,Départementale,80.0,1
202400047831,2024-12-05,matin,,,94,94041,2,2,6,4,4,Voie communale,50.0,2
202400047832,2024-02-17,après-midi,,,93,93055,1,1,6,4,4,Voie communale,30.0,1
202400047833,2024-06-13,matin,,,30,30160,1,1,3,4,3,Départementale,80.0,1
202400047834,2024-07-14,nuit,,,92,92044,1,1,3,4,4,Voie communale,50.0,1
202400047835,2024-08-18,nuit,,,80,80001,5,1,3,3,3,Départementale,50.0,1
202400047836,2024-10-28,après-midi,,,30,30028,2,1,3,3,2,Nationale,80.0,1
202400047837,2024-09-23,soirée,,,75,75108,5,2,3,4,4,Voie communale,50.0,2
202400047838,2024-12-04,matin,,,94,94073,1,1,3,4,3,Départementale,50.0,1
202400047839,2024-02-17,soirée,,,93,93005,5,1,1,4,4,Voie communale,50.0,1
202400047840,2024-07-14,soirée,,,92,92024,1,1,3,4,3,Départementale,50.0,1