Num_Acc,date,time_of_day,lat,long,dep,com,lum,atm,col,severity_index,catr,catr_label,vma,surf
202400047841,2024-06-12,nuit,,,73,73278,2,1,2,4,1,Autoroute,130.0,1
202400047842,2024-12-05,soirée,,,94,94022,5,2,3,4,4,Voie communale,50.0,2
202400047843,2024-02-17,matin,,,92,92076,1,7,2,4,3,Départementale,50.0,1
202400047844,2024-10-29,après-midi,,,30,30007,1,1,3,4,4,Voie communale,50.0,1
202400047845,2024-07-14,nuit,,,92,92023,5,1,6,4,4,Voie communale,30.0,1
202400047846,2024-09-23,après-midi,,,75,75107,1,1,1,4,4,Voie communale,30.0,1
202400047847,2024-08-10,soirée,,,77,77284,1,1,3,4,4,Voie communale,50.0,1
202400047848,2024-02-17,soirée,,,92,92036,5,1,6,4,4,Voie communale,30.0,1
202400047849,2024-12-04,matin,,,93,93070,1,8,3,4,4,Voie communale,50.0,1
202400047850,2024-10-29,après-midi,,,29,29232,1,1,1,3,4,Voie communale,50.0,1
202400047851,2024-02-17,après-midi,,,92,92004,1,1,6,4,4,Voie communale,50.0,1
202400047852,2024-06-12,matin,,,987,98724,1,2,7,3,2,Nationale,60.0,2
202400047853,2024-09-24,matin,,,94,94046,1,2,6,4,3,Départementale,50.0,2
202400047854,2024-12-05,matin,,,93,93070,1,2,1,4,4,Voie communale,50.0,2
202400047855,2024-07-14,matin,,,92,92004,1,1,3,4,4,Voie communale,50.0,1
202400047856,2024-08-19,matin,,,71,71486,1,1,3,4,4,Voie communale,50.0,1
202400047857,2024-02-17,nuit,,,973,97353,3,1,6,4,4,Voie communale,50.0,1
202400047858,2024-10-28,soirée,,,28,28085,5,1,1,4,4,Voie communale,30.0,1
202400047859,2024-06-11,matin,,,976,97608,1,2,2,4,2,Nationale,50.0,2
202400047860,2024-11-19,soirée,,,93,93064,5,2,6,4,3,Départementale,50.0,2
202400047861,2024-06-09,matin,,,971,97129,1,1,7,2,4,Voie communale,50.0,1
202400047862,2024-02-18,matin,,,43,43038,1,1,1,3,3,Départementale,80.0,1
202400047863,2024-09-23,après-midi,,,94,94028,1,2,3,4,3,Départementale,50.0,2
202400047864,2024-07-13,après-midi,,,76,76499,1,1,6,3,4,Voie communale,50.0,1
202400047865,2024-12-05,matin,,,93,93010,2,3,6,4,4,Voie communale,30.0,2
202400047866,2024-08-19,après-midi,,,71,71270,1,1,3,4,4,Voie communale,,1
202400047867,2024-10-29,après-midi,,,25,25056,1,1,6,4,4,Voie communale,,1
202400047868,2024-06-12,matin,,,83,83047,1,1,3,3,3,Départementale,80.0,1
202400047869,2024-10-29,après-midi,,,22,22278,1,2,6,4,4,Voie communale,50.0,2
202400047870,2024-07-12,après-midi,,,24,24294,1,1,2,3,3,Départementale,50.0,1
202400047871,2024-12-05,soirée,,,92,92064,5,2,3,4,3,Départementale,50.0,2
202400047872,2024-02-18,après-midi,,,43,43110,1,1,6,3,3,Départementale,80.0,1
202400047873,2024-08-19,nuit,,,67,67365,3,1,7,4,4,Voie communale,30.0,1
202400047874,2024-09-24,soirée,,,94,94017,5,2,3,4,4,Voie communale,50.0,2
202400047875,2024-02-17,matin,,,76,76413,1,1,6,3,3,Départementale,80.0,1
202400047876,2024-06-13,matin,,,83,83047,1,1,1,3,3,Départementale,70.0,1
202400047877,2024-10-28,après-midi,,,14,14118,1,7,6,3,4,Voie communale,50.0,1
202400047878,2024-07-02,nuit,,,33,33287,5,1,1,4,3,Départementale,30.0,1
202400047879,2024-08-19,nuit,,,64,64024,5,1,3,4,4,Voie communale,50.0,1
202400047880,2024-09-24,après-midi,,,93,93078,1,2,2,4,3,Départementale,50.0,2
202400047881,2024-06-11,après-midi,,,83,83127,1,1,7,3,3,Départementale,,1
202400047882,2024-10-29,après-midi,,,13,13215,1,1,6,4,3,Départementale,50.0,1
202400047883,2024-12-05,après-midi,,,92,92064,2,2,3,4,3,Départementale,30.0,2
202400047884,2024-08-19,après-midi,,,62,62239,1,1,3,4,4,Voie communale,50.0,1
202400047885,2024-07-12,après-midi,,,31,31547,1,1,1,4,3,Départementale,,1
202400047886,2024-12-05,matin,,,92,92048,5,2,6,4,4,Voie communale,50.0,2
202400047887,2024-06-12,après-midi,,,03,03102,1,1,1,4,3,Départementale,50.0,1
202400047888,2024-09-24,matin,,,93,93066,1,8,3,4,3,Départementale,50.0,1
202400047889,2024-10-28,soirée,,,13,13206,5,1,3,3,4,Voie communale,50.0,1
202400047890,2024-07-15,matin,,,51,51298,1,1,7,3,3,Départementale,80.0,1
202400047891,2024-12-05,soirée,,,92,92044,5,2,2,4,4,Voie communale,50.0,2
202400047892,2024-08-17,soirée,,,62,62119,1,1,3,3,3,Départementale,50.0,1
202400047893,2024-06-13,soirée,,,42,42175,1,1,3,3,3,Départementale,80.0,1
202400047894,2024-07-06,matin,,,972,97231,1,1,3,3,3,Départementale,80.0,1
202400047895,2024-09-12,nuit,,,93,93064,5,1,1,2,3,Départementale,50.0,1
202400047896,2024-11-29,matin,,,92,92044,2,1,3,4,4,Voie communale,50.0,1
202400047897,2024-08-20,nuit,,,59,59512,5,1,6,4,7,Autre,50.0,1
202400047898,2024-06-11,soirée,,,38,38320,1,7,6,4,4,Voie communale,50.0,1
202400047899,2024-10-28,après-midi,,,13,13204,1,1,2,2,4,Voie communale,50.0,1
202400047900,2024-07-13,nuit,,,46,46063,3,1,7,3,3,Départementale,80.0,1
202400047901,2024-12-03,nuit,,,92,92024,3,1,3,4,3,Départementale,50.0,1
202400047902,2024-09-23,après-midi,,,92,92046,1,2,2,4,3,Départementale,50.0,2
202400047903,2024-08-18,nuit,,,58,58194,5,2,6,4,4,Voie communale,50.0,2
202400047904,2024-06-12,matin,,,49,49023,2,1,3,3,3,Départementale,50.0,1
202400047905,2024-10-20,matin,,,12,12202,1,1,6,3,4,Voie communale,30.0,1
202400047906,2024-07-14,matin,,,974,97414,1,7,3,4,3,Départementale,50.0,1
202400047907,2024-12-05,matin,,,92,92023,1,2,2,4,4,Voie communale,50.0,2
202400047908,2024-09-24,matin,,,92,92073,2,2,7,4,3,Départementale,50.0,2
202400047909,2024-06-13,après-midi,,,14,14206,1,8,7,4,4,Voie communale,80.0,1
202400047910,2024-08-16,matin,,,57,57597,1,7,3,3,3,Départementale,80.0,1
202400047911,2024-12-05,après-midi,,,92,92048,5,2,6,4,4,Voie communale,30.0,2
202400047912,2024-10-15,après-midi,,,12,12202,1,1,3,4,4,Voie communale,30.0,1
202400047913,2024-09-24,soirée,,,92,92064,1,2,3,4,3,Départementale,50.0,2
202400047914,2024-07-14,soirée,,,14,14281,2,1,6,4,2,Nationale,110.0,1
202400047915,2024-12-04,soirée,,,92,92012,5,1,6,2,3,Départementale,50.0,1
202400047916,2024-08-16,soirée,,,56,56121,3,1,6,4,4,Voie communale,30.0,1
202400047917,2024-06-11,après-midi,,,14,14663,1,7,3,3,3,Départementale,80.0,1
202400047918,2024-10-13,matin,,,12,12174,1,1,3,4,3,Départementale,50.0,1
202400047919,2024-08-17,après-midi,,,50,50129,1,1,6,4,4,Voie communale,50.0,1
202400047920,2024-09-23,soirée,,,92,92050,1,1,6,4,3,Départementale,50.0,1
202400047921,2024-06-12,après-midi,,,35,35360,1,1,3,3,3,Départementale,80.0,1
202400047922,2024-12-05,matin,,,92,92002,1,2,3,4,4,Voie communale,50.0,2
202400047923,2024-07-14,matin,,,974,97413,1,1,1,3,3,Départementale,50.0,1
202400047924,2024-06-13,matin,,,27,27412,1,1,1,4,3,Départementale,80.0,1
202400047925,2024-07-14,nuit,,,31,31157,5,1,6,3,7,Autre,50.0,1
202400047926,2024-10-29,soirée,,,11,11069,5,1,3,3,4,Voie communale,50.0,1
202400047927,2024-12-05,soirée,,,37,37077,3,3,5,4,3,Départementale,90.0,2
202400047928,2024-08-15,soirée,,,49,49099,1,1,3,4,4,Voie communale,50.0,1
202400047929,2024-06-12,après-midi,,,60,60346,1,1,3,4,4,Voie communale,50.0,1
202400047930,2024-07-13,soirée,,,95,95612,1,1,3,4,4,Voie communale,50.0,1
202400047931,2024-09-24,matin,,,92,92026,1,2,6,4,3,Départementale,50.0,2
202400047932,2024-08-09,nuit,,,49,49099,5,1,7,4,3,Départementale,50.0,1
202400047933,2024-10-28,après-midi,,,10,10387,1,1,6,4,4,Voie communale,50.0,1
202400047934,2024-12-05,soirée,,,22,22190,3,1,1,2,3,Départementale,80.0,1
202400047935,2024-06-12,après-midi,,,33,33090,1,1,2,4,1,Autoroute,90.0,1
202400047936,2024-07-15,après-midi,,,56,56166,1,1,7,4,3,Départementale,80.0,2
202400047937,2024-09-24,soirée,,,92,92024,2,2,6,4,4,Voie communale,15.0,2
202400047938,2024-10-28,après-midi,,,10,10387,1,1,3,4,4,Voie communale,50.0,1
202400047939,2024-08-18,après-midi,,,49,49007,1,1,3,4,4,Voie communale,50.0,1
202400047940,2024-06-12,matin,,,33,33249,1,1,3,4,2,Nationale,90.0,1
202400047941,2024-07-14,soirée,,,76,76520,1,1,6,4,3,Départementale,80.0,1
202400047942,2024-08-15,après-midi,,,43,43251,1,1,7,3,5,Autre,50.0,9
202400047943,2024-09-17,matin,,,05,05061,1,1,3,4,4,Voie communale,30.0,1
202400047944,2024-06-11,après-midi,,,33,33281,1,1,2,4,1,Autoroute,90.0,1
202400047945,2024-12-05,matin,,,11,11203,2,1,2,3,3,Départementale,70.0,1
202400047946,2024-07-13,nuit,,,2B,2B050,5,1,7,4,4,Voie communale,30.0,1
202400047947,2024-09-21,nuit,,,92,92024,5,2,3,4,3,Départementale,50.0,2
202400047948,2024-08-19,après-midi,,,36,36159,1,1,6,4,3,Départementale,80.0,1
202400047949,2024-10-29,après-midi,,,75,75115,1,1,3,4,4,Voie communale,50.0,1
202400047950,2024-12-03,matin,,,51,51030,1,1,6,3,3,Départementale,50.0,2
202400047951,2024-06-12,après-midi,,,91,91363,1,1,5,4,1,Autoroute,90.0,1
202400047952,2024-09-24,matin,,,92,92012,5,2,2,4,3,Départementale,50.0,2
202400047953,2024-08-19,nuit,,,35,35278,2,1,3,4,2,Nationale,90.0,1
202400047954,2024-10-29,matin,,,75,75118,1,1,3,4,4,Voie communale,50.0,1
202400047955,2024-12-05,après-midi,,,59,59384,2,2,1,4,3,Départementale,50.0,2
202400047956,2024-06-12,après-midi,,,77,77251,1,1,6,4,1,Autoroute,110.0,1
202400047957,2024-07-15,après-midi,,,65,65385,1,1,1,4,3,Départementale,70.0,1
202400047958,2024-08-19,soirée,,,33,33069,1,1,1,4,4,Voie communale,30.0,1
202400047959,2024-10-28,soirée,,,75,75114,5,1,3,4,4,Voie communale,50.0,1
202400047960,2024-09-13,matin,,,40,40075,2,1,2,2,1,Autoroute,130.0,1
202400047961,2024-06-12,matin,,,91,91521,1,1,3,4,1,Autoroute,110.0,1
202400047962,2024-12-04,après-midi,,,82,82134,5,1,1,3,3,Départementale,50.0,1
202400047963,2024-07-14,après-midi,,,33,33236,1,1,1,3,3,Départementale,80.0,1
202400047964,2024-10-28,après-midi,,,75,75113,1,1,2,4,4,Voie communale,50.0,1
202400047965,2024-09-25,matin,,,24,24540,2,1,6,3,2,Nationale,80.0,1
202400047966,2024-12-06,nuit,,,65,65461,3,2,6,3,3,Départementale,90.0,2
202400047967,2024-08-19,après-midi,,,33,33167,1,1,3,4,4,Voie communale,30.0,1
202400047968,2024-06-12,matin,,,92,92062,1,1,4,4,1,Autoroute,50.0,1
202400047969,2024-07-15,matin,,,63,63034,1,1,2,4,3,Départementale,80.0,1
202400047970,2024-09-24,après-midi,,,60,60152,1,2,6,3,2,Nationale,90.0,2
202400047971,2024-10-29,matin,,,75,75119,5,1,6,4,4,Voie communale,30.0,1
202400047972,2024-12-06,matin,,,69,69088,1,2,6,4,7,Autre,50.0,2
202400047973,2024-06-11,soirée,,,92,92063,1,1,3,4,1,Autoroute,70.0,1
202400047974,2024-08-19,après-midi,,,33,33529,1,1,3,4,2,Nationale,80.0,1
202400047975,2024-07-14,soirée,,,49,49308,1,1,7,2,4,Voie communale,50.0,1
202400047976,2024-10-29,soirée,,,75,75118,5,1,6,4,4,Voie communale,30.0,1
202400047977,2024-09-25,après-midi,,,31,31044,1,1,6,4,7,Autre,50.0,1
202400047978,2024-11-30,soirée,,,11,11084,3,1,1,3,3,Départementale,80.0,1
202400047979,2024-06-10,après-midi,,,92,92064,1,1,3,4,1,Autoroute,110.0,1
202400047980,2024-07-15,après-midi,,,22,22256,1,1,7,4,3,Départementale,80.0,1
202400047981,2024-12-04,matin,,,71,71543,1,7,6,3,6,Autre,20.0,1
202400047982,2024-08-19,après-midi,,,30,30007,1,1,2,4,3,Départementale,50.0,1
202400047983,2024-06-12,soirée,,,95,95018,1,1,1,4,1,Autoroute,90.0,1
202400047984,2024-10-28,soirée,,,75,75117,5,1,3,4,4,Voie communale,30.0,1
202400047985,2024-07-15,matin,,,39,39189,1,1,2,3,3,Départementale,80.0,1
202400047986,2024-09-25,après-midi,,,974,97422,1,1,3,3,3,Départementale,50.0,1
202400047987,2024-08-18,soirée,,,29,29232,1,1,6,4,3,Départementale,70.0,1
202400047988,2024-06-12,matin,,,95,95241,1,1,2,4,2,Nationale,110.0,1
202400047989,2024-10-28,après-midi,,,75,75114,1,1,7,4,4,Voie communale,50.0,1
202400047990,2024-07-15,après-midi,,,25,25228,1,1,1,3,4,Voie communale,50.0,1
202400047991,2024-12-06,matin,,,71,71543,2,1,3,4,3,Départementale,50.0,2
202400047992,2024-09-24,après-midi,,,62,62866,1,1,2,4,3,Départementale,50.0,1
202400047993,2024-08-06,soirée,,,15,15014,1,1,3,4,4,Voie communale,50.0,1
202400047994,2024-10-28,soirée,,,75,75109,5,1,2,4,4,Voie communale,30.0,1
202400047995,2024-02-28,après-midi,,,84,84031,1,1,1,4,4,Voie communale,50.0,1
202400047996,2024-07-09,soirée,,,25,25601,1,1,1,3,3,Départementale,80.0,1
202400047997,2024-12-04,nuit,,,63,63050,5,1,6,4,3,Départementale,,1
202400047998,2024-08-18,nuit,,,13,13039,3,1,2,4,2,Nationale,50.0,1
202400047999,2024-02-21,soirée,,,84,84031,5,1,7,4,3,Départementale,30.0,1
202400048000,2024-10-29,après-midi,,,75,75108,1,1,6,4,4,Voie communale,30.0,1
202400048001,2024-07-14,soirée,,,25,25105,1,1,7,3,3,Départementale,90.0,1
202400048002,2024-09-23,après-midi,,,63,63178,1,1,4,3,1,Autoroute,50.0,1
202400048003,2024-10-26,nuit,,,61,61096,3,2,1,4,3,Départementale,80.0,2
202400048004,2024-08-19,nuit,,,13,13209,5,1,3,3,4,Voie communale,50.0,1
202400048005,2024-10-29,après-midi,,,75,75101,1,1,6,4,4,Voie communale,30.0,1
202400048006,2024-07-14,soirée,,,25,25119,3,1,2,4,3,Départementale,70.0,1
202400048007,2024-02-17,après-midi,,,84,84036,1,1,3,4,3,Départementale,70.0,1
202400048008,2024-12-06,matin,,,61,61145,5,1,6,4,3,Départementale,50.0,1
202400048009,2024-07-14,matin,,,29,29206,1,1,7,3,3,Départementale,80.0,1
202400048010,2024-09-22,soirée,,,83,83092,1,1,3,4,4,Voie communale,30.0,1
202400048011,2024-02-17,nuit,,,84,84138,3,6,1,4,3,Départementale,80.0,1
202400048012,2024-10-29,nuit,,,75,75103,5,1,1,4,4,Voie communale,30.0,1
202400048013,2024-12-06,matin,,,55,55492,3,1,7,4,3,Départementale,90.0,1
202400048014,2024-08-18,soirée,,,13,13203,1,1,1,4,4,Voie communale,50.0,1
202400048015,2024-07-15,après-midi,,,31,31042,1,1,6,4,4,Voie communale,30.0,1
202400048016,2024-09-24,soirée,,,51,51333,3,2,6,3,3,Départementale,80.0,2
202400048017,2024-10-28,après-midi,,,75,75101,1,1,6,4,4,Voie communale,30.0,1
202400048018,2024-12-06,matin,,,55,55528,1,1,2,3,3,Départementale,90.0,2
202400048019,2024-02-02,matin,,,84,84031,1,1,3,4,4,Voie communale,,1
202400048020,2024-07-15,matin,,,38,38249,2,7,6,4,3,Départementale,30.0,1
202400048021,2024-08-18,après-midi,,,13,13216,1,1,2,4,4,Voie communale,50.0,1
202400048022,2024-10-28,matin,,,75,75102,1,1,3,4,4,Voie communale,30.0,1
202400048023,2024-03-31,matin,,,74,74272,3,1,7,3,3,Départementale,50.0,1
202400048024,2024-09-25,soirée,,,80,80754,2,3,1,3,4,Voie communale,80.0,2
202400048025,2024-12-05,après-midi,,,42,42267,2,2,1,4,3,Départementale,70.0,2
202400048026,2024-07-15,matin,,,02,02504,1,1,3,4,3,Départementale,50.0,1
202400048027,2024-05-11,matin,,,76,76423,1,1,7,2,3,Départementale,,1
202400048028,2024-12-05,après-midi,,,47,47203,1,1,2,3,4,Voie communale,50.0,1
202400048029,2024-08-18,soirée,,,11,11069,1,1,6,4,4,Voie communale,50.0,1
202400048030,2024-10-29,nuit,,,94,94081,5,1,3,4,3,Départementale,50.0,1
202400048031,2024-07-14,après-midi,,,03,03233,1,1,1,3,4,Voie communale,90.0,9
202400048032,2024-09-24,soirée,,,41,41280,3,1,6,4,1,Autoroute,130.0,1
202400048033,2024-04-12,après-midi,,,67,67482,1,1,3,4,4,Voie communale,50.0,1
202400048034,2024-08-18,nuit,,,06,06088,4,1,6,2,4,Voie communale,70.0,1
202400048035,2024-07-14,nuit,,,03,03156,3,1,7,4,3,Départementale,90.0,1
202400048036,2024-12-05,soirée,,,29,29090,3,5,1,4,3,Départementale,50.0,1
202400048037,2024-09-25,après-midi,,,71,71353,1,1,7,4,4,Voie communale,80.0,1
202400048038,2024-10-29,après-midi,,,94,94046,1,1,3,4,3,Départementale,50.0,1
202400048039,2024-07-15,matin,,,03,03002,1,1,6,4,3,Départementale,90.0,1
202400048040,2024-03-30,après-midi,,,19,19031,1,1,4,4,3,Départementale,50.0,1
202400048041,2024-08-14,après-midi,,,75,75101,1,1,1,3,4,Voie communale,30.0,1
202400048042,2024-09-21,après-midi,,,25,25036,1,1,1,4,4,Voie communale,30.0,1
202400048043,2024-10-29,matin,,,94,94077,5,1,3,4,4,Voie communale,50.0,1
202400048044,2024-12-06,matin,,,03,03072,2,8,5,4,3,Départementale,70.0,2
202400048045,2024-07-14,après-midi,,,01,01389,1,1,1,2,3,Départementale,80.0,1
202400048046,2024-06-11,matin,,,974,97416,1,1,3,3,3,Départementale,50.0,1
202400048047,2024-10-29,matin,,,94,94017,1,1,3,4,3,Départementale,30.0,1
202400048048,2024-08-19,soirée,,,75,75105,1,1,3,4,4,Voie communale,30.0,1
202400048049,2024-09-25,matin,,,44,44129,3,2,3,3,3,Départementale,80.0,2
202400048050,2024-07-15,après-midi,,,58,58267,1,8,3,4,3,Départementale,80.0,2
202400048051,2024-06-11,soirée,,,974,97411,3,1,6,3,4,Voie communale,50.0,1
202400048052,2024-11-19,soirée,,,01,01369,5,1,3,3,4,Voie communale,50.0,1
202400048053,2024-10-29,après-midi,,,93,93071,1,1,1,4,4,Voie communale,50.0,1
202400048054,2024-09-25,matin,,,34,34192,1,1,7,3,3,Départementale,,1
202400048055,2024-08-19,soirée,,,75,75119,1,1,3,4,4,Voie communale,30.0,1
202400048056,2024-06-10,matin,,,974,97411,5,1,7,4,2,Nationale,70.0,1
202400048057,2024-07-14,après-midi,,,72,72165,1,1,3,4,3,Départementale,30.0,1
202400048058,2024-12-02,après-midi,,,58,58303,1,1,3,4,3,Départementale,50.0,2
202400048059,2024-09-24,matin,,,29,29105,1,1,7,2,3,Départementale,50.0,1
202400048060,2024-08-19,matin,,,75,75119,1,1,1,4,4,Voie communale,30.0,1
202400048061,2024-10-28,matin,,,93,93055,1,8,2,4,3,Départementale,50.0,1
202400048062,2024-06-11,après-midi,,,974,97410,1,1,6,4,4,Voie communale,30.0,1
202400048063,2024-07-14,après-midi,,,90,90065,1,1,6,3,3,Départementale,70.0,9
202400048064,2024-12-05,après-midi,,,72,72295,1,1,3,3,3,Départementale,50.0,2
202400048065,2024-09-22,nuit,,,29,29133,3,8,6,3,3,Départementale,50.0,2
202400048066,2024-06-11,après-midi,,,973,97302,1,2,6,4,4,Voie communale,50.0,2
202400048067,2024-08-19,matin,,,75,75116,1,1,3,4,4,Voie communale,30.0,1
202400048068,2024-10-29,après-midi,,,93,93048,5,1,3,4,3,Départementale,50.0,1
202400048069,2024-07-15,soirée,,,18,18047,1,1,6,3,3,Départementale,50.0,1
202400048070,2024-09-21,matin,,,29,29302,3,1,6,3,4,Voie communale,50.0,1
202400048071,2024-11-03,après-midi,,,73,73212,1,1,3,3,3,Départementale,50.0,9
202400048072,2024-06-11,matin,,,973,97302,1,2,6,4,3,Départementale,50.0,2
202400048073,2024-10-29,après-midi,,,93,93055,1,1,3,4,3,Départementale,50.0,1
202400048074,2024-07-12,matin,,,18,18018,1,1,7,3,3,Départementale,50.0,1
202400048075,2024-08-19,après-midi,,,75,75113,1,1,2,4,4,Voie communale,30.0,1
202400048076,2024-09-20,matin,,,29,29061,1,1,3,3,4,Voie communale,50.0,1
202400048077,2024-07-14,après-midi,,,07,07292,1,1,7,3,3,Départementale,90.0,1
202400048078,2024-12-04,après-midi,,,18,18057,1,7,3,3,4,Voie communale,50.0,1
202400048079,2024-06-11,après-midi,,,69,69388,1,1,3,4,4,Voie communale,30.0,1
202400048080,2024-10-28,soirée,,,93,93079,2,1,6,4,3,Départementale,50.0,1
202400048081,2024-12-06,matin,,,07,07184,1,2,6,2,3,Départementale,90.0,2
202400048082,2024-07-11,nuit,,,53,53137,3,1,6,3,3,Départementale,90.0,1
202400048083,2024-09-24,après-midi,,,01,01152,1,2,6,3,3,Départementale,80.0,2
202400048084,2024-08-18,après-midi,,,94,94068,1,1,3,4,4,Voie communale,30.0,1
202400048085,2024-12-06,soirée,,,85,85277,3,2,6,2,4,Voie communale,,2
202400048086,2024-07-15,matin,,,87,87064,1,1,7,3,4,Voie communale,90.0,1
202400048087,2024-06-11,après-midi,,,972,97213,1,1,3,3,1,Autoroute,50.0,1
202400048088,2024-10-29,nuit,,,93,93047,5,1,3,4,4,Voie communale,50.0,1
202400048089,2024-07-15,après-midi,,,30,30062,1,1,7,3,3,Départementale,30.0,1
202400048090,2024-12-03,nuit,,,85,85135,3,1,6,4,3,Départementale,50.0,1
202400048091,2024-08-19,soirée,,,93,93078,1,1,2,4,4,Voie communale,50.0,1
202400048092,2024-06-11,après-midi,,,972,97209,1,1,6,3,4,Voie communale,30.0,1
202400048093,2024-09-25,matin,,,83,83056,1,1,5,3,3,Départementale,80.0,1
202400048094,2024-07-14,après-midi,,,48,48010,1,1,6,3,3,Départementale,90.0,1
202400048095,2024-08-19,matin,,,93,93066,1,1,6,4,3,Départementale,50.0,1
202400048096,2024-12-05,après-midi,,,48,48178,2,1,2,3,2,Nationale,80.0,1
202400048097,2024-10-28,soirée,,,93,93047,5,1,2,4,4,Voie communale,50.0,1
202400048098,2024-06-11,matin,,,972,97209,1,1,3,3,4,Voie communale,30.0,1
202400048099,2024-09-24,soirée,,,07,07010,1,2,1,4,3,Départementale,90.0,2
202400048100,2024-12-05,après-midi,,,35,35032,3,2,3,4,4,Voie communale,30.0,2
202400048101,2024-10-29,matin,,,93,93001,1,1,3,4,3,Départementale,50.0,1
202400048102,2024-08-18,soirée,,,93,93077,1,1,3,4,4,Voie communale,50.0,1
202400048103,2024-06-10,après-midi,,,972,97209,1,1,3,4,2,Nationale,50.0,1
202400048104,2024-07-14,nuit,,,49,49283,3,1,6,3,3,Départementale,90.0,1
202400048105,2024-12-06,après-midi,,,73,73089,1,1,2,4,1,Autoroute,130.0,2
202400048106,2024-10-29,après-midi,,,92,92051,1,1,3,4,4,Voie communale,50.0,1
202400048107,2024-09-24,après-midi,,,53,53013,1,2,1,4,3,Départementale,80.0,2
202400048108,2024-08-18,soirée,,,93,93051,1,1,3,4,4,Voie communale,,1
202400048109,2024-06-11,après-midi,,,69,69389,1,1,6,3,4,Voie communale,30.0,1
202400048110,2024-07-12,matin,,,64,64545,1,8,5,4,1,Autoroute,110.0,1
202400048111,2024-08-19,après-midi,,,93,93031,1,1,3,4,3,Départementale,50.0,1
202400048112,2024-06-11,matin,,,69,69034,1,1,3,3,7,Autre,50.0,1
202400048113,2024-10-28,matin,,,92,92050,1,5,3,4,4,Voie communale,50.0,1
202400048114,2024-09-25,après-midi,,,53,53269,1,3,1,4,2,Nationale,80.0,2
202400048115,2024-12-05,après-midi,,,69,69173,3,1,2,4,1,Autoroute,130.0,1
202400048116,2024-07-12,matin,,,976,97616,1,1,6,3,3,Départementale,,1
202400048117,2024-08-19,matin,,,92,92033,1,1,6,4,4,Voie communale,50.0,1
202400048118,2024-09-24,après-midi,,,24,24354,1,1,6,3,3,Départementale,80.0,2
202400048119,2024-10-29,après-midi,,,92,92044,1,8,3,3,4,Voie communale,50.0,1
202400048120,2024-06-11,matin,,,971,97113,1,1,2,4,3,Départementale,50.0,1
202400048121,2024-11-19,soirée,,,64,64300,3,1,5,4,1,Autoroute,130.0,1
202400048122,2024-08-19,après-midi,,,92,92051,1,1,3,4,3,Départementale,50.0,1
202400048123,2024-07-14,après-midi,,,38,38401,1,1,4,4,1,Autoroute,130.0,1
202400048124,2024-06-10,matin,,,971,97113,1,1,7,4,4,Voie communale,50.0,1
202400048125,2024-09-25,après-midi,,,85,85008,1,3,3,4,3,Départementale,80.0,2
202400048126,2024-10-29,après-midi,,,92,92040,2,1,2,4,3,Départementale,30.0,1
202400048127,2024-07-14,soirée,,,973,97311,5,3,3,3,3,Départementale,50.0,2
202400048128,2024-08-19,après-midi,,,60,60232,1,1,2,3,3,Départementale,80.0,1
202400048129,2024-06-11,matin,,,2A,2A004,1,1,1,2,2,Nationale,80.0,1
202400048130,2024-10-29,soirée,,,92,92036,2,1,3,4,3,Départementale,50.0,1
202400048131,2024-09-17,soirée,,,973,97307,5,1,3,3,2,Nationale,80.0,1
202400048132,2024-07-13,après-midi,,,971,97106,1,8,1,4,2,Nationale,50.0,1
202400048133,2024-12-06,matin,,,51,51378,5,1,6,4,3,Départementale,50.0,2
202400048134,2024-06-11,soirée,,,95,95607,1,1,6,4,4,Voie communale,50.0,1
202400048135,2024-12-05,après-midi,,,987,98714,1,1,7,3,4,Voie communale,60.0,1
202400048136,2024-10-29,soirée,,,92,92026,5,1,3,4,3,Départementale,50.0,1
202400048137,2024-09-24,après-midi,,,01,01389,1,1,1,3,3,Départementale,80.0,1
202400048138,2024-08-13,après-midi,,,47,47225,1,1,3,4,3,Départementale,80.0,1
202400048139,2024-06-11,matin,,,91,91570,1,1,6,4,4,Voie communale,1.0,1
202400048140,2024-07-15,matin,,,78,78089,1,1,6,4,3,Départementale,50.0,1
202400048141,2024-09-19,après-midi,,,65,65226,1,1,2,4,1,Autoroute,130.0,1
202400048142,2024-12-05,soirée,,,971,97116,3,1,1,4,2,Nationale,80.0,1
202400048143,2024-07-14,soirée,,,66,66129,1,1,1,4,4,Voie communale,30.0,1
202400048144,2024-06-11,soirée,,,91,91645,1,1,3,3,3,Départementale,50.0,1
202400048145,2024-08-19,soirée,,,14,14211,1,1,1,4,3,Départementale,80.0,1
202400048146,2024-12-04,soirée,,,978,97801,5,1,3,3,4,Voie communale,50.0,1
202400048147,2024-08-19,matin,,,26,26295,1,1,7,3,3,Départementale,70.0,2
202400048148,2024-09-14,après-midi,,,67,67309,1,1,2,4,7,Autre,50.0,1
202400048149,2024-10-29,après-midi,,,92,92025,1,1,6,4,4,Voie communale,30.0,1
202400048150,2024-06-11,soirée,,,91,91421,1,1,1,4,4,Voie communale,30.0,1