Num_Acc,date,time_of_day,lat,long,dep,com,lum,atm,col,severity_index,catr,catr_label,vma,surf
202400048151,2024-07-14,après-midi,,,06,06154,1,1,6,2,3,Départementale,50.0,1
202400048152,2024-12-06,nuit,,,977,97701,3,1,3,3,2,Nationale,30.0,1
202400048153,2024-08-19,après-midi,,,48,48128,1,1,2,3,1,Autoroute,130.0,1
202400048154,2024-06-11,soirée,,,84,84087,4,1,3,4,4,Voie communale,50.0,1
202400048155,2024-09-24,après-midi,,,11,11379,1,1,1,4,3,Départementale,80.0,1
202400048156,2024-10-29,soirée,,,60,60326,3,1,3,3,2,Nationale,80.0,1
202400048157,2024-12-05,après-midi,,,45,45348,2,2,1,4,3,Départementale,90.0,2
202400048158,2024-08-19,soirée,,,83,83031,2,1,6,2,3,Départementale,80.0,1
202400048159,2024-10-30,matin,,,95,95492,3,2,6,3,3,Départementale,70.0,2
202400048160,2024-07-15,après-midi,,,04,04096,1,1,3,3,3,Départementale,80.0,1
202400048161,2024-06-10,après-midi,,,83,83090,1,1,1,3,3,Départementale,50.0,1
202400048162,2024-06-28,soirée,,,978,97801,5,1,5,4,2,Nationale,70.0,1
202400048163,2024-10-30,matin,,,36,36244,1,5,6,2,4,Voie communale,80.0,2
202400048164,2024-12-05,matin,,,77,77453,1,2,4,3,3,Départementale,50.0,2
202400048165,2024-06-06,matin,,,83,83069,1,1,2,4,3,Départementale,50.0,1
202400048166,2024-08-20,après-midi,,,76,76560,1,2,1,4,7,Autre,80.0,2
202400048167,2024-05-21,matin,,,978,97801,1,1,7,3,4,Voie communale,50.0,1
202400048168,2024-07-14,soirée,,,13,13030,1,1,1,4,3,Départementale,50.0,1
202400048169,2024-10-28,soirée,,,42,42253,5,1,6,3,3,Départementale,50.0,1
202400048170,2024-11-29,après-midi,,,78,78090,1,1,6,4,3,Départementale,70.0,1
202400048171,2024-08-18,après-midi,,,61,61474,1,1,6,4,3,Départementale,90.0,1
202400048172,2024-06-11,matin,,,80,80021,1,1,7,4,4,Voie communale,50.0,1
202400048173,2024-07-14,après-midi,,,67,67334,1,1,6,3,3,Départementale,80.0,1
202400048174,2024-10-29,soirée,,,58,58089,3,5,6,4,3,Départementale,80.0,1
202400048175,2024-12-05,après-midi,,,2B,2B303,2,1,2,4,2,Nationale,70.0,1
202400048176,2024-06-10,matin,,,80,80021,1,2,6,4,4,Voie communale,50.0,2
202400048177,2024-08-19,soirée,,,44,44006,1,1,3,3,3,Départementale,80.0,1
202400048178,2024-12-01,après-midi,,,06,06017,1,9,7,4,3,Départementale,50.0,7
202400048179,2024-09-24,nuit,,,21,21231,5,1,3,4,4,Voie communale,50.0,2
202400048180,2024-10-29,après-midi,,,85,85109,1,1,6,3,4,Voie communale,50.0,1
202400048181,2024-07-14,après-midi,,,88,88470,1,1,3,3,3,Départementale,80.0,1
202400048182,2024-05-08,après-midi,,,77,77294,1,1,7,2,4,Voie communale,,1
202400048183,2024-12-05,soirée,,,21,21609,3,2,7,3,3,Départementale,90.0,2
202400048184,2024-10-26,matin,,,33,33011,2,2,6,3,3,Départementale,50.0,2
202400048185,2024-09-24,soirée,,,37,37003,5,2,1,3,3,Départementale,50.0,2
202400048186,2024-06-11,matin,,,77,77118,1,1,6,3,4,Voie communale,30.0,1
202400048187,2024-08-19,après-midi,,,29,29146,1,8,1,4,4,Voie communale,80.0,1
202400048188,2024-07-14,matin,,,09,09185,1,1,6,4,3,Départementale,80.0,1
202400048189,2024-10-27,après-midi,,,33,33226,1,1,3,3,3,Départementale,50.0,1
202400048190,2024-08-19,matin,,,29,29205,1,1,7,3,3,Départementale,80.0,1
202400048191,2024-06-10,matin,,,77,77445,1,1,6,4,4,Voie communale,50.0,1
202400048192,2024-09-23,après-midi,,,45,45290,1,2,3,3,3,Départementale,90.0,2
202400048193,2024-12-06,soirée,,,42,42147,5,1,1,3,4,Voie communale,,1
202400048194,2024-07-13,matin,,,31,31421,1,1,6,3,3,Départementale,50.0,1
202400048195,2024-10-23,après-midi,,,11,11106,1,1,6,3,3,Départementale,50.0,1
202400048196,2024-06-10,après-midi,,,77,77407,1,1,3,4,4,Voie communale,50.0,1
202400048197,2024-09-25,nuit,,,77,77107,5,1,6,4,3,Départementale,50.0,1
202400048198,2024-08-20,après-midi,,,29,29037,1,1,6,3,3,Départementale,,1
202400048199,2024-12-05,soirée,,,38,38557,3,2,1,4,3,Départementale,80.0,2
202400048200,2024-09-25,matin,,,77,77534,1,2,6,2,3,Départementale,,2
202400048201,2024-07-15,après-midi,,,33,33003,1,1,6,4,4,Voie communale,80.0,1
202400048202,2024-08-19,après-midi,,,26,26166,1,1,3,3,4,Voie communale,50.0,1
202400048203,2024-10-30,matin,,,71,71282,1,7,1,4,3,Départementale,80.0,1
202400048204,2024-06-11,soirée,,,76,76451,1,1,3,3,4,Voie communale,50.0,1
202400048205,2024-07-15,matin,,,35,35106,1,2,6,3,3,Départementale,80.0,2
202400048206,2024-08-20,soirée,,,58,58150,1,1,6,3,3,Départementale,80.0,1
202400048207,2024-06-11,après-midi,,,76,76231,1,1,6,3,4,Voie communale,50.0,1
202400048208,2024-09-06,matin,,,30,30214,1,1,1,4,3,Départementale,50.0,1
202400048209,2024-12-04,matin,,,07,07138,1,1,6,3,3,Départementale,80.0,1
202400048210,2024-07-14,après-midi,,,27,27280,1,1,7,4,3,Départementale,80.0,1
202400048211,2024-10-30,soirée,,,89,89351,5,5,3,4,3,Départementale,50.0,2
202400048212,2024-08-20,matin,,,58,58238,1,1,3,2,3,Départementale,50.0,1
202400048213,2024-08-17,après-midi,,,06,06056,1,1,7,3,3,Départementale,80.0,1
202400048214,2024-09-25,matin,,,13,13022,1,1,1,4,3,Départementale,90.0,1
202400048215,2024-07-14,soirée,,,13,13001,1,1,3,4,1,Autoroute,90.0,1
202400048216,2024-06-10,après-midi,,,76,76351,1,1,3,4,4,Voie communale,50.0,1
202400048217,2024-12-06,matin,,,01,01390,2,2,3,4,3,Départementale,80.0,2
202400048218,2024-10-29,matin,,,61,61170,1,7,3,4,3,Départementale,90.0,1
202400048219,2024-08-20,après-midi,,,73,73151,1,7,3,4,3,Départementale,90.0,1
202400048220,2024-06-10,après-midi,,,72,72181,1,1,3,4,4,Voie communale,50.0,1
202400048221,2024-09-11,après-midi,,,26,26362,1,8,2,4,1,Autoroute,130.0,1
202400048222,2024-08-19,soirée,,,43,43061,1,1,7,3,3,Départementale,80.0,1
202400048223,2024-07-14,après-midi,,,13,13056,1,1,5,4,1,Autoroute,50.0,1
202400048224,2024-11-27,soirée,,,69,69298,5,1,4,4,3,Départementale,70.0,1
202400048225,2024-10-29,après-midi,,,22,22207,1,3,3,3,3,Départementale,80.0,2
202400048226,2024-09-18,soirée,,,68,68063,2,1,7,4,4,Voie communale,,1
202400048227,2024-06-09,après-midi,,,72,72181,1,1,3,4,4,Voie communale,50.0,1
202400048228,2024-10-29,matin,,,22,22164,1,1,3,3,4,Voie communale,50.0,1
202400048229,2024-12-06,nuit,,,40,40277,5,2,6,2,4,Voie communale,50.0,2
202400048230,2024-10-29,après-midi,,,39,39555,1,1,6,3,3,Départementale,80.0,1
202400048231,2024-09-25,après-midi,,,57,57350,1,8,1,3,3,Départementale,80.0,2
202400048232,2024-08-19,soirée,,,10,10359,1,1,6,4,2,Nationale,80.0,1
202400048233,2024-12-05,soirée,,,50,50601,3,2,6,3,3,Départementale,80.0,2
202400048234,2024-09-25,après-midi,,,73,73150,1,1,6,3,3,Départementale,30.0,1
202400048235,2024-06-10,après-midi,,,70,70513,1,1,5,4,4,Voie communale,50.0,1
202400048236,2024-07-13,nuit,,,13,13071,3,1,2,4,1,Autoroute,90.0,1
202400048237,2024-10-30,après-midi,,,29,29004,1,1,2,4,4,Voie communale,50.0,1
202400048238,2024-09-24,après-midi,,,01,01259,1,1,6,3,3,Départementale,30.0,1
202400048239,2024-08-06,matin,,,40,40312,1,1,3,3,4,Voie communale,50.0,1
202400048240,2024-06-11,matin,,,69,69092,1,1,6,4,4,Voie communale,50.0,1
202400048241,2024-12-06,matin,,,80,80442,3,1,6,4,3,Départementale,,1
202400048242,2024-07-14,nuit,,,13,13207,5,1,7,3,1,Autoroute,60.0,1
202400048243,2024-09-25,matin,,,22,22081,3,2,1,3,3,Départementale,70.0,2
202400048244,2024-06-11,matin,,,69,69092,1,1,3,4,3,Départementale,70.0,1
202400048245,2024-10-29,après-midi,,,29,29199,2,2,1,4,3,Départementale,80.0,2
202400048246,2024-12-06,après-midi,,,80,80561,1,1,3,3,4,Voie communale,50.0,1
202400048247,2024-08-20,matin,,,24,24571,1,1,1,3,3,Départementale,80.0,1
202400048248,2024-09-25,matin,,,60,60639,1,1,6,3,4,Voie communale,50.0,2
202400048249,2024-07-12,nuit,,,13,13015,3,1,2,4,1,Autoroute,70.0,1
202400048250,2024-06-10,après-midi,,,69,69259,1,1,6,2,7,Autre,30.0,1
202400048251,2024-08-18,nuit,,,67,67388,3,3,7,4,3,Départementale,80.0,2
202400048252,2024-10-30,matin,,,03,03275,1,1,3,3,3,Départementale,90.0,1
202400048253,2024-09-24,après-midi,,,13,13207,1,1,3,4,1,Autoroute,50.0,1
202400048254,2024-06-09,soirée,,,69,69290,2,1,6,3,4,Voie communale,50.0,1
202400048255,2024-08-19,après-midi,,,01,01067,1,1,6,4,1,Autoroute,,1
202400048256,2024-07-13,nuit,,,83,83126,3,1,2,3,1,Autoroute,90.0,1
202400048257,2024-10-24,après-midi,,,85,85142,1,1,6,3,1,Autoroute,130.0,1
202400048258,2024-12-05,après-midi,,,13,13106,1,1,3,3,1,Autoroute,90.0,1
202400048259,2024-09-24,après-midi,,,13,13117,1,1,4,4,1,Autoroute,90.0,1
202400048260,2024-08-20,nuit,,,77,77001,3,1,2,2,1,Autoroute,130.0,1
202400048261,2024-06-10,après-midi,,,67,67482,1,1,3,4,4,Voie communale,50.0,1
202400048262,2024-10-27,nuit,,,26,26005,3,2,1,3,3,Départementale,80.0,2
202400048263,2024-07-14,soirée,,,91,91434,1,1,5,4,1,Autoroute,110.0,1
202400048264,2024-12-04,matin,,,13,13212,1,1,4,4,1,Autoroute,70.0,1
202400048265,2024-09-24,après-midi,,,13,13214,1,3,6,4,1,Autoroute,70.0,2
202400048266,2024-10-27,après-midi,,,14,14191,1,1,6,3,3,Départementale,50.0,1
202400048267,2024-07-14,matin,,,91,91174,1,1,6,4,2,Nationale,90.0,1
202400048268,2024-08-20,nuit,,,988,98814,3,1,6,3,4,Voie communale,90.0,1
202400048269,2024-09-24,matin,,,13,13215,1,1,2,4,1,Autoroute,90.0,1
202400048270,2024-12-01,après-midi,,,13,13015,3,1,2,4,1,Autoroute,90.0,1
202400048271,2024-10-29,matin,,,05,05092,1,1,6,2,3,Départementale,80.0,1
202400048272,2024-09-24,matin,,,13,13005,1,1,3,4,1,Autoroute,90.0,1
202400048273,2024-07-14,nuit,,,91,91549,3,2,6,4,2,Nationale,110.0,2
202400048274,2024-08-20,après-midi,,,974,97424,1,1,6,3,4,Voie communale,80.0,1
202400048275,2024-10-29,après-midi,,,07,07239,1,1,1,3,4,Voie communale,90.0,1
202400048276,2024-12-05,matin,,,33,33487,5,1,4,4,1,Autoroute,130.0,1
202400048277,2024-09-23,matin,,,13,13001,2,1,2,4,1,Autoroute,90.0,2
202400048278,2024-08-19,soirée,,,13,13088,1,1,7,3,3,Départementale,80.0,1
202400048279,2024-07-13,soirée,,,91,91174,3,1,2,4,2,Nationale,90.0,2
202400048280,2024-10-30,matin,,,07,07342,1,1,7,4,3,Départementale,80.0,2
202400048281,2024-12-05,matin,,,91,91589,3,2,7,4,1,Autoroute,110.0,2
202400048282,2024-09-19,matin,,,69,69152,1,1,3,4,1,Autoroute,70.0,1
202400048283,2024-12-04,nuit,,,91,91477,3,1,6,2,1,Autoroute,70.0,1
202400048284,2024-10-30,matin,,,07,07041,3,1,6,3,3,Départementale,,1
202400048285,2024-07-14,nuit,,,92,92036,2,1,7,4,1,Autoroute,90.0,2
202400048286,2024-08-17,nuit,,,66,66171,3,1,2,4,3,Départementale,50.0,1
202400048287,2024-09-23,après-midi,,,42,42183,1,1,2,4,2,Nationale,90.0,1
202400048288,2024-12-05,après-midi,,,95,95277,2,2,2,4,3,Départementale,50.0,2
202400048289,2024-07-14,après-midi,,,93,93010,1,1,6,4,1,Autoroute,90.0,1
202400048290,2024-10-29,soirée,,,37,37206,3,8,3,2,3,Départementale,80.0,1
202400048291,2024-12-05,après-midi,,,93,93008,1,2,3,4,1,Autoroute,70.0,2
202400048292,2024-08-20,après-midi,,,04,04226,1,1,1,4,3,Départementale,80.0,1
202400048293,2024-09-24,après-midi,,,33,33063,1,2,4,4,1,Autoroute,70.0,2
202400048294,2024-07-14,nuit,,,95,95351,3,1,1,4,2,Nationale,110.0,1
202400048295,2024-10-29,soirée,,,30,30062,3,1,3,3,3,Départementale,50.0,1
202400048296,2024-09-21,soirée,,,59,59574,1,1,6,3,1,Autoroute,130.0,1
202400048297,2024-12-05,matin,,,95,95527,1,3,6,4,1,Autoroute,90.0,2
202400048298,2024-08-20,matin,,,68,68292,1,1,7,3,6,Autre,,1
202400048299,2024-07-14,nuit,,,93,93048,3,1,2,3,1,Autoroute,50.0,1
202400048300,2024-09-24,soirée,,,91,91471,3,1,6,4,3,Départementale,30.0,1
202400048301,2024-12-05,matin,,,93,93064,3,3,7,4,1,Autoroute,50.0,2
202400048302,2024-10-29,après-midi,,,38,38410,1,1,2,3,1,Autoroute,130.0,1
202400048303,2024-09-24,soirée,,,94,94003,5,1,7,4,1,Autoroute,70.0,1
202400048304,2024-08-16,nuit,,,67,67046,4,1,3,3,4,Voie communale,30.0,1
202400048305,2024-12-04,soirée,,,93,93078,2,1,2,4,1,Autoroute,110.0,1
202400048306,2024-07-13,soirée,,,92,92036,1,1,4,4,1,Autoroute,90.0,2
202400048307,2024-10-30,matin,,,07,07312,1,1,3,4,3,Départementale,90.0,1
202400048308,2024-08-19,matin,,,03,03186,1,1,7,4,3,Départementale,50.0,1
202400048309,2024-09-23,matin,,,78,78571,1,2,4,4,1,Autoroute,100.0,2
202400048310,2024-12-05,nuit,,,77,77258,3,1,2,4,1,Autoroute,110.0,1
202400048311,2024-07-14,matin,,,77,77296,1,1,2,4,1,Autoroute,110.0,1
202400048312,2024-08-19,soirée,,,63,63247,1,1,1,3,3,Départementale,90.0,1
202400048313,2024-09-23,matin,,,78,78571,1,2,4,4,1,Autoroute,100.0,2
202400048314,2024-07-14,nuit,,,77,77053,3,1,2,4,2,Nationale,90.0,1
202400048315,2024-10-26,nuit,,,34,34240,3,2,4,4,1,Autoroute,90.0,2
202400048316,2024-12-04,soirée,,,77,77121,5,1,4,4,1,Autoroute,90.0,1
202400048317,2024-09-24,matin,,,93,93053,1,2,7,4,1,Autoroute,50.0,2
202400048318,2024-08-20,matin,,,26,26129,1,1,2,3,3,Départementale,80.0,1
202400048319,2024-07-14,nuit,,,94,94018,3,1,6,4,1,Autoroute,90.0,1
202400048320,2024-07-30,après-midi,,,976,97614,1,1,1,3,3,Départementale,70.0,1
202400048321,2024-12-04,nuit,,,77,77468,4,5,3,4,1,Autoroute,90.0,1
202400048322,2024-09-24,matin,,,93,93078,2,2,4,4,1,Autoroute,70.0,2
202400048323,2024-07-12,matin,,,94,94015,1,1,2,4,1,Autoroute,110.0,1
202400048324,2024-12-02,soirée,,,95,95555,5,2,7,4,4,Voie communale,10.0,2
202400048325,2024-10-23,après-midi,,,971,97106,1,1,1,3,2,Nationale,80.0,1
202400048326,2024-08-20,matin,,,26,26320,1,1,1,4,3,Départementale,70.0,1
202400048327,2024-09-24,matin,,,92,92036,1,8,2,4,1,Autoroute,90.0,2
202400048328,2024-04-13,après-midi,,,50,50523,1,1,1,3,3,Départementale,80.0,1
202400048329,2024-08-18,matin,,,26,26212,1,1,1,3,4,Voie communale,80.0,1
202400048330,2024-09-23,nuit,,,92,92078,3,1,6,4,1,Autoroute,70.0,2
202400048331,2024-10-29,soirée,,,45,45108,5,5,3,4,3,Départementale,50.0,2
202400048332,2024-07-08,après-midi,,,44,44109,1,1,3,4,4,Voie communale,50.0,1
202400048333,2024-09-30,matin,,,73,73065,1,1,3,3,4,Voie communale,,1
202400048334,2024-09-23,après-midi,,,93,93053,1,1,3,3,1,Autoroute,90.0,1
202400048335,2024-08-19,matin,,,01,01249,1,1,2,4,3,Départementale,50.0,1
202400048336,2024-10-28,soirée,,,91,91318,3,8,5,3,3,Départementale,80.0,1
202400048337,2024-07-07,soirée,,,44,44109,5,8,3,4,4,Voie communale,50.0,1
202400048338,2024-09-03,après-midi,,,57,57038,1,1,1,4,3,Départementale,70.0,1
202400048339,2024-10-30,après-midi,,,06,06099,1,1,6,4,3,Départementale,80.0,1
202400048340,2024-09-24,matin,,,94,94079,1,3,3,4,1,Autoroute,90.0,2
202400048341,2024-08-20,matin,,,31,31349,1,1,3,3,3,Départementale,80.0,1
202400048342,2024-09-27,après-midi,,,57,57244,1,1,1,2,3,Départementale,70.0,8
202400048343,2024-10-28,après-midi,,,68,68372,1,1,1,3,3,Départementale,50.0,1
202400048344,2024-05-13,après-midi,,,74,74012,1,1,3,3,4,Voie communale,50.0,1
202400048345,2024-05-12,soirée,,,74,74012,1,1,6,4,3,Départementale,50.0,1
202400048346,2024-06-13,matin,,,84,84087,1,7,6,3,4,Voie communale,50.0,1
202400048347,2024-12-03,après-midi,,,974,97411,1,1,2,4,4,Voie communale,30.0,1
202400048348,2024-10-29,après-midi,,,69,69059,2,1,1,3,3,Départementale,50.0,1
202400048349,2024-08-17,après-midi,,,86,86154,1,3,1,4,3,Départementale,80.0,2
202400048350,2024-09-17,matin,,,44,44109,2,1,6,4,4,Voie communale,30.0,1
202400048351,2024-07-04,matin,,,44,44109,1,1,3,4,4,Voie communale,50.0,1
202400048352,2024-12-04,soirée,,,973,97302,5,1,3,4,2,Nationale,50.0,1
202400048353,2024-10-30,matin,,,79,79049,1,5,4,4,2,Nationale,110.0,1
202400048354,2024-08-19,après-midi,,,64,64422,1,1,3,3,3,Départementale,50.0,1
202400048355,2024-09-23,après-midi,,,62,62193,1,1,3,3,4,Voie communale,50.0,1
202400048356,2024-12-04,après-midi,,,973,97302,1,1,3,4,3,Départementale,50.0,1
202400048357,2024-07-08,après-midi,,,987,98735,1,1,3,4,4,Voie communale,30.0,1
202400048358,2024-08-19,soirée,,,14,14384,1,1,6,4,4,Voie communale,50.0,1
202400048359,2024-09-17,matin,,,44,44109,1,1,3,4,4,Voie communale,50.0,1
202400048360,2024-12-03,soirée,,,973,97302,3,1,3,4,3,Départementale,50.0,1
202400048361,2024-10-29,après-midi,,,61,61382,1,1,5,4,2,Nationale,80.0,1
202400048362,2024-08-19,soirée,,,27,27489,3,1,1,4,3,Départementale,80.0,1
202400048363,2024-07-24,soirée,,,74,74133,1,1,3,4,4,Voie communale,50.0,1
202400048364,2024-12-04,soirée,,,69,69383,5,1,6,4,4,Voie communale,30.0,1
202400048365,2024-10-29,matin,,,13,13005,1,1,2,4,1,Autoroute,90.0,1
202400048366,2024-08-19,soirée,,,02,02676,3,1,6,4,3,Départementale,80.0,1
202400048367,2024-12-04,matin,,,972,97209,1,1,1,3,2,Nationale,30.0,1
202400048368,2024-10-29,après-midi,,,13,13085,1,1,3,4,1,Autoroute,50.0,1
202400048369,2024-12-04,après-midi,,,69,69382,1,1,6,3,4,Voie communale,30.0,1
202400048370,2024-07-22,nuit,,,57,57368,2,1,3,3,3,Départementale,50.0,1
202400048371,2024-08-19,nuit,,,69,69290,3,1,3,4,1,Autoroute,70.0,1
202400048372,2024-10-20,nuit,,,13,13071,3,1,2,4,1,Autoroute,90.0,1
202400048373,2024-12-03,nuit,,,971,97101,5,2,6,4,2,Nationale,80.0,2
202400048374,2024-05-20,après-midi,,,24,24037,1,8,1,4,3,Départementale,70.0,1
202400048375,2024-08-17,après-midi,,,59,59178,1,1,7,3,1,Autoroute,110.0,1
202400048376,2024-10-27,soirée,,,59,59350,3,1,1,2,1,Autoroute,90.0,1
202400048377,2024-09-23,après-midi,,,974,97416,1,7,2,4,2,Nationale,50.0,1
202400048378,2024-09-23,matin,,,974,97416,1,1,6,4,4,Voie communale,30.0,1
202400048379,2024-08-19,après-midi,,,91,91174,1,1,3,4,2,Nationale,90.0,1
202400048380,2024-12-04,nuit,,,95,95219,5,1,3,4,3,Départementale,30.0,9
202400048381,2024-10-24,soirée,,,59,59586,1,1,7,2,1,Autoroute,130.0,1
202400048382,2024-12-04,matin,,,91,91201,1,8,6,4,3,Départementale,50.0,1
202400048383,2024-09-23,après-midi,,,974,97411,1,1,3,3,2,Nationale,50.0,1
202400048384,2024-08-19,après-midi,,,91,91689,1,1,4,4,1,Autoroute,110.0,1
202400048385,2024-10-29,soirée,,,91,91534,3,1,4,4,2,Nationale,90.0,1
202400048386,2024-12-03,après-midi,,,91,91201,5,1,6,4,3,Départementale,50.0,1
202400048387,2024-08-19,matin,,,94,94034,1,1,2,4,1,Autoroute,50.0,1
202400048388,2024-10-29,après-midi,,,94,94038,1,1,3,4,1,Autoroute,90.0,1
202400048389,2024-09-23,matin,,,69,69387,1,1,3,4,4,Voie communale,50.0,1
202400048390,2024-12-03,après-midi,,,91,91097,2,1,1,4,3,Départementale,30.0,2
202400048391,2024-10-28,matin,,,92,92048,1,5,2,4,2,Nationale,90.0,1
202400048392,2024-09-23,matin,,,69,69383,1,2,3,4,4,Voie communale,30.0,2
202400048393,2024-12-04,matin,,,84,84031,1,1,3,3,4,Voie communale,50.0,1
202400048394,2024-10-29,soirée,,,93,93007,3,1,2,4,1,Autoroute,90.0,1
202400048395,2024-09-23,matin,,,972,97213,1,1,2,4,1,Autoroute,90.0,1
202400048396,2024-12-03,soirée,,,84,84007,5,1,6,4,4,Voie communale,50.0,1
202400048397,2024-10-29,après-midi,,,77,77373,1,1,2,3,2,Nationale,90.0,1
202400048398,2024-09-23,après-midi,,,2B,2B037,1,1,6,4,3,Départementale,50.0,2
202400048399,2024-12-03,après-midi,,,84,84007,1,1,6,4,4,Voie communale,50.0,1
202400048400,2024-10-29,matin,,,94,94017,1,1,4,4,1,Autoroute,90.0,1
202400048401,2024-12-04,matin,,,83,83137,1,1,6,4,4,Voie communale,50.0,1
202400048402,2024-09-22,matin,,,971,97113,1,1,5,4,3,Départementale,50.0,1
202400048403,2024-05-25,après-midi,,,84,84014,1,1,1,4,4,Voie communale,,1
202400048404,2024-11-06,après-midi,,,78,78242,1,8,3,4,4,Voie communale,30.0,1
202400048405,2024-09-21,nuit,,,971,97101,4,1,6,4,4,Voie communale,50.0,1
202400048406,2024-03-25,après-midi,,,84,84105,1,1,6,4,3,Départementale,80.0,1
202400048407,2024-09-23,nuit,,,91,91347,3,8,3,4,3,Départementale,50.0,2
202400048408,2024-12-04,soirée,,,77,77284,5,1,7,4,3,Départementale,50.0,1
202400048409,2024-07-28,après-midi,,,84,84092,1,1,3,3,3,Départementale,50.0,1
202400048410,2024-12-02,soirée,,,77,77186,3,2,3,4,3,Départementale,70.0,2
202400048411,2024-08-15,soirée,,,974,97413,4,1,1,3,3,Départementale,50.0,1
202400048412,2024-12-03,après-midi,,,76,76351,1,1,2,3,4,Voie communale,50.0,2
202400048413,2024-08-29,nuit,,,74,74118,4,1,7,4,3,Départementale,50.0,1
202400048414,2024-12-03,soirée,,,74,74118,5,1,2,4,4,Voie communale,50.0,1
202400048415,2024-07-11,après-midi,,,74,74218,1,1,1,3,3,Départementale,50.0,1
202400048416,2024-07-07,après-midi,,,85,85191,1,1,3,4,3,Départementale,50.0,1
202400048417,2024-12-02,matin,,,74,74012,1,8,6,4,4,Voie communale,,2
202400048418,2024-12-02,matin,,,74,74012,5,8,3,4,4,Voie communale,50.0,2
202400048419,2024-09-22,soirée,,,84,84007,5,2,1,4,4,Voie communale,50.0,2
202400048420,2024-12-03,soirée,,,69,69259,5,1,3,4,4,Voie communale,50.0,1
202400048421,2024-09-23,nuit,,,77,77358,3,1,6,4,2,Nationale,70.0,2
202400048422,2024-07-27,après-midi,,,22,22106,1,1,3,4,6,Autre,30.0,1
202400048423,2024-12-03,après-midi,,,67,67482,5,2,6,4,4,Voie communale,50.0,2
202400048424,2024-09-22,nuit,,,69,69259,5,2,6,4,4,Voie communale,30.0,2
202400048425,2024-05-30,soirée,,,32,32337,1,1,6,3,3,Départementale,80.0,1
202400048426,2024-08-27,nuit,,,29,29003,3,1,6,2,3,Départementale,80.0,1
202400048427,2024-12-04,après-midi,,,66,66136,1,1,3,4,4,Voie communale,30.0,1
202400048428,2024-09-23,matin,,,67,67482,1,1,3,4,4,Voie communale,50.0,1
202400048429,2024-10-28,matin,,,987,98736,1,1,7,4,4,Voie communale,30.0,1
202400048430,2024-12-04,après-midi,,,64,64102,1,1,6,4,3,Départementale,30.0,1
202400048431,2024-09-23,après-midi,,,64,64189,1,1,3,3,4,Voie communale,50.0,1
202400048432,2024-10-28,soirée,,,974,97409,2,1,2,4,4,Voie communale,50.0,1
202400048433,2024-12-04,matin,,,64,64102,1,1,3,4,4,Voie communale,30.0,1
202400048434,2024-09-23,soirée,,,64,64024,1,1,2,4,3,Départementale,50.0,1
202400048435,2024-10-28,après-midi,,,974,97407,1,1,2,4,2,Nationale,110.0,1
202400048436,2024-09-18,après-midi,,,62,62498,1,1,6,3,4,Voie communale,30.0,1
202400048437,2024-12-04,après-midi,,,64,64102,1,1,4,4,3,Départementale,50.0,1
202400048438,2024-10-28,après-midi,,,69,69149,2,1,3,4,7,Autre,50.0,1
202400048439,2024-12-01,matin,,,62,62498,1,1,3,3,4,Voie communale,50.0,1
202400048440,2024-09-22,matin,,,59,59350,1,1,3,3,4,Voie communale,50.0,1
202400048441,2024-10-25,nuit,,,971,97113,4,1,1,4,3,Départementale,70.0,1
202400048442,2024-11-20,après-midi,,,62,62528,1,1,2,3,3,Départementale,50.0,1
202400048443,2024-09-22,soirée,,,56,56162,2,1,3,3,3,Départementale,50.0,1
202400048444,2024-10-25,après-midi,,,971,97101,1,1,6,4,4,Voie communale,50.0,1
202400048445,2024-12-04,matin,,,62,62178,2,1,3,4,3,Départementale,50.0,1
202400048446,2024-10-28,matin,,,971,97105,1,1,6,3,3,Départementale,50.0,1
202400048447,2024-09-22,matin,,,54,54395,1,1,3,4,4,Voie communale,30.0,1
202400048448,2024-12-04,nuit,,,59,59512,5,1,3,2,4,Voie communale,50.0,1
202400048449,2024-10-26,nuit,,,87,87085,5,2,6,3,4,Voie communale,50.0,2
202400048450,2024-09-23,après-midi,,,54,54329,1,1,2,4,4,Voie communale,50.0,1
202400048451,2024-12-04,nuit,,,59,59648,5,8,3,4,7,Autre,50.0,2
202400048452,2024-09-22,nuit,,,51,51454,5,2,3,4,4,Voie communale,50.0,2
202400048453,2024-10-24,après-midi,,,87,87085,1,1,4,4,4,Voie communale,30.0,1
202400048454,2024-09-23,matin,,,38,38185,1,8,6,2,4,Voie communale,50.0,2
202400048455,2024-10-28,matin,,,83,83062,1,1,6,4,4,Voie communale,,1
202400048456,2024-12-03,matin,,,59,59437,3,2,4,4,7,Autre,90.0,2
202400048457,2024-09-23,matin,,,37,37261,1,1,3,3,4,Voie communale,50.0,1
202400048458,2024-10-28,après-midi,,,79,79191,1,1,3,3,4,Voie communale,50.0,1
202400048459,2024-12-03,soirée,,,54,54395,5,2,6,4,4,Voie communale,30.0,2
202400048460,2024-09-23,nuit,,,37,37050,3,2,6,4,7,Autre,50.0,2
202400048461,2024-10-28,après-midi,,,78,78401,1,1,6,4,3,Départementale,50.0,1
202400048462,2024-09-22,soirée,,,37,37122,2,2,6,4,3,Départementale,90.0,2
202400048463,2024-12-03,après-midi,,,54,54578,5,2,3,4,4,Voie communale,50.0,2
202400048464,2024-10-28,après-midi,,,77,77296,2,1,6,3,4,Voie communale,50.0,1
202400048465,2024-10-28,après-midi,,,77,77495,1,1,3,3,3,Départementale,70.0,1