Num_Acc,date,time_of_day,lat,long,dep,com,lum,atm,col,severity_index,catr,catr_label,vma,surf
202400048466,2024-09-20,après-midi,,,37,37233,1,1,3,4,4,Voie communale,50.0,1
202400048467,2024-12-04,matin,,,51,51454,1,1,3,4,4,Voie communale,50.0,1
202400048468,2024-12-04,matin,,,50,50532,1,1,4,4,3,Départementale,50.0,1
202400048469,2024-09-23,après-midi,,,35,35238,1,1,1,4,4,Voie communale,30.0,1
202400048470,2024-10-28,après-midi,,,77,77513,1,8,3,4,3,Départementale,50.0,1
202400048471,2024-12-03,nuit,,,50,50129,5,1,6,4,4,Voie communale,50.0,2
202400048472,2024-10-28,soirée,,,77,77449,5,5,6,4,4,Voie communale,50.0,1
202400048473,2024-09-23,matin,,,35,35281,2,2,7,4,4,Voie communale,30.0,2
202400048474,2024-12-03,après-midi,,,49,49007,1,1,3,4,4,Voie communale,50.0,1
202400048475,2024-10-28,nuit,,,77,77058,5,5,6,4,4,Voie communale,50.0,2
202400048476,2024-09-23,matin,,,34,34172,1,1,6,4,4,Voie communale,50.0,1
202400048477,2024-12-04,après-midi,,,45,45302,1,5,1,3,4,Voie communale,50.0,1
202400048478,2024-10-28,soirée,,,76,76497,3,1,3,4,2,Nationale,90.0,1
202400048479,2024-09-23,soirée,,,33,33063,1,1,3,4,4,Voie communale,50.0,1
202400048480,2024-12-04,matin,,,38,38544,3,8,2,4,3,Départementale,80.0,1
202400048481,2024-09-23,nuit,,,31,31555,5,1,6,4,4,Voie communale,50.0,1
202400048482,2024-10-27,après-midi,,,73,73029,1,1,3,4,3,Départementale,50.0,1
202400048483,2024-12-03,matin,,,34,34032,1,1,4,3,3,Départementale,90.0,1
202400048484,2024-10-28,après-midi,,,69,69275,1,1,3,4,4,Voie communale,50.0,1
202400048485,2024-12-04,après-midi,,,33,33281,1,1,3,3,4,Voie communale,50.0,1
202400048486,2024-10-28,nuit,,,68,68224,5,1,1,3,4,Voie communale,50.0,1
202400048487,2024-12-04,matin,,,31,31557,2,1,6,3,7,Autre,50.0,1
202400048488,2024-10-28,matin,,,68,68256,1,1,2,4,3,Départementale,,1
202400048489,2024-12-03,nuit,,,29,29151,3,2,7,4,2,Nationale,110.0,2
202400048490,2024-10-26,soirée,,,67,67482,5,1,3,4,4,Voie communale,50.0,1
202400048491,2024-11-23,après-midi,,,24,24037,1,1,6,4,3,Départementale,30.0,1
202400048492,2024-12-04,après-midi,,,19,19031,1,1,6,4,4,Voie communale,50.0,1
202400048493,2024-10-27,soirée,,,64,64024,5,1,3,4,4,Voie communale,50.0,1
202400048494,2024-10-28,après-midi,,,59,59636,1,1,2,4,7,Autre,50.0,1
202400048495,2024-12-01,soirée,,,13,13211,5,1,3,4,3,Départementale,50.0,1
202400048496,2024-10-03,après-midi,,,57,57227,1,8,3,4,4,Voie communale,50.0,1
202400048497,2024-12-02,après-midi,,,11,11069,3,1,3,4,4,Voie communale,80.0,1
202400048498,2024-10-26,matin,,,56,56098,1,1,3,4,3,Départementale,50.0,1
202400048499,2024-10-10,après-midi,,,01,01283,1,1,6,4,3,Départementale,50.0,1
202400048500,2024-10-27,soirée,,,49,49007,5,1,3,4,4,Voie communale,50.0,1
202400048501,2024-12-04,après-midi,,,75,75106,5,1,6,4,4,Voie communale,,1
202400048502,2024-10-27,soirée,,,37,37122,3,1,2,4,7,Autre,90.0,1
202400048503,2024-12-04,après-midi,,,75,75117,1,1,6,4,4,Voie communale,,1
202400048504,2024-10-27,matin,,,37,37233,1,2,6,4,4,Voie communale,50.0,2
202400048505,2024-12-04,après-midi,,,75,75117,1,1,2,4,4,Voie communale,30.0,1
202400048506,2024-10-28,après-midi,,,34,34172,1,8,6,3,4,Voie communale,30.0,1
202400048507,2024-10-25,après-midi,,,34,34032,1,3,1,3,3,Départementale,70.0,2
202400048508,2024-12-03,soirée,,,75,75117,5,1,4,4,4,Voie communale,30.0,1
202400048509,2024-10-28,soirée,,,33,33063,2,1,2,4,4,Voie communale,50.0,1
202400048510,2024-12-04,nuit,,,75,75116,5,1,6,2,4,Voie communale,30.0,1
202400048511,2024-12-04,soirée,,,75,75108,5,1,7,4,4,Voie communale,,1
202400048512,2024-10-28,matin,,,33,33522,1,8,2,4,4,Voie communale,50.0,1
202400048513,2024-10-28,matin,,,32,32013,1,8,2,4,3,Départementale,50.0,1
202400048514,2024-12-03,soirée,,,75,75117,5,1,2,4,4,Voie communale,50.0,1
202400048515,2024-10-28,après-midi,,,31,31555,1,1,3,3,7,Autre,50.0,1
202400048516,2024-12-04,soirée,,,75,75107,5,1,3,4,4,Voie communale,30.0,1
202400048517,2024-10-28,matin,,,30,30007,1,1,7,4,4,Voie communale,50.0,1
202400048518,2024-12-03,après-midi,,,75,75104,2,2,6,4,4,Voie communale,30.0,2
202400048519,2024-10-26,soirée,,,29,29019,5,2,3,4,4,Voie communale,10.0,2
202400048520,2024-12-03,après-midi,,,75,75104,1,1,1,4,4,Voie communale,30.0,2
202400048521,2024-12-02,nuit,,,75,75101,5,2,7,4,4,Voie communale,30.0,2
202400048522,2024-10-24,nuit,,,29,29019,5,1,3,4,4,Voie communale,50.0,1
202400048523,2024-12-02,matin,,,75,75104,1,1,6,3,4,Voie communale,30.0,1
202400048524,2024-10-28,soirée,,,26,26198,4,1,6,3,4,Voie communale,50.0,1
202400048525,2024-12-04,après-midi,,,94,94011,1,1,3,4,3,Départementale,50.0,1
202400048526,2024-10-28,matin,,,25,25056,1,1,5,4,4,Voie communale,50.0,1
202400048527,2024-12-03,soirée,,,94,94078,5,2,3,4,2,Nationale,50.0,2
202400048528,2024-12-04,nuit,,,94,94073,5,1,1,4,3,Départementale,50.0,1
202400048529,2024-10-28,soirée,,,13,13056,5,1,3,3,4,Voie communale,50.0,1
202400048530,2024-12-04,après-midi,,,93,93055,1,1,3,4,4,Voie communale,50.0,1
202400048531,2024-12-04,soirée,,,93,93051,5,1,3,4,4,Voie communale,30.0,1
202400048532,2024-10-28,soirée,,,13,13214,5,1,3,4,4,Voie communale,50.0,1
202400048533,2024-12-03,soirée,,,93,93046,2,1,3,4,3,Départementale,50.0,1
202400048534,2024-10-28,matin,,,13,13047,1,1,5,4,2,Nationale,80.0,1
202400048535,2024-12-04,après-midi,,,93,93006,5,1,6,4,3,Départementale,50.0,1
202400048536,2024-10-04,nuit,,,12,12202,5,1,3,4,4,Voie communale,30.0,1
202400048537,2024-12-03,nuit,,,92,92078,5,1,2,4,4,Voie communale,50.0,1
202400048538,2024-10-03,soirée,,,12,12202,2,1,2,3,4,Voie communale,30.0,1
202400048539,2024-10-28,après-midi,,,75,75110,1,1,6,4,4,Voie communale,30.0,1
202400048540,2024-12-04,soirée,,,92,92073,5,1,4,4,3,Départementale,50.0,1
202400048541,2024-10-27,nuit,,,75,75106,5,1,1,4,4,Voie communale,30.0,1
202400048542,2024-12-03,soirée,,,92,92050,5,1,3,4,3,Départementale,50.0,1
202400048543,2024-10-27,soirée,,,75,75106,5,1,3,4,4,Voie communale,30.0,1
202400048544,2024-12-04,soirée,,,92,92048,5,1,3,4,4,Voie communale,30.0,1
202400048545,2024-10-28,après-midi,,,75,75117,1,1,6,4,4,Voie communale,30.0,1
202400048546,2024-12-04,soirée,,,92,92024,5,1,6,4,3,Départementale,50.0,1
202400048547,2024-10-28,après-midi,,,75,75115,2,1,3,4,4,Voie communale,30.0,1
202400048548,2024-12-04,nuit,,,92,92023,3,1,2,4,3,Départementale,70.0,1
202400048549,2024-10-28,soirée,,,75,75108,5,1,7,4,4,Voie communale,50.0,1
202400048550,2024-10-28,après-midi,,,75,75107,1,1,3,4,4,Voie communale,30.0,1
202400048551,2024-12-03,soirée,,,39,39547,3,1,1,4,3,Départementale,90.0,1
202400048552,2024-10-28,soirée,,,75,75102,5,1,1,4,4,Voie communale,30.0,1
202400048553,2024-10-28,après-midi,,,94,94044,1,1,6,4,6,Autre,30.0,1
202400048554,2024-10-27,nuit,,,94,94074,5,1,6,4,3,Départementale,50.0,1
202400048555,2024-12-04,matin,,,54,54083,3,5,1,3,3,Départementale,80.0,2
202400048556,2024-10-28,matin,,,94,94073,1,5,2,4,3,Départementale,50.0,1
202400048557,2024-12-05,matin,,,47,47040,1,1,3,4,3,Départementale,50.0,1
202400048558,2024-10-28,matin,,,94,94022,2,5,2,4,3,Départementale,50.0,1
202400048559,2024-10-27,matin,,,94,94019,1,8,6,4,3,Départementale,50.0,1
202400048560,2024-10-28,matin,,,93,93078,1,8,3,4,4,Voie communale,50.0,2
202400048561,2024-10-28,soirée,,,93,93051,5,1,6,4,4,Voie communale,50.0,1
202400048562,2024-10-28,matin,,,93,93001,1,1,6,4,3,Départementale,50.0,1
202400048563,2024-10-28,matin,,,92,92040,1,1,3,4,4,Voie communale,50.0,1
202400048564,2024-10-28,après-midi,,,92,92024,1,1,4,3,3,Départementale,50.0,1
202400048565,2024-10-28,soirée,,,92,92023,3,1,6,4,3,Départementale,50.0,1
202400048566,2024-10-28,soirée,,,92,92012,4,1,3,4,3,Départementale,50.0,1
202400048567,2024-10-28,soirée,,,92,92004,5,1,2,4,3,Départementale,50.0,1
202400048568,2024-10-28,matin,,,37,37010,1,5,1,4,3,Départementale,80.0,1
202400048569,2024-10-28,après-midi,,,01,01207,1,1,1,4,3,Départementale,80.0,1
202400048570,2024-10-29,après-midi,,,76,76377,1,1,6,2,2,Nationale,90.0,1
202400048571,2024-10-27,soirée,,,71,71130,2,1,6,3,3,Départementale,80.0,1
202400048572,2024-10-13,après-midi,,,33,33176,1,1,2,3,4,Voie communale,70.0,1
202400048573,2024-10-29,matin,,,07,07302,1,5,5,4,3,Départementale,90.0,1
202400048574,2024-01-06,matin,,,63,63110,1,4,7,3,1,Autoroute,110.0,5
202400048575,2024-01-05,nuit,,,30,30141,3,6,7,3,3,Départementale,50.0,1
202400048576,2024-01-07,après-midi,,,62,62080,1,1,6,2,3,Départementale,30.0,1
202400048577,2024-01-06,soirée,,,65,65460,2,1,6,3,3,Départementale,50.0,1
202400048578,2024-01-07,après-midi,,,32,32410,1,8,7,3,3,Départementale,50.0,1
202400048579,2024-01-07,nuit,,,71,71522,5,2,6,4,3,Départementale,80.0,2
202400048580,2024-01-06,soirée,,,63,63223,5,2,2,4,3,Départementale,90.0,2
202400048581,2024-01-06,soirée,,,63,63290,3,4,6,3,3,Départementale,90.0,2
202400048582,2024-01-07,nuit,,,61,61394,3,1,6,3,3,Départementale,90.0,1
202400048583,2024-01-06,nuit,,,47,47195,3,1,6,4,3,Départementale,70.0,1
202400048584,2024-01-06,après-midi,,,68,68129,1,9,6,3,3,Départementale,80.0,2
202400048585,2024-01-05,après-midi,,,22,22194,1,3,6,3,3,Départementale,80.0,2
202400048586,2024-01-07,nuit,,,44,44031,3,1,6,4,3,Départementale,80.0,1
202400048587,2024-01-05,soirée,,,29,29105,3,2,1,4,3,Départementale,80.0,2
202400048588,2024-01-05,matin,,,29,29105,1,2,7,3,3,Départementale,80.0,2
202400048589,2024-01-06,après-midi,,,58,58055,3,2,2,2,3,Départementale,90.0,2
202400048590,2024-01-06,après-midi,,,53,53153,1,2,4,3,3,Départementale,80.0,2
202400048591,2024-01-04,après-midi,,,24,24459,3,1,3,3,3,Départementale,80.0,1
202400048592,2024-01-06,soirée,,,17,17243,5,1,3,3,3,Départementale,70.0,1
202400048593,2024-01-07,après-midi,,,976,97602,1,1,1,4,2,Nationale,70.0,1
202400048594,2024-01-02,matin,,,89,89059,2,3,3,4,3,Départementale,80.0,3
202400048595,2024-01-06,après-midi,,,33,33240,1,1,1,4,3,Départementale,30.0,1
202400048596,2024-01-07,après-midi,,,85,85155,1,1,2,2,4,Voie communale,50.0,1
202400048597,2024-01-06,après-midi,,,44,44176,1,1,6,3,4,Voie communale,30.0,1
202400048598,2024-01-06,soirée,,,22,22225,5,1,2,4,3,Départementale,50.0,1
202400048599,2024-01-05,après-midi,,,22,22136,1,2,2,3,3,Départementale,50.0,2
202400048600,2024-01-06,après-midi,,,33,33013,1,1,4,4,2,Nationale,90.0,1
202400048601,2024-01-06,après-midi,,,91,91471,3,1,6,4,2,Nationale,90.0,1
202400048602,2024-01-06,après-midi,,,94,94038,1,1,2,4,1,Autoroute,90.0,1
202400048603,2024-05-05,nuit,,,31,31555,5,3,6,3,7,Autre,30.0,2
202400048604,2024-01-06,nuit,,,78,78545,3,1,2,4,1,Autoroute,110.0,2
202400048605,2024-05-06,nuit,,,28,28209,5,2,7,3,2,Nationale,90.0,2
202400048606,2024-04-14,nuit,,,27,27229,3,1,7,4,4,Voie communale,50.0,1
202400048607,2024-01-06,après-midi,,,93,93064,1,1,2,4,1,Autoroute,90.0,1
202400048608,2024-05-06,soirée,,,13,13001,1,8,6,4,3,Départementale,50.0,1
202400048609,2024-01-06,matin,,,95,95252,1,1,5,3,1,Autoroute,110.0,1
202400048610,2024-05-06,après-midi,,,06,06069,1,1,3,4,3,Départementale,50.0,1
202400048611,2024-01-05,soirée,,,92,92036,3,1,2,4,1,Autoroute,90.0,1
202400048612,2024-05-06,après-midi,,,06,06030,1,2,3,2,4,Voie communale,50.0,2
202400048613,2024-01-06,nuit,,,93,93048,3,1,2,4,1,Autoroute,70.0,1
202400048614,2024-04-23,matin,,,05,05061,1,1,1,4,4,Voie communale,50.0,1
202400048615,2024-01-05,soirée,,,93,93066,3,1,2,4,1,Autoroute,90.0,1
202400048616,2024-05-05,nuit,,,75,75115,5,1,4,4,4,Voie communale,70.0,1
202400048617,2024-05-06,matin,,,75,75119,1,1,2,4,4,Voie communale,70.0,1
202400048618,2024-01-05,après-midi,,,93,93005,1,1,4,4,1,Autoroute,90.0,1
202400048619,2024-05-06,soirée,,,75,75120,1,1,6,3,4,Voie communale,30.0,1
202400048620,2024-05-06,après-midi,,,75,75120,1,1,1,4,4,Voie communale,30.0,1
202400048621,2024-01-05,matin,,,974,97411,1,1,3,4,2,Nationale,50.0,2
202400048622,2024-05-06,soirée,,,75,75115,3,1,6,4,4,Voie communale,30.0,1
202400048623,2024-01-05,soirée,,,974,97409,1,2,3,4,4,Voie communale,50.0,2
202400048624,2024-01-05,matin,,,974,97407,1,1,7,4,2,Nationale,50.0,1
202400048625,2024-05-05,après-midi,,,75,75112,1,1,3,4,4,Voie communale,30.0,2
202400048626,2024-01-05,matin,,,69,69383,2,2,1,3,4,Voie communale,50.0,2
202400048627,2024-05-06,après-midi,,,75,75110,1,1,3,4,4,Voie communale,30.0,1
202400048628,2024-01-04,après-midi,,,972,97207,1,1,3,4,2,Nationale,70.0,1
202400048629,2024-01-05,après-midi,,,69,69382,5,1,6,4,7,Autre,30.0,2
202400048630,2024-05-06,matin,,,75,75107,1,1,3,4,4,Voie communale,30.0,1
202400048631,2024-05-06,nuit,,,75,75107,5,2,7,4,4,Voie communale,30.0,2
202400048632,2024-01-05,après-midi,,,971,97120,1,1,3,3,3,Départementale,50.0,1
202400048633,2024-05-02,après-midi,,,94,94081,1,1,6,4,4,Voie communale,30.0,1
202400048634,2024-01-05,matin,,,91,91161,1,1,1,4,3,Départementale,50.0,1
202400048635,2024-01-05,après-midi,,,91,91421,1,1,1,4,4,Voie communale,50.0,1
202400048636,2024-05-05,matin,,,94,94080,1,2,2,4,4,Voie communale,30.0,2
202400048637,2024-03-30,soirée,,,51,51572,3,1,2,3,1,Autoroute,130.0,1
202400048638,2024-05-06,soirée,,,94,94079,1,1,1,4,3,Départementale,,1
202400048639,2024-01-05,soirée,,,84,84007,4,8,3,4,2,Nationale,50.0,2
202400048640,2024-03-29,après-midi,,,11,11262,1,1,3,3,4,Voie communale,50.0,1
202400048641,2024-05-06,après-midi,,,94,94081,1,1,6,4,3,Départementale,50.0,1
202400048642,2024-01-05,après-midi,,,84,84007,1,1,3,4,4,Voie communale,50.0,1
202400048643,2024-03-30,après-midi,,,78,78537,1,1,6,4,1,Autoroute,130.0,2
202400048644,2024-05-06,après-midi,,,94,94065,1,1,3,4,2,Nationale,90.0,1
202400048645,2024-01-05,après-midi,,,81,81004,1,1,6,4,3,Départementale,50.0,1
202400048646,2024-03-31,nuit,,,987,98729,3,1,7,3,2,Nationale,40.0,1
202400048647,2024-05-05,soirée,,,94,94011,1,1,1,4,3,Départementale,50.0,1
202400048648,2024-01-06,nuit,,,77,77288,5,1,2,4,3,Départementale,80.0,1
202400048649,2024-03-30,nuit,,,971,97115,3,1,6,2,3,Départementale,80.0,1
202400048650,2024-01-04,soirée,,,77,77394,5,1,7,4,4,Voie communale,50.0,1
202400048651,2024-05-06,nuit,,,93,93070,5,1,3,4,3,Départementale,50.0,1
202400048652,2024-03-31,nuit,,,91,91671,3,5,6,3,3,Départementale,50.0,2
202400048653,2024-01-05,soirée,,,72,72181,4,1,1,4,4,Voie communale,50.0,1
202400048654,2024-05-06,soirée,,,93,93071,1,1,1,4,3,Départementale,50.0,1
202400048655,2024-01-05,nuit,,,69,69286,5,1,7,4,7,Autre,50.0,1
202400048656,2024-03-31,après-midi,,,34,34039,1,1,2,4,3,Départementale,80.0,1
202400048657,2024-05-06,après-midi,,,93,93046,1,1,2,4,3,Départementale,50.0,1
202400048658,2024-01-05,matin,,,66,66136,5,8,3,4,4,Voie communale,30.0,2
202400048659,2024-05-05,nuit,,,93,93013,3,1,6,4,1,Autoroute,50.0,1
202400048660,2024-03-30,après-midi,,,33,33051,1,1,3,3,4,Voie communale,50.0,1
202400048661,2024-01-05,matin,,,64,64483,1,2,3,4,3,Départementale,50.0,2
202400048662,2024-05-06,matin,,,92,92075,1,1,3,4,3,Départementale,50.0,1
202400048663,2024-01-04,nuit,,,64,64545,3,3,2,3,3,Départementale,90.0,2
202400048664,2024-03-31,matin,,,53,53094,2,1,7,2,3,Départementale,80.0,1
202400048665,2024-05-05,nuit,,,92,92023,5,1,7,3,4,Voie communale,30.0,2
202400048666,2024-01-03,après-midi,,,62,62771,1,2,2,4,4,Voie communale,50.0,2
202400048667,2024-01-05,soirée,,,62,62178,5,1,6,4,3,Départementale,50.0,2
202400048668,2024-05-05,nuit,,,92,92023,5,1,3,4,3,Départementale,50.0,2
202400048669,2024-03-30,nuit,,,49,49023,3,1,6,4,4,Voie communale,50.0,2
202400048670,2024-01-05,après-midi,,,62,62753,1,1,3,3,4,Voie communale,30.0,1
202400048671,2024-05-06,soirée,,,60,60040,3,1,3,3,3,Départementale,80.0,1
202400048672,2024-03-30,soirée,,,94,94034,1,1,5,4,1,Autoroute,70.0,1
202400048673,2024-01-05,soirée,,,59,59284,3,2,3,3,3,Départementale,50.0,2
202400048674,2024-05-05,après-midi,,,35,35139,1,1,3,4,7,Autre,50.0,2
202400048675,2024-03-30,après-midi,,,94,94021,1,1,6,4,1,Autoroute,110.0,1
202400048676,2024-01-05,après-midi,,,59,59426,1,2,6,4,4,Voie communale,50.0,2
202400048677,2024-04-29,matin,,,47,47080,1,1,3,3,4,Voie communale,80.0,1
202400048678,2024-05-06,matin,,,71,71227,1,3,6,2,3,Départementale,50.0,2
202400048679,2024-03-30,nuit,,,91,91689,3,2,2,4,1,Autoroute,100.0,2
202400048680,2024-01-05,après-midi,,,59,59599,1,2,3,4,7,Autre,50.0,2
202400048681,2024-05-07,nuit,,,95,95487,3,1,1,4,3,Départementale,50.0,1
202400048682,2024-03-29,après-midi,,,91,91161,1,2,2,4,1,Autoroute,110.0,2
202400048683,2024-01-03,après-midi,,,57,57630,1,3,6,4,3,Départementale,50.0,2
202400048684,2024-05-04,matin,,,974,97422,1,1,6,4,2,Nationale,50.0,1
202400048685,2024-03-30,matin,,,78,78545,1,2,2,4,2,Nationale,110.0,2
202400048686,2024-05-05,après-midi,,,01,01173,1,1,2,4,3,Départementale,80.0,1
202400048687,2024-01-05,après-midi,,,57,57751,1,1,2,4,4,Voie communale,30.0,1
202400048688,2024-05-06,soirée,,,68,68315,1,1,6,4,4,Voie communale,50.0,1
202400048689,2024-03-30,matin,,,78,78206,1,2,2,4,1,Autoroute,110.0,2
202400048690,2024-01-04,après-midi,,,54,54395,1,8,6,4,4,Voie communale,30.0,2
202400048691,2024-05-05,après-midi,,,76,76228,1,1,7,4,4,Voie communale,80.0,1
202400048692,2024-03-30,nuit,,,95,95252,3,3,6,4,1,Autoroute,110.0,2
202400048693,2024-01-05,après-midi,,,49,49007,1,1,3,4,4,Voie communale,30.0,1
202400048694,2024-05-07,matin,,,12,12120,1,3,1,3,3,Départementale,90.0,2
202400048695,2024-03-29,après-midi,,,92,92036,1,1,4,4,1,Autoroute,90.0,1
202400048696,2024-05-06,après-midi,,,68,68338,1,1,7,3,4,Voie communale,30.0,1
202400048697,2024-01-05,nuit,,,49,49007,5,1,6,4,3,Départementale,50.0,2
202400048698,2024-03-30,après-midi,,,77,77514,1,1,3,4,1,Autoroute,90.0,1
202400048699,2024-05-07,matin,,,03,03048,1,8,2,3,3,Départementale,90.0,2
202400048700,2024-01-05,après-midi,,,45,45208,1,1,3,4,3,Départementale,50.0,1
202400048701,2024-01-05,matin,,,45,45208,1,1,6,4,3,Départementale,50.0,1
202400048702,2024-05-07,matin,,,01,01319,1,2,2,4,3,Départementale,80.0,2
202400048703,2024-03-29,soirée,,,974,97416,5,1,3,4,4,Voie communale,50.0,1
202400048704,2024-05-06,matin,,,14,14085,1,2,6,3,3,Départementale,70.0,2
202400048705,2024-05-06,soirée,,,64,64405,1,1,3,4,3,Départementale,80.0,1
202400048706,2024-03-29,nuit,,,974,97411,5,1,6,4,4,Voie communale,50.0,1
202400048707,2024-05-07,après-midi,,,43,43012,1,1,2,3,3,Départementale,90.0,1
202400048708,2024-01-03,après-midi,,,39,39300,1,1,3,4,3,Départementale,50.0,2
202400048709,2024-03-29,soirée,,,973,97302,5,2,3,4,4,Voie communale,50.0,2
202400048710,2024-05-03,soirée,,,36,36146,1,1,6,3,3,Départementale,80.0,1
202400048711,2024-01-02,après-midi,,,39,39300,1,1,3,4,4,Voie communale,50.0,1
202400048712,2024-03-29,matin,,,973,97302,1,2,3,4,2,Nationale,90.0,2
202400048713,2024-05-06,après-midi,,,24,24581,1,8,3,3,3,Départementale,50.0,2
202400048714,2024-03-29,matin,,,69,69383,1,1,6,4,4,Voie communale,30.0,1
202400048715,2024-01-05,soirée,,,35,35238,5,1,5,4,2,Nationale,50.0,2
202400048716,2024-05-07,matin,,,04,04088,1,1,6,4,3,Départementale,70.0,1
202400048717,2024-03-29,après-midi,,,972,97209,1,1,3,3,3,Départementale,30.0,1
202400048718,2024-01-04,après-midi,,,34,34172,2,1,6,4,4,Voie communale,50.0,1
202400048719,2024-03-29,matin,,,69,69382,1,1,6,4,4,Voie communale,30.0,1
202400048720,2024-05-06,après-midi,,,27,27630,1,1,1,3,3,Départementale,80.0,1
202400048721,2024-01-05,soirée,,,33,33249,5,1,4,4,4,Voie communale,50.0,1
202400048722,2024-05-07,après-midi,,,37,37272,1,1,6,3,3,Départementale,50.0,1
202400048723,2024-03-29,soirée,,,2B,2B037,5,1,3,4,4,Voie communale,30.0,1
202400048724,2024-05-07,matin,,,48,48016,1,2,6,3,3,Départementale,90.0,2
202400048725,2024-03-28,après-midi,,,2B,2B033,1,1,6,4,3,Départementale,50.0,1
202400048726,2024-01-05,soirée,,,33,33200,5,1,1,4,4,Voie communale,30.0,1
202400048727,2024-05-07,matin,,,95,95394,1,1,7,4,3,Départementale,50.0,1
202400048728,2024-03-28,soirée,,,971,97101,5,1,6,4,2,Nationale,50.0,1
202400048729,2024-01-05,après-midi,,,33,33119,1,1,2,4,4,Voie communale,50.0,1
202400048730,2024-05-04,matin,,,13,13069,1,1,2,3,3,Départementale,,1
202400048731,2024-01-05,après-midi,,,33,33063,1,1,6,2,4,Voie communale,50.0,1
202400048732,2024-01-04,soirée,,,30,30007,5,1,3,4,4,Voie communale,50.0,1
202400048733,2024-03-27,soirée,,,91,91657,1,1,3,4,3,Départementale,50.0,1
202400048734,2024-05-03,soirée,,,06,06152,3,1,6,3,3,Départementale,50.0,9
202400048735,2024-05-07,après-midi,,,42,42279,1,2,5,4,3,Départementale,50.0,2
202400048736,2024-01-04,après-midi,,,27,27229,1,1,6,4,4,Voie communale,50.0,1
202400048737,2024-03-29,soirée,,,91,91228,5,3,3,4,4,Voie communale,50.0,2
202400048738,2024-05-07,après-midi,,,24,24291,1,1,1,2,3,Départementale,90.0,1
202400048739,2024-03-28,après-midi,,,30,30351,1,1,7,4,4,Voie communale,10.0,1
202400048740,2024-01-03,après-midi,,,21,21166,1,2,2,3,7,Autre,50.0,2
202400048741,2024-05-07,matin,,,38,38449,1,1,5,4,3,Départementale,80.0,1
202400048742,2024-01-05,soirée,,,17,17300,4,1,6,3,4,Voie communale,30.0,1
202400048743,2024-03-29,après-midi,,,83,83126,1,1,3,3,3,Départementale,70.0,1
202400048744,2024-01-05,après-midi,,,17,17300,1,1,7,2,4,Voie communale,50.0,1
202400048745,2024-03-27,soirée,,,83,83034,5,1,6,3,3,Départementale,50.0,1
202400048746,2024-02-13,après-midi,,,978,97801,1,1,3,4,4,Voie communale,50.0,1
202400048747,2024-01-05,après-midi,,,14,14366,1,1,3,3,4,Voie communale,50.0,1
202400048748,2024-05-06,après-midi,,,971,97124,1,1,6,3,3,Départementale,80.0,1
202400048749,2024-01-05,matin,,,14,14118,1,1,1,4,4,Voie communale,50.0,1
202400048750,2024-05-07,matin,,,83,83027,1,1,3,4,3,Départementale,,1
202400048751,2024-03-29,matin,,,81,81163,1,1,1,4,3,Départementale,50.0,1
202400048752,2024-02-17,soirée,,,51,51217,2,1,7,3,4,Voie communale,50.0,1
202400048753,2024-05-06,matin,,,57,57701,1,3,2,4,7,Autre,80.0,2
202400048754,2024-02-17,soirée,,,972,97214,5,1,1,3,2,Nationale,50.0,1
202400048755,2024-05-06,soirée,,,63,63038,1,2,7,3,3,Départementale,90.0,2
202400048756,2024-01-05,après-midi,,,13,13117,1,2,3,4,3,Départementale,50.0,2
202400048757,2024-03-29,nuit,,,81,81065,5,1,3,4,4,Voie communale,50.0,1
202400048758,2024-02-18,matin,,,972,97221,1,1,3,4,2,Nationale,70.0,1
202400048759,2024-05-06,après-midi,,,38,38381,1,2,3,3,3,Départementale,80.0,2
202400048760,2024-01-04,soirée,,,13,13019,3,1,3,4,3,Départementale,,1
202400048761,2024-02-18,après-midi,,,51,51597,1,3,7,4,3,Départementale,80.0,2
202400048762,2024-03-28,après-midi,,,77,77152,1,1,2,4,3,Départementale,50.0,1
202400048763,2024-05-07,après-midi,,,27,27448,1,1,6,4,4,Voie communale,50.0,1
202400048764,2024-02-18,nuit,,,59,59074,5,1,1,4,3,Départementale,50.0,1
202400048765,2024-03-28,après-midi,,,77,77251,1,1,6,4,4,Voie communale,50.0,1
202400048766,2024-01-05,après-midi,,,13,13215,1,3,5,4,4,Voie communale,50.0,2
202400048767,2024-02-17,après-midi,,,19,19123,1,1,7,4,4,Voie communale,50.0,1
202400048768,2024-05-06,nuit,,,13,13211,3,8,7,4,1,Autoroute,90.0,2
202400048769,2024-05-02,matin,,,13,13216,1,2,1,4,1,Autoroute,90.0,2
202400048770,2024-01-04,après-midi,,,10,10081,1,1,3,4,4,Voie communale,50.0,1
202400048771,2024-02-18,nuit,,,11,11018,3,1,6,2,3,Départementale,80.0,1
202400048772,2024-05-05,nuit,,,13,13001,3,1,1,4,1,Autoroute,90.0,1
202400048773,2024-02-18,nuit,,,61,61501,3,1,6,2,3,Départementale,80.0,1
202400048774,2024-01-05,matin,,,75,75120,1,7,2,4,4,Voie communale,50.0,1
202400048775,2024-02-17,après-midi,,,39,39353,1,8,6,3,3,Départementale,80.0,1
202400048776,2024-05-04,après-midi,,,83,83144,1,1,5,4,1,Autoroute,70.0,1
202400048777,2024-01-05,après-midi,,,75,75118,1,1,3,4,4,Voie communale,30.0,1