Num_Acc,date,time_of_day,lat,long,dep,com,lum,atm,col,severity_index,catr,catr_label,vma,surf
202400048778,2024-03-29,matin,,,76,76216,1,1,3,4,7,Autre,50.0,1
202400048779,2024-01-05,matin,,,75,75116,1,1,3,4,4,Voie communale,50.0,1
202400048780,2024-05-03,matin,,,57,57162,1,1,6,3,2,Nationale,90.0,1
202400048781,2024-02-15,nuit,,,25,25193,3,1,1,4,3,Départementale,80.0,1
202400048782,2024-01-04,soirée,,,75,75116,5,2,6,4,4,Voie communale,50.0,2
202400048783,2024-03-28,après-midi,,,76,76351,1,1,6,4,4,Voie communale,50.0,1
202400048784,2024-05-04,soirée,,,33,33249,1,3,6,4,1,Autoroute,90.0,2
202400048785,2024-01-04,après-midi,,,75,75112,1,1,6,4,4,Voie communale,30.0,1
202400048786,2024-02-17,nuit,,,29,29266,3,1,6,3,3,Départementale,80.0,1
202400048787,2024-03-28,soirée,,,76,76270,1,1,6,4,3,Départementale,90.0,1
202400048788,2024-05-06,nuit,,,91,91468,3,3,6,4,1,Autoroute,110.0,2
202400048789,2024-01-05,nuit,,,75,75111,5,1,6,4,4,Voie communale,30.0,1
202400048790,2024-02-18,nuit,,,01,01232,3,1,7,3,3,Départementale,80.0,1
202400048791,2024-03-28,soirée,,,76,76447,5,1,6,4,4,Voie communale,30.0,1
202400048792,2024-05-05,nuit,,,78,78322,3,1,6,4,1,Autoroute,110.0,2
202400048793,2024-03-29,nuit,,,72,72003,2,2,6,4,4,Voie communale,50.0,2
202400048794,2024-01-05,soirée,,,75,75108,5,1,1,4,4,Voie communale,30.0,1
202400048795,2024-02-17,soirée,,,66,66106,3,1,2,3,3,Départementale,80.0,1
202400048796,2024-05-05,après-midi,,,78,78640,1,2,6,2,2,Nationale,90.0,2
202400048797,2024-01-05,après-midi,,,75,75108,1,1,6,4,4,Voie communale,30.0,1
202400048798,2024-05-05,nuit,,,78,78640,3,1,6,4,2,Nationale,90.0,1
202400048799,2024-03-28,soirée,,,72,72181,5,2,2,3,4,Voie communale,50.0,2
202400048800,2024-02-13,matin,,,10,10033,1,1,6,3,4,Voie communale,30.0,1
202400048801,2024-01-04,après-midi,,,75,75102,5,1,6,4,4,Voie communale,30.0,1
202400048802,2024-02-17,nuit,,,07,07053,3,1,7,2,3,Départementale,50.0,1
202400048803,2024-05-04,soirée,,,92,92036,1,1,2,3,1,Autoroute,90.0,1
202400048804,2024-03-29,matin,,,69,69256,1,6,3,4,4,Voie communale,50.0,1
202400048805,2024-02-17,matin,,,07,07132,1,1,7,3,4,Voie communale,50.0,1
202400048806,2024-03-29,après-midi,,,69,69271,1,1,6,4,4,Voie communale,50.0,1
202400048807,2024-01-05,après-midi,,,94,94068,1,1,6,4,4,Voie communale,,1
202400048808,2024-05-04,après-midi,,,78,78242,1,2,2,4,1,Autoroute,90.0,2
202400048809,2024-02-12,après-midi,,,85,85090,1,2,7,4,3,Départementale,,2
202400048810,2024-02-18,soirée,,,85,85197,2,2,6,2,4,Voie communale,80.0,2
202400048811,2024-03-29,après-midi,,,64,64445,1,2,6,4,4,Voie communale,30.0,2
202400048812,2024-01-05,matin,,,94,94068,1,1,3,4,3,Départementale,30.0,1
202400048813,2024-05-06,matin,,,95,95277,2,1,5,4,1,Autoroute,90.0,1
202400048814,2024-03-29,matin,,,64,64445,1,8,3,4,4,Voie communale,30.0,1
202400048815,2024-02-17,matin,,,27,27467,5,2,1,4,4,Voie communale,50.0,2
202400048816,2024-01-05,nuit,,,94,94052,5,1,1,3,3,Départementale,,1
202400048817,2024-03-27,après-midi,,,64,64024,1,1,2,4,4,Voie communale,50.0,1
202400048818,2024-02-16,après-midi,,,17,17287,1,1,6,4,3,Départementale,50.0,1
202400048819,2024-01-04,nuit,,,94,94076,5,1,3,4,3,Départementale,50.0,1
202400048820,2024-03-29,matin,,,63,63113,5,2,3,4,4,Voie communale,30.0,2
202400048821,2024-02-15,après-midi,,,37,37249,1,1,3,3,3,Départementale,90.0,1
202400048822,2024-01-05,soirée,,,94,94034,3,2,6,4,4,Voie communale,50.0,2
202400048823,2024-05-06,matin,,,93,93005,1,1,3,4,1,Autoroute,90.0,1
202400048824,2024-02-18,matin,,,08,08400,3,1,6,2,3,Départementale,80.0,1
202400048825,2024-03-14,matin,,,62,62413,1,1,6,4,3,Départementale,50.0,1
202400048826,2024-01-05,matin,,,94,94053,1,1,3,4,3,Départementale,50.0,1
202400048827,2024-05-06,soirée,,,94,94074,1,1,2,4,2,Nationale,90.0,1
202400048828,2024-02-17,matin,,,67,67324,1,1,6,3,3,Départementale,50.0,1
202400048829,2024-01-04,matin,,,94,94017,5,2,3,3,3,Départementale,50.0,2
202400048830,2024-03-29,soirée,,,59,59599,1,1,2,4,7,Autre,50.0,1
202400048831,2024-05-04,après-midi,,,974,97411,1,1,1,4,4,Voie communale,50.0,1
202400048832,2024-01-05,après-midi,,,93,93078,5,1,6,4,4,Voie communale,50.0,1
202400048833,2024-05-05,matin,,,974,97409,1,1,2,4,4,Voie communale,50.0,1
202400048834,2024-02-18,après-midi,,,973,97302,1,1,2,3,3,Départementale,,1
202400048835,2024-01-05,soirée,,,93,93072,5,1,3,4,3,Départementale,,1
202400048836,2024-03-29,matin,,,59,59508,1,1,6,4,7,Autre,50.0,1
202400048837,2024-02-18,soirée,,,82,82125,3,1,6,3,1,Autoroute,130.0,1
202400048838,2024-05-05,soirée,,,974,97407,5,1,1,4,2,Nationale,30.0,1
202400048839,2024-03-29,après-midi,,,59,59350,1,1,6,4,4,Voie communale,50.0,1
202400048840,2024-01-05,après-midi,,,93,93048,2,1,3,4,4,Voie communale,30.0,1
202400048841,2024-01-04,soirée,,,93,93030,5,1,6,4,4,Voie communale,10.0,1
202400048842,2024-03-28,après-midi,,,59,59024,1,1,3,4,3,Départementale,50.0,1
202400048843,2024-05-05,soirée,,,69,69383,5,1,6,4,4,Voie communale,30.0,1
202400048844,2024-02-17,après-midi,,,06,06085,1,7,6,4,1,Autoroute,110.0,1
202400048845,2024-01-05,soirée,,,92,92026,5,1,2,4,3,Départementale,50.0,2
202400048846,2024-01-05,matin,,,92,92025,1,1,3,4,3,Départementale,30.0,1
202400048847,2024-02-17,après-midi,,,51,51562,1,1,2,4,1,Autoroute,90.0,1
202400048848,2024-05-05,après-midi,,,69,69386,1,1,3,4,4,Voie communale,30.0,1
202400048849,2024-01-05,matin,,,92,92012,1,1,3,4,3,Départementale,30.0,1
202400048850,2024-05-05,matin,,,69,69383,1,2,3,4,4,Voie communale,30.0,2
202400048851,2024-02-17,soirée,,,973,97311,3,1,1,3,3,Départementale,80.0,1
202400048852,2024-03-28,après-midi,,,54,54395,1,1,3,4,4,Voie communale,50.0,1
202400048853,2024-01-05,après-midi,,,85,85126,1,1,3,4,3,Départementale,80.0,1
202400048854,2024-05-05,matin,,,972,97209,1,1,3,3,3,Départementale,50.0,1
202400048855,2024-02-17,après-midi,,,973,97305,1,1,2,3,2,Nationale,80.0,1
202400048856,2024-05-04,soirée,,,972,97209,3,1,6,3,2,Nationale,50.0,1
202400048857,2024-02-17,après-midi,,,91,91630,1,1,7,3,4,Voie communale,50.0,1
202400048858,2024-03-28,après-midi,,,54,54300,1,1,6,4,4,Voie communale,50.0,1
202400048859,2024-01-05,après-midi,,,28,28158,2,1,3,4,3,Départementale,80.0,1
202400048860,2024-01-06,matin,,,29,29068,1,4,6,3,2,Nationale,110.0,2
202400048861,2024-02-17,soirée,,,78,78171,3,1,6,3,3,Départementale,80.0,1
202400048862,2024-03-29,après-midi,,,54,54525,2,1,2,4,3,Départementale,80.0,1
202400048863,2024-01-05,matin,,,17,17142,1,7,6,3,3,Départementale,30.0,2
202400048864,2024-03-27,après-midi,,,52,52121,1,1,3,4,4,Voie communale,50.0,1
202400048865,2024-02-18,après-midi,,,84,84106,1,1,6,4,3,Départementale,,1
202400048866,2024-06-11,après-midi,,,64,64373,1,3,3,4,3,Départementale,50.0,2
202400048867,2024-05-05,soirée,,,2A,2A004,1,1,4,4,4,Voie communale,50.0,1
202400048868,2024-02-17,soirée,,,84,84049,3,1,6,2,3,Départementale,50.0,1
202400048869,2024-03-29,soirée,,,51,51454,5,3,1,4,4,Voie communale,30.0,2
202400048870,2024-01-05,après-midi,,,41,41278,1,1,7,3,2,Nationale,80.0,1
202400048871,2024-06-10,après-midi,,,64,64125,1,1,2,4,3,Départementale,50.0,1
202400048872,2024-05-05,matin,,,2A,2A004,1,1,3,4,4,Voie communale,50.0,1
202400048873,2024-03-26,soirée,,,50,50129,1,1,3,4,3,Départementale,70.0,1
202400048874,2024-05-05,après-midi,,,95,95582,1,1,1,4,3,Départementale,50.0,1
202400048875,2024-01-05,après-midi,,,82,82037,1,1,6,3,3,Départementale,80.0,2
202400048876,2024-02-17,soirée,,,54,54215,5,1,3,3,3,Départementale,50.0,1
202400048877,2024-06-11,matin,,,63,63014,1,2,3,4,7,Autre,50.0,2
202400048878,2024-03-29,après-midi,,,49,49007,1,1,6,3,4,Voie communale,50.0,1
202400048879,2024-05-03,après-midi,,,95,95127,1,2,6,4,4,Voie communale,30.0,2
202400048880,2024-01-01,nuit,,,33,33208,3,2,6,3,3,Départementale,80.0,2
202400048881,2024-06-11,après-midi,,,62,62193,1,1,6,3,4,Voie communale,30.0,1
202400048882,2024-02-18,après-midi,,,38,38320,1,1,3,4,3,Départementale,90.0,1
202400048883,2024-03-29,après-midi,,,45,45234,1,2,3,4,4,Voie communale,30.0,2
202400048884,2024-02-18,après-midi,,,24,24068,1,1,6,3,3,Départementale,80.0,1
202400048885,2024-01-03,après-midi,,,63,63457,1,1,6,4,3,Départementale,90.0,1
202400048886,2024-06-11,soirée,,,59,59512,1,1,6,4,4,Voie communale,50.0,1
202400048887,2024-02-17,soirée,,,76,76222,5,1,3,4,7,Autre,50.0,1
202400048888,2024-01-05,nuit,,,54,54046,3,1,6,4,3,Départementale,80.0,1
202400048889,2024-03-28,soirée,,,41,41018,1,1,3,4,4,Voie communale,30.0,1
202400048890,2024-05-05,après-midi,,,84,84007,1,1,4,4,3,Départementale,70.0,1
202400048891,2024-01-06,après-midi,,,14,14090,1,2,6,3,3,Départementale,80.0,2
202400048892,2024-06-10,après-midi,,,59,59041,1,1,2,4,3,Départementale,50.0,1
202400048893,2024-03-28,après-midi,,,41,41018,1,2,3,4,4,Voie communale,50.0,2
202400048894,2024-05-05,nuit,,,78,78227,3,1,1,4,3,Départementale,50.0,1
202400048895,2024-02-17,nuit,,,13,13106,3,1,5,3,1,Autoroute,90.0,1
202400048896,2024-01-06,après-midi,,,05,05068,1,1,1,3,3,Départementale,90.0,1
202400048897,2024-06-10,après-midi,,,59,59009,1,1,6,4,4,Voie communale,50.0,1
202400048898,2024-03-28,matin,,,41,41018,1,1,6,4,4,Voie communale,50.0,1
202400048899,2024-05-05,après-midi,,,78,78423,1,2,2,4,3,Départementale,50.0,2
202400048900,2024-01-05,après-midi,,,45,45182,1,1,2,2,3,Départementale,50.0,2
202400048901,2024-05-05,soirée,,,71,71153,1,3,6,3,3,Départementale,70.0,2
202400048902,2024-02-17,nuit,,,13,13211,3,1,5,4,1,Autoroute,90.0,1
202400048903,2024-06-10,matin,,,59,59286,1,3,6,4,4,Voie communale,50.0,2
202400048904,2024-01-05,soirée,,,18,18201,3,5,7,3,3,Départementale,80.0,2
202400048905,2024-03-28,après-midi,,,40,40192,1,1,1,2,4,Voie communale,50.0,1
202400048906,2024-02-14,après-midi,,,57,57582,1,1,7,4,1,Autoroute,110.0,1
202400048907,2024-05-05,nuit,,,69,69264,5,2,3,3,3,Départementale,50.0,2
202400048908,2024-01-05,soirée,,,21,21416,3,1,7,3,3,Départementale,90.0,1
202400048909,2024-03-29,après-midi,,,38,38185,1,8,2,4,4,Voie communale,30.0,1
202400048910,2024-06-11,matin,,,56,56260,1,1,3,4,4,Voie communale,20.0,1
202400048911,2024-05-05,matin,,,69,69092,2,2,3,4,3,Départementale,80.0,2
202400048912,2024-01-05,après-midi,,,27,27547,1,2,1,4,4,Voie communale,80.0,2
202400048913,2024-03-29,soirée,,,36,36044,1,3,6,4,4,Voie communale,30.0,2
202400048914,2024-02-17,après-midi,,,33,33063,1,1,4,4,1,Autoroute,70.0,1
202400048915,2024-05-04,matin,,,69,69264,1,8,3,4,3,Départementale,30.0,1
202400048916,2024-06-11,matin,,,54,54329,1,1,3,4,3,Départementale,50.0,1
202400048917,2024-01-05,soirée,,,37,37173,5,2,1,4,3,Départementale,50.0,2
202400048918,2024-03-29,soirée,,,35,35238,5,1,5,4,4,Voie communale,30.0,1
202400048919,2024-01-06,matin,,,30,30259,1,1,1,4,3,Départementale,50.0,1
202400048920,2024-05-04,après-midi,,,62,62193,1,1,2,4,4,Voie communale,50.0,1
202400048921,2024-02-17,après-midi,,,92,92002,1,1,4,4,2,Nationale,90.0,1
202400048922,2024-06-11,matin,,,54,54273,1,7,1,3,3,Départementale,50.0,1
202400048923,2024-03-29,après-midi,,,34,34172,1,1,6,3,4,Voie communale,30.0,1
202400048924,2024-02-17,après-midi,,,92,92050,1,1,2,3,1,Autoroute,90.0,1
202400048925,2024-01-06,nuit,,,30,30284,3,1,3,4,2,Nationale,80.0,1
202400048926,2024-05-05,après-midi,,,59,59350,1,1,3,4,7,Autre,50.0,1
202400048927,2024-01-06,matin,,,88,88099,1,2,6,4,4,Voie communale,50.0,2
202400048928,2024-03-29,après-midi,,,34,34172,1,1,3,4,4,Voie communale,50.0,1
202400048929,2024-02-17,après-midi,,,92,92064,1,1,4,4,1,Autoroute,90.0,1
202400048930,2024-06-10,après-midi,,,49,49246,1,1,4,4,3,Départementale,50.0,1
202400048931,2024-05-04,après-midi,,,56,56260,1,1,3,4,4,Voie communale,30.0,1
202400048932,2024-01-05,après-midi,,,68,68375,1,1,3,4,3,Départementale,70.0,1
202400048933,2024-03-29,après-midi,,,34,34172,1,7,6,4,4,Voie communale,20.0,1
202400048934,2024-05-04,soirée,,,45,45004,1,2,6,4,3,Départementale,50.0,2
202400048935,2024-02-17,nuit,,,95,95277,4,1,2,3,3,Départementale,70.0,1
202400048936,2024-06-10,matin,,,49,49246,1,1,3,4,3,Départementale,50.0,1
202400048937,2024-01-06,matin,,,01,01115,1,1,2,4,1,Autoroute,130.0,1
202400048938,2024-05-05,matin,,,42,42218,1,1,6,4,4,Voie communale,50.0,1
202400048939,2024-03-29,après-midi,,,31,31555,1,1,3,4,4,Voie communale,30.0,1
202400048940,2024-01-05,soirée,,,69,69268,5,1,2,4,3,Départementale,70.0,1
202400048941,2024-06-11,après-midi,,,47,47031,1,1,3,4,3,Départementale,50.0,1
202400048942,2024-02-17,après-midi,,,94,94017,1,1,4,4,1,Autoroute,90.0,1
202400048943,2024-03-29,nuit,,,31,31555,5,1,3,4,4,Voie communale,30.0,1
202400048944,2024-06-11,matin,,,45,45004,1,1,3,4,4,Voie communale,50.0,1
202400048945,2024-01-02,nuit,,,28,28199,3,6,4,4,1,Autoroute,130.0,2
202400048946,2024-05-04,après-midi,,,37,37261,1,2,2,4,4,Voie communale,50.0,2
202400048947,2024-02-17,matin,,,94,94075,3,1,3,4,2,Nationale,90.0,1
202400048948,2024-06-05,après-midi,,,42,42207,1,1,6,4,4,Voie communale,30.0,1
202400048949,2024-03-29,après-midi,,,29,29232,1,2,2,4,3,Départementale,50.0,2
202400048950,2024-05-05,après-midi,,,33,33063,1,1,6,3,4,Voie communale,50.0,1
202400048951,2024-01-05,nuit,,,38,38029,3,2,1,4,1,Autoroute,130.0,2
202400048952,2024-01-05,soirée,,,76,76391,3,8,7,4,1,Autoroute,130.0,2
202400048953,2024-03-29,après-midi,,,29,29019,1,1,3,4,4,Voie communale,50.0,1
202400048954,2024-05-05,matin,,,33,33063,2,1,6,4,4,Voie communale,50.0,1
202400048955,2024-03-29,après-midi,,,27,27229,1,1,6,4,4,Voie communale,50.0,1
202400048956,2024-01-06,nuit,,,988,98821,1,1,1,3,5,Autre,50.0,1
202400048957,2024-02-16,matin,,,988,98818,1,1,5,4,4,Voie communale,50.0,1
202400048958,2024-01-05,après-midi,,,978,97801,1,1,6,4,4,Voie communale,30.0,1
202400048959,2024-03-29,soirée,,,25,25056,1,8,6,4,4,Voie communale,,1
202400048960,2024-05-22,après-midi,,,42,42218,1,1,5,4,4,Voie communale,50.0,1
202400048961,2024-02-14,après-midi,,,974,97411,1,1,6,4,4,Voie communale,30.0,1
202400048962,2024-01-05,nuit,,,13,13104,5,2,3,3,3,Départementale,50.0,2
202400048963,2024-05-05,soirée,,,26,26362,1,1,7,4,4,Voie communale,50.0,1
202400048964,2024-01-03,après-midi,,,77,77084,3,3,7,3,3,Départementale,80.0,3
202400048965,2024-03-29,nuit,,,13,13208,5,1,3,4,4,Voie communale,50.0,1
202400048966,2024-01-06,après-midi,,,52,52449,1,2,7,4,3,Départementale,80.0,2
202400048967,2024-02-16,soirée,,,974,97407,3,1,5,3,2,Nationale,50.0,1
202400048968,2024-01-05,matin,,,68,68287,1,1,6,3,3,Départementale,110.0,1
202400048969,2024-06-10,soirée,,,42,42218,1,1,6,4,4,Voie communale,50.0,1
202400048970,2024-03-28,matin,,,13,13207,1,1,3,4,4,Voie communale,50.0,1
202400048971,2024-02-16,soirée,,,973,97302,5,1,3,4,4,Voie communale,50.0,1
202400048972,2024-01-06,matin,,,63,63226,1,2,3,4,3,Départementale,70.0,2
202400048973,2024-04-25,nuit,,,22,22113,2,2,6,4,3,Départementale,50.0,2
202400048974,2024-01-05,après-midi,,,26,26038,2,2,1,4,3,Départementale,80.0,2
202400048975,2024-02-16,après-midi,,,973,97302,1,1,3,4,4,Voie communale,50.0,1
202400048976,2024-06-11,après-midi,,,41,41018,1,1,3,4,4,Voie communale,50.0,1
202400048977,2024-01-06,soirée,,,60,60009,5,2,6,4,4,Voie communale,50.0,2
202400048978,2024-05-04,après-midi,,,22,22113,1,1,3,4,3,Départementale,80.0,1
202400048979,2024-02-16,soirée,,,69,69387,5,1,3,4,4,Voie communale,30.0,1
202400048980,2024-02-29,matin,,,13,13063,1,1,2,4,4,Voie communale,50.0,1
202400048981,2024-05-04,après-midi,,,16,16102,1,2,3,4,3,Départementale,50.0,2
202400048982,2024-06-11,matin,,,37,37122,1,1,2,4,4,Voie communale,50.0,1
202400048983,2024-01-04,soirée,,,13,13117,3,1,2,4,1,Autoroute,110.0,1
202400048984,2024-01-05,après-midi,,,83,83144,1,2,6,4,1,Autoroute,50.0,2
202400048985,2024-03-29,après-midi,,,13,13063,1,1,3,4,4,Voie communale,50.0,1
202400048986,2024-02-16,après-midi,,,69,69386,1,1,3,4,4,Voie communale,30.0,1
202400048987,2024-05-05,nuit,,,13,13043,3,1,4,4,3,Départementale,50.0,1
202400048988,2024-01-03,soirée,,,69,69297,2,1,5,4,1,Autoroute,110.0,1
202400048989,2024-02-16,après-midi,,,69,69388,1,1,6,4,4,Voie communale,30.0,1
202400048990,2024-03-29,après-midi,,,11,11069,1,1,3,4,3,Départementale,80.0,1
202400048991,2024-05-04,nuit,,,13,13214,5,1,3,3,4,Voie communale,50.0,1
202400048992,2024-01-04,soirée,,,33,33281,3,8,6,4,1,Autoroute,50.0,1
202400048993,2024-05-05,matin,,,06,06030,1,1,6,4,4,Voie communale,50.0,1
202400048994,2024-07-12,soirée,,,987,98735,5,2,4,4,2,Nationale,50.0,2
202400048995,2024-05-04,soirée,,,06,06155,1,1,3,3,4,Voie communale,50.0,1
202400048996,2024-02-16,après-midi,,,69,69385,1,1,3,4,4,Voie communale,50.0,1
202400048997,2024-05-03,nuit,,,01,01283,5,1,6,4,4,Voie communale,50.0,1
202400048998,2024-07-12,soirée,,,987,98735,5,2,2,3,4,Voie communale,60.0,2
202400048999,2024-05-05,matin,,,75,75120,1,2,6,4,4,Voie communale,70.0,2
202400049000,2024-01-04,après-midi,,,33,33039,1,1,4,4,1,Autoroute,70.0,1
202400049001,2024-03-29,matin,,,11,11069,1,1,6,4,4,Voie communale,50.0,1
202400049002,2024-05-04,après-midi,,,75,75120,1,1,6,4,4,Voie communale,30.0,1
202400049003,2024-06-11,après-midi,,,36,36044,1,1,3,4,4,Voie communale,50.0,1
202400049004,2024-01-05,soirée,,,91,91136,3,1,2,4,1,Autoroute,90.0,1
202400049005,2024-03-29,après-midi,,,08,08105,1,1,6,3,4,Voie communale,50.0,1
202400049006,2024-05-05,après-midi,,,75,75120,1,1,3,4,4,Voie communale,30.0,1
202400049007,2024-07-13,après-midi,,,976,97611,1,1,2,3,2,Nationale,50.0,1
202400049008,2024-01-05,après-midi,,,91,91549,3,2,4,4,2,Nationale,110.0,2
202400049009,2024-05-05,soirée,,,75,75115,2,1,7,4,4,Voie communale,50.0,1
202400049010,2024-02-16,après-midi,,,69,69382,1,1,3,4,4,Voie communale,30.0,1
202400049011,2024-03-29,matin,,,07,07102,1,1,3,4,4,Voie communale,50.0,1
202400049012,2024-05-05,matin,,,75,75113,1,2,2,4,4,Voie communale,30.0,2
202400049013,2024-06-11,soirée,,,35,35238,1,1,3,4,4,Voie communale,30.0,1
202400049014,2024-01-05,matin,,,78,78362,3,1,5,4,1,Autoroute,110.0,1
202400049015,2024-05-05,nuit,,,75,75110,5,1,6,4,4,Voie communale,30.0,1
202400049016,2024-03-29,après-midi,,,01,01283,1,1,6,3,4,Voie communale,50.0,1
202400049017,2024-07-12,après-midi,,,974,97411,1,1,3,3,2,Nationale,90.0,1
202400049018,2024-05-05,nuit,,,75,75109,5,1,7,4,4,Voie communale,30.0,1
202400049019,2024-01-04,soirée,,,92,92051,5,1,2,4,2,Nationale,70.0,1
202400049020,2024-02-14,matin,,,971,97107,1,1,6,3,3,Départementale,50.0,1
202400049021,2024-05-05,nuit,,,75,75102,5,1,1,4,4,Voie communale,30.0,1
202400049022,2024-03-30,matin,,,11,11174,2,1,6,4,3,Départementale,80.0,1
202400049023,2024-07-13,soirée,,,973,97302,5,1,3,4,2,Nationale,50.0,1
202400049024,2024-01-04,après-midi,,,92,92050,1,8,3,4,1,Autoroute,90.0,1
202400049025,2024-05-04,nuit,,,75,75103,5,1,3,4,4,Voie communale,30.0,1
202400049026,2024-02-16,matin,,,95,95218,1,2,6,4,4,Voie communale,50.0,2
202400049027,2024-01-03,soirée,,,78,78646,3,8,3,4,2,Nationale,110.0,1
202400049028,2024-06-11,après-midi,,,35,35238,1,1,3,4,2,Nationale,30.0,1
202400049029,2024-03-30,après-midi,,,06,06161,1,2,3,4,3,Départementale,50.0,2
202400049030,2024-02-16,après-midi,,,91,91657,1,2,6,4,4,Voie communale,50.0,2
202400049031,2024-06-11,après-midi,,,35,35238,1,1,2,4,4,Voie communale,30.0,1
202400049032,2024-01-04,matin,,,92,92064,3,1,4,4,1,Autoroute,110.0,2
202400049033,2024-03-29,soirée,,,18,18258,3,2,1,2,3,Départementale,80.0,2
202400049034,2024-04-05,nuit,,,93,93064,5,1,7,4,3,Départementale,50.0,1
202400049035,2024-07-13,matin,,,973,97302,1,1,1,3,4,Voie communale,50.0,1
202400049036,2024-02-15,soirée,,,91,91114,2,1,1,3,4,Voie communale,30.0,1
202400049037,2024-01-04,après-midi,,,976,97611,1,2,3,4,4,Voie communale,50.0,2
202400049038,2024-06-11,après-midi,,,35,35281,1,1,6,4,2,Nationale,90.0,1
202400049039,2024-03-30,matin,,,81,81222,1,1,6,3,3,Départementale,50.0,1
202400049040,2024-01-03,soirée,,,974,97416,1,1,6,3,4,Voie communale,30.0,1
202400049041,2024-09-23,nuit,,,14,14574,4,2,6,4,3,Départementale,80.0,2
202400049042,2024-07-13,nuit,,,973,97302,5,1,3,4,4,Voie communale,50.0,1
202400049043,2024-03-30,matin,,,63,63001,2,2,7,2,3,Départementale,90.0,2
202400049044,2024-05-05,nuit,,,93,93064,5,1,6,4,4,Voie communale,,1
202400049045,2024-06-11,matin,,,35,35238,1,1,3,4,4,Voie communale,50.0,1
202400049046,2024-02-16,après-midi,,,91,91326,1,2,6,4,3,Départementale,50.0,2
202400049047,2024-09-24,nuit,,,13,13117,3,1,6,3,7,Autre,110.0,1
202400049048,2024-01-03,matin,,,974,97411,1,1,3,4,4,Voie communale,50.0,1
202400049049,2024-03-24,après-midi,,,64,64288,1,1,7,3,3,Départementale,70.0,1
202400049050,2024-05-05,nuit,,,93,93066,5,1,6,4,4,Voie communale,50.0,1
202400049051,2024-02-12,matin,,,91,91174,1,1,6,2,4,Voie communale,50.0,2
202400049052,2024-07-13,après-midi,,,69,69386,1,9,3,4,4,Voie communale,30.0,1
202400049053,2024-01-04,soirée,,,974,97407,3,1,6,4,2,Nationale,110.0,1
202400049054,2024-09-23,nuit,,,13,13211,5,1,1,3,4,Voie communale,50.0,1
202400049055,2024-03-29,matin,,,22,22305,1,2,2,4,2,Nationale,110.0,2
202400049056,2024-05-05,après-midi,,,93,93008,1,1,2,4,3,Départementale,50.0,1
202400049057,2024-06-11,matin,,,35,35238,1,1,2,4,4,Voie communale,30.0,1
202400049058,2024-07-13,nuit,,,2B,2B037,5,1,7,4,3,Départementale,50.0,1
202400049059,2024-09-23,matin,,,13,13047,1,1,3,3,2,Nationale,80.0,1
202400049060,2024-01-04,soirée,,,973,97302,5,1,1,4,4,Voie communale,50.0,1
202400049061,2024-05-05,soirée,,,92,92062,2,9,2,4,4,Voie communale,30.0,1
202400049062,2024-02-15,soirée,,,84,84007,5,1,3,4,4,Voie communale,70.0,1
202400049063,2024-03-30,après-midi,,,62,62526,1,7,1,3,2,Nationale,80.0,1
202400049064,2024-07-09,nuit,,,971,97101,5,1,3,4,3,Départementale,50.0,1
202400049065,2024-01-04,soirée,,,973,97302,3,1,3,4,4,Voie communale,50.0,1
202400049066,2024-09-23,après-midi,,,07,07102,1,1,2,4,4,Voie communale,50.0,1
202400049067,2024-05-05,après-midi,,,92,92048,1,2,3,4,4,Voie communale,50.0,2
202400049068,2024-06-11,matin,,,35,35238,1,1,4,4,2,Nationale,90.0,1
202400049069,2024-02-16,soirée,,,83,83137,5,1,6,3,3,Départementale,50.0,1
202400049070,2024-05-05,matin,,,2A,2A212,1,1,7,3,3,Départementale,80.0,1
202400049071,2024-07-13,nuit,,,95,95585,2,1,1,2,3,Départementale,50.0,1
202400049072,2024-03-30,matin,,,71,71294,1,2,3,3,3,Départementale,50.0,2
202400049073,2024-09-23,après-midi,,,07,07102,1,1,3,4,4,Voie communale,50.0,1
202400049074,2024-08-18,nuit,,,77,77291,3,1,6,4,2,Nationale,90.0,1
202400049075,2024-04-26,après-midi,,,40,40304,1,1,1,4,4,Voie communale,50.0,1
202400049076,2024-01-04,après-midi,,,973,97302,1,1,5,4,3,Départementale,50.0,1
202400049077,2024-06-10,après-midi,,,35,35115,1,1,2,4,4,Voie communale,50.0,1
202400049078,2024-09-23,matin,,,07,07281,1,8,6,4,3,Départementale,80.0,2
202400049079,2024-02-16,après-midi,,,83,83137,1,1,6,3,4,Voie communale,50.0,1
202400049080,2024-07-13,soirée,,,91,91228,1,1,3,4,3,Départementale,50.0,1
202400049081,2024-01-05,nuit,,,69,69386,5,1,6,4,4,Voie communale,30.0,1
202400049082,2024-05-06,matin,,,26,26337,1,2,3,4,1,Autoroute,130.0,2
202400049083,2024-03-24,matin,,,63,63283,1,1,6,3,5,Autre,30.0,1
202400049084,2024-02-14,nuit,,,80,80021,5,1,6,4,4,Voie communale,50.0,2
202400049085,2024-07-05,nuit,,,91,91521,2,1,6,4,3,Départementale,50.0,1
202400049086,2024-01-04,après-midi,,,69,69388,1,1,2,4,4,Voie communale,30.0,1
202400049087,2024-05-05,soirée,,,86,86070,2,2,6,3,6,Autre,50.0,2
202400049088,2024-09-23,matin,,,75,75119,1,2,3,4,4,Voie communale,70.0,2
202400049089,2024-06-11,après-midi,,,33,33281,1,1,3,4,4,Voie communale,50.0,1