Num_Acc,date,time_of_day,lat,long,dep,com,lum,atm,col,severity_index,catr,catr_label,vma,surf
202400049090,2024-03-30,matin,,,55,55157,1,8,6,2,3,Départementale,90.0,2
202400049091,2024-05-06,matin,,,62,62063,1,2,6,4,3,Départementale,50.0,2
202400049092,2024-01-03,après-midi,,,972,97209,1,1,6,4,4,Voie communale,30.0,1
202400049093,2024-02-15,matin,,,78,78372,1,1,3,4,3,Départementale,80.0,1
202400049094,2024-08-17,matin,,,973,97302,1,1,3,4,4,Voie communale,,1
202400049095,2024-09-23,matin,,,75,75120,2,2,3,3,4,Voie communale,50.0,2
202400049096,2024-03-30,après-midi,,,44,44007,1,1,3,3,3,Départementale,70.0,1
202400049097,2024-05-05,soirée,,,62,62134,1,2,1,4,3,Départementale,50.0,2
202400049098,2024-02-16,après-midi,,,77,77243,1,1,6,4,4,Voie communale,30.0,1
202400049099,2024-07-13,matin,,,83,83123,1,1,5,2,4,Voie communale,30.0,1
202400049100,2024-01-03,soirée,,,972,97209,3,1,3,3,3,Départementale,50.0,1
202400049101,2024-09-23,soirée,,,75,75119,1,2,7,4,4,Voie communale,30.0,2
202400049102,2024-05-05,soirée,,,56,56190,1,1,6,4,3,Départementale,80.0,1
202400049103,2024-06-12,nuit,,,29,29232,5,1,6,4,4,Voie communale,50.0,1
202400049104,2024-08-18,matin,,,69,69385,1,1,3,4,4,Voie communale,30.0,1
202400049105,2024-03-29,après-midi,,,38,38254,1,6,5,4,3,Départementale,80.0,1
202400049106,2024-06-11,après-midi,,,26,26058,1,1,6,2,4,Voie communale,50.0,1
202400049107,2024-07-12,nuit,,,77,77288,5,1,3,4,4,Voie communale,30.0,1
202400049108,2024-02-16,nuit,,,72,72181,5,1,1,4,4,Voie communale,50.0,1
202400049109,2024-05-06,matin,,,82,82079,1,1,2,3,4,Voie communale,50.0,1
202400049110,2024-09-22,nuit,,,75,75118,5,2,6,4,4,Voie communale,50.0,2
202400049111,2024-05-06,après-midi,,,33,33083,1,1,6,2,4,Voie communale,30.0,1
202400049112,2024-08-18,soirée,,,91,91286,1,1,3,4,4,Voie communale,50.0,1
202400049113,2024-05-06,matin,,,32,32045,1,1,7,3,3,Départementale,80.0,2
202400049114,2024-01-04,nuit,,,69,69382,5,1,3,4,4,Voie communale,50.0,1
202400049115,2024-09-23,nuit,,,75,75117,5,1,3,4,4,Voie communale,30.0,1
202400049116,2024-07-13,nuit,,,69,69256,5,1,2,4,4,Voie communale,50.0,1
202400049117,2024-05-04,après-midi,,,11,11270,1,1,7,3,3,Départementale,80.0,1
202400049118,2024-08-13,matin,,,88,88413,1,1,1,3,4,Voie communale,50.0,1
202400049119,2024-06-11,après-midi,,,26,26362,1,1,3,3,4,Voie communale,50.0,1
202400049120,2024-02-15,soirée,,,72,72181,5,1,6,4,4,Voie communale,50.0,1
202400049121,2024-03-29,soirée,,,02,02665,2,3,3,4,3,Départementale,80.0,2
202400049122,2024-01-04,après-midi,,,69,69384,2,1,2,4,4,Voie communale,50.0,1
202400049123,2024-08-18,matin,,,85,85191,3,1,7,3,4,Voie communale,,1
202400049124,2024-06-11,matin,,,25,25056,1,1,3,4,3,Départementale,70.0,1
202400049125,2024-09-23,après-midi,,,75,75107,1,2,3,4,4,Voie communale,30.0,2
202400049126,2024-07-11,soirée,,,69,69264,1,1,3,4,3,Départementale,50.0,1
202400049127,2024-02-16,après-midi,,,71,71270,1,1,3,4,3,Départementale,50.0,1
202400049128,2024-03-29,après-midi,,,01,01095,1,1,1,4,3,Départementale,80.0,1
202400049129,2024-01-04,soirée,,,971,97113,5,1,6,4,4,Voie communale,50.0,1
202400049130,2024-08-18,après-midi,,,71,71306,1,2,1,4,4,Voie communale,50.0,2
202400049131,2024-05-05,après-midi,,,11,11024,1,1,2,4,3,Départementale,80.0,1
202400049132,2024-06-11,après-midi,,,22,22278,1,1,6,3,4,Voie communale,30.0,1
202400049133,2024-07-13,matin,,,69,69259,1,1,6,4,7,Autre,50.0,1
202400049134,2024-02-16,matin,,,69,69013,1,1,2,4,3,Départementale,50.0,1
202400049135,2024-05-05,après-midi,,,61,61307,1,1,1,3,4,Voie communale,80.0,1
202400049136,2024-01-04,après-midi,,,971,97113,1,1,2,4,2,Nationale,70.0,1
202400049137,2024-09-23,soirée,,,75,75113,1,1,4,4,4,Voie communale,30.0,2
202400049138,2024-03-29,matin,,,09,09324,1,1,3,4,3,Départementale,50.0,1
202400049139,2024-07-13,matin,,,66,66136,1,1,6,4,4,Voie communale,30.0,1
202400049140,2024-06-11,matin,,,22,22113,1,1,3,4,4,Voie communale,30.0,1
202400049141,2024-01-04,après-midi,,,971,97101,1,1,6,4,3,Départementale,70.0,1
202400049142,2024-08-19,nuit,,,69,69266,5,2,1,4,4,Voie communale,30.0,2
202400049143,2024-02-16,soirée,,,69,69199,5,1,3,3,7,Autre,50.0,1
202400049144,2024-09-23,après-midi,,,75,75108,1,1,7,4,4,Voie communale,50.0,1
202400049145,2024-05-05,soirée,,,46,46336,1,3,3,4,3,Départementale,80.0,2
202400049146,2024-07-12,nuit,,,64,64122,5,1,3,3,4,Voie communale,50.0,1
202400049147,2024-03-30,après-midi,,,07,07347,1,2,6,4,3,Départementale,90.0,2
202400049148,2024-09-23,matin,,,75,75108,2,2,7,4,4,Voie communale,50.0,2
202400049149,2024-08-18,après-midi,,,69,69264,1,1,6,4,4,Voie communale,50.0,2
202400049150,2024-06-11,après-midi,,,14,14487,1,1,7,3,3,Départementale,80.0,1
202400049151,2024-01-03,après-midi,,,91,91471,1,2,6,4,4,Voie communale,30.0,2
202400049152,2024-05-06,nuit,,,86,86082,4,2,6,4,2,Nationale,110.0,2
202400049153,2024-02-15,nuit,,,67,67482,5,1,6,2,4,Voie communale,30.0,1
202400049154,2024-07-13,soirée,,,63,63113,1,1,6,3,4,Voie communale,50.0,1
202400049155,2024-09-23,soirée,,,75,75107,1,2,3,4,4,Voie communale,30.0,2
202400049156,2024-01-04,matin,,,83,83061,1,1,3,4,3,Départementale,70.0,1
202400049157,2024-06-11,nuit,,,13,13203,5,1,3,4,7,Autre,50.0,1
202400049158,2024-02-16,soirée,,,64,64122,5,1,1,4,4,Voie communale,30.0,1
202400049159,2024-05-06,nuit,,,31,31197,5,2,6,2,3,Départementale,50.0,2
202400049160,2024-02-09,après-midi,,,07,07167,1,1,1,4,3,Départementale,90.0,1
202400049161,2024-01-03,matin,,,83,83061,1,1,1,3,4,Voie communale,30.0,1
202400049162,2024-06-11,matin,,,13,13214,1,1,3,4,4,Voie communale,50.0,1
202400049163,2024-09-23,matin,,,75,75107,1,1,1,3,4,Voie communale,30.0,1
202400049164,2024-05-06,après-midi,,,38,38130,1,2,1,4,3,Départementale,80.0,2
202400049165,2024-08-17,soirée,,,69,69091,1,9,3,4,7,Autre,,2
202400049166,2024-07-13,soirée,,,63,63113,1,1,3,4,4,Voie communale,30.0,1
202400049167,2024-04-25,après-midi,,,13,13045,1,1,7,4,3,Départementale,80.0,1
202400049168,2024-03-29,après-midi,,,07,07181,1,1,4,4,3,Départementale,50.0,1
202400049169,2024-06-11,matin,,,13,13215,1,1,3,3,4,Voie communale,50.0,1
202400049170,2024-05-06,matin,,,02,02571,1,1,6,2,3,Départementale,50.0,1
202400049171,2024-07-07,soirée,,,65,65286,1,1,3,4,3,Départementale,50.0,1
202400049172,2024-01-03,matin,,,77,77373,2,1,6,3,4,Voie communale,30.0,2
202400049173,2024-06-11,matin,,,07,07102,1,1,3,4,4,Voie communale,50.0,1
202400049174,2024-09-22,nuit,,,94,94081,4,2,4,4,3,Départementale,50.0,2
202400049175,2024-02-17,nuit,,,59,59172,5,1,3,4,3,Départementale,50.0,1
202400049176,2024-03-30,matin,,,07,07022,2,3,1,3,3,Départementale,90.0,2
202400049177,2024-05-06,après-midi,,,50,50267,1,1,1,2,3,Départementale,,1
202400049178,2024-09-23,soirée,,,94,94046,1,2,6,4,3,Départementale,50.0,2
202400049179,2024-05-04,soirée,,,09,09268,2,1,7,3,3,Départementale,50.0,1
202400049180,2024-01-04,soirée,,,76,76540,5,2,6,4,7,Autre,50.0,2
202400049181,2024-08-08,après-midi,,,62,62193,1,1,3,4,4,Voie communale,50.0,1
202400049182,2024-07-12,matin,,,63,63113,1,1,3,4,4,Voie communale,30.0,1
202400049183,2024-06-10,nuit,,,03,03185,5,1,3,3,4,Voie communale,50.0,1
202400049184,2024-02-16,après-midi,,,59,59508,1,2,3,4,4,Voie communale,30.0,2
202400049185,2024-07-13,soirée,,,62,62573,1,1,6,3,4,Voie communale,50.0,1
202400049186,2024-05-04,soirée,,,36,36154,1,2,6,2,4,Voie communale,50.0,2
202400049187,2024-03-29,après-midi,,,24,24224,1,3,5,3,2,Nationale,80.0,2
202400049188,2024-09-23,après-midi,,,94,94033,1,1,3,4,4,Voie communale,20.0,1
202400049189,2024-06-11,soirée,,,75,75106,1,1,6,4,4,Voie communale,,1
202400049190,2024-01-03,matin,,,76,76351,1,1,3,4,4,Voie communale,50.0,1
202400049191,2024-02-16,matin,,,59,59599,1,2,1,4,4,Voie communale,50.0,2
202400049192,2024-08-16,matin,,,62,62758,1,2,6,4,4,Voie communale,50.0,2
202400049193,2024-05-06,après-midi,,,40,40234,1,1,1,3,3,Départementale,80.0,1
202400049194,2024-07-13,après-midi,,,62,62193,1,1,2,4,3,Départementale,50.0,1
202400049195,2024-02-16,après-midi,,,58,58194,1,2,3,4,4,Voie communale,50.0,2
202400049196,2024-09-23,soirée,,,94,94017,2,2,3,4,4,Voie communale,30.0,2
202400049197,2024-01-03,matin,,,76,76351,1,1,1,3,4,Voie communale,50.0,2
202400049198,2024-06-11,soirée,,,75,75120,1,1,3,4,4,Voie communale,30.0,1
202400049199,2024-08-19,nuit,,,54,54395,5,1,1,4,4,Voie communale,50.0,1
202400049200,2024-05-04,nuit,,,24,24255,3,3,6,3,4,Voie communale,90.0,2
202400049201,2024-03-29,après-midi,,,18,18167,1,3,4,4,1,Autoroute,130.0,2
202400049202,2024-01-01,après-midi,,,72,72181,1,1,3,4,4,Voie communale,50.0,1
202400049203,2024-07-13,après-midi,,,59,59350,1,1,3,4,7,Autre,30.0,1
202400049204,2024-09-22,soirée,,,94,94069,1,2,7,4,3,Départementale,50.0,2
202400049205,2024-05-05,matin,,,04,04031,1,1,6,3,3,Départementale,50.0,1
202400049206,2024-06-11,matin,,,75,75119,1,2,3,4,4,Voie communale,30.0,2
202400049207,2024-02-16,matin,,,56,56260,1,1,6,3,4,Voie communale,50.0,1
202400049208,2024-01-04,après-midi,,,68,68256,1,1,6,3,3,Départementale,50.0,1
202400049209,2024-03-29,soirée,,,39,39150,3,1,7,3,1,Autoroute,70.0,1
202400049210,2024-05-05,soirée,,,85,85090,1,8,1,4,3,Départementale,80.0,1
202400049211,2024-07-13,après-midi,,,56,56260,1,1,7,4,4,Voie communale,30.0,1
202400049212,2024-02-16,matin,,,56,56121,1,2,3,4,4,Voie communale,30.0,2
202400049213,2024-01-03,soirée,,,67,67218,5,2,6,4,4,Voie communale,50.0,2
202400049214,2024-06-11,après-midi,,,75,75116,1,1,2,4,4,Voie communale,30.0,1
202400049215,2024-03-30,nuit,,,44,44026,3,1,7,2,1,Autoroute,130.0,1
202400049216,2024-05-05,après-midi,,,10,10380,1,1,6,4,1,Autoroute,130.0,1
202400049217,2024-09-22,soirée,,,93,93073,5,2,3,3,4,Voie communale,50.0,2
202400049218,2024-01-03,après-midi,,,67,67482,1,2,6,4,4,Voie communale,30.0,2
202400049219,2024-08-18,matin,,,35,35238,1,1,3,4,4,Voie communale,50.0,1
202400049220,2024-05-06,matin,,,978,97801,1,1,5,3,2,Nationale,70.0,1
202400049221,2024-07-13,après-midi,,,56,56260,1,1,2,4,4,Voie communale,50.0,1
202400049222,2024-02-15,après-midi,,,56,56121,1,1,6,4,4,Voie communale,30.0,1
202400049223,2024-06-10,soirée,,,75,75114,1,1,3,4,4,Voie communale,30.0,1
202400049224,2024-09-23,après-midi,,,93,93001,1,1,6,4,3,Départementale,30.0,1
202400049225,2024-01-04,après-midi,,,65,65226,1,1,6,3,6,Autre,30.0,1
202400049226,2024-08-18,matin,,,34,34129,1,1,1,3,4,Voie communale,50.0,1
202400049227,2024-07-13,après-midi,,,56,56036,1,1,6,4,3,Départementale,70.0,1
202400049228,2024-05-06,nuit,,,978,97801,5,1,3,3,2,Nationale,50.0,1
202400049229,2024-06-11,après-midi,,,75,75110,1,8,6,4,4,Voie communale,30.0,2
202400049230,2024-02-16,après-midi,,,51,51454,1,2,6,4,4,Voie communale,30.0,2
202400049231,2024-12-04,après-midi,,,54,54108,1,5,1,4,3,Départementale,80.0,2
202400049232,2024-01-03,après-midi,,,64,64024,5,1,3,4,4,Voie communale,30.0,1
202400049233,2024-07-12,matin,,,50,50129,1,1,2,4,3,Départementale,70.0,1
202400049234,2024-02-16,matin,,,49,49015,1,1,7,3,4,Voie communale,90.0,2
202400049235,2024-09-23,après-midi,,,93,93050,1,1,2,4,3,Départementale,50.0,1
202400049236,2024-12-05,après-midi,,,73,73330,2,1,1,4,3,Départementale,50.0,1
202400049237,2024-05-06,nuit,,,51,51584,3,2,6,4,1,Autoroute,130.0,2
202400049238,2024-01-04,après-midi,,,63,63113,1,1,3,4,4,Voie communale,50.0,1
202400049239,2024-06-11,après-midi,,,75,75108,1,1,4,4,4,Voie communale,,1
202400049240,2024-03-30,matin,,,78,78349,1,2,6,4,1,Autoroute,130.0,2
202400049241,2024-04-28,après-midi,,,988,98825,1,1,7,4,2,Nationale,110.0,1
202400049242,2024-12-02,après-midi,,,18,18249,1,2,7,4,4,Voie communale,50.0,2
202400049243,2024-02-16,matin,,,44,44184,1,1,6,4,4,Voie communale,50.0,1
202400049244,2024-09-19,après-midi,,,92,92033,1,1,6,4,4,Voie communale,30.0,1
202400049245,2024-07-13,nuit,,,49,49007,4,1,2,4,4,Voie communale,50.0,1
202400049246,2024-03-27,après-midi,,,976,97607,1,1,6,4,2,Nationale,50.0,1
202400049247,2024-01-04,après-midi,,,59,59599,1,1,3,4,4,Voie communale,50.0,1
202400049248,2024-05-05,matin,,,971,97115,1,1,1,4,2,Nationale,90.0,1
202400049249,2024-12-04,soirée,,,62,62736,3,2,6,4,4,Voie communale,30.0,2
202400049250,2024-08-18,nuit,,,19,19031,5,1,3,4,4,Voie communale,50.0,1
202400049251,2024-02-16,après-midi,,,44,44162,1,1,3,4,4,Voie communale,50.0,1
202400049252,2024-06-11,soirée,,,75,75107,1,1,5,4,4,Voie communale,30.0,1
202400049253,2024-09-23,soirée,,,92,92063,5,2,7,4,3,Départementale,90.0,2
202400049254,2024-12-03,après-midi,,,83,83048,1,1,2,3,3,Départementale,50.0,1
202400049255,2024-07-13,nuit,,,45,45147,5,8,3,4,7,Autre,50.0,2
202400049256,2024-01-04,matin,,,59,59646,1,1,6,3,4,Voie communale,50.0,1
202400049257,2024-02-15,nuit,,,43,43157,5,1,6,3,4,Voie communale,50.0,1
202400049258,2024-05-03,nuit,,,37,37027,3,1,6,2,4,Voie communale,30.0,1
202400049259,2024-03-29,nuit,,,973,97303,5,1,7,4,2,Nationale,50.0,1
202400049260,2024-01-03,soirée,,,58,58194,5,2,3,4,4,Voie communale,50.0,2
202400049261,2024-12-04,matin,,,14,14027,1,1,3,4,3,Départementale,50.0,1
202400049262,2024-08-18,soirée,,,14,14701,1,1,7,4,4,Voie communale,30.0,1
202400049263,2024-05-04,matin,,,77,77171,1,2,1,4,3,Départementale,50.0,2
202400049264,2024-06-10,après-midi,,,75,75104,1,2,3,4,4,Voie communale,30.0,2
202400049265,2024-07-13,soirée,,,44,44109,1,1,3,4,4,Voie communale,30.0,1
202400049266,2024-09-23,matin,,,92,92050,1,1,3,3,4,Voie communale,50.0,1
202400049267,2024-08-18,matin,,,13,13054,1,1,7,3,3,Départementale,50.0,1
202400049268,2024-12-04,matin,,,974,97414,1,1,1,3,3,Départementale,80.0,1
202400049269,2024-02-16,soirée,,,41,41018,2,1,6,4,3,Départementale,50.0,1
202400049270,2024-05-04,après-midi,,,2A,2A247,1,1,6,3,3,Départementale,50.0,1
202400049271,2024-03-29,soirée,,,971,97107,3,1,5,4,2,Nationale,80.0,1
202400049272,2024-06-11,après-midi,,,94,94081,1,2,6,4,3,Départementale,50.0,2
202400049273,2024-08-18,matin,,,13,13209,1,1,1,3,4,Voie communale,50.0,1
202400049274,2024-01-04,soirée,,,49,49007,5,1,3,4,4,Voie communale,50.0,2
202400049275,2024-09-23,soirée,,,92,92020,5,2,2,4,3,Départementale,50.0,2
202400049276,2024-06-28,après-midi,,,42,42218,1,1,6,3,4,Voie communale,30.0,1
202400049277,2024-04-28,matin,,,2A,2A247,1,1,3,4,6,Autre,15.0,1
202400049278,2024-06-10,après-midi,,,94,94068,1,2,3,4,4,Voie communale,30.0,2
202400049279,2024-02-15,matin,,,40,40192,1,1,6,4,4,Voie communale,50.0,1
202400049280,2024-03-30,après-midi,,,33,33199,1,1,3,3,3,Départementale,50.0,1
202400049281,2024-01-04,matin,,,46,46224,1,1,7,4,3,Départementale,50.0,1
202400049282,2024-12-03,après-midi,,,14,14374,3,1,2,3,1,Autoroute,130.0,1
202400049283,2024-08-18,matin,,,13,13047,1,1,3,4,4,Voie communale,50.0,1
202400049284,2024-06-10,après-midi,,,94,94042,1,1,6,4,3,Départementale,30.0,1
202400049285,2024-05-06,matin,,,73,73075,1,2,1,3,3,Départementale,70.0,2
202400049286,2024-01-03,après-midi,,,45,45286,1,1,1,4,3,Départementale,50.0,2
202400049287,2024-11-28,soirée,,,51,51662,5,1,6,3,4,Voie communale,50.0,1
202400049288,2024-08-18,nuit,,,13,13098,3,1,7,4,3,Départementale,80.0,1
202400049289,2024-02-16,après-midi,,,38,38185,1,1,3,4,4,Voie communale,50.0,1
202400049290,2024-03-21,nuit,,,77,77318,3,1,5,4,3,Départementale,80.0,1
202400049291,2024-05-06,après-midi,,,42,42089,1,5,7,4,4,Voie communale,50.0,2
202400049292,2024-06-11,soirée,,,94,94041,1,1,6,4,3,Départementale,50.0,1
202400049293,2024-09-23,après-midi,,,75,75115,1,3,3,4,4,Voie communale,30.0,2
202400049294,2024-07-13,après-midi,,,42,42095,1,1,3,4,2,Nationale,50.0,1
202400049295,2024-11-29,soirée,,,56,56127,3,5,6,3,3,Départementale,80.0,2
202400049296,2024-08-18,après-midi,,,11,11262,1,1,6,3,4,Voie communale,50.0,1
202400049297,2024-01-03,soirée,,,44,44109,5,2,6,4,4,Voie communale,30.0,2
202400049298,2024-05-05,nuit,,,42,42285,3,2,3,4,3,Départementale,70.0,2
202400049299,2024-02-16,après-midi,,,37,37261,1,1,2,4,4,Voie communale,50.0,1
202400049300,2024-07-12,soirée,,,42,42044,1,1,3,4,7,Autre,50.0,1
202400049301,2024-03-16,après-midi,,,78,78107,1,1,3,4,3,Départementale,80.0,1
202400049302,2024-09-23,soirée,,,92,92035,1,2,3,4,3,Départementale,50.0,2
202400049303,2024-08-18,après-midi,,,11,11262,1,1,3,4,4,Voie communale,30.0,1
202400049304,2024-02-16,matin,,,34,34172,1,1,6,4,4,Voie communale,30.0,1
202400049305,2024-06-11,après-midi,,,94,94004,1,2,4,4,3,Départementale,50.0,2
202400049306,2024-11-29,nuit,,,56,56053,3,1,2,4,2,Nationale,110.0,1
202400049307,2024-05-05,après-midi,,,07,07034,1,1,3,4,3,Départementale,80.0,1
202400049308,2024-06-10,soirée,,,94,94002,1,1,6,4,6,Autre,50.0,1
202400049309,2024-07-13,après-midi,,,38,38053,1,1,3,4,4,Voie communale,30.0,1
202400049310,2024-08-18,après-midi,,,11,11262,1,1,3,4,4,Voie communale,30.0,1
202400049311,2024-02-14,après-midi,,,34,34032,1,1,3,3,4,Voie communale,50.0,1
202400049312,2024-05-01,après-midi,,,69,69077,1,1,6,4,3,Départementale,80.0,1
202400049313,2024-12-05,après-midi,,,80,80801,5,2,3,3,3,Départementale,50.0,2
202400049314,2024-03-29,après-midi,,,30,30142,1,2,3,3,3,Départementale,80.0,2
202400049315,2024-09-23,après-midi,,,92,92035,1,2,3,4,3,Départementale,50.0,2
202400049316,2024-08-18,après-midi,,,09,09122,1,2,6,4,3,Départementale,50.0,2
202400049317,2024-12-04,soirée,,,65,65025,5,1,6,3,3,Départementale,50.0,1
202400049318,2024-02-16,soirée,,,34,34003,5,1,6,4,4,Voie communale,,1
202400049319,2024-06-11,soirée,,,93,93070,1,1,6,3,3,Départementale,50.0,1
202400049320,2024-05-05,après-midi,,,24,24028,1,2,1,4,4,Voie communale,50.0,2
202400049321,2024-12-02,matin,,,33,33194,1,1,7,2,6,Autre,20.0,1
202400049322,2024-08-17,après-midi,,,75,75120,1,3,6,4,4,Voie communale,50.0,2
202400049323,2024-07-13,après-midi,,,35,35238,1,1,3,4,4,Voie communale,30.0,1
202400049324,2024-03-29,matin,,,52,52248,1,3,3,2,3,Départementale,90.0,2
202400049325,2024-08-17,après-midi,,,75,75120,1,2,6,4,4,Voie communale,50.0,2
202400049326,2024-04-16,soirée,,,33,33234,2,1,6,3,3,Départementale,50.0,1
202400049327,2024-12-04,matin,,,89,89151,1,5,2,4,3,Départementale,90.0,2
202400049328,2024-06-10,soirée,,,93,93070,1,1,1,4,3,Départementale,50.0,1
202400049329,2024-09-22,soirée,,,92,92019,1,1,3,4,4,Voie communale,30.0,1
202400049330,2024-03-30,matin,,,68,68247,1,5,6,3,3,Départementale,80.0,1
202400049331,2024-05-06,nuit,,,22,22162,3,2,6,3,3,Départementale,50.0,2
202400049332,2024-12-03,soirée,,,63,63003,5,2,1,3,3,Départementale,90.0,2
202400049333,2024-03-29,nuit,,,42,42005,3,6,6,4,7,Autre,50.0,1
202400049334,2024-07-13,matin,,,34,34108,1,1,3,4,3,Départementale,70.0,1
202400049335,2024-09-22,matin,,,37,37058,1,2,6,3,3,Départementale,80.0,2
202400049336,2024-06-11,soirée,,,93,93049,1,1,2,4,4,Voie communale,,1
202400049337,2024-02-17,nuit,,,25,25056,5,2,3,4,4,Voie communale,50.0,2
202400049338,2024-08-18,après-midi,,,75,75119,1,1,2,4,4,Voie communale,30.0,1
202400049339,2024-10-28,soirée,,,84,84127,3,1,6,2,3,Départementale,80.0,1
202400049340,2024-12-05,matin,,,55,55502,1,2,6,3,6,Autre,50.0,2
202400049341,2024-03-29,nuit,,,38,38059,3,9,2,3,7,Autre,50.0,2
202400049342,2024-08-17,nuit,,,75,75104,5,1,7,3,4,Voie communale,30.0,1
202400049343,2024-12-04,après-midi,,,47,47168,1,7,6,3,3,Départementale,50.0,1
202400049344,2024-02-15,matin,,,18,18279,2,1,7,4,4,Voie communale,50.0,1
202400049345,2024-07-13,nuit,,,34,34172,5,1,3,4,4,Voie communale,30.0,1
202400049346,2024-05-04,nuit,,,69,69275,3,1,2,4,2,Nationale,90.0,1
202400049347,2024-06-11,soirée,,,93,93046,1,1,3,4,4,Voie communale,50.0,1
202400049348,2024-09-20,matin,,,26,26177,1,1,3,4,4,Voie communale,50.0,1
202400049349,2024-10-29,soirée,,,30,30202,5,1,7,3,4,Voie communale,50.0,1
202400049350,2024-12-01,nuit,,,86,86213,3,2,6,2,3,Départementale,90.0,2
202400049351,2024-03-30,matin,,,09,09221,1,1,3,3,2,Nationale,80.0,1
202400049352,2024-08-16,nuit,,,75,75108,2,1,6,3,4,Voie communale,30.0,1
202400049353,2024-02-15,soirée,,,13,13026,1,1,2,4,3,Départementale,80.0,1
202400049354,2024-07-13,soirée,,,33,33063,1,1,3,4,4,Voie communale,50.0,1
202400049355,2024-05-05,soirée,,,91,91689,1,1,2,4,1,Autoroute,110.0,1
202400049356,2024-06-11,matin,,,93,93008,1,1,3,4,3,Départementale,,1
202400049357,2024-10-21,soirée,,,83,83054,4,1,3,4,3,Départementale,50.0,1
202400049358,2024-12-05,matin,,,22,22266,1,2,3,2,4,Voie communale,50.0,2
202400049359,2024-02-16,soirée,,,13,13002,5,1,1,4,4,Voie communale,50.0,1
202400049360,2024-03-30,matin,,,64,64230,1,1,6,3,2,Nationale,80.0,1
202400049361,2024-08-18,après-midi,,,75,75120,1,1,1,4,4,Voie communale,30.0,1
202400049362,2024-12-03,soirée,,,22,22055,5,1,6,3,3,Départementale,,1
202400049363,2024-06-11,après-midi,,,93,93005,1,1,6,4,3,Départementale,50.0,1
202400049364,2024-05-05,après-midi,,,91,91363,1,2,4,4,2,Nationale,90.0,2
202400049365,2024-07-12,soirée,,,33,33192,1,1,3,4,4,Voie communale,50.0,1
202400049366,2024-09-20,soirée,,,22,22177,3,1,1,4,3,Départementale,80.0,1
202400049367,2024-10-29,matin,,,49,49176,2,2,3,3,4,Voie communale,80.0,2
202400049368,2024-11-17,matin,,,44,44128,2,2,6,3,4,Voie communale,80.0,2
202400049369,2024-08-18,nuit,,,75,75117,3,2,1,4,4,Voie communale,30.0,2
202400049370,2024-03-17,soirée,,,33,33502,3,1,1,3,3,Départementale,80.0,1
202400049371,2024-02-16,matin,,,13,13215,1,1,3,3,4,Voie communale,50.0,1
202400049372,2024-07-12,après-midi,,,33,33550,1,1,2,4,4,Voie communale,50.0,1
202400049373,2024-09-15,après-midi,,,33,33001,1,1,1,4,3,Départementale,80.0,1
202400049374,2024-06-11,matin,,,92,92051,1,1,4,4,3,Départementale,50.0,1
202400049375,2024-05-05,après-midi,,,91,91363,1,2,5,4,2,Nationale,90.0,2
202400049376,2024-12-04,après-midi,,,29,29072,5,1,3,4,4,Voie communale,50.0,1
202400049377,2024-10-25,après-midi,,,49,49200,1,8,1,3,3,Départementale,80.0,6
202400049378,2024-08-17,après-midi,,,75,75117,1,2,2,4,4,Voie communale,30.0,2
202400049379,2024-03-29,matin,,,85,85236,2,1,2,4,3,Départementale,80.0,1
202400049380,2024-05-04,matin,,,91,91553,1,2,6,4,2,Nationale,90.0,2
202400049381,2024-02-13,après-midi,,,12,12089,1,1,3,4,3,Départementale,90.0,1
202400049382,2024-12-04,après-midi,,,38,38022,3,1,2,3,3,Départementale,90.0,1
202400049383,2024-09-19,soirée,,,972,97229,5,1,6,4,2,Nationale,30.0,2
202400049384,2024-05-26,nuit,,,92,92048,5,1,3,4,3,Départementale,50.0,1
202400049385,2024-12-05,après-midi,,,03,03138,2,1,7,4,4,Voie communale,90.0,1
202400049386,2024-10-29,matin,,,68,68338,1,7,3,4,3,Départementale,70.0,1
202400049387,2024-03-29,soirée,,,72,72264,1,1,1,4,3,Départementale,50.0,1
202400049388,2024-06-11,soirée,,,92,92040,1,1,7,4,3,Départementale,30.0,1
202400049389,2024-07-13,soirée,,,31,31555,1,1,3,3,4,Voie communale,50.0,1
202400049390,2024-09-24,matin,,,71,71566,1,1,6,3,3,Départementale,50.0,1
202400049391,2024-02-16,après-midi,,,75,75120,1,1,6,4,4,Voie communale,50.0,1
202400049392,2024-05-05,après-midi,,,93,93007,1,2,5,4,1,Autoroute,110.0,2
202400049393,2024-10-29,matin,,,01,01266,2,5,6,4,3,Départementale,80.0,2
202400049394,2024-08-18,après-midi,,,75,75116,1,1,2,4,4,Voie communale,30.0,1
202400049395,2024-05-05,matin,,,93,93010,1,1,6,4,1,Autoroute,90.0,1
202400049396,2024-06-11,soirée,,,92,92035,1,1,3,4,3,Départementale,50.0,1
202400049397,2024-12-05,matin,,,85,85039,1,2,1,2,3,Départementale,80.0,2
202400049398,2024-10-29,après-midi,,,22,22361,1,2,3,4,3,Départementale,80.0,2
202400049399,2024-05-04,soirée,,,95,95582,3,1,6,4,1,Autoroute,90.0,1
202400049400,2024-09-24,après-midi,,,30,30299,1,1,7,2,3,Départementale,80.0,1
202400049401,2024-08-18,soirée,,,75,75102,1,1,3,4,4,Voie communale,30.0,1