Num_Acc,date,time_of_day,lat,long,dep,com,lum,atm,col,severity_index,catr,catr_label,vma,surf
202400049402,2024-07-13,après-midi,,,29,29019,1,1,1,4,4,Voie communale,50.0,1
202400049403,2024-11-30,nuit,,,54,54523,3,5,6,3,3,Départementale,80.0,2
202400049404,2024-10-13,matin,,,35,35184,5,1,6,3,4,Voie communale,50.0,1
202400049405,2024-06-11,soirée,,,92,92026,1,1,6,4,3,Départementale,50.0,1
202400049406,2024-02-09,soirée,,,22,22077,2,1,3,4,3,Départementale,80.0,6
202400049407,2024-02-15,soirée,,,75,75120,5,1,3,4,4,Voie communale,70.0,1
202400049408,2024-05-04,après-midi,,,95,95241,1,1,7,4,2,Nationale,50.0,2
202400049409,2024-09-23,soirée,,,62,62134,1,1,6,3,3,Départementale,80.0,1
202400049410,2024-07-13,matin,,,28,28134,1,1,2,4,2,Nationale,90.0,8
202400049411,2024-08-18,matin,,,95,95527,2,1,3,4,4,Voie communale,50.0,1
202400049412,2024-12-04,après-midi,,,72,72295,1,5,1,4,3,Départementale,90.0,1
202400049413,2024-10-28,matin,,,38,38422,1,1,1,3,3,Départementale,50.0,2
202400049414,2024-06-09,après-midi,,,92,92025,1,1,6,4,4,Voie communale,30.0,1
202400049415,2024-02-16,matin,,,75,75120,1,2,1,3,4,Voie communale,30.0,2
202400049416,2024-03-29,soirée,,,35,35031,3,1,1,4,3,Départementale,80.0,1
202400049417,2024-09-14,après-midi,,,77,77116,1,1,2,3,3,Départementale,30.0,1
202400049418,2024-12-05,matin,,,72,72071,5,2,1,3,4,Voie communale,30.0,2
202400049419,2024-05-04,après-midi,,,94,94081,1,2,4,4,1,Autoroute,90.0,2
202400049420,2024-10-27,après-midi,,,84,84014,1,3,1,4,3,Départementale,80.0,2
202400049421,2024-06-11,matin,,,92,92012,1,1,3,4,3,Départementale,50.0,1
202400049422,2024-08-18,après-midi,,,93,93051,1,1,2,4,3,Départementale,50.0,1
202400049423,2024-02-16,après-midi,,,75,75118,1,8,6,4,4,Voie communale,30.0,1
202400049424,2024-05-04,matin,,,94,94069,1,2,2,4,1,Autoroute,90.0,2
202400049425,2024-12-03,après-midi,,,72,72344,1,1,2,4,3,Départementale,80.0,1
202400049426,2024-03-29,nuit,,,27,27410,3,2,3,4,2,Nationale,80.0,2
202400049427,2024-10-29,matin,,,03,03102,2,5,1,4,4,Voie communale,50.0,2
202400049428,2024-07-13,après-midi,,,25,25462,1,1,3,4,4,Voie communale,50.0,1
202400049429,2024-09-24,après-midi,,,51,51391,1,1,3,2,2,Nationale,70.0,1
202400049430,2024-06-11,matin,,,92,92012,1,1,2,2,3,Départementale,50.0,1
202400049431,2024-08-18,nuit,,,92,92046,5,2,2,4,3,Départementale,50.0,2
202400049432,2024-10-28,après-midi,,,01,01233,1,1,7,2,3,Départementale,80.0,1
202400049433,2024-02-16,après-midi,,,75,75118,1,8,6,4,4,Voie communale,30.0,2
202400049434,2024-12-05,nuit,,,06,06059,3,1,1,3,7,Autre,50.0,1
202400049435,2024-06-10,après-midi,,,92,92012,1,1,6,4,4,Voie communale,30.0,1
202400049436,2024-09-22,soirée,,,19,19202,2,2,6,2,3,Départementale,90.0,2
202400049437,2024-03-29,soirée,,,60,60589,3,3,3,4,3,Départementale,,2
202400049438,2024-07-12,après-midi,,,25,25056,1,1,6,4,4,Voie communale,50.0,1
202400049439,2024-08-18,après-midi,,,92,92072,1,1,7,4,3,Départementale,50.0,1
202400049440,2024-04-25,soirée,,,94,94058,5,1,5,4,1,Autoroute,90.0,1
202400049441,2024-12-03,matin,,,83,83012,2,1,6,3,3,Départementale,80.0,1
202400049442,2024-10-28,après-midi,,,70,70055,1,1,1,2,2,Nationale,80.0,1
202400049443,2024-07-14,nuit,,,17,17415,4,1,7,4,4,Voie communale,50.0,1
202400049444,2024-09-24,matin,,,77,77072,1,2,6,4,3,Départementale,80.0,2
202400049445,2024-08-18,après-midi,,,92,92076,1,1,3,4,3,Départementale,30.0,1
202400049446,2024-02-25,nuit,,,41,41018,3,2,2,4,3,Départementale,50.0,2
202400049447,2024-02-16,matin,,,75,75118,1,1,6,4,4,Voie communale,30.0,1
202400049448,2024-06-11,matin,,,92,92002,1,1,2,4,3,Départementale,50.0,1
202400049449,2024-12-02,après-midi,,,64,64425,1,1,3,3,3,Départementale,50.0,1
202400049450,2024-05-03,matin,,,987,98736,1,1,6,2,4,Voie communale,50.0,1
202400049451,2024-10-28,après-midi,,,26,26243,1,1,5,3,3,Départementale,50.0,1
202400049452,2024-08-18,matin,,,92,92012,1,1,3,4,9,Autre,20.0,1
202400049453,2024-06-12,après-midi,,,76,76476,1,1,6,3,4,Voie communale,50.0,1
202400049454,2024-07-12,soirée,,,13,13071,1,1,3,4,4,Voie communale,50.0,1
202400049455,2024-03-30,matin,,,80,80474,1,2,6,4,1,Autoroute,110.0,2
202400049456,2024-08-29,après-midi,,,79,79055,1,8,3,3,3,Départementale,80.0,2
202400049457,2024-02-16,matin,,,75,75116,1,2,3,4,4,Voie communale,30.0,2
202400049458,2024-10-29,matin,,,50,50446,1,1,6,3,3,Départementale,80.0,1
202400049459,2024-05-03,matin,,,974,97416,1,1,2,4,3,Départementale,50.0,1
202400049460,2024-12-05,après-midi,,,40,40046,3,2,5,4,3,Départementale,80.0,2
202400049461,2024-07-12,après-midi,,,13,13103,1,1,3,4,4,Voie communale,50.0,1
202400049462,2024-06-11,soirée,,,14,14689,2,7,2,3,3,Départementale,80.0,1
202400049463,2024-10-29,après-midi,,,21,21518,1,1,7,3,3,Départementale,90.0,1
202400049464,2024-09-23,matin,,,12,12069,1,8,6,3,3,Départementale,90.0,2
202400049465,2024-08-17,soirée,,,92,92012,5,2,2,4,3,Départementale,50.0,2
202400049466,2024-03-06,soirée,,,13,13106,3,1,3,4,1,Autoroute,90.0,1
202400049467,2024-02-15,après-midi,,,75,75116,1,1,6,4,4,Voie communale,30.0,1
202400049468,2024-05-04,après-midi,,,973,97302,1,1,3,4,3,Départementale,,1
202400049469,2024-06-10,soirée,,,91,91340,1,1,6,4,3,Départementale,25.0,1
202400049470,2024-07-13,soirée,,,13,13208,1,1,1,4,4,Voie communale,50.0,1
202400049471,2024-12-04,après-midi,,,23,23116,2,7,1,4,4,Voie communale,80.0,1
202400049472,2024-10-28,matin,,,30,30347,1,1,3,4,3,Départementale,80.0,1
202400049473,2024-03-26,matin,,,13,13001,1,1,3,4,1,Autoroute,90.0,1
202400049474,2024-08-19,après-midi,,,76,76258,1,1,3,3,3,Départementale,80.0,1
202400049475,2024-06-11,nuit,,,06,06161,3,1,6,4,3,Départementale,70.0,1
202400049476,2024-12-02,matin,,,04,04242,2,1,6,4,1,Autoroute,130.0,1
202400049477,2024-05-04,nuit,,,973,97302,2,2,3,4,4,Voie communale,50.0,2
202400049478,2024-02-16,soirée,,,75,75113,5,1,3,4,4,Voie communale,50.0,1
202400049479,2024-07-13,nuit,,,13,13047,3,1,6,3,3,Départementale,80.0,1
202400049480,2024-10-28,matin,,,987,98712,1,1,1,4,2,Nationale,60.0,1
202400049481,2024-09-22,après-midi,,,86,86139,1,2,5,4,3,Départementale,80.0,2
202400049482,2024-08-18,matin,,,974,97415,1,1,7,4,3,Départementale,50.0,1
202400049483,2024-05-04,matin,,,973,97302,1,1,6,4,4,Voie communale,50.0,2
202400049484,2024-10-26,nuit,,,972,97228,4,1,1,4,3,Départementale,,1
202400049485,2024-02-15,après-midi,,,75,75112,2,1,3,4,4,Voie communale,50.0,1
202400049486,2024-12-04,après-midi,,,987,98715,1,1,1,3,2,Nationale,50.0,1
202400049487,2024-06-10,après-midi,,,36,36093,1,1,3,3,4,Voie communale,50.0,1
202400049488,2024-09-23,matin,,,29,29291,1,1,7,4,3,Départementale,,1
202400049489,2024-07-14,nuit,,,11,11262,3,1,2,4,3,Départementale,90.0,1
202400049490,2024-10-28,après-midi,,,78,78164,1,1,6,4,3,Départementale,50.0,1
202400049491,2024-03-29,matin,,,83,83090,1,1,4,4,1,Autoroute,70.0,1
202400049492,2024-08-19,après-midi,,,84,84040,1,1,1,4,3,Départementale,80.0,1
202400049493,2024-05-04,nuit,,,973,97309,3,1,6,2,3,Départementale,50.0,1
202400049494,2024-06-11,après-midi,,,36,36228,1,1,6,4,3,Départementale,90.0,1
202400049495,2024-02-14,nuit,,,75,75112,5,2,2,4,4,Voie communale,50.0,2
202400049496,2024-12-04,soirée,,,68,68278,5,1,6,3,3,Départementale,50.0,1
202400049497,2024-08-18,nuit,,,29,29076,3,1,1,3,4,Voie communale,80.0,1
202400049498,2024-10-28,soirée,,,11,11356,3,3,1,3,3,Départementale,80.0,2
202400049499,2024-06-10,après-midi,,,41,41223,1,1,1,4,9,Autre,80.0,1
202400049500,2024-08-18,soirée,,,63,63171,1,1,7,3,3,Départementale,90.0,1
202400049501,2024-07-12,soirée,,,06,06088,1,1,1,4,4,Voie communale,50.0,1
202400049502,2024-03-29,soirée,,,33,33318,1,1,4,4,1,Autoroute,90.0,1
202400049503,2024-02-16,matin,,,75,75109,1,1,5,4,4,Voie communale,30.0,1
202400049504,2024-10-29,soirée,,,34,34327,3,1,3,3,7,Autre,70.0,1
202400049505,2024-03-26,matin,,,33,33550,1,3,7,4,1,Autoroute,90.0,2
202400049506,2024-07-13,soirée,,,06,06069,1,1,7,3,4,Voie communale,50.0,1
202400049507,2024-08-18,après-midi,,,72,72146,1,1,3,4,4,Voie communale,80.0,1
202400049508,2024-06-10,soirée,,,41,41045,1,1,3,3,3,Départementale,80.0,2
202400049509,2024-09-23,après-midi,,,38,38130,1,1,3,3,4,Voie communale,80.0,1
202400049510,2024-10-01,matin,,,34,34123,1,1,6,4,6,Autre,50.0,1
202400049511,2024-03-29,nuit,,,75,75113,5,2,7,4,1,Autoroute,50.0,2
202400049512,2024-08-19,après-midi,,,24,24372,1,1,6,3,1,Autoroute,130.0,1
202400049513,2024-02-16,après-midi,,,75,75108,1,1,2,4,4,Voie communale,30.0,2
202400049514,2024-10-29,soirée,,,84,84129,3,1,2,3,3,Départementale,110.0,1
202400049515,2024-09-23,après-midi,,,38,38128,1,1,6,2,3,Départementale,70.0,1
202400049516,2024-06-11,soirée,,,31,31364,2,1,3,4,3,Départementale,50.0,1
202400049517,2024-12-04,soirée,,,987,98714,3,1,3,2,3,Départementale,40.0,1
202400049518,2024-07-13,nuit,,,06,06123,5,1,3,4,7,Autre,50.0,1
202400049519,2024-06-08,après-midi,,,51,51346,1,1,7,3,3,Départementale,80.0,1
202400049520,2024-09-23,soirée,,,03,03222,1,2,6,3,3,Départementale,90.0,2
202400049521,2024-03-29,matin,,,91,91521,1,1,4,4,1,Autoroute,70.0,2
202400049522,2024-08-16,après-midi,,,89,89399,1,1,5,4,3,Départementale,90.0,1
202400049523,2024-02-16,après-midi,,,94,94068,1,8,3,4,4,Voie communale,30.0,2
202400049524,2024-10-28,après-midi,,,13,13007,1,1,3,3,3,Départementale,50.0,1
202400049525,2024-07-13,matin,,,75,75119,1,1,2,4,4,Voie communale,70.0,1
202400049526,2024-12-03,nuit,,,988,98821,1,1,1,3,2,Nationale,90.0,1
202400049527,2024-08-17,après-midi,,,76,76240,1,1,7,4,3,Départementale,80.0,1
202400049528,2024-05-24,matin,,,62,62028,1,1,3,4,3,Départementale,50.0,1
202400049529,2024-03-29,matin,,,91,91161,1,1,2,4,1,Autoroute,110.0,2
202400049530,2024-02-16,soirée,,,94,94043,5,1,2,4,3,Départementale,30.0,1
202400049531,2024-09-24,matin,,,15,15087,1,3,1,4,3,Départementale,80.0,2
202400049532,2024-09-15,soirée,,,13,13096,1,7,3,3,3,Départementale,80.0,1
202400049533,2024-08-06,matin,,,2B,2B043,1,1,2,2,3,Départementale,80.0,1
202400049534,2024-12-05,matin,,,973,97312,3,1,1,4,2,Nationale,80.0,1
202400049535,2024-06-12,nuit,,,83,83096,3,1,6,3,3,Départementale,90.0,1
202400049536,2024-03-29,nuit,,,91,91179,3,1,6,4,1,Autoroute,110.0,1
202400049537,2024-07-12,soirée,,,75,75114,1,1,3,4,4,Voie communale,50.0,1
202400049538,2024-08-19,matin,,,11,11397,1,1,6,3,3,Départementale,50.0,1
202400049539,2024-02-16,après-midi,,,94,94017,1,8,2,4,3,Départementale,50.0,2
202400049540,2024-10-26,matin,,,57,57484,1,1,2,4,3,Départementale,50.0,1
202400049541,2024-09-24,matin,,,66,66214,1,1,6,3,3,Départementale,80.0,1
202400049542,2024-12-05,soirée,,,29,29233,5,2,6,4,4,Voie communale,30.0,2
202400049543,2024-06-04,après-midi,,,32,32462,1,1,1,4,3,Départementale,80.0,1
202400049544,2024-03-29,soirée,,,93,93078,3,3,3,4,1,Autoroute,110.0,2
202400049545,2024-08-19,après-midi,,,89,89163,1,1,2,3,3,Départementale,80.0,1
202400049546,2024-10-29,après-midi,,,42,42299,1,1,3,4,3,Départementale,50.0,1
202400049547,2024-07-13,après-midi,,,75,75120,1,1,6,4,4,Voie communale,,1
202400049548,2024-06-11,soirée,,,49,49339,1,1,6,3,3,Départementale,80.0,1
202400049549,2024-12-01,soirée,,,28,28073,3,1,6,4,3,Départementale,80.0,1
202400049550,2024-09-22,après-midi,,,83,83135,1,1,7,4,3,Départementale,80.0,1
202400049551,2024-02-16,matin,,,93,93070,1,1,3,4,3,Départementale,50.0,1
202400049552,2024-03-28,soirée,,,93,93063,3,1,2,4,1,Autoroute,70.0,1
202400049553,2024-12-03,après-midi,,,66,66175,1,1,6,3,3,Départementale,50.0,1
202400049554,2024-07-13,matin,,,75,75116,1,1,6,4,4,Voie communale,50.0,1
202400049555,2024-06-12,après-midi,,,46,46132,1,1,1,3,3,Départementale,80.0,1
202400049556,2024-09-24,soirée,,,64,64327,1,3,6,2,4,Voie communale,50.0,2
202400049557,2024-08-17,soirée,,,89,89003,1,2,6,4,3,Départementale,50.0,2
202400049558,2024-10-28,soirée,,,38,38317,2,1,4,4,2,Nationale,80.0,1
202400049559,2024-02-15,après-midi,,,93,93008,2,1,2,4,3,Départementale,50.0,1
202400049560,2024-06-11,matin,,,68,68068,1,1,6,3,3,Départementale,50.0,1
202400049561,2024-12-04,après-midi,,,34,34199,3,1,3,3,3,Départementale,70.0,1
202400049562,2024-03-28,après-midi,,,93,93029,1,1,3,4,1,Autoroute,90.0,1
202400049563,2024-10-28,après-midi,,,01,01114,1,1,7,3,3,Départementale,80.0,1
202400049564,2024-02-16,après-midi,,,93,93005,2,1,7,4,4,Voie communale,50.0,1
202400049565,2024-07-13,après-midi,,,75,75114,1,1,6,4,4,Voie communale,30.0,1
202400049566,2024-08-17,soirée,,,63,63428,1,1,7,4,4,Voie communale,50.0,9
202400049567,2024-09-24,après-midi,,,16,16003,1,2,2,3,3,Départementale,50.0,2
202400049568,2024-06-12,après-midi,,,39,39283,1,1,7,3,3,Départementale,90.0,1
202400049569,2024-12-03,soirée,,,83,83029,5,1,2,3,3,Départementale,30.0,1
202400049570,2024-03-28,matin,,,95,95555,1,3,6,4,3,Départementale,90.0,4
202400049571,2024-10-29,après-midi,,,69,69116,1,7,6,3,7,Autre,50.0,1
202400049572,2024-02-16,après-midi,,,93,93001,1,1,3,3,3,Départementale,50.0,1
202400049573,2024-08-19,nuit,,,61,61089,3,5,3,4,3,Départementale,90.0,1
202400049574,2024-07-12,soirée,,,75,75112,1,1,2,3,4,Voie communale,50.0,1
202400049575,2024-12-02,après-midi,,,06,06128,1,1,3,4,3,Départementale,70.0,1
202400049576,2024-06-11,après-midi,,,29,29097,1,1,4,4,3,Départementale,80.0,1
202400049577,2024-08-18,nuit,,,47,47065,3,1,7,3,3,Départementale,80.0,1
202400049578,2024-02-16,matin,,,93,93001,1,1,2,4,3,Départementale,50.0,1
202400049579,2024-09-23,matin,,,16,16120,1,5,3,3,3,Départementale,90.0,2
202400049580,2024-10-28,après-midi,,,35,35004,1,1,1,4,3,Départementale,80.0,1
202400049581,2024-07-12,soirée,,,75,75112,1,1,1,4,4,Voie communale,30.0,1
202400049582,2024-12-04,après-midi,,,13,13062,2,1,3,3,3,Départementale,80.0,1
202400049583,2024-03-28,matin,,,987,98735,1,1,6,4,4,Voie communale,20.0,1
202400049584,2024-08-18,soirée,,,34,34150,1,1,1,3,3,Départementale,80.0,1
202400049585,2024-02-16,matin,,,92,92064,1,1,6,4,4,Voie communale,30.0,1
202400049586,2024-09-21,après-midi,,,07,07129,1,1,6,4,3,Départementale,80.0,1
202400049587,2024-12-04,matin,,,13,13041,1,1,1,3,9,Autre,50.0,1
202400049588,2024-07-13,après-midi,,,75,75110,1,1,1,4,4,Voie communale,,1
202400049589,2024-08-18,soirée,,,22,22074,2,1,6,4,3,Départementale,80.0,1
202400049590,2024-06-12,après-midi,,,72,72269,1,1,6,3,3,Départementale,90.0,1
202400049591,2024-03-28,matin,,,974,97416,1,1,5,4,2,Nationale,110.0,1
202400049592,2024-10-27,nuit,,,33,33063,5,2,6,4,1,Autoroute,70.0,2
202400049593,2024-02-16,matin,,,92,92012,5,1,7,4,3,Départementale,30.0,1
202400049594,2024-12-04,soirée,,,31,31381,5,1,3,3,3,Départementale,30.0,1
202400049595,2024-09-20,soirée,,,53,53043,1,1,3,4,3,Départementale,50.0,1
202400049596,2024-08-18,après-midi,,,22,22293,1,1,6,3,3,Départementale,30.0,1
202400049597,2024-06-11,soirée,,,05,05054,1,1,6,3,4,Voie communale,30.0,1
202400049598,2024-07-13,matin,,,75,75109,1,8,6,4,4,Voie communale,,2
202400049599,2024-02-16,soirée,,,95,95313,5,1,3,3,3,Départementale,50.0,1
202400049600,2024-12-04,soirée,,,86,86024,3,5,6,3,4,Voie communale,50.0,2
202400049601,2024-02-27,après-midi,,,974,97416,1,1,3,3,4,Voie communale,50.0,1
202400049602,2024-10-27,soirée,,,78,78362,3,1,2,4,1,Autoroute,130.0,1
202400049603,2024-09-24,après-midi,,,40,40002,1,1,2,3,3,Départementale,50.0,1
202400049604,2024-08-16,après-midi,,,29,29160,1,2,7,3,4,Voie communale,80.0,2
202400049605,2024-06-12,matin,,,24,24087,1,1,1,4,3,Départementale,90.0,1
202400049606,2024-02-17,matin,,,974,97405,1,2,3,4,3,Départementale,50.0,2
202400049607,2024-07-13,matin,,,75,75109,1,2,3,4,4,Voie communale,30.0,2
202400049608,2024-03-28,après-midi,,,974,97411,1,1,3,4,4,Voie communale,50.0,1
202400049609,2024-12-04,matin,,,44,44204,1,1,3,3,4,Voie communale,50.0,1
202400049610,2024-08-19,matin,,,38,38416,1,1,6,4,3,Départementale,50.0,1
202400049611,2024-06-12,matin,,,28,28089,1,1,6,2,3,Départementale,50.0,1
202400049612,2024-03-28,après-midi,,,974,97411,1,1,6,4,4,Voie communale,50.0,1
202400049613,2024-02-17,matin,,,57,57211,3,1,6,3,1,Autoroute,130.0,2
202400049614,2024-10-27,soirée,,,78,78291,3,1,4,4,1,Autoroute,110.0,1
202400049615,2024-09-24,après-midi,,,40,40228,1,7,3,3,3,Départementale,80.0,1
202400049616,2024-06-11,après-midi,,,52,52544,1,1,6,3,3,Départementale,50.0,9
202400049617,2024-12-04,après-midi,,,61,61213,1,5,3,4,2,Nationale,70.0,2
202400049618,2024-10-27,matin,,,92,92063,1,8,6,4,1,Autoroute,90.0,1
202400049619,2024-08-18,nuit,,,15,15114,4,1,6,4,4,Voie communale,50.0,1
202400049620,2024-02-17,après-midi,,,85,85153,1,1,6,2,3,Départementale,80.0,1
202400049621,2024-07-13,nuit,,,75,75109,5,8,3,4,4,Voie communale,,1
202400049622,2024-03-28,soirée,,,974,97409,5,2,1,4,4,Voie communale,20.0,2
202400049623,2024-09-24,matin,,,40,40044,1,1,7,4,4,Voie communale,80.0,1
202400049624,2024-12-05,matin,,,60,60116,3,2,1,4,3,Départementale,80.0,2
202400049625,2024-10-28,soirée,,,93,93064,3,1,2,4,1,Autoroute,90.0,1
202400049626,2024-06-11,matin,,,08,08491,1,1,6,3,3,Départementale,50.0,1
202400049627,2024-02-15,après-midi,,,62,62770,1,1,6,3,3,Départementale,70.0,1
202400049628,2024-08-17,après-midi,,,85,85008,1,1,6,3,1,Autoroute,130.0,1
202400049629,2024-12-05,matin,,,60,60628,3,2,6,4,2,Nationale,80.0,2
202400049630,2024-07-12,après-midi,,,75,75107,1,1,2,4,4,Voie communale,30.0,1
202400049631,2024-10-28,après-midi,,,93,93010,1,1,2,4,1,Autoroute,90.0,1
202400049632,2024-12-04,matin,,,59,59481,1,1,1,4,3,Départementale,80.0,2
202400049633,2024-06-11,après-midi,,,06,06152,1,1,3,4,3,Départementale,50.0,1
202400049634,2024-02-09,après-midi,,,83,83096,1,2,2,4,3,Départementale,80.0,2
202400049635,2024-09-23,après-midi,,,85,85190,1,1,3,3,3,Départementale,80.0,1
202400049636,2024-08-18,matin,,,66,66027,1,2,1,4,3,Départementale,50.0,2
202400049637,2024-03-28,matin,,,974,97409,3,2,5,4,2,Nationale,110.0,2
202400049638,2024-07-13,après-midi,,,75,75107,1,1,3,4,4,Voie communale,30.0,1
202400049639,2024-12-04,nuit,,,59,59137,3,1,1,4,3,Départementale,50.0,1
202400049640,2024-10-28,matin,,,93,93030,1,1,3,4,1,Autoroute,90.0,1
202400049641,2024-09-22,matin,,,27,27654,1,8,7,4,3,Départementale,,2
202400049642,2024-02-14,nuit,,,56,56006,3,1,2,3,2,Nationale,110.0,1
202400049643,2024-08-19,matin,,,66,66148,1,1,1,2,3,Départementale,80.0,1
202400049644,2024-06-10,après-midi,,,971,97118,1,1,1,3,3,Départementale,70.0,1
202400049645,2024-03-28,matin,,,69,69388,1,1,6,3,4,Voie communale,30.0,1
202400049646,2024-10-28,après-midi,,,94,94017,2,1,2,4,1,Autoroute,90.0,1
202400049647,2024-09-23,nuit,,,30,30306,3,1,7,2,4,Voie communale,,9
202400049648,2024-02-17,matin,,,56,56184,1,5,3,4,3,Départementale,50.0,1
202400049649,2024-06-11,après-midi,,,95,95535,1,1,7,3,3,Départementale,50.0,8
202400049650,2024-07-13,nuit,,,94,94041,5,1,1,4,3,Départementale,50.0,1
202400049651,2024-12-01,soirée,,,13,13117,3,1,4,4,1,Autoroute,90.0,1
202400049652,2024-10-28,après-midi,,,77,77122,1,1,3,4,2,Nationale,90.0,1
202400049653,2024-02-16,après-midi,,,56,56067,1,1,6,3,4,Voie communale,50.0,1
202400049654,2024-08-18,après-midi,,,18,18209,1,1,3,3,4,Voie communale,30.0,1
202400049655,2024-07-13,soirée,,,94,94011,1,1,6,4,4,Voie communale,50.0,1
202400049656,2024-03-27,soirée,,,971,97113,5,1,4,4,2,Nationale,70.0,1
202400049657,2024-06-12,après-midi,,,52,52353,1,1,7,4,3,Départementale,90.0,1
202400049658,2024-09-24,après-midi,,,72,72386,1,1,2,4,1,Autoroute,130.0,1
202400049659,2024-12-04,soirée,,,33,33192,3,1,2,4,1,Autoroute,90.0,1
202400049660,2024-02-17,après-midi,,,76,76605,1,1,3,3,3,Départementale,50.0,1
202400049661,2024-07-13,soirée,,,84,84105,1,1,3,3,3,Départementale,80.0,1
202400049662,2024-09-24,nuit,,,13,13091,3,1,1,2,3,Départementale,80.0,1
202400049663,2024-07-13,après-midi,,,94,94077,1,1,3,4,4,Voie communale,30.0,1
202400049664,2024-03-28,après-midi,,,91,91377,1,1,1,3,3,Départementale,50.0,1
202400049665,2024-08-17,soirée,,,21,21154,1,2,3,4,3,Départementale,70.0,2
202400049666,2024-12-02,après-midi,,,59,59508,1,1,6,2,1,Autoroute,110.0,1
202400049667,2024-06-12,matin,,,79,79270,1,1,1,4,4,Voie communale,50.0,1
202400049668,2024-09-23,nuit,,,01,01228,3,8,6,4,1,Autoroute,110.0,2
202400049669,2024-10-27,nuit,,,974,97416,5,1,6,4,4,Voie communale,50.0,1
202400049670,2024-12-04,après-midi,,,94,94034,2,1,3,4,1,Autoroute,110.0,1
202400049671,2024-06-11,nuit,,,17,17337,3,1,7,3,4,Voie communale,80.0,1
202400049672,2024-08-18,après-midi,,,40,40270,1,1,1,4,3,Départementale,80.0,1
202400049673,2024-03-28,matin,,,91,91377,1,1,6,4,3,Départementale,50.0,2
202400049674,2024-07-13,après-midi,,,93,93027,1,1,2,4,3,Départementale,50.0,1
202400049675,2024-10-28,nuit,,,974,97411,5,1,2,4,2,Nationale,50.0,1
202400049676,2024-12-04,matin,,,91,91161,2,1,2,4,1,Autoroute,110.0,2
202400049677,2024-09-24,matin,,,34,34337,1,1,3,3,7,Autre,80.0,1
202400049678,2024-06-12,après-midi,,,86,86061,1,1,6,2,3,Départementale,80.0,1
202400049679,2024-08-17,après-midi,,,40,40312,1,1,3,4,3,Départementale,50.0,1
202400049680,2024-02-13,après-midi,,,2B,2B354,1,1,6,4,2,Nationale,50.0,1
202400049681,2024-03-27,soirée,,,91,91114,5,1,6,4,4,Voie communale,20.0,1
202400049682,2024-10-26,après-midi,,,95,95252,1,1,2,4,4,Voie communale,50.0,1
202400049683,2024-07-13,soirée,,,93,93010,1,2,6,4,3,Départementale,30.0,2
202400049684,2024-02-16,soirée,,,33,33514,1,1,3,3,3,Départementale,80.0,1
202400049685,2024-06-11,après-midi,,,35,35047,1,1,3,4,4,Voie communale,50.0,1
202400049686,2024-06-08,nuit,,,35,35353,5,1,1,3,4,Voie communale,50.0,1
202400049687,2024-12-04,matin,,,92,92050,1,1,4,4,1,Autoroute,70.0,1
202400049688,2024-10-27,matin,,,95,95563,1,8,1,4,4,Voie communale,50.0,2
202400049689,2024-08-18,soirée,,,28,28386,1,1,3,4,3,Départementale,50.0,9
202400049690,2024-02-16,matin,,,32,32455,1,2,6,4,3,Départementale,80.0,2
202400049691,2024-12-04,matin,,,92,92050,1,1,3,4,1,Autoroute,110.0,1
202400049692,2024-06-12,nuit,,,27,27386,2,5,6,2,3,Départementale,80.0,1
202400049693,2024-03-28,soirée,,,86,86066,5,2,4,4,3,Départementale,50.0,2
202400049694,2024-09-22,soirée,,,01,01425,2,3,6,4,1,Autoroute,,2
202400049695,2024-07-12,soirée,,,93,93010,1,1,3,4,3,Départementale,30.0,1
202400049696,2024-10-27,soirée,,,95,95500,5,2,2,4,3,Départementale,70.0,2
202400049697,2024-08-18,nuit,,,37,37104,3,1,6,4,4,Voie communale,70.0,1
202400049698,2024-03-24,soirée,,,85,85194,5,1,6,4,3,Départementale,50.0,1
202400049699,2024-06-11,après-midi,,,60,60612,1,1,3,4,4,Voie communale,50.0,1
202400049700,2024-09-23,après-midi,,,06,06059,1,2,7,4,1,Autoroute,90.0,2
202400049701,2024-07-13,matin,,,93,93001,1,2,3,4,3,Départementale,50.0,2
202400049702,2024-02-17,après-midi,,,55,55079,1,1,3,3,3,Départementale,50.0,1
202400049703,2024-08-17,matin,,,48,48038,1,8,6,4,3,Départementale,90.0,1
202400049704,2024-10-27,matin,,,88,88209,2,1,3,4,4,Voie communale,50.0,1
202400049705,2024-06-05,après-midi,,,59,59497,1,1,2,3,3,Départementale,80.0,1
202400049706,2024-09-22,matin,,,69,69043,1,2,6,4,3,Départementale,50.0,2
202400049707,2024-12-03,soirée,,,78,78490,3,1,4,4,2,Nationale,110.0,1
202400049708,2024-02-15,nuit,,,49,49170,3,9,7,3,4,Voie communale,50.0,2
202400049709,2024-12-03,soirée,,,93,93078,3,1,6,4,1,Autoroute,70.0,1
202400049710,2024-10-27,soirée,,,82,82033,3,1,3,4,3,Départementale,70.0,1
202400049711,2024-07-13,soirée,,,92,92078,1,3,3,4,3,Départementale,50.0,2
202400049712,2024-02-17,matin,,,35,35162,2,1,6,3,3,Départementale,50.0,1
202400049713,2024-08-19,après-midi,,,06,06152,1,1,2,3,3,Départementale,50.0,1
202400049714,2024-09-23,soirée,,,30,30221,1,1,7,3,1,Autoroute,130.0,1