Num_Acc,date,time_of_day,lat,long,dep,com,lum,atm,col,severity_index,catr,catr_label,vma,surf
202400049715,2024-06-11,matin,,,13,13015,1,1,4,4,1,Autoroute,90.0,1
202400049716,2024-12-03,matin,,,95,95572,2,2,2,4,2,Nationale,90.0,2
202400049717,2024-02-15,soirée,,,31,31050,3,1,6,3,3,Départementale,80.0,1
202400049718,2024-07-13,nuit,,,92,92046,5,1,6,3,4,Voie communale,30.0,1
202400049719,2024-03-27,après-midi,,,83,83137,1,1,2,4,4,Voie communale,50.0,1
202400049720,2024-10-27,soirée,,,78,78551,5,9,3,4,9,Autre,45.0,1
202400049721,2024-08-14,nuit,,,987,98715,5,1,1,3,2,Nationale,,1
202400049722,2024-06-11,matin,,,13,13215,1,1,3,4,1,Autoroute,70.0,1
202400049723,2024-12-03,matin,,,93,93066,1,1,2,4,1,Autoroute,50.0,1
202400049724,2024-09-24,après-midi,,,21,21452,1,1,3,4,7,Autre,80.0,1
202400049725,2024-02-16,soirée,,,02,02035,2,1,3,3,3,Départementale,80.0,1
202400049726,2024-06-10,nuit,,,13,13043,3,8,6,4,1,Autoroute,110.0,2
202400049727,2024-07-13,matin,,,92,92072,1,1,2,4,3,Départementale,30.0,1
202400049728,2024-10-27,après-midi,,,77,77438,1,1,6,4,6,Autre,50.0,1
202400049729,2024-03-27,matin,,,83,83137,1,1,3,4,3,Départementale,50.0,2
202400049730,2024-02-17,après-midi,,,03,03079,1,1,7,4,3,Départementale,90.0,1
202400049731,2024-08-17,après-midi,,,971,97103,1,3,2,4,2,Nationale,70.0,3
202400049732,2024-12-03,matin,,,93,93078,1,1,2,4,1,Autoroute,110.0,1
202400049733,2024-07-13,matin,,,92,92002,1,1,6,4,4,Voie communale,50.0,1
202400049734,2024-06-10,nuit,,,13,13211,3,8,6,4,1,Autoroute,90.0,2
202400049735,2024-10-27,soirée,,,76,76561,5,1,3,4,7,Autre,50.0,2
202400049736,2024-09-22,matin,,,33,33496,1,3,1,4,3,Départementale,70.0,2
202400049737,2024-03-27,soirée,,,78,78350,1,1,5,3,2,Nationale,50.0,1
202400049738,2024-12-02,matin,,,95,95277,1,1,5,4,1,Autoroute,90.0,2
202400049739,2024-06-10,nuit,,,13,13015,3,8,6,4,1,Autoroute,70.0,2
202400049740,2024-08-19,après-midi,,,38,38449,1,1,4,4,1,Autoroute,130.0,1
202400049741,2024-02-17,après-midi,,,45,45322,2,7,1,2,3,Départementale,90.0,1
202400049742,2024-07-13,après-midi,,,24,24442,1,1,1,4,3,Départementale,80.0,1
202400049743,2024-06-11,nuit,,,57,57534,3,1,6,3,2,Nationale,110.0,1
202400049744,2024-09-24,après-midi,,,30,30145,1,1,1,3,3,Départementale,80.0,1
202400049745,2024-10-27,soirée,,,74,74118,5,1,5,4,3,Départementale,50.0,1
202400049746,2024-12-04,soirée,,,94,94004,3,1,4,4,2,Nationale,90.0,1
202400049747,2024-08-18,après-midi,,,977,97701,1,1,3,3,2,Nationale,30.0,1
202400049748,2024-02-16,matin,,,64,64546,1,1,2,3,3,Départementale,50.0,1
202400049749,2024-03-28,matin,,,77,77152,1,1,6,2,3,Départementale,50.0,1
202400049750,2024-06-11,matin,,,33,33013,1,2,2,4,2,Nationale,90.0,2
202400049751,2024-07-14,après-midi,,,38,38238,1,1,3,4,3,Départementale,80.0,1
202400049752,2024-06-11,après-midi,,,91,91064,1,1,6,4,6,Autre,30.0,1
202400049753,2024-03-27,après-midi,,,77,77449,1,1,6,4,4,Voie communale,50.0,1
202400049754,2024-12-02,après-midi,,,77,77146,3,2,2,4,2,Nationale,90.0,2
202400049755,2024-02-16,soirée,,,64,64519,5,2,3,4,3,Départementale,70.0,2
202400049756,2024-10-27,soirée,,,71,71040,2,1,3,4,4,Voie communale,50.0,1
202400049757,2024-08-17,nuit,,,77,77470,3,3,6,4,3,Départementale,90.0,3
202400049758,2024-09-24,après-midi,,,84,84132,1,1,1,4,3,Départementale,80.0,1
202400049759,2024-06-11,matin,,,91,91377,1,1,3,4,1,Autoroute,90.0,1
202400049760,2024-07-13,après-midi,,,86,86174,1,1,2,3,3,Départementale,90.0,1
202400049761,2024-09-27,soirée,,,88,88160,2,1,3,4,4,Voie communale,30.0,1
202400049762,2024-03-27,après-midi,,,77,77333,1,1,3,4,3,Départementale,50.0,1
202400049763,2024-08-19,soirée,,,54,54215,1,1,6,3,4,Voie communale,30.0,1
202400049764,2024-02-17,après-midi,,,18,18035,1,1,1,4,2,Nationale,80.0,1
202400049765,2024-09-22,après-midi,,,83,83023,1,1,6,3,3,Départementale,90.0,1
202400049766,2024-10-27,nuit,,,69,69266,5,1,2,4,4,Voie communale,50.0,1
202400049767,2024-06-11,nuit,,,75,75114,5,2,3,4,1,Autoroute,50.0,2
202400049768,2024-03-28,après-midi,,,69,69115,1,1,7,4,3,Départementale,50.0,1
202400049769,2024-08-18,après-midi,,,01,01297,1,2,7,3,3,Départementale,80.0,2
202400049770,2024-07-14,matin,,,33,33204,1,1,6,4,4,Voie communale,30.0,1
202400049771,2024-10-27,soirée,,,64,64445,2,1,7,4,4,Voie communale,50.0,1
202400049772,2024-02-16,après-midi,,,10,10270,1,2,1,3,3,Départementale,80.0,2
202400049773,2024-09-27,après-midi,,,88,88061,1,8,7,3,3,Départementale,80.0,2
202400049774,2024-06-10,nuit,,,92,92064,3,1,2,4,1,Autoroute,90.0,1
202400049775,2024-07-14,après-midi,,,21,21231,1,1,3,4,1,Autoroute,110.0,1
202400049776,2024-09-23,après-midi,,,25,25032,1,3,3,4,3,Départementale,80.0,2
202400049777,2024-03-26,soirée,,,69,69290,5,3,3,4,4,Voie communale,50.0,2
202400049778,2024-02-16,nuit,,,07,07084,3,1,7,4,4,Voie communale,90.0,1
202400049779,2024-08-17,après-midi,,,65,65123,1,1,4,4,3,Départementale,70.0,1
202400049780,2024-09-08,nuit,,,88,88398,3,2,7,3,3,Départementale,80.0,2
202400049781,2024-07-14,après-midi,,,51,51309,1,1,7,2,3,Départementale,80.0,1
202400049782,2024-10-27,après-midi,,,62,62178,1,1,3,4,4,Voie communale,50.0,1
202400049783,2024-09-17,après-midi,,,67,67067,1,1,6,3,4,Voie communale,50.0,1
202400049784,2024-06-11,après-midi,,,93,93008,1,1,5,4,1,Autoroute,90.0,1
202400049785,2024-03-26,après-midi,,,69,69199,1,2,3,4,7,Autre,50.0,2
202400049786,2024-08-19,soirée,,,85,85088,1,1,3,3,3,Départementale,80.0,1
202400049787,2024-10-26,après-midi,,,51,51454,1,1,6,4,4,Voie communale,50.0,1
202400049788,2024-02-17,nuit,,,07,07240,4,1,2,3,3,Départementale,70.0,1
202400049789,2024-08-31,après-midi,,,88,88160,1,1,3,4,3,Départementale,90.0,1
202400049790,2024-06-11,matin,,,95,95488,1,1,6,4,1,Autoroute,110.0,1
202400049791,2024-07-13,après-midi,,,12,12124,1,1,3,3,3,Départementale,90.0,1
202400049792,2024-09-16,après-midi,,,67,67101,1,8,3,4,4,Voie communale,50.0,1
202400049793,2024-06-11,matin,,,93,93007,1,1,3,4,1,Autoroute,110.0,1
202400049794,2024-08-05,après-midi,,,22,22186,1,1,3,3,4,Voie communale,30.0,1
202400049795,2024-02-16,matin,,,21,21603,1,2,2,3,3,Départementale,70.0,2
202400049796,2024-08-28,après-midi,,,88,88209,1,1,3,4,4,Voie communale,50.0,1
202400049797,2024-03-28,soirée,,,68,68224,1,1,6,3,4,Voie communale,50.0,1
202400049798,2024-06-10,matin,,,93,93029,1,1,7,4,1,Autoroute,90.0,1
202400049799,2024-12-03,matin,,,974,97416,1,1,3,4,3,Départementale,70.0,1
202400049800,2024-10-27,après-midi,,,47,47201,1,1,3,3,3,Départementale,50.0,1
202400049801,2024-06-10,nuit,,,95,95582,3,1,7,4,1,Autoroute,110.0,1
202400049802,2024-03-28,après-midi,,,67,67482,1,1,3,4,4,Voie communale,50.0,1
202400049803,2024-07-13,nuit,,,35,35363,3,1,2,2,2,Nationale,110.0,1
202400049804,2024-02-16,après-midi,,,04,04094,1,1,1,3,3,Départementale,80.0,1
202400049805,2024-09-24,soirée,,,42,42304,2,8,3,3,3,Départementale,80.0,1
202400049806,2024-08-17,nuit,,,13,13117,3,1,5,4,1,Autoroute,90.0,1
202400049807,2024-07-14,matin,,,974,97414,1,1,6,3,2,Nationale,70.0,1
202400049808,2024-10-27,après-midi,,,45,45169,1,1,1,4,4,Voie communale,50.0,1
202400049809,2024-03-28,après-midi,,,64,64445,1,1,3,4,6,Autre,30.0,1
202400049810,2024-06-09,soirée,,,93,93053,1,1,2,4,1,Autoroute,70.0,1
202400049811,2024-08-17,nuit,,,91,91432,3,3,2,4,1,Autoroute,100.0,3
202400049812,2024-09-23,matin,,,81,81104,1,8,1,4,3,Départementale,50.0,2
202400049813,2024-02-17,soirée,,,27,27056,3,1,1,3,4,Voie communale,50.0,1
202400049814,2024-12-02,après-midi,,,974,97409,1,1,4,4,2,Nationale,110.0,1
202400049815,2024-06-11,matin,,,77,77294,1,1,2,4,1,Autoroute,90.0,1
202400049816,2024-12-03,après-midi,,,972,97209,1,1,6,4,4,Voie communale,50.0,1
202400049817,2024-07-13,soirée,,,30,30131,1,1,1,3,3,Départementale,80.0,1
202400049818,2024-03-27,après-midi,,,63,63245,1,1,2,4,3,Départementale,50.0,1
202400049819,2024-10-27,soirée,,,38,38421,5,1,5,4,4,Voie communale,30.0,1
202400049820,2024-02-16,soirée,,,17,17322,3,1,3,3,3,Départementale,80.0,1
202400049821,2024-06-10,après-midi,,,77,77495,1,1,2,4,1,Autoroute,110.0,1
202400049822,2024-08-17,nuit,,,91,91228,3,2,4,4,1,Autoroute,110.0,2
202400049823,2024-12-03,matin,,,2B,2B033,1,7,6,4,4,Voie communale,50.0,1
202400049824,2024-09-21,après-midi,,,81,81225,1,1,2,4,3,Départementale,70.0,1
202400049825,2024-07-13,après-midi,,,30,30151,1,1,1,2,3,Départementale,50.0,1
202400049826,2024-03-27,après-midi,,,63,63075,1,1,1,4,7,Autre,50.0,1
202400049827,2024-04-12,nuit,,,74,74179,3,1,1,2,3,Départementale,80.0,1
202400049828,2024-02-16,après-midi,,,87,87019,1,2,3,3,3,Départementale,50.0,2
202400049829,2024-10-27,soirée,,,35,35051,3,1,2,4,2,Nationale,90.0,1
202400049830,2024-09-24,après-midi,,,65,65173,1,1,7,3,4,Voie communale,30.0,1
202400049831,2024-08-18,après-midi,,,78,78217,1,1,3,4,1,Autoroute,130.0,1
202400049832,2024-07-13,après-midi,,,51,51281,1,1,7,3,3,Départementale,50.0,1
202400049833,2024-12-03,matin,,,2B,2B037,1,1,3,4,2,Nationale,50.0,1
202400049834,2024-04-08,matin,,,74,74090,1,1,7,2,3,Départementale,80.0,1
202400049835,2024-02-17,après-midi,,,30,30284,1,1,7,4,4,Voie communale,80.0,1
202400049836,2024-08-18,matin,,,92,92050,5,1,2,4,1,Autoroute,70.0,1
202400049837,2024-03-22,matin,,,62,62510,1,1,4,4,3,Départementale,70.0,1
202400049838,2024-07-13,matin,,,19,19156,1,1,7,4,4,Voie communale,90.0,6
202400049839,2024-10-27,soirée,,,34,34172,5,2,3,4,4,Voie communale,50.0,2
202400049840,2024-09-24,matin,,,64,64501,2,8,1,3,3,Départementale,50.0,2
202400049841,2024-12-03,après-midi,,,971,97120,2,1,3,4,4,Voie communale,50.0,1
202400049842,2024-07-13,matin,,,76,76469,1,1,7,2,3,Départementale,80.0,1
202400049843,2024-03-28,matin,,,74,74293,1,1,3,4,4,Voie communale,30.0,1
202400049844,2024-10-27,nuit,,,29,29232,5,1,6,4,4,Voie communale,30.0,1
202400049845,2024-08-17,nuit,,,92,92047,3,1,2,4,1,Autoroute,110.0,1
202400049846,2024-03-28,nuit,,,60,60414,5,8,6,4,4,Voie communale,50.0,1
202400049847,2024-12-03,matin,,,2A,2A004,1,1,3,4,2,Nationale,50.0,1
202400049848,2024-09-19,soirée,,,35,35360,5,1,3,3,3,Départementale,50.0,1
202400049849,2024-03-27,nuit,,,74,74242,3,1,7,4,3,Départementale,50.0,1
202400049850,2024-10-27,soirée,,,27,27681,3,1,7,4,3,Départementale,80.0,1
202400049851,2024-07-13,matin,,,33,33424,1,1,6,4,4,Voie communale,50.0,1
202400049852,2024-02-16,soirée,,,30,30088,3,1,5,3,3,Départementale,80.0,1
202400049853,2024-03-20,nuit,,,59,59350,5,1,3,3,4,Voie communale,30.0,1
202400049854,2024-07-13,après-midi,,,32,32237,1,1,7,3,3,Départementale,110.0,1
202400049855,2024-08-18,après-midi,,,95,95277,1,1,4,4,1,Autoroute,90.0,1
202400049856,2024-04-08,après-midi,,,42,42218,1,1,2,4,4,Voie communale,50.0,1
202400049857,2024-12-02,après-midi,,,95,95424,5,1,2,4,3,Départementale,50.0,1
202400049858,2024-09-22,après-midi,,,60,60450,1,2,1,4,3,Départementale,70.0,2
202400049859,2024-08-18,matin,,,92,92036,1,1,6,4,1,Autoroute,50.0,2
202400049860,2024-10-27,après-midi,,,27,27701,1,1,3,4,4,Voie communale,50.0,1
202400049861,2024-03-28,matin,,,59,59350,1,1,3,4,4,Voie communale,30.0,1
202400049862,2024-07-13,nuit,,,71,71187,3,1,7,3,3,Départementale,50.0,1
202400049863,2024-02-06,matin,,,13,13026,2,1,1,4,3,Départementale,70.0,1
202400049864,2024-08-18,nuit,,,95,95582,3,2,6,4,1,Autoroute,90.0,2
202400049865,2024-09-24,après-midi,,,60,60628,1,2,6,4,2,Nationale,110.0,2
202400049866,2024-10-27,soirée,,,26,26198,1,1,7,4,3,Départementale,80.0,1
202400049867,2024-12-03,matin,,,95,95018,1,2,5,4,3,Départementale,70.0,2
202400049868,2024-08-18,nuit,,,92,92036,3,2,6,4,1,Autoroute,50.0,2
202400049869,2024-03-28,matin,,,59,59009,1,8,3,4,4,Voie communale,50.0,1
202400049870,2024-02-25,après-midi,,,32,32115,1,1,1,4,2,Nationale,80.0,2
202400049871,2024-07-14,nuit,,,71,71359,2,1,2,4,3,Départementale,90.0,1
202400049872,2024-09-22,soirée,,,59,59218,3,1,7,3,4,Voie communale,80.0,1
202400049873,2024-12-02,matin,,,91,91691,1,1,6,4,4,Voie communale,50.0,1
202400049874,2024-02-16,soirée,,,21,21285,3,2,4,4,1,Autoroute,130.0,2
202400049875,2024-03-27,après-midi,,,59,59017,1,1,6,4,4,Voie communale,30.0,1
202400049876,2024-10-27,après-midi,,,25,25056,1,1,3,4,4,Voie communale,30.0,1
202400049877,2024-01-30,nuit,,,32,32165,3,1,6,3,3,Départementale,90.0,1
202400049878,2024-08-17,soirée,,,95,95277,1,2,5,4,1,Autoroute,110.0,2
202400049879,2024-09-23,après-midi,,,69,69286,1,1,2,4,1,Autoroute,90.0,1
202400049880,2024-02-17,nuit,,,988,98824,3,2,6,3,3,Départementale,50.0,2
202400049881,2024-02-22,après-midi,,,13,13213,1,1,2,4,1,Autoroute,70.0,1
202400049882,2024-07-14,nuit,,,89,89298,2,1,6,3,3,Départementale,50.0,1
202400049883,2024-10-27,matin,,,18,18279,2,5,3,4,4,Voie communale,30.0,1
202400049884,2024-12-03,soirée,,,91,91286,5,2,4,4,3,Départementale,50.0,2
202400049885,2024-03-26,nuit,,,57,57491,5,2,3,4,3,Départementale,50.0,2
202400049886,2024-06-10,matin,,,987,98736,1,8,3,4,4,Voie communale,30.0,1
202400049887,2024-12-02,matin,,,89,89387,2,1,3,3,3,Départementale,50.0,1
202400049888,2024-02-15,soirée,,,28,28055,3,8,1,4,3,Départementale,80.0,1
202400049889,2024-10-28,nuit,,,13,13210,5,1,3,4,4,Voie communale,50.0,1
202400049890,2024-09-19,après-midi,,,01,01376,1,1,5,4,1,Autoroute,110.0,1
202400049891,2024-07-14,matin,,,89,89088,1,1,3,4,3,Départementale,90.0,1
202400049892,2024-05-31,après-midi,,,74,74119,1,2,6,3,4,Voie communale,50.0,2
202400049893,2024-03-28,matin,,,56,56260,1,2,4,4,2,Nationale,90.0,2
202400049894,2024-06-10,matin,,,976,97611,1,1,3,4,2,Nationale,50.0,1
202400049895,2024-12-03,matin,,,86,86194,5,1,1,4,4,Voie communale,20.0,1
202400049896,2024-05-04,nuit,,,74,74119,3,2,6,4,3,Départementale,50.0,2
202400049897,2024-07-13,nuit,,,49,49131,2,1,6,3,4,Voie communale,80.0,1
202400049898,2024-02-17,après-midi,,,45,45229,1,1,1,4,3,Départementale,80.0,1
202400049899,2024-03-28,matin,,,56,56121,2,2,6,4,4,Voie communale,30.0,2
202400049900,2024-09-19,après-midi,,,69,69290,1,1,5,3,1,Autoroute,90.0,1
202400049901,2024-06-10,matin,,,974,97407,1,1,6,4,4,Voie communale,50.0,1
202400049902,2024-07-14,après-midi,,,22,22212,1,1,7,4,4,Voie communale,80.0,1
202400049903,2024-03-02,après-midi,,,73,73270,1,1,2,4,3,Départementale,80.0,1
202400049904,2024-10-27,soirée,,,06,06088,2,1,2,4,4,Voie communale,50.0,1
202400049905,2024-06-10,soirée,,,69,69388,1,1,1,4,4,Voie communale,30.0,1
202400049906,2024-03-28,matin,,,51,51454,1,1,3,4,4,Voie communale,50.0,2
202400049907,2024-12-02,après-midi,,,83,83137,2,1,6,3,4,Voie communale,50.0,1
202400049908,2024-08-17,après-midi,,,974,97411,1,1,6,4,4,Voie communale,50.0,1
202400049909,2024-07-13,nuit,,,39,39470,3,1,1,3,2,Nationale,80.0,1
202400049910,2024-10-27,soirée,,,06,06069,3,9,6,4,3,Départementale,50.0,2
202400049911,2024-02-17,après-midi,,,2A,2A247,1,1,2,4,2,Nationale,50.0,1
202400049912,2024-09-19,après-midi,,,67,67482,1,1,2,4,7,Autre,50.0,1
202400049913,2024-06-10,après-midi,,,69,69383,1,1,1,4,4,Voie communale,30.0,1
202400049914,2024-12-03,matin,,,83,83137,1,1,6,4,4,Voie communale,50.0,1
202400049915,2024-07-14,nuit,,,25,25442,3,1,6,3,3,Départementale,90.0,1
202400049916,2024-10-26,après-midi,,,04,04070,1,3,6,4,4,Voie communale,50.0,2
202400049917,2024-03-27,matin,,,51,51454,2,1,3,3,4,Voie communale,50.0,1
202400049918,2024-06-10,soirée,,,972,97209,1,1,6,4,4,Voie communale,50.0,1
202400049919,2024-08-16,après-midi,,,973,97302,1,1,3,4,4,Voie communale,50.0,1
202400049920,2024-12-01,matin,,,83,83123,1,1,6,3,3,Départementale,50.0,1
202400049921,2024-02-16,après-midi,,,11,11099,2,2,1,4,3,Départementale,70.0,2
202400049922,2024-07-14,après-midi,,,02,02174,1,8,6,4,2,Nationale,110.0,1
202400049923,2024-09-20,nuit,,,59,59507,5,1,5,3,1,Autoroute,90.0,1
202400049924,2024-06-10,après-midi,,,69,69389,1,1,6,3,4,Voie communale,30.0,1
202400049925,2024-08-17,matin,,,972,97213,1,1,6,3,2,Nationale,70.0,1
202400049926,2024-10-27,après-midi,,,75,75119,1,1,6,4,4,Voie communale,30.0,1
202400049927,2024-03-28,après-midi,,,47,47001,1,1,3,4,4,Voie communale,50.0,1
202400049928,2024-11-29,matin,,,80,80021,1,1,7,4,4,Voie communale,30.0,1
202400049929,2024-06-10,après-midi,,,69,69381,1,1,6,4,4,Voie communale,30.0,1
202400049930,2024-12-02,soirée,,,80,80021,2,2,7,4,4,Voie communale,50.0,2
202400049931,2024-03-27,nuit,,,42,42218,5,1,7,3,4,Voie communale,30.0,1
202400049932,2024-09-22,nuit,,,59,59462,5,1,6,3,1,Autoroute,90.0,1
202400049933,2024-02-11,après-midi,,,34,34017,1,1,7,4,3,Départementale,80.0,1
202400049934,2024-07-11,soirée,,,02,02816,1,2,2,4,3,Départementale,80.0,2
202400049935,2024-06-06,matin,,,971,97113,1,1,7,4,4,Voie communale,50.0,1
202400049936,2024-08-17,matin,,,2B,2B033,1,1,2,4,4,Voie communale,50.0,1
202400049937,2024-10-27,nuit,,,75,75116,5,2,3,4,4,Voie communale,30.0,2
202400049938,2024-03-28,matin,,,42,42187,1,1,3,3,3,Départementale,50.0,1
202400049939,2024-06-09,soirée,,,971,97101,5,1,2,4,2,Nationale,90.0,1
202400049940,2024-02-17,matin,,,05,05078,1,1,3,4,4,Voie communale,50.0,1
202400049941,2024-08-17,nuit,,,2B,2B120,4,1,1,4,2,Nationale,50.0,2
202400049942,2024-09-23,matin,,,91,91570,2,2,4,4,2,Nationale,110.0,2
202400049943,2024-02-17,nuit,,,13,13066,3,1,7,4,3,Départementale,80.0,1
202400049944,2024-10-26,après-midi,,,75,75115,1,1,3,4,4,Voie communale,30.0,1
202400049945,2024-12-02,matin,,,77,77518,2,1,1,4,3,Départementale,70.0,1
202400049946,2024-06-08,nuit,,,971,97105,5,1,3,4,4,Voie communale,50.0,1
202400049947,2024-03-28,après-midi,,,38,38053,1,1,2,4,3,Départementale,50.0,1
202400049948,2024-07-13,nuit,,,03,03049,3,1,6,4,3,Départementale,80.0,1
202400049949,2024-02-16,matin,,,03,03032,1,2,7,4,4,Voie communale,90.0,2
202400049950,2024-08-17,après-midi,,,971,97101,1,1,7,4,4,Voie communale,50.0,1
202400049951,2024-06-10,après-midi,,,2A,2A004,1,1,2,4,4,Voie communale,50.0,1
202400049952,2024-09-23,nuit,,,92,92063,3,8,3,4,1,Autoroute,70.0,2
202400049953,2024-07-13,nuit,,,03,03063,3,1,2,3,3,Départementale,50.0,1
202400049954,2024-03-28,après-midi,,,34,34108,1,1,6,4,3,Départementale,80.0,1
202400049955,2024-10-26,nuit,,,75,75110,5,1,6,4,4,Voie communale,30.0,1
202400049956,2024-08-17,matin,,,971,97101,1,1,6,4,2,Nationale,90.0,1
202400049957,2024-12-03,matin,,,73,73065,1,2,3,3,4,Voie communale,50.0,2
202400049958,2024-07-13,matin,,,70,70546,1,1,6,3,3,Départementale,90.0,1
202400049959,2024-09-22,soirée,,,78,78206,1,2,6,4,1,Autoroute,130.0,2
202400049960,2024-06-09,après-midi,,,95,95427,1,1,6,3,4,Voie communale,30.0,1
202400049961,2024-02-16,après-midi,,,73,73213,1,1,2,4,3,Départementale,50.0,1
202400049962,2024-10-27,nuit,,,75,75108,5,2,6,4,4,Voie communale,50.0,2
202400049963,2024-08-17,nuit,,,971,97113,5,2,6,3,2,Nationale,90.0,2
202400049964,2024-11-24,matin,,,72,72181,1,1,1,4,4,Voie communale,50.0,1
202400049965,2024-09-22,matin,,,93,93066,1,8,2,4,1,Autoroute,90.0,1
202400049966,2024-07-14,nuit,,,54,54210,3,1,6,4,3,Départementale,80.0,1
202400049967,2024-02-16,soirée,,,38,38162,3,1,3,4,3,Départementale,90.0,1
202400049968,2024-06-10,nuit,,,95,95018,1,1,5,4,4,Voie communale,50.0,1
202400049969,2024-12-03,soirée,,,69,69282,5,1,6,4,4,Voie communale,30.0,1
202400049970,2024-08-17,soirée,,,91,91161,5,2,6,4,4,Voie communale,50.0,2
202400049971,2024-09-22,nuit,,,94,94028,3,2,6,4,1,Autoroute,90.0,2
202400049972,2024-07-14,nuit,,,10,10313,4,1,6,3,4,Voie communale,50.0,1
202400049973,2024-10-27,soirée,,,75,75107,5,1,6,4,4,Voie communale,30.0,1
202400049974,2024-02-16,après-midi,,,38,38071,1,1,6,3,7,Autre,50.0,1
202400049975,2024-06-29,après-midi,,,43,43135,1,1,7,3,3,Départementale,90.0,1
202400049976,2024-06-10,soirée,,,91,91549,1,1,3,4,4,Voie communale,50.0,1
202400049977,2024-08-17,après-midi,,,91,91223,1,2,6,4,4,Voie communale,50.0,2
202400049978,2024-12-03,matin,,,69,69266,1,1,3,4,4,Voie communale,30.0,1
202400049979,2024-06-14,matin,,,43,43241,1,8,6,3,3,Départementale,,1
202400049980,2024-10-27,après-midi,,,75,75107,1,1,6,4,4,Voie communale,30.0,1
202400049981,2024-07-13,soirée,,,40,40115,2,1,4,4,3,Départementale,50.0,1
202400049982,2024-02-17,après-midi,,,01,01403,1,1,3,4,3,Départementale,80.0,1
202400049983,2024-06-10,matin,,,91,91471,1,1,6,4,4,Voie communale,30.0,1
202400049984,2024-07-13,soirée,,,24,24428,1,1,7,2,3,Départementale,80.0,1
202400049985,2024-12-03,matin,,,69,69029,1,1,3,4,4,Voie communale,50.0,1
202400049986,2024-06-25,matin,,,50,50151,1,1,3,4,3,Départementale,80.0,1
202400049987,2024-08-16,matin,,,90,90099,1,1,3,3,3,Départementale,50.0,1
202400049988,2024-10-27,soirée,,,75,75101,5,1,6,4,4,Voie communale,30.0,1
202400049989,2024-06-09,nuit,,,91,91114,5,1,6,4,3,Départementale,50.0,1
202400049990,2024-02-16,soirée,,,17,17283,3,1,4,4,3,Départementale,90.0,1
202400049991,2024-12-02,soirée,,,67,67365,5,2,6,4,4,Voie communale,30.0,2
202400049992,2024-06-28,matin,,,85,85042,1,1,2,4,3,Départementale,80.0,1
202400049993,2024-10-27,après-midi,,,94,94028,1,1,6,4,4,Voie communale,50.0,1
202400049994,2024-06-08,soirée,,,87,87085,1,1,6,4,4,Voie communale,50.0,1
202400049995,2024-09-21,nuit,,,974,97416,3,1,1,4,2,Nationale,110.0,1
202400049996,2024-02-16,matin,,,22,22054,2,1,2,3,3,Départementale,30.0,1
202400049997,2024-12-02,après-midi,,,67,67482,5,2,3,4,7,Autre,50.0,2
202400049998,2024-08-17,matin,,,83,83137,1,1,5,4,3,Départementale,,1
202400049999,2024-06-08,matin,,,87,87085,1,1,7,4,4,Voie communale,50.0,1
202400050000,2024-10-27,après-midi,,,94,94075,1,1,3,4,4,Voie communale,,1
202400050001,2024-09-21,après-midi,,,974,97411,1,1,3,3,3,Départementale,70.0,1
202400050002,2024-02-16,soirée,,,60,60559,3,1,2,3,2,Nationale,,1
202400050003,2024-07-13,matin,,,27,27112,1,1,6,4,4,Voie communale,50.0,1
202400050004,2024-12-02,après-midi,,,67,67267,5,2,6,4,4,Voie communale,50.0,2
202400050005,2024-09-22,soirée,,,974,97409,3,1,3,4,3,Départementale,50.0,1
202400050006,2024-06-10,soirée,,,84,84080,1,1,6,4,4,Voie communale,50.0,1
202400050007,2024-07-14,nuit,,,17,17124,3,1,7,4,4,Voie communale,50.0,1
202400050008,2024-10-27,soirée,,,93,93072,5,1,3,4,3,Départementale,50.0,1
202400050009,2024-08-16,après-midi,,,79,79191,1,1,1,4,4,Voie communale,50.0,1
202400050010,2024-11-17,nuit,,,66,66136,5,1,3,3,4,Voie communale,50.0,1
202400050011,2024-07-13,nuit,,,17,17309,3,1,7,2,3,Départementale,80.0,1
202400050012,2024-06-10,nuit,,,83,83137,5,1,6,4,3,Départementale,50.0,1
202400050013,2024-09-22,après-midi,,,95,95219,1,8,3,4,4,Voie communale,50.0,1
202400050014,2024-11-24,soirée,,,64,64249,3,1,3,3,3,Départementale,50.0,1
202400050015,2024-08-17,soirée,,,78,78168,2,2,3,4,4,Voie communale,50.0,2
202400050016,2024-07-10,soirée,,,17,17269,1,1,1,3,3,Départementale,80.0,1
202400050017,2024-02-15,soirée,,,59,59456,3,1,6,3,1,Autoroute,110.0,1
202400050018,2024-06-09,matin,,,83,83137,1,1,3,4,3,Départementale,50.0,1
202400050019,2024-10-27,matin,,,93,93077,1,1,7,4,4,Voie communale,50.0,1
202400050020,2024-08-17,nuit,,,77,77475,3,2,6,4,3,Départementale,90.0,2
202400050021,2024-12-03,soirée,,,64,64445,5,2,3,4,4,Voie communale,50.0,2
202400050022,2024-09-21,après-midi,,,95,95183,1,1,1,4,3,Départementale,80.0,1
202400050023,2024-06-09,matin,,,83,83137,1,1,2,4,4,Voie communale,50.0,1
202400050024,2024-02-15,nuit,,,92,92047,5,1,2,3,1,Autoroute,110.0,1
202400050025,2024-07-14,matin,,,30,30112,1,1,3,3,3,Départementale,50.0,1
202400050026,2024-09-22,soirée,,,91,91027,5,3,7,3,3,Départementale,50.0,2
202400050027,2024-10-27,soirée,,,93,93046,5,2,2,4,3,Départementale,50.0,2
202400050028,2024-12-03,matin,,,64,64348,5,8,3,4,4,Voie communale,50.0,2
202400050029,2024-02-15,soirée,,,78,78646,3,1,2,4,2,Nationale,110.0,1