Num_Acc,date,time_of_day,lat,long,dep,com,lum,atm,col,severity_index,catr,catr_label,vma,surf
202400050030,2024-08-17,nuit,,,69,69013,4,1,6,4,3,Départementale,70.0,1
202400050031,2024-07-13,après-midi,,,987,98715,1,2,6,3,4,Voie communale,30.0,2
202400050032,2024-06-08,nuit,,,80,80001,1,1,3,3,4,Voie communale,30.0,1
202400050033,2024-09-22,après-midi,,,91,91326,1,8,3,4,3,Départementale,50.0,1
202400050034,2024-12-02,nuit,,,64,64024,5,2,7,3,4,Voie communale,50.0,2
202400050035,2024-07-12,après-midi,,,49,49015,1,1,3,4,1,Autoroute,90.0,1
202400050036,2024-10-27,matin,,,93,93066,5,2,2,4,3,Départementale,50.0,2
202400050037,2024-02-15,soirée,,,92,92050,5,1,2,4,1,Autoroute,70.0,1
202400050038,2024-08-17,soirée,,,69,69199,1,2,2,4,7,Autre,,2
202400050039,2024-06-09,après-midi,,,78,78650,1,1,3,3,4,Voie communale,50.0,1
202400050040,2024-12-02,soirée,,,64,64102,5,2,3,4,4,Voie communale,50.0,2
202400050041,2024-09-21,soirée,,,78,78621,5,1,3,4,3,Départementale,50.0,1
202400050042,2024-10-27,après-midi,,,93,93010,1,1,6,4,3,Départementale,1.0,1
202400050043,2024-07-13,après-midi,,,38,38212,1,1,6,3,3,Départementale,70.0,1
202400050044,2024-02-14,soirée,,,92,92050,3,1,3,3,1,Autoroute,90.0,1
202400050045,2024-06-10,nuit,,,78,78208,5,1,6,4,4,Voie communale,50.0,1
202400050046,2024-09-21,nuit,,,78,78383,5,2,6,4,4,Voie communale,50.0,2
202400050047,2024-11-28,après-midi,,,62,62413,2,1,6,3,4,Voie communale,50.0,1
202400050048,2024-08-17,nuit,,,69,69199,3,1,3,4,1,Autoroute,50.0,1
202400050049,2024-09-22,après-midi,,,77,77215,1,1,6,4,3,Départementale,50.0,1
202400050050,2024-10-26,soirée,,,93,93010,1,1,5,4,4,Voie communale,30.0,1
202400050051,2024-12-01,après-midi,,,59,59028,1,1,3,4,3,Départementale,50.0,1
202400050052,2024-02-15,après-midi,,,93,93027,1,1,5,4,1,Autoroute,90.0,1
202400050053,2024-06-10,nuit,,,78,78621,4,1,5,4,2,Nationale,,1
202400050054,2024-12-02,soirée,,,58,58194,5,1,6,4,4,Voie communale,30.0,1
202400050055,2024-07-13,matin,,,13,13051,1,1,4,4,1,Autoroute,90.0,1
202400050056,2024-08-10,après-midi,,,68,68376,1,1,3,4,6,Autre,30.0,1
202400050057,2024-10-27,après-midi,,,92,92073,1,8,2,4,3,Départementale,50.0,1
202400050058,2024-06-08,après-midi,,,77,77373,1,1,6,4,4,Voie communale,5.0,1
202400050059,2024-02-16,matin,,,93,93006,1,1,3,4,1,Autoroute,90.0,1
202400050060,2024-12-02,matin,,,57,57672,5,2,6,4,3,Départementale,50.0,2
202400050061,2024-07-14,nuit,,,974,97415,3,1,6,3,2,Nationale,50.0,1
202400050062,2024-09-21,matin,,,77,77131,1,1,6,4,3,Départementale,50.0,1
202400050063,2024-08-17,nuit,,,65,65286,5,1,6,4,4,Voie communale,50.0,1
202400050064,2024-10-26,après-midi,,,92,92048,1,1,6,4,3,Départementale,50.0,1
202400050065,2024-12-02,après-midi,,,56,56098,1,1,6,4,4,Voie communale,50.0,1
202400050066,2024-02-16,matin,,,93,93010,1,1,3,4,1,Autoroute,70.0,1
202400050067,2024-06-10,matin,,,77,77449,1,1,3,4,3,Départementale,50.0,1
202400050068,2024-07-13,après-midi,,,971,97130,1,1,1,3,3,Départementale,70.0,1
202400050069,2024-09-22,soirée,,,76,76212,2,2,3,4,2,Nationale,50.0,2
202400050070,2024-07-06,nuit,,,65,65286,5,1,2,4,2,Nationale,50.0,1
202400050071,2024-10-27,matin,,,92,92078,1,8,3,4,3,Départementale,50.0,2
202400050072,2024-11-30,après-midi,,,56,56098,1,8,4,4,2,Nationale,70.0,1
202400050073,2024-09-22,après-midi,,,76,76026,1,1,1,4,4,Voie communale,50.0,1
202400050074,2024-08-17,soirée,,,64,64545,1,2,3,4,3,Départementale,50.0,2
202400050075,2024-07-12,soirée,,,77,77508,1,1,4,4,3,Départementale,80.0,1
202400050076,2024-06-08,après-midi,,,76,76351,1,1,4,4,4,Voie communale,50.0,1
202400050077,2024-09-22,après-midi,,,66,66136,1,1,3,3,3,Départementale,90.0,1
202400050078,2024-12-02,soirée,,,54,54300,3,2,6,4,4,Voie communale,30.0,2
202400050079,2024-10-28,après-midi,,,01,01004,1,1,3,3,4,Voie communale,50.0,1
202400050080,2024-08-17,soirée,,,64,64348,5,2,1,4,4,Voie communale,50.0,2
202400050081,2024-07-14,matin,,,95,95379,1,1,1,4,3,Départementale,80.0,1
202400050082,2024-06-08,nuit,,,76,76351,5,1,7,4,4,Voie communale,30.0,1
202400050083,2024-02-15,matin,,,93,93053,1,1,5,4,1,Autoroute,70.0,1
202400050084,2024-12-03,matin,,,51,51454,1,1,6,4,1,Autoroute,110.0,1
202400050085,2024-10-27,matin,,,11,11203,2,1,6,4,3,Départementale,70.0,1
202400050086,2024-09-22,après-midi,,,65,65286,1,2,6,3,4,Voie communale,30.0,2
202400050087,2024-06-09,nuit,,,72,72181,2,1,6,4,4,Voie communale,50.0,1
202400050088,2024-08-18,nuit,,,62,62160,5,1,7,2,4,Voie communale,50.0,1
202400050089,2024-12-02,après-midi,,,51,51454,2,1,2,4,4,Voie communale,50.0,2
202400050090,2024-09-21,après-midi,,,64,64545,1,1,3,4,3,Départementale,50.0,1
202400050091,2024-06-10,après-midi,,,71,71486,1,1,1,4,4,Voie communale,50.0,1
202400050092,2024-10-27,après-midi,,,22,22175,1,1,1,3,3,Départementale,80.0,1
202400050093,2024-02-15,après-midi,,,987,98735,1,1,1,4,4,Voie communale,30.0,1
202400050094,2024-06-19,après-midi,,,34,34057,1,1,5,4,7,Autre,70.0,1
202400050095,2024-08-16,après-midi,,,61,61391,1,2,7,4,3,Départementale,90.0,2
202400050096,2024-07-14,après-midi,,,84,84003,1,7,7,4,3,Départementale,,1
202400050097,2024-06-10,nuit,,,69,69256,5,1,6,4,4,Voie communale,30.0,1
202400050098,2024-11-30,nuit,,,51,51454,5,1,1,4,4,Voie communale,50.0,1
202400050099,2024-09-22,après-midi,,,64,64445,1,8,3,4,4,Voie communale,50.0,2
202400050100,2024-10-28,matin,,,41,41259,1,5,3,4,3,Départementale,80.0,1
202400050101,2024-08-13,après-midi,,,60,60057,1,1,2,4,4,Voie communale,30.0,1
202400050102,2024-02-15,après-midi,,,974,97416,1,1,3,4,4,Voie communale,50.0,1
202400050103,2024-06-10,après-midi,,,69,69266,1,1,6,4,4,Voie communale,30.0,1
202400050104,2024-07-14,nuit,,,06,06065,5,1,1,4,7,Autre,50.0,1
202400050105,2024-12-02,soirée,,,51,51230,5,2,3,4,4,Voie communale,50.0,2
202400050106,2024-10-27,soirée,,,83,83031,3,1,6,3,3,Départementale,80.0,2
202400050107,2024-08-16,soirée,,,59,59279,1,1,2,4,7,Autre,50.0,1
202400050108,2024-12-02,après-midi,,,49,49007,1,1,3,2,4,Voie communale,30.0,1
202400050109,2024-06-10,soirée,,,69,69091,1,1,3,4,4,Voie communale,30.0,1
202400050110,2024-07-14,matin,,,13,13096,1,1,3,4,3,Départementale,80.0,1
202400050111,2024-02-15,matin,,,974,97416,1,1,4,4,2,Nationale,110.0,1
202400050112,2024-09-22,soirée,,,63,63113,5,1,3,4,4,Voie communale,50.0,2
202400050113,2024-12-02,matin,,,48,48095,3,5,6,3,3,Départementale,80.0,7
202400050114,2024-08-17,soirée,,,59,59648,1,1,6,3,4,Voie communale,30.0,1
202400050115,2024-07-13,matin,,,88,88531,1,1,6,3,3,Départementale,70.0,1
202400050116,2024-10-28,après-midi,,,30,30060,2,1,3,4,4,Voie communale,50.0,9
202400050117,2024-02-15,soirée,,,974,97411,1,1,2,4,4,Voie communale,30.0,1
202400050118,2024-06-10,après-midi,,,67,67482,1,1,1,3,4,Voie communale,50.0,9
202400050119,2024-11-03,matin,,,47,47001,1,1,2,4,3,Départementale,50.0,2
202400050120,2024-09-22,après-midi,,,63,63113,1,2,1,4,4,Voie communale,50.0,2
202400050121,2024-07-14,après-midi,,,63,63200,1,1,6,4,3,Départementale,50.0,1
202400050122,2024-10-28,matin,,,30,30034,2,1,1,4,3,Départementale,80.0,2
202400050123,2024-02-15,matin,,,974,97409,1,1,3,4,3,Départementale,50.0,1
202400050124,2024-06-10,après-midi,,,64,64129,1,1,7,4,4,Voie communale,50.0,1
202400050125,2024-08-16,soirée,,,59,59378,1,2,3,4,7,Autre,50.0,2
202400050126,2024-12-02,après-midi,,,47,47031,1,2,3,4,5,Autre,30.0,2
202400050127,2024-09-22,après-midi,,,63,63113,1,2,3,4,7,Autre,50.0,2
202400050128,2024-07-13,soirée,,,42,42094,2,1,7,3,4,Voie communale,,6
202400050129,2024-10-27,après-midi,,,95,95055,2,2,6,3,4,Voie communale,,9
202400050130,2024-02-15,soirée,,,973,97309,1,1,3,4,4,Voie communale,50.0,1
202400050131,2024-12-03,après-midi,,,45,45234,1,1,3,4,4,Voie communale,50.0,1
202400050132,2024-06-10,matin,,,64,64445,1,1,3,4,4,Voie communale,50.0,1
202400050133,2024-08-16,après-midi,,,56,56251,1,2,3,4,4,Voie communale,50.0,2
202400050134,2024-07-13,après-midi,,,38,38377,1,7,3,3,3,Départementale,80.0,1
202400050135,2024-02-14,soirée,,,973,97302,5,1,1,4,3,Départementale,50.0,1
202400050136,2024-10-27,matin,,,51,51191,1,1,3,4,3,Départementale,50.0,1
202400050137,2024-09-22,après-midi,,,59,59033,1,1,1,4,3,Départementale,50.0,1
202400050138,2024-12-03,après-midi,,,45,45234,1,1,6,4,4,Voie communale,30.0,1
202400050139,2024-08-17,après-midi,,,49,49015,1,1,6,4,6,Autre,30.0,1
202400050140,2024-06-10,soirée,,,64,64024,1,1,3,4,4,Voie communale,50.0,1
202400050141,2024-07-14,nuit,,,81,81099,3,1,6,4,4,Voie communale,50.0,1
202400050142,2024-02-15,matin,,,972,97213,1,1,2,4,2,Nationale,70.0,1
202400050143,2024-12-02,après-midi,,,42,42183,5,8,6,4,4,Voie communale,50.0,2
202400050144,2024-07-14,après-midi,,,50,50099,1,1,6,3,2,Nationale,110.0,1
202400050145,2024-08-16,après-midi,,,34,34301,1,1,3,3,4,Voie communale,50.0,1
202400050146,2024-10-27,soirée,,,56,56050,3,1,2,4,2,Nationale,110.0,1
202400050147,2024-06-10,soirée,,,64,64102,1,1,3,4,3,Départementale,30.0,1
202400050148,2024-12-03,après-midi,,,38,38053,1,1,1,4,4,Voie communale,50.0,1
202400050149,2024-02-15,nuit,,,972,97224,3,1,6,4,3,Départementale,50.0,1
202400050150,2024-07-13,après-midi,,,91,91161,1,1,6,4,1,Autoroute,90.0,1
202400050151,2024-10-27,soirée,,,59,59135,2,1,7,3,3,Départementale,80.0,1
202400050152,2024-08-17,soirée,,,34,34003,1,1,3,4,4,Voie communale,50.0,1
202400050153,2024-12-03,après-midi,,,37,37233,1,2,3,4,4,Voie communale,50.0,2
202400050154,2024-02-14,nuit,,,972,97209,5,1,6,4,4,Voie communale,30.0,1
202400050155,2024-09-21,nuit,,,42,42218,5,1,3,4,4,Voie communale,50.0,1
202400050156,2024-07-13,nuit,,,91,91468,3,1,2,4,1,Autoroute,90.0,1
202400050157,2024-10-27,soirée,,,81,81070,3,1,4,3,1,Autoroute,130.0,2
202400050158,2024-06-10,matin,,,63,63113,1,1,3,4,4,Voie communale,30.0,1
202400050159,2024-12-03,matin,,,35,35238,1,1,2,4,2,Nationale,90.0,1
202400050160,2024-08-17,soirée,,,30,30007,1,1,3,4,4,Voie communale,30.0,1
202400050161,2024-09-22,après-midi,,,37,37122,1,2,2,4,4,Voie communale,50.0,2
202400050162,2024-07-13,après-midi,,,92,92025,1,1,2,4,1,Autoroute,70.0,1
202400050163,2024-10-25,après-midi,,,11,11357,1,1,7,2,3,Départementale,80.0,1
202400050164,2024-12-03,après-midi,,,34,34172,1,1,7,3,7,Autre,50.0,1
202400050165,2024-06-10,matin,,,60,60463,1,7,1,4,3,Départementale,50.0,1
202400050166,2024-08-12,soirée,,,27,27229,1,1,3,4,4,Voie communale,50.0,1
202400050167,2024-12-02,après-midi,,,34,34003,1,1,3,3,4,Voie communale,50.0,1
202400050168,2024-10-28,matin,,,61,61140,2,5,3,2,3,Départementale,90.0,2
202400050169,2024-06-10,matin,,,59,59560,1,2,3,3,4,Voie communale,50.0,2
202400050170,2024-09-21,après-midi,,,37,37261,1,8,3,4,4,Voie communale,50.0,1
202400050171,2024-07-12,après-midi,,,78,78466,1,1,5,4,1,Autoroute,130.0,1
202400050172,2024-08-17,soirée,,,25,25539,1,1,6,3,4,Voie communale,50.0,1
202400050173,2024-12-03,après-midi,,,33,33063,1,1,2,4,4,Voie communale,50.0,1
202400050174,2024-10-27,soirée,,,49,49180,2,8,7,4,4,Voie communale,80.0,1
202400050175,2024-06-08,après-midi,,,56,56098,1,1,7,4,4,Voie communale,30.0,1
202400050176,2024-12-03,matin,,,33,33075,1,2,6,4,4,Voie communale,30.0,2
202400050177,2024-07-13,après-midi,,,95,95582,1,1,3,4,1,Autoroute,110.0,1
202400050178,2024-10-25,matin,,,49,49345,1,1,7,2,3,Départementale,,1
202400050179,2024-09-22,soirée,,,36,36202,5,2,6,4,3,Départementale,50.0,2
202400050180,2024-08-17,matin,,,16,16067,1,3,1,4,4,Voie communale,30.0,2
202400050181,2024-06-11,nuit,,,54,54323,3,1,3,4,3,Départementale,50.0,1
202400050182,2024-12-03,matin,,,33,33063,1,1,6,3,4,Voie communale,30.0,1
202400050183,2024-07-12,après-midi,,,93,93078,1,1,2,4,1,Autoroute,110.0,1
202400050184,2024-09-21,matin,,,35,35115,1,1,3,4,4,Voie communale,50.0,1
202400050185,2024-06-09,après-midi,,,51,51454,1,1,7,4,4,Voie communale,30.0,1
202400050186,2024-10-27,après-midi,,,34,34332,1,1,3,4,4,Voie communale,,1
202400050187,2024-12-03,soirée,,,31,31555,5,1,6,3,4,Voie communale,30.0,1
202400050188,2024-07-12,nuit,,,93,93010,3,1,6,4,1,Autoroute,70.0,1
202400050189,2024-08-15,soirée,,,15,15012,1,1,2,4,4,Voie communale,50.0,1
202400050190,2024-09-22,nuit,,,33,33063,5,1,1,4,4,Voie communale,50.0,1
202400050191,2024-12-03,matin,,,31,31555,1,2,2,4,4,Voie communale,50.0,2
202400050192,2024-06-10,après-midi,,,50,50218,1,1,6,4,3,Départementale,50.0,1
202400050193,2024-10-27,après-midi,,,68,68374,3,1,5,4,3,Départementale,80.0,1
202400050194,2024-05-03,soirée,,,95,95018,1,1,5,4,1,Autoroute,90.0,1
202400050195,2024-12-01,après-midi,,,30,30007,5,1,6,4,4,Voie communale,50.0,1
202400050196,2024-10-26,après-midi,,,39,39474,1,1,7,3,3,Départementale,90.0,1
202400050197,2024-09-22,nuit,,,33,33063,5,2,2,4,4,Voie communale,50.0,2
202400050198,2024-06-09,matin,,,47,47323,1,1,6,4,4,Voie communale,50.0,1
202400050199,2024-07-12,soirée,,,988,98818,4,1,6,3,3,Départementale,70.0,1
202400050200,2024-08-17,soirée,,,14,14101,2,1,2,4,2,Nationale,70.0,1
202400050201,2024-10-27,après-midi,,,25,25202,1,1,2,3,3,Départementale,90.0,1
202400050202,2024-07-12,matin,,,974,97411,1,1,3,4,2,Nationale,70.0,1
202400050203,2024-09-22,matin,,,25,25056,5,1,2,4,4,Voie communale,50.0,1
202400050204,2024-06-10,matin,,,42,42187,1,1,6,2,6,Autre,30.0,1
202400050205,2024-10-28,matin,,,44,44013,2,5,4,4,3,Départementale,80.0,1
202400050206,2024-07-11,soirée,,,974,97411,5,1,6,4,2,Nationale,50.0,1
202400050207,2024-12-03,soirée,,,27,27562,5,1,6,4,4,Voie communale,50.0,2
202400050208,2024-08-17,soirée,,,11,11069,5,1,5,4,4,Voie communale,50.0,1
202400050209,2024-09-12,matin,,,44,44211,1,1,1,4,3,Départementale,50.0,1
202400050210,2024-09-20,après-midi,,,22,22113,1,1,3,3,4,Voie communale,50.0,1
202400050211,2024-07-12,matin,,,974,97409,1,1,6,4,2,Nationale,90.0,2
202400050212,2024-12-03,soirée,,,26,26252,3,1,5,3,3,Départementale,80.0,1
202400050213,2024-06-07,soirée,,,40,40192,1,1,5,4,3,Départementale,50.0,1
202400050214,2024-08-16,matin,,,07,07008,1,1,2,4,3,Départementale,90.0,1
202400050215,2024-09-21,matin,,,18,18033,1,1,7,2,4,Voie communale,50.0,1
202400050216,2024-07-12,soirée,,,973,97302,1,1,3,4,4,Voie communale,50.0,1
202400050217,2024-12-02,après-midi,,,25,25204,5,2,3,4,3,Départementale,50.0,2
202400050218,2024-10-26,soirée,,,44,44081,3,1,5,4,3,Départementale,80.0,1
202400050219,2024-09-22,matin,,,17,17306,1,3,7,4,4,Voie communale,50.0,2
202400050220,2024-06-10,matin,,,38,38563,1,1,3,4,4,Voie communale,50.0,1
202400050221,2024-12-03,nuit,,,25,25056,5,1,6,2,4,Voie communale,50.0,2
202400050222,2024-09-22,matin,,,16,16358,2,2,7,4,2,Nationale,50.0,2
202400050223,2024-07-12,après-midi,,,973,97302,1,1,3,4,4,Voie communale,50.0,1
202400050224,2024-08-17,après-midi,,,06,06088,1,1,3,4,4,Voie communale,50.0,1
202400050225,2024-06-01,nuit,,,38,38185,5,1,7,3,4,Voie communale,30.0,1
202400050226,2024-10-27,après-midi,,,44,44056,1,1,1,4,3,Départementale,80.0,1
202400050227,2024-12-03,matin,,,22,22106,3,1,3,4,4,Voie communale,30.0,1
202400050228,2024-08-17,après-midi,,,04,04070,1,1,7,4,2,Nationale,50.0,1
202400050229,2024-07-12,après-midi,,,972,97213,1,1,3,3,3,Départementale,50.0,1
202400050230,2024-06-10,matin,,,37,37261,1,7,6,4,4,Voie communale,30.0,1
202400050231,2024-09-20,après-midi,,,13,13019,1,1,3,4,3,Départementale,70.0,1
202400050232,2024-08-17,soirée,,,75,75117,1,3,6,4,4,Voie communale,30.0,2
202400050233,2024-10-27,après-midi,,,29,29162,1,1,3,3,3,Départementale,80.0,1
202400050234,2024-07-12,soirée,,,69,69149,1,1,3,4,4,Voie communale,30.0,1
202400050235,2024-12-03,après-midi,,,15,15012,3,1,4,4,4,Voie communale,80.0,1
202400050236,2024-09-22,après-midi,,,13,13207,1,1,3,4,4,Voie communale,50.0,1
202400050237,2024-08-17,soirée,,,75,75116,5,2,3,4,4,Voie communale,50.0,2
202400050238,2024-12-03,après-midi,,,15,15014,1,1,7,4,4,Voie communale,50.0,2
202400050239,2024-06-10,soirée,,,35,35238,1,7,1,4,4,Voie communale,50.0,1
202400050240,2024-10-28,soirée,,,31,31561,2,2,6,4,4,Voie communale,30.0,2
202400050241,2024-07-11,nuit,,,971,97113,5,1,2,3,2,Nationale,70.0,1
202400050242,2024-08-17,nuit,,,75,75115,5,3,3,4,4,Voie communale,50.0,2
202400050243,2024-09-22,matin,,,13,13213,5,1,1,4,4,Voie communale,50.0,1
202400050244,2024-10-24,matin,,,45,45186,2,5,7,3,4,Voie communale,80.0,6
202400050245,2024-12-03,soirée,,,13,13071,5,1,1,4,3,Départementale,50.0,1
202400050246,2024-08-17,matin,,,75,75115,1,2,7,4,4,Voie communale,30.0,2
202400050247,2024-10-27,soirée,,,21,21545,3,1,6,3,3,Départementale,90.0,1
202400050248,2024-06-10,après-midi,,,35,35238,1,1,5,4,4,Voie communale,30.0,1
202400050249,2024-07-10,matin,,,971,97113,1,1,3,4,4,Voie communale,70.0,1
202400050250,2024-09-17,après-midi,,,13,13210,1,1,2,4,4,Voie communale,50.0,1
202400050251,2024-11-23,après-midi,,,13,13005,1,1,1,3,6,Autre,30.0,1
202400050252,2024-09-22,nuit,,,13,13208,5,1,3,4,4,Voie communale,50.0,1
202400050253,2024-10-26,nuit,,,33,33441,5,1,6,4,4,Voie communale,30.0,1
202400050254,2024-12-02,matin,,,11,11069,2,1,7,4,4,Voie communale,30.0,1
202400050255,2024-08-16,matin,,,75,75114,1,1,2,4,4,Voie communale,30.0,1
202400050256,2024-06-10,matin,,,35,35238,1,1,2,4,4,Voie communale,50.0,1
202400050257,2024-07-12,soirée,,,95,95218,1,1,2,3,4,Voie communale,50.0,1
202400050258,2024-10-27,après-midi,,,69,69086,3,1,6,3,1,Autoroute,70.0,1
202400050259,2024-06-09,nuit,,,31,31555,4,1,6,2,7,Autre,50.0,1
202400050260,2024-12-02,après-midi,,,10,10343,1,1,3,4,4,Voie communale,30.0,1
202400050261,2024-07-01,soirée,,,91,91161,1,1,1,4,3,Départementale,50.0,1
202400050262,2024-08-17,après-midi,,,75,75110,1,3,3,4,4,Voie communale,30.0,2
202400050263,2024-09-22,soirée,,,06,06088,2,2,3,4,7,Autre,50.0,2
202400050264,2024-12-02,après-midi,,,06,06029,1,1,6,3,4,Voie communale,30.0,1
202400050265,2024-10-27,après-midi,,,45,45154,1,8,2,4,1,Autoroute,130.0,1
202400050266,2024-06-10,soirée,,,30,30028,1,1,3,3,2,Nationale,50.0,1
202400050267,2024-07-09,après-midi,,,84,84087,1,1,3,4,2,Nationale,50.0,1
202400050268,2024-09-22,soirée,,,06,06088,1,1,3,4,4,Voie communale,50.0,1
202400050269,2024-12-03,matin,,,03,03185,2,1,6,3,3,Départementale,50.0,1
202400050270,2024-08-17,soirée,,,94,94081,1,3,3,4,3,Départementale,50.0,2
202400050271,2024-07-12,matin,,,84,84007,1,1,3,4,4,Voie communale,50.0,1
202400050272,2024-10-25,matin,,,13,13051,1,1,4,4,1,Autoroute,130.0,1
202400050273,2024-12-03,après-midi,,,01,01053,1,1,6,4,4,Voie communale,50.0,1
202400050274,2024-08-17,après-midi,,,94,94042,1,2,6,4,4,Voie communale,50.0,2
202400050275,2024-09-21,matin,,,05,05023,1,8,3,4,4,Voie communale,30.0,1
202400050276,2024-12-03,soirée,,,75,75112,5,1,2,4,4,Voie communale,50.0,2
202400050277,2024-07-11,matin,,,84,84007,1,1,3,4,4,Voie communale,50.0,1
202400050278,2024-08-17,soirée,,,94,94046,1,3,4,4,3,Départementale,50.0,2
202400050279,2024-09-21,après-midi,,,75,75117,1,1,3,4,4,Voie communale,70.0,1
202400050280,2024-10-27,soirée,,,971,97117,5,1,6,3,4,Voie communale,50.0,1
202400050281,2024-09-20,nuit,,,75,75113,5,8,7,3,4,Voie communale,70.0,2
202400050282,2024-07-12,nuit,,,83,83129,5,1,3,4,3,Départementale,50.0,1
202400050283,2024-08-16,nuit,,,93,93032,5,1,3,3,3,Départementale,50.0,1
202400050284,2024-12-03,après-midi,,,75,75119,1,2,3,3,4,Voie communale,30.0,2
202400050285,2024-10-15,soirée,,,84,84065,5,1,6,3,3,Départementale,80.0,1
202400050286,2024-08-17,après-midi,,,93,93029,1,2,6,4,3,Départementale,50.0,2
202400050287,2024-09-21,nuit,,,75,75105,5,1,3,4,4,Voie communale,30.0,1
202400050288,2024-12-02,nuit,,,75,75120,5,8,6,4,4,Voie communale,30.0,1
202400050289,2024-07-12,soirée,,,80,80724,1,8,1,4,4,Voie communale,50.0,1
202400050290,2024-08-18,matin,,,974,97415,1,1,1,4,2,Nationale,50.0,1
202400050291,2024-10-26,matin,,,71,71176,1,1,4,4,3,Départementale,70.0,1
202400050292,2024-09-22,après-midi,,,75,75119,1,2,3,4,4,Voie communale,30.0,2
202400050293,2024-12-03,après-midi,,,75,75106,5,2,6,4,4,Voie communale,30.0,2
202400050294,2024-10-18,soirée,,,68,68132,2,1,1,3,3,Départementale,80.0,1
202400050295,2024-08-17,soirée,,,35,35126,1,1,1,4,4,Voie communale,50.0,1
202400050296,2024-07-11,après-midi,,,80,80379,1,1,7,4,4,Voie communale,50.0,1
202400050297,2024-09-22,nuit,,,75,75110,5,2,3,4,4,Voie communale,30.0,2
202400050298,2024-10-27,après-midi,,,03,03113,1,1,7,3,3,Départementale,90.0,1
202400050299,2024-07-11,après-midi,,,80,80021,1,1,6,4,4,Voie communale,50.0,1
202400050300,2024-12-03,après-midi,,,75,75116,1,1,2,4,4,Voie communale,50.0,2
202400050301,2024-09-22,après-midi,,,75,75117,1,1,3,4,4,Voie communale,50.0,1
202400050302,2024-10-28,après-midi,,,42,42122,1,1,5,4,3,Départementale,80.0,1
202400050303,2024-12-03,après-midi,,,75,75116,1,1,2,4,4,Voie communale,50.0,1
202400050304,2024-07-10,après-midi,,,80,80021,1,1,4,4,4,Voie communale,50.0,1
202400050305,2024-10-27,après-midi,,,69,69181,1,1,6,3,3,Départementale,80.0,1
202400050306,2024-09-22,après-midi,,,75,75117,1,1,3,4,4,Voie communale,30.0,2
202400050307,2024-12-03,après-midi,,,75,75115,5,1,3,4,4,Voie communale,30.0,1
202400050308,2024-08-18,matin,,,71,71090,1,8,2,4,1,Autoroute,130.0,1
202400050309,2024-09-21,soirée,,,75,75117,1,1,7,4,4,Voie communale,30.0,1
202400050310,2024-07-12,après-midi,,,76,76681,1,2,3,3,7,Autre,50.0,2
202400050311,2024-10-26,après-midi,,,19,19146,1,2,1,4,4,Voie communale,50.0,3
202400050312,2024-12-03,matin,,,75,75114,1,8,3,4,4,Voie communale,50.0,2
202400050313,2024-08-18,matin,,,52,52200,1,2,2,3,1,Autoroute,130.0,2
202400050314,2024-09-21,soirée,,,75,75117,2,1,3,4,4,Voie communale,30.0,1
202400050315,2024-10-23,après-midi,,,86,86026,1,1,6,4,3,Départementale,90.0,1
202400050316,2024-07-11,après-midi,,,76,76217,1,1,3,3,4,Voie communale,30.0,1
202400050317,2024-12-02,après-midi,,,75,75107,5,9,7,4,4,Voie communale,1.0,9
202400050318,2024-09-22,soirée,,,75,75115,5,3,1,4,4,Voie communale,30.0,2
202400050319,2024-10-27,soirée,,,86,86297,3,1,6,2,3,Départementale,80.0,1
202400050320,2024-08-17,soirée,,,12,12033,1,1,3,4,3,Départementale,70.0,1
202400050321,2024-12-03,après-midi,,,94,94041,5,1,6,4,3,Départementale,50.0,1
202400050322,2024-10-27,soirée,,,60,60045,3,1,6,2,3,Départementale,80.0,1
202400050323,2024-09-22,matin,,,75,75115,2,2,7,4,4,Voie communale,30.0,2
202400050324,2024-07-12,après-midi,,,73,73011,1,3,5,4,3,Départementale,50.0,2
202400050325,2024-08-18,nuit,,,30,30070,3,2,7,4,3,Départementale,80.0,2
202400050326,2024-10-27,après-midi,,,59,59572,1,1,7,4,3,Départementale,80.0,6
202400050327,2024-07-12,après-midi,,,72,72003,1,1,3,4,4,Voie communale,50.0,1
202400050328,2024-12-03,matin,,,94,94071,5,2,3,4,3,Départementale,50.0,2
202400050329,2024-08-17,après-midi,,,57,57077,1,1,7,3,3,Départementale,80.0,1
202400050330,2024-09-21,soirée,,,75,75115,5,1,3,4,4,Voie communale,30.0,1
202400050331,2024-10-27,après-midi,,,13,13215,1,1,2,4,1,Autoroute,90.0,1
202400050332,2024-07-10,soirée,,,72,72181,2,2,1,3,4,Voie communale,50.0,2
202400050333,2024-12-03,après-midi,,,93,93073,2,1,3,4,4,Voie communale,50.0,1
202400050334,2024-10-27,matin,,,13,13212,5,1,1,4,1,Autoroute,70.0,1
202400050335,2024-08-17,après-midi,,,2B,2B283,1,1,1,4,2,Nationale,80.0,1
202400050336,2024-07-12,soirée,,,71,71040,1,1,2,4,4,Voie communale,50.0,1
202400050337,2024-09-21,soirée,,,75,75115,5,1,3,4,4,Voie communale,30.0,1
202400050338,2024-10-26,nuit,,,13,13056,3,1,7,4,1,Autoroute,50.0,2
202400050339,2024-08-18,matin,,,80,80601,1,1,6,3,3,Départementale,80.0,1
202400050340,2024-12-03,après-midi,,,93,93070,2,2,6,4,3,Départementale,50.0,2
202400050341,2024-07-12,soirée,,,69,69029,1,1,6,4,4,Voie communale,50.0,1