Num_Acc,date,time_of_day,lat,long,dep,com,lum,atm,col,severity_index,catr,catr_label,vma,surf
202400050342,2024-09-22,nuit,,,75,75114,5,2,2,4,4,Voie communale,50.0,2
202400050343,2024-12-03,matin,,,93,93066,1,8,6,4,3,Départementale,50.0,2
202400050344,2024-10-26,soirée,,,13,13019,3,3,2,4,1,Autoroute,90.0,2
202400050345,2024-08-17,soirée,,,82,82144,3,1,1,4,3,Départementale,80.0,1
202400050346,2024-07-11,après-midi,,,69,69290,1,1,3,4,7,Autre,50.0,1
202400050347,2024-09-22,soirée,,,75,75113,5,2,6,4,4,Voie communale,30.0,2
202400050348,2024-08-17,soirée,,,55,55150,1,1,7,3,9,Autre,90.0,1
202400050349,2024-12-03,après-midi,,,93,93048,1,1,3,4,3,Départementale,50.0,1
202400050350,2024-07-11,matin,,,68,68066,1,1,6,3,4,Voie communale,30.0,1
202400050351,2024-10-26,nuit,,,91,91659,3,1,6,2,1,Autoroute,110.0,1
202400050352,2024-06-22,après-midi,,,64,64122,1,1,7,2,4,Voie communale,30.0,2
202400050353,2024-09-22,soirée,,,75,75102,1,1,3,4,4,Voie communale,50.0,1
202400050354,2024-08-17,après-midi,,,12,12138,1,1,1,4,3,Départementale,50.0,1
202400050355,2024-12-03,après-midi,,,93,93032,1,1,3,4,3,Départementale,50.0,1
202400050356,2024-08-18,matin,,,68,68307,1,8,3,4,3,Départementale,70.0,2
202400050357,2024-09-22,après-midi,,,75,75102,1,8,3,4,4,Voie communale,30.0,1
202400050358,2024-07-12,après-midi,,,63,63113,1,1,3,4,4,Voie communale,30.0,1
202400050359,2024-10-27,après-midi,,,95,95127,1,1,4,4,1,Autoroute,90.0,1
202400050360,2024-12-03,après-midi,,,93,93029,1,8,6,4,3,Départementale,50.0,1
202400050361,2024-08-17,après-midi,,,22,22266,1,1,1,4,4,Voie communale,50.0,1
202400050362,2024-10-27,nuit,,,93,93001,3,1,6,4,1,Autoroute,90.0,1
202400050363,2024-09-22,nuit,,,94,94081,5,2,1,4,3,Départementale,50.0,2
202400050364,2024-07-11,après-midi,,,62,62774,1,7,1,3,4,Voie communale,30.0,1
202400050365,2024-12-03,matin,,,92,92073,1,2,7,4,3,Départementale,50.0,2
202400050366,2024-10-26,matin,,,93,93078,3,1,6,4,1,Autoroute,70.0,2
202400050367,2024-08-15,après-midi,,,39,39096,1,1,6,4,3,Départementale,50.0,1
202400050368,2024-09-22,soirée,,,94,94022,5,2,6,4,3,Départementale,50.0,2
202400050369,2024-07-11,matin,,,59,59574,1,1,6,3,4,Voie communale,50.0,1
202400050370,2024-08-18,soirée,,,72,72024,1,1,1,4,3,Départementale,90.0,1
202400050371,2024-12-03,matin,,,92,92064,5,1,1,4,4,Voie communale,50.0,1
202400050372,2024-09-22,soirée,,,93,93078,5,2,2,4,3,Départementale,50.0,2
202400050373,2024-10-26,soirée,,,93,93007,3,1,3,4,1,Autoroute,90.0,1
202400050374,2024-12-02,matin,,,92,92050,1,8,7,4,4,Voie communale,30.0,2
202400050375,2024-08-18,matin,,,05,05045,1,1,3,4,2,Nationale,80.0,1
202400050376,2024-07-12,matin,,,58,58194,1,1,2,4,4,Voie communale,30.0,1
202400050377,2024-09-22,soirée,,,93,93072,1,1,1,3,3,Départementale,50.0,1
202400050378,2024-10-26,matin,,,93,93005,3,1,3,4,1,Autoroute,90.0,1
202400050379,2024-08-18,après-midi,,,50,50342,1,1,6,3,3,Départementale,80.0,1
202400050380,2024-12-02,soirée,,,92,92036,5,8,3,4,3,Départementale,50.0,1
202400050381,2024-07-10,après-midi,,,55,55043,1,1,2,4,4,Voie communale,30.0,1
202400050382,2024-09-22,après-midi,,,93,93050,1,1,3,4,3,Départementale,50.0,1
202400050383,2024-08-18,matin,,,50,50410,1,1,3,3,3,Départementale,80.0,1
202400050384,2024-07-10,matin,,,55,55545,1,1,7,4,4,Voie communale,30.0,1
202400050385,2024-10-26,après-midi,,,95,95277,1,1,5,3,1,Autoroute,90.0,1
202400050386,2024-09-22,soirée,,,93,93048,5,2,6,4,3,Départementale,50.0,2
202400050387,2024-08-18,après-midi,,,50,50106,1,1,6,2,2,Nationale,110.0,1
202400050388,2024-12-01,après-midi,,,92,92024,1,1,3,3,4,Voie communale,50.0,1
202400050389,2024-09-22,après-midi,,,93,93074,1,2,6,4,3,Départementale,110.0,2
202400050390,2024-02-22,après-midi,,,55,55545,1,2,2,4,3,Départementale,90.0,2
202400050391,2024-10-26,nuit,,,93,93005,3,2,6,4,1,Autoroute,90.0,2
202400050392,2024-12-02,après-midi,,,92,92009,5,9,3,4,4,Voie communale,50.0,2
202400050393,2024-09-21,après-midi,,,93,93027,1,1,3,4,4,Voie communale,50.0,1
202400050394,2024-08-16,matin,,,64,64546,1,1,7,3,4,Voie communale,50.0,1
202400050395,2024-07-12,soirée,,,54,54526,1,1,3,4,4,Voie communale,50.0,1
202400050396,2024-10-27,après-midi,,,94,94046,1,1,3,3,1,Autoroute,90.0,1
202400050397,2024-08-18,matin,,,64,64386,2,9,6,2,3,Départementale,50.0,9
202400050398,2024-12-03,après-midi,,,76,76342,3,1,7,3,3,Départementale,50.0,6
202400050399,2024-09-21,soirée,,,93,93010,1,1,6,4,4,Voie communale,30.0,1
202400050400,2024-07-11,après-midi,,,51,51454,1,1,2,4,3,Départementale,80.0,1
202400050401,2024-10-25,soirée,,,77,77514,1,1,6,4,1,Autoroute,90.0,1
202400050402,2024-12-03,soirée,,,38,38336,3,1,7,4,3,Départementale,70.0,1
202400050403,2024-08-17,après-midi,,,64,64452,1,1,2,3,3,Départementale,80.0,1
202400050404,2024-07-12,nuit,,,49,49007,5,1,3,4,4,Voie communale,30.0,1
202400050405,2024-09-22,nuit,,,93,93007,5,2,3,4,4,Voie communale,50.0,2
202400050406,2024-08-18,après-midi,,,10,10389,1,2,7,4,3,Départementale,80.0,2
202400050407,2024-10-25,après-midi,,,94,94028,1,1,3,4,1,Autoroute,90.0,1
202400050408,2024-09-22,matin,,,92,92035,1,2,7,4,4,Voie communale,30.0,2
202400050409,2024-07-12,après-midi,,,49,49267,1,1,2,4,1,Autoroute,130.0,1
202400050410,2024-09-22,matin,,,92,92012,5,2,6,4,3,Départementale,50.0,2
202400050411,2024-12-04,soirée,,,01,01007,4,1,5,3,3,Départementale,50.0,1
202400050412,2024-07-31,matin,,,88,88383,1,1,1,4,4,Voie communale,50.0,1
202400050413,2024-08-17,après-midi,,,36,36165,1,2,3,4,3,Départementale,70.0,2
202400050414,2024-07-12,après-midi,,,49,49353,1,1,2,4,3,Départementale,80.0,1
202400050415,2024-09-21,nuit,,,92,92012,5,2,3,4,3,Départementale,30.0,2
202400050416,2024-07-28,après-midi,,,88,88383,1,1,7,3,3,Départementale,80.0,1
202400050417,2024-07-11,après-midi,,,49,49007,1,1,2,4,4,Voie communale,50.0,1
202400050418,2024-08-17,après-midi,,,87,87147,1,3,6,3,3,Départementale,50.0,2
202400050419,2024-12-04,matin,,,83,83019,1,1,6,4,3,Départementale,50.0,1
202400050420,2024-09-22,après-midi,,,01,01207,2,3,3,4,3,Départementale,80.0,2
202400050421,2024-08-26,matin,,,74,74012,1,1,3,4,4,Voie communale,30.0,1
202400050422,2024-08-15,matin,,,87,87064,1,8,6,3,3,Départementale,80.0,2
202400050423,2024-07-12,matin,,,45,45075,1,8,3,4,3,Départementale,50.0,1
202400050424,2024-12-04,matin,,,19,19123,2,5,3,4,4,Voie communale,30.0,1
202400050425,2024-09-23,matin,,,30,30217,1,1,7,4,4,Voie communale,30.0,2
202400050426,2024-07-12,soirée,,,38,38151,1,1,6,4,4,Voie communale,50.0,1
202400050427,2024-08-16,matin,,,30,30294,1,1,3,3,3,Départementale,,1
202400050428,2024-07-12,soirée,,,37,37122,1,1,3,4,3,Départementale,50.0,1
202400050429,2024-09-13,matin,,,41,41287,1,1,4,4,2,Nationale,80.0,1
202400050430,2024-08-25,soirée,,,74,74305,1,8,5,4,3,Départementale,70.0,1
202400050431,2024-12-04,après-midi,,,82,82147,1,1,3,4,3,Départementale,90.0,1
202400050432,2024-08-18,matin,,,52,52320,2,2,3,4,3,Départementale,50.0,2
202400050433,2024-09-22,matin,,,2A,2A362,1,2,6,3,3,Départementale,80.0,2
202400050434,2024-07-12,soirée,,,35,35238,1,1,2,4,4,Voie communale,30.0,1
202400050435,2024-06-22,nuit,,,974,97409,3,1,6,4,4,Voie communale,90.0,1
202400050436,2024-09-22,soirée,,,32,32335,1,1,7,2,3,Départementale,80.0,1
202400050437,2024-05-25,après-midi,,,69,69267,1,1,3,4,3,Départementale,,1
202400050438,2024-08-18,matin,,,10,10053,1,1,2,4,1,Autoroute,130.0,2
202400050439,2024-06-16,nuit,,,974,97409,3,3,7,4,2,Nationale,110.0,2
202400050440,2024-07-12,matin,,,35,35238,1,1,3,4,4,Voie communale,30.0,1
202400050441,2024-12-03,soirée,,,86,86082,3,1,6,3,3,Départementale,80.0,1
202400050442,2024-08-17,soirée,,,973,97307,2,1,1,4,3,Départementale,80.0,1
202400050443,2024-09-22,après-midi,,,71,71410,1,2,5,4,3,Départementale,80.0,2
202400050444,2024-06-11,après-midi,,,84,84043,1,1,6,4,3,Départementale,,1
202400050445,2024-07-12,après-midi,,,34,34172,1,1,3,3,4,Voie communale,30.0,1
202400050446,2024-12-02,matin,,,25,25453,1,1,3,4,3,Départementale,80.0,2
202400050447,2024-10-26,nuit,,,987,98736,5,1,7,4,4,Voie communale,50.0,1
202400050448,2024-10-26,soirée,,,974,97411,5,1,6,4,4,Voie communale,50.0,1
202400050449,2024-08-16,après-midi,,,03,03075,1,1,4,4,1,Autoroute,130.0,1
202400050450,2024-12-03,soirée,,,31,31455,5,1,6,4,3,Départementale,50.0,1
202400050451,2024-10-26,soirée,,,973,97302,5,1,2,4,3,Départementale,50.0,1
202400050452,2024-10-26,matin,,,973,97309,2,1,7,4,3,Départementale,50.0,1
202400050453,2024-09-22,soirée,,,63,63378,5,1,6,3,3,Départementale,50.0,1
202400050454,2024-08-18,soirée,,,42,42279,1,1,5,4,3,Départementale,50.0,1
202400050455,2024-11-23,après-midi,,,38,38070,1,1,1,4,3,Départementale,70.0,1
202400050456,2024-09-23,matin,,,38,38261,1,8,1,4,3,Départementale,70.0,2
202400050457,2024-10-25,nuit,,,973,97302,5,1,3,4,4,Voie communale,50.0,1
202400050458,2024-08-18,après-midi,,,39,39387,1,3,7,4,1,Autoroute,130.0,2
202400050459,2024-12-04,matin,,,02,02610,2,5,1,4,2,Nationale,80.0,2
202400050460,2024-09-22,après-midi,,,01,01426,1,2,1,4,3,Départementale,80.0,2
202400050461,2024-10-26,matin,,,69,69387,1,1,1,4,4,Voie communale,30.0,1
202400050462,2024-12-03,soirée,,,03,03118,5,1,3,4,3,Départementale,50.0,1
202400050463,2024-08-17,après-midi,,,72,72165,1,3,3,4,1,Autoroute,130.0,2
202400050464,2024-09-23,après-midi,,,14,14316,1,1,1,4,3,Départementale,80.0,2
202400050465,2024-10-25,après-midi,,,69,69034,1,1,1,4,4,Voie communale,50.0,1
202400050466,2024-08-10,matin,,,66,66172,1,7,3,3,4,Voie communale,50.0,1
202400050467,2024-09-22,après-midi,,,09,09120,1,2,7,3,3,Départementale,80.0,2
202400050468,2024-12-03,après-midi,,,14,14520,3,8,1,4,3,Départementale,50.0,2
202400050469,2024-10-26,soirée,,,95,95306,5,1,3,4,4,Voie communale,50.0,1
202400050470,2024-09-20,matin,,,73,73128,1,1,2,3,4,Voie communale,50.0,1
202400050471,2024-12-04,après-midi,,,50,50292,1,1,6,3,4,Voie communale,80.0,1
202400050472,2024-08-18,matin,,,62,62019,1,1,2,4,1,Autoroute,130.0,1
202400050473,2024-09-22,soirée,,,07,07134,3,2,6,3,3,Départementale,90.0,2
202400050474,2024-08-18,nuit,,,45,45020,3,2,6,3,1,Autoroute,130.0,2
202400050475,2024-10-26,nuit,,,84,84080,3,2,7,4,3,Départementale,70.0,2
202400050476,2024-09-22,soirée,,,07,07319,1,3,3,4,3,Départementale,50.0,2
202400050477,2024-08-17,soirée,,,51,51160,1,2,7,4,3,Départementale,80.0,2
202400050478,2024-10-26,soirée,,,30,30351,3,2,2,3,3,Départementale,50.0,2
202400050479,2024-09-23,matin,,,53,53124,3,5,1,2,3,Départementale,90.0,2
202400050480,2024-10-26,soirée,,,84,84007,5,2,6,4,6,Autre,20.0,2
202400050481,2024-08-18,après-midi,,,77,77376,1,1,6,2,3,Départementale,80.0,1
202400050482,2024-10-26,nuit,,,83,83129,5,2,3,4,4,Voie communale,50.0,2
202400050483,2024-09-23,matin,,,85,85197,1,8,3,4,3,Départementale,80.0,2
202400050484,2024-10-25,soirée,,,80,80021,2,1,6,4,4,Voie communale,50.0,1
202400050485,2024-08-18,après-midi,,,48,48119,1,1,6,3,3,Départementale,90.0,1
202400050486,2024-10-27,nuit,,,78,78551,4,2,6,4,2,Nationale,,2
202400050487,2024-10-26,matin,,,78,78621,1,2,6,4,4,Voie communale,50.0,2
202400050488,2024-10-26,soirée,,,77,77288,4,1,3,4,4,Voie communale,50.0,1
202400050489,2024-10-26,matin,,,77,77288,1,1,3,4,4,Voie communale,50.0,1
202400050490,2024-10-26,nuit,,,77,77382,3,2,7,4,1,Autoroute,110.0,3
202400050491,2024-10-26,nuit,,,77,77186,3,2,6,4,3,Départementale,90.0,2
202400050492,2024-10-26,nuit,,,73,73065,5,1,3,3,4,Voie communale,50.0,1
202400050493,2024-10-25,après-midi,,,72,72181,1,2,3,4,4,Voie communale,50.0,2
202400050494,2024-10-26,nuit,,,69,69259,3,1,6,4,4,Voie communale,50.0,1
202400050495,2024-10-26,matin,,,64,64102,1,3,7,3,3,Départementale,50.0,2
202400050496,2024-10-26,après-midi,,,63,63300,1,1,6,4,4,Voie communale,30.0,2
202400050497,2024-10-26,matin,,,63,63113,5,2,6,4,7,Autre,30.0,2
202400050498,2024-10-22,après-midi,,,62,62765,1,2,6,4,4,Voie communale,30.0,2
202400050499,2024-10-26,soirée,,,62,62642,1,1,1,3,3,Départementale,50.0,1
202400050500,2024-10-25,après-midi,,,59,59599,1,1,3,4,7,Autre,50.0,1
202400050501,2024-10-26,soirée,,,59,59143,5,1,6,4,7,Autre,30.0,1
202400050502,2024-10-26,soirée,,,54,54395,5,1,6,4,4,Voie communale,30.0,1
202400050503,2024-10-26,soirée,,,54,54323,5,1,6,3,3,Départementale,50.0,1
202400050504,2024-10-25,après-midi,,,49,49007,1,1,2,3,1,Autoroute,130.0,1
202400050505,2024-10-26,matin,,,45,45298,1,2,3,4,3,Départementale,50.0,2
202400050506,2024-10-26,après-midi,,,37,37233,1,8,7,4,4,Voie communale,50.0,2
202400050507,2024-10-26,matin,,,35,35281,3,5,6,4,4,Voie communale,50.0,2
202400050508,2024-10-26,soirée,,,31,31555,4,2,6,3,4,Voie communale,50.0,2
202400050509,2024-10-26,après-midi,,,27,27306,1,2,6,4,6,Autre,15.0,2
202400050510,2024-10-26,soirée,,,19,19031,5,2,2,4,4,Voie communale,50.0,2
202400050511,2024-01-01,nuit,,,44,44109,5,2,6,3,4,Voie communale,50.0,2
202400050512,2024-01-03,soirée,,,42,42218,5,1,3,3,4,Voie communale,50.0,1
202400050513,2024-01-04,matin,,,37,37261,1,1,7,4,4,Voie communale,50.0,2
202400050514,2024-01-03,après-midi,,,37,37261,1,8,6,4,7,Autre,50.0,2
202400050515,2024-01-04,après-midi,,,35,35238,1,2,3,3,4,Voie communale,30.0,2
202400050516,2024-01-03,soirée,,,35,35051,3,1,6,2,2,Nationale,90.0,2
202400050517,2024-01-03,après-midi,,,35,35115,1,1,6,4,4,Voie communale,50.0,1
202400050518,2024-01-04,matin,,,34,34172,1,1,1,3,4,Voie communale,50.0,1
202400050519,2024-01-04,nuit,,,33,33039,5,1,5,4,4,Voie communale,50.0,1
202400050520,2024-01-04,soirée,,,33,33529,5,1,3,4,4,Voie communale,30.0,1
202400050521,2024-01-04,après-midi,,,31,31555,5,1,3,3,7,Autre,50.0,1
202400050522,2024-01-03,après-midi,,,29,29232,1,2,7,3,3,Départementale,50.0,2
202400050523,2024-01-03,après-midi,,,29,29039,3,2,6,4,3,Départementale,50.0,2
202400050524,2024-01-04,nuit,,,29,29019,5,2,3,4,4,Voie communale,50.0,2
202400050525,2024-01-04,après-midi,,,28,28134,5,2,6,4,4,Voie communale,50.0,2
202400050526,2024-01-04,après-midi,,,28,28134,5,2,3,4,4,Voie communale,50.0,2
202400050527,2024-05-03,après-midi,,,973,97302,1,2,7,4,3,Départementale,50.0,2
202400050528,2024-01-04,après-midi,,,27,27562,1,1,1,4,4,Voie communale,50.0,2
202400050529,2024-05-04,matin,,,972,97213,1,1,2,3,1,Autoroute,90.0,1
202400050530,2024-05-03,soirée,,,971,97101,5,1,3,4,4,Voie communale,50.0,1
202400050531,2024-05-03,soirée,,,971,97120,5,1,3,4,3,Départementale,50.0,1
202400050532,2024-01-04,après-midi,,,25,25462,1,1,3,4,4,Voie communale,50.0,2
202400050533,2024-05-04,après-midi,,,95,95219,1,1,3,4,3,Départementale,50.0,1
202400050534,2024-01-04,matin,,,25,25056,2,2,1,4,4,Voie communale,50.0,2
202400050535,2024-05-03,après-midi,,,91,91692,1,1,3,4,4,Voie communale,30.0,1
202400050536,2024-01-04,après-midi,,,22,22113,1,1,6,4,4,Voie communale,50.0,1
202400050537,2024-05-04,nuit,,,83,83062,5,1,6,4,6,Autre,50.0,1
202400050538,2024-01-04,matin,,,17,17380,1,1,6,4,4,Voie communale,50.0,1
202400050539,2024-05-04,soirée,,,83,83137,5,1,3,3,3,Départementale,50.0,1
202400050540,2024-01-04,matin,,,14,14566,5,8,7,4,3,Départementale,50.0,2
202400050541,2024-05-04,nuit,,,81,81021,3,1,2,4,3,Départementale,50.0,1
202400050542,2024-01-04,après-midi,,,13,13071,1,1,3,4,3,Départementale,50.0,1
202400050543,2024-05-04,nuit,,,81,81065,3,2,6,4,3,Départementale,110.0,2
202400050544,2024-01-04,après-midi,,,13,13213,5,1,1,2,3,Départementale,70.0,1
202400050545,2024-01-04,matin,,,13,13203,1,1,3,4,4,Voie communale,50.0,1
202400050546,2024-05-03,soirée,,,77,77335,1,1,5,3,2,Nationale,90.0,1
202400050547,2024-01-03,après-midi,,,11,11069,1,1,6,3,4,Voie communale,50.0,1
202400050548,2024-05-04,soirée,,,74,74010,1,1,6,3,4,Voie communale,30.0,1
202400050549,2024-01-04,matin,,,07,07102,1,1,6,4,4,Voie communale,50.0,1
202400050550,2024-05-04,matin,,,69,69290,1,2,3,4,4,Voie communale,50.0,2
202400050551,2024-01-03,matin,,,07,07102,1,1,4,4,4,Voie communale,50.0,1
202400050552,2024-05-04,après-midi,,,67,67482,1,1,3,4,4,Voie communale,50.0,1
202400050553,2024-01-04,soirée,,,75,75114,5,1,2,4,4,Voie communale,70.0,1
202400050554,2024-05-04,après-midi,,,67,67218,1,1,3,4,4,Voie communale,50.0,1
202400050555,2024-05-04,matin,,,67,67218,1,1,6,3,4,Voie communale,50.0,1
202400050556,2024-01-03,soirée,,,75,75113,5,1,4,4,4,Voie communale,70.0,2
202400050557,2024-01-03,nuit,,,75,75117,5,1,6,4,4,Voie communale,70.0,1
202400050558,2024-05-03,après-midi,,,67,67482,1,1,3,4,4,Voie communale,50.0,1
202400050559,2024-01-04,après-midi,,,75,75106,1,8,6,3,4,Voie communale,30.0,1
202400050560,2024-03-28,après-midi,,,34,34172,1,1,1,3,4,Voie communale,30.0,1
202400050561,2024-05-04,nuit,,,64,64122,5,1,7,3,4,Voie communale,50.0,2
202400050562,2024-01-04,après-midi,,,75,75119,1,1,7,3,4,Voie communale,30.0,2
202400050563,2024-03-28,soirée,,,33,33063,5,3,6,2,4,Voie communale,50.0,2
202400050564,2024-05-04,matin,,,64,64122,1,8,6,4,4,Voie communale,50.0,2
202400050565,2024-01-04,après-midi,,,75,75116,1,1,6,4,4,Voie communale,30.0,1
202400050566,2024-01-03,soirée,,,75,75116,5,1,7,2,4,Voie communale,50.0,2
202400050567,2024-03-28,après-midi,,,33,33529,1,1,3,4,4,Voie communale,30.0,1
202400050568,2024-05-03,matin,,,64,64102,1,1,3,4,4,Voie communale,50.0,1
202400050569,2024-01-03,soirée,,,75,75116,5,2,6,4,4,Voie communale,50.0,2
202400050570,2024-03-27,soirée,,,31,31555,5,1,3,4,4,Voie communale,30.0,1
202400050571,2024-05-04,après-midi,,,59,59650,1,1,2,4,7,Autre,50.0,1
202400050572,2024-01-03,matin,,,75,75116,1,2,3,4,4,Voie communale,30.0,2
202400050573,2024-03-28,matin,,,30,30007,1,7,7,4,4,Voie communale,50.0,1
202400050574,2024-01-03,matin,,,75,75116,1,1,6,3,4,Voie communale,30.0,1
202400050575,2024-05-04,nuit,,,59,59650,5,1,6,4,7,Autre,50.0,1
202400050576,2024-03-27,après-midi,,,30,30007,1,1,7,4,4,Voie communale,50.0,1
202400050577,2024-01-04,matin,,,75,75113,1,1,7,4,4,Voie communale,30.0,1
202400050578,2024-05-03,matin,,,59,59183,1,1,6,4,4,Voie communale,50.0,1
202400050579,2024-03-28,après-midi,,,29,29232,1,2,6,4,4,Voie communale,50.0,2
202400050580,2024-01-04,après-midi,,,75,75107,1,1,7,4,4,Voie communale,30.0,1
202400050581,2024-05-04,après-midi,,,57,57463,1,1,6,4,4,Voie communale,50.0,1
202400050582,2024-03-27,matin,,,29,29019,1,1,3,4,4,Voie communale,30.0,1
202400050583,2024-05-04,matin,,,56,56121,1,2,6,4,4,Voie communale,30.0,2
202400050584,2024-01-04,après-midi,,,75,75107,1,1,1,4,4,Voie communale,30.0,1
202400050585,2024-03-25,matin,,,29,29019,1,2,3,4,4,Voie communale,50.0,2
202400050586,2024-05-04,matin,,,54,54184,1,1,3,4,7,Autre,70.0,1
202400050587,2024-01-04,soirée,,,94,94081,5,1,3,4,3,Départementale,50.0,1
202400050588,2024-03-25,matin,,,29,29019,1,1,2,3,4,Voie communale,30.0,2
202400050589,2024-01-03,après-midi,,,94,94067,2,2,6,4,3,Départementale,50.0,2
202400050590,2024-05-03,soirée,,,54,54323,2,1,7,4,4,Voie communale,50.0,1
202400050591,2024-03-27,après-midi,,,19,19031,1,8,5,4,4,Voie communale,50.0,1
202400050592,2024-05-04,après-midi,,,49,49007,1,2,7,4,1,Autoroute,90.0,2
202400050593,2024-01-03,nuit,,,94,94033,5,2,3,4,3,Départementale,50.0,2
202400050594,2024-03-28,nuit,,,16,16102,5,2,6,4,3,Départementale,50.0,2
202400050595,2024-05-04,après-midi,,,41,41018,1,2,3,3,4,Voie communale,50.0,2
202400050596,2024-01-03,après-midi,,,94,94079,1,8,6,2,3,Départementale,50.0,2
202400050597,2024-03-28,après-midi,,,13,13054,1,1,3,4,3,Départementale,50.0,1
202400050598,2024-04-29,après-midi,,,39,39198,1,1,3,3,4,Voie communale,30.0,1
202400050599,2024-01-04,après-midi,,,93,93072,1,1,1,4,4,Voie communale,30.0,1
202400050600,2024-03-28,soirée,,,13,13210,2,1,3,3,4,Voie communale,50.0,1
202400050601,2024-05-04,matin,,,35,35238,1,1,6,4,4,Voie communale,30.0,1
202400050602,2024-01-04,après-midi,,,93,93066,1,1,3,4,4,Voie communale,50.0,1
202400050603,2024-03-28,nuit,,,13,13028,3,1,6,3,3,Départementale,30.0,1
202400050604,2024-05-04,après-midi,,,34,34172,1,1,3,4,4,Voie communale,50.0,1
202400050605,2024-01-04,matin,,,93,93008,1,1,1,4,4,Voie communale,50.0,1
202400050606,2024-03-28,après-midi,,,13,13005,1,1,2,4,4,Voie communale,30.0,1
202400050607,2024-05-04,nuit,,,34,34129,3,1,2,4,7,Autre,90.0,1
202400050608,2024-01-04,soirée,,,93,93007,3,2,3,4,4,Voie communale,50.0,2
202400050609,2024-03-27,après-midi,,,13,13005,1,1,3,3,4,Voie communale,30.0,1
202400050610,2024-05-04,nuit,,,31,31555,5,2,3,4,4,Voie communale,50.0,2
202400050611,2024-03-28,après-midi,,,13,13001,1,1,6,3,4,Voie communale,30.0,1
202400050612,2024-01-04,après-midi,,,92,92020,1,1,2,4,3,Départementale,30.0,1
202400050613,2024-05-04,soirée,,,31,31555,5,1,3,4,4,Voie communale,50.0,2
202400050614,2024-03-28,après-midi,,,06,06029,1,1,6,3,4,Voie communale,50.0,1
202400050615,2024-05-04,après-midi,,,31,31555,1,1,6,4,4,Voie communale,50.0,1
202400050616,2024-01-04,après-midi,,,92,92071,1,1,1,4,3,Départementale,50.0,1
202400050617,2024-03-27,après-midi,,,06,06029,1,1,6,3,4,Voie communale,50.0,1
202400050618,2024-01-04,matin,,,92,92012,1,1,6,4,3,Départementale,30.0,1
202400050619,2024-03-28,matin,,,02,02691,1,9,6,3,4,Voie communale,30.0,1
202400050620,2024-05-04,nuit,,,29,29019,5,2,3,4,3,Départementale,50.0,2
202400050621,2024-01-04,matin,,,54,54110,2,2,1,3,3,Départementale,80.0,2
202400050622,2024-05-04,nuit,,,17,17028,3,2,2,3,2,Nationale,110.0,2
202400050623,2024-03-28,après-midi,,,01,01053,1,1,1,3,4,Voie communale,50.0,1
202400050624,2024-03-28,soirée,,,75,75114,1,1,2,4,4,Voie communale,70.0,1
202400050625,2024-01-04,après-midi,,,14,14411,1,2,3,4,3,Départementale,80.0,2
202400050626,2024-05-04,après-midi,,,13,13002,1,1,2,4,4,Voie communale,50.0,1
202400050627,2024-01-04,soirée,,,17,17094,5,2,6,4,4,Voie communale,50.0,2
202400050628,2024-03-28,matin,,,75,75113,1,1,2,3,4,Voie communale,70.0,1
202400050629,2024-01-05,matin,,,21,21572,1,8,7,4,1,Autoroute,130.0,2
202400050630,2024-05-04,matin,,,13,13201,1,1,3,4,4,Voie communale,50.0,1
202400050631,2024-03-27,après-midi,,,75,75120,1,1,4,4,4,Voie communale,70.0,1
202400050632,2024-05-03,après-midi,,,13,13208,1,1,4,4,4,Voie communale,50.0,1
202400050633,2024-03-28,matin,,,75,75106,1,1,6,4,4,Voie communale,30.0,1
202400050634,2024-01-04,soirée,,,37,37261,5,8,2,3,1,Autoroute,90.0,2
202400050635,2024-05-04,matin,,,11,11069,1,1,7,4,3,Départementale,80.0,1
202400050636,2024-03-28,nuit,,,75,75119,5,1,1,4,4,Voie communale,50.0,1
202400050637,2024-01-02,après-midi,,,83,83116,1,8,3,4,4,Voie communale,50.0,1
202400050638,2024-05-04,soirée,,,10,10362,5,2,3,4,4,Voie communale,50.0,2
202400050639,2024-02-14,matin,,,972,97213,1,1,2,4,3,Départementale,50.0,1
202400050640,2024-02-14,après-midi,,,2B,2B033,1,1,2,4,4,Voie communale,50.0,1
202400050641,2024-03-28,après-midi,,,75,75119,1,1,2,3,4,Voie communale,30.0,1
202400050642,2024-05-04,soirée,,,10,10081,1,3,5,4,3,Départementale,110.0,2
202400050643,2024-01-04,après-midi,,,91,91617,3,8,5,4,3,Départementale,80.0,1
202400050644,2024-02-05,après-midi,,,971,97101,1,1,6,4,3,Départementale,70.0,1
202400050645,2024-02-14,matin,,,2A,2A004,1,1,2,4,4,Voie communale,50.0,1
202400050646,2024-01-05,après-midi,,,51,51287,1,1,6,4,3,Départementale,50.0,1
202400050647,2024-05-04,soirée,,,10,10357,1,3,2,4,4,Voie communale,50.0,2
202400050648,2024-03-28,matin,,,75,75118,1,1,2,4,4,Voie communale,30.0,1
202400050649,2024-02-16,nuit,,,95,95252,5,1,6,4,4,Voie communale,50.0,1
202400050650,2024-01-03,après-midi,,,2A,2A130,1,1,2,4,3,Départementale,50.0,1
202400050651,2024-03-27,après-midi,,,75,75117,1,1,3,4,4,Voie communale,30.0,1
202400050652,2024-05-04,nuit,,,06,06088,5,1,3,3,4,Voie communale,50.0,1