Num_Acc,date,time_of_day,lat,long,dep,com,lum,atm,col,severity_index,catr,catr_label,vma,surf
202400050653,2024-02-15,nuit,,,95,95127,3,2,6,4,4,Voie communale,50.0,2
202400050654,2024-02-15,matin,,,91,91687,1,1,3,4,3,Départementale,50.0,1
202400050655,2024-05-04,après-midi,,,06,06088,1,1,6,4,4,Voie communale,50.0,1
202400050656,2024-01-05,soirée,,,80,80443,5,2,6,4,3,Départementale,50.0,2
202400050657,2024-02-15,matin,,,91,91286,1,1,6,4,4,Voie communale,50.0,1
202400050658,2024-03-28,matin,,,75,75115,1,1,3,4,4,Voie communale,30.0,1
202400050659,2024-02-15,soirée,,,76,76231,3,1,6,4,7,Autre,80.0,2
202400050660,2024-05-03,soirée,,,75,75106,2,1,3,4,4,Voie communale,30.0,1
202400050661,2024-02-14,après-midi,,,76,76447,1,1,7,4,4,Voie communale,50.0,2
202400050662,2024-03-28,après-midi,,,75,75114,1,1,1,4,4,Voie communale,50.0,1
202400050663,2024-02-15,nuit,,,72,72181,5,1,6,4,4,Voie communale,30.0,1
202400050664,2024-01-02,soirée,,,49,49259,5,2,3,3,3,Départementale,70.0,2
202400050665,2024-02-14,matin,,,69,69259,1,1,6,3,4,Voie communale,30.0,1
202400050666,2024-02-14,matin,,,69,69290,1,1,3,4,7,Autre,50.0,1
202400050667,2024-01-05,matin,,,34,34142,2,2,6,3,3,Départementale,50.0,2
202400050668,2024-03-28,après-midi,,,75,75112,1,2,6,4,4,Voie communale,30.0,2
202400050669,2024-05-03,soirée,,,75,75107,1,1,3,4,4,Voie communale,30.0,1
202400050670,2024-01-31,matin,,,69,69091,2,1,3,4,7,Autre,50.0,1
202400050671,2024-02-13,nuit,,,68,68066,5,1,6,4,4,Voie communale,50.0,1
202400050672,2024-01-03,après-midi,,,34,34258,1,1,3,3,3,Départementale,80.0,1
202400050673,2024-02-14,après-midi,,,67,67482,1,1,6,4,4,Voie communale,30.0,1
202400050674,2024-08-17,après-midi,,,04,04245,1,1,6,3,3,Départementale,50.0,1
202400050675,2024-05-04,après-midi,,,75,75119,1,1,2,4,4,Voie communale,30.0,1
202400050676,2024-07-12,après-midi,,,34,34172,1,1,3,4,4,Voie communale,50.0,1
202400050677,2024-03-27,après-midi,,,75,75112,1,1,3,3,4,Voie communale,30.0,1
202400050678,2024-01-04,soirée,,,39,39422,3,1,6,2,3,Départementale,110.0,2
202400050679,2024-02-14,soirée,,,67,67218,5,1,6,4,4,Voie communale,50.0,1
202400050680,2024-02-11,soirée,,,67,67462,5,1,6,3,3,Départementale,40.0,1
202400050681,2024-05-04,soirée,,,75,75117,1,1,6,4,4,Voie communale,30.0,1
202400050682,2024-07-12,matin,,,34,34172,1,1,6,3,4,Voie communale,50.0,1
202400050683,2024-01-05,après-midi,,,44,44025,1,1,6,3,3,Départementale,50.0,1
202400050684,2024-08-15,soirée,,,13,13067,1,1,1,4,9,Autre,80.0,1
202400050685,2024-03-27,matin,,,75,75112,1,1,3,4,4,Voie communale,50.0,1
202400050686,2024-08-17,après-midi,,,13,13119,1,1,3,4,3,Départementale,,1
202400050687,2024-01-04,après-midi,,,64,64371,2,8,3,4,3,Départementale,30.0,1
202400050688,2024-07-11,après-midi,,,34,34172,1,1,2,4,7,Autre,50.0,1
202400050689,2024-03-28,après-midi,,,75,75107,1,1,6,4,4,Voie communale,30.0,1
202400050690,2024-05-04,nuit,,,75,75109,5,1,1,4,4,Voie communale,30.0,1
202400050691,2024-02-15,après-midi,,,64,64445,1,1,3,4,6,Autre,30.0,1
202400050692,2024-08-18,après-midi,,,70,70446,1,8,1,3,3,Départementale,,1
202400050693,2024-07-11,matin,,,34,34172,1,1,6,4,4,Voie communale,50.0,1
202400050694,2024-03-27,nuit,,,75,75109,5,1,6,3,4,Voie communale,30.0,1
202400050695,2024-09-23,matin,,,27,27685,1,1,3,3,3,Départementale,80.0,1
202400050696,2024-05-03,soirée,,,75,75102,5,1,6,4,4,Voie communale,30.0,1
202400050697,2024-01-05,après-midi,,,36,36169,1,1,3,3,3,Départementale,80.0,1
202400050698,2024-07-11,soirée,,,34,34032,1,1,6,3,4,Voie communale,50.0,1
202400050699,2024-02-15,matin,,,64,64129,2,8,6,4,3,Départementale,50.0,1
202400050700,2024-08-17,après-midi,,,68,68174,1,1,2,3,3,Départementale,40.0,1
202400050701,2024-07-12,matin,,,32,32013,1,8,7,4,4,Voie communale,50.0,1
202400050702,2024-09-22,nuit,,,17,17327,3,2,7,4,3,Départementale,80.0,2
202400050703,2024-03-28,matin,,,94,94073,1,1,2,4,3,Départementale,50.0,1
202400050704,2024-01-04,soirée,,,07,07110,5,1,7,4,4,Voie communale,50.0,1
202400050705,2024-05-04,soirée,,,75,75107,1,1,6,4,4,Voie communale,30.0,1
202400050706,2024-02-14,après-midi,,,64,64445,1,1,3,4,4,Voie communale,50.0,1
202400050707,2024-09-23,matin,,,48,48080,1,2,7,3,3,Départementale,90.0,8
202400050708,2024-08-16,après-midi,,,67,67240,1,1,2,4,3,Départementale,40.0,1
202400050709,2024-07-12,matin,,,30,30007,1,1,3,4,4,Voie communale,30.0,1
202400050710,2024-03-26,soirée,,,94,94011,2,2,3,4,6,Autre,30.0,2
202400050711,2024-01-05,matin,,,17,17140,1,1,6,3,3,Départementale,50.0,2
202400050712,2024-02-15,après-midi,,,63,63113,1,1,6,4,4,Voie communale,50.0,1
202400050713,2024-05-04,matin,,,75,75115,1,2,6,3,4,Voie communale,30.0,2
202400050714,2024-06-10,nuit,,,30,30007,5,1,3,4,4,Voie communale,30.0,1
202400050715,2024-07-11,après-midi,,,30,30007,1,1,2,4,4,Voie communale,50.0,9
202400050716,2024-09-23,matin,,,48,48016,3,2,2,2,2,Nationale,70.0,2
202400050717,2024-03-26,matin,,,94,94028,1,2,2,4,4,Voie communale,50.0,2
202400050718,2024-08-16,soirée,,,73,73054,1,1,3,3,3,Départementale,80.0,1
202400050719,2024-01-05,matin,,,48,48032,1,8,1,3,3,Départementale,90.0,2
202400050720,2024-02-15,après-midi,,,62,62737,1,1,3,4,4,Voie communale,,1
202400050721,2024-06-09,soirée,,,28,28134,1,1,1,4,4,Voie communale,30.0,1
202400050722,2024-03-28,matin,,,93,93055,1,1,3,4,4,Voie communale,50.0,2
202400050723,2024-01-03,après-midi,,,52,52060,2,4,7,2,3,Départementale,80.0,2
202400050724,2024-05-04,nuit,,,75,75107,5,1,2,4,4,Voie communale,30.0,1
202400050725,2024-02-15,soirée,,,59,59367,5,1,6,3,6,Autre,30.0,1
202400050726,2024-07-09,matin,,,26,26362,1,1,1,2,3,Départementale,80.0,1
202400050727,2024-08-18,nuit,,,42,42211,5,1,6,4,3,Départementale,70.0,2
202400050728,2024-09-23,matin,,,49,49228,2,8,4,2,3,Départementale,80.0,2
202400050729,2024-01-02,nuit,,,46,46086,3,2,6,4,1,Autoroute,130.0,2
202400050730,2024-02-15,matin,,,59,59328,2,2,6,4,7,Autre,50.0,2
202400050731,2024-08-17,après-midi,,,38,38364,1,1,7,3,7,Autre,80.0,1
202400050732,2024-05-04,nuit,,,75,75101,5,1,6,4,4,Voie communale,30.0,1
202400050733,2024-06-10,matin,,,27,27562,1,1,6,4,3,Départementale,50.0,1
202400050734,2024-03-28,matin,,,93,93047,1,1,3,4,3,Départementale,50.0,1
202400050735,2024-07-11,matin,,,23,23096,1,1,3,4,4,Voie communale,50.0,1
202400050736,2024-09-23,après-midi,,,973,97309,1,1,3,3,3,Départementale,70.0,1
202400050737,2024-02-15,matin,,,59,59648,1,1,3,4,7,Autre,50.0,1
202400050738,2024-08-18,après-midi,,,07,07182,1,1,6,2,3,Départementale,80.0,1
202400050739,2024-01-04,après-midi,,,78,78010,1,1,6,4,4,Voie communale,30.0,1
202400050740,2024-06-10,matin,,,25,25056,1,1,3,4,4,Voie communale,,1
202400050741,2024-05-04,matin,,,75,75104,1,8,6,4,4,Voie communale,30.0,1
202400050742,2024-03-28,après-midi,,,93,93007,1,1,3,4,4,Voie communale,50.0,1
202400050743,2024-07-12,nuit,,,17,17300,5,1,1,4,4,Voie communale,30.0,1
202400050744,2024-01-03,après-midi,,,06,06004,1,1,6,4,1,Autoroute,50.0,1
202400050745,2024-02-15,soirée,,,54,54323,2,1,3,4,4,Voie communale,50.0,1
202400050746,2024-08-16,soirée,,,69,69296,1,1,1,4,7,Autre,,1
202400050747,2024-05-03,soirée,,,75,75101,5,1,3,4,4,Voie communale,50.0,1
202400050748,2024-03-28,matin,,,93,93007,1,2,6,4,4,Voie communale,50.0,2
202400050749,2024-06-10,soirée,,,13,13056,1,1,1,3,3,Départementale,50.0,1
202400050750,2024-02-15,matin,,,54,54036,1,1,6,4,3,Départementale,80.0,2
202400050751,2024-09-22,matin,,,971,97103,1,1,5,4,4,Voie communale,50.0,1
202400050752,2024-01-05,matin,,,38,38397,1,3,6,3,1,Autoroute,110.0,2
202400050753,2024-08-17,après-midi,,,69,69299,1,8,7,3,3,Départementale,,1
202400050754,2024-03-28,soirée,,,92,92048,1,1,7,4,3,Départementale,50.0,1
202400050755,2024-07-12,soirée,,,17,17299,1,1,3,4,4,Voie communale,30.0,1
202400050756,2024-05-03,après-midi,,,94,94076,1,1,6,4,4,Voie communale,30.0,1
202400050757,2024-09-22,soirée,,,973,97357,1,1,6,4,4,Voie communale,,1
202400050758,2024-06-10,après-midi,,,13,13209,1,1,3,4,4,Voie communale,50.0,1
202400050759,2024-02-15,soirée,,,51,51454,5,1,6,4,4,Voie communale,50.0,1
202400050760,2024-01-05,après-midi,,,34,34022,1,1,3,4,4,Voie communale,30.0,1
202400050761,2024-08-18,après-midi,,,65,65031,1,1,7,4,3,Départementale,80.0,1
202400050762,2024-05-04,matin,,,94,94041,1,2,3,4,4,Voie communale,50.0,2
202400050763,2024-03-27,soirée,,,92,92044,1,1,6,4,3,Départementale,50.0,1
202400050764,2024-01-04,matin,,,21,21609,1,1,7,3,3,Départementale,90.0,2
202400050765,2024-07-12,soirée,,,13,13002,2,1,3,4,4,Voie communale,50.0,1
202400050766,2024-09-20,matin,,,34,34151,1,1,1,4,3,Départementale,80.0,1
202400050767,2024-06-10,soirée,,,13,13210,1,1,2,4,4,Voie communale,50.0,1
202400050768,2024-08-17,après-midi,,,32,32029,1,1,7,2,3,Départementale,80.0,1
202400050769,2024-03-28,matin,,,92,92075,1,1,6,4,3,Départementale,30.0,1
202400050770,2024-01-05,matin,,,73,73034,1,4,7,3,4,Voie communale,,5
202400050771,2024-02-15,matin,,,51,51454,1,1,3,4,4,Voie communale,30.0,1
202400050772,2024-08-17,nuit,,,22,22324,2,1,6,3,3,Départementale,90.0,1
202400050773,2024-07-12,après-midi,,,13,13205,1,1,3,4,4,Voie communale,30.0,1
202400050774,2024-03-28,après-midi,,,92,92036,1,1,6,4,4,Voie communale,50.0,1
202400050775,2024-06-10,soirée,,,10,10387,1,1,7,4,4,Voie communale,50.0,1
202400050776,2024-10-26,soirée,,,17,17415,1,2,3,4,4,Voie communale,30.0,2
202400050777,2024-05-04,nuit,,,94,94001,5,1,1,4,3,Départementale,,1
202400050778,2024-01-04,après-midi,,,86,86024,2,8,7,3,3,Départementale,80.0,2
202400050779,2024-10-26,matin,,,13,13215,2,1,7,3,4,Voie communale,50.0,1
202400050780,2024-08-18,nuit,,,22,22193,3,1,6,2,2,Nationale,110.0,1
202400050781,2024-03-28,soirée,,,92,92025,1,1,6,4,4,Voie communale,30.0,1
202400050782,2024-07-09,après-midi,,,13,13001,1,1,1,4,9,Autre,50.0,1
202400050783,2024-09-21,matin,,,71,71150,1,1,5,4,3,Départementale,50.0,1
202400050784,2024-12-03,nuit,,,04,04166,3,1,6,3,3,Départementale,80.0,1
202400050785,2024-02-15,matin,,,50,50218,1,1,2,4,3,Départementale,30.0,1
202400050786,2024-10-26,nuit,,,13,13202,5,1,3,4,4,Voie communale,50.0,1
202400050787,2024-01-05,matin,,,50,50288,1,7,3,3,3,Départementale,50.0,2
202400050788,2024-06-10,nuit,,,06,06159,5,1,3,4,7,Autre,50.0,1
202400050789,2024-07-12,soirée,,,11,11069,1,1,6,4,4,Voie communale,50.0,1
202400050790,2024-03-28,matin,,,92,92024,1,8,7,4,4,Voie communale,30.0,2
202400050791,2024-05-03,après-midi,,,94,94077,1,1,3,4,4,Voie communale,50.0,1
202400050792,2024-01-04,matin,,,14,14719,3,2,7,4,2,Nationale,110.0,2
202400050793,2024-12-03,après-midi,,,85,85131,1,1,6,3,4,Voie communale,70.0,1
202400050794,2024-09-20,matin,,,67,67075,2,1,3,3,3,Départementale,80.0,1
202400050795,2024-10-26,nuit,,,13,13201,5,1,7,4,4,Voie communale,50.0,1
202400050796,2024-02-14,après-midi,,,50,50129,1,1,3,4,2,Nationale,50.0,1
202400050797,2024-01-04,soirée,,,60,60581,5,1,6,4,3,Départementale,50.0,1
202400050798,2024-06-10,matin,,,06,06069,1,1,1,4,3,Départementale,50.0,1
202400050799,2024-01-05,matin,,,59,59256,1,2,1,3,7,Autre,70.0,2
202400050800,2024-01-04,soirée,,,91,91363,3,1,2,4,2,Nationale,110.0,1
202400050801,2024-01-04,nuit,,,91,91659,3,1,6,4,1,Autoroute,110.0,2
202400050802,2024-01-03,soirée,,,92,92048,3,2,3,4,2,Nationale,90.0,2
202400050803,2024-07-13,nuit,,,10,10357,3,2,7,4,4,Voie communale,50.0,2
202400050804,2024-02-15,matin,,,49,49007,1,2,2,4,4,Voie communale,50.0,2
202400050805,2024-06-10,après-midi,,,75,75118,1,1,2,4,4,Voie communale,70.0,1
202400050806,2024-03-28,soirée,,,92,92007,1,1,6,4,4,Voie communale,30.0,1
202400050807,2024-01-04,matin,,,95,95018,1,1,2,4,1,Autoroute,110.0,2
202400050808,2024-09-21,matin,,,54,54101,1,1,3,4,3,Départementale,80.0,1
202400050809,2024-12-04,après-midi,,,23,23040,1,1,3,3,3,Départementale,50.0,1
202400050810,2024-10-25,après-midi,,,13,13098,1,2,7,3,4,Voie communale,90.0,2
202400050811,2024-05-04,soirée,,,93,93010,1,1,5,4,3,Départementale,50.0,1
202400050812,2024-08-17,soirée,,,59,59134,1,1,3,4,3,Départementale,50.0,1
202400050813,2024-01-04,matin,,,94,94004,1,1,1,4,2,Nationale,70.0,1
202400050814,2024-06-07,après-midi,,,75,75116,1,1,6,4,4,Voie communale,50.0,1
202400050815,2024-11-09,après-midi,,,33,33243,1,3,6,3,1,Autoroute,130.0,2
202400050816,2024-02-15,après-midi,,,45,45302,1,1,6,4,4,Voie communale,50.0,1
202400050817,2024-03-28,soirée,,,60,60697,2,1,5,4,3,Départementale,80.0,1
202400050818,2024-07-12,après-midi,,,10,10387,1,8,6,4,4,Voie communale,50.0,1
202400050819,2024-10-26,nuit,,,13,13001,5,2,2,4,4,Voie communale,50.0,2
202400050820,2024-09-22,après-midi,,,63,63284,1,2,6,4,3,Départementale,70.0,2
202400050821,2024-05-03,après-midi,,,92,92072,1,1,3,4,3,Départementale,50.0,1
202400050822,2024-01-03,nuit,,,94,94073,3,2,2,4,1,Autoroute,70.0,2
202400050823,2024-06-16,après-midi,,,13,13037,1,1,2,3,3,Départementale,80.0,1
202400050824,2024-03-26,après-midi,,,06,06149,2,2,3,4,7,Autre,50.0,2
202400050825,2024-02-15,après-midi,,,45,45234,1,1,3,4,4,Voie communale,50.0,1
202400050826,2024-08-17,soirée,,,13,13085,1,1,3,4,1,Autoroute,110.0,1
202400050827,2024-06-10,après-midi,,,75,75117,1,1,3,4,4,Voie communale,30.0,1
202400050828,2024-05-03,après-midi,,,92,92049,1,1,6,4,3,Départementale,50.0,1
202400050829,2024-09-21,après-midi,,,73,73176,1,1,1,2,3,Départementale,80.0,1
202400050830,2024-10-26,matin,,,11,11262,1,3,6,2,4,Voie communale,30.0,2
202400050831,2024-12-04,après-midi,,,69,69244,5,1,6,4,4,Voie communale,50.0,1
202400050832,2024-03-29,matin,,,95,95052,1,1,6,4,3,Départementale,50.0,1
202400050833,2024-02-15,soirée,,,42,42184,5,1,6,4,4,Voie communale,50.0,1
202400050834,2024-01-03,soirée,,,93,93051,3,2,2,4,1,Autoroute,110.0,2
202400050835,2024-08-17,nuit,,,69,69276,3,1,7,3,1,Autoroute,90.0,1
202400050836,2024-05-04,après-midi,,,92,92012,1,1,2,4,4,Voie communale,50.0,2
202400050837,2024-06-10,soirée,,,75,75116,1,1,3,4,4,Voie communale,,1
202400050838,2024-07-12,après-midi,,,06,06088,1,2,3,3,4,Voie communale,50.0,2
202400050839,2024-10-26,matin,,,10,10387,5,9,6,4,4,Voie communale,50.0,2
202400050840,2024-12-04,après-midi,,,83,83061,1,1,6,4,1,Autoroute,50.0,1
202400050841,2024-03-28,soirée,,,21,21599,1,1,2,4,1,Autoroute,130.0,1
202400050842,2024-02-15,matin,,,37,37261,1,1,7,4,4,Voie communale,50.0,1
202400050843,2024-09-22,après-midi,,,38,38294,1,1,3,4,3,Départementale,70.0,2
202400050844,2024-01-03,après-midi,,,93,93051,1,3,5,4,1,Autoroute,110.0,2
202400050845,2024-05-03,après-midi,,,92,92004,1,1,6,4,3,Départementale,50.0,1
202400050846,2024-10-27,nuit,,,06,06069,5,9,6,4,3,Départementale,50.0,2
202400050847,2024-08-12,soirée,,,42,42225,3,1,3,4,1,Autoroute,90.0,1
202400050848,2024-12-04,matin,,,13,13025,1,1,2,3,1,Autoroute,130.0,1
202400050849,2024-03-29,soirée,,,974,97412,5,1,6,4,4,Voie communale,50.0,1
202400050850,2024-09-23,après-midi,,,32,32019,1,1,1,4,3,Départementale,80.0,1
202400050851,2024-07-12,après-midi,,,06,06088,1,1,3,4,4,Voie communale,50.0,1
202400050852,2024-02-14,après-midi,,,36,36044,1,1,3,4,4,Voie communale,50.0,1
202400050853,2024-10-17,matin,,,05,05061,1,1,7,4,3,Départementale,50.0,1
202400050854,2024-06-08,soirée,,,75,75112,1,1,3,4,4,Voie communale,30.0,1
202400050855,2024-01-03,après-midi,,,974,97416,1,1,3,4,4,Voie communale,50.0,1
202400050856,2024-05-03,soirée,,,92,92004,1,1,3,4,3,Départementale,50.0,1
202400050857,2024-12-01,après-midi,,,38,38052,1,1,3,4,3,Départementale,50.0,1
202400050858,2024-03-28,après-midi,,,01,01166,1,1,1,3,3,Départementale,80.0,1
202400050859,2024-10-21,après-midi,,,05,05061,1,1,7,4,2,Nationale,80.0,1
202400050860,2024-02-15,après-midi,,,31,31555,1,1,3,4,4,Voie communale,50.0,1
202400050861,2024-07-12,matin,,,06,06069,1,1,3,4,4,Voie communale,50.0,1
202400050862,2024-01-03,après-midi,,,974,97407,1,1,1,4,2,Nationale,50.0,1
202400050863,2024-09-22,après-midi,,,17,17385,1,1,3,3,3,Départementale,50.0,1
202400050864,2024-07-12,après-midi,,,06,06029,1,7,6,4,4,Voie communale,50.0,1
202400050865,2024-03-14,après-midi,,,51,51391,1,1,7,4,2,Nationale,70.0,1
202400050866,2024-12-03,matin,,,64,64147,1,2,7,3,1,Autoroute,110.0,2
202400050867,2024-02-15,matin,,,31,31149,1,1,3,4,4,Voie communale,30.0,1
202400050868,2024-06-09,nuit,,,75,75111,2,1,3,3,4,Voie communale,30.0,1
202400050869,2024-08-17,soirée,,,92,92002,1,3,6,4,1,Autoroute,90.0,2
202400050870,2024-05-04,soirée,,,83,83003,1,1,3,4,3,Départementale,50.0,1
202400050871,2024-02-14,après-midi,,,31,31555,1,1,1,4,4,Voie communale,50.0,1
202400050872,2024-09-20,après-midi,,,17,17486,1,1,3,3,4,Voie communale,50.0,1
202400050873,2024-07-09,matin,,,03,03185,2,1,3,3,3,Départementale,50.0,1
202400050874,2024-10-25,matin,,,04,04112,2,8,3,4,3,Départementale,80.0,2
202400050875,2024-12-03,après-midi,,,78,78564,3,2,1,3,1,Autoroute,110.0,2
202400050876,2024-01-02,matin,,,973,97302,1,1,5,4,3,Départementale,50.0,1
202400050877,2024-06-10,matin,,,75,75107,1,1,3,4,4,Voie communale,50.0,1
202400050878,2024-03-23,nuit,,,51,51153,3,1,3,4,3,Départementale,90.0,2
202400050879,2024-05-05,nuit,,,12,12131,3,2,6,3,3,Départementale,80.0,2
202400050880,2024-02-14,après-midi,,,31,31149,1,1,6,4,4,Voie communale,50.0,1
202400050881,2024-09-22,matin,,,29,29237,2,9,6,4,4,Voie communale,50.0,9
202400050882,2024-03-28,nuit,,,51,51042,3,2,6,3,3,Départementale,90.0,2
202400050883,2024-01-03,matin,,,69,69383,1,1,6,4,4,Voie communale,30.0,1
202400050884,2024-07-11,soirée,,,75,75116,2,1,5,4,4,Voie communale,70.0,1
202400050885,2024-06-10,matin,,,75,75102,1,1,6,4,4,Voie communale,30.0,1
202400050886,2024-08-17,soirée,,,94,94043,1,3,6,4,1,Autoroute,50.0,2
202400050887,2024-05-04,après-midi,,,01,01033,1,1,6,4,3,Départementale,80.0,1
202400050888,2024-02-15,matin,,,27,27562,1,1,2,4,3,Départementale,50.0,1
202400050889,2024-03-27,nuit,,,56,56053,3,3,6,4,3,Départementale,80.0,2
202400050890,2024-09-21,après-midi,,,35,35012,1,8,3,3,3,Départementale,50.0,2
202400050891,2024-06-09,soirée,,,94,94068,1,1,6,3,3,Départementale,30.0,1
202400050892,2024-01-03,nuit,,,69,69382,5,1,3,4,4,Voie communale,30.0,1
202400050893,2024-05-04,après-midi,,,44,44195,1,2,7,3,2,Nationale,110.0,2
202400050894,2024-03-29,matin,,,56,56120,2,2,6,3,3,Départementale,30.0,2
202400050895,2024-07-10,soirée,,,75,75112,1,1,3,4,4,Voie communale,30.0,1
202400050896,2024-02-16,nuit,,,26,26362,5,1,3,4,4,Voie communale,50.0,1
202400050897,2024-05-05,nuit,,,58,58088,3,2,7,4,1,Autoroute,,2
202400050898,2024-06-06,après-midi,,,94,94058,1,1,3,4,4,Voie communale,30.0,1
202400050899,2024-12-03,soirée,,,41,41136,5,9,6,2,3,Départementale,50.0,2
202400050900,2024-10-26,soirée,,,75,75114,4,1,2,4,4,Voie communale,50.0,1
202400050901,2024-09-23,matin,,,60,60143,1,2,3,4,4,Voie communale,50.0,2
202400050902,2024-03-29,après-midi,,,81,81146,1,1,2,3,3,Départementale,90.0,1
202400050903,2024-01-02,soirée,,,69,69081,5,1,6,3,4,Voie communale,50.0,2
202400050904,2024-08-17,après-midi,,,92,92002,1,3,2,4,1,Autoroute,90.0,2
202400050905,2024-07-12,soirée,,,75,75106,1,1,3,4,4,Voie communale,30.0,1
202400050906,2024-02-15,soirée,,,26,26198,1,1,1,4,4,Voie communale,30.0,1
202400050907,2024-09-23,matin,,,80,80053,3,2,6,3,4,Voie communale,80.0,2
202400050908,2024-12-01,soirée,,,95,95012,5,1,7,4,3,Départementale,,1
202400050909,2024-06-10,soirée,,,94,94046,1,1,3,4,4,Voie communale,2.0,1
202400050910,2024-05-04,soirée,,,30,30226,1,1,1,4,4,Voie communale,80.0,1
202400050911,2024-01-02,nuit,,,971,97113,5,1,7,3,2,Nationale,70.0,1
202400050912,2024-10-26,matin,,,75,75118,1,8,6,4,4,Voie communale,30.0,1
202400050913,2024-03-28,après-midi,,,34,34013,1,1,3,2,3,Départementale,80.0,1
202400050914,2024-07-10,après-midi,,,75,75104,1,1,6,4,4,Voie communale,30.0,1
202400050915,2024-02-12,soirée,,,19,19031,5,1,3,4,4,Voie communale,50.0,1
202400050916,2024-12-03,après-midi,,,66,66002,1,1,3,3,3,Départementale,70.0,1
202400050917,2024-09-22,nuit,,,80,80670,3,1,6,3,3,Départementale,80.0,1
202400050918,2024-01-03,après-midi,,,91,91549,1,2,6,4,4,Voie communale,50.0,2
202400050919,2024-08-17,soirée,,,95,95212,1,2,6,4,2,Nationale,50.0,2
202400050920,2024-06-09,soirée,,,94,94028,1,1,6,3,4,Voie communale,,1
202400050921,2024-03-28,nuit,,,34,34284,5,1,7,3,3,Départementale,50.0,1
202400050922,2024-10-26,nuit,,,75,75117,5,1,3,4,4,Voie communale,30.0,1
202400050923,2024-07-10,nuit,,,75,75105,5,2,6,4,4,Voie communale,30.0,2
202400050924,2024-09-23,soirée,,,59,59249,1,1,2,4,4,Voie communale,50.0,1
202400050925,2024-08-01,soirée,,,95,95572,1,1,6,4,2,Nationale,70.0,1
202400050926,2024-01-03,après-midi,,,91,91064,1,2,2,4,3,Départementale,50.0,2
202400050927,2024-02-15,matin,,,17,17300,1,1,3,3,4,Voie communale,50.0,1
202400050928,2024-06-09,après-midi,,,94,94028,1,1,3,4,3,Départementale,,1
202400050929,2024-12-03,après-midi,,,57,57032,1,2,2,4,7,Autre,80.0,2
202400050930,2024-03-29,après-midi,,,34,34028,1,1,1,4,4,Voie communale,50.0,1
202400050931,2024-07-12,matin,,,75,75119,1,2,7,4,4,Voie communale,,2
202400050932,2024-08-17,après-midi,,,92,92036,1,2,6,4,1,Autoroute,90.0,2
202400050933,2024-05-03,matin,,,2B,2B009,1,1,3,4,2,Nationale,80.0,1
202400050934,2024-10-25,après-midi,,,75,75116,1,1,1,4,4,Voie communale,50.0,1
202400050935,2024-01-03,soirée,,,91,91687,5,2,6,3,3,Départementale,50.0,2
202400050936,2024-09-22,nuit,,,59,59563,3,1,3,3,2,Nationale,80.0,1
202400050937,2024-06-10,matin,,,93,93073,1,1,6,4,4,Voie communale,50.0,1
202400050938,2024-08-15,après-midi,,,987,98735,1,1,1,4,4,Voie communale,30.0,1
202400050939,2024-02-10,soirée,,,14,14366,2,1,2,4,3,Départementale,50.0,2
202400050940,2024-12-02,après-midi,,,69,69052,5,2,6,3,3,Départementale,50.0,2
202400050941,2024-07-12,après-midi,,,75,75117,1,8,6,4,4,Voie communale,30.0,1
202400050942,2024-05-04,nuit,,,69,69199,3,1,6,3,1,Autoroute,50.0,1
202400050943,2024-03-28,soirée,,,29,29217,5,2,1,4,3,Départementale,50.0,2
202400050944,2024-01-03,matin,,,91,91326,1,2,2,4,3,Départementale,50.0,2
202400050945,2024-12-04,après-midi,,,69,69094,1,1,6,3,3,Départementale,70.0,1
202400050946,2024-02-15,soirée,,,13,13216,5,1,1,3,4,Voie communale,50.0,1
202400050947,2024-09-22,matin,,,69,69163,2,2,1,4,1,Autoroute,130.0,2
202400050948,2024-06-10,soirée,,,93,93066,1,1,6,4,4,Voie communale,50.0,1
202400050949,2024-10-26,soirée,,,75,75112,1,1,6,4,4,Voie communale,50.0,1
202400050950,2024-05-04,nuit,,,56,56026,3,1,1,3,3,Départementale,70.0,1
202400050951,2024-07-12,soirée,,,75,75115,1,1,6,4,4,Voie communale,30.0,1
202400050952,2024-03-28,matin,,,29,29026,1,2,2,4,3,Départementale,50.0,2
202400050953,2024-08-16,soirée,,,976,97611,5,1,3,4,4,Voie communale,50.0,1
202400050954,2024-02-14,après-midi,,,13,13047,1,1,1,4,4,Voie communale,50.0,1
202400050955,2024-12-04,après-midi,,,31,31291,1,1,6,3,3,Départementale,50.0,1
202400050956,2024-06-09,nuit,,,93,93066,5,1,1,4,3,Départementale,50.0,1
202400050957,2024-01-03,matin,,,84,84007,1,1,3,4,4,Voie communale,50.0,1
202400050958,2024-09-22,matin,,,92,92072,1,2,6,4,2,Nationale,70.0,2
202400050959,2024-05-03,soirée,,,79,79103,3,1,3,3,3,Départementale,50.0,1
202400050960,2024-02-14,soirée,,,13,13005,2,1,3,3,3,Départementale,50.0,1
202400050961,2024-10-26,nuit,,,75,75111,5,1,3,4,4,Voie communale,30.0,1
202400050962,2024-07-12,soirée,,,75,75112,1,1,3,4,4,Voie communale,30.0,1
202400050963,2024-08-16,soirée,,,974,97407,5,1,3,4,2,Nationale,70.0,1
202400050964,2024-03-28,après-midi,,,26,26345,1,1,4,4,3,Départementale,50.0,1
202400050965,2024-12-04,après-midi,,,80,80721,5,2,1,3,3,Départementale,50.0,2