Num_Acc,date,time_of_day,lat,long,dep,com,lum,atm,col,severity_index,catr,catr_label,vma,surf
202400050966,2024-01-03,matin,,,83,83062,1,1,1,4,4,Voie communale,50.0,1
202400050967,2024-06-09,soirée,,,93,93010,1,1,3,4,3,Départementale,50.0,1
202400050968,2024-09-20,matin,,,94,94015,1,1,2,4,1,Autoroute,90.0,1
202400050969,2024-02-15,matin,,,06,06088,1,1,3,4,4,Voie communale,50.0,1
202400050970,2024-05-04,soirée,,,63,63170,1,2,1,3,3,Départementale,90.0,2
202400050971,2024-10-26,après-midi,,,75,75110,1,1,3,4,4,Voie communale,30.0,1
202400050972,2024-08-17,nuit,,,69,69388,5,1,7,4,4,Voie communale,50.0,1
202400050973,2024-07-11,après-midi,,,75,75111,1,1,3,4,4,Voie communale,30.0,1
202400050974,2024-10-26,nuit,,,59,59584,3,1,7,3,3,Départementale,80.0,1
202400050975,2024-02-14,après-midi,,,06,06004,1,1,6,4,4,Voie communale,50.0,1
202400050976,2024-03-28,après-midi,,,72,72266,1,2,1,4,3,Départementale,80.0,2
202400050977,2024-05-05,soirée,,,38,38439,1,1,7,3,4,Voie communale,50.0,1
202400050978,2024-01-03,matin,,,83,83137,1,1,3,3,3,Départementale,50.0,1
202400050979,2024-06-10,matin,,,93,93001,1,1,1,4,3,Départementale,50.0,1
202400050980,2024-10-26,nuit,,,75,75107,5,2,3,4,4,Voie communale,30.0,2
202400050981,2024-07-11,matin,,,75,75111,1,1,3,4,4,Voie communale,30.0,1
202400050982,2024-03-29,matin,,,50,50484,1,1,6,3,3,Départementale,,1
202400050983,2024-05-03,après-midi,,,84,84123,1,1,2,3,3,Départementale,80.0,1
202400050984,2024-02-15,soirée,,,01,01283,5,1,3,4,3,Départementale,50.0,1
202400050985,2024-01-02,matin,,,77,77445,1,2,6,4,4,Voie communale,30.0,2
202400050986,2024-03-25,matin,,,46,46055,1,1,2,3,3,Départementale,80.0,1
202400050987,2024-12-02,soirée,,,13,13213,3,1,3,4,1,Autoroute,70.0,1
202400050988,2024-08-16,nuit,,,69,69388,5,1,3,3,4,Voie communale,50.0,1
202400050989,2024-06-10,matin,,,92,92078,1,8,6,4,3,Départementale,50.0,1
202400050990,2024-10-26,nuit,,,75,75101,5,2,7,3,4,Voie communale,30.0,2
202400050991,2024-05-05,matin,,,85,85153,1,2,7,3,3,Départementale,80.0,2
202400050992,2024-12-03,matin,,,13,13088,1,1,7,4,1,Autoroute,110.0,1
202400050993,2024-07-12,matin,,,75,75109,1,2,6,4,4,Voie communale,30.0,2
202400050994,2024-01-02,matin,,,77,77445,1,1,6,3,3,Départementale,50.0,2
202400050995,2024-02-15,matin,,,75,75113,1,1,3,4,4,Voie communale,70.0,1
202400050996,2024-06-09,soirée,,,92,92078,1,1,6,4,4,Voie communale,25.0,1
202400050997,2024-03-28,après-midi,,,60,60509,1,1,3,3,3,Départementale,50.0,1
202400050998,2024-05-05,après-midi,,,58,58293,1,1,7,4,4,Voie communale,80.0,2
202400050999,2024-05-29,après-midi,,,62,62643,1,7,3,4,4,Voie communale,50.0,1
202400051000,2024-10-25,après-midi,,,75,75101,1,8,6,4,4,Voie communale,30.0,1
202400051001,2024-01-03,après-midi,,,77,77449,1,2,6,4,4,Voie communale,50.0,2
202400051002,2024-08-16,soirée,,,69,69149,5,1,3,4,4,Voie communale,30.0,1
202400051003,2024-06-10,soirée,,,92,92062,1,1,6,4,4,Voie communale,50.0,1
202400051004,2024-02-14,après-midi,,,75,75119,1,1,3,4,4,Voie communale,70.0,2
202400051005,2024-07-12,nuit,,,75,75109,5,3,6,4,4,Voie communale,,2
202400051006,2024-05-05,nuit,,,06,06111,2,1,6,4,7,Autre,80.0,2
202400051007,2024-12-03,après-midi,,,83,83137,1,1,4,4,1,Autoroute,70.0,1
202400051008,2024-03-28,soirée,,,43,43267,3,1,6,3,3,Départementale,80.0,1
202400051009,2024-01-03,matin,,,76,76351,3,1,6,4,4,Voie communale,50.0,2
202400051010,2024-02-14,matin,,,75,75118,1,2,6,4,4,Voie communale,70.0,2
202400051011,2024-05-09,matin,,,62,62040,2,5,1,4,3,Départementale,50.0,1
202400051012,2024-03-29,après-midi,,,16,16329,1,3,6,3,3,Départementale,90.0,2
202400051013,2024-10-26,après-midi,,,94,94058,1,1,1,4,4,Voie communale,30.0,1
202400051014,2024-05-04,soirée,,,06,06072,2,1,7,4,7,Autre,50.0,1
202400051015,2024-12-02,après-midi,,,83,83137,1,1,2,4,1,Autoroute,110.0,1
202400051016,2024-07-12,nuit,,,75,75108,5,3,7,4,4,Voie communale,50.0,2
202400051017,2024-06-10,après-midi,,,92,92062,1,1,2,4,3,Départementale,50.0,1
202400051018,2024-01-02,après-midi,,,72,72181,1,2,3,3,4,Voie communale,50.0,2
202400051019,2024-02-14,matin,,,75,75120,5,1,5,4,4,Voie communale,70.0,1
202400051020,2024-05-04,nuit,,,18,18229,3,3,7,4,3,Départementale,80.0,2
202400051021,2024-08-15,soirée,,,971,97101,5,1,5,4,3,Départementale,50.0,1
202400051022,2024-07-11,nuit,,,75,75101,5,1,6,4,4,Voie communale,30.0,1
202400051023,2024-05-24,matin,,,18,18033,1,1,3,3,4,Voie communale,50.0,1
202400051024,2024-12-03,matin,,,67,67131,1,1,2,4,7,Autre,90.0,2
202400051025,2024-10-26,soirée,,,94,94068,5,1,6,3,3,Départementale,30.0,1
202400051026,2024-03-29,matin,,,07,07134,1,8,3,4,3,Départementale,90.0,1
202400051027,2024-06-10,matin,,,92,92051,2,1,7,3,4,Voie communale,30.0,1
202400051028,2024-05-05,après-midi,,,07,07265,1,1,7,3,3,Départementale,80.0,1
202400051029,2024-01-03,après-midi,,,69,69282,2,1,1,4,4,Voie communale,30.0,1
202400051030,2024-09-11,matin,,,44,44020,1,1,7,4,4,Voie communale,50.0,1
202400051031,2024-10-26,après-midi,,,94,94041,1,1,3,4,3,Départementale,50.0,1
202400051032,2024-02-14,soirée,,,75,75109,5,1,6,4,4,Voie communale,30.0,1
202400051033,2024-06-10,matin,,,92,92048,1,1,3,4,4,Voie communale,50.0,1
202400051034,2024-08-14,matin,,,971,97113,1,1,3,4,3,Départementale,50.0,1
202400051035,2024-03-26,après-midi,,,23,23266,1,1,1,3,3,Départementale,90.0,2
202400051036,2024-05-05,nuit,,,53,53051,3,1,2,3,2,Nationale,80.0,2
202400051037,2024-01-03,nuit,,,69,69290,4,1,6,2,4,Voie communale,50.0,1
202400051038,2024-12-03,matin,,,33,33013,1,1,4,4,2,Nationale,70.0,1
202400051039,2024-05-23,matin,,,92,92044,1,1,7,4,4,Voie communale,50.0,1
202400051040,2024-09-11,après-midi,,,44,44162,1,1,2,4,4,Voie communale,50.0,1
202400051041,2024-07-12,soirée,,,94,94076,1,1,1,4,4,Voie communale,,1
202400051042,2024-08-16,après-midi,,,80,80021,1,1,6,4,4,Voie communale,30.0,1
202400051043,2024-05-04,matin,,,53,53237,1,1,6,3,3,Départementale,50.0,1
202400051044,2024-02-15,nuit,,,75,75105,5,1,3,4,4,Voie communale,30.0,1
202400051045,2024-03-29,après-midi,,,974,97418,1,8,3,4,4,Voie communale,50.0,1
202400051046,2024-11-20,après-midi,,,59,59288,1,1,2,4,1,Autoroute,110.0,1
202400051047,2024-05-04,après-midi,,,28,28405,1,1,7,3,2,Nationale,110.0,1
202400051048,2024-01-02,après-midi,,,67,67180,1,2,2,4,4,Voie communale,50.0,2
202400051049,2024-08-15,après-midi,,,80,80261,1,1,7,4,3,Départementale,50.0,1
202400051050,2024-02-15,après-midi,,,75,75119,1,1,6,3,4,Voie communale,30.0,1
202400051051,2024-07-11,soirée,,,94,94079,1,1,3,4,4,Voie communale,30.0,1
202400051052,2024-06-10,après-midi,,,92,92026,1,1,4,4,3,Départementale,50.0,1
202400051053,2024-09-09,soirée,,,44,44109,5,1,3,4,4,Voie communale,30.0,1
202400051054,2024-10-26,matin,,,94,94081,1,1,5,4,3,Départementale,50.0,2
202400051055,2024-03-29,nuit,,,973,97311,5,1,2,2,4,Voie communale,50.0,1
202400051056,2024-12-03,soirée,,,94,94021,3,1,2,4,1,Autoroute,90.0,1
202400051057,2024-02-15,matin,,,75,75119,1,1,3,4,4,Voie communale,30.0,1
202400051058,2024-01-03,après-midi,,,08,08409,1,1,6,2,4,Voie communale,50.0,1
202400051059,2024-01-03,après-midi,,,66,66136,1,1,3,4,4,Voie communale,50.0,1
202400051060,2024-06-09,après-midi,,,92,92025,1,1,3,4,3,Départementale,50.0,1
202400051061,2024-07-11,matin,,,93,93073,1,1,1,4,4,Voie communale,50.0,1
202400051062,2024-10-26,nuit,,,94,94038,5,1,6,4,4,Voie communale,50.0,1
202400051063,2024-05-03,après-midi,,,52,52421,1,3,6,4,4,Voie communale,90.0,2
202400051064,2024-07-28,après-midi,,,78,78646,1,1,3,3,3,Départementale,50.0,1
202400051065,2024-12-03,soirée,,,91,91037,3,1,3,4,1,Autoroute,130.0,2
202400051066,2024-03-28,matin,,,91,91156,1,8,3,3,3,Départementale,50.0,1
202400051067,2024-02-15,matin,,,75,75117,1,1,6,4,4,Voie communale,30.0,1
202400051068,2024-01-03,soirée,,,65,65440,5,1,3,4,4,Voie communale,50.0,1
202400051069,2024-05-05,matin,,,67,67388,1,3,6,4,4,Voie communale,50.0,2
202400051070,2024-07-06,soirée,,,93,93051,2,1,7,4,3,Départementale,50.0,1
202400051071,2024-10-26,après-midi,,,94,94021,1,1,6,4,4,Voie communale,50.0,1
202400051072,2024-06-10,soirée,,,92,92007,1,1,2,4,3,Départementale,50.0,1
202400051073,2024-12-03,matin,,,91,91645,1,2,3,4,2,Nationale,90.0,2
202400051074,2024-09-09,après-midi,,,44,44109,1,1,6,4,4,Voie communale,50.0,1
202400051075,2024-08-16,matin,,,69,69275,1,1,3,3,7,Autre,30.0,1
202400051076,2024-03-08,après-midi,,,67,67348,1,1,3,4,4,Voie communale,30.0,1
202400051077,2024-01-03,matin,,,64,64335,1,1,6,3,6,Autre,30.0,1
202400051078,2024-10-26,matin,,,94,94021,3,1,1,4,4,Voie communale,50.0,2
202400051079,2024-05-05,après-midi,,,973,97309,1,1,3,4,4,Voie communale,,1
202400051080,2024-02-14,après-midi,,,75,75117,1,1,5,4,4,Voie communale,30.0,1
202400051081,2024-12-03,après-midi,,,94,94046,3,1,3,4,1,Autoroute,90.0,1
202400051082,2024-07-12,matin,,,93,93063,1,2,3,4,4,Voie communale,50.0,2
202400051083,2024-06-11,soirée,,,60,60326,1,1,5,4,2,Nationale,90.0,1
202400051084,2024-01-03,soirée,,,64,64102,5,1,3,4,4,Voie communale,30.0,1
202400051085,2024-08-16,soirée,,,69,69276,5,1,1,4,7,Autre,50.0,1
202400051086,2024-05-04,soirée,,,36,36134,3,3,6,4,1,Autoroute,110.0,2
202400051087,2024-05-23,après-midi,,,59,59324,1,2,6,4,4,Voie communale,50.0,2
202400051088,2024-10-25,après-midi,,,94,94073,1,1,3,4,6,Autre,30.0,1
202400051089,2024-12-03,matin,,,94,94034,1,1,3,4,1,Autoroute,90.0,1
202400051090,2024-07-12,matin,,,92,92051,1,2,6,4,2,Nationale,50.0,2
202400051091,2024-01-02,soirée,,,64,64102,5,2,7,4,4,Voie communale,30.0,2
202400051092,2024-03-29,après-midi,,,88,88470,1,2,5,3,3,Départementale,80.0,2
202400051093,2024-06-11,nuit,,,60,60646,3,1,1,4,3,Départementale,50.0,2
202400051094,2024-05-04,nuit,,,45,45191,3,2,6,3,3,Départementale,50.0,2
202400051095,2024-02-15,après-midi,,,75,75116,1,1,7,4,4,Voie communale,30.0,1
202400051096,2024-10-26,soirée,,,94,94011,4,1,6,4,3,Départementale,50.0,1
202400051097,2024-04-29,après-midi,,,59,59599,1,1,3,4,4,Voie communale,50.0,1
202400051098,2024-02-15,nuit,,,75,75116,5,1,6,3,4,Voie communale,50.0,1
202400051099,2024-03-28,après-midi,,,57,57443,1,7,6,4,3,Départementale,30.0,1
202400051100,2024-12-03,matin,,,77,77258,2,1,3,4,1,Autoroute,110.0,1
202400051101,2024-01-03,après-midi,,,62,62263,1,3,6,4,4,Voie communale,30.0,2
202400051102,2024-08-16,soirée,,,67,67482,5,1,3,4,4,Voie communale,5.0,1
202400051103,2024-07-12,après-midi,,,92,92044,1,8,3,4,4,Voie communale,50.0,2
202400051104,2024-06-10,matin,,,2A,2A272,1,8,1,3,3,Départementale,80.0,2
202400051105,2024-05-04,matin,,,78,78522,1,2,3,4,3,Départementale,80.0,2
202400051106,2024-10-26,matin,,,94,94028,5,1,6,4,4,Voie communale,50.0,1
202400051107,2024-03-29,nuit,,,63,63120,3,2,6,4,3,Départementale,80.0,2
202400051108,2024-09-16,après-midi,,,77,77031,1,1,6,2,4,Voie communale,,1
202400051109,2024-08-29,après-midi,,,38,38421,1,1,2,4,4,Voie communale,,1
202400051110,2024-07-12,soirée,,,92,92025,1,1,7,3,4,Voie communale,30.0,1
202400051111,2024-02-15,après-midi,,,75,75115,5,1,3,4,4,Voie communale,30.0,1
202400051112,2024-08-16,soirée,,,67,67482,1,1,1,4,4,Voie communale,30.0,1
202400051113,2024-05-05,après-midi,,,2B,2B199,1,1,3,3,2,Nationale,80.0,1
202400051114,2024-01-03,matin,,,60,60175,2,1,5,4,3,Départementale,80.0,1
202400051115,2024-06-10,après-midi,,,68,68315,1,1,3,4,3,Départementale,50.0,1
202400051116,2024-03-28,matin,,,38,38200,1,1,1,3,7,Autre,50.0,1
202400051117,2024-10-26,soirée,,,93,93078,5,1,1,4,4,Voie communale,50.0,1
202400051118,2024-09-20,nuit,,,73,73179,3,1,6,3,3,Départementale,50.0,1
202400051119,2024-07-22,après-midi,,,12,12145,1,1,6,4,4,Voie communale,30.0,1
202400051120,2024-02-15,après-midi,,,75,75114,1,1,7,4,4,Voie communale,30.0,1
202400051121,2024-07-12,après-midi,,,92,92004,1,1,3,4,3,Départementale,50.0,1
202400051122,2024-06-11,après-midi,,,01,01379,1,1,6,4,4,Voie communale,50.0,1
202400051123,2024-01-01,nuit,,,59,59178,5,8,6,3,3,Départementale,50.0,2
202400051124,2024-08-16,matin,,,66,66136,1,1,3,3,3,Départementale,50.0,1
202400051125,2024-03-28,matin,,,09,09269,2,1,6,2,3,Départementale,70.0,2
202400051126,2024-05-04,soirée,,,2B,2B199,3,1,1,4,2,Nationale,70.0,1
202400051127,2024-12-03,matin,,,988,98818,1,1,1,4,4,Voie communale,50.0,1
202400051128,2024-10-26,soirée,,,93,93066,3,1,1,4,4,Voie communale,,1
202400051129,2024-02-15,matin,,,75,75110,1,1,6,4,4,Voie communale,30.0,1
202400051130,2024-09-06,matin,,,44,44109,2,1,3,4,4,Voie communale,50.0,1
202400051131,2024-06-08,nuit,,,83,83031,3,1,6,4,1,Autoroute,50.0,1
202400051132,2024-01-02,après-midi,,,57,57672,5,3,6,4,4,Voie communale,30.0,2
202400051133,2024-08-16,matin,,,66,66136,1,1,2,4,3,Départementale,90.0,1
202400051134,2024-07-12,nuit,,,92,92004,5,2,6,3,3,Départementale,50.0,2
202400051135,2024-05-04,après-midi,,,67,67520,1,1,7,4,3,Départementale,50.0,1
202400051136,2024-12-02,soirée,,,973,97302,5,1,3,4,3,Départementale,50.0,1
202400051137,2024-06-07,après-midi,,,972,97225,1,1,6,3,2,Nationale,50.0,1
202400051138,2024-10-25,nuit,,,93,93045,5,1,6,4,4,Voie communale,30.0,1
202400051139,2024-01-02,après-midi,,,57,57672,5,3,6,3,4,Voie communale,50.0,2
202400051140,2024-08-16,après-midi,,,64,64122,1,1,7,4,4,Voie communale,50.0,1
202400051141,2024-02-14,soirée,,,75,75108,5,1,3,4,4,Voie communale,30.0,1
202400051142,2024-07-13,matin,,,14,14713,1,1,7,2,4,Voie communale,80.0,1
202400051143,2024-07-22,soirée,,,74,74012,1,1,2,4,4,Voie communale,50.0,1
202400051144,2024-01-03,matin,,,57,57606,2,2,7,3,4,Voie communale,50.0,2
202400051145,2024-06-09,matin,,,972,97205,1,1,6,4,2,Nationale,80.0,1
202400051146,2024-10-26,soirée,,,93,93077,2,1,2,4,3,Départementale,50.0,1
202400051147,2024-03-29,après-midi,,,27,27123,1,1,6,4,2,Nationale,70.0,2
202400051148,2024-07-13,matin,,,24,24294,1,1,6,2,3,Départementale,80.0,1
202400051149,2024-12-01,soirée,,,973,97302,5,1,3,4,4,Voie communale,50.0,1
202400051150,2024-05-04,nuit,,,57,57511,3,2,2,3,3,Départementale,80.0,2
202400051151,2024-08-15,soirée,,,64,64024,1,1,7,4,4,Voie communale,50.0,1
202400051152,2024-02-14,soirée,,,75,75107,5,1,3,4,4,Voie communale,30.0,1
202400051153,2024-09-21,matin,,,974,97411,1,1,2,4,2,Nationale,70.0,1
202400051154,2024-01-02,soirée,,,51,51454,5,2,6,4,4,Voie communale,50.0,2
202400051155,2024-06-11,après-midi,,,21,21177,1,1,6,4,1,Autoroute,90.0,1
202400051156,2024-03-29,après-midi,,,59,59011,1,1,6,3,4,Voie communale,30.0,1
202400051157,2024-10-26,après-midi,,,93,93029,1,1,6,4,4,Voie communale,50.0,1
202400051158,2024-12-02,soirée,,,69,69388,4,2,3,4,4,Voie communale,50.0,2
202400051159,2024-05-05,après-midi,,,38,38382,1,1,3,4,4,Voie communale,50.0,1
202400051160,2024-08-16,nuit,,,59,59234,4,1,1,3,3,Départementale,90.0,1
202400051161,2024-07-12,matin,,,972,97234,1,2,6,4,2,Nationale,70.0,2
202400051162,2024-02-15,soirée,,,75,75103,5,1,6,3,4,Voie communale,30.0,1
202400051163,2024-10-26,soirée,,,93,93027,5,1,6,4,3,Départementale,50.0,1
202400051164,2024-09-21,matin,,,973,97302,1,1,3,4,4,Voie communale,50.0,1
202400051165,2024-05-04,matin,,,69,69112,1,1,6,4,4,Voie communale,30.0,1
202400051166,2024-12-02,après-midi,,,2B,2B033,2,1,3,4,4,Voie communale,50.0,1
202400051167,2024-03-28,matin,,,13,13088,1,1,2,4,1,Autoroute,110.0,1
202400051168,2024-06-08,soirée,,,62,62529,1,1,3,3,3,Départementale,70.0,1
202400051169,2024-10-26,soirée,,,92,92036,5,1,7,4,4,Voie communale,50.0,1
202400051170,2024-01-02,matin,,,51,51454,1,3,2,4,4,Voie communale,70.0,2
202400051171,2024-08-16,après-midi,,,56,56083,1,2,7,4,2,Nationale,110.0,2
202400051172,2024-02-14,soirée,,,94,94058,5,1,1,3,3,Départementale,50.0,1
202400051173,2024-01-03,après-midi,,,49,49328,1,2,6,4,3,Départementale,50.0,2
202400051174,2024-10-26,soirée,,,92,92036,1,1,6,4,4,Voie communale,50.0,1
202400051175,2024-12-02,matin,,,2B,2B120,1,1,2,4,2,Nationale,70.0,1
202400051176,2024-07-13,nuit,,,71,71170,3,1,2,3,1,Autoroute,130.0,1
202400051177,2024-03-28,après-midi,,,83,83144,1,1,2,4,1,Autoroute,70.0,1
202400051178,2024-05-03,après-midi,,,31,31187,1,1,3,3,4,Voie communale,50.0,1
202400051179,2024-09-21,soirée,,,69,69383,5,1,3,4,4,Voie communale,30.0,1
202400051180,2024-06-10,après-midi,,,65,65436,1,1,3,4,3,Départementale,50.0,1
202400051181,2024-08-16,nuit,,,56,56098,3,2,6,3,3,Départementale,30.0,2
202400051182,2024-12-01,nuit,,,971,97113,5,2,6,3,2,Nationale,90.0,3
202400051183,2024-03-24,après-midi,,,67,67218,1,2,6,4,7,Autre,90.0,2
202400051184,2024-07-13,nuit,,,42,42199,3,1,6,3,4,Voie communale,50.0,1
202400051185,2024-10-26,matin,,,92,92004,1,8,3,4,3,Départementale,50.0,1
202400051186,2024-03-30,matin,,,49,49020,1,1,7,3,3,Départementale,80.0,1
202400051187,2024-02-15,soirée,,,94,94073,5,1,3,4,3,Départementale,50.0,1
202400051188,2024-08-16,nuit,,,56,56121,3,2,6,4,4,Voie communale,30.0,2
202400051189,2024-06-10,matin,,,71,71544,1,1,1,4,3,Départementale,50.0,1
202400051190,2024-09-20,nuit,,,972,97213,5,1,2,4,2,Nationale,70.0,1
202400051191,2024-10-26,soirée,,,54,54303,3,1,6,4,3,Départementale,70.0,1
202400051192,2024-07-13,nuit,,,60,60380,4,2,6,4,3,Départementale,50.0,2
202400051193,2024-03-28,soirée,,,91,91345,2,1,2,4,1,Autoroute,90.0,1
202400051194,2024-12-01,matin,,,971,97101,1,1,3,4,4,Voie communale,70.0,1
202400051195,2024-01-03,soirée,,,35,35238,2,1,3,3,4,Voie communale,30.0,1
202400051196,2024-05-05,matin,,,22,22273,1,1,3,3,4,Voie communale,80.0,2
202400051197,2024-02-15,nuit,,,94,94022,5,2,6,4,4,Voie communale,50.0,2
202400051198,2024-10-26,soirée,,,59,59301,3,9,6,3,4,Voie communale,,2
202400051199,2024-09-21,nuit,,,972,97209,3,1,6,4,2,Nationale,30.0,1
202400051200,2024-06-10,après-midi,,,30,30191,1,1,3,3,3,Départementale,80.0,1
202400051201,2024-12-01,nuit,,,971,97101,5,1,6,3,2,Nationale,90.0,1
202400051202,2024-03-28,matin,,,91,91471,1,1,2,4,2,Nationale,90.0,1
202400051203,2024-01-03,matin,,,25,25462,1,1,6,4,4,Voie communale,50.0,1
202400051204,2024-10-26,soirée,,,26,26087,1,1,6,3,4,Voie communale,50.0,2
202400051205,2024-08-16,après-midi,,,54,54395,1,1,3,4,4,Voie communale,50.0,1
202400051206,2024-02-14,après-midi,,,93,93070,1,1,3,4,3,Départementale,50.0,1
202400051207,2024-07-13,après-midi,,,30,30209,1,1,3,4,3,Départementale,70.0,1
202400051208,2024-06-10,après-midi,,,30,30141,1,1,1,3,2,Nationale,80.0,1
202400051209,2024-12-02,après-midi,,,971,97105,1,1,6,4,6,Autre,30.0,1
202400051210,2024-10-10,matin,,,33,33154,1,2,6,4,3,Départementale,80.0,2
202400051211,2024-05-04,nuit,,,60,60413,3,1,7,3,3,Départementale,,1
202400051212,2024-01-03,après-midi,,,25,25056,1,2,6,3,4,Voie communale,,2
202400051213,2024-09-20,matin,,,972,97209,1,1,4,4,3,Départementale,90.0,1
202400051214,2024-03-28,après-midi,,,78,78043,1,1,4,4,1,Autoroute,110.0,1
202400051215,2024-11-19,soirée,,,89,89387,5,3,6,3,4,Voie communale,30.0,2
202400051216,2024-02-15,après-midi,,,93,93048,1,1,2,4,3,Départementale,,1
202400051217,2024-06-11,matin,,,83,83116,1,1,7,3,3,Départementale,90.0,1
202400051218,2024-10-26,après-midi,,,51,51217,1,1,7,3,3,Départementale,50.0,1
202400051219,2024-07-12,soirée,,,69,69100,5,2,3,4,4,Voie communale,50.0,2
202400051220,2024-01-03,soirée,,,22,22278,5,2,6,4,4,Voie communale,30.0,2
202400051221,2024-08-15,matin,,,54,54304,1,1,3,4,4,Voie communale,50.0,1
202400051222,2024-05-04,après-midi,,,91,91228,1,1,2,4,1,Autoroute,110.0,1
202400051223,2024-01-03,nuit,,,17,17300,5,9,7,2,4,Voie communale,30.0,2
202400051224,2024-03-27,après-midi,,,78,78140,1,1,2,4,1,Autoroute,130.0,1
202400051225,2024-10-27,après-midi,,,06,06064,1,1,3,4,4,Voie communale,50.0,2
202400051226,2024-07-12,matin,,,51,51333,1,2,6,4,3,Départementale,80.0,2
202400051227,2024-09-21,après-midi,,,69,69152,1,1,3,4,7,Autre,50.0,1
202400051228,2024-08-15,soirée,,,51,51108,1,7,6,2,4,Voie communale,20.0,1
202400051229,2024-06-10,matin,,,76,76034,1,1,1,4,3,Départementale,50.0,1
202400051230,2024-02-15,après-midi,,,93,93046,2,1,2,4,3,Départementale,50.0,1
202400051231,2024-05-03,soirée,,,92,92036,1,1,5,4,1,Autoroute,110.0,1
202400051232,2024-12-02,après-midi,,,78,78440,1,1,7,4,4,Voie communale,30.0,1
202400051233,2024-10-23,matin,,,77,77116,2,5,7,4,3,Départementale,30.0,1
202400051234,2024-03-27,matin,,,78,78640,1,1,2,4,1,Autoroute,90.0,1
202400051235,2024-01-03,matin,,,16,16102,1,1,3,3,4,Voie communale,50.0,1
202400051236,2024-08-15,après-midi,,,50,50129,1,1,7,4,4,Voie communale,50.0,1
202400051237,2024-07-12,matin,,,51,51343,1,1,6,3,3,Départementale,50.0,2
202400051238,2024-06-10,après-midi,,,82,82124,1,1,1,4,3,Départementale,70.0,1
202400051239,2024-02-15,après-midi,,,93,93007,1,1,6,4,4,Voie communale,,1
202400051240,2024-05-03,après-midi,,,988,98818,1,1,3,3,4,Voie communale,50.0,1
202400051241,2024-09-21,après-midi,,,971,97101,1,1,4,4,3,Départementale,50.0,1
202400051242,2024-01-03,après-midi,,,13,13208,1,1,5,4,4,Voie communale,50.0,1
202400051243,2024-10-26,après-midi,,,66,66050,1,1,3,4,3,Départementale,80.0,1
202400051244,2024-03-26,après-midi,,,92,92050,1,2,3,4,1,Autoroute,70.0,2
202400051245,2024-08-16,après-midi,,,49,49007,1,1,2,4,4,Voie communale,50.0,1
202400051246,2024-07-13,matin,,,19,19151,1,1,5,3,3,Départementale,90.0,1
202400051247,2024-06-10,soirée,,,33,33531,1,1,1,3,3,Départementale,80.0,1
202400051248,2024-05-03,après-midi,,,987,98735,1,1,2,4,2,Nationale,50.0,1
202400051249,2024-09-22,nuit,,,2A,2A004,3,1,6,4,2,Nationale,50.0,1
202400051250,2024-02-15,soirée,,,93,93005,5,1,6,4,4,Voie communale,50.0,1
202400051251,2024-10-27,après-midi,,,57,57106,2,1,2,4,3,Départementale,50.0,1
202400051252,2024-01-03,soirée,,,11,11262,5,1,3,3,4,Voie communale,50.0,1
202400051253,2024-03-27,après-midi,,,93,93007,1,1,2,4,1,Autoroute,110.0,1
202400051254,2024-07-12,soirée,,,67,67448,1,1,7,2,3,Départementale,,1
202400051255,2024-10-20,nuit,,,76,76540,5,1,3,4,7,Autre,50.0,2
202400051256,2024-08-16,matin,,,49,49267,1,1,3,3,4,Voie communale,50.0,1
202400051257,2024-10-26,soirée,,,91,91275,3,1,6,3,4,Voie communale,50.0,1
202400051258,2024-01-03,matin,,,07,07019,1,1,6,3,4,Voie communale,50.0,1
202400051259,2024-11-17,matin,,,76,76575,2,8,6,4,4,Voie communale,50.0,1
202400051260,2024-09-21,nuit,,,91,91689,3,1,1,4,3,Départementale,80.0,1
202400051261,2024-05-03,soirée,,,974,97416,3,1,2,4,2,Nationale,90.0,1
202400051262,2024-02-15,après-midi,,,92,92046,1,1,6,4,3,Départementale,50.0,1
202400051263,2024-07-12,soirée,,,65,65062,1,2,7,3,3,Départementale,50.0,2
202400051264,2024-08-16,nuit,,,44,44109,5,2,3,4,4,Voie communale,50.0,2
202400051265,2024-12-02,matin,,,73,73031,1,1,6,4,4,Voie communale,50.0,1
202400051266,2024-10-26,soirée,,,51,51079,2,1,3,4,4,Voie communale,,1
202400051267,2024-03-28,soirée,,,94,94044,3,1,3,4,2,Nationale,90.0,1
202400051268,2024-11-17,soirée,,,69,69266,5,1,2,3,4,Voie communale,50.0,1
202400051269,2024-10-26,nuit,,,19,19057,3,2,6,3,3,Départementale,90.0,2
202400051270,2024-08-11,soirée,,,42,42218,1,1,6,4,4,Voie communale,50.0,1
202400051271,2024-02-15,matin,,,92,92051,1,1,1,4,3,Départementale,50.0,1
202400051272,2024-01-03,après-midi,,,75,75113,1,1,4,4,4,Voie communale,70.0,1
202400051273,2024-12-02,après-midi,,,69,69264,1,2,3,4,4,Voie communale,50.0,2
202400051274,2024-06-11,soirée,,,71,71522,1,1,1,4,4,Voie communale,50.0,1
202400051275,2024-07-12,après-midi,,,32,32054,1,1,5,4,3,Départementale,90.0,1
202400051276,2024-05-03,nuit,,,974,97411,5,1,6,4,4,Voie communale,30.0,1
202400051277,2024-01-16,matin,,,74,74169,5,1,6,3,4,Voie communale,50.0,1
202400051278,2024-01-03,nuit,,,75,75120,5,1,7,4,4,Voie communale,70.0,1
202400051279,2024-09-21,après-midi,,,91,91109,1,1,1,4,3,Départementale,70.0,1