Num_Acc,date,time_of_day,lat,long,dep,com,lum,atm,col,severity_index,catr,catr_label,vma,surf
202400051280,2024-02-15,soirée,,,92,92050,2,1,2,4,4,Voie communale,50.0,1
202400051281,2024-10-26,après-midi,,,56,56190,1,1,3,3,4,Voie communale,50.0,1
202400051282,2024-12-02,soirée,,,69,69091,3,2,1,4,4,Voie communale,30.0,2
202400051283,2024-01-22,nuit,,,74,74234,3,2,6,2,3,Départementale,80.0,2
202400051284,2024-05-03,matin,,,974,97411,1,1,6,4,4,Voie communale,30.0,1
202400051285,2024-06-10,après-midi,,,49,49018,1,1,7,4,3,Départementale,80.0,1
202400051286,2024-02-15,soirée,,,92,92062,5,1,7,4,3,Départementale,50.0,1
202400051287,2024-08-17,nuit,,,38,38185,5,2,2,4,4,Voie communale,50.0,2
202400051288,2024-07-13,après-midi,,,71,71285,1,1,3,3,3,Départementale,80.0,1
202400051289,2024-01-03,après-midi,,,75,75116,1,1,3,3,4,Voie communale,30.0,1
202400051290,2024-01-26,nuit,,,74,74305,5,1,6,4,4,Voie communale,50.0,1
202400051291,2024-12-02,matin,,,66,66136,5,1,6,4,4,Voie communale,50.0,1
202400051292,2024-10-26,après-midi,,,56,56094,1,1,1,4,3,Départementale,80.0,1
202400051293,2024-06-10,matin,,,42,42017,1,1,7,3,4,Voie communale,30.0,1
202400051294,2024-05-03,matin,,,974,97411,2,1,3,4,2,Nationale,70.0,1
202400051295,2024-02-15,matin,,,92,92026,5,1,6,4,3,Départementale,50.0,1
202400051296,2024-07-13,soirée,,,71,71416,1,1,7,4,4,Voie communale,80.0,9
202400051297,2024-09-22,nuit,,,86,86194,5,1,1,3,3,Départementale,50.0,1
202400051298,2024-08-16,nuit,,,34,34129,3,2,1,4,7,Autre,70.0,2
202400051299,2024-10-26,après-midi,,,63,63448,1,2,6,4,3,Départementale,90.0,2
202400051300,2024-12-02,après-midi,,,64,64445,1,2,2,4,4,Voie communale,50.0,2
202400051301,2024-06-11,matin,,,34,34074,1,1,7,3,3,Départementale,80.0,1
202400051302,2024-02-14,après-midi,,,92,92024,1,1,6,2,3,Départementale,50.0,1
202400051303,2024-01-03,soirée,,,75,75120,5,2,3,4,4,Voie communale,30.0,2
202400051304,2024-07-12,nuit,,,89,89190,3,2,6,3,3,Départementale,90.0,2
202400051305,2024-08-15,soirée,,,34,34172,5,3,6,4,4,Voie communale,50.0,2
202400051306,2024-01-18,soirée,,,74,74133,5,3,3,4,4,Voie communale,50.0,2
202400051307,2024-09-20,soirée,,,83,83137,1,1,3,4,4,Voie communale,50.0,1
202400051308,2024-05-03,après-midi,,,973,97302,1,1,3,4,4,Voie communale,50.0,1
202400051309,2024-05-29,après-midi,,,22,22284,1,1,6,4,3,Départementale,80.0,1
202400051310,2024-01-02,soirée,,,75,75117,5,2,6,4,4,Voie communale,30.0,2
202400051311,2024-12-01,matin,,,64,64445,1,1,3,4,4,Voie communale,50.0,1
202400051312,2024-07-13,matin,,,63,63380,1,1,6,3,3,Départementale,50.0,1
202400051313,2024-02-14,après-midi,,,92,92024,1,2,3,4,3,Départementale,30.0,2
202400051314,2024-01-24,après-midi,,,74,74012,1,1,3,4,4,Voie communale,50.0,1
202400051315,2024-08-17,nuit,,,33,33063,5,1,3,4,4,Voie communale,50.0,1
202400051316,2024-12-01,soirée,,,64,64024,5,1,7,4,3,Départementale,30.0,1
202400051317,2024-09-17,matin,,,83,83129,1,1,6,4,4,Voie communale,50.0,1
202400051318,2024-05-03,après-midi,,,973,97302,1,3,3,4,3,Départementale,50.0,2
202400051319,2024-06-07,soirée,,,44,44072,2,1,2,4,3,Départementale,80.0,1
202400051320,2024-07-12,soirée,,,55,55365,1,8,7,3,9,Autre,30.0,6
202400051321,2024-01-03,matin,,,75,75115,1,3,3,4,4,Voie communale,30.0,2
202400051322,2024-10-27,soirée,,,68,68306,3,1,5,4,3,Départementale,80.0,1
202400051323,2024-01-23,matin,,,74,74131,3,1,6,3,3,Départementale,30.0,1
202400051324,2024-02-15,matin,,,92,92023,1,1,3,4,3,Départementale,50.0,1
202400051325,2024-07-12,nuit,,,12,12107,3,1,6,3,3,Départementale,80.0,1
202400051326,2024-12-02,matin,,,59,59560,5,1,6,4,7,Autre,50.0,1
202400051327,2024-06-08,matin,,,29,29160,1,1,6,4,3,Départementale,80.0,1
202400051328,2024-10-27,après-midi,,,68,68155,1,1,7,3,3,Départementale,80.0,1
202400051329,2024-01-17,après-midi,,,74,74019,1,2,6,4,4,Voie communale,50.0,2
202400051330,2024-01-03,matin,,,75,75115,1,2,3,4,4,Voie communale,30.0,2
202400051331,2024-05-03,matin,,,973,97302,1,1,6,4,4,Voie communale,50.0,1
202400051332,2024-08-16,soirée,,,33,33522,1,1,7,4,4,Voie communale,30.0,1
202400051333,2024-09-21,soirée,,,80,80021,2,1,3,4,4,Voie communale,50.0,1
202400051334,2024-02-14,après-midi,,,92,92036,1,8,1,4,3,Départementale,50.0,2
202400051335,2024-10-25,après-midi,,,39,39441,1,1,7,3,3,Départementale,80.0,2
202400051336,2024-07-11,après-midi,,,68,68148,1,1,1,3,3,Départementale,,1
202400051337,2024-05-03,nuit,,,973,97302,5,1,7,4,4,Voie communale,50.0,2
202400051338,2024-12-01,nuit,,,59,59350,5,1,3,4,4,Voie communale,30.0,1
202400051339,2024-01-08,après-midi,,,74,74137,3,2,1,3,3,Départementale,80.0,2
202400051340,2024-01-03,soirée,,,75,75108,5,2,6,4,4,Voie communale,30.0,2
202400051341,2024-09-21,soirée,,,79,79191,1,2,2,4,3,Départementale,50.0,2
202400051342,2024-06-11,matin,,,02,02744,1,1,5,4,3,Départementale,80.0,1
202400051343,2024-02-15,après-midi,,,92,92002,5,1,3,4,3,Départementale,50.0,1
202400051344,2024-08-16,matin,,,33,33167,5,1,3,4,4,Voie communale,30.0,1
202400051345,2024-10-27,nuit,,,39,39478,4,1,6,2,3,Départementale,50.0,1
202400051346,2024-07-12,matin,,,68,68374,1,1,3,3,3,Départementale,80.0,1
202400051347,2024-05-03,matin,,,972,97213,1,1,6,4,1,Autoroute,90.0,1
202400051348,2024-10-30,matin,,,59,59155,1,1,6,3,4,Voie communale,50.0,1
202400051349,2024-03-27,après-midi,,,988,98818,1,1,6,3,4,Voie communale,50.0,1
202400051350,2024-06-11,matin,,,03,03311,1,3,7,2,4,Voie communale,50.0,2
202400051351,2024-01-03,après-midi,,,75,75108,1,1,3,4,4,Voie communale,30.0,1
202400051352,2024-07-12,soirée,,,25,25240,2,2,7,4,3,Départementale,30.0,2
202400051353,2024-02-16,après-midi,,,2A,2A189,1,1,3,3,4,Voie communale,80.0,1
202400051354,2024-11-29,nuit,,,57,57672,5,1,6,4,4,Voie communale,50.0,1
202400051355,2024-05-03,soirée,,,2B,2B120,1,1,3,4,6,Autre,50.0,1
202400051356,2024-03-27,matin,,,976,97611,1,1,1,3,3,Départementale,50.0,1
202400051357,2024-10-27,nuit,,,38,38480,3,2,3,4,4,Voie communale,80.0,2
202400051358,2024-07-12,soirée,,,44,44013,2,1,6,2,3,Départementale,70.0,1
202400051359,2024-06-11,après-midi,,,03,03217,1,1,3,3,3,Départementale,90.0,1
202400051360,2024-01-03,après-midi,,,94,94065,5,2,3,4,4,Voie communale,,2
202400051361,2024-02-15,soirée,,,51,51358,5,1,6,4,3,Départementale,50.0,1
202400051362,2024-12-02,après-midi,,,56,56260,1,1,3,3,4,Voie communale,50.0,1
202400051363,2024-07-12,soirée,,,44,44087,1,1,6,3,4,Voie communale,50.0,1
202400051364,2024-05-02,nuit,,,2B,2B033,5,3,6,4,2,Nationale,50.0,2
202400051365,2024-03-27,soirée,,,974,97416,3,1,2,4,4,Voie communale,80.0,1
202400051366,2024-10-27,après-midi,,,70,70117,1,1,3,3,3,Départementale,70.0,1
202400051367,2024-06-11,matin,,,03,03019,1,1,3,3,3,Départementale,50.0,2
202400051368,2024-08-16,après-midi,,,29,29232,1,2,2,4,3,Départementale,50.0,2
202400051369,2024-02-16,matin,,,13,13078,1,8,6,3,3,Départementale,80.0,1
202400051370,2024-12-01,soirée,,,54,54257,5,1,6,4,4,Voie communale,50.0,1
202400051371,2024-01-03,matin,,,94,94028,5,2,6,4,4,Voie communale,,2
202400051372,2024-07-12,soirée,,,35,35306,1,1,6,2,3,Départementale,70.0,1
202400051373,2024-10-27,après-midi,,,70,70240,1,1,6,3,3,Départementale,50.0,1
202400051374,2024-09-21,nuit,,,77,77276,3,1,3,4,3,Départementale,50.0,1
202400051375,2024-08-16,après-midi,,,29,29232,1,2,7,4,4,Voie communale,50.0,2
202400051376,2024-06-09,nuit,,,54,54056,3,1,6,3,3,Départementale,80.0,1
202400051377,2024-02-27,matin,,,974,97416,1,1,3,4,4,Voie communale,,1
202400051378,2024-02-16,matin,,,974,97405,1,1,3,3,2,Nationale,70.0,1
202400051379,2024-01-03,matin,,,93,93027,1,1,6,4,3,Départementale,50.0,1
202400051380,2024-07-13,après-midi,,,38,38104,1,1,6,3,4,Voie communale,50.0,1
202400051381,2024-09-21,après-midi,,,74,74281,1,1,6,4,4,Voie communale,50.0,1
202400051382,2024-12-02,matin,,,45,45234,5,2,3,4,4,Voie communale,50.0,2
202400051383,2024-05-03,matin,,,971,97101,1,1,1,3,4,Voie communale,50.0,1
202400051384,2024-03-27,après-midi,,,974,97411,1,1,7,4,2,Nationale,50.0,1
202400051385,2024-06-10,après-midi,,,72,72006,1,2,1,3,3,Départementale,50.0,2
202400051386,2024-10-27,nuit,,,14,14062,3,1,1,4,3,Départementale,50.0,1
202400051387,2024-02-11,nuit,,,972,97207,3,1,3,3,2,Nationale,70.0,1
202400051388,2024-05-01,soirée,,,971,97113,3,1,7,4,3,Départementale,50.0,1
202400051389,2024-08-16,après-midi,,,29,29019,1,1,2,4,3,Départementale,50.0,1
202400051390,2024-07-12,soirée,,,15,15179,1,1,6,3,3,Départementale,50.0,1
202400051391,2024-03-27,après-midi,,,974,97411,1,1,2,4,4,Voie communale,30.0,1
202400051392,2024-01-03,soirée,,,93,93001,2,2,3,4,4,Voie communale,,2
202400051393,2024-04-28,matin,,,72,72221,1,1,3,4,3,Départementale,90.0,1
202400051394,2024-02-15,soirée,,,62,62038,3,1,6,3,3,Départementale,80.0,1
202400051395,2024-12-02,matin,,,41,41269,1,1,2,3,4,Voie communale,50.0,2
202400051396,2024-09-21,matin,,,74,74281,1,1,2,4,4,Voie communale,50.0,1
202400051397,2024-06-05,matin,,,50,50400,1,1,6,2,4,Voie communale,80.0,1
202400051398,2024-03-27,matin,,,974,97411,1,1,6,3,4,Voie communale,50.0,1
202400051399,2024-05-01,matin,,,89,89024,1,1,3,4,2,Nationale,50.0,1
202400051400,2024-07-13,après-midi,,,06,06119,1,1,6,4,7,Autre,80.0,1
202400051401,2024-10-27,après-midi,,,43,43105,1,1,6,3,3,Départementale,90.0,2
202400051402,2024-01-03,nuit,,,92,92040,5,2,6,4,3,Départementale,30.0,2
202400051403,2024-09-18,soirée,,,72,72181,2,1,6,2,9,Autre,20.0,1
202400051404,2024-08-12,après-midi,,,29,29019,1,1,2,4,4,Voie communale,50.0,1
202400051405,2024-12-02,soirée,,,38,38185,5,2,6,3,4,Voie communale,50.0,2
202400051406,2024-02-16,après-midi,,,88,88009,1,2,1,2,3,Départementale,80.0,2
202400051407,2024-03-22,après-midi,,,973,97302,1,1,6,4,4,Voie communale,50.0,1
202400051408,2024-05-02,après-midi,,,87,87085,1,2,6,4,4,Voie communale,30.0,2
202400051409,2024-08-16,soirée,,,22,22187,1,1,6,3,3,Départementale,70.0,1
202400051410,2024-07-11,soirée,,,14,14200,1,8,1,4,3,Départementale,50.0,1
202400051411,2024-10-27,après-midi,,,43,43111,1,2,1,4,2,Nationale,70.0,2
202400051412,2024-02-14,soirée,,,29,29302,3,3,6,3,2,Nationale,110.0,2
202400051413,2024-01-02,après-midi,,,92,92040,2,2,3,4,3,Départementale,50.0,2
202400051414,2024-03-27,nuit,,,972,97213,5,2,3,4,1,Autoroute,90.0,2
202400051415,2024-09-21,soirée,,,67,67482,1,1,3,4,4,Voie communale,50.0,1
202400051416,2024-12-02,soirée,,,38,38423,5,3,3,4,4,Voie communale,50.0,2
202400051417,2024-07-13,matin,,,60,60584,1,1,1,4,3,Départementale,50.0,2
202400051418,2024-05-09,après-midi,,,60,60518,1,1,4,4,3,Départementale,80.0,1
202400051419,2024-05-02,matin,,,87,87085,1,3,3,4,4,Voie communale,30.0,2
202400051420,2024-02-16,après-midi,,,22,22164,1,1,6,4,3,Départementale,110.0,1
202400051421,2024-10-26,après-midi,,,16,16231,1,2,4,3,4,Voie communale,50.0,6
202400051422,2024-08-16,soirée,,,22,22113,1,1,3,4,3,Départementale,70.0,1
202400051423,2024-09-21,soirée,,,64,64237,1,1,7,4,3,Départementale,50.0,1
202400051424,2024-12-02,nuit,,,36,36063,3,1,6,4,3,Départementale,90.0,1
202400051425,2024-03-27,nuit,,,69,69034,5,1,2,4,4,Voie communale,50.0,1
202400051426,2024-02-14,après-midi,,,72,72213,2,1,6,3,6,Autre,20.0,1
202400051427,2024-01-03,soirée,,,92,92036,5,2,3,4,3,Départementale,50.0,2
202400051428,2024-07-13,après-midi,,,45,45127,1,1,6,3,3,Départementale,50.0,1
202400051429,2024-06-11,après-midi,,,60,60513,1,8,1,4,3,Départementale,50.0,1
202400051430,2024-05-03,matin,,,84,84007,1,1,2,4,4,Voie communale,50.0,1
202400051431,2024-09-21,nuit,,,64,64445,5,1,6,4,4,Voie communale,50.0,2
202400051432,2024-02-16,matin,,,62,62808,1,2,6,2,3,Départementale,80.0,2
202400051433,2024-07-12,soirée,,,43,43034,1,1,7,3,4,Voie communale,50.0,1
202400051434,2024-03-27,après-midi,,,69,69385,1,1,6,3,4,Voie communale,30.0,1
202400051435,2024-01-03,soirée,,,92,92036,5,1,6,4,4,Voie communale,30.0,2
202400051436,2024-10-26,après-midi,,,85,85156,1,1,1,4,3,Départementale,80.0,1
202400051437,2024-08-15,nuit,,,17,17306,5,1,7,4,3,Départementale,50.0,1
202400051438,2024-12-02,après-midi,,,35,35238,5,2,6,4,4,Voie communale,30.0,2
202400051439,2024-05-02,soirée,,,84,84007,1,2,3,4,3,Départementale,90.0,2
202400051440,2024-09-21,matin,,,64,64122,1,2,6,4,4,Voie communale,30.0,2
202400051441,2024-06-10,après-midi,,,64,64519,1,1,3,4,4,Voie communale,50.0,1
202400051442,2024-07-13,nuit,,,10,10002,5,1,6,3,4,Voie communale,50.0,1
202400051443,2024-10-25,soirée,,,85,85145,3,2,7,4,4,Voie communale,50.0,6
202400051444,2024-02-15,après-midi,,,19,19023,1,1,7,3,3,Départementale,90.0,1
202400051445,2024-03-27,après-midi,,,69,69389,1,1,6,4,4,Voie communale,50.0,1
202400051446,2024-12-02,après-midi,,,35,35238,1,1,6,4,4,Voie communale,30.0,1
202400051447,2024-07-12,matin,,,10,10033,1,1,6,3,4,Voie communale,50.0,1
202400051448,2024-01-03,matin,,,92,92026,1,2,6,4,4,Voie communale,50.0,2
202400051449,2024-08-14,matin,,,12,12176,1,1,3,3,4,Voie communale,50.0,1
202400051450,2024-10-26,matin,,,17,17187,3,5,7,3,3,Départementale,80.0,1
202400051451,2024-09-22,nuit,,,59,59650,5,1,3,3,7,Autre,50.0,1
202400051452,2024-06-11,après-midi,,,16,16081,1,1,2,3,3,Départementale,50.0,1
202400051453,2024-12-02,après-midi,,,35,35238,1,1,3,4,4,Voie communale,50.0,1
202400051454,2024-02-15,après-midi,,,79,79100,1,1,1,3,3,Départementale,50.0,1
202400051455,2024-07-12,après-midi,,,21,21415,1,1,1,4,3,Départementale,80.0,1
202400051456,2024-05-03,après-midi,,,77,77390,1,2,6,4,3,Départementale,50.0,2
202400051457,2024-03-27,après-midi,,,971,97105,1,1,5,4,2,Nationale,50.0,1
202400051458,2024-06-11,après-midi,,,07,07010,1,8,6,4,3,Départementale,50.0,1
202400051459,2024-08-16,matin,,,11,11262,1,1,3,4,4,Voie communale,30.0,1
202400051460,2024-01-04,matin,,,974,97415,1,2,1,4,3,Départementale,80.0,2
202400051461,2024-09-21,après-midi,,,59,59512,1,1,3,4,7,Autre,50.0,1
202400051462,2024-07-12,soirée,,,21,21408,2,7,7,3,3,Départementale,80.0,1
202400051463,2024-12-02,matin,,,35,35051,1,1,4,4,2,Nationale,90.0,1
202400051464,2024-10-26,soirée,,,08,08024,1,1,3,4,3,Départementale,80.0,1
202400051465,2024-02-15,après-midi,,,80,80288,1,7,3,3,3,Départementale,80.0,1
202400051466,2024-05-03,matin,,,74,74305,1,1,3,4,4,Voie communale,50.0,1
202400051467,2024-03-27,matin,,,91,91161,1,2,2,4,3,Départementale,50.0,2
202400051468,2024-06-11,après-midi,,,53,53174,1,1,7,4,2,Nationale,90.0,1
202400051469,2024-01-04,après-midi,,,01,01194,1,1,1,4,3,Départementale,80.0,1
202400051470,2024-08-16,matin,,,11,11262,1,1,2,4,4,Voie communale,50.0,1
202400051471,2024-10-27,matin,,,34,34337,1,1,7,3,7,Autre,110.0,1
202400051472,2024-09-21,soirée,,,54,54099,5,1,3,4,3,Départementale,50.0,1
202400051473,2024-12-02,matin,,,35,35238,1,1,1,4,4,Voie communale,50.0,1
202400051474,2024-07-12,après-midi,,,85,85288,1,1,5,4,3,Départementale,80.0,1
202400051475,2024-10-27,nuit,,,973,97309,5,1,7,4,3,Départementale,50.0,1
202400051476,2024-05-02,matin,,,72,72181,1,8,6,3,4,Voie communale,50.0,1
202400051477,2024-01-03,soirée,,,17,17142,3,2,6,3,4,Voie communale,50.0,2
202400051478,2024-06-10,après-midi,,,24,24217,1,1,3,3,3,Départementale,90.0,1
202400051479,2024-02-02,matin,,,89,89277,3,5,7,3,3,Départementale,70.0,2
202400051480,2024-08-16,nuit,,,06,06088,5,1,6,3,7,Autre,50.0,1
202400051481,2024-09-21,après-midi,,,51,51454,1,1,6,4,4,Voie communale,30.0,1
202400051482,2024-03-22,matin,,,89,89024,1,1,3,4,3,Départementale,50.0,1
202400051483,2024-07-12,soirée,,,28,28184,2,1,2,3,3,Départementale,90.0,1
202400051484,2024-10-26,soirée,,,69,69244,5,1,3,4,4,Voie communale,,1
202400051485,2024-12-02,après-midi,,,34,34172,2,2,3,4,4,Voie communale,50.0,2
202400051486,2024-01-03,matin,,,47,47114,1,8,6,3,3,Départementale,80.0,2
202400051487,2024-05-02,matin,,,71,71076,1,2,6,4,3,Départementale,50.0,2
202400051488,2024-06-06,après-midi,,,85,85084,1,1,6,3,3,Départementale,70.0,1
202400051489,2024-07-11,matin,,,37,37181,1,1,6,3,3,Départementale,80.0,1
202400051490,2024-09-21,soirée,,,49,49007,1,1,6,4,4,Voie communale,30.0,1
202400051491,2024-02-15,après-midi,,,63,63187,1,1,6,4,3,Départementale,90.0,1
202400051492,2024-03-26,soirée,,,84,84007,5,2,3,3,4,Voie communale,50.0,2
202400051493,2024-08-16,nuit,,,75,75117,5,1,2,4,4,Voie communale,30.0,1
202400051494,2024-10-26,soirée,,,33,33260,5,2,3,4,1,Autoroute,130.0,2
202400051495,2024-06-11,matin,,,88,88530,1,1,1,2,3,Départementale,50.0,1
202400051496,2024-12-02,matin,,,34,34032,2,1,3,3,3,Départementale,70.0,1
202400051497,2024-04-21,après-midi,,,30,30068,1,1,2,4,3,Départementale,80.0,1
202400051498,2024-05-03,soirée,,,69,69275,1,1,3,4,4,Voie communale,50.0,1
202400051499,2024-01-03,matin,,,62,62298,3,6,1,4,3,Départementale,80.0,2
202400051500,2024-02-15,matin,,,12,12109,2,5,6,2,3,Départementale,90.0,2
202400051501,2024-10-27,après-midi,,,988,98817,1,1,6,2,3,Départementale,70.0,1
202400051502,2024-03-26,après-midi,,,83,83153,1,3,6,3,4,Voie communale,30.0,2
202400051503,2024-09-21,après-midi,,,49,49007,1,8,2,4,3,Départementale,50.0,1
202400051504,2024-06-10,après-midi,,,978,97801,1,1,7,3,2,Nationale,70.0,1
202400051505,2024-07-12,après-midi,,,973,97307,1,1,2,3,2,Nationale,70.0,1
202400051506,2024-02-14,après-midi,,,47,47252,1,1,2,3,3,Départementale,70.0,1
202400051507,2024-01-04,après-midi,,,40,40307,1,1,1,2,3,Départementale,80.0,1
202400051508,2024-12-02,après-midi,,,33,33063,1,2,3,4,4,Voie communale,30.0,2
202400051509,2024-05-03,après-midi,,,69,69266,1,1,6,4,4,Voie communale,30.0,1
202400051510,2024-08-16,matin,,,75,75115,1,1,3,4,4,Voie communale,30.0,1
202400051511,2024-10-25,après-midi,,,988,98821,1,1,6,3,2,Nationale,50.0,1
202400051512,2024-09-21,nuit,,,47,47001,5,1,6,4,3,Départementale,50.0,1
202400051513,2024-02-16,nuit,,,86,86293,3,1,2,3,2,Nationale,90.0,1
202400051514,2024-05-02,matin,,,69,69266,1,8,6,4,4,Voie communale,30.0,2
202400051515,2024-01-04,matin,,,56,56035,1,2,3,4,3,Départementale,70.0,2
202400051516,2024-07-12,soirée,,,13,13051,1,1,5,3,3,Départementale,80.0,1
202400051517,2024-10-25,soirée,,,972,97230,1,3,6,2,3,Départementale,80.0,2
202400051518,2024-06-10,après-midi,,,42,42231,1,1,5,4,2,Nationale,80.0,1
202400051519,2024-03-27,nuit,,,78,78350,3,1,3,4,2,Nationale,50.0,1
202400051520,2024-12-02,matin,,,33,33522,1,2,3,4,4,Voie communale,50.0,2
202400051521,2024-08-16,matin,,,75,75114,1,1,3,4,4,Voie communale,30.0,1
202400051522,2024-02-06,soirée,,,29,29216,2,8,2,4,3,Départementale,80.0,1
202400051523,2024-09-21,matin,,,47,47032,1,1,6,4,4,Voie communale,30.0,1
202400051524,2024-01-03,soirée,,,56,56042,3,2,1,4,3,Départementale,80.0,2
202400051525,2024-12-02,matin,,,33,33318,2,3,6,4,4,Voie communale,50.0,2
202400051526,2024-06-10,matin,,,971,97116,1,1,6,2,2,Nationale,50.0,1
202400051527,2024-05-03,après-midi,,,69,69264,1,1,3,4,4,Voie communale,30.0,1
202400051528,2024-03-27,après-midi,,,76,76217,1,1,3,4,3,Départementale,50.0,1
202400051529,2024-07-12,après-midi,,,78,78571,1,1,2,4,3,Départementale,70.0,1
202400051530,2024-10-27,nuit,,,29,29233,3,1,7,4,3,Départementale,80.0,1
202400051531,2024-08-15,soirée,,,94,94081,1,1,6,4,4,Voie communale,50.0,1
202400051532,2024-02-15,après-midi,,,03,03107,1,1,6,3,3,Départementale,90.0,1
202400051533,2024-01-03,après-midi,,,65,65363,1,2,3,4,3,Départementale,80.0,2
202400051534,2024-12-02,matin,,,29,29232,3,2,3,4,3,Départementale,50.0,2
202400051535,2024-10-26,nuit,,,66,66211,3,1,6,4,3,Départementale,80.0,1
202400051536,2024-06-09,soirée,,,28,28007,1,1,2,3,3,Départementale,50.0,1
202400051537,2024-03-27,matin,,,73,73008,1,2,3,4,3,Départementale,50.0,2
202400051538,2024-06-25,nuit,,,33,33122,3,1,3,4,3,Départementale,80.0,1
202400051539,2024-09-22,nuit,,,45,45147,5,2,3,4,4,Voie communale,50.0,2
202400051540,2024-05-02,après-midi,,,67,67462,1,2,1,3,3,Départementale,40.0,2
202400051541,2024-01-04,matin,,,71,71170,1,2,6,3,3,Départementale,80.0,2
202400051542,2024-08-16,après-midi,,,94,94068,1,8,3,4,3,Départementale,30.0,1
202400051543,2024-12-02,après-midi,,,28,28134,1,1,6,4,9,Autre,30.0,1
202400051544,2024-05-03,après-midi,,,64,64269,1,1,7,4,4,Voie communale,50.0,1
202400051545,2024-07-08,après-midi,,,77,77333,1,1,6,3,1,Autoroute,130.0,1
202400051546,2024-02-10,matin,,,01,01294,1,8,1,4,3,Départementale,80.0,8
202400051547,2024-06-11,matin,,,77,77153,1,1,1,4,4,Voie communale,50.0,1
202400051548,2024-10-26,soirée,,,13,13049,3,8,1,3,3,Départementale,80.0,2
202400051549,2024-01-04,après-midi,,,89,89464,2,8,1,3,4,Voie communale,80.0,1
202400051550,2024-09-21,nuit,,,44,44020,3,2,2,4,2,Nationale,70.0,2
202400051551,2024-08-16,soirée,,,94,94052,1,8,6,4,9,Autre,50.0,1
202400051552,2024-03-26,après-midi,,,72,72181,1,2,3,4,4,Voie communale,50.0,2
202400051553,2024-05-03,après-midi,,,64,64445,1,1,6,4,4,Voie communale,50.0,1
202400051554,2024-07-13,après-midi,,,971,97108,1,1,6,4,4,Voie communale,80.0,1
202400051555,2024-12-02,après-midi,,,28,28404,2,1,1,4,2,Nationale,90.0,1
202400051556,2024-10-27,matin,,,88,88150,1,1,6,3,3,Départementale,90.0,1
202400051557,2024-02-14,après-midi,,,58,58302,1,1,3,4,3,Départementale,80.0,1
202400051558,2024-06-10,matin,,,77,77183,2,1,6,4,3,Départementale,50.0,1
202400051559,2024-01-03,nuit,,,34,34086,3,1,6,3,3,Départementale,90.0,1
202400051560,2024-09-21,après-midi,,,41,41018,1,1,3,4,4,Voie communale,30.0,1
202400051561,2024-08-16,soirée,,,94,94054,5,1,1,3,4,Voie communale,15.0,1
202400051562,2024-03-26,après-midi,,,72,72181,1,2,3,4,4,Voie communale,50.0,2
202400051563,2024-07-13,matin,,,971,97129,2,1,1,4,2,Nationale,80.0,2
202400051564,2024-02-15,nuit,,,58,58273,3,1,1,3,3,Départementale,90.0,1
202400051565,2024-05-03,matin,,,64,64445,1,1,3,4,4,Voie communale,50.0,1
202400051566,2024-12-02,matin,,,25,25056,1,2,2,4,4,Voie communale,50.0,2
202400051567,2024-10-27,nuit,,,57,57589,5,5,6,2,3,Départementale,50.0,2
202400051568,2024-06-10,soirée,,,34,34289,1,1,2,3,3,Départementale,80.0,1
202400051569,2024-03-27,après-midi,,,71,71486,1,1,6,4,4,Voie communale,50.0,1
202400051570,2024-09-21,après-midi,,,38,38179,1,1,1,3,4,Voie communale,30.0,1
202400051571,2024-01-04,soirée,,,68,68068,5,1,3,4,3,Départementale,50.0,1
202400051572,2024-08-16,après-midi,,,94,94022,1,1,2,4,3,Départementale,30.0,1
202400051573,2024-07-12,matin,,,977,97701,1,1,1,3,2,Nationale,30.0,1
202400051574,2024-05-03,après-midi,,,63,63300,1,1,6,4,4,Voie communale,30.0,1
202400051575,2024-06-11,nuit,,,04,04245,3,1,1,4,3,Départementale,80.0,1
202400051576,2024-10-27,après-midi,,,38,38565,1,1,2,4,3,Départementale,70.0,1
202400051577,2024-02-16,après-midi,,,73,73079,1,1,5,4,3,Départementale,80.0,1
202400051578,2024-03-27,après-midi,,,71,71153,1,1,6,4,4,Voie communale,50.0,1
202400051579,2024-01-03,matin,,,44,44003,2,1,3,4,4,Voie communale,50.0,2
202400051580,2024-07-11,soirée,,,972,97230,1,2,1,3,2,Nationale,80.0,2
202400051581,2024-11-30,nuit,,,21,21054,5,5,3,4,4,Voie communale,50.0,1
202400051582,2024-08-15,soirée,,,93,93010,1,1,1,3,4,Voie communale,30.0,1
202400051583,2024-10-26,soirée,,,38,38236,2,2,7,3,4,Voie communale,50.0,2
202400051584,2024-09-21,après-midi,,,35,35238,1,1,4,4,2,Nationale,90.0,1
202400051585,2024-06-09,soirée,,,13,13004,2,1,3,4,2,Nationale,90.0,1
202400051586,2024-03-26,soirée,,,67,67482,5,1,7,4,4,Voie communale,50.0,9
202400051587,2024-10-27,après-midi,,,07,07097,1,1,7,3,3,Départementale,90.0,2
202400051588,2024-05-01,après-midi,,,63,63300,1,2,2,4,3,Départementale,50.0,2
202400051589,2024-02-15,après-midi,,,37,37250,1,1,7,3,3,Départementale,80.0,1
202400051590,2024-01-04,matin,,,02,02361,5,1,3,4,3,Départementale,50.0,1