Num_Acc,date,time_of_day,lat,long,dep,com,lum,atm,col,severity_index,catr,catr_label,vma,surf
202400051591,2024-12-02,matin,,,17,17415,1,2,2,4,2,Nationale,50.0,2
202400051592,2024-06-08,après-midi,,,08,08190,1,1,7,3,3,Départementale,90.0,1
202400051593,2024-08-15,après-midi,,,93,93007,1,1,3,4,4,Voie communale,50.0,1
202400051594,2024-10-26,après-midi,,,07,07040,1,1,6,4,4,Voie communale,50.0,1
202400051595,2024-09-20,après-midi,,,35,35281,1,1,3,4,7,Autre,50.0,1
202400051596,2024-01-04,matin,,,84,84050,1,1,7,4,3,Départementale,80.0,1
202400051597,2024-03-25,après-midi,,,67,67180,1,1,4,4,4,Voie communale,50.0,1
202400051598,2024-05-02,nuit,,,59,59599,5,1,1,3,4,Voie communale,50.0,1
202400051599,2024-02-15,après-midi,,,973,97309,1,1,2,3,3,Départementale,50.0,1
202400051600,2024-07-12,matin,,,66,66136,1,1,3,4,4,Voie communale,80.0,1
202400051601,2024-06-11,matin,,,01,01249,1,1,3,4,3,Départementale,50.0,1
202400051602,2024-11-19,matin,,,14,14118,1,1,2,4,3,Départementale,50.0,1
202400051603,2024-08-16,après-midi,,,92,92050,1,1,3,4,4,Voie communale,50.0,1
202400051604,2024-08-27,nuit,,,69,69187,3,1,7,3,4,Voie communale,,1
202400051605,2024-05-03,soirée,,,59,59043,1,1,7,4,4,Voie communale,50.0,1
202400051606,2024-02-15,nuit,,,973,97309,5,1,1,3,3,Départementale,50.0,1
202400051607,2024-07-12,après-midi,,,34,34213,1,1,3,4,3,Départementale,80.0,1
202400051608,2024-06-10,matin,,,56,56114,1,1,1,2,4,Voie communale,70.0,1
202400051609,2024-01-03,après-midi,,,01,01389,3,1,5,4,3,Départementale,80.0,1
202400051610,2024-11-29,après-midi,,,14,14327,2,1,2,4,2,Nationale,70.0,1
202400051611,2024-05-03,nuit,,,56,56121,5,1,6,4,4,Voie communale,30.0,1
202400051612,2024-03-26,matin,,,66,66136,1,2,2,4,4,Voie communale,50.0,2
202400051613,2024-10-22,matin,,,17,17093,1,7,6,3,6,Autre,30.0,1
202400051614,2024-09-21,soirée,,,31,31555,2,8,3,3,1,Autoroute,90.0,1
202400051615,2024-08-16,nuit,,,92,92024,5,1,3,4,3,Départementale,30.0,1
202400051616,2024-01-03,après-midi,,,60,60471,1,3,1,4,3,Départementale,80.0,2
202400051617,2024-12-03,nuit,,,13,13215,5,1,7,3,4,Voie communale,50.0,1
202400051618,2024-06-11,matin,,,60,60342,1,1,3,4,3,Départementale,110.0,1
202400051619,2024-10-27,après-midi,,,14,14424,2,1,6,3,3,Départementale,80.0,1
202400051620,2024-08-15,nuit,,,78,78470,4,1,7,4,3,Départementale,70.0,1
202400051621,2024-07-12,soirée,,,34,34090,3,1,5,4,7,Autre,50.0,1
202400051622,2024-03-27,après-midi,,,64,64445,1,1,2,4,4,Voie communale,50.0,1
202400051623,2024-05-03,après-midi,,,54,54395,1,1,2,4,4,Voie communale,30.0,1
202400051624,2024-09-21,après-midi,,,31,31555,1,1,6,4,4,Voie communale,50.0,1
202400051625,2024-11-28,après-midi,,,13,13004,1,1,1,3,4,Voie communale,50.0,1
202400051626,2024-02-15,après-midi,,,69,69206,1,1,2,3,3,Départementale,50.0,1
202400051627,2024-06-10,soirée,,,60,60439,1,1,2,4,3,Départementale,80.0,1
202400051628,2024-01-01,matin,,,17,17065,3,9,3,3,3,Départementale,80.0,2
202400051629,2024-08-17,après-midi,,,86,86190,1,2,6,4,3,Départementale,80.0,2
202400051630,2024-07-13,nuit,,,84,84132,3,1,6,2,3,Départementale,80.0,1
202400051631,2024-05-03,nuit,,,47,47323,3,1,6,3,4,Voie communale,80.0,1
202400051632,2024-12-01,soirée,,,11,11069,3,1,6,4,4,Voie communale,50.0,1
202400051633,2024-03-27,soirée,,,62,62628,2,1,6,4,4,Voie communale,30.0,1
202400051634,2024-09-21,nuit,,,30,30007,5,1,3,3,4,Voie communale,50.0,1
202400051635,2024-02-15,soirée,,,27,27115,3,1,3,3,2,Nationale,80.0,1
202400051636,2024-01-03,après-midi,,,73,73213,1,1,6,3,1,Autoroute,50.0,1
202400051637,2024-10-26,soirée,,,14,14698,3,1,3,4,3,Départementale,80.0,1
202400051638,2024-08-17,nuit,,,01,01378,3,1,6,2,3,Départementale,80.0,1
202400051639,2024-05-04,nuit,,,37,37261,5,1,7,4,4,Voie communale,30.0,2
202400051640,2024-06-05,matin,,,13,13211,1,1,3,4,1,Autoroute,90.0,1
202400051641,2024-12-02,après-midi,,,10,10387,1,1,7,3,4,Voie communale,50.0,2
202400051642,2024-07-12,soirée,,,83,83101,3,1,3,3,3,Départementale,70.0,1
202400051643,2024-03-08,après-midi,,,59,59479,1,1,6,2,3,Départementale,50.0,1
202400051644,2024-08-17,après-midi,,,06,06149,1,1,6,4,7,Autre,50.0,1
202400051645,2024-02-16,matin,,,14,14308,2,1,2,3,1,Autoroute,130.0,1
202400051646,2024-05-03,soirée,,,37,37261,1,1,7,4,4,Voie communale,30.0,1
202400051647,2024-06-10,nuit,,,83,83069,3,1,3,4,1,Autoroute,110.0,1
202400051648,2024-12-02,nuit,,,06,06155,5,1,7,3,3,Départementale,50.0,1
202400051649,2024-10-27,après-midi,,,80,80337,1,1,7,3,4,Voie communale,80.0,2
202400051650,2024-07-13,après-midi,,,83,83023,1,1,7,3,4,Voie communale,50.0,1
202400051651,2024-09-20,matin,,,29,29151,1,1,3,4,4,Voie communale,50.0,1
202400051652,2024-03-26,nuit,,,59,59143,5,2,1,3,7,Autre,30.0,2
202400051653,2024-01-04,matin,,,79,79284,1,2,2,3,1,Autoroute,130.0,8
202400051654,2024-08-17,nuit,,,57,57086,3,1,6,3,3,Départementale,80.0,1
202400051655,2024-02-15,matin,,,971,97103,1,1,6,3,2,Nationale,50.0,1
202400051656,2024-05-03,soirée,,,37,37122,1,1,6,4,4,Voie communale,50.0,1
202400051657,2024-12-02,après-midi,,,75,75116,1,1,3,4,4,Voie communale,50.0,2
202400051658,2024-06-08,après-midi,,,13,13028,1,1,3,4,1,Autoroute,130.0,1
202400051659,2024-10-26,après-midi,,,62,62122,1,1,2,3,3,Départementale,50.0,1
202400051660,2024-07-12,matin,,,13,13097,1,3,2,4,2,Nationale,90.0,2
202400051661,2024-01-04,nuit,,,44,44104,3,1,6,4,1,Autoroute,130.0,2
202400051662,2024-08-16,soirée,,,58,58086,1,1,1,4,3,Départementale,70.0,1
202400051663,2024-09-21,après-midi,,,29,29019,1,1,2,4,3,Départementale,50.0,1
202400051664,2024-02-15,après-midi,,,69,69013,1,1,2,4,3,Départementale,80.0,1
202400051665,2024-12-02,matin,,,75,75120,1,1,3,4,4,Voie communale,50.0,1
202400051666,2024-01-03,après-midi,,,33,33527,1,1,6,2,1,Autoroute,130.0,1
202400051667,2024-06-08,soirée,,,57,57303,1,7,2,4,1,Autoroute,110.0,1
202400051668,2024-05-03,matin,,,37,37261,1,1,3,4,4,Voie communale,50.0,1
202400051669,2024-07-13,après-midi,,,03,03139,1,1,1,3,3,Départementale,90.0,1
202400051670,2024-08-16,après-midi,,,72,72268,1,1,6,3,3,Départementale,90.0,1
202400051671,2024-03-27,après-midi,,,58,58194,1,1,3,4,4,Voie communale,50.0,1
202400051672,2024-02-10,après-midi,,,28,28092,1,2,6,4,1,Autoroute,110.0,2
202400051673,2024-10-27,après-midi,,,59,59535,1,1,7,3,4,Voie communale,50.0,9
202400051674,2024-11-30,nuit,,,75,75120,5,1,2,3,4,Voie communale,50.0,1
202400051675,2024-06-10,après-midi,,,33,33039,1,1,3,3,1,Autoroute,90.0,1
202400051676,2024-10-24,nuit,,,13,13211,3,1,2,4,1,Autoroute,90.0,1
202400051677,2024-02-15,soirée,,,29,29136,3,2,6,3,4,Voie communale,70.0,2
202400051678,2024-11-30,nuit,,,75,75119,5,1,2,4,4,Voie communale,50.0,1
202400051679,2024-08-17,soirée,,,44,44138,1,1,7,4,2,Nationale,110.0,1
202400051680,2024-09-22,nuit,,,27,27229,3,3,3,4,4,Voie communale,50.0,2
202400051681,2024-10-24,matin,,,13,13211,5,2,3,4,1,Autoroute,70.0,2
202400051682,2024-05-03,soirée,,,35,35238,5,1,3,4,4,Voie communale,30.0,1
202400051683,2024-06-06,nuit,,,59,59350,3,1,6,4,1,Autoroute,70.0,1
202400051684,2024-01-04,après-midi,,,77,77370,1,1,4,4,1,Autoroute,130.0,1
202400051685,2024-07-12,matin,,,73,73257,1,3,3,3,3,Départementale,70.0,2
202400051686,2024-03-26,matin,,,56,56121,1,1,6,4,4,Voie communale,30.0,1
202400051687,2024-08-17,matin,,,30,30290,1,1,3,3,3,Départementale,80.0,1
202400051688,2024-02-15,soirée,,,78,78368,5,1,1,4,3,Départementale,70.0,1
202400051689,2024-01-02,nuit,,,988,98822,3,1,6,3,2,Nationale,50.0,1
202400051690,2024-06-08,nuit,,,59,59507,3,1,6,4,1,Autoroute,90.0,1
202400051691,2024-09-21,matin,,,25,25462,1,1,3,4,4,Voie communale,50.0,1
202400051692,2024-03-26,après-midi,,,54,54395,1,1,6,4,4,Voie communale,30.0,1
202400051693,2024-05-03,soirée,,,34,34301,2,1,3,4,4,Voie communale,,1
202400051694,2024-07-09,matin,,,38,38455,1,1,6,3,4,Voie communale,50.0,1
202400051695,2024-02-14,après-midi,,,83,83065,1,1,3,4,4,Voie communale,,1
202400051696,2024-01-03,après-midi,,,13,13081,1,1,3,3,3,Départementale,90.0,1
202400051697,2024-12-02,après-midi,,,75,75107,1,1,3,4,4,Voie communale,30.0,1
202400051698,2024-06-01,nuit,,,59,59564,3,2,6,4,1,Autoroute,130.0,2
202400051699,2024-03-26,après-midi,,,54,54395,1,1,6,4,4,Voie communale,30.0,1
202400051700,2024-07-12,soirée,,,38,38376,2,3,7,4,3,Départementale,50.0,2
202400051701,2024-08-12,après-midi,,,83,83018,1,1,1,4,4,Voie communale,50.0,1
202400051702,2024-05-04,nuit,,,34,34172,5,1,2,4,4,Voie communale,50.0,1
202400051703,2024-01-04,matin,,,71,71583,4,1,6,4,3,Départementale,80.0,2
202400051704,2024-10-26,nuit,,,69,69029,3,1,5,4,7,Autre,70.0,1
202400051705,2024-09-20,nuit,,,18,18033,5,1,5,4,3,Départementale,50.0,2
202400051706,2024-06-10,après-midi,,,93,93027,1,1,2,4,1,Autoroute,90.0,1
202400051707,2024-02-15,soirée,,,71,71360,3,1,3,4,3,Départementale,80.0,1
202400051708,2024-08-15,soirée,,,19,19123,2,7,7,3,4,Voie communale,50.0,1
202400051709,2024-12-02,nuit,,,75,75106,5,8,6,4,4,Voie communale,30.0,2
202400051710,2024-01-03,après-midi,,,88,88253,2,3,1,4,4,Voie communale,80.0,2
202400051711,2024-05-03,soirée,,,34,34172,1,1,3,4,4,Voie communale,50.0,1
202400051712,2024-03-27,après-midi,,,51,51172,1,1,2,4,4,Voie communale,50.0,1
202400051713,2024-02-16,après-midi,,,57,57413,1,2,1,4,3,Départementale,70.0,2
202400051714,2024-09-21,après-midi,,,17,17380,1,8,2,4,3,Départementale,80.0,2
202400051715,2024-06-10,matin,,,92,92036,1,1,3,4,1,Autoroute,90.0,1
202400051716,2024-10-26,nuit,,,01,01043,3,1,3,2,1,Autoroute,130.0,1
202400051717,2024-07-08,après-midi,,,69,69050,1,1,6,3,3,Départementale,80.0,1
202400051718,2024-01-02,après-midi,,,57,57645,3,3,6,4,4,Voie communale,50.0,2
202400051719,2024-01-29,soirée,,,84,84031,3,1,6,4,4,Voie communale,50.0,1
202400051720,2024-12-02,matin,,,75,75120,1,1,3,4,4,Voie communale,30.0,1
202400051721,2024-02-15,après-midi,,,38,38401,1,1,6,4,4,Voie communale,90.0,1
202400051722,2024-05-03,matin,,,34,34172,1,1,6,4,4,Voie communale,50.0,1
202400051723,2024-10-26,après-midi,,,91,91434,1,1,2,4,1,Autoroute,110.0,1
202400051724,2024-03-27,après-midi,,,51,51454,1,1,3,4,4,Voie communale,50.0,1
202400051725,2024-09-21,nuit,,,13,13103,5,1,6,4,4,Voie communale,30.0,1
202400051726,2024-12-02,soirée,,,75,75116,3,1,2,4,4,Voie communale,30.0,2
202400051727,2024-08-17,matin,,,80,80168,2,8,1,4,3,Départementale,80.0,2
202400051728,2024-05-04,nuit,,,31,31555,5,1,6,4,4,Voie communale,30.0,1
202400051729,2024-02-14,matin,,,38,38377,1,1,3,4,4,Voie communale,50.0,1
202400051730,2024-02-27,matin,,,14,14530,1,1,2,4,3,Départementale,80.0,1
202400051731,2024-01-04,matin,,,73,73318,1,1,6,4,3,Départementale,80.0,7
202400051732,2024-07-13,nuit,,,81,81099,5,1,6,4,4,Voie communale,30.0,1
202400051733,2024-10-26,nuit,,,75,75113,4,2,6,4,1,Autoroute,50.0,2
202400051734,2024-03-22,soirée,,,50,50502,5,1,2,3,4,Voie communale,50.0,1
202400051735,2024-07-12,soirée,,,09,09240,1,1,7,3,4,Voie communale,50.0,9
202400051736,2024-02-15,après-midi,,,85,85250,1,1,7,2,4,Voie communale,,1
202400051737,2024-12-02,après-midi,,,75,75115,1,1,6,4,4,Voie communale,30.0,1
202400051738,2024-09-21,après-midi,,,13,13213,1,1,2,4,4,Voie communale,50.0,1
202400051739,2024-05-03,après-midi,,,31,31555,1,1,6,4,4,Voie communale,30.0,1
202400051740,2024-08-16,matin,,,80,80318,1,2,3,3,3,Départementale,50.0,2
202400051741,2024-01-03,soirée,,,81,81093,3,1,3,4,1,Autoroute,110.0,1
202400051742,2024-03-27,après-midi,,,49,49267,1,1,3,4,4,Voie communale,50.0,1
202400051743,2024-02-15,soirée,,,44,44103,5,1,6,3,4,Voie communale,50.0,1
202400051744,2024-06-09,après-midi,,,974,97416,2,1,3,4,4,Voie communale,50.0,1
202400051745,2024-10-25,nuit,,,91,91661,5,2,2,4,1,Autoroute,90.0,2
202400051746,2024-07-09,après-midi,,,33,33319,1,1,6,3,3,Départementale,80.0,1
202400051747,2024-05-03,matin,,,29,29232,1,1,6,4,3,Départementale,70.0,1
202400051748,2024-12-02,soirée,,,75,75112,5,1,1,3,4,Voie communale,30.0,1
202400051749,2024-09-20,après-midi,,,12,12145,1,1,3,4,4,Voie communale,30.0,1
202400051750,2024-02-13,soirée,,,44,44026,2,2,7,3,4,Voie communale,50.0,2
202400051751,2024-03-27,matin,,,39,39198,1,2,1,4,3,Départementale,80.0,2
202400051752,2024-01-03,matin,,,50,50643,1,3,5,4,3,Départementale,80.0,2
202400051753,2024-06-09,soirée,,,973,97309,1,1,1,4,4,Voie communale,50.0,1
202400051754,2024-02-14,après-midi,,,83,83137,1,1,6,3,1,Autoroute,70.0,1
202400051755,2024-08-16,après-midi,,,65,65388,1,1,7,3,4,Voie communale,50.0,9
202400051756,2024-07-12,soirée,,,35,35300,1,3,3,2,3,Départementale,80.0,2
202400051757,2024-05-03,matin,,,29,29039,1,1,3,4,3,Départementale,50.0,1
202400051758,2024-12-02,matin,,,75,75110,5,1,6,4,4,Voie communale,30.0,1
202400051759,2024-03-27,après-midi,,,37,37261,1,8,6,4,4,Voie communale,50.0,2
202400051760,2024-10-26,matin,,,92,92036,5,1,2,4,2,Nationale,70.0,2
202400051761,2024-01-03,après-midi,,,22,22050,1,1,6,3,4,Voie communale,30.0,1
202400051762,2024-09-21,après-midi,,,06,06159,1,1,5,3,7,Autre,50.0,1
202400051763,2024-08-16,après-midi,,,63,63430,1,1,7,4,3,Départementale,90.0,1
202400051764,2024-06-08,soirée,,,973,97302,3,1,3,3,3,Départementale,50.0,1
202400051765,2024-12-02,soirée,,,75,75109,5,1,6,4,4,Voie communale,30.0,1
202400051766,2024-02-14,matin,,,83,83144,1,1,4,4,1,Autoroute,70.0,1
202400051767,2024-07-13,nuit,,,62,62845,2,1,1,4,1,Autoroute,130.0,1
202400051768,2024-01-04,après-midi,,,76,76116,4,3,6,3,7,Autre,50.0,2
202400051769,2024-08-16,matin,,,22,22328,2,2,7,3,3,Départementale,80.0,2
202400051770,2024-03-27,soirée,,,35,35238,2,2,3,4,4,Voie communale,30.0,2
202400051771,2024-05-02,matin,,,29,29019,1,1,3,4,4,Voie communale,50.0,1
202400051772,2024-09-21,nuit,,,06,06027,3,1,1,4,4,Voie communale,50.0,1
202400051773,2024-10-26,soirée,,,95,95604,3,1,6,4,1,Autoroute,130.0,1
202400051774,2024-02-15,matin,,,69,69256,3,1,6,2,2,Nationale,90.0,1
202400051775,2024-06-09,après-midi,,,69,69034,1,1,6,4,4,Voie communale,50.0,1
202400051776,2024-12-02,après-midi,,,75,75101,1,1,2,4,4,Voie communale,30.0,1
202400051777,2024-01-03,matin,,,13,13213,5,1,2,3,1,Autoroute,70.0,1
202400051778,2024-03-27,matin,,,35,35238,1,2,2,4,4,Voie communale,50.0,2
202400051779,2024-08-13,matin,,,39,39470,1,7,6,3,3,Départementale,30.0,1
202400051780,2024-09-17,après-midi,,,05,05023,1,1,1,4,3,Départementale,80.0,1
202400051781,2024-07-08,après-midi,,,13,13212,1,1,4,4,1,Autoroute,70.0,1
202400051782,2024-10-26,après-midi,,,93,93007,1,1,5,3,1,Autoroute,90.0,1
202400051783,2024-01-03,matin,,,33,33192,1,1,6,4,1,Autoroute,50.0,1
202400051784,2024-03-27,nuit,,,34,34129,3,2,6,4,7,Autre,90.0,2
202400051785,2024-08-17,matin,,,39,39560,1,1,7,4,3,Départementale,80.0,1
202400051786,2024-06-09,matin,,,95,95051,1,1,6,4,4,Voie communale,30.0,1
202400051787,2024-02-14,après-midi,,,33,33013,1,1,2,4,2,Nationale,90.0,1
202400051788,2024-12-01,après-midi,,,94,94081,1,1,1,4,9,Autre,1.0,1
202400051789,2024-05-04,nuit,,,25,25056,5,1,3,4,4,Voie communale,50.0,1
202400051790,2024-10-26,matin,,,92,92078,1,2,6,4,1,Autoroute,90.0,2
202400051791,2024-09-20,après-midi,,,01,01053,1,1,3,3,3,Départementale,50.0,1
202400051792,2024-03-27,matin,,,34,34003,1,1,6,4,4,Voie communale,50.0,1
202400051793,2024-07-12,nuit,,,13,13001,3,1,2,4,1,Autoroute,90.0,1
202400051794,2024-01-02,matin,,,33,33249,1,8,3,4,2,Nationale,90.0,1
202400051795,2024-10-26,nuit,,,95,95572,3,2,6,4,1,Autoroute,50.0,2
202400051796,2024-08-17,après-midi,,,39,39081,1,7,1,4,2,Nationale,70.0,1
202400051797,2024-12-02,après-midi,,,94,94068,1,1,6,3,9,Autre,30.0,1
202400051798,2024-06-09,après-midi,,,95,95197,1,1,1,4,4,Voie communale,30.0,1
202400051799,2024-02-15,matin,,,91,91689,1,1,4,4,1,Autoroute,110.0,1
202400051800,2024-05-02,après-midi,,,23,23096,1,8,3,4,4,Voie communale,50.0,2
202400051801,2024-03-27,soirée,,,33,33039,2,1,3,4,4,Voie communale,50.0,1
202400051802,2024-09-20,matin,,,75,75115,1,1,6,3,4,Voie communale,30.0,1
202400051803,2024-07-10,matin,,,13,13212,1,1,2,4,1,Autoroute,70.0,1
202400051804,2024-01-03,après-midi,,,91,91179,2,8,2,4,1,Autoroute,110.0,2
202400051805,2024-10-25,après-midi,,,95,95607,1,1,3,4,1,Autoroute,90.0,1
202400051806,2024-08-15,matin,,,39,39017,1,1,3,4,3,Départementale,80.0,1
202400051807,2024-12-02,matin,,,94,94034,1,1,3,4,3,Départementale,30.0,1
202400051808,2024-06-09,matin,,,91,91521,2,1,2,4,2,Nationale,90.0,1
202400051809,2024-02-15,matin,,,92,92036,1,1,2,4,1,Autoroute,90.0,1
202400051810,2024-09-21,après-midi,,,75,75118,1,1,6,3,4,Voie communale,30.0,1
202400051811,2024-12-02,matin,,,94,94071,5,2,6,4,4,Voie communale,40.0,2
202400051812,2024-03-27,soirée,,,33,33318,1,1,3,4,4,Voie communale,30.0,1
202400051813,2024-10-25,matin,,,93,93005,2,1,3,4,1,Autoroute,90.0,1
202400051814,2024-08-16,matin,,,29,29074,1,2,6,3,3,Départementale,80.0,2
202400051815,2024-06-08,matin,,,85,85194,1,1,3,4,4,Voie communale,50.0,1
202400051816,2024-01-03,après-midi,,,91,91617,1,2,4,4,2,Nationale,90.0,2
202400051817,2024-05-03,après-midi,,,19,19031,1,1,3,4,4,Voie communale,50.0,1
202400051818,2024-02-14,après-midi,,,78,78043,1,1,5,4,1,Autoroute,110.0,1
202400051819,2024-09-21,soirée,,,75,75115,5,1,3,3,4,Voie communale,30.0,1
202400051820,2024-08-17,après-midi,,,29,29025,1,1,7,4,4,Voie communale,80.0,1
202400051821,2024-12-02,soirée,,,93,93066,5,1,1,4,3,Départementale,30.0,1
202400051822,2024-03-27,matin,,,31,31069,1,1,6,4,4,Voie communale,30.0,1
202400051823,2024-10-26,soirée,,,77,77122,3,1,2,4,2,Nationale,90.0,1
202400051824,2024-02-13,soirée,,,95,95488,3,2,6,4,1,Autoroute,110.0,2
202400051825,2024-01-03,après-midi,,,91,91363,1,3,6,4,2,Nationale,90.0,2
202400051826,2024-06-08,matin,,,85,85194,1,1,3,4,4,Voie communale,50.0,1
202400051827,2024-08-17,nuit,,,29,29220,3,1,6,4,3,Départementale,70.0,1
202400051828,2024-07-12,après-midi,,,33,33167,1,1,5,2,2,Nationale,90.0,1
202400051829,2024-09-20,soirée,,,75,75114,1,2,6,4,4,Voie communale,30.0,2
202400051830,2024-05-03,après-midi,,,19,19031,1,1,3,4,4,Voie communale,30.0,1
202400051831,2024-12-02,après-midi,,,93,93055,5,1,6,4,4,Voie communale,30.0,2
202400051832,2024-10-26,matin,,,94,94044,3,2,6,4,2,Nationale,90.0,2
202400051833,2024-03-22,nuit,,,30,30189,5,1,7,4,3,Départementale,90.0,1
202400051834,2024-01-03,matin,,,91,91174,1,1,7,4,2,Nationale,50.0,2
202400051835,2024-02-14,matin,,,987,98735,1,1,2,4,4,Voie communale,30.0,1
202400051836,2024-07-11,matin,,,33,33063,1,1,7,4,1,Autoroute,50.0,2
202400051837,2024-08-10,soirée,,,31,31098,1,1,6,3,3,Départementale,50.0,1
202400051838,2024-06-09,soirée,,,84,84007,5,3,2,4,4,Voie communale,50.0,3
202400051839,2024-01-03,matin,,,75,75113,5,2,6,4,1,Autoroute,50.0,2
202400051840,2024-09-21,soirée,,,75,75111,5,1,1,4,4,Voie communale,30.0,1
202400051841,2024-10-25,soirée,,,988,98818,5,1,6,4,4,Voie communale,50.0,1
202400051842,2024-05-02,nuit,,,14,14118,5,2,7,4,4,Voie communale,50.0,2
202400051843,2024-02-14,matin,,,974,97416,1,1,6,4,3,Départementale,80.0,1
202400051844,2024-12-02,après-midi,,,93,93030,1,8,3,4,3,Départementale,50.0,1
202400051845,2024-03-27,matin,,,28,28404,1,1,4,4,2,Nationale,70.0,1
202400051846,2024-07-10,nuit,,,33,33474,3,1,6,4,1,Autoroute,130.0,1
202400051847,2024-06-09,après-midi,,,77,77379,1,1,6,3,3,Départementale,50.0,1
202400051848,2024-08-16,nuit,,,02,02109,3,2,7,3,3,Départementale,70.0,2
202400051849,2024-10-25,après-midi,,,988,98818,1,1,2,4,4,Voie communale,50.0,1
202400051850,2024-05-03,soirée,,,13,13215,5,1,1,4,3,Départementale,70.0,1
202400051851,2024-09-21,nuit,,,75,75111,5,2,1,4,4,Voie communale,30.0,2
202400051852,2024-03-27,matin,,,27,27229,1,8,7,3,4,Voie communale,50.0,1
202400051853,2024-12-01,soirée,,,93,93007,4,1,3,4,4,Voie communale,50.0,2
202400051854,2024-02-12,après-midi,,,974,97411,1,1,3,4,4,Voie communale,30.0,1
202400051855,2024-08-17,matin,,,26,26376,1,1,6,4,3,Départementale,80.0,1
202400051856,2024-07-11,après-midi,,,59,59350,1,1,6,3,2,Nationale,70.0,1
202400051857,2024-06-08,soirée,,,77,77464,1,1,3,4,3,Départementale,50.0,1
202400051858,2024-02-20,après-midi,,,26,26362,1,1,3,4,4,Voie communale,50.0,1
202400051859,2024-09-21,matin,,,94,94068,5,2,3,4,4,Voie communale,30.0,2
202400051860,2024-08-17,nuit,,,58,58122,3,1,6,2,3,Départementale,80.0,1
202400051861,2024-03-14,soirée,,,11,11262,2,1,3,4,4,Voie communale,50.0,1
202400051862,2024-10-25,matin,,,974,97416,1,1,3,4,4,Voie communale,50.0,1
202400051863,2024-07-09,matin,,,59,59350,1,1,2,4,2,Nationale,70.0,1
202400051864,2024-12-02,soirée,,,92,92044,5,1,1,4,4,Voie communale,30.0,1
202400051865,2024-02-13,après-midi,,,974,97407,1,1,4,4,4,Voie communale,50.0,1
202400051866,2024-03-22,matin,,,16,16271,1,1,6,3,3,Départementale,90.0,1
202400051867,2024-06-09,après-midi,,,77,77333,1,1,3,3,3,Départementale,50.0,1
202400051868,2024-05-03,après-midi,,,11,11069,1,1,7,4,4,Voie communale,50.0,1
202400051869,2024-09-21,soirée,,,94,94021,2,1,6,4,4,Voie communale,50.0,1
202400051870,2024-08-16,après-midi,,,54,54157,1,1,3,3,3,Départementale,50.0,1
202400051871,2024-10-25,après-midi,,,973,97302,1,8,6,4,4,Voie communale,30.0,2
202400051872,2024-12-02,matin,,,92,92024,1,1,7,3,4,Voie communale,50.0,2
202400051873,2024-03-27,matin,,,13,13103,1,3,1,3,4,Voie communale,30.0,2
202400051874,2024-08-16,nuit,,,14,14578,3,2,6,2,3,Départementale,80.0,2
202400051875,2024-07-11,soirée,,,92,92062,1,1,2,4,1,Autoroute,70.0,1
202400051876,2024-12-02,après-midi,,,39,39554,5,3,6,3,3,Départementale,50.0,2
202400051877,2024-02-13,soirée,,,973,97302,2,1,1,4,3,Départementale,50.0,1
202400051878,2024-09-20,après-midi,,,94,94077,1,1,3,4,4,Voie communale,,1
202400051879,2024-05-03,après-midi,,,11,11069,1,1,3,4,4,Voie communale,50.0,1
202400051880,2024-10-26,nuit,,,69,69386,5,1,3,4,4,Voie communale,50.0,1
202400051881,2024-06-09,après-midi,,,77,77070,1,1,3,4,3,Départementale,20.0,1
202400051882,2024-03-27,après-midi,,,13,13204,1,1,3,3,4,Voie communale,50.0,1
202400051883,2024-08-16,après-midi,,,05,05179,1,8,7,4,4,Voie communale,80.0,1
202400051884,2024-02-13,matin,,,973,97302,2,1,6,4,3,Départementale,50.0,1
202400051885,2024-12-01,matin,,,83,83107,1,1,2,3,1,Autoroute,130.0,1
202400051886,2024-05-03,matin,,,06,06088,1,1,2,3,4,Voie communale,50.0,1
202400051887,2024-03-27,nuit,,,13,13203,5,3,1,4,4,Voie communale,30.0,2
202400051888,2024-10-24,soirée,,,972,97209,5,1,2,4,9,Autre,50.0,1
202400051889,2024-02-12,soirée,,,973,97302,5,1,1,4,3,Départementale,50.0,1
202400051890,2024-06-07,après-midi,,,76,76707,1,1,2,4,3,Départementale,70.0,1
202400051891,2024-09-21,soirée,,,94,94070,2,1,5,4,2,Nationale,50.0,1
202400051892,2024-07-11,soirée,,,92,92050,1,1,4,4,1,Autoroute,70.0,1
202400051893,2024-03-26,nuit,,,13,13204,5,2,1,3,4,Voie communale,50.0,2
202400051894,2024-10-25,matin,,,971,97101,1,1,6,4,6,Autre,10.0,1
202400051895,2024-06-09,nuit,,,76,76114,3,1,6,4,9,Autre,50.0,1
202400051896,2024-02-13,nuit,,,972,97209,5,1,1,3,4,Voie communale,30.0,1
202400051897,2024-05-02,après-midi,,,06,06088,1,1,1,4,4,Voie communale,50.0,1
202400051898,2024-11-22,matin,,,01,01322,2,9,5,4,3,Départementale,80.0,7
202400051899,2024-08-17,après-midi,,,64,64124,1,1,1,4,3,Départementale,80.0,1
202400051900,2024-03-26,matin,,,10,10362,1,1,6,4,4,Voie communale,30.0,1
202400051901,2024-10-23,matin,,,971,97113,1,1,6,4,2,Nationale,70.0,1
202400051902,2024-07-11,soirée,,,78,78466,1,1,2,4,1,Autoroute,130.0,1
202400051903,2024-02-14,soirée,,,2B,2B353,5,1,6,4,4,Voie communale,50.0,1
202400051904,2024-08-17,matin,,,10,10063,1,2,2,4,3,Départementale,80.0,2