Num_Acc,date,time_of_day,lat,long,dep,com,lum,atm,col,severity_index,catr,catr_label,vma,surf
202400051905,2024-07-12,soirée,,,93,93006,1,1,6,3,1,Autoroute,50.0,1
202400051906,2024-03-27,après-midi,,,75,75112,1,1,2,4,4,Voie communale,70.0,1
202400051907,2024-05-03,après-midi,,,06,06123,1,1,2,4,7,Autre,70.0,1
202400051908,2024-10-25,après-midi,,,95,95582,1,1,3,4,3,Départementale,50.0,1
202400051909,2024-12-02,soirée,,,68,68300,3,3,5,4,3,Départementale,80.0,2
202400051910,2024-08-17,après-midi,,,10,10126,1,2,6,3,3,Départementale,90.0,2
202400051911,2024-02-14,après-midi,,,2B,2B037,1,1,1,4,3,Départementale,70.0,1
202400051912,2024-09-20,après-midi,,,94,94070,1,1,5,4,2,Nationale,50.0,1
202400051913,2024-06-09,matin,,,64,64335,1,2,6,4,4,Voie communale,30.0,2
202400051914,2024-07-12,matin,,,93,93066,1,2,3,4,1,Autoroute,70.0,2
202400051915,2024-03-27,matin,,,75,75113,1,1,2,4,4,Voie communale,70.0,1
202400051916,2024-08-17,après-midi,,,16,16177,1,1,6,4,2,Nationale,110.0,1
202400051917,2024-12-03,matin,,,06,06109,1,1,6,4,7,Autre,70.0,1
202400051918,2024-05-03,soirée,,,04,04112,1,1,3,4,4,Voie communale,50.0,1
202400051919,2024-10-25,matin,,,95,95323,1,2,3,2,4,Voie communale,30.0,2
202400051920,2024-02-14,nuit,,,971,97120,5,2,6,3,3,Départementale,50.0,2
202400051921,2024-06-08,après-midi,,,64,64102,1,1,2,4,4,Voie communale,50.0,1
202400051922,2024-09-20,nuit,,,93,93077,5,1,2,4,3,Départementale,50.0,1
202400051923,2024-07-12,nuit,,,95,95277,5,2,2,4,1,Autoroute,70.0,2
202400051924,2024-03-27,soirée,,,75,75118,5,1,6,4,4,Voie communale,30.0,1
202400051925,2024-05-03,matin,,,03,03101,1,1,6,4,4,Voie communale,50.0,1
202400051926,2024-02-14,matin,,,2A,2A004,1,1,6,4,2,Nationale,50.0,1
202400051927,2024-10-24,soirée,,,91,91103,5,1,3,4,4,Voie communale,50.0,1
202400051928,2024-12-02,matin,,,83,83049,2,1,3,3,4,Voie communale,50.0,1
202400051929,2024-02-27,après-midi,,,75,75117,1,1,6,3,4,Voie communale,30.0,1
202400051930,2024-05-02,soirée,,,75,75117,1,2,3,4,4,Voie communale,70.0,2
202400051931,2024-09-21,soirée,,,93,93055,1,1,3,4,3,Départementale,30.0,1
202400051932,2024-06-08,après-midi,,,62,62178,1,1,3,3,4,Voie communale,30.0,1
202400051933,2024-08-17,après-midi,,,21,21149,1,2,1,4,3,Départementale,90.0,2
202400051934,2024-02-14,matin,,,2A,2A004,1,1,1,4,4,Voie communale,50.0,1
202400051935,2024-02-16,matin,,,974,97409,1,1,3,4,2,Nationale,90.0,1
202400051936,2024-12-01,soirée,,,83,83049,4,1,1,4,3,Départementale,70.0,1
202400051937,2024-10-25,nuit,,,91,91103,5,1,1,4,4,Voie communale,30.0,1
202400051938,2024-08-17,après-midi,,,40,40046,1,1,6,2,3,Départementale,50.0,1
202400051939,2024-09-21,après-midi,,,93,93053,1,1,1,4,4,Voie communale,50.0,1
202400051940,2024-06-09,après-midi,,,62,62108,1,1,6,4,4,Voie communale,50.0,1
202400051941,2024-03-24,soirée,,,75,75113,5,1,3,4,4,Voie communale,50.0,1
202400051942,2024-05-03,nuit,,,75,75119,5,1,3,4,4,Voie communale,50.0,2
202400051943,2024-02-14,nuit,,,95,95277,3,2,6,4,3,Départementale,90.0,2
202400051944,2024-08-17,nuit,,,85,85192,3,2,7,4,3,Départementale,80.0,2
202400051945,2024-11-23,après-midi,,,26,26325,1,1,3,3,4,Voie communale,50.0,1
202400051946,2024-07-11,soirée,,,974,97416,3,1,2,4,2,Nationale,110.0,1
202400051947,2024-09-20,après-midi,,,93,93057,1,1,6,4,3,Départementale,50.0,1
202400051948,2024-06-09,soirée,,,60,60414,1,1,3,4,3,Départementale,50.0,1
202400051949,2024-03-27,matin,,,75,75111,1,1,6,4,4,Voie communale,30.0,1
202400051950,2024-05-03,après-midi,,,75,75118,1,1,3,4,4,Voie communale,30.0,1
202400051951,2024-10-25,matin,,,91,91286,1,1,4,4,3,Départementale,50.0,1
202400051952,2024-02-14,matin,,,95,95428,5,1,6,4,4,Voie communale,50.0,1
202400051953,2024-05-03,après-midi,,,75,75116,1,1,6,4,4,Voie communale,30.0,1
202400051954,2024-12-01,après-midi,,,37,37206,1,1,6,3,1,Autoroute,130.0,1
202400051955,2024-08-16,après-midi,,,37,37211,1,1,3,4,4,Voie communale,,1
202400051956,2024-06-08,après-midi,,,53,53034,1,7,2,3,3,Départementale,90.0,1
202400051957,2024-03-26,après-midi,,,75,75111,1,2,3,4,4,Voie communale,30.0,2
202400051958,2024-10-24,après-midi,,,91,91286,1,1,3,4,4,Voie communale,30.0,1
202400051959,2024-02-13,soirée,,,87,87085,5,1,3,4,4,Voie communale,30.0,1
202400051960,2024-08-17,matin,,,13,13044,1,1,3,4,3,Départementale,80.0,1
202400051961,2024-09-21,soirée,,,92,92050,5,1,3,4,3,Départementale,50.0,1
202400051962,2024-05-03,après-midi,,,75,75116,1,1,6,4,4,Voie communale,30.0,1
202400051963,2024-07-11,matin,,,974,97416,1,1,5,4,2,Nationale,110.0,1
202400051964,2024-12-03,après-midi,,,77,77524,1,1,3,4,3,Départementale,90.0,1
202400051965,2024-10-25,nuit,,,82,82121,5,3,6,3,4,Voie communale,50.0,2
202400051966,2024-09-21,nuit,,,92,92040,5,2,6,4,3,Départementale,30.0,2
202400051967,2024-03-27,matin,,,75,75110,1,1,3,4,4,Voie communale,50.0,1
202400051968,2024-06-09,soirée,,,51,51454,1,1,3,4,4,Voie communale,50.0,1
202400051969,2024-02-14,après-midi,,,85,85194,1,1,6,3,3,Départementale,50.0,1
202400051970,2024-10-26,nuit,,,81,81144,3,2,7,4,2,Nationale,50.0,2
202400051971,2024-04-30,après-midi,,,75,75116,1,1,3,4,4,Voie communale,30.0,1
202400051972,2024-07-11,après-midi,,,974,97407,1,1,6,4,4,Voie communale,50.0,1
202400051973,2024-12-02,soirée,,,32,32121,3,1,3,3,3,Départementale,80.0,2
202400051974,2024-02-14,matin,,,30,30011,3,1,7,4,2,Nationale,90.0,1
202400051975,2024-09-21,après-midi,,,92,92036,1,1,6,4,3,Départementale,50.0,1
202400051976,2024-10-26,nuit,,,80,80021,5,1,6,4,4,Voie communale,30.0,1
202400051977,2024-06-09,soirée,,,51,51108,1,1,3,4,4,Voie communale,30.0,1
202400051978,2024-03-26,après-midi,,,94,94022,1,1,2,4,1,Autoroute,50.0,1
202400051979,2024-04-30,après-midi,,,75,75116,1,1,3,4,4,Voie communale,50.0,1
202400051980,2024-08-17,matin,,,06,06088,1,1,3,4,1,Autoroute,50.0,1
202400051981,2024-02-14,matin,,,77,77449,1,2,3,4,3,Départementale,50.0,2
202400051982,2024-12-02,nuit,,,61,61317,3,2,6,3,3,Départementale,90.0,2
202400051983,2024-03-27,soirée,,,94,94074,2,1,6,4,3,Départementale,30.0,1
202400051984,2024-09-20,soirée,,,92,92004,5,1,6,4,3,Départementale,50.0,1
202400051985,2024-10-24,soirée,,,80,80021,5,1,3,4,4,Voie communale,50.0,1
202400051986,2024-07-11,matin,,,973,97302,2,1,3,4,4,Voie communale,50.0,1
202400051987,2024-05-02,après-midi,,,75,75116,1,2,6,4,4,Voie communale,30.0,2
202400051988,2024-06-09,nuit,,,42,42218,2,1,3,4,4,Voie communale,50.0,1
202400051989,2024-06-30,nuit,,,39,39478,5,1,6,4,3,Départementale,50.0,1
202400051990,2024-07-30,après-midi,,,13,13065,1,1,3,3,3,Départementale,50.0,1
202400051991,2024-09-20,matin,,,33,33243,1,1,6,3,4,Voie communale,50.0,1
202400051992,2024-02-14,matin,,,76,76231,1,1,6,4,4,Voie communale,50.0,1
202400051993,2024-03-27,matin,,,94,94041,1,1,6,4,3,Départementale,50.0,1
202400051994,2024-07-12,nuit,,,69,69387,5,3,3,4,4,Voie communale,30.0,2
202400051995,2024-06-09,matin,,,35,35238,1,1,6,3,2,Nationale,30.0,1
202400051996,2024-05-03,matin,,,75,75114,1,1,3,4,4,Voie communale,30.0,1
202400051997,2024-02-14,après-midi,,,68,68166,2,1,6,3,4,Voie communale,10.0,1
202400051998,2024-08-16,matin,,,14,14016,1,8,2,3,1,Autoroute,130.0,9
202400051999,2024-12-03,matin,,,44,44120,2,1,1,3,7,Autre,30.0,1
202400052000,2024-03-27,matin,,,93,93072,1,1,6,4,3,Départementale,50.0,1
202400052001,2024-10-24,après-midi,,,79,79081,1,1,2,3,3,Départementale,90.0,1
202400052002,2024-06-09,matin,,,35,35281,1,1,6,3,4,Voie communale,20.0,1
202400052003,2024-05-03,après-midi,,,75,75105,1,1,3,4,4,Voie communale,30.0,1
202400052004,2024-02-14,matin,,,66,66136,1,1,2,4,4,Voie communale,50.0,1
202400052005,2024-07-11,après-midi,,,69,69388,1,2,3,4,4,Voie communale,30.0,3
202400052006,2024-09-21,après-midi,,,34,34274,1,1,3,3,3,Départementale,90.0,1
202400052007,2024-03-27,soirée,,,93,93066,1,1,6,4,4,Voie communale,50.0,1
202400052008,2024-12-03,matin,,,14,14575,3,2,1,2,3,Départementale,80.0,2
202400052009,2024-10-24,après-midi,,,79,79191,1,1,2,4,3,Départementale,70.0,1
202400052010,2024-08-16,soirée,,,11,11014,1,1,3,3,3,Départementale,80.0,1
202400052011,2024-06-09,soirée,,,34,34172,1,1,1,4,4,Voie communale,30.0,2
202400052012,2024-05-03,après-midi,,,75,75112,1,1,6,4,4,Voie communale,30.0,1
202400052013,2024-02-09,matin,,,65,65286,1,2,6,3,3,Départementale,50.0,2
202400052014,2024-03-27,matin,,,93,93051,2,1,6,4,4,Voie communale,50.0,1
202400052015,2024-08-16,après-midi,,,69,69080,1,1,6,3,4,Voie communale,50.0,1
202400052016,2024-07-11,matin,,,69,69383,1,1,3,4,4,Voie communale,30.0,1
202400052017,2024-09-22,matin,,,73,73085,1,1,7,2,3,Départementale,50.0,1
202400052018,2024-12-03,après-midi,,,14,14191,2,1,6,4,4,Voie communale,50.0,1
202400052019,2024-06-09,nuit,,,33,33318,4,1,6,4,4,Voie communale,50.0,1
202400052020,2024-05-03,après-midi,,,75,75108,1,8,6,4,4,Voie communale,30.0,2
202400052021,2024-10-24,après-midi,,,77,77495,1,1,3,4,3,Départementale,90.0,1
202400052022,2024-12-03,après-midi,,,50,50273,3,1,6,3,3,Départementale,80.0,1
202400052023,2024-02-14,nuit,,,59,59155,5,2,4,3,3,Départementale,50.0,2
202400052024,2024-07-10,après-midi,,,69,69383,1,1,3,4,4,Voie communale,50.0,1
202400052025,2024-03-27,soirée,,,93,93050,1,1,5,4,3,Départementale,50.0,1
202400052026,2024-08-14,matin,,,971,97118,1,1,2,3,2,Nationale,110.0,1
202400052027,2024-06-09,matin,,,30,30028,1,1,7,4,2,Nationale,50.0,1
202400052028,2024-05-03,après-midi,,,75,75104,1,1,6,4,4,Voie communale,30.0,1
202400052029,2024-09-21,matin,,,974,97401,1,1,1,3,3,Départementale,50.0,1
202400052030,2024-10-25,après-midi,,,77,77058,1,1,1,4,3,Départementale,50.0,1
202400052031,2024-06-09,soirée,,,29,29232,1,1,7,4,4,Voie communale,50.0,1
202400052032,2024-08-16,matin,,,66,66017,1,1,3,3,4,Voie communale,50.0,1
202400052033,2024-07-10,après-midi,,,2B,2B033,1,1,2,4,2,Nationale,50.0,1
202400052034,2024-02-13,après-midi,,,56,56121,1,1,3,4,4,Voie communale,30.0,1
202400052035,2024-05-03,soirée,,,94,94080,1,1,3,4,4,Voie communale,30.0,1
202400052036,2024-12-02,après-midi,,,27,27112,2,1,2,3,3,Départementale,80.0,1
202400052037,2024-03-27,après-midi,,,93,93014,1,1,2,4,4,Voie communale,50.0,1
202400052038,2024-09-21,nuit,,,972,97222,2,1,6,3,3,Départementale,50.0,1
202400052039,2024-10-25,nuit,,,76,76157,3,1,6,3,7,Autre,50.0,2
202400052040,2024-06-09,nuit,,,22,22278,4,1,3,4,4,Voie communale,30.0,1
202400052041,2024-07-11,matin,,,2A,2A004,1,1,3,4,2,Nationale,50.0,1
202400052042,2024-12-02,soirée,,,23,23106,1,2,3,4,3,Départementale,90.0,2
202400052043,2024-08-17,nuit,,,26,26058,3,1,2,4,1,Autoroute,90.0,1
202400052044,2024-09-21,soirée,,,38,38368,1,1,7,3,3,Départementale,80.0,1
202400052045,2024-05-03,après-midi,,,94,94052,1,1,4,4,3,Départementale,50.0,1
202400052046,2024-03-27,après-midi,,,93,93073,1,1,6,4,3,Départementale,30.0,1
202400052047,2024-02-13,matin,,,54,54482,1,1,6,4,4,Voie communale,30.0,1
202400052048,2024-06-09,soirée,,,19,19031,1,1,1,4,4,Voie communale,50.0,1
202400052049,2024-12-02,matin,,,87,87090,1,2,6,3,3,Départementale,80.0,2
202400052050,2024-10-24,après-midi,,,76,76351,1,1,3,4,4,Voie communale,50.0,1
202400052051,2024-08-16,nuit,,,71,71526,3,1,7,4,3,Départementale,70.0,1
202400052052,2024-07-11,après-midi,,,95,95585,1,1,6,4,4,Voie communale,30.0,1
202400052053,2024-03-26,nuit,,,92,92075,5,1,6,4,3,Départementale,50.0,1
202400052054,2024-09-22,nuit,,,62,62647,3,1,6,3,3,Départementale,50.0,1
202400052055,2024-02-13,soirée,,,51,51454,5,2,3,4,4,Voie communale,50.0,2
202400052056,2024-08-16,après-midi,,,73,73114,1,1,1,3,3,Départementale,80.0,1
202400052057,2024-12-02,après-midi,,,06,06084,5,1,3,4,3,Départementale,30.0,1
202400052058,2024-03-27,soirée,,,92,92040,1,1,6,2,3,Départementale,50.0,1
202400052059,2024-10-24,après-midi,,,76,76351,1,1,7,4,4,Voie communale,50.0,1
202400052060,2024-05-03,après-midi,,,94,94016,1,1,3,4,3,Départementale,50.0,1
202400052061,2024-07-11,soirée,,,91,91021,1,1,6,4,4,Voie communale,30.0,1
202400052062,2024-06-09,nuit,,,18,18279,3,1,1,4,3,Départementale,50.0,1
202400052063,2024-09-19,soirée,,,83,83031,1,1,3,4,4,Voie communale,30.0,1
202400052064,2024-02-13,après-midi,,,49,49007,1,1,3,4,4,Voie communale,50.0,1
202400052065,2024-10-25,après-midi,,,72,72181,1,2,6,4,4,Voie communale,90.0,2
202400052066,2024-03-27,nuit,,,92,92004,5,1,6,4,4,Voie communale,30.0,1
202400052067,2024-08-16,après-midi,,,38,38068,1,1,1,4,7,Autre,80.0,1
202400052068,2024-06-09,nuit,,,17,17300,5,1,2,4,3,Départementale,70.0,1
202400052069,2024-12-02,après-midi,,,91,91198,1,7,3,4,3,Départementale,80.0,1
202400052070,2024-08-16,nuit,,,07,07142,3,2,6,4,2,Nationale,90.0,2
202400052071,2024-07-11,soirée,,,91,91286,1,1,3,4,4,Voie communale,50.0,1
202400052072,2024-10-24,nuit,,,72,72181,5,1,6,4,4,Voie communale,30.0,1
202400052073,2024-09-22,après-midi,,,56,56219,1,1,2,4,2,Nationale,110.0,1
202400052074,2024-03-28,matin,,,69,69279,1,1,1,4,4,Voie communale,50.0,1
202400052075,2024-12-03,matin,,,67,67117,1,8,7,4,1,Autoroute,110.0,1
202400052076,2024-06-09,nuit,,,13,13207,5,1,3,3,4,Voie communale,50.0,1
202400052077,2024-08-16,après-midi,,,01,01049,1,1,6,3,3,Départementale,50.0,1
202400052078,2024-02-14,après-midi,,,47,47001,1,1,1,4,3,Départementale,50.0,1
202400052079,2024-10-23,après-midi,,,72,72181,1,1,6,4,4,Voie communale,50.0,1
202400052080,2024-07-11,nuit,,,88,88424,5,1,6,3,3,Départementale,50.0,1
202400052081,2024-09-20,après-midi,,,56,56126,1,1,3,3,3,Départementale,50.0,1
202400052082,2024-03-27,soirée,,,974,97404,3,1,2,3,3,Départementale,50.0,1
202400052083,2024-02-13,matin,,,41,41018,1,5,2,4,3,Départementale,70.0,1
202400052084,2024-06-09,nuit,,,13,13004,3,1,7,4,3,Départementale,80.0,1
202400052085,2024-08-14,nuit,,,09,09316,3,2,1,4,3,Départementale,80.0,2
202400052086,2024-12-03,après-midi,,,13,13114,1,6,2,3,1,Autoroute,130.0,1
202400052087,2024-09-22,après-midi,,,69,69012,1,3,3,4,3,Départementale,80.0,2
202400052088,2024-07-11,soirée,,,88,88413,5,1,3,4,4,Voie communale,30.0,1
202400052089,2024-06-09,soirée,,,06,06088,1,1,6,4,4,Voie communale,50.0,1
202400052090,2024-03-28,matin,,,972,97206,1,1,6,4,3,Départementale,50.0,1
202400052091,2024-02-14,soirée,,,37,37261,5,1,3,4,4,Voie communale,50.0,1
202400052092,2024-08-16,soirée,,,17,17337,1,1,6,2,3,Départementale,30.0,1
202400052093,2024-10-23,après-midi,,,72,72181,1,1,6,4,4,Voie communale,50.0,1
202400052094,2024-07-11,après-midi,,,87,87048,1,1,7,3,4,Voie communale,50.0,1
202400052095,2024-09-21,soirée,,,89,89137,3,1,7,3,4,Voie communale,50.0,1
202400052096,2024-12-03,après-midi,,,78,78349,1,8,1,4,1,Autoroute,130.0,1
202400052097,2024-08-16,après-midi,,,49,49023,1,1,7,4,3,Départementale,80.0,1
202400052098,2024-03-27,soirée,,,59,59252,5,1,7,3,4,Voie communale,50.0,1
202400052099,2024-06-08,nuit,,,04,04070,4,1,6,4,3,Départementale,50.0,1
202400052100,2024-02-14,nuit,,,33,33063,5,1,6,3,4,Voie communale,30.0,1
202400052101,2024-09-22,matin,,,63,63453,3,1,6,4,3,Départementale,50.0,1
202400052102,2024-07-11,matin,,,86,86194,1,8,6,4,4,Voie communale,30.0,1
202400052103,2024-12-03,soirée,,,66,66230,3,1,6,4,3,Départementale,80.0,1
202400052104,2024-10-24,nuit,,,69,69259,2,1,3,4,4,Voie communale,50.0,1
202400052105,2024-06-07,après-midi,,,01,01283,1,1,6,4,6,Autre,30.0,1
202400052106,2024-08-16,après-midi,,,29,29057,1,2,1,3,3,Départementale,50.0,2
202400052107,2024-09-20,après-midi,,,61,61476,1,1,3,3,3,Départementale,90.0,1
202400052108,2024-02-14,soirée,,,33,33192,5,1,6,4,4,Voie communale,50.0,1
202400052109,2024-12-02,après-midi,,,83,83119,5,1,7,3,4,Voie communale,50.0,1
202400052110,2024-07-08,matin,,,84,84080,1,1,3,4,3,Départementale,80.0,1
202400052111,2024-03-28,matin,,,34,34270,1,1,4,4,7,Autre,50.0,1
202400052112,2024-10-23,après-midi,,,67,67482,1,1,6,4,4,Voie communale,50.0,1
202400052113,2024-08-17,après-midi,,,22,22068,1,1,6,2,3,Départementale,70.0,1
202400052114,2024-06-09,après-midi,,,75,75112,1,1,2,4,4,Voie communale,70.0,1
202400052115,2024-09-22,nuit,,,12,12047,3,1,7,3,3,Départementale,90.0,1
202400052116,2024-12-02,après-midi,,,13,13085,1,1,3,3,3,Départementale,80.0,1
202400052117,2024-03-28,matin,,,56,56061,1,2,6,2,3,Départementale,80.0,2
202400052118,2024-10-21,après-midi,,,67,67482,1,1,3,3,4,Voie communale,50.0,1
202400052119,2024-07-11,nuit,,,81,81065,3,2,1,4,3,Départementale,50.0,2
202400052120,2024-02-14,soirée,,,33,33063,5,1,2,4,4,Voie communale,50.0,1
202400052121,2024-09-21,soirée,,,34,34300,5,1,3,4,3,Départementale,,1
202400052122,2024-06-07,après-midi,,,75,75120,1,1,2,4,4,Voie communale,70.0,1
202400052123,2024-03-28,nuit,,,76,76009,3,1,6,3,3,Départementale,80.0,2
202400052124,2024-08-15,nuit,,,59,59256,3,1,2,4,1,Autoroute,130.0,1
202400052125,2024-11-30,après-midi,,,42,42022,1,1,5,4,4,Voie communale,50.0,1
202400052126,2024-07-11,matin,,,79,79329,1,1,2,4,3,Départementale,50.0,1
202400052127,2024-10-25,après-midi,,,64,64445,2,2,2,4,4,Voie communale,50.0,2
202400052128,2024-02-12,après-midi,,,33,33065,1,8,6,4,4,Voie communale,50.0,2
202400052129,2024-09-20,soirée,,,68,68120,1,1,3,4,3,Départementale,50.0,1
202400052130,2024-06-07,soirée,,,75,75119,1,7,6,2,4,Voie communale,30.0,1
202400052131,2024-12-02,après-midi,,,26,26038,3,2,6,2,3,Départementale,80.0,2
202400052132,2024-03-27,après-midi,,,79,79174,1,1,3,3,4,Voie communale,50.0,1
202400052133,2024-08-16,soirée,,,94,94043,2,1,2,4,1,Autoroute,70.0,1
202400052134,2024-10-25,matin,,,64,64445,1,2,6,4,4,Voie communale,50.0,2
202400052135,2024-02-14,soirée,,,31,31555,5,1,1,4,4,Voie communale,30.0,1
202400052136,2024-07-10,matin,,,78,78517,1,1,3,3,3,Départementale,30.0,1
202400052137,2024-03-27,soirée,,,39,39547,3,1,7,3,3,Départementale,90.0,1
202400052138,2024-08-16,nuit,,,94,94038,2,1,3,4,1,Autoroute,90.0,1
202400052139,2024-12-03,nuit,,,69,69031,3,2,6,3,3,Départementale,,2
202400052140,2024-10-24,après-midi,,,64,64024,1,1,6,3,4,Voie communale,30.0,1
202400052141,2024-09-22,après-midi,,,44,44063,1,1,1,4,3,Départementale,80.0,1
202400052142,2024-06-09,après-midi,,,75,75115,1,1,2,4,4,Voie communale,30.0,1
202400052143,2024-03-25,soirée,,,29,29105,2,2,3,4,4,Voie communale,50.0,2
202400052144,2024-08-16,après-midi,,,95,95256,1,1,3,4,2,Nationale,90.0,1
202400052145,2024-12-03,après-midi,,,81,81311,1,1,2,2,3,Départementale,90.0,2
202400052146,2024-09-19,après-midi,,,31,31160,1,1,5,3,2,Nationale,80.0,1
202400052147,2024-06-09,soirée,,,75,75113,1,1,2,4,4,Voie communale,50.0,1
202400052148,2024-10-24,après-midi,,,64,64024,1,1,4,4,4,Voie communale,50.0,1
202400052149,2024-03-25,nuit,,,38,38399,5,1,6,3,3,Départementale,50.0,1
202400052150,2024-08-16,nuit,,,77,77438,3,1,2,4,1,Autoroute,50.0,1
202400052151,2024-07-11,après-midi,,,77,77215,1,1,6,4,4,Voie communale,30.0,1
202400052152,2024-12-02,soirée,,,86,86026,3,1,2,3,3,Départementale,90.0,1
202400052153,2024-02-13,après-midi,,,14,14366,1,1,3,4,4,Voie communale,50.0,1
202400052154,2024-09-21,soirée,,,31,31066,1,2,5,4,3,Départementale,80.0,2
202400052155,2024-11-26,matin,,,33,33165,3,1,7,3,3,Départementale,70.0,2
202400052156,2024-06-09,après-midi,,,75,75108,1,1,6,4,4,Voie communale,30.0,1
202400052157,2024-10-25,soirée,,,62,62051,3,1,3,4,3,Départementale,80.0,1
202400052158,2024-03-28,nuit,,,02,02419,2,2,3,3,3,Départementale,70.0,2
202400052159,2024-07-11,matin,,,76,76026,1,1,4,4,3,Départementale,50.0,1
202400052160,2024-09-21,nuit,,,03,03254,3,1,7,4,3,Départementale,90.0,1
202400052161,2024-02-13,soirée,,,14,14101,5,2,3,4,4,Voie communale,30.0,2
202400052162,2024-06-09,après-midi,,,75,75107,1,1,1,3,4,Voie communale,30.0,1
202400052163,2024-06-05,nuit,,,42,42218,5,1,3,4,4,Voie communale,50.0,1
202400052164,2024-03-27,soirée,,,02,02601,1,1,1,4,3,Départementale,80.0,1
202400052165,2024-07-11,après-midi,,,73,73011,1,8,2,3,2,Nationale,90.0,1
202400052166,2024-10-25,soirée,,,61,61117,1,2,3,4,3,Départementale,80.0,2
202400052167,2024-02-11,après-midi,,,13,13108,2,1,1,3,4,Voie communale,50.0,1
202400052168,2024-09-21,matin,,,54,54102,1,5,1,3,3,Départementale,80.0,1
202400052169,2024-06-09,nuit,,,75,75104,5,1,6,4,4,Voie communale,30.0,1
202400052170,2024-08-15,nuit,,,987,98736,5,1,7,4,2,Nationale,60.0,1
202400052171,2024-03-26,après-midi,,,14,14371,1,2,6,3,4,Voie communale,80.0,2
202400052172,2024-02-14,soirée,,,13,13213,5,1,1,4,4,Voie communale,50.0,1
202400052173,2024-10-22,nuit,,,60,60159,5,1,1,3,4,Voie communale,30.0,1
202400052174,2024-09-20,après-midi,,,14,14194,1,1,6,4,3,Départementale,30.0,1
202400052175,2024-07-10,après-midi,,,72,72181,1,1,3,4,4,Voie communale,50.0,1
202400052176,2024-06-09,soirée,,,75,75103,1,1,7,3,4,Voie communale,30.0,1
202400052177,2024-08-15,soirée,,,974,97407,5,1,6,4,4,Voie communale,50.0,1
202400052178,2024-12-03,matin,,,60,60212,3,1,1,4,3,Départementale,80.0,2
202400052179,2024-03-19,soirée,,,09,09264,1,7,1,3,3,Départementale,50.0,1
202400052180,2024-09-21,soirée,,,05,05009,2,1,7,4,2,Nationale,80.0,1
202400052181,2024-08-15,après-midi,,,974,97407,1,1,6,4,4,Voie communale,50.0,1
202400052182,2024-12-03,nuit,,,60,60517,3,1,6,4,3,Départementale,90.0,2
202400052183,2024-02-14,soirée,,,13,13207,5,1,1,4,4,Voie communale,50.0,1
202400052184,2024-07-11,soirée,,,69,69282,1,1,1,4,4,Voie communale,50.0,1
202400052185,2024-09-22,nuit,,,50,50487,3,1,6,4,4,Voie communale,80.0,2
202400052186,2024-08-14,matin,,,973,97302,1,1,3,4,3,Départementale,50.0,1
202400052187,2024-10-25,matin,,,60,60057,1,1,4,4,4,Voie communale,50.0,1
202400052188,2024-06-09,matin,,,75,75104,1,1,3,4,4,Voie communale,30.0,1
202400052189,2024-11-29,nuit,,,80,80571,3,9,6,3,3,Départementale,80.0,7
202400052190,2024-09-22,après-midi,,,45,45138,1,3,6,2,3,Départementale,80.0,2
202400052191,2024-08-14,nuit,,,973,97302,3,1,7,4,3,Départementale,50.0,1
202400052192,2024-02-14,soirée,,,13,13213,5,1,3,4,4,Voie communale,50.0,1
202400052193,2024-07-11,soirée,,,69,69266,1,3,6,4,4,Voie communale,50.0,2
202400052194,2024-12-02,soirée,,,80,80799,3,2,3,3,3,Départementale,80.0,2
202400052195,2024-02-15,nuit,,,10,10333,5,1,6,3,4,Voie communale,50.0,1
202400052196,2024-10-25,soirée,,,57,57630,2,1,3,3,3,Départementale,50.0,1
202400052197,2024-07-11,après-midi,,,67,67482,1,1,6,4,4,Voie communale,20.0,9
202400052198,2024-08-15,soirée,,,69,69387,1,1,3,4,4,Voie communale,30.0,1
202400052199,2024-09-22,matin,,,53,53262,3,8,6,4,3,Départementale,50.0,2
202400052200,2024-12-03,matin,,,62,62361,1,1,6,3,3,Départementale,50.0,1
202400052201,2024-06-09,matin,,,94,94081,1,1,3,4,3,Départementale,50.0,1
202400052202,2024-02-13,soirée,,,06,06069,5,1,6,4,3,Départementale,50.0,1
202400052203,2024-10-25,matin,,,57,57480,1,1,3,3,4,Voie communale,50.0,1
202400052204,2024-08-14,après-midi,,,972,97209,1,1,3,4,2,Nationale,50.0,1
202400052205,2024-12-02,matin,,,83,83090,1,1,6,4,1,Autoroute,110.0,1
202400052206,2024-09-22,nuit,,,85,85108,3,5,6,2,3,Départementale,80.0,2
202400052207,2024-07-10,après-midi,,,64,64260,1,1,3,3,3,Départementale,50.0,1
202400052208,2024-02-12,après-midi,,,06,06027,1,1,3,4,7,Autre,50.0,1
202400052209,2024-08-16,nuit,,,69,69389,5,1,6,4,4,Voie communale,30.0,1
202400052210,2024-12-02,après-midi,,,33,33550,1,2,2,4,1,Autoroute,90.0,2
202400052211,2024-09-21,après-midi,,,27,27045,1,1,3,4,3,Départementale,70.0,1
202400052212,2024-07-11,après-midi,,,64,64129,1,1,7,4,4,Voie communale,50.0,1
202400052213,2024-06-08,soirée,,,94,94074,1,1,2,4,2,Nationale,50.0,1
202400052214,2024-09-19,matin,,,27,27372,3,1,7,2,4,Voie communale,80.0,1
202400052215,2024-02-14,après-midi,,,75,75112,1,8,7,4,4,Voie communale,70.0,1