Num_Acc,date,time_of_day,lat,long,dep,com,lum,atm,col,severity_index,catr,catr_label,vma,surf
202400052216,2024-10-25,après-midi,,,54,54526,1,1,3,4,4,Voie communale,30.0,1
202400052217,2024-08-15,matin,,,2A,2A004,1,1,3,4,4,Voie communale,50.0,1
202400052218,2024-11-30,matin,,,59,59532,1,1,6,4,1,Autoroute,130.0,1
202400052219,2024-07-11,matin,,,64,64445,1,1,3,4,4,Voie communale,50.0,1
202400052220,2024-06-09,soirée,,,93,93066,1,1,3,4,3,Départementale,50.0,1
202400052221,2024-10-25,après-midi,,,54,54184,1,1,6,4,4,Voie communale,30.0,1
202400052222,2024-02-14,soirée,,,75,75120,4,1,6,4,4,Voie communale,30.0,9
202400052223,2024-12-02,après-midi,,,94,94043,1,1,3,4,1,Autoroute,70.0,1
202400052224,2024-09-19,matin,,,27,27109,1,1,4,4,3,Départementale,80.0,1
202400052225,2024-06-09,nuit,,,92,92012,5,1,7,4,4,Voie communale,30.0,1
202400052226,2024-08-15,soirée,,,95,95680,1,1,3,2,3,Départementale,80.0,1
202400052227,2024-07-10,après-midi,,,64,64445,1,1,2,4,4,Voie communale,30.0,1
202400052228,2024-10-24,soirée,,,54,54395,3,1,6,3,4,Voie communale,15.0,1
202400052229,2024-02-14,soirée,,,75,75111,5,1,2,4,4,Voie communale,30.0,1
202400052230,2024-06-09,nuit,,,92,92007,5,1,7,4,4,Voie communale,30.0,1
202400052231,2024-07-11,soirée,,,64,64125,1,1,3,3,3,Départementale,30.0,1
202400052232,2024-10-25,après-midi,,,51,51454,1,1,3,4,4,Voie communale,50.0,1
202400052233,2024-02-14,matin,,,75,75110,1,9,7,4,4,Voie communale,30.0,2
202400052234,2024-12-01,après-midi,,,92,92050,2,1,4,4,1,Autoroute,70.0,1
202400052235,2024-08-15,après-midi,,,84,84007,1,1,3,4,2,Nationale,50.0,1
202400052236,2024-06-09,après-midi,,,92,92009,1,1,6,4,3,Départementale,50.0,1
202400052237,2024-09-21,après-midi,,,973,97307,1,7,3,2,4,Voie communale,50.0,1
202400052238,2024-07-10,soirée,,,64,64125,1,1,3,3,3,Départementale,50.0,1
202400052239,2024-10-25,après-midi,,,51,51573,1,1,2,4,4,Voie communale,50.0,1
202400052240,2024-02-13,soirée,,,75,75104,2,2,6,4,4,Voie communale,20.0,2
202400052241,2024-11-30,soirée,,,95,95256,3,1,2,4,2,Nationale,90.0,1
202400052242,2024-09-21,soirée,,,978,97801,1,1,1,3,2,Nationale,50.0,1
202400052243,2024-06-08,nuit,,,974,97415,3,1,6,2,2,Nationale,90.0,1
202400052244,2024-08-14,après-midi,,,80,80001,1,7,3,3,3,Départementale,30.0,1
202400052245,2024-07-11,matin,,,63,63164,1,1,2,4,7,Autre,80.0,1
202400052246,2024-09-21,nuit,,,73,73179,3,1,6,4,1,Autoroute,110.0,1
202400052247,2024-12-01,nuit,,,94,94074,3,1,6,4,2,Nationale,90.0,1
202400052248,2024-02-14,après-midi,,,94,94078,1,1,2,4,2,Nationale,,1
202400052249,2024-06-04,matin,,,2A,2A189,1,1,7,3,3,Départementale,80.0,1
202400052250,2024-10-25,matin,,,51,51454,1,1,3,4,4,Voie communale,50.0,1
202400052251,2024-08-15,après-midi,,,78,78551,1,1,3,4,2,Nationale,80.0,1
202400052252,2024-09-20,matin,,,971,97103,1,1,3,4,2,Nationale,50.0,1
202400052253,2024-07-06,soirée,,,62,62510,1,1,3,4,4,Voie communale,50.0,1
202400052254,2024-02-13,nuit,,,94,94068,5,2,1,4,3,Départementale,30.0,2
202400052255,2024-10-25,matin,,,49,49007,5,1,6,4,4,Voie communale,50.0,1
202400052256,2024-06-10,après-midi,,,24,24108,1,1,1,4,3,Départementale,80.0,1
202400052257,2024-08-08,après-midi,,,73,73297,1,1,3,4,3,Départementale,,1
202400052258,2024-08-15,soirée,,,77,77390,1,1,6,4,4,Voie communale,30.0,1
202400052259,2024-09-22,nuit,,,13,13110,3,1,6,3,1,Autoroute,130.0,1
202400052260,2024-11-30,après-midi,,,988,98818,1,1,6,2,4,Voie communale,50.0,1
202400052261,2024-07-11,matin,,,62,62178,1,7,3,4,3,Départementale,50.0,1
202400052262,2024-10-25,matin,,,49,49007,2,2,3,4,4,Voie communale,50.0,2
202400052263,2024-08-30,après-midi,,,60,60138,1,2,2,3,1,Autoroute,130.0,2
202400052264,2024-12-01,après-midi,,,974,97411,1,1,6,4,2,Nationale,90.0,1
202400052265,2024-06-06,après-midi,,,43,43038,1,1,4,4,2,Nationale,80.0,1
202400052266,2024-07-10,après-midi,,,59,59599,1,1,6,4,4,Voie communale,50.0,1
202400052267,2024-06-08,nuit,,,76,76235,3,1,6,3,3,Départementale,50.0,1
202400052268,2024-10-24,soirée,,,49,49007,5,1,3,4,4,Voie communale,50.0,1
202400052269,2024-12-01,matin,,,973,97302,1,1,3,4,4,Voie communale,50.0,1
202400052270,2024-09-21,soirée,,,973,97304,3,1,1,3,2,Nationale,80.0,1
202400052271,2024-08-15,après-midi,,,77,77186,1,1,3,4,3,Départementale,50.0,1
202400052272,2024-06-10,nuit,,,23,23128,2,5,6,2,4,Voie communale,90.0,1
202400052273,2024-07-11,après-midi,,,59,59017,1,1,6,3,4,Voie communale,30.0,1
202400052274,2024-10-24,matin,,,49,49246,1,7,6,4,4,Voie communale,50.0,1
202400052275,2024-09-22,matin,,,972,97230,1,1,1,3,2,Nationale,70.0,1
202400052276,2024-12-01,après-midi,,,69,69387,1,1,3,4,4,Voie communale,30.0,1
202400052277,2024-08-15,matin,,,76,76457,1,7,1,3,7,Autre,70.0,1
202400052278,2024-06-10,après-midi,,,54,54212,1,1,1,4,4,Voie communale,80.0,1
202400052279,2024-07-11,matin,,,59,59043,1,1,2,3,4,Voie communale,50.0,1
202400052280,2024-10-25,matin,,,44,44184,2,2,6,3,4,Voie communale,50.0,2
202400052281,2024-09-21,soirée,,,30,30042,3,1,6,4,3,Départementale,80.0,1
202400052282,2024-08-15,matin,,,71,71270,1,1,1,4,4,Voie communale,50.0,1
202400052283,2024-06-09,matin,,,54,54138,1,1,6,4,3,Départementale,50.0,1
202400052284,2024-12-01,soirée,,,95,95277,3,1,2,4,3,Départementale,90.0,1
202400052285,2024-07-11,matin,,,59,59317,1,1,6,3,4,Voie communale,20.0,1
202400052286,2024-09-22,nuit,,,06,06028,3,1,7,4,9,Autre,,1
202400052287,2024-08-15,matin,,,69,69259,2,1,6,4,7,Autre,50.0,1
202400052288,2024-10-25,après-midi,,,37,37261,1,2,3,4,4,Voie communale,50.0,2
202400052289,2024-12-01,matin,,,91,91552,5,1,5,4,3,Départementale,70.0,2
202400052290,2024-09-21,après-midi,,,67,67120,1,1,3,3,3,Départementale,80.0,1
202400052291,2024-08-15,soirée,,,67,67482,1,1,3,4,4,Voie communale,50.0,1
202400052292,2024-07-11,nuit,,,56,56121,3,2,3,4,4,Voie communale,50.0,2
202400052293,2024-10-25,après-midi,,,37,37233,1,1,3,3,4,Voie communale,50.0,1
202400052294,2024-08-15,après-midi,,,67,67482,1,1,6,4,4,Voie communale,30.0,1
202400052295,2024-11-30,après-midi,,,91,91432,1,1,2,4,3,Départementale,50.0,1
202400052296,2024-05-31,soirée,,,06,06026,2,1,6,3,3,Départementale,50.0,1
202400052297,2024-09-22,soirée,,,38,38464,5,3,3,4,3,Départementale,50.0,2
202400052298,2024-08-14,matin,,,67,67180,1,7,7,2,3,Départementale,80.0,1
202400052299,2024-11-30,après-midi,,,86,86066,1,1,3,4,3,Départementale,30.0,1
202400052300,2024-07-10,matin,,,56,56098,1,1,3,4,3,Départementale,50.0,1
202400052301,2024-08-15,soirée,,,64,64335,3,1,7,3,3,Départementale,50.0,1
202400052302,2024-09-18,soirée,,,69,69287,1,1,6,4,3,Départementale,50.0,1
202400052303,2024-10-25,soirée,,,35,35238,3,1,4,4,2,Nationale,90.0,1
202400052304,2024-06-06,après-midi,,,34,34270,1,1,3,4,7,Autre,50.0,1
202400052305,2024-08-15,nuit,,,63,63113,5,1,6,4,4,Voie communale,30.0,1
202400052306,2024-09-20,après-midi,,,81,81104,1,1,1,4,3,Départementale,90.0,1
202400052307,2024-07-10,matin,,,56,56098,1,1,4,4,2,Nationale,90.0,1
202400052308,2024-10-25,après-midi,,,35,35238,1,1,7,4,4,Voie communale,30.0,1
202400052309,2024-05-09,nuit,,,56,56030,3,1,6,4,3,Départementale,80.0,1
202400052310,2024-12-01,soirée,,,84,84132,3,1,5,4,3,Départementale,80.0,1
202400052311,2024-09-20,après-midi,,,40,40184,1,1,3,3,3,Départementale,80.0,1
202400052312,2024-07-10,matin,,,53,53130,1,1,6,3,3,Départementale,70.0,1
202400052313,2024-10-25,soirée,,,34,34172,5,8,3,4,4,Voie communale,30.0,2
202400052314,2024-06-06,matin,,,79,79197,2,7,3,3,3,Départementale,80.0,1
202400052315,2024-08-15,soirée,,,47,47001,1,1,1,3,4,Voie communale,30.0,1
202400052316,2024-12-02,nuit,,,83,83061,5,1,6,3,4,Voie communale,50.0,1
202400052317,2024-07-11,après-midi,,,51,51454,1,1,7,3,4,Voie communale,50.0,1
202400052318,2024-08-15,soirée,,,37,37261,1,1,6,4,4,Voie communale,50.0,1
202400052319,2024-06-09,soirée,,,79,79062,1,1,7,3,3,Départementale,80.0,1
202400052320,2024-12-01,nuit,,,81,81065,3,1,6,2,3,Départementale,80.0,1
202400052321,2024-09-22,après-midi,,,40,40244,1,1,5,3,3,Départementale,80.0,1
202400052322,2024-10-24,nuit,,,34,34172,5,1,3,4,7,Autre,50.0,2
202400052323,2024-08-15,matin,,,37,37261,1,1,2,4,4,Voie communale,50.0,1
202400052324,2024-06-09,après-midi,,,79,79061,1,1,7,3,3,Départementale,90.0,1
202400052325,2024-12-01,après-midi,,,78,78551,1,1,3,4,4,Voie communale,,1
202400052326,2024-07-11,nuit,,,51,51230,5,1,6,4,4,Voie communale,50.0,2
202400052327,2024-09-18,après-midi,,,33,33498,1,1,6,3,3,Départementale,50.0,1
202400052328,2024-10-25,nuit,,,33,33063,5,8,3,4,4,Voie communale,50.0,2
202400052329,2024-08-14,après-midi,,,34,34172,1,1,3,4,4,Voie communale,50.0,1
202400052330,2024-12-01,après-midi,,,77,77251,1,1,7,3,4,Voie communale,50.0,1
202400052331,2024-09-21,après-midi,,,85,85113,1,1,7,3,3,Départementale,60.0,1
202400052332,2024-06-10,matin,,,79,79216,1,7,3,4,3,Départementale,50.0,1
202400052333,2024-07-10,après-midi,,,46,46042,1,1,1,3,4,Voie communale,50.0,1
202400052334,2024-08-15,soirée,,,33,33063,1,1,6,4,4,Voie communale,50.0,9
202400052335,2024-06-10,soirée,,,33,33316,1,1,6,3,3,Départementale,80.0,1
202400052336,2024-10-24,matin,,,33,33119,1,1,6,4,4,Voie communale,30.0,1
202400052337,2024-09-13,nuit,,,22,22175,4,1,2,3,3,Départementale,80.0,1
202400052338,2024-12-01,soirée,,,76,76216,2,1,3,4,4,Voie communale,30.0,1
202400052339,2024-07-11,matin,,,45,45234,1,1,3,4,7,Autre,50.0,1
202400052340,2024-08-15,nuit,,,33,33069,3,1,3,3,4,Voie communale,50.0,1
202400052341,2024-10-25,matin,,,33,33529,1,2,3,4,4,Voie communale,50.0,2
202400052342,2024-12-01,après-midi,,,76,76108,1,8,3,3,4,Voie communale,50.0,1
202400052343,2024-06-07,après-midi,,,81,81202,1,1,5,4,3,Départementale,80.0,1
202400052344,2024-07-10,soirée,,,44,44184,1,1,3,3,4,Voie communale,50.0,1
202400052345,2024-08-15,après-midi,,,31,31555,1,1,3,4,4,Voie communale,50.0,1
202400052346,2024-09-21,après-midi,,,80,80039,1,1,3,3,3,Départementale,80.0,1
202400052347,2024-07-07,après-midi,,,42,42207,1,1,6,4,4,Voie communale,,1
202400052348,2024-10-26,nuit,,,31,31555,5,8,4,4,1,Autoroute,90.0,2
202400052349,2024-06-09,matin,,,49,49215,1,7,2,3,4,Voie communale,50.0,1
202400052350,2024-09-22,matin,,,59,59449,2,1,1,4,3,Départementale,80.0,1
202400052351,2024-08-15,soirée,,,28,28085,1,1,3,3,6,Autre,15.0,1
202400052352,2024-11-29,après-midi,,,76,76565,1,1,4,4,3,Départementale,80.0,1
202400052353,2024-07-11,après-midi,,,38,38185,1,1,3,4,4,Voie communale,30.0,1
202400052354,2024-12-01,après-midi,,,67,67180,1,1,7,3,3,Départementale,50.0,1
202400052355,2024-09-22,matin,,,59,59638,1,1,3,3,3,Départementale,50.0,1
202400052356,2024-10-25,nuit,,,30,30007,5,2,7,3,4,Voie communale,50.0,2
202400052357,2024-08-15,après-midi,,,22,22278,1,1,2,4,2,Nationale,110.0,1
202400052358,2024-09-21,soirée,,,59,59268,1,1,3,3,3,Départementale,50.0,1
202400052359,2024-07-11,après-midi,,,37,37261,1,1,3,4,4,Voie communale,50.0,1
202400052360,2024-06-10,matin,,,46,46276,1,1,3,4,3,Départementale,80.0,1
202400052361,2024-12-01,après-midi,,,66,66136,1,1,4,4,4,Voie communale,50.0,1
202400052362,2024-08-15,matin,,,14,14366,1,1,7,2,4,Voie communale,50.0,1
202400052363,2024-07-10,après-midi,,,37,37261,1,1,6,4,4,Voie communale,50.0,1
202400052364,2024-10-24,après-midi,,,29,29019,1,1,3,4,4,Voie communale,50.0,1
202400052365,2024-09-20,après-midi,,,13,13212,1,1,3,4,1,Autoroute,70.0,1
202400052366,2024-06-09,soirée,,,46,46007,1,1,6,3,3,Départementale,80.0,1
202400052367,2024-08-15,nuit,,,13,13071,3,2,6,4,3,Départementale,70.0,2
202400052368,2024-12-01,nuit,,,66,66136,5,1,3,3,4,Voie communale,50.0,1
202400052369,2024-10-24,soirée,,,27,27229,5,1,6,4,4,Voie communale,50.0,1
202400052370,2024-09-21,matin,,,91,91161,3,2,3,4,1,Autoroute,110.0,2
202400052371,2024-08-15,nuit,,,13,13211,5,1,7,3,4,Voie communale,30.0,1
202400052372,2024-06-10,après-midi,,,38,38134,1,1,1,4,4,Voie communale,80.0,1
202400052373,2024-07-11,matin,,,35,35238,1,1,3,4,4,Voie communale,30.0,1
202400052374,2024-12-01,soirée,,,65,65331,5,1,6,4,4,Voie communale,50.0,1
202400052375,2024-10-24,matin,,,27,27229,1,1,6,4,4,Voie communale,50.0,1
202400052376,2024-09-20,soirée,,,92,92036,3,8,2,4,1,Autoroute,90.0,2
202400052377,2024-08-14,après-midi,,,13,13005,1,1,3,4,3,Départementale,50.0,1
202400052378,2024-10-25,soirée,,,16,16015,3,2,1,4,4,Voie communale,50.0,2
202400052379,2024-07-11,après-midi,,,34,34108,1,1,2,3,3,Départementale,50.0,1
202400052380,2024-09-20,après-midi,,,93,93027,1,1,4,4,1,Autoroute,90.0,1
202400052381,2024-10-25,matin,,,15,15014,1,1,3,4,4,Voie communale,50.0,1
202400052382,2024-07-11,soirée,,,34,34129,2,1,1,3,7,Autre,70.0,1
202400052383,2024-09-21,nuit,,,93,93078,2,2,3,4,1,Autoroute,90.0,2
202400052384,2024-10-25,soirée,,,13,13039,5,1,1,4,4,Voie communale,50.0,1
202400052385,2024-09-21,nuit,,,95,95572,3,1,6,4,2,Nationale,70.0,2
202400052386,2024-07-11,après-midi,,,33,33063,1,1,1,4,4,Voie communale,50.0,1
202400052387,2024-09-21,nuit,,,93,93063,3,1,7,4,1,Autoroute,70.0,2
202400052388,2024-07-11,matin,,,33,33529,1,1,6,4,4,Voie communale,50.0,1
202400052389,2024-10-25,soirée,,,13,13056,5,1,6,4,3,Départementale,,1
202400052390,2024-09-21,nuit,,,94,94044,3,2,6,4,2,Nationale,90.0,2
202400052391,2024-12-01,nuit,,,62,62427,5,2,6,4,4,Voie communale,50.0,2
202400052392,2024-06-09,après-midi,,,54,54598,1,1,3,4,3,Départementale,50.0,1
202400052393,2024-07-11,après-midi,,,31,31483,1,1,6,4,3,Départementale,50.0,1
202400052394,2024-08-14,soirée,,,75,75112,5,1,2,4,4,Voie communale,70.0,1
202400052395,2024-11-30,après-midi,,,59,59426,1,1,3,4,7,Autre,50.0,1
202400052396,2024-07-21,nuit,,,57,57463,5,1,3,3,4,Voie communale,30.0,1
202400052397,2024-06-10,matin,,,06,06059,1,1,1,3,7,Autre,50.0,1
202400052398,2024-07-11,soirée,,,28,28134,1,1,6,4,4,Voie communale,30.0,1
202400052399,2024-08-14,matin,,,75,75112,1,1,4,4,4,Voie communale,70.0,1
202400052400,2024-10-24,nuit,,,13,13077,3,1,3,4,2,Nationale,50.0,2
202400052401,2024-12-01,soirée,,,59,59178,5,2,7,4,4,Voie communale,50.0,2
202400052402,2024-09-20,matin,,,973,97302,1,1,1,4,3,Départementale,50.0,1
202400052403,2024-08-14,après-midi,,,75,75101,1,1,3,4,4,Voie communale,30.0,1
202400052404,2024-06-09,soirée,,,14,14430,1,1,3,3,3,Départementale,80.0,1
202400052405,2024-10-25,matin,,,13,13214,2,1,1,4,9,Autre,50.0,1
202400052406,2024-07-11,matin,,,27,27562,1,1,2,4,4,Voie communale,50.0,1
202400052407,2024-09-20,soirée,,,69,69383,1,1,3,4,4,Voie communale,30.0,1
202400052408,2024-11-30,après-midi,,,56,56098,1,8,2,4,2,Nationale,70.0,1
202400052409,2024-06-09,après-midi,,,50,50603,1,1,6,3,3,Départementale,80.0,1
202400052410,2024-10-25,nuit,,,13,13205,5,1,2,4,3,Départementale,50.0,1
202400052411,2024-07-11,après-midi,,,19,19031,1,1,3,4,4,Voie communale,50.0,1
202400052412,2024-12-01,soirée,,,49,49246,5,1,7,4,3,Départementale,50.0,2
202400052413,2024-09-20,matin,,,972,97213,1,1,2,4,1,Autoroute,90.0,1
202400052414,2024-06-10,matin,,,50,50215,1,1,6,3,4,Voie communale,50.0,1
202400052415,2024-09-20,nuit,,,2B,2B120,3,1,1,4,3,Départementale,70.0,1
202400052416,2024-06-08,après-midi,,,90,90053,1,1,2,4,3,Départementale,50.0,1
202400052417,2024-10-25,matin,,,13,13001,1,1,3,4,3,Départementale,50.0,1
202400052418,2024-09-19,matin,,,91,91191,1,1,3,4,3,Départementale,30.0,1
202400052419,2024-12-01,après-midi,,,49,49246,1,1,6,3,4,Voie communale,90.0,1
202400052420,2024-10-22,soirée,,,12,12013,1,1,3,4,3,Départementale,90.0,1
202400052421,2024-09-19,soirée,,,87,87114,1,1,6,4,3,Départementale,70.0,9
202400052422,2024-06-09,après-midi,,,73,73270,1,1,5,4,3,Départementale,50.0,1
202400052423,2024-12-01,après-midi,,,47,47031,1,1,3,4,3,Départementale,50.0,1
202400052424,2024-09-19,après-midi,,,87,87085,1,1,6,3,4,Voie communale,30.0,1
202400052425,2024-06-10,après-midi,,,16,16073,1,1,7,3,3,Départementale,80.0,1
202400052426,2024-10-25,nuit,,,06,06069,5,9,2,4,4,Voie communale,50.0,2
202400052427,2024-12-01,soirée,,,37,37261,5,1,3,4,4,Voie communale,50.0,1
202400052428,2024-09-20,matin,,,84,84035,1,1,3,4,3,Départementale,30.0,1
202400052429,2024-06-09,matin,,,16,16362,1,1,5,4,3,Départementale,80.0,1
202400052430,2024-10-18,matin,,,03,03095,5,2,3,3,4,Voie communale,50.0,2
202400052431,2024-12-01,matin,,,37,37233,1,1,3,4,4,Voie communale,30.0,1
202400052432,2024-09-19,soirée,,,84,84007,3,1,3,4,4,Voie communale,50.0,1
202400052433,2024-06-09,après-midi,,,16,16101,1,1,7,3,4,Voie communale,50.0,9
202400052434,2024-10-25,soirée,,,75,75120,5,1,3,4,4,Voie communale,50.0,2
202400052435,2024-11-30,nuit,,,37,37122,5,5,7,4,4,Voie communale,50.0,2
202400052436,2024-09-19,après-midi,,,83,83129,1,1,6,4,4,Voie communale,50.0,1
202400052437,2024-06-09,soirée,,,04,04209,3,3,6,3,3,Départementale,80.0,2
202400052438,2024-10-25,après-midi,,,75,75119,1,1,3,4,4,Voie communale,30.0,1
202400052439,2024-09-20,matin,,,78,78423,1,1,6,4,4,Voie communale,50.0,1
202400052440,2024-06-10,soirée,,,04,04149,1,1,2,3,3,Départementale,90.0,1
202400052441,2024-10-25,matin,,,75,75117,1,1,7,4,4,Voie communale,30.0,1
202400052442,2024-09-19,nuit,,,77,77373,5,1,3,3,3,Départementale,70.0,1
202400052443,2024-11-30,soirée,,,37,37208,5,5,3,4,4,Voie communale,50.0,2
202400052444,2024-06-09,matin,,,85,85265,1,1,6,3,3,Départementale,80.0,1
202400052445,2024-10-25,soirée,,,75,75116,5,2,6,4,4,Voie communale,30.0,2
202400052446,2024-12-01,nuit,,,31,31555,5,1,3,4,7,Autre,50.0,1
202400052447,2024-11-30,après-midi,,,31,31555,1,1,5,4,4,Voie communale,30.0,1
202400052448,2024-12-01,nuit,,,29,29232,3,2,3,4,3,Départementale,70.0,2
202400052449,2024-09-20,matin,,,77,77132,1,1,6,4,3,Départementale,50.0,1
202400052450,2024-02-13,soirée,,,94,94028,5,2,6,3,4,Voie communale,,2
202400052451,2024-02-14,après-midi,,,94,94077,1,1,3,4,4,Voie communale,50.0,1
202400052452,2024-02-13,soirée,,,93,93063,5,2,6,4,3,Départementale,30.0,2
202400052453,2024-09-20,soirée,,,69,69266,5,1,2,4,4,Voie communale,50.0,1
202400052454,2024-01-03,matin,,,91,91064,3,2,7,4,2,Nationale,90.0,4
202400052455,2024-02-13,soirée,,,93,93032,5,2,6,4,3,Départementale,50.0,2
202400052456,2024-02-12,soirée,,,93,93027,4,1,6,4,4,Voie communale,50.0,1
202400052457,2024-09-20,soirée,,,69,69286,1,1,6,4,4,Voie communale,50.0,1
202400052458,2024-01-02,nuit,,,92,92050,3,1,6,4,1,Autoroute,30.0,2
202400052459,2024-02-14,matin,,,93,93005,1,8,6,4,4,Voie communale,30.0,1
202400052460,2024-01-02,soirée,,,92,92036,5,3,7,4,2,Nationale,70.0,4
202400052461,2024-09-21,nuit,,,69,69276,5,1,1,4,4,Voie communale,30.0,1
202400052462,2024-02-14,soirée,,,92,92064,1,1,3,4,3,Départementale,50.0,1
202400052463,2024-01-02,soirée,,,78,78217,3,2,3,4,1,Autoroute,130.0,2
202400052464,2024-01-02,après-midi,,,78,78297,1,2,2,4,2,Nationale,110.0,2
202400052465,2024-02-14,après-midi,,,92,92051,1,1,1,4,4,Voie communale,10.0,1
202400052466,2024-09-20,matin,,,69,69029,1,1,2,4,7,Autre,50.0,1
202400052467,2024-03-28,matin,,,07,07078,1,1,3,4,3,Départementale,50.0,1
202400052468,2024-01-02,après-midi,,,78,78545,1,3,2,4,1,Autoroute,90.0,2
202400052469,2024-01-01,soirée,,,78,78321,3,3,6,4,2,Nationale,90.0,3
202400052470,2024-02-14,après-midi,,,92,92036,2,1,4,4,3,Départementale,50.0,1
202400052471,2024-09-19,après-midi,,,69,69029,1,1,1,4,4,Voie communale,50.0,1
202400052472,2024-01-02,soirée,,,95,95212,3,2,6,4,2,Nationale,70.0,2
202400052473,2024-03-28,matin,,,07,07010,1,1,4,4,3,Départementale,50.0,1
202400052474,2024-09-20,nuit,,,67,67218,5,1,6,3,4,Voie communale,50.0,9
202400052475,2024-02-13,nuit,,,92,92036,5,1,3,4,1,Autoroute,50.0,1
202400052476,2024-01-02,nuit,,,92,92036,3,3,5,4,1,Autoroute,90.0,3
202400052477,2024-03-23,matin,,,40,40046,2,7,6,3,4,Voie communale,50.0,1
202400052478,2024-03-25,matin,,,85,85291,1,1,6,3,3,Départementale,80.0,1
202400052479,2024-01-02,soirée,,,94,94079,3,2,2,4,1,Autoroute,110.0,2
202400052480,2024-02-11,après-midi,,,92,92035,2,2,3,4,3,Départementale,50.0,2
202400052481,2024-09-20,après-midi,,,67,67482,1,1,3,4,4,Voie communale,50.0,1
202400052482,2024-01-02,après-midi,,,974,97411,1,1,6,4,2,Nationale,50.0,2
202400052483,2024-02-14,nuit,,,92,92026,5,1,7,4,3,Départementale,70.0,1
202400052484,2024-03-21,matin,,,85,85008,1,1,3,3,3,Départementale,80.0,1
202400052485,2024-09-20,après-midi,,,64,64102,1,1,3,4,4,Voie communale,50.0,1
202400052486,2024-08-14,après-midi,,,75,75101,1,1,6,3,4,Voie communale,30.0,1
202400052487,2024-02-15,matin,,,38,38157,2,1,6,3,3,Départementale,80.0,1
202400052488,2024-01-02,matin,,,69,69388,5,2,3,4,4,Voie communale,30.0,2
202400052489,2024-03-27,matin,,,27,27146,2,1,7,3,3,Départementale,80.0,1
202400052490,2024-08-14,après-midi,,,75,75104,1,1,1,4,4,Voie communale,30.0,1
202400052491,2024-02-15,matin,,,42,42069,1,1,6,4,3,Départementale,80.0,2
202400052492,2024-09-20,matin,,,63,63032,1,1,3,4,4,Voie communale,,1
202400052493,2024-02-14,matin,,,65,65272,1,1,7,4,4,Voie communale,50.0,1
202400052494,2024-03-28,après-midi,,,01,01290,1,1,5,2,3,Départementale,70.0,1
202400052495,2024-01-02,après-midi,,,2B,2B120,1,1,6,4,3,Départementale,50.0,1
202400052496,2024-08-15,après-midi,,,75,75119,1,1,6,4,4,Voie communale,30.0,1
202400052497,2024-09-18,après-midi,,,62,62510,1,1,3,4,4,Voie communale,50.0,1
202400052498,2024-03-27,après-midi,,,83,83023,1,1,6,4,1,Autoroute,130.0,1
202400052499,2024-01-01,matin,,,971,97101,1,2,2,4,2,Nationale,90.0,2
202400052500,2024-08-15,matin,,,75,75118,1,1,3,4,4,Voie communale,30.0,1
202400052501,2024-02-15,nuit,,,51,51409,3,2,6,2,3,Départementale,90.0,2
202400052502,2024-03-28,matin,,,2B,2B148,1,1,6,3,2,Nationale,110.0,1
202400052503,2024-01-02,soirée,,,95,95555,5,2,6,4,3,Départementale,50.0,2
202400052504,2024-03-27,matin,,,88,88078,1,2,6,4,3,Départementale,50.0,2
202400052505,2024-02-14,soirée,,,56,56244,3,1,3,4,2,Nationale,110.0,1
202400052506,2024-08-15,après-midi,,,75,75113,1,1,3,4,4,Voie communale,30.0,1
202400052507,2024-09-20,matin,,,59,59350,1,1,3,4,4,Voie communale,50.0,1
202400052508,2024-01-02,soirée,,,95,95063,5,3,6,2,4,Voie communale,30.0,4
202400052509,2024-08-15,après-midi,,,75,75112,1,1,1,4,4,Voie communale,50.0,1
202400052510,2024-03-27,après-midi,,,88,88261,1,1,1,3,4,Voie communale,,1
202400052511,2024-01-02,soirée,,,91,91027,5,2,3,4,3,Départementale,50.0,2
202400052512,2024-03-02,après-midi,,,38,38565,1,1,7,4,3,Départementale,50.0,1
202400052513,2024-08-15,matin,,,75,75112,1,1,7,3,4,Voie communale,30.0,1
202400052514,2024-02-15,matin,,,2B,2B346,2,1,2,4,2,Nationale,110.0,1
202400052515,2024-01-02,matin,,,91,91027,2,2,6,4,3,Départementale,50.0,2
202400052516,2024-01-02,matin,,,87,87048,1,2,6,3,3,Départementale,80.0,2
202400052517,2024-09-19,matin,,,59,59271,1,1,3,3,3,Départementale,80.0,1
202400052518,2024-02-14,soirée,,,11,11351,3,1,3,3,3,Départementale,80.0,1
202400052519,2024-03-27,nuit,,,01,01062,5,8,6,4,4,Voie communale,80.0,2
202400052520,2024-08-15,soirée,,,75,75103,1,1,7,4,4,Voie communale,30.0,1
202400052521,2024-05-03,matin,,,94,94003,1,1,3,4,3,Départementale,50.0,1
202400052522,2024-01-01,après-midi,,,82,82033,1,1,1,4,3,Départementale,,1
202400052523,2024-02-14,après-midi,,,12,12264,1,1,6,3,4,Voie communale,50.0,1
202400052524,2024-09-20,après-midi,,,56,56260,1,1,7,4,4,Voie communale,50.0,1
202400052525,2024-03-28,matin,,,69,69122,1,1,6,4,4,Voie communale,,2
202400052526,2024-05-03,matin,,,94,94041,1,1,3,4,3,Départementale,50.0,1
202400052527,2024-01-02,soirée,,,78,78498,5,2,6,4,4,Voie communale,,2
202400052528,2024-10-01,matin,,,75,75103,1,1,2,4,4,Voie communale,30.0,1
202400052529,2024-03-26,après-midi,,,14,14488,1,2,6,3,4,Voie communale,30.0,2