Num_Acc,date,time_of_day,lat,long,dep,com,lum,atm,col,severity_index,catr,catr_label,vma,surf
202400052530,2024-02-15,matin,,,42,42260,3,1,3,3,3,Départementale,80.0,1
202400052531,2024-05-03,matin,,,94,94073,1,1,3,4,3,Départementale,50.0,1
202400052532,2024-01-01,nuit,,,77,77152,5,1,6,3,4,Voie communale,30.0,1
202400052533,2024-03-27,après-midi,,,59,59315,1,1,3,4,4,Voie communale,70.0,1
202400052534,2024-09-20,après-midi,,,56,56121,1,1,3,4,4,Voie communale,20.0,1
202400052535,2024-05-03,soirée,,,94,94028,5,1,6,4,4,Voie communale,50.0,1
202400052536,2024-02-14,après-midi,,,42,42235,2,1,7,4,3,Départementale,80.0,1
202400052537,2024-08-15,nuit,,,94,94041,5,1,2,4,4,Voie communale,30.0,1
202400052538,2024-01-02,après-midi,,,77,77307,5,2,6,4,3,Départementale,50.0,2
202400052539,2024-05-02,soirée,,,94,94028,1,3,6,4,3,Départementale,50.0,2
202400052540,2024-03-24,après-midi,,,54,54027,1,2,6,4,1,Autoroute,110.0,2
202400052541,2024-08-15,après-midi,,,94,94078,1,1,3,4,2,Nationale,50.0,1
202400052542,2024-09-19,soirée,,,56,56162,4,1,6,4,4,Voie communale,50.0,1
202400052543,2024-01-02,après-midi,,,77,77058,1,3,1,4,4,Voie communale,50.0,2
202400052544,2024-03-27,nuit,,,91,91549,3,1,2,4,2,Nationale,110.0,1
202400052545,2024-05-02,matin,,,94,94011,1,8,3,4,3,Départementale,50.0,2
202400052546,2024-01-01,soirée,,,77,77458,5,2,3,4,3,Départementale,50.0,2
202400052547,2024-08-15,soirée,,,94,94065,2,1,5,4,2,Nationale,70.0,1
202400052548,2024-05-02,nuit,,,94,94019,5,8,6,4,3,Départementale,30.0,2
202400052549,2024-03-26,soirée,,,95,95252,5,3,3,4,1,Autoroute,70.0,2
202400052550,2024-02-14,après-midi,,,46,46284,1,1,5,3,3,Départementale,80.0,1
202400052551,2024-09-20,après-midi,,,54,54395,1,1,3,4,4,Voie communale,30.0,1
202400052552,2024-01-02,matin,,,76,76540,2,3,6,4,4,Voie communale,30.0,2
202400052553,2024-02-14,nuit,,,39,39299,4,1,6,3,3,Départementale,50.0,1
202400052554,2024-05-02,matin,,,94,94060,1,1,1,4,4,Voie communale,50.0,1
202400052555,2024-08-15,après-midi,,,93,93073,1,1,1,4,4,Voie communale,50.0,1
202400052556,2024-03-27,après-midi,,,77,77294,1,1,2,4,1,Autoroute,90.0,1
202400052557,2024-09-20,après-midi,,,54,54382,1,1,3,4,4,Voie communale,50.0,1
202400052558,2024-01-02,matin,,,76,76351,1,2,3,4,4,Voie communale,50.0,2
202400052559,2024-02-13,après-midi,,,25,25532,2,1,6,3,3,Départementale,50.0,1
202400052560,2024-01-24,matin,,,11,11262,1,1,3,4,4,Voie communale,50.0,1
202400052561,2024-05-03,soirée,,,93,93078,1,1,2,4,3,Départementale,50.0,1
202400052562,2024-01-01,après-midi,,,57,57283,1,1,6,3,3,Départementale,50.0,1
202400052563,2024-08-15,soirée,,,93,93064,2,1,3,4,4,Voie communale,90.0,1
202400052564,2024-01-02,après-midi,,,51,51454,1,2,6,4,4,Voie communale,50.0,2
202400052565,2024-02-09,soirée,,,44,44069,1,1,5,4,3,Départementale,50.0,1
202400052566,2024-01-01,soirée,,,49,49007,5,2,6,4,6,Autre,30.0,2
202400052567,2024-09-13,matin,,,52,52448,1,1,6,3,3,Départementale,50.0,1
202400052568,2024-01-27,soirée,,,22,22282,3,1,7,3,3,Départementale,50.0,1
202400052569,2024-02-13,soirée,,,44,44087,3,1,1,4,3,Départementale,80.0,2
202400052570,2024-01-02,après-midi,,,45,45298,5,2,6,4,4,Voie communale,50.0,2
202400052571,2024-05-01,après-midi,,,93,93070,1,1,7,4,4,Voie communale,50.0,1
202400052572,2024-08-15,matin,,,93,93064,1,1,6,4,4,Voie communale,15.0,1
202400052573,2024-01-02,matin,,,45,45004,5,2,6,4,3,Départementale,50.0,2
202400052574,2024-03-26,soirée,,,974,97416,3,1,2,4,4,Voie communale,50.0,1
202400052575,2024-09-19,après-midi,,,49,49007,1,1,3,3,4,Voie communale,50.0,1
202400052576,2024-02-14,nuit,,,66,66148,3,1,1,3,3,Départementale,90.0,1
202400052577,2024-08-15,nuit,,,92,92048,5,1,6,4,3,Départementale,50.0,1
202400052578,2024-02-15,après-midi,,,83,83142,1,1,6,4,3,Départementale,,1
202400052579,2024-09-20,nuit,,,44,44162,5,1,3,3,6,Autre,30.0,1
202400052580,2024-05-02,après-midi,,,93,93032,1,2,1,4,3,Départementale,50.0,2
202400052581,2024-01-02,matin,,,45,45068,5,2,1,4,4,Voie communale,50.0,2
202400052582,2024-03-26,après-midi,,,974,97416,1,1,3,4,3,Départementale,30.0,1
202400052583,2024-02-13,après-midi,,,18,18082,1,1,7,3,3,Départementale,50.0,1
202400052584,2024-08-15,après-midi,,,09,09062,1,1,1,3,3,Départementale,80.0,1
202400052585,2024-05-03,après-midi,,,93,93057,1,1,1,4,4,Voie communale,50.0,1
202400052586,2024-09-20,soirée,,,42,42183,1,1,3,4,7,Autre,50.0,1
202400052587,2024-01-01,après-midi,,,42,42207,1,1,1,4,4,Voie communale,30.0,1
202400052588,2024-02-15,matin,,,85,85018,1,1,7,2,4,Voie communale,50.0,1
202400052589,2024-03-26,après-midi,,,69,69387,1,2,3,4,4,Voie communale,30.0,2
202400052590,2024-10-25,soirée,,,75,75115,5,9,1,4,4,Voie communale,30.0,2
202400052591,2024-01-02,après-midi,,,42,42275,1,2,6,3,4,Voie communale,50.0,2
202400052592,2024-02-14,après-midi,,,28,28120,1,1,6,3,3,Départementale,90.0,1
202400052593,2024-05-03,après-midi,,,93,93008,1,1,3,4,3,Départementale,50.0,1
202400052594,2024-08-14,soirée,,,35,35176,2,1,3,4,3,Départementale,80.0,1
202400052595,2024-03-26,matin,,,69,69388,1,2,6,3,4,Voie communale,50.0,2
202400052596,2024-09-19,après-midi,,,39,39198,1,1,3,3,4,Voie communale,30.0,1
202400052597,2024-10-25,nuit,,,75,75115,5,1,1,4,4,Voie communale,30.0,1
202400052598,2024-05-03,après-midi,,,92,92064,1,1,6,4,3,Départementale,50.0,1
202400052599,2024-08-16,nuit,,,12,12300,3,5,6,3,3,Départementale,90.0,1
202400052600,2024-02-14,soirée,,,28,28052,3,2,6,4,3,Départementale,80.0,2
202400052601,2024-07-11,matin,,,14,14366,1,1,6,4,4,Voie communale,50.0,1
202400052602,2024-01-02,après-midi,,,37,37261,1,2,3,4,4,Voie communale,50.0,2
202400052603,2024-10-25,après-midi,,,75,75114,1,8,6,4,4,Voie communale,30.0,1
202400052604,2024-07-11,après-midi,,,13,13103,1,1,1,3,4,Voie communale,50.0,1
202400052605,2024-09-19,matin,,,37,37122,1,1,3,4,4,Voie communale,50.0,1
202400052606,2024-10-24,après-midi,,,75,75114,1,1,6,4,4,Voie communale,30.0,1
202400052607,2024-02-15,nuit,,,13,13091,3,1,1,3,3,Départementale,80.0,1
202400052608,2024-01-02,après-midi,,,37,37214,1,2,6,4,4,Voie communale,80.0,2
202400052609,2024-05-03,matin,,,92,92064,1,1,3,3,3,Départementale,50.0,1
202400052610,2024-07-11,soirée,,,13,13208,1,1,3,4,4,Voie communale,15.0,1
202400052611,2024-08-16,après-midi,,,06,06149,1,1,6,3,7,Autre,50.0,2
202400052612,2024-06-05,après-midi,,,27,27504,1,1,3,3,3,Départementale,50.0,1
202400052613,2024-01-09,matin,,,51,51562,1,1,6,4,1,Autoroute,50.0,1
202400052614,2024-09-20,matin,,,35,35238,1,1,3,4,4,Voie communale,30.0,1
202400052615,2024-01-02,après-midi,,,37,37233,1,2,6,4,4,Voie communale,50.0,2
202400052616,2024-10-25,nuit,,,75,75112,5,8,3,2,4,Voie communale,50.0,1
202400052617,2024-05-03,après-midi,,,92,92049,1,1,1,4,4,Voie communale,50.0,1
202400052618,2024-06-09,nuit,,,87,87127,3,1,6,3,3,Départementale,80.0,1
202400052619,2024-07-11,matin,,,13,13215,1,1,6,3,7,Autre,30.0,1
202400052620,2024-03-26,après-midi,,,972,97209,1,1,4,4,3,Départementale,60.0,1
202400052621,2024-02-13,soirée,,,95,95351,5,2,6,4,4,Voie communale,50.0,2
202400052622,2024-08-14,après-midi,,,06,06060,1,1,1,3,7,Autre,50.0,1
202400052623,2024-09-20,nuit,,,33,33063,5,1,6,2,4,Voie communale,50.0,1
202400052624,2024-06-09,après-midi,,,37,37167,1,1,7,4,4,Voie communale,80.0,1
202400052625,2024-05-03,matin,,,92,92040,1,1,2,4,3,Départementale,50.0,2
202400052626,2024-10-25,matin,,,75,75102,1,1,6,4,4,Voie communale,30.0,1
202400052627,2024-03-26,soirée,,,69,69381,5,1,2,4,4,Voie communale,50.0,1
202400052628,2024-01-02,après-midi,,,33,33249,1,2,6,4,4,Voie communale,30.0,2
202400052629,2024-02-14,soirée,,,83,83016,3,1,3,3,3,Départementale,50.0,1
202400052630,2024-07-11,après-midi,,,13,13063,1,1,3,3,4,Voie communale,50.0,1
202400052631,2024-06-09,après-midi,,,88,88445,1,1,1,3,3,Départementale,80.0,1
202400052632,2024-08-16,après-midi,,,81,81003,1,1,4,3,3,Départementale,70.0,1
202400052633,2024-10-25,matin,,,94,94081,1,1,6,4,3,Départementale,50.0,1
202400052634,2024-09-20,soirée,,,33,33119,5,1,3,4,4,Voie communale,50.0,1
202400052635,2024-05-03,après-midi,,,92,92025,1,1,2,4,3,Départementale,50.0,1
202400052636,2024-01-02,matin,,,32,32013,1,8,7,2,3,Départementale,50.0,1
202400052637,2024-03-25,après-midi,,,971,97120,1,1,3,4,4,Voie communale,50.0,1
202400052638,2024-08-15,matin,,,05,05027,1,1,7,3,3,Départementale,80.0,1
202400052639,2024-02-13,matin,,,71,71235,2,1,3,4,4,Voie communale,50.0,1
202400052640,2024-10-25,matin,,,94,94058,1,1,3,4,4,Voie communale,50.0,1
202400052641,2024-07-11,matin,,,13,13001,1,1,2,4,4,Voie communale,50.0,1
202400052642,2024-06-09,après-midi,,,45,45247,1,1,6,3,1,Autoroute,50.0,1
202400052643,2024-05-02,nuit,,,92,92007,5,2,6,4,4,Voie communale,30.0,2
202400052644,2024-08-16,nuit,,,974,97412,3,1,6,2,2,Nationale,,1
202400052645,2024-09-20,nuit,,,33,33063,5,1,2,4,4,Voie communale,50.0,1
202400052646,2024-01-02,soirée,,,31,31483,5,1,1,3,3,Départementale,50.0,1
202400052647,2024-02-14,matin,,,67,67112,1,1,1,4,3,Départementale,70.0,1
202400052648,2024-10-25,matin,,,94,94041,1,1,6,4,4,Voie communale,50.0,1
202400052649,2024-05-02,soirée,,,92,92007,1,2,6,4,4,Voie communale,30.0,2
202400052650,2024-07-07,matin,,,08,08409,1,1,7,2,4,Voie communale,50.0,1
202400052651,2024-08-15,après-midi,,,972,97201,1,1,7,4,4,Voie communale,50.0,1
202400052652,2024-06-10,matin,,,01,01004,2,1,5,2,3,Départementale,90.0,1
202400052653,2024-03-24,nuit,,,971,97101,3,1,4,4,2,Nationale,90.0,1
202400052654,2024-10-25,après-midi,,,94,94038,1,1,6,4,4,Voie communale,50.0,1
202400052655,2024-09-07,après-midi,,,33,33063,1,1,3,3,4,Voie communale,30.0,1
202400052656,2024-05-03,après-midi,,,92,92004,1,1,6,4,3,Départementale,50.0,1
202400052657,2024-08-16,nuit,,,63,63446,4,1,7,4,3,Départementale,50.0,1
202400052658,2024-06-06,après-midi,,,45,45269,1,1,2,3,1,Autoroute,130.0,1
202400052659,2024-11-29,soirée,,,29,29232,4,1,6,4,4,Voie communale,50.0,1
202400052660,2024-05-02,après-midi,,,92,92014,1,8,7,3,3,Départementale,50.0,2
202400052661,2024-02-14,après-midi,,,69,69228,1,1,6,4,3,Départementale,50.0,1
202400052662,2024-01-02,après-midi,,,14,14301,1,3,6,3,4,Voie communale,30.0,2
202400052663,2024-07-09,soirée,,,06,06088,2,1,6,3,4,Voie communale,30.0,1
202400052664,2024-03-26,soirée,,,95,95277,2,1,3,4,4,Voie communale,50.0,1
202400052665,2024-12-01,matin,,,15,15014,5,1,6,4,4,Voie communale,50.0,1
202400052666,2024-09-20,nuit,,,33,33063,5,1,3,4,4,Voie communale,30.0,1
202400052667,2024-02-14,matin,,,69,69072,1,1,6,2,1,Autoroute,90.0,1
202400052668,2024-06-09,après-midi,,,971,97118,1,2,3,4,3,Départementale,80.0,2
202400052669,2024-08-16,matin,,,86,86165,1,1,3,3,3,Départementale,50.0,1
202400052670,2024-04-27,nuit,,,12,12301,5,2,6,3,4,Voie communale,30.0,2
202400052671,2024-12-01,nuit,,,13,13210,5,1,1,4,4,Voie communale,50.0,1
202400052672,2024-10-25,après-midi,,,94,94073,1,1,3,4,4,Voie communale,,1
202400052673,2024-01-02,nuit,,,13,13210,5,1,1,4,4,Voie communale,50.0,1
202400052674,2024-07-11,matin,,,06,06069,1,1,6,4,3,Départementale,50.0,1
202400052675,2024-02-11,nuit,,,67,67152,3,1,6,4,7,Autre,90.0,2
202400052676,2024-08-15,nuit,,,974,97410,5,1,6,2,4,Voie communale,30.0,1
202400052677,2024-06-08,après-midi,,,77,77177,1,1,7,4,3,Départementale,30.0,1
202400052678,2024-12-01,soirée,,,13,13211,5,1,1,4,4,Voie communale,50.0,1
202400052679,2024-05-04,matin,,,38,38378,1,1,6,2,3,Départementale,70.0,1
202400052680,2024-03-26,matin,,,91,91377,1,2,3,4,4,Voie communale,50.0,2
202400052681,2024-10-24,après-midi,,,94,94028,1,1,6,4,4,Voie communale,50.0,1
202400052682,2024-01-01,matin,,,13,13028,5,1,3,4,4,Voie communale,30.0,1
202400052683,2024-06-10,soirée,,,30,30055,1,1,6,3,3,Départementale,30.0,1
202400052684,2024-08-16,matin,,,60,60069,2,1,6,3,3,Départementale,80.0,1
202400052685,2024-09-19,après-midi,,,33,33249,1,1,3,4,1,Autoroute,50.0,1
202400052686,2024-12-01,matin,,,13,13211,1,1,2,4,4,Voie communale,50.0,1
202400052687,2024-07-10,soirée,,,03,03185,1,1,3,3,4,Voie communale,50.0,1
202400052688,2024-02-12,matin,,,78,78297,1,1,4,4,2,Nationale,90.0,1
202400052689,2024-01-02,après-midi,,,11,11069,1,1,6,4,3,Départementale,50.0,1
202400052690,2024-10-25,matin,,,94,94077,3,1,1,4,3,Départementale,50.0,1
202400052691,2024-05-02,après-midi,,,06,06088,1,2,2,4,7,Autre,70.0,2
202400052692,2024-12-01,matin,,,13,13215,2,1,6,4,4,Voie communale,50.0,1
202400052693,2024-09-20,après-midi,,,29,29039,1,1,7,4,3,Départementale,50.0,1
202400052694,2024-08-14,après-midi,,,22,22032,1,1,3,3,3,Départementale,50.0,1
202400052695,2024-03-25,après-midi,,,89,89387,1,1,3,3,4,Voie communale,50.0,1
202400052696,2024-06-08,nuit,,,83,83071,3,1,1,4,4,Voie communale,50.0,1
202400052697,2024-07-11,après-midi,,,01,01053,1,1,3,4,3,Départementale,50.0,1
202400052698,2024-11-30,après-midi,,,13,13004,1,1,1,3,4,Voie communale,50.0,1
202400052699,2024-10-25,matin,,,94,94071,1,1,3,4,3,Départementale,50.0,1
202400052700,2024-01-02,soirée,,,07,07281,3,2,7,4,3,Départementale,90.0,2
202400052701,2024-09-20,soirée,,,29,29019,1,1,2,4,4,Voie communale,50.0,1
202400052702,2024-03-21,après-midi,,,89,89024,1,1,6,3,3,Départementale,50.0,1
202400052703,2024-05-03,après-midi,,,59,59278,1,1,2,3,7,Autre,50.0,1
202400052704,2024-06-10,matin,,,25,25469,1,1,1,4,3,Départementale,50.0,1
202400052705,2024-12-01,soirée,,,09,09225,3,1,1,4,3,Départementale,70.0,1
202400052706,2024-08-14,soirée,,,50,50512,1,1,3,4,3,Départementale,80.0,1
202400052707,2024-02-12,matin,,,78,78322,1,1,4,4,2,Nationale,110.0,1
202400052708,2024-01-02,après-midi,,,06,06069,4,1,3,4,4,Voie communale,50.0,1
202400052709,2024-07-11,matin,,,75,75117,1,1,2,4,4,Voie communale,70.0,1
202400052710,2024-05-03,nuit,,,30,30262,3,1,6,2,3,Départementale,80.0,1
202400052711,2024-10-25,après-midi,,,94,94081,1,1,6,4,3,Départementale,50.0,1
202400052712,2024-09-20,après-midi,,,27,27229,1,1,2,4,4,Voie communale,50.0,1
202400052713,2024-02-18,soirée,,,83,83137,5,1,3,3,4,Voie communale,50.0,1
202400052714,2024-11-30,après-midi,,,06,06088,2,1,6,3,4,Voie communale,30.0,1
202400052715,2024-06-10,matin,,,88,88095,2,1,6,3,3,Départementale,50.0,1
202400052716,2024-10-25,soirée,,,93,93053,5,1,6,4,4,Voie communale,30.0,1
202400052717,2024-05-04,nuit,,,83,83097,3,1,7,2,3,Départementale,70.0,1
202400052718,2024-02-12,matin,,,78,78545,1,1,2,4,1,Autoroute,110.0,1
202400052719,2024-01-02,après-midi,,,06,06027,1,1,2,4,7,Autre,50.0,1
202400052720,2024-03-26,après-midi,,,78,78551,1,2,6,4,4,Voie communale,50.0,2
202400052721,2024-06-09,soirée,,,55,55369,1,1,7,3,3,Départementale,,1
202400052722,2024-07-11,matin,,,75,75118,1,1,3,4,4,Voie communale,70.0,1
202400052723,2024-12-01,soirée,,,06,06069,4,1,1,4,4,Voie communale,50.0,1
202400052724,2024-05-03,soirée,,,76,76136,1,1,6,3,3,Départementale,50.0,9
202400052725,2024-02-13,soirée,,,93,93027,3,2,6,4,1,Autoroute,50.0,2
202400052726,2024-08-16,matin,,,77,77065,1,1,1,4,1,Autoroute,70.0,1
202400052727,2024-10-24,après-midi,,,93,93027,1,1,1,4,3,Départementale,50.0,1
202400052728,2024-06-09,nuit,,,57,57443,3,1,6,4,2,Nationale,80.0,1
202400052729,2024-05-03,après-midi,,,2A,2A032,1,1,1,3,3,Départementale,50.0,1
202400052730,2024-03-21,soirée,,,78,78029,1,1,1,4,4,Voie communale,50.0,1
202400052731,2024-12-01,soirée,,,06,06069,5,1,1,4,3,Départementale,50.0,1
202400052732,2024-07-10,nuit,,,75,75116,3,1,2,4,4,Voie communale,70.0,1
202400052733,2024-02-13,après-midi,,,95,95252,1,1,2,4,1,Autoroute,110.0,1
202400052734,2024-09-21,nuit,,,25,25056,5,1,3,4,4,Voie communale,50.0,1
202400052735,2024-01-01,après-midi,,,03,03185,1,1,3,4,4,Voie communale,50.0,1
202400052736,2024-06-10,matin,,,03,03113,1,7,1,4,3,Départementale,90.0,1
202400052737,2024-08-16,après-midi,,,56,56161,1,2,3,3,3,Départementale,80.0,2
202400052738,2024-05-02,soirée,,,65,65330,1,1,3,3,3,Départementale,50.0,1
202400052739,2024-03-26,soirée,,,77,77284,5,2,6,3,3,Départementale,50.0,2
202400052740,2024-11-30,nuit,,,75,75118,5,1,2,4,4,Voie communale,50.0,1
202400052741,2024-10-25,nuit,,,93,93057,5,1,3,4,4,Voie communale,50.0,1
202400052742,2024-01-02,après-midi,,,75,75117,5,2,3,4,4,Voie communale,70.0,2
202400052743,2024-02-13,matin,,,95,95527,1,1,3,4,2,Nationale,90.0,1
202400052744,2024-06-08,nuit,,,63,63213,3,1,1,3,3,Départementale,90.0,1
202400052745,2024-07-11,matin,,,75,75118,1,1,5,3,4,Voie communale,30.0,1
202400052746,2024-08-15,soirée,,,82,82144,2,1,7,4,4,Voie communale,80.0,1
202400052747,2024-10-25,après-midi,,,93,93005,1,1,1,2,3,Départementale,50.0,1
202400052748,2024-12-01,après-midi,,,75,75119,1,1,3,4,4,Voie communale,30.0,1
202400052749,2024-09-18,après-midi,,,24,24557,1,1,5,4,3,Départementale,70.0,1
202400052750,2024-02-14,soirée,,,94,94018,3,1,3,4,1,Autoroute,90.0,1
202400052751,2024-05-04,après-midi,,,61,61146,1,1,3,4,3,Départementale,90.0,1
202400052752,2024-01-02,après-midi,,,75,75120,1,2,3,4,4,Voie communale,30.0,2
202400052753,2024-03-26,soirée,,,77,77186,3,2,1,4,3,Départementale,80.0,2
202400052754,2024-08-15,après-midi,,,63,63314,1,1,7,4,3,Départementale,90.0,1
202400052755,2024-10-25,après-midi,,,92,92078,1,1,7,4,3,Départementale,50.0,1
202400052756,2024-06-08,après-midi,,,73,73069,1,8,3,4,3,Départementale,50.0,1
202400052757,2024-07-10,soirée,,,75,75116,1,1,3,4,4,Voie communale,30.0,1
202400052758,2024-03-26,matin,,,74,74012,1,1,6,4,3,Départementale,50.0,1
202400052759,2024-05-04,matin,,,49,49041,1,2,7,3,3,Départementale,80.0,2
202400052760,2024-02-14,matin,,,93,93051,1,2,3,4,1,Autoroute,110.0,2
202400052761,2024-12-01,après-midi,,,75,75115,1,1,3,4,4,Voie communale,30.0,1
202400052762,2024-08-16,après-midi,,,61,61463,1,2,6,2,3,Départementale,70.0,2
202400052763,2024-06-09,nuit,,,42,42151,3,2,6,3,3,Départementale,80.0,2
202400052764,2024-01-02,matin,,,75,75120,1,2,6,2,4,Voie communale,30.0,2
202400052765,2024-10-25,nuit,,,92,92073,5,1,6,3,3,Départementale,50.0,1
202400052766,2024-09-19,matin,,,23,23096,1,1,3,4,4,Voie communale,50.0,1
202400052767,2024-05-03,après-midi,,,46,46147,1,1,6,3,3,Départementale,80.0,1
202400052768,2024-07-11,soirée,,,75,75115,1,1,6,4,4,Voie communale,30.0,1
202400052769,2024-08-15,matin,,,49,49358,1,1,7,3,3,Départementale,80.0,8
202400052770,2024-10-25,après-midi,,,92,92077,1,2,7,4,3,Départementale,50.0,2
202400052771,2024-02-13,après-midi,,,974,97416,1,2,2,4,2,Nationale,110.0,2
202400052772,2024-12-01,nuit,,,75,75113,5,1,6,4,4,Voie communale,30.0,1
202400052773,2024-01-02,matin,,,75,75116,1,2,3,4,4,Voie communale,30.0,2
202400052774,2024-06-07,soirée,,,17,17429,1,1,3,2,3,Départementale,80.0,1
202400052775,2024-03-25,après-midi,,,71,71306,1,1,4,4,4,Voie communale,50.0,1
202400052776,2024-09-20,matin,,,19,19031,1,1,1,4,3,Départementale,90.0,1
202400052777,2024-10-25,nuit,,,92,92062,3,1,1,4,2,Nationale,50.0,1
202400052778,2024-08-16,après-midi,,,39,39485,1,1,3,4,3,Départementale,80.0,1
202400052779,2024-05-04,après-midi,,,02,02160,1,1,1,3,3,Départementale,80.0,1
202400052780,2024-07-09,soirée,,,75,75115,1,1,3,4,4,Voie communale,30.0,1
202400052781,2024-11-30,soirée,,,75,75113,5,1,3,4,4,Voie communale,30.0,1
202400052782,2024-02-12,matin,,,974,97411,1,1,3,4,2,Nationale,50.0,1
202400052783,2024-01-02,matin,,,75,75115,1,2,3,4,4,Voie communale,30.0,2
202400052784,2024-09-19,nuit,,,19,19031,5,1,3,4,3,Départementale,50.0,1
202400052785,2024-06-04,après-midi,,,33,33058,1,1,3,4,3,Départementale,70.0,1
202400052786,2024-03-26,après-midi,,,69,69256,1,1,3,4,4,Voie communale,50.0,1
202400052787,2024-05-04,matin,,,02,02761,1,2,6,4,3,Départementale,50.0,2
202400052788,2024-10-24,après-midi,,,92,92051,1,1,3,4,4,Voie communale,50.0,1
202400052789,2024-06-09,après-midi,,,50,50492,1,1,7,3,4,Voie communale,50.0,1
202400052790,2024-07-10,soirée,,,75,75114,5,1,7,4,4,Voie communale,30.0,1
202400052791,2024-02-13,matin,,,974,97411,1,1,3,4,4,Voie communale,30.0,1
202400052792,2024-12-01,après-midi,,,75,75111,1,1,6,4,4,Voie communale,30.0,1
202400052793,2024-08-15,soirée,,,44,44130,1,1,5,4,3,Départementale,80.0,1
202400052794,2024-01-02,matin,,,75,75110,1,2,6,4,4,Voie communale,30.0,2
202400052795,2024-09-19,après-midi,,,15,15014,1,1,6,4,2,Nationale,50.0,1
202400052796,2024-03-26,soirée,,,69,69271,5,3,6,4,4,Voie communale,50.0,3
202400052797,2024-10-25,soirée,,,92,92025,5,2,3,4,4,Voie communale,30.0,2
202400052798,2024-02-13,matin,,,974,97411,1,1,6,4,4,Voie communale,30.0,1
202400052799,2024-05-04,après-midi,,,01,01320,1,1,6,2,4,Voie communale,30.0,1
202400052800,2024-06-09,nuit,,,59,59555,5,1,1,3,4,Voie communale,50.0,1
202400052801,2024-12-01,matin,,,75,75110,1,1,6,4,4,Voie communale,30.0,1
202400052802,2024-01-02,soirée,,,75,75109,5,2,6,4,4,Voie communale,30.0,2
202400052803,2024-08-16,après-midi,,,38,38022,1,1,3,4,3,Départementale,50.0,1
202400052804,2024-07-11,matin,,,75,75113,1,1,2,4,4,Voie communale,30.0,1
202400052805,2024-09-17,après-midi,,,14,14118,1,1,3,3,4,Voie communale,50.0,1
202400052806,2024-10-24,nuit,,,92,92060,3,1,3,3,3,Départementale,50.0,1
202400052807,2024-03-25,après-midi,,,69,69271,1,1,1,4,7,Autre,,1
202400052808,2024-06-09,après-midi,,,13,13214,1,1,2,4,1,Autoroute,70.0,1
202400052809,2024-05-03,après-midi,,,14,14389,1,1,3,4,1,Autoroute,70.0,1
202400052810,2024-02-12,soirée,,,974,97411,1,1,3,3,2,Nationale,50.0,1
202400052811,2024-08-15,après-midi,,,02,02565,1,1,6,3,4,Voie communale,50.0,1
202400052812,2024-09-20,après-midi,,,13,13211,1,1,1,4,4,Voie communale,50.0,1
202400052813,2024-11-30,soirée,,,75,75109,5,1,3,4,4,Voie communale,30.0,1
202400052814,2024-01-02,matin,,,75,75108,1,2,6,4,4,Voie communale,30.0,2
202400052815,2024-10-25,soirée,,,92,92012,5,2,6,4,4,Voie communale,30.0,2
202400052816,2024-03-25,après-midi,,,69,69259,1,1,3,4,4,Voie communale,50.0,1
202400052817,2024-02-12,matin,,,974,97411,1,1,6,4,4,Voie communale,50.0,1
202400052818,2024-07-11,après-midi,,,75,75110,1,1,1,4,4,Voie communale,30.0,1
202400052819,2024-05-03,après-midi,,,14,14098,1,1,1,3,4,Voie communale,50.0,1
202400052820,2024-06-04,matin,,,13,13215,1,1,2,4,1,Autoroute,90.0,1
202400052821,2024-08-10,matin,,,84,84046,1,1,3,3,3,Départementale,80.0,1
202400052822,2024-05-04,après-midi,,,18,18057,1,2,6,2,3,Départementale,80.0,2
202400052823,2024-10-25,soirée,,,92,92002,5,2,3,4,3,Départementale,50.0,2
202400052824,2024-07-11,nuit,,,75,75107,5,1,6,4,4,Voie communale,30.0,1
202400052825,2024-12-01,soirée,,,75,75108,4,1,3,4,4,Voie communale,30.0,1
202400052826,2024-03-26,après-midi,,,69,69091,1,2,6,4,4,Voie communale,50.0,2
202400052827,2024-06-08,nuit,,,13,13215,3,1,2,3,1,Autoroute,90.0,1
202400052828,2024-02-12,soirée,,,973,97302,5,1,1,4,3,Départementale,50.0,1
202400052829,2024-01-02,nuit,,,94,94074,5,2,3,4,3,Départementale,50.0,2
202400052830,2024-10-25,soirée,,,37,37010,3,2,7,3,2,Nationale,80.0,2
202400052831,2024-09-20,après-midi,,,11,11069,1,1,4,4,3,Départementale,80.0,1
202400052832,2024-02-13,matin,,,69,69387,1,1,6,3,4,Voie communale,30.0,1
202400052833,2024-08-15,soirée,,,01,01269,1,1,5,4,3,Départementale,50.0,1
202400052834,2024-05-03,après-midi,,,10,10294,1,1,3,4,3,Départementale,80.0,1
202400052835,2024-01-02,soirée,,,94,94076,5,6,6,4,4,Voie communale,50.0,2
202400052836,2024-03-25,après-midi,,,67,67218,1,7,6,3,4,Voie communale,50.0,1
202400052837,2024-12-01,après-midi,,,75,75115,1,1,3,4,4,Voie communale,30.0,1
202400052838,2024-07-11,après-midi,,,75,75107,1,1,3,4,4,Voie communale,30.0,1
202400052839,2024-06-07,soirée,,,13,13216,1,1,2,4,1,Autoroute,70.0,1
202400052840,2024-09-19,soirée,,,10,10387,1,1,3,4,4,Voie communale,50.0,1