Num_Acc,date,time_of_day,lat,long,dep,com,lum,atm,col,severity_index,catr,catr_label,vma,surf
202400052841,2024-02-13,nuit,,,972,97213,5,1,6,4,4,Voie communale,30.0,1
202400052842,2024-10-25,après-midi,,,71,71152,1,8,2,3,3,Départementale,80.0,1
202400052843,2024-05-03,nuit,,,16,16211,3,3,6,4,3,Départementale,80.0,2
202400052844,2024-03-25,après-midi,,,67,67482,1,1,6,4,4,Voie communale,30.0,1
202400052845,2024-07-10,soirée,,,94,94081,1,1,2,4,4,Voie communale,50.0,1
202400052846,2024-06-05,soirée,,,69,69275,2,1,2,4,2,Nationale,90.0,1
202400052847,2024-01-01,nuit,,,94,94041,5,3,6,4,3,Départementale,50.0,2
202400052848,2024-09-19,après-midi,,,10,10333,1,1,6,4,4,Voie communale,50.0,1
202400052849,2024-05-03,soirée,,,53,53062,1,1,7,3,3,Départementale,90.0,1
202400052850,2024-11-30,matin,,,75,75107,1,1,4,4,4,Voie communale,30.0,1
202400052851,2024-10-25,après-midi,,,42,42069,1,2,3,4,4,Voie communale,50.0,2
202400052852,2024-02-13,soirée,,,69,69389,5,1,3,4,4,Voie communale,30.0,1
202400052853,2024-03-26,matin,,,63,63113,1,2,3,4,4,Voie communale,50.0,2
202400052854,2024-01-02,après-midi,,,94,94073,1,2,6,4,6,Autre,30.0,2
202400052855,2024-06-07,après-midi,,,67,67482,1,1,2,4,7,Autre,90.0,1
202400052856,2024-07-09,après-midi,,,94,94068,1,1,6,4,4,Voie communale,30.0,1
202400052857,2024-08-15,après-midi,,,06,06103,1,1,6,4,7,Autre,80.0,1
202400052858,2024-12-01,soirée,,,75,75103,5,1,7,4,4,Voie communale,30.0,1
202400052859,2024-05-04,après-midi,,,21,21663,1,2,1,3,3,Départementale,50.0,2
202400052860,2024-10-25,soirée,,,31,31253,2,1,1,4,3,Départementale,50.0,1
202400052861,2024-03-26,soirée,,,60,60414,1,3,1,4,3,Départementale,40.0,2
202400052862,2024-01-02,matin,,,94,94046,5,3,6,4,3,Départementale,50.0,2
202400052863,2024-06-09,nuit,,,33,33487,5,1,6,4,1,Autoroute,130.0,1
202400052864,2024-09-20,nuit,,,06,06088,5,1,3,3,4,Voie communale,50.0,1
202400052865,2024-02-13,après-midi,,,69,69382,1,1,2,4,4,Voie communale,50.0,1
202400052866,2024-08-15,matin,,,06,06080,3,2,6,2,7,Autre,110.0,2
202400052867,2024-05-01,matin,,,37,37250,2,2,7,3,3,Départementale,80.0,2
202400052868,2024-07-06,nuit,,,94,94015,5,1,2,4,3,Départementale,50.0,1
202400052869,2024-01-30,après-midi,,,69,69382,5,9,7,3,4,Voie communale,30.0,1
202400052870,2024-01-01,matin,,,94,94017,1,1,2,4,3,Départementale,50.0,1
202400052871,2024-12-01,après-midi,,,75,75101,2,1,3,4,4,Voie communale,30.0,1
202400052872,2024-08-16,soirée,,,60,60509,1,1,6,4,4,Voie communale,50.0,1
202400052873,2024-06-09,soirée,,,91,91339,1,1,2,4,2,Nationale,110.0,1
202400052874,2024-05-04,après-midi,,,67,67388,1,1,7,2,3,Départementale,,1
202400052875,2024-09-20,soirée,,,75,75120,5,1,3,4,4,Voie communale,70.0,1
202400052876,2024-03-26,soirée,,,60,60175,1,2,4,4,3,Départementale,80.0,2
202400052877,2024-08-15,soirée,,,18,18171,2,1,7,3,4,Voie communale,80.0,1
202400052878,2024-02-13,soirée,,,971,97120,2,1,6,4,4,Voie communale,50.0,1
202400052879,2024-07-10,après-midi,,,94,94065,1,1,3,4,3,Départementale,50.0,1
202400052880,2024-11-30,après-midi,,,75,75104,5,1,6,4,4,Voie communale,30.0,1
202400052881,2024-01-02,soirée,,,93,93073,5,2,6,4,4,Voie communale,50.0,2
202400052882,2024-06-09,après-midi,,,91,91468,1,1,2,4,1,Autoroute,110.0,1
202400052883,2024-09-20,soirée,,,75,75112,1,1,3,4,4,Voie communale,70.0,1
202400052884,2024-05-03,soirée,,,42,42173,3,1,1,4,1,Autoroute,130.0,1
202400052885,2024-10-23,après-midi,,,974,97414,1,1,6,3,3,Départementale,50.0,1
202400052886,2024-02-12,soirée,,,971,97120,5,1,6,4,3,Départementale,50.0,1
202400052887,2024-12-01,matin,,,94,94075,1,1,6,4,2,Nationale,70.0,1
202400052888,2024-03-26,soirée,,,60,60057,5,2,3,4,4,Voie communale,50.0,2
202400052889,2024-06-09,matin,,,91,91228,2,1,6,2,1,Autoroute,110.0,1
202400052890,2024-07-10,soirée,,,94,94021,2,1,2,4,3,Départementale,50.0,1
202400052891,2024-05-04,nuit,,,971,97103,5,1,6,3,2,Nationale,90.0,1
202400052892,2024-01-02,nuit,,,93,93066,3,8,2,4,4,Voie communale,50.0,2
202400052893,2024-09-19,soirée,,,75,75113,5,1,2,4,4,Voie communale,70.0,1
202400052894,2024-08-12,après-midi,,,40,40261,1,1,1,4,3,Départementale,90.0,1
202400052895,2024-12-01,matin,,,95,95527,5,1,1,4,4,Voie communale,90.0,1
202400052896,2024-02-12,après-midi,,,91,91027,1,1,6,4,2,Nationale,50.0,1
202400052897,2024-10-25,soirée,,,44,44113,3,1,1,3,3,Départementale,50.0,1
202400052898,2024-06-09,soirée,,,95,95488,1,1,2,4,1,Autoroute,110.0,1
202400052899,2024-05-04,nuit,,,27,27258,3,1,7,3,1,Autoroute,130.0,1
202400052900,2024-07-10,après-midi,,,94,94033,1,1,6,4,4,Voie communale,50.0,1
202400052901,2024-08-11,matin,,,24,24050,1,1,7,3,3,Départementale,80.0,1
202400052902,2024-09-19,soirée,,,75,75117,1,1,3,4,4,Voie communale,70.0,1
202400052903,2024-03-25,après-midi,,,59,59507,1,1,3,4,7,Autre,50.0,1
202400052904,2024-01-02,soirée,,,93,93077,3,2,3,3,4,Voie communale,50.0,2
202400052905,2024-11-30,soirée,,,93,93079,5,1,3,4,3,Départementale,50.0,1
202400052906,2024-06-09,après-midi,,,93,93027,1,1,2,4,1,Autoroute,90.0,1
202400052907,2024-07-11,nuit,,,94,94028,5,1,6,4,4,Voie communale,50.0,1
202400052908,2024-02-12,après-midi,,,86,86066,1,1,6,4,4,Voie communale,30.0,1
202400052909,2024-10-25,soirée,,,62,62763,1,1,3,4,3,Départementale,50.0,1
202400052910,2024-05-03,soirée,,,987,98740,3,1,2,3,3,Départementale,60.0,1
202400052911,2024-04-01,soirée,,,56,56121,5,2,7,4,4,Voie communale,30.0,2
202400052912,2024-08-16,après-midi,,,27,27384,1,3,1,4,3,Départementale,80.0,2
202400052913,2024-09-20,après-midi,,,75,75105,1,1,6,4,4,Voie communale,30.0,1
202400052914,2024-01-02,après-midi,,,93,93053,5,2,3,4,3,Départementale,30.0,2
202400052915,2024-11-30,soirée,,,93,93048,5,9,3,4,3,Départementale,50.0,1
202400052916,2024-06-09,après-midi,,,93,93078,1,1,2,4,1,Autoroute,110.0,1
202400052917,2024-10-25,soirée,,,62,62075,3,2,1,3,3,Départementale,50.0,2
202400052918,2024-02-12,soirée,,,84,84007,5,1,2,4,4,Voie communale,50.0,1
202400052919,2024-07-11,après-midi,,,94,94015,1,1,1,4,3,Départementale,50.0,1
202400052920,2024-08-14,après-midi,,,28,28033,1,1,1,3,3,Départementale,50.0,1
202400052921,2024-01-02,après-midi,,,93,93027,1,2,6,4,1,Autoroute,70.0,2
202400052922,2024-09-19,nuit,,,75,75105,5,1,3,4,4,Voie communale,30.0,1
202400052923,2024-03-23,après-midi,,,56,56098,1,1,4,4,2,Nationale,90.0,1
202400052924,2024-10-23,après-midi,,,56,56179,1,1,7,3,9,Autre,20.0,1
202400052925,2024-06-09,matin,,,93,93064,1,1,2,4,1,Autoroute,90.0,1
202400052926,2024-11-30,nuit,,,93,93046,5,1,2,4,3,Départementale,50.0,1
202400052927,2024-08-16,matin,,,28,28079,3,1,6,2,3,Départementale,80.0,1
202400052928,2024-07-11,matin,,,93,93078,1,1,6,4,1,Autoroute,50.0,1
202400052929,2024-02-13,nuit,,,83,83137,5,1,1,4,4,Voie communale,20.0,1
202400052930,2024-03-23,matin,,,56,56185,1,1,6,4,2,Nationale,70.0,1
202400052931,2024-06-08,soirée,,,95,95572,1,1,6,4,2,Nationale,90.0,1
202400052932,2024-10-09,matin,,,56,56094,3,3,3,3,3,Départementale,80.0,2
202400052933,2024-05-03,après-midi,,,05,05070,1,1,1,4,3,Départementale,50.0,1
202400052934,2024-01-01,soirée,,,93,93007,5,1,3,4,4,Voie communale,50.0,1
202400052935,2024-08-15,soirée,,,37,37048,1,1,7,4,3,Départementale,80.0,1
202400052936,2024-02-13,soirée,,,83,83137,5,1,6,3,4,Voie communale,50.0,1
202400052937,2024-07-10,après-midi,,,93,93070,1,1,6,4,3,Départementale,50.0,1
202400052938,2024-12-01,nuit,,,93,93063,5,5,3,4,3,Départementale,50.0,1
202400052939,2024-09-18,soirée,,,75,75120,5,1,1,4,4,Voie communale,50.0,1
202400052940,2024-10-24,après-midi,,,76,76188,1,1,7,3,3,Départementale,50.0,1
202400052941,2024-05-02,soirée,,,13,13089,2,2,6,3,3,Départementale,80.0,2
202400052942,2024-06-09,après-midi,,,94,94033,1,1,3,4,1,Autoroute,90.0,1
202400052943,2024-12-01,après-midi,,,93,93008,5,1,6,4,4,Voie communale,30.0,1
202400052944,2024-03-22,après-midi,,,56,56098,1,1,4,4,2,Nationale,50.0,1
202400052945,2024-02-12,matin,,,83,83137,1,1,6,3,4,Voie communale,50.0,1
202400052946,2024-01-02,matin,,,92,92050,1,3,3,3,3,Départementale,50.0,2
202400052947,2024-08-15,après-midi,,,08,08185,1,8,6,4,3,Départementale,50.0,1
202400052948,2024-07-11,après-midi,,,93,93055,1,1,6,4,3,Départementale,50.0,1
202400052949,2024-10-25,soirée,,,2B,2B148,5,1,1,4,3,Départementale,80.0,2
202400052950,2024-09-20,soirée,,,75,75116,1,2,3,4,4,Voie communale,30.0,2
202400052951,2024-06-09,matin,,,94,94052,1,2,6,4,1,Autoroute,90.0,3
202400052952,2024-05-03,soirée,,,21,21295,1,1,6,3,4,Voie communale,50.0,1
202400052953,2024-02-02,matin,,,83,83050,1,7,6,3,4,Voie communale,50.0,1
202400052954,2024-11-30,nuit,,,93,93007,5,1,3,4,4,Voie communale,50.0,1
202400052955,2024-03-26,matin,,,54,54528,1,8,6,4,4,Voie communale,50.0,1
202400052956,2024-10-25,nuit,,,81,81145,5,3,6,3,4,Voie communale,50.0,2
202400052957,2024-07-10,nuit,,,93,93031,2,2,6,4,4,Voie communale,50.0,2
202400052958,2024-01-02,soirée,,,92,92049,5,2,3,4,3,Départementale,50.0,2
202400052959,2024-06-08,soirée,,,77,77121,1,1,6,2,1,Autoroute,70.0,1
202400052960,2024-12-01,nuit,,,92,92075,5,1,6,4,3,Départementale,50.0,1
202400052961,2024-02-13,matin,,,81,81004,1,1,6,3,4,Voie communale,50.0,1
202400052962,2024-04-11,matin,,,38,38425,1,1,3,3,2,Nationale,80.0,1
202400052963,2024-09-20,nuit,,,75,75116,5,1,3,4,4,Voie communale,30.0,1
202400052964,2024-08-15,nuit,,,60,60010,3,1,2,4,1,Autoroute,130.0,1
202400052965,2024-01-03,nuit,,,01,01443,3,1,1,4,3,Départementale,80.0,1
202400052966,2024-03-26,soirée,,,49,49007,5,1,3,4,4,Voie communale,50.0,1
202400052967,2024-10-26,matin,,,89,89325,1,1,3,2,3,Départementale,50.0,1
202400052968,2024-05-04,matin,,,01,01424,1,2,6,3,3,Départementale,80.0,2
202400052969,2024-07-10,nuit,,,93,93014,5,1,3,4,4,Voie communale,50.0,1
202400052970,2024-02-13,après-midi,,,81,81004,1,1,3,3,4,Voie communale,50.0,1
202400052971,2024-06-08,soirée,,,94,94028,1,1,5,4,1,Autoroute,90.0,1
202400052972,2024-11-30,nuit,,,92,92040,5,1,3,4,3,Départementale,30.0,1
202400052973,2024-08-16,après-midi,,,13,13038,1,1,1,4,3,Départementale,30.0,1
202400052974,2024-09-19,nuit,,,75,75108,5,1,1,4,4,Voie communale,30.0,1
202400052975,2024-01-02,après-midi,,,05,05085,1,2,6,3,2,Nationale,50.0,2
202400052976,2024-04-30,après-midi,,,29,29103,1,1,6,3,6,Autre,30.0,1
202400052977,2024-07-11,matin,,,92,92073,1,1,7,4,3,Départementale,50.0,1
202400052978,2024-03-26,soirée,,,49,49007,1,1,4,4,4,Voie communale,90.0,1
202400052979,2024-10-24,matin,,,61,61043,2,1,5,4,3,Départementale,50.0,1
202400052980,2024-05-31,matin,,,44,44109,1,1,6,4,4,Voie communale,50.0,1
202400052981,2024-12-01,après-midi,,,92,92024,1,1,6,4,4,Voie communale,30.0,1
202400052982,2024-08-16,après-midi,,,30,30169,1,1,6,3,1,Autoroute,50.0,1
202400052983,2024-02-13,soirée,,,78,78440,5,2,3,4,3,Départementale,50.0,2
202400052984,2024-01-01,soirée,,,974,97405,1,1,7,4,4,Voie communale,50.0,1
202400052985,2024-04-30,soirée,,,59,59212,1,1,6,3,3,Départementale,70.0,1
202400052986,2024-10-26,après-midi,,,61,61281,1,1,6,3,3,Départementale,50.0,1
202400052987,2024-09-19,nuit,,,75,75116,5,1,2,4,4,Voie communale,50.0,1
202400052988,2024-07-11,après-midi,,,92,92051,1,1,3,4,3,Départementale,50.0,1
202400052989,2024-03-25,après-midi,,,47,47031,1,1,1,3,3,Départementale,80.0,1
202400052990,2024-08-16,matin,,,27,27518,1,2,7,4,1,Autoroute,130.0,2
202400052991,2024-12-01,matin,,,92,92032,1,8,6,2,3,Départementale,30.0,1
202400052992,2024-02-13,nuit,,,77,77077,3,2,2,3,3,Départementale,90.0,2
202400052993,2024-05-31,matin,,,44,44143,1,1,3,4,4,Voie communale,50.0,1
202400052994,2024-05-03,matin,,,13,13117,1,1,3,4,1,Autoroute,90.0,1
202400052995,2024-07-10,après-midi,,,92,92025,1,1,6,4,4,Voie communale,30.0,1
202400052996,2024-09-20,après-midi,,,75,75115,1,1,6,4,4,Voie communale,50.0,1
202400052997,2024-10-22,après-midi,,,49,49215,1,1,5,3,3,Départementale,90.0,1
202400052998,2024-06-12,soirée,,,976,97608,5,1,3,3,3,Départementale,,1
202400052999,2024-03-25,après-midi,,,44,44069,1,1,3,4,3,Départementale,30.0,1
202400053000,2024-12-01,matin,,,92,92032,5,1,6,4,4,Voie communale,30.0,1
202400053001,2024-05-02,soirée,,,83,83090,1,1,2,4,1,Autoroute,110.0,2
202400053002,2024-05-30,après-midi,,,44,44109,1,1,3,4,4,Voie communale,30.0,1
202400053003,2024-02-13,matin,,,77,77243,1,1,3,4,4,Voie communale,30.0,1
202400053004,2024-04-20,nuit,,,974,97418,5,2,7,3,9,Autre,50.0,2
202400053005,2024-09-20,après-midi,,,75,75115,1,1,6,4,4,Voie communale,30.0,1
202400053006,2024-10-25,soirée,,,49,49223,3,2,2,2,3,Départementale,70.0,2
202400053007,2024-12-02,après-midi,,,01,01004,1,1,3,4,4,Voie communale,50.0,1
202400053008,2024-01-03,après-midi,,,41,41103,2,1,1,3,2,Nationale,,2
202400053009,2024-03-26,après-midi,,,43,43157,1,1,3,4,4,Voie communale,50.0,1
202400053010,2024-07-11,matin,,,92,92019,1,1,4,4,3,Départementale,50.0,1
202400053011,2024-05-30,matin,,,44,44109,2,8,3,4,4,Voie communale,50.0,1
202400053012,2024-10-25,soirée,,,34,34154,5,1,6,3,4,Voie communale,30.0,1
202400053013,2024-08-15,matin,,,971,97116,1,1,3,4,2,Nationale,80.0,1
202400053014,2024-05-02,après-midi,,,83,83090,1,2,4,4,1,Autoroute,90.0,2
202400053015,2024-09-19,après-midi,,,75,75115,1,1,3,4,4,Voie communale,30.0,1
202400053016,2024-11-29,après-midi,,,18,18022,1,1,1,2,4,Voie communale,80.0,2
202400053017,2024-01-02,après-midi,,,56,56184,1,1,3,4,3,Départementale,80.0,2
202400053018,2024-07-12,matin,,,54,54071,1,9,6,2,3,Départementale,80.0,1
202400053019,2024-05-29,après-midi,,,44,44109,1,1,3,4,4,Voie communale,50.0,1
202400053020,2024-03-26,après-midi,,,37,37233,1,2,2,4,3,Départementale,50.0,2
202400053021,2024-02-13,soirée,,,76,76540,5,2,3,3,4,Voie communale,50.0,2
202400053022,2024-08-15,soirée,,,971,97117,3,1,1,4,3,Départementale,80.0,1
202400053023,2024-11-30,soirée,,,972,97210,3,1,7,3,3,Départementale,50.0,1
202400053024,2024-10-26,matin,,,29,29174,1,1,2,4,3,Départementale,80.0,1
202400053025,2024-01-01,après-midi,,,12,12270,3,2,7,4,3,Départementale,80.0,2
202400053026,2024-02-21,après-midi,,,62,62525,1,2,6,4,4,Voie communale,50.0,2
202400053027,2024-09-19,après-midi,,,75,75115,1,1,6,4,4,Voie communale,30.0,1
202400053028,2024-05-02,après-midi,,,83,83137,1,2,4,4,1,Autoroute,70.0,2
202400053029,2024-02-13,après-midi,,,76,76351,1,2,6,4,4,Voie communale,50.0,2
202400053030,2024-11-29,après-midi,,,28,28024,1,1,6,3,4,Voie communale,50.0,1
202400053031,2024-03-25,après-midi,,,33,33167,1,1,2,4,4,Voie communale,50.0,1
202400053032,2024-10-25,nuit,,,14,14403,3,8,6,3,3,Départementale,90.0,2
202400053033,2024-09-15,matin,,,33,33349,1,1,2,3,3,Départementale,70.0,1
202400053034,2024-07-10,soirée,,,51,51065,1,1,2,4,2,Nationale,80.0,1
202400053035,2024-01-02,soirée,,,42,42197,3,1,2,3,3,Départementale,50.0,1
202400053036,2024-09-19,matin,,,75,75115,1,1,6,4,4,Voie communale,30.0,1
202400053037,2024-05-03,après-midi,,,33,33249,1,1,2,4,1,Autoroute,90.0,1
202400053038,2024-06-07,après-midi,,,987,98736,1,1,3,4,4,Voie communale,50.0,1
202400053039,2024-02-13,matin,,,76,76351,2,1,6,4,4,Voie communale,50.0,1
202400053040,2024-10-25,après-midi,,,36,36154,1,2,3,4,4,Voie communale,30.0,2
202400053041,2024-03-25,après-midi,,,33,33318,1,1,3,4,4,Voie communale,30.0,1
202400053042,2024-08-15,matin,,,77,77471,1,1,1,4,3,Départementale,70.0,1
202400053043,2024-12-01,soirée,,,54,54067,3,2,1,3,3,Départementale,80.0,2
202400053044,2024-05-01,soirée,,,33,33063,1,3,6,4,1,Autoroute,30.0,2
202400053045,2024-09-20,après-midi,,,75,75114,1,1,7,4,4,Voie communale,50.0,1
202400053046,2024-01-03,après-midi,,,02,02355,1,2,3,3,3,Départementale,50.0,2
202400053047,2024-07-11,après-midi,,,42,42120,1,1,6,3,4,Voie communale,50.0,1
202400053048,2024-08-15,nuit,,,95,95023,3,1,6,3,3,Départementale,90.0,1
202400053049,2024-10-25,après-midi,,,88,88158,1,1,7,4,2,Nationale,110.0,1
202400053050,2024-02-12,soirée,,,76,76305,1,1,2,4,3,Départementale,80.0,1
202400053051,2024-06-07,après-midi,,,974,97416,1,1,2,4,2,Nationale,110.0,1
202400053052,2024-03-25,matin,,,33,33119,1,1,6,4,6,Autre,30.0,1
202400053053,2024-05-02,après-midi,,,59,59123,1,1,6,3,1,Autoroute,130.0,1
202400053054,2024-06-07,après-midi,,,974,97416,1,1,6,4,3,Départementale,50.0,1
202400053055,2024-07-11,matin,,,42,42166,1,1,2,3,3,Départementale,80.0,1
202400053056,2024-12-02,matin,,,84,84039,1,1,3,2,3,Départementale,80.0,1
202400053057,2024-08-16,après-midi,,,2B,2B010,1,1,1,4,2,Nationale,80.0,1
202400053058,2024-09-20,soirée,,,75,75111,1,2,2,4,4,Voie communale,30.0,2
202400053059,2024-01-03,après-midi,,,26,26165,3,1,4,4,3,Départementale,80.0,1
202400053060,2024-02-09,matin,,,72,72181,1,2,3,4,4,Voie communale,,2
202400053061,2024-10-26,après-midi,,,91,91045,1,1,3,3,3,Départementale,80.0,1
202400053062,2024-03-26,matin,,,31,31149,1,2,3,3,4,Voie communale,50.0,2
202400053063,2024-05-03,après-midi,,,91,91689,1,1,2,4,1,Autoroute,110.0,1
202400053064,2024-07-11,soirée,,,81,81133,1,1,7,2,3,Départementale,90.0,1
202400053065,2024-12-01,soirée,,,76,76271,3,9,6,3,3,Départementale,80.0,2
202400053066,2024-06-08,soirée,,,974,97409,3,1,6,3,4,Voie communale,50.0,1
202400053067,2024-02-13,soirée,,,71,71270,5,1,6,4,4,Voie communale,50.0,1
202400053068,2024-08-15,après-midi,,,66,66175,1,1,1,4,3,Départementale,80.0,1
202400053069,2024-01-03,matin,,,26,26124,1,1,1,4,2,Nationale,50.0,1
202400053070,2024-10-26,après-midi,,,06,06150,1,3,6,4,1,Autoroute,110.0,3
202400053071,2024-03-26,matin,,,28,28085,1,2,3,4,6,Autre,20.0,2
202400053072,2024-09-20,matin,,,75,75110,1,1,3,4,4,Voie communale,30.0,1
202400053073,2024-05-03,matin,,,91,91161,1,1,3,4,1,Autoroute,110.0,1
202400053074,2024-12-02,matin,,,79,79034,1,1,1,3,4,Voie communale,30.0,1
202400053075,2024-08-16,après-midi,,,30,30270,1,1,1,3,3,Départementale,50.0,1
202400053076,2024-06-07,nuit,,,973,97302,5,1,3,4,4,Voie communale,50.0,1
202400053077,2024-03-26,après-midi,,,25,25580,1,1,3,4,3,Départementale,50.0,1
202400053078,2024-09-19,nuit,,,75,75108,5,1,2,4,4,Voie communale,30.0,1
202400053079,2024-07-11,soirée,,,51,51476,1,1,5,4,3,Départementale,80.0,1
202400053080,2024-02-13,soirée,,,69,69256,5,1,3,4,4,Voie communale,50.0,1
202400053081,2024-01-02,après-midi,,,07,07198,1,2,5,4,3,Départementale,90.0,2
202400053082,2024-12-01,matin,,,65,65291,1,1,1,4,3,Départementale,50.0,1
202400053083,2024-10-26,nuit,,,84,84039,3,1,4,4,1,Autoroute,130.0,1
202400053084,2024-05-03,matin,,,78,78640,1,1,3,4,2,Nationale,90.0,1
202400053085,2024-03-26,matin,,,22,22215,1,1,6,2,4,Voie communale,50.0,1
202400053086,2024-08-16,après-midi,,,84,84063,1,1,6,4,2,Nationale,70.0,1
202400053087,2024-06-07,après-midi,,,973,97302,1,1,3,4,3,Départementale,50.0,1
202400053088,2024-07-11,matin,,,42,42103,1,1,6,4,4,Voie communale,50.0,1
202400053089,2024-12-01,nuit,,,69,69066,3,9,6,4,3,Départementale,,7
202400053090,2024-02-12,matin,,,69,69271,1,1,3,4,4,Voie communale,50.0,1
202400053091,2024-09-20,matin,,,75,75107,1,1,3,4,4,Voie communale,30.0,1
202400053092,2024-08-16,soirée,,,06,06092,1,1,6,4,4,Voie communale,30.0,1
202400053093,2024-10-25,après-midi,,,69,69007,1,1,3,4,4,Voie communale,50.0,1
202400053094,2024-07-11,nuit,,,60,60224,3,1,6,4,3,Départementale,80.0,1
202400053095,2024-01-03,matin,,,27,27354,2,2,3,4,3,Départementale,80.0,2
202400053096,2024-03-25,après-midi,,,21,21355,1,1,3,3,4,Voie communale,50.0,1
202400053097,2024-06-07,soirée,,,973,97302,3,2,3,4,4,Voie communale,50.0,2
202400053098,2024-05-02,soirée,,,92,92050,1,2,4,4,1,Autoroute,90.0,2
202400053099,2024-12-02,matin,,,63,63414,2,2,1,3,3,Départementale,90.0,2
202400053100,2024-09-20,nuit,,,75,75107,5,1,6,4,4,Voie communale,30.0,1
202400053101,2024-07-12,nuit,,,62,62584,3,3,6,3,3,Départementale,50.0,2
202400053102,2024-08-16,matin,,,05,05070,1,1,6,4,3,Départementale,90.0,1
202400053103,2024-02-12,soirée,,,64,64445,5,1,3,4,4,Voie communale,30.0,2
202400053104,2024-01-03,nuit,,,31,31254,3,1,6,2,3,Départementale,80.0,2
202400053105,2024-10-26,nuit,,,988,98815,2,8,6,4,4,Voie communale,90.0,2
202400053106,2024-12-01,après-midi,,,86,86149,1,1,6,3,3,Départementale,80.0,1
202400053107,2024-03-25,après-midi,,,13,13103,1,1,3,4,4,Voie communale,50.0,1
202400053108,2024-05-03,après-midi,,,95,95488,1,1,3,4,1,Autoroute,110.0,1
202400053109,2024-07-02,matin,,,56,56067,1,1,6,2,3,Départementale,30.0,1
202400053110,2024-06-08,nuit,,,69,69382,5,1,2,4,4,Voie communale,50.0,1
202400053111,2024-09-19,après-midi,,,94,94068,1,1,6,4,4,Voie communale,30.0,1
202400053112,2024-10-26,nuit,,,977,97701,5,1,3,3,3,Départementale,30.0,1
202400053113,2024-08-15,après-midi,,,13,13082,1,1,3,4,3,Départementale,50.0,1
202400053114,2024-02-13,matin,,,64,64122,1,1,3,4,4,Voie communale,30.0,1
202400053115,2024-03-26,soirée,,,13,13213,2,2,6,4,9,Autre,50.0,2
202400053116,2024-12-02,soirée,,,39,39252,3,2,1,2,3,Départementale,90.0,2
202400053117,2024-01-03,après-midi,,,55,55237,1,3,3,3,1,Autoroute,110.0,2
202400053118,2024-05-03,après-midi,,,93,93027,1,1,2,4,1,Autoroute,110.0,1
202400053119,2024-10-24,nuit,,,77,77486,5,1,6,4,3,Départementale,110.0,1
202400053120,2024-02-13,soirée,,,64,64102,1,1,6,4,4,Voie communale,30.0,1
202400053121,2024-07-12,après-midi,,,77,77452,1,1,1,4,3,Départementale,90.0,1
202400053122,2024-06-12,matin,,,13,13014,2,1,2,3,3,Départementale,,1
202400053123,2024-12-01,matin,,,29,29184,1,1,7,3,3,Départementale,80.0,1
202400053124,2024-09-20,soirée,,,94,94016,1,2,3,3,3,Départementale,50.0,2
202400053125,2024-05-03,après-midi,,,94,94069,1,1,2,4,1,Autoroute,90.0,1
202400053126,2024-06-07,après-midi,,,2B,2B037,1,1,5,4,2,Nationale,90.0,1
202400053127,2024-01-02,matin,,,77,77235,3,6,6,4,3,Départementale,80.0,2
202400053128,2024-10-26,après-midi,,,91,91226,1,1,1,4,4,Voie communale,30.0,8
202400053129,2024-03-25,soirée,,,13,13204,5,1,3,4,4,Voie communale,50.0,1
202400053130,2024-07-11,soirée,,,79,79268,3,2,6,4,4,Voie communale,50.0,2
202400053131,2024-05-01,nuit,,,93,93051,3,3,7,4,1,Autoroute,110.0,2
202400053132,2024-12-01,après-midi,,,13,13036,1,1,2,4,4,Voie communale,30.0,1
202400053133,2024-01-03,après-midi,,,77,77474,1,2,6,4,3,Départementale,80.0,2
202400053134,2024-02-13,matin,,,63,63113,1,1,3,3,7,Autre,50.0,1
202400053135,2024-09-20,matin,,,94,94073,1,1,2,4,3,Départementale,50.0,1
202400053136,2024-06-08,après-midi,,,95,95268,1,1,6,4,3,Départementale,50.0,1
202400053137,2024-08-16,matin,,,21,21371,1,1,2,4,3,Départementale,50.0,1
202400053138,2024-10-24,après-midi,,,13,13119,1,1,3,4,3,Départementale,50.0,1
202400053139,2024-03-25,après-midi,,,13,13209,1,6,6,2,3,Départementale,70.0,1
202400053140,2024-07-11,après-midi,,,31,31541,1,7,1,3,7,Autre,50.0,1
202400053141,2024-05-02,matin,,,973,97302,1,3,3,4,3,Départementale,50.0,2
202400053142,2024-06-08,après-midi,,,95,95127,1,1,6,2,4,Voie communale,50.0,1
202400053143,2024-12-01,soirée,,,01,01265,5,1,2,4,3,Départementale,30.0,1
202400053144,2024-09-19,après-midi,,,94,94060,1,1,2,4,3,Départementale,50.0,1
202400053145,2024-02-12,après-midi,,,63,63113,1,1,1,4,7,Autre,50.0,1
202400053146,2024-01-02,soirée,,,77,77171,5,2,6,4,3,Départementale,50.0,2
202400053147,2024-08-12,après-midi,,,88,88196,1,1,3,3,3,Départementale,80.0,1
202400053148,2024-10-25,matin,,,57,57589,1,7,6,3,3,Départementale,50.0,1
202400053149,2024-03-25,matin,,,06,06123,1,1,3,4,4,Voie communale,50.0,1
202400053150,2024-05-01,matin,,,973,97302,1,1,3,4,4,Voie communale,50.0,1
202400053151,2024-12-02,après-midi,,,58,58184,1,1,6,4,3,Départementale,50.0,1
202400053152,2024-06-07,après-midi,,,91,91216,1,1,7,4,4,Voie communale,50.0,1
202400053153,2024-08-14,après-midi,,,73,73051,1,1,3,3,4,Voie communale,30.0,1