Num_Acc,date,time_of_day,lat,long,dep,com,lum,atm,col,severity_index,catr,catr_label,vma,surf
202400053154,2024-01-02,soirée,,,77,77521,3,8,6,3,3,Départementale,,2
202400053155,2024-07-12,matin,,,2B,2B207,1,1,4,4,2,Nationale,70.0,1
202400053156,2024-02-13,matin,,,59,59508,1,1,3,4,7,Autre,50.0,1
202400053157,2024-03-26,matin,,,75,75112,1,2,3,4,4,Voie communale,70.0,2
202400053158,2024-06-08,après-midi,,,91,91114,1,1,6,4,4,Voie communale,50.0,1
202400053159,2024-10-25,soirée,,,29,29104,3,1,6,3,3,Départementale,80.0,6
202400053160,2024-05-02,après-midi,,,69,69388,1,1,3,4,4,Voie communale,30.0,2
202400053161,2024-09-20,soirée,,,93,93071,2,1,5,4,3,Départementale,50.0,1
202400053162,2024-08-15,après-midi,,,33,33077,1,1,3,3,3,Départementale,50.0,1
202400053163,2024-01-02,matin,,,77,77493,3,2,2,3,3,Départementale,80.0,2
202400053164,2024-07-11,matin,,,82,82117,1,1,6,3,3,Départementale,80.0,1
202400053165,2024-02-12,après-midi,,,59,59279,1,7,6,4,4,Voie communale,30.0,1
202400053166,2024-03-25,soirée,,,75,75120,5,1,2,4,4,Voie communale,70.0,1
202400053167,2024-05-02,matin,,,69,69034,1,2,6,3,4,Voie communale,50.0,2
202400053168,2024-01-03,après-midi,,,55,55509,1,2,7,2,3,Départementale,90.0,2
202400053169,2024-06-07,après-midi,,,91,91432,1,1,3,4,4,Voie communale,50.0,1
202400053170,2024-10-25,soirée,,,27,27401,3,2,3,4,3,Départementale,70.0,2
202400053171,2024-08-15,nuit,,,02,02495,3,1,6,4,4,Voie communale,50.0,1
202400053172,2024-09-20,soirée,,,93,93027,1,2,3,4,3,Départementale,50.0,2
202400053173,2024-03-26,matin,,,75,75120,1,2,2,4,4,Voie communale,30.0,2
202400053174,2024-07-11,après-midi,,,33,33424,1,1,3,4,3,Départementale,80.0,1
202400053175,2024-02-12,matin,,,59,59599,1,1,6,4,4,Voie communale,50.0,1
202400053176,2024-05-02,après-midi,,,2B,2B033,1,2,2,4,4,Voie communale,50.0,2
202400053177,2024-08-14,soirée,,,93,93027,3,1,7,4,1,Autoroute,90.0,1
202400053178,2024-01-03,après-midi,,,73,73179,1,1,3,3,4,Voie communale,30.0,1
202400053179,2024-06-06,après-midi,,,83,83123,1,1,2,4,3,Départementale,50.0,1
202400053180,2024-10-25,après-midi,,,13,13215,1,1,2,4,1,Autoroute,90.0,1
202400053181,2024-09-20,soirée,,,93,93050,1,2,3,4,4,Voie communale,30.0,2
202400053182,2024-02-12,matin,,,59,59008,2,1,1,3,4,Voie communale,50.0,3
202400053183,2024-03-25,après-midi,,,75,75117,1,1,1,4,4,Voie communale,30.0,1
202400053184,2024-07-12,soirée,,,71,71261,1,1,3,4,3,Départementale,80.0,1
202400053185,2024-05-06,soirée,,,83,83118,1,1,7,3,4,Voie communale,30.0,1
202400053186,2024-05-19,matin,,,45,45169,1,1,3,4,4,Voie communale,30.0,1
202400053187,2024-05-01,après-midi,,,2B,2B120,1,3,2,4,2,Nationale,50.0,3
202400053188,2024-10-24,soirée,,,13,13214,2,1,7,4,1,Autoroute,70.0,1
202400053189,2024-01-03,après-midi,,,42,42022,1,1,2,4,3,Départementale,50.0,1
202400053190,2024-02-13,matin,,,59,59122,1,7,6,4,3,Départementale,50.0,1
202400053191,2024-09-19,après-midi,,,93,93030,1,1,2,4,4,Voie communale,50.0,1
202400053192,2024-01-22,matin,,,28,28085,2,1,6,4,3,Départementale,30.0,1
202400053193,2024-03-26,nuit,,,75,75117,5,1,2,4,4,Voie communale,30.0,1
202400053194,2024-05-02,après-midi,,,95,95607,1,3,2,4,3,Départementale,50.0,2
202400053195,2024-07-11,après-midi,,,71,71010,1,1,3,2,3,Départementale,80.0,1
202400053196,2024-02-12,après-midi,,,54,54395,1,1,3,4,4,Voie communale,30.0,1
202400053197,2024-01-01,après-midi,,,38,38507,1,1,3,4,3,Départementale,50.0,1
202400053198,2024-05-01,soirée,,,89,89387,3,3,7,4,4,Voie communale,50.0,2
202400053199,2024-08-14,matin,,,987,98735,1,1,1,3,2,Nationale,30.0,1
202400053200,2024-10-23,nuit,,,42,42237,3,8,5,3,2,Nationale,110.0,2
202400053201,2024-09-20,nuit,,,93,93057,5,1,1,4,4,Voie communale,50.0,1
202400053202,2024-06-08,matin,,,78,78423,2,7,2,4,3,Départementale,70.0,1
202400053203,2024-03-26,après-midi,,,75,75116,1,2,3,4,4,Voie communale,50.0,2
202400053204,2024-07-10,après-midi,,,89,89136,1,1,3,4,3,Départementale,90.0,1
202400053205,2024-09-20,matin,,,92,92078,1,1,6,4,3,Départementale,50.0,1
202400053206,2024-08-14,après-midi,,,974,97416,1,1,3,4,4,Voie communale,50.0,1
202400053207,2024-02-12,matin,,,54,54395,1,1,2,4,4,Voie communale,30.0,1
202400053208,2024-06-08,soirée,,,77,77122,1,1,7,3,3,Départementale,80.0,1
202400053209,2024-01-03,soirée,,,86,86294,3,2,1,2,2,Nationale,80.0,2
202400053210,2024-04-30,soirée,,,87,87085,1,2,3,4,3,Départementale,50.0,2
202400053211,2024-10-24,après-midi,,,57,57474,1,1,2,4,1,Autoroute,110.0,1
202400053212,2024-03-26,soirée,,,75,75115,5,2,6,3,4,Voie communale,30.0,2
202400053213,2024-12-01,après-midi,,,66,66147,2,1,6,4,2,Nationale,30.0,1
202400053214,2024-07-11,nuit,,,63,63040,4,1,7,3,4,Voie communale,50.0,1
202400053215,2024-01-02,matin,,,85,85071,2,2,6,4,3,Départementale,80.0,2
202400053216,2024-02-13,après-midi,,,54,54149,1,1,6,3,3,Départementale,50.0,1
202400053217,2024-10-25,soirée,,,33,33550,1,3,7,4,1,Autoroute,90.0,2
202400053218,2024-09-20,nuit,,,92,92072,3,1,7,4,3,Départementale,50.0,1
202400053219,2024-05-02,après-midi,,,83,83126,1,2,3,3,3,Départementale,50.0,2
202400053220,2024-06-08,nuit,,,77,77449,2,1,3,4,3,Départementale,70.0,1
202400053221,2024-08-14,matin,,,974,97411,1,1,3,4,4,Voie communale,50.0,1
202400053222,2024-07-09,matin,,,55,55573,1,1,7,3,4,Voie communale,50.0,1
202400053223,2024-03-24,soirée,,,75,75115,1,1,2,4,4,Voie communale,30.0,1
202400053224,2024-11-28,matin,,,60,60471,1,1,6,4,3,Départementale,30.0,1
202400053225,2024-06-07,après-midi,,,77,77333,1,7,6,4,4,Voie communale,5.0,1
202400053226,2024-02-12,soirée,,,51,51454,5,2,3,4,4,Voie communale,50.0,2
202400053227,2024-05-02,matin,,,81,81004,1,2,6,4,3,Départementale,50.0,2
202400053228,2024-10-24,après-midi,,,59,59343,1,1,2,4,1,Autoroute,90.0,1
202400053229,2024-09-20,matin,,,92,92036,2,1,2,4,3,Départementale,50.0,1
202400053230,2024-01-02,soirée,,,85,85003,5,3,3,3,4,Voie communale,50.0,2
202400053231,2024-08-14,matin,,,974,97411,1,1,6,4,4,Voie communale,50.0,1
202400053232,2024-07-12,soirée,,,49,49214,1,1,1,4,4,Voie communale,80.0,1
202400053233,2024-05-01,après-midi,,,80,80021,1,1,6,4,4,Voie communale,30.0,1
202400053234,2024-06-08,soirée,,,72,72181,1,1,3,4,4,Voie communale,50.0,1
202400053235,2024-01-30,après-midi,,,50,50129,1,1,4,4,3,Départementale,70.0,1
202400053236,2024-08-09,matin,,,974,97411,1,1,7,2,2,Nationale,90.0,1
202400053237,2024-03-26,soirée,,,75,75114,5,2,2,4,4,Voie communale,50.0,2
202400053238,2024-11-20,soirée,,,45,45233,5,1,3,4,3,Départementale,50.0,1
202400053239,2024-10-25,matin,,,91,91136,1,1,4,4,1,Autoroute,70.0,1
202400053240,2024-09-19,après-midi,,,92,92025,1,1,3,4,3,Départementale,30.0,1
202400053241,2024-07-11,après-midi,,,49,49283,1,1,1,4,3,Départementale,80.0,1
202400053242,2024-01-03,après-midi,,,62,62505,1,4,6,4,1,Autoroute,130.0,7
202400053243,2024-06-07,après-midi,,,72,72181,1,1,2,4,3,Départementale,90.0,1
202400053244,2024-03-26,après-midi,,,75,75114,1,2,6,4,4,Voie communale,30.0,2
202400053245,2024-02-08,soirée,,,49,49099,5,1,4,4,3,Départementale,50.0,2
202400053246,2024-10-25,matin,,,91,91086,1,1,3,4,2,Nationale,90.0,1
202400053247,2024-12-01,nuit,,,64,64329,5,1,6,2,3,Départementale,50.0,1
202400053248,2024-09-20,matin,,,92,92012,1,1,3,4,4,Voie communale,30.0,1
202400053249,2024-08-14,après-midi,,,972,97213,1,1,5,4,1,Autoroute,90.0,1
202400053250,2024-01-01,nuit,,,38,38184,3,1,2,3,1,Autoroute,110.0,2
202400053251,2024-07-08,matin,,,42,42208,1,1,1,4,7,Autre,80.0,1
202400053252,2024-02-13,soirée,,,49,49099,1,1,7,2,3,Départementale,50.0,1
202400053253,2024-04-30,après-midi,,,76,76351,1,1,3,4,4,Voie communale,50.0,1
202400053254,2024-10-25,nuit,,,92,92076,3,1,6,4,1,Autoroute,70.0,1
202400053255,2024-12-02,soirée,,,18,18088,3,1,7,2,3,Départementale,90.0,2
202400053256,2024-06-07,après-midi,,,69,69092,1,1,3,4,4,Voie communale,50.0,1
202400053257,2024-03-26,matin,,,75,75113,1,1,3,4,4,Voie communale,30.0,1
202400053258,2024-08-14,soirée,,,95,95539,1,1,6,3,6,Autre,50.0,1
202400053259,2024-01-01,nuit,,,91,91064,3,3,2,4,2,Nationale,90.0,2
202400053260,2024-09-20,matin,,,92,92012,1,1,3,4,4,Voie communale,30.0,1
202400053261,2024-12-01,matin,,,53,53273,1,1,7,3,3,Départementale,80.0,1
202400053262,2024-10-25,soirée,,,93,93053,3,1,3,4,1,Autoroute,70.0,1
202400053263,2024-07-12,après-midi,,,68,68235,1,7,1,4,3,Départementale,80.0,1
202400053264,2024-05-02,matin,,,71,71270,1,2,6,4,4,Voie communale,30.0,2
202400053265,2024-02-13,soirée,,,44,44020,1,2,5,4,2,Nationale,90.0,2
202400053266,2024-01-02,matin,,,93,93027,2,2,6,4,1,Autoroute,50.0,2
202400053267,2024-08-15,nuit,,,91,91286,5,1,6,4,4,Voie communale,50.0,1
202400053268,2024-06-07,après-midi,,,64,64483,1,1,3,4,3,Départementale,50.0,1
202400053269,2024-12-02,matin,,,24,24547,3,1,6,2,3,Départementale,50.0,1
202400053270,2024-03-26,matin,,,75,75112,1,2,3,4,4,Voie communale,30.0,2
202400053271,2024-09-21,nuit,,,41,41204,3,1,1,3,3,Départementale,80.0,1
202400053272,2024-10-25,après-midi,,,94,94018,1,1,2,4,1,Autoroute,90.0,1
202400053273,2024-05-03,nuit,,,69,69259,5,2,6,4,7,Autre,50.0,2
202400053274,2024-01-01,soirée,,,93,93053,3,1,6,3,1,Autoroute,90.0,1
202400053275,2024-07-11,matin,,,31,31582,1,1,3,4,3,Départementale,50.0,1
202400053276,2024-06-08,matin,,,64,64445,1,1,6,4,4,Voie communale,50.0,1
202400053277,2024-12-01,nuit,,,17,17180,3,5,7,3,3,Départementale,80.0,2
202400053278,2024-08-14,matin,,,91,91589,1,1,3,4,4,Voie communale,50.0,1
202400053279,2024-01-01,matin,,,93,93063,1,1,6,2,1,Autoroute,90.0,1
202400053280,2024-05-02,nuit,,,69,69290,5,2,6,4,4,Voie communale,50.0,2
202400053281,2024-10-25,après-midi,,,77,77373,1,1,2,4,2,Nationale,90.0,1
202400053282,2024-02-04,après-midi,,,42,42218,1,1,5,3,4,Voie communale,50.0,1
202400053283,2024-09-20,soirée,,,06,06161,5,1,3,4,3,Départementale,50.0,1
202400053284,2024-12-01,nuit,,,23,23112,3,2,6,3,3,Départementale,90.0,2
202400053285,2024-03-25,après-midi,,,75,75111,1,1,3,4,4,Voie communale,30.0,1
202400053286,2024-05-02,après-midi,,,67,67482,1,2,7,4,4,Voie communale,50.0,2
202400053287,2024-07-11,après-midi,,,38,38073,1,1,1,3,3,Départementale,50.0,1
202400053288,2024-06-07,matin,,,63,63300,1,1,3,4,4,Voie communale,50.0,1
202400053289,2024-01-01,soirée,,,94,94069,3,1,2,4,1,Autoroute,90.0,1
202400053290,2024-02-07,après-midi,,,42,42095,1,1,3,4,7,Autre,50.0,1
202400053291,2024-09-21,après-midi,,,36,36116,1,1,1,4,3,Départementale,80.0,1
202400053292,2024-03-26,après-midi,,,75,75108,1,2,3,4,4,Voie communale,30.0,2
202400053293,2024-12-02,après-midi,,,53,53062,1,1,6,3,3,Départementale,70.0,1
202400053294,2024-07-03,après-midi,,,32,32013,1,1,3,4,4,Voie communale,70.0,1
202400053295,2024-06-07,soirée,,,60,60057,1,1,6,4,4,Voie communale,50.0,1
202400053296,2024-08-13,matin,,,87,87085,1,1,4,4,1,Autoroute,110.0,1
202400053297,2024-07-11,soirée,,,02,02061,1,1,1,3,3,Départementale,,1
202400053298,2024-05-02,après-midi,,,66,66136,1,8,4,4,3,Départementale,110.0,1
202400053299,2024-01-01,après-midi,,,974,97416,1,3,2,4,4,Voie communale,80.0,2
202400053300,2024-09-20,soirée,,,28,28358,3,3,6,3,3,Départementale,80.0,2
202400053301,2024-02-13,matin,,,41,41018,1,1,1,4,4,Voie communale,50.0,1
202400053302,2024-12-02,matin,,,38,38310,1,1,6,4,1,Autoroute,130.0,1
202400053303,2024-03-26,nuit,,,75,75115,5,1,6,4,4,Voie communale,30.0,1
202400053304,2024-08-14,nuit,,,83,83129,5,1,6,3,3,Départementale,50.0,1
202400053305,2024-07-11,après-midi,,,14,14092,1,1,2,3,4,Voie communale,50.0,1
202400053306,2024-01-01,soirée,,,974,97411,5,1,2,4,2,Nationale,50.0,1
202400053307,2024-06-05,nuit,,,59,59467,2,1,6,4,3,Départementale,70.0,1
202400053308,2024-06-13,après-midi,,,32,32013,1,1,4,4,3,Départementale,80.0,1
202400053309,2024-09-21,après-midi,,,57,57732,1,7,6,2,3,Départementale,,1
202400053310,2024-12-02,matin,,,63,63311,1,2,2,4,1,Autoroute,130.0,2
202400053311,2024-02-13,soirée,,,37,37122,1,8,3,4,4,Voie communale,50.0,1
202400053312,2024-05-01,soirée,,,62,62108,1,1,3,4,4,Voie communale,50.0,1
202400053313,2024-01-01,matin,,,971,97113,1,1,7,4,4,Voie communale,30.0,1
202400053314,2024-09-20,matin,,,51,51029,2,1,7,3,3,Départementale,80.0,1
202400053315,2024-03-26,matin,,,75,75104,1,2,6,4,4,Voie communale,30.0,2
202400053316,2024-06-10,après-midi,,,32,32013,1,1,7,3,5,Autre,30.0,9
202400053317,2024-07-11,après-midi,,,09,09032,1,1,1,3,2,Nationale,80.0,1
202400053318,2024-02-13,matin,,,37,37122,1,1,7,4,4,Voie communale,50.0,1
202400053319,2024-08-14,matin,,,83,83069,1,1,3,4,3,Départementale,50.0,1
202400053320,2024-06-08,après-midi,,,56,56098,1,1,3,4,4,Voie communale,30.0,1
202400053321,2024-12-02,après-midi,,,38,38048,1,1,1,3,3,Départementale,70.0,1
202400053322,2024-04-30,après-midi,,,57,57597,1,1,7,3,4,Voie communale,30.0,1
202400053323,2024-01-01,après-midi,,,91,91514,1,1,2,4,3,Départementale,50.0,1
202400053324,2024-06-06,après-midi,,,32,32013,1,1,3,4,4,Voie communale,30.0,1
202400053325,2024-09-21,après-midi,,,56,56211,1,1,3,4,3,Départementale,80.0,1
202400053326,2024-03-26,matin,,,75,75104,1,2,3,4,4,Voie communale,30.0,2
202400053327,2024-12-01,soirée,,,971,97103,1,1,6,3,4,Voie communale,50.0,1
202400053328,2024-05-01,matin,,,54,54036,1,1,7,3,4,Voie communale,50.0,1
202400053329,2024-07-08,après-midi,,,16,16292,1,1,2,3,3,Départementale,50.0,1
202400053330,2024-02-13,après-midi,,,35,35238,1,8,3,4,4,Voie communale,30.0,1
202400053331,2024-06-08,après-midi,,,56,56121,1,1,1,4,4,Voie communale,30.0,1
202400053332,2024-08-14,après-midi,,,80,80021,1,1,3,4,4,Voie communale,30.0,1
202400053333,2024-06-03,après-midi,,,32,32013,1,1,7,4,9,Autre,10.0,1
202400053334,2024-01-01,soirée,,,91,91326,5,2,1,4,3,Départementale,50.0,2
202400053335,2024-09-21,nuit,,,2B,2B319,3,1,7,3,2,Nationale,50.0,1
202400053336,2024-12-01,nuit,,,33,33229,3,1,7,3,3,Départementale,110.0,1
202400053337,2024-03-25,après-midi,,,75,75101,1,1,7,4,4,Voie communale,30.0,1
202400053338,2024-05-02,soirée,,,51,51454,1,2,6,4,4,Voie communale,50.0,2
202400053339,2024-08-14,soirée,,,77,77447,1,1,7,4,3,Départementale,80.0,1
202400053340,2024-06-07,après-midi,,,54,54528,1,7,6,3,4,Voie communale,50.0,1
202400053341,2024-05-04,après-midi,,,32,32013,1,1,7,4,4,Voie communale,50.0,1
202400053342,2024-07-11,après-midi,,,07,07095,1,3,1,4,3,Départementale,80.0,2
202400053343,2024-02-13,matin,,,35,35051,1,1,3,4,4,Voie communale,30.0,1
202400053344,2024-09-21,après-midi,,,32,32160,1,2,6,2,3,Départementale,110.0,2
202400053345,2024-01-01,matin,,,91,91326,1,1,3,4,3,Départementale,1.0,1
202400053346,2024-03-25,matin,,,94,94081,1,1,6,4,3,Départementale,50.0,1
202400053347,2024-07-11,après-midi,,,53,53096,1,1,7,3,4,Voie communale,50.0,1
202400053348,2024-11-29,soirée,,,974,97403,5,1,3,3,3,Départementale,50.0,1
202400053349,2024-05-02,soirée,,,51,51055,1,2,3,4,4,Voie communale,50.0,2
202400053350,2024-08-14,matin,,,77,77243,1,1,7,4,4,Voie communale,50.0,1
202400053351,2024-09-20,soirée,,,63,63238,3,1,6,3,9,Autre,50.0,2
202400053352,2024-04-24,après-midi,,,32,32013,1,1,2,4,4,Voie communale,50.0,1
202400053353,2024-02-13,matin,,,35,35238,2,1,1,3,4,Voie communale,30.0,1
202400053354,2024-11-25,soirée,,,78,78034,3,3,6,3,3,Départementale,80.0,2
202400053355,2024-06-07,après-midi,,,54,54547,1,1,4,4,4,Voie communale,70.0,1
202400053356,2024-07-11,après-midi,,,53,53042,1,1,1,4,3,Départementale,80.0,1
202400053357,2024-01-02,nuit,,,69,69282,5,1,6,4,4,Voie communale,50.0,1
202400053358,2024-09-20,après-midi,,,63,63003,1,1,6,3,3,Départementale,50.0,1
202400053359,2024-12-01,soirée,,,05,05118,3,1,6,3,3,Départementale,90.0,1
202400053360,2024-05-02,après-midi,,,51,51454,1,2,3,4,4,Voie communale,50.0,2
202400053361,2024-08-13,après-midi,,,66,66136,1,2,1,4,4,Voie communale,50.0,2
202400053362,2024-03-25,nuit,,,94,94041,5,1,3,4,3,Départementale,,1
202400053363,2024-04-23,soirée,,,32,32013,2,8,6,4,3,Départementale,50.0,1
202400053364,2024-02-12,après-midi,,,35,35115,1,1,3,4,4,Voie communale,30.0,1
202400053365,2024-06-08,nuit,,,54,54578,5,1,6,4,4,Voie communale,50.0,1
202400053366,2024-03-29,après-midi,,,32,32295,1,1,6,3,4,Voie communale,50.0,1
202400053367,2024-07-09,nuit,,,40,40243,3,1,1,3,3,Départementale,80.0,1
202400053368,2024-01-01,soirée,,,59,59183,5,1,6,4,4,Voie communale,50.0,1
202400053369,2024-03-26,soirée,,,93,93064,1,1,7,3,4,Voie communale,50.0,1
202400053370,2024-11-30,après-midi,,,13,13076,1,1,3,3,3,Départementale,80.0,1
202400053371,2024-09-20,après-midi,,,63,63040,1,1,3,3,3,Départementale,90.0,1
202400053372,2024-02-12,après-midi,,,35,35115,1,1,6,3,4,Voie communale,50.0,1
202400053373,2024-08-14,matin,,,64,64189,1,2,3,4,4,Voie communale,50.0,2
202400053374,2024-05-01,soirée,,,50,50129,1,1,3,4,4,Voie communale,50.0,1
202400053375,2024-01-01,soirée,,,51,51573,5,1,7,4,4,Voie communale,50.0,1
202400053376,2024-12-02,matin,,,89,89003,1,8,2,3,1,Autoroute,130.0,2
202400053377,2024-07-10,après-midi,,,04,04160,1,1,6,3,6,Autre,50.0,1
202400053378,2024-03-26,après-midi,,,93,93050,1,2,6,4,3,Départementale,,2
202400053379,2024-06-07,soirée,,,50,50218,1,1,5,4,3,Départementale,70.0,1
202400053380,2024-02-12,après-midi,,,34,34108,1,8,6,4,3,Départementale,50.0,1
202400053381,2024-10-24,soirée,,,988,98818,5,1,2,4,4,Voie communale,50.0,1
202400053382,2024-08-13,soirée,,,64,64129,1,1,7,4,4,Voie communale,50.0,1
202400053383,2024-09-20,nuit,,,49,49345,3,1,1,4,3,Départementale,80.0,2
202400053384,2024-07-11,nuit,,,27,27198,3,8,6,4,3,Départementale,80.0,1
202400053385,2024-05-02,matin,,,49,49007,1,1,3,4,4,Voie communale,50.0,1
202400053386,2024-06-08,après-midi,,,45,45285,1,1,6,3,4,Voie communale,50.0,1
202400053387,2024-12-01,après-midi,,,57,57474,1,1,6,3,3,Départementale,50.0,1
202400053388,2024-02-13,matin,,,34,34172,1,1,3,4,7,Autre,70.0,1
202400053389,2024-01-01,soirée,,,35,35281,3,3,4,4,2,Nationale,90.0,2
202400053390,2024-08-14,soirée,,,64,64102,1,1,7,4,4,Voie communale,30.0,1
202400053391,2024-10-24,après-midi,,,974,97411,1,1,2,4,4,Voie communale,50.0,1
202400053392,2024-03-02,matin,,,93,93064,1,3,5,4,4,Voie communale,50.0,2
202400053393,2024-09-20,matin,,,12,12039,1,1,6,2,3,Départementale,90.0,1
202400053394,2024-12-01,matin,,,03,03243,1,1,6,2,4,Voie communale,90.0,6
202400053395,2024-06-07,après-midi,,,44,44184,1,1,3,3,4,Voie communale,50.0,1
202400053396,2024-05-02,matin,,,49,49246,1,1,3,4,4,Voie communale,50.0,1
202400053397,2024-01-01,après-midi,,,35,35238,1,1,6,4,4,Voie communale,30.0,1
202400053398,2024-10-24,matin,,,974,97411,1,1,6,4,4,Voie communale,50.0,1
202400053399,2024-09-20,soirée,,,42,42059,3,1,6,3,3,Départementale,80.0,1
202400053400,2024-02-12,après-midi,,,34,34129,1,2,4,4,4,Voie communale,50.0,2
202400053401,2024-07-11,après-midi,,,28,28422,1,8,3,4,3,Départementale,80.0,1
202400053402,2024-08-14,matin,,,64,64102,2,2,5,4,4,Voie communale,30.0,2
202400053403,2024-03-23,nuit,,,92,92063,5,1,3,4,3,Départementale,30.0,1
202400053404,2024-09-21,après-midi,,,39,39025,1,1,7,3,4,Voie communale,80.0,1
202400053405,2024-11-30,soirée,,,38,38298,5,1,3,3,4,Voie communale,50.0,1
202400053406,2024-10-23,matin,,,974,97409,1,1,2,4,3,Départementale,30.0,1
202400053407,2024-06-07,après-midi,,,42,42187,1,1,1,4,4,Voie communale,50.0,1
202400053408,2024-07-11,après-midi,,,52,52003,1,1,7,3,3,Départementale,80.0,1
202400053409,2024-02-14,soirée,,,33,33063,5,1,2,4,4,Voie communale,50.0,1
202400053410,2024-05-02,matin,,,49,49007,2,1,3,4,4,Voie communale,50.0,2
202400053411,2024-01-01,matin,,,35,35238,5,1,3,4,4,Voie communale,30.0,1
202400053412,2024-03-25,après-midi,,,92,92063,1,1,2,4,3,Départementale,50.0,1
202400053413,2024-09-21,matin,,,39,39230,1,1,6,4,3,Départementale,30.0,1
202400053414,2024-04-14,matin,,,64,64102,2,2,5,4,4,Voie communale,30.0,2
202400053415,2024-07-11,après-midi,,,987,98752,1,1,1,2,2,Nationale,40.0,1
202400053416,2024-10-23,après-midi,,,974,97407,1,1,2,4,2,Nationale,110.0,1
202400053417,2024-12-02,matin,,,01,01424,3,1,3,3,3,Départementale,50.0,1
202400053418,2024-06-08,soirée,,,41,41295,2,1,3,4,3,Départementale,80.0,1
202400053419,2024-09-20,après-midi,,,25,25519,1,1,7,3,3,Départementale,90.0,9
202400053420,2024-05-02,après-midi,,,38,38053,1,2,3,4,4,Voie communale,50.0,2
202400053421,2024-08-11,après-midi,,,62,62587,1,7,6,4,4,Voie communale,50.0,1
202400053422,2024-01-01,nuit,,,34,34172,5,1,2,4,4,Voie communale,50.0,1
202400053423,2024-10-29,après-midi,,,69,69072,1,1,7,3,7,Autre,80.0,9
202400053424,2024-03-25,soirée,,,92,92050,2,1,2,4,4,Voie communale,50.0,1
202400053425,2024-10-24,après-midi,,,973,97309,1,1,2,4,4,Voie communale,50.0,1
202400053426,2024-06-08,après-midi,,,38,38151,1,1,6,3,4,Voie communale,50.0,1
202400053427,2024-08-10,après-midi,,,62,62497,1,7,6,4,4,Voie communale,50.0,1
202400053428,2024-02-10,après-midi,,,31,31555,1,2,3,3,1,Autoroute,90.0,2
202400053429,2024-01-01,nuit,,,33,33039,5,2,7,4,4,Voie communale,70.0,2
202400053430,2024-07-11,après-midi,,,18,18279,1,1,2,4,1,Autoroute,110.0,1
202400053431,2024-08-14,nuit,,,60,60057,5,1,6,4,3,Départementale,50.0,1
202400053432,2024-05-01,matin,,,34,34172,2,2,6,3,4,Voie communale,30.0,2
202400053433,2024-09-20,après-midi,,,25,25133,2,1,3,4,3,Départementale,50.0,1
202400053434,2024-10-24,après-midi,,,973,97302,1,1,3,4,4,Voie communale,50.0,1
202400053435,2024-12-01,après-midi,,,17,17273,1,1,1,3,3,Départementale,80.0,1
202400053436,2024-03-26,nuit,,,92,92025,5,2,3,4,3,Départementale,50.0,2
202400053437,2024-02-13,soirée,,,30,30007,5,1,3,4,4,Voie communale,50.0,1
202400053438,2024-06-08,après-midi,,,38,38053,1,1,2,4,4,Voie communale,50.0,1
202400053439,2024-05-01,nuit,,,34,34172,5,2,7,3,4,Voie communale,50.0,2
202400053440,2024-03-26,soirée,,,92,92012,5,3,7,4,4,Voie communale,30.0,2
202400053441,2024-01-01,nuit,,,33,33529,5,2,3,4,4,Voie communale,50.0,2
202400053442,2024-02-13,matin,,,29,29232,1,2,6,4,4,Voie communale,50.0,2
202400053443,2024-12-02,après-midi,,,85,85300,1,1,2,4,3,Départementale,110.0,1
202400053444,2024-07-12,matin,,,69,69102,2,1,6,4,1,Autoroute,110.0,1
202400053445,2024-10-23,soirée,,,973,97302,5,1,3,4,4,Voie communale,50.0,1
202400053446,2024-05-02,après-midi,,,31,31555,1,1,6,3,4,Voie communale,30.0,1
202400053447,2024-09-19,matin,,,44,44163,1,1,3,4,3,Départementale,80.0,1
202400053448,2024-06-08,nuit,,,37,37261,4,1,2,3,4,Voie communale,50.0,1
202400053449,2024-10-23,matin,,,973,97302,1,2,7,4,2,Nationale,30.0,2
202400053450,2024-03-26,après-midi,,,92,92012,1,2,3,4,3,Départementale,30.0,2
202400053451,2024-01-01,nuit,,,31,31555,5,1,1,4,7,Autre,30.0,1
202400053452,2024-09-21,nuit,,,29,29158,3,1,6,2,4,Voie communale,80.0,2
202400053453,2024-12-02,matin,,,44,44094,1,1,3,4,7,Autre,80.0,2
202400053454,2024-05-02,soirée,,,29,29232,1,1,1,4,4,Voie communale,50.0,1
202400053455,2024-02-12,matin,,,26,26362,1,1,4,4,3,Départementale,80.0,1
202400053456,2024-07-11,après-midi,,,86,86083,1,1,2,4,1,Autoroute,130.0,1
202400053457,2024-08-14,soirée,,,59,59512,1,1,1,3,4,Voie communale,50.0,1
202400053458,2024-10-23,matin,,,973,97302,2,2,2,4,2,Nationale,90.0,2
202400053459,2024-03-26,matin,,,92,92014,1,2,3,4,3,Départementale,30.0,2
202400053460,2024-09-20,après-midi,,,38,38263,1,1,7,3,3,Départementale,80.0,1
202400053461,2024-06-08,après-midi,,,35,35238,1,1,3,3,4,Voie communale,30.0,1
202400053462,2024-01-01,après-midi,,,18,18033,1,1,7,2,4,Voie communale,50.0,2
202400053463,2024-12-02,matin,,,50,50564,2,2,5,4,3,Départementale,80.0,2
202400053464,2024-05-02,matin,,,29,29232,1,1,3,4,4,Voie communale,50.0,1