Num_Acc,date,time_of_day,lat,long,dep,com,lum,atm,col,severity_index,catr,catr_label,vma,surf
202400053465,2024-08-13,nuit,,,57,57240,5,1,6,4,3,Départementale,50.0,1
202400053466,2024-02-13,matin,,,26,26058,1,1,3,4,4,Voie communale,50.0,1
202400053467,2024-10-24,matin,,,69,69386,1,1,3,4,4,Voie communale,30.0,1
202400053468,2024-07-11,après-midi,,,974,97418,1,1,1,3,2,Nationale,50.0,1
202400053469,2024-03-27,nuit,,,974,97415,5,1,6,4,3,Départementale,50.0,1
202400053470,2024-11-30,soirée,,,14,14206,3,1,7,2,3,Départementale,50.0,2
202400053471,2024-05-02,matin,,,26,26198,1,1,6,4,4,Voie communale,30.0,1
202400053472,2024-06-08,après-midi,,,35,35238,1,1,3,4,4,Voie communale,30.0,1
202400053473,2024-01-01,soirée,,,17,17306,5,2,1,4,4,Voie communale,50.0,2
202400053474,2024-08-14,après-midi,,,56,56260,1,1,3,3,4,Voie communale,50.0,1
202400053475,2024-07-12,nuit,,,973,97305,3,2,7,4,2,Nationale,80.0,2
202400053476,2024-02-12,après-midi,,,19,19031,1,1,3,4,4,Voie communale,50.0,2
202400053477,2024-12-02,matin,,,14,14728,2,1,7,3,3,Départementale,70.0,1
202400053478,2024-03-26,soirée,,,01,01085,2,3,3,4,3,Départementale,80.0,2
202400053479,2024-01-01,matin,,,13,13075,5,1,1,4,4,Voie communale,30.0,1
202400053480,2024-06-08,matin,,,34,34108,1,8,3,4,4,Voie communale,50.0,1
202400053481,2024-08-14,nuit,,,56,56121,4,1,6,4,4,Voie communale,30.0,1
202400053482,2024-09-20,soirée,,,72,72103,2,1,3,4,3,Départementale,90.0,1
202400053483,2024-05-02,après-midi,,,24,24037,1,2,3,4,4,Voie communale,30.0,2
202400053484,2024-02-13,matin,,,15,15014,1,9,6,4,3,Départementale,70.0,7
202400053485,2024-10-24,matin,,,972,97213,1,1,4,4,1,Autoroute,90.0,1
202400053486,2024-07-11,après-midi,,,978,97801,1,1,1,2,4,Voie communale,50.0,1
202400053487,2024-11-30,soirée,,,29,29046,3,2,2,4,4,Voie communale,70.0,2
202400053488,2024-07-11,après-midi,,,29,29234,1,3,7,4,4,Voie communale,50.0,2
202400053489,2024-03-25,matin,,,67,67559,1,1,1,3,3,Départementale,80.0,1
202400053490,2024-05-02,matin,,,22,22106,1,1,3,4,3,Départementale,50.0,1
202400053491,2024-08-13,après-midi,,,56,56121,1,1,3,4,3,Départementale,30.0,1
202400053492,2024-06-08,nuit,,,34,34172,5,1,6,3,7,Autre,50.0,1
202400053493,2024-02-13,après-midi,,,13,13205,1,1,2,4,4,Voie communale,50.0,1
202400053494,2024-09-21,nuit,,,72,72320,5,1,3,3,4,Voie communale,80.0,1
202400053495,2024-10-24,après-midi,,,69,69034,1,1,1,3,4,Voie communale,50.0,1
202400053496,2024-01-01,soirée,,,06,06004,5,1,2,4,4,Voie communale,50.0,1
202400053497,2024-08-13,après-midi,,,56,56098,1,1,6,4,4,Voie communale,50.0,1
202400053498,2024-07-09,nuit,,,78,78513,3,1,6,3,2,Nationale,110.0,1
202400053499,2024-12-02,après-midi,,,22,22389,2,7,5,2,4,Voie communale,50.0,1
202400053500,2024-05-02,soirée,,,18,18033,1,1,3,3,3,Départementale,50.0,1
202400053501,2024-03-25,après-midi,,,06,06149,1,1,3,4,7,Autre,50.0,1
202400053502,2024-09-20,soirée,,,72,72381,1,1,1,4,3,Départementale,90.0,1
202400053503,2024-02-13,après-midi,,,13,13214,1,1,3,4,4,Voie communale,50.0,1
202400053504,2024-10-24,après-midi,,,69,69389,1,1,6,4,4,Voie communale,30.0,1
202400053505,2024-06-08,matin,,,34,34172,1,1,7,4,7,Autre,30.0,1
202400053506,2024-07-08,nuit,,,34,34176,3,1,7,3,3,Départementale,80.0,1
202400053507,2024-12-01,après-midi,,,13,13015,1,1,6,4,1,Autoroute,90.0,1
202400053508,2024-08-14,après-midi,,,50,50147,1,1,6,4,4,Voie communale,50.0,1
202400053509,2024-10-24,après-midi,,,91,91174,1,1,2,4,3,Départementale,50.0,1
202400053510,2024-01-01,nuit,,,06,06155,5,1,1,4,3,Départementale,50.0,2
202400053511,2024-03-27,nuit,,,44,44212,3,1,6,2,2,Nationale,110.0,1
202400053512,2024-09-21,matin,,,14,14726,1,2,3,4,3,Départementale,70.0,2
202400053513,2024-02-13,matin,,,12,12145,1,5,1,4,3,Départementale,90.0,2
202400053514,2024-11-30,après-midi,,,13,13215,3,1,4,3,1,Autoroute,90.0,1
202400053515,2024-07-11,après-midi,,,83,83063,1,1,3,4,3,Départementale,80.0,1
202400053516,2024-08-12,après-midi,,,50,50129,1,1,2,4,2,Nationale,70.0,1
202400053517,2024-06-07,après-midi,,,34,34172,1,1,2,4,4,Voie communale,50.0,1
202400053518,2024-10-24,matin,,,91,91223,2,1,3,4,4,Voie communale,50.0,1
202400053519,2024-02-12,soirée,,,10,10362,3,8,6,4,3,Départementale,110.0,2
202400053520,2024-04-27,après-midi,,,15,15014,1,1,6,4,4,Voie communale,20.0,1
202400053521,2024-01-01,soirée,,,75,75120,5,1,3,4,4,Voie communale,30.0,1
202400053522,2024-11-29,matin,,,13,13106,1,1,3,4,1,Autoroute,90.0,1
202400053523,2024-08-14,soirée,,,49,49267,1,1,7,4,1,Autoroute,130.0,1
202400053524,2024-03-27,après-midi,,,10,10340,1,1,3,3,4,Voie communale,50.0,1
202400053525,2024-06-09,nuit,,,29,29232,5,1,6,3,3,Départementale,50.0,1
202400053526,2024-07-12,matin,,,83,83107,1,1,1,4,3,Départementale,70.0,1
202400053527,2024-02-12,après-midi,,,10,10387,1,1,6,2,4,Voie communale,50.0,1
202400053528,2024-01-01,soirée,,,75,75118,5,1,6,4,4,Voie communale,30.0,1
202400053529,2024-03-26,après-midi,,,71,71204,1,2,6,3,1,Autoroute,130.0,2
202400053530,2024-09-20,matin,,,14,14626,2,1,3,4,3,Départementale,70.0,1
202400053531,2024-05-02,après-midi,,,13,13211,1,2,3,3,4,Voie communale,50.0,2
202400053532,2024-10-23,matin,,,88,88160,1,1,3,4,4,Voie communale,50.0,1
202400053533,2024-06-08,après-midi,,,27,27229,1,1,7,4,4,Voie communale,50.0,1
202400053534,2024-08-14,soirée,,,49,49007,1,1,2,4,4,Voie communale,50.0,1
202400053535,2024-11-30,soirée,,,13,13106,3,1,2,4,1,Autoroute,90.0,1
202400053536,2024-03-27,nuit,,,76,76177,3,1,6,3,3,Départementale,80.0,1
202400053537,2024-09-21,nuit,,,50,50490,3,1,6,3,3,Départementale,80.0,1
202400053538,2024-02-12,après-midi,,,10,10387,1,1,6,4,4,Voie communale,50.0,1
202400053539,2024-05-02,matin,,,13,13203,1,2,3,4,4,Voie communale,50.0,2
202400053540,2024-01-01,après-midi,,,75,75114,1,1,2,4,4,Voie communale,30.0,1
202400053541,2024-11-30,nuit,,,13,13071,3,1,3,4,1,Autoroute,90.0,1
202400053542,2024-06-08,nuit,,,22,22106,5,1,3,4,4,Voie communale,50.0,1
202400053543,2024-07-11,matin,,,05,05122,1,1,4,4,2,Nationale,50.0,1
202400053544,2024-09-21,matin,,,90,90052,1,1,6,3,3,Départementale,50.0,1
202400053545,2024-05-02,matin,,,13,13211,1,2,6,4,4,Voie communale,30.0,2
202400053546,2024-02-13,soirée,,,09,09122,3,1,6,3,3,Départementale,70.0,1
202400053547,2024-10-23,après-midi,,,87,87085,1,1,3,4,4,Voie communale,50.0,1
202400053548,2024-11-29,soirée,,,13,13028,3,1,7,4,1,Autoroute,130.0,1
202400053549,2024-08-14,après-midi,,,47,47001,1,2,4,4,4,Voie communale,50.0,2
202400053550,2024-01-01,nuit,,,75,75110,5,1,2,4,4,Voie communale,30.0,1
202400053551,2024-03-25,matin,,,42,42097,1,7,1,4,7,Autre,80.0,1
202400053552,2024-07-10,après-midi,,,13,13081,1,1,3,3,3,Départementale,90.0,1
202400053553,2024-09-20,soirée,,,36,36070,3,1,6,4,3,Départementale,80.0,1
202400053554,2024-05-02,nuit,,,13,13211,5,2,6,3,9,Autre,50.0,2
202400053555,2024-10-23,après-midi,,,87,87085,1,1,3,4,4,Voie communale,50.0,1
202400053556,2024-11-29,matin,,,67,67152,2,5,2,4,7,Autre,80.0,1
202400053557,2024-08-14,nuit,,,44,44143,5,1,3,4,4,Voie communale,50.0,1
202400053558,2024-03-25,après-midi,,,86,86082,1,1,3,3,2,Nationale,110.0,1
202400053559,2024-09-20,après-midi,,,07,07230,1,1,7,3,3,Départementale,90.0,1
202400053560,2024-07-12,après-midi,,,13,13004,1,1,1,4,3,Départementale,,1
202400053561,2024-02-13,nuit,,,06,06088,5,1,3,4,4,Voie communale,50.0,1
202400053562,2024-05-02,nuit,,,13,13047,3,8,1,4,3,Départementale,80.0,2
202400053563,2024-10-23,matin,,,83,83069,5,8,3,4,3,Départementale,70.0,1
202400053564,2024-06-07,soirée,,,18,18279,1,1,4,4,3,Départementale,80.0,1
202400053565,2024-01-01,nuit,,,75,75108,4,1,3,4,4,Voie communale,30.0,1
202400053566,2024-12-01,nuit,,,33,33039,5,1,6,4,1,Autoroute,30.0,1
202400053567,2024-05-02,matin,,,11,11069,1,2,6,4,3,Départementale,50.0,2
202400053568,2024-02-12,matin,,,06,06088,5,1,6,4,4,Voie communale,50.0,1
202400053569,2024-09-20,soirée,,,27,27090,2,1,6,4,3,Départementale,50.0,1
202400053570,2024-10-24,matin,,,82,82121,1,1,7,4,4,Voie communale,50.0,1
202400053571,2024-06-09,nuit,,,13,13103,5,1,6,4,4,Voie communale,50.0,1
202400053572,2024-08-14,soirée,,,38,38185,1,1,3,4,4,Voie communale,30.0,1
202400053573,2024-07-11,après-midi,,,25,25465,1,1,3,3,3,Départementale,50.0,1
202400053574,2024-03-25,après-midi,,,68,68004,1,1,2,4,3,Départementale,80.0,1
202400053575,2024-01-01,matin,,,75,75101,5,1,6,4,4,Voie communale,30.0,1
202400053576,2024-06-05,nuit,,,13,13103,2,1,1,4,4,Voie communale,30.0,1
202400053577,2024-12-01,soirée,,,91,91689,3,1,2,4,1,Autoroute,90.0,1
202400053578,2024-02-13,matin,,,06,06027,1,1,3,4,7,Autre,50.0,1
202400053579,2024-03-26,nuit,,,25,25058,5,1,6,3,3,Départementale,50.0,2
202400053580,2024-06-21,soirée,,,52,52050,3,8,6,3,4,Voie communale,80.0,1
202400053581,2024-09-21,matin,,,30,30346,1,1,3,3,3,Départementale,70.0,1
202400053582,2024-10-24,matin,,,81,81065,1,1,2,4,4,Voie communale,50.0,1
202400053583,2024-05-01,soirée,,,10,10333,1,1,3,4,4,Voie communale,50.0,1
202400053584,2024-08-14,matin,,,37,37208,1,1,2,4,4,Voie communale,50.0,1
202400053585,2024-01-01,soirée,,,94,94078,5,2,3,3,2,Nationale,50.0,2
202400053586,2024-06-08,soirée,,,13,13209,2,1,7,4,3,Départementale,50.0,1
202400053587,2024-02-12,matin,,,05,05061,1,1,3,4,4,Voie communale,50.0,1
202400053588,2024-07-12,soirée,,,51,51429,2,2,7,4,3,Départementale,80.0,2
202400053589,2024-03-26,après-midi,,,29,29111,1,1,1,3,3,Départementale,80.0,1
202400053590,2024-11-30,après-midi,,,94,94038,3,2,4,4,1,Autoroute,90.0,2
202400053591,2024-08-14,après-midi,,,36,36044,1,1,3,3,4,Voie communale,50.0,1
202400053592,2024-09-21,après-midi,,,88,88165,1,1,1,4,3,Départementale,50.0,1
202400053593,2024-02-12,après-midi,,,01,01053,1,1,6,4,4,Voie communale,50.0,1
202400053594,2024-06-07,après-midi,,,13,13208,1,1,3,3,4,Voie communale,30.0,1
202400053595,2024-05-01,après-midi,,,10,10387,1,1,3,4,4,Voie communale,50.0,1
202400053596,2024-07-09,soirée,,,88,88398,1,1,6,3,3,Départementale,80.0,1
202400053597,2024-01-01,nuit,,,94,94078,5,1,2,4,2,Nationale,50.0,1
202400053598,2024-10-24,matin,,,78,78029,1,1,4,4,3,Départementale,50.0,1
202400053599,2024-02-13,soirée,,,75,75119,5,1,7,4,4,Voie communale,70.0,3
202400053600,2024-07-12,nuit,,,42,42324,3,2,7,4,4,Voie communale,50.0,2
202400053601,2024-08-14,après-midi,,,36,36044,1,1,3,4,4,Voie communale,50.0,1
202400053602,2024-12-01,soirée,,,93,93066,5,1,2,4,1,Autoroute,50.0,1
202400053603,2024-06-07,après-midi,,,13,13028,1,1,2,4,4,Voie communale,50.0,1
202400053604,2024-05-02,matin,,,75,75120,1,1,6,3,4,Voie communale,30.0,1
202400053605,2024-09-20,après-midi,,,987,98734,1,3,1,2,2,Nationale,60.0,2
202400053606,2024-03-27,soirée,,,31,31361,1,1,2,4,3,Départementale,80.0,1
202400053607,2024-01-01,soirée,,,94,94043,5,3,6,4,3,Départementale,30.0,2
202400053608,2024-10-24,après-midi,,,77,77108,1,7,3,2,3,Départementale,50.0,1
202400053609,2024-02-13,matin,,,75,75118,1,1,2,4,4,Voie communale,70.0,1
202400053610,2024-06-03,après-midi,,,10,10387,1,1,6,4,4,Voie communale,50.0,1
202400053611,2024-07-11,matin,,,07,07324,1,1,3,4,3,Départementale,50.0,1
202400053612,2024-03-27,matin,,,31,31584,1,1,6,2,3,Départementale,80.0,1
202400053613,2024-05-02,soirée,,,75,75119,2,2,6,4,4,Voie communale,30.0,2
202400053614,2024-12-01,soirée,,,93,93048,3,1,2,4,1,Autoroute,90.0,1
202400053615,2024-01-01,soirée,,,93,93062,5,1,6,4,3,Départementale,50.0,1
202400053616,2024-08-15,nuit,,,35,35238,5,1,3,4,4,Voie communale,30.0,1
202400053617,2024-10-23,matin,,,77,77288,1,1,6,4,4,Voie communale,50.0,1
202400053618,2024-02-12,après-midi,,,75,75115,1,1,2,4,4,Voie communale,70.0,1
202400053619,2024-03-25,après-midi,,,58,58095,1,1,2,4,3,Départementale,50.0,1
202400053620,2024-07-12,après-midi,,,01,01301,1,1,2,4,3,Départementale,50.0,2
202400053621,2024-06-08,nuit,,,09,09207,3,1,1,4,3,Départementale,50.0,1
202400053622,2024-05-02,soirée,,,75,75116,5,1,2,4,4,Voie communale,30.0,2
202400053623,2024-12-01,matin,,,95,95018,2,1,2,4,1,Autoroute,110.0,1
202400053624,2024-10-23,après-midi,,,77,77288,1,1,6,4,3,Départementale,50.0,1
202400053625,2024-03-02,après-midi,,,14,14318,1,1,7,3,3,Départementale,90.0,1
202400053626,2024-08-14,après-midi,,,34,34172,1,1,3,4,4,Voie communale,50.0,1
202400053627,2024-02-13,après-midi,,,75,75110,1,1,3,3,4,Voie communale,30.0,2
202400053628,2024-07-11,après-midi,,,69,69021,1,1,3,3,3,Départementale,90.0,1
202400053629,2024-01-01,matin,,,93,93077,5,1,5,4,3,Départementale,50.0,1
202400053630,2024-06-08,soirée,,,06,06030,1,1,3,4,4,Voie communale,50.0,1
202400053631,2024-12-01,nuit,,,93,93027,5,1,2,4,1,Autoroute,50.0,1
202400053632,2024-03-26,soirée,,,09,09148,1,2,6,3,3,Départementale,80.0,2
202400053633,2024-08-15,nuit,,,22,22278,3,1,7,3,4,Voie communale,70.0,1
202400053634,2024-05-02,nuit,,,75,75109,5,2,3,4,4,Voie communale,30.0,2
202400053635,2024-02-11,nuit,,,75,75118,5,2,6,4,4,Voie communale,30.0,2
202400053636,2024-07-11,soirée,,,69,69287,1,8,3,4,3,Départementale,50.0,2
202400053637,2024-12-01,nuit,,,94,94028,3,1,2,4,1,Autoroute,90.0,1
202400053638,2024-01-01,soirée,,,92,92050,5,2,3,4,3,Départementale,50.0,2
202400053639,2024-06-08,nuit,,,75,75120,5,1,6,4,4,Voie communale,70.0,1
202400053640,2024-08-04,soirée,,,14,14167,1,1,6,4,4,Voie communale,50.0,1
202400053641,2024-05-02,après-midi,,,75,75108,1,2,6,4,4,Voie communale,50.0,2
202400053642,2024-10-23,matin,,,77,77058,1,1,5,4,4,Voie communale,50.0,1
202400053643,2024-02-13,soirée,,,75,75120,5,2,3,4,4,Voie communale,30.0,2
202400053644,2024-07-13,nuit,,,55,55072,3,2,7,4,3,Départementale,90.0,2
202400053645,2024-07-10,soirée,,,69,69204,1,1,2,4,4,Voie communale,50.0,1
202400053646,2024-03-26,après-midi,,,21,21399,2,3,3,4,3,Départementale,90.0,2
202400053647,2024-06-07,soirée,,,75,75117,1,1,2,4,4,Voie communale,70.0,1
202400053648,2024-07-11,nuit,,,79,79049,3,1,7,3,3,Départementale,80.0,2
202400053649,2024-09-26,soirée,,,43,43041,1,2,6,4,2,Nationale,90.0,2
202400053650,2024-10-24,matin,,,76,76005,2,1,1,4,4,Voie communale,30.0,1
202400053651,2024-01-01,soirée,,,92,92040,3,2,4,4,3,Départementale,50.0,2
202400053652,2024-03-27,après-midi,,,40,40131,1,1,3,3,3,Départementale,80.0,1
202400053653,2024-08-14,soirée,,,13,13210,1,1,2,4,4,Voie communale,50.0,1
202400053654,2024-02-13,après-midi,,,75,75115,2,1,3,4,4,Voie communale,30.0,1
202400053655,2024-05-02,après-midi,,,75,75108,1,1,2,4,4,Voie communale,30.0,2
202400053656,2024-09-10,après-midi,,,43,43153,1,1,6,3,2,Nationale,90.0,1
202400053657,2024-10-23,après-midi,,,76,76351,1,1,1,4,4,Voie communale,50.0,1
202400053658,2024-07-09,après-midi,,,33,33234,1,9,3,4,3,Départementale,80.0,1
202400053659,2024-06-07,après-midi,,,75,75112,1,1,2,4,4,Voie communale,50.0,1
202400053660,2024-03-26,soirée,,,40,40320,2,1,6,3,3,Départementale,80.0,1
202400053661,2024-08-14,après-midi,,,13,13214,1,1,3,4,3,Départementale,50.0,1
202400053662,2024-01-02,après-midi,,,81,81145,1,1,3,2,3,Départementale,50.0,1
202400053663,2024-02-13,soirée,,,75,75111,2,2,6,4,4,Voie communale,30.0,2
202400053664,2024-09-08,après-midi,,,43,43111,1,3,7,4,2,Nationale,80.0,2
202400053665,2024-05-02,après-midi,,,75,75107,1,2,3,4,4,Voie communale,30.0,2
202400053666,2024-10-24,après-midi,,,72,72181,1,1,3,4,4,Voie communale,50.0,1
202400053667,2024-06-07,matin,,,75,75120,1,1,2,3,4,Voie communale,70.0,1
202400053668,2024-07-11,après-midi,,,13,13214,1,1,2,4,1,Autoroute,90.0,1
202400053669,2024-09-21,après-midi,,,21,21473,1,1,2,4,7,Autre,80.0,1
202400053670,2024-03-19,soirée,,,28,28116,2,1,3,4,3,Départementale,50.0,1
202400053671,2024-09-04,après-midi,,,43,43205,1,2,1,4,3,Départementale,80.0,2
202400053672,2024-01-02,soirée,,,2A,2A272,5,1,3,4,2,Nationale,50.0,1
202400053673,2024-02-13,après-midi,,,75,75110,1,8,6,4,4,Voie communale,30.0,2
202400053674,2024-05-02,après-midi,,,94,94041,1,1,2,4,3,Départementale,50.0,1
202400053675,2024-10-22,après-midi,,,67,67482,1,8,6,4,4,Voie communale,50.0,1
202400053676,2024-07-26,nuit,,,28,28088,5,2,6,3,3,Départementale,50.0,2
202400053677,2024-07-11,matin,,,13,13070,1,1,6,4,1,Autoroute,90.0,1
202400053678,2024-08-14,matin,,,13,13216,1,1,3,4,7,Autre,50.0,1
202400053679,2024-01-01,nuit,,,51,51224,3,1,7,4,2,Nationale,110.0,1
202400053680,2024-02-13,soirée,,,75,75109,5,2,7,4,4,Voie communale,30.0,2
202400053681,2024-03-27,matin,,,03,03243,1,1,6,4,1,Autoroute,130.0,1
202400053682,2024-03-01,soirée,,,77,77153,1,1,2,4,2,Nationale,110.0,1
202400053683,2024-05-02,matin,,,94,94073,1,1,6,4,3,Départementale,50.0,1
202400053684,2024-06-07,nuit,,,75,75106,5,1,3,4,4,Voie communale,30.0,1
202400053685,2024-08-14,nuit,,,13,13204,5,1,3,2,4,Voie communale,50.0,1
202400053686,2024-07-11,après-midi,,,91,91339,1,1,2,4,2,Nationale,110.0,1
202400053687,2024-03-27,matin,,,38,38140,1,2,2,4,1,Autoroute,130.0,2
202400053688,2024-10-24,soirée,,,64,64445,5,1,6,4,4,Voie communale,30.0,1
202400053689,2024-02-13,matin,,,75,75109,1,1,6,4,4,Voie communale,30.0,1
202400053690,2024-01-01,après-midi,,,01,01434,1,1,1,4,3,Départementale,80.0,1
202400053691,2024-05-01,nuit,,,94,94003,5,2,6,4,3,Départementale,50.0,2
202400053692,2024-07-22,après-midi,,,28,28024,1,1,4,4,3,Départementale,80.0,1
202400053693,2024-09-20,soirée,,,78,78246,3,8,1,3,3,Départementale,80.0,2
202400053694,2024-07-11,nuit,,,94,94037,3,1,6,4,1,Autoroute,90.0,1
202400053695,2024-06-07,après-midi,,,75,75118,1,1,3,4,4,Voie communale,30.0,1
202400053696,2024-08-13,soirée,,,13,13207,1,1,3,3,4,Voie communale,50.0,1
202400053697,2024-05-02,nuit,,,94,94033,5,8,6,4,3,Départementale,50.0,2
202400053698,2024-10-24,après-midi,,,64,64129,1,1,6,4,6,Autre,30.0,1
202400053699,2024-02-13,matin,,,75,75107,1,1,3,4,4,Voie communale,30.0,1
202400053700,2024-01-01,soirée,,,34,34032,3,1,2,3,1,Autoroute,130.0,1
202400053701,2024-03-27,soirée,,,84,84003,1,1,3,4,3,Départementale,50.0,1
202400053702,2024-06-08,nuit,,,75,75117,5,1,7,4,4,Voie communale,30.0,1
202400053703,2024-07-20,soirée,,,28,28348,1,1,3,4,3,Départementale,80.0,1
202400053704,2024-02-13,après-midi,,,75,75104,1,1,7,4,4,Voie communale,30.0,1
202400053705,2024-03-27,nuit,,,08,08058,3,2,7,4,1,Autoroute,90.0,2
202400053706,2024-09-20,soirée,,,38,38468,1,1,3,3,2,Nationale,50.0,1
202400053707,2024-08-08,soirée,,,12,12176,1,1,1,3,3,Départementale,90.0,1
202400053708,2024-07-11,après-midi,,,95,95277,1,1,2,4,1,Autoroute,110.0,1
202400053709,2024-05-02,soirée,,,94,94004,1,2,6,4,3,Départementale,,2
202400053710,2024-01-01,après-midi,,,38,38301,1,1,7,3,3,Départementale,80.0,1
202400053711,2024-06-07,soirée,,,75,75115,1,1,6,3,4,Voie communale,50.0,1
202400053712,2024-07-16,matin,,,28,28006,1,1,2,4,3,Départementale,80.0,1
202400053713,2024-10-23,soirée,,,63,63224,3,1,2,4,3,Départementale,110.0,1
202400053714,2024-03-27,matin,,,03,03243,1,8,1,4,3,Départementale,90.0,2
202400053715,2024-08-14,matin,,,11,11262,1,1,6,4,4,Voie communale,30.0,1
202400053716,2024-01-01,nuit,,,89,89027,3,8,6,3,3,Départementale,90.0,1
202400053717,2024-02-13,matin,,,75,75104,1,1,1,4,4,Voie communale,30.0,1
202400053718,2024-09-18,soirée,,,44,44201,1,1,3,3,3,Départementale,70.0,1
202400053719,2024-07-11,après-midi,,,93,93010,1,1,2,4,1,Autoroute,90.0,1
202400053720,2024-05-02,après-midi,,,94,94002,1,3,6,4,4,Voie communale,50.0,2
202400053721,2024-07-15,après-midi,,,28,28164,1,1,3,4,1,Autoroute,130.0,1
202400053722,2024-06-08,après-midi,,,75,75114,1,1,3,4,4,Voie communale,50.0,1
202400053723,2024-10-24,matin,,,63,63113,1,1,6,4,4,Voie communale,50.0,1
202400053724,2024-03-24,soirée,,,42,42272,2,1,6,4,4,Voie communale,70.0,1
202400053725,2024-08-14,nuit,,,06,06069,5,2,1,4,4,Voie communale,50.0,2
202400053726,2024-02-10,après-midi,,,94,94042,1,1,1,4,3,Départementale,30.0,1
202400053727,2024-07-11,après-midi,,,93,93008,1,1,2,4,1,Autoroute,90.0,1
202400053728,2024-01-01,matin,,,56,56193,1,6,3,3,3,Départementale,80.0,2
202400053729,2024-09-19,soirée,,,44,44026,2,1,3,3,7,Autre,50.0,1
202400053730,2024-07-14,soirée,,,28,28322,1,1,1,4,3,Départementale,50.0,1
202400053731,2024-05-02,nuit,,,93,93064,2,1,7,4,4,Voie communale,50.0,1
202400053732,2024-08-13,après-midi,,,06,06030,1,1,3,3,4,Voie communale,50.0,1
202400053733,2024-10-23,matin,,,62,62239,3,8,6,3,4,Voie communale,50.0,2
202400053734,2024-06-08,nuit,,,75,75107,3,1,6,4,4,Voie communale,30.0,1
202400053735,2024-02-13,soirée,,,94,94041,5,2,6,4,3,Départementale,50.0,2
202400053736,2024-07-11,après-midi,,,93,93027,1,1,7,4,1,Autoroute,90.0,1
202400053737,2024-10-23,après-midi,,,62,62457,1,1,7,4,3,Départementale,50.0,1
202400053738,2024-01-02,matin,,,77,77032,1,3,6,4,3,Départementale,50.0,2
202400053739,2024-08-14,soirée,,,75,75120,1,1,1,4,4,Voie communale,30.0,1
202400053740,2024-06-16,soirée,,,28,28140,2,8,6,4,3,Départementale,30.0,2
202400053741,2024-07-11,matin,,,95,95252,1,1,7,4,1,Autoroute,90.0,1
202400053742,2024-06-08,soirée,,,75,75110,1,1,1,4,4,Voie communale,30.0,1
202400053743,2024-05-02,nuit,,,93,93046,3,2,1,4,3,Départementale,50.0,2
202400053744,2024-02-12,après-midi,,,94,94017,1,1,2,4,3,Départementale,50.0,1
202400053745,2024-09-20,nuit,,,76,76276,3,1,1,3,4,Voie communale,30.0,1
202400053746,2024-03-25,après-midi,,,38,38176,1,1,1,3,3,Départementale,70.0,1
202400053747,2024-10-23,matin,,,62,62847,1,1,6,2,3,Départementale,50.0,1
202400053748,2024-01-01,soirée,,,76,76521,3,2,6,4,4,Voie communale,50.0,2
202400053749,2024-06-08,après-midi,,,28,28173,1,1,7,3,3,Départementale,50.0,1
202400053750,2024-06-07,après-midi,,,75,75110,1,1,6,4,4,Voie communale,,1
202400053751,2024-08-14,matin,,,75,75112,1,1,3,4,4,Voie communale,30.0,1
202400053752,2024-07-11,nuit,,,93,93048,3,1,2,4,1,Autoroute,90.0,1
202400053753,2024-10-24,matin,,,59,59392,2,1,6,3,3,Départementale,50.0,1
202400053754,2024-09-21,après-midi,,,80,80421,1,1,2,4,1,Autoroute,130.0,1
202400053755,2024-01-01,soirée,,,32,32426,5,1,7,3,3,Départementale,,1
202400053756,2024-02-12,soirée,,,93,93070,5,9,3,4,4,Voie communale,50.0,2
202400053757,2024-03-26,après-midi,,,38,38357,1,1,1,4,4,Voie communale,50.0,2
202400053758,2024-05-02,après-midi,,,93,93046,1,2,6,3,4,Voie communale,50.0,2
202400053759,2024-07-15,soirée,,,28,28121,1,1,2,2,1,Autoroute,130.0,1
202400053760,2024-08-14,soirée,,,75,75108,1,1,6,4,4,Voie communale,30.0,1
202400053761,2024-06-08,après-midi,,,75,75107,1,1,1,4,4,Voie communale,30.0,1
202400053762,2024-02-13,nuit,,,93,93064,3,1,1,4,4,Voie communale,50.0,1
202400053763,2024-05-29,soirée,,,93,93063,2,1,3,4,1,Autoroute,90.0,1
202400053764,2024-11-27,matin,,,972,97209,1,1,6,4,3,Départementale,50.0,1
202400053765,2024-01-01,nuit,,,89,89139,3,1,7,3,4,Voie communale,90.0,1
202400053766,2024-02-13,matin,,,93,93048,1,1,3,4,3,Départementale,30.0,1
202400053767,2024-05-02,après-midi,,,93,93027,1,2,2,3,3,Départementale,50.0,2
202400053768,2024-03-22,après-midi,,,46,46102,1,1,1,4,3,Départementale,80.0,1
202400053769,2024-10-24,après-midi,,,53,53130,1,1,6,2,3,Départementale,50.0,1
202400053770,2024-08-14,matin,,,94,94068,1,1,6,4,3,Départementale,30.0,1
202400053771,2024-09-17,après-midi,,,13,13001,1,8,5,4,1,Autoroute,90.0,2
202400053772,2024-06-08,soirée,,,75,75101,1,1,3,4,4,Voie communale,30.0,1
202400053773,2024-07-02,après-midi,,,44,44143,1,8,2,4,4,Voie communale,50.0,1
202400053774,2024-11-30,soirée,,,974,97407,3,1,6,2,2,Nationale,50.0,1
202400053775,2024-01-01,après-midi,,,63,63081,2,1,6,4,9,Autre,80.0,6
202400053776,2024-08-12,soirée,,,94,94068,1,1,7,4,3,Départementale,30.0,1
202400053777,2024-02-12,après-midi,,,93,93032,1,1,3,4,3,Départementale,50.0,1