Num_Acc,date,time_of_day,lat,long,dep,com,lum,atm,col,severity_index,catr,catr_label,vma,surf
202400053778,2024-03-27,nuit,,,72,72264,5,1,3,4,4,Voie communale,50.0,1
202400053779,2024-09-20,nuit,,,13,13005,3,1,6,3,1,Autoroute,90.0,1
202400053780,2024-11-30,après-midi,,,973,97302,1,1,7,4,4,Voie communale,50.0,1
202400053781,2024-06-08,nuit,,,75,75104,5,1,6,4,4,Voie communale,30.0,1
202400053782,2024-10-15,après-midi,,,52,52121,1,1,3,3,4,Voie communale,50.0,1
202400053783,2024-05-02,matin,,,93,93008,1,1,3,4,3,Départementale,50.0,1
202400053784,2024-06-18,soirée,,,44,44190,5,8,3,4,4,Voie communale,50.0,1
202400053785,2024-02-13,matin,,,92,92062,1,8,3,4,4,Voie communale,50.0,1
202400053786,2024-01-01,après-midi,,,49,49050,1,2,1,3,4,Voie communale,30.0,2
202400053787,2024-08-13,nuit,,,94,94022,5,1,3,4,3,Départementale,50.0,1
202400053788,2024-11-29,nuit,,,973,97302,5,1,3,4,4,Voie communale,50.0,1
202400053789,2024-09-20,après-midi,,,59,59462,1,1,2,3,1,Autoroute,130.0,1
202400053790,2024-06-08,après-midi,,,94,94081,1,1,3,4,3,Départementale,50.0,1
202400053791,2024-10-24,matin,,,47,47323,1,1,3,4,2,Nationale,,1
202400053792,2024-02-08,après-midi,,,92,92051,1,1,6,4,4,Voie communale,50.0,1
202400053793,2024-07-09,matin,,,974,97407,1,1,3,4,2,Nationale,50.0,1
202400053794,2024-05-01,soirée,,,93,93005,1,1,3,4,3,Départementale,,1
202400053795,2024-11-30,après-midi,,,972,97213,1,1,6,4,2,Nationale,90.0,1
202400053796,2024-08-14,après-midi,,,94,94069,1,1,6,4,4,Voie communale,30.0,1
202400053797,2024-01-01,nuit,,,25,25381,3,2,7,3,3,Départementale,80.0,2
202400053798,2024-10-23,après-midi,,,47,47027,1,7,2,4,3,Départementale,80.0,1
202400053799,2024-06-08,après-midi,,,94,94078,1,1,6,4,3,Départementale,,1
202400053800,2024-03-26,après-midi,,,13,13071,1,2,2,4,1,Autoroute,90.0,2
202400053801,2024-09-20,après-midi,,,91,91645,1,1,4,4,2,Nationale,90.0,1
202400053802,2024-07-10,après-midi,,,973,97302,1,1,3,4,3,Départementale,50.0,1
202400053803,2024-02-13,soirée,,,92,92062,5,2,3,4,3,Départementale,50.0,2
202400053804,2024-11-30,après-midi,,,69,69202,1,1,6,3,4,Voie communale,50.0,1
202400053805,2024-05-02,après-midi,,,93,93001,1,1,3,3,3,Départementale,50.0,1
202400053806,2024-08-14,après-midi,,,94,94017,1,1,2,4,3,Départementale,50.0,1
202400053807,2024-06-08,nuit,,,94,94081,5,1,3,3,3,Départementale,50.0,1
202400053808,2024-10-23,soirée,,,44,44109,1,1,3,4,4,Voie communale,30.0,1
202400053809,2024-07-10,soirée,,,69,69385,1,2,7,4,4,Voie communale,30.0,2
202400053810,2024-03-25,matin,,,13,13055,1,1,5,4,1,Autoroute,110.0,1
202400053811,2024-11-30,après-midi,,,971,97101,1,1,6,4,3,Départementale,50.0,1
202400053812,2024-05-02,après-midi,,,92,92062,1,3,6,4,4,Voie communale,50.0,2
202400053813,2024-01-01,après-midi,,,44,44098,1,2,1,2,3,Départementale,50.0,2
202400053814,2024-09-19,après-midi,,,92,92051,1,1,4,4,2,Nationale,70.0,1
202400053815,2024-02-13,soirée,,,92,92026,5,2,3,4,3,Départementale,50.0,2
202400053816,2024-08-14,soirée,,,93,93066,1,1,3,4,4,Voie communale,,1
202400053817,2024-11-29,après-midi,,,971,97101,1,1,7,4,2,Nationale,90.0,1
202400053818,2024-10-24,matin,,,41,41269,5,1,3,4,4,Voie communale,50.0,1
202400053819,2024-07-10,après-midi,,,2A,2A004,1,1,3,4,2,Nationale,50.0,1
202400053820,2024-01-01,matin,,,44,44115,1,1,6,3,3,Départementale,80.0,2
202400053821,2024-05-02,soirée,,,75,75117,1,2,2,4,4,Voie communale,50.0,2
202400053822,2024-03-26,matin,,,83,83144,1,2,2,4,1,Autoroute,70.0,2
202400053823,2024-06-08,soirée,,,94,94079,1,1,5,4,3,Départementale,50.0,1
202400053824,2024-08-14,après-midi,,,93,93053,1,1,6,4,3,Départementale,50.0,1
202400053825,2024-09-20,après-midi,,,93,93008,1,1,3,4,1,Autoroute,90.0,1
202400053826,2024-02-13,soirée,,,92,92012,5,2,3,4,3,Départementale,50.0,2
202400053827,2024-11-29,après-midi,,,2A,2A004,1,1,4,4,2,Nationale,80.0,1
202400053828,2024-07-10,matin,,,95,95018,1,1,6,4,3,Départementale,50.0,1
202400053829,2024-10-24,nuit,,,41,41018,3,1,3,4,4,Voie communale,50.0,1
202400053830,2024-06-08,nuit,,,93,93072,5,1,7,4,3,Départementale,50.0,1
202400053831,2024-05-02,après-midi,,,92,92012,1,2,6,4,4,Voie communale,30.0,2
202400053832,2024-01-01,soirée,,,38,38354,3,1,2,3,3,Départementale,80.0,1
202400053833,2024-03-26,après-midi,,,69,69278,1,2,2,4,1,Autoroute,130.0,2
202400053834,2024-02-13,soirée,,,33,33040,5,1,7,3,3,Départementale,30.0,1
202400053835,2024-08-14,après-midi,,,93,93046,1,1,3,4,3,Départementale,50.0,1
202400053836,2024-11-30,matin,,,95,95607,1,1,2,4,3,Départementale,50.0,1
202400053837,2024-09-20,matin,,,95,95500,1,1,4,4,1,Autoroute,90.0,1
202400053838,2024-07-10,nuit,,,91,91228,3,1,2,3,3,Départementale,90.0,1
202400053839,2024-03-25,après-midi,,,67,67137,1,1,6,4,7,Autre,70.0,1
202400053840,2024-06-08,matin,,,93,93070,1,1,3,4,3,Départementale,50.0,1
202400053841,2024-10-25,nuit,,,38,38151,5,1,1,4,4,Voie communale,50.0,1
202400053842,2024-02-13,matin,,,30,30295,1,1,7,3,3,Départementale,80.0,1
202400053843,2024-07-09,après-midi,,,87,87085,1,1,6,3,3,Départementale,80.0,1
202400053844,2024-05-02,après-midi,,,92,92012,1,1,3,4,3,Départementale,50.0,1
202400053845,2024-09-19,soirée,,,93,93064,3,1,6,2,1,Autoroute,90.0,1
202400053846,2024-01-02,matin,,,58,58305,1,2,3,3,3,Départementale,50.0,2
202400053847,2024-08-14,nuit,,,93,93029,5,1,3,4,3,Départementale,50.0,1
202400053848,2024-11-30,nuit,,,91,91201,5,1,3,4,3,Départementale,30.0,1
202400053849,2024-06-08,après-midi,,,93,93066,1,1,6,4,3,Départementale,50.0,1
202400053850,2024-01-01,nuit,,,83,83056,3,1,6,3,4,Voie communale,50.0,1
202400053851,2024-10-24,soirée,,,37,37261,5,1,3,4,4,Voie communale,50.0,1
202400053852,2024-05-02,matin,,,92,92002,1,8,3,4,4,Voie communale,50.0,1
202400053853,2024-02-13,soirée,,,19,19059,3,1,5,4,3,Départementale,90.0,1
202400053854,2024-07-06,après-midi,,,87,87085,1,1,3,4,4,Voie communale,50.0,1
202400053855,2024-03-26,matin,,,91,91228,1,2,4,4,2,Nationale,50.0,2
202400053856,2024-06-08,après-midi,,,93,93053,1,1,3,4,4,Voie communale,30.0,1
202400053857,2024-11-30,matin,,,91,91027,5,1,2,4,4,Voie communale,50.0,1
202400053858,2024-09-19,soirée,,,92,92078,3,1,4,4,1,Autoroute,90.0,1
202400053859,2024-08-14,après-midi,,,93,93007,1,1,3,4,4,Voie communale,50.0,1
202400053860,2024-01-02,après-midi,,,45,45337,1,6,1,2,3,Départementale,90.0,2
202400053861,2024-02-07,après-midi,,,2A,2A271,1,1,3,4,3,Départementale,50.0,1
202400053862,2024-03-26,matin,,,91,91363,1,2,3,4,2,Nationale,90.0,2
202400053863,2024-09-19,après-midi,,,93,93066,1,1,7,4,1,Autoroute,90.0,1
202400053864,2024-10-24,matin,,,35,35238,2,1,3,4,4,Voie communale,30.0,1
202400053865,2024-12-01,nuit,,,91,91433,3,5,1,4,3,Départementale,70.0,1
202400053866,2024-05-01,après-midi,,,92,92002,1,1,6,4,3,Départementale,50.0,1
202400053867,2024-06-08,matin,,,93,93046,1,1,3,4,3,Départementale,50.0,1
202400053868,2024-01-01,matin,,,17,17008,1,8,1,4,3,Départementale,90.0,2
202400053869,2024-07-10,nuit,,,84,84007,3,1,4,4,3,Départementale,70.0,1
202400053870,2024-02-11,matin,,,11,11120,3,2,6,4,3,Départementale,80.0,2
202400053871,2024-03-26,matin,,,91,91692,1,2,3,4,2,Nationale,90.0,2
202400053872,2024-08-14,après-midi,,,93,93001,1,1,3,4,3,Départementale,50.0,1
202400053873,2024-05-03,après-midi,,,22,22372,1,2,7,3,3,Départementale,70.0,2
202400053874,2024-09-19,après-midi,,,93,93027,1,1,2,4,1,Autoroute,90.0,1
202400053875,2024-01-01,matin,,,987,98752,1,1,6,3,2,Nationale,60.0,1
202400053876,2024-06-08,matin,,,93,93046,1,1,2,4,3,Départementale,50.0,1
202400053877,2024-10-24,soirée,,,33,33069,3,1,3,4,4,Voie communale,30.0,1
202400053878,2024-02-14,après-midi,,,49,49041,1,1,3,3,4,Voie communale,50.0,1
202400053879,2024-07-10,nuit,,,83,83129,5,1,3,4,3,Départementale,50.0,1
202400053880,2024-03-26,matin,,,91,91477,1,3,2,4,1,Autoroute,90.0,2
202400053881,2024-01-01,nuit,,,987,98733,2,1,6,2,2,Nationale,60.0,1
202400053882,2024-05-01,nuit,,,40,40065,3,3,7,3,4,Voie communale,50.0,2
202400053883,2024-09-19,matin,,,95,95018,1,1,3,4,1,Autoroute,90.0,1
202400053884,2024-08-14,après-midi,,,92,92051,1,1,2,4,4,Voie communale,50.0,1
202400053885,2024-02-14,après-midi,,,12,12221,1,1,7,3,3,Départementale,90.0,1
202400053886,2024-06-08,nuit,,,93,93032,5,1,6,4,3,Départementale,50.0,1
202400053887,2024-03-26,matin,,,91,91286,1,2,7,4,1,Autoroute,110.0,2
202400053888,2024-11-30,soirée,,,83,83137,5,1,5,3,4,Voie communale,50.0,1
202400053889,2024-07-10,soirée,,,81,81065,1,1,3,4,4,Voie communale,50.0,1
202400053890,2024-10-24,soirée,,,33,33281,5,1,6,4,6,Autre,30.0,1
202400053891,2024-01-01,soirée,,,973,97311,4,1,1,3,2,Nationale,50.0,1
202400053892,2024-02-14,matin,,,68,68266,1,1,6,2,3,Départementale,80.0,1
202400053893,2024-09-19,matin,,,93,93027,1,1,3,4,1,Autoroute,90.0,1
202400053894,2024-04-24,matin,,,31,31446,1,8,3,4,4,Voie communale,30.0,1
202400053895,2024-11-30,nuit,,,81,81065,3,5,6,4,3,Départementale,50.0,2
202400053896,2024-06-08,soirée,,,93,93031,1,1,6,3,4,Voie communale,30.0,1
202400053897,2024-08-14,matin,,,92,92024,2,1,3,4,3,Départementale,50.0,1
202400053898,2024-03-26,matin,,,92,92047,1,2,2,4,1,Autoroute,110.0,2
202400053899,2024-01-02,après-midi,,,33,33199,1,2,6,4,3,Départementale,50.0,2
202400053900,2024-10-24,soirée,,,33,33522,1,1,6,4,4,Voie communale,50.0,1
202400053901,2024-09-20,nuit,,,94,94079,3,1,6,4,1,Autoroute,110.0,1
202400053902,2024-05-02,matin,,,76,76010,1,8,7,3,1,Autoroute,130.0,1
202400053903,2024-02-14,après-midi,,,03,03158,1,1,3,4,3,Départementale,,1
202400053904,2024-06-08,matin,,,93,93079,1,1,6,4,6,Autre,30.0,1
202400053905,2024-03-26,après-midi,,,93,93027,1,2,6,4,1,Autoroute,70.0,2
202400053906,2024-01-01,matin,,,95,95651,1,1,6,4,3,Départementale,30.0,1
202400053907,2024-08-14,nuit,,,92,92071,5,1,3,4,3,Départementale,50.0,1
202400053908,2024-11-29,après-midi,,,81,81065,2,1,3,4,4,Voie communale,50.0,1
202400053909,2024-10-24,après-midi,,,31,31555,1,1,2,3,1,Autoroute,90.0,1
202400053910,2024-09-20,soirée,,,94,94042,3,1,5,4,1,Autoroute,90.0,1
202400053911,2024-05-02,après-midi,,,01,01103,1,2,5,3,3,Départementale,70.0,2
202400053912,2024-03-26,matin,,,93,93008,1,2,3,4,1,Autoroute,90.0,2
202400053913,2024-01-26,matin,,,03,03158,3,1,1,4,3,Départementale,90.0,1
202400053914,2024-01-02,matin,,,13,13099,3,1,1,4,3,Départementale,80.0,1
202400053915,2024-08-14,après-midi,,,92,92012,1,1,2,4,3,Départementale,30.0,1
202400053916,2024-06-08,matin,,,93,93005,1,1,3,4,4,Voie communale,50.0,1
202400053917,2024-11-30,soirée,,,80,80131,5,1,1,4,4,Voie communale,50.0,1
202400053918,2024-10-24,après-midi,,,27,27681,1,1,3,4,4,Voie communale,50.0,1
202400053919,2024-05-02,soirée,,,86,86268,2,1,6,3,3,Départementale,80.0,1
202400053920,2024-07-10,matin,,,77,77058,2,1,1,3,3,Départementale,80.0,1
202400053921,2024-02-14,après-midi,,,15,15212,1,7,6,2,3,Départementale,90.0,1
202400053922,2024-09-20,soirée,,,93,93064,1,2,2,4,1,Autoroute,90.0,2
202400053923,2024-08-14,nuit,,,92,92004,5,1,6,4,3,Départementale,30.0,1
202400053924,2024-06-08,matin,,,93,93001,1,1,6,4,3,Départementale,50.0,1
202400053925,2024-01-01,nuit,,,68,68342,3,2,6,3,4,Voie communale,50.0,2
202400053926,2024-11-30,matin,,,77,77186,1,1,7,4,3,Départementale,90.0,1
202400053927,2024-07-10,matin,,,77,77005,1,1,7,4,3,Départementale,50.0,1
202400053928,2024-03-25,matin,,,93,93010,1,1,4,4,1,Autoroute,90.0,1
202400053929,2024-09-20,après-midi,,,77,77294,1,1,3,4,1,Autoroute,90.0,1
202400053930,2024-06-08,après-midi,,,92,92072,1,1,7,4,4,Voie communale,10.0,9
202400053931,2024-10-24,matin,,,25,25462,1,1,2,4,2,Nationale,110.0,1
202400053932,2024-01-01,nuit,,,38,38083,3,1,7,4,4,Voie communale,80.0,2
202400053933,2024-05-02,après-midi,,,21,21298,1,2,2,4,1,Autoroute,130.0,2
202400053934,2024-02-14,nuit,,,72,72316,3,2,6,2,3,Départementale,90.0,2
202400053935,2024-03-25,après-midi,,,95,95277,1,1,7,4,1,Autoroute,70.0,1
202400053936,2024-08-11,après-midi,,,14,14724,1,1,3,4,3,Départementale,80.0,1
202400053937,2024-11-29,après-midi,,,77,77014,5,1,7,4,3,Départementale,50.0,1
202400053938,2024-06-08,après-midi,,,92,92047,1,1,7,4,4,Voie communale,50.0,1
202400053939,2024-07-09,soirée,,,76,76351,1,1,3,4,4,Voie communale,10.0,2
202400053940,2024-10-25,nuit,,,22,22278,5,1,6,4,4,Voie communale,30.0,1
202400053941,2024-02-14,matin,,,14,14342,1,8,6,2,4,Voie communale,50.0,1
202400053942,2024-09-20,après-midi,,,77,77363,1,1,2,4,1,Autoroute,90.0,1
202400053943,2024-03-25,matin,,,92,92036,1,1,3,4,1,Autoroute,70.0,1
202400053944,2024-08-10,nuit,,,62,62837,3,1,6,3,3,Départementale,80.0,1
202400053945,2024-11-30,matin,,,72,72181,1,1,3,4,4,Voie communale,50.0,1
202400053946,2024-05-03,soirée,,,30,30117,1,1,1,3,3,Départementale,80.0,1
202400053947,2024-01-02,après-midi,,,81,81294,1,1,1,4,3,Départementale,90.0,1
202400053948,2024-05-03,soirée,,,92,92051,1,1,3,4,4,Voie communale,50.0,1
202400053949,2024-10-24,après-midi,,,17,17415,1,1,2,4,4,Voie communale,50.0,1
202400053950,2024-05-03,après-midi,,,19,19140,1,2,6,3,3,Départementale,90.0,2
202400053951,2024-03-25,matin,,,93,93010,1,1,3,4,1,Autoroute,110.0,1
202400053952,2024-02-10,après-midi,,,50,50550,1,1,2,4,3,Départementale,50.0,1
202400053953,2024-07-09,soirée,,,72,72181,1,1,4,4,4,Voie communale,50.0,1
202400053954,2024-09-20,matin,,,77,77372,1,1,2,4,1,Autoroute,90.0,1
202400053955,2024-08-14,après-midi,,,73,73330,1,1,6,4,3,Départementale,70.0,1
202400053956,2024-10-24,nuit,,,17,17415,3,5,7,2,3,Départementale,80.0,1
202400053957,2024-01-01,après-midi,,,31,31187,1,7,3,3,4,Voie communale,50.0,1
202400053958,2024-06-08,après-midi,,,92,92019,1,1,2,4,3,Départementale,50.0,1
202400053959,2024-11-27,après-midi,,,72,72181,1,2,3,4,4,Voie communale,50.0,2
202400053960,2024-05-03,après-midi,,,56,56251,1,1,6,2,3,Départementale,50.0,1
202400053961,2024-02-13,matin,,,83,83102,1,1,2,4,3,Départementale,50.0,1
202400053962,2024-03-24,nuit,,,93,93078,3,8,2,4,1,Autoroute,110.0,1
202400053963,2024-08-15,après-midi,,,41,41031,1,1,1,4,3,Départementale,50.0,1
202400053964,2024-06-08,soirée,,,92,92002,1,1,7,4,3,Départementale,25.0,1
202400053965,2024-09-18,nuit,,,94,94018,5,1,3,4,1,Autoroute,90.0,1
202400053966,2024-02-02,matin,,,10,10331,1,1,6,4,3,Départementale,,1
202400053967,2024-07-09,après-midi,,,72,72181,1,2,5,4,3,Départementale,90.0,2
202400053968,2024-11-12,après-midi,,,69,69013,1,1,1,4,3,Départementale,70.0,1
202400053969,2024-05-03,matin,,,76,76209,1,9,1,3,3,Départementale,80.0,9
202400053970,2024-01-02,nuit,,,56,56151,3,6,1,4,3,Départementale,90.0,2
202400053971,2024-03-24,nuit,,,93,93066,3,1,2,4,1,Autoroute,90.0,1
202400053972,2024-11-30,nuit,,,64,64445,5,1,6,4,4,Voie communale,50.0,1
202400053973,2024-08-13,soirée,,,28,28173,5,1,1,4,3,Départementale,70.0,1
202400053974,2024-06-07,après-midi,,,37,37119,1,1,3,3,3,Départementale,50.0,1
202400053975,2024-10-24,matin,,,14,14327,2,1,3,4,3,Départementale,50.0,1
202400053976,2024-05-25,soirée,,,59,59284,1,1,3,2,3,Départementale,,1
202400053977,2024-07-10,soirée,,,69,69266,1,2,6,4,4,Voie communale,30.0,2
202400053978,2024-05-02,soirée,,,79,79329,1,1,1,3,4,Voie communale,80.0,1
202400053979,2024-02-12,après-midi,,,21,21459,1,1,5,4,3,Départementale,90.0,1
202400053980,2024-06-08,nuit,,,54,54588,3,1,6,4,3,Départementale,80.0,1
202400053981,2024-03-23,soirée,,,93,93027,3,2,2,4,1,Autoroute,70.0,2
202400053982,2024-01-02,matin,,,80,80545,1,3,2,4,3,Départementale,,2
202400053983,2024-08-14,après-midi,,,974,97413,1,1,6,4,4,Voie communale,50.0,1
202400053984,2024-11-29,après-midi,,,64,64445,5,1,6,4,4,Voie communale,50.0,1
202400053985,2024-09-18,matin,,,973,97302,1,1,3,4,3,Départementale,50.0,1
202400053986,2024-10-23,après-midi,,,13,13212,1,1,3,2,4,Voie communale,50.0,1
202400053987,2024-06-08,après-midi,,,72,72051,1,1,6,3,4,Voie communale,80.0,1
202400053988,2024-07-10,nuit,,,69,69264,5,2,1,4,4,Voie communale,50.0,2
202400053989,2024-02-11,après-midi,,,85,85051,1,2,1,4,4,Voie communale,,2
202400053990,2024-03-23,soirée,,,93,93027,3,2,6,4,1,Autoroute,50.0,2
202400053991,2024-05-02,après-midi,,,2A,2A092,1,1,1,4,2,Nationale,,1
202400053992,2024-11-29,après-midi,,,64,64445,1,1,6,4,4,Voie communale,30.0,1
202400053993,2024-10-23,après-midi,,,10,10333,1,1,6,4,4,Voie communale,50.0,1
202400053994,2024-08-15,soirée,,,14,14454,1,1,2,3,1,Autoroute,130.0,1
202400053995,2024-02-13,soirée,,,30,30091,1,1,7,2,3,Départementale,50.0,1
202400053996,2024-09-19,soirée,,,69,69388,1,1,1,4,4,Voie communale,30.0,1
202400053997,2024-07-09,matin,,,67,67180,1,1,3,3,4,Voie communale,50.0,1
202400053998,2024-06-09,après-midi,,,06,06044,1,1,3,4,3,Départementale,50.0,1
202400053999,2024-03-22,après-midi,,,95,95604,1,1,5,4,1,Autoroute,130.0,1
202400054000,2024-08-15,matin,,,56,56067,1,1,7,2,3,Départementale,80.0,1
202400054001,2024-11-30,après-midi,,,64,64024,1,1,3,4,4,Voie communale,30.0,1
202400054002,2024-05-02,après-midi,,,82,82012,1,2,3,3,3,Départementale,80.0,2
202400054003,2024-09-19,matin,,,69,69388,1,1,3,4,4,Voie communale,30.0,1
202400054004,2024-02-14,matin,,,13,13044,1,7,1,2,3,Départementale,30.0,1
202400054005,2024-10-22,soirée,,,10,10387,1,1,7,4,4,Voie communale,50.0,1
202400054006,2024-01-01,nuit,,,54,54150,3,8,7,4,1,Autoroute,110.0,2
202400054007,2024-03-26,après-midi,,,77,77468,1,2,2,4,1,Autoroute,90.0,2
202400054008,2024-06-09,nuit,,,49,49355,3,1,2,4,3,Départementale,90.0,1
202400054009,2024-07-10,nuit,,,66,66136,5,1,3,4,4,Voie communale,50.0,1
202400054010,2024-11-30,matin,,,64,64024,1,1,2,4,4,Voie communale,30.0,1
202400054011,2024-02-14,matin,,,85,85035,1,1,6,2,4,Voie communale,50.0,1
202400054012,2024-05-02,après-midi,,,69,69066,1,3,6,2,3,Départementale,80.0,2
202400054013,2024-09-19,matin,,,69,69388,1,1,3,4,4,Voie communale,30.0,1
202400054014,2024-01-01,nuit,,,33,33249,5,1,6,4,2,Nationale,50.0,2
202400054015,2024-03-26,matin,,,94,94018,1,2,5,4,1,Autoroute,90.0,2
202400054016,2024-11-30,nuit,,,63,63224,3,5,6,4,3,Départementale,90.0,2
202400054017,2024-09-19,matin,,,972,97209,1,1,7,3,1,Autoroute,90.0,1
202400054018,2024-05-02,après-midi,,,42,42293,1,2,6,3,3,Départementale,80.0,2
202400054019,2024-06-09,après-midi,,,74,74191,1,1,3,3,3,Départementale,50.0,1
202400054020,2024-07-09,nuit,,,64,64102,5,1,3,4,3,Départementale,50.0,1
202400054021,2024-10-23,soirée,,,08,08105,5,1,5,4,4,Voie communale,50.0,1
202400054022,2024-02-14,matin,,,67,67136,2,1,2,2,1,Autoroute,130.0,2
202400054023,2024-11-26,matin,,,62,62841,1,2,6,3,4,Voie communale,30.0,2
202400054024,2024-08-15,après-midi,,,80,80633,1,7,5,3,3,Départementale,,1
202400054025,2024-06-09,soirée,,,77,77128,1,7,6,3,1,Autoroute,130.0,1
202400054026,2024-05-02,matin,,,47,47306,1,1,3,3,3,Départementale,70.0,1
202400054027,2024-10-23,après-midi,,,07,07019,1,1,6,4,4,Voie communale,50.0,1
202400054028,2024-09-19,nuit,,,2B,2B120,5,1,6,4,4,Voie communale,50.0,1
202400054029,2024-03-24,soirée,,,974,97411,5,1,4,4,2,Nationale,50.0,1
202400054030,2024-01-01,après-midi,,,91,91689,2,1,4,4,1,Autoroute,110.0,1
202400054031,2024-06-06,après-midi,,,62,62852,1,1,7,3,3,Départementale,,1
202400054032,2024-02-14,après-midi,,,31,31254,1,1,3,3,4,Voie communale,50.0,1
202400054033,2024-05-30,après-midi,,,62,62193,1,1,3,3,4,Voie communale,50.0,1
202400054034,2024-10-24,matin,,,06,06069,1,1,6,4,4,Voie communale,50.0,1
202400054035,2024-11-29,après-midi,,,61,61006,5,1,3,4,3,Départementale,50.0,1
202400054036,2024-08-14,après-midi,,,41,41258,1,1,3,3,1,Autoroute,130.0,1
202400054037,2024-01-01,matin,,,91,91161,1,1,6,4,1,Autoroute,110.0,1
202400054038,2024-05-02,matin,,,68,68365,1,1,7,3,3,Départementale,80.0,1
202400054039,2024-06-09,nuit,,,35,35226,3,1,6,2,3,Départementale,80.0,1
202400054040,2024-03-25,après-midi,,,69,69385,1,1,3,4,4,Voie communale,30.0,1
202400054041,2024-02-14,matin,,,975,97502,2,4,6,3,3,Départementale,50.0,5
202400054042,2024-10-24,après-midi,,,06,06029,1,1,6,3,4,Voie communale,50.0,1
202400054043,2024-11-29,après-midi,,,59,59599,3,1,1,4,4,Voie communale,30.0,1
202400054044,2024-09-18,matin,,,971,97101,1,1,3,4,3,Départementale,50.0,1
202400054045,2024-07-09,soirée,,,56,56121,1,2,3,4,4,Voie communale,30.0,2
202400054046,2024-03-25,matin,,,69,69385,1,1,6,4,4,Voie communale,30.0,1
202400054047,2024-07-07,après-midi,,,69,69108,1,1,3,3,3,Départementale,80.0,1
202400054048,2024-04-11,nuit,,,22,22226,3,1,1,4,3,Départementale,80.0,1
202400054049,2024-05-20,après-midi,,,01,01209,1,1,2,4,3,Départementale,50.0,1
202400054050,2024-11-30,après-midi,,,56,56121,1,8,6,4,4,Voie communale,30.0,1
202400054051,2024-01-01,nuit,,,95,95641,3,1,5,4,1,Autoroute,130.0,1
202400054052,2024-02-13,après-midi,,,971,97112,1,1,4,3,3,Départementale,70.0,1
202400054053,2024-08-14,soirée,,,32,32296,3,1,6,3,3,Départementale,80.0,1
202400054054,2024-03-25,soirée,,,2B,2B033,1,2,6,4,3,Départementale,50.0,2
202400054055,2024-06-08,après-midi,,,22,22228,1,1,6,4,2,Nationale,110.0,1
202400054056,2024-07-09,après-midi,,,56,56121,1,8,2,4,4,Voie communale,30.0,1
202400054057,2024-10-23,après-midi,,,06,06004,1,1,5,4,3,Départementale,50.0,1
202400054058,2024-11-30,soirée,,,54,54184,5,5,6,4,6,Autre,30.0,1
202400054059,2024-05-02,soirée,,,25,25018,1,2,3,4,3,Départementale,90.0,2
202400054060,2024-07-18,nuit,,,61,61072,3,1,6,3,3,Départementale,70.0,1
202400054061,2024-09-19,soirée,,,2A,2A004,5,1,3,4,2,Nationale,,1
202400054062,2024-02-14,matin,,,57,57765,1,2,6,3,3,Départementale,30.0,2
202400054063,2024-03-05,nuit,,,971,97113,5,1,6,3,2,Nationale,90.0,1
202400054064,2024-06-07,soirée,,,06,06022,1,1,6,2,3,Départementale,50.0,1
202400054065,2024-07-09,matin,,,56,56121,1,2,7,4,4,Voie communale,30.0,2
202400054066,2024-05-03,matin,,,29,29188,1,7,3,4,3,Départementale,80.0,1
202400054067,2024-08-15,soirée,,,39,39018,2,8,6,4,9,Autre,80.0,6
202400054068,2024-03-24,après-midi,,,971,97101,1,1,3,4,2,Nationale,50.0,1
202400054069,2024-11-30,matin,,,54,54498,1,5,4,4,7,Autre,70.0,1
202400054070,2024-07-09,après-midi,,,56,56121,1,2,7,4,4,Voie communale,30.0,2
202400054071,2024-02-14,soirée,,,26,26004,1,1,1,3,3,Départementale,80.0,1
202400054072,2024-06-09,nuit,,,2B,2B320,3,1,6,4,3,Départementale,80.0,1
202400054073,2024-01-01,nuit,,,59,59279,5,3,6,4,4,Voie communale,30.0,2
202400054074,2024-09-19,après-midi,,,91,91589,1,1,3,4,4,Voie communale,30.0,1
202400054075,2024-08-14,soirée,,,44,44036,2,1,6,2,4,Voie communale,80.0,1
202400054076,2024-10-24,soirée,,,75,75113,5,1,4,4,4,Voie communale,50.0,1
202400054077,2024-05-03,après-midi,,,31,31144,1,1,3,3,3,Départementale,80.0,1
202400054078,2024-06-08,soirée,,,62,62335,1,1,6,2,3,Départementale,80.0,1
202400054079,2024-01-01,matin,,,63,63379,1,1,6,3,3,Départementale,90.0,1
202400054080,2024-02-14,nuit,,,79,79049,3,2,7,4,4,Voie communale,50.0,2
202400054081,2024-01-27,nuit,,,2A,2A004,5,1,3,4,2,Nationale,50.0,1
202400054082,2024-07-09,soirée,,,54,54300,1,7,1,4,7,Autre,80.0,1
202400054083,2024-09-19,matin,,,89,89387,1,1,3,4,4,Voie communale,50.0,1
202400054084,2024-11-29,après-midi,,,53,53034,1,1,3,4,3,Départementale,50.0,1
202400054085,2024-07-14,soirée,,,29,29293,1,1,7,4,4,Voie communale,50.0,1
202400054086,2024-01-01,nuit,,,33,33424,3,2,6,3,3,Départementale,80.0,2
202400054087,2024-10-24,matin,,,75,75116,1,1,2,4,4,Voie communale,50.0,1
202400054088,2024-05-01,après-midi,,,31,31403,1,2,6,4,3,Départementale,80.0,2
202400054089,2024-06-09,après-midi,,,67,67281,1,1,3,3,3,Départementale,30.0,1
202400054090,2024-03-24,nuit,,,91,91161,4,2,6,4,3,Départementale,50.0,2
202400054091,2024-02-12,après-midi,,,62,62899,1,1,2,4,3,Départementale,50.0,1