Num_Acc,date,time_of_day,lat,long,dep,com,lum,atm,col,severity_index,catr,catr_label,vma,surf
202400054092,2024-07-09,après-midi,,,54,54395,1,1,3,4,4,Voie communale,30.0,1
202400054093,2024-09-15,soirée,,,85,85194,1,1,3,4,3,Départementale,,1
202400054094,2024-12-01,nuit,,,49,49007,5,1,1,4,4,Voie communale,30.0,2
202400054095,2024-10-23,après-midi,,,75,75114,1,1,6,4,4,Voie communale,30.0,1
202400054096,2024-06-09,nuit,,,79,79013,3,1,6,3,3,Départementale,80.0,1
202400054097,2024-05-03,matin,,,01,01245,1,1,3,4,3,Départementale,80.0,8
202400054098,2024-07-16,après-midi,,,29,29117,1,1,3,4,3,Départementale,70.0,1
202400054099,2024-01-01,matin,,,68,68266,5,2,6,4,3,Départementale,50.0,2
202400054100,2024-07-10,soirée,,,54,54263,1,1,6,4,3,Départementale,50.0,1
202400054101,2024-03-24,matin,,,91,91114,2,1,3,4,4,Voie communale,50.0,1
202400054102,2024-06-09,nuit,,,2B,2B233,3,1,6,3,3,Départementale,80.0,1
202400054103,2024-09-19,soirée,,,84,84087,1,1,6,4,2,Nationale,70.0,1
202400054104,2024-11-30,soirée,,,49,49007,5,1,6,4,4,Voie communale,20.0,1
202400054105,2024-02-14,matin,,,59,59419,1,2,3,4,3,Départementale,80.0,2
202400054106,2024-08-14,matin,,,29,29028,1,1,7,3,3,Départementale,80.0,1
202400054107,2024-10-23,soirée,,,75,75116,5,1,1,3,4,Voie communale,30.0,1
202400054108,2024-07-10,après-midi,,,51,51454,1,1,7,3,9,Autre,50.0,9
202400054109,2024-01-01,matin,,,38,38104,1,1,6,4,3,Départementale,50.0,2
202400054110,2024-08-15,matin,,,31,31412,2,8,6,2,3,Départementale,80.0,9
202400054111,2024-05-03,matin,,,85,85084,1,2,3,4,3,Départementale,70.0,2
202400054112,2024-06-08,soirée,,,82,82005,1,1,3,3,3,Départementale,50.0,1
202400054113,2024-03-21,après-midi,,,88,88160,1,1,3,4,3,Départementale,50.0,1
202400054114,2024-07-08,nuit,,,47,47323,3,1,6,3,3,Départementale,80.0,1
202400054115,2024-09-19,soirée,,,84,84035,5,1,3,4,4,Voie communale,50.0,1
202400054116,2024-11-30,après-midi,,,49,49007,1,8,3,4,4,Voie communale,50.0,1
202400054117,2024-01-01,nuit,,,15,15016,3,2,6,4,3,Départementale,90.0,2
202400054118,2024-02-12,après-midi,,,13,13211,1,1,3,4,1,Autoroute,90.0,1
202400054119,2024-10-24,après-midi,,,75,75106,1,1,3,4,4,Voie communale,30.0,1
202400054120,2024-08-15,nuit,,,38,38303,4,8,6,2,3,Départementale,70.0,1
202400054121,2024-07-10,matin,,,45,45338,1,1,6,4,3,Départementale,110.0,1
202400054122,2024-03-22,après-midi,,,87,87085,1,1,2,4,4,Voie communale,70.0,1
202400054123,2024-05-03,après-midi,,,26,26326,1,1,3,4,3,Départementale,80.0,1
202400054124,2024-09-19,après-midi,,,84,84035,1,1,1,3,3,Départementale,80.0,1
202400054125,2024-01-01,nuit,,,24,24375,3,2,7,4,3,Départementale,90.0,2
202400054126,2024-11-30,après-midi,,,47,47031,1,1,2,4,3,Départementale,50.0,1
202400054127,2024-06-09,après-midi,,,65,65363,1,1,3,4,3,Départementale,80.0,1
202400054128,2024-02-12,matin,,,83,83137,1,1,3,4,1,Autoroute,70.0,1
202400054129,2024-05-02,soirée,,,66,66193,3,1,6,4,3,Départementale,90.0,1
202400054130,2024-10-23,nuit,,,75,75106,5,1,3,3,4,Voie communale,30.0,1
202400054131,2024-03-24,nuit,,,86,86194,3,1,6,3,4,Voie communale,30.0,1
202400054132,2024-08-15,après-midi,,,66,66149,1,1,1,4,3,Départementale,80.0,1
202400054133,2024-06-08,soirée,,,71,71330,2,2,6,3,3,Départementale,90.0,2
202400054134,2024-01-01,nuit,,,34,34337,3,1,6,4,7,Autre,80.0,1
202400054135,2024-11-30,matin,,,45,45234,1,8,4,4,4,Voie communale,50.0,1
202400054136,2024-09-19,matin,,,84,84035,1,1,3,4,4,Voie communale,50.0,1
202400054137,2024-07-09,nuit,,,42,42207,5,1,5,4,4,Voie communale,50.0,1
202400054138,2024-04-30,matin,,,06,06079,1,1,3,3,3,Départementale,50.0,1
202400054139,2024-08-13,après-midi,,,54,54072,1,1,7,3,3,Départementale,50.0,1
202400054140,2024-03-24,après-midi,,,85,85194,1,1,3,2,4,Voie communale,70.0,1
202400054141,2024-01-01,nuit,,,973,97311,5,1,6,4,4,Voie communale,50.0,1
202400054142,2024-10-24,matin,,,75,75119,1,1,2,4,4,Voie communale,30.0,1
202400054143,2024-11-30,matin,,,34,34172,5,1,6,3,4,Voie communale,50.0,1
202400054144,2024-09-18,après-midi,,,84,84035,1,1,2,3,3,Départementale,50.0,1
202400054145,2024-08-15,après-midi,,,72,72386,1,1,3,2,4,Voie communale,50.0,1
202400054146,2024-06-08,après-midi,,,71,71162,1,8,1,4,3,Départementale,80.0,1
202400054147,2024-01-01,matin,,,977,97701,2,1,3,4,4,Voie communale,30.0,1
202400054148,2024-05-02,après-midi,,,60,60319,1,2,1,4,3,Départementale,50.0,2
202400054149,2024-03-21,après-midi,,,77,77373,1,7,3,4,4,Voie communale,30.0,1
202400054150,2024-11-29,après-midi,,,33,33318,2,1,6,4,4,Voie communale,50.0,1
202400054151,2024-08-13,après-midi,,,06,06020,1,1,6,3,7,Autre,80.0,1
202400054152,2024-10-24,matin,,,75,75119,1,1,2,4,4,Voie communale,30.0,1
202400054153,2024-03-25,matin,,,77,77495,1,1,6,2,3,Départementale,70.0,1
202400054154,2024-05-03,matin,,,53,53147,1,1,2,3,2,Nationale,50.0,1
202400054155,2024-05-30,matin,,,89,89126,1,1,3,4,3,Départementale,90.0,1
202400054156,2024-07-10,matin,,,37,37261,2,1,3,4,4,Voie communale,50.0,1
202400054157,2024-08-14,matin,,,14,14399,1,1,3,3,3,Départementale,80.0,1
202400054158,2024-11-30,après-midi,,,31,31069,1,1,2,4,1,Autoroute,70.0,1
202400054159,2024-09-19,matin,,,83,83062,1,1,5,4,4,Voie communale,50.0,1
202400054160,2024-10-24,après-midi,,,75,75117,1,1,3,4,4,Voie communale,30.0,1
202400054161,2024-07-10,nuit,,,37,37195,3,1,6,4,7,Autre,90.0,1
202400054162,2024-06-08,après-midi,,,63,63236,1,1,7,3,3,Départementale,90.0,1
202400054163,2024-03-25,après-midi,,,77,77284,1,1,6,4,3,Départementale,50.0,1
202400054164,2024-08-14,après-midi,,,05,05056,1,1,7,3,3,Départementale,90.0,1
202400054165,2024-01-01,après-midi,,,05,05065,1,1,5,4,2,Nationale,80.0,1
202400054166,2024-09-19,matin,,,81,81004,1,1,6,4,6,Autre,30.0,1
202400054167,2024-05-02,soirée,,,27,27056,1,1,3,4,4,Voie communale,50.0,1
202400054168,2024-11-30,matin,,,31,31555,4,1,1,3,4,Voie communale,50.0,1
202400054169,2024-06-07,soirée,,,63,63262,1,1,6,3,4,Voie communale,50.0,1
202400054170,2024-03-23,matin,,,76,76351,1,1,6,3,3,Départementale,90.0,2
202400054171,2024-10-24,matin,,,75,75115,1,1,3,4,4,Voie communale,30.0,1
202400054172,2024-08-15,matin,,,50,50272,1,1,2,3,3,Départementale,50.0,1
202400054173,2024-11-29,matin,,,29,29232,5,1,6,4,4,Voie communale,50.0,1
202400054174,2024-07-10,matin,,,35,35238,1,1,3,4,4,Voie communale,50.0,1
202400054175,2024-09-19,après-midi,,,81,81004,1,1,3,4,3,Départementale,50.0,1
202400054176,2024-04-12,matin,,,27,27112,1,1,3,3,4,Voie communale,50.0,1
202400054177,2024-01-01,soirée,,,38,38087,5,1,1,4,3,Départementale,50.0,1
202400054178,2024-10-23,soirée,,,75,75115,5,1,6,4,4,Voie communale,30.0,1
202400054179,2024-03-22,nuit,,,76,76447,5,1,3,4,3,Départementale,50.0,1
202400054180,2024-08-15,nuit,,,50,50604,4,1,6,3,3,Départementale,80.0,1
202400054181,2024-09-19,soirée,,,80,80021,5,1,7,4,3,Départementale,50.0,1
202400054182,2024-07-10,après-midi,,,34,34108,1,1,2,4,4,Voie communale,50.0,1
202400054183,2024-05-01,nuit,,,37,37250,3,1,7,3,3,Départementale,80.0,1
202400054184,2024-11-30,nuit,,,14,14118,5,1,3,4,4,Voie communale,50.0,1
202400054185,2024-06-08,soirée,,,55,55039,2,1,7,3,3,Départementale,90.0,1
202400054186,2024-01-01,nuit,,,81,81032,3,1,6,3,3,Départementale,80.0,1
202400054187,2024-10-24,après-midi,,,75,75114,1,1,2,4,4,Voie communale,50.0,1
202400054188,2024-09-19,soirée,,,80,80021,1,1,3,4,4,Voie communale,50.0,1
202400054189,2024-07-10,soirée,,,34,34172,1,1,7,4,4,Voie communale,50.0,1
202400054190,2024-11-30,après-midi,,,13,13212,1,1,2,4,4,Voie communale,50.0,1
202400054191,2024-04-30,matin,,,30,30339,1,2,1,3,3,Départementale,80.0,2
202400054192,2024-03-25,matin,,,74,74012,1,1,2,4,4,Voie communale,50.0,1
202400054193,2024-06-09,après-midi,,,39,39470,1,1,2,3,2,Nationale,50.0,1
202400054194,2024-01-01,après-midi,,,19,19146,1,2,3,3,3,Départementale,50.0,2
202400054195,2024-08-15,après-midi,,,50,50260,1,1,3,4,3,Départementale,80.0,1
202400054196,2024-10-23,soirée,,,75,75114,5,1,6,4,4,Voie communale,30.0,1
202400054197,2024-09-18,matin,,,80,80021,1,1,7,4,3,Départementale,30.0,1
202400054198,2024-11-29,après-midi,,,13,13208,1,1,6,4,4,Voie communale,50.0,1
202400054199,2024-07-10,après-midi,,,34,34172,1,1,6,4,4,Voie communale,10.0,1
202400054200,2024-05-03,après-midi,,,48,48045,1,1,6,3,2,Nationale,80.0,1
202400054201,2024-03-25,matin,,,72,72181,1,1,6,3,4,Voie communale,50.0,1
202400054202,2024-08-14,nuit,,,64,64087,3,8,6,2,3,Départementale,80.0,2
202400054203,2024-06-03,soirée,,,44,44163,1,1,7,3,3,Départementale,80.0,1
202400054204,2024-11-29,matin,,,10,10060,1,1,7,4,3,Départementale,90.0,1
202400054205,2024-09-19,soirée,,,78,78440,1,1,1,4,3,Départementale,50.0,1
202400054206,2024-10-22,matin,,,75,75114,1,1,3,4,4,Voie communale,50.0,1
202400054207,2024-08-11,soirée,,,64,64099,3,1,7,3,4,Voie communale,80.0,1
202400054208,2024-01-01,après-midi,,,27,27136,1,1,1,4,2,Nationale,80.0,2
202400054209,2024-07-08,matin,,,34,34032,1,1,3,3,3,Départementale,90.0,1
202400054210,2024-03-23,après-midi,,,72,72181,1,2,4,4,3,Départementale,50.0,2
202400054211,2024-05-03,après-midi,,,18,18279,1,1,1,4,1,Autoroute,110.0,1
202400054212,2024-09-19,après-midi,,,78,78440,1,1,6,4,4,Voie communale,50.0,1
202400054213,2024-08-15,nuit,,,21,21210,5,1,6,4,3,Départementale,50.0,1
202400054214,2024-06-08,matin,,,35,35010,1,1,1,3,3,Départementale,70.0,1
202400054215,2024-11-29,après-midi,,,08,08497,5,1,1,4,3,Départementale,50.0,1
202400054216,2024-07-10,nuit,,,34,34003,3,1,6,3,4,Voie communale,50.0,1
202400054217,2024-10-24,après-midi,,,75,75114,1,1,1,4,4,Voie communale,30.0,1
202400054218,2024-07-28,après-midi,,,04,04176,1,1,7,2,4,Voie communale,30.0,1
202400054219,2024-09-19,matin,,,78,78440,1,1,6,4,4,Voie communale,30.0,1
202400054220,2024-06-09,matin,,,29,29162,2,1,6,3,3,Départementale,80.0,1
202400054221,2024-01-08,après-midi,,,06,06104,1,1,2,4,1,Autoroute,110.0,1
202400054222,2024-03-25,matin,,,64,64445,1,1,4,4,3,Départementale,70.0,1
202400054223,2024-10-23,soirée,,,75,75107,1,1,6,4,4,Voie communale,30.0,1
202400054224,2024-11-20,soirée,,,07,07019,3,1,6,4,4,Voie communale,50.0,1
202400054225,2024-07-10,matin,,,33,33281,1,1,6,4,4,Voie communale,50.0,1
202400054226,2024-06-09,nuit,,,29,29081,2,1,6,3,3,Départementale,50.0,1
202400054227,2024-08-14,matin,,,37,37273,1,1,3,3,3,Départementale,80.0,1
202400054228,2024-05-03,après-midi,,,974,97418,1,1,7,3,4,Voie communale,50.0,9
202400054229,2024-09-19,matin,,,78,78688,2,1,2,4,3,Départementale,50.0,1
202400054230,2024-10-24,après-midi,,,75,75102,1,1,6,4,4,Voie communale,30.0,1
202400054231,2024-03-25,nuit,,,64,64122,5,3,3,4,4,Voie communale,50.0,2
202400054232,2024-11-29,après-midi,,,06,06088,1,1,2,4,4,Voie communale,70.0,1
202400054233,2024-07-10,nuit,,,33,33063,5,1,6,4,4,Voie communale,50.0,1
202400054234,2024-06-08,soirée,,,29,29173,1,1,7,4,4,Voie communale,80.0,1
202400054235,2024-08-14,après-midi,,,91,91045,1,1,6,3,4,Voie communale,30.0,1
202400054236,2024-09-19,matin,,,78,78498,1,1,6,3,4,Voie communale,30.0,1
202400054237,2024-04-30,matin,,,83,83008,1,1,6,3,3,Départementale,,1
202400054238,2024-07-10,nuit,,,32,32013,5,1,7,4,3,Départementale,50.0,1
202400054239,2024-03-25,après-midi,,,59,59599,1,1,3,4,4,Voie communale,50.0,1
202400054240,2024-06-09,matin,,,70,70467,1,7,7,3,3,Départementale,90.0,1
202400054241,2024-10-24,soirée,,,94,94046,5,1,4,4,3,Départementale,50.0,1
202400054242,2024-11-30,soirée,,,06,06069,3,1,2,4,3,Départementale,50.0,1
202400054243,2024-09-19,matin,,,77,77284,1,1,6,3,4,Voie communale,30.0,1
202400054244,2024-05-03,matin,,,05,05001,1,1,6,4,3,Départementale,80.0,5
202400054245,2024-07-10,matin,,,31,31555,1,1,6,3,4,Voie communale,30.0,1
202400054246,2024-03-24,après-midi,,,59,59113,1,1,2,4,4,Voie communale,50.0,1
202400054247,2024-09-19,matin,,,77,77243,1,1,6,4,3,Départementale,50.0,1
202400054248,2024-06-08,matin,,,70,70429,1,1,1,4,3,Départementale,50.0,1
202400054249,2024-11-29,soirée,,,04,04112,5,1,1,3,4,Voie communale,50.0,1
202400054250,2024-08-14,nuit,,,72,72096,3,1,5,4,1,Autoroute,130.0,1
202400054251,2024-10-23,matin,,,94,94003,1,1,4,4,3,Départementale,50.0,1
202400054252,2024-07-06,nuit,,,29,29232,5,1,3,3,4,Voie communale,30.0,1
202400054253,2024-09-19,après-midi,,,73,73065,1,1,6,4,4,Voie communale,30.0,1
202400054254,2024-03-25,soirée,,,51,51454,1,1,3,4,4,Voie communale,30.0,1
202400054255,2024-10-24,matin,,,94,94001,1,7,6,4,3,Départementale,50.0,1
202400054256,2024-08-15,matin,,,73,73304,1,1,3,3,3,Départementale,80.0,1
202400054257,2024-11-29,matin,,,04,04112,1,1,7,4,3,Départementale,80.0,2
202400054258,2024-07-05,soirée,,,29,29232,1,2,7,3,3,Départementale,80.0,2
202400054259,2024-05-03,après-midi,,,26,26124,1,1,5,4,1,Autoroute,130.0,1
202400054260,2024-09-18,après-midi,,,72,72003,1,1,3,4,4,Voie communale,50.0,1
202400054261,2024-10-24,matin,,,94,94048,2,1,3,4,3,Départementale,50.0,1
202400054262,2024-03-25,après-midi,,,51,51454,1,1,3,4,4,Voie communale,50.0,1
202400054263,2024-08-15,matin,,,45,45094,1,1,7,4,1,Autoroute,130.0,1
202400054264,2024-06-08,matin,,,26,26178,1,1,1,4,3,Départementale,80.0,1
202400054265,2024-07-09,après-midi,,,27,27229,1,3,7,3,4,Voie communale,50.0,2
202400054266,2024-11-29,matin,,,01,01031,1,1,3,4,4,Voie communale,50.0,1
202400054267,2024-09-18,nuit,,,72,72181,5,1,2,4,4,Voie communale,50.0,1
202400054268,2024-06-09,après-midi,,,58,58212,1,2,6,2,3,Départementale,50.0,2
202400054269,2024-07-09,après-midi,,,14,14366,1,2,6,3,6,Autre,50.0,2
202400054270,2024-10-23,nuit,,,93,93066,5,1,2,4,3,Départementale,50.0,1
202400054271,2024-03-25,matin,,,51,51454,1,1,3,4,4,Voie communale,50.0,1
202400054272,2024-05-02,matin,,,68,68294,2,1,3,4,4,Voie communale,50.0,1
202400054273,2024-08-15,nuit,,,83,83065,5,1,3,4,3,Départementale,50.0,1
202400054274,2024-09-18,après-midi,,,68,68224,1,1,3,4,4,Voie communale,50.0,1
202400054275,2024-11-30,après-midi,,,75,75116,5,1,2,4,4,Voie communale,50.0,2
202400054276,2024-07-11,nuit,,,13,13026,3,1,4,4,3,Départementale,70.0,1
202400054277,2024-06-09,matin,,,54,54399,1,1,7,4,3,Départementale,80.0,1
202400054278,2024-10-24,matin,,,93,93062,1,1,3,4,4,Voie communale,30.0,1
202400054279,2024-03-23,matin,,,50,50129,1,1,3,4,4,Voie communale,50.0,1
202400054280,2024-09-18,matin,,,67,67482,1,1,2,4,4,Voie communale,30.0,1
202400054281,2024-08-15,après-midi,,,89,89102,1,1,6,3,4,Voie communale,50.0,1
202400054282,2024-05-01,soirée,,,57,57254,2,1,7,4,3,Départementale,80.0,1
202400054283,2024-11-29,soirée,,,75,75117,5,1,3,3,4,Voie communale,30.0,1
202400054284,2024-03-23,après-midi,,,49,49015,1,1,7,4,4,Voie communale,50.0,1
202400054285,2024-06-09,matin,,,06,06120,3,1,7,4,7,Autre,80.0,1
202400054286,2024-02-17,matin,,,13,13026,1,1,3,3,7,Autre,50.0,1
202400054287,2024-10-23,après-midi,,,93,93051,1,1,2,4,4,Voie communale,50.0,1
202400054288,2024-06-09,matin,,,06,06136,1,1,6,3,3,Départementale,80.0,1
202400054289,2024-05-02,nuit,,,42,42097,5,2,6,4,3,Départementale,50.0,2
202400054290,2024-09-18,après-midi,,,67,67482,1,1,6,4,4,Voie communale,30.0,1
202400054291,2024-11-29,nuit,,,75,75106,5,1,7,3,4,Voie communale,30.0,1
202400054292,2024-03-25,après-midi,,,47,47001,1,1,3,4,3,Départementale,30.0,1
202400054293,2024-08-14,soirée,,,57,57160,1,1,3,3,3,Départementale,80.0,1
202400054294,2024-07-10,nuit,,,13,13075,5,1,3,4,4,Voie communale,50.0,2
202400054295,2024-09-19,matin,,,64,64122,1,1,6,4,4,Voie communale,30.0,1
202400054296,2024-10-23,soirée,,,93,93050,1,1,3,4,3,Départementale,50.0,1
202400054297,2024-08-13,soirée,,,63,63284,3,2,7,3,3,Départementale,,2
202400054298,2024-05-03,après-midi,,,38,38475,1,1,6,3,3,Départementale,80.0,1
202400054299,2024-03-25,après-midi,,,44,44184,1,1,2,4,4,Voie communale,50.0,1
202400054300,2024-11-30,après-midi,,,75,75106,5,1,2,4,4,Voie communale,30.0,1
202400054301,2024-07-10,soirée,,,13,13208,2,1,2,4,4,Voie communale,50.0,1
202400054302,2024-06-08,après-midi,,,14,14342,1,1,2,4,3,Départementale,50.0,1
202400054303,2024-08-15,après-midi,,,73,73034,1,1,2,4,3,Départementale,80.0,1
202400054304,2024-10-24,soirée,,,93,93046,5,1,1,4,3,Départementale,50.0,1
202400054305,2024-09-18,après-midi,,,64,64122,1,1,2,4,4,Voie communale,50.0,1
202400054306,2024-03-24,après-midi,,,44,44184,1,1,3,3,4,Voie communale,30.0,1
202400054307,2024-11-30,matin,,,75,75120,5,1,3,4,4,Voie communale,30.0,1
202400054308,2024-06-09,nuit,,,05,05037,3,1,7,3,2,Nationale,90.0,1
202400054309,2024-05-02,après-midi,,,31,31291,1,1,5,3,3,Départementale,80.0,1
202400054310,2024-08-14,après-midi,,,69,69179,1,1,7,4,3,Départementale,90.0,1
202400054311,2024-07-10,nuit,,,13,13208,5,1,3,4,4,Voie communale,50.0,1
202400054312,2024-09-18,matin,,,64,64024,5,1,3,4,4,Voie communale,50.0,1
202400054313,2024-10-24,après-midi,,,93,93006,1,1,6,4,3,Départementale,50.0,1
202400054314,2024-03-25,après-midi,,,33,33522,1,1,6,4,4,Voie communale,50.0,1
202400054315,2024-05-03,nuit,,,33,33262,3,1,6,3,3,Départementale,50.0,1
202400054316,2024-06-09,après-midi,,,07,07258,1,1,3,3,3,Départementale,50.0,1
202400054317,2024-11-30,après-midi,,,75,75117,1,1,3,4,4,Voie communale,30.0,1
202400054318,2024-07-09,après-midi,,,13,13213,1,1,2,3,4,Voie communale,70.0,1
202400054319,2024-09-19,matin,,,63,63300,1,7,3,4,4,Voie communale,,1
202400054320,2024-03-24,soirée,,,33,33119,5,1,6,3,4,Voie communale,10.0,1
202400054321,2024-10-23,soirée,,,93,93063,3,1,3,4,3,Départementale,50.0,1
202400054322,2024-07-10,après-midi,,,13,13070,1,1,3,4,4,Voie communale,,1
202400054323,2024-09-18,après-midi,,,62,62498,1,1,6,3,4,Voie communale,50.0,1
202400054324,2024-06-08,après-midi,,,85,85086,1,1,3,3,3,Départementale,50.0,1
202400054325,2024-03-22,matin,,,85,85222,1,7,6,3,4,Voie communale,30.0,1
202400054326,2024-11-30,matin,,,75,75117,1,1,3,4,4,Voie communale,30.0,1
202400054327,2024-10-24,après-midi,,,93,93029,1,1,3,4,4,Voie communale,50.0,1
202400054328,2024-07-10,après-midi,,,06,06088,1,1,6,3,4,Voie communale,50.0,1
202400054329,2024-09-19,matin,,,62,62528,3,1,7,3,3,Départementale,70.0,1
202400054330,2024-06-07,après-midi,,,27,27378,1,1,2,3,2,Nationale,80.0,1
202400054331,2024-07-09,après-midi,,,06,06088,1,1,7,3,4,Voie communale,10.0,1
202400054332,2024-09-18,soirée,,,61,61169,3,1,3,4,3,Départementale,80.0,1
202400054333,2024-11-30,matin,,,75,75116,2,1,2,4,4,Voie communale,50.0,1
202400054334,2024-10-24,soirée,,,93,93005,1,1,6,4,3,Départementale,50.0,1
202400054335,2024-06-08,nuit,,,01,01274,3,1,6,4,1,Autoroute,110.0,1
202400054336,2024-05-02,soirée,,,72,72378,1,1,3,4,3,Départementale,80.0,1
202400054337,2024-09-18,après-midi,,,61,61001,1,1,7,4,3,Départementale,50.0,1
202400054338,2024-07-08,après-midi,,,06,06029,1,1,3,4,4,Voie communale,50.0,1
202400054339,2024-06-08,après-midi,,,91,91045,1,1,6,2,3,Départementale,50.0,1
202400054340,2024-09-19,soirée,,,59,59521,1,1,1,4,3,Départementale,80.0,1
202400054341,2024-11-30,nuit,,,75,75116,5,1,2,4,4,Voie communale,30.0,1
202400054342,2024-07-10,soirée,,,75,75114,1,1,2,4,4,Voie communale,70.0,1
202400054343,2024-10-24,matin,,,93,93001,1,1,3,4,4,Voie communale,50.0,1
202400054344,2024-05-03,nuit,,,53,53101,3,1,7,3,2,Nationale,90.0,1
202400054345,2024-06-07,après-midi,,,49,49129,1,1,2,3,1,Autoroute,90.0,1
202400054346,2024-11-30,soirée,,,75,75115,5,1,1,4,4,Voie communale,30.0,1
202400054347,2024-09-18,nuit,,,57,57221,5,1,1,2,4,Voie communale,50.0,1
202400054348,2024-06-09,après-midi,,,13,13032,1,1,7,4,3,Départementale,80.0,1
202400054349,2024-07-09,nuit,,,75,75118,5,1,5,4,4,Voie communale,70.0,1
202400054350,2024-10-24,matin,,,47,47069,2,1,3,3,3,Départementale,50.0,1
202400054351,2024-11-30,matin,,,75,75114,1,1,3,4,4,Voie communale,50.0,1
202400054352,2024-09-18,soirée,,,56,56121,1,1,2,4,4,Voie communale,30.0,1
202400054353,2024-06-09,nuit,,,34,34294,3,1,4,4,1,Autoroute,130.0,1
202400054354,2024-07-10,après-midi,,,75,75119,1,1,6,4,4,Voie communale,30.0,1
202400054355,2024-11-30,matin,,,75,75112,1,1,6,4,4,Voie communale,50.0,1
202400054356,2024-06-09,après-midi,,,60,60142,1,1,7,4,3,Départementale,50.0,1
202400054357,2024-10-24,après-midi,,,39,39126,1,1,5,3,2,Nationale,,1
202400054358,2024-07-10,matin,,,75,75119,1,1,1,4,4,Voie communale,50.0,1
202400054359,2024-11-30,après-midi,,,75,75110,1,1,3,4,4,Voie communale,30.0,1
202400054360,2024-09-18,après-midi,,,51,51454,1,1,4,4,4,Voie communale,50.0,1
202400054361,2024-06-08,après-midi,,,974,97408,1,1,4,3,3,Départementale,50.0,1
202400054362,2024-07-10,matin,,,75,75119,1,1,3,4,4,Voie communale,30.0,1
202400054363,2024-10-24,après-midi,,,51,51496,1,1,3,3,3,Départementale,80.0,1
202400054364,2024-11-30,matin,,,75,75107,1,1,6,4,4,Voie communale,30.0,1
202400054365,2024-06-08,soirée,,,28,28247,1,1,2,4,3,Départementale,80.0,1
202400054366,2024-10-25,nuit,,,38,38378,3,1,6,2,3,Départementale,80.0,1
202400054367,2024-07-10,nuit,,,75,75119,5,2,6,4,4,Voie communale,30.0,2
202400054368,2024-11-30,nuit,,,75,75103,5,1,2,4,4,Voie communale,30.0,1
202400054369,2024-10-23,après-midi,,,17,17296,1,1,7,3,3,Départementale,80.0,1
202400054370,2024-07-09,soirée,,,75,75116,1,1,3,4,4,Voie communale,30.0,1
202400054371,2024-06-08,après-midi,,,77,77534,1,1,5,4,3,Départementale,90.0,1
202400054372,2024-10-25,matin,,,49,49381,1,1,2,3,3,Départementale,50.0,2
202400054373,2024-06-09,matin,,,11,11361,1,2,6,3,4,Voie communale,50.0,2
202400054374,2024-11-29,nuit,,,94,94077,5,1,3,4,3,Départementale,50.0,1
202400054375,2024-07-10,nuit,,,75,75115,5,1,3,4,4,Voie communale,30.0,1
202400054376,2024-10-24,après-midi,,,23,23001,1,7,1,3,3,Départementale,90.0,1
202400054377,2024-06-08,matin,,,84,84105,1,1,6,3,3,Départementale,80.0,1
202400054378,2024-11-30,matin,,,93,93071,1,1,6,4,4,Voie communale,50.0,1
202400054379,2024-07-10,soirée,,,75,75114,1,1,6,4,4,Voie communale,30.0,1
202400054380,2024-11-29,nuit,,,93,93046,5,1,6,4,4,Voie communale,50.0,1
202400054381,2024-06-09,nuit,,,83,83068,5,1,1,3,3,Départementale,70.0,1
202400054382,2024-10-25,après-midi,,,63,63001,1,1,1,3,3,Départementale,90.0,1
202400054383,2024-11-30,nuit,,,93,93006,5,1,6,4,3,Départementale,30.0,1
202400054384,2024-07-10,matin,,,75,75112,1,1,3,4,4,Voie communale,50.0,1
202400054385,2024-07-10,soirée,,,75,75111,1,1,1,4,4,Voie communale,30.0,1
202400054386,2024-10-24,soirée,,,63,63240,1,1,3,4,3,Départementale,70.0,1
202400054387,2024-11-30,soirée,,,93,93031,5,1,3,4,3,Départementale,50.0,1
202400054388,2024-07-10,nuit,,,75,75108,5,1,2,3,4,Voie communale,50.0,1
202400054389,2024-11-30,soirée,,,93,93027,5,1,6,4,3,Départementale,50.0,1
202400054390,2024-10-24,soirée,,,76,76404,3,1,4,3,3,Départementale,80.0,1
202400054391,2024-07-10,nuit,,,94,94080,5,2,2,3,3,Départementale,50.0,2
202400054392,2024-11-30,après-midi,,,93,93010,1,1,6,3,4,Voie communale,30.0,1
202400054393,2024-07-09,soirée,,,94,94080,1,1,3,4,3,Départementale,50.0,1
202400054394,2024-07-10,après-midi,,,94,94003,1,1,3,4,4,Voie communale,30.0,1
202400054395,2024-07-10,matin,,,94,94073,1,1,2,4,3,Départementale,50.0,1
202400054396,2024-11-30,matin,,,92,92022,1,1,3,4,3,Départementale,50.0,1
202400054397,2024-10-16,après-midi,,,54,54514,1,1,5,4,3,Départementale,80.0,1
202400054398,2024-07-10,nuit,,,94,94065,5,2,6,4,3,Départementale,50.0,2
202400054399,2024-11-30,après-midi,,,92,92062,1,1,6,4,3,Départementale,30.0,1
202400054400,2024-10-24,soirée,,,29,29068,3,1,1,3,2,Nationale,110.0,1
202400054401,2024-11-30,après-midi,,,92,92012,1,1,3,4,3,Départementale,50.0,1
202400054402,2024-07-10,matin,,,94,94028,1,1,4,4,3,Départementale,50.0,1